type,value,source,threat_type,tags,first_seen,last_seen,confidence
domain,3dprintorel.co.il,threatfox,Unknown Loader,"threatfox,etherhiding",2026-10-04 16:06:00,2026-10-04 16:38:25,85
domain,absubscriptions.com,threatfox,Unknown Loader,"threatfox,etherhiding",2026-10-04 16:06:00,2026-10-04 16:38:25,85
domain,alexandramurphyhht.foundation,threatfox,ClearFake,"threatfox,compromised,EtherHide",2026-10-04 16:06:00,2026-10-04 16:38:25,85
domain,amydark.workers.dev,threatfox,php.shin_webshell,"threatfox,Cloudflare,GIF,PHP,webshell,WordPress,workers.dev,wp-admin",2026-10-04 16:06:00,2026-10-04 16:38:25,85
domain,apsemedia.com,threatfox,Unknown Loader,"threatfox,etherhiding",2026-10-04 16:06:00,2026-10-04 16:38:25,85
domain,aurasereine.cyou,threatfox,Unknown malware,"threatfox,ClickFix,compromised",2026-10-04 16:06:00,2026-10-04 16:38:25,85
domain,azetti.com,threatfox,Unknown Loader,"threatfox,etherhiding",2026-10-04 16:06:00,2026-10-04 16:38:25,85
domain,azulinvestsa.com,threatfox,ClearFake,"threatfox,compromised,EtherHide",2026-10-04 16:06:00,2026-10-04 16:38:25,85
domain,baggerflag.com,threatfox,ClearFake,"threatfox,compromised,EtherHide",2026-10-04 16:06:00,2026-10-04 16:38:25,85
domain,barranortehotel.com,threatfox,Unknown Loader,"threatfox,etherhiding",2026-10-04 16:06:00,2026-10-04 16:38:25,85
domain,baydrivingschool.com.au,threatfox,Unknown Loader,"threatfox,etherhiding",2026-10-04 16:06:00,2026-10-04 16:38:25,85
domain,bestonlinecasinosaus.com,threatfox,ClearFake,"threatfox,compromised,EtherHide",2026-10-04 16:06:00,2026-10-04 16:38:25,85
domain,brightsidekosmaj.com,threatfox,Amatera,"threatfox,etherhiding,nochain",2026-10-04 16:06:00,2026-10-04 16:38:25,85
domain,cabinetcmc.com,threatfox,Unknown Loader,"threatfox,etherhiding",2026-10-04 16:06:00,2026-10-04 16:38:25,85
domain,caltutoring.com,threatfox,ClearFake,"threatfox,compromised,EtherHide",2026-10-04 16:06:00,2026-10-04 16:38:25,85
domain,capsulehouseindia.com,threatfox,Unknown Loader,"threatfox,etherhiding",2026-10-04 16:06:00,2026-10-04 16:38:25,85
domain,charteredbuilder.associates,threatfox,Unknown Loader,"threatfox,etherhiding",2026-10-04 16:06:00,2026-10-04 16:38:25,85
domain,crielo.com.br,threatfox,Unknown Loader,"threatfox,etherhiding",2026-10-04 16:06:00,2026-10-04 16:38:25,85
domain,cruu6ax4.thelogicofmoney.com,threatfox,ClearFake,"threatfox,ClearFake,mac-0xdcf2,macos",2026-10-04 16:06:00,2026-10-04 16:38:25,85
domain,dynoxsupport.com,threatfox,ClearFake,"threatfox,compromised,EtherHide",2026-10-04 16:06:00,2026-10-04 16:38:25,85
domain,elyomiel.fr,threatfox,Unknown Loader,"threatfox,etherhiding",2026-10-04 16:06:00,2026-10-04 16:38:25,85
domain,eo0eq5ok.truenarrator.com,threatfox,ClearFake,"threatfox,ClearFake,mac-0xdcf2,macos",2026-10-04 16:06:00,2026-10-04 16:38:25,85
domain,fullpowerproperties.uk,threatfox,ClearFake,"threatfox,compromised,EtherHide",2026-10-04 16:06:00,2026-10-04 16:38:25,85
domain,goldrabprotect.cc,threatfox,Unknown malware,"threatfox,ZigClipper",2026-10-04 16:06:00,2026-10-04 16:38:25,85
domain,graylisha.workers.dev,threatfox,php.shin_webshell,"threatfox,Cloudflare,GIF,PHP,webshell,WordPress,workers.dev,wp-admin",2026-10-04 16:06:00,2026-10-04 16:38:25,85
domain,greatgim.com,threatfox,ClearFake,"threatfox,compromised,EtherHide",2026-10-04 16:06:00,2026-10-04 16:38:25,85
domain,hipocash.com,threatfox,Unknown Loader,"threatfox,etherhiding",2026-10-04 16:06:00,2026-10-04 16:38:25,85
domain,horizon-city.com.vn,threatfox,Unknown Loader,"threatfox,etherhiding",2026-10-04 16:06:00,2026-10-04 16:38:25,85
domain,idcheckbrowese.codes,threatfox,IClickFix,"threatfox,ClickFix",2026-10-04 16:06:00,2026-10-04 16:38:25,85
domain,insight-labs.co.uk,threatfox,ClearFake,"threatfox,compromised,EtherHide",2026-10-04 16:06:00,2026-10-04 16:38:25,85
domain,institute.shubhvardan.com,threatfox,ClearFake,"threatfox,ClearFake,ClickFix,EtherHiding",2026-10-04 16:06:00,2026-10-04 16:38:25,85
domain,jwbouchard.com,threatfox,Unknown Loader,"threatfox,etherhiding",2026-10-04 16:06:00,2026-10-04 16:38:25,85
domain,jwekq68053.workers.dev,threatfox,php.shin_webshell,"threatfox,Cloudflare,GIF,PHP,webshell,WordPress,workers.dev,wp-admin",2026-10-04 16:06:00,2026-10-04 16:38:25,85
domain,k5ru6gee.pulsasoft.com,threatfox,ClearFake,"threatfox,ClearFake,mac-0x76c7,macos",2026-10-04 16:06:00,2026-10-04 16:38:25,85
domain,kh.333pwk.org,threatfox,Vidar,"threatfox,vidar",2026-10-04 16:06:00,2026-10-04 16:38:25,85
domain,kh.396zk.net,threatfox,Vidar,"threatfox,vidar",2026-10-04 16:06:00,2026-10-04 16:38:25,85
domain,kppropertiesltd.com,threatfox,ClearFake,"threatfox,compromised,EtherHide",2026-10-04 16:06:00,2026-10-04 16:38:25,85
domain,ladders.ae,threatfox,Unknown Loader,"threatfox,etherhiding",2026-10-04 16:06:00,2026-10-04 16:38:25,85
domain,lespetitslamas.ch,threatfox,ClearFake,"threatfox,compromised,EtherHide",2026-10-04 16:06:00,2026-10-04 16:38:25,85
domain,lihowihy.workers.dev,threatfox,php.shin_webshell,"threatfox,Cloudflare,GIF,PHP,webshell,WordPress,workers.dev,wp-admin",2026-10-04 16:06:00,2026-10-04 16:38:25,85
domain,luxaudio.com.au,threatfox,Amatera,"threatfox,etherhiding,nochain",2026-10-04 16:06:00,2026-10-04 16:38:25,85
domain,masjid.digital,threatfox,Unknown Loader,"threatfox,etherhiding",2026-10-04 16:06:00,2026-10-04 16:38:25,85
domain,masterxinyuan.com,threatfox,Unknown Loader,"threatfox,etherhiding",2026-10-04 16:06:00,2026-10-04 16:38:25,85
domain,monaxiscloud.com,threatfox,ClearFake,"threatfox,compromised,EtherHide",2026-10-04 16:06:00,2026-10-04 16:38:25,85
domain,multiassists.com,threatfox,Unknown Loader,"threatfox,etherhiding",2026-10-04 16:06:00,2026-10-04 16:38:25,85
domain,noon.cafemartinezsa.com,threatfox,ClearFake,"threatfox,ClearFake,ClickFix,ErrTraffic,EtherHiding",2026-10-04 16:06:00,2026-10-04 16:38:25,85
domain,nyxafini.workers.dev,threatfox,php.shin_webshell,"threatfox,Cloudflare,GIF,PHP,webshell,WordPress,workers.dev,wp-admin",2026-10-04 16:06:00,2026-10-04 16:38:25,85
domain,owxlh79562.workers.dev,threatfox,php.shin_webshell,"threatfox,Cloudflare,GIF,PHP,webshell,WordPress,workers.dev,wp-admin",2026-10-04 16:06:00,2026-10-04 16:38:25,85
domain,pariku.workers.dev,threatfox,php.shin_webshell,"threatfox,Cloudflare,GIF,PHP,webshell,WordPress,workers.dev,wp-admin",2026-10-04 16:06:00,2026-10-04 16:38:25,85
domain,petroazaran.com,threatfox,ClearFake,"threatfox,compromised,EtherHide",2026-10-04 16:06:00,2026-10-04 16:38:25,85
domain,pianetabrick.it,threatfox,Unknown Loader,"threatfox,etherhiding",2026-10-04 16:06:00,2026-10-04 16:38:25,85
domain,portalrioeste.com.br,threatfox,Unknown Loader,"threatfox,etherhiding",2026-10-04 16:06:00,2026-10-04 16:38:25,85
domain,powerrims.com,threatfox,ClearFake,"threatfox,compromised,EtherHide",2026-10-04 16:06:00,2026-10-04 16:38:25,85
domain,primexjunkremoval.com,threatfox,ClearFake,"threatfox,compromised,EtherHide",2026-10-04 16:06:00,2026-10-04 16:38:25,85
domain,pulsasoft.com,threatfox,ClearFake,"threatfox,ClearFake",2026-10-04 16:06:00,2026-10-04 16:38:25,85
domain,pureglam.sk,threatfox,Unknown Loader,"threatfox,etherhiding",2026-10-04 16:06:00,2026-10-04 16:38:25,85
domain,readytransfercagliari.com,threatfox,Unknown Loader,"threatfox,etherhiding",2026-10-04 16:06:00,2026-10-04 16:38:25,85
domain,silostrading.com,threatfox,ClearFake,"threatfox,compromised,EtherHide",2026-10-04 16:06:00,2026-10-04 16:38:25,85
domain,slentnaearamisty.pro,threatfox,Unknown malware,"threatfox,ClickFix",2026-10-04 16:06:00,2026-10-04 16:38:25,85
domain,squarerealty.in,threatfox,ClearFake,"threatfox,compromised,EtherHide",2026-10-04 16:06:00,2026-10-04 16:38:25,85
domain,sudburyplumber.co.uk,threatfox,ClearFake,"threatfox,compromised,EtherHide",2026-10-04 16:06:00,2026-10-04 16:38:25,85
domain,theherbalvibe.com,threatfox,Unknown Loader,"threatfox,etherhiding",2026-10-04 16:06:00,2026-10-04 16:38:25,85
domain,thejoeluft.com,threatfox,ClearFake,"threatfox,compromised,EtherHide",2026-10-04 16:06:00,2026-10-04 16:38:25,85
domain,tiecbuigia.vn,threatfox,Amatera,"threatfox,etherhiding,nochain",2026-10-04 16:06:00,2026-10-04 16:38:25,85
domain,tntappco.com,threatfox,Unknown Loader,"threatfox,etherhiding",2026-10-04 16:06:00,2026-10-04 16:38:25,85
domain,tok-tas.de,threatfox,ClearFake,"threatfox,compromised,EtherHide",2026-10-04 16:06:00,2026-10-04 16:38:25,85
domain,vatervit.com,threatfox,Unknown Loader,"threatfox,etherhiding",2026-10-04 16:06:00,2026-10-04 16:38:25,85
domain,velouri.com,threatfox,ClearFake,"threatfox,compromised,EtherHide",2026-10-04 16:06:00,2026-10-04 16:38:25,85
domain,vsbet-official.com,threatfox,AsyncRAT,"threatfox,asyncrat",2026-10-04 16:06:00,2026-10-04 16:38:25,85
domain,w-roz.com,threatfox,Unknown Loader,"threatfox,etherhiding",2026-10-04 16:06:00,2026-10-04 16:38:25,85
domain,wdbtrust.org.za,threatfox,Unknown Loader,"threatfox,etherhiding",2026-10-04 16:06:00,2026-10-04 16:38:25,85
domain,wellnessrechargecenter.com,threatfox,Unknown Loader,"threatfox,etherhiding",2026-10-04 16:06:00,2026-10-04 16:38:25,85
domain,westscope.agency,threatfox,Unknown Loader,"threatfox,etherhiding",2026-10-04 16:06:00,2026-10-04 16:38:25,85
domain,www.1877cartitleloans.net,threatfox,ClearFake,"threatfox,compromised,EtherHide",2026-10-04 16:06:00,2026-10-04 16:38:25,85
domain,www.cool-things.org,threatfox,ClearFake,"threatfox,compromised,EtherHide",2026-10-04 16:06:00,2026-10-04 16:38:25,85
domain,www.enersis.mx,threatfox,ClearFake,"threatfox,compromised,EtherHide",2026-10-04 16:06:00,2026-10-04 16:38:25,85
domain,www.marionalberge.com,threatfox,Amatera,"threatfox,etherhiding,nochain",2026-10-04 16:06:00,2026-10-04 16:38:25,85
domain,www.quantica.pro,threatfox,ClearFake,"threatfox,compromised,EtherHide",2026-10-04 16:06:00,2026-10-04 16:38:25,85
domain,www.riyadhcleaning.org,threatfox,ClearFake,"threatfox,compromised,EtherHide",2026-10-04 16:06:00,2026-10-04 16:38:25,85
domain,www.victoryanera.com,threatfox,ClearFake,"threatfox,compromised,EtherHide",2026-10-04 16:06:00,2026-10-04 16:38:25,85
domain,xosyhizi.workers.dev,threatfox,php.shin_webshell,"threatfox,Cloudflare,GIF,PHP,webshell,WordPress,workers.dev,wp-admin",2026-10-04 16:06:00,2026-10-04 16:38:25,85
hash_sha256,00f60da6b04c8c520157d51e48d30dec9dbb17c72849e42ba50a2087c0167057,threatfox,Mirai,"threatfox,elf,exe,Mirai,upx",2026-10-04 16:06:00,2026-10-04 16:38:25,85
hash_sha256,0138f636b828c12069afeae4e2ad42d3db6c503ea592bde6a8d71e99f3797e53,threatfox,Mirai,"threatfox,elf,exe,Mirai,upx",2026-10-04 16:06:00,2026-10-04 16:38:25,85
hash_sha256,0175cc4595194d7be09f80df0a202a78706127cd8046596323ff95505615eac3,threatfox,Mirai,"threatfox,elf,Mirai,upx",2026-10-04 16:06:00,2026-10-04 16:38:25,85
hash_sha256,017c556340931f6dd7fe11b434b5b1bcabde5438ad4990dbe4c060092a7ae5da,threatfox,Mirai,"threatfox,elf,Mirai",2026-10-04 16:06:00,2026-10-04 16:38:25,85
hash_sha256,019d8c23df11ffa6e0bc810f6b3363199b8b751f07898fc9b564a64dd6d2e8cd,threatfox,AMOS,"threatfox,AMOS,ClickFix,Foxveil,macOS,stratos",2026-10-04 16:06:00,2026-10-04 16:38:25,85
hash_sha256,04c01403ad7475b62702df25481eca153516ea44220edf862e52146498d1d631,threatfox,Mirai,"threatfox,elf,Mirai,upx",2026-10-04 16:06:00,2026-10-04 16:38:25,85
hash_sha256,04ff798dfaf66c3448151c42fc8d1b81ca586a1443b4ddba9c2b939f0b716869,threatfox,Mirai,"threatfox,elf,exe,Mirai",2026-10-04 16:06:00,2026-10-04 16:38:25,85
hash_sha256,06ec1c4c158b48d9a3beb1f7ad64017c7da5a6892f9729ebe490d71cbc621ad3,threatfox,Mirai,"threatfox,elf,Mirai",2026-10-04 16:06:00,2026-10-04 16:38:25,85
hash_sha256,073d66a89b4d983347c878d55d83b38ef5e990e8c091c7386d78b4629ce4ec08,threatfox,Mirai,"threatfox,elf,Mirai,upx",2026-10-04 16:06:00,2026-10-04 16:38:25,85
hash_sha256,07ad858076dfac1967b2f7ec8112a434c73e5f510b71cdf4c6786f4d0c6dd430,threatfox,Mirai,"threatfox,elf,Mirai",2026-10-04 16:06:00,2026-10-04 16:38:25,85
hash_sha256,07fc2e0cdebffaa01fb8bdccdb16e89db4653b6d0bfa56d182c31e0ceff82282,threatfox,Unknown malware,"threatfox,cowrie,elf,ssh-honeypot",2026-10-04 16:06:00,2026-10-04 16:38:25,85
hash_sha256,085d8649a99e636ae9fc5ed6cc425fb436c1eadb8925292b9e3802d69c6a33b8,threatfox,Mirai,"threatfox,elf,Mirai",2026-10-04 16:06:00,2026-10-04 16:38:25,85
hash_sha256,08f4d444d51993a92e374193007440da52d5e9b375f7ad02fdaae7706280c1b1,threatfox,Mirai,"threatfox,elf,Mirai",2026-10-04 16:06:00,2026-10-04 16:38:25,85
hash_sha256,09bcada47a24b97c59c66ab1525a4c966ab4170619447d6d3d36a25f7595312d,threatfox,Formbook,"threatfox,Formbook,powershell,ps1",2026-10-04 16:06:00,2026-10-04 16:38:25,85
hash_sha256,0a2fd2aed1ecb5d674e07d6a48b474c4f85cf4184462777266b9c28d53f437a4,threatfox,Mirai,"threatfox,elf,Mirai",2026-10-04 16:06:00,2026-10-04 16:38:25,85
hash_sha256,0a6dcc49c0ce6535d54f3ae2f0f079d33d294090236585885c792f3b1a2ca5bc,threatfox,Mirai,"threatfox,elf,Mirai,upx",2026-10-04 16:06:00,2026-10-04 16:38:25,85
hash_sha256,0b67c3522c0526ba88176fdbe49edc4540343fc1757f30701972935dfbcb4358,threatfox,Mirai,"threatfox,elf,Gafgyt,Mirai",2026-10-04 16:06:00,2026-10-04 16:38:25,85
hash_sha256,0c8fd35d70dc5e0168927bbbb5b99eb333739cfcf6944a09c0d1af3808209a46,threatfox,Mirai,"threatfox,elf,Mirai,upx",2026-10-04 16:06:00,2026-10-04 16:38:25,85
hash_sha256,0d341e396719c3729f881b533c3d4e8b089a83e5379160b317c530d6d7a27661,threatfox,Mirai,"threatfox,elf,Mirai",2026-10-04 16:06:00,2026-10-04 16:38:25,85
hash_sha256,0dddc309b0d30ccc26cc52c0dbda60ea3e447c07a9261c561c0cfe40ebc2f928,threatfox,Mirai,"threatfox,elf,Mirai,upx",2026-10-04 16:06:00,2026-10-04 16:38:25,85
hash_sha256,0e0171aaf202839713de35fb3a44edcf516c67b4eef22152ead6dbfb43a797ec,threatfox,Mirai,"threatfox,elf,Mirai",2026-10-04 16:06:00,2026-10-04 16:38:25,85
hash_sha256,12415f13ab77ac7f0c816f7fcb3b5fda0b6787d132e3e0b689948e25f6409b8d,threatfox,Mirai,"threatfox,elf,Mirai",2026-10-04 16:06:00,2026-10-04 16:38:25,85
hash_sha256,1491f7d136cc07fe8318b41b04a9f4c69308e6a4982c28978b03c2f6360e76c0,threatfox,Mirai,"threatfox,elf,Mirai",2026-10-04 16:06:00,2026-10-04 16:38:25,85
hash_sha256,15c488a330362ce5dd621b40a057f8ee98d9f1a962e3f440acec53e34874dbeb,threatfox,Mirai,"threatfox,elf,Mirai",2026-10-04 16:06:00,2026-10-04 16:38:25,85
hash_sha256,15db040977f7b4f7c35c50a038e1de70189bb888e121644f9b3d7b63da6bf152,threatfox,Mirai,"threatfox,elf,exe,Mirai",2026-10-04 16:06:00,2026-10-04 16:38:25,85
hash_sha256,172a1ed27fd5acad8699a05faecd862b10b01997eeae5fde960a6019d3145273,threatfox,Mirai,"threatfox,elf,exe,Mirai",2026-10-04 16:06:00,2026-10-04 16:38:25,85
hash_sha256,187c28cd5b90edf38f4d602e87970f5ba1251983b2995d0f01a5b73feabb975a,threatfox,Mirai,"threatfox,elf,Mirai",2026-10-04 16:06:00,2026-10-04 16:38:25,85
hash_sha256,18d17f16c0b14cfe35c4d8073169a0fa4fe1dc3c9e55226dc7295cab38e223d9,threatfox,Mirai,"threatfox,elf,Mirai",2026-10-04 16:06:00,2026-10-04 16:38:25,85
hash_sha256,196a0bc458489424c912c8aef3d8d7b8c661d42bee6732ad300cef5dd59f0f3e,threatfox,Mirai,"threatfox,elf,Mirai,upx",2026-10-04 16:06:00,2026-10-04 16:38:25,85
hash_sha256,19754734aa0efb895d329cc9de17db37c966298926c7ecb3f621ec7e04bf8ea6,threatfox,AMOS,"threatfox,AMOS,ClickFix,Foxveil,macOS,stratos",2026-10-04 16:06:00,2026-10-04 16:38:25,85
hash_sha256,1a1c4f3e11fb296e0431e5603f3a0852cab06155814c67d453601ec851228e2b,threatfox,Mirai,"threatfox,elf,Mirai",2026-10-04 16:06:00,2026-10-04 16:38:25,85
hash_sha256,1a3e7e8735b3b1f2088a0cccd3027cfc439327b358a1ea4096f69ead290c6876,threatfox,Mirai,"threatfox,elf,Mirai",2026-10-04 16:06:00,2026-10-04 16:38:25,85
hash_sha256,1a5c465608ecd6e570c48d6c9ac28dc34d9973b734e0027d46dadf9d3e21033e,threatfox,AMOS,"threatfox,AMOS,ClickFix,Foxveil,macOS,stratos",2026-10-04 16:06:00,2026-10-04 16:38:25,85
hash_sha256,1c1f3997a9df6206fcf39949fb719b46a06497f7ef633c16075622e9c92acd0a,threatfox,Mirai,"threatfox,elf,Mirai",2026-10-04 16:06:00,2026-10-04 16:38:25,85
hash_sha256,1c3f7b86185b53c8b1e47d8afc641ff3cb87f7bc2221c84a69ef88ddec08a877,threatfox,Mirai,"threatfox,elf,Mirai",2026-10-04 16:06:00,2026-10-04 16:38:25,85
hash_sha256,1c901701ce83b6eac3570ec169d85ae3334df1e4878b359040e1cd9987e2fb68,threatfox,Mirai,"threatfox,elf,Mirai",2026-10-04 16:06:00,2026-10-04 16:38:25,85
hash_sha256,1c928fd14ecfcf279602e3b886accfea47f46c07c1d3c6279c1f25818cf15060,threatfox,Mirai,"threatfox,elf,Mirai",2026-10-04 16:06:00,2026-10-04 16:38:25,85
hash_sha256,1d7e469a4494ab9c219b568a2630087f65838b7e0b03cd4e93cac2d6ef1d0a28,threatfox,Mirai,"threatfox,elf,Mirai,upx",2026-10-04 16:06:00,2026-10-04 16:38:25,85
hash_sha256,1d9bc61a14f8a2592b93d699e19556dc8ce064e822814892b0e805656315119d,threatfox,Mirai,"threatfox,elf,exe,Mirai,upx",2026-10-04 16:06:00,2026-10-04 16:38:25,85
hash_sha256,1dfa69826e4ac3ec19da8e653ea207232e2814029d7ed6699ee3aeb28998216a,threatfox,SNOWLIGHT,"threatfox,elf,SNOWLIGHT",2026-10-04 16:06:00,2026-10-04 16:38:25,85
hash_sha256,1e9f8f2dc2abd5e4d7b243d249235da87d5c676ab22160b54681ae0414242815,threatfox,AMOS,"threatfox,AMOS,ClickFix,Foxveil,macOS,quill",2026-10-04 16:06:00,2026-10-04 16:38:25,85
hash_sha256,1f148efa8eefb472fd72af647395dd8a70cae524c34bff56be9151b9b2aabf87,threatfox,Mirai,"threatfox,elf,Mirai",2026-10-04 16:06:00,2026-10-04 16:38:25,85
hash_sha256,217e00b0678a790d5cea561e302d14be50dfe2a3ac8b69db6bef2af4236d8afb,threatfox,Mirai,"threatfox,elf,Mirai",2026-10-04 16:06:00,2026-10-04 16:38:25,85
hash_sha256,21908cd9b2741237f34532d95b5ec0acf19d1b9f805955c08966682718998c18,threatfox,Mirai,"threatfox,elf,Mirai",2026-10-04 16:06:00,2026-10-04 16:38:25,85
hash_sha256,22dda87204c5fc4d5aaf7f82342e563d95dce2db70af57d996234944f953ab56,threatfox,Mirai,"threatfox,elf,Mirai",2026-10-04 16:06:00,2026-10-04 16:38:25,85
hash_sha256,23f394b8f6cdbf343b0b2989634ccfd65d3ee2d0c08d44291ba2b454d6a5cf67,threatfox,MooBot,"threatfox,elf,MooBot",2026-10-04 16:06:00,2026-10-04 16:38:25,85
hash_sha256,247af87d71b9a8fdd46816a8e5e78107c6bd075df4c173e8cf6214310a7af8e6,threatfox,Mirai,"threatfox,elf,exe,Mirai",2026-10-04 16:06:00,2026-10-04 16:38:25,85
hash_sha256,24874cc2145f8cb88952424d857387e09ad2ee360fc99d7e90da4d966d6155c2,threatfox,Mirai,"threatfox,elf,Mirai",2026-10-04 16:06:00,2026-10-04 16:38:25,85
hash_sha256,249641d7253dd3f1529e66203561c2db6045de7644fb67080f6edb2dc2d31012,threatfox,Mirai,"threatfox,elf,Mirai",2026-10-04 16:06:00,2026-10-04 16:38:25,85
hash_sha256,255c60e601b638d0a836c44fdadcf86544cc06ab0cd96f0bfd8d35ec9665524e,threatfox,Mirai,"threatfox,elf,Mirai",2026-10-04 16:06:00,2026-10-04 16:38:25,85
hash_sha256,259669c71b188691d697b453c1bb793ec36922a22296248c95973ede2be474d7,threatfox,Mirai,"threatfox,elf,Mirai",2026-10-04 16:06:00,2026-10-04 16:38:25,85
hash_sha256,271a32a5c821fa28ccb19dc7042c0cee51bdc10201d291eb6c1b1d9d267b29b6,threatfox,AMOS,"threatfox,AMOS,ClickFix,Foxveil,macOS,stratos",2026-10-04 16:06:00,2026-10-04 16:38:25,85
hash_sha256,276b9063aa94145ff3ffc85d0774827b281c0e2171c9897b841a1aa4aa13e95b,threatfox,Mirai,"threatfox,elf,Mirai,upx",2026-10-04 16:06:00,2026-10-04 16:38:25,85
hash_sha256,27925acc949c5780a3272f3b96f9bacf2347aed5711ed774aa43dfcdd7aa9f88,threatfox,Mirai,"threatfox,elf,Mirai",2026-10-04 16:06:00,2026-10-04 16:38:25,85
hash_sha256,27d5eba8a5c023a6fecaeb6ec905c99fc0f0a305c52e2f977cf04127c2a09d71,threatfox,Mirai,"threatfox,elf,Mirai",2026-10-04 16:06:00,2026-10-04 16:38:25,85
hash_sha256,280aae753e6d5251c88cb62dd54ad5eb00bb66a230dec543ee5f652a96019030,threatfox,Mirai,"threatfox,elf,Mirai,upx",2026-10-04 16:06:00,2026-10-04 16:38:25,85
hash_sha256,287329d31ecd505592fbe2c3ef579d22886ea780b8b3ff567b51ae158048e080,threatfox,Mirai,"threatfox,elf,Mirai",2026-10-04 16:06:00,2026-10-04 16:38:25,85
hash_sha256,29089597dd4c427c6c77b85c3091f92af1e5ba4e70a0251ba08e39cb1cd66923,threatfox,Mirai,"threatfox,elf,Mirai,upx",2026-10-04 16:06:00,2026-10-04 16:38:25,85
hash_sha256,2926f6b7f7b75ad404d564961f5061af5335c6a96838793d9f1c92a4fb0cbd49,threatfox,Mirai,"threatfox,elf,Mirai,upx",2026-10-04 16:06:00,2026-10-04 16:38:25,85
hash_sha256,2aabae20e3321ad0e102a7a3fcf546115a310710110712dad7b43127fa0eb6b0,threatfox,Mirai,"threatfox,elf,Mirai",2026-10-04 16:06:00,2026-10-04 16:38:25,85
hash_sha256,2b4b04b3aa72ce9fe2432a4a8c6eb9a2858afd5e6402c39ed1332b9e0cb68dfc,threatfox,Mirai,"threatfox,elf,exe,Mirai",2026-10-04 16:06:00,2026-10-04 16:38:25,85
hash_sha256,2c09b5e6aa3356df4cfb3ee88d553d9cba8b06ca9eb78e4b6a0445bef3cdff08,threatfox,Mirai,"threatfox,elf,exe,Mirai",2026-10-04 16:06:00,2026-10-04 16:38:25,85
hash_sha256,2d1d15d9b95d9a0b1be2ab8123b42c574d608d33889ce0ea66ae58f85343292a,threatfox,Mirai,"threatfox,elf,Mirai,upx",2026-10-04 16:06:00,2026-10-04 16:38:25,85
hash_sha256,2d35e56e6696dc96cdefe099424ef6432a145f8f7add13ddc0b866c5d8243efb,threatfox,Mirai,"threatfox,elf,exe,Mirai,upx",2026-10-04 16:06:00,2026-10-04 16:38:25,85
hash_sha256,2e7410c0c300b65720eb170d3e661faa0df52e5fd4d3309ff9bf9301a2cda679,threatfox,Mirai,"threatfox,elf,Mirai,upx",2026-10-04 16:06:00,2026-10-04 16:38:25,85
hash_sha256,30598f2fe2deb24248b8cc9c968c4bc0460339a8b630a371e432e75622d08666,threatfox,Mirai,"threatfox,elf,Mirai",2026-10-04 16:06:00,2026-10-04 16:38:25,85
hash_sha256,30b05a4e947962577c57a1d0cdceeb7c9fe0090b8ba6f733a9c410292d803689,threatfox,Mirai,"threatfox,elf,Mirai",2026-10-04 16:06:00,2026-10-04 16:38:25,85
hash_sha256,30c79610a4077aa8979a7035162f2c9d5485d07ecf17aea1cdc1da4f2a1295f4,threatfox,Mirai,"threatfox,elf,Mirai",2026-10-04 16:06:00,2026-10-04 16:38:25,85
hash_sha256,30fbfca5c205f6496891e7cb390c10fd7cf6518e593c31fbf24a31b775b64d87,threatfox,SNOWLIGHT,"threatfox,elf,SNOWLIGHT",2026-10-04 16:06:00,2026-10-04 16:38:25,85
hash_sha256,31160b1393a0860ccd5e1c1702bfbd15a5b495af8d368f9db65732cf162d8ab2,threatfox,Mirai,"threatfox,elf,Mirai,upx",2026-10-04 16:06:00,2026-10-04 16:38:25,85
hash_sha256,3135a764f60e78d64c9be122f041db5fdd0cb7253ad23c67b6896eef84ecf3c2,threatfox,Mirai,"threatfox,elf,Mirai",2026-10-04 16:06:00,2026-10-04 16:38:25,85
hash_sha256,3207102864582b541a347a125f4eef6655ddfd9e82c62dffe4b344967b756d48,threatfox,Mirai,"threatfox,elf,Mirai,upx",2026-10-04 16:06:00,2026-10-04 16:38:25,85
hash_sha256,327725c6e923a0565fbdfaa58c5fdfefae67f0e842078021bc2f4d394b3f730d,threatfox,Mirai,"threatfox,elf,Mirai",2026-10-04 16:06:00,2026-10-04 16:38:25,85
hash_sha256,32c44f326612aad02fc53493f988f122ca728cf1bf7123761206dd071d659bec,threatfox,Mirai,"threatfox,elf,Mirai,upx",2026-10-04 16:06:00,2026-10-04 16:38:25,85
hash_sha256,337a796be64286e16e31dde7b8ee48b2dba3f76314e017ae1c8a2be37bb36162,threatfox,Mirai,"threatfox,elf,Mirai",2026-10-04 16:06:00,2026-10-04 16:38:25,85
hash_sha256,347f42d0a4d83bd8580a729e0b1d2c65f54d06726907e46c24774bc229f5cf47,threatfox,Mirai,"threatfox,elf,Mirai",2026-10-04 16:06:00,2026-10-04 16:38:25,85
hash_sha256,34b164db13fc9ec00a1fcf9a142bec0346009041a939f75da21f7239ea49e76e,threatfox,SNOWLIGHT,"threatfox,elf,SNOWLIGHT",2026-10-04 16:06:00,2026-10-04 16:38:25,85
hash_sha256,34c917a284c6c118b54132c49c1cf7b40653c147ad74523c710c044f1f98d620,threatfox,Mirai,"threatfox,elf,Mirai",2026-10-04 16:06:00,2026-10-04 16:38:25,85
hash_sha256,34e511ff3dc026dd04f2de64e23ffd6f5fda98e3932770fce1894a6bfc6401c3,threatfox,Mirai,"threatfox,elf,Mirai,upx",2026-10-04 16:06:00,2026-10-04 16:38:25,85
hash_sha256,371764e598b0ad9edb0c0d126f107352aa82a2123fdee397b5f727581d1030aa,threatfox,Mirai,"threatfox,elf,Mirai",2026-10-04 16:06:00,2026-10-04 16:38:25,85
hash_sha256,37b38b9303be79f30f74f7c0247ab5c6850c5ce16c4740e6b8273d6cfd926200,threatfox,Mirai,"threatfox,elf,Mirai,upx",2026-10-04 16:06:00,2026-10-04 16:38:25,85
hash_sha256,37c316030e38433b67769524b5b65a77d13a949ce1326cfc358f8854e1ef7cea,threatfox,Mirai,"threatfox,elf,Mirai",2026-10-04 16:06:00,2026-10-04 16:38:25,85
hash_sha256,38091c12e82987345d0cbfb6c71b609356eddb2ad9db9f1a177c21ca415a98b1,threatfox,AMOS,"threatfox,AMOS,ClickFix,Foxveil,macOS,stratos",2026-10-04 16:06:00,2026-10-04 16:38:25,85
hash_sha256,39b2aec877858b40c4d3b6ec5eaf6ec94003d8940646cac9df097403b4197ca1,threatfox,Mirai,"threatfox,elf,Mirai",2026-10-04 16:06:00,2026-10-04 16:38:25,85
hash_sha256,39d16f7d08302fa1bccaf9ebb474115b22c531cb6975e2b416811ddcedde4a83,threatfox,Mirai,"threatfox,elf,Mirai",2026-10-04 16:06:00,2026-10-04 16:38:25,85
hash_sha256,3b596221b710c2a21dee0aa04076f35ee5be552051bbef48d1e3c66dbf57c2eb,threatfox,SNOWLIGHT,"threatfox,elf,SNOWLIGHT",2026-10-04 16:06:00,2026-10-04 16:38:25,85
hash_sha256,3d7c35780cb6d8be890b9a0f6937e905b2b1df229c7f4b6f0c65aab0d74ac992,threatfox,Mirai,"threatfox,elf,Mirai,upx",2026-10-04 16:06:00,2026-10-04 16:38:25,85
hash_sha256,3dc0efeaf17700be3cc94b762d377b31e94744ce67cfd3fb8c9e58c03c093fea,threatfox,Mirai,"threatfox,elf,exe,Mirai",2026-10-04 16:06:00,2026-10-04 16:38:25,85
hash_sha256,3e01ef59a397264100d31c65bbba9c4d4247ad19c7364d07031c2782ef772593,threatfox,Mirai,"threatfox,elf,Mirai",2026-10-04 16:06:00,2026-10-04 16:38:25,85
hash_sha256,3e1641122d009db660fbff4261cc7206890e12470f86dbec77ff8769514530aa,threatfox,SNOWLIGHT,"threatfox,elf,SNOWLIGHT",2026-10-04 16:06:00,2026-10-04 16:38:25,85
hash_sha256,3e4edea73034a6c38930330413d745cddc0c4c0bf206cb259bc4a827fd13d6d3,threatfox,Mirai,"threatfox,elf,Mirai",2026-10-04 16:06:00,2026-10-04 16:38:25,85
hash_sha256,3e6086ecc5b51610bf3ef3f61e9fb5bc931b7884b048d285198c5615bf706840,threatfox,Mirai,"threatfox,elf,Mirai,upx",2026-10-04 16:06:00,2026-10-04 16:38:25,85
hash_sha256,3eecac099baf249d268aead626022f0947a13231bdb8cdec5aa6f68b2c584a37,threatfox,Mirai,"threatfox,elf,exe,Mirai",2026-10-04 16:06:00,2026-10-04 16:38:25,85
hash_sha256,417ee3a3b38d2bd08d4c649bdd686f97a7125b3f2b3f6473befe8a5d258169f0,threatfox,Mirai,"threatfox,elf,exe,Mirai,upx",2026-10-04 16:06:00,2026-10-04 16:38:25,85
hash_sha256,41a15a35f0e522a085d5bfa387770fc4339a9f30f17bef03e03ca38e6893d45a,threatfox,Mirai,"threatfox,elf,Mirai,upx",2026-10-04 16:06:00,2026-10-04 16:38:25,85
hash_sha256,43172e45afb4cef97225b8ed783bd66bd7b06839c6fa95c957d248d67ca1725d,threatfox,Coinminer,"threatfox,Coinminer,sh",2026-10-04 16:06:00,2026-10-04 16:38:25,85
hash_sha256,44510b029aad386e9e159c084ad987920761584a07eecee965522f92f2a96582,threatfox,Mirai,"threatfox,elf,Mirai",2026-10-04 16:06:00,2026-10-04 16:38:25,85
hash_sha256,448b614b5b718aea2cce00db8f47681da8c5ad95ff1b8f0ec10a1ff91c760688,threatfox,Mirai,"threatfox,elf,Gafgyt,Mirai",2026-10-04 16:06:00,2026-10-04 16:38:25,85
hash_sha256,449155fa61f70f8b53873867339a66836cc455e77b20778f899dd14a2a8f6063,threatfox,Mirai,"threatfox,elf,exe,Mirai",2026-10-04 16:06:00,2026-10-04 16:38:25,85
hash_sha256,4564f18480dacc9a0e1d9f5c22a88987cb09cc4efc77b4ece17dd91af270ea5b,threatfox,Mirai,"threatfox,elf,Mirai",2026-10-04 16:06:00,2026-10-04 16:38:25,85
hash_sha256,46726bc3c76a572749eb883a736e6ba796df0b8a22bab3e27abc8f3f5dd42cbf,threatfox,Mirai,"threatfox,elf,exe,Mirai,upx",2026-10-04 16:06:00,2026-10-04 16:38:25,85
hash_sha256,4764f040fbd2f3538ed73c17db0383aacfff4e8f7d0b2fa7937065697df0ab2f,threatfox,Mirai,"threatfox,elf,Mirai",2026-10-04 16:06:00,2026-10-04 16:38:25,85
hash_sha256,47b73ec3c5ddab79d19431301aff1e214228d4eccab3cb81cc98a5bbadc31358,threatfox,Mirai,"threatfox,elf,exe,Mirai",2026-10-04 16:06:00,2026-10-04 16:38:25,85
hash_sha256,47f00527433abe430995b6e1a601d8712030d51d51997f914e309a6166a9c231,threatfox,Unknown malware,"threatfox,ClickFix,EtherHiding,IClickFix,persistence,Polygon",2026-10-04 16:06:00,2026-10-04 16:38:25,85
hash_sha256,4952f1ce99067f54637dd5c0e747f0a2fba572b24f4f4b301559a9d8d45f6b19,threatfox,Mirai,"threatfox,elf,exe,Mirai,upx",2026-10-04 16:06:00,2026-10-04 16:38:25,85
hash_sha256,4a9665680fe3a301eb6d2a0f63a3e4e7e656bb44380450cc24e0162fa5915211,threatfox,Mirai,"threatfox,elf,exe,Mirai",2026-10-04 16:06:00,2026-10-04 16:38:25,85
hash_sha256,4ba7a1e09e8d4dc9c9d45ab68ef7a6fb62543f8eca79767daae6ce258b249d4d,threatfox,Mirai,"threatfox,elf,Mirai",2026-10-04 16:06:00,2026-10-04 16:38:25,85
hash_sha256,4c8f70b1df9e1c2a3e126daf04ba2ee1ad1e4efed5fdfed79bc4cf68d12af2b2,threatfox,Coinminer,"threatfox,Coinminer,sh",2026-10-04 16:06:00,2026-10-04 16:38:25,85
hash_sha256,4cb25fb1bce51241bfcd010e5de22344572b2506f7a0ddd7f62eaeb38ba28218,threatfox,Mirai,"threatfox,elf,Mirai",2026-10-04 16:06:00,2026-10-04 16:38:25,85
hash_sha256,4ddd6278278d6fa066c7391a34222dbf1168b6884148feaabc5bd676c23a21e4,threatfox,Mirai,"threatfox,elf,Mirai,upx",2026-10-04 16:06:00,2026-10-04 16:38:25,85
hash_sha256,4eb097ae4491e52a6b133edcb33944724ad6fc0032238e2b1e0b540b5ccea0d5,threatfox,Mirai,"threatfox,elf,Gafgyt,Mirai",2026-10-04 16:06:00,2026-10-04 16:38:25,85
hash_sha256,4ecd5cddfe41bedd3aa4026140d74535e1c9534e32cb749515e54124c5e86828,threatfox,Mirai,"threatfox,elf,Mirai",2026-10-04 16:06:00,2026-10-04 16:38:25,85
hash_sha256,4f518fac9357de5b51c253a5bde076ede58e34f051f54d1f22375863f678c431,threatfox,Mirai,"threatfox,elf,Mirai",2026-10-04 16:06:00,2026-10-04 16:38:25,85
hash_sha256,4f6291cc107b56d6d2b859eb02a75f95222cef364a053e43ae91231a7c65ba9b,threatfox,Mirai,"threatfox,elf,Hajime,Mirai",2026-10-04 16:06:00,2026-10-04 16:38:25,85
hash_sha256,503d421623de1195e863a68ac33c58c02c04781d493288ee86e0e3d021dbb3c5,threatfox,Mirai,"threatfox,elf,exe,Mirai",2026-10-04 16:06:00,2026-10-04 16:38:25,85
hash_sha256,528778d697d92e7c239b16aa532806cc3bd70960bea7ee46156a497a5732ff12,threatfox,Mirai,"threatfox,elf,Mirai",2026-10-04 16:06:00,2026-10-04 16:38:25,85
hash_sha256,528b4b6ef3640c83045c803b98de0e55d965f5c7138c0bf40b5eab6b9d1c9ac7,threatfox,Mirai,"threatfox,elf,Mirai",2026-10-04 16:06:00,2026-10-04 16:38:25,85
hash_sha256,53003e8ffa9ba86afce9e2f2fb14d8f6cd5dc25eb9a260e98b60646a098310b9,threatfox,Mirai,"threatfox,elf,Mirai",2026-10-04 16:06:00,2026-10-04 16:38:25,85
hash_sha256,5307abb737f2a578602f15e35060d8e83cd9063417e745d1cc138bf421c1141f,threatfox,SNOWLIGHT,"threatfox,elf,SNOWLIGHT",2026-10-04 16:06:00,2026-10-04 16:38:25,85
hash_sha256,54210d559fa9d89ed634317c4c145e72e5689cd85d984a82454b03b27cc03b4e,threatfox,Mirai,"threatfox,elf,Mirai",2026-10-04 16:06:00,2026-10-04 16:38:25,85
hash_sha256,5478cbc19129559bd58329a0ce9e2953ca0b349e19240e22b5d8446b26d2000a,threatfox,Mirai,"threatfox,elf,Mirai",2026-10-04 16:06:00,2026-10-04 16:38:25,85
hash_sha256,549a0632ac2dab149efd3b627e5747fcdf1e8b7a59d936443a21affb6c002969,threatfox,Mirai,"threatfox,elf,Gafgyt,Mirai",2026-10-04 16:06:00,2026-10-04 16:38:25,85
hash_sha256,557a4ec413f17193cc6a04d47d1caf3b2a8f16bac616684fecafab47e3161cbb,threatfox,Mirai,"threatfox,elf,Mirai",2026-10-04 16:06:00,2026-10-04 16:38:25,85
hash_sha256,56895890b492b7436372e3a6d20d83044429712bd40c6738706048cffff8b08f,threatfox,Bashlite,"threatfox,Bashlite,elf,Gafgyt",2026-10-04 16:06:00,2026-10-04 16:38:25,85
hash_sha256,56ba71e217d13c871fc4a4e491a1f147da88bfc32acd7d8da204e14295208eb0,threatfox,Mirai,"threatfox,elf,Mirai,upx",2026-10-04 16:06:00,2026-10-04 16:38:25,85
hash_sha256,57130207e60dc0596100e86cc67e288dd092fd3ffaeb230f8a1fd975797b56d0,threatfox,Mirai,"threatfox,elf,Mirai",2026-10-04 16:06:00,2026-10-04 16:38:25,85
hash_sha256,58c4cc8c7cb89d1c5f7e16a948b04879d60275f31d2fad3fc4d54e759b99d472,threatfox,SNOWLIGHT,"threatfox,elf,SNOWLIGHT",2026-10-04 16:06:00,2026-10-04 16:38:25,85
hash_sha256,595d2c2250abaf70cc91cd6b316966f6ba7569dcdd6c252d11d1ef374e25267b,threatfox,Mirai,"threatfox,elf,Mirai,upx",2026-10-04 16:06:00,2026-10-04 16:38:25,85
hash_sha256,598b7ddffd2c6f7188358d71674dfbe4fd8feef9294940c6825fee1191dbb34d,threatfox,Mirai,"threatfox,elf,Mirai",2026-10-04 16:06:00,2026-10-04 16:38:25,85
hash_sha256,59917d57e94301d33685e651f71495c8cc958cb911cde15ae98e81f9a7264fce,threatfox,Coinminer,"threatfox,Coinminer,sh",2026-10-04 16:06:00,2026-10-04 16:38:25,85
hash_sha256,59e4426161024da7af4b9755f2bf861bb8850b4469e9f00c8f7c15f4f18e9eb7,threatfox,Mirai,"threatfox,elf,Mirai",2026-10-04 16:06:00,2026-10-04 16:38:25,85
hash_sha256,59e49d46c19c038d4c7c57698688d919064eb641470d3996a8fc2466a807e757,threatfox,Mirai,"threatfox,elf,Mirai",2026-10-04 16:06:00,2026-10-04 16:38:25,85
hash_sha256,5a05f26b3d0a8eed868f7f72cc78db58944457b583a65b54af99854849f5178f,threatfox,Mirai,"threatfox,elf,Mirai",2026-10-04 16:06:00,2026-10-04 16:38:25,85
hash_sha256,5c3ddd2c43938befb57d753bb5ecde4133a9bda56fe165df45717aae012bc915,threatfox,Mirai,"threatfox,elf,Mirai,upx",2026-10-04 16:06:00,2026-10-04 16:38:25,85
hash_sha256,5cfca627cfec0c57c39523886114ab9eaad8b8659e51d072a6f6a065c8092afd,threatfox,Mirai,"threatfox,elf,exe,Mirai",2026-10-04 16:06:00,2026-10-04 16:38:25,85
hash_sha256,5ddd2af165c1ba7e00453d8953bb11f48d722a0092bceebcbef35982602aa6d0,threatfox,Mirai,"threatfox,elf,exe,Mirai",2026-10-04 16:06:00,2026-10-04 16:38:25,85
hash_sha256,5fe771dcafd255f49fcd226534ed1eb00ebad5d120e4426217efc67a305bd7a2,threatfox,Mirai,"threatfox,elf,Mirai",2026-10-04 16:06:00,2026-10-04 16:38:25,85
hash_sha256,600d5d105ccd0da951a04d1aba1688e316b877e32a224ade02d06f8597e70af6,threatfox,Mirai,"threatfox,elf,Mirai,upx",2026-10-04 16:06:00,2026-10-04 16:38:25,85
hash_sha256,60d18a0c9029b527e71a0b54600d8c7feab14190e9b911fd2bc18e75bd7b60ff,threatfox,SNOWLIGHT,"threatfox,elf,SNOWLIGHT",2026-10-04 16:06:00,2026-10-04 16:38:25,85
hash_sha256,626efbafaf083cfaa164085a3a3f3e691415ce94d37166a6f396d4713c23f61f,threatfox,Mirai,"threatfox,elf,Mirai",2026-10-04 16:06:00,2026-10-04 16:38:25,85
hash_sha256,6339cf3b00170d210331ddddb3c62f885e91b4a2001ae12c0d02e2e09bee0e58,threatfox,Mirai,"threatfox,elf,Mirai,upx",2026-10-04 16:06:00,2026-10-04 16:38:25,85
hash_sha256,63922f384a12a8a877bc87c95d59020cb1be1b0f0622d8a61e78326cac20ddfb,threatfox,Mirai,"threatfox,elf,Mirai",2026-10-04 16:06:00,2026-10-04 16:38:25,85
hash_sha256,641fa24ce1288bcd5ee0891f6e6f82e63a2bb081986401cedcad188bb30926e8,threatfox,Mirai,"threatfox,elf,Mirai",2026-10-04 16:06:00,2026-10-04 16:38:25,85
hash_sha256,6437fefc7962e6ad12dd2aa700a86b26f8a2536eb8752c550f5465067d0f4261,threatfox,Mirai,"threatfox,elf,exe,Mirai",2026-10-04 16:06:00,2026-10-04 16:38:25,85
hash_sha256,65594e70a075cd47df748a713e14c895eeec8ffcdf20005789ff1bb3c16b367e,threatfox,Mirai,"threatfox,elf,Mirai",2026-10-04 16:06:00,2026-10-04 16:38:25,85
hash_sha256,6691c116edc162de50d32ff81a5a994980fbabb06d6763d4d8c279996ea97662,threatfox,AMOS,"threatfox,AMOS,ClickFix,Foxveil,macOS,quill",2026-10-04 16:06:00,2026-10-04 16:38:25,85
hash_sha256,669f12d1c7f633b1f6ab6877d4ebac52a7ab45aadd8795a705339d03cc1807a4,threatfox,Mirai,"threatfox,elf,Mirai",2026-10-04 16:06:00,2026-10-04 16:38:25,85
hash_sha256,6848afee7a2461d9a4d0fef7ef3874f3cba44e308eb5da416d705fa1ef699a62,threatfox,Mirai,"threatfox,elf,Gafgyt,Mirai",2026-10-04 16:06:00,2026-10-04 16:38:25,85
hash_sha256,6932db4dc19fec01137b7fea9e06194d58f334f7a7b146f77a0f8cf6306deb06,threatfox,Mirai,"threatfox,elf,Mirai",2026-10-04 16:06:00,2026-10-04 16:38:25,85
hash_sha256,69fddd5b42a2fcf916aaf977b76d43e41bd206d3a44caff534d7e7b9599ff298,threatfox,Mirai,"threatfox,elf,exe,Mirai",2026-10-04 16:06:00,2026-10-04 16:38:25,85
hash_sha256,6a17ed0d2f9e571666a5941e591a6f7bbb2a4323324527c42fdaaba43e2a2470,threatfox,Mirai,"threatfox,elf,Mirai,upx",2026-10-04 16:06:00,2026-10-04 16:38:25,85
hash_sha256,6a30af3de496a4669809c306a40c31978202edd1d41314c35caef8dbf7659c6c,threatfox,Mirai,"threatfox,elf,Mirai,upx",2026-10-04 16:06:00,2026-10-04 16:38:25,85
hash_sha256,6aa6356e83451c2fb11ca6f42fd533d821f719c0ffc1972d7d1620f9636493de,threatfox,Mirai,"threatfox,elf,Mirai",2026-10-04 16:06:00,2026-10-04 16:38:25,85
hash_sha256,6abb8699177668aca9dc5b57abd1e9c897630161224981803aca060de8b80f55,threatfox,Mirai,"threatfox,elf,exe,Mirai",2026-10-04 16:06:00,2026-10-04 16:38:25,85
hash_sha256,6ba4c44f01eb298223b7ecd25f0a2a0a248341638932b4f139c58009e0f49891,threatfox,SNOWLIGHT,"threatfox,elf,SNOWLIGHT",2026-10-04 16:06:00,2026-10-04 16:38:25,85
hash_sha256,6c0adf94a816f0876be632e219f983f39e40ca4425489accbf4b3a4e7f37af90,threatfox,Mirai,"threatfox,elf,exe,Mirai",2026-10-04 16:06:00,2026-10-04 16:38:25,85
hash_sha256,6d1980264ad50a9b13c9e2cf632118a686004f6c806d53023b200ade50eefc42,threatfox,Mirai,"threatfox,elf,exe,Mirai,upx",2026-10-04 16:06:00,2026-10-04 16:38:25,85
hash_sha256,6ee0d85c647104e0506f922701325d78d2a059101734a0940ef889eb7baacfc9,threatfox,Mirai,"threatfox,elf,Mirai",2026-10-04 16:06:00,2026-10-04 16:38:25,85
hash_sha256,6ff2f877668649928a1a510d79e961e5f13408c729f648bd45cf24f22b011509,threatfox,Mirai,"threatfox,elf,Mirai,upx",2026-10-04 16:06:00,2026-10-04 16:38:25,85
hash_sha256,714058ac65f48046dd06cf456df4476bbc3bde5df765cb307ed68c1abaa31767,threatfox,Mirai,"threatfox,elf,exe,Mirai",2026-10-04 16:06:00,2026-10-04 16:38:25,85
hash_sha256,723f9c6f4d9451e4ce581cdabf4d033b46d780856ab2e16a70d6b4963029f95a,threatfox,AMOS,"threatfox,AMOS,ClickFix,Foxveil,macOS,stratos",2026-10-04 16:06:00,2026-10-04 16:38:25,85
hash_sha256,73596fbc8a3c6644f4364df7cab3bed1245279440101e8dd079120ae8353a404,threatfox,Mirai,"threatfox,elf,Mirai,upx",2026-10-04 16:06:00,2026-10-04 16:38:25,85
hash_sha256,7386686dd98bb774d352990a5f84fa210aff26ac6ecd5858857d2f54d8a04c07,threatfox,SNOWLIGHT,"threatfox,elf,SNOWLIGHT",2026-10-04 16:06:00,2026-10-04 16:38:25,85
hash_sha256,745c0cd5124b60a5f633512deadbd7dfdd06703ff34ec7f8d06b56d4a24fb4fa,threatfox,Mirai,"threatfox,elf,Mirai,wraith",2026-10-04 16:06:00,2026-10-04 16:38:25,85
hash_sha256,745c3cc7991b9ee62980a0bdda7b10cd708d4f8fc481c2e80bc41480d3644c94,threatfox,Mirai,"threatfox,elf,exe,Mirai",2026-10-04 16:06:00,2026-10-04 16:38:25,85
hash_sha256,74767c9861b094c67c72251577a61a4dac640532b2f9c3d97e77b00c15825687,threatfox,Mirai,"threatfox,elf,exe,Mirai",2026-10-04 16:06:00,2026-10-04 16:38:25,85
hash_sha256,769b5c6f875497f6ffa4129b44f47fdf9f186da0cf8359b2b55d14cd0ec9dd41,threatfox,Mirai,"threatfox,elf,Mirai",2026-10-04 16:06:00,2026-10-04 16:38:25,85
hash_sha256,76dc6cd13100f369d4926d28ffb9cb1a0771d211bb36a9ab02b93fa857452149,threatfox,Mirai,"threatfox,elf,Mirai",2026-10-04 16:06:00,2026-10-04 16:38:25,85
hash_sha256,77c7cf1612546a99c871f23320ccd7eab689c81f81f1299fa43324dc907c7349,threatfox,Mirai,"threatfox,elf,Mirai",2026-10-04 16:06:00,2026-10-04 16:38:25,85
hash_sha256,78d3588a14823b8520891f447d52ba54aa1386632657dec425e4e906835e840c,threatfox,Mirai,"threatfox,elf,Mirai",2026-10-04 16:06:00,2026-10-04 16:38:25,85
hash_sha256,791b8d17d01ae052178c9d5b7fe6fa3b74f810a9177fbe02a1e9825f9a174aed,threatfox,Bashlite,"threatfox,Bashlite,elf,Gafgyt",2026-10-04 16:06:00,2026-10-04 16:38:25,85
hash_sha256,7a95e6de72616d5f010e6a450840791a4cb1451650073a55fd2685cafd7e6a08,threatfox,Mirai,"threatfox,elf,Mirai",2026-10-04 16:06:00,2026-10-04 16:38:25,85
hash_sha256,7c9035d46693b106274c14ad3987f94651cf847a3415ca6d55ca3cd91ccd06a6,threatfox,Mirai,"threatfox,elf,Mirai",2026-10-04 16:06:00,2026-10-04 16:38:25,85
hash_sha256,7cbda6dc32be42e8d838f168f87bfbdaece4fa787a243b71313356350828cb1b,threatfox,Mirai,"threatfox,elf,Mirai",2026-10-04 16:06:00,2026-10-04 16:38:25,85
hash_sha256,7cce55ecadc6db1bd7523af85eabc1f2a91a0445b9f53285e0a0db4e0c01a74b,threatfox,Mirai,"threatfox,elf,Mirai",2026-10-04 16:06:00,2026-10-04 16:38:25,85
hash_sha256,7d018c9b8095b1916e52cb719d10c7083dc84016dd98686bedd6466a59d80049,threatfox,Mirai,"threatfox,elf,Mirai",2026-10-04 16:06:00,2026-10-04 16:38:25,85
hash_sha256,7d94f28dd5f180b9160052ab60fc6caf6709a4e07383c0f8fe441cdcf977326f,threatfox,AMOS,"threatfox,AMOS,ClickFix,Foxveil,macOS,quill",2026-10-04 16:06:00,2026-10-04 16:38:25,85
hash_sha256,7f758dd54c10e678c40fc022fa61f8ea4dd9780070c3b1f30b8dc5163cfbc7a2,threatfox,Mirai,"threatfox,elf,Mirai",2026-10-04 16:06:00,2026-10-04 16:38:25,85
hash_sha256,7fce3b3a2eef44ddfdc0c4ec821b2c1b094866d14f0020b2e6b6fe48c41a4b30,threatfox,Mirai,"threatfox,elf,Mirai",2026-10-04 16:06:00,2026-10-04 16:38:25,85
hash_sha256,801e4978b04e7c8377625359eaf0121fa71062ed2cb08105fdfa536fb93c1130,threatfox,Mirai,"threatfox,elf,Mirai",2026-10-04 16:06:00,2026-10-04 16:38:25,85
hash_sha256,80c881c47e9b7a28e79eb25b0005ceff0e17229c4164235d138141cfebf12cb8,threatfox,Mirai,"threatfox,elf,exe,Mirai",2026-10-04 16:06:00,2026-10-04 16:38:25,85
hash_sha256,80cb8aa7d2c6959c3e974aa72b460882cdb2cd01a0819ae143975ca0f9057b47,threatfox,Mirai,"threatfox,elf,Mirai,upx",2026-10-04 16:06:00,2026-10-04 16:38:25,85
hash_sha256,81a6b7afc8b8eee0301fe884359a05db347e09b8545bf2e3a2be4a9bde9edae5,threatfox,Mirai,"threatfox,elf,Mirai",2026-10-04 16:06:00,2026-10-04 16:38:25,85
hash_sha256,82b875082f14bd909bf65917851bb52d42d482b42d3f3e9aaec27d67c3b0eb26,threatfox,Bashlite,"threatfox,Bashlite,elf,Gafgyt",2026-10-04 16:06:00,2026-10-04 16:38:25,85
hash_sha256,82b91a884b6b036392b845816532895941fd39e7f88a81c95fbfbb86d5884829,threatfox,Mirai,"threatfox,elf,Mirai",2026-10-04 16:06:00,2026-10-04 16:38:25,85
hash_sha256,835a463d11e5182adfe079472f3bde8aaf7bf8dc145e40a8bb4a416463842cce,threatfox,Mirai,"threatfox,elf,Mirai,upx",2026-10-04 16:06:00,2026-10-04 16:38:25,85
hash_sha256,83c3b0789133e767350a3fbb1010851546473a0726bf876cd70e9d40f7f4bcf6,threatfox,SNOWLIGHT,"threatfox,elf,SNOWLIGHT",2026-10-04 16:06:00,2026-10-04 16:38:25,85
hash_sha256,83fee7d8d646273f1ed9c7b34fef8d20cd9c0633180a6813eda7a2e9d2e77689,threatfox,Mirai,"threatfox,elf,exe,Mirai",2026-10-04 16:06:00,2026-10-04 16:38:25,85
hash_sha256,84281e7c0b96c50f85be9843e56b97be494879af69edb3ab2095a32b8784a574,threatfox,Mirai,"threatfox,elf,Mirai,upx",2026-10-04 16:06:00,2026-10-04 16:38:25,85
hash_sha256,844553c171f4a953bed4ce34c94bc373b5a41a0dfbec71e137534c827573f34b,threatfox,Mirai,"threatfox,elf,Mirai",2026-10-04 16:06:00,2026-10-04 16:38:25,85
hash_sha256,85c7b902006ee9272f2559bcae82584ba429f879c0759de6b077bdd4d8fad11f,threatfox,Mirai,"threatfox,elf,Mirai",2026-10-04 16:06:00,2026-10-04 16:38:25,85
hash_sha256,864f4303aaa1c6f53880eadd3a6de114656f3bde631a55602516344beb58c1bb,threatfox,Mirai,"threatfox,elf,Gafgyt,Mirai",2026-10-04 16:06:00,2026-10-04 16:38:25,85
hash_sha256,86b9ddeb528f6f6452d5b6eb209055f6c0378b5a2c2217e257209395e1d3a09a,threatfox,SNOWLIGHT,"threatfox,elf,SNOWLIGHT",2026-10-04 16:06:00,2026-10-04 16:38:25,85
hash_sha256,8720838f066ff9e52f05805c239c77eb2c849dbf10ae801082922f86730223a0,threatfox,Mirai,"threatfox,elf,Mirai,upx",2026-10-04 16:06:00,2026-10-04 16:38:25,85
hash_sha256,8b6a1a72c7543206f7bf683ca5b01de3d21c7fb9bb6dfdcaaf271cbdac82aa51,threatfox,Mirai,"threatfox,elf,Mirai",2026-10-04 16:06:00,2026-10-04 16:38:25,85
hash_sha256,8cd47fb1c64538bf65dbbe369827217cb65d63bb49acf32d914e5794715636f9,threatfox,Mirai,"threatfox,elf,Mirai,upx",2026-10-04 16:06:00,2026-10-04 16:38:25,85
hash_sha256,8cdd352edc8101704dd238e8f280dfd6088c4371b68886902f8507d23b68d243,threatfox,Mirai,"threatfox,elf,exe,Mirai",2026-10-04 16:06:00,2026-10-04 16:38:25,85
hash_sha256,8cfb30ee7cd0486e66c325c52a161b5f01be4bf96d3611066f0dc002a5931ac4,threatfox,Mirai,"threatfox,elf,Mirai,upx",2026-10-04 16:06:00,2026-10-04 16:38:25,85
hash_sha256,8d1f18a7711c91c130e2f7060a093e9b21dfc39c9c01e082af43e9ed98099701,threatfox,Bashlite,"threatfox,Bashlite,elf,Gafgyt",2026-10-04 16:06:00,2026-10-04 16:38:25,85
hash_sha256,8e4400da4b0ad5f45f8fe122cffc3ca0b26bfbca4657bb0883c0740ab3d1af11,threatfox,Mirai,"threatfox,elf,Mirai",2026-10-04 16:06:00,2026-10-04 16:38:25,85
hash_sha256,8ff69eafef727a5a52b159d7c468d125076c4282dae002cdf4b85bc692654d9b,threatfox,Mirai,"threatfox,elf,Gafgyt,Mirai",2026-10-04 16:06:00,2026-10-04 16:38:25,85
hash_sha256,902b6affb47b3a6d9f8d618d4dae85730a6d6eadc3c4a8cf66c81f5375f9b8ba,threatfox,Mirai,"threatfox,elf,Mirai",2026-10-04 16:06:00,2026-10-04 16:38:25,85
hash_sha256,9098479b832956ce9bb9a78f38ec9553505241181d036a8e99a849e31f98363c,threatfox,Mirai,"threatfox,elf,Mirai",2026-10-04 16:06:00,2026-10-04 16:38:25,85
hash_sha256,928a8dfedb8ba0ea6c425e61c250e6f6fc4e120fbd2f468d0b3d8a8ed6d9e0c9,threatfox,Mirai,"threatfox,elf,Mirai",2026-10-04 16:06:00,2026-10-04 16:38:25,85
hash_sha256,92baf0204cc06daf6e9c580a27b820e9e13c994d2a3feadb7e3389177ce787d3,threatfox,Mirai,"threatfox,elf,Mirai,upx",2026-10-04 16:06:00,2026-10-04 16:38:25,85
hash_sha256,932e3c4ae1d5404ceade8dfd386182800b91eb93794c914b7f09b094996b061e,threatfox,Mirai,"threatfox,elf,Gafgyt,Mirai",2026-10-04 16:06:00,2026-10-04 16:38:25,85
hash_sha256,93aeb68e1d8d2de64418bcdb174aa15e50c8b1865e3c7a4051a654d2ec68fdd2,threatfox,Mirai,"threatfox,elf,Mirai",2026-10-04 16:06:00,2026-10-04 16:38:25,85
hash_sha256,93e3348e982f3684b21114f5513a1d7794b2cbfa3a49c65c4ddf9eb8c9f5f1f3,threatfox,Mirai,"threatfox,elf,exe,Mirai,upx",2026-10-04 16:06:00,2026-10-04 16:38:25,85
hash_sha256,971eda0932ab1376b5a667d0a22808817bd7e48f2c0db7afce1f38181904f4d3,threatfox,Mirai,"threatfox,elf,Mirai",2026-10-04 16:06:00,2026-10-04 16:38:25,85
hash_sha256,993aa79338e2c3621399d022d6fc84cad582501156766a983751acf634b18668,threatfox,Mirai,"threatfox,elf,Mirai",2026-10-04 16:06:00,2026-10-04 16:38:25,85
hash_sha256,995e43d70fad10c13d296fc34de743fae2edfac447a244d99ced9d5f0e8c02eb,threatfox,Mirai,"threatfox,elf,Mirai",2026-10-04 16:06:00,2026-10-04 16:38:25,85
hash_sha256,9a6f43f03b242b81af4d9f4368463a9fa5700c00f16cbfc2b8cae20ef23b3114,threatfox,Mirai,"threatfox,elf,Mirai,upx",2026-10-04 16:06:00,2026-10-04 16:38:25,85
hash_sha256,9b81ca9f2247f4dd515ebd4b524251f4e933dc2ac78d9e30efec6e438aadc017,threatfox,Mirai,"threatfox,elf,Mirai",2026-10-04 16:06:00,2026-10-04 16:38:25,85
hash_sha256,9bb9171ef0c05583e8c432e46a217912722abf8e344913f25bc36bb9a4a94802,threatfox,Mirai,"threatfox,elf,Mirai",2026-10-04 16:06:00,2026-10-04 16:38:25,85
hash_sha256,9c1a4318df911281fd7b6971c7fd0e022ebe310b7c49381c6b89ef23ad9551e6,threatfox,Mirai,"threatfox,elf,Mirai",2026-10-04 16:06:00,2026-10-04 16:38:25,85
hash_sha256,9ccc4db28c8da295f73b0180fe7812f2668910726cf8e7d410b27e2d059369ae,threatfox,Mirai,"threatfox,elf,Mirai",2026-10-04 16:06:00,2026-10-04 16:38:25,85
hash_sha256,9cd991e2510ed104e7962c266529b6a772b61548e53918b4323f39fe71d33314,threatfox,Mirai,"threatfox,elf,exe,Mirai,upx",2026-10-04 16:06:00,2026-10-04 16:38:25,85
hash_sha256,9de4dca535744bdc60f476abb8c1e19d1431cee838426ac992b6386fb3993cb9,threatfox,Mirai,"threatfox,elf,Mirai",2026-10-04 16:06:00,2026-10-04 16:38:25,85
hash_sha256,a0728a70bf9817b016d28e65090293e3fcd99825db92fc91044f985a479de885,threatfox,Mirai,"threatfox,elf,Mirai",2026-10-04 16:06:00,2026-10-04 16:38:25,85
hash_sha256,a0a2beb18f9334564860acef1a8d9754dfcd2e94cb90cd878308f12cb5bdf264,threatfox,Mirai,"threatfox,elf,Mirai,upx",2026-10-04 16:06:00,2026-10-04 16:38:25,85
hash_sha256,a0be1c01913ee53e6ea5fe2af57aec9024c5a02573e78b87ee10a8222f464b3f,threatfox,Mirai,"threatfox,elf,Mirai",2026-10-04 16:06:00,2026-10-04 16:38:25,85
hash_sha256,a1352d2bfaf5928476b0214c04d0c24badfeb35f9991386b7220bf574af0e247,threatfox,Mirai,"threatfox,elf,Mirai,upx",2026-10-04 16:06:00,2026-10-04 16:38:25,85
hash_sha256,a1a57fee671f6b48fe6dd7393f558c0b01ef60dd7fa6805a6fee8e0a3578336f,threatfox,Mirai,"threatfox,elf,Mirai,upx",2026-10-04 16:06:00,2026-10-04 16:38:25,85
hash_sha256,a1d4e4545b804c462ccf18a0a8238983cee2405439de327e84ceeeeaecdc4537,threatfox,Mirai,"threatfox,elf,Mirai,upx",2026-10-04 16:06:00,2026-10-04 16:38:25,85
hash_sha256,a29c5b31347714fd1e7470ade9d5fffc183ff86029969dcf313729fe7292f310,threatfox,Mirai,"threatfox,elf,Mirai,upx",2026-10-04 16:06:00,2026-10-04 16:38:25,85
hash_sha256,a2e625d34e39dc17cf27514e2c9be879f51a5287742aa54e4042774a2ab36e24,threatfox,Mirai,"threatfox,elf,exe,Mirai",2026-10-04 16:06:00,2026-10-04 16:38:25,85
hash_sha256,a525c71d0aeae15bead95232d3569a9de9a82622d0fe401941dc05c200f58797,threatfox,Mirai,"threatfox,elf,Gafgyt,Mirai",2026-10-04 16:06:00,2026-10-04 16:38:25,85
hash_sha256,a6b71afc682acc97149d05d0ea2383ea622bd5580b12d13e12f895c40bf38848,threatfox,Mirai,"threatfox,elf,Gafgyt,Mirai,upx",2026-10-04 16:06:00,2026-10-04 16:38:25,85
hash_sha256,a6f29739da9fc810562cedf1c39604be9e7aa84fca1b2d794957ce5fe8a871de,threatfox,Mirai,"threatfox,elf,Mirai,upx",2026-10-04 16:06:00,2026-10-04 16:38:25,85
hash_sha256,a88886e83b7b21c157038cd899ea2ab59a1da0781c4608ad0f01b700a15ed496,threatfox,Mirai,"threatfox,elf,Mirai,upx",2026-10-04 16:06:00,2026-10-04 16:38:25,85
hash_sha256,a9ab6f15c54914cb00839e440f77cb7102f0aeb94cfdf36ae29f931d67b7f7f0,threatfox,Mirai,"threatfox,elf,Mirai",2026-10-04 16:06:00,2026-10-04 16:38:25,85
hash_sha256,aa64bf1471d43b21cc0b6f761473ed2903439364e5495656b67fb9e747910bb9,threatfox,Mirai,"threatfox,elf,Mirai",2026-10-04 16:06:00,2026-10-04 16:38:25,85
hash_sha256,ac35a17b565d0906ff528499a6a338777358157c115ab2c28d090b31dd770f6e,threatfox,Mirai,"threatfox,elf,Mirai",2026-10-04 16:06:00,2026-10-04 16:38:25,85
hash_sha256,ac3a8d8faf684f8e3fbe54612b39872b94b5673c512042d320b7e0c366b90a0d,threatfox,Mirai,"threatfox,elf,Mirai,upx",2026-10-04 16:06:00,2026-10-04 16:38:25,85
hash_sha256,ad3305b3c1112ccf41a1c3994f8f14360c3fb9ad04c7daad0e58ce6d7cfafc0b,threatfox,Mirai,"threatfox,elf,Mirai",2026-10-04 16:06:00,2026-10-04 16:38:25,85
hash_sha256,ae1a0443d4e79322a8fc5e74a5cd67f9ab19b97b9bcd95728b7b054848f8c45a,threatfox,Mirai,"threatfox,elf,Mirai",2026-10-04 16:06:00,2026-10-04 16:38:25,85
hash_sha256,aeee59e8cbfa37cd0336e595a0e6b3b3cd59323c87a1d603fcde358491001c8a,threatfox,Coinminer,"threatfox,Coinminer,exe",2026-10-04 16:06:00,2026-10-04 16:38:25,85
hash_sha256,afd61882c4f23a1a2a46719c2f50bcaf543bb7030c8551f9a81cab605b399a05,threatfox,Mirai,"threatfox,elf,exe,Mirai,upx",2026-10-04 16:06:00,2026-10-04 16:38:25,85
hash_sha256,b0c71961215911168cd968cec82b8409f057289de29d94be34e8ae5a1262864f,threatfox,Mirai,"threatfox,elf,Mirai,upx",2026-10-04 16:06:00,2026-10-04 16:38:25,85
hash_sha256,b0c97f8415676247b833aba34b74f8923a6aeaedb748e1080784ce7680a72c7d,threatfox,SNOWLIGHT,"threatfox,elf,SNOWLIGHT",2026-10-04 16:06:00,2026-10-04 16:38:25,85
hash_sha256,b0e4123b861e6ef96a3ff800e8e029177c6f1233d0bb57596d378291a1cb5166,threatfox,Mirai,"threatfox,elf,exe,Mirai",2026-10-04 16:06:00,2026-10-04 16:38:25,85
hash_sha256,b1d79dddbd0e70d84f0f2d9a9a4575e722102408c4f084d43f6088f59ce81f9b,threatfox,Mirai,"threatfox,elf,Mirai,upx",2026-10-04 16:06:00,2026-10-04 16:38:25,85
hash_sha256,b2cb3f2779f7d8e1698943e3d9ef3f9d71c8588f46d22c706fcd01cd161ffe09,threatfox,Mirai,"threatfox,elf,Mirai",2026-10-04 16:06:00,2026-10-04 16:38:25,85
hash_sha256,b5b1b044725f454461ea3ed76cda0d76c20fab2aab85f3098faf411bb35f4ed8,threatfox,Mirai,"threatfox,elf,Mirai",2026-10-04 16:06:00,2026-10-04 16:38:25,85
hash_sha256,b5d5e9bdd88a25b45be79d088e046af93526cde963450515a814c390dd988317,threatfox,Mirai,"threatfox,elf,Mirai,upx",2026-10-04 16:06:00,2026-10-04 16:38:25,85
hash_sha256,b680dd93e62b2b59831e0bd17721693f40af3697ca01054fba1d2318329a7dd6,threatfox,Mirai,"threatfox,elf,Mirai",2026-10-04 16:06:00,2026-10-04 16:38:25,85
hash_sha256,b6bd154b1305c7c1deef51b55e30d5fdf4cc9392f9970201946eae5dae7a5264,threatfox,Mirai,"threatfox,elf,Mirai,upx",2026-10-04 16:06:00,2026-10-04 16:38:25,85
hash_sha256,b8e943f44d0f119858cddf9534bbd4199d430a8e0feb11e45e41986609b18b6d,threatfox,Mirai,"threatfox,elf,Mirai",2026-10-04 16:06:00,2026-10-04 16:38:25,85
hash_sha256,b94610279cee6330a90b1697235a537c7d04ec3a8eef4c906ab5e8a38a530802,threatfox,Mirai,"threatfox,elf,Mirai,upx",2026-10-04 16:06:00,2026-10-04 16:38:25,85
hash_sha256,ba01adf83586c9d32cc0ba0c35ee23216cf51862c2af46dae4eb8e944bcaaefc,threatfox,Mirai,"threatfox,elf,Mirai",2026-10-04 16:06:00,2026-10-04 16:38:25,85
hash_sha256,ba7b96afaa378e8ad6890c1f614d750bc65d3c7a4cba7ab0594628d660c54c3b,threatfox,Mirai,"threatfox,elf,Gafgyt,Mirai",2026-10-04 16:06:00,2026-10-04 16:38:25,85
hash_sha256,bb3530aa35cdb3b0cca1b06c74aa766b36f75fb4820366949ebaa12ea9dd6acf,threatfox,Mirai,"threatfox,elf,Mirai",2026-10-04 16:06:00,2026-10-04 16:38:25,85
hash_sha256,bc5ce535ad641bc9c447d8d57632481c2111f2726cbb52c45aec692a197f256b,threatfox,Mirai,"threatfox,elf,Mirai",2026-10-04 16:06:00,2026-10-04 16:38:25,85
hash_sha256,be5f52e4fead3639e7202231f8740505519bfb6a3ff41c6cb533df7385f6a97a,threatfox,Mirai,"threatfox,elf,Mirai,upx",2026-10-04 16:06:00,2026-10-04 16:38:25,85
hash_sha256,be887c3115fc69c9d5698771ebfafcf68a324c880a44c350d76365794b9ba4d4,threatfox,Mirai,"threatfox,elf,Mirai,upx",2026-10-04 16:06:00,2026-10-04 16:38:25,85
hash_sha256,be9f71b02fba1309459682ceaf7134a2d4317da0137ba80f6ded55e156eae34f,threatfox,Mirai,"threatfox,elf,Mirai",2026-10-04 16:06:00,2026-10-04 16:38:25,85
hash_sha256,beaf5cee7cc102d3fb455b48a7dbf29a882821db5f4b4bf8e6281795f6dbab0e,threatfox,Mirai,"threatfox,elf,Mirai",2026-10-04 16:06:00,2026-10-04 16:38:25,85
hash_sha256,bf4373cb99e00c66b6926c009462df36f1a105fd2483794c371f88bf893274c1,threatfox,Mirai,"threatfox,elf,Mirai",2026-10-04 16:06:00,2026-10-04 16:38:25,85
hash_sha256,c05bdf71fc8534e87538ac3af51ae7934b87a51188fb536c3ca2be0d3649fbaf,threatfox,Mirai,"threatfox,elf,Gafgyt,Mirai",2026-10-04 16:06:00,2026-10-04 16:38:25,85
hash_sha256,c07025d6536301d0d89d4dd818a44021adfbd289af41cfb7a6bddd4ab55454b6,threatfox,Mirai,"threatfox,elf,Mirai,upx",2026-10-04 16:06:00,2026-10-04 16:38:25,85
hash_sha256,c07cc1803d7375bd9cd99096db4ed7b2abcb85f1beb142fb508bcf7d761b955b,threatfox,Mirai,"threatfox,elf,Mirai",2026-10-04 16:06:00,2026-10-04 16:38:25,85
hash_sha256,c12ec2d39830c6ff9e7f206df171566af69446eee3b226ba8e9acc80e40e51cb,threatfox,Mirai,"threatfox,elf,Mirai",2026-10-04 16:06:00,2026-10-04 16:38:25,85
hash_sha256,c19d15ff0145110b8f9357c14ae5c61f92fc7eb20e5b2a1953c70a6673ac7530,threatfox,Mirai,"threatfox,elf,Mirai",2026-10-04 16:06:00,2026-10-04 16:38:25,85
hash_sha256,c1d8e2829ea63b9dc1cf2c3421a5093406adad4d6622e238376e78e908e0e6e8,threatfox,Mirai,"threatfox,elf,Mirai",2026-10-04 16:06:00,2026-10-04 16:38:25,85
hash_sha256,c2488a2268d58d31b5cfb30fb2249fadd5c7ffb56c9a3ddcef6507742fb7701b,threatfox,Mirai,"threatfox,elf,Mirai",2026-10-04 16:06:00,2026-10-04 16:38:25,85
hash_sha256,c391947400542bb6e3ae856d074771deca1f00ee62acec6adedc806812c70423,threatfox,AMOS,"threatfox,AMOS,ClickFix,Foxveil,macOS,quill",2026-10-04 16:06:00,2026-10-04 16:38:25,85
hash_sha256,c405163f76c9f7f5ba9896c02eccf917f2a4e6ec5b3103bac90ac81fa41a146b,threatfox,Mirai,"threatfox,elf,Mirai",2026-10-04 16:06:00,2026-10-04 16:38:25,85
hash_sha256,c51c160528162b1242181d581beb958e3c129f4ad6322110c95d27d09c5999c0,threatfox,Mirai,"threatfox,elf,Mirai",2026-10-04 16:06:00,2026-10-04 16:38:25,85
hash_sha256,c6807219f08f5c93b7726fa209ce3ac0d60b94a52b6d4e84f9c7d833e184bd2b,threatfox,Mirai,"threatfox,elf,exe,Mirai,upx",2026-10-04 16:06:00,2026-10-04 16:38:25,85
hash_sha256,c681b78a2922dae0d3c49919b80d23b34343ba9463303d5f53ec16ec4e2cf24f,threatfox,Mirai,"threatfox,elf,exe,Mirai",2026-10-04 16:06:00,2026-10-04 16:38:25,85
hash_sha256,c8ea453c9b533e3aae0ecd467a229cb5332e8540064003c84c7e0ce14fca38cc,threatfox,Mirai,"threatfox,elf,Mirai",2026-10-04 16:06:00,2026-10-04 16:38:25,85
hash_sha256,cb13c93cd04a0a56ed96954ce2bb28e066ab75dfc53d6528a31d317e6a94db62,threatfox,Mirai,"threatfox,elf,exe,Mirai,upx",2026-10-04 16:06:00,2026-10-04 16:38:25,85
hash_sha256,cbabb3375d396af33cd1a525f8d7d3dc0c3c799e7f8cd77c74a7d812e8d2bd76,threatfox,Mirai,"threatfox,elf,Mirai,upx",2026-10-04 16:06:00,2026-10-04 16:38:25,85
hash_sha256,d11590e875b2b5093864407f95d19e8d84f2d1883dba182c13989156acecb2f6,threatfox,Mirai,"threatfox,elf,exe,Mirai",2026-10-04 16:06:00,2026-10-04 16:38:25,85
hash_sha256,d1cf86744fb73422574f0426f1828b9c2c3b07c868d066fd5a8ba6418c797a6c,threatfox,Mirai,"threatfox,elf,Mirai",2026-10-04 16:06:00,2026-10-04 16:38:25,85
hash_sha256,d26c0519e0636570c44bbf940601c6ebe9d0b4e835c090ca380234a04471f3a5,threatfox,Mirai,"threatfox,elf,Mirai",2026-10-04 16:06:00,2026-10-04 16:38:25,85
hash_sha256,d36ac472929af3339452f9bdbac9692b149be6885f689306c24d5fba6a3adc47,threatfox,Mirai,"threatfox,elf,Gafgyt,Mirai",2026-10-04 16:06:00,2026-10-04 16:38:25,85
hash_sha256,d3adf0e7fe36d2a62fdf1db3977c52bbf5e0b709e959af601fba04e54de02dbc,threatfox,Mirai,"threatfox,elf,Mirai",2026-10-04 16:06:00,2026-10-04 16:38:25,85
hash_sha256,d3e4fc5c0e51a290fb6e3ed4e5880f3b6738f001fa8561e760f993b1a32c00a0,threatfox,Mirai,"threatfox,elf,Mirai",2026-10-04 16:06:00,2026-10-04 16:38:25,85
hash_sha256,d40aa6c2a90d87a55a7c7f50383d27d205024a5e79a38bc000cdf0ddac8c94bb,threatfox,Mirai,"threatfox,elf,exe,Mirai",2026-10-04 16:06:00,2026-10-04 16:38:25,85
hash_sha256,d42dd98e3d93614afd3343c080e890a4e59da42e10ab04d1eef0150d3bfba54b,threatfox,SNOWLIGHT,"threatfox,elf,SNOWLIGHT",2026-10-04 16:06:00,2026-10-04 16:38:25,85
hash_sha256,d4e4506b27a27100eb18c3f28ca9fae9a63a6b59c5054b29f197497e49836c3e,threatfox,Mirai,"threatfox,elf,Mirai",2026-10-04 16:06:00,2026-10-04 16:38:25,85
hash_sha256,d5ddf0ea7ce424309816359ce32f90bb6b28780c7cfdab2c321570f3e4d15a9f,threatfox,Mirai,"threatfox,elf,exe,Mirai,upx",2026-10-04 16:06:00,2026-10-04 16:38:25,85
hash_sha256,d5fd3c15f9514e187adf6756e85b5b7ce377a8639a327e60bdeedf0fb19f3258,threatfox,Mirai,"threatfox,elf,Mirai",2026-10-04 16:06:00,2026-10-04 16:38:25,85
hash_sha256,d6dbc73627d0b1a9beec2e114c85ef4fd2788262dbe6796f4b803b6daccd3231,threatfox,Mirai,"threatfox,elf,Mirai",2026-10-04 16:06:00,2026-10-04 16:38:25,85
hash_sha256,d6ebb3e787c528193f893123b44246f739df58abe1d7d91d006d1ad829ab7675,threatfox,Mirai,"threatfox,elf,Mirai",2026-10-04 16:06:00,2026-10-04 16:38:25,85
hash_sha256,d83eabdd4c96140622d434cbb7ada82121376fc91bada095895f86981823c609,threatfox,Mirai,"threatfox,elf,Mirai",2026-10-04 16:06:00,2026-10-04 16:38:25,85
hash_sha256,d96c32faa2499a06687c3ba7f5be2b67bdabce98d8b62ed6bb5294905a730c80,threatfox,AMOS,"threatfox,AMOS,ClickFix,Foxveil,macOS,quill",2026-10-04 16:06:00,2026-10-04 16:38:25,85
hash_sha256,d970d130189f46485be585447d9647acc2e6952e45c70de12b3b0616c5e53b71,threatfox,Mirai,"threatfox,elf,Mirai",2026-10-04 16:06:00,2026-10-04 16:38:25,85
hash_sha256,d9f1db47e08f48761d645b197115747f90d280ae704288b71bc2e3df512da523,threatfox,Mirai,"threatfox,elf,Mirai",2026-10-04 16:06:00,2026-10-04 16:38:25,85
hash_sha256,dae779c0c6c93d93cfa6f5cdf1c675e438d332ec6266319f32779f9bb882ff8b,threatfox,Mirai,"threatfox,elf,Mirai",2026-10-04 16:06:00,2026-10-04 16:38:25,85
hash_sha256,dbc1ca156e64d63c86210256623e28d163cbf2bc0da02813828adec3d6d8c9c5,threatfox,Mirai,"threatfox,elf,Mirai",2026-10-04 16:06:00,2026-10-04 16:38:25,85
hash_sha256,dbd1c263651e6ffc4d5cc03af734d7c76afe9feee388848439e48405c835dd9c,threatfox,Mirai,"threatfox,elf,Mirai,upx",2026-10-04 16:06:00,2026-10-04 16:38:25,85
hash_sha256,dc356c7639dcdf7c7f7637d4140afe0b4d0ee6fd8510c44d0176feec3cf31028,threatfox,Mirai,"threatfox,elf,Mirai,upx",2026-10-04 16:06:00,2026-10-04 16:38:25,85
hash_sha256,dc4c04c63104c0a95567fdfef071bcbe860e46aa18f70678181bd63e24f96304,threatfox,SNOWLIGHT,"threatfox,elf,SNOWLIGHT",2026-10-04 16:06:00,2026-10-04 16:38:25,85
hash_sha256,dc529e469c122a3323044ec30d34e1a1686220a8e3c7d2e0aa653b98ead41f37,threatfox,Mirai,"threatfox,elf,exe,Mirai",2026-10-04 16:06:00,2026-10-04 16:38:25,85
hash_sha256,dc67563e51abdfc8ae78cee3e2752b28a9de7d6a9c24d812312106587d0be449,threatfox,Mirai,"threatfox,elf,Mirai",2026-10-04 16:06:00,2026-10-04 16:38:25,85
hash_sha256,de96a13f453b8065e6b2695cc7372e0635969f522fe950239ca5ff03780c44b6,threatfox,Mirai,"threatfox,elf,Mirai",2026-10-04 16:06:00,2026-10-04 16:38:25,85
hash_sha256,deb1a4ed15b00fa6f2ee706cd9aae50d8bd8a5efda0a608e27fc4bb05c0972c9,threatfox,Mirai,"threatfox,elf,Mirai",2026-10-04 16:06:00,2026-10-04 16:38:25,85
hash_sha256,ded0abe6b270bd960bbc99f79eb6bc4a6031f9f64169a75a822cd2f6e83611bf,threatfox,Mirai,"threatfox,elf,Mirai",2026-10-04 16:06:00,2026-10-04 16:38:25,85
hash_sha256,e08893a74dbd3fc05e6b1fb0f94f49d4958b90db63a06b06c1cb9f21dc11eef9,threatfox,Mirai,"threatfox,elf,exe,Mirai",2026-10-04 16:06:00,2026-10-04 16:38:25,85
hash_sha256,e10705e7ddfbde63e300721b7b64971892df82bee595a3327f39c637557cac76,threatfox,AMOS,"threatfox,AMOS,ClickFix,Foxveil,macOS,quill",2026-10-04 16:06:00,2026-10-04 16:38:25,85
hash_sha256,e11e65338860c6bdcd6f2bc5f5d35f162c54df42ca63f0178ba3d481be0193ad,threatfox,Mirai,"threatfox,elf,Mirai",2026-10-04 16:06:00,2026-10-04 16:38:25,85
hash_sha256,e19c4c6572348012569e155ba751469f34dee40c9457903d333f00462718a64d,threatfox,Mirai,"threatfox,elf,Mirai",2026-10-04 16:06:00,2026-10-04 16:38:25,85
hash_sha256,e20edb8784227d443e3e8b7c12e8d694087bee0b180123237208dcaeebc9bfe7,threatfox,Mirai,"threatfox,elf,exe,Mirai",2026-10-04 16:06:00,2026-10-04 16:38:25,85
hash_sha256,e233a9844c3ad1b702eca5ef1cdc46d9cc7e04a43227e483d2bc94d95acc834a,threatfox,SNOWLIGHT,"threatfox,elf,SNOWLIGHT",2026-10-04 16:06:00,2026-10-04 16:38:25,85
hash_sha256,e2c334f483fc20d52e55da2f613d9103fa02a6751f33922e54cf504785f904d8,threatfox,Mirai,"threatfox,elf,exe,Mirai,upx",2026-10-04 16:06:00,2026-10-04 16:38:25,85
hash_sha256,e3d67c1d2972aa9118b539114288a446cdb66e5b30e29e08600bd4308f15d292,threatfox,Mirai,"threatfox,elf,Mirai,upx",2026-10-04 16:06:00,2026-10-04 16:38:25,85
hash_sha256,e56b32c7b18f0a5e8a0308e45a1e11eb642d928f5efd554280b7cdf03babdb13,threatfox,Mirai,"threatfox,elf,Mirai",2026-10-04 16:06:00,2026-10-04 16:38:25,85
hash_sha256,e67a7c1104bf6a52fe4776dba1d2e5aee4a08b1e05657ae3c942806a0b2ef30c,threatfox,Mirai,"threatfox,elf,Mirai",2026-10-04 16:06:00,2026-10-04 16:38:25,85
hash_sha256,e939e8ee76d641db340f17ec594c4ae1c483e8eac1296ed5b9725e745a116012,threatfox,Mirai,"threatfox,elf,exe,Mirai",2026-10-04 16:06:00,2026-10-04 16:38:25,85
hash_sha256,e94fc6ffd05950f4b169f7ad91a0228bfe1c4320fd9453f7f3de687d59ba1fee,threatfox,Mirai,"threatfox,elf,Mirai",2026-10-04 16:06:00,2026-10-04 16:38:25,85
hash_sha256,e9f587728e7cd8fc8eaafb87e5da4d2ebf1df16bc3cbdc9c35c76fa0b204776e,threatfox,SNOWLIGHT,"threatfox,elf,SNOWLIGHT",2026-10-04 16:06:00,2026-10-04 16:38:25,85
hash_sha256,ea810de463883ddca3d82fc52b93f267c1ea1c17fbf2eb76bfdf165d349ce02b,threatfox,Formbook,"threatfox,Formbook,ps1",2026-10-04 16:06:00,2026-10-04 16:38:25,85
hash_sha256,eb499388605beb0bac8bbab8e3b218324ec99ab1491e823f906b1c8629a09f45,threatfox,Mirai,"threatfox,elf,Mirai,upx",2026-10-04 16:06:00,2026-10-04 16:38:25,85
hash_sha256,ebad2cef96dda4bf2b571c27cd309f2b100d01fc4c9b70c18c06e149881317d4,threatfox,Mirai,"threatfox,elf,Mirai",2026-10-04 16:06:00,2026-10-04 16:38:25,85
hash_sha256,ec77e3d7e13262c438b77ed42b933a91e549c2008f2f619191b059850d6ff2fa,threatfox,Mirai,"threatfox,elf,Mirai",2026-10-04 16:06:00,2026-10-04 16:38:25,85
hash_sha256,ed714a097ff6169e1a9935c9b8b7e09afffc45aab659cac9c3bed8a146f83851,threatfox,Mirai,"threatfox,elf,Mirai",2026-10-04 16:06:00,2026-10-04 16:38:25,85
hash_sha256,ee0031759065aac5bb1851fca44ad79bbcaf521b00bcf5fc5f6b2dec090a46b3,threatfox,Mirai,"threatfox,elf,Mirai,upx",2026-10-04 16:06:00,2026-10-04 16:38:25,85
hash_sha256,eec23f9d8701f661cafcfc829abbd7433b0c30c94e69c042c6d33ccc907edf02,threatfox,Mirai,"threatfox,elf,Mirai",2026-10-04 16:06:00,2026-10-04 16:38:25,85
hash_sha256,efbc966f0dc8c5647ce01d933798b8e5fe0d22b9463436d0cdf709e97ab8df1c,threatfox,Mirai,"threatfox,elf,Mirai",2026-10-04 16:06:00,2026-10-04 16:38:25,85
hash_sha256,efea9e156af94f633941357ad696a346d640ae33c8a6cca38defb54520cb69fd,threatfox,Mirai,"threatfox,elf,exe,Mirai",2026-10-04 16:06:00,2026-10-04 16:38:25,85
hash_sha256,f098922581f87844cc6e522f797a073b418093198d610b499b78d22e2297012b,threatfox,Mirai,"threatfox,elf,Mirai,upx",2026-10-04 16:06:00,2026-10-04 16:38:25,85
hash_sha256,f0b516e70d8ee2bd08037407bdae1f4a33648d6ba88ee4f39df37b530d16228a,threatfox,Mirai,"threatfox,elf,Mirai",2026-10-04 16:06:00,2026-10-04 16:38:25,85
hash_sha256,f0bc10c6e13d2da8a50767c193265db6da1ddd339c6da4fdeb518a501b47ff69,threatfox,Mirai,"threatfox,elf,exe,Mirai",2026-10-04 16:06:00,2026-10-04 16:38:25,85
hash_sha256,f19307793fa5f1ecd16b9690969e55baec9f7b2b4e8a2e003b959d8d56219e24,threatfox,Mirai,"threatfox,elf,Mirai",2026-10-04 16:06:00,2026-10-04 16:38:25,85
hash_sha256,f1e26aad4a2ed2a5213b4b5ae21bfb0b0e97e25674118957a5362ddefeb7a9ce,threatfox,Mirai,"threatfox,elf,Mirai",2026-10-04 16:06:00,2026-10-04 16:38:25,85
hash_sha256,f2192cd642df1a6259bd9467a126f0b05cb11434ac4990739c61b7edecd7b0ea,threatfox,Mirai,"threatfox,elf,Mirai",2026-10-04 16:06:00,2026-10-04 16:38:25,85
hash_sha256,f2911fe9394e3d09f36be8d6c17b62fde5fab04d1e985173f23a543111c97fac,threatfox,Mirai,"threatfox,elf,Mirai,upx",2026-10-04 16:06:00,2026-10-04 16:38:25,85
hash_sha256,f2b0de132ef96ef82d4b7d9029f785b69d3255d7cde7a0a4487eb236f450de8f,threatfox,Mirai,"threatfox,elf,Mirai,upx",2026-10-04 16:06:00,2026-10-04 16:38:25,85
hash_sha256,f2cb819a0a950ae838ae5694fe3638054f88a0c1b13504934bceb0eb3a2f5320,threatfox,Mirai,"threatfox,elf,Mirai",2026-10-04 16:06:00,2026-10-04 16:38:25,85
hash_sha256,f3eb861b87a8e269b7129ebb1c012f0b339524aad4bc46de44aa564a38b73f7c,threatfox,Mirai,"threatfox,elf,Mirai",2026-10-04 16:06:00,2026-10-04 16:38:25,85
hash_sha256,f404539770e50be94a50c6fc43275134087726e430286e199eee6feeb85d8fd1,threatfox,Mirai,"threatfox,elf,Mirai",2026-10-04 16:06:00,2026-10-04 16:38:25,85
hash_sha256,f478b512f22725917ccb70e5051c594321cf72e4cd39fefe6b0343132ff7a891,threatfox,Mirai,"threatfox,elf,Mirai",2026-10-04 16:06:00,2026-10-04 16:38:25,85
hash_sha256,f4806381ad322bf97c3a943e7659b8d8df20eee28d8919c94b0876d31b614f7a,threatfox,Mirai,"threatfox,elf,Mirai",2026-10-04 16:06:00,2026-10-04 16:38:25,85
hash_sha256,f50d920a6bd6b6c12fd4f6ffb828b5528a14c6f371c08ac43b213291bf2937a7,threatfox,Mirai,"threatfox,elf,Mirai",2026-10-04 16:06:00,2026-10-04 16:38:25,85
hash_sha256,f5f68e9d891e2457494cb8637f4a23e1c934907cd87e7cdb96e08bc95adeb98f,threatfox,Mirai,"threatfox,elf,Mirai",2026-10-04 16:06:00,2026-10-04 16:38:25,85
hash_sha256,f5fd544b4cc592326a8def08330f91bd48238e484b19f5730479c9b4da53532e,threatfox,Mirai,"threatfox,elf,exe,Mirai",2026-10-04 16:06:00,2026-10-04 16:38:25,85
hash_sha256,f60066b81534b050fc14ace1f8cab2b89914a19503f8973055f050196d5b9ae6,threatfox,Mirai,"threatfox,elf,exe,Mirai",2026-10-04 16:06:00,2026-10-04 16:38:25,85
hash_sha256,f80e14057062c1b9b24819c8aa524c6fa7991a720bfd15e784d0d21f7a78c2b1,threatfox,Mirai,"threatfox,elf,Mirai",2026-10-04 16:06:00,2026-10-04 16:38:25,85
hash_sha256,f8e71e2230e5feefcafa75b20104f89c1965e068b90693a291069db355e15a9f,threatfox,Mirai,"threatfox,elf,Mirai",2026-10-04 16:06:00,2026-10-04 16:38:25,85
hash_sha256,f96215c68cbb8bad180587fb89c2d9bccff554694a5ce2a2209ff8c19f16b8e1,threatfox,Mirai,"threatfox,elf,Mirai",2026-10-04 16:06:00,2026-10-04 16:38:25,85
hash_sha256,f966bc234efb6df65c92e05744597e9a6829b1e5dad8e92d400b84e70b417f59,threatfox,Mirai,"threatfox,elf,exe,Mirai",2026-10-04 16:06:00,2026-10-04 16:38:25,85
hash_sha256,fa6f34f439e2f40fcdccaa83a88e08fbe2e9285eba8c9e29228df3e3c16c1078,threatfox,Mirai,"threatfox,elf,Mirai,upx",2026-10-04 16:06:00,2026-10-04 16:38:25,85
hash_sha256,fbb37366d512207792c0cc90de869deddecb4d412f390787e01dd93d602e92cb,threatfox,Mirai,"threatfox,elf,Mirai",2026-10-04 16:06:00,2026-10-04 16:38:25,85
hash_sha256,fbd687cc658a66ba841fe13a82f0d875110b4554a5547939642e3215c60ff14d,threatfox,Mirai,"threatfox,elf,Mirai,upx",2026-10-04 16:06:00,2026-10-04 16:38:25,85
hash_sha256,fc4e159f8478673943d1d52366f5c274f95fd6ddb3618bd75b873154e72fca0a,threatfox,Mirai,"threatfox,elf,Mirai,upx",2026-10-04 16:06:00,2026-10-04 16:38:25,85
hash_sha256,fcd406b08967edccb21e20f3b2d35b448b791fb58021ebf07e456124b1bf3c39,threatfox,Bashlite,"threatfox,Bashlite,elf,Gafgyt",2026-10-04 16:06:00,2026-10-04 16:38:25,85
hash_sha256,fe4ee19554e105da2e904d29eeacf28b55f862577d8beb4dcd63ba61ce470cd9,threatfox,Mirai,"threatfox,elf,exe,Mirai",2026-10-04 16:06:00,2026-10-04 16:38:25,85
hash_sha256,ff2973aace841c8e229d2e9669a17a5d94d9cc31dbd3bb15943c3396dc7a854a,threatfox,Mirai,"threatfox,elf,Mirai,upx",2026-10-04 16:06:00,2026-10-04 16:38:25,85
ip,100.61.249.34,threatfox,Havoc,"threatfox,havoc",2026-10-04 16:06:00,2026-10-04 16:38:25,85
ip,102.55.131.186,threatfox,AsyncRAT,"threatfox,asyncrat",2026-10-04 16:06:00,2026-10-04 16:38:25,85
ip,104.105.26.84,threatfox,Jackskid,"threatfox,botnet,ddos,jackskid,mirai,rctea",2026-10-04 16:06:00,2026-10-04 16:38:25,85
ip,106.55.253.229,threatfox,Cobalt Strike,"threatfox,cobaltstrike",2026-10-04 16:06:00,2026-10-04 16:38:25,85
ip,107.173.180.64,threatfox,DCRat,"threatfox,dcrat",2026-10-04 16:06:00,2026-10-04 16:38:25,85
ip,137.175.102.11,threatfox,Havoc,"threatfox,havoc",2026-10-04 16:06:00,2026-10-04 16:38:25,85
ip,152.70.24.49,threatfox,Hook,"threatfox,drb-ra,Hook",2026-10-04 16:06:00,2026-10-04 16:38:25,85
ip,156.252.185.139,threatfox,DanaBot,"threatfox,DanBot,drb-ra",2026-10-04 16:06:00,2026-10-04 16:38:25,85
ip,156.252.185.204,threatfox,DanaBot,"threatfox,DanBot,drb-ra",2026-10-04 16:06:00,2026-10-04 16:38:25,85
ip,156.252.85.206,threatfox,DanaBot,"threatfox,DanBot,drb-ra",2026-10-04 16:06:00,2026-10-04 16:38:25,85
ip,156.252.85.207,threatfox,DanaBot,"threatfox,DanBot,drb-ra",2026-10-04 16:06:00,2026-10-04 16:38:25,85
ip,158.94.208.152,threatfox,AsyncRAT,"threatfox,AsyncRAT,drb-ra,RAT",2026-10-04 16:06:00,2026-10-04 16:38:25,85
ip,172.104.41.216,threatfox,Jackskid,"threatfox,botnet,ddos,jackskid,mirai,rctea",2026-10-04 16:06:00,2026-10-04 16:38:25,85
ip,172.232.132.117,threatfox,Jackskid,"threatfox,botnet,ddos,jackskid,mirai,rctea",2026-10-04 16:06:00,2026-10-04 16:38:25,85
ip,172.233.111.242,threatfox,Jackskid,"threatfox,botnet,ddos,jackskid,mirai,rctea",2026-10-04 16:06:00,2026-10-04 16:38:25,85
ip,172.233.20.99,threatfox,Jackskid,"threatfox,botnet,ddos,jackskid,mirai,rctea",2026-10-04 16:06:00,2026-10-04 16:38:25,85
ip,172.235.182.181,threatfox,Jackskid,"threatfox,botnet,ddos,jackskid,mirai,rctea",2026-10-04 16:06:00,2026-10-04 16:38:25,85
ip,185.157.163.24,threatfox,Remcos,"threatfox,c2,PATHWAY2026,Remcos",2026-10-04 16:06:00,2026-10-04 16:38:25,85
ip,198.1.241.175,threatfox,DanaBot,"threatfox,DanBot,drb-ra",2026-10-04 16:06:00,2026-10-04 16:38:25,85
ip,198.1.241.78,threatfox,DanaBot,"threatfox,DanBot,drb-ra",2026-10-04 16:06:00,2026-10-04 16:38:25,85
ip,2.28.107.84,threatfox,Evilginx,"threatfox,drb-ra,Evilginx,EvilGoPhish",2026-10-04 16:06:00,2026-10-04 16:38:25,85
ip,217.217.197.190,threatfox,DanaBot,"threatfox,DanBot,drb-ra",2026-10-04 16:06:00,2026-10-04 16:38:25,85
ip,217.217.197.191,threatfox,DanaBot,"threatfox,DanBot,drb-ra",2026-10-04 16:06:00,2026-10-04 16:38:25,85
ip,220.90.65.149,threatfox,Nanocore RAT,"threatfox,NanoCore,shodan",2026-10-04 16:06:00,2026-10-04 16:38:25,85
ip,43.156.121.164,threatfox,Jackskid,"threatfox,botnet,ddos,jackskid,mirai,rctea",2026-10-04 16:06:00,2026-10-04 16:38:25,85
ip,43.157.240.245,threatfox,Jackskid,"threatfox,botnet,ddos,jackskid,mirai,rctea",2026-10-04 16:06:00,2026-10-04 16:38:25,85
ip,43.172.6.45,threatfox,Jackskid,"threatfox,botnet,ddos,jackskid,mirai,rctea",2026-10-04 16:06:00,2026-10-04 16:38:25,85
ip,45.79.123.245,threatfox,Jackskid,"threatfox,botnet,ddos,jackskid,mirai,rctea",2026-10-04 16:06:00,2026-10-04 16:38:25,85
ip,46.246.84.17,threatfox,AsyncRAT,"threatfox,AsyncRAT,drb-ra,RAT",2026-10-04 16:06:00,2026-10-04 16:38:25,85
ip,57.128.171.127,threatfox,Unknown malware,"threatfox,mythic",2026-10-04 16:06:00,2026-10-04 16:38:25,85
ip,77.110.102.43,threatfox,Unknown malware,"threatfox,ClickFix",2026-10-04 16:06:00,2026-10-04 16:38:25,85
ip,77.221.153.100,threatfox,Unknown malware,"threatfox,ClickFix",2026-10-04 16:06:00,2026-10-04 16:38:25,85
ip,93.233.96.34,threatfox,AsyncRAT,"threatfox,AsyncRAT,drb-ra,RAT",2026-10-04 16:06:00,2026-10-04 16:38:25,85
ip,95.182.88.39,threatfox,pupy,"threatfox,drb-ra,PupyRAT,RAT",2026-10-04 16:06:00,2026-10-04 16:38:25,85
ssl_sha1,07fa3f9a48cdbe0d045c16a741f09237aacf2c3d,sslbl,PureRAT C&C,"sslbl,2026-10-04",2026-10-04 16:06:00,2026-10-04 16:38:25,88
ssl_sha1,1c04120f29c25a1e06b4f48651fc9eaaecd45eaa,sslbl,PureRAT C&C,"sslbl,2026-10-04",2026-10-04 16:06:00,2026-10-04 16:38:25,88
ssl_sha1,2d22783f272d8fb12ff94ac13466fcd9a9a2ccc2,sslbl,Malware C&C,"sslbl,2026-10-04",2026-10-04 16:06:00,2026-10-04 16:38:25,88
ssl_sha1,30cc75ff5ee466fba938458513d89d8270a5b882,sslbl,Vidar C&C,"sslbl,2026-10-04",2026-10-04 16:06:00,2026-10-04 16:38:25,88
ssl_sha1,465359e97babc5c4e5729e628664281dbc8f1297,sslbl,OffLoader C&C,"sslbl,2026-10-04",2026-10-04 16:06:00,2026-10-04 16:38:25,88
ssl_sha1,60fd7f114b0a4015ad7f634223491259bc50ab7d,sslbl,Vidar C&C,"sslbl,2026-10-04",2026-10-04 16:06:00,2026-10-04 16:38:25,88
ssl_sha1,80a11d8978c116516b3e6e0dabdcd381bc3511a1,sslbl,Vidar C&C,"sslbl,2026-10-04",2026-10-04 16:06:00,2026-10-04 16:38:25,88
ssl_sha1,b292d5884328be709c0c79ffd7c82c3fe9846417,sslbl,QuasarRAT C&C,"sslbl,2026-10-04",2026-10-04 16:06:00,2026-10-04 16:38:25,88
ssl_sha1,bfc3decb728fc2becb887cc23c6cf46a2fdcbb8d,sslbl,PureRAT C&C,"sslbl,2026-10-04",2026-10-04 16:06:00,2026-10-04 16:38:25,88
ssl_sha1,eabc77465bebeb1b8b4980dbaa185cfcf64b4f92,sslbl,QuasarRAT C&C,"sslbl,2026-10-04",2026-10-04 16:06:00,2026-10-04 16:38:25,88
ssl_sha1,eceadbc9a65119bf8542ba54648dbfd4c46d86ff,sslbl,ParallaxRAT C&C,"sslbl,2026-10-04",2026-10-04 16:06:00,2026-10-04 16:38:25,88
ssl_sha1,fec72b31ad1f9e2e080c83f3964b34fe81e4a8e4,sslbl,NyxarStealer C&C,"sslbl,2026-10-04",2026-10-04 16:06:00,2026-10-04 16:38:25,88
url,http://137.59.218.64:43067/Mozi.7,threatfox,Mozi,"threatfox,elf,iot,Mozi",2026-10-04 16:06:00,2026-10-04 16:38:25,85
url,http://223.123.43.134:40628/Mozi.m,threatfox,Mozi,"threatfox,elf,iot,Mozi",2026-10-04 16:06:00,2026-10-04 16:38:25,85
url,http://94.183.174.83/loader.sh,threatfox,Unknown malware,"threatfox,sh",2026-10-04 16:06:00,2026-10-04 16:38:25,85
url,http://dimebrothers.com:4959,threatfox,Remus,"threatfox,remus",2026-10-04 16:06:00,2026-10-04 16:38:25,85
url,https://87130921-60-20220830152356.webstarterz.com/new/secured_stub.ps1,threatfox,Formbook,"threatfox,Formbook,powershell,ps1",2026-10-04 16:06:00,2026-10-04 16:38:25,85
url,https://aerowalkkurali.com/,threatfox,Unknown malware,"threatfox,ClickFix",2026-10-04 16:06:00,2026-10-04 16:38:25,85
url,https://aurasereine.cyou/,threatfox,Unknown malware,"threatfox,ClickFix",2026-10-04 16:06:00,2026-10-04 16:38:25,85
url,https://checkdvvc99.cc/hvnc/bin,threatfox,Unknown malware,"threatfox,ClickFix,EtherHiding,IClickFix,persistence,Polygon",2026-10-04 16:06:00,2026-10-04 16:38:25,85
url,https://dailychefrecipe.com/,threatfox,Unknown malware,"threatfox,ClickFix",2026-10-04 16:06:00,2026-10-04 16:38:25,85
url,https://deadcloud.online/downloads/deadcloud-bose-windows-amd64.exe,threatfox,Unknown malware,"threatfox,exe",2026-10-04 16:06:00,2026-10-04 16:38:25,85
url,https://idcheckbrowese.codes,threatfox,Unknown malware,"threatfox,ClickFix,ErrTraffic,EtherHiding,Polygon",2026-10-04 16:06:00,2026-10-04 16:38:25,85
url,https://kh.333pwk.org/,threatfox,Vidar,"threatfox,vidar",2026-10-04 16:06:00,2026-10-04 16:38:25,85
url,https://kh.396zk.net,threatfox,Vidar,"threatfox,43c9f02b8b98cfc9c3e446da473793a2,c2,loader,stealer,Vidar",2026-10-04 16:06:00,2026-10-04 16:38:25,85
url,https://kh.396zk.net/,threatfox,Vidar,"threatfox,vidar",2026-10-04 16:06:00,2026-10-04 16:38:25,85
url,https://mementomoriwallpaper.com/downloads/MementoMoriSetup.exe,threatfox,Unknown malware,"threatfox,exe",2026-10-04 16:06:00,2026-10-04 16:38:25,85
url,https://muaklekcoop.com/ckfinder/core/js/acr-g1upd-639159296668701809.exe,threatfox,ACR Stealer,"threatfox,ACRStealer,exe,stealer",2026-10-04 16:06:00,2026-10-04 16:38:25,85
url,https://nodewatt.org/downloads/nodewatt-windows-amd64.exe,threatfox,Unknown malware,"threatfox,coinminer,exe",2026-10-04 16:06:00,2026-10-04 16:38:25,85
url,https://pub-db23b45b467441be828e9d97aa4997b6.r2.dev/mw3/MW3-XPLOITRON.exe,threatfox,Unknown Loader,"threatfox,dropper,exe",2026-10-04 16:06:00,2026-10-04 16:38:25,85
url,https://scan.cyberessentials.live/usersc/testfiles/macro/CEPlus.xlsm,threatfox,Unknown Loader,"threatfox,loader,xlsx,zip",2026-10-04 16:06:00,2026-10-04 16:38:25,85
url,https://secblitz.lol/downloads/secblitz-0.6.0-windows-x64-setup.exe,threatfox,Unknown malware,"threatfox,exe",2026-10-04 16:06:00,2026-10-04 16:38:25,85
url,https://solicitud-movil.com/,threatfox,Alien,"threatfox,Alien,loader,powershell,ps1,pwsh",2026-10-04 16:06:00,2026-10-04 16:38:25,85
url,https://solicitud-web.com/,threatfox,Alien,"threatfox,Alien,loader,powershell,ps1,pwsh",2026-10-04 16:06:00,2026-10-04 16:38:25,85
url,https://southofkorealottery.com/,threatfox,Unknown malware,"threatfox,ClickFix",2026-10-04 16:06:00,2026-10-04 16:38:25,85
url,https://thelittlecupandsaucer.com.au/ScreenConnect.ClientSetup.exe,threatfox,Unknown malware,"threatfox,exe",2026-10-04 16:06:00,2026-10-04 16:38:25,85
url,https://yummyhomebase.com/,threatfox,Unknown malware,"threatfox,ClickFix",2026-10-04 16:06:00,2026-10-04 16:38:25,85
hash_md5,03f1fd7ecb47e95a6251c5c07923cbee,malwarebazaar,Mirai,"elf,Mirai",2026-10-04 16:00:04,2026-10-04 16:38:25,85
hash_md5,0549e0bb190c3b69b8f4b69dfdd2a059,malwarebazaar,elf,elf,2026-10-04 16:00:04,2026-10-04 16:38:25,85
hash_md5,0658507456953ffe43ff1cdb0781c4d1,malwarebazaar,exe,"clickfix,exe,Rhadamanthys,stealer",2026-10-04 16:00:04,2026-10-04 16:38:25,85
hash_md5,0a84bcc5f783b7982d96071321fe6f16,malwarebazaar,Mirai,"elf,Mirai",2026-10-04 16:00:04,2026-10-04 16:38:25,85
hash_md5,104ebb247cd7c18825cd30920fe0dc1d,malwarebazaar,Mirai,"elf,Mirai",2026-10-04 16:00:04,2026-10-04 16:38:25,85
hash_md5,1727752ae1149130ac71fa74bb1050c6,malwarebazaar,Mirai,"elf,upx",2026-10-04 16:00:04,2026-10-04 16:38:25,85
hash_md5,185027b119ca5afdc3998535923bdaba,malwarebazaar,jar,"jar,java,python,silentnet",2026-10-04 16:00:04,2026-10-04 16:38:25,85
hash_md5,1a019a436ea1403616d1b4506f93f62b,malwarebazaar,Mirai,"elf,Mirai",2026-10-04 16:00:04,2026-10-04 16:38:25,85
hash_md5,1a35a5b54a1eea35cb36d9c13f1d3832,malwarebazaar,jar,"jar,java,stealer",2026-10-04 16:00:04,2026-10-04 16:38:25,85
hash_md5,28e1e447a4425b51de350b4a0cdd5a71,malwarebazaar,Mirai,elf,2026-10-04 16:00:04,2026-10-04 16:38:25,85
hash_md5,29b720e0e08af601cd8df207ed6db0b9,malwarebazaar,exe,exe,2026-10-04 16:00:04,2026-10-04 16:38:25,85
hash_md5,2e79825da5fb180ecba2df82bdd2c41a,malwarebazaar,Mirai,"elf,Mirai",2026-10-04 16:00:04,2026-10-04 16:38:25,85
hash_md5,323dc4bc6288b890ae1519c0f2ac102f,malwarebazaar,Mirai,"elf,Mirai",2026-10-04 16:00:04,2026-10-04 16:38:25,85
hash_md5,363461c1e0efa1e970aeafa318e34473,malwarebazaar,Mirai,"elf,Mirai",2026-10-04 16:00:04,2026-10-04 16:38:25,85
hash_md5,370bd55d941f400c4dd897350ca150be,malwarebazaar,Mirai,"elf,Mirai",2026-10-04 16:00:04,2026-10-04 16:38:25,85
hash_md5,397ab84918ec4d1d2dade1281417bf79,malwarebazaar,Mirai,"elf,Mirai",2026-10-04 16:00:04,2026-10-04 16:38:25,85
hash_md5,3a3dd1e4032fbfbdaef222149c3aea7a,malwarebazaar,exe,"exe,signed",2026-10-04 16:00:04,2026-10-04 16:38:25,85
hash_md5,3aca5192854e5d07c6bd5bbdff4e915a,malwarebazaar,Mirai,"elf,Mirai",2026-10-04 16:00:04,2026-10-04 16:38:25,85
hash_md5,3bbe4c5a0f6a47169c5a6a3fc19b002f,malwarebazaar,elf,elf,2026-10-04 16:00:04,2026-10-04 16:38:25,85
hash_md5,3d1eb39ae03f34cc3ea9a7df877015bc,malwarebazaar,Mirai,"elf,Mirai",2026-10-04 16:00:04,2026-10-04 16:38:25,85
hash_md5,3d6d858099d40ae81754325936367868,malwarebazaar,Mirai,"elf,Mirai",2026-10-04 16:00:04,2026-10-04 16:38:25,85
hash_md5,41b74c8b24997cd99969a46900eca33b,malwarebazaar,exe,"dropped-by-OffLoader,exe",2026-10-04 16:00:04,2026-10-04 16:38:25,85
hash_md5,422c2f814cf96d17b182dfc7add9d9ce,malwarebazaar,ConnectWise,"ConnectWise,msi,signed",2026-10-04 16:00:04,2026-10-04 16:38:25,85
hash_md5,43d5023df2c786941530f20850dff039,malwarebazaar,jar,"jar,java,python,silentnet",2026-10-04 16:00:04,2026-10-04 16:38:25,85
hash_md5,44c9addd2ba8bed396ce62c6c1ed0028,malwarebazaar,Mirai,"elf,Mirai",2026-10-04 16:00:04,2026-10-04 16:38:25,85
hash_md5,4618aefffa5d40f3cc938eed5baf57c1,malwarebazaar,elf,elf,2026-10-04 16:00:04,2026-10-04 16:38:25,85
hash_md5,493d9a1a132f542e9038c3405aafdae3,malwarebazaar,exe,exe,2026-10-04 16:00:04,2026-10-04 16:38:25,85
hash_md5,4bf7d0e868328a8052b1473c578ef72b,malwarebazaar,jar,"jar,java,python,silentnet",2026-10-04 16:00:04,2026-10-04 16:38:25,85
hash_md5,4c120e0fbe3af3f810a6ccf03a801fd1,malwarebazaar,exe,exe,2026-10-04 16:00:04,2026-10-04 16:38:25,85
hash_md5,4d28b033e5c853c1a1fe0b574c32d834,malwarebazaar,Mirai,"elf,Mirai",2026-10-04 16:00:04,2026-10-04 16:38:25,85
hash_md5,4d4fcea932db25bfa5e2dedd8f00a80a,malwarebazaar,Mirai,"arm,cowrie,elf,honeypot,mirai,mozi,torii",2026-10-04 16:00:04,2026-10-04 16:38:25,85
hash_md5,4d686464622535bc2072b7c6dc65d09c,malwarebazaar,Prometei,"elf,Prometei,wraith",2026-10-04 16:00:04,2026-10-04 16:38:25,85
hash_md5,53f087fc7205475e99eeb13c4baec8b6,malwarebazaar,Mirai,"elf,Mirai",2026-10-04 16:00:04,2026-10-04 16:38:25,85
hash_md5,547f24096e74bfe49d1682b8aecb6fde,malwarebazaar,CoinMiner,"CoinMiner,exe",2026-10-04 16:00:04,2026-10-04 16:38:25,85
hash_md5,5e693abbc38b2d000227d73a05507890,malwarebazaar,AsyncRAT,"AsyncRAT,exe",2026-10-04 16:00:04,2026-10-04 16:38:25,85
hash_md5,63c13a0ea6cfb18c44cb01c6736e7015,malwarebazaar,jar,"jar,java,python,silentnet",2026-10-04 16:00:04,2026-10-04 16:38:25,85
hash_md5,6527c466fe33563ad7f0cacb1c16209f,malwarebazaar,DattoRMM,"DattoRMM,exe,signed",2026-10-04 16:00:04,2026-10-04 16:38:25,85
hash_md5,6a5cd43e32730547cc0bc42ef457ce3d,malwarebazaar,Mirai,"elf,Mirai",2026-10-04 16:00:04,2026-10-04 16:38:25,85
hash_md5,6b47cd3720a23f3a04a2c0861cac5720,malwarebazaar,Gafgyt,"elf,Gafgyt",2026-10-04 16:00:04,2026-10-04 16:38:25,85
hash_md5,7152652ea3a6647aea78d14d182fb6b5,malwarebazaar,Mirai,"elf,Mirai",2026-10-04 16:00:04,2026-10-04 16:38:25,85
hash_md5,73bf9f699e6a5c45c03c012ab7084ac1,malwarebazaar,DarkTortilla,"DarkTortilla,exe",2026-10-04 16:00:04,2026-10-04 16:38:25,85
hash_md5,74ab03c0e5c41a627285c25e3be3287f,malwarebazaar,elf,elf,2026-10-04 16:00:04,2026-10-04 16:38:25,85
hash_md5,75bd5affdf92cc2892ac0b518fadd471,malwarebazaar,Formbook,"Formbook,powershell,ps1",2026-10-04 16:00:04,2026-10-04 16:38:25,85
hash_md5,775b76c437a777be93c5ae33154d4276,malwarebazaar,Mirai,"elf,Mirai",2026-10-04 16:00:04,2026-10-04 16:38:25,85
hash_md5,7fce7a57717d41ad31f1fb673c4db020,malwarebazaar,Mirai,"elf,Mirai",2026-10-04 16:00:04,2026-10-04 16:38:25,85
hash_md5,80e2bd4634fbdd33f13ebfa7d98ccc70,malwarebazaar,Mirai,"elf,Mirai",2026-10-04 16:00:04,2026-10-04 16:38:25,85
hash_md5,81b1afcaa10fdb953da37e5ae571f9c1,malwarebazaar,exe,exe,2026-10-04 16:00:04,2026-10-04 16:38:25,85
hash_md5,861952d1ea908f76fd9f581881e5a63a,malwarebazaar,exe,"exe,nwhstealer,stealer",2026-10-04 16:00:04,2026-10-04 16:38:25,85
hash_md5,8667199776a6734bd074654d4af36f49,malwarebazaar,Mirai,"elf,Mirai",2026-10-04 16:00:04,2026-10-04 16:38:25,85
hash_md5,89ead205e58fafac30d22aed766a09e1,malwarebazaar,jar,"jar,java,python,silentnet",2026-10-04 16:00:04,2026-10-04 16:38:25,85
hash_md5,8aff0bc56a3fa940ab63b763ea5ce691,malwarebazaar,jar,"jar,java,python,silentnet",2026-10-04 16:00:04,2026-10-04 16:38:25,85
hash_md5,9536ba209c99955ed16699e96288e9b1,malwarebazaar,jar,"jar,java,python,silentnet",2026-10-04 16:00:04,2026-10-04 16:38:25,85
hash_md5,9610c72d0e8c112babcc6e6399412c17,malwarebazaar,Mirai,"elf,Mirai",2026-10-04 16:00:04,2026-10-04 16:38:25,85
hash_md5,9679a89b1d83072c8bc6b1ab2d0eb6d6,malwarebazaar,Mirai,"arm,cowrie,elf,honeypot,mirai,mozi,torii",2026-10-04 16:00:04,2026-10-04 16:38:25,85
hash_md5,9761a19659d1556bb14c253e308f911b,malwarebazaar,Mirai,"arm,cowrie,elf,honeypot,Mirai",2026-10-04 16:00:04,2026-10-04 16:38:25,85
hash_md5,9a07c05d71d4585242dba4a31c66a904,malwarebazaar,zip,zip,2026-10-04 16:00:04,2026-10-04 16:38:25,85
hash_md5,a12baeb36659b124e690ea0db8d3e13c,malwarebazaar,Mirai,"elf,Mirai",2026-10-04 16:00:04,2026-10-04 16:38:25,85
hash_md5,a12f94a1e77bc925aa9557915d305279,malwarebazaar,Mirai,"elf,Mirai",2026-10-04 16:00:04,2026-10-04 16:38:25,85
hash_md5,a1928df4754b0854b1ef5dccd730e64c,malwarebazaar,sh,"sh,wraith",2026-10-04 16:00:04,2026-10-04 16:38:25,85
hash_md5,a1a80efa14ba7cdec145441e076dd6bc,malwarebazaar,Mirai,"elf,Mirai",2026-10-04 16:00:04,2026-10-04 16:38:25,85
hash_md5,a5a4da263d51edf893a22b7ae119fa40,malwarebazaar,jar,"jar,java,python,silentnet",2026-10-04 16:00:04,2026-10-04 16:38:25,85
hash_md5,a5b21e077a2f06be7ab63ced56d84a67,malwarebazaar,Mirai,"elf,Mirai",2026-10-04 16:00:04,2026-10-04 16:38:25,85
hash_md5,a7a9ba334db6c410b42db4e54be47702,malwarebazaar,Mirai,"elf,Mirai",2026-10-04 16:00:04,2026-10-04 16:38:25,85
hash_md5,a8e1d6ca7c00bc0bf00b7bde1a231c02,malwarebazaar,jar,"irahook,jar,java,qProtect",2026-10-04 16:00:04,2026-10-04 16:38:25,85
hash_md5,aa60be03637d4408128ddccdb625889f,malwarebazaar,jar,"jar,java,python,silentnet",2026-10-04 16:00:04,2026-10-04 16:38:25,85
hash_md5,ac67eac48e883bafafcdf658e91b1ee4,malwarebazaar,sh,"apex3,loader,sh,shellscript",2026-10-04 16:00:04,2026-10-04 16:38:25,85
hash_md5,acd9e25ca321e43100a1854f06d66d2c,malwarebazaar,Mirai,"elf,Mirai",2026-10-04 16:00:04,2026-10-04 16:38:25,85
hash_md5,aefaabf52a0429e9464ee73052ff4801,malwarebazaar,Mirai,"elf,Mirai",2026-10-04 16:00:04,2026-10-04 16:38:25,85
hash_md5,b2b76932eeb889e9eca48b32d7b89ec6,malwarebazaar,Mirai,"elf,Mirai",2026-10-04 16:00:04,2026-10-04 16:38:25,85
hash_md5,b627892ba3fbf1c8096df4d1717e81d9,malwarebazaar,Mirai,"elf,Mirai",2026-10-04 16:00:04,2026-10-04 16:38:25,85
hash_md5,b69c7be583b4bf238795df1390192c51,malwarebazaar,Mirai,"elf,Mirai,upx-dec",2026-10-04 16:00:04,2026-10-04 16:38:25,85
hash_md5,b84a71232b38c199ad873e50f0c5a7ee,malwarebazaar,Mirai,"elf,Mirai",2026-10-04 16:00:04,2026-10-04 16:38:25,85
hash_md5,bc0f2f3da7246c38d1babd887e4a6217,malwarebazaar,elf,elf,2026-10-04 16:00:04,2026-10-04 16:38:25,85
hash_md5,be1bfbd9452b9c0ea95c8b276c723072,malwarebazaar,exe,"B,dropped-by-GCleaner,exe,MIX1.file",2026-10-04 16:00:04,2026-10-04 16:38:25,85
hash_md5,c23bcf91c59367bd03b922a88690a6d8,malwarebazaar,Mirai,"arm,cowrie,elf,honeypot,mirai,mozi,torii",2026-10-04 16:00:04,2026-10-04 16:38:25,85
hash_md5,c246af21be90c8df6e0b54debb6d2d84,malwarebazaar,Mirai,"elf,Mirai",2026-10-04 16:00:04,2026-10-04 16:38:25,85
hash_md5,c261aae160d140353f1af0c6a5f059ff,malwarebazaar,xlsx,"xlsx,zip",2026-10-04 16:00:04,2026-10-04 16:38:25,85
hash_md5,c3a2d9c1ae423ae362e76c200f5f3d52,malwarebazaar,BridgeAgent,"A,BridgeAgent,dropped-by-GCleaner,exe,MIX6.file",2026-10-04 16:00:04,2026-10-04 16:38:25,85
hash_md5,c3b0c468de7525efbece05aee2ecd00d,malwarebazaar,elf,elf,2026-10-04 16:00:04,2026-10-04 16:38:25,85
hash_md5,c9a9119a4a3630a70c664a83e0946042,malwarebazaar,Mirai,"elf,Mirai",2026-10-04 16:00:04,2026-10-04 16:38:25,85
hash_md5,ca4a3c73e8dd2d0b97e97d938d9dd92c,malwarebazaar,elf,elf,2026-10-04 16:00:04,2026-10-04 16:38:25,85
hash_md5,cb4bb72799c0a963064341bc79c1fe54,malwarebazaar,macho,"ClickFix,macho",2026-10-04 16:00:04,2026-10-04 16:38:25,85
hash_md5,ced2ce924457dc9e597e00824ddf16e6,malwarebazaar,Mirai,"elf,Mirai",2026-10-04 16:00:04,2026-10-04 16:38:25,85
hash_md5,d1dde79e94aca1291644392e5292b536,malwarebazaar,elf,elf,2026-10-04 16:00:04,2026-10-04 16:38:25,85
hash_md5,d4df77efc2d7af97efdb28f5c9a335ad,malwarebazaar,msi,"clickfix,msi",2026-10-04 16:00:04,2026-10-04 16:38:25,85
hash_md5,d5a9c713e7e10ec439bf8b744d46987d,malwarebazaar,Mirai,"elf,upx",2026-10-04 16:00:04,2026-10-04 16:38:25,85
hash_md5,d695b8dbec4e57282a1a518eca69e3ca,malwarebazaar,Mirai,"elf,Mirai",2026-10-04 16:00:04,2026-10-04 16:38:25,85
hash_md5,db6066316cb33aa3f531d4a1c2433c8e,malwarebazaar,Mirai,"elf,Mirai",2026-10-04 16:00:04,2026-10-04 16:38:25,85
hash_md5,df2bea031663ba810a0eb9fa4c0a7eeb,malwarebazaar,Mirai,"elf,Mirai",2026-10-04 16:00:04,2026-10-04 16:38:25,85
hash_md5,e15cba45d2c1346619b885edf68b9dd8,malwarebazaar,Mirai,"arm,cowrie,elf,honeypot,Mirai",2026-10-04 16:00:04,2026-10-04 16:38:25,85
hash_md5,e246cfcae58f4633e5f9935abfeb4d8f,malwarebazaar,Mirai,"elf,Mirai",2026-10-04 16:00:04,2026-10-04 16:38:25,85
hash_md5,e42cb51941c44e8979488eda65336508,malwarebazaar,sh,sh,2026-10-04 16:00:04,2026-10-04 16:38:25,85
hash_md5,e629678d617fdf4dccd72d2a2def9a86,malwarebazaar,Mirai,"elf,Mirai",2026-10-04 16:00:04,2026-10-04 16:38:25,85
hash_md5,e768dd1172abece2c8d8df6e04e2862a,malwarebazaar,Mirai,"elf,Mirai",2026-10-04 16:00:04,2026-10-04 16:38:25,85
hash_md5,e7b5fed8049e2f631770fcda6281e3e6,malwarebazaar,Mirai,"elf,Mirai",2026-10-04 16:00:04,2026-10-04 16:38:25,85
hash_md5,e7d6bc5ecfa82786f7ec41580126ac45,malwarebazaar,Mirai,"elf,Mirai,upx-dec",2026-10-04 16:00:04,2026-10-04 16:38:25,85
hash_md5,ebf161cd06337fae197c539f5172d084,malwarebazaar,Mirai,"arm,cowrie,elf,honeypot,mirai,mozi,torii",2026-10-04 16:00:04,2026-10-04 16:38:25,85
hash_md5,f0f2d3d5d9ec95eec8071a5c7889cb64,malwarebazaar,Mirai,"arm,cowrie,elf,honeypot,Mirai",2026-10-04 16:00:04,2026-10-04 16:38:25,85
hash_md5,f1cb0ff5536baaa04eb41e1e5d3acf5d,malwarebazaar,jar,"jar,java,python,silentnet",2026-10-04 16:00:04,2026-10-04 16:38:25,85
hash_md5,f45ee413107a3fc0ca47f529d9756b35,malwarebazaar,ConnectWise,"ConnectWise,exe,signed",2026-10-04 16:00:04,2026-10-04 16:38:25,85
hash_md5,f4f5efcfce130f48e9778d48056b2a2f,malwarebazaar,Mirai,"elf,Mirai",2026-10-04 16:00:04,2026-10-04 16:38:25,85
hash_md5,f548f78203f9896d4bb10e813f05fc89,malwarebazaar,Mirai,"elf,Mirai",2026-10-04 16:00:04,2026-10-04 16:38:25,85
hash_md5,f721d7fb78c17114b9c87cb5cebc2e3c,malwarebazaar,jar,"jar,java,python,silentnet",2026-10-04 16:00:04,2026-10-04 16:38:25,85
hash_md5,f9c086f3d4f01a4645df643952baff4f,malwarebazaar,elf,elf,2026-10-04 16:00:04,2026-10-04 16:38:25,85
hash_md5,fcb23c6266e83a001a5545f4ec3213de,malwarebazaar,elf,"apex3,ddos,elf,go,x86_64",2026-10-04 16:00:04,2026-10-04 16:38:25,85
hash_sha256,059040fee6f5f56437a288b0dd92df796cb72902d907e714cc984b5c92b96244,malwarebazaar,jar,"jar,java,stealer",2026-10-04 16:00:04,2026-10-04 16:38:25,85
hash_sha256,073daa6a559f6dfba73f388a9c7451c53515c359c2a4b666fc4f46b2f2bad5f3,malwarebazaar,AsyncRAT,"AsyncRAT,exe",2026-10-04 16:00:04,2026-10-04 16:38:25,85
hash_sha256,094af8818e148c4324e65b3a09b9c9b05a336497642fbd116037310e6b1ca8b3,malwarebazaar,jar,"jar,java,python,silentnet",2026-10-04 16:00:04,2026-10-04 16:38:25,85
hash_sha256,09bcada47a24b97c59c66ab1525a4c966ab4170619447d6d3d36a25f7595312d,malwarebazaar,Formbook,"Formbook,powershell,ps1",2026-10-04 16:00:04,2026-10-04 16:38:25,85
hash_sha256,0f103597008e3bc6ca629fc540e916b14d50fcb4e7f9e634e28cb515fc3ba21e,malwarebazaar,Mirai,"elf,Mirai",2026-10-04 16:00:04,2026-10-04 16:38:25,85
hash_sha256,0f223dda258116b23a3f856b76c346f75d24ffde2dba7598110b80f262587288,malwarebazaar,ConnectWise,"ConnectWise,exe,signed",2026-10-04 16:00:04,2026-10-04 16:38:25,85
hash_sha256,140b8ca2f9b7f76396531fe3c8d34848caeea1001f7a38dadfc6b91cd647125d,malwarebazaar,Mirai,"elf,Mirai",2026-10-04 16:00:04,2026-10-04 16:38:25,85
hash_sha256,16bc0dfc9d6d24b682b76a61405ef05b250341b2fe48a46b1672267c979ca2de,malwarebazaar,Mirai,"elf,Mirai",2026-10-04 16:00:04,2026-10-04 16:38:25,85
hash_sha256,187c6d8e2309a1e4dcda02d46da0ff3506738b63fbd5c6ce72c870bede835d36,malwarebazaar,Mirai,"elf,Mirai",2026-10-04 16:00:04,2026-10-04 16:38:25,85
hash_sha256,19cd29f02ac4bbde5eaa3cdab77c3ecf55447fdd58df9458d4ff01097acff0fd,malwarebazaar,elf,elf,2026-10-04 16:00:04,2026-10-04 16:38:25,85
hash_sha256,1a71e01582373f2c99583aa0c4c435202ec640230e0727e2bc63129b5957e6de,malwarebazaar,elf,elf,2026-10-04 16:00:04,2026-10-04 16:38:25,85
hash_sha256,207332e5a740873d4f89fc1a82938329779526cd22d41f06a70a3628ad35dd47,malwarebazaar,elf,elf,2026-10-04 16:00:04,2026-10-04 16:38:25,85
hash_sha256,21706398640bd196f67ca5272cac4ba12f4234cf80a9636312d2288b2d7d256c,malwarebazaar,xlsx,"xlsx,zip",2026-10-04 16:00:04,2026-10-04 16:38:25,85
hash_sha256,2246e8813170a054466202bfdcdd440609b22316120b83f834e8dac9999219c1,malwarebazaar,jar,"jar,java,python,silentnet",2026-10-04 16:00:04,2026-10-04 16:38:25,85
hash_sha256,291672084703b5197b4559a5b6beca7395e263b3b3c7b8bf9b5b5cb1534b8a9d,malwarebazaar,jar,"jar,java,python,silentnet",2026-10-04 16:00:04,2026-10-04 16:38:25,85
hash_sha256,2ad0d8d26b7a6bb769c9cfbccafc226f707dc0e68ef4ccbc51609d8b7d1514bd,malwarebazaar,Mirai,"elf,Mirai",2026-10-04 16:00:04,2026-10-04 16:38:25,85
hash_sha256,2f4eeacd76caf8f4a31cb22e4cbffea3b370c0f30c9d68d51934c13512a5a9f7,malwarebazaar,elf,"apex3,ddos,elf,go,x86_64",2026-10-04 16:00:04,2026-10-04 16:38:25,85
hash_sha256,301852f7b9e48dcfe19af97f9de2c6c64c8b7a5a6365424f94cc0d8b528ea6cb,malwarebazaar,sh,"apex3,loader,sh,shellscript",2026-10-04 16:00:04,2026-10-04 16:38:25,85
hash_sha256,37eba2db655a9bfa784e18e83a686516619da262268e6ed66cbe3b23c4ce0845,malwarebazaar,Mirai,"elf,upx",2026-10-04 16:00:04,2026-10-04 16:38:25,85
hash_sha256,397c4f63865f3282e6ce70acae59d91cff87912d152affbd2ffee7ff77a88227,malwarebazaar,Prometei,"elf,Prometei,wraith",2026-10-04 16:00:04,2026-10-04 16:38:25,85
hash_sha256,3a84d9e47d29ec089e09b27d75538f5167c77e5d014119a4f415f8305266cf9a,malwarebazaar,Mirai,"arm,cowrie,elf,honeypot,mirai,mozi,torii",2026-10-04 16:00:04,2026-10-04 16:38:25,85
hash_sha256,3e118fa0f8a6102b5df6c3344b932904817b3a5aee814a13ec9b7ee3521dddab,malwarebazaar,jar,"jar,java,python,silentnet",2026-10-04 16:00:04,2026-10-04 16:38:25,85
hash_sha256,42b384e9711a8b136084b400a2152f0ee5661f131ba629210bea8ee9548d547a,malwarebazaar,Mirai,"elf,Mirai",2026-10-04 16:00:04,2026-10-04 16:38:25,85
hash_sha256,450e833982abcc36735cefcbcbb5c4c2c1421cbb907813413e62005fba21c410,malwarebazaar,Mirai,"arm,cowrie,elf,honeypot,Mirai",2026-10-04 16:00:04,2026-10-04 16:38:25,85
hash_sha256,4a4bc915698e3f1d0f98870a238ea59a1f7a3cd70601cf3184c8c4895fa8c158,malwarebazaar,Mirai,"elf,Mirai",2026-10-04 16:00:04,2026-10-04 16:38:25,85
hash_sha256,4f4ead9ede65f2c3ef5fb07428a5bdea39c228d38cbcc64bedd8a83ce64fe234,malwarebazaar,jar,"jar,java,python,silentnet",2026-10-04 16:00:04,2026-10-04 16:38:25,85
hash_sha256,4fedb1ac6ec971db2ebbaba63b8a2195782ffb79c5a6b44a15d15806368dab95,malwarebazaar,jar,"jar,java,python,silentnet",2026-10-04 16:00:04,2026-10-04 16:38:25,85
hash_sha256,50f787c409d3324a1ba62374360b835dc094e1e6ff73e6fdb633aa7657328bfb,malwarebazaar,Mirai,"elf,Mirai",2026-10-04 16:00:04,2026-10-04 16:38:25,85
hash_sha256,556a20b705f8e59266b3e4a0ed3b78b8373eaf9bb3cde86cc9bc94632cf71e91,malwarebazaar,Mirai,"elf,Mirai",2026-10-04 16:00:04,2026-10-04 16:38:25,85
hash_sha256,5757028aed0c262400ca247d6cdf88f692080af88e03382f02181e277b2c2185,malwarebazaar,elf,elf,2026-10-04 16:00:04,2026-10-04 16:38:25,85
hash_sha256,582d3b1ae44863bd9d19005c05e50aceb2162439c9bc3066ce59c4df89f39683,malwarebazaar,Mirai,"elf,Mirai",2026-10-04 16:00:04,2026-10-04 16:38:25,85
hash_sha256,5a8e0f96cdc4ae20b9b76f3b0b9fbc6acd154f58cc045260089b78dc7ebf4eaa,malwarebazaar,Mirai,"elf,Mirai",2026-10-04 16:00:04,2026-10-04 16:38:25,85
hash_sha256,5d655af0cacc81c86d4f2e55adcbde7e13a8619fcbd4ae70ccdde0b5060f11cf,malwarebazaar,DattoRMM,"DattoRMM,exe,signed",2026-10-04 16:00:04,2026-10-04 16:38:25,85
hash_sha256,5da5acdb8759fe324fabec7e2d25e8e11c3a51ed14d5d04d121c05050e1b7c91,malwarebazaar,Mirai,"elf,Mirai,upx-dec",2026-10-04 16:00:04,2026-10-04 16:38:25,85
hash_sha256,62a602952bf61085cf5406e9aa8c674b4201ec8aa85ebbcad83b43e8eb43a0dc,malwarebazaar,Mirai,"elf,Mirai",2026-10-04 16:00:04,2026-10-04 16:38:25,85
hash_sha256,66024c3e81837a3a9513ebc6e8e93176b82529db47a43de88fd4cf2d859f712f,malwarebazaar,Mirai,"elf,upx",2026-10-04 16:00:04,2026-10-04 16:38:25,85
hash_sha256,68315ccc5dba003a026b9a6a8a4cd6026be2494d3720d19b8df6ee5e0258c208,malwarebazaar,Mirai,"elf,Mirai",2026-10-04 16:00:04,2026-10-04 16:38:25,85
hash_sha256,690d1500218d5672baa17a94561d069ac5647864c3cb70b105d851d4e12b0461,malwarebazaar,exe,exe,2026-10-04 16:00:04,2026-10-04 16:38:25,85
hash_sha256,69462fc9e1dbe7eeec7b16aba87e9da6e34f52dbb884464e9c6661244bbe08f0,malwarebazaar,Mirai,"elf,Mirai",2026-10-04 16:00:04,2026-10-04 16:38:25,85
hash_sha256,69957c3038fcb6a2cc6ce66813f3e58dcd55fbe3bea739da3ff089502b721e4c,malwarebazaar,exe,exe,2026-10-04 16:00:04,2026-10-04 16:38:25,85
hash_sha256,6d7d3848601048d14a7c852d750ca42cda5b0ad9cc2b6d0fee8db1f8daa2077a,malwarebazaar,Mirai,"elf,Mirai",2026-10-04 16:00:04,2026-10-04 16:38:25,85
hash_sha256,701cf1cac77c536622d7cae9d173bdd83e9e7b1d08c1f09b14ae39f1ddd81f4b,malwarebazaar,elf,elf,2026-10-04 16:00:04,2026-10-04 16:38:25,85
hash_sha256,708a3b82d8f830d6a9e2e243c076f1e04bd6e6389cca7c17824dbf0f816da5c3,malwarebazaar,elf,elf,2026-10-04 16:00:04,2026-10-04 16:38:25,85
hash_sha256,730ec1db4e7f7aa0acb48421d7962774cb161d0098642aafd5212b388c801129,malwarebazaar,Mirai,"elf,Mirai",2026-10-04 16:00:04,2026-10-04 16:38:25,85
hash_sha256,761e2fb33456b4c15d42998fe7cb5c51637f5f6bb8615c77ca2e7651f810bbb6,malwarebazaar,Mirai,"arm,cowrie,elf,honeypot,mirai,mozi,torii",2026-10-04 16:00:04,2026-10-04 16:38:25,85
hash_sha256,777231c06889c219b530dd28a3061836fb8281ffba160bfaf4c0e51106b395f8,malwarebazaar,Mirai,"elf,Mirai",2026-10-04 16:00:04,2026-10-04 16:38:25,85
hash_sha256,7edc9df1fd33d9b00ba4013307b3574ea2b772e8b055029b0c5309c59c935025,malwarebazaar,Gafgyt,"elf,Gafgyt",2026-10-04 16:00:04,2026-10-04 16:38:25,85
hash_sha256,81a7cdbbf15c84b01f5144fa45f4148dd12a373df07ea37850510cc3b0694d92,malwarebazaar,sh,"sh,wraith",2026-10-04 16:00:04,2026-10-04 16:38:25,85
hash_sha256,8733a3c3b6ead1ea724bf6e7ccf6e231e570ddf25611391ad6fc0b6674eee4ef,malwarebazaar,exe,"dropped-by-OffLoader,exe",2026-10-04 16:00:04,2026-10-04 16:38:25,85
hash_sha256,878b4051e89dd467b399da9707c5e7cac49e2d98a3038f332f199206faab4d09,malwarebazaar,Mirai,"elf,Mirai",2026-10-04 16:00:04,2026-10-04 16:38:25,85
hash_sha256,8a06b8baaa7c068b985d1af387ea75aa22c0ee87215a1f13e2695bfee2979638,malwarebazaar,Mirai,"arm,cowrie,elf,honeypot,Mirai",2026-10-04 16:00:04,2026-10-04 16:38:25,85
hash_sha256,8e5ff09417b5abd40391abf0b3d9e14d243ebaa9f5fd9aecb2ca226f81fa559f,malwarebazaar,Mirai,"elf,Mirai",2026-10-04 16:00:04,2026-10-04 16:38:25,85
hash_sha256,93376ea4db1d1ca27be183566efad1726b974641e373073f4ab16e41a79de00d,malwarebazaar,Mirai,"elf,Mirai",2026-10-04 16:00:04,2026-10-04 16:38:25,85
hash_sha256,93972091bb3e72b281b7f99ca52edc5e3659b70f90fdfe2723111e9c75b5a935,malwarebazaar,zip,zip,2026-10-04 16:00:04,2026-10-04 16:38:25,85
hash_sha256,96eeecf5316b2def44bbfdeb4a156ccd3873ff98d871c7980ea6e562287c384f,malwarebazaar,Mirai,"elf,Mirai",2026-10-04 16:00:04,2026-10-04 16:38:25,85
hash_sha256,993aa79338e2c3621399d022d6fc84cad582501156766a983751acf634b18668,malwarebazaar,Mirai,"elf,Mirai",2026-10-04 16:00:04,2026-10-04 16:38:25,85
hash_sha256,9e2f886322137391fdfd8555e5a2e317a3c507b51e897c53273d5d696531cc12,malwarebazaar,CoinMiner,"CoinMiner,exe",2026-10-04 16:00:04,2026-10-04 16:38:25,85
hash_sha256,9f9999dd227e16293199f29a93e06dd4b9d371bfa97d371a2f56d074a0372290,malwarebazaar,Mirai,"elf,Mirai",2026-10-04 16:00:04,2026-10-04 16:38:25,85
hash_sha256,a3f8f44f57fecae52c7248664fb9f33f5d6d6ee072977c3aaf530e1bf8a6e229,malwarebazaar,jar,"jar,java,python,silentnet",2026-10-04 16:00:04,2026-10-04 16:38:25,85
hash_sha256,a6dcd590249b10c724e2e3de3f1df711c161e39ecaec6b1193c54412d2198234,malwarebazaar,jar,"jar,java,python,silentnet",2026-10-04 16:00:04,2026-10-04 16:38:25,85
hash_sha256,a6fd9946588813407f8e625f2450d22874e1dbbf7c0dc602b16786ebed410035,malwarebazaar,BridgeAgent,"A,BridgeAgent,dropped-by-GCleaner,exe,MIX6.file",2026-10-04 16:00:04,2026-10-04 16:38:25,85
hash_sha256,a9c05c2ecf9cfc9096d4d9d830ad308456fe9a90cd90e55a6f36aec676e6cd2d,malwarebazaar,jar,"jar,java,python,silentnet",2026-10-04 16:00:04,2026-10-04 16:38:25,85
hash_sha256,a9ff2d131e5561574e5a8e76ebc37671f1076c7844c595dc6c5afeb231be02ce,malwarebazaar,Mirai,"elf,Mirai",2026-10-04 16:00:04,2026-10-04 16:38:25,85
hash_sha256,abbfd954e831f90094fbea3fd6a047620e4c5fec6c52ed610ad5db397686621d,malwarebazaar,Mirai,"arm,cowrie,elf,honeypot,Mirai",2026-10-04 16:00:04,2026-10-04 16:38:25,85
hash_sha256,ad7adc582c3c1556290c0b42ad7cc8895b72f6ef49f91227a9b6134e8e773ec5,malwarebazaar,Mirai,"elf,Mirai",2026-10-04 16:00:04,2026-10-04 16:38:25,85
hash_sha256,ad7af34fa799ab9a16df4695068965e40195d2f7b7da176605cb35819647c9f1,malwarebazaar,Mirai,"elf,Mirai",2026-10-04 16:00:04,2026-10-04 16:38:25,85
hash_sha256,ae758d96c96f29cb36176d98d668716e443e7db062e4d0c9d976b52dbc567bce,malwarebazaar,DarkTortilla,"DarkTortilla,exe",2026-10-04 16:00:04,2026-10-04 16:38:25,85
hash_sha256,b3bac440e7bb1f6ca5b6fb86f1ba65cd4851046fecb2e9ac1425cb6d118807c9,malwarebazaar,Mirai,"elf,Mirai",2026-10-04 16:00:04,2026-10-04 16:38:25,85
hash_sha256,b5bfa619d1d3bbc45357fd95ef750c9d9a122f64a7ff539be2da4c784b583f3f,malwarebazaar,Mirai,"arm,cowrie,elf,honeypot,mirai,mozi,torii",2026-10-04 16:00:04,2026-10-04 16:38:25,85
hash_sha256,b6ca5f904271484996ac496ffae4ebe37f8f241ce0eca14f7b998262f4e9f76c,malwarebazaar,Mirai,"elf,Mirai",2026-10-04 16:00:04,2026-10-04 16:38:25,85
hash_sha256,b7439b069ae83dc07074a0f1c4cdb7ff19cac0e3e2854b853efcf1f450cdc381,malwarebazaar,Mirai,"elf,Mirai",2026-10-04 16:00:04,2026-10-04 16:38:25,85
hash_sha256,b75544c9deecf45df990eed9120ed15f16582ac3ee91877410bff9b5c820d347,malwarebazaar,Mirai,"elf,Mirai",2026-10-04 16:00:04,2026-10-04 16:38:25,85
hash_sha256,b8d504df55eab6e214ea50bd21d6849b8555cef527c9222dcb39be732783bd02,malwarebazaar,exe,exe,2026-10-04 16:00:04,2026-10-04 16:38:25,85
hash_sha256,ba0f697bbdbabdcb48c377aec31dd6c9e09041e952f9903a23a06866cdcdbb88,malwarebazaar,ConnectWise,"ConnectWise,msi,signed",2026-10-04 16:00:04,2026-10-04 16:38:25,85
hash_sha256,bb6901507479e57767f9ad6847b2fdd44ac7cda82051c210ed827b6007d39a48,malwarebazaar,Mirai,"elf,Mirai",2026-10-04 16:00:04,2026-10-04 16:38:25,85
hash_sha256,bc60911f3cf1beae3b46e32eaa7597e9785b4bf0e5d9ee31a1f2b3d57bc966cf,malwarebazaar,Mirai,"elf,Mirai,upx-dec",2026-10-04 16:00:04,2026-10-04 16:38:25,85
hash_sha256,be11f7a8c299e5af822e4344dc8b254a8e2070781843db03e7f199cec60fa7ee,malwarebazaar,Mirai,"elf,Mirai",2026-10-04 16:00:04,2026-10-04 16:38:25,85
hash_sha256,bf43db6b6bcfdafeb6033379b0364bdda79389b851c874e3310faf1d6f0ad09c,malwarebazaar,exe,"exe,signed",2026-10-04 16:00:04,2026-10-04 16:38:25,85
hash_sha256,c06874496cb22ecade82a92e071f023cbd06368a707b5cb5e41f05ec5db510f5,malwarebazaar,Mirai,"elf,Mirai",2026-10-04 16:00:04,2026-10-04 16:38:25,85
hash_sha256,c104dedde26a34dffb7c3c24f0ed1cc09a6e6e680b169bfc6bd0643fb784f5dc,malwarebazaar,elf,elf,2026-10-04 16:00:04,2026-10-04 16:38:25,85
hash_sha256,c31dce2fb6a0c736607e37d5f6bfeeb10dbbb4a7aa9bfcdf1c288186c5fcec9d,malwarebazaar,elf,elf,2026-10-04 16:00:04,2026-10-04 16:38:25,85
hash_sha256,c819c6326521303dcf759fdbdff457f01a96e54f968ef6177d332b9bd3d02165,malwarebazaar,Mirai,"elf,Mirai",2026-10-04 16:00:04,2026-10-04 16:38:25,85
hash_sha256,c9d1bf7bfe1818e071b6b71d10e0a4f2f0a4fcdfcb510acd83fc1f098166c3ee,malwarebazaar,Mirai,"elf,Mirai",2026-10-04 16:00:04,2026-10-04 16:38:25,85
hash_sha256,cc4a11211077466673af8ebc9cfec072d5b0011cbc46f2135a727815b8e4a165,malwarebazaar,Mirai,"elf,Mirai",2026-10-04 16:00:04,2026-10-04 16:38:25,85
hash_sha256,ceda532897b6c689c43d7e22c560b7ce6f9c0529bc6cfcf5926537f05edd1aa9,malwarebazaar,exe,"B,dropped-by-GCleaner,exe,MIX1.file",2026-10-04 16:00:04,2026-10-04 16:38:25,85
hash_sha256,cf416aea90c89f594e66aaf9439962141370e976bc2e1b7d32590cd30d7c39e7,malwarebazaar,Mirai,"elf,Mirai",2026-10-04 16:00:04,2026-10-04 16:38:25,85
hash_sha256,d0daabb671e227b3ac4724ba505492b5bc42fbefa7b5f36ee3761b1ee29d8473,malwarebazaar,Mirai,elf,2026-10-04 16:00:04,2026-10-04 16:38:25,85
hash_sha256,d11af635ba20bb1bd11918b19f9911e661f80ac61da36e38413a03754e299ed0,malwarebazaar,Mirai,"arm,cowrie,elf,honeypot,mirai,mozi,torii",2026-10-04 16:00:04,2026-10-04 16:38:25,85
hash_sha256,d150f986e2b574b59565e98ad5752a6c9592f0405f638fda1b489cf13bd69082,malwarebazaar,Mirai,"elf,Mirai",2026-10-04 16:00:04,2026-10-04 16:38:25,85
hash_sha256,d3fec8b8daa70334fe2e8f803309dd916bcee7381d8a71d299f9dff46867d04c,malwarebazaar,Mirai,"elf,Mirai",2026-10-04 16:00:04,2026-10-04 16:38:25,85
hash_sha256,d46a3f21f36c6f6bb0f39bb33d9f59ebb6d8c05df74dd4749a4797258f88e78a,malwarebazaar,sh,sh,2026-10-04 16:00:04,2026-10-04 16:38:25,85
hash_sha256,d7cd6adb3c3485e7eb89ea1a7598d975da7482578eae01eb78e201a9c4d53afa,malwarebazaar,elf,elf,2026-10-04 16:00:04,2026-10-04 16:38:25,85
hash_sha256,dbc1a1977dd3fc6d5540a93cd4ee8c6bc15d3e956616634367624beffbb49016,malwarebazaar,Mirai,"elf,Mirai",2026-10-04 16:00:04,2026-10-04 16:38:25,85
hash_sha256,dd16c62d977ee0139ba226a73324cd60d91d312944305793f2a520a9c15e9422,malwarebazaar,macho,"ClickFix,macho",2026-10-04 16:00:04,2026-10-04 16:38:25,85
hash_sha256,de958b6195ea807ae674b522a907be91331c4d12e564e3a8e8d86d8db64d33cd,malwarebazaar,msi,"clickfix,msi",2026-10-04 16:00:04,2026-10-04 16:38:25,85
hash_sha256,de96a13f453b8065e6b2695cc7372e0635969f522fe950239ca5ff03780c44b6,malwarebazaar,Mirai,"elf,Mirai",2026-10-04 16:00:04,2026-10-04 16:38:25,85
hash_sha256,e858f419dcb24be43214fff1097c8acbf37f840e09a6cb0655db7752e019612d,malwarebazaar,exe,"clickfix,exe,Rhadamanthys,stealer",2026-10-04 16:00:04,2026-10-04 16:38:25,85
hash_sha256,e8744f1a3e8aa7449402ec2f4cbc3cc176d07424cb3535c1542dbeac6a65ee42,malwarebazaar,jar,"jar,java,python,silentnet",2026-10-04 16:00:04,2026-10-04 16:38:25,85
hash_sha256,e9011330a90fa55a2152dbbbb42288f0218c2f9d451334c9962219f914005bec,malwarebazaar,jar,"jar,java,python,silentnet",2026-10-04 16:00:04,2026-10-04 16:38:25,85
hash_sha256,eba19fb2df6199e2b513d405d37fa16df28cab88a1f46bcdffee9c311c40e469,malwarebazaar,Mirai,"elf,Mirai",2026-10-04 16:00:04,2026-10-04 16:38:25,85
hash_sha256,eeac1b33f9072f31fd18228e0280780fd9edfa6c6e45ff96b71ee5adf87b278b,malwarebazaar,Mirai,"elf,Mirai",2026-10-04 16:00:04,2026-10-04 16:38:25,85
hash_sha256,f05a098fa2e1899797e42ebc396932e05ee40adb4454de37f760d87784a4b17c,malwarebazaar,jar,"irahook,jar,java,qProtect",2026-10-04 16:00:04,2026-10-04 16:38:25,85
hash_sha256,f1b2732e9514446bd024c8ba5f9d3ec2d259ab001177614ac6e52b36ae586bae,malwarebazaar,exe,"exe,nwhstealer,stealer",2026-10-04 16:00:04,2026-10-04 16:38:25,85
hash_sha256,f5e7771b7187d50c1e17e636d1bbba9465949cd480fdfa115790f11f185d2925,malwarebazaar,Mirai,"elf,Mirai",2026-10-04 16:00:04,2026-10-04 16:38:25,85
hash_sha256,ff9b88acf32a9c6d092e0496a57493f976d0efd20f78a5a8a4c0787cf5054e2e,malwarebazaar,exe,exe,2026-10-04 16:00:04,2026-10-04 16:38:25,85
url,http://103.111.23.12:36304/bin.sh,urlhaus,malware_download,mirai,2026-10-04 16:00:04,2026-10-04 16:38:25,85
url,http://111.179.218.238:60664/i,urlhaus,malware_download,mirai,2026-10-04 16:00:04,2026-10-04 16:38:25,85
url,http://113.230.63.71:50480/bin.sh,urlhaus,malware_download,,2026-10-04 16:00:04,2026-10-04 16:38:25,85
url,http://113.230.63.71:50480/i,urlhaus,malware_download,,2026-10-04 16:00:04,2026-10-04 16:38:25,85
url,http://115.57.244.183:37148/bin.sh,urlhaus,malware_download,Mozi,2026-10-04 16:00:04,2026-10-04 16:38:25,85
url,http://115.57.244.183:37148/i,urlhaus,malware_download,Mozi,2026-10-04 16:00:04,2026-10-04 16:38:25,85
url,http://115.62.214.150:34361/bin.sh,urlhaus,malware_download,Mozi,2026-10-04 16:00:04,2026-10-04 16:38:25,85
url,http://119.114.154.93:34836/i,urlhaus,malware_download,"32-bit,elf,mips,Mozi",2026-10-04 16:00:04,2026-10-04 16:38:25,85
url,http://120.84.214.219:46724/bin.sh,urlhaus,malware_download,,2026-10-04 16:00:04,2026-10-04 16:38:25,85
url,http://120.84.214.219:46724/i,urlhaus,malware_download,,2026-10-04 16:00:04,2026-10-04 16:38:25,85
url,http://123.12.236.162:44020/i,urlhaus,malware_download,Mozi,2026-10-04 16:00:04,2026-10-04 16:38:25,85
url,http://123.190.16.227:51354/bin.sh,urlhaus,malware_download,,2026-10-04 16:00:04,2026-10-04 16:38:25,85
url,http://125.40.122.6:35820/bin.sh,urlhaus,malware_download,Mozi,2026-10-04 16:00:04,2026-10-04 16:38:25,85
url,http://143.20.154.42/bins/bot.x86_64,urlhaus,malware_download,"64-bit,elf,x86-64",2026-10-04 16:00:04,2026-10-04 16:38:25,85
url,http://154.223.128.222:45986/i,urlhaus,malware_download,mirai,2026-10-04 16:00:04,2026-10-04 16:38:25,85
url,http://154.248.173.59:55041/i,urlhaus,malware_download,Mozi,2026-10-04 16:00:04,2026-10-04 16:38:25,85
url,http://158.255.83.39:39532/i,urlhaus,malware_download,,2026-10-04 16:00:04,2026-10-04 16:38:25,85
url,http://163.142.85.142:56944/i,urlhaus,malware_download,,2026-10-04 16:00:04,2026-10-04 16:38:25,85
url,http://163.142.94.86:50677/i,urlhaus,malware_download,"32-bit,elf,mips,Mozi",2026-10-04 16:00:04,2026-10-04 16:38:25,85
url,http://175.147.88.251:37270/bin.sh,urlhaus,malware_download,,2026-10-04 16:00:04,2026-10-04 16:38:25,85
url,http://175.147.88.251:37270/i,urlhaus,malware_download,,2026-10-04 16:00:04,2026-10-04 16:38:25,85
url,http://176.65.139.139/Binarys/Owari.arm,urlhaus,malware_download,"elf,mirai",2026-10-04 16:00:04,2026-10-04 16:38:25,85
url,http://176.65.139.139/Binarys/Owari.arm5,urlhaus,malware_download,"elf,mirai",2026-10-04 16:00:04,2026-10-04 16:38:25,85
url,http://176.65.139.139/Binarys/Owari.arm6,urlhaus,malware_download,"elf,mirai",2026-10-04 16:00:04,2026-10-04 16:38:25,85
url,http://176.65.139.139/Binarys/Owari.arm7,urlhaus,malware_download,"elf,mirai",2026-10-04 16:00:04,2026-10-04 16:38:25,85
url,http://176.65.139.139/Binarys/Owari.m68k,urlhaus,malware_download,"elf,mirai",2026-10-04 16:00:04,2026-10-04 16:38:25,85
url,http://176.65.139.139/Binarys/Owari.mips,urlhaus,malware_download,"elf,mirai",2026-10-04 16:00:04,2026-10-04 16:38:25,85
url,http://176.65.139.139/Binarys/Owari.mpsl,urlhaus,malware_download,"elf,mirai",2026-10-04 16:00:04,2026-10-04 16:38:25,85
url,http://176.65.139.139/Binarys/Owari.ppc,urlhaus,malware_download,"elf,mirai",2026-10-04 16:00:04,2026-10-04 16:38:25,85
url,http://176.65.139.139/Binarys/Owari.sh4,urlhaus,malware_download,"elf,mirai",2026-10-04 16:00:04,2026-10-04 16:38:25,85
url,http://176.65.139.139/Binarys/Owari.x86,urlhaus,malware_download,"elf,mirai",2026-10-04 16:00:04,2026-10-04 16:38:25,85
url,http://176.65.139.201:8080/nyx_bot_linux_amd64_packed,urlhaus,malware_download,"64-bit,elf,mirai,x86-64",2026-10-04 16:00:04,2026-10-04 16:38:25,85
url,http://176.65.139.201:8080/nyx_bot_linux_mipsle_packed,urlhaus,malware_download,"32-bit,elf,mips,mirai",2026-10-04 16:00:04,2026-10-04 16:38:25,85
url,http://176.65.148.144/bins/Hilix.arm,urlhaus,malware_download,"elf,mirai",2026-10-04 16:00:04,2026-10-04 16:38:25,85
url,http://176.65.148.144/bins/Hilix.arm5,urlhaus,malware_download,"elf,mirai",2026-10-04 16:00:04,2026-10-04 16:38:25,85
url,http://176.65.148.144/bins/Hilix.arm6,urlhaus,malware_download,"elf,mirai",2026-10-04 16:00:04,2026-10-04 16:38:25,85
url,http://176.65.148.144/bins/Hilix.arm7,urlhaus,malware_download,"elf,mirai",2026-10-04 16:00:04,2026-10-04 16:38:25,85
url,http://176.65.148.144/bins/Hilix.m68k,urlhaus,malware_download,"elf,mirai",2026-10-04 16:00:04,2026-10-04 16:38:25,85
url,http://176.65.148.144/bins/Hilix.mips,urlhaus,malware_download,"elf,mirai",2026-10-04 16:00:04,2026-10-04 16:38:25,85
url,http://176.65.148.144/bins/Hilix.mpsl,urlhaus,malware_download,"elf,mirai",2026-10-04 16:00:04,2026-10-04 16:38:25,85
url,http://176.65.148.144/bins/Hilix.ppc,urlhaus,malware_download,"elf,mirai",2026-10-04 16:00:04,2026-10-04 16:38:25,85
url,http://176.65.148.144/bins/Hilix.sh4,urlhaus,malware_download,"elf,mirai",2026-10-04 16:00:04,2026-10-04 16:38:25,85
url,http://176.65.148.144/bins/Hilix.x86,urlhaus,malware_download,"elf,mirai",2026-10-04 16:00:04,2026-10-04 16:38:25,85
url,http://180.190.203.41:50927/bin.sh,urlhaus,malware_download,mirai,2026-10-04 16:00:04,2026-10-04 16:38:25,85
url,http://180.243.50.122:52226/i,urlhaus,malware_download,mirai,2026-10-04 16:00:04,2026-10-04 16:38:25,85
url,http://182.116.121.105:35375/i,urlhaus,malware_download,"32-bit,elf,mips,Mozi",2026-10-04 16:00:04,2026-10-04 16:38:25,85
url,http://182.121.192.65:34449/i,urlhaus,malware_download,mirai,2026-10-04 16:00:04,2026-10-04 16:38:25,85
url,http://182.127.112.11:36544/i,urlhaus,malware_download,"elf,Mozi",2026-10-04 16:00:04,2026-10-04 16:38:25,85
url,http://203.177.177.85:34139/bin.sh,urlhaus,malware_download,mirai,2026-10-04 16:00:04,2026-10-04 16:38:25,85
url,http://203.177.177.85:34139/i,urlhaus,malware_download,mirai,2026-10-04 16:00:04,2026-10-04 16:38:25,85
url,http://210.208.104.156:34238/bin.sh,urlhaus,malware_download,"32-bit,arm,elf,mirai,Mozi",2026-10-04 16:00:04,2026-10-04 16:38:25,85
url,http://210.208.104.156:34238/i,urlhaus,malware_download,"32-bit,arm,elf,mirai,Mozi",2026-10-04 16:00:04,2026-10-04 16:38:25,85
url,http://219.155.201.253:49340/bin.sh,urlhaus,malware_download,Mozi,2026-10-04 16:00:04,2026-10-04 16:38:25,85
url,http://222.127.242.213:44063/i,urlhaus,malware_download,mirai,2026-10-04 16:00:04,2026-10-04 16:38:25,85
url,http://23.94.145.112/svvhost.exe,urlhaus,malware_download,DarkTortilla,2026-10-04 16:00:04,2026-10-04 16:38:25,85
url,http://27.202.215.44:38350/bin.sh,urlhaus,malware_download,,2026-10-04 16:00:04,2026-10-04 16:38:25,85
url,http://27.215.212.68:56602/bin.sh,urlhaus,malware_download,"32-bit,cowrie,elf,honeypot,mips,Mozi",2026-10-04 16:00:04,2026-10-04 16:38:25,85
url,http://27.220.241.66:41824/bin.sh,urlhaus,malware_download,Mozi,2026-10-04 16:00:04,2026-10-04 16:38:25,85
url,http://31.129.2.46:55739/bin.sh,urlhaus,malware_download,"32-bit,arm,elf,mirai,Mozi",2026-10-04 16:00:04,2026-10-04 16:38:25,85
url,http://31.56.52.6:7768/dl.sh,urlhaus,malware_download,"elf,iot",2026-10-04 16:00:04,2026-10-04 16:38:25,85
url,http://39.79.155.243:44976/i,urlhaus,malware_download,Mozi,2026-10-04 16:00:04,2026-10-04 16:38:25,85
url,http://42.224.146.34:55637/bin.sh,urlhaus,malware_download,,2026-10-04 16:00:04,2026-10-04 16:38:25,85
url,http://42.224.96.255:60757/i,urlhaus,malware_download,Mozi,2026-10-04 16:00:04,2026-10-04 16:38:25,85
url,http://42.226.65.18:39212/bin.sh,urlhaus,malware_download,Mozi,2026-10-04 16:00:04,2026-10-04 16:38:25,85
url,http://42.239.255.6:34597/i,urlhaus,malware_download,Mozi,2026-10-04 16:00:04,2026-10-04 16:38:25,85
url,http://42.57.205.133:55031/i,urlhaus,malware_download,"32-bit,elf,mips,Mozi",2026-10-04 16:00:04,2026-10-04 16:38:25,85
url,http://42.59.237.213:36906/bin.sh,urlhaus,malware_download,,2026-10-04 16:00:04,2026-10-04 16:38:25,85
url,http://42.59.237.213:36906/i,urlhaus,malware_download,,2026-10-04 16:00:04,2026-10-04 16:38:25,85
url,http://60.23.236.8:37564/bin.sh,urlhaus,malware_download,,2026-10-04 16:00:04,2026-10-04 16:38:25,85
url,http://61.52.159.237:58508/i,urlhaus,malware_download,Mozi,2026-10-04 16:00:04,2026-10-04 16:38:25,85
url,http://77.110.102.43/ed04570fa?force=1,urlhaus,malware_download,ClickFix,2026-10-04 16:00:04,2026-10-04 16:38:25,85
url,http://77.221.153.100/d2503d96a3?force=1,urlhaus,malware_download,ClickFix,2026-10-04 16:00:04,2026-10-04 16:38:25,85
url,http://89.163.157.131:8080/persist.sh,urlhaus,malware_download,"cowrie,honeypot",2026-10-04 16:00:04,2026-10-04 16:38:25,85
url,http://89.163.157.131:8080/x86_64,urlhaus,malware_download,"cowrie,honeypot,mirai",2026-10-04 16:00:04,2026-10-04 16:38:25,85
url,http://94.154.43.64/Binarys/Owari.arm,urlhaus,malware_download,"elf,mirai",2026-10-04 16:00:04,2026-10-04 16:38:25,85
url,http://94.154.43.64/Binarys/Owari.arm5,urlhaus,malware_download,"elf,mirai",2026-10-04 16:00:04,2026-10-04 16:38:25,85
url,http://94.154.43.64/Binarys/Owari.arm6,urlhaus,malware_download,"elf,mirai",2026-10-04 16:00:04,2026-10-04 16:38:25,85
url,http://94.154.43.64/Binarys/Owari.arm7,urlhaus,malware_download,"elf,mirai",2026-10-04 16:00:04,2026-10-04 16:38:25,85
url,http://94.154.43.64/Binarys/Owari.m68k,urlhaus,malware_download,"elf,mirai",2026-10-04 16:00:04,2026-10-04 16:38:25,85
url,http://94.154.43.64/Binarys/Owari.mips,urlhaus,malware_download,"elf,mirai",2026-10-04 16:00:04,2026-10-04 16:38:25,85
url,http://94.154.43.64/Binarys/Owari.mpsl,urlhaus,malware_download,"elf,mirai",2026-10-04 16:00:04,2026-10-04 16:38:25,85
url,http://94.154.43.64/Binarys/Owari.ppc,urlhaus,malware_download,"elf,mirai",2026-10-04 16:00:04,2026-10-04 16:38:25,85
url,http://94.154.43.64/Binarys/Owari.sh4,urlhaus,malware_download,"elf,mirai",2026-10-04 16:00:04,2026-10-04 16:38:25,85
url,http://94.154.43.64/Binarys/Owari.x86,urlhaus,malware_download,"elf,mirai",2026-10-04 16:00:04,2026-10-04 16:38:25,85
url,http://project0.cc/f/m/.X0-lock_x86_64,urlhaus,malware_download,"CoinMiner,elf",2026-10-04 16:00:04,2026-10-04 16:38:25,85
url,https://104.193.195.143/Bin/support.ClientSetup.msi?e=Access,urlhaus,malware_download,"connectwise,msi",2026-10-04 16:00:04,2026-10-04 16:38:25,85
url,https://cdn.discordapp.com/attachments/1521843051192909974/1556292036628316191/bundle.zip?ex=6ac3a168&is=6ac24fe8&hm=58f1be0d4cd105b7ec5303f5f0226d507ffde9335bcd81d86b4c292e5fc4a5a6&,urlhaus,malware_download,IRAHook,2026-10-04 16:00:04,2026-10-04 16:38:25,85
url,https://donutsmpclient.com/__l5e/assets-v1/0159fb8d-0aea-4905-940b-7f47e0c85044/GoobaClient-1.21.11.jar,urlhaus,malware_download,SilentNet,2026-10-04 16:00:04,2026-10-04 16:38:25,85
url,https://donutsmpclient.com/__l5e/assets-v1/23dd2aa2-8e72-4c23-9500-e085982cefc0/FrostClientV2-1.21.11.jar,urlhaus,malware_download,SilentNet,2026-10-04 16:00:04,2026-10-04 16:38:25,85
url,https://donutsmpclient.com/__l5e/assets-v1/5de3fe7f-b6da-433f-8c99-35b3302c6005/FakeClientV3-1.21.11.jar,urlhaus,malware_download,SilentNet,2026-10-04 16:00:04,2026-10-04 16:38:25,85
url,https://donutsmpclient.com/__l5e/assets-v1/891584e3-cb79-4fbd-b302-c99f9a899cf5/WaterClientV6.jar,urlhaus,malware_download,SilentNet,2026-10-04 16:00:04,2026-10-04 16:38:25,85
url,https://donutsmpdupe.com/files/DonutSMPDupe.jar,urlhaus,malware_download,SilentNet,2026-10-04 16:00:04,2026-10-04 16:38:25,85
url,https://github.com/MineTeuw/Corz-client/raw/refs/heads/main/ledium-client-1.21.11.jar,urlhaus,malware_download,SilentNet,2026-10-04 16:00:04,2026-10-04 16:38:25,85
url,https://github.com/niehgns/yo/raw/b083a17e2058608736141ae8d491d79d5c2819bd/corzclientcracked-1.21.11.jar,urlhaus,malware_download,SilentNet,2026-10-04 16:00:04,2026-10-04 16:38:25,85
url,https://github.com/niehgns/yo/raw/refs/heads/main/corzclient-1.21.11.jar,urlhaus,malware_download,SilentNet,2026-10-04 16:00:04,2026-10-04 16:38:25,85
url,https://github.com/thuhangn562727-del/maqueo/raw/refs/heads/main/Google.exe,urlhaus,malware_download,"AsyncRAT,exe",2026-10-04 16:00:04,2026-10-04 16:38:25,85
url,https://github.com/thuhangn562727-del/maqueo/raw/refs/heads/main/saitama.exe,urlhaus,malware_download,"AsyncRAT,exe,rat",2026-10-04 16:00:04,2026-10-04 16:38:25,85
url,https://upload.filehost.lol/KnGq1Rzde2ZwMW5RJT5q.png,urlhaus,malware_download," Rhadamanthys,ClickFix",2026-10-04 16:00:04,2026-10-04 16:38:25,85
url,https://upload.filehost.lol/qP7aC?9Z=L,urlhaus,malware_download," Rhadamanthys,ClickFix",2026-10-04 16:00:04,2026-10-04 16:38:25,85
url,https://wicresetconnect.com/download/WicResetConnect.exe,urlhaus,malware_download,"dropper,exe,rat",2026-10-04 16:00:04,2026-10-04 16:38:25,85
domain,5szd8uv8.udeur.org,threatfox,ClearFake,"threatfox,ClearFake,mac-0x76c7,macos",2026-10-04 04:06:32,2026-10-04 04:36:28,85
domain,6pocketz.com,threatfox,Unknown Loader,"threatfox,etherhiding,sepolia",2026-10-04 04:06:32,2026-10-04 04:36:28,85
domain,767p76lc.finowfurt.com,threatfox,ClearFake,"threatfox,ClearFake,mac-0x0f14,macos",2026-10-04 04:06:32,2026-10-04 04:36:28,85
domain,9qxhxbbl.amsrealtors.com.au,threatfox,ClearFake,"threatfox,ClearFake,mac-0x0f14,macos",2026-10-04 04:06:32,2026-10-04 04:36:28,85
domain,advsalles.com.br,threatfox,Unknown Loader,"threatfox,etherhiding",2026-10-04 04:06:32,2026-10-04 04:36:28,85
domain,alenservice.ir,threatfox,Unknown Loader,"threatfox,etherhiding,sepolia",2026-10-04 04:06:32,2026-10-04 04:36:28,85
domain,alpost1151.org,threatfox,Unknown Loader,"threatfox,etherhiding,sepolia",2026-10-04 04:06:32,2026-10-04 04:36:28,85
domain,altitudethrilladventure.com,threatfox,Unknown Loader,"threatfox,etherhiding,sepolia",2026-10-04 04:06:32,2026-10-04 04:36:28,85
domain,amazoniarentacar.com.br,threatfox,Unknown Loader,"threatfox,etherhiding",2026-10-04 04:06:32,2026-10-04 04:36:28,85
domain,amazonunderworld.org,threatfox,Unknown Loader,"threatfox,etherhiding,sepolia",2026-10-04 04:06:32,2026-10-04 04:36:28,85
domain,amisosmimarlik.com,threatfox,Unknown Loader,"threatfox,etherhiding",2026-10-04 04:06:32,2026-10-04 04:36:28,85
domain,arredamentifarmaciacrc.it,threatfox,Unknown Loader,"threatfox,etherhiding,sepolia",2026-10-04 04:06:32,2026-10-04 04:36:28,85
domain,autonics.se,threatfox,Unknown Loader,"threatfox,etherhiding,sepolia",2026-10-04 04:06:32,2026-10-04 04:36:28,85
domain,autorecht-auschner.de,threatfox,Unknown Loader,"threatfox,etherhiding,sepolia",2026-10-04 04:06:32,2026-10-04 04:36:28,85
domain,autumntospring.com,threatfox,Unknown Loader,"threatfox,etherhiding,sepolia",2026-10-04 04:06:32,2026-10-04 04:36:28,85
domain,banagar.com,threatfox,Unknown Loader,"threatfox,etherhiding,sepolia",2026-10-04 04:06:32,2026-10-04 04:36:28,85
domain,betycu.workers.dev,threatfox,php.shin_webshell,"threatfox,Cloudflare,GIF,PHP,webshell,WordPress,workers.dev,wp-admin",2026-10-04 04:06:32,2026-10-04 04:36:28,85
domain,blackscreamfest.com,threatfox,Unknown Loader,"threatfox,etherhiding",2026-10-04 04:06:32,2026-10-04 04:36:28,85
domain,boer-lampen.de,threatfox,Unknown Loader,"threatfox,etherhiding,sepolia",2026-10-04 04:06:32,2026-10-04 04:36:28,85
domain,botlesscucks.st,threatfox,Mirai,"threatfox,mirai",2026-10-04 04:06:32,2026-10-04 04:36:28,85
domain,browncanyonranch.org,threatfox,Unknown Loader,"threatfox,etherhiding,sepolia",2026-10-04 04:06:32,2026-10-04 04:36:28,85
domain,cacaobp.org,threatfox,Unknown Loader,"threatfox,etherhiding,sepolia",2026-10-04 04:06:32,2026-10-04 04:36:28,85
domain,calandr.com,threatfox,Unknown Loader,"threatfox,etherhiding,sepolia",2026-10-04 04:06:32,2026-10-04 04:36:28,85
domain,camanda.com.br,threatfox,Unknown Loader,"threatfox,etherhiding,sepolia",2026-10-04 04:06:32,2026-10-04 04:36:28,85
domain,camperclean.pl,threatfox,Unknown Loader,"threatfox,etherhiding,sepolia",2026-10-04 04:06:32,2026-10-04 04:36:28,85
domain,capitalspa.sg,threatfox,IClickFix,"threatfox,ClickFix",2026-10-04 04:06:32,2026-10-04 04:36:28,85
domain,chirca.com,threatfox,Unknown Loader,"threatfox,etherhiding",2026-10-04 04:06:32,2026-10-04 04:36:28,85
domain,chola-dynasty.info,threatfox,Unknown Loader,"threatfox,etherhiding,sepolia",2026-10-04 04:06:32,2026-10-04 04:36:28,85
domain,citamu.my.id,threatfox,Unknown Loader,"threatfox,etherhiding",2026-10-04 04:06:32,2026-10-04 04:36:28,85
domain,clickcentricdigital.com,threatfox,Unknown Loader,"threatfox,etherhiding,sepolia",2026-10-04 04:06:32,2026-10-04 04:36:28,85
domain,cloudplusafrica.com,threatfox,Unknown Loader,"threatfox,etherhiding",2026-10-04 04:06:32,2026-10-04 04:36:28,85
domain,cnfastener.com,threatfox,Unknown Loader,"threatfox,etherhiding",2026-10-04 04:06:32,2026-10-04 04:36:28,85
domain,communitycurrencieslaw.org,threatfox,Unknown Loader,"threatfox,etherhiding,sepolia",2026-10-04 04:06:32,2026-10-04 04:36:28,85
domain,cosmicgoods.us,threatfox,Unknown Loader,"threatfox,etherhiding,sepolia",2026-10-04 04:06:32,2026-10-04 04:36:28,85
domain,culturalandsingaporedress.com,threatfox,Unknown Loader,"threatfox,etherhiding",2026-10-04 04:06:32,2026-10-04 04:36:28,85
domain,curiousmindgarden.com,threatfox,Unknown Loader,"threatfox,etherhiding,sepolia",2026-10-04 04:06:32,2026-10-04 04:36:28,85
domain,degesyno.workers.dev,threatfox,php.shin_webshell,"threatfox,Cloudflare,GIF,PHP,webshell,WordPress,workers.dev,wp-admin",2026-10-04 04:06:32,2026-10-04 04:36:28,85
domain,degraform.com,threatfox,Unknown Loader,"threatfox,etherhiding,sepolia",2026-10-04 04:06:32,2026-10-04 04:36:28,85
domain,dermyslabs.fr,threatfox,Unknown Loader,"threatfox,etherhiding",2026-10-04 04:06:32,2026-10-04 04:36:28,85
domain,dgmultinational.net,threatfox,Unknown Loader,"threatfox,etherhiding,sepolia",2026-10-04 04:06:32,2026-10-04 04:36:28,85
domain,diligenths.com,threatfox,Unknown Loader,"threatfox,etherhiding",2026-10-04 04:06:32,2026-10-04 04:36:28,85
domain,djsvatby.cz,threatfox,Unknown Loader,"threatfox,etherhiding,sepolia",2026-10-04 04:06:32,2026-10-04 04:36:28,85
domain,dooflix.su,threatfox,Unknown Loader,"threatfox,etherhiding",2026-10-04 04:06:32,2026-10-04 04:36:28,85
domain,drhossambarbary.com,threatfox,Unknown Loader,"threatfox,etherhiding",2026-10-04 04:06:32,2026-10-04 04:36:28,85
domain,dvrs.botlesscucks.st,threatfox,Mirai,"threatfox,mirai",2026-10-04 04:06:32,2026-10-04 04:36:28,85
domain,easterndb.com,threatfox,Unknown Loader,"threatfox,etherhiding,sepolia",2026-10-04 04:06:32,2026-10-04 04:36:28,85
domain,electronics.partners,threatfox,Unknown Loader,"threatfox,etherhiding,sepolia",2026-10-04 04:06:32,2026-10-04 04:36:28,85
domain,enersis.mx,threatfox,Unknown Loader,"threatfox,etherhiding",2026-10-04 04:06:32,2026-10-04 04:36:28,85
domain,esthetic-woods.de,threatfox,Unknown Loader,"threatfox,etherhiding,sepolia",2026-10-04 04:06:32,2026-10-04 04:36:28,85
domain,eufilipedacruz.com,threatfox,Unknown Loader,"threatfox,etherhiding",2026-10-04 04:06:32,2026-10-04 04:36:28,85
domain,fatehankoohestan.com,threatfox,Unknown Loader,"threatfox,etherhiding,sepolia",2026-10-04 04:06:32,2026-10-04 04:36:28,85
domain,feiratecnomoda.com.br,threatfox,Unknown Loader,"threatfox,etherhiding",2026-10-04 04:06:32,2026-10-04 04:36:28,85
domain,fine-horse.net,threatfox,Unknown Loader,"threatfox,etherhiding",2026-10-04 04:06:32,2026-10-04 04:36:28,85
domain,fisioweb.com,threatfox,Unknown Loader,"threatfox,etherhiding",2026-10-04 04:06:32,2026-10-04 04:36:28,85
domain,fvn1910.de,threatfox,Unknown Loader,"threatfox,etherhiding,sepolia",2026-10-04 04:06:32,2026-10-04 04:36:28,85
domain,gaseaero.com,threatfox,Unknown Loader,"threatfox,etherhiding,sepolia",2026-10-04 04:06:32,2026-10-04 04:36:28,85
domain,gt-musikverein.de,threatfox,Unknown Loader,"threatfox,etherhiding,sepolia",2026-10-04 04:06:32,2026-10-04 04:36:28,85
domain,gt-performance.de,threatfox,Unknown Loader,"threatfox,etherhiding,sepolia",2026-10-04 04:06:32,2026-10-04 04:36:28,85
domain,helium10-coupon.com,threatfox,Unknown Loader,"threatfox,etherhiding,sepolia",2026-10-04 04:06:32,2026-10-04 04:36:28,85
domain,higherglorytechnologies.com,threatfox,Unknown Loader,"threatfox,etherhiding,sepolia",2026-10-04 04:06:32,2026-10-04 04:36:28,85
domain,hospiz-celle.de,threatfox,Unknown Loader,"threatfox,etherhiding,sepolia",2026-10-04 04:06:32,2026-10-04 04:36:28,85
domain,houstonaviationsupplies.com,threatfox,Unknown Loader,"threatfox,etherhiding",2026-10-04 04:06:32,2026-10-04 04:36:28,85
domain,id-btc.com,threatfox,Unknown Loader,"threatfox,etherhiding,sepolia",2026-10-04 04:06:32,2026-10-04 04:36:28,85
domain,idahowreaths.com,threatfox,Unknown Loader,"threatfox,etherhiding,sepolia",2026-10-04 04:06:32,2026-10-04 04:36:28,85
domain,ikonicpr.com,threatfox,Unknown Loader,"threatfox,etherhiding",2026-10-04 04:06:32,2026-10-04 04:36:28,85
domain,ilpercorso.net,threatfox,Unknown Loader,"threatfox,etherhiding",2026-10-04 04:06:32,2026-10-04 04:36:28,85
domain,inspiritedminds.org.uk,threatfox,Unknown Loader,"threatfox,etherhiding,sepolia",2026-10-04 04:06:32,2026-10-04 04:36:28,85
domain,instumax.com,threatfox,Unknown Loader,"threatfox,etherhiding",2026-10-04 04:06:32,2026-10-04 04:36:28,85
domain,inteligenciactiva.es,threatfox,Unknown Loader,"threatfox,etherhiding,sepolia",2026-10-04 04:06:32,2026-10-04 04:36:28,85
domain,iosonofreccia.com,threatfox,Unknown Loader,"threatfox,etherhiding",2026-10-04 04:06:32,2026-10-04 04:36:28,85
domain,jocelynmorlock.ca,threatfox,Unknown Loader,"threatfox,etherhiding,sepolia",2026-10-04 04:06:32,2026-10-04 04:36:28,85
domain,jsk-platzhirsch.de,threatfox,Unknown Loader,"threatfox,etherhiding,sepolia",2026-10-04 04:06:32,2026-10-04 04:36:28,85
domain,jygadule.workers.dev,threatfox,php.shin_webshell,"threatfox,Cloudflare,GIF,PHP,webshell,WordPress,workers.dev,wp-admin",2026-10-04 04:06:32,2026-10-04 04:36:28,85
domain,kambicosmetics.com,threatfox,Unknown Loader,"threatfox,etherhiding",2026-10-04 04:06:32,2026-10-04 04:36:28,85
domain,ketan.africa,threatfox,Unknown Loader,"threatfox,etherhiding,sepolia",2026-10-04 04:06:32,2026-10-04 04:36:28,85
domain,komuge.workers.dev,threatfox,php.shin_webshell,"threatfox,Cloudflare,GIF,PHP,webshell,WordPress,workers.dev,wp-admin",2026-10-04 04:06:32,2026-10-04 04:36:28,85
domain,konelammi.fi,threatfox,Unknown Loader,"threatfox,etherhiding,sepolia",2026-10-04 04:06:32,2026-10-04 04:36:28,85
domain,koochbdc.com,threatfox,Unknown Loader,"threatfox,etherhiding,sepolia",2026-10-04 04:06:32,2026-10-04 04:36:28,85
domain,kot.edu.pl,threatfox,Unknown Loader,"threatfox,etherhiding,sepolia",2026-10-04 04:06:32,2026-10-04 04:36:28,85
domain,kvi9jugd.kaarenorge.com,threatfox,ClearFake,"threatfox,ClearFake,mac-0x76c7,macos",2026-10-04 04:06:32,2026-10-04 04:36:28,85
domain,loewenzahnundpusteblume.de,threatfox,Unknown Loader,"threatfox,etherhiding,sepolia",2026-10-04 04:06:32,2026-10-04 04:36:28,85
domain,lom-informatique.fr,threatfox,Unknown Loader,"threatfox,etherhiding",2026-10-04 04:06:32,2026-10-04 04:36:28,85
domain,makke.ch,threatfox,Unknown Loader,"threatfox,etherhiding",2026-10-04 04:06:32,2026-10-04 04:36:28,85
domain,makzstore.com,threatfox,Unknown Loader,"threatfox,etherhiding,sepolia",2026-10-04 04:06:32,2026-10-04 04:36:28,85
domain,medaservice.it,threatfox,Unknown Loader,"threatfox,etherhiding,sepolia",2026-10-04 04:06:32,2026-10-04 04:36:28,85
domain,memudo.net,threatfox,Unknown Loader,"threatfox,etherhiding",2026-10-04 04:06:32,2026-10-04 04:36:28,85
domain,metroxusa.com,threatfox,Unknown Loader,"threatfox,etherhiding",2026-10-04 04:06:32,2026-10-04 04:36:28,85
domain,milenialpoker.com,threatfox,Unknown Loader,"threatfox,etherhiding,sepolia",2026-10-04 04:06:32,2026-10-04 04:36:28,85
domain,misty-ripple-lark-kraiara.top,threatfox,IClickFix,"threatfox,ClickFix,Mac",2026-10-04 04:06:32,2026-10-04 04:36:28,85
domain,monetybielsko.pl,threatfox,Unknown Loader,"threatfox,etherhiding",2026-10-04 04:06:32,2026-10-04 04:36:28,85
domain,moto1motorcycles.com.au,threatfox,Unknown Loader,"threatfox,etherhiding,sepolia",2026-10-04 04:06:32,2026-10-04 04:36:28,85
domain,nks-sh.info,threatfox,Unknown Loader,"threatfox,etherhiding,sepolia",2026-10-04 04:06:32,2026-10-04 04:36:28,85
domain,noki.ai,threatfox,Unknown Loader,"threatfox,etherhiding,sepolia",2026-10-04 04:06:32,2026-10-04 04:36:28,85
domain,novinsakht.com,threatfox,Unknown Loader,"threatfox,etherhiding,sepolia",2026-10-04 04:06:32,2026-10-04 04:36:28,85
domain,ogocare.com,threatfox,Unknown Loader,"threatfox,etherhiding,sepolia",2026-10-04 04:06:32,2026-10-04 04:36:28,85
domain,oqueeisso.com,threatfox,Unknown Loader,"threatfox,etherhiding",2026-10-04 04:06:32,2026-10-04 04:36:28,85
domain,oslermedicalcentre.com,threatfox,Unknown Loader,"threatfox,etherhiding",2026-10-04 04:06:32,2026-10-04 04:36:28,85
domain,ourfamilydecides.com,threatfox,Unknown Loader,"threatfox,etherhiding",2026-10-04 04:06:32,2026-10-04 04:36:28,85
domain,peluqueriaolmogarcia.site,threatfox,Unknown Loader,"threatfox,etherhiding,sepolia",2026-10-04 04:06:32,2026-10-04 04:36:28,85
domain,peluqueriastyloslapelu.com,threatfox,Unknown Loader,"threatfox,etherhiding,sepolia",2026-10-04 04:06:32,2026-10-04 04:36:28,85
domain,petasport.ir,threatfox,Unknown Loader,"threatfox,etherhiding,sepolia",2026-10-04 04:06:32,2026-10-04 04:36:28,85
domain,podologiacanto.com,threatfox,Unknown Loader,"threatfox,etherhiding,sepolia",2026-10-04 04:06:32,2026-10-04 04:36:28,85
domain,primeestatesmarbella.com,threatfox,Unknown Loader,"threatfox,etherhiding,sepolia",2026-10-04 04:06:32,2026-10-04 04:36:28,85
domain,propreporthub.com,threatfox,Unknown Loader,"threatfox,etherhiding,sepolia",2026-10-04 04:06:32,2026-10-04 04:36:28,85
domain,prowrap.co,threatfox,Unknown Loader,"threatfox,etherhiding,sepolia",2026-10-04 04:06:32,2026-10-04 04:36:28,85
domain,pymela.workers.dev,threatfox,php.shin_webshell,"threatfox,Cloudflare,GIF,PHP,webshell,WordPress,workers.dev,wp-admin",2026-10-04 04:06:32,2026-10-04 04:36:28,85
domain,qebapyma.workers.dev,threatfox,php.shin_webshell,"threatfox,Cloudflare,GIF,PHP,webshell,WordPress,workers.dev,wp-admin",2026-10-04 04:06:32,2026-10-04 04:36:28,85
domain,rdlbl.com,threatfox,Unknown Loader,"threatfox,etherhiding,sepolia",2026-10-04 04:06:32,2026-10-04 04:36:28,85
domain,riyadhcleaning.org,threatfox,Unknown Loader,"threatfox,etherhiding",2026-10-04 04:06:32,2026-10-04 04:36:28,85
domain,sandscarpetman.com,threatfox,Unknown Loader,"threatfox,etherhiding",2026-10-04 04:06:32,2026-10-04 04:36:28,85
domain,schumann.com.ar,threatfox,Unknown Loader,"threatfox,etherhiding,sepolia",2026-10-04 04:06:32,2026-10-04 04:36:28,85
domain,scoaplc.com,threatfox,Unknown Loader,"threatfox,etherhiding,sepolia",2026-10-04 04:06:32,2026-10-04 04:36:28,85
domain,seatacairporttransportation.com,threatfox,Unknown Loader,"threatfox,etherhiding",2026-10-04 04:06:32,2026-10-04 04:36:28,85
domain,selvinagri.com,threatfox,Unknown Loader,"threatfox,etherhiding,sepolia",2026-10-04 04:06:32,2026-10-04 04:36:28,85
domain,signhubuae.com,threatfox,Unknown Loader,"threatfox,etherhiding",2026-10-04 04:06:32,2026-10-04 04:36:28,85
domain,silasconstruction.com,threatfox,Unknown Loader,"threatfox,etherhiding",2026-10-04 04:06:32,2026-10-04 04:36:28,85
domain,simplefoodzone.com,threatfox,Unknown Loader,"threatfox,etherhiding,sepolia",2026-10-04 04:06:32,2026-10-04 04:36:28,85
domain,siweiriji.com,threatfox,Unknown Loader,"threatfox,etherhiding",2026-10-04 04:06:32,2026-10-04 04:36:28,85
domain,sondosmed.com,threatfox,Unknown Loader,"threatfox,etherhiding,sepolia",2026-10-04 04:06:32,2026-10-04 04:36:28,85
domain,sortingyourstuff.com,threatfox,Unknown Loader,"threatfox,etherhiding,sepolia",2026-10-04 04:06:32,2026-10-04 04:36:28,85
domain,spreewald-laecheln.de,threatfox,Unknown Loader,"threatfox,etherhiding,sepolia",2026-10-04 04:06:32,2026-10-04 04:36:28,85
domain,stelzenegger.com,threatfox,Unknown Loader,"threatfox,etherhiding,sepolia",2026-10-04 04:06:32,2026-10-04 04:36:28,85
domain,systemanova.com,threatfox,Unknown Loader,"threatfox,etherhiding",2026-10-04 04:06:32,2026-10-04 04:36:28,85
domain,taykhasurgical.com,threatfox,Unknown Loader,"threatfox,etherhiding",2026-10-04 04:06:32,2026-10-04 04:36:28,85
domain,thetaanka.org.pk,threatfox,Unknown Loader,"threatfox,etherhiding",2026-10-04 04:06:32,2026-10-04 04:36:28,85
domain,tisa-mebli.com,threatfox,Unknown Loader,"threatfox,etherhiding,sepolia",2026-10-04 04:06:32,2026-10-04 04:36:28,85
domain,tpf4wkqp.succeswithpaul.com,threatfox,ClearFake,"threatfox,ClearFake,mac-0xdcf2,macos",2026-10-04 04:06:32,2026-10-04 04:36:28,85
domain,viabenessere.com,threatfox,Unknown Loader,"threatfox,etherhiding,sepolia",2026-10-04 04:06:32,2026-10-04 04:36:28,85
domain,villanova.ai,threatfox,Unknown Loader,"threatfox,etherhiding,sepolia",2026-10-04 04:06:32,2026-10-04 04:36:28,85
domain,vivianahernandezart.com,threatfox,Unknown Loader,"threatfox,etherhiding",2026-10-04 04:06:32,2026-10-04 04:36:28,85
domain,vukso.com,threatfox,Unknown Loader,"threatfox,etherhiding,sepolia",2026-10-04 04:06:32,2026-10-04 04:36:28,85
domain,wearstreamtext.com,threatfox,Unknown Loader,"threatfox,etherhiding",2026-10-04 04:06:32,2026-10-04 04:36:28,85
domain,whcbattery.com,threatfox,Unknown Loader,"threatfox,etherhiding,sepolia",2026-10-04 04:06:32,2026-10-04 04:36:28,85
domain,woodardandassociates.com,threatfox,Unknown Loader,"threatfox,etherhiding,sepolia",2026-10-04 04:06:32,2026-10-04 04:36:28,85
domain,www.amitypackaging.com,threatfox,Unknown Loader,"threatfox,etherhiding",2026-10-04 04:06:32,2026-10-04 04:36:28,85
domain,www.chatavalkov.sk,threatfox,Unknown Loader,"threatfox,etherhiding",2026-10-04 04:06:32,2026-10-04 04:36:28,85
domain,www.dach-atlas.de,threatfox,Unknown Loader,"threatfox,etherhiding",2026-10-04 04:06:32,2026-10-04 04:36:28,85
domain,www.dramboat.com,threatfox,Unknown Loader,"threatfox,etherhiding",2026-10-04 04:06:32,2026-10-04 04:36:28,85
domain,www.frankpulice.com,threatfox,Unknown Loader,"threatfox,etherhiding",2026-10-04 04:06:32,2026-10-04 04:36:28,85
domain,www.gardenabeels.be,threatfox,Unknown Loader,"threatfox,etherhiding",2026-10-04 04:06:32,2026-10-04 04:36:28,85
domain,www.infinitymarine.co.th,threatfox,Unknown Loader,"threatfox,etherhiding",2026-10-04 04:06:32,2026-10-04 04:36:28,85
domain,www.inmoarc.com,threatfox,Unknown Loader,"threatfox,etherhiding",2026-10-04 04:06:32,2026-10-04 04:36:28,85
domain,www.iplexus.in,threatfox,Unknown Loader,"threatfox,etherhiding",2026-10-04 04:06:32,2026-10-04 04:36:28,85
domain,www.levnaomi.org,threatfox,Unknown Loader,"threatfox,etherhiding",2026-10-04 04:06:32,2026-10-04 04:36:28,85
domain,www.newerahealthcareservices.com,threatfox,Unknown Loader,"threatfox,etherhiding",2026-10-04 04:06:32,2026-10-04 04:36:28,85
domain,www.rashifathasneem.com,threatfox,Unknown Loader,"threatfox,etherhiding",2026-10-04 04:06:32,2026-10-04 04:36:28,85
domain,www.renownedagency.ae,threatfox,Unknown Loader,"threatfox,etherhiding",2026-10-04 04:06:32,2026-10-04 04:36:28,85
domain,www.steconf.org,threatfox,Unknown Loader,"threatfox,etherhiding",2026-10-04 04:06:32,2026-10-04 04:36:28,85
domain,xeshr05216.workers.dev,threatfox,php.shin_webshell,"threatfox,Cloudflare,GIF,PHP,webshell,WordPress,workers.dev,wp-admin",2026-10-04 04:06:32,2026-10-04 04:36:28,85
domain,xo199.life,threatfox,Unknown Loader,"threatfox,etherhiding",2026-10-04 04:06:32,2026-10-04 04:36:28,85
hash_sha256,00c311eeec60d2203d27c5ea55a1fc302658951b90c4c7bd6600f91ec8993db0,threatfox,Mirai,"threatfox,elf,exe,Mirai,upx",2026-10-04 04:06:32,2026-10-04 04:36:28,85
hash_sha256,015b2f5ff28e4d6c8e242cc909f381544f5e0687df65700e65180045bc088ea0,threatfox,Mirai,"threatfox,elf,Mirai",2026-10-04 04:06:32,2026-10-04 04:36:28,85
hash_sha256,017056009b62e2d832d80ccf4d54edd8bce3f99e84bde661a97bdecd7e913ecf,threatfox,Mirai,"threatfox,elf,Mirai",2026-10-04 04:06:32,2026-10-04 04:36:28,85
hash_sha256,01d31eb4fec94f20d367b61ea0a304023b68fefb2606452a684c2a8cf64ebb06,threatfox,Mirai,"threatfox,elf,Mirai,upx",2026-10-04 04:06:32,2026-10-04 04:36:28,85
hash_sha256,054e7e233444263351f4e6f3d458452bb706d7b1b386b90d97b17ad921b4d129,threatfox,Mirai,"threatfox,DDoSAgent,elf,Mirai",2026-10-04 04:06:32,2026-10-04 04:36:28,85
hash_sha256,0597f37deb0fea59db629d8ef49e28920e6febeba933f74c6723c113e5285aac,threatfox,Mirai,"threatfox,elf,Mirai",2026-10-04 04:06:32,2026-10-04 04:36:28,85
hash_sha256,05beff2b13239247c7259e5d438be37b8f1acd377e2d966a3d305416fc600109,threatfox,Mirai,"threatfox,elf,Mirai,upx",2026-10-04 04:06:32,2026-10-04 04:36:28,85
hash_sha256,066e658489160199be9b899ac2bc4ac61a4a3f368966a9a2894a0e8f09d7ac0c,threatfox,Mirai,"threatfox,elf,Gafgyt,Mirai",2026-10-04 04:06:32,2026-10-04 04:36:28,85
hash_sha256,06dce162b4b519f2cad5db258687a1ca5b8d8e6d1c1d873f1ccf5630596d3a73,threatfox,Mirai,"threatfox,elf,Mirai",2026-10-04 04:06:32,2026-10-04 04:36:28,85
hash_sha256,07144597f8261bd557a4ac85fe35e5c9b4640b47019f035e368ca193246844e8,threatfox,Mirai,"threatfox,elf,Mirai,upx",2026-10-04 04:06:32,2026-10-04 04:36:28,85
hash_sha256,086e0d06c89094b0fef3a27005028df4f9ca06bedf591564e5e59ae822b83acd,threatfox,Mirai,"threatfox,elf,Mirai,upx",2026-10-04 04:06:32,2026-10-04 04:36:28,85
hash_sha256,08c4a76f8266722694961c1ae5e43fe29be4ebabc3418ee897b32d6a1490a296,threatfox,Mirai,"threatfox,elf,Mirai,upx",2026-10-04 04:06:32,2026-10-04 04:36:28,85
hash_sha256,0a1aef2a4ecb96b2d1002b4d847db36281c08ea63bbcf5ef7fb06e1b072fe646,threatfox,Mirai,"threatfox,elf,Mirai",2026-10-04 04:06:32,2026-10-04 04:36:28,85
hash_sha256,0a94f4b6dd6ca8370c459e7fa9b11f4e28161e9458b2c13af750b85210f88d2b,threatfox,Mirai,"threatfox,elf,Mirai,opendir,wer-ldr-duckdns-org,wereng-duckdns-org",2026-10-04 04:06:32,2026-10-04 04:36:28,85
hash_sha256,0ae38ed87958a5fb1fb385a9ff2d4126cc590aa03fc14f0465427e57e12d5b51,threatfox,Mirai,"threatfox,elf,exe,Mirai",2026-10-04 04:06:32,2026-10-04 04:36:28,85
hash_sha256,0d0aaea1b475cc7dbd8f9e20c3f83dc19e8215d59b0c7b6c05cbc7d4c3afcc38,threatfox,Mirai,"threatfox,elf,Mirai,upx",2026-10-04 04:06:32,2026-10-04 04:36:28,85
hash_sha256,0d4bcf3868dcad3409492dc3b8d01439eacd99e49ca746fbcf019dc32ae82a65,threatfox,Mirai,"threatfox,DDoSAgent,elf,Mirai",2026-10-04 04:06:32,2026-10-04 04:36:28,85
hash_sha256,0e418f44c6737bc220340d074c3ad7d842bf4a5875c581c08341c340033fb128,threatfox,SNOWLIGHT,"threatfox,elf,SNOWLIGHT",2026-10-04 04:06:32,2026-10-04 04:36:28,85
hash_sha256,0eda32f9edeeb09741e7c0e230387922f1e79d069d0ae424bbf3573abc07f5d7,threatfox,Mirai,"threatfox,elf,Mirai",2026-10-04 04:06:32,2026-10-04 04:36:28,85
hash_sha256,0f8ce7a65f9b6693b29edab80f9997eeb0c1aa0f73a5e2a202a2d9765e433c95,threatfox,Mirai,"threatfox,elf,exe,Mirai",2026-10-04 04:06:32,2026-10-04 04:36:28,85
hash_sha256,1110d37053fbefa3ce931a85d8ae3207815d0fe73d30693d8f76fa3a70900555,threatfox,Mirai,"threatfox,elf,Mirai,upx",2026-10-04 04:06:32,2026-10-04 04:36:28,85
hash_sha256,115ae6f2ccee5e0f0a7bd1ad010fec261021e82aeaab2e35b5995fc135734664,threatfox,Mirai,"threatfox,elf,Mirai",2026-10-04 04:06:32,2026-10-04 04:36:28,85
hash_sha256,11a6cf0de7a49a72730475c599bce7b112d583d251411a5d77c5a67fcc7e32c2,threatfox,Mirai,"threatfox,elf,exe,Mirai",2026-10-04 04:06:32,2026-10-04 04:36:28,85
hash_sha256,11bb802e383d66531538c0ed1787228081b42fe4c4fc5ed601c43628fd86470c,threatfox,Mirai,"threatfox,elf,Mirai",2026-10-04 04:06:32,2026-10-04 04:36:28,85
hash_sha256,12c914914a7e28cd56721888fc6ba4fea9b3b1e5b173ac064eb904788cf74f7f,threatfox,Mirai,"threatfox,elf,Mirai,upx",2026-10-04 04:06:32,2026-10-04 04:36:28,85
hash_sha256,12f89ae91e515aa7d40b8ce93ea7fcf31081830ca49421e24000002967f0eecb,threatfox,Mirai,"threatfox,elf,Mirai",2026-10-04 04:06:32,2026-10-04 04:36:28,85
hash_sha256,137413a0ab6691e6ad52963e078f17a1f7817148ccdf7fa4ce462f49a5fcde25,threatfox,VShell,"threatfox,exe,VShell",2026-10-04 04:06:32,2026-10-04 04:36:28,85
hash_sha256,137cf6349c0147537c7b56730f616a253a17292190554156b9deca00803c51c7,threatfox,Mirai,"threatfox,elf,Mirai",2026-10-04 04:06:32,2026-10-04 04:36:28,85
hash_sha256,190dd4d9a66655e6744ccf956af1e85552f58de4556c6dd80af113e64721597a,threatfox,Mirai,"threatfox,elf,Mirai,upx",2026-10-04 04:06:32,2026-10-04 04:36:28,85
hash_sha256,1aaf6b6ffe1846391f1157490ae916e2006bf2248df0fb1573c8c5c7ff5c013c,threatfox,Mirai,"threatfox,elf,Mirai",2026-10-04 04:06:32,2026-10-04 04:36:28,85
hash_sha256,1ab6c67da6f8afe206b2e096a7485e24695ccc740b5daaae34519b7137948bf9,threatfox,Mirai,"threatfox,elf,Mirai",2026-10-04 04:06:32,2026-10-04 04:36:28,85
hash_sha256,1bcf52ca1c3638e76d59ffb879cdc673f990743459243954e54af84e3ada6a96,threatfox,Mirai,"threatfox,elf,Mirai",2026-10-04 04:06:32,2026-10-04 04:36:28,85
hash_sha256,1c0f770f8881dc22eb411ab4064f8075309bed6f691aea0ab478c6f7a9c45b2f,threatfox,Mirai,"threatfox,elf,Mirai",2026-10-04 04:06:32,2026-10-04 04:36:28,85
hash_sha256,1c6c76c309b1e6468ee64b2387db1e9de4c47a6e31fc05a856227a513abb4d44,threatfox,Mirai,"threatfox,elf,Mirai",2026-10-04 04:06:32,2026-10-04 04:36:28,85
hash_sha256,1d27ea800fabb7fcf1ea084d13b4bbf24485485a02200c839780b712a2102407,threatfox,Mirai,"threatfox,elf,Mirai",2026-10-04 04:06:32,2026-10-04 04:36:28,85
hash_sha256,1d59ece40bf5da2e074a91cddac51ff571970db5e7e15d9de544a6b3721a8a01,threatfox,Mirai,"threatfox,elf,Gafgyt,Mirai",2026-10-04 04:06:32,2026-10-04 04:36:28,85
hash_sha256,1d74e071db4cfccef37a37a415189a315d9bbd064cc2ff7e6e290ae3d816dfd4,threatfox,Mirai,"threatfox,elf,Mirai,upx",2026-10-04 04:06:32,2026-10-04 04:36:28,85
hash_sha256,1e57069d589f5159e4f352f8edca325a05e437b974db9cd2d43d2e6181432e30,threatfox,Mirai,"threatfox,elf,Mirai",2026-10-04 04:06:32,2026-10-04 04:36:28,85
hash_sha256,1f1943e839be8027ca943dd14b04993c7a18592b406056f847e44aa89e0909ba,threatfox,Mirai,"threatfox,elf,Gafgyt,Mirai",2026-10-04 04:06:32,2026-10-04 04:36:28,85
hash_sha256,1f83457bc3a239c4e9dd7d1adec246fd5cbaa5512fddcae747c6dd4c88966bca,threatfox,Mirai,"threatfox,elf,Mirai,upx",2026-10-04 04:06:32,2026-10-04 04:36:28,85
hash_sha256,20ae8334d28f9428775b88bb675f07fae271cadd13f3a2285d82118203ae5339,threatfox,Mirai,"threatfox,elf,Mirai,upx",2026-10-04 04:06:32,2026-10-04 04:36:28,85
hash_sha256,223e50f4d9259f2757b77e02759ea1ab024ebeb61c51ab51c63da1bc7c3fcb2f,threatfox,Mirai,"threatfox,elf,Mirai",2026-10-04 04:06:32,2026-10-04 04:36:28,85
hash_sha256,2247df6d10ef4d4f919bae1e17fe280810bf3af308a226fbeb32aad8b5079090,threatfox,Mirai,"threatfox,elf,Mirai,upx",2026-10-04 04:06:32,2026-10-04 04:36:28,85
hash_sha256,229c4e60a1aa8cf8a2db497d970bfb786c832af427398923c21d3ad42698cba9,threatfox,Mirai,"threatfox,elf,exe,Mirai",2026-10-04 04:06:32,2026-10-04 04:36:28,85
hash_sha256,22f28659b2de012b46cd4955fa042abab1ef134127ffd44a29d847447603eff7,threatfox,Mirai,"threatfox,elf,exe,Mirai",2026-10-04 04:06:32,2026-10-04 04:36:28,85
hash_sha256,2317a73814d8e77d392377e7779963a10e283e50bb66a4d7428e833560d62292,threatfox,Mirai,"threatfox,elf,Mirai,upx",2026-10-04 04:06:32,2026-10-04 04:36:28,85
hash_sha256,2461a31775cc11e16548a2e47c5a1afd7bddb57b97d2247cc02bb4c5c63da498,threatfox,Mirai,"threatfox,elf,Mirai",2026-10-04 04:06:32,2026-10-04 04:36:28,85
hash_sha256,26d61987f55508b5756094d3d5675baf3aae3b0bf3ce370c7dfd8b2418c1c124,threatfox,Mirai,"threatfox,elf,Mirai,upx",2026-10-04 04:06:32,2026-10-04 04:36:28,85
hash_sha256,276fdef74ff71efaeb345c04a3ecfbeb2e99ad97584f4eba24e9936f0de6bd60,threatfox,Mirai,"threatfox,elf,Mirai",2026-10-04 04:06:32,2026-10-04 04:36:28,85
hash_sha256,285608245c0193e3c00dfce17e6814653519ecc425fbe3cb23e05622cb04a1a4,threatfox,Mirai,"threatfox,elf,Mirai,upx",2026-10-04 04:06:32,2026-10-04 04:36:28,85
hash_sha256,2a490be64cc62ec4e13f9a3f2a22b703f0928f0893eb5584e973edecbd786e67,threatfox,Mirai,"threatfox,elf,Mirai,upx",2026-10-04 04:06:32,2026-10-04 04:36:28,85
hash_sha256,2ae7dc16ca036cb5c2c7ce2cd8099edb07d96b8846188c92eb39a7feba2fec08,threatfox,Mirai,"threatfox,elf,Mirai",2026-10-04 04:06:32,2026-10-04 04:36:28,85
hash_sha256,2ba64fdf09968cfbae07c285bd9d459444b79b7b5e6f27eb89b67b9a3346c053,threatfox,Mirai,"threatfox,elf,Mirai",2026-10-04 04:06:32,2026-10-04 04:36:28,85
hash_sha256,2d3c5fd237ec79f2fdfe7409356349250e97656afff561908e533dd660167022,threatfox,Mirai,"threatfox,elf,exe,Mirai",2026-10-04 04:06:32,2026-10-04 04:36:28,85
hash_sha256,2d4bd384f2fac0e4bdcf51b6c704e3caeaff73f25b361cd8f9cb8c65cb5619cd,threatfox,Mirai,"threatfox,elf,Mirai",2026-10-04 04:06:32,2026-10-04 04:36:28,85
hash_sha256,2e25a3470877a0eb49200c1966f0d3354d455a56d8f79032fad60d9920420b9c,threatfox,Mirai,"threatfox,elf,Mirai",2026-10-04 04:06:32,2026-10-04 04:36:28,85
hash_sha256,2f6718ccdd9768041c0081fe3879eea24e7909918ff85be59e3454a2585c3c46,threatfox,Mirai,"threatfox,elf,Mirai,upx",2026-10-04 04:06:32,2026-10-04 04:36:28,85
hash_sha256,30828f29e9d0731874539410962cf8fce8c015447338d52a7af7215ec53c8a49,threatfox,Mirai,"threatfox,elf,Mirai",2026-10-04 04:06:32,2026-10-04 04:36:28,85
hash_sha256,30b9883ac2a7dbe4f389b7a9e754d983911036a0c07b2d2a9edffe296af0879a,threatfox,Mirai,"threatfox,elf,exe,Mirai",2026-10-04 04:06:32,2026-10-04 04:36:28,85
hash_sha256,3109e78741814f36689a0c465c40f22bd4d7cca4e9cc51f8c40f07684a513273,threatfox,Mirai,"threatfox,elf,Mirai",2026-10-04 04:06:32,2026-10-04 04:36:28,85
hash_sha256,31269774f14fb118781a96dd3a07adb26aea83e7c63f22d2021f328c5eb685c0,threatfox,Mirai,"threatfox,elf,Mirai",2026-10-04 04:06:32,2026-10-04 04:36:28,85
hash_sha256,3260d5dd17bfb3258ad8a7f0b45a45f7704b1572f8710d91b9a503ea7fdc94a0,threatfox,SNOWLIGHT,"threatfox,elf,SNOWLIGHT",2026-10-04 04:06:32,2026-10-04 04:36:28,85
hash_sha256,3264d9bee65f96e69d1f14a8ee69f1002cfe76ddf2ea4bf5640e27d711bd29bc,threatfox,Mirai,"threatfox,elf,Mirai",2026-10-04 04:06:32,2026-10-04 04:36:28,85
hash_sha256,32e4b08f6718e978367001c89764037397eaa6b4d44b99674c509aef2de758d5,threatfox,Mirai,"threatfox,elf,exe,Mirai,upx",2026-10-04 04:06:32,2026-10-04 04:36:28,85
hash_sha256,33c51ba98a91d6582ed911254222b3ace49e86662ec2eb186e08ab9f1ec6fd05,threatfox,Mirai,"threatfox,elf,Mirai",2026-10-04 04:06:32,2026-10-04 04:36:28,85
hash_sha256,34ba6af3458a2886bb231ab93fca8504a3e2847fc5c27fe0a8227e66b08e56ae,threatfox,Mirai,"threatfox,elf,Mirai",2026-10-04 04:06:32,2026-10-04 04:36:28,85
hash_sha256,35079e5d421f899c82a6d96181fef5206435591ad51041913e8b13b8569d763a,threatfox,Mirai,"threatfox,elf,Mirai,upx",2026-10-04 04:06:32,2026-10-04 04:36:28,85
hash_sha256,368160899f8e7811a45bfabc8dd7464d79575e9d0bb0ded1ac585c40ecbaeb93,threatfox,Mirai,"threatfox,elf,Mirai",2026-10-04 04:06:32,2026-10-04 04:36:28,85
hash_sha256,36ae626bbb5bb1d03d265949c13125b185346834a9f5d73791cae591dde948fb,threatfox,Mirai,"threatfox,elf,Mirai,upx",2026-10-04 04:06:32,2026-10-04 04:36:28,85
hash_sha256,36dba719af2a40b30a8e89ef4b967dbfa1b945007b47afa8a62d5ce4d0409989,threatfox,Mirai,"threatfox,elf,Mirai",2026-10-04 04:06:32,2026-10-04 04:36:28,85
hash_sha256,377fe7c427bd0dbca9cadd1fa93aa3ebe3347907d229b4d79f9c7e474b4feba7,threatfox,Mirai,"threatfox,elf,Mirai",2026-10-04 04:06:32,2026-10-04 04:36:28,85
hash_sha256,39ac2c4015532e8b06bf54ecebe497ebf2652c1a55e67605fa0c2618c2735906,threatfox,Agent Tesla,"threatfox,AgentTesla,hta,ps1",2026-10-04 04:06:32,2026-10-04 04:36:28,85
hash_sha256,39f3387a804707e27cebb905aa0a000deeb7a031d87d69ba22f022238a16e515,threatfox,Mirai,"threatfox,elf,Mirai",2026-10-04 04:06:32,2026-10-04 04:36:28,85
hash_sha256,3a56f24ab23598a62933859f8839bf74796547c29d5e78727e56fbc497327330,threatfox,Mirai,"threatfox,elf,Mirai",2026-10-04 04:06:32,2026-10-04 04:36:28,85
hash_sha256,3bffec01ee1b0907998d33640c8083ab623cdfb0144332d4d294390abb473239,threatfox,Mirai,"threatfox,elf,Mirai",2026-10-04 04:06:32,2026-10-04 04:36:28,85
hash_sha256,3d9d9a28219716833bab7a8a34d524a1dbd0f5772a730ca942b78860c4facfbb,threatfox,Mirai,"threatfox,elf,Mirai",2026-10-04 04:06:32,2026-10-04 04:36:28,85
hash_sha256,3e5484347b54e39a4d80a336db4b9c12e0348139390b24c4c6c85c6c670677e3,threatfox,Mirai,"threatfox,camelot,ddos,elf,Mirai",2026-10-04 04:06:32,2026-10-04 04:36:28,85
hash_sha256,3eb72e97b05b1abb7ebb443fa52c90a9eeaacc911009aa7fc980a346f5b19a56,threatfox,Mirai,"threatfox,elf,exe,Mirai",2026-10-04 04:06:32,2026-10-04 04:36:28,85
hash_sha256,41126c3bd0439fa7be2f6fe980c10aa47670ada29bac5550d2b661e8d79ef87d,threatfox,Mirai,"threatfox,elf,Mirai,upx",2026-10-04 04:06:32,2026-10-04 04:36:28,85
hash_sha256,4125fe7e5b34d5a2d5db97a5b00d0c73dc1cfc1c13a73cd986616828f5051b95,threatfox,Mirai,"threatfox,elf,Mirai",2026-10-04 04:06:32,2026-10-04 04:36:28,85
hash_sha256,42117cf5526eb49abbf79bf6adb34f1abadac62a935abff79be42e966cb0b2e5,threatfox,Mirai,"threatfox,elf,Mirai",2026-10-04 04:06:32,2026-10-04 04:36:28,85
hash_sha256,441e22aa6184e8d203c3f3966deb463d3a3268402b3679474c0123a47e50ef66,threatfox,Mirai,"threatfox,elf,Mirai",2026-10-04 04:06:32,2026-10-04 04:36:28,85
hash_sha256,4437be3d2ed219a46c6796213c9fcb5d583ffe781148753583d63289e389d231,threatfox,Mirai,"threatfox,elf,Mirai,upx",2026-10-04 04:06:32,2026-10-04 04:36:28,85
hash_sha256,4520835624caa14d1b31ec6cb41feabd0d8e7becc150845fcc1dd3b3daa7f884,threatfox,Mirai,"threatfox,elf,Mirai,upx",2026-10-04 04:06:32,2026-10-04 04:36:28,85
hash_sha256,45cfacca2b7bc1a4abb85ac5800ae0aae28b01d78f20028c962ab1a7e1131845,threatfox,Mirai,"threatfox,elf,Mirai",2026-10-04 04:06:32,2026-10-04 04:36:28,85
hash_sha256,46260a7ea2de3bb36d2d2f01b0666262985d6ca900e28045c118b59de5269370,threatfox,Mirai,"threatfox,elf,Mirai",2026-10-04 04:06:32,2026-10-04 04:36:28,85
hash_sha256,4628cd3ead04fbf4ab4a1a7112ddbf5c2eab30e15758f15e6271739f93010164,threatfox,Mirai,"threatfox,elf,Mirai",2026-10-04 04:06:32,2026-10-04 04:36:28,85
hash_sha256,46b6f2befa1b340d5287a4a8c7924579fb9d2a18a4d6dbf76ee15e822dda4366,threatfox,Mirai,"threatfox,elf,Mirai",2026-10-04 04:06:32,2026-10-04 04:36:28,85
hash_sha256,475f53171f4ba2507a5f493bd5ea44685b1f129458548ad1b5518fc86ce9b202,threatfox,Mirai,"threatfox,elf,Mirai",2026-10-04 04:06:32,2026-10-04 04:36:28,85
hash_sha256,47a24d074131c35a8abccb79a958316165a5827b96d446c5d31f1f7b0efa4c4d,threatfox,Mirai,"threatfox,elf,Mirai",2026-10-04 04:06:32,2026-10-04 04:36:28,85
hash_sha256,48868b1d3510b7ee3433ec424b9832cc9e122d9f25af2585eac59b72027d5583,threatfox,Mirai,"threatfox,elf,Mirai",2026-10-04 04:06:32,2026-10-04 04:36:28,85
hash_sha256,48c3b9ced04800a4d78ea8f888db0b9c9b7c0c6ffb182ab0cda04dc2c003e163,threatfox,Mirai,"threatfox,elf,Mirai",2026-10-04 04:06:32,2026-10-04 04:36:28,85
hash_sha256,4ad0a6adbbf0eb8e13f5a2921c88e72cb7d08fea3644bc689733e91c126eabbb,threatfox,Mirai,"threatfox,elf,Mirai",2026-10-04 04:06:32,2026-10-04 04:36:28,85
hash_sha256,4b1fa6b62e2c49f8aadeb7fb0f589634ffede5f8ba275967b69e4a8981c45fb0,threatfox,Mirai,"threatfox,elf,Mirai,upx",2026-10-04 04:06:32,2026-10-04 04:36:28,85
hash_sha256,4c4ae780489ddf33c9f2c764764619a2a8d0ab60af2e4d31ff1426963e8b48d5,threatfox,Mirai,"threatfox,elf,Mirai,upx",2026-10-04 04:06:32,2026-10-04 04:36:28,85
hash_sha256,4cb25fdf5b1f336341b5370d0c00cdd0db170b56b21fd1fd2f590d96c04085e6,threatfox,Bashlite,"threatfox,Bashlite,elf,Gafgyt",2026-10-04 04:06:32,2026-10-04 04:36:28,85
hash_sha256,4e2c0396e96e3e5d763fdcba313ace876ca45333c7683a087698768ff2ea277f,threatfox,AMOS,"threatfox,AMOS,AmosStealer,macho,macOS,MioLab,RAT,reverse-shell",2026-10-04 04:06:32,2026-10-04 04:36:28,85
hash_sha256,4e428fb03df8cdf9d154b14eb7d4e2fa1d147a835a8c6e81b1863115f3cff464,threatfox,NetSupportManager RAT,"threatfox,NetSupport,NetSupportManagerRAT,zip",2026-10-04 04:06:32,2026-10-04 04:36:28,85
hash_sha256,4e9a3dffedd31c8efe09be0ca91c1bdd1b84082f94ef3936802ef0a0cb220bbd,threatfox,Mirai,"threatfox,elf,Mirai",2026-10-04 04:06:32,2026-10-04 04:36:28,85
hash_sha256,5036f549c3219ce2815373127c4a429ccf5d807c123847769027b53ebe19f627,threatfox,Mirai,"threatfox,elf,exe,Mirai,upx",2026-10-04 04:06:32,2026-10-04 04:36:28,85
hash_sha256,50d595843b66c092f100576070ae14609806cc87c7c90ba0164d8a63d049f558,threatfox,Mirai,"threatfox,elf,Mirai",2026-10-04 04:06:32,2026-10-04 04:36:28,85
hash_sha256,5113ef12f4c511d00c4769d71daf93b0d3dead910c917988566ff3363a0e6488,threatfox,Mirai,"threatfox,elf,exe,Mirai",2026-10-04 04:06:32,2026-10-04 04:36:28,85
hash_sha256,511fe46150f3e39ba1bcb08cfc09d27da85f61805e08a17e84f356c4a107a903,threatfox,Mirai,"threatfox,elf,Mirai",2026-10-04 04:06:32,2026-10-04 04:36:28,85
hash_sha256,51cad388bdf48972a50e9beae5e0e27712255550031916dafee78295f16cb51d,threatfox,Mirai,"threatfox,elf,Mirai,upx",2026-10-04 04:06:32,2026-10-04 04:36:28,85
hash_sha256,54a53cf88b6371a57090067aafe8721fe44e0d7342a6778c752f939aa75e99f0,threatfox,Mirai,"threatfox,elf,Mirai",2026-10-04 04:06:32,2026-10-04 04:36:28,85
hash_sha256,55e725a891d9721565ccbfd92fb66410add55e5566e0490f60dcfd63ba0ea26c,threatfox,Mirai,"threatfox,elf,Mirai,upx",2026-10-04 04:06:32,2026-10-04 04:36:28,85
hash_sha256,562cf6d6cc50b4f1fc7117315ca8c08797c934e11619eb1a30fab168aa90f0ba,threatfox,Mirai,"threatfox,elf,Mirai,upx",2026-10-04 04:06:32,2026-10-04 04:36:28,85
hash_sha256,571f7ac05668617bd2f6d536c1077a012cd190eadcabd879dca6a50811713498,threatfox,Mirai,"threatfox,elf,exe,Mirai",2026-10-04 04:06:32,2026-10-04 04:36:28,85
hash_sha256,573163fcccea157ebf9fd89ddbafa86992ecfcc990400cc921b0523704be3e0c,threatfox,Mirai,"threatfox,elf,Mirai",2026-10-04 04:06:32,2026-10-04 04:36:28,85
hash_sha256,57c6a7d728e2add09333753a42e39becc210158a53205f9b8a41ae529810bd4e,threatfox,Mirai,"threatfox,elf,Mirai,upx",2026-10-04 04:06:32,2026-10-04 04:36:28,85
hash_sha256,5963a9491c91eae44384e239284fdc74dc3db9ee1b13c24eccc516ece350df34,threatfox,PureLogs Stealer,"threatfox,js,PureLogsStealer,stealer",2026-10-04 04:06:32,2026-10-04 04:36:28,85
hash_sha256,59d51ea90b24d9d0c9724bf967b7ce3f0536c908bc5a6dbcb8f0b3e4ff16242b,threatfox,Mirai,"threatfox,elf,exe,Mirai,upx",2026-10-04 04:06:32,2026-10-04 04:36:28,85
hash_sha256,5a3497b0f01e9204f54e6b853acba1c5e5200393101e623c8f05e86a3446232c,threatfox,Mirai,"threatfox,elf,Mirai,upx",2026-10-04 04:06:32,2026-10-04 04:36:28,85
hash_sha256,5aec4cf6d50b41c6c3477ff429184fe90d65a5c328ea3ea0ac29c6bed029cf83,threatfox,VShell,"threatfox,exe,VShell",2026-10-04 04:06:32,2026-10-04 04:36:28,85
hash_sha256,5afde57b97c96a81a42e95427ec9895268fb26e3a6800e8a7cec8b9070e2365d,threatfox,Mirai,"threatfox,elf,Mirai",2026-10-04 04:06:32,2026-10-04 04:36:28,85
hash_sha256,5cb1b29bb99b222beb533ee294c11ea00f7d9811c813401da571bbb909e49715,threatfox,Mirai,"threatfox,elf,Mirai",2026-10-04 04:06:32,2026-10-04 04:36:28,85
hash_sha256,5df36d78fcc45f3e66c20d5633c8a91a07cc910d84956e9b6244529ce81a3e86,threatfox,Mirai,"threatfox,elf,Mirai",2026-10-04 04:06:32,2026-10-04 04:36:28,85
hash_sha256,5ec1189cd06fb01ec42c8ea884905d63571ad0a86422f70b9291ba1b916ce786,threatfox,Mirai,"threatfox,elf,Mirai,upx",2026-10-04 04:06:32,2026-10-04 04:36:28,85
hash_sha256,5f5409ab02f05934b010edefe9c00af9aac1ca20ff270546e1b99958394cb79e,threatfox,Mirai,"threatfox,elf,Mirai",2026-10-04 04:06:32,2026-10-04 04:36:28,85
hash_sha256,60240e54d5e5b6d65b1de6bfcfb82f25fb6e2d72482b37c1c7ac94657b0635cf,threatfox,Mirai,"threatfox,elf,Mirai",2026-10-04 04:06:32,2026-10-04 04:36:28,85
hash_sha256,62fb0f9252f8009b02e0bb658210beb9b01c6fe4c0a07ad3f06244a0f6190c42,threatfox,Mirai,"threatfox,elf,Mirai",2026-10-04 04:06:32,2026-10-04 04:36:28,85
hash_sha256,6541f01db9d973067724ca3e3c50ac96e8defe8584febc47b3212cbe5979b324,threatfox,Mirai,"threatfox,elf,Mirai,upx",2026-10-04 04:06:32,2026-10-04 04:36:28,85
hash_sha256,65728289653ce694356c6643820e2b1771e49f31cfdaf77de4cbb2e6de958bc5,threatfox,Mirai,"threatfox,elf,Mirai",2026-10-04 04:06:32,2026-10-04 04:36:28,85
hash_sha256,66326f22c7f5c6f8f1d4ea8772a61a93d51614a78530143379fffbc2a19bf6a3,threatfox,Mirai,"threatfox,elf,Mirai,upx",2026-10-04 04:06:32,2026-10-04 04:36:28,85
hash_sha256,667e19c5e76326d4ac0aef66d085a6ca3b504fcae7df437f3f75e69005585ee6,threatfox,Mirai,"threatfox,elf,Mirai,upx",2026-10-04 04:06:32,2026-10-04 04:36:28,85
hash_sha256,67817aebf7f8ca1618ce4dec8937f2f69888d15f34fc03777ae008ca36d2f44b,threatfox,Mirai,"threatfox,elf,Mirai",2026-10-04 04:06:32,2026-10-04 04:36:28,85
hash_sha256,698a65556d1937d391e85ddb0c2c4419e907214033dbf68401c92f635bb61c82,threatfox,Mirai,"threatfox,elf,Mirai",2026-10-04 04:06:32,2026-10-04 04:36:28,85
hash_sha256,699058d47c1d870673dfd5964fb04ddbdd1538ac440b11c90f44581aeaaf27d0,threatfox,Mirai,"threatfox,elf,Mirai,upx",2026-10-04 04:06:32,2026-10-04 04:36:28,85
hash_sha256,699848a33a1808fe612ce4e2e1f1bb292546509b3939c56b6842e315ad02d731,threatfox,Mirai,"threatfox,elf,Mirai",2026-10-04 04:06:32,2026-10-04 04:36:28,85
hash_sha256,69ba94b3ae8e39ca9b791fa9db219b188852cf38de0d8b436d5c441ae22429af,threatfox,Mirai,"threatfox,elf,Mirai",2026-10-04 04:06:32,2026-10-04 04:36:28,85
hash_sha256,69e2b050ac6f37c17fac1f887a81e1374744ee7e7545e551ee8de009170dc03d,threatfox,Mirai,"threatfox,elf,exe,Mirai",2026-10-04 04:06:32,2026-10-04 04:36:28,85
hash_sha256,6c45b608c7f6366434ba90e2c6c254a66a9fe8f018620e943db9744101855dc7,threatfox,Mirai,"threatfox,elf,Mirai",2026-10-04 04:06:32,2026-10-04 04:36:28,85
hash_sha256,6c85dc1f111398797dd4f2b1cbd6b4892c0446b5d38bec11b5e2addf39c16bc2,threatfox,Mirai,"threatfox,elf,exe,Mirai",2026-10-04 04:06:32,2026-10-04 04:36:28,85
hash_sha256,6c8a287385b29abae710af6b755b8a5a5ad56ede36b3b0d4ca31cc167bbecea7,threatfox,Mirai,"threatfox,elf,Mirai",2026-10-04 04:06:32,2026-10-04 04:36:28,85
hash_sha256,6cc6d0b96b8523c23b22cd3f271c0e9f4b19d31da190a633b3f0e2bc4f3f89b0,threatfox,Mirai,"threatfox,elf,Mirai",2026-10-04 04:06:32,2026-10-04 04:36:28,85
hash_sha256,6d6568f35b2b307a1237445240f27288b0c669c548381b4ca7996fd8fc33eeb9,threatfox,Mirai,"threatfox,elf,Mirai",2026-10-04 04:06:32,2026-10-04 04:36:28,85
hash_sha256,6d835558331d381e8066d07479c2e602f5c16cd3d14e9cf19d3e8a3cfa71f5bb,threatfox,Mirai,"threatfox,elf,Mirai",2026-10-04 04:06:32,2026-10-04 04:36:28,85
hash_sha256,6de3c5508ee1c25156f9f60841d06178aa8975318327f8537ee1a3ef73ea708b,threatfox,Mirai,"threatfox,elf,Mirai,upx",2026-10-04 04:06:32,2026-10-04 04:36:28,85
hash_sha256,6e028a69d35e03461e8b272356d507bc82c68dad2bfb5ee8b81ea4f334703fef,threatfox,Mirai,"threatfox,elf,Mirai",2026-10-04 04:06:32,2026-10-04 04:36:28,85
hash_sha256,6f5f2dc04fddbebf5d580d770212b0c555204df4991e58a856afcf8dfeb0f4fc,threatfox,Mirai,"threatfox,elf,Mirai",2026-10-04 04:06:32,2026-10-04 04:36:28,85
hash_sha256,6f834b322a3c9325af857246fc5a271592e6493de656b3f6f044ccff73644f3b,threatfox,Mirai,"threatfox,elf,Mirai",2026-10-04 04:06:32,2026-10-04 04:36:28,85
hash_sha256,701864a188eaa281c0154ebb950fa6e29017037cf8d6181d7717e2cf86b5b282,threatfox,Mirai,"threatfox,elf,Mirai,upx",2026-10-04 04:06:32,2026-10-04 04:36:28,85
hash_sha256,717ef54202f539acf807201f8be6bf5e2c0e90dad512092675718e4c01d12e32,threatfox,SNOWLIGHT,"threatfox,elf,SNOWLIGHT",2026-10-04 04:06:32,2026-10-04 04:36:28,85
hash_sha256,72e54d94c4663cea722f186c94910aa11ed12fd3535b9cce1f2f7301251432d4,threatfox,Mirai,"threatfox,elf,Mirai,upx",2026-10-04 04:06:32,2026-10-04 04:36:28,85
hash_sha256,7620fbc8c5de8dc43c8f12ff89200945de33ecb3346da746dda2b2b82406b539,threatfox,Mirai,"threatfox,elf,Mirai,upx",2026-10-04 04:06:32,2026-10-04 04:36:28,85
hash_sha256,764e5f51e92dd166ff27cf105a7e1de4ab8689db0aaf6aa404839db6dc549b39,threatfox,Mirai,"threatfox,elf,Mirai",2026-10-04 04:06:32,2026-10-04 04:36:28,85
hash_sha256,768870cf8788e9bd783e880c883aff86cade1aeb00d659f72008fa86a88cb294,threatfox,Mirai,"threatfox,elf,Mirai",2026-10-04 04:06:32,2026-10-04 04:36:28,85
hash_sha256,76bd0622efad1a26e1779a7983513c103537b96c42cda04f79573c179defded4,threatfox,Mirai,"threatfox,elf,Mirai,upx",2026-10-04 04:06:32,2026-10-04 04:36:28,85
hash_sha256,7875d573ef014091135caa1f194cd5cf2fda027fe99ae51a51674845d059576d,threatfox,SNOWLIGHT,"threatfox,elf,SNOWLIGHT",2026-10-04 04:06:32,2026-10-04 04:36:28,85
hash_sha256,791be1e6f2839b929c5c6e65cfed9f27d16789e36443dfdc852051ceb53b5745,threatfox,Mirai,"threatfox,elf,Mirai",2026-10-04 04:06:32,2026-10-04 04:36:28,85
hash_sha256,797288b5fa6ce902a95247a2ee7a1e6aee58921790c59ca19ebf6ab43e6b4e13,threatfox,Mirai,"threatfox,elf,Mirai",2026-10-04 04:06:32,2026-10-04 04:36:28,85
hash_sha256,7a711fa7a9af23a3c9f6083d4eaecdf31f46a7a43be4f18fd6da44bf690b5448,threatfox,Mirai,"threatfox,elf,Mirai,upx",2026-10-04 04:06:32,2026-10-04 04:36:28,85
hash_sha256,7b7bd95530c4525257808e7aab07305825c29c3b85c67869b1f35942fad01b43,threatfox,Mirai,"threatfox,elf,Mirai,upx",2026-10-04 04:06:32,2026-10-04 04:36:28,85
hash_sha256,7c2a428c057812a2b1a505727a8b27572fe7893ef7d28442f814dc150d5224b5,threatfox,Mirai,"threatfox,elf,Mirai",2026-10-04 04:06:32,2026-10-04 04:36:28,85
hash_sha256,7c4c24e0a2eada545af17e13238724f0d2facb46c6698736de23b93569127470,threatfox,Mirai,"threatfox,elf,exe,Mirai,upx",2026-10-04 04:06:32,2026-10-04 04:36:28,85
hash_sha256,7dd3bc33ca08a9307657ffe327761af370400e00b4531fe0f497ec879ec735bf,threatfox,SNOWLIGHT,"threatfox,elf,SNOWLIGHT",2026-10-04 04:06:32,2026-10-04 04:36:28,85
hash_sha256,7e1bf180eb4aaa01be1a199c5f3df34ef856b9edc8dce1971fa45678b1117d3f,threatfox,Mirai,"threatfox,elf,Mirai",2026-10-04 04:06:32,2026-10-04 04:36:28,85
hash_sha256,7e35c8b8be0a939dcb2ce922840f9d22e8e0ce95b08f10a27b1ba5f8fddf2106,threatfox,Mirai,"threatfox,elf,Gafgyt,Mirai",2026-10-04 04:06:32,2026-10-04 04:36:28,85
hash_sha256,7ff2e43032d97935091c5f5a9e3a83446cc4971e3451bdb78fc3ce25faaa52b5,threatfox,Mirai,"threatfox,elf,Mirai",2026-10-04 04:06:32,2026-10-04 04:36:28,85
hash_sha256,8137e134ee390e055d0f0f9f964544c147e7449036555aaeeb9330d8a8a1cb06,threatfox,Mirai,"threatfox,elf,Mirai",2026-10-04 04:06:32,2026-10-04 04:36:28,85
hash_sha256,819654cdd540235faa2571ef7b2c5b2e1248bc5117732f9c2a35ecc42cc17968,threatfox,Mirai,"threatfox,elf,Mirai,upx",2026-10-04 04:06:32,2026-10-04 04:36:28,85
hash_sha256,81b62ed084960b77ced6210b582a75a7b5390ae6a51079d35eb5511a382425c1,threatfox,Bashlite,"threatfox,Bashlite,elf,Gafgyt",2026-10-04 04:06:32,2026-10-04 04:36:28,85
hash_sha256,81cdcd2b0f68a8e93e767282253a60ec9c33980fab150b834f3ed405c73a8ccc,threatfox,Mirai,"threatfox,elf,Mirai",2026-10-04 04:06:32,2026-10-04 04:36:28,85
hash_sha256,82d14f98714743b0712a1dc8083e9c8ddc473fa296e8d4b33ba04ebe097dfbdb,threatfox,Mirai,"threatfox,elf,Mirai,upx",2026-10-04 04:06:32,2026-10-04 04:36:28,85
hash_sha256,8355b042d1d2e9e3276091ff1998ba3295304314ae54e5655bc9945693362cdc,threatfox,Mirai,"threatfox,elf,Mirai,upx",2026-10-04 04:06:32,2026-10-04 04:36:28,85
hash_sha256,87129c7eee65f5185ca3977ec2aab905c879765226d1f07813db3a768c5aaf33,threatfox,Mirai,"threatfox,elf,Mirai",2026-10-04 04:06:32,2026-10-04 04:36:28,85
hash_sha256,89067a029d21a57578b63c72f1da78626086aed482e207dd938773177b9e21b4,threatfox,Mirai,"threatfox,elf,Mirai",2026-10-04 04:06:32,2026-10-04 04:36:28,85
hash_sha256,8a6a06fd0eb3339a919ed3f868ae040eb5dd17edc2ae6b0affcfb93f9933a739,threatfox,Mirai,"threatfox,elf,Mirai",2026-10-04 04:06:32,2026-10-04 04:36:28,85
hash_sha256,8b690a6e3b6f301bf0bf6b6ee123933333c8c6036af5633b934c0b0e6cf27fb5,threatfox,Mirai,"threatfox,elf,Mirai",2026-10-04 04:06:32,2026-10-04 04:36:28,85
hash_sha256,8bf58a0e93c7bf558d7edf84f24a6e690fc8cfb0e48b2bab4060240606c61c8d,threatfox,Mirai,"threatfox,elf,Mirai,upx",2026-10-04 04:06:32,2026-10-04 04:36:28,85
hash_sha256,8daa6ad802b6a6036aee176a7070198b1affbd56529b5b6a6af79475c1afdb5e,threatfox,Mirai,"threatfox,elf,Mirai",2026-10-04 04:06:32,2026-10-04 04:36:28,85
hash_sha256,8dc843fcaa783f45f2fdc14efa7a44ff93e8ae5a300808aa5b5baf1360ba6053,threatfox,Mirai,"threatfox,elf,Mirai",2026-10-04 04:06:32,2026-10-04 04:36:28,85
hash_sha256,8dfc0d4d635338474f65c1c6aaecd9238761a669179d9bfc70341e5c8b7ae6c5,threatfox,Mirai,"threatfox,elf,Mirai,upx",2026-10-04 04:06:32,2026-10-04 04:36:28,85
hash_sha256,8dfd5cefc9c20988abb1188f250724f4fa3f46f74f1e4e8c0569b38cb0320d93,threatfox,Mirai,"threatfox,elf,Mirai",2026-10-04 04:06:32,2026-10-04 04:36:28,85
hash_sha256,8f8343033b9e1dc3f62527ab0f24ce3d774dc7ea3d54f2d5bc4805bb9360319c,threatfox,Mirai,"threatfox,elf,Gafgyt,Mirai",2026-10-04 04:06:32,2026-10-04 04:36:28,85
hash_sha256,8fc81201abdede0100dfe26b6ce247db56bc160dc57dc24a2cb58c16a8ab55a6,threatfox,Mirai,"threatfox,elf,exe,Mirai",2026-10-04 04:06:32,2026-10-04 04:36:28,85
hash_sha256,908ab9b70d8170bbb5ab2e4e22a50bc2d92c7bb2da21555bc468bc8d284b3013,threatfox,Mirai,"threatfox,elf,Hajime,Mirai",2026-10-04 04:06:32,2026-10-04 04:36:28,85
hash_sha256,9141850e109e77746dddc985f4ca8468704edef17449eccd89a403f0a94d9a8a,threatfox,Mirai,"threatfox,elf,Mirai",2026-10-04 04:06:32,2026-10-04 04:36:28,85
hash_sha256,91847a5075fd0e938f4aec3a23a4437c6445f4eefc201fa288e0d1513edf0561,threatfox,AsyncRAT,"threatfox,AsyncRAT,exe,RAT",2026-10-04 04:06:32,2026-10-04 04:36:28,85
hash_sha256,933beaec399d813b4b4abcf825e62b662eaf7040b30ccf4d2c9a041085bea5d5,threatfox,P2Pinfect,"threatfox,elf,P2Pinfect",2026-10-04 04:06:32,2026-10-04 04:36:28,85
hash_sha256,9350cc4d7e1b7fd89aa253586bb7a197a700f47e403d8abbc32775c1e4064343,threatfox,Mirai,"threatfox,elf,Mirai",2026-10-04 04:06:32,2026-10-04 04:36:28,85
hash_sha256,94ca187d2680779089c15de5cb075c8368a033914ed3d960b2cd7b82e7553fbc,threatfox,Mirai,"threatfox,elf,Mirai",2026-10-04 04:06:32,2026-10-04 04:36:28,85
hash_sha256,951323faa4569e03917d566d05ad9270dbe5d4b1384d440759be6711a67bbba0,threatfox,Mirai,"threatfox,elf,Mirai",2026-10-04 04:06:32,2026-10-04 04:36:28,85
hash_sha256,95a3c5a49abbd3d8bd686fcb8c68fe7318277acab933b6c178a11d592ebdab4c,threatfox,Mirai,"threatfox,elf,Mirai",2026-10-04 04:06:32,2026-10-04 04:36:28,85
hash_sha256,95dc51e8aa93d31f76f35ad29f03793fb0984ae2cabc5362f8b41d3994f69cbe,threatfox,Mirai,"threatfox,elf,Mirai",2026-10-04 04:06:32,2026-10-04 04:36:28,85
hash_sha256,975a7ab200926687ed0a003a8f839e8126a795f2f5601e2c14d539b036f6450e,threatfox,Mirai,"threatfox,elf,Mirai",2026-10-04 04:06:32,2026-10-04 04:36:28,85
hash_sha256,97921a2cfacb0b73fc7d14e29b751862b4bd0f02972d2af64cfdf8e0e802ab6f,threatfox,Mirai,"threatfox,elf,Mirai",2026-10-04 04:06:32,2026-10-04 04:36:28,85
hash_sha256,97a9ffcf021e1206182d6c7f00be79797e8bc7b25e05eb155510cb61165d5308,threatfox,Mirai,"threatfox,elf,Mirai,upx",2026-10-04 04:06:32,2026-10-04 04:36:28,85
hash_sha256,97d66f6298b0680665a959d7c53b9bfc69bfaabd3ccae17f9d313268513fca60,threatfox,AsyncRAT,"threatfox,AsyncRAT,zip",2026-10-04 04:06:32,2026-10-04 04:36:28,85
hash_sha256,98994017c070389b3ddfe557847dc6aaa00ce7bc79760faf3dcfe68036b56431,threatfox,Mirai,"threatfox,elf,Mirai",2026-10-04 04:06:32,2026-10-04 04:36:28,85
hash_sha256,9924976d221c0003bee515bf23bdfdd003fdc3be04d827588b2bcdac5c034ead,threatfox,SNOWLIGHT,"threatfox,elf,SNOWLIGHT",2026-10-04 04:06:32,2026-10-04 04:36:28,85
hash_sha256,9991d9987da7f9be952fba8199baa69237c42d10a66eb60a52bf77143145111e,threatfox,Mirai,"threatfox,elf,Mirai",2026-10-04 04:06:32,2026-10-04 04:36:28,85
hash_sha256,99c63091fe2e7df5940d6efb374926c15054e684b3b8565b9372e17ac15ca5ad,threatfox,Mirai,"threatfox,elf,Mirai",2026-10-04 04:06:32,2026-10-04 04:36:28,85
hash_sha256,99faa4e7767cca64b949aa048229f0334b166fa11cbc421a7aea9287d4c582a9,threatfox,Mirai,"threatfox,elf,Mirai,upx",2026-10-04 04:06:32,2026-10-04 04:36:28,85
hash_sha256,9a339a463f538a715e60ecd71280987618dfa3a02c27dd378a7b02c6067d2289,threatfox,Mirai,"threatfox,elf,Mirai",2026-10-04 04:06:32,2026-10-04 04:36:28,85
hash_sha256,9bb319511b1af3a549f342137907e39a1c9777bd5eaadad7abc5eae71a4b0815,threatfox,Mirai,"threatfox,elf,Gafgyt,Mirai",2026-10-04 04:06:32,2026-10-04 04:36:28,85
hash_sha256,9bf070951e62fefd3f3461900629e3657b80f5a22e78435487e5c976bfdf6221,threatfox,Mirai,"threatfox,elf,exe,Mirai",2026-10-04 04:06:32,2026-10-04 04:36:28,85
hash_sha256,9c5a7e069010ccc2558783c82d31ad0bcb43c62b9c87da57a92ac209bfa22da0,threatfox,Mirai,"threatfox,elf,Mirai",2026-10-04 04:06:32,2026-10-04 04:36:28,85
hash_sha256,9c5df1b39c69a9c04580b92bf77540eccc07c2ffa221edfaa52301375aaa5ce8,threatfox,Bashlite,"threatfox,Bashlite,elf,Gafgyt",2026-10-04 04:06:32,2026-10-04 04:36:28,85
hash_sha256,9dea0a840f4925b3a5d7b25d9c6281838ec3247b6938c3883d7f3b98545e71b1,threatfox,Mirai,"threatfox,elf,Mirai",2026-10-04 04:06:32,2026-10-04 04:36:28,85
hash_sha256,9e0428d33f43c6622a3ea1b4f9a4bd2ff82cbba1411b176ef0935c65054f091b,threatfox,Mirai,"threatfox,elf,Mirai",2026-10-04 04:06:32,2026-10-04 04:36:28,85
hash_sha256,9e92b3febc45820609da43d729333a6b7ae23a95dcde6a21c4b71da938796339,threatfox,Mirai,"threatfox,elf,Mirai,upx",2026-10-04 04:06:32,2026-10-04 04:36:28,85
hash_sha256,9fea2f302e9bec5f967f8d9d441747530e76863fd74c10d0462c10234e0afcab,threatfox,Mirai,"threatfox,elf,Mirai,upx",2026-10-04 04:06:32,2026-10-04 04:36:28,85
hash_sha256,a0764484eb467b367e342ce448f2a15d2be637e907a524ea087a633dd5d599d8,threatfox,Mirai,"threatfox,elf,Mirai",2026-10-04 04:06:32,2026-10-04 04:36:28,85
hash_sha256,a1fc98c0f3a4eac436db804117e60333349fa2f167fb9c14d88305dc347f2bbc,threatfox,Mirai,"threatfox,elf,Mirai",2026-10-04 04:06:32,2026-10-04 04:36:28,85
hash_sha256,a327f74a1762d585d7b462ef7a2db8eb19c05419854ce42695a152dffeb3e837,threatfox,Mirai,"threatfox,elf,Mirai,upx",2026-10-04 04:06:32,2026-10-04 04:36:28,85
hash_sha256,a4e82a110c505c1fa42956ad1f7c105d745677148a93f64d5c0a23c6b63e219f,threatfox,Mirai,"threatfox,elf,Mirai",2026-10-04 04:06:32,2026-10-04 04:36:28,85
hash_sha256,a51ad3b43629a1c9d08cc25bd81ba5bf4765a9c5fc6cf59236ece7f570291bca,threatfox,Mirai,"threatfox,elf,Gafgyt,Mirai,upx",2026-10-04 04:06:32,2026-10-04 04:36:28,85
hash_sha256,a54c3c35b0cd84b87e2eaecef10e55634eee6ddd16ab42033eae7ff87086a354,threatfox,Mirai,"threatfox,elf,Gafgyt,Mirai",2026-10-04 04:06:32,2026-10-04 04:36:28,85
hash_sha256,a65585f57e9a5ed30672c00b3e8a1b7c7f46210fcfc66d284c8f9957f5d91249,threatfox,Mirai,"threatfox,elf,Mirai",2026-10-04 04:06:32,2026-10-04 04:36:28,85
hash_sha256,a7155d37b823212b5db29c531d63f13bb30921513dc0dd9ac9e7b4cbfc97bfcf,threatfox,Mirai,"threatfox,elf,Mirai,upx",2026-10-04 04:06:32,2026-10-04 04:36:28,85
hash_sha256,a775050c6e20316c300a55008001017da5d79c8bd0c9c87f9ceff8a93320466f,threatfox,Mirai,"threatfox,elf,Mirai",2026-10-04 04:06:32,2026-10-04 04:36:28,85
hash_sha256,a7c457f045ef6b6e1b09acac78db32d45ac7e4b7976bf646da815e3d61396e17,threatfox,Mirai,"threatfox,elf,Gafgyt,Mirai",2026-10-04 04:06:32,2026-10-04 04:36:28,85
hash_sha256,a860d8ff6a297f9878f0c8a721262ab4bb03f50f144ef1e11088e5d93740ada5,threatfox,Mirai,"threatfox,elf,Mirai,upx",2026-10-04 04:06:32,2026-10-04 04:36:28,85
hash_sha256,a874fbca4692d90fd9864bb58df89282abf03e75ea9f87bbd44f5a6416c05faf,threatfox,Mirai,"threatfox,elf,Mirai,upx",2026-10-04 04:06:32,2026-10-04 04:36:28,85
hash_sha256,a8cf4abd8656d72f7cdadd488f26a316b0beea80b2e53831b87630aa72da5ac6,threatfox,Mirai,"threatfox,elf,Mirai",2026-10-04 04:06:32,2026-10-04 04:36:28,85
hash_sha256,a947cffedf039e89b3179ab4af03aaeee46954a873d15f7cc1457b278325b745,threatfox,Mirai,"threatfox,elf,Mirai",2026-10-04 04:06:32,2026-10-04 04:36:28,85
hash_sha256,a9cf1a5bfb3a15b9e9e114dc22267d3ef75d373abb6aa8ff663d3fc5558825a5,threatfox,Mirai,"threatfox,elf,Mirai",2026-10-04 04:06:32,2026-10-04 04:36:28,85
hash_sha256,aa3cd1ef678dd8427531e1bd2c695fdf9bc10690f91d35c6c79f12a50f0c365e,threatfox,Mirai,"threatfox,elf,Mirai",2026-10-04 04:06:32,2026-10-04 04:36:28,85
hash_sha256,aa4272539b9b637651ea999c3ea77c1ed7727d73e79876144849e71caadd3ecb,threatfox,Mirai,"threatfox,elf,Mirai",2026-10-04 04:06:32,2026-10-04 04:36:28,85
hash_sha256,aaa117897596d13eff0eced18bd9a234afcda4fc9f98ee7bd1cf431c5637264a,threatfox,Mirai,"threatfox,elf,Mirai",2026-10-04 04:06:32,2026-10-04 04:36:28,85
hash_sha256,ab4bcf70da80e2998bb90f878fb3e0ac6d174e89404e51d967d2c5d5633d3fbd,threatfox,Mirai,"threatfox,elf,Mirai",2026-10-04 04:06:32,2026-10-04 04:36:28,85
hash_sha256,abc54ab37e423461c6a67b7d65f342451e42fbd93e4ba83fd571c3236cfcfc25,threatfox,Mirai,"threatfox,elf,Mirai",2026-10-04 04:06:32,2026-10-04 04:36:28,85
hash_sha256,ac16f91590f8aaee12a19b19afb9f490779d7307fcb3c6a34a3844f34f4584cf,threatfox,Mirai,"threatfox,elf,Mirai",2026-10-04 04:06:32,2026-10-04 04:36:28,85
hash_sha256,adaf6e51491783d206f60c580020b5ee7c390ca43ac9dbfb9c79eb62c586c811,threatfox,Mirai,"threatfox,elf,Mirai",2026-10-04 04:06:32,2026-10-04 04:36:28,85
hash_sha256,afb1d872ed8cbac8b6f752f9847b0ea105543dfb85b8c9be5f2d1c956b92afd1,threatfox,Mirai,"threatfox,elf,Mirai",2026-10-04 04:06:32,2026-10-04 04:36:28,85
hash_sha256,b055765abfdd31dfa5252436a90f9818bb163d3d3c7888379fc45575239f3792,threatfox,Mirai,"threatfox,elf,Mirai",2026-10-04 04:06:32,2026-10-04 04:36:28,85
hash_sha256,b0e6ce2d90b7de7c784b13421ee68ca0c528dcb62b64a8e4c54aa4e2b03daa5e,threatfox,Mirai,"threatfox,elf,Mirai",2026-10-04 04:06:32,2026-10-04 04:36:28,85
hash_sha256,b1a9ae7d0b9b6bc29c39d91d9499a87e50ee166dca40b0070c32d2d8cf952609,threatfox,Mirai,"threatfox,elf,exe,Mirai",2026-10-04 04:06:32,2026-10-04 04:36:28,85
hash_sha256,b23f0a04c15b1b0a653468a53041019d8076cfe6b4b06fa7ace55dd6e9a9c45c,threatfox,Mirai,"threatfox,elf,Mirai",2026-10-04 04:06:32,2026-10-04 04:36:28,85
hash_sha256,b2aa2c5c202e530bb1f8ed9f1c00b4e59be8445455f7eef1b8fb25a2f92408a6,threatfox,Overlord RAT,"threatfox,dropped-by-StealC,exe,OverlordRAT,PG",2026-10-04 04:06:32,2026-10-04 04:36:28,85
hash_sha256,b34a84cef3a7389a0e24c2601c1ae54f7c126a76e8424afc45769241b606fdd2,threatfox,Mirai,"threatfox,dropper,elf,Mirai",2026-10-04 04:06:32,2026-10-04 04:36:28,85
hash_sha256,b3512d6dd71746655648180b30a3812939c7adbcbb2958b3abf6ae004f691156,threatfox,Mirai,"threatfox,elf,Mirai",2026-10-04 04:06:32,2026-10-04 04:36:28,85
hash_sha256,b5dc81677b384f01e837374cc508362e2ece6a186f7f08009af3cac2ba7b7ff7,threatfox,Mirai,"threatfox,elf,Mirai",2026-10-04 04:06:32,2026-10-04 04:36:28,85
hash_sha256,b6485bb24becb01de3319bc543c026f2b22695146dca3447143384ed92f6933a,threatfox,Mirai,"threatfox,elf,Mirai,upx",2026-10-04 04:06:32,2026-10-04 04:36:28,85
hash_sha256,b7f39609a10c9a9699c3627955b2ccc06c62b85d3b96eacd5a74b3473d886ad3,threatfox,Mirai,"threatfox,elf,exe,Mirai",2026-10-04 04:06:32,2026-10-04 04:36:28,85
hash_sha256,b84a614a30660cf17d69e257fad9b494a9f4cac592d05c14cbaa37e34ee7acee,threatfox,Mirai,"threatfox,elf,Mirai",2026-10-04 04:06:32,2026-10-04 04:36:28,85
hash_sha256,b868d59bee215ec0026ef477d605a31a549bd9f0a06822d0c239fbc329623efc,threatfox,Mirai,"threatfox,elf,Mirai,upx",2026-10-04 04:06:32,2026-10-04 04:36:28,85
hash_sha256,b8d63bcb195fa116a1e6aa80ae02521860d7c91699e1e44e9a6f24bcfdac8515,threatfox,Mirai,"threatfox,elf,Mirai",2026-10-04 04:06:32,2026-10-04 04:36:28,85
hash_sha256,b8e0db3ea4f1c268fa39f1d678bba2551cf11db7aabc748f6ab2b050db79837a,threatfox,Mirai,"threatfox,elf,Mirai",2026-10-04 04:06:32,2026-10-04 04:36:28,85
hash_sha256,b9a3ee0e1896dc62332c9d3bdb4925495d48daed9123b12a260b06e17f74c2b1,threatfox,Mirai,"threatfox,elf,Mirai,upx",2026-10-04 04:06:32,2026-10-04 04:36:28,85
hash_sha256,ba5cf6adc816afc033091f830777d7c89c7c130fbd3817b649501bc5fc681202,threatfox,Mirai,"threatfox,elf,exe,Mirai",2026-10-04 04:06:32,2026-10-04 04:36:28,85
hash_sha256,bb0b8149a9d9a831b1bf10cd95041c9a03a62784d225e0658679d656519a12f7,threatfox,Mirai,"threatfox,elf,Mirai,upx",2026-10-04 04:06:32,2026-10-04 04:36:28,85
hash_sha256,bb4914256a8f134337bc2a62cac61e3458f3c16094187d50d6907584b16672b6,threatfox,Mirai,"threatfox,elf,Mirai",2026-10-04 04:06:32,2026-10-04 04:36:28,85
hash_sha256,bb66063453efe9e93235121be7bbdbf8b38cbeae66c6163b8e2c101e9689e843,threatfox,Mirai,"threatfox,elf,Mirai",2026-10-04 04:06:32,2026-10-04 04:36:28,85
hash_sha256,bb833f3ba12e341160c082cfb1f182c0e08026d63d57bd52d48e32f5a61d7e18,threatfox,Mirai,"threatfox,elf,Mirai",2026-10-04 04:06:32,2026-10-04 04:36:28,85
hash_sha256,bc517cbece3dc95b06c6fd077bb3355e61f64f3b13e9b5583d0dfa9da025320f,threatfox,Mirai,"threatfox,elf,Mirai",2026-10-04 04:06:32,2026-10-04 04:36:28,85
hash_sha256,bc5d6f222b11de463863fd68ed2ea166ddad5bb98e8404fb63ceec2415cac493,threatfox,Mirai,"threatfox,elf,Mirai",2026-10-04 04:06:32,2026-10-04 04:36:28,85
hash_sha256,bce103624ad07605c9953f9d743cbb0c176515affb9241d08df7399e9652f4da,threatfox,Mirai,"threatfox,elf,Mirai",2026-10-04 04:06:32,2026-10-04 04:36:28,85
hash_sha256,bd79f4f4e8cd50290d7c70d3b95b02922a6d0bd7cbcf46594afb45f575d9657c,threatfox,Mirai,"threatfox,elf,Mirai",2026-10-04 04:06:32,2026-10-04 04:36:28,85
hash_sha256,bdbcb94265f715c4e044499b7f18a9193972117c06daf9097f91afe812de6207,threatfox,Mirai,"threatfox,elf,Mirai",2026-10-04 04:06:32,2026-10-04 04:36:28,85
hash_sha256,bdd5a57f630e710dc77e777523087fbd104523cac853cba8b274bc60bec4d76b,threatfox,Mirai,"threatfox,elf,Mirai",2026-10-04 04:06:32,2026-10-04 04:36:28,85
hash_sha256,c06c9ee4e6020894bc9fc3abebb953b889d15d6041518483568fc8587d8e96a6,threatfox,Mirai,"threatfox,elf,Mirai",2026-10-04 04:06:32,2026-10-04 04:36:28,85
hash_sha256,c0aba0fea2ed614fa68396ca7258b0ea5c7096e9dc76525a2afc6cdc8a79edb1,threatfox,Mirai,"threatfox,elf,Mirai,upx",2026-10-04 04:06:32,2026-10-04 04:36:28,85
hash_sha256,c12d9da55bc424428978518649958b96cc69e656becc434ebabcdff611aad275,threatfox,Mirai,"threatfox,elf,Mirai,upx,wraith",2026-10-04 04:06:32,2026-10-04 04:36:28,85
hash_sha256,c1879bbc63385aba9bbc4dfd6386b5a9fd66482060e38acc4f78ce4345104f58,threatfox,Mirai,"threatfox,elf,Mirai",2026-10-04 04:06:32,2026-10-04 04:36:28,85
hash_sha256,c216bd9d1ae0e9fbebc60c9c87f6278b71fb3a1bd8797ca3280aa3ca276ffd6f,threatfox,Mirai,"threatfox,elf,Mirai",2026-10-04 04:06:32,2026-10-04 04:36:28,85
hash_sha256,c2c6c75e00efa7ad3eb38be03b2e09d88d750a26404334689e29bda066ccdb18,threatfox,Mirai,"threatfox,elf,exe,Mirai",2026-10-04 04:06:32,2026-10-04 04:36:28,85
hash_sha256,c3283f3fe72158227ae7a4e489194f33e46fc87b0983e0f93f4126e7854c7aaf,threatfox,Mirai,"threatfox,elf,Mirai",2026-10-04 04:06:32,2026-10-04 04:36:28,85
hash_sha256,c35dc6618d1666b0562f7c6c40d1e231ddf33efd6eeabc1a9a289a178fdc3b5b,threatfox,Mirai,"threatfox,elf,Mirai",2026-10-04 04:06:32,2026-10-04 04:36:28,85
hash_sha256,c3732db414d3db1339c1a0a2088b6ba81acc7dc8ad1eeea4df502b97c15a9dcf,threatfox,Mirai,"threatfox,elf,exe,Mirai",2026-10-04 04:06:32,2026-10-04 04:36:28,85
hash_sha256,c3a2e075d6914e0f21071fa4910ff0cbdd1e8a23c65fe35bf3a5e63396b8671c,threatfox,Mirai,"threatfox,elf,Mirai,upx",2026-10-04 04:06:32,2026-10-04 04:36:28,85
hash_sha256,c3bf94e24ef78430e6ff3aca5d2dd8c62cdfebb2ae07dd69788420c1985104f7,threatfox,Mirai,"threatfox,elf,exe,Mirai",2026-10-04 04:06:32,2026-10-04 04:36:28,85
hash_sha256,c40317bafe39ec13bd944009bd6c53e6db8430c488433fdace6a3527b26588bb,threatfox,AsyncRAT,"threatfox,AsyncRAT,BoratRAT,ps1,RAT",2026-10-04 04:06:32,2026-10-04 04:36:28,85
hash_sha256,c491efb952e59c9af2f68a88325265beb002d57e9b94875e152ce6ec5833f8f5,threatfox,Mirai,"threatfox,elf,Mirai,upx",2026-10-04 04:06:32,2026-10-04 04:36:28,85
hash_sha256,c5304f9e9717c7818eed2267d437f1dbcc4d593243ebbcfcb5fdddd3ea42a3c7,threatfox,Mirai,"threatfox,elf,Mirai,upx",2026-10-04 04:06:32,2026-10-04 04:36:28,85
hash_sha256,c5badbc7eb2ff4f904156ed9b517c22c7dfba122e540dfbf7f0d4156d7a9976d,threatfox,Mirai,"threatfox,elf,Mirai",2026-10-04 04:06:32,2026-10-04 04:36:28,85
hash_sha256,c820542d0a0421d8a43f8d9967d86de22cf9e6278334d0529bb4d078d91e04d0,threatfox,Mirai,"threatfox,elf,Mirai,upx",2026-10-04 04:06:32,2026-10-04 04:36:28,85
hash_sha256,c901af1db6044a0532694b9c8a0b8c1e4249373d2e3b86f100e5ba14c78f6d84,threatfox,Mirai,"threatfox,elf,Mirai",2026-10-04 04:06:32,2026-10-04 04:36:28,85
hash_sha256,c9e017c92a48360796a62204c0c29ea092ee8b30cb3ef77e7b5de36efe6440b9,threatfox,Mirai,"threatfox,elf,Mirai",2026-10-04 04:06:32,2026-10-04 04:36:28,85
hash_sha256,ca630b5ad96602cd6e52df2e57dbe78d90f3acebb51b38850bf412cbc9ced182,threatfox,Mirai,"threatfox,elf,Mirai",2026-10-04 04:06:32,2026-10-04 04:36:28,85
hash_sha256,cafd6cc41f5ae446d21bc2aafdb9f6de5a862dd87ab07dc660c5f3fc6d17c391,threatfox,Mirai,"threatfox,elf,Mirai,upx",2026-10-04 04:06:32,2026-10-04 04:36:28,85
hash_sha256,cb77b8a21f797eac9ef7eb5bf6deae8c57d370f551cf6a97465308f6a41b543f,threatfox,Mirai,"threatfox,elf,Mirai",2026-10-04 04:06:32,2026-10-04 04:36:28,85
hash_sha256,cb9c5a44de04796ec2bcf12a7d2251cbb43e9a833773b5a5eeecf2a65851b9b4,threatfox,Mirai,"threatfox,elf,Mirai,upx",2026-10-04 04:06:32,2026-10-04 04:36:28,85
hash_sha256,cc83aaa6ffc335bda7548aeabf6af25f81d5d8ed8d70fe29e99493610b1abc9f,threatfox,Mirai,"threatfox,elf,Mirai,upx",2026-10-04 04:06:32,2026-10-04 04:36:28,85
hash_sha256,ccdc4a015bb2a334f7ed236b6b8ba4f40eaf66208e62d09b20a73f99fab1df41,threatfox,Mirai,"threatfox,elf,exe,Mirai,upx",2026-10-04 04:06:32,2026-10-04 04:36:28,85
hash_sha256,cd3294de78b0af05f66b9409b22216da9a62692b0ae08db2c5ecad8afe3c35fb,threatfox,Mirai,"threatfox,elf,Mirai",2026-10-04 04:06:32,2026-10-04 04:36:28,85
hash_sha256,ce114fea8ed5d7e5925fa373b90c3f4e616427720bfcdf421e8159ae2582c727,threatfox,Mirai,"threatfox,elf,Mirai",2026-10-04 04:06:32,2026-10-04 04:36:28,85
hash_sha256,ceecb57e23558def55d714108d1ac39600a3b883dcef912f78ead23e3f6395d9,threatfox,Mirai,"threatfox,elf,Mirai,upx",2026-10-04 04:06:32,2026-10-04 04:36:28,85
hash_sha256,cf3a2657c94d50d00f96dd8d864690f68a027188e76207c263134f8e7460da00,threatfox,Mirai,"threatfox,elf,Mirai,upx",2026-10-04 04:06:32,2026-10-04 04:36:28,85
hash_sha256,d0d1bbcd8900f190bc7b24e1b15e5558fbc917e5172712075207ee3e29c16a3f,threatfox,Mirai,"threatfox,elf,exe,Mirai",2026-10-04 04:06:32,2026-10-04 04:36:28,85
hash_sha256,d138a416cb7844173677eb4ec9e318edf3997c547137cb5d2144364183e18b29,threatfox,SNOWLIGHT,"threatfox,elf,SNOWLIGHT",2026-10-04 04:06:32,2026-10-04 04:36:28,85
hash_sha256,d1c61995a45ade03e6a245793dcac2b3ed26c8ed9c451b2e81b441668728c280,threatfox,Mirai,"threatfox,elf,Mirai",2026-10-04 04:06:32,2026-10-04 04:36:28,85
hash_sha256,d1e86d0d56ab3c89f296f108c87849cb54cd29e89442768a056e060e77375559,threatfox,Mirai,"threatfox,elf,Mirai",2026-10-04 04:06:32,2026-10-04 04:36:28,85
hash_sha256,d1ebe6c654f0fc5e3b42ec77b4cf2d87dd74b5b63c1ffc1d5e5a6d2cb0359fb9,threatfox,Mirai,"threatfox,elf,Mirai",2026-10-04 04:06:32,2026-10-04 04:36:28,85
hash_sha256,d24f4926d5c81a0e87391086c4f90295ccaadd98b3078065d744bc4735b78293,threatfox,Mirai,"threatfox,elf,exe,Mirai",2026-10-04 04:06:32,2026-10-04 04:36:28,85
hash_sha256,d2ceb5d5ca0d3e62dbeba77e7471714a51db084ce735e4c8099b84244179a8f6,threatfox,404 Keylogger,"threatfox,404Keylogger,keylogger,ps1,SnakeKeylogger",2026-10-04 04:06:32,2026-10-04 04:36:28,85
hash_sha256,d38f077b96a00aae266c00f630a7153c6bb89e6cebeb33d328ec11efa3fdbeda,threatfox,Mirai,"threatfox,elf,Mirai",2026-10-04 04:06:32,2026-10-04 04:36:28,85
hash_sha256,d3c414ea55ff51e39378044996c77cf65c1c2403b8ad232bb8b5c8ee7cadd393,threatfox,Mirai,"threatfox,elf,Gafgyt,Mirai",2026-10-04 04:06:32,2026-10-04 04:36:28,85
hash_sha256,d4e955b6b22af7d62d9102d5db1940a0ede1328fa8b73970a2f46d5f3236c9d4,threatfox,Mirai,"threatfox,elf,exe,Mirai,upx",2026-10-04 04:06:32,2026-10-04 04:36:28,85
hash_sha256,d54eb3010f2a76f479954fe8b86ee81d79d32a092a76f1e8008bfbdf43100da5,threatfox,Mirai,"threatfox,elf,Mirai,upx",2026-10-04 04:06:32,2026-10-04 04:36:28,85
hash_sha256,da92fca5032ea8d8b4fcb45dc0aa7874fe201c4e84b7f40814ce8c5a6afc8cdb,threatfox,Mirai,"threatfox,elf,Mirai",2026-10-04 04:06:32,2026-10-04 04:36:28,85
hash_sha256,dbdacdc6e8a16692a3933e743a2b81fad289e06ada415585eaf551f3d228b28b,threatfox,Mirai,"threatfox,elf,Mirai,upx",2026-10-04 04:06:32,2026-10-04 04:36:28,85
hash_sha256,dc03e8e7f1208c7593d6411c5e10e50bbae1c761faec519c903fa6b179c19688,threatfox,Mirai,"threatfox,cloaked,elf,Mirai,upx",2026-10-04 04:06:32,2026-10-04 04:36:28,85
hash_sha256,dea6d274c1c7c34d160bd12c87a27ef5c5edb1f4934c4557bb54f1857c7be360,threatfox,Mirai,"threatfox,elf,Mirai",2026-10-04 04:06:32,2026-10-04 04:36:28,85
hash_sha256,dedfdbd4ae2ea34dd9528c3ebb5f2780c9512da0da619cfd9cdddfc0e411998c,threatfox,Mirai,"threatfox,elf,Mirai,upx",2026-10-04 04:06:32,2026-10-04 04:36:28,85
hash_sha256,e13b8f85e0cef9889fb25edf9de8f947b27823c86b65ba456b1651b5e630cead,threatfox,Mirai,"threatfox,elf,Mirai,upx",2026-10-04 04:06:32,2026-10-04 04:36:28,85
hash_sha256,e1dee9c4253ec38267ab4a97222e6d888036137a57159f7a371be07a257ab8a7,threatfox,SNOWLIGHT,"threatfox,elf,SNOWLIGHT",2026-10-04 04:06:32,2026-10-04 04:36:28,85
hash_sha256,e6cff7af2a261bd956893e5b617f5425496bc779bb262fa4657cd119badbedbe,threatfox,Mirai,"threatfox,elf,Mirai,upx",2026-10-04 04:06:32,2026-10-04 04:36:28,85
hash_sha256,e756f7ea22a1abf9b1fc928a2613a798db2c7082dc703d8c73c8a0e90c751d90,threatfox,Mirai,"threatfox,elf,Mirai",2026-10-04 04:06:32,2026-10-04 04:36:28,85
hash_sha256,e7a9f44542e8665d4b0710821ea3705fc46ffcd74b2e43b1f19f6943de8545b4,threatfox,Mirai,"threatfox,elf,Mirai",2026-10-04 04:06:32,2026-10-04 04:36:28,85
hash_sha256,e8353b0438f14cdf38feeca4ec9ccbfde355173a0b5cf608e85a56b1f52e2ddd,threatfox,Mirai,"threatfox,elf,Mirai",2026-10-04 04:06:32,2026-10-04 04:36:28,85
hash_sha256,e997abb1ddc2a3bb9341d1ee3bb05ae1d28af72644dc745f221540cab5eff4d9,threatfox,Mirai,"threatfox,elf,Mirai",2026-10-04 04:06:32,2026-10-04 04:36:28,85
hash_sha256,eaee925649d11f588b622bee5dd0673e0ff06ba0406ee47f4fc361332cfedfb5,threatfox,Mirai,"threatfox,elf,exe,Mirai",2026-10-04 04:06:32,2026-10-04 04:36:28,85
hash_sha256,eb3360040c576834ebd59f66b794a95d8a29a26ae403fec281a95499301cbf81,threatfox,Mirai,"threatfox,elf,Mirai,upx",2026-10-04 04:06:32,2026-10-04 04:36:28,85
hash_sha256,ec50fccdde4f41a972ad5e5e8ea3d8ff9f2b686fca09cc868ab03ca7eecd9956,threatfox,Mirai,"threatfox,elf,Mirai,upx",2026-10-04 04:06:32,2026-10-04 04:36:28,85
hash_sha256,ecaacd42fe76418179a238d07aaa371fb40fb37f866e133047d19f9693a0cb52,threatfox,Mirai,"threatfox,elf,exe,Mirai,upx",2026-10-04 04:06:32,2026-10-04 04:36:28,85
hash_sha256,ecc15d0dd293c0c880d381016f9bca1324d615ba6bbff4f7413f512f6972dc59,threatfox,Mirai,"threatfox,elf,exe,Mirai,upx",2026-10-04 04:06:32,2026-10-04 04:36:28,85
hash_sha256,eceec0ccfa8901706fb86e2055d9e681697beb0b4d9f123b450b1c25030a744f,threatfox,Mirai,"threatfox,elf,Mirai,upx",2026-10-04 04:06:32,2026-10-04 04:36:28,85
hash_sha256,eed81c4d4cd00c6b575c116579aebbb9e101f5541b8ccf312a78671721d73bfd,threatfox,Mirai,"threatfox,elf,Mirai",2026-10-04 04:06:32,2026-10-04 04:36:28,85
hash_sha256,ef15280d6e8fc6e6a8df777e9bca7d328b10ff9a08f1e03f3a0180d583a54939,threatfox,Mirai,"threatfox,elf,Mirai",2026-10-04 04:06:32,2026-10-04 04:36:28,85
hash_sha256,efeb7f29d142cf3387f20cb184b3995a89db6bce93f6af97d2605942876196fd,threatfox,Mirai,"threatfox,elf,Mirai",2026-10-04 04:06:32,2026-10-04 04:36:28,85
hash_sha256,f18ad10182e72fdf2bb0e265189cf7f0ea33931536b52254725fabce04c5a01e,threatfox,Mirai,"threatfox,elf,Mirai,upx",2026-10-04 04:06:32,2026-10-04 04:36:28,85
hash_sha256,f2b379c510e605d6c2024bd5715fd20d5e85efd3a5201fb4c849d1d141ab5c3f,threatfox,Mirai,"threatfox,elf,Mirai,upx",2026-10-04 04:06:32,2026-10-04 04:36:28,85
hash_sha256,f37a854fe5bd02a8246633942f4a65c24e9b5de58ae416a1874f21a6a7a3c909,threatfox,Mirai,"threatfox,elf,Mirai,upx",2026-10-04 04:06:32,2026-10-04 04:36:28,85
hash_sha256,f5252937299ec4db57492c4b4283bf130be99bc7f020803497451b1350c7645e,threatfox,Mirai,"threatfox,elf,Mirai",2026-10-04 04:06:32,2026-10-04 04:36:28,85
hash_sha256,f671079505d427051ffd07feb8a7d9662c857c2a8b547e341e1823ad0673ad6a,threatfox,Mirai,"threatfox,elf,exe,Mirai",2026-10-04 04:06:32,2026-10-04 04:36:28,85
hash_sha256,f8208c93d9bfc7186b29f86c3aa70056a33e0e8b8e0e4163f4bf6872fdac28cf,threatfox,Mirai,"threatfox,elf,exe,Mirai,worm",2026-10-04 04:06:32,2026-10-04 04:36:28,85
hash_sha256,fa209da594d14353c42b4a9277faf0a18343c66d1fa5787f6cb66343403450d4,threatfox,Mirai,"threatfox,elf,Mirai",2026-10-04 04:06:32,2026-10-04 04:36:28,85
hash_sha256,fa2fb12ad20a170b74fc5a3c723a395777a2e5eb9a106dd76f64d733e47d6a2f,threatfox,Mirai,"threatfox,elf,Mirai",2026-10-04 04:06:32,2026-10-04 04:36:28,85
hash_sha256,fa5863411095c9098a1b29e557e1f0bf5083e6b40a0b9cf6c73851e03c8627f3,threatfox,Coinminer,"threatfox,Coinminer,sh",2026-10-04 04:06:32,2026-10-04 04:36:28,85
hash_sha256,fc2c3f2f744a85974a80e1d9cb8b90da884801a1282068b807349f561986c022,threatfox,Mirai,"threatfox,elf,Mirai",2026-10-04 04:06:32,2026-10-04 04:36:28,85
hash_sha256,fcb7a789e1211bda2c3e6e55d1fb0f69f7b86e376569a3da6502054573c93f82,threatfox,Mirai,"threatfox,elf,Mirai",2026-10-04 04:06:32,2026-10-04 04:36:28,85
hash_sha256,fe32a25cfedbbe4f1f96f5bd08351bc36f5366dd943300bd1b7190da5d3331c8,threatfox,SNOWLIGHT,"threatfox,elf,SNOWLIGHT",2026-10-04 04:06:32,2026-10-04 04:36:28,85
hash_sha256,ff60c0714b51310dcbbb281ca554add9e32a94b3eb07302b262ee67ea07121c4,threatfox,Mirai,"threatfox,elf,Gafgyt,Mirai",2026-10-04 04:06:32,2026-10-04 04:36:28,85
hash_sha256,fffc7c1ca08e6cd9b373e2ecb1b278caa6c4c1489bfa92577c53bcfa173b847a,threatfox,Mirai,"threatfox,elf,Mirai",2026-10-04 04:06:32,2026-10-04 04:36:28,85
ip,191.124.5.229,threatfox,Cobalt Strike,"threatfox,cobaltstrike",2026-10-04 04:06:32,2026-10-04 04:36:28,85
ip,81.71.128.221,threatfox,NjRAT,"threatfox,NjRAT",2026-10-04 04:06:32,2026-10-04 04:36:28,85
url,http://101.108.15.158:50943/Mozi.a,threatfox,Mozi,"threatfox,elf,iot,Mozi",2026-10-04 04:06:32,2026-10-04 04:36:28,85
url,http://112.248.62.71:46743/Mozi.m,threatfox,Mozi,"threatfox,elf,iot,Mozi",2026-10-04 04:06:32,2026-10-04 04:36:28,85
url,http://8.218.2.176:8084/?h=8.218.2.176&p=8084&t=tcp&a=w32&stage=true,threatfox,VShell,"threatfox,exe,VShell",2026-10-04 04:06:32,2026-10-04 04:36:28,85
url,http://8.218.2.176:8084/?h=8.218.2.176&p=8084&t=tcp&a=w64&stage=true,threatfox,VShell,"threatfox,exe,VShell",2026-10-04 04:06:32,2026-10-04 04:36:28,85
url,http://8.218.2.176:8084/?h=8.218.2.176&p=8084&t=ws&a=w64&stage=true,threatfox,Unknown malware,"threatfox,exe",2026-10-04 04:06:32,2026-10-04 04:36:28,85
url,https://65381062.com/download/2026.zip,threatfox,Unknown malware,"threatfox,zip",2026-10-04 04:06:32,2026-10-04 04:36:28,85
url,https://bankaifze.com/,threatfox,Unknown malware,"threatfox,ClickFix",2026-10-04 04:06:32,2026-10-04 04:36:28,85
url,https://calibray.com/,threatfox,Unknown malware,"threatfox,ClickFix",2026-10-04 04:06:32,2026-10-04 04:36:28,85
url,https://checker.vexos.cloud/downloads/dcontrol.zip,threatfox,Unknown malware,"threatfox,zip",2026-10-04 04:06:32,2026-10-04 04:36:28,85
url,https://culturalandsingaporedress.com/,threatfox,Unknown malware,"threatfox,ClickFix",2026-10-04 04:06:32,2026-10-04 04:36:28,85
url,https://demoadmin.revoapps.id/,threatfox,Unknown malware,"threatfox,ClickFix",2026-10-04 04:06:32,2026-10-04 04:36:28,85
url,https://fcri.net/,threatfox,Unknown malware,"threatfox,ClickFix",2026-10-04 04:06:32,2026-10-04 04:36:28,85
url,https://fioito.com.br/,threatfox,Unknown malware,"threatfox,ClickFix",2026-10-04 04:06:32,2026-10-04 04:36:28,85
url,https://gowcar.com/,threatfox,Unknown malware,"threatfox,ClickFix",2026-10-04 04:06:32,2026-10-04 04:36:28,85
url,https://guntes.com.tr/,threatfox,Unknown malware,"threatfox,ClickFix",2026-10-04 04:06:32,2026-10-04 04:36:28,85
url,https://hbaw.com.br/,threatfox,Unknown malware,"threatfox,ClickFix",2026-10-04 04:06:32,2026-10-04 04:36:28,85
url,https://silasconstruction.com/,threatfox,Unknown malware,"threatfox,ClickFix",2026-10-04 04:06:32,2026-10-04 04:36:28,85
url,https://taavi.ee/wp-content/themes/redwall-standard-child-taavi/assets/demos/taavi_tap.exe,threatfox,Unknown malware,"threatfox,exe",2026-10-04 04:06:32,2026-10-04 04:36:28,85
url,https://www.capitalspa.sg/,threatfox,Unknown malware,"threatfox,ClickFix",2026-10-04 04:06:32,2026-10-04 04:36:28,85
url,https://www.enersis.mx/,threatfox,Unknown malware,"threatfox,ClickFix",2026-10-04 04:06:32,2026-10-04 04:36:28,85
url,https://www.riyadhcleaning.org/,threatfox,Unknown malware,"threatfox,ClickFix",2026-10-04 04:06:32,2026-10-04 04:36:28,85
hash_md5,03f6c43c15479720106ebb0e42730c51,malwarebazaar,Mirai,"elf,Mirai",2026-10-04 04:00:04,2026-10-04 04:36:28,85
hash_md5,044583baff54a3d303bada925b3982ac,malwarebazaar,Mirai,"elf,Gafgyt,Mirai",2026-10-04 04:00:04,2026-10-04 04:36:28,85
hash_md5,06eb9e8de90578a7c42bad37c4e35c6a,malwarebazaar,Mirai,"elf,Mirai,upx",2026-10-04 04:00:04,2026-10-04 04:36:28,85
hash_md5,0879bd85aa50638ea53fda315190e7f6,malwarebazaar,Mirai,"Mirai,sh",2026-10-04 04:00:04,2026-10-04 04:36:28,85
hash_md5,0db8fcf20a6c4033d717dbc102053d37,malwarebazaar,VShell,"exe,VShell",2026-10-04 04:00:04,2026-10-04 04:36:28,85
hash_md5,0f789647e6c54f8e111134478a63fbdd,malwarebazaar,Mirai,"elf,Mirai",2026-10-04 04:00:04,2026-10-04 04:36:28,85
hash_md5,100bfa11cfab5755fc4ea5eff33992ef,malwarebazaar,exe,exe,2026-10-04 04:00:04,2026-10-04 04:36:28,85
hash_md5,10736ee7e70ce2412203fd9c07327ace,malwarebazaar,Mirai,"elf,Mirai",2026-10-04 04:00:04,2026-10-04 04:36:28,85
hash_md5,1971849c4afda0f7749d95b66d579894,malwarebazaar,exe,"dropped-by-GCleaner,exe,F,MIX5.file",2026-10-04 04:00:04,2026-10-04 04:36:28,85
hash_md5,199119d11e0ae93437b04a581f63f94a,malwarebazaar,Mirai,"elf,Mirai,upx",2026-10-04 04:00:04,2026-10-04 04:36:28,85
hash_md5,1bf975655dd0eb6983b4f7e897dd38a3,malwarebazaar,Mirai,"elf,Mirai",2026-10-04 04:00:04,2026-10-04 04:36:28,85
hash_md5,1c38cf639e9140e6d5b6741cd71cf749,malwarebazaar,Mirai,elf,2026-10-04 04:00:04,2026-10-04 04:36:28,85
hash_md5,270d1a14961be04191ebf19d76ebc8f8,malwarebazaar,Mirai,"elf,Mirai,upx",2026-10-04 04:00:04,2026-10-04 04:36:28,85
hash_md5,27a5bc0dc3501e3405dd2466b2c93498,malwarebazaar,sh,sh,2026-10-04 04:00:04,2026-10-04 04:36:28,85
hash_md5,284783bce2882423de458e2989a502a9,malwarebazaar,zip,zip,2026-10-04 04:00:04,2026-10-04 04:36:28,85
hash_md5,2c2cacc343519b9ab398e93826500cdb,malwarebazaar,exe,exe,2026-10-04 04:00:04,2026-10-04 04:36:28,85
hash_md5,2c980e5175e8dfd51144181904d7ba33,malwarebazaar,exe,exe,2026-10-04 04:00:04,2026-10-04 04:36:28,85
hash_md5,303afe4afc45b5fca5a7ed77ffed80cf,malwarebazaar,Mirai,"elf,Mirai,upx-dec",2026-10-04 04:00:04,2026-10-04 04:36:28,85
hash_md5,31747e1bdeeb47c436baea86d770a043,malwarebazaar,VShell,"exe,VShell",2026-10-04 04:00:04,2026-10-04 04:36:28,85
hash_md5,31e35c013261aeb68c083a54af6cc7aa,malwarebazaar,Mirai,"elf,Mirai,upx-dec",2026-10-04 04:00:04,2026-10-04 04:36:28,85
hash_md5,328accf876c4235aaa874ee1c6b71852,malwarebazaar,VShell,"exe,VShell",2026-10-04 04:00:04,2026-10-04 04:36:28,85
hash_md5,339c6fafc2880ec71d073a62119624a4,malwarebazaar,QuasarRAT,exe,2026-10-04 04:00:04,2026-10-04 04:36:28,85
hash_md5,39df579bc3ea833559d5645c46f23a8a,malwarebazaar,exe,exe,2026-10-04 04:00:04,2026-10-04 04:36:28,85
hash_md5,3d75e6529b0ed96aca5fc5ef30a56b84,malwarebazaar,Mirai,"elf,Mirai,upx",2026-10-04 04:00:04,2026-10-04 04:36:28,85
hash_md5,4206b0678c67c956b3693dae45f0e53d,malwarebazaar,exe,exe,2026-10-04 04:00:04,2026-10-04 04:36:28,85
hash_md5,4240fcad71ba1bf0b03e67d948f67bf6,malwarebazaar,Mirai,"elf,Mirai",2026-10-04 04:00:04,2026-10-04 04:36:28,85
hash_md5,44ac27e10917a442fc7bae55cf8e82eb,malwarebazaar,Mirai,elf,2026-10-04 04:00:04,2026-10-04 04:36:28,85
hash_md5,44ef4338d426cecca8a92bed43cd255c,malwarebazaar,VShell,"exe,VShell",2026-10-04 04:00:04,2026-10-04 04:36:28,85
hash_md5,45c87a5582de778121d8e3159c4c78ef,malwarebazaar,CoinMiner,"CoinMiner,exe,signed",2026-10-04 04:00:04,2026-10-04 04:36:28,85
hash_md5,4824cb466321f331c857fc9c5ad8cfd4,malwarebazaar,Mirai,elf,2026-10-04 04:00:04,2026-10-04 04:36:28,85
hash_md5,49d8204af7d4ad39086f0b148b6668df,malwarebazaar,exe,exe,2026-10-04 04:00:04,2026-10-04 04:36:28,85
hash_md5,4b4c09ecdcef26e6ba014c50162343fb,malwarebazaar,msi,"msi,signed",2026-10-04 04:00:04,2026-10-04 04:36:28,85
hash_md5,4ba21fa78ee2a964ba9049e9fb7aec3a,malwarebazaar,zip,zip,2026-10-04 04:00:04,2026-10-04 04:36:28,85
hash_md5,4d6f4c3978cf6066293e363273dc3bf8,malwarebazaar,Mirai,"elf,Mirai",2026-10-04 04:00:04,2026-10-04 04:36:28,85
hash_md5,5121a733fce14918fdb036776fd066b1,malwarebazaar,Mirai,"elf,Mirai,upx",2026-10-04 04:00:04,2026-10-04 04:36:28,85
hash_md5,5135b99ddfb605c52574cb0a0df57074,malwarebazaar,zip,zip,2026-10-04 04:00:04,2026-10-04 04:36:28,85
hash_md5,51a21bb5cc14be43ea7890e2311b7612,malwarebazaar,Mirai,"elf,Mirai,upx-dec",2026-10-04 04:00:04,2026-10-04 04:36:28,85
hash_md5,548e611db105d3caaefc19c8e15630e7,malwarebazaar,exe,exe,2026-10-04 04:00:04,2026-10-04 04:36:28,85
hash_md5,54b0506cc008d9d693350668779d892b,malwarebazaar,Mirai,"elf,Mirai",2026-10-04 04:00:04,2026-10-04 04:36:28,85
hash_md5,55560021385bf300bd71bf1e3e93ee51,malwarebazaar,zip,zip,2026-10-04 04:00:04,2026-10-04 04:36:28,85
hash_md5,56fdf4ebd7c2b635fb5e2707c7532693,malwarebazaar,macho,"ClickFix,Foxveil,loader,Mach-O,macho,macOS",2026-10-04 04:00:04,2026-10-04 04:36:28,85
hash_md5,5e8b5d284c6cbfb0911ace50b043d260,malwarebazaar,Mirai,"elf,Mirai",2026-10-04 04:00:04,2026-10-04 04:36:28,85
hash_md5,60c08a2795bf569c68f227d2f8e6b54a,malwarebazaar,Mirai,"elf,Mirai",2026-10-04 04:00:04,2026-10-04 04:36:28,85
hash_md5,64d5ccf6b2ad07857ab0d397f69fe6df,malwarebazaar,Troldesh,"Troldesh,zip",2026-10-04 04:00:04,2026-10-04 04:36:28,85
hash_md5,65223c6d432547a9de8eb267244d1c88,malwarebazaar,Mirai,"elf,Mirai,upx",2026-10-04 04:00:04,2026-10-04 04:36:28,85
hash_md5,6561f6b4ee99d156e69a0d5ab925d11a,malwarebazaar,Mirai,"elf,Mirai",2026-10-04 04:00:04,2026-10-04 04:36:28,85
hash_md5,68dc58c7dae2be34d6527cbc96f2f2d3,malwarebazaar,Mirai,"elf,Mirai,upx-dec",2026-10-04 04:00:04,2026-10-04 04:36:28,85
hash_md5,6e473ccde151acda24cb2c5db83413c0,malwarebazaar,VShell,"exe,VShell",2026-10-04 04:00:04,2026-10-04 04:36:28,85
hash_md5,6fb8793f831225d6a9d22d628b9cdaa0,malwarebazaar,Mirai,"elf,Mirai,upx-dec",2026-10-04 04:00:04,2026-10-04 04:36:28,85
hash_md5,76853eac9f7ec3494dd2e136d8aaa492,malwarebazaar,exe,"exe,signed",2026-10-04 04:00:04,2026-10-04 04:36:28,85
hash_md5,769ef32ecbc0abd7157680b4125caf3f,malwarebazaar,apk,apk,2026-10-04 04:00:04,2026-10-04 04:36:28,85
hash_md5,78befc8bfb09c35e88f9bb441f53e969,malwarebazaar,Mirai,"elf,Mirai,upx-dec",2026-10-04 04:00:04,2026-10-04 04:36:28,85
hash_md5,78cf5b48e651cd6d0ccc16c3c8d1f9bb,malwarebazaar,zip,zip,2026-10-04 04:00:04,2026-10-04 04:36:28,85
hash_md5,79671373da205e13d231208820a02100,malwarebazaar,macho,"ClickFix,Foxveil,loader,Mach-O,macho,macOS",2026-10-04 04:00:04,2026-10-04 04:36:28,85
hash_md5,79d8d39c604c6ead773b92bb630dc299,malwarebazaar,Mirai,"elf,Mirai,upx-dec",2026-10-04 04:00:04,2026-10-04 04:36:28,85
hash_md5,7c41897c403dd53321727e34d88f71ad,malwarebazaar,exe,"dropped-by-GCleaner,exe,s,soft",2026-10-04 04:00:04,2026-10-04 04:36:28,85
hash_md5,80d48ce185036e5d3d206c9cf66859bd,malwarebazaar,Mirai,"elf,Mirai,upx",2026-10-04 04:00:04,2026-10-04 04:36:28,85
hash_md5,82b59d3259bc525c5d4e480cddd9fe37,malwarebazaar,Mirai,"elf,Mirai,upx-dec",2026-10-04 04:00:04,2026-10-04 04:36:28,85
hash_md5,876794b541d8da0af48ef9c68aa4360a,malwarebazaar,Mirai,"elf,Mirai",2026-10-04 04:00:04,2026-10-04 04:36:28,85
hash_md5,8b6f2c1c739cae1098211b7fa15b7875,malwarebazaar,apk,apk,2026-10-04 04:00:04,2026-10-04 04:36:28,85
hash_md5,8c873ca7b592af897d485123a4075926,malwarebazaar,Mirai,"elf,Mirai",2026-10-04 04:00:04,2026-10-04 04:36:28,85
hash_md5,8e4bfad81a03e1131fd3d3388fb92971,malwarebazaar,exe,exe,2026-10-04 04:00:04,2026-10-04 04:36:28,85
hash_md5,8eaf0ebce5a7c3de80c7988443d2846a,malwarebazaar,Mirai,"elf,Mirai,upx",2026-10-04 04:00:04,2026-10-04 04:36:28,85
hash_md5,8ffec072af4a55111e2352dd2e983405,malwarebazaar,zip,zip,2026-10-04 04:00:04,2026-10-04 04:36:28,85
hash_md5,91bd5cee99ece6bad7336e310963902d,malwarebazaar,Mirai,"elf,Mirai,upx",2026-10-04 04:00:04,2026-10-04 04:36:28,85
hash_md5,94e791c4f0e69665c326c0ec634aa0b6,malwarebazaar,exe,exe,2026-10-04 04:00:04,2026-10-04 04:36:28,85
hash_md5,951b720e4973ed37fbe8ef21c82cb4ee,malwarebazaar,Mirai,"elf,Mirai",2026-10-04 04:00:04,2026-10-04 04:36:28,85
hash_md5,997e9d46cde40ff5fbd26a796494918d,malwarebazaar,AgentTesla,"AgentTesla,rar",2026-10-04 04:00:04,2026-10-04 04:36:28,85
hash_md5,9a125150871568fe8312fe38e7435086,malwarebazaar,Mirai,"elf,Mirai,upx-dec",2026-10-04 04:00:04,2026-10-04 04:36:28,85
hash_md5,9b755452be7f3003ba387a789d84094f,malwarebazaar,Mirai,"elf,Mirai,upx",2026-10-04 04:00:04,2026-10-04 04:36:28,85
hash_md5,a12c9f51ab25f413d622a6fba1fb5cd8,malwarebazaar,Mirai,"elf,Mirai,upx-dec",2026-10-04 04:00:04,2026-10-04 04:36:28,85
hash_md5,a1de598012ba796f019290901338e7f3,malwarebazaar,Mirai,"elf,Mirai",2026-10-04 04:00:04,2026-10-04 04:36:28,85
hash_md5,a27716523b819aa878b89c7ebf55ac5a,malwarebazaar,Mirai,elf,2026-10-04 04:00:04,2026-10-04 04:36:28,85
hash_md5,a3cb07a82c9e2e0ad3b7ca2ff8839f4a,malwarebazaar,Mirai,elf,2026-10-04 04:00:04,2026-10-04 04:36:28,85
hash_md5,a432bc5b37db0ef6c9b6ec828c7a4c8c,malwarebazaar,sh,sh,2026-10-04 04:00:04,2026-10-04 04:36:28,85
hash_md5,a5e3b490794b7f493344abcc70664c23,malwarebazaar,exe,exe,2026-10-04 04:00:04,2026-10-04 04:36:28,85
hash_md5,a5f2e89d8926046fb4de161c78f79b6b,malwarebazaar,njrat,"exe,njrat,RAT",2026-10-04 04:00:04,2026-10-04 04:36:28,85
hash_md5,a6716e60895e3dc8f82f9ce3bcf73261,malwarebazaar,Mirai,"elf,Mirai,upx-dec",2026-10-04 04:00:04,2026-10-04 04:36:28,85
hash_md5,a6a9fee823bfe67f25b4e9ad9f8b2fd6,malwarebazaar,zip,zip,2026-10-04 04:00:04,2026-10-04 04:36:28,85
hash_md5,a7eb5b3e96fc9377ac3899df7fe9acc5,malwarebazaar,Mirai,"arm,cowrie,elf,honeypot,Mirai",2026-10-04 04:00:04,2026-10-04 04:36:28,85
hash_md5,ac19c0e9e3d960c25910ca1b8fe3eb1d,malwarebazaar,exe,"exe,signed",2026-10-04 04:00:04,2026-10-04 04:36:28,85
hash_md5,b8869d7181db20dd7e377d1f5ba30806,malwarebazaar,Mirai,"elf,Mirai,upx-dec",2026-10-04 04:00:04,2026-10-04 04:36:28,85
hash_md5,b8e778b5c5cfd8a8ad5e0d9205133ae1,malwarebazaar,Mirai,"elf,Mirai",2026-10-04 04:00:04,2026-10-04 04:36:28,85
hash_md5,bc57da7d5bfcf14ecfddd1450116e016,malwarebazaar,exe,exe,2026-10-04 04:00:04,2026-10-04 04:36:28,85
hash_md5,bc5fb9132b9239a2c89c199fdc8a6135,malwarebazaar,Mirai,"elf,Mirai,upx-dec",2026-10-04 04:00:04,2026-10-04 04:36:28,85
hash_md5,bc71c7d9e8348c5ac9c3e009730d7393,malwarebazaar,Mirai,"elf,Mirai,upx-dec",2026-10-04 04:00:04,2026-10-04 04:36:28,85
hash_md5,bcd3ea8d5ddc138e00633248e565d08a,malwarebazaar,Mirai,"elf,Mirai,upx",2026-10-04 04:00:04,2026-10-04 04:36:28,85
hash_md5,c24fdcd921be5cca6f0ee11156a6bd7d,malwarebazaar,exe,exe,2026-10-04 04:00:04,2026-10-04 04:36:28,85
hash_md5,c4b8c6475ebfb30b63d30a412787024e,malwarebazaar,elf,elf,2026-10-04 04:00:04,2026-10-04 04:36:28,85
hash_md5,c985d185dc9ff616f26b31d130592568,malwarebazaar,exe,exe,2026-10-04 04:00:04,2026-10-04 04:36:28,85
hash_md5,ccfaa5ea9a283cc029f5d285f801db95,malwarebazaar,zip,zip,2026-10-04 04:00:04,2026-10-04 04:36:28,85
hash_md5,d35b9d0b7f5404ea9ffa8a855e70e78e,malwarebazaar,Mirai,"elf,Mirai,upx",2026-10-04 04:00:04,2026-10-04 04:36:28,85
hash_md5,d6ebcee81c0755d8c08a271f5163d8f4,malwarebazaar,Mirai,"elf,Mirai",2026-10-04 04:00:04,2026-10-04 04:36:28,85
hash_md5,d7934d65cd20f21e9b7fc8e07c9bf328,malwarebazaar,Mirai,"elf,Gafgyt,Mirai",2026-10-04 04:00:04,2026-10-04 04:36:28,85
hash_md5,d7eeaaeec0db329ddcc356c5df299d20,malwarebazaar,Mirai,"elf,Mirai",2026-10-04 04:00:04,2026-10-04 04:36:28,85
hash_md5,db0a0c0fdd0ee834ca047a1f273fb561,malwarebazaar,Gafgyt,"elf,Gafgyt",2026-10-04 04:00:04,2026-10-04 04:36:28,85
hash_md5,e15f6b8612207d4560802dc8b171237a,malwarebazaar,Mirai,"elf,Mirai,upx-dec",2026-10-04 04:00:04,2026-10-04 04:36:28,85
hash_md5,e3effacb0dc1eaad5e9a0eca11b97301,malwarebazaar,Mirai,elf,2026-10-04 04:00:04,2026-10-04 04:36:28,85
hash_md5,e6db18f345f0fdb9b867b259c1e63970,malwarebazaar,Mirai,elf,2026-10-04 04:00:04,2026-10-04 04:36:28,85
hash_md5,e758f5fcf45f3f582876578825febb7c,malwarebazaar,sh,sh,2026-10-04 04:00:04,2026-10-04 04:36:28,85
hash_md5,e7a0130c5e53e8be15aba0cfa059a93d,malwarebazaar,Mirai,"elf,Mirai,upx",2026-10-04 04:00:04,2026-10-04 04:36:28,85
hash_md5,e98af5796aa0b9e3c7c4442be3517c9c,malwarebazaar,Mirai,elf,2026-10-04 04:00:04,2026-10-04 04:36:28,85
hash_md5,ec01cf75c33fda5a021c04b01ec925fc,malwarebazaar,Mirai,"elf,Mirai",2026-10-04 04:00:04,2026-10-04 04:36:28,85
hash_md5,f0314f4607c84bd1f4b6272049e37657,malwarebazaar,Mirai,"elf,Mirai,upx",2026-10-04 04:00:04,2026-10-04 04:36:28,85
hash_md5,f28e96da5d8930303c54d65a3be9d854,malwarebazaar,Mirai,"elf,Mirai",2026-10-04 04:00:04,2026-10-04 04:36:28,85
hash_md5,f5a8f12ebd579800ec5930c8f832dc4c,malwarebazaar,elf,elf,2026-10-04 04:00:04,2026-10-04 04:36:28,85
hash_md5,fadec974df926a141d16cfc0255c8565,malwarebazaar,exe,exe,2026-10-04 04:00:04,2026-10-04 04:36:28,85
hash_md5,fbe97c0776412c5ea96dbcae68acd001,malwarebazaar,Mirai,"elf,Mirai,upx",2026-10-04 04:00:04,2026-10-04 04:36:28,85
hash_md5,fc030f6ac363159c888a8cc8396e9123,malwarebazaar,Mirai,"elf,Mirai,upx-dec",2026-10-04 04:00:04,2026-10-04 04:36:28,85
hash_md5,fcb7f71910a9d85d346f3e2ac1dba73c,malwarebazaar,Mirai,"elf,upx",2026-10-04 04:00:04,2026-10-04 04:36:28,85
hash_md5,ff10076ef95697770ec9b9fff362d528,malwarebazaar,Mirai,"elf,Mirai,upx-dec",2026-10-04 04:00:04,2026-10-04 04:36:28,85
hash_md5,fffa8f997a58b889d7a8bea32350fb2d,malwarebazaar,Mirai,"elf,Mirai",2026-10-04 04:00:04,2026-10-04 04:36:28,85
hash_sha256,00499f1a9eee6704252b483a4172495396bec2c56cc78787da99a38dd2548e9a,malwarebazaar,Mirai,elf,2026-10-04 04:00:04,2026-10-04 04:36:28,85
hash_sha256,01325b5d6ae777813bf88b5804468c1a53c3a1e5ad3448ae274f60cb8ea0dcd0,malwarebazaar,Mirai,"elf,Mirai",2026-10-04 04:00:04,2026-10-04 04:36:28,85
hash_sha256,0277423b5bf7d636bbdcfa040a47f6555cd596980fe448bb426c434ceefa131f,malwarebazaar,Mirai,"elf,Mirai,upx-dec",2026-10-04 04:00:04,2026-10-04 04:36:28,85
hash_sha256,044ef3d12efbac04a7dbdd40f4e51cd2cdc9c077b0d5d3cb571a2562a74bf9c4,malwarebazaar,exe,exe,2026-10-04 04:00:04,2026-10-04 04:36:28,85
hash_sha256,05e9766f9225f3ae130e9b90832c4a0a5fef3dc07eed7e5095a084f92b9f391b,malwarebazaar,Mirai,"elf,Mirai",2026-10-04 04:00:04,2026-10-04 04:36:28,85
hash_sha256,08dec15e72a6c327ad91bd773f35b0d17bdf320bda1be6ca3398b99366b0e6cc,malwarebazaar,Mirai,"elf,Mirai",2026-10-04 04:00:04,2026-10-04 04:36:28,85
hash_sha256,0f7abbcb85f6142ea49b01f4aa61234eb1c389f6b727216479634431dd2d18bf,malwarebazaar,Mirai,elf,2026-10-04 04:00:04,2026-10-04 04:36:28,85
hash_sha256,1253a628c3fc92fa9f2c85d45c76d34b94d15c9969a768275ced91dcaaefc68e,malwarebazaar,Mirai,"elf,Mirai,upx",2026-10-04 04:00:04,2026-10-04 04:36:28,85
hash_sha256,137413a0ab6691e6ad52963e078f17a1f7817148ccdf7fa4ce462f49a5fcde25,malwarebazaar,VShell,"exe,VShell",2026-10-04 04:00:04,2026-10-04 04:36:28,85
hash_sha256,177b7520a042e73db692da3ff33b17257924826b5da88cd33e3be62f95eab65e,malwarebazaar,Mirai,"elf,Mirai,upx",2026-10-04 04:00:04,2026-10-04 04:36:28,85
hash_sha256,179148b189d77e7c9a56e07f1358cbbdaddc3eafe88be252d0a8fdb1c4e6aa9a,malwarebazaar,Mirai,"elf,Mirai,upx",2026-10-04 04:00:04,2026-10-04 04:36:28,85
hash_sha256,18f1a42c10ee3708c20a3ede9a15ad43ab77852f7693118940cab780fad2ea89,malwarebazaar,Mirai,"elf,Mirai",2026-10-04 04:00:04,2026-10-04 04:36:28,85
hash_sha256,197ba4662f1af883205fbb62f3935ba51f7de2df43381fcda865fddbc4506a87,malwarebazaar,macho,"ClickFix,Foxveil,loader,Mach-O,macho,macOS",2026-10-04 04:00:04,2026-10-04 04:36:28,85
hash_sha256,1bd6853b1074402ecb04a5ffb1abbb57e0c95ed83171526c0413d70d88ed74a5,malwarebazaar,Mirai,"elf,Mirai",2026-10-04 04:00:04,2026-10-04 04:36:28,85
hash_sha256,234293ba9ac7b8db89f6fd8bbd50348cf0b16a51d6a7328ae94d4f454e2b5a03,malwarebazaar,Mirai,"elf,Mirai,upx",2026-10-04 04:00:04,2026-10-04 04:36:28,85
hash_sha256,274df3e08e8c735744bf67a0c06d61fd54ea38cc0b2cad0f8df9e6cd78039a3c,malwarebazaar,Mirai,"elf,Mirai",2026-10-04 04:00:04,2026-10-04 04:36:28,85
hash_sha256,296734369e659cfd8682b01ab33e309099359873059fab72189f7ce93a2f9044,malwarebazaar,Mirai,"elf,Mirai,upx-dec",2026-10-04 04:00:04,2026-10-04 04:36:28,85
hash_sha256,2b462d51032bd76e4f2f9498546e1f18e1510af71231dabf34ac3d5b40a4743c,malwarebazaar,msi,"msi,signed",2026-10-04 04:00:04,2026-10-04 04:36:28,85
hash_sha256,2b95e4f4f7d4b9c77d7e23764b05798d9f090d139bc0c353263d186cc4a2d674,malwarebazaar,Mirai,"elf,Mirai",2026-10-04 04:00:04,2026-10-04 04:36:28,85
hash_sha256,2eb07e1b60960bc08205065a3ca610fbb7dfad5a8710a85cd40e3e7baaa190e6,malwarebazaar,Mirai,"elf,Mirai",2026-10-04 04:00:04,2026-10-04 04:36:28,85
hash_sha256,2f4cbba58e684daa23273aae6f0454f78b4f60502826a185ac0ddfe49c6a686a,malwarebazaar,Mirai,"elf,Mirai",2026-10-04 04:00:04,2026-10-04 04:36:28,85
hash_sha256,326b416caa382326e010473e54deb977d69ef1931fa79c32eab4553e887dda1d,malwarebazaar,exe,exe,2026-10-04 04:00:04,2026-10-04 04:36:28,85
hash_sha256,336165ed63a77d705ea74788db2c6b4a8acbcaf3a21f8dddd9a9bd2d8e33527c,malwarebazaar,exe,exe,2026-10-04 04:00:04,2026-10-04 04:36:28,85
hash_sha256,3c3b6f5f7df0e8286fb8a0c2d77a807c132326fa1b3c4187889d188181c1e78b,malwarebazaar,CoinMiner,"CoinMiner,exe,signed",2026-10-04 04:00:04,2026-10-04 04:36:28,85
hash_sha256,3c78885cc2a6f268c1a2f91758cc49962a724094b43234e34341384d9868c989,malwarebazaar,Mirai,"elf,Mirai,upx",2026-10-04 04:00:04,2026-10-04 04:36:28,85
hash_sha256,406cf988ebf011977c4ebe6698e8d97027956ffaad92e7d3a95b0bcb0938eebc,malwarebazaar,Mirai,"elf,Mirai",2026-10-04 04:00:04,2026-10-04 04:36:28,85
hash_sha256,40920a84cbcb0b0a4577bcd85f395cac0ee7de67d36fad3cd4fe8e04a65dce8f,malwarebazaar,zip,zip,2026-10-04 04:00:04,2026-10-04 04:36:28,85
hash_sha256,40d115e6d5892fe0eb52ee56958406cbbe16b4beb0c499e954c91f29a08e995f,malwarebazaar,Mirai,"elf,Mirai",2026-10-04 04:00:04,2026-10-04 04:36:28,85
hash_sha256,4217d66857f58ae98fec169b21366f81da342d8b54f11d4def15a4ed74eae595,malwarebazaar,Mirai,"elf,Mirai",2026-10-04 04:00:04,2026-10-04 04:36:28,85
hash_sha256,46471660502aed3724e3bf62d6afaaf4c17fa7d182dddf38ae21ad5fd726e1a9,malwarebazaar,AgentTesla,"AgentTesla,rar",2026-10-04 04:00:04,2026-10-04 04:36:28,85
hash_sha256,474477c0690528ae5c49d5ffc0f255eaf61d05e8e7b394720121afc3057632cb,malwarebazaar,Mirai,"elf,upx",2026-10-04 04:00:04,2026-10-04 04:36:28,85
hash_sha256,4dcaf06e0ae1b7e10b3adc6b913bc48769d1510129d1cdd1b334dca9d0801d07,malwarebazaar,Mirai,"elf,Mirai,upx-dec",2026-10-04 04:00:04,2026-10-04 04:36:28,85
hash_sha256,4e89564516749e33dba111397b5415cfb5a0e9d0eae9ad853511eda85b04e051,malwarebazaar,exe,exe,2026-10-04 04:00:04,2026-10-04 04:36:28,85
hash_sha256,4f99fcc6eefdf3501f5bdaa92cea2cbfeb58a338ef2b721f4f2992cc51bd7ffc,malwarebazaar,VShell,"exe,VShell",2026-10-04 04:00:04,2026-10-04 04:36:28,85
hash_sha256,51d41d6c6f7ca2102cc49771d08053c6052dfccc879e623e8b305c7776985142,malwarebazaar,sh,sh,2026-10-04 04:00:04,2026-10-04 04:36:28,85
hash_sha256,5420b2745e8d8c347563d73c3945b50b12f7c21b38fbfefd0202779fe1fa98c1,malwarebazaar,Mirai,elf,2026-10-04 04:00:04,2026-10-04 04:36:28,85
hash_sha256,547338c703a86c3eaaaaa83f40eb9e131ca7bce36f96e7415a5f3eb87b1f10a4,malwarebazaar,Mirai,"elf,Mirai,upx-dec",2026-10-04 04:00:04,2026-10-04 04:36:28,85
hash_sha256,54838171c2d9d66bb9ce86ffe8abb7354361317e49d4f28538c02360f1af6a26,malwarebazaar,Mirai,elf,2026-10-04 04:00:04,2026-10-04 04:36:28,85
hash_sha256,54ceeda981e136c0a50bdb5b52a6db369b4493d35caec5ff97f0bdea7c76f59a,malwarebazaar,Mirai,"elf,Mirai,upx-dec",2026-10-04 04:00:04,2026-10-04 04:36:28,85
hash_sha256,57000b918da7ac8147d1b5cb3af4ce0e8646a7416e7add56f90049be28d3ef73,malwarebazaar,apk,apk,2026-10-04 04:00:04,2026-10-04 04:36:28,85
hash_sha256,5a8a25364db29883f35f9921a0cb84c472a354016851498ac64409cadd450446,malwarebazaar,Mirai,"elf,Mirai,upx",2026-10-04 04:00:04,2026-10-04 04:36:28,85
hash_sha256,5aec4cf6d50b41c6c3477ff429184fe90d65a5c328ea3ea0ac29c6bed029cf83,malwarebazaar,VShell,"exe,VShell",2026-10-04 04:00:04,2026-10-04 04:36:28,85
hash_sha256,5dc559d3657be1932e73f41fb270a35fd0bdca988398b33e548245fa3f486a7c,malwarebazaar,sh,sh,2026-10-04 04:00:04,2026-10-04 04:36:28,85
hash_sha256,5e541e25bd88397cbac6352f362c6dad71732f608cef192db5f740ecd32bf278,malwarebazaar,Mirai,"elf,Mirai,upx-dec",2026-10-04 04:00:04,2026-10-04 04:36:28,85
hash_sha256,5f027788a804d39506ba58514b1d3f3fd0e88a3e76d2e1598cc370593399ca7f,malwarebazaar,exe,"exe,signed",2026-10-04 04:00:04,2026-10-04 04:36:28,85
hash_sha256,5faca8d774e0fa32f22caf694eb98e80fa5045cb6a856e434eeb78cff64f6c6c,malwarebazaar,Mirai,"elf,Mirai,upx",2026-10-04 04:00:04,2026-10-04 04:36:28,85
hash_sha256,609b5bf37bc6544d7b74a77339144e089aeff5bdc578ce13fd8aa015c59a8343,malwarebazaar,Mirai,"elf,Mirai,upx",2026-10-04 04:00:04,2026-10-04 04:36:28,85
hash_sha256,619fee538f560558ad4a422b64893355e4b650fd81bd443877fa4b2fa4690819,malwarebazaar,Gafgyt,"elf,Gafgyt",2026-10-04 04:00:04,2026-10-04 04:36:28,85
hash_sha256,6848afee7a2461d9a4d0fef7ef3874f3cba44e308eb5da416d705fa1ef699a62,malwarebazaar,Mirai,"elf,Gafgyt,Mirai",2026-10-04 04:00:04,2026-10-04 04:36:28,85
hash_sha256,688e27729819af2138b005b5889a963e769156470b51417e00d1726ea6aa9e1d,malwarebazaar,elf,elf,2026-10-04 04:00:04,2026-10-04 04:36:28,85
hash_sha256,6b902f6d1ec2a262b628c231b294921928d927952ff0915c4d309d60c2a95c53,malwarebazaar,exe,"dropped-by-GCleaner,exe,F,MIX5.file",2026-10-04 04:00:04,2026-10-04 04:36:28,85
hash_sha256,6d9fcb603c86528fbf0f04e38c3bcede3ca5c1904840b29aad079fe8fabd9bce,malwarebazaar,Mirai,"elf,Mirai",2026-10-04 04:00:04,2026-10-04 04:36:28,85
hash_sha256,711eadceabd6af9afe5af48fcb4baa03327d7c89369d57316ff1b6eff82e47e9,malwarebazaar,exe,"exe,signed",2026-10-04 04:00:04,2026-10-04 04:36:28,85
hash_sha256,71d0b3cdb0e21a4ea729a4ab1668ecdd683e252d044b75938f292ea54ac31413,malwarebazaar,VShell,"exe,VShell",2026-10-04 04:00:04,2026-10-04 04:36:28,85
hash_sha256,7676fde665253b1ed960e2e444f00c1a27a90cc159350da68624936891a82e38,malwarebazaar,QuasarRAT,exe,2026-10-04 04:00:04,2026-10-04 04:36:28,85
hash_sha256,77e81a853bc978c41191d3e7f83312e46a925c9464ca55eed5ed6befbb579871,malwarebazaar,zip,zip,2026-10-04 04:00:04,2026-10-04 04:36:28,85
hash_sha256,78c910c7a45022d5537698d103c440f34672bc95a05b47db16cf12afceab4a92,malwarebazaar,Mirai,"elf,Mirai",2026-10-04 04:00:04,2026-10-04 04:36:28,85
hash_sha256,7a2b25d2b1ebef1d158158ecc4e82a6effc7b8fc6379d3f6e212a731e615d86d,malwarebazaar,Mirai,"elf,Mirai,upx",2026-10-04 04:00:04,2026-10-04 04:36:28,85
hash_sha256,7d8798c341ec36d1f49ccdae248557ad35912c6bb77939c1be22aff9e314daef,malwarebazaar,VShell,"exe,VShell",2026-10-04 04:00:04,2026-10-04 04:36:28,85
hash_sha256,7e99e051cc6a925d1a860d36c332bf8095907823b6bddf5d21ae755e3568defc,malwarebazaar,zip,zip,2026-10-04 04:00:04,2026-10-04 04:36:28,85
hash_sha256,8362802ae1052f7e5c5aa1d24009badb5f9a18c562436b3ff2d923d6cd4a9da6,malwarebazaar,exe,"dropped-by-GCleaner,exe,s,soft",2026-10-04 04:00:04,2026-10-04 04:36:28,85
hash_sha256,850e1ce61823269cf67f30e39af2f0d00c733c665dba76fc7516c61a2f859642,malwarebazaar,Mirai,"elf,Mirai,upx",2026-10-04 04:00:04,2026-10-04 04:36:28,85
hash_sha256,88fedb99d034473e30ee9b021f807d34b513fff7167d65202679847abc8da0c7,malwarebazaar,Mirai,elf,2026-10-04 04:00:04,2026-10-04 04:36:28,85
hash_sha256,8d7db4dbf79bf37f41a6141447512a0ece655c62654a0b8f1d90eb2fbc87a3a3,malwarebazaar,Mirai,"elf,Mirai,upx",2026-10-04 04:00:04,2026-10-04 04:36:28,85
hash_sha256,95ba4eedec8a047843dd595103de7415c1611c6e19bd5da172bae8c7cce21b4e,malwarebazaar,Troldesh,"Troldesh,zip",2026-10-04 04:00:04,2026-10-04 04:36:28,85
hash_sha256,980237d487237eb496ff5d43459d3ee26b3f6204961ddc1632df2696dfeb14ee,malwarebazaar,Mirai,"elf,Mirai,upx-dec",2026-10-04 04:00:04,2026-10-04 04:36:28,85
hash_sha256,9b97b1c3c4b0f8acc2e72ed277516b5f0f81015478ffbb0ba90a67ae41c23003,malwarebazaar,Mirai,elf,2026-10-04 04:00:04,2026-10-04 04:36:28,85
hash_sha256,9cad5794277b3001b080294fcf1f54350a991b7b59af9a47ad12dc34f3d27439,malwarebazaar,zip,zip,2026-10-04 04:00:04,2026-10-04 04:36:28,85
hash_sha256,a1ebed3463fcf073dd0a91a39546d008472040220984b80a78be410ba9721b3a,malwarebazaar,Mirai,"elf,Mirai,upx-dec",2026-10-04 04:00:04,2026-10-04 04:36:28,85
hash_sha256,a3fcd1222767342c0d8962b8828fca4e65424ad76c05fe3144885629397a521c,malwarebazaar,exe,exe,2026-10-04 04:00:04,2026-10-04 04:36:28,85
hash_sha256,a6b654ae2af04a247445a3c0958336b17444fd3e282826e12e8798892df681b8,malwarebazaar,Mirai,"elf,Mirai",2026-10-04 04:00:04,2026-10-04 04:36:28,85
hash_sha256,a7d0c6adaebe31896b5d1a50d9addfc11fe65cffe555d7b25e383478f502cdf7,malwarebazaar,Mirai,"Mirai,sh",2026-10-04 04:00:04,2026-10-04 04:36:28,85
hash_sha256,af4c0ebc6170961d5d42bad15599bf48353bb9c5276366581c210eebc7878747,malwarebazaar,Mirai,"elf,Mirai",2026-10-04 04:00:04,2026-10-04 04:36:28,85
hash_sha256,b327d6caa8af147625f4e5d53889cf180a7c9fdda784831887dc0672d1e084be,malwarebazaar,Mirai,"elf,Mirai,upx",2026-10-04 04:00:04,2026-10-04 04:36:28,85
hash_sha256,b35a24e9dc0ecb1d5148657e7727fc7c27e459c461e3b415d0df8c926bc3e0a6,malwarebazaar,Mirai,"elf,Mirai,upx-dec",2026-10-04 04:00:04,2026-10-04 04:36:28,85
hash_sha256,b7036bbf4572787f3f5a250d46b323a7eeac38d03835c45c0da964c62d4f00f5,malwarebazaar,Mirai,"elf,Mirai,upx-dec",2026-10-04 04:00:04,2026-10-04 04:36:28,85
hash_sha256,b722aec2557fa9d97cb4266f1c6c6fd45986f21686dc14315840304dd41d469b,malwarebazaar,Mirai,"elf,Mirai,upx",2026-10-04 04:00:04,2026-10-04 04:36:28,85
hash_sha256,b747d57c30eda7f8e64d6d282e2165658e22dd31efa08249275d2b1c62c8d60a,malwarebazaar,elf,elf,2026-10-04 04:00:04,2026-10-04 04:36:28,85
hash_sha256,b8acf0e39cf6e23f1616ec375c794b31f46731e893a7115c187bed03b39d49dc,malwarebazaar,zip,zip,2026-10-04 04:00:04,2026-10-04 04:36:28,85
hash_sha256,ba3b2e7136ff275f2055043bbb06fb32caa34ffb241ccbc7639b36649846411c,malwarebazaar,exe,exe,2026-10-04 04:00:04,2026-10-04 04:36:28,85
hash_sha256,bbc7f32f71813fa5a3489b07fcd7cca013f58d26de634c5321bdaf8b66a0a50e,malwarebazaar,exe,exe,2026-10-04 04:00:04,2026-10-04 04:36:28,85
hash_sha256,c05b668f1ba8897a9fe6345b627d696897f4dc6817dc2410600940d25102d740,malwarebazaar,zip,zip,2026-10-04 04:00:04,2026-10-04 04:36:28,85
hash_sha256,c18aeac49fa9f8b0b496e29b1bf121d259c329025b6deb77748a0e1492380e58,malwarebazaar,Mirai,"elf,Mirai",2026-10-04 04:00:04,2026-10-04 04:36:28,85
hash_sha256,c19f1cd276c0ccfaf1cede2a065f3e7ee514bebf53496ae7bf42b355d23c8454,malwarebazaar,Mirai,"elf,Mirai,upx-dec",2026-10-04 04:00:04,2026-10-04 04:36:28,85
hash_sha256,c33bd3ffce08f04552e17b177d6df4f0b0600048f4f158f35c2f46f68c930edd,malwarebazaar,exe,exe,2026-10-04 04:00:04,2026-10-04 04:36:28,85
hash_sha256,ca4d077c5679db66f958c9c2dbb1710c281340c6f0fefc1883b953bcddc9d120,malwarebazaar,zip,zip,2026-10-04 04:00:04,2026-10-04 04:36:28,85
hash_sha256,cb06b30330853b458897b41d232333f7c5b27d285307247b0ccc58ff22009a70,malwarebazaar,sh,sh,2026-10-04 04:00:04,2026-10-04 04:36:28,85
hash_sha256,cd54c3e06103740a88a510c6114e70291b14bc7b3f2cb32be2c0122aa955a037,malwarebazaar,Mirai,"elf,Gafgyt,Mirai",2026-10-04 04:00:04,2026-10-04 04:36:28,85
hash_sha256,ce8dfbc0ecf8b80aa4a48a70bbfe8923c92cd8df63ca4194a035bb403671ddd8,malwarebazaar,Mirai,"elf,Mirai,upx-dec",2026-10-04 04:00:04,2026-10-04 04:36:28,85
hash_sha256,cf13d6d07b6ed9ac517a29d5ed4e5c7916412a68f38be447eb3d7a21a9990ee7,malwarebazaar,Mirai,"elf,Mirai,upx-dec",2026-10-04 04:00:04,2026-10-04 04:36:28,85
hash_sha256,d0bd7f29e71489912a5f4884e4644ace473c25c8b99424a4eef9532bfc4edecb,malwarebazaar,Mirai,"elf,Mirai,upx-dec",2026-10-04 04:00:04,2026-10-04 04:36:28,85
hash_sha256,d5308a8ef81cfa41d03116c745fa932bbeb205393d9688cbcf4dcba73f17966e,malwarebazaar,macho,"ClickFix,Foxveil,loader,Mach-O,macho,macOS",2026-10-04 04:00:04,2026-10-04 04:36:28,85
hash_sha256,d618d9eddfd3150d8f05225bafdeaf8a321e57ab592fa2d5d0ace55edd0341e0,malwarebazaar,Mirai,"elf,Mirai",2026-10-04 04:00:04,2026-10-04 04:36:28,85
hash_sha256,d73b7f3f03fa7e9e4eb8b916aac6505d6ea9c25f43f27e180832b3c340703a86,malwarebazaar,Mirai,"elf,Mirai",2026-10-04 04:00:04,2026-10-04 04:36:28,85
hash_sha256,d804aeb27389fdd6e09f05dddad69dd381b3f03bbfde5db350e004bcf0895588,malwarebazaar,exe,exe,2026-10-04 04:00:04,2026-10-04 04:36:28,85
hash_sha256,d9459d24f428f65cfe3f0833f4c3c3fe05fe3d76e320a1e81534786506131ba1,malwarebazaar,Mirai,"elf,Mirai,upx-dec",2026-10-04 04:00:04,2026-10-04 04:36:28,85
hash_sha256,dae6d440959dd9633541cb204fafaba5c1b22ab011c6c150fd5f538d83a0c996,malwarebazaar,Mirai,"arm,cowrie,elf,honeypot,Mirai",2026-10-04 04:00:04,2026-10-04 04:36:28,85
hash_sha256,dbe187ec53e3d8302bd92e56c20789bcf4bf633246ac62383abf228fb1c71a12,malwarebazaar,apk,apk,2026-10-04 04:00:04,2026-10-04 04:36:28,85
hash_sha256,dc5abf20ae0c61cb9de2ca80055d369872ef9b6be35fa7ebec386e42e445d13a,malwarebazaar,njrat,"exe,njrat,RAT",2026-10-04 04:00:04,2026-10-04 04:36:28,85
hash_sha256,e27bc117e8bf2cd8f412a3952fd62c572e942b36f2db6dc641a4a50a4baf1d4c,malwarebazaar,Mirai,elf,2026-10-04 04:00:04,2026-10-04 04:36:28,85
hash_sha256,e31bc5c35b977c1612184a772cbdc5ba5b9137788d399e4ed55521bd5ca43ecd,malwarebazaar,exe,exe,2026-10-04 04:00:04,2026-10-04 04:36:28,85
hash_sha256,e36451535786c4a50545deb9a5d4a97e942d358113ee9f11edd73dfb019f94d8,malwarebazaar,Mirai,elf,2026-10-04 04:00:04,2026-10-04 04:36:28,85
hash_sha256,e551441fb55d5180732d26c2532bb82bde588e970e7bb77e0d0ea86b52bb219d,malwarebazaar,Mirai,"elf,Mirai,upx-dec",2026-10-04 04:00:04,2026-10-04 04:36:28,85
hash_sha256,e638d804414a325ca90d0de424a67c832e74973e1951d2083427416e7301bb42,malwarebazaar,exe,exe,2026-10-04 04:00:04,2026-10-04 04:36:28,85
hash_sha256,e6a0e9ad743a924c8c746e4dec8e0780843342ffd2b3b0024e25cd19495cfbee,malwarebazaar,exe,exe,2026-10-04 04:00:04,2026-10-04 04:36:28,85
hash_sha256,e718359a9ee75911a34e56062adb0a5650b1808ce8a48fbceed15c5b5678998d,malwarebazaar,Mirai,"elf,Mirai,upx",2026-10-04 04:00:04,2026-10-04 04:36:28,85
hash_sha256,ed69b232a3ac92a5e5f43757119af730f5d814305122a456132dad36a1d6a5fd,malwarebazaar,exe,exe,2026-10-04 04:00:04,2026-10-04 04:36:28,85
hash_sha256,effcef918328aa07bc4dd6377dca38e595341c89e09b4fe2774a61a28895e5df,malwarebazaar,Mirai,"elf,Mirai",2026-10-04 04:00:04,2026-10-04 04:36:28,85
hash_sha256,f04f65967407d2a7297e9ee4d7a512eece94ce7b894305599be849bdb1c7a4a6,malwarebazaar,Mirai,"elf,Mirai,upx-dec",2026-10-04 04:00:04,2026-10-04 04:36:28,85
hash_sha256,f57d52559fcd14862b5906fe9ddbde34016f752b63ec03e7a1549823046a87c1,malwarebazaar,zip,zip,2026-10-04 04:00:04,2026-10-04 04:36:28,85
hash_sha256,fb7712e35e097c3e6f8f2c1c3e7a6a777290c6df04dfb340c78c75cf33c15606,malwarebazaar,exe,exe,2026-10-04 04:00:04,2026-10-04 04:36:28,85
hash_sha256,fd7c203ba560eeb58110ec08907b665a43b2ec58f25db4d656ef32e6afb58e0d,malwarebazaar,Mirai,"elf,Mirai,upx",2026-10-04 04:00:04,2026-10-04 04:36:28,85
url,http://101.23.121.201:59456/bin.sh,urlhaus,malware_download,"32-bit,arm,elf,mirai,Mozi",2026-10-04 04:00:04,2026-10-04 04:36:28,85
url,http://101.23.121.201:59456/i,urlhaus,malware_download,"32-bit,arm,elf,mirai,Mozi",2026-10-04 04:00:04,2026-10-04 04:36:28,85
url,http://105.184.13.146:59119/i,urlhaus,malware_download,mirai,2026-10-04 04:00:04,2026-10-04 04:36:28,85
url,http://105.186.100.108:52747/bin.sh,urlhaus,malware_download,mirai,2026-10-04 04:00:04,2026-10-04 04:36:28,85
url,http://105.186.100.108:52747/i,urlhaus,malware_download,mirai,2026-10-04 04:00:04,2026-10-04 04:36:28,85
url,http://105.186.219.233:40121/i,urlhaus,malware_download,mirai,2026-10-04 04:00:04,2026-10-04 04:36:28,85
url,http://113.230.63.237:35849/bin.sh,urlhaus,malware_download,,2026-10-04 04:00:04,2026-10-04 04:36:28,85
url,http://113.230.63.237:35849/i,urlhaus,malware_download,,2026-10-04 04:00:04,2026-10-04 04:36:28,85
url,http://113.255.197.208:43347/bin.sh,urlhaus,malware_download,,2026-10-04 04:00:04,2026-10-04 04:36:28,85
url,http://115.195.181.95:38529/i,urlhaus,malware_download,mirai,2026-10-04 04:00:04,2026-10-04 04:36:28,85
url,http://115.49.25.182:54356/bin.sh,urlhaus,malware_download,"32-bit,elf,mips,Mozi",2026-10-04 04:00:04,2026-10-04 04:36:28,85
url,http://115.49.25.182:54356/i,urlhaus,malware_download,"32-bit,elf,mips,Mozi",2026-10-04 04:00:04,2026-10-04 04:36:28,85
url,http://115.52.236.254:37931/bin.sh,urlhaus,malware_download,mirai,2026-10-04 04:00:04,2026-10-04 04:36:28,85
url,http://115.52.236.254:37931/i,urlhaus,malware_download,mirai,2026-10-04 04:00:04,2026-10-04 04:36:28,85
url,http://115.56.146.196:35484/bin.sh,urlhaus,malware_download,mirai,2026-10-04 04:00:04,2026-10-04 04:36:28,85
url,http://115.62.38.108:51819/bin.sh,urlhaus,malware_download,Mozi,2026-10-04 04:00:04,2026-10-04 04:36:28,85
url,http://118.173.109.193:55932/i,urlhaus,malware_download,mirai,2026-10-04 04:00:04,2026-10-04 04:36:28,85
url,http://119.115.64.72:38751/bin.sh,urlhaus,malware_download,,2026-10-04 04:00:04,2026-10-04 04:36:28,85
url,http://119.116.37.62:58342/bin.sh,urlhaus,malware_download,,2026-10-04 04:00:04,2026-10-04 04:36:28,85
url,http://119.185.242.157:48194/i,urlhaus,malware_download,Mozi,2026-10-04 04:00:04,2026-10-04 04:36:28,85
url,http://119.187.227.112:33171/i,urlhaus,malware_download,Mozi,2026-10-04 04:00:04,2026-10-04 04:36:28,85
url,http://120.28.68.44:38896/bin.sh,urlhaus,malware_download,mirai,2026-10-04 04:00:04,2026-10-04 04:36:28,85
url,http://120.28.68.44:38896/i,urlhaus,malware_download,"32-bit,arm,elf,mirai,Mozi",2026-10-04 04:00:04,2026-10-04 04:36:28,85
url,http://120.28.76.69:54395/bin.sh,urlhaus,malware_download,"32-bit,arm,elf,mirai,Mozi",2026-10-04 04:00:04,2026-10-04 04:36:28,85
url,http://123.11.14.31:44331/i,urlhaus,malware_download,"elf,Mozi",2026-10-04 04:00:04,2026-10-04 04:36:28,85
url,http://123.12.41.147:41710/bin.sh,urlhaus,malware_download,Mozi,2026-10-04 04:00:04,2026-10-04 04:36:28,85
url,http://123.13.2.126:49890/bin.sh,urlhaus,malware_download,Mozi,2026-10-04 04:00:04,2026-10-04 04:36:28,85
url,http://123.13.2.126:49890/i,urlhaus,malware_download,Mozi,2026-10-04 04:00:04,2026-10-04 04:36:28,85
url,http://123.132.129.153:51262/bin.sh,urlhaus,malware_download,Mozi,2026-10-04 04:00:04,2026-10-04 04:36:28,85
url,http://123.173.109.217:58287/i,urlhaus,malware_download,mirai,2026-10-04 04:00:04,2026-10-04 04:36:28,85
url,http://123.189.18.207:38734/i,urlhaus,malware_download,,2026-10-04 04:00:04,2026-10-04 04:36:28,85
url,http://123.190.235.239:55013/bin.sh,urlhaus,malware_download,,2026-10-04 04:00:04,2026-10-04 04:36:28,85
url,http://123.53.100.94:44391/i,urlhaus,malware_download,mirai,2026-10-04 04:00:04,2026-10-04 04:36:28,85
url,http://123.7.236.208:46744/bin.sh,urlhaus,malware_download,Mozi,2026-10-04 04:00:04,2026-10-04 04:36:28,85
url,http://125.42.8.63:35061/i,urlhaus,malware_download,Mozi,2026-10-04 04:00:04,2026-10-04 04:36:28,85
url,http://125.44.217.130:44615/i,urlhaus,malware_download,"elf,Mozi",2026-10-04 04:00:04,2026-10-04 04:36:28,85
url,http://125.45.26.82:60448/bin.sh,urlhaus,malware_download,,2026-10-04 04:00:04,2026-10-04 04:36:28,85
url,http://125.45.26.82:60448/i,urlhaus,malware_download,,2026-10-04 04:00:04,2026-10-04 04:36:28,85
url,http://154.242.244.29:49130/bin.sh,urlhaus,malware_download,,2026-10-04 04:00:04,2026-10-04 04:36:28,85
url,http://175.165.87.209:45166/bin.sh,urlhaus,malware_download,,2026-10-04 04:00:04,2026-10-04 04:36:28,85
url,http://175.165.87.209:45166/i,urlhaus,malware_download,,2026-10-04 04:00:04,2026-10-04 04:36:28,85
url,http://175.9.152.9:52887/i,urlhaus,malware_download,mirai,2026-10-04 04:00:04,2026-10-04 04:36:28,85
url,http://180.191.152.204:35686/i,urlhaus,malware_download,mirai,2026-10-04 04:00:04,2026-10-04 04:36:28,85
url,http://180.244.11.238:39539/i,urlhaus,malware_download,mirai,2026-10-04 04:00:04,2026-10-04 04:36:28,85
url,http://182.112.94.114:54385/bin.sh,urlhaus,malware_download,,2026-10-04 04:00:04,2026-10-04 04:36:28,85
url,http://182.122.146.199:33616/bin.sh,urlhaus,malware_download,Mozi,2026-10-04 04:00:04,2026-10-04 04:36:28,85
url,http://182.124.250.216:40805/i,urlhaus,malware_download,,2026-10-04 04:00:04,2026-10-04 04:36:28,85
url,http://182.126.81.217:41612/i,urlhaus,malware_download,Mozi,2026-10-04 04:00:04,2026-10-04 04:36:28,85
url,http://182.240.203.200:57733/i,urlhaus,malware_download,mirai,2026-10-04 04:00:04,2026-10-04 04:36:28,85
url,http://183.12.166.29:44417/i,urlhaus,malware_download,mirai,2026-10-04 04:00:04,2026-10-04 04:36:28,85
url,http://193.187.101.227:60560/bin.sh,urlhaus,malware_download,mirai,2026-10-04 04:00:04,2026-10-04 04:36:28,85
url,http://193.187.101.227:60560/i,urlhaus,malware_download,mirai,2026-10-04 04:00:04,2026-10-04 04:36:28,85
url,http://196.189.98.110:58307/i,urlhaus,malware_download,mirai,2026-10-04 04:00:04,2026-10-04 04:36:28,85
url,http://202.166.165.60:53927/bin.sh,urlhaus,malware_download,Mozi,2026-10-04 04:00:04,2026-10-04 04:36:28,85
url,http://210.208.110.130:57862/i,urlhaus,malware_download,mirai,2026-10-04 04:00:04,2026-10-04 04:36:28,85
url,http://216.129.184.213:43920/bin.sh,urlhaus,malware_download,"32-bit,elf,mips,Mozi",2026-10-04 04:00:04,2026-10-04 04:36:28,85
url,http://216.129.184.213:43920/i,urlhaus,malware_download,"32-bit,elf,mips,Mozi",2026-10-04 04:00:04,2026-10-04 04:36:28,85
url,http://219.154.154.24:35205/bin.sh,urlhaus,malware_download,"32-bit,elf,mips,Mozi",2026-10-04 04:00:04,2026-10-04 04:36:28,85
url,http://219.157.133.197:42186/bin.sh,urlhaus,malware_download,"32-bit,arm,elf,mirai,Mozi",2026-10-04 04:00:04,2026-10-04 04:36:28,85
url,http://222.127.152.103:41384/bin.sh,urlhaus,malware_download,mirai,2026-10-04 04:00:04,2026-10-04 04:36:28,85
url,http://222.127.158.71:46376/bin.sh,urlhaus,malware_download,mirai,2026-10-04 04:00:04,2026-10-04 04:36:28,85
url,http://222.127.158.71:46376/i,urlhaus,malware_download,mirai,2026-10-04 04:00:04,2026-10-04 04:36:28,85
url,http://222.127.243.18:56892/i,urlhaus,malware_download,"32-bit,arm,elf,mirai,Mozi",2026-10-04 04:00:04,2026-10-04 04:36:28,85
url,http://222.134.173.192:52282/i,urlhaus,malware_download,,2026-10-04 04:00:04,2026-10-04 04:36:28,85
url,http://27.215.120.119:53415/bin.sh,urlhaus,malware_download,Mozi,2026-10-04 04:00:04,2026-10-04 04:36:28,85
url,http://27.44.147.72:42447/bin.sh,urlhaus,malware_download,,2026-10-04 04:00:04,2026-10-04 04:36:28,85
url,http://36.26.145.216:52899/bin.sh,urlhaus,malware_download,mirai,2026-10-04 04:00:04,2026-10-04 04:36:28,85
url,http://39.88.227.19:47791/i,urlhaus,malware_download,"32-bit,arm,elf,mirai,Mozi",2026-10-04 04:00:04,2026-10-04 04:36:28,85
url,http://41.108.157.52:55041/i,urlhaus,malware_download,Mozi,2026-10-04 04:00:04,2026-10-04 04:36:28,85
url,http://42.177.196.195:42178/bin.sh,urlhaus,malware_download,,2026-10-04 04:00:04,2026-10-04 04:36:28,85
url,http://42.177.196.195:42178/i,urlhaus,malware_download,,2026-10-04 04:00:04,2026-10-04 04:36:28,85
url,http://42.224.92.100:41244/i,urlhaus,malware_download,,2026-10-04 04:00:04,2026-10-04 04:36:28,85
url,http://42.227.237.117:49632/i,urlhaus,malware_download,,2026-10-04 04:00:04,2026-10-04 04:36:28,85
url,http://42.239.114.27:48538/bin.sh,urlhaus,malware_download,Mozi,2026-10-04 04:00:04,2026-10-04 04:36:28,85
url,http://42.239.152.61:47498/bin.sh,urlhaus,malware_download,Mozi,2026-10-04 04:00:04,2026-10-04 04:36:28,85
url,http://42.239.152.61:47498/i,urlhaus,malware_download,Mozi,2026-10-04 04:00:04,2026-10-04 04:36:28,85
url,http://42.5.129.20:42965/bin.sh,urlhaus,malware_download,,2026-10-04 04:00:04,2026-10-04 04:36:28,85
url,http://42.5.247.215:47417/bin.sh,urlhaus,malware_download,,2026-10-04 04:00:04,2026-10-04 04:36:28,85
url,http://42.85.175.38:37470/i,urlhaus,malware_download,,2026-10-04 04:00:04,2026-10-04 04:36:28,85
url,http://45.232.72.245:57845/bin.sh,urlhaus,malware_download,"32-bit,arm,elf,mirai,Mozi",2026-10-04 04:00:04,2026-10-04 04:36:28,85
url,http://58.168.224.103:36739/bin.sh,urlhaus,malware_download,mirai,2026-10-04 04:00:04,2026-10-04 04:36:28,85
url,http://58.168.224.103:36739/i,urlhaus,malware_download,mirai,2026-10-04 04:00:04,2026-10-04 04:36:28,85
url,http://59.96.136.184:34354/bin.sh,urlhaus,malware_download,Mozi,2026-10-04 04:00:04,2026-10-04 04:36:28,85
url,http://59.96.136.184:34354/i,urlhaus,malware_download,Mozi,2026-10-04 04:00:04,2026-10-04 04:36:28,85
url,http://60.184.200.82:55517/i,urlhaus,malware_download,mirai,2026-10-04 04:00:04,2026-10-04 04:36:28,85
url,http://60.19.211.91:44536/bin.sh,urlhaus,malware_download,,2026-10-04 04:00:04,2026-10-04 04:36:28,85
url,http://60.211.44.230:53259/i,urlhaus,malware_download,Mozi,2026-10-04 04:00:04,2026-10-04 04:36:28,85
url,http://60.23.233.207:47957/bin.sh,urlhaus,malware_download,,2026-10-04 04:00:04,2026-10-04 04:36:28,85
url,http://60.23.233.207:47957/i,urlhaus,malware_download,,2026-10-04 04:00:04,2026-10-04 04:36:28,85
url,http://60.24.122.87:45260/bin.sh,urlhaus,malware_download,mirai,2026-10-04 04:00:04,2026-10-04 04:36:28,85
url,http://61.162.131.138:56605/i,urlhaus,malware_download,mirai,2026-10-04 04:00:04,2026-10-04 04:36:28,85
url,http://87.15.9.134:39054/bin.sh,urlhaus,malware_download,mirai,2026-10-04 04:00:04,2026-10-04 04:36:28,85
url,http://87.15.9.134:39054/i,urlhaus,malware_download,mirai,2026-10-04 04:00:04,2026-10-04 04:36:28,85
url,http://91.208.197.133/bins/xnxnxnxnxnxnxnxni386xnxn,urlhaus,malware_download,"censys,elf,ua-wget",2026-10-04 04:00:04,2026-10-04 04:36:28,85
url,http://91.208.197.133/bins/xnxnxnxnxnxnxnxnm68kxnxn,urlhaus,malware_download,"censys,elf,ua-wget",2026-10-04 04:00:04,2026-10-04 04:36:28,85
url,http://91.208.197.133/bins/xnxnxnxnxnxnxnxnriscv32xnxn,urlhaus,malware_download,"censys,elf,ua-wget",2026-10-04 04:00:04,2026-10-04 04:36:28,85
url,http://91.208.197.133/bins/xnxnxnxnxnxnxnxnriscv64xnxn,urlhaus,malware_download,"censys,elf,ua-wget",2026-10-04 04:00:04,2026-10-04 04:36:28,85
url,http://91.208.197.133/bins/xnxnxnxnxnxnxnxnsh2xnxn,urlhaus,malware_download,"censys,elf,ua-wget",2026-10-04 04:00:04,2026-10-04 04:36:28,85
url,http://91.208.197.133/bins/xnxnxnxnxnxnxnxnsh4xnxn,urlhaus,malware_download,"censys,elf,ua-wget",2026-10-04 04:00:04,2026-10-04 04:36:28,85
url,https://nfadealer.top/download?payload=lummaStealer.exe,urlhaus,malware_download,"d52f85,dropped-by-amadey",2026-10-04 04:00:04,2026-10-04 04:36:28,85
