type,value,source,threat_type,tags,first_seen,last_seen,confidence
domain,134.116.205.35.bc.googleusercontent.com,threatfox,php.shin_webshell,"threatfox,GIF,PHP,webshell,WordPress,wp-admin",2026-10-09 16:06:19,2026-10-09 16:18:18,85
domain,1eu-sharepoint.com,threatfox,ClearFake,"threatfox,compromised,EtherHide",2026-10-09 16:06:19,2026-10-09 16:18:18,85
domain,1rvrental.com,threatfox,Unknown malware,threatfox,2026-10-09 16:06:19,2026-10-09 16:18:18,85
domain,213-180-203-5.spider.yandex.com,threatfox,php.shin_webshell,"threatfox,GIF,PHP,webshell,WordPress,wp-admin",2026-10-09 16:06:19,2026-10-09 16:18:18,85
domain,222slotmaxwin1.space,threatfox,ClearFake,"threatfox,compromised,EtherHide",2026-10-09 16:06:19,2026-10-09 16:18:18,85
domain,2dollarsubscriptions.com,threatfox,ClearFake,"threatfox,compromised,EtherHide",2026-10-09 16:06:19,2026-10-09 16:18:18,85
domain,3jmslogistics.com,threatfox,ClearFake,"threatfox,compromised,EtherHide",2026-10-09 16:06:19,2026-10-09 16:18:18,85
domain,48ypnsgk.porel.store,threatfox,ClearFake,"threatfox,ClearFake,mac-0x76c7,macos",2026-10-09 16:06:19,2026-10-09 16:18:18,85
domain,6971jacquie.workers.dev,threatfox,php.shin_webshell,"threatfox,Cloudflare,GIF,PHP,webshell,WordPress,workers.dev,wp-admin",2026-10-09 16:06:19,2026-10-09 16:18:18,85
domain,777slotgac0rwin.site,threatfox,ClearFake,"threatfox,compromised,EtherHide",2026-10-09 16:06:19,2026-10-09 16:18:18,85
domain,777slotmaxwin01.space,threatfox,ClearFake,"threatfox,compromised,EtherHide",2026-10-09 16:06:19,2026-10-09 16:18:18,85
domain,777slotmaxwin1.space,threatfox,ClearFake,"threatfox,compromised,EtherHide",2026-10-09 16:06:19,2026-10-09 16:18:18,85
domain,77betsports01.space,threatfox,ClearFake,"threatfox,compromised,EtherHide",2026-10-09 16:06:19,2026-10-09 16:18:18,85
domain,812-group.com,threatfox,ClearFake,"threatfox,compromised,EtherHide",2026-10-09 16:06:19,2026-10-09 16:18:18,85
domain,888slotgac0rwin.online,threatfox,ClearFake,"threatfox,compromised,EtherHide",2026-10-09 16:06:19,2026-10-09 16:18:18,85
domain,888slotmaxwin01.space,threatfox,ClearFake,"threatfox,compromised,EtherHide",2026-10-09 16:06:19,2026-10-09 16:18:18,85
domain,888slotmaxwin1.space,threatfox,ClearFake,"threatfox,compromised,EtherHide",2026-10-09 16:06:19,2026-10-09 16:18:18,85
domain,aeyibtnr.com,threatfox,DeerStealer,threatfox,2026-10-09 16:06:19,2026-10-09 16:18:18,85
domain,alifilms.com.au,threatfox,ClearFake,"threatfox,compromised,EtherHide",2026-10-09 16:06:19,2026-10-09 16:18:18,85
domain,alimousa.site,threatfox,ClearFake,"threatfox,compromised,EtherHide",2026-10-09 16:06:19,2026-10-09 16:18:18,85
domain,aliyunmail.app,threatfox,ClearFake,"threatfox,compromised,EtherHide",2026-10-09 16:06:19,2026-10-09 16:18:18,85
domain,alljob.bd,threatfox,ClearFake,"threatfox,compromised,EtherHide",2026-10-09 16:06:19,2026-10-09 16:18:18,85
domain,allstates-us.com,threatfox,ClearFake,"threatfox,compromised,EtherHide",2026-10-09 16:06:19,2026-10-09 16:18:18,85
domain,alrehansign.com,threatfox,ClearFake,"threatfox,compromised,EtherHide",2026-10-09 16:06:19,2026-10-09 16:18:18,85
domain,amberblog.store,threatfox,ClearFake,"threatfox,compromised,EtherHide",2026-10-09 16:06:19,2026-10-09 16:18:18,85
domain,amberblogs.store,threatfox,ClearFake,"threatfox,compromised,EtherHide",2026-10-09 16:06:19,2026-10-09 16:18:18,85
domain,amberbulletins.store,threatfox,ClearFake,"threatfox,compromised,EtherHide",2026-10-09 16:06:19,2026-10-09 16:18:18,85
domain,amberdaily.store,threatfox,ClearFake,"threatfox,compromised,EtherHide",2026-10-09 16:06:19,2026-10-09 16:18:18,85
domain,amberden.store,threatfox,ClearFake,"threatfox,compromised,EtherHide",2026-10-09 16:06:19,2026-10-09 16:18:18,85
domain,amberdiary.store,threatfox,ClearFake,"threatfox,compromised,EtherHide",2026-10-09 16:06:19,2026-10-09 16:18:18,85
domain,amp77bet.com,threatfox,ClearFake,"threatfox,compromised,EtherHide",2026-10-09 16:06:19,2026-10-09 16:18:18,85
domain,ampsinar.com,threatfox,ClearFake,"threatfox,compromised,EtherHide",2026-10-09 16:06:19,2026-10-09 16:18:18,85
domain,angkasa1318ril.site,threatfox,ClearFake,"threatfox,compromised,EtherHide",2026-10-09 16:06:19,2026-10-09 16:18:18,85
domain,angkasa138.online,threatfox,ClearFake,"threatfox,compromised,EtherHide",2026-10-09 16:06:19,2026-10-09 16:18:18,85
domain,angkasa138bagi.space,threatfox,ClearFake,"threatfox,compromised,EtherHide",2026-10-09 16:06:19,2026-10-09 16:18:18,85
domain,angkasa138bruh.site,threatfox,ClearFake,"threatfox,compromised,EtherHide",2026-10-09 16:06:19,2026-10-09 16:18:18,85
domain,angkasa138buah.shop,threatfox,ClearFake,"threatfox,compromised,EtherHide",2026-10-09 16:06:19,2026-10-09 16:18:18,85
domain,angkasa138buah.space,threatfox,ClearFake,"threatfox,compromised,EtherHide",2026-10-09 16:06:19,2026-10-09 16:18:18,85
domain,angkasa138cik.cyou,threatfox,ClearFake,"threatfox,compromised,EtherHide",2026-10-09 16:06:19,2026-10-09 16:18:18,85
domain,angkasa138come.site,threatfox,ClearFake,"threatfox,compromised,EtherHide",2026-10-09 16:06:19,2026-10-09 16:18:18,85
domain,angkasa138cuks.site,threatfox,ClearFake,"threatfox,compromised,EtherHide",2026-10-09 16:06:19,2026-10-09 16:18:18,85
domain,angkasa138eeh.cyou,threatfox,ClearFake,"threatfox,compromised,EtherHide",2026-10-09 16:06:19,2026-10-09 16:18:18,85
domain,angkasa138fly.site,threatfox,ClearFake,"threatfox,compromised,EtherHide",2026-10-09 16:06:19,2026-10-09 16:18:18,85
domain,angkasa138iwe.site,threatfox,ClearFake,"threatfox,compromised,EtherHide",2026-10-09 16:06:19,2026-10-09 16:18:18,85
domain,angkasa138juu.cyou,threatfox,ClearFake,"threatfox,compromised,EtherHide",2026-10-09 16:06:19,2026-10-09 16:18:18,85
domain,angkasa138loe.site,threatfox,ClearFake,"threatfox,compromised,EtherHide",2026-10-09 16:06:19,2026-10-09 16:18:18,85
domain,angkasa138login.world,threatfox,ClearFake,"threatfox,compromised,EtherHide",2026-10-09 16:06:19,2026-10-09 16:18:18,85
domain,angkasa138maho.cyou,threatfox,ClearFake,"threatfox,compromised,EtherHide",2026-10-09 16:06:19,2026-10-09 16:18:18,85
domain,angkasa138mbos.site,threatfox,ClearFake,"threatfox,compromised,EtherHide",2026-10-09 16:06:19,2026-10-09 16:18:18,85
domain,angkasa138mbur.site,threatfox,ClearFake,"threatfox,compromised,EtherHide",2026-10-09 16:06:19,2026-10-09 16:18:18,85
domain,angkasa138mmx.cyou,threatfox,ClearFake,"threatfox,compromised,EtherHide",2026-10-09 16:06:19,2026-10-09 16:18:18,85
domain,angkasa138moe.cyou,threatfox,ClearFake,"threatfox,compromised,EtherHide",2026-10-09 16:06:19,2026-10-09 16:18:18,85
domain,angkasa138muh.cyou,threatfox,ClearFake,"threatfox,compromised,EtherHide",2026-10-09 16:06:19,2026-10-09 16:18:18,85
domain,angkasa138nihh.site,threatfox,ClearFake,"threatfox,compromised,EtherHide",2026-10-09 16:06:19,2026-10-09 16:18:18,85
domain,angkasa138now.cyou,threatfox,ClearFake,"threatfox,compromised,EtherHide",2026-10-09 16:06:19,2026-10-09 16:18:18,85
domain,angkasa138ones.site,threatfox,ClearFake,"threatfox,compromised,EtherHide",2026-10-09 16:06:19,2026-10-09 16:18:18,85
domain,angkasa138orian.site,threatfox,ClearFake,"threatfox,compromised,EtherHide",2026-10-09 16:06:19,2026-10-09 16:18:18,85
domain,angkasa138original.shop,threatfox,ClearFake,"threatfox,compromised,EtherHide",2026-10-09 16:06:19,2026-10-09 16:18:18,85
domain,angkasa138oue.site,threatfox,ClearFake,"threatfox,compromised,EtherHide",2026-10-09 16:06:19,2026-10-09 16:18:18,85
domain,angkasa138oww.site,threatfox,ClearFake,"threatfox,compromised,EtherHide",2026-10-09 16:06:19,2026-10-09 16:18:18,85
domain,angkasa138sot.cyou,threatfox,ClearFake,"threatfox,compromised,EtherHide",2026-10-09 16:06:19,2026-10-09 16:18:18,85
domain,angkasa138st.site,threatfox,ClearFake,"threatfox,compromised,EtherHide",2026-10-09 16:06:19,2026-10-09 16:18:18,85
domain,angkasa138star.site,threatfox,ClearFake,"threatfox,compromised,EtherHide",2026-10-09 16:06:19,2026-10-09 16:18:18,85
domain,angkasa138stars.site,threatfox,ClearFake,"threatfox,compromised,EtherHide",2026-10-09 16:06:19,2026-10-09 16:18:18,85
domain,angkasa138toh.cyou,threatfox,ClearFake,"threatfox,compromised,EtherHide",2026-10-09 16:06:19,2026-10-09 16:18:18,85
domain,angkasa138uei.site,threatfox,ClearFake,"threatfox,compromised,EtherHide",2026-10-09 16:06:19,2026-10-09 16:18:18,85
domain,angkasa138vvin.site,threatfox,ClearFake,"threatfox,compromised,EtherHide",2026-10-09 16:06:19,2026-10-09 16:18:18,85
domain,angkasa138w1n.site,threatfox,ClearFake,"threatfox,compromised,EtherHide",2026-10-09 16:06:19,2026-10-09 16:18:18,85
domain,angkasa138wih.site,threatfox,ClearFake,"threatfox,compromised,EtherHide",2026-10-09 16:06:19,2026-10-09 16:18:18,85
domain,angkasa138win.cyou,threatfox,ClearFake,"threatfox,compromised,EtherHide",2026-10-09 16:06:19,2026-10-09 16:18:18,85
domain,angkasa138wuw.cyou,threatfox,ClearFake,"threatfox,compromised,EtherHide",2026-10-09 16:06:19,2026-10-09 16:18:18,85
domain,angkasa138yabos.site,threatfox,ClearFake,"threatfox,compromised,EtherHide",2026-10-09 16:06:19,2026-10-09 16:18:18,85
domain,angkasa138yoks.site,threatfox,ClearFake,"threatfox,compromised,EtherHide",2026-10-09 16:06:19,2026-10-09 16:18:18,85
domain,angkasapura2.org,threatfox,ClearFake,"threatfox,compromised,EtherHide",2026-10-09 16:06:19,2026-10-09 16:18:18,85
domain,angkasapura2k.org,threatfox,ClearFake,"threatfox,compromised,EtherHide",2026-10-09 16:06:19,2026-10-09 16:18:18,85
domain,angkasapurra.org,threatfox,ClearFake,"threatfox,compromised,EtherHide",2026-10-09 16:06:19,2026-10-09 16:18:18,85
domain,angkasato38jir.quest,threatfox,ClearFake,"threatfox,compromised,EtherHide",2026-10-09 16:06:19,2026-10-09 16:18:18,85
domain,angkasatu38bos.cyou,threatfox,ClearFake,"threatfox,compromised,EtherHide",2026-10-09 16:06:19,2026-10-09 16:18:18,85
domain,angkasatu38mmw.cyou,threatfox,ClearFake,"threatfox,compromised,EtherHide",2026-10-09 16:06:19,2026-10-09 16:18:18,85
domain,angkasatu38owe.quest,threatfox,ClearFake,"threatfox,compromised,EtherHide",2026-10-09 16:06:19,2026-10-09 16:18:18,85
domain,aniwave.ro,threatfox,ClearFake,"threatfox,compromised,EtherHide",2026-10-09 16:06:19,2026-10-09 16:18:18,85
domain,anwhinweudee.com,threatfox,DeerStealer,threatfox,2026-10-09 16:06:19,2026-10-09 16:18:18,85
domain,asea4ied.ruut.store,threatfox,ClearFake,"threatfox,ClearFake,mac-0x0f14,macos",2026-10-09 16:06:19,2026-10-09 16:18:18,85
domain,asialive22.space,threatfox,ClearFake,"threatfox,compromised,EtherHide",2026-10-09 16:06:19,2026-10-09 16:18:18,85
domain,asialivegac0r.online,threatfox,ClearFake,"threatfox,compromised,EtherHide",2026-10-09 16:06:19,2026-10-09 16:18:18,85
domain,askglobalbiz.com,threatfox,ClearFake,"threatfox,compromised,EtherHide",2026-10-09 16:06:19,2026-10-09 16:18:18,85
domain,avenyze.com,threatfox,ClearFake,"threatfox,compromised,EtherHide",2026-10-09 16:06:19,2026-10-09 16:18:18,85
domain,ayohijab.com,threatfox,ClearFake,"threatfox,compromised,EtherHide",2026-10-09 16:06:19,2026-10-09 16:18:18,85
domain,ayoorca.com,threatfox,ClearFake,"threatfox,compromised,EtherHide",2026-10-09 16:06:19,2026-10-09 16:18:18,85
domain,bu6l986k.rihan.store,threatfox,ClearFake,"threatfox,ClearFake,mac-0x0f14,macos",2026-10-09 16:06:19,2026-10-09 16:18:18,85
domain,check-pdf-image.com,threatfox,TonRAT,threatfox,2026-10-09 16:06:19,2026-10-09 16:18:18,85
domain,checkingdrive-october.com,threatfox,TonRAT,threatfox,2026-10-09 16:06:19,2026-10-09 16:18:18,85
domain,crawl-66-249-79-33.googlebot.com,threatfox,php.shin_webshell,"threatfox,GIF,PHP,webshell,WordPress,wp-admin",2026-10-09 16:06:19,2026-10-09 16:18:18,85
domain,dharaniinfrastructure.com,threatfox,ClearFake,"threatfox,compromised,EtherHide",2026-10-09 16:06:19,2026-10-09 16:18:18,85
domain,dreamcastlegacy.cfd,threatfox,Satacom,"threatfox,LegionLoader",2026-10-09 16:06:19,2026-10-09 16:18:18,85
domain,driveinformation-octob.com,threatfox,TonRAT,threatfox,2026-10-09 16:06:19,2026-10-09 16:18:18,85
domain,edgnltatqptann.com,threatfox,DeerStealer,threatfox,2026-10-09 16:06:19,2026-10-09 16:18:18,85
domain,electronic72.pro,threatfox,IClickFix,"threatfox,ErrTraffic",2026-10-09 16:06:19,2026-10-09 16:18:18,85
domain,feds.iphaven.qzz.io,threatfox,Aisuru,"threatfox,airashi,aisuru,botnet,ddos,mirai",2026-10-09 16:06:19,2026-10-09 16:18:18,85
domain,fzhcf43291.workers.dev,threatfox,php.shin_webshell,"threatfox,Cloudflare,GIF,PHP,webshell,WordPress,workers.dev,wp-admin",2026-10-09 16:06:19,2026-10-09 16:18:18,85
domain,gkpuc66191.workers.dev,threatfox,php.shin_webshell,"threatfox,Cloudflare,GIF,PHP,webshell,WordPress,workers.dev,wp-admin",2026-10-09 16:06:19,2026-10-09 16:18:18,85
domain,google-proxy-66-249-88-198.google.com,threatfox,php.shin_webshell,"threatfox,GIF,PHP,webshell,WordPress,wp-admin",2026-10-09 16:06:19,2026-10-09 16:18:18,85
domain,google-proxy-74-125-213-43.google.com,threatfox,php.shin_webshell,"threatfox,GIF,PHP,webshell,WordPress,wp-admin",2026-10-09 16:06:19,2026-10-09 16:18:18,85
domain,habysilo.workers.dev,threatfox,php.shin_webshell,"threatfox,Cloudflare,GIF,PHP,webshell,WordPress,workers.dev,wp-admin",2026-10-09 16:06:19,2026-10-09 16:18:18,85
domain,hakaxylu.workers.dev,threatfox,php.shin_webshell,"threatfox,Cloudflare,GIF,PHP,webshell,WordPress,workers.dev,wp-admin",2026-10-09 16:06:19,2026-10-09 16:18:18,85
domain,hofugo.workers.dev,threatfox,php.shin_webshell,"threatfox,Cloudflare,GIF,PHP,webshell,WordPress,workers.dev,wp-admin",2026-10-09 16:06:19,2026-10-09 16:18:18,85
domain,ikovrsps.com,threatfox,Unknown Loader,"threatfox,runelure",2026-10-09 16:06:19,2026-10-09 16:18:18,85
domain,ikvg8azi.misle.store,threatfox,ClearFake,"threatfox,ClearFake,mac-0x0f14,macos",2026-10-09 16:06:19,2026-10-09 16:18:18,85
domain,javeqe.workers.dev,threatfox,php.shin_webshell,"threatfox,Cloudflare,GIF,PHP,webshell,WordPress,workers.dev,wp-admin",2026-10-09 16:06:19,2026-10-09 16:18:18,85
domain,jcbsx68590.workers.dev,threatfox,php.shin_webshell,"threatfox,Cloudflare,GIF,PHP,webshell,WordPress,workers.dev,wp-admin",2026-10-09 16:06:19,2026-10-09 16:18:18,85
domain,juynu31926.workers.dev,threatfox,php.shin_webshell,"threatfox,Cloudflare,GIF,PHP,webshell,WordPress,workers.dev,wp-admin",2026-10-09 16:06:19,2026-10-09 16:18:18,85
domain,lakihila.workers.dev,threatfox,php.shin_webshell,"threatfox,Cloudflare,GIF,PHP,webshell,WordPress,workers.dev,wp-admin",2026-10-09 16:06:19,2026-10-09 16:18:18,85
domain,lavender222.workers.dev,threatfox,php.shin_webshell,"threatfox,Cloudflare,GIF,PHP,webshell,WordPress,workers.dev,wp-admin",2026-10-09 16:06:19,2026-10-09 16:18:18,85
domain,mariquillalime.workers.dev,threatfox,php.shin_webshell,"threatfox,Cloudflare,GIF,PHP,webshell,WordPress,workers.dev,wp-admin",2026-10-09 16:06:19,2026-10-09 16:18:18,85
domain,mars-uae.com,threatfox,ClearFake,"threatfox,ClearFake,ClickFix,EtherHiding",2026-10-09 16:06:19,2026-10-09 16:18:18,85
domain,namanami.top,threatfox,IClickFix,"threatfox,ErrTraffic",2026-10-09 16:06:19,2026-10-09 16:18:18,85
domain,nr.333vip.org,threatfox,Vidar,"threatfox,vidar",2026-10-09 16:06:19,2026-10-09 16:18:18,85
domain,nr.3toto.com,threatfox,Vidar,"threatfox,vidar",2026-10-09 16:06:19,2026-10-09 16:18:18,85
domain,pdf-check-now.com,threatfox,TonRAT,threatfox,2026-10-09 16:06:19,2026-10-09 16:18:18,85
domain,pdf-check-online.com,threatfox,TonRAT,threatfox,2026-10-09 16:06:19,2026-10-09 16:18:18,85
domain,pobruog.wiki,threatfox,IClickFix,"threatfox,ErrTraffic",2026-10-09 16:06:19,2026-10-09 16:18:18,85
domain,pro.jasperwater.info,threatfox,SmartApeSG,"threatfox,SmartApeSG",2026-10-09 16:06:19,2026-10-09 16:18:18,85
domain,qsvl1hxbh1.workers.dev,threatfox,php.shin_webshell,"threatfox,Cloudflare,GIF,PHP,webshell,WordPress,workers.dev,wp-admin",2026-10-09 16:06:19,2026-10-09 16:18:18,85
domain,qvdst48061.workers.dev,threatfox,php.shin_webshell,"threatfox,Cloudflare,GIF,PHP,webshell,WordPress,workers.dev,wp-admin",2026-10-09 16:06:19,2026-10-09 16:18:18,85
domain,restaurant.moovent.ch,threatfox,ClearFake,"threatfox,compromised,EtherHide",2026-10-09 16:06:19,2026-10-09 16:18:18,85
domain,rexifo.workers.dev,threatfox,php.shin_webshell,"threatfox,Cloudflare,GIF,PHP,webshell,WordPress,workers.dev,wp-admin",2026-10-09 16:06:19,2026-10-09 16:18:18,85
domain,rh3et1zh.sawah.store,threatfox,ClearFake,"threatfox,ClearFake,mac-0x76c7,macos",2026-10-09 16:06:19,2026-10-09 16:18:18,85
domain,sanxuatmay.com,threatfox,IClickFix,"threatfox,ClickFix",2026-10-09 16:06:19,2026-10-09 16:18:18,85
domain,seaopencd.com,threatfox,ClearFake,"threatfox,ClearFake,ClickFix,EtherHiding",2026-10-09 16:06:19,2026-10-09 16:18:18,85
domain,secretanselma.workers.dev,threatfox,php.shin_webshell,"threatfox,Cloudflare,GIF,PHP,webshell,WordPress,workers.dev,wp-admin",2026-10-09 16:06:19,2026-10-09 16:18:18,85
domain,segadreamcasthub.cfd,threatfox,Satacom,"threatfox,LegionLoader",2026-10-09 16:06:19,2026-10-09 16:18:18,85
domain,segagamingnexus.cfd,threatfox,Satacom,"threatfox,LegionLoader",2026-10-09 16:06:19,2026-10-09 16:18:18,85
domain,segaretrocorner.cfd,threatfox,Satacom,"threatfox,LegionLoader",2026-10-09 16:06:19,2026-10-09 16:18:18,85
domain,ski.blacklabelfremont.com,threatfox,IClickFix,"threatfox,ClickFix",2026-10-09 16:06:19,2026-10-09 16:18:18,85
domain,status.fernhollow.cc,threatfox,ACR Stealer,"threatfox,ClearFake",2026-10-09 16:06:19,2026-10-09 16:18:18,85
domain,stellaspicy.org,threatfox,Unknown Stealer,threatfox,2026-10-09 16:06:19,2026-10-09 16:18:18,85
domain,stnnik2.sa-sharepoint.com,threatfox,ClearFake,"threatfox,compromised,EtherHide",2026-10-09 16:06:19,2026-10-09 16:18:18,85
domain,v6pggtfljylf5cekfssrdhcyaxsk6m5xoudrqnvskw73iueyvaexsnad.onion,threatfox,Unknown malware,"threatfox,embargo,ransomware",2026-10-09 16:06:19,2026-10-09 16:18:18,85
domain,woluqeny.workers.dev,threatfox,php.shin_webshell,"threatfox,Cloudflare,GIF,PHP,webshell,WordPress,workers.dev,wp-admin",2026-10-09 16:06:19,2026-10-09 16:18:18,85
domain,www.bk8casinothai.com,threatfox,ClearFake,"threatfox,compromised,EtherHide",2026-10-09 16:06:19,2026-10-09 16:18:18,85
domain,xya.supercrone.cc,threatfox,Aisuru,"threatfox,airashi,aisuru,botnet,ddos,mirai",2026-10-09 16:06:19,2026-10-09 16:18:18,85
hash_md5,01f9447f60239d25e1c86d1da8dd1534,threatfox,KrakenKeylogger,threatfox,2026-10-09 16:06:19,2026-10-09 16:18:18,85
hash_md5,0ab63fac1e124db0dbaea7d0c8d2d609,threatfox,CrossRAT,threatfox,2026-10-09 16:06:19,2026-10-09 16:18:18,85
hash_md5,0bafb1133ee4dab935e4cedf0686fb1c,threatfox,ValleyRAT,threatfox,2026-10-09 16:06:19,2026-10-09 16:18:18,85
hash_md5,0f1d42cb6725d8194145cff1d3683634,threatfox,Formbook,threatfox,2026-10-09 16:06:19,2026-10-09 16:18:18,85
hash_md5,0f8db1428213838c9d104f5369835969,threatfox,CrossRAT,threatfox,2026-10-09 16:06:19,2026-10-09 16:18:18,85
hash_md5,0fdc64087cfc4c062a2198b63c9e0286,threatfox,VShell,threatfox,2026-10-09 16:06:19,2026-10-09 16:18:18,85
hash_md5,156b6e957d1c8cfca30351e0b1bccd3a,threatfox,DeerStealer,threatfox,2026-10-09 16:06:19,2026-10-09 16:18:18,85
hash_md5,17c4d6e51c52e59ada1d644411d33015,threatfox,Formbook,threatfox,2026-10-09 16:06:19,2026-10-09 16:18:18,85
hash_md5,183b06f7a82543a77dba6ef0fcc4d759,threatfox,NjRAT,threatfox,2026-10-09 16:06:19,2026-10-09 16:18:18,85
hash_md5,1d1965d1b99318c08a6272785aa4a90a,threatfox,Vidar,threatfox,2026-10-09 16:06:19,2026-10-09 16:18:18,85
hash_md5,1eaf987d6b6750db2245109c9e39ffc2,threatfox,stealler,threatfox,2026-10-09 16:06:19,2026-10-09 16:18:18,85
hash_md5,1efc935721d9adce730bca852752c8cc,threatfox,WannaCryptor,threatfox,2026-10-09 16:06:19,2026-10-09 16:18:18,85
hash_md5,23d02815c2d88958feb4b314ab3c1b9c,threatfox,AdaptixC2,threatfox,2026-10-09 16:06:19,2026-10-09 16:18:18,85
hash_md5,2a1b23f25654c5cc384ecac832383e98,threatfox,VShell,threatfox,2026-10-09 16:06:19,2026-10-09 16:18:18,85
hash_md5,2e9caca7825c171c8caaf7a500226303,threatfox,WannaCryptor,threatfox,2026-10-09 16:06:19,2026-10-09 16:18:18,85
hash_md5,2f765a561b23e461c38e65f40c7cc7f0,threatfox,VShell,threatfox,2026-10-09 16:06:19,2026-10-09 16:18:18,85
hash_md5,2fc54e662e890049651a6137a81efa3c,threatfox,ValleyRAT,threatfox,2026-10-09 16:06:19,2026-10-09 16:18:18,85
hash_md5,3064c11606319b47a0e30edd4cac21e3,threatfox,Vidar,threatfox,2026-10-09 16:06:19,2026-10-09 16:18:18,85
hash_md5,3277f4122adfda4fc1c5b817523b0be0,threatfox,TinyMet,threatfox,2026-10-09 16:06:19,2026-10-09 16:18:18,85
hash_md5,345bd23aae7e28c9b249b81a245f6c8d,threatfox,ValleyRAT,threatfox,2026-10-09 16:06:19,2026-10-09 16:18:18,85
hash_md5,37c9778f7921ff7183a392f4f69436bc,threatfox,GCleaner,threatfox,2026-10-09 16:06:19,2026-10-09 16:18:18,85
hash_md5,3ee38b944e5c83922f99641846f7db0c,threatfox,AdaptixC2,threatfox,2026-10-09 16:06:19,2026-10-09 16:18:18,85
hash_md5,4073eb55fca304f6aa94d9643286a503,threatfox,stealler,threatfox,2026-10-09 16:06:19,2026-10-09 16:18:18,85
hash_md5,40fb3059353fda2a810e736ed8888ad5,threatfox,CrossRAT,threatfox,2026-10-09 16:06:19,2026-10-09 16:18:18,85
hash_md5,43992ed63b048e2009585b4938200df2,threatfox,YiBackdoor,threatfox,2026-10-09 16:06:19,2026-10-09 16:18:18,85
hash_md5,44c6c41450202d71fb769bcfff376ba4,threatfox,VShell,threatfox,2026-10-09 16:06:19,2026-10-09 16:18:18,85
hash_md5,6367307dd5e1cbc6c1f0a160e0c5d421,threatfox,Formbook,threatfox,2026-10-09 16:06:19,2026-10-09 16:18:18,85
hash_md5,6383d4f132c8470a93703e0c6912dd23,threatfox,stealler,threatfox,2026-10-09 16:06:19,2026-10-09 16:18:18,85
hash_md5,6e4e02fb56c5d5f6b825b83f78543b45,threatfox,Venus Stealer,threatfox,2026-10-09 16:06:19,2026-10-09 16:18:18,85
hash_md5,6e7fb5ed733aedc9943cc4eb2ce744f5,threatfox,Coinminer,threatfox,2026-10-09 16:06:19,2026-10-09 16:18:18,85
hash_md5,778c4377017e6d60c536e258e73057bd,threatfox,stealler,threatfox,2026-10-09 16:06:19,2026-10-09 16:18:18,85
hash_md5,798d6bd179c9aa369aa4bce084265ce0,threatfox,AsyncRAT,threatfox,2026-10-09 16:06:19,2026-10-09 16:18:18,85
hash_md5,7a35065b803f6f05dbce13ff68e1f815,threatfox,DarkTortilla,threatfox,2026-10-09 16:06:19,2026-10-09 16:18:18,85
hash_md5,7a8499e4221283aeb5a55750372169f5,threatfox,Luca Stealer,threatfox,2026-10-09 16:06:19,2026-10-09 16:18:18,85
hash_md5,7e985941d1ab0148d279ca2e99b1392b,threatfox,stealler,threatfox,2026-10-09 16:06:19,2026-10-09 16:18:18,85
hash_md5,8277f8350e12ecee116c42acb4aa48c0,threatfox,GUIDLOADER,threatfox,2026-10-09 16:06:19,2026-10-09 16:18:18,85
hash_md5,8ba88cb3e6a21e5b3f9e6047b266aa4f,threatfox,Vidar,threatfox,2026-10-09 16:06:19,2026-10-09 16:18:18,85
hash_md5,8e8b9b52536b4ec6b380201db4d3e898,threatfox,BURNBOOK,threatfox,2026-10-09 16:06:19,2026-10-09 16:18:18,85
hash_md5,97e42e50ecb6690f179b58c20f9de633,threatfox,Mispadu,threatfox,2026-10-09 16:06:19,2026-10-09 16:18:18,85
hash_md5,9875667f47bab0227f2f5bffa4124d94,threatfox,stealler,threatfox,2026-10-09 16:06:19,2026-10-09 16:18:18,85
hash_md5,9a779afa0414abb6d525956e43b0d0a6,threatfox,WannaCryptor,threatfox,2026-10-09 16:06:19,2026-10-09 16:18:18,85
hash_md5,9e848a4af00c33c6b7f6dbe7dc06ed35,threatfox,CrossRAT,threatfox,2026-10-09 16:06:19,2026-10-09 16:18:18,85
hash_md5,a48bdee475d7b4b1fb298a7a0477a1a8,threatfox,Vidar,threatfox,2026-10-09 16:06:19,2026-10-09 16:18:18,85
hash_md5,a86f0faf0e8db1006b19130420ae3535,threatfox,stealler,threatfox,2026-10-09 16:06:19,2026-10-09 16:18:18,85
hash_md5,abf4a82fc36da0c8918f7e8b7185d97c,threatfox,Venus Stealer,threatfox,2026-10-09 16:06:19,2026-10-09 16:18:18,85
hash_md5,ae0a466748b9b9996188d9770ca9ebeb,threatfox,stealler,threatfox,2026-10-09 16:06:19,2026-10-09 16:18:18,85
hash_md5,b30e75738b06cca237b5a81cc15ad8a6,threatfox,NetWire RC,threatfox,2026-10-09 16:06:19,2026-10-09 16:18:18,85
hash_md5,b6ffc5ab3d9c3d132b0cdb490ed800d2,threatfox,Luca Stealer,threatfox,2026-10-09 16:06:19,2026-10-09 16:18:18,85
hash_md5,b85b33c6c8ac7242fb09c70c5c583a11,threatfox,ValleyRAT,threatfox,2026-10-09 16:06:19,2026-10-09 16:18:18,85
hash_md5,c6b475074fdd3c14d179add00066d082,threatfox,stealler,threatfox,2026-10-09 16:06:19,2026-10-09 16:18:18,85
hash_md5,c8d00fa8c120721945a74cb657ac633d,threatfox,Venus Stealer,threatfox,2026-10-09 16:06:19,2026-10-09 16:18:18,85
hash_md5,ca74f32dd56f3ad2e51dd1ec54643681,threatfox,DYEPACK,threatfox,2026-10-09 16:06:19,2026-10-09 16:18:18,85
hash_md5,cc028c2c3e90d682d77ef53545ce6b24,threatfox,KrakenKeylogger,threatfox,2026-10-09 16:06:19,2026-10-09 16:18:18,85
hash_md5,d1b18404eb25fb66030bd1e426a639c5,threatfox,VIP Keylogger,threatfox,2026-10-09 16:06:19,2026-10-09 16:18:18,85
hash_md5,d24980d6d3a3cd3cad3f2eb62048779b,threatfox,stealler,threatfox,2026-10-09 16:06:19,2026-10-09 16:18:18,85
hash_md5,d62d4b7811e37ce789b40ff9343e3458,threatfox,CloudEyE,threatfox,2026-10-09 16:06:19,2026-10-09 16:18:18,85
hash_md5,da72110692c7133a76dbf5e06aa571ef,threatfox,Formbook,threatfox,2026-10-09 16:06:19,2026-10-09 16:18:18,85
hash_md5,dcd580118706ee497e645311915996b0,threatfox,ValleyRAT,threatfox,2026-10-09 16:06:19,2026-10-09 16:18:18,85
hash_md5,dea6360a06563989ea46c2132658242c,threatfox,XenoRAT,threatfox,2026-10-09 16:06:19,2026-10-09 16:18:18,85
hash_md5,e136fadd3494833f1c7d073df3a0772f,threatfox,Vidar,threatfox,2026-10-09 16:06:19,2026-10-09 16:18:18,85
hash_md5,eb0da1bf4db13bbb8bc8fbf752274746,threatfox,WatchBog,threatfox,2026-10-09 16:06:19,2026-10-09 16:18:18,85
hash_md5,ed38148aefd5d9d866d46220b57c10f8,threatfox,Kuiper,threatfox,2026-10-09 16:06:19,2026-10-09 16:18:18,85
hash_md5,f7d83d241f4a45ea7a97ea74a1016dff,threatfox,ValleyRAT,threatfox,2026-10-09 16:06:19,2026-10-09 16:18:18,85
hash_md5,fe7c856701c13f3bd2b3825fb61d47c8,threatfox,Coinminer,threatfox,2026-10-09 16:06:19,2026-10-09 16:18:18,85
hash_md5,ff398178642634364b05ae413091f831,threatfox,Agent Tesla,threatfox,2026-10-09 16:06:19,2026-10-09 16:18:18,85
hash_sha256,00f775b384b4cea7fbe82be0aa4975c1929de91e67224fcb05db40e4e5af31e8,threatfox,Mirai,"threatfox,elf,Mirai",2026-10-09 16:06:19,2026-10-09 16:18:18,85
hash_sha256,01102f9c4a3e2a9ba336beaa445a988444ce50b29fdf2b30c395afdf51873d8e,threatfox,Mirai,"threatfox,elf,Mirai",2026-10-09 16:06:19,2026-10-09 16:18:18,85
hash_sha256,01ec79ca328f90e03dd0c9ab0c115bacc279fa5eccea4cc03e4676dc9da78399,threatfox,Venus Stealer,threatfox,2026-10-09 16:06:19,2026-10-09 16:18:18,85
hash_sha256,024d5533d9cd346418c7780706410fca28f88e33291e8ca6b382299dfea043da,threatfox,VIP Keylogger,threatfox,2026-10-09 16:06:19,2026-10-09 16:18:18,85
hash_sha256,05e61a33cd451d1496c7cf05a3f7bf739708ad2198d1ef2f05dc1f5eb2236138,threatfox,KrakenKeylogger,threatfox,2026-10-09 16:06:19,2026-10-09 16:18:18,85
hash_sha256,06d8a6190b57d2a5a9ec7943f264d2c8b0cf11f0a7b9af7d3a36d5d2f628b523,threatfox,Mirai,"threatfox,elf,Mirai",2026-10-09 16:06:19,2026-10-09 16:18:18,85
hash_sha256,08954f9446234a2fafe12537884cfd684df960b6d28527f6777248518ab7e526,threatfox,DarkTortilla,threatfox,2026-10-09 16:06:19,2026-10-09 16:18:18,85
hash_sha256,0c4899656aa98daa195ecd372fe4bdeaaa4bec7a59212de2dba415a8b4ea310d,threatfox,stealler,threatfox,2026-10-09 16:06:19,2026-10-09 16:18:18,85
hash_sha256,0fa673a1cffbbabcd03249e98cd879bdfd4175ad720a2761fe89ee8dfd87c43c,threatfox,AMOS,"threatfox,AMOS,ClickFix,Foxveil,macOS,quill",2026-10-09 16:06:19,2026-10-09 16:18:18,85
hash_sha256,121eb4be27d17c1c4320b912d75db79b337ad3a087a00a44dd94c2600ebc1304,threatfox,ValleyRAT,threatfox,2026-10-09 16:06:19,2026-10-09 16:18:18,85
hash_sha256,14d07d38c1a6f8625e80568fbe3b081c6c53e42b9f953f84dc18c1bebc92df85,threatfox,Unknown Loader,"threatfox,loader,runelure,stealer",2026-10-09 16:06:19,2026-10-09 16:18:18,85
hash_sha256,1a9afbc2b7671c4b6b355da6da1572b1592aa9987396c332fa9bd2d07fca60e0,threatfox,BURNBOOK,threatfox,2026-10-09 16:06:19,2026-10-09 16:18:18,85
hash_sha256,1b95c2783b667ad5ffbd5b66afc367a92c314f507ba43789ec0bcda5a623a877,threatfox,AdaptixC2,threatfox,2026-10-09 16:06:19,2026-10-09 16:18:18,85
hash_sha256,1ed0a0d1ec52bd6ef0635b0aaa0eb44550bb8d03e67f1cd08eb041e3ba128c01,threatfox,AsyncRAT,threatfox,2026-10-09 16:06:19,2026-10-09 16:18:18,85
hash_sha256,1f8604584b410ae9b6037d2975d01093832d6b63d454c4b9f40c8f3d1c8b89d5,threatfox,Agent Tesla,threatfox,2026-10-09 16:06:19,2026-10-09 16:18:18,85
hash_sha256,206c4862f8feedef7979768c6b72599928c2bf05bae6ddf87b387083f5e86ee5,threatfox,AMOS,"threatfox,AMOS,ClickFix,Foxveil,macOS,quill",2026-10-09 16:06:19,2026-10-09 16:18:18,85
hash_sha256,22949b40865c3d6c9a2c7d7eae97c964b5fde63c1727ce74773d7aeb20be347a,threatfox,stealler,threatfox,2026-10-09 16:06:19,2026-10-09 16:18:18,85
hash_sha256,23bce4d49795406a631c86e070ff23497f3cc01a5798818e383fd82782a38584,threatfox,Mirai,"threatfox,elf,Gafgyt,Mirai",2026-10-09 16:06:19,2026-10-09 16:18:18,85
hash_sha256,2524ca7fb873708b0e994ca5f6f18db95fcd5bc59c7e54eb5426b91658759142,threatfox,Unknown Stealer,"threatfox,jar,java,runelite,runelure",2026-10-09 16:06:19,2026-10-09 16:18:18,85
hash_sha256,2788e0a5aa953234b427955d133786bc99dd0a8e45439d541e7cdf87738e28ed,threatfox,SantaStealer,"threatfox,exe,RustyStealer,SantaStealer,stealer",2026-10-09 16:06:19,2026-10-09 16:18:18,85
hash_sha256,29765d721119f190c11bb2d972dcc86fdf73405ea20bd642a8932efd3fa8d980,threatfox,GCleaner,threatfox,2026-10-09 16:06:19,2026-10-09 16:18:18,85
hash_sha256,29fbd5445427c933eb1938ebea9fd05f784758ebfa68c22ac08441ef3286c9b1,threatfox,stealler,threatfox,2026-10-09 16:06:19,2026-10-09 16:18:18,85
hash_sha256,2ad6e698cfc1ba63c902c22a6d468f1afa5dfeb61286d5488d4ebdb33db4a64d,threatfox,AMOS,"threatfox,AMOS,ClickFix,Foxveil,macOS,quill",2026-10-09 16:06:19,2026-10-09 16:18:18,85
hash_sha256,2db4f1c4c73386907dfe6a4aa19186648149b0235dd38feea0b3db27cc83375a,threatfox,stealler,threatfox,2026-10-09 16:06:19,2026-10-09 16:18:18,85
hash_sha256,36cb50b105e7f5b603da2d722dd2f4109e57cc16da0ff326a5e4726f7619c0ec,threatfox,AMOS,"threatfox,AMOS,ClickFix,Foxveil,macOS,quill",2026-10-09 16:06:19,2026-10-09 16:18:18,85
hash_sha256,3800a41b441e60803ac9ee6f700555619888b0b7a882ef557325f2b6b7843b2d,threatfox,Vidar,threatfox,2026-10-09 16:06:19,2026-10-09 16:18:18,85
hash_sha256,38dbcfe9e766a0b1a15c90e021febb42d75fd103328a6e1361fbb75ea1664f7e,threatfox,Vidar,threatfox,2026-10-09 16:06:19,2026-10-09 16:18:18,85
hash_sha256,3a810e0fbee30b2af13c04f12c51f5cba936c64077aea2a334e53b125920fd7f,threatfox,Bashlite,"threatfox,Bashlite,cowrie,dropper,Gafgyt,honeypot,sh",2026-10-09 16:06:19,2026-10-09 16:18:18,85
hash_sha256,3cbb6ca0dccfdd22f337f57ac9ac661f8a2e78d5fc42a55e64ca86691e7c19ae,threatfox,AMOS,"threatfox,AMOS,ClickFix,Foxveil,macOS,quill",2026-10-09 16:06:19,2026-10-09 16:18:18,85
hash_sha256,3e0b7f50928f8b8f08f1527129a5c8aad50df66e88f2c34a3fd3056081e26d77,threatfox,AMOS,"threatfox,AMOS,ClickFix,Foxveil,macOS,quill",2026-10-09 16:06:19,2026-10-09 16:18:18,85
hash_sha256,3ea03e28c0a5a8c8a4910f26b2a1ee073053f76cbd9d21729dcec81543ac1617,threatfox,Formbook,threatfox,2026-10-09 16:06:19,2026-10-09 16:18:18,85
hash_sha256,3ecaa29f595dfa5b433ba14f8c81cc14a614a8f78ff955e4c5a26ed1d71a7376,threatfox,stealler,threatfox,2026-10-09 16:06:19,2026-10-09 16:18:18,85
hash_sha256,40ea1e9b3f8237e7d7cfe16f94137355cd9884c22716375278d4478d26253dd1,threatfox,stealler,threatfox,2026-10-09 16:06:19,2026-10-09 16:18:18,85
hash_sha256,448b653511a12b85616230b744e0c270a28593b2eff222ab432f0a077ad3e328,threatfox,Coinminer,threatfox,2026-10-09 16:06:19,2026-10-09 16:18:18,85
hash_sha256,46601bf92dace2d244fe62f409f9919ef919afef45109bffc9629397fcc76170,threatfox,VShell,threatfox,2026-10-09 16:06:19,2026-10-09 16:18:18,85
hash_sha256,481728a7c9c4c02be07051d9c1958d902ea6397ebb8952ab83944818e3d25d21,threatfox,xmrig,threatfox,2026-10-09 16:06:19,2026-10-09 16:18:18,85
hash_sha256,492ac6489b05326e2fc2939af9ca842cb4f20dd708a4891e22e52ec6d268fdf7,threatfox,CrossRAT,threatfox,2026-10-09 16:06:19,2026-10-09 16:18:18,85
hash_sha256,4cb7b82b2cbde85bfa1fb6d6affc673eb18ab20547dcb0ce3a0bec3ef6144876,threatfox,NetWire RC,threatfox,2026-10-09 16:06:19,2026-10-09 16:18:18,85
hash_sha256,4dcb0202fe8b2d4d7b183764e38184cd6ed50132786cc7e7d1f7f4bce1dd6f3d,threatfox,xmrig,threatfox,2026-10-09 16:06:19,2026-10-09 16:18:18,85
hash_sha256,4e2d3b193a9bfb9f3a369a251a1b722450fa13d8fc193d3c872ebf1062783fde,threatfox,Formbook,threatfox,2026-10-09 16:06:19,2026-10-09 16:18:18,85
hash_sha256,4e5437eed0ecf0f3ded47c0016c541d83119737218b79fb85783a860f59735c5,threatfox,Mirai,"threatfox,elf,Gafgyt,Mirai",2026-10-09 16:06:19,2026-10-09 16:18:18,85
hash_sha256,4f4129e8f79bde102875417f64a3258226ae93658776a416aaf4383698a6ea7d,threatfox,Mispadu,threatfox,2026-10-09 16:06:19,2026-10-09 16:18:18,85
hash_sha256,55012fd85f84e6341d943f17abd0b50140c4af6508c4b034b610029dd63713d9,threatfox,Mirai,"threatfox,elf,Gafgyt,Mirai",2026-10-09 16:06:19,2026-10-09 16:18:18,85
hash_sha256,570926ee424e877afad9ac8b18c2561b7931ad63affc951244da3c12380827b8,threatfox,Vidar,threatfox,2026-10-09 16:06:19,2026-10-09 16:18:18,85
hash_sha256,6264705093dc0698d17d72b6981bf8e060802f37103dc43acc117723637ba6f0,threatfox,AMOS,"threatfox,AMOS,ClickFix,Foxveil,macOS,quill",2026-10-09 16:06:19,2026-10-09 16:18:18,85
hash_sha256,6932f169761f4ba8fbb584c5dfaff2bbaa7a1108c4e0175afdf2acac6feeeacd,threatfox,NjRAT,threatfox,2026-10-09 16:06:19,2026-10-09 16:18:18,85
hash_sha256,708329a7a39e5391fe3e938933e5758b685d080146c0b703f1805e179d2bae8d,threatfox,AMOS,"threatfox,AMOS,ClickFix,Foxveil,macOS,quill",2026-10-09 16:06:19,2026-10-09 16:18:18,85
hash_sha256,708c3628746961658e1b16c2af396aaa362c868f28681fc7025b69733057b4af,threatfox,Mirai,"threatfox,elf,Mirai",2026-10-09 16:06:19,2026-10-09 16:18:18,85
hash_sha256,729ef8e6a3cf1859811f3010b514416231e92ca66c4817cf8d6fce9df427a6a8,threatfox,GUIDLOADER,threatfox,2026-10-09 16:06:19,2026-10-09 16:18:18,85
hash_sha256,765674f4864bfdd2f1f5a29c74540f7e07b663df17ae34a2620bba72a160147a,threatfox,Mirai,"threatfox,elf,Mirai",2026-10-09 16:06:19,2026-10-09 16:18:18,85
hash_sha256,77b3ca522f338bd41a022b34dc12e79b1ff6f650ae1d2801d2aaee99d965ab92,threatfox,Venus Stealer,threatfox,2026-10-09 16:06:19,2026-10-09 16:18:18,85
hash_sha256,7f1db334fd3302cf98dd4afddf6f90e98e2a496fe7e86bf1832b89d02f3d73c3,threatfox,CloudEyE,threatfox,2026-10-09 16:06:19,2026-10-09 16:18:18,85
hash_sha256,820c91b50591c4b825ef2914d25481278945d3a06d0692f1783be4cf8d97d24b,threatfox,stealler,threatfox,2026-10-09 16:06:19,2026-10-09 16:18:18,85
hash_sha256,83935392c7f2e7e66fa4300e00fe063d250890e4b116d55e03e255661d3aa612,threatfox,WannaCryptor,threatfox,2026-10-09 16:06:19,2026-10-09 16:18:18,85
hash_sha256,84fd7e7de84bf9080ec938f944b81807faa769ab2e27a4d0a5f8596ff6dc0072,threatfox,ValleyRAT,threatfox,2026-10-09 16:06:19,2026-10-09 16:18:18,85
hash_sha256,8ce110ffaeb7d61753000266fbb2769f862a357a562763b76b18a8a494ed2252,threatfox,AMOS,"threatfox,AMOS,ClickFix,Foxveil,macOS,quill",2026-10-09 16:06:19,2026-10-09 16:18:18,85
hash_sha256,8d0f20e8ad3f80860c9f36105caa3528776e9f98573f2dac8ebc0c55325b62ac,threatfox,VShell,threatfox,2026-10-09 16:06:19,2026-10-09 16:18:18,85
hash_sha256,94a90178c150b050c511f593e339343a213294f82a286e931660497a0428434e,threatfox,Mirai,"threatfox,elf,Mirai",2026-10-09 16:06:19,2026-10-09 16:18:18,85
hash_sha256,9797681d659fb3b6597629112f90265a7bf50a516453e1fae0a0e2a36cd709d8,threatfox,stealler,threatfox,2026-10-09 16:06:19,2026-10-09 16:18:18,85
hash_sha256,99410c62ffbaf607a62c2badf53d84ae450cb187f3b211fb8b89dd640c687a4e,threatfox,AMOS,"threatfox,AMOS,ClickFix,Foxveil,macOS,quill",2026-10-09 16:06:19,2026-10-09 16:18:18,85
hash_sha256,9a738a1e7ffc5bfbad53e1c345cb56b63c9e7750c243eeacf2d356ab0e6a86bf,threatfox,stealler,threatfox,2026-10-09 16:06:19,2026-10-09 16:18:18,85
hash_sha256,9cea830b56c14b2d9c77d46a155e365176d35996d53708bb79ee6e41d04e51f3,threatfox,stealler,threatfox,2026-10-09 16:06:19,2026-10-09 16:18:18,85
hash_sha256,9d22c5b3de09a5fed2290ee678c434500ab7d3cd9c93ce4f805c0b3c9bfe5f10,threatfox,AMOS,"threatfox,AMOS,ClickFix,Foxveil,macOS,quill",2026-10-09 16:06:19,2026-10-09 16:18:18,85
hash_sha256,9d733d1f2fca83a4a407769566fcdf29720fb27495a4b6951bf663a5b978055f,threatfox,AMOS,"threatfox,AMOS,ClickFix,Foxveil,macOS,quill",2026-10-09 16:06:19,2026-10-09 16:18:18,85
hash_sha256,a1e52621549b26c9ea46fdb4da21e159d2332fb0887c56ee317648597e99df63,threatfox,DeerStealer,threatfox,2026-10-09 16:06:19,2026-10-09 16:18:18,85
hash_sha256,a29fefb53e9e89f9ee41993aff07820984bc91be0e24a143262104be0163da2b,threatfox,Mirai,"threatfox,elf,Mirai",2026-10-09 16:06:19,2026-10-09 16:18:18,85
hash_sha256,a448b2e0b20011a925ff2cdf27b12932dfd331a274b51849f7ab2016954b1063,threatfox,AMOS,"threatfox,AMOS,ClickFix,Foxveil,macOS,quill",2026-10-09 16:06:19,2026-10-09 16:18:18,85
hash_sha256,a5eb1fae08d66c23febc8ef96fc43905d152da91dc1ac69a60191a2b6a09c46b,threatfox,Mirai,"threatfox,elf,Mirai",2026-10-09 16:06:19,2026-10-09 16:18:18,85
hash_sha256,a8a6f5ad5f6bc59b64af1cca3bf0d5b6bcc8686a0dd8a8bb5cb244c2edcf3e23,threatfox,Formbook,threatfox,2026-10-09 16:06:19,2026-10-09 16:18:18,85
hash_sha256,aecef9efaad031a5d0a5ec25d49138708f93a69bc50a7cee73fc2352ba19a995,threatfox,Vidar,threatfox,2026-10-09 16:06:19,2026-10-09 16:18:18,85
hash_sha256,af253ba15f9bf0fe7871ff377825abf02bd5fbea7c081c706d604a4a3cde843c,threatfox,Kuiper,threatfox,2026-10-09 16:06:19,2026-10-09 16:18:18,85
hash_sha256,b0915fda8b68cc59f8c722080d133e823e9ae49bb3ad82d1f4faca1f14325284,threatfox,CrossRAT,threatfox,2026-10-09 16:06:19,2026-10-09 16:18:18,85
hash_sha256,b1226cf111753eb82f329cb657104059ac96c8692853d83aa4a70d9b8c2bb312,threatfox,CrossRAT,threatfox,2026-10-09 16:06:19,2026-10-09 16:18:18,85
hash_sha256,b13b22c66cd105a2e5a10bbc9339bfa0e4f4cb1faa4cd2d0a7ae854948d2b1c5,threatfox,TinyMet,threatfox,2026-10-09 16:06:19,2026-10-09 16:18:18,85
hash_sha256,b2c03ca07a9d844205f9c097e870fc3c54bfea34caef6ed6b907e7c887ba6665,threatfox,WannaCryptor,threatfox,2026-10-09 16:06:19,2026-10-09 16:18:18,85
hash_sha256,b426e063f6e71de0d8c7bd6b1ed9c342e3aed4e16ff9d0b50154c67b899f8541,threatfox,ValleyRAT,threatfox,2026-10-09 16:06:19,2026-10-09 16:18:18,85
hash_sha256,b449341fb97c5dd248f2091d92ad27d4dc32861ba5bc86deb0ccbbc627d4843e,threatfox,Unknown Stealer,"threatfox,loader,monero,runelure,xmrig",2026-10-09 16:06:19,2026-10-09 16:18:18,85
hash_sha256,b4cc5ac328afd0e7eaf16216879046367e083279bfdb831da3a53c8a31df3d1b,threatfox,AdaptixC2,threatfox,2026-10-09 16:06:19,2026-10-09 16:18:18,85
hash_sha256,b55e16170cbba64cb8fe432d2004c0b011db6318ed41dd359637a2afe9d6545b,threatfox,AMOS,"threatfox,AMOS,ClickFix,Foxveil,macOS,quill",2026-10-09 16:06:19,2026-10-09 16:18:18,85
hash_sha256,b926c66f511842d0b2fb8d09d7bba064d5385f28f2a4d71e3bf230eb5a2fcde1,threatfox,Mirai,"threatfox,elf,Mirai",2026-10-09 16:06:19,2026-10-09 16:18:18,85
hash_sha256,be65797d62ee77d94954f8fb367428f7c37f0a183f93c4a743a1ad9cfe393066,threatfox,ValleyRAT,threatfox,2026-10-09 16:06:19,2026-10-09 16:18:18,85
hash_sha256,c21557a9b8df651692f8a6241e488dcfba8faf2dce446c14f5854ba1fa04d7f4,threatfox,Luca Stealer,threatfox,2026-10-09 16:06:19,2026-10-09 16:18:18,85
hash_sha256,c23a5d89f60bc65b7bf92b6bcca9311d704611b7482f63befee64096f047ac32,threatfox,WannaCryptor,threatfox,2026-10-09 16:06:19,2026-10-09 16:18:18,85
hash_sha256,cf90ad8eef1b73e674f5dbbc12f8bbc4ee0ebc2b9485ddf5ef3cf5ce863f5333,threatfox,ValleyRAT,threatfox,2026-10-09 16:06:19,2026-10-09 16:18:18,85
hash_sha256,d0f40958cc03a11ec4fcd89223c6e6a9a134284e97993eeb2940f983d164dd11,threatfox,WatchBog,threatfox,2026-10-09 16:06:19,2026-10-09 16:18:18,85
hash_sha256,d25a3a858e28faa68ca6c624d7d19350c11ac798c346be3067307463e40aaff1,threatfox,DYEPACK,threatfox,2026-10-09 16:06:19,2026-10-09 16:18:18,85
hash_sha256,d64fdd6f727f4fb7eaf20c79a05734d48099490bedd52a65462dcc9bb5738662,threatfox,Mirai,"threatfox,elf,Mirai",2026-10-09 16:06:19,2026-10-09 16:18:18,85
hash_sha256,da7cac6a41fb53171db401c5a952bcf1a4796068fd07c0900027dc5919cd4a7c,threatfox,Mirai,"threatfox,elf,Gafgyt,Mirai",2026-10-09 16:06:19,2026-10-09 16:18:18,85
hash_sha256,db4732a4b2646f6ddef351784943f58c27311215807a9ba670e9f687366e2a43,threatfox,KrakenKeylogger,threatfox,2026-10-09 16:06:19,2026-10-09 16:18:18,85
hash_sha256,dd16083e8b555de6f1852da430ca2f2192366bae191a2674ae2464a43a4f94d5,threatfox,AMOS,"threatfox,AMOS,ClickFix,Foxveil,macOS,quill",2026-10-09 16:06:19,2026-10-09 16:18:18,85
hash_sha256,de007a3bc1cfcdf8985690b5127eb099292a3edfd6f4f7b462c65229011a669b,threatfox,Venus Stealer,threatfox,2026-10-09 16:06:19,2026-10-09 16:18:18,85
hash_sha256,deb70d1f124c4dad405e0dc2c57d642bb993df9b09d225a6f7ff128adb055625,threatfox,VShell,threatfox,2026-10-09 16:06:19,2026-10-09 16:18:18,85
hash_sha256,deba43734e342776a2724c6cf12557aa7bbbd93200a4f2bfa8f2e7f7ef1b56a8,threatfox,AMOS,"threatfox,AMOS,ClickFix,Foxveil,macOS,quill",2026-10-09 16:06:19,2026-10-09 16:18:18,85
hash_sha256,dee6cbc7ad222e6928418f6cf19989046e0934248746d693656d736546155911,threatfox,Mirai,"threatfox,elf,Mirai",2026-10-09 16:06:19,2026-10-09 16:18:18,85
hash_sha256,e15e5d4f77fa217cf9ccf18fc0fff19e9b9e47d8c65413f2751904a14fcb8658,threatfox,Formbook,threatfox,2026-10-09 16:06:19,2026-10-09 16:18:18,85
hash_sha256,e292d65b134653448ef4bcad23eaae8b08abefcbfcd360c3f0cd74adfee33495,threatfox,ValleyRAT,threatfox,2026-10-09 16:06:19,2026-10-09 16:18:18,85
hash_sha256,e31d19f453770baf75143b352675a1cc12982cf8821929ff88badfc134f97b36,threatfox,Mirai,"threatfox,elf,Mirai",2026-10-09 16:06:19,2026-10-09 16:18:18,85
hash_sha256,e52e65ed97e99d807394493f195bc62e5abe28db252fd060e3033bf6c2063e85,threatfox,YiBackdoor,threatfox,2026-10-09 16:06:19,2026-10-09 16:18:18,85
hash_sha256,edd8babd11621c8ec12ea7a01c141615089a77d755fab43b30507da28653558d,threatfox,XenoRAT,threatfox,2026-10-09 16:06:19,2026-10-09 16:18:18,85
hash_sha256,ef41e4af8abb91a0c77f60005bd985ff554fe368593bb0b60d09a5fc9a54bd98,threatfox,CrossRAT,threatfox,2026-10-09 16:06:19,2026-10-09 16:18:18,85
hash_sha256,f0432ada231da0ac0154aec9632fb37ae4f93771004e7461661730cbdede8730,threatfox,Mirai,"threatfox,elf,Mirai",2026-10-09 16:06:19,2026-10-09 16:18:18,85
hash_sha256,f7e58d2955db86e33b95939f645abc6f362cf86f396c548bdf22dbf707e5914a,threatfox,Vidar,threatfox,2026-10-09 16:06:19,2026-10-09 16:18:18,85
hash_sha256,fc26ae01b9226e767f1bf3e78ffc0e5f3ada519ef8eb74b43fef7094cac6510b,threatfox,VShell,threatfox,2026-10-09 16:06:19,2026-10-09 16:18:18,85
ip,1.117.73.61,threatfox,VShell,"threatfox,vshell",2026-10-09 16:06:19,2026-10-09 16:18:18,85
ip,101.133.170.144,threatfox,Cobalt Strike,"threatfox,CobaltStrike,cs-watermark-1234567890",2026-10-09 16:06:19,2026-10-09 16:18:18,85
ip,103.149.91.234,threatfox,AdaptixC2,"threatfox,AdaptixC2,drb-ra",2026-10-09 16:06:19,2026-10-09 16:18:18,85
ip,103.72.56.236,threatfox,Cobalt Strike,"threatfox,CobaltStrike,cs-watermark-987654321",2026-10-09 16:06:19,2026-10-09 16:18:18,85
ip,104.248.144.172,threatfox,Remus,"threatfox,0f81469cc7638ba7c82eaddbd6b3c20a,c2,remus",2026-10-09 16:06:19,2026-10-09 16:18:18,85
ip,128.90.105.227,threatfox,AsyncRAT,"threatfox,AsyncRAT,drb-ra,RAT",2026-10-09 16:06:19,2026-10-09 16:18:18,85
ip,130.12.180.212,threatfox,Aisuru,"threatfox,Aisuru,c2",2026-10-09 16:06:19,2026-10-09 16:18:18,85
ip,135.136.140.39,threatfox,Remcos,"threatfox,basefri,c2,Remcos",2026-10-09 16:06:19,2026-10-09 16:18:18,85
ip,139.180.213.153,threatfox,AdaptixC2,"threatfox,AdaptixC2,drb-ra",2026-10-09 16:06:19,2026-10-09 16:18:18,85
ip,139.196.95.22,threatfox,VShell,"threatfox,vshell",2026-10-09 16:06:19,2026-10-09 16:18:18,85
ip,141.98.10.127,threatfox,Remcos,"threatfox,BIN,c2,Remcos",2026-10-09 16:06:19,2026-10-09 16:18:18,85
ip,141.98.10.150,threatfox,Remcos,"threatfox,c2,MicrosoftOutlook,Remcos",2026-10-09 16:06:19,2026-10-09 16:18:18,85
ip,143.246.213.74,threatfox,Unknown RAT,"threatfox,IRAHook,RAT,Stealer",2026-10-09 16:06:19,2026-10-09 16:18:18,85
ip,163.7.0.131,threatfox,VShell,"threatfox,vshell",2026-10-09 16:06:19,2026-10-09 16:18:18,85
ip,172.94.99.29,threatfox,XWorm,"threatfox,RAT,XWorm",2026-10-09 16:06:19,2026-10-09 16:18:18,85
ip,185.117.89.70,threatfox,AdaptixC2,"threatfox,AdaptixC2,drb-ra",2026-10-09 16:06:19,2026-10-09 16:18:18,85
ip,185.212.44.20,threatfox,Cobalt Strike,"threatfox,C2,Cobalt strike",2026-10-09 16:06:19,2026-10-09 16:18:18,85
ip,192.159.99.76,threatfox,DCRat,"threatfox,DCRat,drb-ra,RAT",2026-10-09 16:06:19,2026-10-09 16:18:18,85
ip,193.178.158.71,threatfox,Amadey,"threatfox,Amadey,ViriBack",2026-10-09 16:06:19,2026-10-09 16:18:18,85
ip,199.101.198.165,threatfox,Remcos,"threatfox,c2,Remcos,TONERO",2026-10-09 16:06:19,2026-10-09 16:18:18,85
ip,206.206.78.76,threatfox,VShell,"threatfox,vshell",2026-10-09 16:06:19,2026-10-09 16:18:18,85
ip,217.60.242.27,threatfox,Aisuru,"threatfox,Aisuru,c2",2026-10-09 16:06:19,2026-10-09 16:18:18,85
ip,3.24.186.0,threatfox,AsyncRAT,"threatfox,asyncrat",2026-10-09 16:06:19,2026-10-09 16:18:18,85
ip,31.77.148.141,threatfox,Unknown malware,threatfox,2026-10-09 16:06:19,2026-10-09 16:18:18,85
ip,38.76.199.254,threatfox,AsyncRAT,"threatfox,AsyncRAT,drb-ra,RAT",2026-10-09 16:06:19,2026-10-09 16:18:18,85
ip,39.104.200.49,threatfox,VShell,"threatfox,vshell",2026-10-09 16:06:19,2026-10-09 16:18:18,85
ip,39.106.221.81,threatfox,Cobalt Strike,"threatfox,CobaltStrike,cs-watermark-666666666",2026-10-09 16:06:19,2026-10-09 16:18:18,85
ip,45.127.32.69,threatfox,Aisuru,"threatfox,airashi,aisuru,botnet,ddos,mirai",2026-10-09 16:06:19,2026-10-09 16:18:18,85
ip,45.135.194.116,threatfox,Aisuru,"threatfox,Aisuru,c2",2026-10-09 16:06:19,2026-10-09 16:18:18,85
ip,45.144.172.49,threatfox,Jackskid,"threatfox,botnet,ddos,jackskid,mirai,rctea",2026-10-09 16:06:19,2026-10-09 16:18:18,85
ip,45.152.64.65,threatfox,VShell,"threatfox,vshell",2026-10-09 16:06:19,2026-10-09 16:18:18,85
ip,46.101.164.65,threatfox,Aisuru,"threatfox,Aisuru,c2",2026-10-09 16:06:19,2026-10-09 16:18:18,85
ip,47.76.121.209,threatfox,ValleyRAT,threatfox,2026-10-09 16:06:19,2026-10-09 16:18:18,85
ip,47.86.93.117,threatfox,VShell,"threatfox,vshell",2026-10-09 16:06:19,2026-10-09 16:18:18,85
ip,5.83.134.80,threatfox,Unknown malware,"threatfox,arm,cowrie,elf,honeypot,iot,tadashi,telnet",2026-10-09 16:06:19,2026-10-09 16:18:18,85
ip,67.220.71.211,threatfox,Aisuru,"threatfox,airashi,aisuru,botnet,ddos,mirai",2026-10-09 16:06:19,2026-10-09 16:18:18,85
ip,68.168.219.222,threatfox,AsyncRAT,"threatfox,AsyncRAT,drb-ra,RAT",2026-10-09 16:06:19,2026-10-09 16:18:18,85
ip,91.199.133.239,threatfox,Cobalt Strike,"threatfox,CobaltStrike,cs-watermark-987654321",2026-10-09 16:06:19,2026-10-09 16:18:18,85
ip,91.92.43.233,threatfox,Unknown malware,threatfox,2026-10-09 16:06:19,2026-10-09 16:18:18,85
ip,94.154.40.108,threatfox,Remcos,"threatfox,c2,Remcos,tor05g",2026-10-09 16:06:19,2026-10-09 16:18:18,85
ip,95.133.228.144,threatfox,PureRAT,"threatfox,drb-ra,PureHVNC,PureRAT,RAT",2026-10-09 16:06:19,2026-10-09 16:18:18,85
ssl_sha1,3f7c12ee118bce0a51bcb4c1896fa9a79b30bfb7,sslbl,PureRAT C&C,"sslbl,2026-10-09",2026-10-09 16:06:19,2026-10-09 16:18:18,88
ssl_sha1,f1007872f795727c952c1f2b20966ec193b646a4,sslbl,MATCHBOIL C&C,"sslbl,2026-10-09",2026-10-09 16:06:19,2026-10-09 16:18:18,88
ssl_sha1,f1d3bed8c625dc1785842ced7f1cf6aadb85942a,sslbl,Vidar C&C,"sslbl,2026-10-09",2026-10-09 16:06:19,2026-10-09 16:18:18,88
ssl_sha1,f9ec94288d3a56dcecced514f673587156167472,sslbl,Vidar C&C,"sslbl,2026-10-09",2026-10-09 16:06:19,2026-10-09 16:18:18,88
url,http://139.135.59.180:50268/Mozi.m,threatfox,Mozi,"threatfox,elf,iot,Mozi",2026-10-09 16:06:19,2026-10-09 16:18:18,85
url,http://193.178.158.71/b894jfjw/index.php,threatfox,Amadey,"threatfox,amadey,c2,ce6e4f",2026-10-09 16:06:19,2026-10-09 16:18:18,85
url,http://1rvrental.com/r,threatfox,Unknown malware,threatfox,2026-10-09 16:06:19,2026-10-09 16:18:18,85
url,http://82.209.204.6:43726/Mozi.m,threatfox,Mozi,"threatfox,elf,iot,Mozi",2026-10-09 16:06:19,2026-10-09 16:18:18,85
url,http://assetvs.biz:4529/videos,threatfox,Remus,"threatfox,remus",2026-10-09 16:06:19,2026-10-09 16:18:18,85
url,http://caxools.click:7728/reports,threatfox,Remus,"threatfox,remus",2026-10-09 16:06:19,2026-10-09 16:18:18,85
url,http://gerzone.click:4262/settings,threatfox,Remus,"threatfox,remus",2026-10-09 16:06:19,2026-10-09 16:18:18,85
url,http://homecor.click:6527/imports,threatfox,Remus,"threatfox,remus",2026-10-09 16:06:19,2026-10-09 16:18:18,85
url,http://synerfy.biz:6627/messages,threatfox,Remus,"threatfox,remus",2026-10-09 16:06:19,2026-10-09 16:18:18,85
url,https://172.105.93.106,threatfox,Vidar,"threatfox,22528fe54e097936120ba50e16c6a235,c2,loader,stealer,Vidar",2026-10-09 16:06:19,2026-10-09 16:18:18,85
url,https://172.238.108.43,threatfox,Vidar,"threatfox,c2,e388d47768eb76b50f1e463971fc7294,loader,stealer,Vidar",2026-10-09 16:06:19,2026-10-09 16:18:18,85
url,https://1rvrental.com/g.php,threatfox,Unknown malware,threatfox,2026-10-09 16:06:19,2026-10-09 16:18:18,85
url,https://94.237.14.115,threatfox,Vidar,"threatfox,vidar",2026-10-09 16:06:19,2026-10-09 16:18:18,85
url,https://aailc.co/,threatfox,Unknown malware,"threatfox,ClickFix",2026-10-09 16:06:19,2026-10-09 16:18:18,85
url,https://alrehansign.com/,threatfox,Unknown malware,"threatfox,ClickFix",2026-10-09 16:06:19,2026-10-09 16:18:18,85
url,https://bogem10.org/,threatfox,Unknown malware,"threatfox,ClickFix",2026-10-09 16:06:19,2026-10-09 16:18:18,85
url,https://bytekboya.com/,threatfox,Unknown malware,"threatfox,ClickFix",2026-10-09 16:06:19,2026-10-09 16:18:18,85
url,https://cartec.in/,threatfox,Unknown malware,"threatfox,ClickFix",2026-10-09 16:06:19,2026-10-09 16:18:18,85
url,https://christiancordero.mba/,threatfox,Unknown malware,"threatfox,ClickFix",2026-10-09 16:06:19,2026-10-09 16:18:18,85
url,https://downtown886.com/,threatfox,Unknown Stealer,"threatfox,YapStealer",2026-10-09 16:06:19,2026-10-09 16:18:18,85
url,https://iannonnels.quest/,threatfox,Unknown Stealer,"threatfox,WARDENStealer",2026-10-09 16:06:19,2026-10-09 16:18:18,85
url,https://ik.333vip.org,threatfox,Vidar,"threatfox,62c0c8e44e6a373d8d66802e4ab16faf,c2,loader,stealer,Vidar",2026-10-09 16:06:19,2026-10-09 16:18:18,85
url,https://ik.3toto.com,threatfox,Vidar,"threatfox,18094918b35ccec7caaf0b129e6d0490,c2,loader,stealer,Vidar",2026-10-09 16:06:19,2026-10-09 16:18:18,85
url,https://jilleynonava.quest/,threatfox,Unknown Stealer,"threatfox,WARDENStealer",2026-10-09 16:06:19,2026-10-09 16:18:18,85
url,https://jsonkeeper.com/b/RRCKG,threatfox,ContagiousDrop,"threatfox,ContagiousInterview,vscode,vscode-tasks-folderopen",2026-10-09 16:06:19,2026-10-09 16:18:18,85
url,https://kl.3toto.com,threatfox,Vidar,"threatfox,2f3c6fb2d82ed66e2e45208cd1c7edd1,c2,loader,stealer,Vidar",2026-10-09 16:06:19,2026-10-09 16:18:18,85
url,https://lemanruss.website/,threatfox,Unknown Stealer,"threatfox,WARDENStealer",2026-10-09 16:06:19,2026-10-09 16:18:18,85
url,https://lemanruss1.website/,threatfox,Unknown Stealer,"threatfox,WARDENStealer",2026-10-09 16:06:19,2026-10-09 16:18:18,85
url,https://madrid-9.club/,threatfox,Unknown Stealer,"threatfox,WARDENStealer",2026-10-09 16:06:19,2026-10-09 16:18:18,85
url,https://mahoomahtab.ir/,threatfox,Unknown malware,"threatfox,ClickFix",2026-10-09 16:06:19,2026-10-09 16:18:18,85
url,https://nr.333vip.org/,threatfox,Vidar,"threatfox,vidar",2026-10-09 16:06:19,2026-10-09 16:18:18,85
url,https://nr.3toto.com,threatfox,Vidar,"threatfox,18639d8e3c129270e4d9f4328b3819a1,c2,loader,stealer,Vidar",2026-10-09 16:06:19,2026-10-09 16:18:18,85
url,https://nr.3toto.com/,threatfox,Vidar,"threatfox,vidar",2026-10-09 16:06:19,2026-10-09 16:18:18,85
url,https://nyaciarabing.pics/,threatfox,Unknown Stealer,"threatfox,WARDENStealer",2026-10-09 16:06:19,2026-10-09 16:18:18,85
url,https://ockwellero.pics/,threatfox,Unknown Stealer,"threatfox,WARDENStealer",2026-10-09 16:06:19,2026-10-09 16:18:18,85
url,https://openai-astra.com/,threatfox,Unknown malware,"threatfox,ClickFix",2026-10-09 16:06:19,2026-10-09 16:18:18,85
url,https://pro.jasperwater.info/auth/dashboard-cache,threatfox,SmartApeSG,"threatfox,SmartApeSG",2026-10-09 16:06:19,2026-10-09 16:18:18,85
url,https://pro.jasperwater.info/auth/permission-render.js,threatfox,SmartApeSG,"threatfox,SmartApeSG",2026-10-09 16:06:19,2026-10-09 16:18:18,85
url,https://profitrollellc.com/,threatfox,Unknown malware,"threatfox,ClickFix",2026-10-09 16:06:19,2026-10-09 16:18:18,85
url,https://shard3982ef.brightwire.website/,threatfox,Unknown Stealer,"threatfox,YapStealer",2026-10-09 16:06:19,2026-10-09 16:18:18,85
url,https://tg-warnlogs.club/,threatfox,Unknown Stealer,"threatfox,WARDENStealer",2026-10-09 16:06:19,2026-10-09 16:18:18,85
url,https://uefarafara.forum/,threatfox,Unknown Stealer,"threatfox,WARDENStealer",2026-10-09 16:06:19,2026-10-09 16:18:18,85
url,https://uefarafara.mom/,threatfox,Unknown Stealer,"threatfox,WARDENStealer",2026-10-09 16:06:19,2026-10-09 16:18:18,85
url,https://uefarafara.rest/,threatfox,Unknown Stealer,"threatfox,WARDENStealer",2026-10-09 16:06:19,2026-10-09 16:18:18,85
url,https://unalively.com/nfront.php,threatfox,Satacom,"threatfox,LegionLoader",2026-10-09 16:06:19,2026-10-09 16:18:18,85
url,https://usantoniqu.homes/,threatfox,Unknown Stealer,"threatfox,WARDENStealer",2026-10-09 16:06:19,2026-10-09 16:18:18,85
url,https://warnlogs-steal.club/,threatfox,Unknown Stealer,"threatfox,WARDENStealer",2026-10-09 16:06:19,2026-10-09 16:18:18,85
url,https://westbeavers.com/quarry/deposit,threatfox,Unknown malware,"threatfox,CLOUDHAZE",2026-10-09 16:06:19,2026-10-09 16:18:18,85
url,https://westbeavers.com/quarry/vein,threatfox,Unknown malware,"threatfox,CLOUDHAZE",2026-10-09 16:06:19,2026-10-09 16:18:18,85
url,https://williesian.com/,threatfox,Unknown Stealer,"threatfox,WARDENStealer",2026-10-09 16:06:19,2026-10-09 16:18:18,85
hash_md5,02f3a63ef9ec88dbf35e31ae1b46d654,malwarebazaar,Mirai,"elf,Mirai",2026-10-09 16:00:05,2026-10-09 16:18:18,85
hash_md5,0b2e8f47bd44602785499d764dcf4c81,malwarebazaar,Mirai,"elf,Mirai,upx",2026-10-09 16:00:05,2026-10-09 16:18:18,85
hash_md5,16d9e001cad7a0038e5c6720c846fb6e,malwarebazaar,elf,elf,2026-10-09 16:00:05,2026-10-09 16:18:18,85
hash_md5,1adefbea3c5c9d792266abab743287b0,malwarebazaar,Mirai,"elf,Mirai",2026-10-09 16:00:05,2026-10-09 16:18:18,85
hash_md5,27c6d207030df6ceaee103f359e54b4f,malwarebazaar,Mirai,"elf,Mirai",2026-10-09 16:00:05,2026-10-09 16:18:18,85
hash_md5,2b27d3550bf7739b644d9c2984ecbb09,malwarebazaar,Mirai,"elf,Mirai,upx-dec",2026-10-09 16:00:05,2026-10-09 16:18:18,85
hash_md5,2ce0c7b067339c33da3ae88154d0a6b2,malwarebazaar,exe,"exe,Stealer",2026-10-09 16:00:05,2026-10-09 16:18:18,85
hash_md5,2ddeaf338d40542426c7b9e659ef3585,malwarebazaar,Mirai,"elf,Mirai",2026-10-09 16:00:05,2026-10-09 16:18:18,85
hash_md5,2e9caca7825c171c8caaf7a500226303,malwarebazaar,WannaCry,"dionaea,exe,WannaCry",2026-10-09 16:00:05,2026-10-09 16:18:18,85
hash_md5,3ee38b944e5c83922f99641846f7db0c,malwarebazaar,AdaptixC2,"AdaptixC2,exe",2026-10-09 16:00:05,2026-10-09 16:18:18,85
hash_md5,44c6c41450202d71fb769bcfff376ba4,malwarebazaar,VShell,"exe,VShell",2026-10-09 16:00:05,2026-10-09 16:18:18,85
hash_md5,47cb84708fe7a5b6ebca6fe396f218c3,malwarebazaar,Mirai,"elf,upx",2026-10-09 16:00:05,2026-10-09 16:18:18,85
hash_md5,481b343d4c9f7b727bcf993abc065f2c,malwarebazaar,Mirai,"elf,Mirai,upx-dec",2026-10-09 16:00:05,2026-10-09 16:18:18,85
hash_md5,4f088f1bc965ff0e11a9c75e4ee3f97a,malwarebazaar,exe,"exe,signed",2026-10-09 16:00:05,2026-10-09 16:18:18,85
hash_md5,52154937f925b0c02c8c30b8a6d1cbd8,malwarebazaar,Mirai,"elf,Mirai",2026-10-09 16:00:05,2026-10-09 16:18:18,85
hash_md5,5977f858a72b369a5c37acaa3fa4c055,malwarebazaar,Mirai,elf,2026-10-09 16:00:05,2026-10-09 16:18:18,85
hash_md5,75a2f0bfbcf403f9170e510fb7b8bdab,malwarebazaar,Mirai,"elf,Mirai",2026-10-09 16:00:05,2026-10-09 16:18:18,85
hash_md5,779e96b221702c0b4dbd89f1ffbaa2b1,malwarebazaar,Mirai,"elf,Mirai",2026-10-09 16:00:05,2026-10-09 16:18:18,85
hash_md5,7a35065b803f6f05dbce13ff68e1f815,malwarebazaar,DarkTortilla,"DarkTortilla,exe",2026-10-09 16:00:05,2026-10-09 16:18:18,85
hash_md5,8277f8350e12ecee116c42acb4aa48c0,malwarebazaar,GuLoader,"exe,GuLoader,signed",2026-10-09 16:00:05,2026-10-09 16:18:18,85
hash_md5,871f486f7623976906375b8974ce761f,malwarebazaar,WannaCry,dll,2026-10-09 16:00:05,2026-10-09 16:18:18,85
hash_md5,95a0407f38a262193281c7c6660425d4,malwarebazaar,Mirai,"elf,Mirai",2026-10-09 16:00:05,2026-10-09 16:18:18,85
hash_md5,9913328e4129b124c7647d789896eaaf,malwarebazaar,Mirai,"elf,Mirai,upx",2026-10-09 16:00:05,2026-10-09 16:18:18,85
hash_md5,9c1512ee492ecb1492c1e1ed00c34091,malwarebazaar,Mirai,"elf,Mirai",2026-10-09 16:00:05,2026-10-09 16:18:18,85
hash_md5,9c52147027c8ce3368a2e5bfa1ff5a40,malwarebazaar,bat,"bat,UKR",2026-10-09 16:00:05,2026-10-09 16:18:18,85
hash_md5,9ddbd91b54b28d5cb71287916e300a34,malwarebazaar,exe,exe,2026-10-09 16:00:05,2026-10-09 16:18:18,85
hash_md5,a0c412cb016d99675c5728fc38175fbd,malwarebazaar,exe,"exe,signed",2026-10-09 16:00:05,2026-10-09 16:18:18,85
hash_md5,aa1fefe3c620a87adefc4086f105d177,malwarebazaar,Mirai,"elf,Mirai,upx-dec",2026-10-09 16:00:05,2026-10-09 16:18:18,85
hash_md5,aa676850d9bbad6ee9cac3e4e536c157,malwarebazaar,xlsx,"CVE-2017-0199,xlsx",2026-10-09 16:00:05,2026-10-09 16:18:18,85
hash_md5,b34f62009d9f4d22e20b41605d97fd90,malwarebazaar,Mirai,"elf,Mirai",2026-10-09 16:00:05,2026-10-09 16:18:18,85
hash_md5,b3bbcf7f62570faee70664c219d222f6,malwarebazaar,py,py,2026-10-09 16:00:05,2026-10-09 16:18:18,85
hash_md5,b454b1c199709a779e988444b30498bd,malwarebazaar,Mirai,"elf,Mirai",2026-10-09 16:00:05,2026-10-09 16:18:18,85
hash_md5,b5cbb762376834debab0bf655959c466,malwarebazaar,ps1,"Boxter,ps1",2026-10-09 16:00:05,2026-10-09 16:18:18,85
hash_md5,c018aefb48af1679cfc1f08b011f1240,malwarebazaar,VenomRAT,"Boxter,ps1,VenomRAT",2026-10-09 16:00:05,2026-10-09 16:18:18,85
hash_md5,c54335d55675022191b59a6bdf2598b3,malwarebazaar,Koadic,"bat,Koadic",2026-10-09 16:00:05,2026-10-09 16:18:18,85
hash_md5,c79b3c78dc3f02a3dd558deabaca960e,malwarebazaar,Mirai,"elf,Mirai",2026-10-09 16:00:05,2026-10-09 16:18:18,85
hash_md5,c7bf9d7fcd8ff54b3323ac21718aeff4,malwarebazaar,exe,exe,2026-10-09 16:00:05,2026-10-09 16:18:18,85
hash_md5,c9faa48bc5a038910cff8d9e42bcaba3,malwarebazaar,Mirai,"elf,Mirai",2026-10-09 16:00:05,2026-10-09 16:18:18,85
hash_md5,ca74f32dd56f3ad2e51dd1ec54643681,malwarebazaar,AndyDesk,"AndyDesk,exe",2026-10-09 16:00:05,2026-10-09 16:18:18,85
hash_md5,cc028c2c3e90d682d77ef53545ce6b24,malwarebazaar,SnakeKeylogger,"exe,SnakeKeylogger",2026-10-09 16:00:05,2026-10-09 16:18:18,85
hash_md5,db41048f17503812f40d29739c6b76dc,malwarebazaar,Mirai,"elf,Mirai",2026-10-09 16:00:05,2026-10-09 16:18:18,85
hash_md5,dbe00b67ff4b613c6c1abe3f568faa9d,malwarebazaar,Mirai,"elf,Mirai",2026-10-09 16:00:05,2026-10-09 16:18:18,85
hash_md5,dea6360a06563989ea46c2132658242c,malwarebazaar,VenomRAT,"AsyncRAT,exe,VenomRAT",2026-10-09 16:00:05,2026-10-09 16:18:18,85
hash_md5,e19ab91b06040a350f919bdffc0b2dfc,malwarebazaar,Mirai,"elf,Mirai",2026-10-09 16:00:05,2026-10-09 16:18:18,85
hash_md5,eeaa31cefd4a5086606422a2314016b4,malwarebazaar,exe,exe,2026-10-09 16:00:05,2026-10-09 16:18:18,85
hash_md5,f88819dc3e07a82e29a076572e67c887,malwarebazaar,RemusStealer,"exe,RemusStealer,signed",2026-10-09 16:00:05,2026-10-09 16:18:18,85
hash_md5,fb7a8e1dc3d7133517ef7cf16efe7ca9,malwarebazaar,VenomRAT,"Boxter,ps1,VenomRAT",2026-10-09 16:00:05,2026-10-09 16:18:18,85
hash_md5,fd7df4328041ac35221ae50322f29799,malwarebazaar,exe,exe,2026-10-09 16:00:05,2026-10-09 16:18:18,85
hash_sha256,01d405d38a39cd42c105fbcba6ac43fd635ab2a15a8b4c2708de4911a85ea2e8,malwarebazaar,Mirai,"elf,Mirai,upx",2026-10-09 16:00:05,2026-10-09 16:18:18,85
hash_sha256,05e61a33cd451d1496c7cf05a3f7bf739708ad2198d1ef2f05dc1f5eb2236138,malwarebazaar,SnakeKeylogger,"exe,SnakeKeylogger",2026-10-09 16:00:05,2026-10-09 16:18:18,85
hash_sha256,08954f9446234a2fafe12537884cfd684df960b6d28527f6777248518ab7e526,malwarebazaar,DarkTortilla,"DarkTortilla,exe",2026-10-09 16:00:05,2026-10-09 16:18:18,85
hash_sha256,0ba14e1443c155a0e644b0d83d5f89c2c188556367d15ccd86f0b6787cfac4d7,malwarebazaar,exe,exe,2026-10-09 16:00:05,2026-10-09 16:18:18,85
hash_sha256,2202bda817d1bb6be4f328045c192afa6ae2d794d3bac633d617f4f4f862f81e,malwarebazaar,Mirai,"elf,Mirai,upx-dec",2026-10-09 16:00:05,2026-10-09 16:18:18,85
hash_sha256,2dc310b4ce513cb82d9900aaaaae13353e9904750bc5b8c1654e78768b987b53,malwarebazaar,Mirai,"elf,Mirai,upx-dec",2026-10-09 16:00:05,2026-10-09 16:18:18,85
hash_sha256,3719af53c72cac4671b20a24eca975fce25bfa7c2ea48bc8afac7177a8d65fe1,malwarebazaar,Mirai,"elf,Mirai",2026-10-09 16:00:05,2026-10-09 16:18:18,85
hash_sha256,37ba5193546b50fe67376a8be6dbe4336a1b8175325d537fe0890576230cdc8f,malwarebazaar,Mirai,"elf,Mirai",2026-10-09 16:00:05,2026-10-09 16:18:18,85
hash_sha256,384929a929d88aebae9e56ff8256bc5fc97be715b50cb942bbad277d9cfe355e,malwarebazaar,Mirai,"elf,Mirai",2026-10-09 16:00:05,2026-10-09 16:18:18,85
hash_sha256,46601bf92dace2d244fe62f409f9919ef919afef45109bffc9629397fcc76170,malwarebazaar,VShell,"exe,VShell",2026-10-09 16:00:05,2026-10-09 16:18:18,85
hash_sha256,4f83778eb100363b7faffbb745566cb683c1cee2c32ba7100132685dc5b6a243,malwarebazaar,elf,elf,2026-10-09 16:00:05,2026-10-09 16:18:18,85
hash_sha256,55d19b5c675819d5d2492e10bd44028d3e02426c7fa486c4515b804943e8d54e,malwarebazaar,Mirai,"elf,Mirai",2026-10-09 16:00:05,2026-10-09 16:18:18,85
hash_sha256,6a3484acaf85a596be22daad188e736e9961ad1f56729153f404bb5434988c00,malwarebazaar,Mirai,"elf,Mirai,upx",2026-10-09 16:00:05,2026-10-09 16:18:18,85
hash_sha256,6b0afb349635fb95996f7cc4e5ee22feb695df41ab2a86024f9603013e94a8e5,malwarebazaar,exe,exe,2026-10-09 16:00:05,2026-10-09 16:18:18,85
hash_sha256,7080e9b6d894a86f58566982675d973fb24011de728cae4ac5902b0602bf52ab,malwarebazaar,exe,"exe,signed",2026-10-09 16:00:05,2026-10-09 16:18:18,85
hash_sha256,729ef8e6a3cf1859811f3010b514416231e92ca66c4817cf8d6fce9df427a6a8,malwarebazaar,GuLoader,"exe,GuLoader,signed",2026-10-09 16:00:05,2026-10-09 16:18:18,85
hash_sha256,7b0562d3d7742e8a08ae362b3374a8ce0638597ceb9aec103a1462f4750981b9,malwarebazaar,Koadic,"bat,Koadic",2026-10-09 16:00:05,2026-10-09 16:18:18,85
hash_sha256,826a5ee2424545c2018f4c61f370f77bac6668a853c4d6c1168b337d3e195b6b,malwarebazaar,Mirai,"elf,Mirai",2026-10-09 16:00:05,2026-10-09 16:18:18,85
hash_sha256,82b123782487af3a71494100a6338c47484d6c87e8531f6b9a801ad586cdf2df,malwarebazaar,Mirai,"elf,Mirai",2026-10-09 16:00:05,2026-10-09 16:18:18,85
hash_sha256,925b2e20881a21e797c69ec3bd8a1104fb3618bbfc4bd6c5d66148695bf82455,malwarebazaar,VenomRAT,"Boxter,ps1,VenomRAT",2026-10-09 16:00:05,2026-10-09 16:18:18,85
hash_sha256,9744c12a06b4562e175d4aeb7b8fd5c1e1877ac30222af8243eeaae16df324b0,malwarebazaar,exe,exe,2026-10-09 16:00:05,2026-10-09 16:18:18,85
hash_sha256,9915fb507f61981bfe73c56997fb6c3c3251e50926fb8ca44b24cb61e054c8df,malwarebazaar,Mirai,"elf,Mirai",2026-10-09 16:00:05,2026-10-09 16:18:18,85
hash_sha256,9c9b5c83106040ac93b44e279c4441ba216632bc4cec64d105bc1170a72c2a21,malwarebazaar,Mirai,"elf,Mirai",2026-10-09 16:00:05,2026-10-09 16:18:18,85
hash_sha256,9ee6df848b98a0814c42a3cbc83779b5617ec4fbef0c3d89848df8bb787312cb,malwarebazaar,Mirai,"elf,Mirai",2026-10-09 16:00:05,2026-10-09 16:18:18,85
hash_sha256,a3a8051a4eb4b62dfcedea6eefb2466ec678e466c14d0e312852c87972d241ef,malwarebazaar,Mirai,"elf,Mirai",2026-10-09 16:00:05,2026-10-09 16:18:18,85
hash_sha256,ab795b62a3b451aa69a1f580c3ea27b72ffce40fedfda6bc271ed189de2a10d7,malwarebazaar,Mirai,"elf,Mirai,upx-dec",2026-10-09 16:00:05,2026-10-09 16:18:18,85
hash_sha256,ad2f29cdb569144a1f27e28f556442b8d58b18eaf3c1cf1a93a55ca76c4137d1,malwarebazaar,ps1,"Boxter,ps1",2026-10-09 16:00:05,2026-10-09 16:18:18,85
hash_sha256,afca6553105ea31dc41d19fd348e8ddef6203512d2d40c4c13d78b9fbe0e1379,malwarebazaar,Mirai,"elf,Mirai",2026-10-09 16:00:05,2026-10-09 16:18:18,85
hash_sha256,b4cc5ac328afd0e7eaf16216879046367e083279bfdb831da3a53c8a31df3d1b,malwarebazaar,AdaptixC2,"AdaptixC2,exe",2026-10-09 16:00:05,2026-10-09 16:18:18,85
hash_sha256,b69cdbaf327bf600f6e0ccd230367d28ab5be6977d35d51f78ad7229d75fb7f6,malwarebazaar,WannaCry,dll,2026-10-09 16:00:05,2026-10-09 16:18:18,85
hash_sha256,bdf89a30d6c0eb162d1191cce9f42dccf1f9480e69a918b1dce143cf671bd2c5,malwarebazaar,VenomRAT,"Boxter,ps1,VenomRAT",2026-10-09 16:00:05,2026-10-09 16:18:18,85
hash_sha256,c23a5d89f60bc65b7bf92b6bcca9311d704611b7482f63befee64096f047ac32,malwarebazaar,WannaCry,"dionaea,exe,WannaCry",2026-10-09 16:00:05,2026-10-09 16:18:18,85
hash_sha256,c42603abe0ecb4257393e0412fad62b7ee29c362a09bce3161d9d1146fab23b3,malwarebazaar,xlsx,"CVE-2017-0199,xlsx",2026-10-09 16:00:05,2026-10-09 16:18:18,85
hash_sha256,ca91314eb71e95a51202dfa4db5d513893c2abe7cf46f7d0f414ca1c58b7c902,malwarebazaar,bat,"bat,UKR",2026-10-09 16:00:05,2026-10-09 16:18:18,85
hash_sha256,cdb6022fead9c73df39efb0898757fa55e996133606f44491255d0b153a99cf8,malwarebazaar,Mirai,"elf,Mirai",2026-10-09 16:00:05,2026-10-09 16:18:18,85
hash_sha256,d25a3a858e28faa68ca6c624d7d19350c11ac798c346be3067307463e40aaff1,malwarebazaar,AndyDesk,"AndyDesk,exe",2026-10-09 16:00:05,2026-10-09 16:18:18,85
hash_sha256,d61419108785340e5b48fb4ef5fec85f46bbeaa86636bdfa9706b7df16a2e0f4,malwarebazaar,exe,"exe,Stealer",2026-10-09 16:00:05,2026-10-09 16:18:18,85
hash_sha256,d7edcb3e2a8784848f01d9b43e9755cbbf12399d6ea31157bc1a2a5d70cab1b7,malwarebazaar,Mirai,"elf,Mirai",2026-10-09 16:00:05,2026-10-09 16:18:18,85
hash_sha256,d86d75654b687dd05729185f7e41cd756e9836ca7bd89e4a36758f61eef01c8c,malwarebazaar,Mirai,"elf,Mirai",2026-10-09 16:00:05,2026-10-09 16:18:18,85
hash_sha256,da29e92420d940f256d58a8a2d1db13b2c549ad7fa48e6c748d5e5fbb08cc9eb,malwarebazaar,Mirai,"elf,Mirai",2026-10-09 16:00:05,2026-10-09 16:18:18,85
hash_sha256,dc6877cec9ef8cc706929bb0edbac4de2c45ee5cfe869308f027801f84fa9852,malwarebazaar,Mirai,"elf,Mirai",2026-10-09 16:00:05,2026-10-09 16:18:18,85
hash_sha256,e0e3bc074110f890e105adc5b8c3a37be65afa99d99c7e3733bf46e22a372591,malwarebazaar,Mirai,"elf,upx",2026-10-09 16:00:05,2026-10-09 16:18:18,85
hash_sha256,e2b3d893f7fe9400b37f390e6c87e979bd5201cdd149816cd70e942fa0ebac74,malwarebazaar,exe,"exe,signed",2026-10-09 16:00:05,2026-10-09 16:18:18,85
hash_sha256,e55a67c005c7c70758cf680e8fbdabebeb0c9c0bc060d31082a57eafe05281ba,malwarebazaar,RemusStealer,"exe,RemusStealer,signed",2026-10-09 16:00:05,2026-10-09 16:18:18,85
hash_sha256,edd8babd11621c8ec12ea7a01c141615089a77d755fab43b30507da28653558d,malwarebazaar,VenomRAT,"AsyncRAT,exe,VenomRAT",2026-10-09 16:00:05,2026-10-09 16:18:18,85
hash_sha256,f005380086244d4392146f5adb6662623f8bf8c87c496a1089e53417d52eec01,malwarebazaar,py,py,2026-10-09 16:00:05,2026-10-09 16:18:18,85
hash_sha256,f8539675d9701f6aeb5d7630ed1d3fc86172399fb0f414c9f5788c412ba193c5,malwarebazaar,Mirai,elf,2026-10-09 16:00:05,2026-10-09 16:18:18,85
hash_sha256,fe9e54800c54efb46301f4cff3c3870be6b617ebdbe2b786220dbd8b337a33b0,malwarebazaar,exe,exe,2026-10-09 16:00:05,2026-10-09 16:18:18,85
hash_md5,01f9447f60239d25e1c86d1da8dd1534,malwarebazaar,SnakeKeylogger,"bat,exe,SnakeKeylogger",2026-10-09 16:00:04,2026-10-09 16:18:18,85
hash_md5,06284254100bbd5f9c6387ea8686e299,malwarebazaar,RemcosRAT,"js,RemcosRAT",2026-10-09 16:00:04,2026-10-09 16:18:18,85
hash_md5,0de5070ec33e366e3f775142d48e0c1e,malwarebazaar,js,js,2026-10-09 16:00:04,2026-10-09 16:18:18,85
hash_md5,14bb1ad99141d91915a82463e65c9003,malwarebazaar,js,js,2026-10-09 16:00:04,2026-10-09 16:18:18,85
hash_md5,1515b9988e577f04b5529f9f9e45c995,malwarebazaar,js,js,2026-10-09 16:00:04,2026-10-09 16:18:18,85
hash_md5,1c135023b52aa6e3300d3a80e9467a46,malwarebazaar,js,js,2026-10-09 16:00:04,2026-10-09 16:18:18,85
hash_md5,223999dbe800bd49cf9a2bed6d2e199b,malwarebazaar,js,js,2026-10-09 16:00:04,2026-10-09 16:18:18,85
hash_md5,27886aebdddba09766e86f0254201c33,malwarebazaar,Formbook,"Formbook,js",2026-10-09 16:00:04,2026-10-09 16:18:18,85
hash_md5,283fe2b8a81bb4a4723ed3a41a9e4da5,malwarebazaar,js,js,2026-10-09 16:00:04,2026-10-09 16:18:18,85
hash_md5,33e00c478fe770612e2367213e37bee4,malwarebazaar,RemcosRAT,"hta,RemcosRAT",2026-10-09 16:00:04,2026-10-09 16:18:18,85
hash_md5,34fec0bf559927aa44dce7af324cdd86,malwarebazaar,js,js,2026-10-09 16:00:04,2026-10-09 16:18:18,85
hash_md5,3f35e48807723aa2e9d4b4729575899e,malwarebazaar,js,js,2026-10-09 16:00:04,2026-10-09 16:18:18,85
hash_md5,41cb45538a4175b01503d96edeee3671,malwarebazaar,XWorm,"js,XWorm",2026-10-09 16:00:04,2026-10-09 16:18:18,85
hash_md5,41ff90abf1b00952af707abe4f4a7416,malwarebazaar,sh,"sh,wraith",2026-10-09 16:00:04,2026-10-09 16:18:18,85
hash_md5,4b36391b50c89fa912e3e9c5ac6695e1,malwarebazaar,js,js,2026-10-09 16:00:04,2026-10-09 16:18:18,85
hash_md5,56902c152c8894d6fb18212270fa1d49,malwarebazaar,js,js,2026-10-09 16:00:04,2026-10-09 16:18:18,85
hash_md5,59ad6a06b9dbfd7661d9d7fc2f931ec5,malwarebazaar,XWorm,"vbs,XWorm",2026-10-09 16:00:04,2026-10-09 16:18:18,85
hash_md5,5bb3f609a5fc2eea4f693434863e1ab2,malwarebazaar,exe,exe,2026-10-09 16:00:04,2026-10-09 16:18:18,85
hash_md5,5dc78c858cc56da5b86ad1490cde29af,malwarebazaar,js,"DHL,js",2026-10-09 16:00:04,2026-10-09 16:18:18,85
hash_md5,5e961ced8377111cbe33aa614c7d468f,malwarebazaar,js,js,2026-10-09 16:00:04,2026-10-09 16:18:18,85
hash_md5,6091b591533b97414400c47a1e84edbe,malwarebazaar,ConnectWise,"ConnectWise,msi,RMM,ScreenConnect",2026-10-09 16:00:04,2026-10-09 16:18:18,85
hash_md5,6277a25fcf38ec47bab4f591fce3f27d,malwarebazaar,AsyncRAT,"AsyncRAT,js",2026-10-09 16:00:04,2026-10-09 16:18:18,85
hash_md5,627c96a10e74af20f49b95144da28807,malwarebazaar,js,js,2026-10-09 16:00:04,2026-10-09 16:18:18,85
hash_md5,6685e0a19402d9f45465221b63aa2f46,malwarebazaar,js,"FedEx,js",2026-10-09 16:00:04,2026-10-09 16:18:18,85
hash_md5,71a9dc5447b988287538088f971eefb3,malwarebazaar,XWorm,"js,XWorm",2026-10-09 16:00:04,2026-10-09 16:18:18,85
hash_md5,72c09f31a9691c6d90a407ee84605bf4,malwarebazaar,js,"FedEx,js",2026-10-09 16:00:04,2026-10-09 16:18:18,85
hash_md5,7a8d908d376d6f4d00a860d208b8cf54,malwarebazaar,js,js,2026-10-09 16:00:04,2026-10-09 16:18:18,85
hash_md5,7cb52e5b444c5b1ef9876ff2cda82a8d,malwarebazaar,RemcosRAT,"js,RemcosRAT",2026-10-09 16:00:04,2026-10-09 16:18:18,85
hash_md5,8108ddb37d2b7fd4454441ccc55f089c,malwarebazaar,js,"DHL,js",2026-10-09 16:00:04,2026-10-09 16:18:18,85
hash_md5,8a7c46e081a1cdfcd2ec40fe8d6bbcf3,malwarebazaar,js,"geo,js,TUR",2026-10-09 16:00:04,2026-10-09 16:18:18,85
hash_md5,93d2a83d9b1440fd27d7722fe6aeafc2,malwarebazaar,Formbook,"Formbook,js",2026-10-09 16:00:04,2026-10-09 16:18:18,85
hash_md5,98f8bddc303cf37bb48d401974f56e3b,malwarebazaar,Formbook,"Formbook,js",2026-10-09 16:00:04,2026-10-09 16:18:18,85
hash_md5,99bbe7343d5ed6db873068ef62d3a317,malwarebazaar,GuLoader,"GuLoader,vbs",2026-10-09 16:00:04,2026-10-09 16:18:18,85
hash_md5,a1ff9d61efbeecc2e20698e59ccf6b80,malwarebazaar,js,js,2026-10-09 16:00:04,2026-10-09 16:18:18,85
hash_md5,a204fbb720ad37617a906f62c7f474e9,malwarebazaar,js,js,2026-10-09 16:00:04,2026-10-09 16:18:18,85
hash_md5,a7479ad0723d998e4bfe95f5b4d40c84,malwarebazaar,RemcosRAT,"js,RemcosRAT",2026-10-09 16:00:04,2026-10-09 16:18:18,85
hash_md5,a839a5d99e8bc647d080d942f5901df3,malwarebazaar,js,js,2026-10-09 16:00:04,2026-10-09 16:18:18,85
hash_md5,b08c40a5d165172f3d7311f184f21d4d,malwarebazaar,exe,"exe,signed",2026-10-09 16:00:04,2026-10-09 16:18:18,85
hash_md5,b6247d8d013377d71088cb0aaf4b822a,malwarebazaar,js,js,2026-10-09 16:00:04,2026-10-09 16:18:18,85
hash_md5,bad07153d2c028ff9abcd152caea04a7,malwarebazaar,hta,hta,2026-10-09 16:00:04,2026-10-09 16:18:18,85
hash_md5,bb537347916ea107636b3c8c1cd5aa94,malwarebazaar,js,js,2026-10-09 16:00:04,2026-10-09 16:18:18,85
hash_md5,bd6c4ab08ee81d1c019cf75c835c5df9,malwarebazaar,js,js,2026-10-09 16:00:04,2026-10-09 16:18:18,85
hash_md5,be2d83c164e9aa9adc12fefb9ff31647,malwarebazaar,exe,"54e64e,dropped-by-Amadey,exe,signed",2026-10-09 16:00:04,2026-10-09 16:18:18,85
hash_md5,c329d60ce2651f116dad8d60f31a568b,malwarebazaar,vbs,vbs,2026-10-09 16:00:04,2026-10-09 16:18:18,85
hash_md5,c6c27d480ab40b91b9213a46ee5026a7,malwarebazaar,js,"geo,js,TUR",2026-10-09 16:00:04,2026-10-09 16:18:18,85
hash_md5,c8c541bb9c8c4ec865432f1bac3b2aca,malwarebazaar,js,js,2026-10-09 16:00:04,2026-10-09 16:18:18,85
hash_md5,cd49f50db984f77660b16eaf18a3b0aa,malwarebazaar,js,js,2026-10-09 16:00:04,2026-10-09 16:18:18,85
hash_md5,d1b18404eb25fb66030bd1e426a639c5,malwarebazaar,VIPKeylogger,"bat,exe,geo,TUR,VIPKeylogger",2026-10-09 16:00:04,2026-10-09 16:18:18,85
hash_md5,d879d463e16d974fc802c8b98e8b226d,malwarebazaar,js,js,2026-10-09 16:00:04,2026-10-09 16:18:18,85
hash_md5,e715a71be66885e27dab450b9655fa0f,malwarebazaar,AgentTesla,"AgentTesla,js",2026-10-09 16:00:04,2026-10-09 16:18:18,85
hash_md5,e92767b3ce96ad130fea9b4284a670e2,malwarebazaar,vbs,vbs,2026-10-09 16:00:04,2026-10-09 16:18:18,85
hash_md5,eeb8ca43b094a3caca42a1d2493d6369,malwarebazaar,Formbook,"Formbook,js",2026-10-09 16:00:04,2026-10-09 16:18:18,85
hash_md5,efba5619fd38c5aa82dc174735555188,malwarebazaar,js,js,2026-10-09 16:00:04,2026-10-09 16:18:18,85
hash_md5,f9f0bfbbfa7c25d881a8e6fc1f6175fc,malwarebazaar,js,js,2026-10-09 16:00:04,2026-10-09 16:18:18,85
hash_md5,fb82f6201f493a1147d3dc0227eccb1e,malwarebazaar,jar,jar,2026-10-09 16:00:04,2026-10-09 16:18:18,85
hash_sha256,020e539c282a5c9436164a2646275bfbae2a95d51f1ee7a58bd3230f18134598,malwarebazaar,RemcosRAT,"hta,RemcosRAT",2026-10-09 16:00:04,2026-10-09 16:18:18,85
hash_sha256,024d5533d9cd346418c7780706410fca28f88e33291e8ca6b382299dfea043da,malwarebazaar,VIPKeylogger,"bat,exe,geo,TUR,VIPKeylogger",2026-10-09 16:00:04,2026-10-09 16:18:18,85
hash_sha256,0a68f25213b21ddd95b867d2db3578954f6f8f7619e0971a41b1630283b7cab1,malwarebazaar,XWorm,"vbs,XWorm",2026-10-09 16:00:04,2026-10-09 16:18:18,85
hash_sha256,1169f4fe3eea997dfd820ef78c1bb0acea3398fb3bd062beac21d3882691f9b0,malwarebazaar,XWorm,"js,XWorm",2026-10-09 16:00:04,2026-10-09 16:18:18,85
hash_sha256,11b98593366ff6a3b4d3be660b9ef4ff3db9792360f74cb81c5e30ea1d7f35e4,malwarebazaar,AsyncRAT,"AsyncRAT,js",2026-10-09 16:00:04,2026-10-09 16:18:18,85
hash_sha256,226bc953ea4629310a9e8e9d811819a1a5def391789b1b90e873b8640c7a78c9,malwarebazaar,GuLoader,"GuLoader,vbs",2026-10-09 16:00:04,2026-10-09 16:18:18,85
hash_sha256,2db625b333c2d5b5d982c815d16dbbd6a8e9f1413da63a7fbbded9357b76a335,malwarebazaar,XWorm,"js,XWorm",2026-10-09 16:00:04,2026-10-09 16:18:18,85
hash_sha256,3114b50fbedd1d72a25f326aeab5548daeeae18e01eb13a53e76e96cd202faef,malwarebazaar,hta,hta,2026-10-09 16:00:04,2026-10-09 16:18:18,85
hash_sha256,33dbb7d0c78bfa2e124b78409ecc7152a80016bbcccf39e960a2790d1efb8a22,malwarebazaar,Formbook,"Formbook,js",2026-10-09 16:00:04,2026-10-09 16:18:18,85
hash_sha256,393852db216dfa44a87fa5b987b02c3a786434fd951f42958bc4d64099e74e6b,malwarebazaar,js,js,2026-10-09 16:00:04,2026-10-09 16:18:18,85
hash_sha256,396a867376b17bc4a8eeaa657f57f24c2c6911e4ac841ab3307d2c0c7c5552d6,malwarebazaar,RemcosRAT,"js,RemcosRAT",2026-10-09 16:00:04,2026-10-09 16:18:18,85
hash_sha256,39cd364c14faa96dde7165fd6ef57f4423757afcf22b64e7ca1bc38a9b51bb9e,malwarebazaar,ConnectWise,"ConnectWise,msi,RMM,ScreenConnect",2026-10-09 16:00:04,2026-10-09 16:18:18,85
hash_sha256,422596cb9741f05f7b35c4d6e5d89335453af13d02effe45aeb96a73ecd63b4d,malwarebazaar,js,js,2026-10-09 16:00:04,2026-10-09 16:18:18,85
hash_sha256,43a49799559079879c83eeabc748787a06630b0e39f9b1745c21edc02f88b6fd,malwarebazaar,AgentTesla,"AgentTesla,js",2026-10-09 16:00:04,2026-10-09 16:18:18,85
hash_sha256,4bd1e1e23a93cbb247685bd55e004407b26c704797373a352620993fe873d820,malwarebazaar,sh,"sh,wraith",2026-10-09 16:00:04,2026-10-09 16:18:18,85
hash_sha256,4f6356b3a390f404083330ddfa4d891275c5ec89b2a6fe967370e7df103768c4,malwarebazaar,RemcosRAT,"js,RemcosRAT",2026-10-09 16:00:04,2026-10-09 16:18:18,85
hash_sha256,5545db985bc48f969e40e3487215038b9c04de2f5e5ba3126e28cea0948a7ec1,malwarebazaar,js,js,2026-10-09 16:00:04,2026-10-09 16:18:18,85
hash_sha256,568041dc166e7d1c59e8e5d6247a941a4d56d1d9dfb01c2d1b7824e9e6a1f6ee,malwarebazaar,js,"DHL,js",2026-10-09 16:00:04,2026-10-09 16:18:18,85
hash_sha256,583f1d4208a4a98861239ab9c0f0f50028a497892639f39bdcb920449e75cd5f,malwarebazaar,js,js,2026-10-09 16:00:04,2026-10-09 16:18:18,85
hash_sha256,6333c28ad5ac6269e51a9190e680961000f9eefea795e0b4b1fe492bb5ca8e2c,malwarebazaar,js,js,2026-10-09 16:00:04,2026-10-09 16:18:18,85
hash_sha256,68e989f421a5187c4929f63dc7d595dc2a52452424d4cef0dad029740d7fbe56,malwarebazaar,js,"FedEx,js",2026-10-09 16:00:04,2026-10-09 16:18:18,85
hash_sha256,6bea58f9b6fdcef7d7008bb268a39a68743e58b632c87c5af8c2b01172825058,malwarebazaar,js,js,2026-10-09 16:00:04,2026-10-09 16:18:18,85
hash_sha256,7434e8908a7f588bf8ffdf34efd87af4bf86f8f4b517fb85e4781e1850d78ebc,malwarebazaar,js,js,2026-10-09 16:00:04,2026-10-09 16:18:18,85
hash_sha256,74a754c13e71269c2afa5bdd152e3a02a3df2dad24eb10ea61c0b36640bebb9f,malwarebazaar,js,"FedEx,js",2026-10-09 16:00:04,2026-10-09 16:18:18,85
hash_sha256,768d570f7065b78880217f834b9e674ef1d521f8db79f45bf34cb28845ef5c85,malwarebazaar,exe,exe,2026-10-09 16:00:04,2026-10-09 16:18:18,85
hash_sha256,7b4fe6b40a5d1f440382458458c91087c1581d82d80a82550917ef4f88c8ec6a,malwarebazaar,Formbook,"Formbook,js",2026-10-09 16:00:04,2026-10-09 16:18:18,85
hash_sha256,86413812af826275baa8d02849ee367f31fb7595b80f5a61a544fca05c1683bb,malwarebazaar,js,js,2026-10-09 16:00:04,2026-10-09 16:18:18,85
hash_sha256,8bb448c65e845a4b23edf092ed4491301ac97c2116c7ed4c044dbe4bf0338caa,malwarebazaar,js,js,2026-10-09 16:00:04,2026-10-09 16:18:18,85
hash_sha256,8d3fa1649bffa33898750f2c4f6c702bb80313ed419368a05efe068921e25e6f,malwarebazaar,js,js,2026-10-09 16:00:04,2026-10-09 16:18:18,85
hash_sha256,903510c99c89320dccdbf6302184d2c0aefc58c4fc95e703ac0e65bdd86eea02,malwarebazaar,js,js,2026-10-09 16:00:04,2026-10-09 16:18:18,85
hash_sha256,9103ef909bdddc0a91187262e4c87229070709efcec6b3f127ff5d05ffcb2f95,malwarebazaar,Formbook,"Formbook,js",2026-10-09 16:00:04,2026-10-09 16:18:18,85
hash_sha256,9541c2a21f0f1e5386309958e2060c3b5df15fd8da3f1d52dcce32f2a012e80b,malwarebazaar,js,js,2026-10-09 16:00:04,2026-10-09 16:18:18,85
hash_sha256,96bce03ae9a4332933f67338bca131bcad6063cefce7f858778f6070609e772f,malwarebazaar,js,js,2026-10-09 16:00:04,2026-10-09 16:18:18,85
hash_sha256,9bf73670d78c6763065578d29c2bdf5c6242a7212216257c439f0804d975b9ce,malwarebazaar,js,js,2026-10-09 16:00:04,2026-10-09 16:18:18,85
hash_sha256,9e185f16c4c15283f77d63f84102b446726c41d41dd8a9b268d75250285296cc,malwarebazaar,Formbook,"Formbook,js",2026-10-09 16:00:04,2026-10-09 16:18:18,85
hash_sha256,9f4884dec9ef4e1178b9ba11acd57b7234dbe2e03faec94853ae5133e75cd250,malwarebazaar,exe,"54e64e,dropped-by-Amadey,exe,signed",2026-10-09 16:00:04,2026-10-09 16:18:18,85
hash_sha256,ac2e0a1276d3dd563ce5148844cb76d3ceac86ba30b5188964f1a780f1e3f646,malwarebazaar,exe,"exe,signed",2026-10-09 16:00:04,2026-10-09 16:18:18,85
hash_sha256,ad3a6f21aec6fd53196d55ef21de2c97c65bf64ebace3f1eadbe2c86bbc4b031,malwarebazaar,js,js,2026-10-09 16:00:04,2026-10-09 16:18:18,85
hash_sha256,af8267e97f071170aff2b5a416f45bdcc00a025e4772bf3b477f1fef13e3c492,malwarebazaar,js,js,2026-10-09 16:00:04,2026-10-09 16:18:18,85
hash_sha256,b2b4aedace9992e2a54d26206c4b6cfd95c909eb6fa9480ea80d9d32d6205bd8,malwarebazaar,js,js,2026-10-09 16:00:04,2026-10-09 16:18:18,85
hash_sha256,b2fc0f2e5a74a5b573050132f3ceb334f0424c1122383623860d733015fe94d4,malwarebazaar,js,"geo,js,TUR",2026-10-09 16:00:04,2026-10-09 16:18:18,85
hash_sha256,bc760ae5c0b92b967aa09c21da9ec45b81f4c69b31876de028bea8b7529a0c49,malwarebazaar,vbs,vbs,2026-10-09 16:00:04,2026-10-09 16:18:18,85
hash_sha256,c51e8ea6701918bfb0bb340ddaf7deea21cc6952895399baa63c6ab3fcb573ea,malwarebazaar,js,js,2026-10-09 16:00:04,2026-10-09 16:18:18,85
hash_sha256,c8a4f471ed9635a51256a8b6ed268465cf3ead6de73baf88761944cd8802aa8e,malwarebazaar,js,js,2026-10-09 16:00:04,2026-10-09 16:18:18,85
hash_sha256,ce8700d416c495f4a27e5cb1ed3f0f0db2ad6172735fc3611c7c169e30ab84d7,malwarebazaar,js,js,2026-10-09 16:00:04,2026-10-09 16:18:18,85
hash_sha256,d0664a51e98a2765d43b77786039e2e512f90bf305630d6bfa82e139de02b474,malwarebazaar,RemcosRAT,"js,RemcosRAT",2026-10-09 16:00:04,2026-10-09 16:18:18,85
hash_sha256,db4732a4b2646f6ddef351784943f58c27311215807a9ba670e9f687366e2a43,malwarebazaar,SnakeKeylogger,"bat,exe,SnakeKeylogger",2026-10-09 16:00:04,2026-10-09 16:18:18,85
hash_sha256,de763dd66a1ce36902727f5a78c6a0b52fbbeae10e15561bc061253e1c05b501,malwarebazaar,js,js,2026-10-09 16:00:04,2026-10-09 16:18:18,85
hash_sha256,e088f1a05e353e9fbfcf3ff927f484a4adcb762465746beb4c9f471fa0c3c4f2,malwarebazaar,jar,jar,2026-10-09 16:00:04,2026-10-09 16:18:18,85
hash_sha256,e27bab85732749db225ec63273a4fc1c8338669eac9aaac8d0869327f05861cf,malwarebazaar,js,js,2026-10-09 16:00:04,2026-10-09 16:18:18,85
hash_sha256,e6e239e6987f19872f0c1ead7be59d583309632c5c2abc17110ead1060f2ef8b,malwarebazaar,js,"geo,js,TUR",2026-10-09 16:00:04,2026-10-09 16:18:18,85
hash_sha256,ea82130e3e378485534424ad42626003dd96189ae043c763e1502383f59de83a,malwarebazaar,js,js,2026-10-09 16:00:04,2026-10-09 16:18:18,85
hash_sha256,f01762095f277a17938ea98707098c5601022c46d32ccc5391c345e4b87f5afb,malwarebazaar,vbs,vbs,2026-10-09 16:00:04,2026-10-09 16:18:18,85
hash_sha256,f5fdbdaac1041e23ff580b193cfdc78a9ecfef67174ef8e0121401a98cac61a6,malwarebazaar,js,js,2026-10-09 16:00:04,2026-10-09 16:18:18,85
hash_sha256,faf05fddeefde69d20d0d43f1381b417965c071fc7ef30ce6686149f9b646245,malwarebazaar,js,"DHL,js",2026-10-09 16:00:04,2026-10-09 16:18:18,85
url,http://109.236.44.237:45227/bin.sh,urlhaus,malware_download,,2026-10-09 16:00:04,2026-10-09 16:18:18,85
url,http://109.236.44.237:45227/i,urlhaus,malware_download,,2026-10-09 16:00:04,2026-10-09 16:18:18,85
url,http://112.248.113.211:39187/i,urlhaus,malware_download,,2026-10-09 16:00:04,2026-10-09 16:18:18,85
url,http://112.248.185.24:36088/bin.sh,urlhaus,malware_download,,2026-10-09 16:00:04,2026-10-09 16:18:18,85
url,http://123.14.36.48:37791/i,urlhaus,malware_download,,2026-10-09 16:00:04,2026-10-09 16:18:18,85
url,http://130.12.180.212/arm4,urlhaus,malware_download,"elf,ua-wget",2026-10-09 16:00:04,2026-10-09 16:18:18,85
url,http://130.12.180.212/arm5,urlhaus,malware_download,"elf,ua-wget",2026-10-09 16:00:04,2026-10-09 16:18:18,85
url,http://130.12.180.212/arm6,urlhaus,malware_download,"elf,ua-wget",2026-10-09 16:00:04,2026-10-09 16:18:18,85
url,http://130.12.180.212/arm7,urlhaus,malware_download,"elf,ua-wget",2026-10-09 16:00:04,2026-10-09 16:18:18,85
url,http://130.12.180.212/armv4l,urlhaus,malware_download,"elf,ua-wget",2026-10-09 16:00:04,2026-10-09 16:18:18,85
url,http://130.12.180.212/armv5l,urlhaus,malware_download,"elf,ua-wget",2026-10-09 16:00:04,2026-10-09 16:18:18,85
url,http://130.12.180.212/armv6l,urlhaus,malware_download,"elf,ua-wget",2026-10-09 16:00:04,2026-10-09 16:18:18,85
url,http://130.12.180.212/armv7l,urlhaus,malware_download,"elf,ua-wget",2026-10-09 16:00:04,2026-10-09 16:18:18,85
url,http://130.12.180.212/i686,urlhaus,malware_download,"elf,ua-wget",2026-10-09 16:00:04,2026-10-09 16:18:18,85
url,http://130.12.180.212/mips,urlhaus,malware_download,"elf,ua-wget",2026-10-09 16:00:04,2026-10-09 16:18:18,85
url,http://130.12.180.212/powerpc,urlhaus,malware_download,"elf,ua-wget",2026-10-09 16:00:04,2026-10-09 16:18:18,85
url,http://130.12.180.212/ppc,urlhaus,malware_download,"elf,ua-wget",2026-10-09 16:00:04,2026-10-09 16:18:18,85
url,http://130.12.180.212/x86-64,urlhaus,malware_download,"elf,ua-wget",2026-10-09 16:00:04,2026-10-09 16:18:18,85
url,http://146.103.43.194/bins/arm6,urlhaus,malware_download,"elf,ua-wget",2026-10-09 16:00:04,2026-10-09 16:18:18,85
url,http://146.103.43.194/bins/mips,urlhaus,malware_download,"elf,ua-wget",2026-10-09 16:00:04,2026-10-09 16:18:18,85
url,http://146.103.43.194/bins/ppc,urlhaus,malware_download,"elf,ua-wget",2026-10-09 16:00:04,2026-10-09 16:18:18,85
url,http://146.103.43.194/bins/x86,urlhaus,malware_download,"elf,ua-wget",2026-10-09 16:00:04,2026-10-09 16:18:18,85
url,http://175.149.88.179:34166/bin.sh,urlhaus,malware_download,elf,2026-10-09 16:00:04,2026-10-09 16:18:18,85
url,http://175.165.237.83:34866/i,urlhaus,malware_download,,2026-10-09 16:00:04,2026-10-09 16:18:18,85
url,http://180.115.166.146:58300/i,urlhaus,malware_download,,2026-10-09 16:00:04,2026-10-09 16:18:18,85
url,http://182.117.76.136:45205/i,urlhaus,malware_download,"32-bit,elf,mips,Mozi",2026-10-09 16:00:04,2026-10-09 16:18:18,85
url,http://182.121.81.61:40929/bin.sh,urlhaus,malware_download,,2026-10-09 16:00:04,2026-10-09 16:18:18,85
url,http://182.126.90.15:59868/bin.sh,urlhaus,malware_download,"32-bit,elf,mips,Mozi",2026-10-09 16:00:04,2026-10-09 16:18:18,85
url,http://182.239.81.126:58041/i,urlhaus,malware_download,,2026-10-09 16:00:04,2026-10-09 16:18:18,85
url,http://196.189.197.131:35262/i,urlhaus,malware_download,,2026-10-09 16:00:04,2026-10-09 16:18:18,85
url,http://196.189.96.59:50231/i,urlhaus,malware_download,,2026-10-09 16:00:04,2026-10-09 16:18:18,85
url,http://196.190.69.149:54152/i,urlhaus,malware_download,,2026-10-09 16:00:04,2026-10-09 16:18:18,85
url,http://196.206.139.244:56583/i,urlhaus,malware_download,,2026-10-09 16:00:04,2026-10-09 16:18:18,85
url,http://220.201.171.252:58022/bin.sh,urlhaus,malware_download,,2026-10-09 16:00:04,2026-10-09 16:18:18,85
url,http://220.201.171.252:58022/i,urlhaus,malware_download,,2026-10-09 16:00:04,2026-10-09 16:18:18,85
url,http://222.138.148.198:59417/bin.sh,urlhaus,malware_download,,2026-10-09 16:00:04,2026-10-09 16:18:18,85
url,http://27.194.57.63:60305/bin.sh,urlhaus,malware_download,,2026-10-09 16:00:04,2026-10-09 16:18:18,85
url,http://27.194.57.63:60305/i,urlhaus,malware_download,,2026-10-09 16:00:04,2026-10-09 16:18:18,85
url,http://42.179.167.126:50584/i,urlhaus,malware_download,,2026-10-09 16:00:04,2026-10-09 16:18:18,85
url,http://42.59.115.48:39564/bin.sh,urlhaus,malware_download,"32-bit,elf,mips,Mozi",2026-10-09 16:00:04,2026-10-09 16:18:18,85
url,http://59.96.137.214:52408/bin.sh,urlhaus,malware_download,"32-bit,elf,mips,Mozi",2026-10-09 16:00:04,2026-10-09 16:18:18,85
url,http://61.52.35.140:40669/i,urlhaus,malware_download,,2026-10-09 16:00:04,2026-10-09 16:18:18,85
url,http://91.92.242.236/files-129312398/files/file_8dece6c27473f5d2.exe,urlhaus,malware_download,"c2-monitor-auto,dropped-by-amadey",2026-10-09 16:00:04,2026-10-09 16:18:18,85
url,http://95.15.69.204:38775/bin.sh,urlhaus,malware_download,,2026-10-09 16:00:04,2026-10-09 16:18:18,85
url,http://95.15.69.204:38775/i,urlhaus,malware_download,,2026-10-09 16:00:04,2026-10-09 16:18:18,85
url,https://cdn.discordapp.com/attachments/1558090546633904308/1558090607027683399/bundle.zip?ex=6aca2c74&is=6ac8daf4&hm=f368654270984309f3f052b7969d1fdafb6fb00f448a68614de3746823cc20a4&,urlhaus,malware_download,IRAHook,2026-10-09 16:00:04,2026-10-09 16:18:18,85
url,https://cdn.discordapp.com/attachments/1558114186817437841/1558114355260948561/bundle.zip?ex=6aca4292&is=6ac8f112&hm=e36aabee94a40f1c93398f5708dd71cd89f70a2b2e4f0233028f00621b5a5f2e&,urlhaus,malware_download,IRAHook,2026-10-09 16:00:04,2026-10-09 16:18:18,85
url,https://downloads.go-xlr.com/GoXLR.zip,urlhaus,malware_download,"GoXLR,phishing,rat,SparkStealer,stealer",2026-10-09 16:00:04,2026-10-09 16:18:18,85
url,https://duo-strengthening-essex-ian.trycloudflare.com/download/winhost,urlhaus,malware_download,"npm,ps1,trycloudflare",2026-10-09 16:00:04,2026-10-09 16:18:18,85
url,https://emphasis-friday-even-administrator.trycloudflare.com/download/epsi,urlhaus,malware_download,"npm,ps1,trycloudflare",2026-10-09 16:00:04,2026-10-09 16:18:18,85
url,https://github.com/ELCHAPOGTA/redENGINE-FiveM/raw/HEAD/license.dll,urlhaus,malware_download,"CheatSheet,dll,github",2026-10-09 16:00:04,2026-10-09 16:18:18,85
url,https://github.com/adapp1t/EulenCheats/raw/HEAD/Loader.exe,urlhaus,malware_download,"CheatSheet,exe,github",2026-10-09 16:00:04,2026-10-09 16:18:18,85
url,https://github.com/aerosteeld/EulenCheats/raw/HEAD/Loader.exe,urlhaus,malware_download,"CheatSheet,exe,github",2026-10-09 16:00:04,2026-10-09 16:18:18,85
url,https://github.com/archcalls/FiveM-Server-Unban/raw/HEAD/Silentum_Spoofer.exe,urlhaus,malware_download,"CheatSheet,exe,github",2026-10-09 16:00:04,2026-10-09 16:18:18,85
url,https://github.com/archrace/FiveM-Server-Unban/raw/HEAD/Silentum_Spoofer.exe,urlhaus,malware_download,"CheatSheet,exe,github",2026-10-09 16:00:04,2026-10-09 16:18:18,85
url,https://github.com/artlims/EulenCheats/raw/HEAD/Loader.exe,urlhaus,malware_download,"CheatSheet,exe,github",2026-10-09 16:00:04,2026-10-09 16:18:18,85
url,https://github.com/blestoff/Monotone-HWID-Spoofer/raw/HEAD/Monotone.exe,urlhaus,malware_download,"CheatSheet,exe,github",2026-10-09 16:00:04,2026-10-09 16:18:18,85
url,https://github.com/bonnylith/Roblox-Script-Executor/raw/HEAD/Wave.exe,urlhaus,malware_download,"CheatSheet,exe,github",2026-10-09 16:00:04,2026-10-09 16:18:18,85
url,https://github.com/candyblow/EulenCheats/raw/HEAD/Loader.exe,urlhaus,malware_download,"CheatSheet,exe,github",2026-10-09 16:00:04,2026-10-09 16:18:18,85
url,https://github.com/cansiorly/EulenCheats/raw/HEAD/Loader.exe,urlhaus,malware_download,"CheatSheet,exe,github",2026-10-09 16:00:04,2026-10-09 16:18:18,85
url,https://github.com/cassiefinney/Roblox-Script-Executor/raw/HEAD/Wave.exe,urlhaus,malware_download,"CheatSheet,exe,github",2026-10-09 16:00:04,2026-10-09 16:18:18,85
url,https://github.com/champywiss/Roblox-Script-Executor/raw/HEAD/Wave.exe,urlhaus,malware_download,"CheatSheet,exe,github",2026-10-09 16:00:04,2026-10-09 16:18:18,85
url,https://github.com/chamysooel/FiveM-Server-Unban/raw/HEAD/Silentum_Spoofer.exe,urlhaus,malware_download,"CheatSheet,exe,github",2026-10-09 16:00:04,2026-10-09 16:18:18,85
url,https://github.com/clatths/EulenCheats/raw/HEAD/Loader.exe,urlhaus,malware_download,"CheatSheet,exe,github",2026-10-09 16:00:04,2026-10-09 16:18:18,85
url,https://github.com/deelcis/Roblox-Script-Executor/raw/HEAD/Wave.exe,urlhaus,malware_download,"CheatSheet,exe,github",2026-10-09 16:00:04,2026-10-09 16:18:18,85
url,https://github.com/derrixhan/EulenCheats/raw/HEAD/Loader.exe,urlhaus,malware_download,"CheatSheet,exe,github",2026-10-09 16:00:04,2026-10-09 16:18:18,85
url,https://github.com/dirlands/EulenCheats/raw/HEAD/Loader.exe,urlhaus,malware_download,"CheatSheet,exe,github",2026-10-09 16:00:04,2026-10-09 16:18:18,85
url,https://github.com/enzowipe/EulenCheats/raw/HEAD/Loader.exe,urlhaus,malware_download,"CheatSheet,exe,github",2026-10-09 16:00:04,2026-10-09 16:18:18,85
url,https://github.com/fansyhook/EulenCheats/raw/HEAD/Loader.exe,urlhaus,malware_download,"CheatSheet,exe,github",2026-10-09 16:00:04,2026-10-09 16:18:18,85
url,https://github.com/gratelond/EulenCheats/raw/HEAD/Loader.exe,urlhaus,malware_download,"CheatSheet,exe,github",2026-10-09 16:00:04,2026-10-09 16:18:18,85
url,https://github.com/hannertMAX/EulenCheats/raw/HEAD/Loader.exe,urlhaus,malware_download,"CheatSheet,exe,github",2026-10-09 16:00:04,2026-10-09 16:18:18,85
url,https://github.com/hennisle/EulenCheats/raw/HEAD/Loader.exe,urlhaus,malware_download,"CheatSheet,exe,github",2026-10-09 16:00:04,2026-10-09 16:18:18,85
url,https://github.com/l3mmn1ia/Temp-Spoofer-LifeTime/raw/HEAD/TempSpoofer.exe,urlhaus,malware_download,"CheatSheet,exe,github",2026-10-09 16:00:04,2026-10-09 16:18:18,85
url,https://github.com/lanferry/FiveM-Server-Unban/raw/HEAD/Silentum_Spoofer.exe,urlhaus,malware_download,"CheatSheet,exe,github",2026-10-09 16:00:04,2026-10-09 16:18:18,85
url,https://github.com/lannher/EulenCheats/raw/HEAD/Loader.exe,urlhaus,malware_download,"CheatSheet,exe,github",2026-10-09 16:00:04,2026-10-09 16:18:18,85
url,https://github.com/lierghs/EulenCheats/raw/HEAD/Loader.exe,urlhaus,malware_download,"CheatSheet,exe,github",2026-10-09 16:00:04,2026-10-09 16:18:18,85
url,https://github.com/limmadays/EulenCheats/raw/HEAD/Loader.exe,urlhaus,malware_download,"CheatSheet,exe,github",2026-10-09 16:00:04,2026-10-09 16:18:18,85
url,https://github.com/mentall1s/EulenCheats/raw/HEAD/Loader.exe,urlhaus,malware_download,"CheatSheet,exe,github",2026-10-09 16:00:04,2026-10-09 16:18:18,85
url,https://github.com/mineslance/EulenCheats/raw/HEAD/Loader.exe,urlhaus,malware_download,"CheatSheet,exe,github",2026-10-09 16:00:04,2026-10-09 16:18:18,85
url,https://github.com/rarr1ve/EulenCheats/raw/HEAD/Loader.exe,urlhaus,malware_download,"CheatSheet,exe,github",2026-10-09 16:00:04,2026-10-09 16:18:18,85
url,https://github.com/riddents/EulenCheats/raw/HEAD/Loader.exe,urlhaus,malware_download,"CheatSheet,exe,github",2026-10-09 16:00:04,2026-10-09 16:18:18,85
url,https://github.com/roverles/FiveM-Server-Unban/raw/HEAD/Silentum_Spoofer.exe,urlhaus,malware_download,"CheatSheet,exe,github",2026-10-09 16:00:04,2026-10-09 16:18:18,85
url,https://github.com/sevv1lsy/EulenCheats/raw/HEAD/Loader.exe,urlhaus,malware_download,"CheatSheet,exe,github",2026-10-09 16:00:04,2026-10-09 16:18:18,85
url,https://github.com/sfbbbvp9pg-cpu/Swift-Executor/raw/HEAD/Swift.exe,urlhaus,malware_download,"CheatSheet,exe,github",2026-10-09 16:00:04,2026-10-09 16:18:18,85
url,https://github.com/shademilliage/Roblox-Script-Executor/raw/HEAD/Wave.exe,urlhaus,malware_download,"CheatSheet,exe,github",2026-10-09 16:00:04,2026-10-09 16:18:18,85
url,https://github.com/skannyraws/Roblox-Script-Executor/raw/HEAD/Wave.exe,urlhaus,malware_download,"CheatSheet,exe,github",2026-10-09 16:00:04,2026-10-09 16:18:18,85
url,https://github.com/stehts/EulenCheats/raw/HEAD/Loader.exe,urlhaus,malware_download,"CheatSheet,exe,github",2026-10-09 16:00:04,2026-10-09 16:18:18,85
url,https://github.com/stellacriss/EulenCheats/raw/HEAD/Loader.exe,urlhaus,malware_download,"CheatSheet,exe,github",2026-10-09 16:00:04,2026-10-09 16:18:18,85
url,https://github.com/vall3stecch/EulenCheats/raw/HEAD/Loader.exe,urlhaus,malware_download,"CheatSheet,exe,github",2026-10-09 16:00:04,2026-10-09 16:18:18,85
url,https://github.com/wakkaflipps/FiveM-Server-Unban/raw/HEAD/Silentum_Spoofer.exe,urlhaus,malware_download,"CheatSheet,exe,github",2026-10-09 16:00:04,2026-10-09 16:18:18,85
url,https://github.com/washington0812/FiveM-Spoofer/raw/HEAD/CFXBypass.exe,urlhaus,malware_download,"CheatSheet,exe,github",2026-10-09 16:00:04,2026-10-09 16:18:18,85
url,https://hardwood-studio-obviously-briefing.trycloudflare.com/download/winhost,urlhaus,malware_download,"npm,ps1,trycloudflare",2026-10-09 16:00:04,2026-10-09 16:18:18,85
url,https://raw.githubusercontent.com/Karinatt0/file/d5c3219dfcec05e58843f4c4b6e5bd78cbed634d/img_015611.png,urlhaus,malware_download,"975aecec988399717d32b105ecbd7d70,remcos",2026-10-09 16:00:04,2026-10-09 16:18:18,85
url,https://raw.githubusercontent.com/Karinatt0/file/d5c3219dfcec05e58843f4c4b6e5bd78cbed634d/img_053520.png,urlhaus,malware_download,remcos,2026-10-09 16:00:04,2026-10-09 16:18:18,85
url,https://raw.githubusercontent.com/Karinatt0/file/d5c3219dfcec05e58843f4c4b6e5bd78cbed634d/img_065109.png,urlhaus,malware_download,remcos,2026-10-09 16:00:04,2026-10-09 16:18:18,85
url,https://rough-truth-e072.publicftpresend.workers.dev/dxnobk,urlhaus,malware_download,remcos,2026-10-09 16:00:04,2026-10-09 16:18:18,85
url,https://surround-tough-method-zinc.trycloudflare.com/download/extupdate,urlhaus,malware_download,"npm,ps1,trycloudflare",2026-10-09 16:00:04,2026-10-09 16:18:18,85
url,https://surround-tough-method-zinc.trycloudflare.com/download/rvxupdate,urlhaus,malware_download,"npm,ps1,trycloudflare",2026-10-09 16:00:04,2026-10-09 16:18:18,85
url,https://www.dropbox.com/scl/fi/f9xcikvn08lnp7oscsr8d/bundle.zip?rlkey=jbzk4as9yhesbvbdqaz26u0hz&st=pb9wyr3r&dl=1,urlhaus,malware_download,IRAHook,2026-10-09 16:00:04,2026-10-09 16:18:18,85
url,https://www.dropbox.com/scl/fi/osoxrcdabdbir95t2nroe/bundle.zip?rlkey=1yutmbqxcbs1xrqzqgvcxiu3j&st=xwbjhv80&dl=1,urlhaus,malware_download,IRAHook,2026-10-09 16:00:04,2026-10-09 16:18:18,85
domain,193.255.232.35.bc.googleusercontent.com,threatfox,php.shin_webshell,"threatfox,Cloudflare,GIF,PHP,webshell,WordPress,workers.dev,wp-admin",2026-10-09 04:06:24,2026-10-09 04:32:38,85
domain,44.113.38.34.bc.googleusercontent.com,threatfox,php.shin_webshell,"threatfox,Cloudflare,GIF,PHP,webshell,WordPress,workers.dev,wp-admin",2026-10-09 04:06:24,2026-10-09 04:32:38,85
domain,5rz2fsgv9o.workers.dev,threatfox,php.shin_webshell,"threatfox,Cloudflare,GIF,PHP,webshell,WordPress,workers.dev,wp-admin",2026-10-09 04:06:24,2026-10-09 04:32:38,85
domain,64.78.233.35.bc.googleusercontent.com,threatfox,php.shin_webshell,"threatfox,GIF,PHP,webshell,WordPress,wp-admin",2026-10-09 04:06:24,2026-10-09 04:32:38,85
domain,85.233.229.8.bc.googleusercontent.com,threatfox,php.shin_webshell,"threatfox,Cloudflare,GIF,PHP,webshell,WordPress,workers.dev,wp-admin",2026-10-09 04:06:24,2026-10-09 04:32:38,85
domain,95.245.234.35.bc.googleusercontent.com,threatfox,php.shin_webshell,"threatfox,Cloudflare,GIF,PHP,webshell,WordPress,workers.dev,wp-admin",2026-10-09 04:06:24,2026-10-09 04:32:38,85
domain,9x1od7j1.musux.store,threatfox,ClearFake,"threatfox,ClearFake,mac-0x0f14,macos",2026-10-09 04:06:24,2026-10-09 04:32:38,85
domain,abissnet.cloud,threatfox,Unknown Loader,"threatfox,etherhiding,sepolia",2026-10-09 04:06:24,2026-10-09 04:32:38,85
domain,academiaidiomasgeranios.com,threatfox,Unknown Loader,"threatfox,etherhiding,sepolia",2026-10-09 04:06:24,2026-10-09 04:32:38,85
domain,accessory-online.com,threatfox,Unknown Loader,"threatfox,etherhiding,sepolia",2026-10-09 04:06:24,2026-10-09 04:32:38,85
domain,aircare-pro.com,threatfox,Unknown Loader,"threatfox,etherhiding,sepolia",2026-10-09 04:06:24,2026-10-09 04:32:38,85
domain,aj4es70jgv.workers.dev,threatfox,php.shin_webshell,"threatfox,Cloudflare,GIF,PHP,webshell,WordPress,workers.dev,wp-admin",2026-10-09 04:06:24,2026-10-09 04:32:38,85
domain,ajorkavir.ir,threatfox,Unknown Loader,"threatfox,etherhiding,sepolia",2026-10-09 04:06:24,2026-10-09 04:32:38,85
domain,alignedassetgroup.com,threatfox,Unknown Loader,"threatfox,etherhiding,sepolia",2026-10-09 04:06:24,2026-10-09 04:32:38,85
domain,amirashrafi.ir,threatfox,Unknown Loader,"threatfox,etherhiding,sepolia",2026-10-09 04:06:24,2026-10-09 04:32:38,85
domain,andrea-allievi.com,threatfox,Unknown Loader,"threatfox,etherhiding,sepolia",2026-10-09 04:06:24,2026-10-09 04:32:38,85
domain,ankara-otomatikkapi.com,threatfox,Unknown Loader,"threatfox,etherhiding,sepolia",2026-10-09 04:06:24,2026-10-09 04:32:38,85
domain,annepeterswordsmith.com,threatfox,Unknown Loader,"threatfox,etherhiding,sepolia",2026-10-09 04:06:24,2026-10-09 04:32:38,85
domain,antandros.org,threatfox,Unknown Loader,"threatfox,etherhiding,sepolia",2026-10-09 04:06:24,2026-10-09 04:32:38,85
domain,apsonlineacademy.org,threatfox,Unknown Loader,"threatfox,etherhiding,sepolia",2026-10-09 04:06:24,2026-10-09 04:32:38,85
domain,armandental.com,threatfox,Unknown Loader,"threatfox,etherhiding,sepolia",2026-10-09 04:06:24,2026-10-09 04:32:38,85
domain,artcenterbankya.bg,threatfox,Unknown Loader,"threatfox,etherhiding,sepolia",2026-10-09 04:06:24,2026-10-09 04:32:38,85
domain,asal-koohgol.com,threatfox,Unknown Loader,"threatfox,etherhiding,sepolia",2026-10-09 04:06:24,2026-10-09 04:32:38,85
domain,aspdarchitectss.com,threatfox,Unknown Loader,"threatfox,etherhiding,sepolia",2026-10-09 04:06:24,2026-10-09 04:32:38,85
domain,austin-zhao.com,threatfox,IClickFix,"threatfox,ClickFix,HwFingerprint",2026-10-09 04:06:24,2026-10-09 04:32:38,85
domain,baharmiss.com,threatfox,Unknown Loader,"threatfox,etherhiding,sepolia",2026-10-09 04:06:24,2026-10-09 04:32:38,85
domain,bba-92-98-228-250.alshamil.net.ae,threatfox,php.shin_webshell,"threatfox,Cloudflare,GIF,PHP,webshell,WordPress,workers.dev,wp-admin",2026-10-09 04:06:24,2026-10-09 04:32:38,85
domain,bbuxtc93.osan.store,threatfox,ClearFake,"threatfox,ClearFake,mac-0x0f14,macos",2026-10-09 04:06:24,2026-10-09 16:18:18,85
domain,beautifullbody.be,threatfox,Unknown Loader,"threatfox,etherhiding,sepolia",2026-10-09 04:06:24,2026-10-09 04:32:38,85
domain,becva.cz,threatfox,Unknown Loader,"threatfox,etherhiding,sepolia",2026-10-09 04:06:24,2026-10-09 04:32:38,85
domain,bisracommunications.com,threatfox,Unknown Loader,"threatfox,etherhiding,sepolia",2026-10-09 04:06:24,2026-10-09 04:32:38,85
domain,blestaco.com,threatfox,Unknown Loader,"threatfox,etherhiding,sepolia",2026-10-09 04:06:24,2026-10-09 04:32:38,85
domain,bluewatchtower.com,threatfox,Unknown Loader,"threatfox,etherhiding,sepolia",2026-10-09 04:06:24,2026-10-09 04:32:38,85
domain,boziqucu.workers.dev,threatfox,php.shin_webshell,"threatfox,Cloudflare,GIF,PHP,webshell,WordPress,workers.dev,wp-admin",2026-10-09 04:06:24,2026-10-09 04:32:38,85
domain,brainworktherapy.com,threatfox,Unknown Loader,"threatfox,etherhiding,sepolia",2026-10-09 04:06:24,2026-10-09 04:32:38,85
domain,brambaptist.nl,threatfox,Unknown Loader,"threatfox,etherhiding,sepolia",2026-10-09 04:06:24,2026-10-09 04:32:38,85
domain,buildingonlinebusiness.net,threatfox,Unknown Loader,"threatfox,etherhiding,sepolia",2026-10-09 04:06:24,2026-10-09 04:32:38,85
domain,c-73-188-120-26.hsd1.pa.comcast.net,threatfox,php.shin_webshell,"threatfox,Cloudflare,GIF,PHP,webshell,WordPress,workers.dev,wp-admin",2026-10-09 04:06:24,2026-10-09 04:32:38,85
domain,caadvs.adv.br,threatfox,Unknown Loader,"threatfox,etherhiding,sepolia",2026-10-09 04:06:24,2026-10-09 04:32:38,85
domain,cafegadget.ir,threatfox,Unknown Loader,"threatfox,etherhiding,sepolia",2026-10-09 04:06:24,2026-10-09 04:32:38,85
domain,cardioex.com,threatfox,Unknown Loader,"threatfox,etherhiding,sepolia",2026-10-09 04:06:24,2026-10-09 04:32:38,85
domain,cekavyzi.workers.dev,threatfox,php.shin_webshell,"threatfox,Cloudflare,GIF,PHP,webshell,WordPress,workers.dev,wp-admin",2026-10-09 04:06:24,2026-10-09 04:32:38,85
domain,citycapitaltraders.com,threatfox,Unknown Loader,"threatfox,etherhiding,sepolia",2026-10-09 04:06:24,2026-10-09 04:32:38,85
domain,clickfix.jordiserrano.me,threatfox,IClickFix,"threatfox,ClickFix,HwFingerprint",2026-10-09 04:06:24,2026-10-09 04:32:38,85
domain,cmjcfnonalahaine.com,threatfox,Unknown Loader,"threatfox,etherhiding,sepolia",2026-10-09 04:06:24,2026-10-09 04:32:38,85
domain,coastalhospicesc.com,threatfox,Unknown Loader,"threatfox,etherhiding,sepolia",2026-10-09 04:06:24,2026-10-09 04:32:38,85
domain,coffeetrainingcenteratbd.com,threatfox,Unknown Loader,"threatfox,etherhiding,sepolia",2026-10-09 04:06:24,2026-10-09 04:32:38,85
domain,completetechnologyresources.com,threatfox,Unknown Loader,"threatfox,etherhiding,sepolia",2026-10-09 04:06:24,2026-10-09 04:32:38,85
domain,concreteimages.com,threatfox,Unknown Loader,"threatfox,etherhiding,sepolia",2026-10-09 04:06:24,2026-10-09 04:32:38,85
domain,coppertrack.cfd,threatfox,Unknown Loader,"threatfox,OffLoader",2026-10-09 04:06:24,2026-10-09 04:32:38,85
domain,cotesdethongue.fr,threatfox,Unknown Loader,"threatfox,etherhiding,sepolia",2026-10-09 04:06:24,2026-10-09 04:32:38,85
domain,cqvsy7voq9.workers.dev,threatfox,php.shin_webshell,"threatfox,Cloudflare,GIF,PHP,webshell,WordPress,workers.dev,wp-admin",2026-10-09 04:06:24,2026-10-09 04:32:38,85
domain,creativecollectionbyshon.com,threatfox,Unknown Loader,"threatfox,etherhiding,sepolia",2026-10-09 04:06:24,2026-10-09 04:32:38,85
domain,cylobidi.workers.dev,threatfox,php.shin_webshell,"threatfox,Cloudflare,GIF,PHP,webshell,WordPress,workers.dev,wp-admin",2026-10-09 04:06:24,2026-10-09 04:32:38,85
domain,dandori.co.jp,threatfox,Unknown Loader,"threatfox,etherhiding,sepolia",2026-10-09 04:06:24,2026-10-09 04:32:38,85
domain,dehraduntimes.com,threatfox,Unknown Loader,"threatfox,etherhiding,sepolia",2026-10-09 04:06:24,2026-10-09 04:32:38,85
domain,delaka.workers.dev,threatfox,php.shin_webshell,"threatfox,Cloudflare,GIF,PHP,webshell,WordPress,workers.dev,wp-admin",2026-10-09 04:06:24,2026-10-09 04:32:38,85
domain,demogortexpro.cc,threatfox,Unknown malware,"threatfox,ZigClipper",2026-10-09 04:06:24,2026-10-09 04:32:38,85
domain,detaknegeri.com,threatfox,Unknown Loader,"threatfox,etherhiding,sepolia",2026-10-09 04:06:24,2026-10-09 04:32:38,85
domain,diamlabio.com,threatfox,Unknown Loader,"threatfox,etherhiding,sepolia",2026-10-09 04:06:24,2026-10-09 04:32:38,85
domain,diesicyprus.com.cy,threatfox,Unknown Loader,"threatfox,etherhiding,sepolia",2026-10-09 04:06:24,2026-10-09 04:32:38,85
domain,digi.africa,threatfox,Unknown Loader,"threatfox,etherhiding,sepolia",2026-10-09 04:06:24,2026-10-09 04:32:38,85
domain,donyayetahlil.com,threatfox,Unknown Loader,"threatfox,etherhiding,sepolia",2026-10-09 04:06:24,2026-10-09 04:32:38,85
domain,dpsczarne.pl,threatfox,Unknown Loader,"threatfox,etherhiding,sepolia",2026-10-09 04:06:24,2026-10-09 04:32:38,85
domain,drbehzadnejad.com,threatfox,Unknown Loader,"threatfox,etherhiding,sepolia",2026-10-09 04:06:24,2026-10-09 04:32:38,85
domain,drfarshidarbabi.com,threatfox,Unknown Loader,"threatfox,etherhiding,sepolia",2026-10-09 04:06:24,2026-10-09 04:32:38,85
domain,dumumeje.workers.dev,threatfox,php.shin_webshell,"threatfox,Cloudflare,GIF,PHP,webshell,WordPress,workers.dev,wp-admin",2026-10-09 04:06:24,2026-10-09 04:32:38,85
domain,ec2-16-146-96-209.us-west-2.compute.amazonaws.com,threatfox,php.shin_webshell,"threatfox,GIF,PHP,webshell,WordPress,wp-admin",2026-10-09 04:06:24,2026-10-09 04:32:38,85
domain,ec2-16-147-31-138.us-west-2.compute.amazonaws.com,threatfox,php.shin_webshell,"threatfox,GIF,PHP,webshell,WordPress,wp-admin",2026-10-09 04:06:24,2026-10-09 04:32:38,85
domain,ec2-18-220-246-163.us-east-2.compute.amazonaws.com,threatfox,php.shin_webshell,"threatfox,Cloudflare,GIF,PHP,webshell,WordPress,workers.dev,wp-admin",2026-10-09 04:06:24,2026-10-09 04:32:38,85
domain,ec2-184-33-142-175.us-west-2.compute.amazonaws.com,threatfox,php.shin_webshell,"threatfox,GIF,PHP,webshell,WordPress,wp-admin",2026-10-09 04:06:24,2026-10-09 04:32:38,85
domain,ec2-35-79-220-88.ap-northeast-1.compute.amazonaws.com,threatfox,php.shin_webshell,"threatfox,Cloudflare,GIF,PHP,webshell,WordPress,workers.dev,wp-admin",2026-10-09 04:06:24,2026-10-09 04:32:38,85
domain,ec2-44-242-253-11.us-west-2.compute.amazonaws.com,threatfox,php.shin_webshell,"threatfox,GIF,PHP,webshell,WordPress,wp-admin",2026-10-09 04:06:24,2026-10-09 04:32:38,85
domain,ec2-44-248-186-42.us-west-2.compute.amazonaws.com,threatfox,php.shin_webshell,"threatfox,GIF,PHP,webshell,WordPress,wp-admin",2026-10-09 04:06:24,2026-10-09 04:32:38,85
domain,ec2-54-69-124-190.us-west-2.compute.amazonaws.com,threatfox,php.shin_webshell,"threatfox,GIF,PHP,webshell,WordPress,wp-admin",2026-10-09 04:06:24,2026-10-09 04:32:38,85
domain,eckon.ro,threatfox,Unknown Loader,"threatfox,etherhiding,sepolia",2026-10-09 04:06:24,2026-10-09 04:32:38,85
domain,ehvrou8y.sarmo.store,threatfox,ClearFake,"threatfox,ClearFake,mac-0x76c7,macos",2026-10-09 04:06:24,2026-10-09 16:18:18,85
domain,elainecampbell.ie,threatfox,Unknown Loader,"threatfox,etherhiding,sepolia",2026-10-09 04:06:24,2026-10-09 04:32:38,85
domain,elisa-nachhilfe.de,threatfox,Unknown Loader,"threatfox,etherhiding,sepolia",2026-10-09 04:06:24,2026-10-09 04:32:38,85
domain,elset4.workers.dev,threatfox,php.shin_webshell,"threatfox,Cloudflare,GIF,PHP,webshell,WordPress,workers.dev,wp-admin",2026-10-09 04:06:24,2026-10-09 04:32:38,85
domain,elshotdiario.com,threatfox,Unknown Loader,"threatfox,etherhiding,sepolia",2026-10-09 04:06:24,2026-10-09 04:32:38,85
domain,emcvq31477.workers.dev,threatfox,php.shin_webshell,"threatfox,Cloudflare,GIF,PHP,webshell,WordPress,workers.dev,wp-admin",2026-10-09 04:06:24,2026-10-09 16:18:18,85
domain,enlito.be,threatfox,Unknown Loader,"threatfox,etherhiding,sepolia",2026-10-09 04:06:24,2026-10-09 04:32:38,85
domain,ethicroindustries.com,threatfox,Unknown Loader,"threatfox,etherhiding,sepolia",2026-10-09 04:06:24,2026-10-09 04:32:38,85
domain,expressionsinspeech.com,threatfox,Unknown Loader,"threatfox,etherhiding,sepolia",2026-10-09 04:06:24,2026-10-09 04:32:38,85
domain,factorywaterford.ie,threatfox,Unknown Loader,"threatfox,etherhiding,sepolia",2026-10-09 04:06:24,2026-10-09 04:32:38,85
domain,fast-api.thelist2win.org,threatfox,FAKEUPDATES,"threatfox,SocGholish",2026-10-09 04:06:24,2026-10-09 04:32:38,85
domain,felelossegbiztosito.hu,threatfox,Unknown Loader,"threatfox,etherhiding,sepolia",2026-10-09 04:06:24,2026-10-09 04:32:38,85
domain,feltregas.it,threatfox,Unknown Loader,"threatfox,etherhiding,sepolia",2026-10-09 04:06:24,2026-10-09 04:32:38,85
domain,feriafpelche.es,threatfox,Unknown Loader,"threatfox,etherhiding,sepolia",2026-10-09 04:06:24,2026-10-09 04:32:38,85
domain,fernandeseneri.adv.br,threatfox,IClickFix,"threatfox,ClickFix,HwFingerprint",2026-10-09 04:06:24,2026-10-09 04:32:38,85
domain,festivaloftech.nl,threatfox,Unknown Loader,"threatfox,etherhiding,sepolia",2026-10-09 04:06:24,2026-10-09 04:32:38,85
domain,fibrefence.it,threatfox,Unknown Loader,"threatfox,etherhiding,sepolia",2026-10-09 04:06:24,2026-10-09 04:32:38,85
domain,fideliaaddison.com,threatfox,Unknown Loader,"threatfox,etherhiding,sepolia",2026-10-09 04:06:24,2026-10-09 04:32:38,85
domain,firedefender.pl,threatfox,Unknown Loader,"threatfox,etherhiding,sepolia",2026-10-09 04:06:24,2026-10-09 04:32:38,85
domain,fluszoif.sulaf.store,threatfox,ClearFake,"threatfox,ClearFake,mac-0xdcf2,macos",2026-10-09 04:06:24,2026-10-09 04:32:38,85
domain,fotoholica.de,threatfox,Unknown Loader,"threatfox,etherhiding,sepolia",2026-10-09 04:06:24,2026-10-09 04:32:38,85
domain,fri-dod-01.cfd,threatfox,IClickFix,"threatfox,ClickFix",2026-10-09 04:06:24,2026-10-09 04:32:38,85
domain,friendsofoutdoorchattanooga.org,threatfox,Unknown Loader,"threatfox,etherhiding,sepolia",2026-10-09 04:06:24,2026-10-09 04:32:38,85
domain,fylaxesi.workers.dev,threatfox,php.shin_webshell,"threatfox,Cloudflare,GIF,PHP,webshell,WordPress,workers.dev,wp-admin",2026-10-09 04:06:24,2026-10-09 04:32:38,85
domain,gabrielleaesthetics.com,threatfox,Unknown Loader,"threatfox,etherhiding,sepolia",2026-10-09 04:06:24,2026-10-09 04:32:38,85
domain,galleryparian.ir,threatfox,Unknown Loader,"threatfox,etherhiding,sepolia",2026-10-09 04:06:24,2026-10-09 04:32:38,85
domain,gkuwo76378.workers.dev,threatfox,php.shin_webshell,"threatfox,Cloudflare,GIF,PHP,webshell,WordPress,workers.dev,wp-admin",2026-10-09 04:06:24,2026-10-09 04:32:38,85
domain,google-proxy-192-178-15-5.google.com,threatfox,php.shin_webshell,"threatfox,GIF,PHP,webshell,WordPress,wp-admin",2026-10-09 04:06:24,2026-10-09 16:18:18,85
domain,google-proxy-192-178-15-6.google.com,threatfox,php.shin_webshell,"threatfox,Cloudflare,GIF,PHP,webshell,WordPress,workers.dev,wp-admin",2026-10-09 04:06:24,2026-10-09 04:32:38,85
domain,google-proxy-192-178-15-7.google.com,threatfox,php.shin_webshell,"threatfox,Cloudflare,GIF,PHP,webshell,WordPress,workers.dev,wp-admin",2026-10-09 04:06:24,2026-10-09 04:32:38,85
domain,google-proxy-192-178-15-8.google.com,threatfox,php.shin_webshell,"threatfox,Cloudflare,GIF,PHP,webshell,WordPress,workers.dev,wp-admin",2026-10-09 04:06:24,2026-10-09 04:32:38,85
domain,google-proxy-192-178-15-9.google.com,threatfox,php.shin_webshell,"threatfox,GIF,PHP,webshell,WordPress,wp-admin",2026-10-09 04:06:24,2026-10-09 04:32:38,85
domain,google-proxy-66-249-84-224.google.com,threatfox,php.shin_webshell,"threatfox,Cloudflare,GIF,PHP,webshell,WordPress,workers.dev,wp-admin",2026-10-09 04:06:24,2026-10-09 04:32:38,85
domain,google-proxy-66-249-84-229.google.com,threatfox,php.shin_webshell,"threatfox,Cloudflare,GIF,PHP,webshell,WordPress,workers.dev,wp-admin",2026-10-09 04:06:24,2026-10-09 04:32:38,85
domain,google-proxy-66-249-88-195.google.com,threatfox,php.shin_webshell,"threatfox,Cloudflare,GIF,PHP,webshell,WordPress,workers.dev,wp-admin",2026-10-09 04:06:24,2026-10-09 04:32:38,85
domain,google-proxy-66-249-88-196.google.com,threatfox,php.shin_webshell,"threatfox,Cloudflare,GIF,PHP,webshell,WordPress,workers.dev,wp-admin",2026-10-09 04:06:24,2026-10-09 04:32:38,85
domain,google-proxy-66-249-88-197.google.com,threatfox,php.shin_webshell,"threatfox,Cloudflare,GIF,PHP,webshell,WordPress,workers.dev,wp-admin",2026-10-09 04:06:24,2026-10-09 04:32:38,85
domain,google-proxy-66-249-88-199.google.com,threatfox,php.shin_webshell,"threatfox,GIF,PHP,webshell,WordPress,wp-admin",2026-10-09 04:06:24,2026-10-09 04:32:38,85
domain,google-proxy-74-125-212-69.google.com,threatfox,php.shin_webshell,"threatfox,Cloudflare,GIF,PHP,webshell,WordPress,workers.dev,wp-admin",2026-10-09 04:06:24,2026-10-09 04:32:38,85
domain,google-proxy-74-125-213-34.google.com,threatfox,php.shin_webshell,"threatfox,Cloudflare,GIF,PHP,webshell,WordPress,workers.dev,wp-admin",2026-10-09 04:06:24,2026-10-09 04:32:38,85
domain,google-proxy-74-125-213-44.google.com,threatfox,php.shin_webshell,"threatfox,Cloudflare,GIF,PHP,webshell,WordPress,workers.dev,wp-admin",2026-10-09 04:06:24,2026-10-09 04:32:38,85
domain,goseryvy.workers.dev,threatfox,php.shin_webshell,"threatfox,Cloudflare,GIF,PHP,webshell,WordPress,workers.dev,wp-admin",2026-10-09 04:06:24,2026-10-09 04:32:38,85
domain,greenerealtyflorida.com,threatfox,Unknown Loader,"threatfox,etherhiding,sepolia",2026-10-09 04:06:24,2026-10-09 04:32:38,85
domain,gtta.co.in,threatfox,Unknown Loader,"threatfox,etherhiding,sepolia",2026-10-09 04:06:24,2026-10-09 04:32:38,85
domain,gurpreetchawla.in,threatfox,Unknown Loader,"threatfox,etherhiding,sepolia",2026-10-09 04:06:24,2026-10-09 04:32:38,85
domain,haergreve.lol,threatfox,KongTuke,"threatfox,KongTuke",2026-10-09 04:06:24,2026-10-09 04:32:38,85
domain,hawramanat.ir,threatfox,Unknown Loader,"threatfox,etherhiding,sepolia",2026-10-09 04:06:24,2026-10-09 04:32:38,85
domain,helianthus.ch,threatfox,ClearFake,"threatfox,compromised,EtherHide",2026-10-09 04:06:24,2026-10-09 16:18:18,85
domain,hinsonproductions.net,threatfox,Unknown Loader,"threatfox,etherhiding,sepolia",2026-10-09 04:06:24,2026-10-09 04:32:38,85
domain,histobrand.com,threatfox,Unknown Loader,"threatfox,etherhiding,sepolia",2026-10-09 04:06:24,2026-10-09 04:32:38,85
domain,homeschneider.com,threatfox,Unknown Loader,"threatfox,etherhiding,sepolia",2026-10-09 04:06:24,2026-10-09 04:32:38,85
domain,host-89-241-13-228.as13285.net,threatfox,php.shin_webshell,"threatfox,GIF,PHP,webshell,WordPress,wp-admin",2026-10-09 04:06:24,2026-10-09 16:18:18,85
domain,hrcontabilidade.com.br,threatfox,Unknown Loader,"threatfox,etherhiding,sepolia",2026-10-09 04:06:24,2026-10-09 04:32:38,85
domain,hrkonzultace.cz,threatfox,Unknown Loader,"threatfox,etherhiding,sepolia",2026-10-09 04:06:24,2026-10-09 04:32:38,85
domain,ibfan.cz,threatfox,Unknown Loader,"threatfox,etherhiding,sepolia",2026-10-09 04:06:24,2026-10-09 04:32:38,85
domain,iccdubaj.com,threatfox,Unknown Loader,"threatfox,etherhiding,sepolia",2026-10-09 04:06:24,2026-10-09 04:32:38,85
domain,ik.333vip.org,threatfox,Vidar,"threatfox,vidar",2026-10-09 04:06:24,2026-10-09 04:32:38,85
domain,ik.3toto.com,threatfox,Vidar,"threatfox,vidar",2026-10-09 04:06:24,2026-10-09 04:32:38,85
domain,iliaazar.com,threatfox,Unknown Loader,"threatfox,etherhiding,sepolia",2026-10-09 04:06:24,2026-10-09 04:32:38,85
domain,ilidental.com,threatfox,Unknown Loader,"threatfox,etherhiding,sepolia",2026-10-09 04:06:24,2026-10-09 04:32:38,85
domain,industriafortefibra.com.br,threatfox,IClickFix,"threatfox,ClickFix,HwFingerprint",2026-10-09 04:06:24,2026-10-09 04:32:38,85
domain,inspiredhomeliving.com.au,threatfox,Unknown Loader,"threatfox,etherhiding,sepolia",2026-10-09 04:06:24,2026-10-09 04:32:38,85
domain,integral-group.de,threatfox,Unknown Loader,"threatfox,etherhiding,sepolia",2026-10-09 04:06:24,2026-10-09 04:32:38,85
domain,jasai.co,threatfox,Unknown Loader,"threatfox,etherhiding,sepolia",2026-10-09 04:06:24,2026-10-09 04:32:38,85
domain,jekai57386.workers.dev,threatfox,php.shin_webshell,"threatfox,Cloudflare,GIF,PHP,webshell,WordPress,workers.dev,wp-admin",2026-10-09 04:06:24,2026-10-09 04:32:38,85
domain,joshkolay.com,threatfox,Unknown Loader,"threatfox,etherhiding,sepolia",2026-10-09 04:06:24,2026-10-09 04:32:38,85
domain,jqzfa37850.workers.dev,threatfox,php.shin_webshell,"threatfox,Cloudflare,GIF,PHP,webshell,WordPress,workers.dev,wp-admin",2026-10-09 04:06:24,2026-10-09 04:32:38,85
domain,jvpburgenland.at,threatfox,Unknown Loader,"threatfox,etherhiding,sepolia",2026-10-09 04:06:24,2026-10-09 04:32:38,85
domain,kalmaras.lt,threatfox,Unknown Loader,"threatfox,etherhiding,sepolia",2026-10-09 04:06:24,2026-10-09 04:32:38,85
domain,karog-alansasan.com,threatfox,Unknown Loader,"threatfox,etherhiding,sepolia",2026-10-09 04:06:24,2026-10-09 04:32:38,85
domain,kasettumkin.com,threatfox,Unknown Loader,"threatfox,etherhiding,sepolia",2026-10-09 04:06:24,2026-10-09 04:32:38,85
domain,keca.store,threatfox,ClearFake,"threatfox,ClearFake",2026-10-09 04:06:24,2026-10-09 04:32:38,85
domain,kendo-mainz.de,threatfox,Unknown Loader,"threatfox,etherhiding,sepolia",2026-10-09 04:06:24,2026-10-09 04:32:38,85
domain,khaniholding.com,threatfox,Unknown Loader,"threatfox,etherhiding,sepolia",2026-10-09 04:06:24,2026-10-09 04:32:38,85
domain,khovai.com,threatfox,Unknown Loader,"threatfox,etherhiding,sepolia",2026-10-09 04:06:24,2026-10-09 04:32:38,85
domain,klix3.de,threatfox,Unknown Loader,"threatfox,etherhiding,sepolia",2026-10-09 04:06:24,2026-10-09 04:32:38,85
domain,kofonidi.workers.dev,threatfox,php.shin_webshell,"threatfox,Cloudflare,GIF,PHP,webshell,WordPress,workers.dev,wp-admin",2026-10-09 04:06:24,2026-10-09 04:32:38,85
domain,kohihu.workers.dev,threatfox,php.shin_webshell,"threatfox,Cloudflare,GIF,PHP,webshell,WordPress,workers.dev,wp-admin",2026-10-09 04:06:24,2026-10-09 04:32:38,85
domain,kosmetik-schwetzingen.de,threatfox,Unknown Loader,"threatfox,etherhiding,sepolia",2026-10-09 04:06:24,2026-10-09 04:32:38,85
domain,kreanatura.cz,threatfox,Unknown Loader,"threatfox,etherhiding,sepolia",2026-10-09 04:06:24,2026-10-09 04:32:38,85
domain,kreidezeitfenster.de,threatfox,Unknown Loader,"threatfox,etherhiding,sepolia",2026-10-09 04:06:24,2026-10-09 04:32:38,85
domain,kvjmm72764.workers.dev,threatfox,php.shin_webshell,"threatfox,Cloudflare,GIF,PHP,webshell,WordPress,workers.dev,wp-admin",2026-10-09 04:06:24,2026-10-09 04:32:38,85
domain,lacek.store,threatfox,ClearFake,"threatfox,ClearFake",2026-10-09 04:06:24,2026-10-09 04:32:38,85
domain,lajuteco.workers.dev,threatfox,php.shin_webshell,"threatfox,Cloudflare,GIF,PHP,webshell,WordPress,workers.dev,wp-admin",2026-10-09 04:06:24,2026-10-09 16:18:18,85
domain,lasal.store,threatfox,ClearFake,"threatfox,ClearFake",2026-10-09 04:06:24,2026-10-09 04:32:38,85
domain,latintub.com.ar,threatfox,Unknown Loader,"threatfox,etherhiding,sepolia",2026-10-09 04:06:24,2026-10-09 04:32:38,85
domain,lemyvi.workers.dev,threatfox,php.shin_webshell,"threatfox,Cloudflare,GIF,PHP,webshell,WordPress,workers.dev,wp-admin",2026-10-09 04:06:24,2026-10-09 16:18:18,85
domain,lepope.workers.dev,threatfox,php.shin_webshell,"threatfox,Cloudflare,GIF,PHP,webshell,WordPress,workers.dev,wp-admin",2026-10-09 04:06:24,2026-10-09 04:32:38,85
domain,leschampsparadis.fr,threatfox,Unknown Loader,"threatfox,etherhiding,sepolia",2026-10-09 04:06:24,2026-10-09 04:32:38,85
domain,lezo.store,threatfox,ClearFake,"threatfox,ClearFake",2026-10-09 04:06:24,2026-10-09 04:32:38,85
domain,lfbn-rou-1-11-245.w90-70.abo.wanadoo.fr,threatfox,php.shin_webshell,"threatfox,Cloudflare,GIF,PHP,webshell,WordPress,workers.dev,wp-admin",2026-10-09 04:06:24,2026-10-09 04:32:38,85
domain,liciaberry.com,threatfox,Unknown Loader,"threatfox,etherhiding,sepolia",2026-10-09 04:06:24,2026-10-09 04:32:38,85
domain,livto.store,threatfox,ClearFake,"threatfox,ClearFake",2026-10-09 04:06:24,2026-10-09 16:18:18,85
domain,logisticsinside.nl,threatfox,Unknown Loader,"threatfox,etherhiding,sepolia",2026-10-09 04:06:24,2026-10-09 04:32:38,85
domain,lucanuhu.workers.dev,threatfox,php.shin_webshell,"threatfox,Cloudflare,GIF,PHP,webshell,WordPress,workers.dev,wp-admin",2026-10-09 04:06:24,2026-10-09 04:32:38,85
domain,lydneytownafcyouth.co.uk,threatfox,Unknown Loader,"threatfox,etherhiding,sepolia",2026-10-09 04:06:24,2026-10-09 04:32:38,85
domain,mahoomahtab.ir,threatfox,Unknown malware,"threatfox,ClickFix,compromised",2026-10-09 04:06:24,2026-10-09 04:32:38,85
domain,main-salesforce.com,threatfox,ClearFake,"threatfox,compromised,EtherHide",2026-10-09 04:06:24,2026-10-09 04:32:38,85
domain,maison-cabrit.fr,threatfox,Unknown Loader,"threatfox,etherhiding,sepolia",2026-10-09 04:06:24,2026-10-09 04:32:38,85
domain,mamamachtpause.de,threatfox,Unknown Loader,"threatfox,etherhiding,sepolia",2026-10-09 04:06:24,2026-10-09 04:32:38,85
domain,martiaart.com,threatfox,Unknown Loader,"threatfox,etherhiding,sepolia",2026-10-09 04:06:24,2026-10-09 04:32:38,85
domain,mashhadkaver.com,threatfox,Unknown Loader,"threatfox,etherhiding,sepolia",2026-10-09 04:06:24,2026-10-09 04:32:38,85
domain,masia.com.ve,threatfox,Unknown Loader,"threatfox,etherhiding,sepolia",2026-10-09 04:06:24,2026-10-09 04:32:38,85
domain,matinatlas.com,threatfox,Unknown Loader,"threatfox,etherhiding,sepolia",2026-10-09 04:06:24,2026-10-09 04:32:38,85
domain,medadaabi.ir,threatfox,Unknown Loader,"threatfox,etherhiding,sepolia",2026-10-09 04:06:24,2026-10-09 04:32:38,85
domain,michellemillerproofreading.com,threatfox,Unknown Loader,"threatfox,etherhiding,sepolia",2026-10-09 04:06:24,2026-10-09 04:32:38,85
domain,midety.workers.dev,threatfox,php.shin_webshell,"threatfox,Cloudflare,GIF,PHP,webshell,WordPress,workers.dev,wp-admin",2026-10-09 04:06:24,2026-10-09 04:32:38,85
domain,mihalkovicskupa.hu,threatfox,Unknown Loader,"threatfox,etherhiding,sepolia",2026-10-09 04:06:24,2026-10-09 04:32:38,85
domain,mike-chauffeur.cz,threatfox,Unknown Loader,"threatfox,etherhiding,sepolia",2026-10-09 04:06:24,2026-10-09 04:32:38,85
domain,misteriosx.com,threatfox,Unknown Loader,"threatfox,etherhiding,sepolia",2026-10-09 04:06:24,2026-10-09 04:32:38,85
domain,modelleriaara.com,threatfox,Unknown Loader,"threatfox,etherhiding,sepolia",2026-10-09 04:06:24,2026-10-09 04:32:38,85
domain,mrwxog9wri.workers.dev,threatfox,php.shin_webshell,"threatfox,Cloudflare,GIF,PHP,webshell,WordPress,workers.dev,wp-admin",2026-10-09 04:06:24,2026-10-09 04:32:38,85
domain,msnbot-40-77-167-123.search.msn.com,threatfox,php.shin_webshell,"threatfox,Cloudflare,GIF,PHP,webshell,WordPress,workers.dev,wp-admin",2026-10-09 04:06:24,2026-10-09 04:32:38,85
domain,msnbot-40-77-167-67.search.msn.com,threatfox,php.shin_webshell,"threatfox,Cloudflare,GIF,PHP,webshell,WordPress,workers.dev,wp-admin",2026-10-09 04:06:24,2026-10-09 04:32:38,85
domain,musicaegioia.it,threatfox,Unknown Loader,"threatfox,etherhiding,sepolia",2026-10-09 04:06:24,2026-10-09 04:32:38,85
domain,narowalgymkhana.com,threatfox,IClickFix,"threatfox,ClickFix,HwFingerprint",2026-10-09 04:06:24,2026-10-09 04:32:38,85
domain,novamostra.com,threatfox,Unknown Loader,"threatfox,etherhiding,sepolia",2026-10-09 04:06:24,2026-10-09 04:32:38,85
domain,oi41pfmg.saok.store,threatfox,ClearFake,"threatfox,ClearFake,mac-0x76c7,macos",2026-10-09 04:06:24,2026-10-09 04:32:38,85
domain,openeyesmedia.com,threatfox,Unknown Loader,"threatfox,etherhiding,sepolia",2026-10-09 04:06:24,2026-10-09 04:32:38,85
domain,osteriailmelograno.com,threatfox,Unknown Loader,"threatfox,etherhiding,sepolia",2026-10-09 04:06:24,2026-10-09 04:32:38,85
domain,owlstore.eu,threatfox,Unknown Loader,"threatfox,etherhiding,sepolia",2026-10-09 04:06:24,2026-10-09 04:32:38,85
domain,packyourdreams.de,threatfox,Unknown Loader,"threatfox,etherhiding,sepolia",2026-10-09 04:06:24,2026-10-09 04:32:38,85
domain,papatty.ir,threatfox,Unknown Loader,"threatfox,etherhiding,sepolia",2026-10-09 04:06:24,2026-10-09 04:32:38,85
domain,pelakhaft.ir,threatfox,Unknown Loader,"threatfox,etherhiding,sepolia",2026-10-09 04:06:24,2026-10-09 04:32:38,85
domain,personaltrainer-wiesbaden.com,threatfox,Unknown Loader,"threatfox,etherhiding,sepolia",2026-10-09 04:06:24,2026-10-09 04:32:38,85
domain,petoilguide.com,threatfox,Unknown Loader,"threatfox,etherhiding,sepolia",2026-10-09 04:06:24,2026-10-09 04:32:38,85
domain,pingotec.com,threatfox,Unknown Loader,"threatfox,etherhiding,sepolia",2026-10-09 04:06:24,2026-10-09 04:32:38,85
domain,planetalegal.es,threatfox,Unknown Loader,"threatfox,etherhiding,sepolia",2026-10-09 04:06:24,2026-10-09 04:32:38,85
domain,pleasantsims.com,threatfox,Unknown Loader,"threatfox,etherhiding,sepolia",2026-10-09 04:06:24,2026-10-09 04:32:38,85
domain,pozalexy.workers.dev,threatfox,php.shin_webshell,"threatfox,Cloudflare,GIF,PHP,webshell,WordPress,workers.dev,wp-admin",2026-10-09 04:06:24,2026-10-09 04:32:38,85
domain,preppers.nl,threatfox,Unknown Loader,"threatfox,etherhiding,sepolia",2026-10-09 04:06:24,2026-10-09 04:32:38,85
domain,productpalace.pk,threatfox,IClickFix,"threatfox,ClickFix,HwFingerprint",2026-10-09 04:06:24,2026-10-09 04:32:38,85
domain,prtimesafrica.com,threatfox,Unknown Loader,"threatfox,etherhiding,sepolia",2026-10-09 04:06:24,2026-10-09 04:32:38,85
domain,psanipodlelustiga.cz,threatfox,Unknown Loader,"threatfox,etherhiding,sepolia",2026-10-09 04:06:24,2026-10-09 04:32:38,85
domain,pssafety.net,threatfox,Unknown Loader,"threatfox,etherhiding,sepolia",2026-10-09 04:06:24,2026-10-09 04:32:38,85
domain,pulver-sandro.net,threatfox,Unknown Loader,"threatfox,etherhiding,sepolia",2026-10-09 04:06:24,2026-10-09 04:32:38,85
domain,puwutawi.workers.dev,threatfox,php.shin_webshell,"threatfox,Cloudflare,GIF,PHP,webshell,WordPress,workers.dev,wp-admin",2026-10-09 04:06:24,2026-10-09 04:32:38,85
domain,pypoxala.workers.dev,threatfox,php.shin_webshell,"threatfox,Cloudflare,GIF,PHP,webshell,WordPress,workers.dev,wp-admin",2026-10-09 04:06:24,2026-10-09 04:32:38,85
domain,pywixesu.workers.dev,threatfox,php.shin_webshell,"threatfox,Cloudflare,GIF,PHP,webshell,WordPress,workers.dev,wp-admin",2026-10-09 04:06:24,2026-10-09 04:32:38,85
domain,qeejm91148.workers.dev,threatfox,php.shin_webshell,"threatfox,Cloudflare,GIF,PHP,webshell,WordPress,workers.dev,wp-admin",2026-10-09 04:06:24,2026-10-09 04:32:38,85
domain,qokomuqi.workers.dev,threatfox,php.shin_webshell,"threatfox,Cloudflare,GIF,PHP,webshell,WordPress,workers.dev,wp-admin",2026-10-09 04:06:24,2026-10-09 04:32:38,85
domain,qzgaa33186.workers.dev,threatfox,php.shin_webshell,"threatfox,Cloudflare,GIF,PHP,webshell,WordPress,workers.dev,wp-admin",2026-10-09 04:06:24,2026-10-09 04:32:38,85
domain,radprofi.de,threatfox,Unknown Loader,"threatfox,etherhiding,sepolia",2026-10-09 04:06:24,2026-10-09 04:32:38,85
domain,raimond-scheirich.de,threatfox,Unknown Loader,"threatfox,etherhiding,sepolia",2026-10-09 04:06:24,2026-10-09 04:32:38,85
domain,rajylazu.workers.dev,threatfox,php.shin_webshell,"threatfox,Cloudflare,GIF,PHP,webshell,WordPress,workers.dev,wp-admin",2026-10-09 04:06:24,2026-10-09 16:18:18,85
domain,rate-limited-proxy-72-14-199-162.google.com,threatfox,php.shin_webshell,"threatfox,Cloudflare,GIF,PHP,webshell,WordPress,workers.dev,wp-admin",2026-10-09 04:06:24,2026-10-09 04:32:38,85
domain,rate-limited-proxy-72-14-199-163.google.com,threatfox,php.shin_webshell,"threatfox,Cloudflare,GIF,PHP,webshell,WordPress,workers.dev,wp-admin",2026-10-09 04:06:24,2026-10-09 04:32:38,85
domain,reentryartsconnection.org,threatfox,Unknown Loader,"threatfox,etherhiding,sepolia",2026-10-09 04:06:24,2026-10-09 04:32:38,85
domain,remasa.com,threatfox,Unknown Loader,"threatfox,etherhiding,sepolia",2026-10-09 04:06:24,2026-10-09 04:32:38,85
domain,rik-meijer.com,threatfox,Unknown Loader,"threatfox,etherhiding,sepolia",2026-10-09 04:06:24,2026-10-09 04:32:38,85
domain,rizygu.workers.dev,threatfox,php.shin_webshell,"threatfox,Cloudflare,GIF,PHP,webshell,WordPress,workers.dev,wp-admin",2026-10-09 04:06:24,2026-10-09 04:32:38,85
domain,rmhbartels.net,threatfox,Unknown Loader,"threatfox,etherhiding,sepolia",2026-10-09 04:06:24,2026-10-09 04:32:38,85
domain,ronalda2.workers.dev,threatfox,php.shin_webshell,"threatfox,Cloudflare,GIF,PHP,webshell,WordPress,workers.dev,wp-admin",2026-10-09 04:06:24,2026-10-09 04:32:38,85
domain,saetspa.it,threatfox,Unknown Loader,"threatfox,etherhiding,sepolia",2026-10-09 04:06:24,2026-10-09 04:32:38,85
domain,saintjeankerdaniel.com,threatfox,Unknown Loader,"threatfox,etherhiding,sepolia",2026-10-09 04:06:24,2026-10-09 04:32:38,85
domain,salonbeautifulinc.net,threatfox,Unknown Loader,"threatfox,etherhiding,sepolia",2026-10-09 04:06:24,2026-10-09 04:32:38,85
domain,sanamuqe.workers.dev,threatfox,php.shin_webshell,"threatfox,Cloudflare,GIF,PHP,webshell,WordPress,workers.dev,wp-admin",2026-10-09 04:06:24,2026-10-09 16:18:18,85
domain,sandrock-familie.de,threatfox,Unknown Loader,"threatfox,etherhiding,sepolia",2026-10-09 04:06:24,2026-10-09 04:32:38,85
domain,script-six-tawny.vercel.app,threatfox,IClickFix,"threatfox,ClickFix",2026-10-09 04:06:24,2026-10-09 04:32:38,85
domain,seainternationalcr.com,threatfox,Unknown Loader,"threatfox,etherhiding,sepolia",2026-10-09 04:06:24,2026-10-09 04:32:38,85
domain,sfinx.dk,threatfox,Unknown Loader,"threatfox,etherhiding,sepolia",2026-10-09 04:06:24,2026-10-09 04:32:38,85
domain,shadetreelearning.com,threatfox,Unknown Loader,"threatfox,etherhiding,sepolia",2026-10-09 04:06:24,2026-10-09 04:32:38,85
domain,shafajo.com,threatfox,Unknown Loader,"threatfox,etherhiding,sepolia",2026-10-09 04:06:24,2026-10-09 04:32:38,85
domain,shatranjico.com,threatfox,Unknown Loader,"threatfox,etherhiding,sepolia",2026-10-09 04:06:24,2026-10-09 04:32:38,85
domain,shidrealestate.com,threatfox,Unknown Loader,"threatfox,etherhiding,sepolia",2026-10-09 04:06:24,2026-10-09 04:32:38,85
domain,shop.nokill.fr,threatfox,Unknown Loader,"threatfox,etherhiding,sepolia",2026-10-09 04:06:24,2026-10-09 04:32:38,85
domain,skupujemyspolki.pl,threatfox,Unknown Loader,"threatfox,etherhiding,sepolia",2026-10-09 04:06:24,2026-10-09 04:32:38,85
domain,smkandcompany.com,threatfox,Unknown Loader,"threatfox,etherhiding,sepolia",2026-10-09 04:06:24,2026-10-09 04:32:38,85
domain,smkn2jember.sch.id,threatfox,Unknown Loader,"threatfox,etherhiding,sepolia",2026-10-09 04:06:24,2026-10-09 04:32:38,85
domain,sorko.pro,threatfox,Unknown Loader,"threatfox,etherhiding,sepolia",2026-10-09 04:06:24,2026-10-09 04:32:38,85
domain,spacewealth-design.site,threatfox,Unknown Loader,"threatfox,etherhiding,sepolia",2026-10-09 04:06:24,2026-10-09 04:32:38,85
domain,starkids.cz,threatfox,Unknown Loader,"threatfox,etherhiding,sepolia",2026-10-09 04:06:24,2026-10-09 04:32:38,85
domain,stbarnabaslittlelambs.org,threatfox,Unknown Loader,"threatfox,etherhiding,sepolia",2026-10-09 04:06:24,2026-10-09 04:32:38,85
domain,stthomasselfstorage.com,threatfox,Unknown Loader,"threatfox,etherhiding,sepolia",2026-10-09 04:06:24,2026-10-09 04:32:38,85
domain,sunshineswasth.com,threatfox,Unknown Loader,"threatfox,etherhiding,sepolia",2026-10-09 04:06:24,2026-10-09 04:32:38,85
domain,synuvyfa.workers.dev,threatfox,php.shin_webshell,"threatfox,Cloudflare,GIF,PHP,webshell,WordPress,workers.dev,wp-admin",2026-10-09 04:06:24,2026-10-09 04:32:38,85
domain,tepliceapartman.cz,threatfox,Unknown Loader,"threatfox,etherhiding,sepolia",2026-10-09 04:06:24,2026-10-09 04:32:38,85
domain,tesafco.ir,threatfox,IClickFix,"threatfox,ClickFix,HwFingerprint",2026-10-09 04:06:24,2026-10-09 04:32:38,85
domain,testnovin9.ir,threatfox,Unknown Loader,"threatfox,etherhiding,sepolia",2026-10-09 04:06:24,2026-10-09 04:32:38,85
domain,theonenightstand.shop,threatfox,Unknown Loader,"threatfox,etherhiding,sepolia",2026-10-09 04:06:24,2026-10-09 04:32:38,85
domain,thiennguyencobonla.com,threatfox,Unknown Loader,"threatfox,etherhiding,sepolia",2026-10-09 04:06:24,2026-10-09 04:32:38,85
domain,toobusy2clean.com,threatfox,Unknown Loader,"threatfox,etherhiding,sepolia",2026-10-09 04:06:24,2026-10-09 04:32:38,85
domain,torpa68821.workers.dev,threatfox,php.shin_webshell,"threatfox,Cloudflare,GIF,PHP,webshell,WordPress,workers.dev,wp-admin",2026-10-09 04:06:24,2026-10-09 04:32:38,85
domain,tosee-laser.com,threatfox,Unknown Loader,"threatfox,etherhiding,sepolia",2026-10-09 04:06:24,2026-10-09 04:32:38,85
domain,trail-and-tour.com,threatfox,Unknown Loader,"threatfox,etherhiding,sepolia",2026-10-09 04:06:24,2026-10-09 04:32:38,85
domain,tuurintupa.fi,threatfox,Unknown Loader,"threatfox,etherhiding,sepolia",2026-10-09 04:06:24,2026-10-09 04:32:38,85
domain,twiincandle.com,threatfox,Unknown Loader,"threatfox,etherhiding,sepolia",2026-10-09 04:06:24,2026-10-09 04:32:38,85
domain,ukouu42212.workers.dev,threatfox,php.shin_webshell,"threatfox,Cloudflare,GIF,PHP,webshell,WordPress,workers.dev,wp-admin",2026-10-09 04:06:24,2026-10-09 04:32:38,85
domain,ullna.com,threatfox,Unknown Loader,"threatfox,etherhiding,sepolia",2026-10-09 04:06:24,2026-10-09 04:32:38,85
domain,urputnej.com,threatfox,Unknown Loader,"threatfox,etherhiding,sepolia",2026-10-09 04:06:24,2026-10-09 04:32:38,85
domain,valepublicitando.com,threatfox,Unknown Loader,"threatfox,etherhiding,sepolia",2026-10-09 04:06:24,2026-10-09 04:32:38,85
domain,vasex.hu,threatfox,Unknown Loader,"threatfox,etherhiding,sepolia",2026-10-09 04:06:24,2026-10-09 04:32:38,85
domain,verifiedbmsells.com,threatfox,IClickFix,"threatfox,ClickFix,HwFingerprint",2026-10-09 04:06:24,2026-10-09 04:32:38,85
domain,vetilicius.com,threatfox,Unknown Loader,"threatfox,etherhiding,sepolia",2026-10-09 04:06:24,2026-10-09 04:32:38,85
domain,visuqopo.workers.dev,threatfox,php.shin_webshell,"threatfox,Cloudflare,GIF,PHP,webshell,WordPress,workers.dev,wp-admin",2026-10-09 04:06:24,2026-10-09 04:32:38,85
domain,vividstreaming.live,threatfox,Unknown Loader,"threatfox,etherhiding,sepolia",2026-10-09 04:06:24,2026-10-09 04:32:38,85
domain,voice-on-stage.de,threatfox,Unknown Loader,"threatfox,etherhiding,sepolia",2026-10-09 04:06:24,2026-10-09 04:32:38,85
domain,wartasentral.com,threatfox,Unknown Loader,"threatfox,etherhiding,sepolia",2026-10-09 04:06:24,2026-10-09 04:32:38,85
domain,wealthywealth.co.za,threatfox,IClickFix,"threatfox,ClickFix,HwFingerprint",2026-10-09 04:06:24,2026-10-09 04:32:38,85
domain,whitepearldentalcare.com.au,threatfox,Unknown Loader,"threatfox,etherhiding,sepolia",2026-10-09 04:06:24,2026-10-09 04:32:38,85
domain,widemarsh.com,threatfox,Unknown Loader,"threatfox,etherhiding,sepolia",2026-10-09 04:06:24,2026-10-09 04:32:38,85
domain,wijabozo.workers.dev,threatfox,php.shin_webshell,"threatfox,Cloudflare,GIF,PHP,webshell,WordPress,workers.dev,wp-admin",2026-10-09 04:06:24,2026-10-09 04:32:38,85
domain,wise-pool.eu,threatfox,Unknown Loader,"threatfox,etherhiding,sepolia",2026-10-09 04:06:24,2026-10-09 04:32:38,85
domain,wizwomen.se,threatfox,Unknown Loader,"threatfox,etherhiding,sepolia",2026-10-09 04:06:24,2026-10-09 04:32:38,85
domain,wjtirex.it,threatfox,Unknown Loader,"threatfox,etherhiding,sepolia",2026-10-09 04:06:24,2026-10-09 04:32:38,85
domain,wonderlandministorage.com,threatfox,Unknown Loader,"threatfox,etherhiding,sepolia",2026-10-09 04:06:24,2026-10-09 04:32:38,85
domain,www.heritagemusical.com,threatfox,IClickFix,"threatfox,ClickFix,HwFingerprint",2026-10-09 04:06:24,2026-10-09 04:32:38,85
domain,www.smartlivingstyle.cat,threatfox,IClickFix,"threatfox,ClickFix,HwFingerprint",2026-10-09 04:06:24,2026-10-09 04:32:38,85
domain,www.usa-salesforce.com,threatfox,ClearFake,"threatfox,compromised,EtherHide",2026-10-09 04:06:24,2026-10-09 04:32:38,85
domain,xpert-drivers.com,threatfox,Unknown Loader,"threatfox,etherhiding,sepolia",2026-10-09 04:06:24,2026-10-09 04:32:38,85
domain,zeitraeume-nienburg.de,threatfox,Unknown Loader,"threatfox,etherhiding,sepolia",2026-10-09 04:06:24,2026-10-09 04:32:38,85
domain,zetnets.nl,threatfox,Unknown Loader,"threatfox,etherhiding,sepolia",2026-10-09 04:06:24,2026-10-09 04:32:38,85
domain,zfl-lernen.de,threatfox,Unknown Loader,"threatfox,etherhiding,sepolia",2026-10-09 04:06:24,2026-10-09 04:32:38,85
domain,zulucuhy.workers.dev,threatfox,php.shin_webshell,"threatfox,Cloudflare,GIF,PHP,webshell,WordPress,workers.dev,wp-admin",2026-10-09 04:06:24,2026-10-09 04:32:38,85
domain,zuma789-z.com,threatfox,Unknown Loader,"threatfox,etherhiding,sepolia",2026-10-09 04:06:24,2026-10-09 04:32:38,85
domain,zypupmp.xyz,threatfox,Unknown Loader,"threatfox,etherhiding,sepolia",2026-10-09 04:06:24,2026-10-09 04:32:38,85
hash_sha256,0419e82dd1b5ed807540b2be4ba98789965b2e3a6011ab180a950dc5c58c7245,threatfox,Mirai,"threatfox,elf,Mirai",2026-10-09 04:06:24,2026-10-09 16:18:18,85
hash_sha256,0a3cf154d156699a87a6592e859249ca2f689452d8608cdef18d0d84177f1649,threatfox,AMOS,"threatfox,AMOS,ClickFix,Foxveil,macOS,quill",2026-10-09 04:06:24,2026-10-09 04:32:38,85
hash_sha256,0a6483fcb33b2b1c41d3900d6664f2962e5ff722dec9420fb6630c0c0a6934d3,threatfox,Mirai,"threatfox,elf,Mirai,upx",2026-10-09 04:06:24,2026-10-09 04:32:38,85
hash_sha256,0bf7c786b8e4e0fa284459db0c9bc18dee0cea772e519c16601ed7caaa52138d,threatfox,Mirai,"threatfox,elf,Mirai,upx",2026-10-09 04:06:24,2026-10-09 04:32:38,85
hash_sha256,0bfabbd22e5fd6175f5701ebcb2c54aad28e5bb1106a0d98ee2a7dc1cc39bda1,threatfox,Mirai,"threatfox,elf,Mirai",2026-10-09 04:06:24,2026-10-09 04:32:38,85
hash_sha256,0e8c800969f3c96165f87c7b53a8e35137a33327ed245e01af750059917ffaa0,threatfox,Mirai,"threatfox,elf,Mirai",2026-10-09 04:06:24,2026-10-09 04:32:38,85
hash_sha256,108dcbfc64f3d14568f5bcd532a297f49267b537fe335c169cf133b173a9adb0,threatfox,Mirai,"threatfox,elf,Mirai",2026-10-09 04:06:24,2026-10-09 04:32:38,85
hash_sha256,13b211b289756f6b0bca46aadc18d8abe0110db3400968a9b1d261ab1b7906cd,threatfox,Mirai,"threatfox,elf,Mirai,upx",2026-10-09 04:06:24,2026-10-09 04:32:38,85
hash_sha256,149b0894f5d5a376c58fc72011370a350a4bd17a5521f2ab211ac96ac728ffbb,threatfox,AMOS,"threatfox,AMOS,ClickFix,Foxveil,macOS,quill",2026-10-09 04:06:24,2026-10-09 04:32:38,85
hash_sha256,1a92b78d783f27b84c7c10a57d284321c61157107db5733c3ffa8660fc4ce796,threatfox,Mirai,"threatfox,elf,Mirai",2026-10-09 04:06:24,2026-10-09 04:32:38,85
hash_sha256,1c0207b4e21d1125120d557b7a6f7ef2f8c3e1befeacabfa7d0c638a8f5e6180,threatfox,Mirai,"threatfox,elf,Mirai",2026-10-09 04:06:24,2026-10-09 04:32:38,85
hash_sha256,1df3abd1f3542516e6d1a109a33b7404a105896d7d45c8f55606b2b01d353c49,threatfox,Mirai,"threatfox,elf,Mirai",2026-10-09 04:06:24,2026-10-09 04:32:38,85
hash_sha256,222b1d71da49325b98d883d15c6d64ca3d27282d2f1d022988f7b268196f78cf,threatfox,Mirai,"threatfox,elf,Mirai",2026-10-09 04:06:24,2026-10-09 04:32:38,85
hash_sha256,2bcf9f309f825586120effa1e9f7a47773509bdcf77b3dbcb807a35ef8703f33,threatfox,Mirai,"threatfox,elf,Mirai",2026-10-09 04:06:24,2026-10-09 04:32:38,85
hash_sha256,412e214fa52fb1d9beee979c95b64b99776670f4f2fb7c6812246be4c1bafa3f,threatfox,Mirai,"threatfox,elf,Mirai",2026-10-09 04:06:24,2026-10-09 04:32:38,85
hash_sha256,42220565173073c1f9bab9837d8ded19f7fdae815f785d3269b052d452110ee7,threatfox,Mirai,"threatfox,elf,Mirai",2026-10-09 04:06:24,2026-10-09 04:32:38,85
hash_sha256,4df9902f81140d914a156af18f77534bcc4d1ad577ca91af97dfafb961aa72b4,threatfox,Mirai,"threatfox,elf,Mirai",2026-10-09 04:06:24,2026-10-09 16:18:18,85
hash_sha256,531bcc57d86367930ae500a2d3ae5659477a04804385ec98f7c6db6aecc63bcd,threatfox,Mirai,"threatfox,elf,Mirai",2026-10-09 04:06:24,2026-10-09 04:32:38,85
hash_sha256,5529d9ff7d84cb7a8db1f2d0ef9d50ff03488a7469d4ff156276521e30dd2d9d,threatfox,Mirai,"threatfox,elf,Mirai",2026-10-09 04:06:24,2026-10-09 16:18:18,85
hash_sha256,5d4df29b692c0a24d23fe37c34110004fcea4e47a162f16924a96b10fb51241f,threatfox,Mirai,"threatfox,elf,Mirai",2026-10-09 04:06:24,2026-10-09 04:32:38,85
hash_sha256,62b7b66c5424d90f7cef9de55b80dc91bc93c3dac4a9c5b15c32854bb22b1ceb,threatfox,Mirai,"threatfox,elf,Mirai,upx",2026-10-09 04:06:24,2026-10-09 04:32:38,85
hash_sha256,6582b5a796c9121b4326f0b1afa89dc6020e77bcb8b58f2c701bb2822a98ff6b,threatfox,Mirai,"threatfox,elf,Mirai",2026-10-09 04:06:24,2026-10-09 04:32:38,85
hash_sha256,6fce5471f4a86a77136bb9eab33f969cebec1c1b74228da1c404b7be73739199,threatfox,Mirai,"threatfox,elf,Mirai,upx",2026-10-09 04:06:24,2026-10-09 04:32:38,85
hash_sha256,703d34a8d6a70eedbb3bd431fb90990bb4a9f0da873d0e9ed9941ce3ea4a5556,threatfox,Mirai,"threatfox,elf,Mirai",2026-10-09 04:06:24,2026-10-09 16:18:18,85
hash_sha256,77840f54cad6ff1badd14a0301f4b508bd657059a55bd83adb9e5c9116fb060e,threatfox,Mirai,"threatfox,elf,Mirai",2026-10-09 04:06:24,2026-10-09 16:18:18,85
hash_sha256,786d55d24cc000ca6d119eaa0943e1946905f558806ad2c29c49765d98422b90,threatfox,Mirai,"threatfox,elf,Mirai",2026-10-09 04:06:24,2026-10-09 04:32:38,85
hash_sha256,793cfc2d1054179c987a21dfe328a6419d37e362584b8083c2b91500f31f1fe7,threatfox,Mirai,"threatfox,elf,Mirai",2026-10-09 04:06:24,2026-10-09 16:18:18,85
hash_sha256,7a5101fec2a6130403a6d35be75708a72c648e3675262e0b6c3cb1118721b325,threatfox,Mirai,"threatfox,elf,Mirai",2026-10-09 04:06:24,2026-10-09 04:32:38,85
hash_sha256,80de518cae3595b230f8dd865d754326f30e4ea8ff9e107fda987ea7d1ca0e9d,threatfox,Mirai,"threatfox,elf,Mirai,upx",2026-10-09 04:06:24,2026-10-09 04:32:38,85
hash_sha256,8cc85c9940db9e4f50ef91df4f9569c380b7b33bd272eca35f4f4e537cf5a02b,threatfox,Mirai,"threatfox,elf,Mirai,upx",2026-10-09 04:06:24,2026-10-09 04:32:38,85
hash_sha256,91fbcdb39cc834cebb0898e90b0ef8eebaffef9ee24c8c04ab1b4c3fb94d5bbc,threatfox,Mirai,"threatfox,elf,Mirai",2026-10-09 04:06:24,2026-10-09 16:18:18,85
hash_sha256,9a0595d08e9399fe0f332b2f3f0c0c65e4d8290bb9ec116ce759073991be8b71,threatfox,Mirai,"threatfox,elf,Mirai",2026-10-09 04:06:24,2026-10-09 04:32:38,85
hash_sha256,a2340ba1546cea741ea17fb6d84a51e39cfde541838836f801833d6a99999bc6,threatfox,Mirai,"threatfox,elf,Mirai",2026-10-09 04:06:24,2026-10-09 16:18:18,85
hash_sha256,a55c1667a405be3728aab8905160d5db1ebb1b0ea8bfd1b80e43bbebbcb2e180,threatfox,Mirai,"threatfox,elf,Mirai",2026-10-09 04:06:24,2026-10-09 04:32:38,85
hash_sha256,a6de4f3ca0c5c59e1a9e23ed6044daa5c55749d84ebb74b243a8dfddbb93cccb,threatfox,Mirai,"threatfox,elf,Mirai",2026-10-09 04:06:24,2026-10-09 04:32:38,85
hash_sha256,b05eab99e3eaf66be37cfae1663b90e2ba90b437161213b0947717996439d055,threatfox,Mirai,"threatfox,elf,Mirai",2026-10-09 04:06:24,2026-10-09 04:32:38,85
hash_sha256,b10daff5af0638ea0b47cc205fac28f3a8246cbd0dad1f22a11055c90e375fc3,threatfox,Mirai,"threatfox,elf,Mirai",2026-10-09 04:06:24,2026-10-09 16:18:18,85
hash_sha256,b47d3ddcbb97281a4a8604b16fd5d1eef850a0488f53c1e8a912d0edb81b6429,threatfox,Mirai,"threatfox,elf,Mirai,upx",2026-10-09 04:06:24,2026-10-09 04:32:38,85
hash_sha256,b5ea833edb28697521f0b68d746f1cd09daa26d89e8baba30c930748e2c7720a,threatfox,Mirai,"threatfox,elf,Mirai",2026-10-09 04:06:24,2026-10-09 04:32:38,85
hash_sha256,b5f0ded3658219de6a26b4e671fb9ae6e7e797b72634a33fe080d1771bdc856f,threatfox,Mirai,"threatfox,elf,Mirai",2026-10-09 04:06:24,2026-10-09 04:32:38,85
hash_sha256,bbc090045e9171257096fbeef4bb6696ea9787a4d38b44a1cb16adaf1202401f,threatfox,Mirai,"threatfox,elf,Mirai",2026-10-09 04:06:24,2026-10-09 16:18:18,85
hash_sha256,bff1a0106509646f73c8aa2be4372668291b2204ad9a5ca1a622d5f30941dc5b,threatfox,Mirai,"threatfox,elf,Mirai",2026-10-09 04:06:24,2026-10-09 16:18:18,85
hash_sha256,c8bd3836fbcd2fb59c6c8606e04110e370bddf25ecb2f9e4c049d4827f76b09d,threatfox,Mirai,"threatfox,elf,Mirai",2026-10-09 04:06:24,2026-10-09 04:32:38,85
hash_sha256,cbe1e45bf6b3a8315495ad80bf54de74ad2d3c9f4c28eef4d6a9629d4bd7efdc,threatfox,Mirai,"threatfox,elf,Mirai",2026-10-09 04:06:24,2026-10-09 04:32:38,85
hash_sha256,cc0ab18f186304dbb698dc167a9fd4e2582efa487e83eeed40b6a972cd141b2a,threatfox,Mirai,"threatfox,elf,Mirai",2026-10-09 04:06:24,2026-10-09 16:18:18,85
hash_sha256,cc41fea5a9b0a072b9f0a36a7610a682acbae747ce65265d0f43ccb4b184d8d9,threatfox,Mirai,"threatfox,elf,Mirai",2026-10-09 04:06:24,2026-10-09 16:18:18,85
hash_sha256,dcaf6ca6d03a4defcec7dd72e34b6932ec181bd4c73f22622c21ea1a05e740bf,threatfox,Mirai,"threatfox,elf,Mirai",2026-10-09 04:06:24,2026-10-09 04:32:38,85
hash_sha256,e4aa4ebaf431cea5933fefb1357d865eafa64107190e2520b6cae1eb58fb7afa,threatfox,Mirai,"threatfox,elf,Mirai",2026-10-09 04:06:24,2026-10-09 04:32:38,85
hash_sha256,ebba744252a7fb09d1fdc1d36a3855fe47e0986e32105bcc068b5c469b08d5d5,threatfox,Mirai,"threatfox,elf,Mirai",2026-10-09 04:06:24,2026-10-09 16:18:18,85
hash_sha256,f25bf40d63141679a19d81df02d096e60b1c767ea553a77fc201dd4430b71fd2,threatfox,Mirai,"threatfox,elf,Mirai",2026-10-09 04:06:24,2026-10-09 04:32:38,85
hash_sha256,f7dcabc1ecd5d8ce5f956488ce37563bcdd8a1d29c5d9b080377984e99edb9df,threatfox,Mirai,"threatfox,elf,Mirai",2026-10-09 04:06:24,2026-10-09 16:18:18,85
hash_sha256,f8611cb7d9bdb193cfabc3fafd821265e45cd2ce922ad2c27061677845635358,threatfox,Mirai,"threatfox,elf,Mirai",2026-10-09 04:06:24,2026-10-09 04:32:38,85
hash_sha256,ff0c402fce022ea26dce1ad6856bd168753c7a980f2f381d32116d6ed283c160,threatfox,Mirai,"threatfox,elf,Mirai",2026-10-09 04:06:24,2026-10-09 04:32:38,85
ip,1.12.253.219,threatfox,Cobalt Strike,"threatfox,CobaltStrike,drb-ra",2026-10-09 04:06:24,2026-10-09 16:18:18,85
ip,102.220.161.194,threatfox,CECbot,"threatfox,android,botnet,cecbot,ddos",2026-10-09 04:06:24,2026-10-09 04:32:38,85
ip,108.186.112.216,threatfox,PureRAT,"threatfox,drb-ra,PureHVNC,PureRAT,RAT",2026-10-09 04:06:24,2026-10-09 04:32:38,85
ip,124.221.191.237,threatfox,Cobalt Strike,"threatfox,CobaltStrike,drb-ra",2026-10-09 04:06:24,2026-10-09 16:18:18,85
ip,128.90.113.76,threatfox,Remcos,"threatfox,c2,Remcos,Star-Baby-27",2026-10-09 04:06:24,2026-10-09 04:32:38,85
ip,130.94.93.147,threatfox,VShell,"threatfox,vshell",2026-10-09 04:06:24,2026-10-09 16:18:18,85
ip,137.184.214.188,threatfox,PureRAT,"threatfox,drb-ra,PureHVNC,PureRAT,RAT",2026-10-09 04:06:24,2026-10-09 04:32:38,85
ip,138.68.102.151,threatfox,Drifter,"threatfox,android,botnet,ddos,dongfeng,drifter",2026-10-09 04:06:24,2026-10-09 04:32:38,85
ip,142.93.142.227,threatfox,Drifter,"threatfox,android,botnet,ddos,dongfeng,drifter",2026-10-09 04:06:24,2026-10-09 04:32:38,85
ip,146.190.247.89,threatfox,PoshC2,"threatfox,drb-ra,PoshC2",2026-10-09 04:06:24,2026-10-09 04:32:38,85
ip,147.79.20.132,threatfox,VShell,"threatfox,VShell",2026-10-09 04:06:24,2026-10-09 04:32:38,85
ip,154.127.53.182,threatfox,PureRAT,"threatfox,drb-ra,PureHVNC,PureRAT,RAT",2026-10-09 04:06:24,2026-10-09 04:32:38,85
ip,156.238.120.71,threatfox,PureRAT,"threatfox,drb-ra,PureHVNC,PureRAT,RAT",2026-10-09 04:06:24,2026-10-09 04:32:38,85
ip,160.202.231.41,threatfox,Ghost RAT,"threatfox,Gh0stRAT,RAT",2026-10-09 04:06:24,2026-10-09 16:18:18,85
ip,161.248.15.160,threatfox,ValleyRAT,"threatfox,valleyrat_s2",2026-10-09 04:06:24,2026-10-09 16:18:18,85
ip,161.35.151.100,threatfox,Drifter,"threatfox,android,botnet,ddos,dongfeng,drifter",2026-10-09 04:06:24,2026-10-09 04:32:38,85
ip,161.35.203.167,threatfox,Drifter,"threatfox,android,botnet,ddos,dongfeng,drifter",2026-10-09 04:06:24,2026-10-09 04:32:38,85
ip,161.35.39.220,threatfox,Drifter,"threatfox,android,botnet,ddos,dongfeng,drifter",2026-10-09 04:06:24,2026-10-09 04:32:38,85
ip,167.172.60.211,threatfox,Drifter,"threatfox,android,botnet,ddos,dongfeng,drifter",2026-10-09 04:06:24,2026-10-09 04:32:38,85
ip,167.88.173.162,threatfox,PureRAT,"threatfox,drb-ra,PureHVNC,PureRAT,RAT",2026-10-09 04:06:24,2026-10-09 04:32:38,85
ip,168.144.243.52,threatfox,Drifter,"threatfox,android,botnet,ddos,dongfeng,drifter",2026-10-09 04:06:24,2026-10-09 04:32:38,85
ip,172.111.139.12,threatfox,DCRat,"threatfox,dcrat",2026-10-09 04:06:24,2026-10-09 16:18:18,85
ip,176.97.117.157,threatfox,VShell,"threatfox,VShell",2026-10-09 04:06:24,2026-10-09 04:32:38,85
ip,178.128.197.163,threatfox,Drifter,"threatfox,android,botnet,ddos,dongfeng,drifter",2026-10-09 04:06:24,2026-10-09 04:32:38,85
ip,178.128.245.68,threatfox,Drifter,"threatfox,android,botnet,ddos,dongfeng,drifter",2026-10-09 04:06:24,2026-10-09 04:32:38,85
ip,190.102.40.154,threatfox,PureRAT,"threatfox,drb-ra,PureHVNC,PureRAT,RAT",2026-10-09 04:06:24,2026-10-09 04:32:38,85
ip,192.121.171.249,threatfox,pupy,"threatfox,drb-ra,PupyRAT,RAT",2026-10-09 04:06:24,2026-10-09 04:32:38,85
ip,202.95.1.40,threatfox,VShell,"threatfox,vshell",2026-10-09 04:06:24,2026-10-09 16:18:18,85
ip,23.254.195.48,threatfox,AdaptixC2,"threatfox,adaptixc2",2026-10-09 04:06:24,2026-10-09 04:32:38,85
ip,31.57.147.42,threatfox,PureRAT,"threatfox,drb-ra,PureHVNC,PureRAT,RAT",2026-10-09 04:06:24,2026-10-09 04:32:38,85
ip,36.50.134.86,threatfox,Mirai,"threatfox,drb-ra,Mirai",2026-10-09 04:06:24,2026-10-09 04:32:38,85
ip,43.133.165.151,threatfox,AdaptixC2,"threatfox,adaptix",2026-10-09 04:06:24,2026-10-09 16:18:18,85
ip,43.157.80.29,threatfox,Jackskid,"threatfox,botnet,ddos,jackskid,mirai,rctea",2026-10-09 04:06:24,2026-10-09 04:32:38,85
ip,43.166.72.50,threatfox,Jackskid,"threatfox,botnet,ddos,jackskid,mirai,rctea",2026-10-09 04:06:24,2026-10-09 04:32:38,85
ip,43.166.73.112,threatfox,Jackskid,"threatfox,botnet,ddos,jackskid,mirai,rctea",2026-10-09 04:06:24,2026-10-09 04:32:38,85
ip,43.173.102.173,threatfox,Jackskid,"threatfox,botnet,ddos,jackskid,mirai,rctea",2026-10-09 04:06:24,2026-10-09 04:32:38,85
ip,43.173.37.197,threatfox,Jackskid,"threatfox,botnet,ddos,jackskid,mirai,rctea",2026-10-09 04:06:24,2026-10-09 04:32:38,85
ip,45.141.21.133,threatfox,Unknown malware,threatfox,2026-10-09 04:06:24,2026-10-09 04:32:38,85
ip,45.207.8.36,threatfox,Cobalt Strike,"threatfox,CobaltStrike,drb-ra",2026-10-09 04:06:24,2026-10-09 04:32:38,85
ip,46.28.67.114,threatfox,NjRAT,"threatfox,NjRAT",2026-10-09 04:06:24,2026-10-09 04:32:38,85
ip,47.237.95.149,threatfox,Jackskid,"threatfox,botnet,ddos,jackskid,mirai,rctea",2026-10-09 04:06:24,2026-10-09 04:32:38,85
ip,47.85.194.79,threatfox,Jackskid,"threatfox,botnet,ddos,jackskid,mirai,rctea",2026-10-09 04:06:24,2026-10-09 04:32:38,85
ip,5.180.27.57,threatfox,Unknown malware,"threatfox,mythic",2026-10-09 04:06:24,2026-10-09 16:18:18,85
ip,50.114.184.76,threatfox,VShell,"threatfox,vshell",2026-10-09 04:06:24,2026-10-09 16:18:18,85
ip,64.227.153.168,threatfox,Drifter,"threatfox,android,botnet,ddos,dongfeng,drifter",2026-10-09 04:06:24,2026-10-09 04:32:38,85
url,http://119.179.71.155:40230/Mozi.m,threatfox,Mozi,"threatfox,elf,iot,Mozi",2026-10-09 04:06:24,2026-10-09 04:32:38,85
url,http://190.196.253.23:10238/Mozi.m,threatfox,Mozi,"threatfox,elf,iot,Mozi",2026-10-09 04:06:24,2026-10-09 04:32:38,85
url,http://202.47.52.84:56257/Mozi.m,threatfox,Mozi,"threatfox,elf,iot,Mozi",2026-10-09 04:06:24,2026-10-09 04:32:38,85
url,http://fdsfsffdsf.shop/getinstall64,threatfox,ValleyRAT,"threatfox,RAT,ValleyRAT",2026-10-09 04:06:24,2026-10-09 16:18:18,85
url,https://172.236.214.203,threatfox,Vidar,"threatfox,vidar",2026-10-09 04:06:24,2026-10-09 04:32:38,85
url,https://188.245.3.116,threatfox,Vidar,"threatfox,vidar",2026-10-09 04:06:24,2026-10-09 04:32:38,85
url,https://actorsspotlight.com/,threatfox,Unknown Stealer,"threatfox,WARDENStealer",2026-10-09 04:06:24,2026-10-09 16:18:18,85
url,https://agspropertypoint.com/,threatfox,Unknown malware,"threatfox,ClickFix",2026-10-09 04:06:24,2026-10-09 04:32:38,85
url,https://all-installs-1.club/,threatfox,Unknown Stealer,"threatfox,wardenstealer",2026-10-09 04:06:24,2026-10-09 04:32:38,85
url,https://allinstalls.club/,threatfox,Unknown Stealer,"threatfox,wardenstealer",2026-10-09 04:06:24,2026-10-09 04:32:38,85
url,https://atikintech.com/onestep,threatfox,IClickFix,"threatfox,ClickFix,DeliveryUrl",2026-10-09 04:06:24,2026-10-09 04:32:38,85
url,https://bnsbackend.mydevsystems.com/redirect,threatfox,IClickFix,"threatfox,ClickFix,DeliveryUrl",2026-10-09 04:06:24,2026-10-09 04:32:38,85
url,https://boris-vlaga.club/,threatfox,Unknown Stealer,"threatfox,WARDENStealer",2026-10-09 04:06:24,2026-10-09 04:32:38,85
url,https://boss-nazarenko.club/,threatfox,Unknown Stealer,"threatfox,wardenstealer",2026-10-09 04:06:24,2026-10-09 04:32:38,85
url,https://boss1huesos.cc/,threatfox,Unknown Stealer,"threatfox,WARDENStealer",2026-10-09 04:06:24,2026-10-09 16:18:18,85
url,https://brodyagaa.com/,threatfox,Unknown Stealer,"threatfox,WARDENStealer",2026-10-09 04:06:24,2026-10-09 04:32:38,85
url,https://brodyagaz.com/,threatfox,Unknown Stealer,"threatfox,WARDENStealer",2026-10-09 04:06:24,2026-10-09 04:32:38,85
url,https://brodyagup.com/,threatfox,Unknown Stealer,"threatfox,WARDENStealer",2026-10-09 04:06:24,2026-10-09 04:32:38,85
url,https://brokenheart.club/,threatfox,Unknown Stealer,"threatfox,WARDENStealer",2026-10-09 04:06:24,2026-10-09 04:32:38,85
url,https://burmaldi.cc/,threatfox,Unknown Stealer,"threatfox,wardenstealer",2026-10-09 04:06:24,2026-10-09 04:32:38,85
url,https://cap-recheck.org/,threatfox,Unknown Stealer,"threatfox,WARDENStealer",2026-10-09 04:06:24,2026-10-09 16:18:18,85
url,https://comus-123.mom/,threatfox,Unknown Stealer,"threatfox,WARDENStealer",2026-10-09 04:06:24,2026-10-09 04:32:38,85
url,https://creativex5.cc/,threatfox,Unknown Stealer,"threatfox,WARDENStealer",2026-10-09 04:06:24,2026-10-09 16:18:18,85
url,https://dexgqzmok.cloud/,threatfox,Unknown Stealer,"threatfox,WARDENStealer",2026-10-09 04:06:24,2026-10-09 04:32:38,85
url,https://drive.google.com/uc?export=download&id=1CjSD0JhJj42n2yygv_75tmpvl6Uqic4o,threatfox,IClickFix,"threatfox,ClickFix,DeliveryUrl",2026-10-09 04:06:24,2026-10-09 04:32:38,85
url,https://ebashim1.com/,threatfox,Unknown Stealer,"threatfox,WARDENStealer",2026-10-09 04:06:24,2026-10-09 16:18:18,85
url,https://egyoast.cloud/,threatfox,Unknown Stealer,"threatfox,WARDENStealer",2026-10-09 04:06:24,2026-10-09 04:32:38,85
url,https://er44t35t5.cc/,threatfox,Unknown Stealer,"threatfox,WARDENStealer",2026-10-09 04:06:24,2026-10-09 04:32:38,85
url,https://erifytrtr1.vip/,threatfox,Unknown Stealer,"threatfox,WARDENStealer",2026-10-09 04:06:24,2026-10-09 04:32:38,85
url,https://espirevox.com/next,threatfox,IClickFix,"threatfox,ClickFix,DeliveryUrl",2026-10-09 04:06:24,2026-10-09 04:32:38,85
url,https://fernandeseneri.adv.br/,threatfox,Unknown malware,"threatfox,ClickFix",2026-10-09 04:06:24,2026-10-09 16:18:18,85
url,https://file-install.com/,threatfox,Unknown Stealer,"threatfox,WARDENStealer",2026-10-09 04:06:24,2026-10-09 04:32:38,85
url,https://fortuna-boss.club/,threatfox,Unknown Stealer,"threatfox,wardenstealer",2026-10-09 04:06:24,2026-10-09 04:32:38,85
url,https://fufelsh-13.com/,threatfox,Unknown Stealer,"threatfox,WARDENStealer",2026-10-09 04:06:24,2026-10-09 16:18:18,85
url,https://fufelshm4.com/,threatfox,Unknown Stealer,"threatfox,WARDENStealer",2026-10-09 04:06:24,2026-10-09 16:18:18,85
url,https://gargona-music-prizdec.asia/,threatfox,Unknown Stealer,"threatfox,WARDENStealer",2026-10-09 04:06:24,2026-10-09 16:18:18,85
url,https://gettfile.com/,threatfox,Unknown Stealer,"threatfox,WARDENStealer",2026-10-09 04:06:24,2026-10-09 04:32:38,85
url,https://glavnoestuchi.com/,threatfox,Unknown Stealer,"threatfox,WARDENStealer",2026-10-09 04:06:24,2026-10-09 16:18:18,85
url,https://grt12gftim13.com/,threatfox,Unknown Stealer,"threatfox,wardenstealer",2026-10-09 04:06:24,2026-10-09 04:32:38,85
url,https://herbtrends.com/,threatfox,Unknown Stealer,"threatfox,WARDENStealer",2026-10-09 04:06:24,2026-10-09 16:18:18,85
url,https://ik.333vip.org/,threatfox,Vidar,"threatfox,vidar",2026-10-09 04:06:24,2026-10-09 04:32:38,85
url,https://ik.3toto.com/,threatfox,Vidar,"threatfox,vidar",2026-10-09 04:06:24,2026-10-09 04:32:38,85
url,https://indian-community.club/,threatfox,Unknown Stealer,"threatfox,wardenstealer",2026-10-09 04:06:24,2026-10-09 04:32:38,85
url,https://ipa-gaming.com/,threatfox,Unknown Stealer,"threatfox,WARDENStealer",2026-10-09 04:06:24,2026-10-09 16:18:18,85
url,https://jgkawdq.cloud/,threatfox,Unknown Stealer,"threatfox,WARDENStealer",2026-10-09 04:06:24,2026-10-09 16:18:18,85
url,https://kaifdlyaw.com/,threatfox,Unknown Stealer,"threatfox,WARDENStealer",2026-10-09 04:06:24,2026-10-09 04:32:38,85
url,https://kertc1.website/,threatfox,Unknown Stealer,"threatfox,wardenstealer",2026-10-09 04:06:24,2026-10-09 04:32:38,85
url,https://kertc2.website/,threatfox,Unknown Stealer,"threatfox,wardenstealer",2026-10-09 04:06:24,2026-10-09 04:32:38,85
url,https://kloudtechnology.in/step,threatfox,IClickFix,"threatfox,ClickFix,DeliveryUrl",2026-10-09 04:06:24,2026-10-09 04:32:38,85
url,https://madmonkeystyle.com/,threatfox,Unknown Stealer,"threatfox,WARDENStealer",2026-10-09 04:06:24,2026-10-09 04:32:38,85
url,https://migelgarciapakota.club/,threatfox,Unknown Stealer,"threatfox,wardenstealer",2026-10-09 04:06:24,2026-10-09 04:32:38,85
url,https://minecraftingskins.wiki/,threatfox,Unknown Stealer,"threatfox,WARDENStealer",2026-10-09 04:06:24,2026-10-09 16:18:18,85
url,https://nepstech.com/,threatfox,Unknown Stealer,"threatfox,WARDENStealer",2026-10-09 04:06:24,2026-10-09 16:18:18,85
url,https://nextgadget.mom/,threatfox,Unknown Stealer,"threatfox,WARDENStealer",2026-10-09 04:06:24,2026-10-09 04:32:38,85
url,https://notguilty.info/,threatfox,Unknown Stealer,"threatfox,WARDENStealer",2026-10-09 04:06:24,2026-10-09 16:18:18,85
url,https://nweenwew234.cc/,threatfox,Unknown Stealer,"threatfox,WARDENStealer",2026-10-09 04:06:24,2026-10-09 16:18:18,85
url,https://pianolovers.club/,threatfox,Unknown Stealer,"threatfox,WARDENStealer",2026-10-09 04:06:24,2026-10-09 16:18:18,85
url,https://piska-sosidka-govno.asia/,threatfox,Unknown Stealer,"threatfox,WARDENStealer",2026-10-09 04:06:24,2026-10-09 16:18:18,85
url,https://powerhousewebs.com/,threatfox,Unknown Stealer,"threatfox,WARDENStealer",2026-10-09 04:06:24,2026-10-09 16:18:18,85
url,https://qq-0732gwh22.com/,threatfox,Unknown Stealer,"threatfox,WARDENStealer",2026-10-09 04:06:24,2026-10-09 04:32:38,85
url,https://recap-check.org/,threatfox,Unknown Stealer,"threatfox,WARDENStealer",2026-10-09 04:06:24,2026-10-09 16:18:18,85
url,https://rogaldorn.website/,threatfox,Unknown Stealer,"threatfox,WARDENStealer",2026-10-09 04:06:24,2026-10-09 04:32:38,85
url,https://script-six-tawny.vercel.app/,threatfox,Unknown malware,"threatfox,ClickFix",2026-10-09 04:06:24,2026-10-09 16:18:18,85
url,https://shur-stepflooring.com/,threatfox,Unknown Stealer,"threatfox,WARDENStealer",2026-10-09 04:06:24,2026-10-09 16:18:18,85
url,https://simplexy.rest/,threatfox,Unknown Stealer,"threatfox,WARDENStealer",2026-10-09 04:06:24,2026-10-09 16:18:18,85
url,https://spinninghubcaps.com/,threatfox,Unknown Stealer,"threatfox,WARDENStealer",2026-10-09 04:06:24,2026-10-09 16:18:18,85
url,https://sspgal.com/,threatfox,Unknown Stealer,"threatfox,WARDENStealer",2026-10-09 04:06:24,2026-10-09 16:18:18,85
url,https://stukachero.club/,threatfox,Unknown Stealer,"threatfox,WARDENStealer",2026-10-09 04:06:24,2026-10-09 16:18:18,85
url,https://stukachio.club/,threatfox,Unknown Stealer,"threatfox,WARDENStealer",2026-10-09 04:06:24,2026-10-09 16:18:18,85
url,https://systemformating.rest/,threatfox,Unknown Stealer,"threatfox,WARDENStealer",2026-10-09 04:06:24,2026-10-09 04:32:38,85
url,https://tohidco.com/,threatfox,Unknown Stealer,"threatfox,WARDENStealer",2026-10-09 04:06:24,2026-10-09 16:18:18,85
url,https://value-dome.club/,threatfox,Unknown Stealer,"threatfox,WARDENStealer",2026-10-09 04:06:24,2026-10-09 16:18:18,85
url,https://verifytrtr.vip/,threatfox,Unknown Stealer,"threatfox,WARDENStealer",2026-10-09 04:06:24,2026-10-09 04:32:38,85
url,https://vlad2004nazarenko.club/,threatfox,Unknown Stealer,"threatfox,wardenstealer",2026-10-09 04:06:24,2026-10-09 04:32:38,85
url,https://vladik-from-barsa.club/,threatfox,Unknown Stealer,"threatfox,wardenstealer",2026-10-09 04:06:24,2026-10-09 04:32:38,85
url,https://vodkanevodichka.com/,threatfox,Unknown Stealer,"threatfox,wardenstealer",2026-10-09 04:06:24,2026-10-09 04:32:38,85
url,https://warnlogs.club/,threatfox,Unknown Stealer,"threatfox,wardenstealer",2026-10-09 04:06:24,2026-10-09 04:32:38,85
url,https://web03-azureupdate.com/,threatfox,Unknown Stealer,"threatfox,WARDENStealer",2026-10-09 04:06:24,2026-10-09 16:18:18,85
url,https://web05-cloudupdate.com/,threatfox,Unknown Stealer,"threatfox,WARDENStealer",2026-10-09 04:06:24,2026-10-09 16:18:18,85
url,https://webex-028ue2.com/,threatfox,Unknown Stealer,"threatfox,WARDENStealer",2026-10-09 04:06:24,2026-10-09 16:18:18,85
url,https://wunder-fdle.com/,threatfox,Unknown Stealer,"threatfox,WARDENStealer",2026-10-09 04:06:24,2026-10-09 16:18:18,85
url,https://wunder-fundel.com/,threatfox,Unknown Stealer,"threatfox,WARDENStealer",2026-10-09 04:06:24,2026-10-09 16:18:18,85
url,https://zb64x.com/,threatfox,Unknown Stealer,"threatfox,WARDENStealer",2026-10-09 04:06:24,2026-10-09 16:18:18,85
url,https://zolotoy.club/,threatfox,Unknown Stealer,"threatfox,WARDENStealer",2026-10-09 04:06:24,2026-10-09 04:32:38,85
ssl_sha1,09a025b75e698c89b1731847a757ccbc00244f42,sslbl,OffLoader C&C,"sslbl,2026-10-08",2026-10-09 04:06:23,2026-10-09 16:18:18,88
ssl_sha1,6355bba335e57be21b44a9ed609f549cb1384167,sslbl,OverlordRAT C&C,"sslbl,2026-10-08",2026-10-09 04:06:23,2026-10-09 16:18:18,88
ssl_sha1,678674d7911f8cbb945607e91f8f05e7353be1d2,sslbl,OffLoader C&C,"sslbl,2026-10-08",2026-10-09 04:06:23,2026-10-09 16:18:18,88
ssl_sha1,7145cd3c537c8b6f07d27038330303754fd086cd,sslbl,OffLoader C&C,"sslbl,2026-10-08",2026-10-09 04:06:23,2026-10-09 16:18:18,88
hash_md5,001cde7ac1bf5ff2f210d1e968097094,malwarebazaar,Mirai,"elf,Mirai",2026-10-09 04:00:04,2026-10-09 04:32:38,85
hash_md5,01dc40c8eed7ca14008da6adfb4eb476,malwarebazaar,dll,"dll,dropped-by-YapStealer,HijackLoader,IDATLoader,wssc-flavorroute-cc,ZigClipper",2026-10-09 04:00:04,2026-10-09 04:32:38,85
hash_md5,036b240027d9142b5784817d08c1ec22,malwarebazaar,Mirai,Mirai,2026-10-09 04:00:04,2026-10-09 04:32:38,85
hash_md5,0f1d42cb6725d8194145cff1d3683634,malwarebazaar,Formbook,"exe,Formbook",2026-10-09 04:00:04,2026-10-09 04:32:38,85
hash_md5,11d27d679df4176d63ecfed4039f7c27,malwarebazaar,Mirai,"elf,Mirai",2026-10-09 04:00:04,2026-10-09 04:32:38,85
hash_md5,126f0ddde02c7f88aea1494afb1c2929,malwarebazaar,Mirai,"Mirai,upx",2026-10-09 04:00:04,2026-10-09 04:32:38,85
hash_md5,14201c51d9407b1b10e1c39eb3a349e4,malwarebazaar,zip,zip,2026-10-09 04:00:04,2026-10-09 04:32:38,85
hash_md5,146220bb51a4c9b79e55f3599245730d,malwarebazaar,iso,iso,2026-10-09 04:00:04,2026-10-09 04:32:38,85
hash_md5,197af09ba7891377a9fb935228e81e51,malwarebazaar,exe,"dropped-by-OffLoader,exe",2026-10-09 04:00:04,2026-10-09 04:32:38,85
hash_md5,1eaf987d6b6750db2245109c9e39ffc2,malwarebazaar,RustyStealer,"C,dropped-by-GCleaner,exe,MIX8.file,RustyStealer",2026-10-09 04:00:04,2026-10-09 04:32:38,85
hash_md5,2023781fc683a99bffe403001d4c73a3,malwarebazaar,exe,"exe,Wiper",2026-10-09 04:00:04,2026-10-09 04:32:38,85
hash_md5,24a551d5307706c6cd3c6f8b4eafd5da,malwarebazaar,RemcosRAT,"js,RemcosRAT",2026-10-09 04:00:04,2026-10-09 04:32:38,85
hash_md5,2599a7a9b155a4189a26955b30c65da6,malwarebazaar,Mirai,"Mirai,upx",2026-10-09 04:00:04,2026-10-09 04:32:38,85
hash_md5,25f662b97f1edc78ed07a62475bfcd49,malwarebazaar,Mirai,"elf,Mirai",2026-10-09 04:00:04,2026-10-09 04:32:38,85
hash_md5,2a1b23f25654c5cc384ecac832383e98,malwarebazaar,VShell,"exe,VShell",2026-10-09 04:00:04,2026-10-09 04:32:38,85
hash_md5,2c10522964bea89d360d438b975c64cd,malwarebazaar,AsyncRAT,"AsyncRAT,js,xworm",2026-10-09 04:00:04,2026-10-09 04:32:38,85
hash_md5,2e29ee8854afa786c9f1f738735f464b,malwarebazaar,elf,elf,2026-10-09 04:00:04,2026-10-09 04:32:38,85
hash_md5,2f765a561b23e461c38e65f40c7cc7f0,malwarebazaar,VShell,"exe,VShell",2026-10-09 04:00:04,2026-10-09 04:32:38,85
hash_md5,2fc54e662e890049651a6137a81efa3c,malwarebazaar,ValleyRAT,"exe,RAT,ValleyRAT",2026-10-09 04:00:04,2026-10-09 04:32:38,85
hash_md5,3064c11606319b47a0e30edd4cac21e3,malwarebazaar,exe,"exe,signed,stealer,vidar",2026-10-09 04:00:04,2026-10-09 04:32:38,85
hash_md5,3391ca9ec050c38ab1b8ebc3e00f3fb5,malwarebazaar,Mirai,"Mirai,upx",2026-10-09 04:00:04,2026-10-09 04:32:38,85
hash_md5,345bd23aae7e28c9b249b81a245f6c8d,malwarebazaar,ValleyRAT,"exe,SilverFox,Trojan/SilverFox.bg[qtsc],ValleyRAT",2026-10-09 04:00:04,2026-10-09 04:32:38,85
hash_md5,367d51c78359d4d4366d8b4dccd3bc1d,malwarebazaar,msi,"ClickFix,LegionLoader,msi,unalively-com",2026-10-09 04:00:04,2026-10-09 04:32:38,85
hash_md5,3a7869f5334afb63737d26f3770b4284,malwarebazaar,Mirai,"elf,Mirai",2026-10-09 04:00:04,2026-10-09 04:32:38,85
hash_md5,3b4bc5de6a9eb12e175be53664297cc3,malwarebazaar,Mirai,"elf,Mirai",2026-10-09 04:00:04,2026-10-09 04:32:38,85
hash_md5,3c0ef0bc3fd0c3aa5555a7a878b2e3c2,malwarebazaar,Mirai,"Mirai,upx",2026-10-09 04:00:04,2026-10-09 04:32:38,85
hash_md5,3fcaf3df1e8aac7b27141da302ef6b26,malwarebazaar,exe,"54e64e,dropped-by-Amadey,exe",2026-10-09 04:00:04,2026-10-09 04:32:38,85
hash_md5,40ebeef9b901cadd0f721ed9d85ea98d,malwarebazaar,vbs,vbs,2026-10-09 04:00:04,2026-10-09 04:32:38,85
hash_md5,419bde1e6826f3f2d2b3b1b3f156d19b,malwarebazaar,Mirai,elf,2026-10-09 04:00:04,2026-10-09 04:32:38,85
hash_md5,42bc18e69fed0270ad331caac75a896f,malwarebazaar,macho,macho,2026-10-09 04:00:04,2026-10-09 04:32:38,85
hash_md5,43992ed63b048e2009585b4938200df2,malwarebazaar,exe,"CNBackdoor,exe",2026-10-09 04:00:04,2026-10-09 04:32:38,85
hash_md5,43eebca4d9ad2ef67743901983ff0d7f,malwarebazaar,elf,"elf,upx",2026-10-09 04:00:04,2026-10-09 04:32:38,85
hash_md5,47e06d34af0aea9b87207f86d7e87b67,malwarebazaar,elf,elf,2026-10-09 04:00:04,2026-10-09 04:32:38,85
hash_md5,49641f58d77d1249bffc31a6f162505f,malwarebazaar,sh,"cowrie,dropper,honeypot,sh",2026-10-09 04:00:04,2026-10-09 04:32:38,85
hash_md5,4ad22cc59138d9eaf4feb63eff7cee9e,malwarebazaar,Mirai,"elf,Mirai",2026-10-09 04:00:04,2026-10-09 04:32:38,85
hash_md5,4cc7c27267fb8eb1f2b87e37ac128c0b,malwarebazaar,elf,elf,2026-10-09 04:00:04,2026-10-09 04:32:38,85
hash_md5,4eaafbd679f680790150ecbb0643ee07,malwarebazaar,js,js,2026-10-09 04:00:04,2026-10-09 04:32:38,85
hash_md5,4fd236e9b9e9a0e657598512095ec8f0,malwarebazaar,Mirai,"elf,Mirai",2026-10-09 04:00:04,2026-10-09 04:32:38,85
hash_md5,50dabd72140382dd9838fd06998671f2,malwarebazaar,Mirai,"elf,Mirai",2026-10-09 04:00:04,2026-10-09 04:32:38,85
hash_md5,511ff8eb710c0ae15d975b0d0296688b,malwarebazaar,Mirai,"elf,Mirai,upx-dec",2026-10-09 04:00:04,2026-10-09 04:32:38,85
hash_md5,53fbf1c0455cc842f31aadb8d36af84d,malwarebazaar,jar,"jar,python,silentnet",2026-10-09 04:00:04,2026-10-09 04:32:38,85
hash_md5,5ad723393b57ed0f2e956bf42531ea35,malwarebazaar,Mirai,elf,2026-10-09 04:00:04,2026-10-09 04:32:38,85
hash_md5,5d07204caabbab68d2194137a5e399a0,malwarebazaar,iso,"CNBackdoor,iso",2026-10-09 04:00:04,2026-10-09 04:32:38,85
hash_md5,62fd5e8acda106ff5dbef167b99b8829,malwarebazaar,Mirai,"elf,Mirai,upx-dec",2026-10-09 04:00:04,2026-10-09 04:32:38,85
hash_md5,6383d4f132c8470a93703e0c6912dd23,malwarebazaar,exe,"boss-nazarenko-club,exe,YapStealer",2026-10-09 04:00:04,2026-10-09 04:32:38,85
hash_md5,6986cda4d9478cd2743c764500115e0b,malwarebazaar,exe,"d52f85,dropped-by-Amadey,exe",2026-10-09 04:00:04,2026-10-09 04:32:38,85
hash_md5,6dd23df441996f034066f747d9a4dc1f,malwarebazaar,elf,elf,2026-10-09 04:00:04,2026-10-09 04:32:38,85
hash_md5,6e4e02fb56c5d5f6b825b83f78543b45,malwarebazaar,RemusStealer,"exe,RemusStealer,signed",2026-10-09 04:00:04,2026-10-09 04:32:38,85
hash_md5,701235b6551adda5bc081bd02bfeb9be,malwarebazaar,Mirai,"elf,Mirai",2026-10-09 04:00:04,2026-10-09 04:32:38,85
hash_md5,70311f89f41fdb5a5fc16e8ece6114ab,malwarebazaar,elf,elf,2026-10-09 04:00:04,2026-10-09 04:32:38,85
hash_md5,7405df8ee3cc0dd7da7a972166c61eab,malwarebazaar,exe,exe,2026-10-09 04:00:04,2026-10-09 04:32:38,85
hash_md5,76dc83fa3aaadb20361f05f6ea62c653,malwarebazaar,elf,elf,2026-10-09 04:00:04,2026-10-09 04:32:38,85
hash_md5,771820d9449b6b582fa3ce6dd69f0d9e,malwarebazaar,Mirai,"elf,Mirai,upx-dec",2026-10-09 04:00:04,2026-10-09 04:32:38,85
hash_md5,7a660b5089a4a8f90d9f3de2fc1e011c,malwarebazaar,Mirai,"elf,Mirai,upx-dec",2026-10-09 04:00:04,2026-10-09 04:32:38,85
hash_md5,7e985941d1ab0148d279ca2e99b1392b,malwarebazaar,exe,"exe,kertc2-website,YapStealer",2026-10-09 04:00:04,2026-10-09 04:32:38,85
hash_md5,7e99fe0590f0add516bb57fe8dd8aba8,malwarebazaar,sh,"cowrie,dropper,honeypot,sh",2026-10-09 04:00:04,2026-10-09 04:32:38,85
hash_md5,8ba88cb3e6a21e5b3f9e6047b266aa4f,malwarebazaar,exe,"dropped-by-GCleaner,exe,P,signed,UNIQPREM.file",2026-10-09 04:00:04,2026-10-09 04:32:38,85
hash_md5,8c3d149c1c8b7a3dee5cc9e12a6a5bd6,malwarebazaar,zip,"dropped-by-YapStealer,HijackLoader,IDATLoader,wssc-flavorroute-cc,ZigClipper,zip",2026-10-09 04:00:04,2026-10-09 04:32:38,85
hash_md5,8fa054f6ba0eb084c07c83f1eb947096,malwarebazaar,apk,signed,2026-10-09 04:00:04,2026-10-09 04:32:38,85
hash_md5,90122868f1cb205ebf5dc41ced6621fd,malwarebazaar,Mirai,"elf,Mirai",2026-10-09 04:00:04,2026-10-09 04:32:38,85
hash_md5,93c40fa2bf3f5c8162ebb0dd9a0194a8,malwarebazaar,macho,"ClickFix,Foxveil,loader,Mach-O,macho,macOS",2026-10-09 04:00:04,2026-10-09 04:32:38,85
hash_md5,9875667f47bab0227f2f5bffa4124d94,malwarebazaar,exe,"bobilittelpony-com,exe,SpaxMedia,YapStealer",2026-10-09 04:00:04,2026-10-09 04:32:38,85
hash_md5,9a0faa929ff4b741a8b04552eea48d61,malwarebazaar,Mirai,"elf,Mirai",2026-10-09 04:00:04,2026-10-09 04:32:38,85
hash_md5,9aded04ccc15bafafb2d84e745696c18,malwarebazaar,Mirai,"elf,Mirai",2026-10-09 04:00:04,2026-10-09 04:32:38,85
hash_md5,9beb91dd776a6d3d0dd4ba0b0fabadbe,malwarebazaar,Mirai,elf,2026-10-09 04:00:04,2026-10-09 04:32:38,85
hash_md5,a05432b0cf14c727c22a91a75380bdc4,malwarebazaar,7z,"7z,file-pumped,kertc2-website,pw-5733,YapStealer",2026-10-09 04:00:04,2026-10-09 04:32:38,85
hash_md5,a0fe82f6236ef3efa7ac4779580613a9,malwarebazaar,Mirai,"elf,Mirai",2026-10-09 04:00:04,2026-10-09 04:32:38,85
hash_md5,a28b265da1d76b6d1b308851e5de17df,malwarebazaar,Mirai,"elf,Mirai",2026-10-09 04:00:04,2026-10-09 04:32:38,85
hash_md5,a3b5333230ace877f48e6ebcc5df038d,malwarebazaar,Mirai,"elf,Mirai",2026-10-09 04:00:04,2026-10-09 04:32:38,85
hash_md5,a48bdee475d7b4b1fb298a7a0477a1a8,malwarebazaar,exe,"exe,signed,stealer,vidar",2026-10-09 04:00:04,2026-10-09 04:32:38,85
hash_md5,a601b0d73496cc1002460c739b986fdc,malwarebazaar,elf,elf,2026-10-09 04:00:04,2026-10-09 04:32:38,85
hash_md5,a86f0faf0e8db1006b19130420ae3535,malwarebazaar,exe,"de-pumped,exe,kertc2-website,YapStealer",2026-10-09 04:00:04,2026-10-09 04:32:38,85
hash_md5,a8b4c90abf992f45e7111145113469bd,malwarebazaar,Mirai,"elf,Mirai",2026-10-09 04:00:04,2026-10-09 04:32:38,85
hash_md5,abf4a82fc36da0c8918f7e8b7185d97c,malwarebazaar,RemusStealer,"dropped-by-GCleaner,exe,F,MIX3.file,RemusStealer",2026-10-09 04:00:04,2026-10-09 04:32:38,85
hash_md5,ac27ed9369c79339759263f46f1535e6,malwarebazaar,exe,"BB3.file,dropped-by-GCleaner,exe,F",2026-10-09 04:00:04,2026-10-09 04:32:38,85
hash_md5,ae0a466748b9b9996188d9770ca9ebeb,malwarebazaar,exe,"exe,kertc1-website,YapStealer",2026-10-09 04:00:04,2026-10-09 04:32:38,85
hash_md5,b30e75738b06cca237b5a81cc15ad8a6,malwarebazaar,ConnectWise,"ConnectWise,dropped-by-GCleaner,exe,F,MIX1.file,signed",2026-10-09 04:00:04,2026-10-09 04:32:38,85
hash_md5,b490f15d5602287c1db5c612f459b4e5,malwarebazaar,elf,elf,2026-10-09 04:00:04,2026-10-09 04:32:38,85
hash_md5,b85b33c6c8ac7242fb09c70c5c583a11,malwarebazaar,ValleyRAT,"exe,SilverFox,Trojan/SilverFox.bm[lddel],ValleyRAT",2026-10-09 04:00:04,2026-10-09 04:32:38,85
hash_md5,bdd962a1807df4ee04227c596a258c9e,malwarebazaar,Mirai,Mirai,2026-10-09 04:00:04,2026-10-09 04:32:38,85
hash_md5,c2d1b320cd2f68e9d43dc13c90a1cfe7,malwarebazaar,jar,"jar,Silentnet",2026-10-09 04:00:04,2026-10-09 04:32:38,85
hash_md5,c353a70fc94cfb058da65395c4838592,malwarebazaar,Mirai,"Mirai,upx",2026-10-09 04:00:04,2026-10-09 04:32:38,85
hash_md5,c5650f177d561ccbff522cb9d04ef2ca,malwarebazaar,Mirai,"Mirai,upx",2026-10-09 04:00:04,2026-10-09 04:32:38,85
hash_md5,c6b475074fdd3c14d179add00066d082,malwarebazaar,exe,"exe,vodkanevodichka-com,YapStealer",2026-10-09 04:00:04,2026-10-09 04:32:38,85
hash_md5,c8d00fa8c120721945a74cb657ac633d,malwarebazaar,RemusStealer,"exe,RemusStealer,signed,wooocommerce-shopping",2026-10-09 04:00:04,2026-10-09 04:32:38,85
hash_md5,c968096ea5e801425ab18558e945e5e8,malwarebazaar,Mirai,"elf,Mirai",2026-10-09 04:00:04,2026-10-09 04:32:38,85
hash_md5,ceef0c7df2695363cd5769f7510334e4,malwarebazaar,Mirai,"elf,Mirai,upx-dec",2026-10-09 04:00:04,2026-10-09 04:32:38,85
hash_md5,d0adb0345fdac2e67839766e143c34d5,malwarebazaar,elf,"elf,upx-dec",2026-10-09 04:00:04,2026-10-09 04:32:38,85
hash_md5,d1b0e2eb0d2f59a5661127df5cffb953,malwarebazaar,Mirai,"elf,Mirai",2026-10-09 04:00:04,2026-10-09 04:32:38,85
hash_md5,d24980d6d3a3cd3cad3f2eb62048779b,malwarebazaar,exe,"exe,vlad2004nazarenko-club,YapStealer",2026-10-09 04:00:04,2026-10-09 04:32:38,85
hash_md5,d25980b18209742af5a249789124de75,malwarebazaar,zip,"ACRStealer,patch-cobaltwave-cc,zip",2026-10-09 04:00:04,2026-10-09 04:32:38,85
hash_md5,d62d4b7811e37ce789b40ff9343e3458,malwarebazaar,exe,"browserhijacker,CLOUDHAZE,exe,infostealer,PinkHugeSearch,signed",2026-10-09 04:00:04,2026-10-09 04:32:38,85
hash_md5,da34af1c57fc6aac910820e864f92c2d,malwarebazaar,Mirai,"elf,Mirai",2026-10-09 04:00:04,2026-10-09 04:32:38,85
hash_md5,dcd580118706ee497e645311915996b0,malwarebazaar,exe,"exe,SilverFox,ValleyRAT",2026-10-09 04:00:04,2026-10-09 04:32:38,85
hash_md5,de7c1d85e7a14305872f168007e7bdd6,malwarebazaar,lnk,lnk,2026-10-09 04:00:04,2026-10-09 04:32:38,85
hash_md5,e136fadd3494833f1c7d073df3a0772f,malwarebazaar,exe,"exe,signed",2026-10-09 04:00:04,2026-10-09 04:32:38,85
hash_md5,e1d46b0bb2a4e77bf781c0222a6abdb2,malwarebazaar,Mirai,Mirai,2026-10-09 04:00:04,2026-10-09 04:32:38,85
hash_md5,e4653e27bd4f0979d1676f06ec4ba55e,malwarebazaar,Gh0stRAT,"dll,Gh0stRAT,RAT",2026-10-09 04:00:04,2026-10-09 04:32:38,85
hash_md5,e47ffac29696de3c8d72bc0c78e33a71,malwarebazaar,jar,"jar,runelite,runelure,stealer",2026-10-09 04:00:04,2026-10-09 04:32:38,85
hash_md5,e55c3875b9c65f2d4dc739a97d652752,malwarebazaar,Mirai,elf,2026-10-09 04:00:04,2026-10-09 04:32:38,85
hash_md5,e954c33a4f1d57ecf977f3409d3fe0ac,malwarebazaar,dll,"bpl,dropped-by-YapStealer,HijackLoader,IDATLoader,wssc-flavorroute-cc,ZigClipper",2026-10-09 04:00:04,2026-10-09 04:32:38,85
hash_md5,e9587b23f22fd7052bf581b1bb234445,malwarebazaar,zip,"ACRStealer,content-duskrunner-cc,zip",2026-10-09 04:00:04,2026-10-09 04:32:38,85
hash_md5,ebd63299adb9b76fd28de78a3682dd91,malwarebazaar,elf,elf,2026-10-09 04:00:04,2026-10-09 04:32:38,85
hash_md5,f59ac98c07d26813ad7995523185a94d,malwarebazaar,Mirai,"elf,Mirai",2026-10-09 04:00:04,2026-10-09 04:32:38,85
hash_md5,f7d83d241f4a45ea7a97ea74a1016dff,malwarebazaar,ValleyRAT,"exe,RAT,ValleyRAT",2026-10-09 04:00:04,2026-10-09 04:32:38,85
hash_md5,fe3d23e476d470ed2f5f3022ccea6635,malwarebazaar,Mirai,"elf,Mirai",2026-10-09 04:00:04,2026-10-09 04:32:38,85
hash_md5,fe7c856701c13f3bd2b3825fb61d47c8,malwarebazaar,CoinMiner,exe,2026-10-09 04:00:04,2026-10-09 04:32:38,85
hash_sha256,01ec79ca328f90e03dd0c9ab0c115bacc279fa5eccea4cc03e4676dc9da78399,malwarebazaar,RemusStealer,"exe,RemusStealer,signed",2026-10-09 04:00:04,2026-10-09 04:32:38,85
hash_sha256,0419e82dd1b5ed807540b2be4ba98789965b2e3a6011ab180a950dc5c58c7245,malwarebazaar,Mirai,"elf,Mirai",2026-10-09 04:00:04,2026-10-09 04:32:38,85
hash_sha256,067cca16320e71dc49750d36bb7aea2efaa4f2b0ceae71a0adf5e662aa2c510b,malwarebazaar,js,js,2026-10-09 04:00:04,2026-10-09 04:32:38,85
hash_sha256,0886e17b38d09ef7b0855a2394dd33454939edb3f33a43096c93e0dccfe6a81c,malwarebazaar,elf,elf,2026-10-09 04:00:04,2026-10-09 04:32:38,85
hash_sha256,0c4899656aa98daa195ecd372fe4bdeaaa4bec7a59212de2dba415a8b4ea310d,malwarebazaar,exe,"de-pumped,exe,kertc2-website,YapStealer",2026-10-09 04:00:04,2026-10-09 04:32:38,85
hash_sha256,121eb4be27d17c1c4320b912d75db79b337ad3a087a00a44dd94c2600ebc1304,malwarebazaar,ValleyRAT,"exe,RAT,ValleyRAT",2026-10-09 04:00:04,2026-10-09 04:32:38,85
hash_sha256,13608aa205e934e3e0b3ac504e1589a41285f9197f6f53be01c2bc59f46b6837,malwarebazaar,dll,"bpl,dropped-by-YapStealer,HijackLoader,IDATLoader,wssc-flavorroute-cc,ZigClipper",2026-10-09 04:00:04,2026-10-09 04:32:38,85
hash_sha256,163cb287fd8f81c13901eb4ddaea2db326213f4d2095e0e64321b9afd8300480,malwarebazaar,elf,elf,2026-10-09 04:00:04,2026-10-09 04:32:38,85
hash_sha256,1751d5c748f1af5d9229a43a3d9916a6b7cb21ed32af31d251e1c854053e108b,malwarebazaar,Mirai,"elf,Mirai,upx-dec",2026-10-09 04:00:04,2026-10-09 04:32:38,85
hash_sha256,1d892ead1a3f3c9afb5b629cde86663d3d5589e40eec6e8ed944cdd7e1e85d5a,malwarebazaar,iso,"CNBackdoor,iso",2026-10-09 04:00:04,2026-10-09 04:32:38,85
hash_sha256,242b9b5614d4eb7a645c8deca0356ee9d6226395c6ed94469a694ee90faa5d8c,malwarebazaar,Mirai,"Mirai,upx",2026-10-09 04:00:04,2026-10-09 04:32:38,85
hash_sha256,2524ca7fb873708b0e994ca5f6f18db95fcd5bc59c7e54eb5426b91658759142,malwarebazaar,jar,"jar,runelite,runelure,stealer",2026-10-09 04:00:04,2026-10-09 04:32:38,85
hash_sha256,29fbd5445427c933eb1938ebea9fd05f784758ebfa68c22ac08441ef3286c9b1,malwarebazaar,exe,"exe,kertc1-website,YapStealer",2026-10-09 04:00:04,2026-10-09 04:32:38,85
hash_sha256,2c24769688bb6658599eed56478b3320d32d79a55da0da144079c146b7ea82d4,malwarebazaar,Mirai,"elf,Mirai",2026-10-09 04:00:04,2026-10-09 04:32:38,85
hash_sha256,2db4f1c4c73386907dfe6a4aa19186648149b0235dd38feea0b3db27cc83375a,malwarebazaar,exe,"boss-nazarenko-club,exe,YapStealer",2026-10-09 04:00:04,2026-10-09 04:32:38,85
hash_sha256,2fb5a098919a7e2cc0ab7f2fddd8d082ff363650e7863341287527c608c642d7,malwarebazaar,Mirai,"elf,Mirai",2026-10-09 04:00:04,2026-10-09 04:32:38,85
hash_sha256,3330f9f5be2b0b4fb0bffc7ceb770deb2dbbc798dcf421d55812700ad76e2f0b,malwarebazaar,Mirai,Mirai,2026-10-09 04:00:04,2026-10-09 04:32:38,85
hash_sha256,33ea1acbfd8fe260fc4394f34652f90509f602e6da51a97a0c75fd39006fb30f,malwarebazaar,Mirai,Mirai,2026-10-09 04:00:04,2026-10-09 04:32:38,85
hash_sha256,36324af60466940192d18de84a07ac6d897a163bf4a5d296257f10856a95d6e7,malwarebazaar,Mirai,"elf,Mirai,upx-dec",2026-10-09 04:00:04,2026-10-09 04:32:38,85
hash_sha256,37fb141242998ee64251670fd41c6a9005680d81e8a4b9839064b9eb203fa4f3,malwarebazaar,Mirai,"Mirai,upx",2026-10-09 04:00:04,2026-10-09 04:32:38,85
hash_sha256,3800a41b441e60803ac9ee6f700555619888b0b7a882ef557325f2b6b7843b2d,malwarebazaar,exe,"exe,signed,stealer,vidar",2026-10-09 04:00:04,2026-10-09 04:32:38,85
hash_sha256,38dbcfe9e766a0b1a15c90e021febb42d75fd103328a6e1361fbb75ea1664f7e,malwarebazaar,exe,"exe,signed",2026-10-09 04:00:04,2026-10-09 04:32:38,85
hash_sha256,3a810e0fbee30b2af13c04f12c51f5cba936c64077aea2a334e53b125920fd7f,malwarebazaar,sh,"cowrie,dropper,honeypot,sh",2026-10-09 04:00:04,2026-10-09 04:32:38,85
hash_sha256,3ad99b41929cbbbde9c2f97c4ab10065af1f8fcad08e2c443975f4d83c561c89,malwarebazaar,Mirai,Mirai,2026-10-09 04:00:04,2026-10-09 04:32:38,85
hash_sha256,3df0cc764976a4ca25b7959d53a0d432d165a57c381d08679357362be006c8f1,malwarebazaar,iso,iso,2026-10-09 04:00:04,2026-10-09 04:32:38,85
hash_sha256,3ecaa29f595dfa5b433ba14f8c81cc14a614a8f78ff955e4c5a26ed1d71a7376,malwarebazaar,exe,"exe,vlad2004nazarenko-club,YapStealer",2026-10-09 04:00:04,2026-10-09 04:32:38,85
hash_sha256,40ea1e9b3f8237e7d7cfe16f94137355cd9884c22716375278d4478d26253dd1,malwarebazaar,exe,"bobilittelpony-com,exe,SpaxMedia,YapStealer",2026-10-09 04:00:04,2026-10-09 04:32:38,85
hash_sha256,448b653511a12b85616230b744e0c270a28593b2eff222ab432f0a077ad3e328,malwarebazaar,CoinMiner,exe,2026-10-09 04:00:04,2026-10-09 04:32:38,85
hash_sha256,4807236cfb7d8305e246c519b46ca558704a239b17c9eef9545ab7bb79154229,malwarebazaar,elf,elf,2026-10-09 04:00:04,2026-10-09 04:32:38,85
hash_sha256,4a5f7246b6f285d6d47a7e88ef43ba53a66811e94688b0ac8908fc53d99ec3c2,malwarebazaar,zip,"ACRStealer,patch-cobaltwave-cc,zip",2026-10-09 04:00:04,2026-10-09 04:32:38,85
hash_sha256,4ca810ed33db741b86f8b3c07eec620456c23d4bf8737ed58781eba3c5b47029,malwarebazaar,exe,"d52f85,dropped-by-Amadey,exe",2026-10-09 04:00:04,2026-10-09 04:32:38,85
hash_sha256,4cb7b82b2cbde85bfa1fb6d6affc673eb18ab20547dcb0ce3a0bec3ef6144876,malwarebazaar,ConnectWise,"ConnectWise,dropped-by-GCleaner,exe,F,MIX1.file,signed",2026-10-09 04:00:04,2026-10-09 04:32:38,85
hash_sha256,4d90b19f8a3c224131db8f6e96a99a970b044c6392a4654ccd82fa8bce4adcb9,malwarebazaar,vbs,vbs,2026-10-09 04:00:04,2026-10-09 04:32:38,85
hash_sha256,4ddf228dbf2223bf9fd2348440eda53ca45de1ca1a2d8785f219f20197b32c9f,malwarebazaar,Gh0stRAT,"dll,Gh0stRAT,RAT",2026-10-09 04:00:04,2026-10-09 04:32:38,85
hash_sha256,4df9902f81140d914a156af18f77534bcc4d1ad577ca91af97dfafb961aa72b4,malwarebazaar,Mirai,"elf,Mirai",2026-10-09 04:00:04,2026-10-09 04:32:38,85
hash_sha256,4e2d3b193a9bfb9f3a369a251a1b722450fa13d8fc193d3c872ebf1062783fde,malwarebazaar,Formbook,"exe,Formbook",2026-10-09 04:00:04,2026-10-09 04:32:38,85
hash_sha256,4f3179dce42f5c010b80304931d67fca6f5fcccbdd916b51785bc43a832af6d4,malwarebazaar,Mirai,"elf,Mirai",2026-10-09 04:00:04,2026-10-09 04:32:38,85
hash_sha256,550183dc18026b2bd9be81c2ef1a32b64ccad2732d0268b29aef33acc73b9b4e,malwarebazaar,Mirai,"elf,Mirai,upx-dec",2026-10-09 04:00:04,2026-10-09 04:32:38,85
hash_sha256,5529d9ff7d84cb7a8db1f2d0ef9d50ff03488a7469d4ff156276521e30dd2d9d,malwarebazaar,Mirai,"elf,Mirai",2026-10-09 04:00:04,2026-10-09 04:32:38,85
hash_sha256,577351cb939eda8db3c9debe35731085c4b12e723995565e4d445844249fb72e,malwarebazaar,Mirai,"Mirai,upx",2026-10-09 04:00:04,2026-10-09 04:32:38,85
hash_sha256,5bdb3811a749e3af3e5832bdc778a45a43146ed66df97cfd715cbeadd872e379,malwarebazaar,elf,"elf,upx",2026-10-09 04:00:04,2026-10-09 04:32:38,85
hash_sha256,5e3f5df112be21b05e0f50da7d6868fd62d843da044cb1993c314dde69ad19e2,malwarebazaar,elf,elf,2026-10-09 04:00:04,2026-10-09 04:32:38,85
hash_sha256,61fba4eb0df49bb5408ba96109a26cf7a64a2d123a4afff7b01b1a72f3d2c75b,malwarebazaar,Mirai,"elf,Mirai",2026-10-09 04:00:04,2026-10-09 04:32:38,85
hash_sha256,639dd1de39bccb7984585c453b482145a6ad7353007a8ea3cdbf01a65076e151,malwarebazaar,apk,signed,2026-10-09 04:00:04,2026-10-09 04:32:38,85
hash_sha256,6afc6978ec9752ab4558a6c9cb1b62124619fe2bec6f727b09309f7a323d0eee,malwarebazaar,Mirai,"elf,Mirai",2026-10-09 04:00:04,2026-10-09 04:32:38,85
hash_sha256,6f70689f8ecdfb7dd540cb83d8a462e1de8846c182ababbf6c0c3fcfdcf24987,malwarebazaar,Mirai,"Mirai,upx",2026-10-09 04:00:04,2026-10-09 04:32:38,85
hash_sha256,703d34a8d6a70eedbb3bd431fb90990bb4a9f0da873d0e9ed9941ce3ea4a5556,malwarebazaar,Mirai,"elf,Mirai",2026-10-09 04:00:04,2026-10-09 04:32:38,85
hash_sha256,77840f54cad6ff1badd14a0301f4b508bd657059a55bd83adb9e5c9116fb060e,malwarebazaar,Mirai,"elf,Mirai",2026-10-09 04:00:04,2026-10-09 04:32:38,85
hash_sha256,77b3ca522f338bd41a022b34dc12e79b1ff6f650ae1d2801d2aaee99d965ab92,malwarebazaar,RemusStealer,"exe,RemusStealer,signed,wooocommerce-shopping",2026-10-09 04:00:04,2026-10-09 04:32:38,85
hash_sha256,793cfc2d1054179c987a21dfe328a6419d37e362584b8083c2b91500f31f1fe7,malwarebazaar,Mirai,"elf,Mirai",2026-10-09 04:00:04,2026-10-09 04:32:38,85
hash_sha256,7a8de9672d3697af7c6d30b286764b2790e8c448d0b05ed3d6fa5b6c6d8f8525,malwarebazaar,elf,"elf,upx-dec",2026-10-09 04:00:04,2026-10-09 04:32:38,85
hash_sha256,7f1db334fd3302cf98dd4afddf6f90e98e2a496fe7e86bf1832b89d02f3d73c3,malwarebazaar,exe,"browserhijacker,CLOUDHAZE,exe,infostealer,PinkHugeSearch,signed",2026-10-09 04:00:04,2026-10-09 04:32:38,85
hash_sha256,820c91b50591c4b825ef2914d25481278945d3a06d0692f1783be4cf8d97d24b,malwarebazaar,exe,"exe,kertc2-website,YapStealer",2026-10-09 04:00:04,2026-10-09 04:32:38,85
hash_sha256,84fd7e7de84bf9080ec938f944b81807faa769ab2e27a4d0a5f8596ff6dc0072,malwarebazaar,ValleyRAT,"exe,SilverFox,Trojan/SilverFox.bg[qtsc],ValleyRAT",2026-10-09 04:00:04,2026-10-09 04:32:38,85
hash_sha256,86f4decbca80d998b41cca3d965d720eda43ef2e3ecfac3f632a951afb956210,malwarebazaar,Mirai,elf,2026-10-09 04:00:04,2026-10-09 04:32:38,85
hash_sha256,8d0f20e8ad3f80860c9f36105caa3528776e9f98573f2dac8ebc0c55325b62ac,malwarebazaar,VShell,"exe,VShell",2026-10-09 04:00:04,2026-10-09 04:32:38,85
hash_sha256,9135f4d24e45365b9680df64f6d0f51dba3a4ff7b740ca1cff3bc6b9998c474c,malwarebazaar,macho,macho,2026-10-09 04:00:04,2026-10-09 04:32:38,85
hash_sha256,91fbcdb39cc834cebb0898e90b0ef8eebaffef9ee24c8c04ab1b4c3fb94d5bbc,malwarebazaar,Mirai,"elf,Mirai",2026-10-09 04:00:04,2026-10-09 04:32:38,85
hash_sha256,964bc30611482bc8d2274e77b28e46c0c9c9b1a2b1ff6dfb2743fcb3efd82558,malwarebazaar,exe,"54e64e,dropped-by-Amadey,exe",2026-10-09 04:00:04,2026-10-09 04:32:38,85
hash_sha256,9797681d659fb3b6597629112f90265a7bf50a516453e1fae0a0e2a36cd709d8,malwarebazaar,exe,"exe,vodkanevodichka-com,YapStealer",2026-10-09 04:00:04,2026-10-09 04:32:38,85
hash_sha256,993d4b5f4f4473d63de2fac7184adb8f78b7891e86a2e1b0361ddcb586a27147,malwarebazaar,7z,"7z,file-pumped,kertc2-website,pw-5733,YapStealer",2026-10-09 04:00:04,2026-10-09 04:32:38,85
hash_sha256,99410c62ffbaf607a62c2badf53d84ae450cb187f3b211fb8b89dd640c687a4e,malwarebazaar,macho,"ClickFix,Foxveil,loader,Mach-O,macho,macOS",2026-10-09 04:00:04,2026-10-09 04:32:38,85
hash_sha256,99ef0d24c29b2122a3ecad4a0b9f9dc9677a4838d0c41a5ab567b1acddee0524,malwarebazaar,exe,exe,2026-10-09 04:00:04,2026-10-09 04:32:38,85
hash_sha256,9a738a1e7ffc5bfbad53e1c345cb56b63c9e7750c243eeacf2d356ab0e6a86bf,malwarebazaar,RustyStealer,"C,dropped-by-GCleaner,exe,MIX8.file,RustyStealer",2026-10-09 04:00:04,2026-10-09 04:32:38,85
hash_sha256,9d7bb13d6ceee4ed10a90bd9c260e926613ee05bd5949b71051f40d38883f714,malwarebazaar,jar,"jar,python,silentnet",2026-10-09 04:00:04,2026-10-09 04:32:38,85
hash_sha256,9fab454b014d9d786136d9c40303a124d3a0d3d4d647bcfcf95bb4d7d17a16b0,malwarebazaar,Mirai,elf,2026-10-09 04:00:04,2026-10-09 04:32:38,85
hash_sha256,a2340ba1546cea741ea17fb6d84a51e39cfde541838836f801833d6a99999bc6,malwarebazaar,Mirai,"elf,Mirai",2026-10-09 04:00:04,2026-10-09 04:32:38,85
hash_sha256,a613c9f0e38973c956ea867fc81b823bc994355a90f2cf42d57a294fb1625b3a,malwarebazaar,msi,"ClickFix,LegionLoader,msi,unalively-com",2026-10-09 04:00:04,2026-10-09 04:32:38,85
hash_sha256,aa684c1bf96f4c4aa06295c39bd7a08ae3a12b042e1d5407f921f665d6fb20d3,malwarebazaar,Mirai,"elf,Mirai",2026-10-09 04:00:04,2026-10-09 04:32:38,85
hash_sha256,ad7ae1df63dc9f6ee4eabbeb4e9c0f98b2a1b1d69ad8bde9b564e998678310c4,malwarebazaar,dll,"dll,dropped-by-YapStealer,HijackLoader,IDATLoader,wssc-flavorroute-cc,ZigClipper",2026-10-09 04:00:04,2026-10-09 04:32:38,85
hash_sha256,aecef9efaad031a5d0a5ec25d49138708f93a69bc50a7cee73fc2352ba19a995,malwarebazaar,exe,"exe,signed,stealer,vidar",2026-10-09 04:00:04,2026-10-09 04:32:38,85
hash_sha256,afee86ae2e8a4841dd46270443d419a4c270ab5f19f5ca6acf88ba8419eb36dc,malwarebazaar,zip,"ACRStealer,content-duskrunner-cc,zip",2026-10-09 04:00:04,2026-10-09 04:32:38,85
hash_sha256,b077215af833ac80e92a57f8ab2613217e87f7f7aa9ed16ce9497f08de54d5f0,malwarebazaar,AsyncRAT,"AsyncRAT,js,xworm",2026-10-09 04:00:04,2026-10-09 04:32:38,85
hash_sha256,b10daff5af0638ea0b47cc205fac28f3a8246cbd0dad1f22a11055c90e375fc3,malwarebazaar,Mirai,"elf,Mirai",2026-10-09 04:00:04,2026-10-09 04:32:38,85
hash_sha256,b2273c5a22de129ad1b886fcc1b9a3e3862389b5843a6c68d93554189efb8c2e,malwarebazaar,Mirai,"elf,Mirai,upx-dec",2026-10-09 04:00:04,2026-10-09 04:32:38,85
hash_sha256,b426e063f6e71de0d8c7bd6b1ed9c342e3aed4e16ff9d0b50154c67b899f8541,malwarebazaar,ValleyRAT,"exe,RAT,ValleyRAT",2026-10-09 04:00:04,2026-10-09 04:32:38,85
hash_sha256,ba0a5a40fac99dcbb4fd902650d3049c033fb52b31c2b0cd5e8276345bb49b7c,malwarebazaar,exe,"exe,Wiper",2026-10-09 04:00:04,2026-10-09 04:32:38,85
hash_sha256,bbc090045e9171257096fbeef4bb6696ea9787a4d38b44a1cb16adaf1202401f,malwarebazaar,Mirai,"elf,Mirai",2026-10-09 04:00:04,2026-10-09 04:32:38,85
hash_sha256,bff1a0106509646f73c8aa2be4372668291b2204ad9a5ca1a622d5f30941dc5b,malwarebazaar,Mirai,"elf,Mirai",2026-10-09 04:00:04,2026-10-09 04:32:38,85
hash_sha256,c55e5baca2162ac54e70de00a3d25b8a9a54617965eb36d1d7080f7d2e0460d7,malwarebazaar,exe,"BB3.file,dropped-by-GCleaner,exe,F",2026-10-09 04:00:04,2026-10-09 04:32:38,85
hash_sha256,caa464e61f4adda038fd4c979b8d939ef1564e038baa925f9c90e5a803d41804,malwarebazaar,Mirai,"elf,Mirai,upx-dec",2026-10-09 04:00:04,2026-10-09 04:32:38,85
hash_sha256,cc0ab18f186304dbb698dc167a9fd4e2582efa487e83eeed40b6a972cd141b2a,malwarebazaar,Mirai,"elf,Mirai",2026-10-09 04:00:04,2026-10-09 04:32:38,85
hash_sha256,cc41fea5a9b0a072b9f0a36a7610a682acbae747ce65265d0f43ccb4b184d8d9,malwarebazaar,Mirai,"elf,Mirai",2026-10-09 04:00:04,2026-10-09 04:32:38,85
hash_sha256,ce5e8dde18aef81faf1afb127da44e470d512f5f4f6a0d8d100361ba818fc043,malwarebazaar,Mirai,"elf,Mirai",2026-10-09 04:00:04,2026-10-09 04:32:38,85
hash_sha256,cf90ad8eef1b73e674f5dbbc12f8bbc4ee0ebc2b9485ddf5ef3cf5ce863f5333,malwarebazaar,exe,"exe,SilverFox,ValleyRAT",2026-10-09 04:00:04,2026-10-09 04:32:38,85
hash_sha256,d318c7d56dd52d00e1b2064335cbfb8974bb00ea685ed0c6d34812d8be53c0ea,malwarebazaar,lnk,lnk,2026-10-09 04:00:04,2026-10-09 04:32:38,85
hash_sha256,de007a3bc1cfcdf8985690b5127eb099292a3edfd6f4f7b462c65229011a669b,malwarebazaar,RemusStealer,"dropped-by-GCleaner,exe,F,MIX3.file,RemusStealer",2026-10-09 04:00:04,2026-10-09 04:32:38,85
hash_sha256,e292d65b134653448ef4bcad23eaae8b08abefcbfcd360c3f0cd74adfee33495,malwarebazaar,ValleyRAT,"exe,SilverFox,Trojan/SilverFox.bm[lddel],ValleyRAT",2026-10-09 04:00:04,2026-10-09 04:32:38,85
hash_sha256,e52e65ed97e99d807394493f195bc62e5abe28db252fd060e3033bf6c2063e85,malwarebazaar,exe,"CNBackdoor,exe",2026-10-09 04:00:04,2026-10-09 04:32:38,85
hash_sha256,e8ce0703b89472af190b043ff6990ad166a7251ebe1b3fc9621b2796827719af,malwarebazaar,Mirai,"Mirai,upx",2026-10-09 04:00:04,2026-10-09 04:32:38,85
hash_sha256,eaaa4bc79fde2741c391726f90fe393f63e0be136aa6a2eb7cb8c11e54e72c79,malwarebazaar,zip,zip,2026-10-09 04:00:04,2026-10-09 04:32:38,85
hash_sha256,eb367b7ba3be78fa066f7c6a28e11f5f165b001312bec229cef7aee310f4d9b1,malwarebazaar,elf,elf,2026-10-09 04:00:04,2026-10-09 04:32:38,85
hash_sha256,ebba744252a7fb09d1fdc1d36a3855fe47e0986e32105bcc068b5c469b08d5d5,malwarebazaar,Mirai,elf,2026-10-09 04:00:04,2026-10-09 04:32:38,85
hash_sha256,ed89efab887701b3f2149ecdb06b0f1d57986c674ac13314a17f1ab940cc930b,malwarebazaar,Mirai,elf,2026-10-09 04:00:04,2026-10-09 04:32:38,85
hash_sha256,ef93eae26bdd10fbc5412d5b07706cd91dfe92166cc23cace3901350ac9a92b5,malwarebazaar,zip,"dropped-by-YapStealer,HijackLoader,IDATLoader,wssc-flavorroute-cc,ZigClipper,zip",2026-10-09 04:00:04,2026-10-09 04:32:38,85
hash_sha256,f08ab1a87db1149fad8a33977080dbc569974146c2479047fc99c489ffa0e342,malwarebazaar,sh,"cowrie,dropper,honeypot,sh",2026-10-09 04:00:04,2026-10-09 04:32:38,85
hash_sha256,f12b4f28fa18b2cc0291cc8a146ae9e4ee0c772adf06cdda0b45fe9eb12dc3f3,malwarebazaar,elf,elf,2026-10-09 04:00:04,2026-10-09 04:32:38,85
hash_sha256,f12f4f3fa2bca2716be80804bf35c6ef988c67af7a3a08e048ae65058833f58f,malwarebazaar,RemcosRAT,"js,RemcosRAT",2026-10-09 04:00:04,2026-10-09 04:32:38,85
hash_sha256,f304c1bfc082214a49bc57db5cf41acb86b11a5a192a56d29a2cae5035753418,malwarebazaar,elf,elf,2026-10-09 04:00:04,2026-10-09 04:32:38,85
hash_sha256,f6bbc27e48c8e8aeb83dd944086d5ba9655f5c170672241e5d3e1c5d8f6e3d48,malwarebazaar,jar,"jar,Silentnet",2026-10-09 04:00:04,2026-10-09 04:32:38,85
hash_sha256,f7dcabc1ecd5d8ce5f956488ce37563bcdd8a1d29c5d9b080377984e99edb9df,malwarebazaar,Mirai,"elf,Mirai",2026-10-09 04:00:04,2026-10-09 04:32:38,85
hash_sha256,f7e58d2955db86e33b95939f645abc6f362cf86f396c548bdf22dbf707e5914a,malwarebazaar,exe,"dropped-by-GCleaner,exe,P,signed,UNIQPREM.file",2026-10-09 04:00:04,2026-10-09 04:32:38,85
hash_sha256,f8b973a2386d9095f12e0e6192b77c1b7e2408a4c48f56b33f9e3ef362a9935b,malwarebazaar,elf,elf,2026-10-09 04:00:04,2026-10-09 04:32:38,85
hash_sha256,f8ce88a265e20c968d475680ca712ff43d5f81caf94cd17d63fd30e92c6928eb,malwarebazaar,elf,elf,2026-10-09 04:00:04,2026-10-09 04:32:38,85
hash_sha256,faec6566b457866387e647b16235b747bff7404a06e95048474189d59a2ad81e,malwarebazaar,Mirai,"Mirai,upx",2026-10-09 04:00:04,2026-10-09 04:32:38,85
hash_sha256,fc2339538b89590367cbbef2fbd3534a6ba5574d239e28a7099bfdc6c35a25df,malwarebazaar,exe,"dropped-by-OffLoader,exe",2026-10-09 04:00:04,2026-10-09 04:32:38,85
hash_sha256,fc26ae01b9226e767f1bf3e78ffc0e5f3ada519ef8eb74b43fef7094cac6510b,malwarebazaar,VShell,"exe,VShell",2026-10-09 04:00:04,2026-10-09 04:32:38,85
url,http://103.111.23.12:49200/bin.sh,urlhaus,malware_download,,2026-10-09 04:00:04,2026-10-09 04:32:38,85
url,http://103.190.23.91:38586/bin.sh,urlhaus,malware_download,,2026-10-09 04:00:04,2026-10-09 04:32:38,85
url,http://103.249.199.5:53439/i,urlhaus,malware_download,,2026-10-09 04:00:04,2026-10-09 04:32:38,85
url,http://105.225.46.193:36959/i,urlhaus,malware_download,,2026-10-09 04:00:04,2026-10-09 04:32:38,85
url,http://108.170.136.155:50255/bin.sh,urlhaus,malware_download,"32-bit,elf,mips,Mozi",2026-10-09 04:00:04,2026-10-09 04:32:38,85
url,http://112.238.27.166:50497/bin.sh,urlhaus,malware_download,"32-bit,arm,elf,Mozi",2026-10-09 04:00:04,2026-10-09 04:32:38,85
url,http://114.198.242.174:39288/i,urlhaus,malware_download,,2026-10-09 04:00:04,2026-10-09 04:32:38,85
url,http://115.196.0.230:36365/i,urlhaus,malware_download,,2026-10-09 04:00:04,2026-10-09 04:32:38,85
url,http://115.48.144.79:58929/i,urlhaus,malware_download,"32-bit,elf,mips,Mozi",2026-10-09 04:00:04,2026-10-09 04:32:38,85
url,http://115.56.152.220:41316/bin.sh,urlhaus,malware_download,"32-bit,elf,mips,Mozi",2026-10-09 04:00:04,2026-10-09 04:32:38,85
url,http://115.56.152.220:41316/i,urlhaus,malware_download,"32-bit,elf,mips,Mozi",2026-10-09 04:00:04,2026-10-09 04:32:38,85
url,http://115.63.51.182:33921/i,urlhaus,malware_download,"32-bit,elf,mips,Mozi",2026-10-09 04:00:04,2026-10-09 04:32:38,85
url,http://116.209.183.7:51681/bin.sh,urlhaus,malware_download,"32-bit,arm,elf,Mozi",2026-10-09 04:00:04,2026-10-09 04:32:38,85
url,http://123.189.157.12:46490/bin.sh,urlhaus,malware_download,"32-bit,elf,mips,Mozi",2026-10-09 04:00:04,2026-10-09 04:32:38,85
url,http://123.189.176.51:48431/bin.sh,urlhaus,malware_download,"32-bit,elf,mips,Mozi",2026-10-09 04:00:04,2026-10-09 04:32:38,85
url,http://123.9.84.231:39954/i,urlhaus,malware_download,elf,2026-10-09 04:00:04,2026-10-09 04:32:38,85
url,http://125.45.65.12:34395/bin.sh,urlhaus,malware_download,"32-bit,elf,mips,Mozi",2026-10-09 04:00:04,2026-10-09 04:32:38,85
url,http://125.45.65.12:34395/i,urlhaus,malware_download,"32-bit,elf,mips,Mozi",2026-10-09 04:00:04,2026-10-09 04:32:38,85
url,http://125.46.198.140:35535/bin.sh,urlhaus,malware_download,"32-bit,arm,elf,Mozi",2026-10-09 04:00:04,2026-10-09 04:32:38,85
url,http://125.47.218.42:37337/bin.sh,urlhaus,malware_download,"32-bit,elf,mips,Mozi",2026-10-09 04:00:04,2026-10-09 04:32:38,85
url,http://151.237.28.235:18623/i,urlhaus,malware_download,,2026-10-09 04:00:04,2026-10-09 04:32:38,85
url,http://160.176.170.101:36032/i,urlhaus,malware_download,,2026-10-09 04:00:04,2026-10-09 04:32:38,85
url,http://164.163.25.203:58731/i,urlhaus,malware_download,,2026-10-09 04:00:04,2026-10-09 04:32:38,85
url,http://175.11.133.35:55834/i,urlhaus,malware_download,,2026-10-09 04:00:04,2026-10-09 04:32:38,85
url,http://175.146.225.101:55108/i,urlhaus,malware_download,,2026-10-09 04:00:04,2026-10-09 04:32:38,85
url,http://175.165.86.250:39489/bin.sh,urlhaus,malware_download,,2026-10-09 04:00:04,2026-10-09 04:32:38,85
url,http://176.65.139.231/bins/morte.arc,urlhaus,malware_download,"elf,ua-wget",2026-10-09 04:00:04,2026-10-09 04:32:38,85
url,http://176.65.139.231/bins/morte.arm,urlhaus,malware_download,"elf,ua-wget",2026-10-09 04:00:04,2026-10-09 04:32:38,85
url,http://176.65.139.231/bins/morte.arm5,urlhaus,malware_download,"elf,ua-wget",2026-10-09 04:00:04,2026-10-09 04:32:38,85
url,http://176.65.139.231/bins/morte.arm7,urlhaus,malware_download,"elf,ua-wget",2026-10-09 04:00:04,2026-10-09 04:32:38,85
url,http://176.65.139.231/bins/morte.i686,urlhaus,malware_download,"elf,ua-wget",2026-10-09 04:00:04,2026-10-09 04:32:38,85
url,http://176.65.139.231/bins/morte.m68k,urlhaus,malware_download,"elf,ua-wget",2026-10-09 04:00:04,2026-10-09 04:32:38,85
url,http://176.65.139.231/bins/morte.mips,urlhaus,malware_download,"elf,ua-wget",2026-10-09 04:00:04,2026-10-09 04:32:38,85
url,http://176.65.139.231/bins/morte.mpsl,urlhaus,malware_download,"elf,ua-wget",2026-10-09 04:00:04,2026-10-09 04:32:38,85
url,http://176.65.139.231/bins/morte.ppc,urlhaus,malware_download,"elf,ua-wget",2026-10-09 04:00:04,2026-10-09 04:32:38,85
url,http://176.65.139.231/bins/morte.sh4,urlhaus,malware_download,"elf,ua-wget",2026-10-09 04:00:04,2026-10-09 04:32:38,85
url,http://176.65.139.231/bins/morte.spc,urlhaus,malware_download,"elf,ua-wget",2026-10-09 04:00:04,2026-10-09 04:32:38,85
url,http://176.65.139.231/bins/morte.x86,urlhaus,malware_download,"elf,ua-wget",2026-10-09 04:00:04,2026-10-09 04:32:38,85
url,http://176.65.139.231/mirai.arm,urlhaus,malware_download,"elf,ua-wget",2026-10-09 04:00:04,2026-10-09 04:32:38,85
url,http://176.65.139.231/mirai.arm5n,urlhaus,malware_download,"elf,ua-wget",2026-10-09 04:00:04,2026-10-09 04:32:38,85
url,http://176.65.139.231/mirai.mips,urlhaus,malware_download,"elf,ua-wget",2026-10-09 04:00:04,2026-10-09 04:32:38,85
url,http://176.65.139.231/mirai.x86,urlhaus,malware_download,"elf,ua-wget",2026-10-09 04:00:04,2026-10-09 04:32:38,85
url,http://180.190.238.89:57500/bin.sh,urlhaus,malware_download,"32-bit,arm,elf,Mozi",2026-10-09 04:00:04,2026-10-09 04:32:38,85
url,http://180.191.49.27:39520/bin.sh,urlhaus,malware_download,"32-bit,arm,elf,Mozi",2026-10-09 04:00:04,2026-10-09 04:32:38,85
url,http://182.112.28.160:37630/i,urlhaus,malware_download,,2026-10-09 04:00:04,2026-10-09 04:32:38,85
url,http://182.114.33.57:43016/i,urlhaus,malware_download,,2026-10-09 04:00:04,2026-10-09 04:32:38,85
url,http://182.117.146.213:35245/i,urlhaus,malware_download,,2026-10-09 04:00:04,2026-10-09 04:32:38,85
url,http://182.121.81.61:40929/i,urlhaus,malware_download,,2026-10-09 04:00:04,2026-10-09 04:32:38,85
url,http://182.127.120.193:37721/bin.sh,urlhaus,malware_download,"32-bit,elf,mips,Mozi",2026-10-09 04:00:04,2026-10-09 04:32:38,85
url,http://182.127.120.193:37721/i,urlhaus,malware_download,,2026-10-09 04:00:04,2026-10-09 04:32:38,85
url,http://182.127.26.104:52057/i,urlhaus,malware_download,,2026-10-09 04:00:04,2026-10-09 04:32:38,85
url,http://183.35.50.185:40190/i,urlhaus,malware_download,,2026-10-09 04:00:04,2026-10-09 04:32:38,85
url,http://193.163.187.224:41355/bin.sh,urlhaus,malware_download,"32-bit,arm,elf,Mozi",2026-10-09 04:00:04,2026-10-09 04:32:38,85
url,http://193.187.101.209:55899/bin.sh,urlhaus,malware_download,"32-bit,arm,elf,Mozi",2026-10-09 04:00:04,2026-10-09 04:32:38,85
url,http://196.151.248.162:47591/bin.sh,urlhaus,malware_download,,2026-10-09 04:00:04,2026-10-09 04:32:38,85
url,http://196.151.248.162:47591/i,urlhaus,malware_download,,2026-10-09 04:00:04,2026-10-09 04:32:38,85
url,http://196.191.104.40:46981/bin.sh,urlhaus,malware_download,,2026-10-09 04:00:04,2026-10-09 04:32:38,85
url,http://196.191.233.24:49000/bin.sh,urlhaus,malware_download,,2026-10-09 04:00:04,2026-10-09 04:32:38,85
url,http://196.191.233.24:49000/i,urlhaus,malware_download,,2026-10-09 04:00:04,2026-10-09 04:32:38,85
url,http://2.85.58.246:49503/bin.sh,urlhaus,malware_download,"32-bit,arm,elf,Mozi",2026-10-09 04:00:04,2026-10-09 04:32:38,85
url,http://210.97.100.192:51555/i,urlhaus,malware_download,,2026-10-09 04:00:04,2026-10-09 04:32:38,85
url,http://218.16.164.236:37269/bin.sh,urlhaus,malware_download,"32-bit,arm,elf,Mozi",2026-10-09 04:00:04,2026-10-09 04:32:38,85
url,http://218.16.164.236:37269/i,urlhaus,malware_download,"32-bit,arm,elf,Mozi",2026-10-09 04:00:04,2026-10-09 04:32:38,85
url,http://219.156.63.39:37547/bin.sh,urlhaus,malware_download,,2026-10-09 04:00:04,2026-10-09 04:32:38,85
url,http://219.156.63.39:37547/i,urlhaus,malware_download,,2026-10-09 04:00:04,2026-10-09 04:32:38,85
url,http://220.161.100.72:39073/i,urlhaus,malware_download,,2026-10-09 04:00:04,2026-10-09 04:32:38,85
url,http://222.127.251.163:45969/i,urlhaus,malware_download,,2026-10-09 04:00:04,2026-10-09 04:32:38,85
url,http://222.127.254.114:34922/i,urlhaus,malware_download,,2026-10-09 04:00:04,2026-10-09 04:32:38,85
url,http://222.127.50.108:41701/i,urlhaus,malware_download,,2026-10-09 04:00:04,2026-10-09 04:32:38,85
url,http://222.127.76.40:53819/bin.sh,urlhaus,malware_download,,2026-10-09 04:00:04,2026-10-09 04:32:38,85
url,http://222.141.133.202:47343/i,urlhaus,malware_download,,2026-10-09 04:00:04,2026-10-09 04:32:38,85
url,http://27.215.176.193:56630/i,urlhaus,malware_download,,2026-10-09 04:00:04,2026-10-09 04:32:38,85
url,http://27.215.215.163:37611/bin.sh,urlhaus,malware_download,,2026-10-09 04:00:04,2026-10-09 04:32:38,85
url,http://39.63.157.145:33041/i,urlhaus,malware_download,,2026-10-09 04:00:04,2026-10-09 04:32:38,85
url,http://41.216.226.77:51974/bin.sh,urlhaus,malware_download,,2026-10-09 04:00:04,2026-10-09 04:32:38,85
url,http://42.224.67.128:57018/bin.sh,urlhaus,malware_download,,2026-10-09 04:00:04,2026-10-09 04:32:38,85
url,http://42.224.67.128:57018/i,urlhaus,malware_download,,2026-10-09 04:00:04,2026-10-09 04:32:38,85
url,http://42.228.247.173:33303/i,urlhaus,malware_download,,2026-10-09 04:00:04,2026-10-09 04:32:38,85
url,http://42.229.175.66:55978/bin.sh,urlhaus,malware_download,"32-bit,elf,mips,Mozi",2026-10-09 04:00:04,2026-10-09 04:32:38,85
url,http://42.230.18.23:47822/bin.sh,urlhaus,malware_download,"32-bit,elf,mips,Mozi",2026-10-09 04:00:04,2026-10-09 04:32:38,85
url,http://42.235.92.138:40407/i,urlhaus,malware_download,,2026-10-09 04:00:04,2026-10-09 04:32:38,85
url,http://42.238.170.69:41810/i,urlhaus,malware_download,,2026-10-09 04:00:04,2026-10-09 04:32:38,85
url,http://42.52.173.208:41569/bin.sh,urlhaus,malware_download,,2026-10-09 04:00:04,2026-10-09 04:32:38,85
url,http://42.52.20.56:49690/i,urlhaus,malware_download,"32-bit,elf,mips,Mozi",2026-10-09 04:00:04,2026-10-09 04:32:38,85
url,http://42.57.164.151:60901/i,urlhaus,malware_download,,2026-10-09 04:00:04,2026-10-09 04:32:38,85
url,http://42.6.56.231:34029/bin.sh,urlhaus,malware_download,,2026-10-09 04:00:04,2026-10-09 04:32:38,85
url,http://42.7.122.114:58373/i,urlhaus,malware_download,,2026-10-09 04:00:04,2026-10-09 04:32:38,85
url,http://42.7.84.109:37440/bin.sh,urlhaus,malware_download,,2026-10-09 04:00:04,2026-10-09 04:32:38,85
url,http://42.7.84.109:37440/i,urlhaus,malware_download,,2026-10-09 04:00:04,2026-10-09 04:32:38,85
url,http://42.85.134.36:39290/i,urlhaus,malware_download,"32-bit,elf,mips,Mozi",2026-10-09 04:00:04,2026-10-09 04:32:38,85
url,http://42.85.162.250:52853/i,urlhaus,malware_download,,2026-10-09 04:00:04,2026-10-09 04:32:38,85
url,http://59.180.141.251:37929/i,urlhaus,malware_download,,2026-10-09 04:00:04,2026-10-09 04:32:38,85
url,http://59.58.106.125:59098/bin.sh,urlhaus,malware_download,"32-bit,arm,elf,Mozi",2026-10-09 04:00:04,2026-10-09 04:32:38,85
url,http://60.186.138.183:49835/bin.sh,urlhaus,malware_download,"32-bit,arm,elf,Mozi",2026-10-09 04:00:04,2026-10-09 04:32:38,85
url,http://60.186.138.183:49835/i,urlhaus,malware_download,"32-bit,arm,elf,Mozi",2026-10-09 04:00:04,2026-10-09 04:32:38,85
url,http://60.214.58.89:53884/i,urlhaus,malware_download,,2026-10-09 04:00:04,2026-10-09 04:32:38,85
url,http://60.22.8.194:38407/i,urlhaus,malware_download,"32-bit,elf,mips,Mozi",2026-10-09 04:00:04,2026-10-09 04:32:38,85
url,http://60.23.77.13:58315/i,urlhaus,malware_download,,2026-10-09 04:00:04,2026-10-09 04:32:38,85
url,http://62.60.226.140/files/7782139129/sQrGIjN.exe,urlhaus,malware_download,"d52f85,dropped-by-amadey",2026-10-09 04:00:04,2026-10-09 04:32:38,85
url,http://91.92.242.236/files-129312398/files/file_7d6e0a8ed54f5bd4.exe,urlhaus,malware_download,"54e64e,dropped-by-amadey",2026-10-09 04:00:04,2026-10-09 04:32:38,85
