type,value,source,threat_type,tags,first_seen,last_seen,confidence
domain,3d-loft.com.ua,threatfox,Unknown Stealer,"threatfox,etherhiding",2026-10-08 02:17:24,2026-10-08 03:16:43,85
domain,3hgcabfd1k.workers.dev,threatfox,php.shin_webshell,"threatfox,Cloudflare,GIF,PHP,webshell,WordPress,workers.dev,wp-admin",2026-10-08 02:17:24,2026-10-08 03:16:43,85
domain,4ctohaaw.roseanne.id,threatfox,ClearFake,"threatfox,ClearFake,mac-0xdcf2,macos",2026-10-08 02:17:24,2026-10-08 03:16:43,85
domain,4jdkeo6371.workers.dev,threatfox,php.shin_webshell,"threatfox,Cloudflare,GIF,PHP,webshell,WordPress,workers.dev,wp-admin",2026-10-08 02:17:24,2026-10-08 03:16:43,85
domain,63ruwbkm.pinke.store,threatfox,ClearFake,"threatfox,ClearFake,mac-0x76c7,macos",2026-10-08 02:17:24,2026-10-08 03:16:43,85
domain,90.195.247.35.bc.googleusercontent.com,threatfox,Unknown Webinject,"threatfox,react,react2shell,webshell",2026-10-08 02:17:24,2026-10-08 03:16:43,85
domain,aacarrentals.com,threatfox,ClearFake,"threatfox,compromised,EtherHide",2026-10-08 02:17:24,2026-10-08 03:16:43,85
domain,ajfhsjfkg.top,threatfox,Unknown Stealer,"threatfox,ErrTraffic,Polygon",2026-10-08 02:17:24,2026-10-08 03:16:43,85
domain,akumakotori.shop,threatfox,Unknown Stealer,"threatfox,ErrTraffic,Polygon",2026-10-08 02:17:24,2026-10-08 03:16:43,85
domain,alarmas.solutions,threatfox,ClearFake,"threatfox,ClearFake,ClickFix,EtherHiding",2026-10-08 02:17:24,2026-10-08 03:16:43,85
domain,allmotovelo.com.ua,threatfox,Unknown Stealer,"threatfox,etherhiding",2026-10-08 02:17:24,2026-10-08 03:16:43,85
domain,alo.ua,threatfox,Unknown Stealer,"threatfox,ErrTraffic,Polygon",2026-10-08 02:17:24,2026-10-08 03:16:43,85
domain,alohapages.pp.ua,threatfox,Unknown Stealer,"threatfox,ErrTraffic,Polygon",2026-10-08 02:17:24,2026-10-08 03:16:43,85
domain,amavelle.online,threatfox,Unknown Stealer,"threatfox,ErrTraffic,Polygon",2026-10-08 02:17:24,2026-10-08 03:16:43,85
domain,amberverse.online,threatfox,Unknown Stealer,"threatfox,ErrTraffic,Polygon",2026-10-08 02:17:24,2026-10-08 03:16:43,85
domain,andresjost.com,threatfox,ClearFake,"threatfox,compromised,EtherHide",2026-10-08 02:17:24,2026-10-08 03:16:43,85
domain,antimalvareprotect.cc,threatfox,Unknown malware,"threatfox,ZigClipper",2026-10-08 02:17:24,2026-10-08 03:16:43,85
domain,arlune.blog,threatfox,Unknown Stealer,"threatfox,ErrTraffic,Polygon",2026-10-08 02:17:24,2026-10-08 03:16:43,85
domain,aurielle.blog,threatfox,Unknown Stealer,"threatfox,ErrTraffic,Polygon",2026-10-08 02:17:24,2026-10-08 03:16:43,85
domain,auriselle.online,threatfox,Unknown Stealer,"threatfox,ErrTraffic,Polygon",2026-10-08 02:17:24,2026-10-08 03:16:43,85
domain,ausputn.com,threatfox,Unknown Stealer,"threatfox,ErrTraffic,Polygon",2026-10-08 02:17:24,2026-10-08 03:16:43,85
domain,austinsfinestjanitorial.com,threatfox,ClearFake,"threatfox,compromised,EtherHide",2026-10-08 02:17:24,2026-10-08 03:16:43,85
domain,avelune.blog,threatfox,Unknown Stealer,"threatfox,ErrTraffic,Polygon",2026-10-08 02:17:24,2026-10-08 03:16:43,85
domain,awxcwqg.cfd,threatfox,Unknown Stealer,threatfox,2026-10-08 02:17:24,2026-10-08 03:16:43,85
domain,azosk.sk,threatfox,ClearFake,"threatfox,compromised,EtherHide",2026-10-08 02:17:24,2026-10-08 03:16:43,85
domain,azz-art.com,threatfox,ClearFake,"threatfox,compromised,EtherHide",2026-10-08 02:17:24,2026-10-08 03:16:43,85
domain,becfrzsw.buzz,threatfox,Unknown Stealer,threatfox,2026-10-08 02:17:24,2026-10-08 03:16:43,85
domain,bensontaylor.com,threatfox,ClearFake,"threatfox,compromised,EtherHide",2026-10-08 02:17:24,2026-10-08 03:16:43,85
domain,bequiaalgerie.com,threatfox,ClearFake,"threatfox,compromised,EtherHide",2026-10-08 02:17:24,2026-10-08 03:16:43,85
domain,bhtfyhy.xyz,threatfox,Unknown Stealer,threatfox,2026-10-08 02:17:24,2026-10-08 03:16:43,85
domain,birch-koix-7keeb.pro,threatfox,IClickFix,"threatfox,ClickFix,Mac",2026-10-08 02:17:24,2026-10-08 03:16:43,85
domain,bokhted.vip,threatfox,Unknown Stealer,threatfox,2026-10-08 02:17:24,2026-10-08 03:16:43,85
domain,born-to-bau.de,threatfox,ClearFake,"threatfox,compromised,EtherHide",2026-10-08 02:17:24,2026-10-08 03:16:43,85
domain,bthycsg.work,threatfox,Unknown Stealer,threatfox,2026-10-08 02:17:24,2026-10-08 03:16:43,85
domain,buqusily.workers.dev,threatfox,php.shin_webshell,"threatfox,Cloudflare,GIF,PHP,webshell,WordPress,workers.dev,wp-admin",2026-10-08 02:17:24,2026-10-08 03:16:43,85
domain,byhessw.online,threatfox,Unknown Stealer,threatfox,2026-10-08 02:17:24,2026-10-08 03:16:43,85
domain,bytiong.sbs,threatfox,Unknown Stealer,threatfox,2026-10-08 02:17:24,2026-10-08 03:16:43,85
domain,bzersz.lat,threatfox,Unknown Stealer,threatfox,2026-10-08 02:17:24,2026-10-08 03:16:43,85
domain,carnelianquay.info,threatfox,SmartApeSG,"threatfox,SmartApeSG",2026-10-08 02:17:24,2026-10-08 03:16:43,85
domain,cerise-tic.golive.africa,threatfox,ClearFake,"threatfox,compromised,EtherHide",2026-10-08 02:17:24,2026-10-08 03:16:43,85
domain,cewjik.sbs,threatfox,Unknown Stealer,threatfox,2026-10-08 02:17:24,2026-10-08 03:16:43,85
domain,communication-hub.vg,threatfox,Unknown Stealer,"threatfox,ValetiStealer",2026-10-08 02:17:24,2026-10-08 03:16:43,85
domain,connectbrasil.com.br,threatfox,ClearFake,"threatfox,compromised,EtherHide",2026-10-08 02:17:24,2026-10-08 03:16:43,85
domain,content.duskrunner.cc,threatfox,ACR Stealer,"threatfox,ACRStealer",2026-10-08 02:17:24,2026-10-08 03:16:43,85
domain,cosmari.com.ua,threatfox,Unknown Stealer,"threatfox,etherhiding",2026-10-08 02:17:24,2026-10-08 03:16:43,85
domain,cosmetea.com.ua,threatfox,Unknown Stealer,"threatfox,etherhiding",2026-10-08 02:17:24,2026-10-08 03:16:43,85
domain,crowmere.cc,threatfox,ACR Stealer,"threatfox,ACRStealer",2026-10-08 02:17:24,2026-10-08 03:16:43,85
domain,daooxmxq.djbpmstudio.com,threatfox,ClearFake,"threatfox,ClearFake,mac-0xdcf2,macos",2026-10-08 02:17:24,2026-10-08 03:16:43,85
domain,domomoda.com,threatfox,Unknown Stealer,"threatfox,etherhiding",2026-10-08 02:17:24,2026-10-08 03:16:43,85
domain,drecrtdwblo.click,threatfox,Unknown Stealer,threatfox,2026-10-08 02:17:24,2026-10-08 03:16:43,85
domain,dwnloadsg.top,threatfox,Unknown Stealer,threatfox,2026-10-08 02:17:24,2026-10-08 03:16:43,85
domain,ea4y7vng.pimiy.store,threatfox,ClearFake,"threatfox,ClearFake,mac-0x76c7,macos",2026-10-08 02:17:24,2026-10-08 03:16:43,85
domain,elavelle.online,threatfox,Unknown Stealer,"threatfox,ErrTraffic,Polygon",2026-10-08 02:17:24,2026-10-08 03:16:43,85
domain,elderwood.cc,threatfox,ACR Stealer,"threatfox,ACRStealer",2026-10-08 02:17:24,2026-10-08 03:16:43,85
domain,electro-shop.in.ua,threatfox,Unknown Stealer,"threatfox,etherhiding",2026-10-08 02:17:24,2026-10-08 03:16:43,85
domain,ellab0098.duckdns.org,threatfox,XWorm,"threatfox,xworm",2026-10-08 02:17:24,2026-10-08 03:16:43,85
domain,elunelle.online,threatfox,Unknown Stealer,"threatfox,ErrTraffic,Polygon",2026-10-08 02:17:24,2026-10-08 03:16:43,85
domain,eshoping.ua,threatfox,Unknown Stealer,"threatfox,etherhiding",2026-10-08 02:17:24,2026-10-08 03:16:43,85
domain,evoria.blog,threatfox,Unknown Stealer,"threatfox,ErrTraffic,Polygon",2026-10-08 02:17:24,2026-10-08 03:16:43,85
domain,evorune.online,threatfox,Unknown Stealer,"threatfox,ErrTraffic,Polygon",2026-10-08 02:17:24,2026-10-08 03:16:43,85
domain,f7ezcfta.lunza.store,threatfox,ClearFake,"threatfox,ClearFake,mac-0x0f14,macos",2026-10-08 02:17:24,2026-10-08 03:16:43,85
domain,fedrvhjy.click,threatfox,Unknown Stealer,threatfox,2026-10-08 02:17:24,2026-10-08 03:16:43,85
domain,fhbyrsz.cfd,threatfox,Unknown Stealer,threatfox,2026-10-08 02:17:24,2026-10-08 03:16:43,85
domain,fileworks.cfd,threatfox,Unknown Loader,"threatfox,OffLoader",2026-10-08 02:17:24,2026-10-08 03:16:43,85
domain,florainadequate.workers.dev,threatfox,php.shin_webshell,"threatfox,Cloudflare,GIF,PHP,webshell,WordPress,workers.dev,wp-admin",2026-10-08 02:17:24,2026-10-08 03:16:43,85
domain,florelle.blog,threatfox,Unknown Stealer,"threatfox,ErrTraffic,Polygon",2026-10-08 02:17:24,2026-10-08 03:16:43,85
domain,fqesrdcx.cfd,threatfox,Unknown Stealer,threatfox,2026-10-08 02:17:24,2026-10-08 03:16:43,85
domain,frtghijc.site,threatfox,Unknown Stealer,threatfox,2026-10-08 02:17:24,2026-10-08 03:16:43,85
domain,frtgyhnbl.help,threatfox,Unknown Stealer,threatfox,2026-10-08 02:17:24,2026-10-08 03:16:43,85
domain,fulfreeswd.xyz,threatfox,Unknown Stealer,threatfox,2026-10-08 02:17:24,2026-10-08 03:16:43,85
domain,fw-static.nashbashracing.org,threatfox,FAKEUPDATES,"threatfox,SocGholish",2026-10-08 02:17:24,2026-10-08 03:16:43,85
domain,fyhvewa.wiki,threatfox,Unknown Stealer,threatfox,2026-10-08 02:17:24,2026-10-08 03:16:43,85
domain,gd4ejm0dwz.workers.dev,threatfox,php.shin_webshell,"threatfox,Cloudflare,GIF,PHP,webshell,WordPress,workers.dev,wp-admin",2026-10-08 02:17:24,2026-10-08 03:16:43,85
domain,gerchik.pro,threatfox,Unknown Stealer,"threatfox,ErrTraffic,Polygon",2026-10-08 02:17:24,2026-10-08 03:16:43,85
domain,gerts.com.ua,threatfox,Unknown Stealer,"threatfox,etherhiding",2026-10-08 02:17:24,2026-10-08 03:16:43,85
domain,getyhb.sbs,threatfox,Unknown Stealer,threatfox,2026-10-08 02:17:24,2026-10-08 03:16:43,85
domain,gigistore.com.ua,threatfox,Unknown Stealer,"threatfox,etherhiding",2026-10-08 02:17:24,2026-10-08 03:16:43,85
domain,giwawaysua.com,threatfox,Unknown Stealer,"threatfox,ErrTraffic,Polygon",2026-10-08 02:17:24,2026-10-08 03:16:43,85
domain,globalcertificates.net,threatfox,magecart,"threatfox,Magecart",2026-10-08 02:17:24,2026-10-08 03:16:43,85
domain,googie-services.vg,threatfox,CountLoader,"threatfox,CountLoader",2026-10-08 02:17:24,2026-10-08 03:16:43,85
domain,gorsefield.cc,threatfox,ACR Stealer,"threatfox,ACRStealer",2026-10-08 02:17:24,2026-10-08 03:16:43,85
domain,gy.333vip.org,threatfox,Vidar,"threatfox,vidar",2026-10-08 02:17:24,2026-10-08 03:16:43,85
domain,gy.3toto.com,threatfox,Vidar,"threatfox,vidar",2026-10-08 02:17:24,2026-10-08 03:16:43,85
domain,hazelfen.cc,threatfox,ACR Stealer,"threatfox,ACRStealer",2026-10-08 02:17:24,2026-10-08 03:16:43,85
domain,hgjakdhfs.top,threatfox,Unknown Stealer,"threatfox,ErrTraffic,Polygon",2026-10-08 02:17:24,2026-10-08 03:16:43,85
domain,hoshinekomi.shop,threatfox,Unknown Stealer,"threatfox,ErrTraffic,Polygon",2026-10-08 02:17:24,2026-10-08 03:16:43,85
domain,hyzswki.site,threatfox,Unknown Stealer,threatfox,2026-10-08 02:17:24,2026-10-08 03:16:43,85
domain,intranet.turiacapital.com,threatfox,ClearFake,"threatfox,compromised,EtherHide",2026-10-08 02:17:24,2026-10-08 03:16:43,85
domain,ivorymuse.online,threatfox,Unknown Stealer,"threatfox,ErrTraffic,Polygon",2026-10-08 02:17:24,2026-10-08 03:16:43,85
domain,jleonengineering.com,threatfox,ClearFake,"threatfox,compromised,EtherHide",2026-10-08 02:17:24,2026-10-08 03:16:43,85
domain,jrl.in.ua,threatfox,Unknown Stealer,"threatfox,etherhiding",2026-10-08 02:17:24,2026-10-08 03:16:43,85
domain,jygbvdefx.click,threatfox,Unknown Stealer,threatfox,2026-10-08 02:17:24,2026-10-08 03:16:43,85
domain,jyhbnipl.qpon,threatfox,Unknown Stealer,threatfox,2026-10-08 02:17:24,2026-10-08 03:16:43,85
domain,kitsunemoriya.shop,threatfox,Unknown Stealer,"threatfox,ErrTraffic,Polygon",2026-10-08 02:17:24,2026-10-08 03:16:43,85
domain,kolesa.dp.ua,threatfox,Unknown Stealer,"threatfox,etherhiding",2026-10-08 02:17:24,2026-10-08 03:16:43,85
domain,l81aa3qt.mawos.store,threatfox,ClearFake,"threatfox,ClearFake,mac-0x0f14,macos",2026-10-08 02:17:24,2026-10-08 03:16:43,85
domain,lbcbooks.com.ua,threatfox,Unknown Stealer,"threatfox,etherhiding",2026-10-08 02:17:24,2026-10-08 03:16:43,85
domain,letmeliveit.com,threatfox,ClearFake,"threatfox,compromised,EtherHide",2026-10-08 02:17:24,2026-10-08 03:16:43,85
domain,liopcwza.work,threatfox,Unknown Stealer,threatfox,2026-10-08 02:17:24,2026-10-08 03:16:43,85
domain,local.recliner.cc,threatfox,ACR Stealer,"threatfox,ACRStealer",2026-10-08 02:17:24,2026-10-08 03:16:43,85
domain,lumavelles.online,threatfox,Unknown Stealer,"threatfox,ErrTraffic,Polygon",2026-10-08 02:17:24,2026-10-08 03:16:43,85
domain,lumelle.click,threatfox,Unknown Stealer,"threatfox,ErrTraffic,Polygon",2026-10-08 02:17:24,2026-10-08 03:16:43,85
domain,lumisera.online,threatfox,Unknown Stealer,"threatfox,ErrTraffic,Polygon",2026-10-08 02:17:24,2026-10-08 03:16:43,85
domain,lunelle.blog,threatfox,Unknown Stealer,"threatfox,ErrTraffic,Polygon",2026-10-08 02:17:24,2026-10-08 03:16:43,85
domain,lunelle.click,threatfox,Unknown Stealer,"threatfox,ErrTraffic,Polygon",2026-10-08 02:17:24,2026-10-08 03:16:43,85
domain,luniva.blog,threatfox,Unknown Stealer,"threatfox,ErrTraffic,Polygon",2026-10-08 02:17:24,2026-10-08 03:16:43,85
domain,marshmallow.com.ua,threatfox,Unknown Stealer,"threatfox,etherhiding",2026-10-08 02:17:24,2026-10-08 03:16:43,85
domain,memory-shield.vg,threatfox,CountLoader,"threatfox,CountLoader",2026-10-08 02:17:24,2026-10-08 03:16:43,85
domain,mesalu.workers.dev,threatfox,php.shin_webshell,"threatfox,Cloudflare,GIF,PHP,webshell,WordPress,workers.dev,wp-admin",2026-10-08 02:17:24,2026-10-08 03:16:43,85
domain,mikhtvfe.cfd,threatfox,Unknown Stealer,threatfox,2026-10-08 02:17:24,2026-10-08 03:16:43,85
domain,miopte.lat,threatfox,Unknown Stealer,threatfox,2026-10-08 02:17:24,2026-10-08 03:16:43,85
domain,mistfold.cc,threatfox,ACR Stealer,"threatfox,ACRStealer",2026-10-08 02:17:24,2026-10-08 03:16:43,85
domain,mkiyggzsw.click,threatfox,Unknown Stealer,threatfox,2026-10-08 02:17:24,2026-10-08 03:16:43,85
domain,mkutgbxs.sbs,threatfox,Unknown Stealer,threatfox,2026-10-08 02:17:24,2026-10-08 03:16:43,85
domain,mniitgki.sbs,threatfox,Unknown Stealer,threatfox,2026-10-08 02:17:24,2026-10-08 03:16:43,85
domain,mondialboissons.com,threatfox,ClearFake,"threatfox,compromised,EtherHide",2026-10-08 02:17:24,2026-10-08 03:16:43,85
domain,moonvelvet.online,threatfox,Unknown Stealer,"threatfox,ErrTraffic,Polygon",2026-10-08 02:17:24,2026-10-08 03:16:43,85
domain,motos.in.ua,threatfox,Unknown Stealer,"threatfox,etherhiding",2026-10-08 02:17:24,2026-10-08 03:16:43,85
domain,mtclogistic.net,threatfox,ClearFake,"threatfox,compromised,EtherHide",2026-10-08 02:17:24,2026-10-08 03:16:43,85
domain,mufakopo.workers.dev,threatfox,php.shin_webshell,"threatfox,Cloudflare,GIF,PHP,webshell,WordPress,workers.dev,wp-admin",2026-10-08 02:17:24,2026-10-08 03:16:43,85
domain,mutfce.help,threatfox,Unknown Stealer,threatfox,2026-10-08 02:17:24,2026-10-08 03:16:43,85
domain,myujbtr.lat,threatfox,Unknown Stealer,threatfox,2026-10-08 02:17:24,2026-10-08 03:16:43,85
domain,n7fn8uc8.livto.store,threatfox,ClearFake,"threatfox,ClearFake,mac-0x0f14,macos",2026-10-08 02:17:24,2026-10-08 03:16:43,85
domain,nekomoonkai.top,threatfox,Unknown Stealer,"threatfox,ErrTraffic,Polygon",2026-10-08 02:17:24,2026-10-08 03:16:43,85
domain,novaloom.online,threatfox,Unknown Stealer,"threatfox,ErrTraffic,Polygon",2026-10-08 02:17:24,2026-10-08 03:16:43,85
domain,nw2c6mud.sallysprattstudio.com,threatfox,ClearFake,"threatfox,ClearFake,mac-0xdcf2,macos",2026-10-08 02:17:24,2026-10-08 03:16:43,85
domain,nyakurohana.shop,threatfox,Unknown Stealer,"threatfox,ErrTraffic,Polygon",2026-10-08 02:17:24,2026-10-08 03:16:43,85
domain,object-postfinance.digital,threatfox,magecart,"threatfox,Magecart",2026-10-08 02:17:24,2026-10-08 03:16:43,85
domain,olivelle.online,threatfox,Unknown Stealer,"threatfox,ErrTraffic,Polygon",2026-10-08 02:17:24,2026-10-08 03:16:43,85
domain,onikirayume.shop,threatfox,Unknown Stealer,"threatfox,ErrTraffic,Polygon",2026-10-08 02:17:24,2026-10-08 03:16:43,85
domain,opttime.com.ua,threatfox,Unknown Stealer,"threatfox,etherhiding",2026-10-08 02:17:24,2026-10-08 03:16:43,85
domain,orluna.blog,threatfox,Unknown Stealer,"threatfox,ErrTraffic,Polygon",2026-10-08 02:17:24,2026-10-08 03:16:43,85
domain,pimiy.store,threatfox,ClearFake,"threatfox,ClearFake",2026-10-08 02:17:24,2026-10-08 03:16:43,85
domain,pinke.store,threatfox,ClearFake,"threatfox,ClearFake",2026-10-08 02:17:24,2026-10-08 03:16:43,85
domain,planetakovrov.com,threatfox,Unknown Stealer,"threatfox,etherhiding",2026-10-08 02:17:24,2026-10-08 03:16:43,85
domain,pnctyeq.qpon,threatfox,Unknown Stealer,threatfox,2026-10-08 02:17:24,2026-10-08 03:16:43,85
domain,pos-terminal.vg,threatfox,CountLoader,"threatfox,CountLoader",2026-10-08 02:17:24,2026-10-08 03:16:43,85
domain,prediksihk.forum,threatfox,ClearFake,"threatfox,compromised,EtherHide",2026-10-08 02:17:24,2026-10-08 03:16:43,85
domain,privatejetfuel.com,threatfox,ClearFake,"threatfox,compromised,EtherHide",2026-10-08 02:17:24,2026-10-08 03:16:43,85
domain,profcare.com.ua,threatfox,Unknown Stealer,"threatfox,etherhiding",2026-10-08 02:17:24,2026-10-08 03:16:43,85
domain,pythnplk.online,threatfox,Unknown Stealer,threatfox,2026-10-08 02:17:24,2026-10-08 03:16:43,85
domain,qymojo.workers.dev,threatfox,php.shin_webshell,"threatfox,Cloudflare,GIF,PHP,webshell,WordPress,workers.dev,wp-admin",2026-10-08 02:17:24,2026-10-08 03:16:43,85
domain,rada24ukraine.top,threatfox,Unknown Stealer,"threatfox,ErrTraffic,Polygon",2026-10-08 02:17:24,2026-10-08 03:16:43,85
domain,radassu.top,threatfox,Unknown Stealer,"threatfox,ErrTraffic,Polygon",2026-10-08 02:17:24,2026-10-08 03:16:43,85
domain,radaukraine.top,threatfox,Unknown Stealer,"threatfox,ErrTraffic,Polygon",2026-10-08 02:17:24,2026-10-08 03:16:43,85
domain,ralitoko.workers.dev,threatfox,php.shin_webshell,"threatfox,Cloudflare,GIF,PHP,webshell,WordPress,workers.dev,wp-admin",2026-10-08 02:17:24,2026-10-08 03:16:43,85
domain,recliner.cc,threatfox,ACR Stealer,"threatfox,ACRStealer",2026-10-08 02:17:24,2026-10-08 03:16:43,85
domain,recuperatoarecaldura.ro,threatfox,ClearFake,"threatfox,compromised,EtherHide",2026-10-08 02:17:24,2026-10-08 03:16:43,85
domain,redwings16.com,threatfox,ClearFake,"threatfox,compromised,EtherHide",2026-10-08 02:17:24,2026-10-08 03:16:43,85
domain,reskit-models.com,threatfox,Unknown Stealer,"threatfox,etherhiding",2026-10-08 02:17:24,2026-10-08 03:16:43,85
domain,reskit.com.ua,threatfox,Unknown Stealer,"threatfox,etherhiding",2026-10-08 02:17:24,2026-10-08 03:16:43,85
domain,reskit.ua,threatfox,Unknown Stealer,"threatfox,etherhiding",2026-10-08 02:17:24,2026-10-08 03:16:43,85
domain,responsible-automation.com,threatfox,ClearFake,"threatfox,compromised,EtherHide",2026-10-08 02:17:24,2026-10-08 03:16:43,85
domain,rimuludi.workers.dev,threatfox,php.shin_webshell,"threatfox,Cloudflare,GIF,PHP,webshell,WordPress,workers.dev,wp-admin",2026-10-08 02:17:24,2026-10-08 03:16:43,85
domain,robotpopcornmachine.com,threatfox,ClearFake,"threatfox,compromised,EtherHide",2026-10-08 02:17:24,2026-10-08 03:16:43,85
domain,robotretrofitters.com,threatfox,ClearFake,"threatfox,compromised,EtherHide",2026-10-08 02:17:24,2026-10-08 03:16:43,85
domain,sawah.store,threatfox,ClearFake,"threatfox,ClearFake",2026-10-08 02:17:24,2026-10-08 03:16:43,85
domain,seralune.online,threatfox,Unknown Stealer,"threatfox,ErrTraffic,Polygon",2026-10-08 02:17:24,2026-10-08 03:16:43,85
domain,serelle.blog,threatfox,Unknown Stealer,"threatfox,ErrTraffic,Polygon",2026-10-08 02:17:24,2026-10-08 03:16:43,85
domain,servilivej.online,threatfox,Unknown Stealer,"threatfox,ErrTraffic,Polygon",2026-10-08 02:17:24,2026-10-08 03:16:43,85
domain,shahabnetco.ir,threatfox,ClearFake,"threatfox,compromised,EtherHide",2026-10-08 02:17:24,2026-10-08 03:16:43,85
domain,silvermuse.online,threatfox,Unknown Stealer,"threatfox,ErrTraffic,Polygon",2026-10-08 02:17:24,2026-10-08 03:16:43,85
domain,simgadw.art,threatfox,Unknown Stealer,threatfox,2026-10-08 02:17:24,2026-10-08 03:16:43,85
domain,skincare.free.nf,threatfox,ClearFake,"threatfox,compromised,EtherHide",2026-10-08 02:17:24,2026-10-08 03:16:43,85
domain,sklad-paneley.com.ua,threatfox,Unknown Stealer,"threatfox,etherhiding",2026-10-08 02:17:24,2026-10-08 03:16:43,85
domain,sleepbaby.ua,threatfox,Unknown Stealer,"threatfox,etherhiding",2026-10-08 02:17:24,2026-10-08 03:16:43,85
domain,slougvtye.cfd,threatfox,Unknown Stealer,threatfox,2026-10-08 02:17:24,2026-10-08 03:16:43,85
domain,softsfliesa.site,threatfox,Unknown Stealer,threatfox,2026-10-08 02:17:24,2026-10-08 03:16:43,85
domain,solavelle.online,threatfox,Unknown Stealer,"threatfox,ErrTraffic,Polygon",2026-10-08 02:17:24,2026-10-08 03:16:43,85
domain,soleva.blog,threatfox,Unknown Stealer,"threatfox,ErrTraffic,Polygon",2026-10-08 02:17:24,2026-10-08 03:16:43,85
domain,solivellse.online,threatfox,Unknown Stealer,"threatfox,ErrTraffic,Polygon",2026-10-08 02:17:24,2026-10-08 03:16:43,85
domain,sorakitsumi.shop,threatfox,Unknown Stealer,"threatfox,ErrTraffic,Polygon",2026-10-08 02:17:24,2026-10-08 03:16:43,85
domain,sportorium.ptumb.com,threatfox,ClearFake,"threatfox,compromised,EtherHide",2026-10-08 02:17:24,2026-10-08 03:16:43,85
domain,subar.store,threatfox,ClearFake,"threatfox,ClearFake",2026-10-08 02:17:24,2026-10-08 03:16:43,85
domain,sulaf.store,threatfox,ClearFake,"threatfox,ClearFake",2026-10-08 02:17:24,2026-10-08 03:16:43,85
domain,sushe.store,threatfox,ClearFake,"threatfox,ClearFake",2026-10-08 02:17:24,2026-10-08 03:16:43,85
domain,svit-3d-paneley.com.ua,threatfox,Unknown Stealer,"threatfox,etherhiding",2026-10-08 02:17:24,2026-10-08 03:16:43,85
domain,syhbce4.click,threatfox,Unknown Stealer,threatfox,2026-10-08 02:17:24,2026-10-08 03:16:43,85
domain,t6rb9czrod.workers.dev,threatfox,php.shin_webshell,"threatfox,Cloudflare,GIF,PHP,webshell,WordPress,workers.dev,wp-admin",2026-10-08 02:17:24,2026-10-08 03:16:43,85
domain,talvi-ukraine.com,threatfox,Unknown Stealer,"threatfox,etherhiding",2026-10-08 02:17:24,2026-10-08 03:16:43,85
domain,tdc.ua,threatfox,Unknown Stealer,"threatfox,etherhiding",2026-10-08 02:17:24,2026-10-08 03:16:43,85
domain,technosite.com.ua,threatfox,Unknown Stealer,"threatfox,etherhiding",2026-10-08 02:17:24,2026-10-08 03:16:43,85
domain,thesaltedmoon.com,threatfox,ClearFake,"threatfox,compromised,EtherHide",2026-10-08 02:17:24,2026-10-08 03:16:43,85
domain,thymesonnet.co,threatfox,SmartApeSG,"threatfox,SmartApeSG",2026-10-08 02:17:24,2026-10-08 03:16:43,85
domain,tivex.store,threatfox,ClearFake,"threatfox,ClearFake",2026-10-08 02:17:24,2026-10-08 03:16:43,85
domain,tranquilacrestomahawk.com,threatfox,ClearFake,"threatfox,compromised,EtherHide",2026-10-08 02:17:24,2026-10-08 03:16:43,85
domain,truka.store,threatfox,ClearFake,"threatfox,ClearFake",2026-10-08 02:17:24,2026-10-08 03:16:43,85
domain,tsukinorami.shop,threatfox,Unknown Stealer,"threatfox,ErrTraffic,Polygon",2026-10-08 02:17:24,2026-10-08 03:16:43,85
domain,ty-le-keo.futbol,threatfox,ClearFake,"threatfox,compromised,EtherHide",2026-10-08 02:17:24,2026-10-08 03:16:43,85
domain,tyhcsza.cfd,threatfox,Unknown Stealer,threatfox,2026-10-08 02:17:24,2026-10-08 03:16:43,85
domain,ubsdxaw.site,threatfox,Unknown Stealer,threatfox,2026-10-08 02:17:24,2026-10-08 03:16:43,85
domain,ukaramentalhealth.org,threatfox,ClearFake,"threatfox,compromised,EtherHide",2026-10-08 02:17:24,2026-10-08 03:16:43,85
domain,ukraine77.top,threatfox,Unknown Stealer,"threatfox,ErrTraffic,Polygon",2026-10-08 02:17:24,2026-10-08 03:16:43,85
domain,ukrainerada.top,threatfox,Unknown Stealer,"threatfox,ErrTraffic,Polygon",2026-10-08 02:17:24,2026-10-08 03:16:43,85
domain,velamira.online,threatfox,Unknown Stealer,"threatfox,ErrTraffic,Polygon",2026-10-08 02:17:24,2026-10-08 03:16:43,85
domain,velavelle.online,threatfox,Unknown Stealer,"threatfox,ErrTraffic,Polygon",2026-10-08 02:17:24,2026-10-08 03:16:43,85
domain,velvetdawn.online,threatfox,Unknown Stealer,"threatfox,ErrTraffic,Polygon",2026-10-08 02:17:24,2026-10-08 03:16:43,85
domain,violea.click,threatfox,Unknown Stealer,"threatfox,ErrTraffic,Polygon",2026-10-08 02:17:24,2026-10-08 03:16:43,85
domain,vroda-ua.com,threatfox,Unknown Stealer,"threatfox,etherhiding",2026-10-08 02:17:24,2026-10-08 03:16:43,85
domain,weuxk61590.workers.dev,threatfox,php.shin_webshell,"threatfox,Cloudflare,GIF,PHP,webshell,WordPress,workers.dev,wp-admin",2026-10-08 02:17:24,2026-10-08 03:16:43,85
domain,wordpress.scanfortruth.com,threatfox,ClearFake,"threatfox,compromised,EtherHide",2026-10-08 02:17:24,2026-10-08 03:16:43,85
domain,wsqxeet.sbs,threatfox,Unknown Stealer,threatfox,2026-10-08 02:17:24,2026-10-08 03:16:43,85
domain,www.axseven.com,threatfox,ClearFake,"threatfox,compromised,EtherHide",2026-10-08 02:17:24,2026-10-08 03:16:43,85
domain,www.crookedhousebooks.com,threatfox,Unknown Loader,"threatfox,skimming,victim",2026-10-08 02:17:24,2026-10-08 03:16:43,85
domain,www.daveshootsbookseller.com,threatfox,Unknown Loader,"threatfox,skimming,victim",2026-10-08 02:17:24,2026-10-08 03:16:43,85
domain,www.diversitybooks.com.au,threatfox,Unknown Loader,"threatfox,skimming,victim",2026-10-08 02:17:24,2026-10-08 03:16:43,85
domain,www.engetecengenharia.com,threatfox,ClearFake,"threatfox,compromised,EtherHide",2026-10-08 02:17:24,2026-10-08 03:16:43,85
domain,www.excess-international.com,threatfox,ClearFake,"threatfox,compromised,EtherHide",2026-10-08 02:17:24,2026-10-08 03:16:43,85
domain,www.fowlercoaching.com,threatfox,ClearFake,"threatfox,compromised,EtherHide",2026-10-08 02:17:24,2026-10-08 03:16:43,85
domain,www.jodykingzett.com,threatfox,ClearFake,"threatfox,compromised,EtherHide",2026-10-08 02:17:24,2026-10-08 03:16:43,85
domain,www.lajourneedesreseaux-cci.fr,threatfox,ClearFake,"threatfox,compromised,EtherHide",2026-10-08 02:17:24,2026-10-08 03:16:43,85
domain,www.mrcistic.sk,threatfox,ClearFake,"threatfox,compromised,EtherHide",2026-10-08 02:17:24,2026-10-08 03:16:43,85
domain,www.mysticlink.com,threatfox,Unknown Loader,"threatfox,skimming,victim",2026-10-08 02:17:24,2026-10-08 03:16:43,85
domain,www.rarebookshonolulu.com,threatfox,Unknown Loader,"threatfox,skimming,victim",2026-10-08 02:17:24,2026-10-08 03:16:43,85
domain,www.wixconsulting.com,threatfox,ClearFake,"threatfox,compromised,EtherHide",2026-10-08 02:17:24,2026-10-08 03:16:43,85
domain,xs.333vip.org,threatfox,Vidar,"threatfox,vidar",2026-10-08 02:17:24,2026-10-08 03:16:43,85
domain,xs.3toto.com,threatfox,Vidar,"threatfox,vidar",2026-10-08 02:17:24,2026-10-08 03:16:43,85
domain,xvip.ddns.net,threatfox,XWorm,"threatfox,xworm",2026-10-08 02:17:24,2026-10-08 03:16:43,85
domain,yato.com.ua,threatfox,Unknown Stealer,"threatfox,etherhiding",2026-10-08 02:17:24,2026-10-08 03:16:43,85
domain,ythojl.sbs,threatfox,Unknown Stealer,threatfox,2026-10-08 02:17:24,2026-10-08 03:16:43,85
domain,yumekazeko.shop,threatfox,Unknown Stealer,"threatfox,ErrTraffic,Polygon",2026-10-08 02:17:24,2026-10-08 03:16:43,85
domain,zavekote.workers.dev,threatfox,php.shin_webshell,"threatfox,Cloudflare,GIF,PHP,webshell,WordPress,workers.dev,wp-admin",2026-10-08 02:17:24,2026-10-08 03:16:43,85
domain,zeenocabin.com,threatfox,ClearFake,"threatfox,compromised,EtherHide",2026-10-08 02:17:24,2026-10-08 03:16:43,85
domain,zen-rough-bitter-steel.xyz,threatfox,ClearFake,"threatfox,ClearFake,ClickFix,ErrTraffic,EtherHiding",2026-10-08 02:17:24,2026-10-08 03:16:43,85
domain,ztl.kiev.ua,threatfox,Unknown Stealer,"threatfox,etherhiding",2026-10-08 02:17:24,2026-10-08 03:16:43,85
hash_md5,004205ee89f2859b461343ef555ac608,threatfox,PhonyC2,threatfox,2026-10-08 02:17:24,2026-10-08 03:16:43,85
hash_md5,00e964422ebcfb8dce11fbe450fa09ce,threatfox,Vidar,threatfox,2026-10-08 02:17:24,2026-10-08 03:16:43,85
hash_md5,0112f1cffd646ed0818c3088ab50ae8f,threatfox,Venus Stealer,threatfox,2026-10-08 02:17:24,2026-10-08 03:16:43,85
hash_md5,05733c2d4e5ddaa277ece03df37c8ed6,threatfox,RegPhantom,threatfox,2026-10-08 02:17:24,2026-10-08 03:16:43,85
hash_md5,05f8f93fb8a821aade444de558350595,threatfox,Stealc,threatfox,2026-10-08 02:17:24,2026-10-08 03:16:43,85
hash_md5,07424088937d177857bcde33b8512599,threatfox,Stealc,threatfox,2026-10-08 02:17:24,2026-10-08 03:16:43,85
hash_md5,1daec83a0a8e7909926a47f945058b89,threatfox,Vidar,threatfox,2026-10-08 02:17:24,2026-10-08 03:16:43,85
hash_md5,219811d86a84844199c1d502295e15b6,threatfox,Venus Stealer,threatfox,2026-10-08 02:17:24,2026-10-08 03:16:43,85
hash_md5,22b5da140ab6f792a511d2563052e6d2,threatfox,RegPhantom,threatfox,2026-10-08 02:17:24,2026-10-08 03:16:43,85
hash_md5,22f8ba22b4c9d92415c0f1098c3f90f1,threatfox,AsyncRAT,threatfox,2026-10-08 02:17:24,2026-10-08 03:16:43,85
hash_md5,27c967bd6e99502ebbf83ba547adff82,threatfox,RegPhantom,threatfox,2026-10-08 02:17:24,2026-10-08 03:16:43,85
hash_md5,2915aca201ab1167ccc0918b08ae1ee0,threatfox,Venus Stealer,threatfox,2026-10-08 02:17:24,2026-10-08 03:16:43,85
hash_md5,2ee03e9816df5521908c6af69e4f2be7,threatfox,GCleaner,threatfox,2026-10-08 02:17:24,2026-10-08 03:16:43,85
hash_md5,30ddf81994d4d81feb012f1419bcab53,threatfox,Stealc,threatfox,2026-10-08 02:17:24,2026-10-08 03:16:43,85
hash_md5,32c62fe1beafb431feaaf8f7fe410e26,threatfox,RegPhantom,threatfox,2026-10-08 02:17:24,2026-10-08 03:16:43,85
hash_md5,32fe0e340f94282426829537fad19278,threatfox,RegPhantom,threatfox,2026-10-08 02:17:24,2026-10-08 03:16:43,85
hash_md5,3432643e0e96ddeef83586e47d2083dc,threatfox,RegPhantom,threatfox,2026-10-08 02:17:24,2026-10-08 03:16:43,85
hash_md5,3856cf206988acc6389777fa62c34cf5,threatfox,WannaCryptor,threatfox,2026-10-08 02:17:24,2026-10-08 03:16:43,85
hash_md5,3860c03927290688db2f7769140103e4,threatfox,Kuiper,threatfox,2026-10-08 02:17:24,2026-10-08 03:16:43,85
hash_md5,3bf3cee2a23b80237efc3bc0cab31c87,threatfox,RegPhantom,threatfox,2026-10-08 02:17:24,2026-10-08 03:16:43,85
hash_md5,3c19ef23dc3dec572cd6f2222dd07300,threatfox,TitanStealer,threatfox,2026-10-08 02:17:24,2026-10-08 03:16:43,85
hash_md5,3cd3c4d9dd4a76a03504feb2306e06e1,threatfox,XWorm,threatfox,2026-10-08 02:17:24,2026-10-08 03:16:43,85
hash_md5,3d22a007f0e5878fa47d9ded220b605d,threatfox,Agent Tesla,threatfox,2026-10-08 02:17:24,2026-10-08 03:16:43,85
hash_md5,41943a34fd0115c01bddf99f57b1dbf7,threatfox,Vidar,threatfox,2026-10-08 02:17:24,2026-10-08 03:16:43,85
hash_md5,4b35c97702037bcd235041c6bc786da1,threatfox,Venus Stealer,threatfox,2026-10-08 02:17:24,2026-10-08 03:16:43,85
hash_md5,52922ceeab0a95443710310269e0bd6b,threatfox,MoriAgent,threatfox,2026-10-08 02:17:24,2026-10-08 03:16:43,85
hash_md5,54f8f76d0dd0dcdbe85e4d32f7108ea0,threatfox,RegPhantom,threatfox,2026-10-08 02:17:24,2026-10-08 03:16:43,85
hash_md5,54fe1c9789a24b53141411cc1aeae09c,threatfox,stealler,threatfox,2026-10-08 02:17:24,2026-10-08 03:16:43,85
hash_md5,5acb6579fc74d66e67e0cdecddb46457,threatfox,Epsilon Stealer,threatfox,2026-10-08 02:17:24,2026-10-08 03:16:43,85
hash_md5,5af41a745941cdc66963b2007167547f,threatfox,stealler,threatfox,2026-10-08 02:17:24,2026-10-08 03:16:43,85
hash_md5,5c6a535c64562738470356602ed9c556,threatfox,Formbook,threatfox,2026-10-08 02:17:24,2026-10-08 03:16:43,85
hash_md5,5fa55b6b9a680cf8dbd6b3c837c3ef15,threatfox,RegPhantom,threatfox,2026-10-08 02:17:24,2026-10-08 03:16:43,85
hash_md5,60c7b6ad0214681bf65f3ee2b55fcb3a,threatfox,Formbook,threatfox,2026-10-08 02:17:24,2026-10-08 03:16:43,85
hash_md5,66d58031731fc12a2b31d51af1b9640a,threatfox,RegPhantom,threatfox,2026-10-08 02:17:24,2026-10-08 03:16:43,85
hash_md5,76c73259f756d7367280719ecc4ac8fd,threatfox,stealler,threatfox,2026-10-08 02:17:24,2026-10-08 03:16:43,85
hash_md5,770e477b5f8cd94a6783140a3bb62225,threatfox,YiBackdoor,threatfox,2026-10-08 02:17:24,2026-10-08 03:16:43,85
hash_md5,7e29dd50712b2f02b0464b835e6f30af,threatfox,stealler,threatfox,2026-10-08 02:17:24,2026-10-08 03:16:43,85
hash_md5,7f7b18413fc3affe2b839c2d1f1638ef,threatfox,RegPhantom,threatfox,2026-10-08 02:17:24,2026-10-08 03:16:43,85
hash_md5,8c1013d622f0911854bffa3fc88a3377,threatfox,KrakenKeylogger,threatfox,2026-10-08 02:17:24,2026-10-08 03:16:43,85
hash_md5,8f9fc33ab36f20a0938eb86652e6eaa1,threatfox,stealler,threatfox,2026-10-08 02:17:24,2026-10-08 03:16:43,85
hash_md5,954d1293832b5296971ed38e973a9203,threatfox,stealler,threatfox,2026-10-08 02:17:24,2026-10-08 03:16:43,85
hash_md5,a31b3261aa04f232b7fcfc77777c43a7,threatfox,Formbook,threatfox,2026-10-08 02:17:24,2026-10-08 03:16:43,85
hash_md5,a7318a5f7aa1d21989ca284d9e750381,threatfox,Expiro,threatfox,2026-10-08 02:17:24,2026-10-08 03:16:43,85
hash_md5,a824398b7923e0945551b06f47c400ed,threatfox,QuantLoader,threatfox,2026-10-08 02:17:24,2026-10-08 03:16:43,85
hash_md5,afaba06803129ca1030499d61ed4e9e1,threatfox,RegPhantom,threatfox,2026-10-08 02:17:24,2026-10-08 03:16:43,85
hash_md5,b2d8a7fa418143a4542b28c53e86a080,threatfox,Vidar,threatfox,2026-10-08 02:17:24,2026-10-08 03:16:43,85
hash_md5,b3517a69209242e49f8e1f463732f656,threatfox,Kuiper,threatfox,2026-10-08 02:17:24,2026-10-08 03:16:43,85
hash_md5,ba6aa91e6afd6fd1f24295bc301f5df5,threatfox,PhonyC2,threatfox,2026-10-08 02:17:24,2026-10-08 03:16:43,85
hash_md5,c38bfdb3613d4d0c0a5ff7c60a9416d6,threatfox,Luca Stealer,threatfox,2026-10-08 02:17:24,2026-10-08 03:16:43,85
hash_md5,c756d5f25076629543879497dbd7e70a,threatfox,Vidar,threatfox,2026-10-08 02:17:24,2026-10-08 03:16:43,85
hash_md5,c9a8bc2237b95e0543c5dc67192de2b5,threatfox,stealler,threatfox,2026-10-08 02:17:24,2026-10-08 03:16:43,85
hash_md5,cdf2f76525ad09669316f8933183a071,threatfox,RegPhantom,threatfox,2026-10-08 02:17:24,2026-10-08 03:16:43,85
hash_md5,d050774dcdcc830e4b4b8b10590df3f6,threatfox,RegPhantom,threatfox,2026-10-08 02:17:24,2026-10-08 03:16:43,85
hash_md5,d47d3a5fe3ca39379423ea4e22bc5713,threatfox,RegPhantom,threatfox,2026-10-08 02:17:24,2026-10-08 03:16:43,85
hash_md5,d504445b92af18bfb49cbe8b296abcc4,threatfox,RegPhantom,threatfox,2026-10-08 02:17:24,2026-10-08 03:16:43,85
hash_md5,d700d46d861f7ef1ce58a21eb06fd553,threatfox,Akira Stealer,threatfox,2026-10-08 02:17:24,2026-10-08 03:16:43,85
hash_md5,d77b96fe72bfd13d513ab559cba4b308,threatfox,WannaCryptor,threatfox,2026-10-08 02:17:24,2026-10-08 03:16:43,85
hash_md5,dcf3b88561b92b4edb0682c8b799b37b,threatfox,stealler,threatfox,2026-10-08 02:17:24,2026-10-08 03:16:43,85
hash_md5,e086f2aa9d57cb7364f4ca4b3b58ee9b,threatfox,RegPhantom,threatfox,2026-10-08 02:17:24,2026-10-08 03:16:43,85
hash_md5,e3b578aa02e2fc3fb557e83f4186395e,threatfox,MoriAgent,threatfox,2026-10-08 02:17:24,2026-10-08 03:16:43,85
hash_md5,e7baec9e0a38ba52d7a8a545e9dbf6c9,threatfox,Vidar,threatfox,2026-10-08 02:17:24,2026-10-08 03:16:43,85
hash_md5,ea0f589e4bc2737119a1730477f8929b,threatfox,RegPhantom,threatfox,2026-10-08 02:17:24,2026-10-08 03:16:43,85
hash_md5,f54b4f48c6661e798e28c2213fc1007e,threatfox,stealler,threatfox,2026-10-08 02:17:24,2026-10-08 03:16:43,85
hash_md5,fa553cae460341d33e5b04d4296c601e,threatfox,SalatStealer,threatfox,2026-10-08 02:17:24,2026-10-08 03:16:43,85
hash_md5,fec6a02b6d8be9580f24599241ea3191,threatfox,RegPhantom,threatfox,2026-10-08 02:17:24,2026-10-08 03:16:43,85
hash_sha256,006e08f1b8cad821f7849c282dc11d317e76ce66a5bcd84053dd5e7752e0606f,threatfox,RegPhantom,threatfox,2026-10-08 02:17:24,2026-10-08 03:16:43,85
hash_sha256,01469b8a4aa195637983cc952ab5dac5e9b7b46091ac709f8819ef82fa4c8b26,threatfox,WannaCryptor,threatfox,2026-10-08 02:17:24,2026-10-08 03:16:43,85
hash_sha256,0178f142fb4d44b716b5fdcbd83e324de8d2554014ef6d7c72378ee239bf363e,threatfox,KrakenKeylogger,threatfox,2026-10-08 02:17:24,2026-10-08 03:16:43,85
hash_sha256,01c3d2a947c56e16718f1f54c0820996dce1d44da25d38b2a9992eb16e6b11e6,threatfox,RegPhantom,threatfox,2026-10-08 02:17:24,2026-10-08 03:16:43,85
hash_sha256,0956ec57c3ddcd24c4d61bd6a4dd16b5f1468f701a286e46b761f5be4fc478ac,threatfox,RegPhantom,threatfox,2026-10-08 02:17:24,2026-10-08 03:16:43,85
hash_sha256,11d7da51a1d765e6f6946b27566876a5c42e4d157bdb2c9f45dc579c87417f31,threatfox,stealler,threatfox,2026-10-08 02:17:24,2026-10-08 03:16:43,85
hash_sha256,1581428fe60e65944ab96f61965c9317552ab64292858d3a64f885226b88528f,threatfox,AsyncRAT,threatfox,2026-10-08 02:17:24,2026-10-08 03:16:43,85
hash_sha256,187089dffb448a9fc3d858e1d539ea70ba06a706d2b63dd44afc89d2ef1d2f8a,threatfox,Vidar,threatfox,2026-10-08 02:17:24,2026-10-08 03:16:43,85
hash_sha256,218ab4cb7bf3622b4b8d5fa9196d817b91046e1eca84c26091f3f703ab214707,threatfox,RegPhantom,threatfox,2026-10-08 02:17:24,2026-10-08 03:16:43,85
hash_sha256,24abb4702809d350ec17986d645a0d453efc0fd6d499d87fb01e0b5cb1a65160,threatfox,Vidar,threatfox,2026-10-08 02:17:24,2026-10-08 03:16:43,85
hash_sha256,27c743d1ff6531bcd8fb09f0a91caea95ad72c34e83782660236b6b34b81cde5,threatfox,Venus Stealer,threatfox,2026-10-08 02:17:24,2026-10-08 03:16:43,85
hash_sha256,2c195b625dee9271f543a9be087c9fb1b641255be29cc7c88fd811f7e1fe71d5,threatfox,stealler,threatfox,2026-10-08 02:17:24,2026-10-08 03:16:43,85
hash_sha256,2dbc1c3920315f24899eb0f9574d0c5e2e0c5b42d280b6a7a506b176305f7b09,threatfox,stealler,threatfox,2026-10-08 02:17:24,2026-10-08 03:16:43,85
hash_sha256,32addf18477324f478bf93ac22be65550bc71450c9bc4fe49aa3be22219aae65,threatfox,RegPhantom,threatfox,2026-10-08 02:17:24,2026-10-08 03:16:43,85
hash_sha256,372f8a434264575c7adeaf66ffc090b454fab89a1ac5f49986f2a9ed8d25d357,threatfox,stealler,threatfox,2026-10-08 02:17:24,2026-10-08 03:16:43,85
hash_sha256,44c2f46e91c4b65b6f0c8385910af36a4255bba0fdd7bfccf2199e7a9faf19f7,threatfox,Agent Tesla,threatfox,2026-10-08 02:17:24,2026-10-08 03:16:43,85
hash_sha256,4902684357fbd82d08c155eac5ea598fcda0446f408294fd8a18085d7ad1ac73,threatfox,Venus Stealer,threatfox,2026-10-08 02:17:24,2026-10-08 03:16:43,85
hash_sha256,5599ec1f3e1eb52a7e0f3b9dbd0c9849cf494c32ed1e50e76c43d2200daa283a,threatfox,RegPhantom,threatfox,2026-10-08 02:17:24,2026-10-08 03:16:43,85
hash_sha256,5650f8e0904433247a0cdc68c7b73c68291b52523dad1edb93a9bd7439273698,threatfox,RegPhantom,threatfox,2026-10-08 02:17:24,2026-10-08 03:16:43,85
hash_sha256,5ec4c1ecaf67ba48a7f6ccebc065e587e7629654e455b15f67894240e63ac704,threatfox,WannaCryptor,threatfox,2026-10-08 02:17:24,2026-10-08 03:16:43,85
hash_sha256,6606a963beb709da2d87d685d998e126f2a52efaad64eab8bbb5ba70c7ca5194,threatfox,RegPhantom,threatfox,2026-10-08 02:17:24,2026-10-08 03:16:43,85
hash_sha256,703dfb12edc6da592e3dfb951ca2d84bf349e6a16ad3a2ab32b275349956e7c4,threatfox,RegPhantom,threatfox,2026-10-08 02:17:24,2026-10-08 03:16:43,85
hash_sha256,749009376b352dfd21f7289f549c0ed3ff515f813eb1eaf2e604ba75be02c9c2,threatfox,YiBackdoor,threatfox,2026-10-08 02:17:24,2026-10-08 03:16:43,85
hash_sha256,7606a3b69488795fe2d71558caab7877ea313425e55a63aebb932d0d92b38aee,threatfox,RegPhantom,threatfox,2026-10-08 02:17:24,2026-10-08 03:16:43,85
hash_sha256,77a8d1bcbc9c79e76e64b5fd50aeda23d4d9a0ca42299f0f7a72f8da032fcc54,threatfox,Kuiper,threatfox,2026-10-08 02:17:24,2026-10-08 03:16:43,85
hash_sha256,7c9312ebe2afc299a0835a32700cdd2c5099c228799414c48058c0fb6095df9b,threatfox,RegPhantom,threatfox,2026-10-08 02:17:24,2026-10-08 03:16:43,85
hash_sha256,7ffa8ceaba695ecb58868eac30c83433b87854f8ef6ba6d97938bbd462d486a9,threatfox,Vidar,threatfox,2026-10-08 02:17:24,2026-10-08 03:16:43,85
hash_sha256,82b558b35028e479c2063a0e3f50478714692f48df9093853bf93aa9b4909471,threatfox,GCleaner,threatfox,2026-10-08 02:17:24,2026-10-08 03:16:43,85
hash_sha256,8c65239167f3ec609a5a992ed143b68b3c1b3a5985cf8a6d3f528081de15d0ee,threatfox,stealler,threatfox,2026-10-08 02:17:24,2026-10-08 03:16:43,85
hash_sha256,91860b4d03b32a4ca6e8e92856272d953999934e6316f65677a615cbfb8d31d0,threatfox,RegPhantom,threatfox,2026-10-08 02:17:24,2026-10-08 03:16:43,85
hash_sha256,9262713395e980851638ce2f5bac67be989449f82d76e25d0ef42fa8e59c0863,threatfox,XWorm,threatfox,2026-10-08 02:17:24,2026-10-08 03:16:43,85
hash_sha256,97876c085318d8606e8478976d98dab77a7e905a87a4b0a27e20d794af25cd4c,threatfox,RegPhantom,threatfox,2026-10-08 02:17:24,2026-10-08 03:16:43,85
hash_sha256,9d4da288496157ce8e49f4bd99ddeddd10fcdccea2239d0e7a06ea55ba3dabbf,threatfox,AMOS,"threatfox,AMOS,ClickFix,Foxveil,macOS,quill",2026-10-08 02:17:24,2026-10-08 03:16:43,85
hash_sha256,a0c291e8942c8c7fecccff3fbdb65f65c76312d384a73d3748042a319209c91c,threatfox,RegPhantom,threatfox,2026-10-08 02:17:24,2026-10-08 03:16:43,85
hash_sha256,a21be069523269d370e173e5560617c4960e9cabfa03de22bd8fcae2c08e9e40,threatfox,Formbook,threatfox,2026-10-08 02:17:24,2026-10-08 03:16:43,85
hash_sha256,a36fbc117b0582e076f28cb9c81680c61f45a2ab9eac0f99ddb75a59537aab7a,threatfox,Vidar,threatfox,2026-10-08 02:17:24,2026-10-08 03:16:43,85
hash_sha256,a8dd58cca69cff0ca3d6786686ece74e67804e4ea1ce961aab37ee9520fe2998,threatfox,AMOS,"threatfox,AMOS,ClickFix,Foxveil,macOS,quill",2026-10-08 02:17:24,2026-10-08 03:16:43,85
hash_sha256,a9a97675dd4fd2cad9b66f31c0bb3cf177cfbe40f29a664abce74b11da645984,threatfox,Stealc,threatfox,2026-10-08 02:17:24,2026-10-08 03:16:43,85
hash_sha256,acb4fdd8eab403dd309015ff8d73334ce7fb1656a627ae837804e59a1b20005a,threatfox,MoriAgent,threatfox,2026-10-08 02:17:24,2026-10-08 03:16:43,85
hash_sha256,ad849ef11de791d1a83a1ba99c3918c1b69df5abf36b171105cc87d9d9ec369b,threatfox,AMOS,"threatfox,AMOS,ClickFix,Foxveil,macOS,quill",2026-10-08 02:17:24,2026-10-08 03:16:43,85
hash_sha256,aeeeb401fce819cc628d6ba3adcf5d414368708b8ec8dbd72a320fd3f312a9ac,threatfox,Akira Stealer,threatfox,2026-10-08 02:17:24,2026-10-08 03:16:43,85
hash_sha256,b106a8b8ffa1c67e0e8f21a2015d0f0935e16e9e710c95b1bef3f924d532bd76,threatfox,Vidar,threatfox,2026-10-08 02:17:24,2026-10-08 03:16:43,85
hash_sha256,b10d8bb537ab05e51f08d0b942ee9f92f3226d118fcac794d1a7396bbc0b531f,threatfox,RegPhantom,threatfox,2026-10-08 02:17:24,2026-10-08 03:16:43,85
hash_sha256,b17689e3da2c11a8034dee9389c5577366a3b4cbdfc77419c997713d5082dfc5,threatfox,stealler,threatfox,2026-10-08 02:17:24,2026-10-08 03:16:43,85
hash_sha256,b18d170c8044d8db1c1453f62c093eb0a25fb611803bea6dcaab445f1f361257,threatfox,PhonyC2,threatfox,2026-10-08 02:17:24,2026-10-08 03:16:43,85
hash_sha256,b2bbdeb48f60e591d78ddc98fffc9504128e9b948fd58a54c2cfa927ff9db105,threatfox,RegPhantom,threatfox,2026-10-08 02:17:24,2026-10-08 03:16:43,85
hash_sha256,b94b0462a88c7f7f45e8ab7c4b4bdaeb54ac646a1720b89bdcaf580074a4a54a,threatfox,QuantLoader,threatfox,2026-10-08 02:17:24,2026-10-08 03:16:43,85
hash_sha256,b9f9c58e080f1b5028e8e331fdc0aa5d5c43646d747031615d4645800fe87a02,threatfox,Venus Stealer,threatfox,2026-10-08 02:17:24,2026-10-08 03:16:43,85
hash_sha256,bbebc335e92928bd411f5178f467890dcb20b5c68cc0fb5eb5497290e70bfafb,threatfox,Expiro,threatfox,2026-10-08 02:17:24,2026-10-08 03:16:43,85
hash_sha256,bc179912f78307a8798ebc1ce7fb38b1d2b4baf6bfddf15da8ecef4c0923694e,threatfox,Formbook,threatfox,2026-10-08 02:17:24,2026-10-08 03:16:43,85
hash_sha256,bed116abf922b28f79323cce3901e206e82cb4a37020c623217ff1541baa00f1,threatfox,Epsilon Stealer,threatfox,2026-10-08 02:17:24,2026-10-08 03:16:43,85
hash_sha256,c073f5c684eafc2b0b0c6dedbf6aaa0148f5d1e6f5cd4b1090a88991a22c89bf,threatfox,Luca Stealer,threatfox,2026-10-08 02:17:24,2026-10-08 03:16:43,85
hash_sha256,c4545d48db19349484d97681beaa8832f25663250db0e5ff16ef36e9e8ea8766,threatfox,MoriAgent,threatfox,2026-10-08 02:17:24,2026-10-08 03:16:43,85
hash_sha256,c55f5339abaf48b9392df67d5b6f6e011d878d7ee848724ad5dbe8c4d898ef23,threatfox,RegPhantom,threatfox,2026-10-08 02:17:24,2026-10-08 03:16:43,85
hash_sha256,cb2ed2ece12a675e19f2b537840a2b5d8bcdd1d508ec5c386178e60161d2cfe8,threatfox,RegPhantom,threatfox,2026-10-08 02:17:24,2026-10-08 03:16:43,85
hash_sha256,cd3158bdde5b7145a69e72579fb14577c0f8eb1e49de549968a8ecbf6c3c4701,threatfox,Vidar,threatfox,2026-10-08 02:17:24,2026-10-08 03:16:43,85
hash_sha256,d16d828d6538f903ab4b487994ced8f19a7cffc23944d30b7b724a194628b443,threatfox,Kuiper,threatfox,2026-10-08 02:17:24,2026-10-08 03:16:43,85
hash_sha256,d538f52e0703db623fcc880f8adf16f96459eaef867e5b91e91740343726e913,threatfox,Formbook,threatfox,2026-10-08 02:17:24,2026-10-08 03:16:43,85
hash_sha256,dba820c1f2c4778166063b0a20563b51c160ee6a3b08e4d5c2d4d7153a3ec081,threatfox,stealler,threatfox,2026-10-08 02:17:24,2026-10-08 03:16:43,85
hash_sha256,dc978cecad6e55b168f42ffcaab296a4513c3a46af58707fb1f6af5d162a69e0,threatfox,SalatStealer,threatfox,2026-10-08 02:17:24,2026-10-08 03:16:43,85
hash_sha256,e163174c8acd0ddd4be15d1d208cecca3df7e805d5ded812023a427f8c72ce67,threatfox,PhonyC2,threatfox,2026-10-08 02:17:24,2026-10-08 03:16:43,85
hash_sha256,e85274fab4d975a01259c37bee55647a5295364136ff2646ba9e47adaaa56c15,threatfox,AMOS,"threatfox,AMOS,ClickFix,Foxveil,macOS,quill",2026-10-08 02:17:24,2026-10-08 03:16:43,85
hash_sha256,eb4ec97f2b54bac88140eb4639a1674d2a1fa81f05b01b36cae58c4d46a7c158,threatfox,TitanStealer,threatfox,2026-10-08 02:17:24,2026-10-08 03:16:43,85
hash_sha256,ef767d259cbb694fb895ba874810f37d4bcc5fdf375ae7e70dc72bff4ccecba4,threatfox,Stealc,threatfox,2026-10-08 02:17:24,2026-10-08 03:16:43,85
hash_sha256,eff4b583d6a3e0743b7ad853a8227cc04b83eb4d855cac31bdef4fb0185326a9,threatfox,stealler,threatfox,2026-10-08 02:17:24,2026-10-08 03:16:43,85
hash_sha256,f6683adcb8a152d31ef1132ee3f4cb818dcf0b5e361f991286f9fb5d2d747afd,threatfox,RegPhantom,threatfox,2026-10-08 02:17:24,2026-10-08 03:16:43,85
hash_sha256,fed1a1556b70e2d634b05a951a4c5f89617d80e1b1cde5c620f7cf7b2970fdd5,threatfox,stealler,threatfox,2026-10-08 02:17:24,2026-10-08 03:16:43,85
hash_sha256,ff6379a044085e27758b1718515b16869a1bba31bb5e31b989aeaf07178fe87a,threatfox,Venus Stealer,threatfox,2026-10-08 02:17:24,2026-10-08 03:16:43,85
hash_sha256,ffce7a3896c7e9e8172737d45c1eaed7f62b0a09b65ce22c5eeff9f25b7ace9d,threatfox,Stealc,threatfox,2026-10-08 02:17:24,2026-10-08 03:16:43,85
ip,101.33.117.120,threatfox,ValleyRAT,"threatfox,RAT,ValleyRAT",2026-10-08 02:17:24,2026-10-08 03:16:43,85
ip,102.117.168.65,threatfox,Unknown malware,"threatfox,mythic",2026-10-08 02:17:24,2026-10-08 03:16:43,85
ip,102.220.161.177,threatfox,PureRAT,"threatfox,drb-ra,PureHVNC,PureRAT,RAT",2026-10-08 02:17:24,2026-10-08 03:16:43,85
ip,102.220.163.105,threatfox,XWorm,"threatfox,xworm",2026-10-08 02:17:24,2026-10-08 03:16:43,85
ip,103.181.177.61,threatfox,PureRAT,"threatfox,drb-ra,PureHVNC,PureRAT,RAT",2026-10-08 02:17:24,2026-10-08 03:16:43,85
ip,103.83.87.86,threatfox,Remcos,"threatfox,RAT,RemcosRAT",2026-10-08 02:17:24,2026-10-08 03:16:43,85
ip,113.44.67.52,threatfox,VShell,"threatfox,vshell",2026-10-08 02:17:24,2026-10-08 03:16:43,85
ip,128.90.105.180,threatfox,AsyncRAT,"threatfox,AsyncRAT,drb-ra,RAT",2026-10-08 02:17:24,2026-10-08 03:16:43,85
ip,128.90.108.225,threatfox,Remcos,"threatfox,332ps1Ago,c2,Remcos",2026-10-08 02:17:24,2026-10-08 03:16:43,85
ip,130.61.99.190,threatfox,Unknown malware,"threatfox,drb-ra,Mythic",2026-10-08 02:17:24,2026-10-08 03:16:43,85
ip,134.122.155.207,threatfox,ValleyRAT,"threatfox,valleyrat_s2",2026-10-08 02:17:24,2026-10-08 03:16:43,85
ip,138.197.128.142,threatfox,Aisuru,"threatfox,airashi,aisuru,botnet,ddos,mirai",2026-10-08 02:17:24,2026-10-08 03:16:43,85
ip,155.103.69.56,threatfox,XWorm,"threatfox,xworm",2026-10-08 02:17:24,2026-10-08 03:16:43,85
ip,157.137.215.66,threatfox,Havoc,"threatfox,drb-ra,Havoc",2026-10-08 02:17:24,2026-10-08 03:16:43,85
ip,159.89.196.255,threatfox,Aisuru,"threatfox,airashi,aisuru,botnet,ddos,mirai",2026-10-08 02:17:24,2026-10-08 03:16:43,85
ip,165.245.252.125,threatfox,Aisuru,"threatfox,airashi,aisuru,botnet,ddos,mirai",2026-10-08 02:17:24,2026-10-08 03:16:43,85
ip,172.105.110.70,threatfox,Evilginx,"threatfox,drb-ra,Evilginx,EvilGoPhish",2026-10-08 02:17:24,2026-10-08 03:16:43,85
ip,176.96.137.87,threatfox,PureRAT,"threatfox,drb-ra,PureHVNC,PureRAT,RAT",2026-10-08 02:17:24,2026-10-08 03:16:43,85
ip,178.16.53.56,threatfox,Aisuru,"threatfox,airashi,aisuru,botnet,ddos,mirai",2026-10-08 02:17:24,2026-10-08 03:16:43,85
ip,178.16.53.59,threatfox,Aisuru,"threatfox,airashi,aisuru,botnet,ddos,mirai",2026-10-08 02:17:24,2026-10-08 03:16:43,85
ip,178.16.53.76,threatfox,Aisuru,"threatfox,airashi,aisuru,botnet,ddos,mirai",2026-10-08 02:17:24,2026-10-08 03:16:43,85
ip,18.176.225.124,threatfox,Brute Ratel C4,"threatfox,BruteRatel,drb-ra",2026-10-08 02:17:24,2026-10-08 03:16:43,85
ip,185.149.24.115,threatfox,Remcos,"threatfox,RAT,RemcosRAT",2026-10-08 02:17:24,2026-10-08 03:16:43,85
ip,186.169.33.116,threatfox,AsyncRAT,"threatfox,AsyncRAT,drb-ra,RAT",2026-10-08 02:17:24,2026-10-08 03:16:43,85
ip,188.166.229.242,threatfox,Aisuru,"threatfox,airashi,aisuru,botnet,ddos,mirai",2026-10-08 02:17:24,2026-10-08 03:16:43,85
ip,196.251.121.199,threatfox,pupy,"threatfox,drb-ra,PupyRAT,RAT",2026-10-08 02:17:24,2026-10-08 03:16:43,85
ip,196.77.102.208,threatfox,AsyncRAT,"threatfox,asyncrat",2026-10-08 02:17:24,2026-10-08 03:16:43,85
ip,201.79.48.108,threatfox,Aisuru,"threatfox,airashi,aisuru,botnet,ddos,mirai",2026-10-08 02:17:24,2026-10-08 03:16:43,85
ip,203.202.232.254,threatfox,XWorm,"threatfox,xworm",2026-10-08 02:17:24,2026-10-08 03:16:43,85
ip,207.154.219.20,threatfox,Aisuru,"threatfox,airashi,aisuru,botnet,ddos,mirai",2026-10-08 02:17:24,2026-10-08 03:16:43,85
ip,207.56.3.27,threatfox,PureRAT,"threatfox,drb-ra,PureHVNC,PureRAT,RAT",2026-10-08 02:17:24,2026-10-08 03:16:43,85
ip,207.56.3.56,threatfox,PureRAT,"threatfox,drb-ra,PureHVNC,PureRAT,RAT",2026-10-08 02:17:24,2026-10-08 03:16:43,85
ip,217.60.103.154,threatfox,XWorm,"threatfox,xworm",2026-10-08 02:17:24,2026-10-08 03:16:43,85
ip,217.60.195.112,threatfox,XWorm,"threatfox,xworm",2026-10-08 02:17:24,2026-10-08 03:16:43,85
ip,23.94.212.126,threatfox,AdaptixC2,"threatfox,AdaptixC2,drb-ra",2026-10-08 02:17:24,2026-10-08 03:16:43,85
ip,31.56.19.75,threatfox,Potassium,"threatfox,botnet,ddos,mirai,potassium,woof",2026-10-08 02:17:24,2026-10-08 03:16:43,85
ip,37.120.206.165,threatfox,Remcos,"threatfox,RAT,RemcosRAT",2026-10-08 02:17:24,2026-10-08 03:16:43,85
ip,43.157.81.37,threatfox,Jackskid,"threatfox,botnet,ddos,jackskid,mirai,rctea",2026-10-08 02:17:24,2026-10-08 03:16:43,85
ip,46.246.84.5,threatfox,AsyncRAT,"threatfox,AsyncRAT,drb-ra,RAT",2026-10-08 02:17:24,2026-10-08 03:16:43,85
ip,47.254.199.205,threatfox,Jackskid,"threatfox,botnet,ddos,jackskid,mirai,rctea",2026-10-08 02:17:24,2026-10-08 03:16:43,85
ip,47.84.79.106,threatfox,Jackskid,"threatfox,botnet,ddos,jackskid,mirai,rctea",2026-10-08 02:17:24,2026-10-08 03:16:43,85
ip,49.234.48.58,threatfox,VShell,"threatfox,vshell",2026-10-08 02:17:24,2026-10-08 03:16:43,85
ip,5.175.182.221,threatfox,PureLogs Stealer,"threatfox,PureLogsStealer",2026-10-08 02:17:24,2026-10-08 03:16:43,85
ip,72.61.140.138,threatfox,Remus,"threatfox,c2,cda044b23c09ea74757275a0b5703dd5,remus",2026-10-08 02:17:24,2026-10-08 03:16:43,85
ip,80.76.49.104,threatfox,PureRAT,"threatfox,drb-ra,PureHVNC,PureRAT,RAT",2026-10-08 02:17:24,2026-10-08 03:16:43,85
ip,80.94.92.180,threatfox,AdaptixC2,"threatfox,AdaptixC2,drb-ra",2026-10-08 02:17:24,2026-10-08 03:16:43,85
ip,81.71.2.20,threatfox,VShell,"threatfox,vshell",2026-10-08 02:17:24,2026-10-08 03:16:43,85
ip,85.11.167.105,threatfox,Unknown malware,threatfox,2026-10-08 02:17:24,2026-10-08 03:16:43,85
ip,85.202.161.25,threatfox,AdaptixC2,"threatfox,AdaptixC2,drb-ra",2026-10-08 02:17:24,2026-10-08 03:16:43,85
ip,89.32.41.43,threatfox,Potassium,"threatfox,botnet,ddos,mirai,potassium,woof",2026-10-08 02:17:24,2026-10-08 03:16:43,85
ip,93.152.214.174,threatfox,PureRAT,"threatfox,drb-ra,PureHVNC,PureRAT,RAT",2026-10-08 02:17:24,2026-10-08 03:16:43,85
ip,95.179.183.3,threatfox,pupy,"threatfox,drb-ra,PupyRAT,RAT",2026-10-08 02:17:24,2026-10-08 03:16:43,85
ssl_sha1,001a8f07b150e2b1d6bcb715fd95c20a1e24dac3,sslbl,ConnectWise C&C,"sslbl,2026-10-07",2026-10-08 02:17:24,2026-10-08 03:16:43,88
ssl_sha1,01ab8270fefc7b3582d27bafa2283b049ce624eb,sslbl,OffLoader C&C,"sslbl,2026-10-07",2026-10-08 02:17:24,2026-10-08 03:16:43,88
ssl_sha1,0f7363fdd9210d5cdcc0c7fa60a88b4a582fef18,sslbl,Vidar C&C,"sslbl,2026-10-07",2026-10-08 02:17:24,2026-10-08 03:16:43,88
ssl_sha1,51d76247414a9049df5a415d7f14815346bc92ed,sslbl,ACRStealer C&C,"sslbl,2026-10-07",2026-10-08 02:17:24,2026-10-08 03:16:43,88
ssl_sha1,59478ff95804dce8ca9ac41fab9bee313879a882,sslbl,ACRStealer C&C,"sslbl,2026-10-07",2026-10-08 02:17:24,2026-10-08 03:16:43,88
ssl_sha1,6bfc8dafb875c3e2ae6476df215805eb15298cbb,sslbl,Vidar C&C,"sslbl,2026-10-07",2026-10-08 02:17:24,2026-10-08 03:16:43,88
ssl_sha1,97b346a6656f38507fae979537c0baa86186a2d7,sslbl,OffLoader C&C,"sslbl,2026-10-07",2026-10-08 02:17:24,2026-10-08 03:16:43,88
ssl_sha1,a095f06a7ac8b272c1dd2e14e3b2508f4e4f86e3,sslbl,PureRAT C&C,"sslbl,2026-10-07",2026-10-08 02:17:24,2026-10-08 03:16:43,88
ssl_sha1,a911c93bcdc127abcc602c9ec97da3ecf425b045,sslbl,PureLogsStealer C&C,"sslbl,2026-10-07",2026-10-08 02:17:24,2026-10-08 03:16:43,88
ssl_sha1,d04d7126cb34075240b0bfea2b26b345254b189f,sslbl,ValetiStealer C&C,"sslbl,2026-10-07",2026-10-08 02:17:24,2026-10-08 03:16:43,88
ssl_sha1,e7fdd28d07b292696f1dc9fbca92364ccdcdf174,sslbl,ValetiStealer C&C,"sslbl,2026-10-07",2026-10-08 02:17:24,2026-10-08 03:16:43,88
ssl_sha1,f8bfca2b3881d0e18e08e3f486124236f55235bc,sslbl,PureRAT C&C,"sslbl,2026-10-07",2026-10-08 02:17:24,2026-10-08 03:16:43,88
url,http://101.53.235.246:49553/Mozi.m,threatfox,Mozi,"threatfox,elf,iot,Mozi",2026-10-08 02:17:24,2026-10-08 03:16:43,85
url,http://101.53.255.157:55681/Mozi.m,threatfox,Mozi,"threatfox,elf,iot,Mozi",2026-10-08 02:17:24,2026-10-08 03:16:43,85
url,http://115.55.21.134:49546/Mozi.m,threatfox,Mozi,"threatfox,elf,iot,Mozi",2026-10-08 02:17:24,2026-10-08 03:16:43,85
url,http://14.127.30.150:56804/Mozi.m,threatfox,Mozi,"threatfox,elf,iot,Mozi",2026-10-08 02:17:24,2026-10-08 03:16:43,85
url,http://153.117.40.189:37063/Mozi.m,threatfox,Mozi,"threatfox,elf,iot,Mozi",2026-10-08 02:17:24,2026-10-08 03:16:43,85
url,http://153.117.9.112:47599/Mozi.m,threatfox,Mozi,"threatfox,elf,iot,Mozi",2026-10-08 02:17:24,2026-10-08 03:16:43,85
url,http://160.250.114.90:55744/Mozi.m,threatfox,Mozi,"threatfox,elf,iot,Mozi",2026-10-08 02:17:24,2026-10-08 03:16:43,85
url,http://2.27.160.146/report,threatfox,Unknown malware,threatfox,2026-10-08 02:17:24,2026-10-08 03:16:43,85
url,http://202.70.139.209:55173/Mozi.m,threatfox,Mozi,"threatfox,elf,iot,Mozi",2026-10-08 02:17:24,2026-10-08 03:16:43,85
url,http://39.34.186.208:55595/Mozi.m,threatfox,Mozi,"threatfox,elf,iot,Mozi",2026-10-08 02:17:24,2026-10-08 03:16:43,85
url,http://69.49.229.88:443/MQEw,threatfox,Cobalt Strike,"threatfox,cobaltstrike",2026-10-08 02:17:24,2026-10-08 03:16:43,85
url,http://72.255.32.69:55398/Mozi.m,threatfox,Mozi,"threatfox,elf,iot,Mozi",2026-10-08 02:17:24,2026-10-08 03:16:43,85
url,http://apedlow.help:9932/invoices,threatfox,Remus,"threatfox,remus",2026-10-08 02:17:24,2026-10-08 03:16:43,85
url,http://apedlow.help:9932/messages,threatfox,Remus,"threatfox,remus",2026-10-08 02:17:24,2026-10-08 03:16:43,85
url,http://cfcher.biz:8531/documents,threatfox,Remus,"threatfox,remus",2026-10-08 02:17:24,2026-10-08 03:16:43,85
url,http://cfcher.biz:8531/orders,threatfox,Remus,"threatfox,remus",2026-10-08 02:17:24,2026-10-08 03:16:43,85
url,http://cryonex.sbs:5621/images,threatfox,Remus,"threatfox,remus",2026-10-08 02:17:24,2026-10-08 03:16:43,85
url,http://cryonex.sbs:5621/teams,threatfox,Remus,"threatfox,remus",2026-10-08 02:17:24,2026-10-08 03:16:43,85
url,http://glolsbs.top:5621/teams,threatfox,Remus,"threatfox,remus",2026-10-08 02:17:24,2026-10-08 03:16:43,85
url,http://glolsbs.top:5621/workspaces,threatfox,Remus,"threatfox,remus",2026-10-08 02:17:24,2026-10-08 03:16:43,85
url,http://nexssbs.sbs:9932/files,threatfox,Remus,"threatfox,remus",2026-10-08 02:17:24,2026-10-08 03:16:43,85
url,https://172.233.152.197,threatfox,Vidar,"threatfox,vidar",2026-10-08 02:17:24,2026-10-08 03:16:43,85
url,https://172.236.219.119,threatfox,Vidar,"threatfox,vidar",2026-10-08 02:17:24,2026-10-08 03:16:43,85
url,https://aacarrentals.com/,threatfox,Unknown malware,"threatfox,ClickFix",2026-10-08 02:17:24,2026-10-08 03:16:43,85
url,https://berff3788.com/,threatfox,Unknown Stealer,"threatfox,YapStealer",2026-10-08 02:17:24,2026-10-08 03:16:43,85
url,https://bobilittelpony.com/,threatfox,Unknown Stealer,"threatfox,YapStealer",2026-10-08 02:17:24,2026-10-08 03:16:43,85
url,https://carnelianquay.info/trace/endpoint-view.js,threatfox,SmartApeSG,"threatfox,SmartApeSG",2026-10-08 02:17:24,2026-10-08 03:16:43,85
url,https://carnelianquay.info/trace/proxy-client.js,threatfox,SmartApeSG,"threatfox,SmartApeSG",2026-10-08 02:17:24,2026-10-08 03:16:43,85
url,https://carnelianquay.info/trace/router-sandbox,threatfox,SmartApeSG,"threatfox,SmartApeSG",2026-10-08 02:17:24,2026-10-08 03:16:43,85
url,https://chrisniagara.cc/,threatfox,Unknown Loader,"threatfox,ValetiStealer",2026-10-08 02:17:24,2026-10-08 03:16:43,85
url,https://ciliabula.cc/,threatfox,Unknown Stealer,"threatfox,ValetiStealer",2026-10-08 02:17:24,2026-10-08 03:16:43,85
url,https://culture-shock.club/,threatfox,Unknown Stealer,"threatfox,YapStealer",2026-10-08 02:17:24,2026-10-08 03:16:43,85
url,https://dentre-go.com/,threatfox,Unknown Stealer,"threatfox,YapStealer",2026-10-08 02:17:24,2026-10-08 03:16:43,85
url,https://errakgrwenmjibedi.cc/,threatfox,Unknown Stealer,"threatfox,YapStealer",2026-10-08 02:17:24,2026-10-08 03:16:43,85
url,https://fitnessfreak.id/,threatfox,Unknown malware,"threatfox,ClickFix",2026-10-08 02:17:24,2026-10-08 03:16:43,85
url,https://gy.333vip.org/,threatfox,Vidar,"threatfox,vidar",2026-10-08 02:17:24,2026-10-08 03:16:43,85
url,https://gy.3toto.com/,threatfox,Vidar,"threatfox,vidar",2026-10-08 02:17:24,2026-10-08 03:16:43,85
url,https://hlomidiyaco.com/,threatfox,Unknown Stealer,"threatfox,YapStealer",2026-10-08 02:17:24,2026-10-08 03:16:43,85
url,https://hotelcalifornia.club/,threatfox,Unknown Stealer,"threatfox,YapStealer",2026-10-08 02:17:24,2026-10-08 03:16:43,85
url,https://ilia-from-izhevsk.club/,threatfox,Unknown Stealer,"threatfox,YapStealer",2026-10-08 02:17:24,2026-10-08 03:16:43,85
url,https://john-jones.club/,threatfox,Unknown Stealer,"threatfox,YapStealer",2026-10-08 02:17:24,2026-10-08 03:16:43,85
url,https://kaliop-weda.club/,threatfox,Unknown Stealer,"threatfox,YapStealer",2026-10-08 02:17:24,2026-10-08 03:16:43,85
url,https://lily-philips.club/,threatfox,Unknown Stealer,"threatfox,YapStealer",2026-10-08 02:17:24,2026-10-08 03:16:43,85
url,https://matie-bal.club/,threatfox,Unknown Stealer,"threatfox,YapStealer",2026-10-08 02:17:24,2026-10-08 03:16:43,85
url,https://mediasource22.com/,threatfox,Unknown Stealer,"threatfox,YapStealer",2026-10-08 02:17:24,2026-10-08 03:16:43,85
url,https://pis-doliz.club/,threatfox,Unknown Stealer,"threatfox,YapStealer",2026-10-08 02:17:24,2026-10-08 03:16:43,85
url,https://qwont-support.club/,threatfox,Unknown Stealer,"threatfox,YapStealer",2026-10-08 02:17:24,2026-10-08 03:16:43,85
url,https://redlable2.website/,threatfox,Unknown Stealer,"threatfox,YapStealer",2026-10-08 02:17:24,2026-10-08 03:16:43,85
url,https://rogaldorn2.website/,threatfox,Unknown Stealer,"threatfox,YapStealer",2026-10-08 02:17:24,2026-10-08 03:16:43,85
url,https://rogaldorn3.website/,threatfox,Unknown Stealer,"threatfox,YapStealer",2026-10-08 02:17:24,2026-10-08 03:16:43,85
url,https://seerdfu.com/,threatfox,Unknown Stealer,"threatfox,YapStealer",2026-10-08 02:17:24,2026-10-08 03:16:43,85
url,https://shlyapunabuche.com/,threatfox,Unknown Stealer,"threatfox,YapStealer",2026-10-08 02:17:24,2026-10-08 03:16:43,85
url,https://t.me/bj00tyr,threatfox,Vidar,"threatfox,vidar",2026-10-08 02:17:24,2026-10-08 03:16:43,85
url,https://thymesonnet.co/trace/endpoint-view.js,threatfox,SmartApeSG,"threatfox,SmartApeSG",2026-10-08 02:17:24,2026-10-08 03:16:43,85
url,https://thymesonnet.co/trace/proxy-client.js,threatfox,SmartApeSG,"threatfox,SmartApeSG",2026-10-08 02:17:24,2026-10-08 03:16:43,85
url,https://thymesonnet.co/trace/router-sandbox,threatfox,SmartApeSG,"threatfox,SmartApeSG",2026-10-08 02:17:24,2026-10-08 03:16:43,85
url,https://valetitons.cc/,threatfox,Unknown Stealer,"threatfox,ValetiStealer",2026-10-08 02:17:24,2026-10-08 03:16:43,85
url,https://veliomelio.cc/,threatfox,Unknown Stealer,"threatfox,ValetiStealer",2026-10-08 02:17:24,2026-10-08 03:16:43,85
url,https://vlad-nazarenko2004.club/,threatfox,Unknown Stealer,"threatfox,YapStealer",2026-10-08 02:17:24,2026-10-08 03:16:43,85
url,https://vladfrombarcelona.club/,threatfox,Unknown Stealer,"threatfox,YapStealer",2026-10-08 02:17:24,2026-10-08 03:16:43,85
url,https://vode-aroma.club/,threatfox,Unknown RAT,"threatfox,YapStealer",2026-10-08 02:17:24,2026-10-08 03:16:43,85
url,https://walmagua.cc/,threatfox,Unknown Stealer,"threatfox,ValetiStealer",2026-10-08 02:17:24,2026-10-08 03:16:43,85
url,https://www.jakob-webdesign.de/,threatfox,Unknown malware,"threatfox,ClickFix",2026-10-08 02:17:24,2026-10-08 03:16:43,85
url,https://xs.333vip.org,threatfox,Vidar,"threatfox,vidar",2026-10-08 02:17:24,2026-10-08 03:16:43,85
url,https://xs.333vip.org/,threatfox,Vidar,"threatfox,vidar",2026-10-08 02:17:24,2026-10-08 03:16:43,85
url,https://xs.3toto.com,threatfox,Vidar,"threatfox,b98dd86b169ec45dd28e99dcad12402a,c2,loader,stealer,Vidar",2026-10-08 02:17:24,2026-10-08 03:16:43,85
url,https://xs.3toto.com/,threatfox,Vidar,"threatfox,vidar",2026-10-08 02:17:24,2026-10-08 03:16:43,85
hash_md5,00f6d4dd503ea7c402bdec2a96273634,malwarebazaar,exe,"172-233-152-197,DDR,exe,signed,Vidar",2026-10-08 02:10:27,2026-10-08 03:16:43,85
hash_md5,018bbdd10da13685f667139e6bf3e838,malwarebazaar,Mirai,"elf,Mirai",2026-10-08 02:10:27,2026-10-08 03:16:43,85
hash_md5,0838acd653d54cc6b77ba4de01b215ae,malwarebazaar,Mirai,elf,2026-10-08 02:10:27,2026-10-08 03:16:43,85
hash_md5,0848937c53851a6e4cc112dd4940a156,malwarebazaar,elf,elf,2026-10-08 02:10:27,2026-10-08 03:16:43,85
hash_md5,0c32f73c6db6f317772871f0e0704a4c,malwarebazaar,exe,"exe,signed",2026-10-08 02:10:27,2026-10-08 03:16:43,85
hash_md5,0d30ef63dae06d200e1cfdd643ba908a,malwarebazaar,exe,"B,BB4.file,dropped-by-GCleaner,exe",2026-10-08 02:10:27,2026-10-08 03:16:43,85
hash_md5,102ca9733867a87f60ea7409cb399080,malwarebazaar,exe,"exe,HUN",2026-10-08 02:10:27,2026-10-08 03:16:43,85
hash_md5,10a136d3f00f45395ab8e662ab480d07,malwarebazaar,ps1,ps1,2026-10-08 02:10:27,2026-10-08 03:16:43,85
hash_md5,116cad2bf66115bdd321b04075cdbde1,malwarebazaar,zip,"remus,RemusStealer,stealer,zip",2026-10-08 02:10:27,2026-10-08 03:16:43,85
hash_md5,1683c6e67f6b9ccb4a7a845d7052a455,malwarebazaar,Mirai,"elf,Mirai",2026-10-08 02:10:27,2026-10-08 03:16:43,85
hash_md5,18159a377f89efd15c0a9d436027ed35,malwarebazaar,VShell,"exe,VShell",2026-10-08 02:10:27,2026-10-08 03:16:43,85
hash_md5,193bfa7056a15ae4508e9fa5ac8f105b,malwarebazaar,sh,"sh,wraith",2026-10-08 02:10:27,2026-10-08 03:16:43,85
hash_md5,199b89585a969726373f2188d1ab7da2,malwarebazaar,Mirai,"elf,Mirai",2026-10-08 02:10:27,2026-10-08 03:16:43,85
hash_md5,1d650293f70d0cd741a3e7104b5b0e1a,malwarebazaar,Mirai,"elf,Mirai",2026-10-08 02:10:27,2026-10-08 03:16:43,85
hash_md5,1e2f407b3694e4f852355cb134e37084,malwarebazaar,exe,exe,2026-10-08 02:10:27,2026-10-08 03:16:43,85
hash_md5,1f0d256884edc28e9e5fd6b7ce2a10b9,malwarebazaar,Mirai,"elf,Mirai",2026-10-08 02:10:27,2026-10-08 03:16:43,85
hash_md5,22fb6a673f56a254039c4f0db0ae147f,malwarebazaar,Mirai,"elf,Mirai",2026-10-08 02:10:27,2026-10-08 03:16:43,85
hash_md5,235eed6080b09debcdf28fc012892a9b,malwarebazaar,Mirai,"elf,Mirai",2026-10-08 02:10:27,2026-10-08 03:16:43,85
hash_md5,29fc322ceb5f47f5596018e502a3f619,malwarebazaar,exe,"B,dropped-by-GCleaner,exe,MIX5.file",2026-10-08 02:10:27,2026-10-08 03:16:43,85
hash_md5,2af74047137faab4a7b0c07b8706bf3d,malwarebazaar,Mirai,elf,2026-10-08 02:10:27,2026-10-08 03:16:43,85
hash_md5,2cef710a5c1c61c76cdc25d395f2415f,malwarebazaar,exe,"dropped-by-GCleaner,exe,G,signed,US0.file",2026-10-08 02:10:27,2026-10-08 03:16:43,85
hash_md5,2ef6f83e38f66810104568442ff3ed8b,malwarebazaar,exe,"DefenderTamper,Dropper,exe,KillAV,trojan",2026-10-08 02:10:27,2026-10-08 03:16:43,85
hash_md5,32443bde657470b3fc481c3c1a2fc881,malwarebazaar,Mirai,"elf,Mirai",2026-10-08 02:10:27,2026-10-08 03:16:43,85
hash_md5,344d897bee71ce10fafa8fc5d8ab4f5e,malwarebazaar,sh,sh,2026-10-08 02:10:27,2026-10-08 03:16:43,85
hash_md5,34bc9051e4b096fea877e241511e1448,malwarebazaar,exe,exe,2026-10-08 02:10:27,2026-10-08 03:16:43,85
hash_md5,3baeb9e19bbec54c7edb1cfa61d6a825,malwarebazaar,Mirai,Mirai,2026-10-08 02:10:27,2026-10-08 03:16:43,85
hash_md5,3fb22635465e9adb0c86ef00890e4fda,malwarebazaar,Mirai,"elf,Mirai",2026-10-08 02:10:27,2026-10-08 03:16:43,85
hash_md5,404325eb5c8ba507b682e6938cece066,malwarebazaar,Mirai,"elf,Gafgyt,Mirai",2026-10-08 02:10:27,2026-10-08 03:16:43,85
hash_md5,4393bf2ae69dd24ac1ecd40ad5d60df2,malwarebazaar,Mirai,"elf,Mirai",2026-10-08 02:10:27,2026-10-08 03:16:43,85
hash_md5,44e9daf90837e9f25c16a7b388ba967b,malwarebazaar,Mirai,"elf,Gafgyt,Mirai",2026-10-08 02:10:27,2026-10-08 03:16:43,85
hash_md5,45317ff0ebfb7c0f376b2676c81c57b4,malwarebazaar,Mirai,"elf,Gafgyt,Mirai",2026-10-08 02:10:27,2026-10-08 03:16:43,85
hash_md5,46e89b5d5733bc5ff903e014c3c4d728,malwarebazaar,exe,"54e64e,dropped-by-Amadey,exe",2026-10-08 02:10:27,2026-10-08 03:16:43,85
hash_md5,4940dbe39bdee217579c5e4247d3528f,malwarebazaar,Mirai,"elf,Mirai",2026-10-08 02:10:27,2026-10-08 03:16:43,85
hash_md5,5342289731d87c0ea5847f658f716b6c,malwarebazaar,Mirai,"elf,Mirai",2026-10-08 02:10:27,2026-10-08 03:16:43,85
hash_md5,5344555424c45d2a7ea565ba9cf8af3d,malwarebazaar,elf,"elf,wraith",2026-10-08 02:10:27,2026-10-08 03:16:43,85
hash_md5,540016ad85e7f2b08b79ee5951d60b4b,malwarebazaar,Mirai,"elf,Mirai",2026-10-08 02:10:27,2026-10-08 03:16:43,85
hash_md5,57be196e93428926d63f759ab61c1eb3,malwarebazaar,zip,zip,2026-10-08 02:10:27,2026-10-08 03:16:43,85
hash_md5,5f63c30a58ad7551f0cb8988589d10b4,malwarebazaar,Mirai,"elf,Mirai",2026-10-08 02:10:27,2026-10-08 03:16:43,85
hash_md5,5fa8253c43ce4b76edc6252ed4b49fec,malwarebazaar,Mirai,"elf,Mirai",2026-10-08 02:10:27,2026-10-08 03:16:43,85
hash_md5,621deee1b9d1a52a16cbf1e904da0938,malwarebazaar,Mirai,"elf,Mirai",2026-10-08 02:10:27,2026-10-08 03:16:43,85
hash_md5,66711d4df7af78c6df06f61166f316ba,malwarebazaar,Mirai,"elf,Mirai",2026-10-08 02:10:27,2026-10-08 03:16:43,85
hash_md5,71797e13c152a817a3b8a5b8054d7569,malwarebazaar,Mirai,"elf,Mirai",2026-10-08 02:10:27,2026-10-08 03:16:43,85
hash_md5,76d096206f9fc7acd8399789e603bf1c,malwarebazaar,ValleyRAT,"dll,RAT,ValleyRAT",2026-10-08 02:10:27,2026-10-08 03:16:43,85
hash_md5,842f69c1f2bc009571d4e7565afaaf09,malwarebazaar,Mirai,"elf,Mirai",2026-10-08 02:10:27,2026-10-08 03:16:43,85
hash_md5,85bbc628ccb0e66190e9553f3814aa65,malwarebazaar,elf,elf,2026-10-08 02:10:27,2026-10-08 03:16:43,85
hash_md5,8aeae30dfda9cb4528f16c1d87439ded,malwarebazaar,Mirai,"elf,Mirai",2026-10-08 02:10:27,2026-10-08 03:16:43,85
hash_md5,8de741b339cbabdb2fe99d9958bd2d2b,malwarebazaar,Mirai,"elf,Mirai",2026-10-08 02:10:27,2026-10-08 03:16:43,85
hash_md5,8e9e6b6f5644dcd1b2aec422e7dc6b4a,malwarebazaar,rar,rar,2026-10-08 02:10:27,2026-10-08 03:16:43,85
hash_md5,96abd4f176fd955db0e6d7d3d164b699,malwarebazaar,elf,elf,2026-10-08 02:10:27,2026-10-08 03:16:43,85
hash_md5,971edfe38b0c4b5a763f56a93ef91788,malwarebazaar,Mirai,"elf,Mirai,upx-dec",2026-10-08 02:10:27,2026-10-08 03:16:43,85
hash_md5,9766a65884177f26090aeca0a6247865,malwarebazaar,msi,"astaroth,banker,contabilidadeacportela-net,controedatoerpestanavidroslat-com,guildma,hggdconfeccoesgruponacional-click,msi,saladeouroriopreto-shop,signed",2026-10-08 02:10:27,2026-10-08 03:16:43,85
hash_md5,98eac7a7c6c69dd1e519b696632f7598,malwarebazaar,Mirai,"elf,Gafgyt,Mirai",2026-10-08 02:10:27,2026-10-08 03:16:43,85
hash_md5,9dd27e5c6c9bcdbe4d61d37ea03f902e,malwarebazaar,Mirai,"elf,Mirai,upx-dec",2026-10-08 02:10:27,2026-10-08 03:16:43,85
hash_md5,9f74b026f26436f7590d1ceac3f2b93a,malwarebazaar,Mirai,"elf,Mirai",2026-10-08 02:10:27,2026-10-08 03:16:43,85
hash_md5,a3bb2c8db10dba1b77e733f6c123f837,malwarebazaar,msi,"msi,signed",2026-10-08 02:10:27,2026-10-08 03:16:43,85
hash_md5,a4ab8767fc891a314576ae5469989bd3,malwarebazaar,elf,elf,2026-10-08 02:10:27,2026-10-08 03:16:43,85
hash_md5,a846eaca11314976ca4f61f6fb0ddb57,malwarebazaar,elf,elf,2026-10-08 02:10:27,2026-10-08 03:16:43,85
hash_md5,a89c776eac74d10d5d4efea2702fe43f,malwarebazaar,Mirai,"elf,Mirai",2026-10-08 02:10:27,2026-10-08 03:16:43,85
hash_md5,aa24497476b2f2ccad19a217e6829c53,malwarebazaar,exe,"C,dropped-by-GCleaner,exe,logger.file",2026-10-08 02:10:27,2026-10-08 03:16:43,85
hash_md5,aa5d68b55600b59ca4d757cdf51c8608,malwarebazaar,Mirai,"cowrie,elf,honeypot,Mirai",2026-10-08 02:10:27,2026-10-08 03:16:43,85
hash_md5,aaa4a4fc52c011f0fe9b9d9fac032c38,malwarebazaar,Mirai,"elf,Mirai",2026-10-08 02:10:27,2026-10-08 03:16:43,85
hash_md5,aee95714ed27ffa4a1fa643b7420d5d7,malwarebazaar,Mirai,"elf,Mirai",2026-10-08 02:10:27,2026-10-08 03:16:43,85
hash_md5,aeffcf4b3357639108b29ac294cd0e1a,malwarebazaar,Mirai,"elf,Mirai",2026-10-08 02:10:27,2026-10-08 03:16:43,85
hash_md5,af0efd05e35fc158cd00104edb6a0bc1,malwarebazaar,Mirai,Mirai,2026-10-08 02:10:27,2026-10-08 03:16:43,85
hash_md5,af14c4c5d5429f3d825132d347bdc926,malwarebazaar,Mirai,"elf,Gafgyt,Mirai",2026-10-08 02:10:27,2026-10-08 03:16:43,85
hash_md5,b13a1771c4f0765eda42ccdc00b2a625,malwarebazaar,Mirai,"elf,Mirai",2026-10-08 02:10:27,2026-10-08 03:16:43,85
hash_md5,b1fd3dc435a78a730894fef17952b2b7,malwarebazaar,macho,"ClickFix,Foxveil,loader,Mach-O,macho,macOS",2026-10-08 02:10:27,2026-10-08 03:16:43,85
hash_md5,b2fca7939dfce6bb5a1819097fe59f4b,malwarebazaar,elf,elf,2026-10-08 02:10:27,2026-10-08 03:16:43,85
hash_md5,b4ff13278ffb500f4b44bbbb1dd58ffe,malwarebazaar,Mirai,"elf,Gafgyt,Mirai",2026-10-08 02:10:27,2026-10-08 03:16:43,85
hash_md5,b79653ebd664b56e3cd7ad639294b4a3,malwarebazaar,Mirai,"elf,Mirai",2026-10-08 02:10:27,2026-10-08 03:16:43,85
hash_md5,bdfb8b684274cc085065407ae0f09227,malwarebazaar,exe,"9d2ca3,dropped-by-Amadey,exe,signed",2026-10-08 02:10:27,2026-10-08 03:16:43,85
hash_md5,c1bb0c1317240987b03a5e73e16ce086,malwarebazaar,Mirai,"elf,Mirai,upx",2026-10-08 02:10:27,2026-10-08 03:16:43,85
hash_md5,c5b0904d5ad3b69f230dc2285e78084c,malwarebazaar,Mirai,"elf,Mirai",2026-10-08 02:10:27,2026-10-08 03:16:43,85
hash_md5,c6605b10e70401c9a201414ee98b65f9,malwarebazaar,Mirai,"elf,Mirai",2026-10-08 02:10:27,2026-10-08 03:16:43,85
hash_md5,c6922952a0d993a375874c17b16a6cd2,malwarebazaar,Mirai,"elf,Mirai,upx-dec",2026-10-08 02:10:27,2026-10-08 03:16:43,85
hash_md5,c8b7ab9b81a263881c503804bdc2021c,malwarebazaar,elf,elf,2026-10-08 02:10:27,2026-10-08 03:16:43,85
hash_md5,cd9bcf922425bb56b128e37aad73cb8b,malwarebazaar,Mirai,"elf,Mirai,upx-dec",2026-10-08 02:10:27,2026-10-08 03:16:43,85
hash_md5,ce3f21a8a06031f66755dc23dc5fb2f7,malwarebazaar,RemcosRAT,"bat,RemcosRAT",2026-10-08 02:10:27,2026-10-08 03:16:43,85
hash_md5,cf440850df123311c07131468c9c382f,malwarebazaar,vbs,"banker,contabilidadeacportela-net,controedatoerpestanavidroslat-com,downloader,hggdconfeccoesgruponacional-click,saladeouroriopreto-shop,vbs",2026-10-08 02:10:27,2026-10-08 03:16:43,85
hash_md5,cff92fc9d5ae444829ca90a616f3c983,malwarebazaar,Mirai,"elf,Mirai",2026-10-08 02:10:27,2026-10-08 03:16:43,85
hash_md5,d0873b87cff54a9ffcc97c4628533fbd,malwarebazaar,elf,elf,2026-10-08 02:10:27,2026-10-08 03:16:43,85
hash_md5,d57e2ab1e93a3c4f49fabb96472bbd7a,malwarebazaar,Mirai,"elf,Mirai",2026-10-08 02:10:27,2026-10-08 03:16:43,85
hash_md5,de1bbbf4e1794f47041181238390addf,malwarebazaar,Mirai,"elf,upx",2026-10-08 02:10:27,2026-10-08 03:16:43,85
hash_md5,de31509881c8104305b7517fd66c40a1,malwarebazaar,Mirai,"elf,Mirai",2026-10-08 02:10:27,2026-10-08 03:16:43,85
hash_md5,df3a53646508997ed98a15ae1c2c87a6,malwarebazaar,Mirai,"elf,Mirai",2026-10-08 02:10:27,2026-10-08 03:16:43,85
hash_md5,e3c43e72abeb73a08980812e149e2494,malwarebazaar,zip,"au3,banker,contabilidadeacportela-net,controedatoerpestanavidroslat.com,hggdconfeccoesgruponacional-click,saladeouroriopreto-shop,zip",2026-10-08 02:10:27,2026-10-08 03:16:43,85
hash_md5,e6035add513a58ba3cef324d0ebfb403,malwarebazaar,zip,"astaroth,banker,contabilidadeacportela-net,controedatoerpestanavidroslat-com,guildma,hggdconfeccoesgruponacional-click,saladeouroriopreto-shop,zip",2026-10-08 02:10:27,2026-10-08 03:16:43,85
hash_md5,e7614f2187738a9838afbe697e83e9ca,malwarebazaar,Mirai,"elf,Mirai",2026-10-08 02:10:27,2026-10-08 03:16:43,85
hash_md5,e866fcde579ea912933150bdfab3b64b,malwarebazaar,Mirai,elf,2026-10-08 02:10:27,2026-10-08 03:16:43,85
hash_md5,e8cad831dfe7fe15aacef6bc1e9497dc,malwarebazaar,Mirai,"elf,upx",2026-10-08 02:10:27,2026-10-08 03:16:43,85
hash_md5,e8d2983d35e3fece46e9298d341e824c,malwarebazaar,exe,"BypassUAC,exe,injector,loader,trojan,UACbypass",2026-10-08 02:10:27,2026-10-08 03:16:43,85
hash_md5,ea0310f5ac1eba9b30510acef6596625,malwarebazaar,Mirai,"elf,Mirai",2026-10-08 02:10:27,2026-10-08 03:16:43,85
hash_md5,eb2ff68f56a18098c2a6486195ce6407,malwarebazaar,elf,elf,2026-10-08 02:10:27,2026-10-08 03:16:43,85
hash_md5,eda6f08155d2299772d9730ea6f9aef6,malwarebazaar,exe,"exe,signed,stealer,vidar",2026-10-08 02:10:27,2026-10-08 03:16:43,85
hash_md5,ee1a5cf48b6bdc5f9fd10e585ba47aa3,malwarebazaar,Mirai,"elf,Mirai",2026-10-08 02:10:27,2026-10-08 03:16:43,85
hash_md5,f0a55f7f047705ae869933bc01d5b0da,malwarebazaar,Mirai,"elf,Mirai",2026-10-08 02:10:27,2026-10-08 03:16:43,85
hash_md5,f3b4fc5d2352c83ac1409e25f15eb665,malwarebazaar,Mirai,elf,2026-10-08 02:10:27,2026-10-08 03:16:43,85
hash_md5,f489d73fcb0c91625b5509fbaf7d4d16,malwarebazaar,Mirai,"elf,upx",2026-10-08 02:10:27,2026-10-08 03:16:43,85
hash_md5,f6be865e6aef9a8fab91797bff3c6676,malwarebazaar,elf,elf,2026-10-08 02:10:27,2026-10-08 03:16:43,85
hash_md5,f915468572db3de220f5ebeea7e69d5e,malwarebazaar,Mirai,"elf,Gafgyt,Mirai",2026-10-08 02:10:27,2026-10-08 03:16:43,85
hash_md5,f9ce091a6876e438f2a2e7e7e8b6d6f7,malwarebazaar,sh,"cowrie,downloader,honeypot,sh",2026-10-08 02:10:27,2026-10-08 03:16:43,85
hash_md5,fa8e180882f6a9e1b3f841b6dd3c3aa6,malwarebazaar,exe,"54e64e,dropped-by-Amadey,exe",2026-10-08 02:10:27,2026-10-08 03:16:43,85
hash_md5,fcc9318676aa10126e495c6b5ad76bef,malwarebazaar,elf,elf,2026-10-08 02:10:27,2026-10-08 03:16:43,85
hash_md5,fcec719c96d85c6fd052f9923eb783f7,malwarebazaar,elf,elf,2026-10-08 02:10:27,2026-10-08 03:16:43,85
hash_md5,fd03720a56866b3b1aa255c4aa7f6ca1,malwarebazaar,Mirai,"elf,Mirai",2026-10-08 02:10:27,2026-10-08 03:16:43,85
hash_md5,ff0bd2e547353f982998173be1e3cf43,malwarebazaar,bat,bat,2026-10-08 02:10:27,2026-10-08 03:16:43,85
hash_md5,ffe7dd92ffa6b7701fdcb16c1b9cb358,malwarebazaar,elf,elf,2026-10-08 02:10:27,2026-10-08 03:16:43,85
hash_sha256,041afc79b725ec4e3bd74a687eb96ff65487255a9556cc6b5973cc4f676524c8,malwarebazaar,Mirai,"elf,Mirai",2026-10-08 02:10:27,2026-10-08 03:16:43,85
hash_sha256,053f3268d31bd5ed129e6f0f5380a29fd90301caa1b7aff47015060097b5093e,malwarebazaar,Mirai,"elf,Mirai",2026-10-08 02:10:27,2026-10-08 03:16:43,85
hash_sha256,08233336f9eb09a8cfdcb3789291656eedc6633f664c96a88f4d4f17ffea96b0,malwarebazaar,Mirai,"elf,upx",2026-10-08 02:10:27,2026-10-08 03:16:43,85
hash_sha256,09e877f618b21a60f6f5fa19c3b40a37864ca0ce0a9c9fd30590866e6f1fe592,malwarebazaar,Mirai,"elf,Mirai",2026-10-08 02:10:27,2026-10-08 03:16:43,85
hash_sha256,0a2d67c0390cb31ce23d132d1e96c20385ae61d482c1627669ae3d9b7a7e77c4,malwarebazaar,Mirai,"cowrie,elf,honeypot,Mirai",2026-10-08 02:10:27,2026-10-08 03:16:43,85
hash_sha256,0bfabbd22e5fd6175f5701ebcb2c54aad28e5bb1106a0d98ee2a7dc1cc39bda1,malwarebazaar,Mirai,"elf,Mirai",2026-10-08 02:10:27,2026-10-08 03:16:43,85
hash_sha256,0bff11bb3bf1c34493d7185fc47b738d302d63a1b740d751de2eabfc1bc173c7,malwarebazaar,exe,"dropped-by-GCleaner,exe,G,signed,US0.file",2026-10-08 02:10:27,2026-10-08 03:16:43,85
hash_sha256,124cae6f4b5b82d325519441c3f1ac7510ef9873944e200f512b67d7b749ecbd,malwarebazaar,Mirai,"elf,Mirai,upx-dec",2026-10-08 02:10:27,2026-10-08 03:16:43,85
hash_sha256,133401d9a9f9c8036f0fa21d2fc221089e24830eb772f2761d7b4e8de691e94f,malwarebazaar,elf,elf,2026-10-08 02:10:27,2026-10-08 03:16:43,85
hash_sha256,143bf4866461a98e05b0b0ea3d68dcbf070bf98f65e8627890d070591bb4b41f,malwarebazaar,zip,"astaroth,banker,contabilidadeacportela-net,controedatoerpestanavidroslat-com,guildma,hggdconfeccoesgruponacional-click,saladeouroriopreto-shop,zip",2026-10-08 02:10:27,2026-10-08 03:16:43,85
hash_sha256,16ec20524b6f67ea90246f475c150a6093c3d36c85eebfcf4adb87ebf8c79ae0,malwarebazaar,Mirai,elf,2026-10-08 02:10:27,2026-10-08 03:16:43,85
hash_sha256,17fcb5d7d251b9684177a28843a4aaaee86539469ad20de3deb2063ee18ed63a,malwarebazaar,Mirai,"elf,Mirai",2026-10-08 02:10:27,2026-10-08 03:16:43,85
hash_sha256,189316f75c03ac1f4abf2b5c2a512304ff0235629bdc9425a3ce600a5080dcc2,malwarebazaar,Mirai,"elf,Mirai",2026-10-08 02:10:27,2026-10-08 03:16:43,85
hash_sha256,19020ad7219fcce16a8735bd0266d00fb4bb4294051e8fc31db51bc2b87b9582,malwarebazaar,elf,elf,2026-10-08 02:10:27,2026-10-08 03:16:43,85
hash_sha256,199694033b66e4b868e19e1b17c10e7e402ffb58bf3c989e91ff45e6d65c7956,malwarebazaar,macho,"ClickFix,Foxveil,loader,Mach-O,macho,macOS",2026-10-08 02:10:27,2026-10-08 03:16:43,85
hash_sha256,1e76392a5f25bd9700b38d164be21c42946d3ef5a6bdc906093d9ebf9da6574b,malwarebazaar,Mirai,"elf,Gafgyt,Mirai",2026-10-08 02:10:27,2026-10-08 03:16:43,85
hash_sha256,216085bb958481f78f68aaf55092a3768cff4572c258770f8b2282d260f482f5,malwarebazaar,zip,zip,2026-10-08 02:10:27,2026-10-08 03:16:43,85
hash_sha256,25f7148ab7b1fcffaf0ba1ef6bce03b2342ed70089a6b7e582a88824c37ece3a,malwarebazaar,elf,elf,2026-10-08 02:10:27,2026-10-08 03:16:43,85
hash_sha256,272bc2b6085fb18f7c0ed518ea6612953cd6069079fdda15bd2d99b7e5b53e1f,malwarebazaar,exe,"54e64e,dropped-by-Amadey,exe",2026-10-08 02:10:27,2026-10-08 03:16:43,85
hash_sha256,2782f0971bbab49699fb228e8c68b71b116f508b14ec5eb2e5774653e152c2ba,malwarebazaar,Mirai,Mirai,2026-10-08 02:10:27,2026-10-08 03:16:43,85
hash_sha256,27e1594334eabcf7d927fb444dabc1f4221a36a8faf13b741ac65a9b1a23c87b,malwarebazaar,msi,"msi,signed",2026-10-08 02:10:27,2026-10-08 03:16:43,85
hash_sha256,29e3f2a292415734a8894ade8ca70faf7c5b0656419d80144444e2bc17e90aa8,malwarebazaar,elf,elf,2026-10-08 02:10:27,2026-10-08 03:16:43,85
hash_sha256,2c9cee1590813b8223d232761c8689ef0623a7d5ae442b3f0c89c76abc10755a,malwarebazaar,VShell,"exe,VShell",2026-10-08 02:10:27,2026-10-08 03:16:43,85
hash_sha256,311d843746a0c17469003556ee0fcce655f97ff20a304a3d6cf2c800dae44e50,malwarebazaar,Mirai,"elf,Mirai",2026-10-08 02:10:27,2026-10-08 03:16:43,85
hash_sha256,39060de52929785f443861a57ba4da1ec96b67197c422922370a255c1c922561,malwarebazaar,sh,"cowrie,downloader,honeypot,sh",2026-10-08 02:10:27,2026-10-08 03:16:43,85
hash_sha256,392fd86ec64692ddcd12789d81361826ba9f0e9d0407f350971f5bc1f5d55bbf,malwarebazaar,Mirai,"elf,Gafgyt,Mirai",2026-10-08 02:10:27,2026-10-08 03:16:43,85
hash_sha256,39dfdb56774cebd9bfa8037cd0c30089be568b93e309849702b860572199439b,malwarebazaar,Mirai,elf,2026-10-08 02:10:27,2026-10-08 03:16:43,85
hash_sha256,3f3bc81a58ab52c7d0915ab14d15b8c5fca96669dd41e0036def006ae6789f75,malwarebazaar,Mirai,"elf,upx",2026-10-08 02:10:27,2026-10-08 03:16:43,85
hash_sha256,465356f33b322c3f0aa694c8db805ee97ae1f278191e215468f9c10ec5a60ae1,malwarebazaar,Mirai,"elf,Gafgyt,Mirai",2026-10-08 02:10:27,2026-10-08 03:16:43,85
hash_sha256,4715c0f8a834793e89c0be07ff44ddb11fe93aab5e098eddc30cec8b76c5865b,malwarebazaar,Mirai,"elf,Mirai,upx-dec",2026-10-08 02:10:27,2026-10-08 03:16:43,85
hash_sha256,4a249b9250d5b448702ff2cb127cd9424aed9c0234a182af30385189d667f78a,malwarebazaar,vbs,"banker,contabilidadeacportela-net,controedatoerpestanavidroslat-com,downloader,hggdconfeccoesgruponacional-click,saladeouroriopreto-shop,vbs",2026-10-08 02:10:27,2026-10-08 03:16:43,85
hash_sha256,4ad8a7d5968ebe4389cbeb66d84d51d0f90ffa55b21e6e073d574102dfa2fd65,malwarebazaar,exe,exe,2026-10-08 02:10:27,2026-10-08 03:16:43,85
hash_sha256,4aff30bdeee80b3d8c5357048f6a9c92f216a079569d11db9aacfc7f1e02fc9b,malwarebazaar,zip,"remus,RemusStealer,stealer,zip",2026-10-08 02:10:27,2026-10-08 03:16:43,85
hash_sha256,4b8ff07916069c2e4249264e3f328ff20bba73f853058603797d514658c6cbf6,malwarebazaar,ValleyRAT,"dll,RAT,ValleyRAT",2026-10-08 02:10:27,2026-10-08 03:16:43,85
hash_sha256,4c9f10d15948a46a365ba85af1b32a71ed563a59b0750639062ad55037dcf35b,malwarebazaar,Mirai,"elf,Mirai",2026-10-08 02:10:27,2026-10-08 03:16:43,85
hash_sha256,4ced361370693fb55e30274ac0eee6591d19e5cf66e2bf0c72fe8ee02ceea562,malwarebazaar,Mirai,"elf,Mirai",2026-10-08 02:10:27,2026-10-08 03:16:43,85
hash_sha256,4d558807c5925f9fc31f03eb62c73a80bd521aedfd37b11b739bf42af3b45381,malwarebazaar,elf,elf,2026-10-08 02:10:27,2026-10-08 03:16:43,85
hash_sha256,4dcfaccade6044355f8b933ad74c97085497d7e34762e5eab473dd2b5804b486,malwarebazaar,Mirai,"elf,Mirai",2026-10-08 02:10:27,2026-10-08 03:16:43,85
hash_sha256,5015ec59389553a611aa43b8adbdbfa51b8e7e51d1afcb3193716714b131d183,malwarebazaar,elf,"elf,wraith",2026-10-08 02:10:27,2026-10-08 03:16:43,85
hash_sha256,51606ca65eddff6f38eb30a1ffa142b535158686f07eafa83c6f3bf2876221f1,malwarebazaar,Mirai,"elf,Mirai",2026-10-08 02:10:27,2026-10-08 03:16:43,85
hash_sha256,52ac6da98c763673e7c2ffa13a1f893325fd33c7179f9ac06b7a7de54b2be002,malwarebazaar,exe,"DefenderTamper,Dropper,exe,KillAV,trojan",2026-10-08 02:10:27,2026-10-08 03:16:43,85
hash_sha256,55e5ac325edb3954cb7978787e714787960d7dba711885b9ab0fec18251b1e51,malwarebazaar,Mirai,"elf,Mirai,upx-dec",2026-10-08 02:10:27,2026-10-08 03:16:43,85
hash_sha256,55f6de939b79db6602bf537d40e49930daf51a1fec475dd786c8ba9e1329b324,malwarebazaar,Mirai,"elf,Mirai",2026-10-08 02:10:27,2026-10-08 03:16:43,85
hash_sha256,58a017f40583556918cf57b15adbc15d51382e00de4e04e5d14ed7a7811c5f05,malwarebazaar,exe,"exe,signed,stealer,vidar",2026-10-08 02:10:27,2026-10-08 03:16:43,85
hash_sha256,5bd9aaf585cff1c00374f5855fa16b0ba4968203210ad520660eec3bafb34784,malwarebazaar,Mirai,"elf,Mirai,upx-dec",2026-10-08 02:10:27,2026-10-08 03:16:43,85
hash_sha256,60076e1ebbdb39221570daee27295e452e0a93b548ad105497d2fa15ca554b8a,malwarebazaar,sh,"sh,wraith",2026-10-08 02:10:27,2026-10-08 03:16:43,85
hash_sha256,6336b1a886d5b84480eade15f0c9b9fb510fe0f02a8501b5ab08229075985086,malwarebazaar,exe,"B,dropped-by-GCleaner,exe,MIX5.file",2026-10-08 02:10:27,2026-10-08 03:16:43,85
hash_sha256,694379dcffba0c6af665361a3accf113f8c879fffacd5532301f550e0bfd9600,malwarebazaar,exe,"54e64e,dropped-by-Amadey,exe",2026-10-08 02:10:27,2026-10-08 03:16:43,85
hash_sha256,6e8d836bdaed7b0914e5bba0c925c60f794b5ad780997892e5839d72e8dbf4b0,malwarebazaar,exe,exe,2026-10-08 02:10:27,2026-10-08 03:16:43,85
hash_sha256,7050da3bd5b59468f4ab8457cf5f11b1cd5f556e54e2e0b1d5b1556088b949d8,malwarebazaar,Mirai,"elf,Mirai",2026-10-08 02:10:27,2026-10-08 03:16:43,85
hash_sha256,76f091251ac6557420e211729dd1c070149ed6e3a0bab0bef0e81b995705b2bb,malwarebazaar,exe,"BypassUAC,exe,injector,loader,trojan,UACbypass",2026-10-08 02:10:27,2026-10-08 03:16:43,85
hash_sha256,77d2fc48b9f21ea2a65a90f07f9544343e47d08edbeafe17c306c9cc143fda80,malwarebazaar,elf,elf,2026-10-08 02:10:27,2026-10-08 03:16:43,85
hash_sha256,79374890314b4d74a2093200bd952229c2b4eba010b083f32e4097dd1487bf00,malwarebazaar,sh,sh,2026-10-08 02:10:27,2026-10-08 03:16:43,85
hash_sha256,7a0efc7fd55dd9e665342b788b092f5660597ba1e3526f1bec3be14399a06e53,malwarebazaar,Mirai,"elf,Mirai",2026-10-08 02:10:27,2026-10-08 03:16:43,85
hash_sha256,7c0eca069425de62a1e39073e62206e8c7b2082aa6163daea602c16c869f3846,malwarebazaar,rar,rar,2026-10-08 02:10:27,2026-10-08 03:16:43,85
hash_sha256,7ec4e71a172d211208be0bc17434f0812a49d74674f406a1666c46a984757a93,malwarebazaar,Mirai,"elf,Gafgyt,Mirai",2026-10-08 02:10:27,2026-10-08 03:16:43,85
hash_sha256,7f20d4142b4b4d7b1664fe1c30def83ee5bac0eadbb24abf2b83136dabcee321,malwarebazaar,exe,"exe,signed",2026-10-08 02:10:27,2026-10-08 03:16:43,85
hash_sha256,871313d5587ad78426255e619f598f90044cf15909b6b4fcdb1cdc6962f57e6b,malwarebazaar,Mirai,"elf,Mirai",2026-10-08 02:10:27,2026-10-08 03:16:43,85
hash_sha256,893b3638dccebe9c646d2301632ba5210f41b777dffd69e6b6e41bcf400d7e3c,malwarebazaar,Mirai,"elf,Mirai",2026-10-08 02:10:27,2026-10-08 03:16:43,85
hash_sha256,8b0b07aa426d0a1a2ce43412cd65d3541cda9ca38d2d8ba2ee6be09033f717da,malwarebazaar,Mirai,Mirai,2026-10-08 02:10:27,2026-10-08 03:16:43,85
hash_sha256,8c1fbd2ce69d88d5ac8b577538d0a0b5a715f9f332a082e95e6cf1d0d69dbb95,malwarebazaar,Mirai,"elf,Mirai,upx",2026-10-08 02:10:27,2026-10-08 03:16:43,85
hash_sha256,9080cd485a8b94742cce721c63ffd0266ee9b3684e48165db8b6b12e0d181760,malwarebazaar,Mirai,"elf,Gafgyt,Mirai",2026-10-08 02:10:27,2026-10-08 03:16:43,85
hash_sha256,9d461e0f96d7b521771a255886552d1ec7f44193581de3f36e1c64c9b97ab5b4,malwarebazaar,elf,elf,2026-10-08 02:10:27,2026-10-08 03:16:43,85
hash_sha256,9d984c4c21b2c708cc1df1d8ad8687472390ba6c08c4ff95dbc63facc9dcef7a,malwarebazaar,Mirai,"elf,Mirai",2026-10-08 02:10:27,2026-10-08 03:16:43,85
hash_sha256,9fac6abd1c35da9e68fb4f00f33de82306adf96093ea806f3c42d4a153e39c9e,malwarebazaar,Mirai,"elf,Mirai",2026-10-08 02:10:27,2026-10-08 03:16:43,85
hash_sha256,a0870e2e08b510fe1cdee16809d0739e8e874be403a32966af3104cd72d01aa9,malwarebazaar,exe,"C,dropped-by-GCleaner,exe,logger.file",2026-10-08 02:10:27,2026-10-08 03:16:43,85
hash_sha256,a20fd13bc48d9d092746ca0ae0493a7b4280ac81e7eb6731151761ac8cc91dba,malwarebazaar,elf,elf,2026-10-08 02:10:27,2026-10-08 03:16:43,85
hash_sha256,a527b6aee124dba9df0ece29610bc141bf532075189e0d62a7e26f343844f867,malwarebazaar,Mirai,"elf,Mirai",2026-10-08 02:10:27,2026-10-08 03:16:43,85
hash_sha256,ad4e18765c30d633729411f72d3343a6e4cb1243eca3658025119eb2885820f0,malwarebazaar,Mirai,"elf,Mirai",2026-10-08 02:10:27,2026-10-08 03:16:43,85
hash_sha256,ad81d460e0a27345ec4baa1acdb2f96b0ac29bc4f73fc1864e1d6ab6dfc1c0f7,malwarebazaar,exe,"9d2ca3,dropped-by-Amadey,exe,signed",2026-10-08 02:10:27,2026-10-08 03:16:43,85
hash_sha256,b52d4be35e89e3699653895a49c56d1f55a5e656ebde471573158010a589f750,malwarebazaar,Mirai,"elf,upx",2026-10-08 02:10:27,2026-10-08 03:16:43,85
hash_sha256,b797c7ecc079367d821e4810fec0f9141d40e58d3867206a42438b8c3539d5bf,malwarebazaar,ps1,ps1,2026-10-08 02:10:27,2026-10-08 03:16:43,85
hash_sha256,b83161e15983296d02b14206f2a00f6ce7928d7f6c5b56c80aaa5c8e115fd7f7,malwarebazaar,Mirai,"elf,Mirai",2026-10-08 02:10:27,2026-10-08 03:16:43,85
hash_sha256,bb85d7ed379fee306fa43fb0724720e5584bbcc6792780889408daf6f4024604,malwarebazaar,Mirai,"elf,Mirai",2026-10-08 02:10:27,2026-10-08 03:16:43,85
hash_sha256,bc2c00af55c952dd304f074322ff8766bc00b851fb75c076d7da503f33edfb62,malwarebazaar,Mirai,"elf,Mirai",2026-10-08 02:10:27,2026-10-08 03:16:43,85
hash_sha256,c211d66c50f18e14970d242f3cfa69928c4b2c0cd514b323f6157c9ae4b8e7e1,malwarebazaar,Mirai,elf,2026-10-08 02:10:27,2026-10-08 03:16:43,85
hash_sha256,c2e709c9d1de36e3a228e71d6ae7920c9f2e84fa73691508f8b73ea35855d6f7,malwarebazaar,zip,"au3,banker,contabilidadeacportela-net,controedatoerpestanavidroslat.com,hggdconfeccoesgruponacional-click,saladeouroriopreto-shop,zip",2026-10-08 02:10:27,2026-10-08 03:16:43,85
hash_sha256,c7379839f369be77459456639443959b1760b4f0dae42e197a4099254d69f69c,malwarebazaar,exe,"exe,HUN",2026-10-08 02:10:27,2026-10-08 03:16:43,85
hash_sha256,c85aa1fdc991830badc9cade5a7737d056a5e6198c7ee5b566650893d21cc3b3,malwarebazaar,exe,"172-233-152-197,DDR,exe,signed,Vidar",2026-10-08 02:10:27,2026-10-08 03:16:43,85
hash_sha256,c871c21a1e5398bab70d1c5155e7c8a6675b07082faf9a158de552f12ed6d357,malwarebazaar,elf,elf,2026-10-08 02:10:27,2026-10-08 03:16:43,85
hash_sha256,c891572c8c70ef9e968888d60b734f57b2708ecfe50978845f13b91f5f5276d7,malwarebazaar,Mirai,"elf,Mirai",2026-10-08 02:10:27,2026-10-08 03:16:43,85
hash_sha256,c8fa95f0b20f773f854a1b2d8147789aae5036033faa9eb9d33444feed150c3f,malwarebazaar,Mirai,"elf,Mirai",2026-10-08 02:10:27,2026-10-08 03:16:43,85
hash_sha256,caca94791052f1e893e7caa86224aaed389bd22c84e200b6b3c18930d436e01b,malwarebazaar,elf,elf,2026-10-08 02:10:27,2026-10-08 03:16:43,85
hash_sha256,ceb3064b2db7948711964dbfaba861aee73ef415a4454929528b3f26a8dda263,malwarebazaar,Mirai,"elf,Mirai",2026-10-08 02:10:27,2026-10-08 03:16:43,85
hash_sha256,cfe8205eaccab5cb53c393b0b2fec04952344c78739e869d11bd433b7bb53c57,malwarebazaar,Mirai,"elf,Mirai",2026-10-08 02:10:27,2026-10-08 03:16:43,85
hash_sha256,d01f36fc3559c45dacb1eb9b88e0e3cf0666d790bfcfe9126372ed354fb31d19,malwarebazaar,Mirai,elf,2026-10-08 02:10:27,2026-10-08 03:16:43,85
hash_sha256,d082bed899d8f975f201975f3c0517debd094cf40630649283de097b0361b8fc,malwarebazaar,msi,"astaroth,banker,contabilidadeacportela-net,controedatoerpestanavidroslat-com,guildma,hggdconfeccoesgruponacional-click,msi,saladeouroriopreto-shop,signed",2026-10-08 02:10:27,2026-10-08 03:16:43,85
hash_sha256,d441b9180182969f844543b556a012a87b056b333f0a98da9b6abdaa7c791805,malwarebazaar,elf,elf,2026-10-08 02:10:27,2026-10-08 03:16:43,85
hash_sha256,d456307ee8a1523b54f9320a05edb4c27600d7d96926ca2a251a06e4aff2d06c,malwarebazaar,bat,bat,2026-10-08 02:10:27,2026-10-08 03:16:43,85
hash_sha256,d542b8cd29eb734177669aa9251690b47c0537c7ebbd8167311615e2836b584e,malwarebazaar,Mirai,"elf,Mirai",2026-10-08 02:10:27,2026-10-08 03:16:43,85
hash_sha256,d54e450bcf0392d61af498d83b11271208049ee7679ab2576b7874cbad6bd43f,malwarebazaar,Mirai,"elf,Mirai",2026-10-08 02:10:27,2026-10-08 03:16:43,85
hash_sha256,d6bac5a15715c7e1f917c1e9bda5631e852f0e61388efbbace90b5a00b653ad3,malwarebazaar,Mirai,"elf,Mirai",2026-10-08 02:10:27,2026-10-08 03:16:43,85
hash_sha256,dbe8e30860c8fc4f1470138113f3ea1983129319938b3bb98f3616df0ac23f01,malwarebazaar,Mirai,"elf,Mirai",2026-10-08 02:10:27,2026-10-08 03:16:43,85
hash_sha256,df00f0dd7e94d5b0fa9bab04f681f313e8f7de19b8af9eca5e862290e1f7d519,malwarebazaar,Mirai,"elf,Mirai",2026-10-08 02:10:27,2026-10-08 03:16:43,85
hash_sha256,e0fe4e517131c08dbfd2da3d3dfd4b4d5abe0b2e7325bb5d690ba4db49f10c15,malwarebazaar,elf,elf,2026-10-08 02:10:27,2026-10-08 03:16:43,85
hash_sha256,e3923ff4e583f2860938954ae43f3abbd7b1f09b59528b1b53dafd1ad768cec8,malwarebazaar,Mirai,"elf,Mirai",2026-10-08 02:10:27,2026-10-08 03:16:43,85
hash_sha256,eee4ac11b0d5d301b3e42cfd8ae1eeb91e13eb4283d2e1cba1dbbdcaf263c480,malwarebazaar,Mirai,"elf,Gafgyt,Mirai",2026-10-08 02:10:27,2026-10-08 03:16:43,85
hash_sha256,f0cd29fff42a7dad4b00c7b1c684a7e759a159baef96f57a285e1ff7f61bbab5,malwarebazaar,Mirai,"elf,Mirai",2026-10-08 02:10:27,2026-10-08 03:16:43,85
hash_sha256,f2df79291d08c29e4dd851ac2d73d4440da32802585fed60418973cd1a7b0044,malwarebazaar,Mirai,"elf,Mirai",2026-10-08 02:10:27,2026-10-08 03:16:43,85
hash_sha256,f504f00e5cd1426bd5ae13d91bf1e1bcc0a30a7b79444435f9098f01b59d3001,malwarebazaar,RemcosRAT,"bat,RemcosRAT",2026-10-08 02:10:27,2026-10-08 03:16:43,85
hash_sha256,f55e5c839aa59fa24da5417d6771690af1fc6402259b44de0b678c4c468cda07,malwarebazaar,Mirai,"elf,Mirai",2026-10-08 02:10:27,2026-10-08 03:16:43,85
hash_sha256,f576f4537580e26eb656b130bf1ece7e1c393b1c351d3206b3f3409bc92b27fc,malwarebazaar,Mirai,"elf,Mirai",2026-10-08 02:10:27,2026-10-08 03:16:43,85
hash_sha256,f5cd52e208bef630b6a6431e0e435e085e9e10106be9bb4c72e6147f1362a789,malwarebazaar,Mirai,"elf,Mirai",2026-10-08 02:10:27,2026-10-08 03:16:43,85
hash_sha256,f5de41608cef69564120fe3d3641595e00c6b79d43a5a4a21e966dc971e0470a,malwarebazaar,elf,elf,2026-10-08 02:10:27,2026-10-08 03:16:43,85
hash_sha256,fe1d7aedc8ebd2976e1c7041a6982635698cc77e93eeea12a844f4ce06e620b1,malwarebazaar,Mirai,"elf,Gafgyt,Mirai",2026-10-08 02:10:27,2026-10-08 03:16:43,85
hash_sha256,feaa5822f2af1ce3686d527d14877332c69ea565e2afcff25ef437e3b915e300,malwarebazaar,exe,"B,BB4.file,dropped-by-GCleaner,exe",2026-10-08 02:10:27,2026-10-08 03:16:43,85
hash_sha256,fed1d182cd722f3d67695d1c1787910f1699dce6db409da5bb9f3aa1453d43d2,malwarebazaar,Mirai,"elf,Mirai",2026-10-08 02:10:27,2026-10-08 03:16:43,85
url,http://103.157.210.26:49374/i,urlhaus,malware_download,Mozi,2026-10-08 02:10:27,2026-10-08 03:16:43,85
url,http://105.224.242.208:42939/i,urlhaus,malware_download,mirai,2026-10-08 02:10:27,2026-10-08 03:16:43,85
url,http://111.178.127.215:46345/bin.sh,urlhaus,malware_download,mirai,2026-10-08 02:10:27,2026-10-08 03:16:43,85
url,http://111.178.127.215:46345/i,urlhaus,malware_download,mirai,2026-10-08 02:10:27,2026-10-08 03:16:43,85
url,http://112.228.200.135:55841/i,urlhaus,malware_download,mirai,2026-10-08 02:10:27,2026-10-08 03:16:43,85
url,http://112.233.65.251:46027/bin.sh,urlhaus,malware_download,mirai,2026-10-08 02:10:27,2026-10-08 03:16:43,85
url,http://112.233.65.251:46027/i,urlhaus,malware_download,mirai,2026-10-08 02:10:27,2026-10-08 03:16:43,85
url,http://113.221.78.113:53829/bin.sh,urlhaus,malware_download,"32-bit,arm,elf,mirai,Mozi",2026-10-08 02:10:27,2026-10-08 03:16:43,85
url,http://113.238.161.32:51180/bin.sh,urlhaus,malware_download,,2026-10-08 02:10:27,2026-10-08 03:16:43,85
url,http://113.238.161.32:51180/i,urlhaus,malware_download,,2026-10-08 02:10:27,2026-10-08 03:16:43,85
url,http://113.94.58.101:7431/i,urlhaus,malware_download,,2026-10-08 02:10:27,2026-10-08 03:16:43,85
url,http://114.226.203.225:40173/i,urlhaus,malware_download,mirai,2026-10-08 02:10:27,2026-10-08 03:16:43,85
url,http://115.50.222.52:33127/bin.sh,urlhaus,malware_download,Mozi,2026-10-08 02:10:27,2026-10-08 03:16:43,85
url,http://115.50.222.52:33127/i,urlhaus,malware_download,Mozi,2026-10-08 02:10:27,2026-10-08 03:16:43,85
url,http://115.52.195.242:35205/bin.sh,urlhaus,malware_download,"32-bit,elf,mips,Mozi",2026-10-08 02:10:27,2026-10-08 03:16:43,85
url,http://115.57.194.13:49349/i,urlhaus,malware_download,Mozi,2026-10-08 02:10:27,2026-10-08 03:16:43,85
url,http://115.57.255.84:48268/bin.sh,urlhaus,malware_download,Mozi,2026-10-08 02:10:27,2026-10-08 03:16:43,85
url,http://115.63.12.140:44328/bin.sh,urlhaus,malware_download,Mozi,2026-10-08 02:10:27,2026-10-08 03:16:43,85
url,http://115.63.145.226:43478/i,urlhaus,malware_download,Mozi,2026-10-08 02:10:27,2026-10-08 03:16:43,85
url,http://117.40.42.234:57753/i,urlhaus,malware_download,mirai,2026-10-08 02:10:27,2026-10-08 03:16:43,85
url,http://117.44.248.73:45833/i,urlhaus,malware_download,mirai,2026-10-08 02:10:27,2026-10-08 03:16:43,85
url,http://117.91.113.150:43659/i,urlhaus,malware_download,mirai,2026-10-08 02:10:27,2026-10-08 03:16:43,85
url,http://119.117.173.54:38561/bin.sh,urlhaus,malware_download,,2026-10-08 02:10:27,2026-10-08 03:16:43,85
url,http://119.154.102.233:36514/i,urlhaus,malware_download,Mozi,2026-10-08 02:10:27,2026-10-08 03:16:43,85
url,http://119.179.253.121:44046/i,urlhaus,malware_download,"32-bit,elf,mips,Mozi",2026-10-08 02:10:27,2026-10-08 03:16:43,85
url,http://123.11.7.18:47057/i,urlhaus,malware_download,,2026-10-08 02:10:27,2026-10-08 03:16:43,85
url,http://123.130.203.216:45701/bin.sh,urlhaus,malware_download,Mozi,2026-10-08 02:10:27,2026-10-08 03:16:43,85
url,http://123.14.152.208:44040/bin.sh,urlhaus,malware_download,Mozi,2026-10-08 02:10:27,2026-10-08 03:16:43,85
url,http://123.190.224.233:33698/i,urlhaus,malware_download,,2026-10-08 02:10:27,2026-10-08 03:16:43,85
url,http://125.106.111.244:56709/bin.sh,urlhaus,malware_download,mirai,2026-10-08 02:10:27,2026-10-08 03:16:43,85
url,http://125.43.32.223:55883/bin.sh,urlhaus,malware_download,Mozi,2026-10-08 02:10:27,2026-10-08 03:16:43,85
url,http://125.45.10.115:48133/i,urlhaus,malware_download,Mozi,2026-10-08 02:10:27,2026-10-08 03:16:43,85
url,http://140.237.48.186:50457/bin.sh,urlhaus,malware_download,mirai,2026-10-08 02:10:27,2026-10-08 03:16:43,85
url,http://140.237.48.186:50457/i,urlhaus,malware_download,,2026-10-08 02:10:27,2026-10-08 03:16:43,85
url,http://175.147.93.100:57097/bin.sh,urlhaus,malware_download,,2026-10-08 02:10:27,2026-10-08 03:16:43,85
url,http://175.147.95.196:59864/bin.sh,urlhaus,malware_download,,2026-10-08 02:10:27,2026-10-08 03:16:43,85
url,http://175.148.154.43:59417/bin.sh,urlhaus,malware_download,,2026-10-08 02:10:27,2026-10-08 03:16:43,85
url,http://175.148.157.126:36913/bin.sh,urlhaus,malware_download,,2026-10-08 02:10:27,2026-10-08 03:16:43,85
url,http://175.148.157.126:36913/i,urlhaus,malware_download,,2026-10-08 02:10:27,2026-10-08 03:16:43,85
url,http://175.167.87.144:56600/bin.sh,urlhaus,malware_download,,2026-10-08 02:10:27,2026-10-08 03:16:43,85
url,http://175.174.15.183:53135/bin.sh,urlhaus,malware_download,,2026-10-08 02:10:27,2026-10-08 03:16:43,85
url,http://175.174.15.183:53135/i,urlhaus,malware_download,,2026-10-08 02:10:27,2026-10-08 03:16:43,85
url,http://175.175.239.99:39285/i,urlhaus,malware_download,,2026-10-08 02:10:27,2026-10-08 03:16:43,85
url,http://175.42.54.216:51431/bin.sh,urlhaus,malware_download,"32-bit,arm,elf,mirai,Mozi",2026-10-08 02:10:27,2026-10-08 03:16:43,85
url,http://180.243.51.69:36057/bin.sh,urlhaus,malware_download,mirai,2026-10-08 02:10:27,2026-10-08 03:16:43,85
url,http://182.112.1.67:42073/bin.sh,urlhaus,malware_download,,2026-10-08 02:10:27,2026-10-08 03:16:43,85
url,http://182.114.195.35:38430/bin.sh,urlhaus,malware_download,,2026-10-08 02:10:27,2026-10-08 03:16:43,85
url,http://182.114.195.35:38430/i,urlhaus,malware_download,,2026-10-08 02:10:27,2026-10-08 03:16:43,85
url,http://182.116.77.73:33421/i,urlhaus,malware_download,Mozi,2026-10-08 02:10:27,2026-10-08 03:16:43,85
url,http://182.117.78.141:54978/bin.sh,urlhaus,malware_download,Mozi,2026-10-08 02:10:27,2026-10-08 03:16:43,85
url,http://182.117.78.141:54978/i,urlhaus,malware_download,Mozi,2026-10-08 02:10:27,2026-10-08 03:16:43,85
url,http://182.126.113.116:52750/bin.sh,urlhaus,malware_download,Mozi,2026-10-08 02:10:27,2026-10-08 03:16:43,85
url,http://182.126.113.116:52750/i,urlhaus,malware_download,Mozi,2026-10-08 02:10:27,2026-10-08 03:16:43,85
url,http://182.126.90.15:59868/i,urlhaus,malware_download,,2026-10-08 02:10:27,2026-10-08 03:16:43,85
url,http://182.127.87.252:45272/bin.sh,urlhaus,malware_download,Mozi,2026-10-08 02:10:27,2026-10-08 03:16:43,85
url,http://182.127.87.252:45272/i,urlhaus,malware_download,Mozi,2026-10-08 02:10:27,2026-10-08 03:16:43,85
url,http://196.189.98.77:39274/i,urlhaus,malware_download,mirai,2026-10-08 02:10:27,2026-10-08 03:16:43,85
url,http://196.191.231.12:42401/bin.sh,urlhaus,malware_download,mirai,2026-10-08 02:10:27,2026-10-08 03:16:43,85
url,http://196.191.231.12:42401/i,urlhaus,malware_download,,2026-10-08 02:10:27,2026-10-08 03:16:43,85
url,http://219.157.67.216:44221/bin.sh,urlhaus,malware_download,Mozi,2026-10-08 02:10:27,2026-10-08 03:16:43,85
url,http://219.157.67.216:44221/i,urlhaus,malware_download,Mozi,2026-10-08 02:10:27,2026-10-08 03:16:43,85
url,http://219.79.4.2:33088/i,urlhaus,malware_download,,2026-10-08 02:10:27,2026-10-08 03:16:43,85
url,http://220.161.100.55:59476/bin.sh,urlhaus,malware_download,mirai,2026-10-08 02:10:27,2026-10-08 03:16:43,85
url,http://220.161.100.55:59476/i,urlhaus,malware_download,mirai,2026-10-08 02:10:27,2026-10-08 03:16:43,85
url,http://222.138.148.198:59417/i,urlhaus,malware_download,,2026-10-08 02:10:27,2026-10-08 03:16:43,85
url,http://222.219.74.116:50455/bin.sh,urlhaus,malware_download,mirai,2026-10-08 02:10:27,2026-10-08 03:16:43,85
url,http://222.79.177.52:34777/bin.sh,urlhaus,malware_download,mirai,2026-10-08 02:10:27,2026-10-08 03:16:43,85
url,http://222.79.177.52:34777/i,urlhaus,malware_download,mirai,2026-10-08 02:10:27,2026-10-08 03:16:43,85
url,http://27.152.11.189:47558/i,urlhaus,malware_download,mirai,2026-10-08 02:10:27,2026-10-08 03:16:43,85
url,http://27.202.187.80:41485/i,urlhaus,malware_download,Mozi,2026-10-08 02:10:27,2026-10-08 03:16:43,85
url,http://27.215.122.184:41441/bin.sh,urlhaus,malware_download,,2026-10-08 02:10:27,2026-10-08 03:16:43,85
url,http://27.215.122.184:41441/i,urlhaus,malware_download,,2026-10-08 02:10:27,2026-10-08 03:16:43,85
url,http://27.215.208.40:58939/bin.sh,urlhaus,malware_download,,2026-10-08 02:10:27,2026-10-08 03:16:43,85
url,http://27.220.121.135:60739/bin.sh,urlhaus,malware_download,"32-bit,arm,elf,mirai,Mozi",2026-10-08 02:10:27,2026-10-08 03:16:43,85
url,http://27.37.102.186:55205/i,urlhaus,malware_download,,2026-10-08 02:10:27,2026-10-08 03:16:43,85
url,http://38.7.36.42:59320/i,urlhaus,malware_download,Mozi,2026-10-08 02:10:27,2026-10-08 03:16:43,85
url,http://39.71.177.225:57662/bin.sh,urlhaus,malware_download,Mozi,2026-10-08 02:10:27,2026-10-08 03:16:43,85
url,http://39.71.177.225:57662/i,urlhaus,malware_download,Mozi,2026-10-08 02:10:27,2026-10-08 03:16:43,85
url,http://39.82.142.95:37937/i,urlhaus,malware_download,Mozi,2026-10-08 02:10:27,2026-10-08 03:16:43,85
url,http://42.224.170.145:40929/i,urlhaus,malware_download,Mozi,2026-10-08 02:10:27,2026-10-08 03:16:43,85
url,http://42.224.83.188:35709/bin.sh,urlhaus,malware_download,Mozi,2026-10-08 02:10:27,2026-10-08 03:16:43,85
url,http://42.230.38.212:49512/i,urlhaus,malware_download,,2026-10-08 02:10:27,2026-10-08 03:16:43,85
url,http://42.231.252.202:36121/bin.sh,urlhaus,malware_download,Mozi,2026-10-08 02:10:27,2026-10-08 03:16:43,85
url,http://42.231.42.173:43002/bin.sh,urlhaus,malware_download,Mozi,2026-10-08 02:10:27,2026-10-08 03:16:43,85
url,http://42.231.42.173:43002/i,urlhaus,malware_download,Mozi,2026-10-08 02:10:27,2026-10-08 03:16:43,85
url,http://42.237.251.149:45263/i,urlhaus,malware_download,mirai,2026-10-08 02:10:27,2026-10-08 03:16:43,85
url,http://42.237.52.190:43999/bin.sh,urlhaus,malware_download,"32-bit,elf,mips,Mozi",2026-10-08 02:10:27,2026-10-08 03:16:43,85
url,http://42.238.171.110:47839/i,urlhaus,malware_download,Mozi,2026-10-08 02:10:27,2026-10-08 03:16:43,85
url,http://42.57.205.133:55031/bin.sh,urlhaus,malware_download,"32-bit,elf,mips,Mozi",2026-10-08 02:10:27,2026-10-08 03:16:43,85
url,http://59.96.141.68:52004/i,urlhaus,malware_download,Mozi,2026-10-08 02:10:27,2026-10-08 03:16:43,85
url,http://60.18.58.38:34608/bin.sh,urlhaus,malware_download,,2026-10-08 02:10:27,2026-10-08 03:16:43,85
url,http://60.23.233.72:57190/bin.sh,urlhaus,malware_download,,2026-10-08 02:10:27,2026-10-08 03:16:43,85
url,http://60.23.238.198:47140/bin.sh,urlhaus,malware_download,,2026-10-08 02:10:27,2026-10-08 03:16:43,85
url,http://60.23.238.255:53756/bin.sh,urlhaus,malware_download,,2026-10-08 02:10:27,2026-10-08 03:16:43,85
url,http://60.23.238.255:53756/i,urlhaus,malware_download,,2026-10-08 02:10:27,2026-10-08 03:16:43,85
url,http://61.52.132.92:56698/bin.sh,urlhaus,malware_download,Mozi,2026-10-08 02:10:27,2026-10-08 03:16:43,85
url,http://61.52.132.92:56698/i,urlhaus,malware_download,Mozi,2026-10-08 02:10:27,2026-10-08 03:16:43,85
url,http://63.245.153.41:33709/i,urlhaus,malware_download,mirai,2026-10-08 02:10:27,2026-10-08 03:16:43,85
url,http://81.236.234.16:40372/bin.sh,urlhaus,malware_download,Mozi,2026-10-08 02:10:27,2026-10-08 03:16:43,85
url,http://85.95.191.148:57837/i,urlhaus,malware_download,Mozi,2026-10-08 02:10:27,2026-10-08 03:16:43,85
domain,04ue33gt.truenarrator.com,threatfox,ClearFake,"threatfox,ClearFake,mac-0xdcf2,macos",2026-10-07 04:35:08,2026-10-07 05:07:18,85
domain,0nna1vpc.sallysprattstudio.com,threatfox,ClearFake,"threatfox,ClearFake,mac-0x76c7,macos",2026-10-07 04:35:08,2026-10-07 05:07:18,85
domain,154.60.198.35.bc.googleusercontent.com,threatfox,Unknown Webinject,"threatfox,react,react2shell,webshell",2026-10-07 04:35:08,2026-10-07 05:07:18,85
domain,awkwardjanette.workers.dev,threatfox,php.shin_webshell,"threatfox,Cloudflare,GIF,PHP,webshell,WordPress,workers.dev,wp-admin",2026-10-07 04:35:08,2026-10-07 05:07:18,85
domain,fjallnascastle.se,threatfox,ClearFake,"threatfox,compromised,EtherHide",2026-10-07 04:35:08,2026-10-07 05:07:18,85
domain,getsupportonlinenow.com,threatfox,Unknown RAT,"threatfox,screenconnect",2026-10-07 04:35:08,2026-10-07 05:07:18,85
domain,ifxcx06915.workers.dev,threatfox,php.shin_webshell,"threatfox,Cloudflare,GIF,PHP,webshell,WordPress,workers.dev,wp-admin",2026-10-07 04:35:08,2026-10-07 05:07:18,85
domain,kitchen-remodelingmn.com,threatfox,Unknown malware,"threatfox,ClickFix",2026-10-07 04:35:08,2026-10-07 05:07:18,85
domain,lyvuze.workers.dev,threatfox,php.shin_webshell,"threatfox,Cloudflare,GIF,PHP,webshell,WordPress,workers.dev,wp-admin",2026-10-07 04:35:08,2026-10-07 05:07:18,85
domain,pesuxi.workers.dev,threatfox,php.shin_webshell,"threatfox,Cloudflare,GIF,PHP,webshell,WordPress,workers.dev,wp-admin",2026-10-07 04:35:08,2026-10-07 05:07:18,85
domain,qudocade.workers.dev,threatfox,php.shin_webshell,"threatfox,Cloudflare,GIF,PHP,webshell,WordPress,workers.dev,wp-admin",2026-10-07 04:35:08,2026-10-07 05:07:18,85
domain,s5goru1r.kobet.store,threatfox,ClearFake,"threatfox,ClearFake,mac-0x0f14,macos",2026-10-07 04:35:08,2026-10-07 05:07:18,85
domain,spbmmschool.ru,threatfox,ClearFake,"threatfox,compromised,EtherHide",2026-10-07 04:35:08,2026-10-07 05:07:18,85
domain,thematrixcore.net,threatfox,Unknown Loader,"threatfox,etherhiding",2026-10-07 04:35:08,2026-10-07 05:07:18,85
domain,themodernhindulifestyle.co.za,threatfox,Unknown Loader,"threatfox,etherhiding",2026-10-07 04:35:08,2026-10-07 05:07:18,85
domain,themusicarmy.com,threatfox,Unknown Loader,"threatfox,etherhiding",2026-10-07 04:35:08,2026-10-07 05:07:18,85
domain,theorikifoundation.com,threatfox,Unknown Loader,"threatfox,etherhiding",2026-10-07 04:35:08,2026-10-07 05:07:18,85
domain,thepiratefest.com,threatfox,Unknown Loader,"threatfox,etherhiding",2026-10-07 04:35:08,2026-10-07 05:07:18,85
domain,topekatax.com,threatfox,Unknown Loader,"threatfox,etherhiding",2026-10-07 04:35:08,2026-10-07 05:07:18,85
domain,topgunpressurewashing.com,threatfox,Unknown Loader,"threatfox,etherhiding",2026-10-07 04:35:08,2026-10-07 05:07:18,85
domain,toplocksmithlafayette.com,threatfox,Unknown Loader,"threatfox,etherhiding",2026-10-07 04:35:08,2026-10-07 05:07:18,85
domain,totalplumbingfl.com,threatfox,Unknown Loader,"threatfox,etherhiding",2026-10-07 04:35:08,2026-10-07 05:07:18,85
domain,toushehairstudio.com,threatfox,Unknown Loader,"threatfox,etherhiding",2026-10-07 04:35:08,2026-10-07 05:07:18,85
domain,toybelenturbo.com,threatfox,Unknown Loader,"threatfox,etherhiding",2026-10-07 04:35:08,2026-10-07 05:07:18,85
domain,tpbn.net,threatfox,Unknown Loader,"threatfox,etherhiding",2026-10-07 04:35:08,2026-10-07 05:07:18,85
domain,tpmsarl.com,threatfox,Unknown Loader,"threatfox,etherhiding",2026-10-07 04:35:08,2026-10-07 05:07:18,85
domain,transitionplus.com,threatfox,Unknown Loader,"threatfox,etherhiding",2026-10-07 04:35:08,2026-10-07 05:07:18,85
domain,transportesvek.com,threatfox,Unknown Loader,"threatfox,etherhiding",2026-10-07 04:35:08,2026-10-07 05:07:18,85
domain,transportintegrativehealthsolutions.com,threatfox,Unknown Loader,"threatfox,etherhiding",2026-10-07 04:35:08,2026-10-07 05:07:18,85
domain,travelyand.com,threatfox,Unknown Loader,"threatfox,etherhiding",2026-10-07 04:35:08,2026-10-07 05:07:18,85
domain,travortour.com,threatfox,Unknown Loader,"threatfox,etherhiding",2026-10-07 04:35:08,2026-10-07 05:07:18,85
domain,trendy-brandz.com,threatfox,Unknown Loader,"threatfox,etherhiding",2026-10-07 04:35:08,2026-10-07 05:07:18,85
domain,triftberlin.de,threatfox,Unknown Loader,"threatfox,etherhiding",2026-10-07 04:35:08,2026-10-07 05:07:18,85
domain,triple-core.com,threatfox,Unknown Loader,"threatfox,etherhiding",2026-10-07 04:35:08,2026-10-07 05:07:18,85
domain,triplecrownwarehouse.com,threatfox,Unknown Loader,"threatfox,etherhiding",2026-10-07 04:35:08,2026-10-07 05:07:18,85
domain,trufflenbed.com,threatfox,Unknown Loader,"threatfox,etherhiding",2026-10-07 04:35:08,2026-10-07 05:07:18,85
domain,tsas-usa.org,threatfox,Unknown Loader,"threatfox,etherhiding",2026-10-07 04:35:08,2026-10-07 05:07:18,85
domain,tubaafoods.com,threatfox,Unknown Loader,"threatfox,etherhiding",2026-10-07 04:35:08,2026-10-07 05:07:18,85
domain,turcoisse.fr,threatfox,Unknown Loader,"threatfox,etherhiding",2026-10-07 04:35:08,2026-10-07 05:07:18,85
domain,turms.co,threatfox,Unknown Loader,"threatfox,etherhiding",2026-10-07 04:35:08,2026-10-07 05:07:18,85
domain,turnmillhydraulics.co.za,threatfox,Unknown Loader,"threatfox,etherhiding",2026-10-07 04:35:08,2026-10-07 05:07:18,85
domain,tutoragent.com,threatfox,Unknown Loader,"threatfox,etherhiding",2026-10-07 04:35:08,2026-10-07 05:07:18,85
domain,twiscouter.com,threatfox,Unknown Loader,"threatfox,etherhiding",2026-10-07 04:35:08,2026-10-07 05:07:18,85
domain,twoshoes.co.za,threatfox,Unknown Loader,"threatfox,etherhiding",2026-10-07 04:35:08,2026-10-07 05:07:18,85
domain,twtrends.eu,threatfox,Unknown Loader,"threatfox,etherhiding",2026-10-07 04:35:08,2026-10-07 05:07:18,85
domain,tyaoji.one,threatfox,Unknown Loader,"threatfox,etherhiding",2026-10-07 04:35:08,2026-10-07 05:07:18,85
domain,tylerlong.site,threatfox,Unknown Loader,"threatfox,etherhiding",2026-10-07 04:35:08,2026-10-07 05:07:18,85
domain,udrzba-sprava.cz,threatfox,Unknown Loader,"threatfox,etherhiding",2026-10-07 04:35:08,2026-10-07 05:07:18,85
domain,ufa365.rsvp,threatfox,Unknown Loader,"threatfox,etherhiding",2026-10-07 04:35:08,2026-10-07 05:07:18,85
domain,ufa365.supply,threatfox,Unknown Loader,"threatfox,etherhiding",2026-10-07 04:35:08,2026-10-07 05:07:18,85
domain,ukplus.co.kr,threatfox,Unknown Loader,"threatfox,etherhiding",2026-10-07 04:35:08,2026-10-07 05:07:18,85
domain,unayofficial.com,threatfox,Unknown Loader,"threatfox,etherhiding",2026-10-07 04:35:08,2026-10-07 05:07:18,85
domain,understorypictures.com,threatfox,Unknown Loader,"threatfox,etherhiding",2026-10-07 04:35:08,2026-10-07 05:07:18,85
domain,unipbebedouro.com.br,threatfox,Unknown Loader,"threatfox,etherhiding",2026-10-07 04:35:08,2026-10-07 05:07:18,85
domain,unique-buzz.com,threatfox,Unknown Loader,"threatfox,etherhiding",2026-10-07 04:35:08,2026-10-07 05:07:18,85
domain,unit-0.com,threatfox,Unknown Loader,"threatfox,etherhiding",2026-10-07 04:35:08,2026-10-07 05:07:18,85
domain,unit-zero.vn,threatfox,Unknown Loader,"threatfox,etherhiding",2026-10-07 04:35:08,2026-10-07 05:07:18,85
domain,unitedincomings.com,threatfox,Unknown Loader,"threatfox,etherhiding",2026-10-07 04:35:08,2026-10-07 05:07:18,85
domain,universo-virtual.com,threatfox,Unknown Loader,"threatfox,etherhiding",2026-10-07 04:35:08,2026-10-07 05:07:18,85
domain,unomas.hu,threatfox,Unknown Loader,"threatfox,etherhiding",2026-10-07 04:35:08,2026-10-07 05:07:18,85
domain,up.333vip.org,threatfox,Vidar,"threatfox,vidar",2026-10-07 04:35:08,2026-10-07 05:07:18,85
domain,up.3toto.com,threatfox,Vidar,"threatfox,vidar",2026-10-07 04:35:08,2026-10-07 05:07:18,85
domain,urban-locks.fr,threatfox,Unknown Loader,"threatfox,etherhiding",2026-10-07 04:35:08,2026-10-07 05:07:18,85
domain,ursusbags.se,threatfox,Unknown Loader,"threatfox,etherhiding",2026-10-07 04:35:08,2026-10-07 05:07:18,85
domain,usa-electronic.com,threatfox,Unknown Loader,"threatfox,etherhiding",2026-10-07 04:35:08,2026-10-07 05:07:18,85
domain,utamaspareparts.com,threatfox,Unknown Loader,"threatfox,etherhiding",2026-10-07 04:35:08,2026-10-07 05:07:18,85
domain,utilicarrentacar.com.br,threatfox,Unknown Loader,"threatfox,etherhiding",2026-10-07 04:35:08,2026-10-07 05:07:18,85
domain,v365bet.com,threatfox,Unknown Loader,"threatfox,etherhiding",2026-10-07 04:35:08,2026-10-07 05:07:18,85
domain,valleyhydraulics.co.uk,threatfox,Unknown Loader,"threatfox,etherhiding",2026-10-07 04:35:08,2026-10-07 05:07:18,85
domain,vanellewee.co.za,threatfox,Unknown Loader,"threatfox,etherhiding",2026-10-07 04:35:08,2026-10-07 05:07:18,85
domain,vanifilms.com,threatfox,Unknown Loader,"threatfox,etherhiding",2026-10-07 04:35:08,2026-10-07 05:07:18,85
domain,velaxa.net,threatfox,Unknown Loader,"threatfox,etherhiding",2026-10-07 04:35:08,2026-10-07 05:07:18,85
domain,veltonbd.com,threatfox,Unknown Loader,"threatfox,etherhiding",2026-10-07 04:35:08,2026-10-07 05:07:18,85
domain,venaas.beer,threatfox,Unknown Loader,"threatfox,etherhiding",2026-10-07 04:35:08,2026-10-07 05:07:18,85
domain,vepoplumbers.com,threatfox,Unknown Loader,"threatfox,etherhiding",2026-10-07 04:35:08,2026-10-07 05:07:18,85
domain,vertexdigital.co,threatfox,Unknown Loader,"threatfox,etherhiding",2026-10-07 04:35:08,2026-10-07 05:07:18,85
domain,vidacomexcelencia.com.br,threatfox,Unknown Loader,"threatfox,etherhiding",2026-10-07 04:35:08,2026-10-07 05:07:18,85
domain,videografiko.com,threatfox,Unknown Loader,"threatfox,etherhiding",2026-10-07 04:35:08,2026-10-07 05:07:18,85
domain,vijayateacherscollege.ac.in,threatfox,Unknown Loader,"threatfox,etherhiding",2026-10-07 04:35:08,2026-10-07 05:07:18,85
domain,vikingschain.com,threatfox,Unknown Loader,"threatfox,etherhiding",2026-10-07 04:35:08,2026-10-07 05:07:18,85
domain,viktoria06buchholz.de,threatfox,Unknown Loader,"threatfox,etherhiding",2026-10-07 04:35:08,2026-10-07 05:07:18,85
domain,villa-gamrang.com,threatfox,Unknown Loader,"threatfox,etherhiding",2026-10-07 04:35:08,2026-10-07 05:07:18,85
domain,viniveri.net,threatfox,Unknown Loader,"threatfox,etherhiding",2026-10-07 04:35:08,2026-10-07 05:07:18,85
domain,virgo-wellness.com,threatfox,Unknown Loader,"threatfox,etherhiding",2026-10-07 04:35:08,2026-10-07 05:07:18,85
domain,virtualvisi.id,threatfox,Unknown Loader,"threatfox,etherhiding",2026-10-07 04:35:08,2026-10-07 05:07:18,85
domain,visaanh.com,threatfox,Unknown Loader,"threatfox,etherhiding",2026-10-07 04:35:08,2026-10-07 05:07:18,85
domain,visahalan.vn,threatfox,Unknown Loader,"threatfox,etherhiding",2026-10-07 04:35:08,2026-10-07 05:07:18,85
domain,visahanquoc.net.vn,threatfox,Unknown Loader,"threatfox,etherhiding",2026-10-07 04:35:08,2026-10-07 05:07:18,85
domain,visamacau.vn,threatfox,Unknown Loader,"threatfox,etherhiding",2026-10-07 04:35:08,2026-10-07 05:07:18,85
domain,visanewzealand.vn,threatfox,Unknown Loader,"threatfox,etherhiding",2026-10-07 04:35:08,2026-10-07 05:07:18,85
domain,visanhat.net,threatfox,Unknown Loader,"threatfox,etherhiding",2026-10-07 04:35:08,2026-10-07 05:07:18,85
domain,visiterlecongo.com,threatfox,Unknown Loader,"threatfox,etherhiding",2026-10-07 04:35:08,2026-10-07 05:07:18,85
domain,visitup.seotools.es,threatfox,Unknown Loader,"threatfox,etherhiding",2026-10-07 04:35:08,2026-10-07 05:07:18,85
domain,vissarion.org,threatfox,Unknown Loader,"threatfox,etherhiding",2026-10-07 04:35:08,2026-10-07 05:07:18,85
domain,vitaplumbing.co.uk,threatfox,Unknown Loader,"threatfox,etherhiding",2026-10-07 04:35:08,2026-10-07 05:07:18,85
domain,vmotosoco.ar,threatfox,Unknown Loader,"threatfox,etherhiding",2026-10-07 04:35:08,2026-10-07 05:07:18,85
domain,voegeli-beck.ch,threatfox,ClearFake,"threatfox,compromised,EtherHide",2026-10-07 04:35:08,2026-10-07 05:07:18,85
domain,voiceofrestorationinternational.org,threatfox,Unknown Loader,"threatfox,etherhiding",2026-10-07 04:35:08,2026-10-07 05:07:18,85
domain,vpcpartners.com,threatfox,Unknown Loader,"threatfox,etherhiding",2026-10-07 04:35:08,2026-10-07 05:07:18,85
domain,vrladvogados.com,threatfox,Unknown Loader,"threatfox,etherhiding",2026-10-07 04:35:08,2026-10-07 05:07:18,85
domain,w-bischoff.de,threatfox,Unknown Loader,"threatfox,etherhiding",2026-10-07 04:35:08,2026-10-07 05:07:18,85
domain,wallupp.lk,threatfox,Unknown Loader,"threatfox,etherhiding",2026-10-07 04:35:08,2026-10-07 05:07:18,85
domain,wangxhub.com,threatfox,Unknown Loader,"threatfox,etherhiding",2026-10-07 04:35:08,2026-10-07 05:07:18,85
domain,waveintaiwan.com,threatfox,Unknown Loader,"threatfox,etherhiding",2026-10-07 04:35:08,2026-10-07 05:07:18,85
domain,waypointagency.net,threatfox,Unknown Loader,"threatfox,etherhiding",2026-10-07 04:35:08,2026-10-07 05:07:18,85
domain,websitesforsale.store,threatfox,Unknown Loader,"threatfox,etherhiding",2026-10-07 04:35:08,2026-10-07 05:07:18,85
domain,weekandesign.it,threatfox,Unknown Loader,"threatfox,etherhiding",2026-10-07 04:35:08,2026-10-07 05:07:18,85
domain,wezenvestibulares.com,threatfox,Unknown Loader,"threatfox,etherhiding",2026-10-07 04:35:08,2026-10-07 05:07:18,85
domain,wildspins.id,threatfox,Unknown Loader,"threatfox,etherhiding",2026-10-07 04:35:08,2026-10-07 05:07:18,85
domain,wind2win.com,threatfox,Unknown Loader,"threatfox,etherhiding",2026-10-07 04:35:08,2026-10-07 05:07:18,85
domain,wios.warszawa.pl,threatfox,Unknown Loader,"threatfox,etherhiding",2026-10-07 04:35:08,2026-10-07 05:07:18,85
domain,witworthipe.com,threatfox,Unknown Loader,"threatfox,etherhiding",2026-10-07 04:35:08,2026-10-07 05:07:18,85
domain,wixconsulting.com,threatfox,Unknown Loader,"threatfox,etherhiding",2026-10-07 04:35:08,2026-10-07 05:07:18,85
domain,wizetechno.com,threatfox,Unknown Loader,"threatfox,etherhiding",2026-10-07 04:35:08,2026-10-07 05:07:18,85
domain,wonderfulecuador.org,threatfox,Unknown Loader,"threatfox,etherhiding",2026-10-07 04:35:08,2026-10-07 05:07:18,85
domain,wonpixel.com,threatfox,Unknown Loader,"threatfox,etherhiding",2026-10-07 04:35:08,2026-10-07 05:07:18,85
domain,wood-fermetures.com,threatfox,Unknown Loader,"threatfox,etherhiding",2026-10-07 04:35:08,2026-10-07 05:07:18,85
domain,worespacios.cl,threatfox,Unknown Loader,"threatfox,etherhiding",2026-10-07 04:35:08,2026-10-07 05:07:18,85
domain,worldbc.co,threatfox,Unknown Loader,"threatfox,etherhiding",2026-10-07 04:35:08,2026-10-07 05:07:18,85
domain,wsaindia.net,threatfox,Unknown Loader,"threatfox,etherhiding",2026-10-07 04:35:08,2026-10-07 05:07:18,85
domain,www.palermocityblog.com,threatfox,ClearFake,"threatfox,compromised,EtherHide",2026-10-07 04:35:08,2026-10-07 05:07:18,85
domain,www.pharmakeys.com,threatfox,ClearFake,"threatfox,compromised,EtherHide",2026-10-07 04:35:08,2026-10-07 05:07:18,85
domain,www.pintossi-flli.it,threatfox,ClearFake,"threatfox,compromised,EtherHide",2026-10-07 04:35:08,2026-10-07 05:07:18,85
domain,www.pixelmedya.com.tr,threatfox,ClearFake,"threatfox,compromised,EtherHide",2026-10-07 04:35:08,2026-10-07 05:07:18,85
domain,www.polokofuneralservices.co.za,threatfox,ClearFake,"threatfox,compromised,EtherHide",2026-10-07 04:35:08,2026-10-07 05:07:18,85
domain,www.porcelli.eu,threatfox,ClearFake,"threatfox,compromised,EtherHide",2026-10-07 04:35:08,2026-10-07 05:07:18,85
domain,www.portovecchio-corse.com,threatfox,ClearFake,"threatfox,compromised,EtherHide",2026-10-07 04:35:08,2026-10-07 05:07:18,85
domain,www.pradelli.biz,threatfox,ClearFake,"threatfox,compromised,EtherHide",2026-10-07 04:35:08,2026-10-07 05:07:18,85
domain,www.premierfitnesscamp.com,threatfox,ClearFake,"threatfox,compromised,EtherHide",2026-10-07 04:35:08,2026-10-07 05:07:18,85
domain,www.proentecsas.com,threatfox,ClearFake,"threatfox,compromised,EtherHide",2026-10-07 04:35:08,2026-10-07 05:07:18,85
domain,www.promoshops.eu,threatfox,ClearFake,"threatfox,compromised,EtherHide",2026-10-07 04:35:08,2026-10-07 05:07:18,85
domain,www.qualeilmiglior.it,threatfox,ClearFake,"threatfox,compromised,EtherHide",2026-10-07 04:35:08,2026-10-07 05:07:18,85
domain,www.reathlefitcenter.com,threatfox,ClearFake,"threatfox,compromised,EtherHide",2026-10-07 04:35:08,2026-10-07 05:07:18,85
domain,www.renzograciemexico.com,threatfox,ClearFake,"threatfox,compromised,EtherHide",2026-10-07 04:35:08,2026-10-07 05:07:18,85
domain,www.reyesmartialarts.com,threatfox,ClearFake,"threatfox,compromised,EtherHide",2026-10-07 04:35:08,2026-10-07 05:07:18,85
domain,www.rosalbafranco.it,threatfox,ClearFake,"threatfox,compromised,EtherHide",2026-10-07 04:35:08,2026-10-07 05:07:18,85
domain,www.safetywares.qa,threatfox,ClearFake,"threatfox,compromised,EtherHide",2026-10-07 04:35:08,2026-10-07 05:07:18,85
domain,www.san-ed.com,threatfox,ClearFake,"threatfox,compromised,EtherHide",2026-10-07 04:35:08,2026-10-07 05:07:18,85
domain,www.scmlogistics-bf.com,threatfox,ClearFake,"threatfox,compromised,EtherHide",2026-10-07 04:35:08,2026-10-07 05:07:18,85
domain,www.sdfrigerio.it,threatfox,ClearFake,"threatfox,compromised,EtherHide",2026-10-07 04:35:08,2026-10-07 05:07:18,85
domain,www.seelectricdesign.com,threatfox,ClearFake,"threatfox,compromised,EtherHide",2026-10-07 04:35:08,2026-10-07 05:07:18,85
domain,www.segway-ninebot.com.ar,threatfox,ClearFake,"threatfox,compromised,EtherHide",2026-10-07 04:35:08,2026-10-07 05:07:18,85
domain,www.serrurierlux.fr,threatfox,ClearFake,"threatfox,compromised,EtherHide",2026-10-07 04:35:08,2026-10-07 05:07:18,85
domain,www.sportcom.ch,threatfox,ClearFake,"threatfox,compromised,EtherHide",2026-10-07 04:35:08,2026-10-07 05:07:18,85
domain,wyksfamily.com,threatfox,Unknown Loader,"threatfox,etherhiding",2026-10-07 04:35:08,2026-10-07 05:07:18,85
domain,x4s.cn,threatfox,Unknown Loader,"threatfox,etherhiding",2026-10-07 04:35:08,2026-10-07 05:07:18,85
domain,xemphimpromax.com,threatfox,Unknown Loader,"threatfox,etherhiding",2026-10-07 04:35:08,2026-10-07 05:07:18,85
domain,xn--72c5ahad0eb5dba7srb2g.fyi,threatfox,Unknown Loader,"threatfox,etherhiding",2026-10-07 04:35:08,2026-10-07 05:07:18,85
domain,xn--bonddner-r4a.de,threatfox,Unknown Loader,"threatfox,etherhiding",2026-10-07 04:35:08,2026-10-07 05:07:18,85
domain,xn--pflegebro-plus-msb.de,threatfox,Unknown Loader,"threatfox,etherhiding",2026-10-07 04:35:08,2026-10-07 05:07:18,85
domain,xscontrols.com,threatfox,Unknown Loader,"threatfox,etherhiding",2026-10-07 04:35:08,2026-10-07 05:07:18,85
domain,xvstv.com,threatfox,Unknown Loader,"threatfox,etherhiding",2026-10-07 04:35:08,2026-10-07 05:07:18,85
domain,yarraviewblinds.com.au,threatfox,Unknown Loader,"threatfox,etherhiding",2026-10-07 04:35:08,2026-10-07 05:07:18,85
domain,yayasanannuur.com,threatfox,Unknown Loader,"threatfox,etherhiding",2026-10-07 04:35:08,2026-10-07 05:07:18,85
domain,yeselectromotive.com,threatfox,Unknown Loader,"threatfox,etherhiding",2026-10-07 04:35:08,2026-10-07 05:07:18,85
domain,yilko.ir,threatfox,Unknown Loader,"threatfox,etherhiding",2026-10-07 04:35:08,2026-10-07 05:07:18,85
domain,yisan.cz,threatfox,Unknown Loader,"threatfox,etherhiding",2026-10-07 04:35:08,2026-10-07 05:07:18,85
domain,yourbestmarriageblog.com,threatfox,Unknown Loader,"threatfox,etherhiding",2026-10-07 04:35:08,2026-10-07 05:07:18,85
domain,yourpartsgate.com,threatfox,Unknown Loader,"threatfox,etherhiding",2026-10-07 04:35:08,2026-10-07 05:07:18,85
domain,yourpersonalcaptain.com,threatfox,Unknown Loader,"threatfox,etherhiding",2026-10-07 04:35:08,2026-10-07 05:07:18,85
domain,yourrealestatemarketingsolutions.com,threatfox,Unknown Loader,"threatfox,etherhiding",2026-10-07 04:35:08,2026-10-07 05:07:18,85
domain,youtalkwa.com,threatfox,Unknown Loader,"threatfox,etherhiding",2026-10-07 04:35:08,2026-10-07 05:07:18,85
domain,yvonneliao.com,threatfox,Unknown Loader,"threatfox,etherhiding",2026-10-07 04:35:08,2026-10-07 05:07:18,85
domain,zajezisem.cz,threatfox,Unknown Loader,"threatfox,etherhiding",2026-10-07 04:35:08,2026-10-07 05:07:18,85
domain,zakazkovestolarstvo.sk,threatfox,Unknown Loader,"threatfox,etherhiding",2026-10-07 04:35:08,2026-10-07 05:07:18,85
domain,zeccarealtygroup.com,threatfox,Unknown Loader,"threatfox,etherhiding",2026-10-07 04:35:08,2026-10-07 05:07:18,85
domain,zeesterrazzo.com,threatfox,Unknown Loader,"threatfox,etherhiding",2026-10-07 04:35:08,2026-10-07 05:07:18,85
domain,zeszytyzeglarskie.pl,threatfox,Unknown Loader,"threatfox,etherhiding",2026-10-07 04:35:08,2026-10-07 05:07:18,85
domain,zikoqeju.workers.dev,threatfox,php.shin_webshell,"threatfox,Cloudflare,GIF,PHP,webshell,WordPress,workers.dev,wp-admin",2026-10-07 04:35:08,2026-10-07 05:07:18,85
domain,zimmer-rodgau.de,threatfox,Unknown Loader,"threatfox,etherhiding",2026-10-07 04:35:08,2026-10-07 05:07:18,85
domain,zonta-schwaebisch-gmuend.de,threatfox,Unknown Loader,"threatfox,etherhiding",2026-10-07 04:35:08,2026-10-07 05:07:18,85
domain,zpconstructionca.com,threatfox,Unknown Loader,"threatfox,etherhiding",2026-10-07 04:35:08,2026-10-07 05:07:18,85
domain,zugenergie.de,threatfox,Unknown Loader,"threatfox,etherhiding",2026-10-07 04:35:08,2026-10-07 05:07:18,85
domain,zygrle.com,threatfox,Unknown Loader,"threatfox,etherhiding",2026-10-07 04:35:08,2026-10-07 05:07:18,85
hash_md5,00b61ee4c9907cb2dc9daadeacaa3e05,threatfox,Agent Tesla,threatfox,2026-10-07 04:35:08,2026-10-07 05:07:18,85
hash_md5,029d8159751de5f6faabe86b4f7b5077,threatfox,Phorpiex,threatfox,2026-10-07 04:35:08,2026-10-07 05:07:18,85
hash_md5,0709e53641829dc93945aece20e2da21,threatfox,Formbook,threatfox,2026-10-07 04:35:08,2026-10-07 05:07:18,85
hash_md5,14873f091ec6e4b5cd510745741f246e,threatfox,XWorm,threatfox,2026-10-07 04:35:08,2026-10-07 05:07:18,85
hash_md5,1ad3729976f26d9d7ea44e2a7195b572,threatfox,CrossRAT,threatfox,2026-10-07 04:35:08,2026-10-07 05:07:18,85
hash_md5,1f75cb137ec2c546b8b825d243cd0e4b,threatfox,ACR Stealer,threatfox,2026-10-07 04:35:08,2026-10-07 05:07:18,85
hash_md5,29edbb113a824210409cf41619959db7,threatfox,RN Stealer,threatfox,2026-10-07 04:35:08,2026-10-07 05:07:18,85
hash_md5,2ced628a3e6299fee6186021aec817cf,threatfox,RN Stealer,threatfox,2026-10-07 04:35:08,2026-10-07 05:07:18,85
hash_md5,2feb859f5ad6cbb84746b2be2bac7c99,threatfox,Coinminer,threatfox,2026-10-07 04:35:08,2026-10-07 05:07:18,85
hash_md5,33f25a90e23674dfbdae66a02f7ccce3,threatfox,MicroStealer,threatfox,2026-10-07 04:35:08,2026-10-07 05:07:18,85
hash_md5,3b9d2c4c21957d21b76e3b839f8d14d1,threatfox,Aura Stealer,threatfox,2026-10-07 04:35:08,2026-10-07 05:07:18,85
hash_md5,4951465b8b9db30de15a8034b4e62137,threatfox,Collection RAT,threatfox,2026-10-07 04:35:08,2026-10-07 05:07:18,85
hash_md5,4a17cee02deaf2bd7f9bf3f2cd4dff37,threatfox,RN Stealer,threatfox,2026-10-07 04:35:08,2026-10-07 05:07:18,85
hash_md5,4c3747305b868bc35cdc0c06783c2414,threatfox,XWorm,threatfox,2026-10-07 04:35:08,2026-10-07 05:07:18,85
hash_md5,61401e999d0655f1f3f49e71d43f4347,threatfox,QuirkyLoader,threatfox,2026-10-07 04:35:08,2026-10-07 05:07:18,85
hash_md5,62fe42ce45fd48c9c492758f58e2763d,threatfox,Phorpiex,threatfox,2026-10-07 04:35:08,2026-10-07 05:07:18,85
hash_md5,79ce4d0c02c4a1c3192615ed9f9b1962,threatfox,WannaCryptor,threatfox,2026-10-07 04:35:08,2026-10-07 05:07:18,85
hash_md5,7f4c68c231b9470d423b5d1ae06b8a9f,threatfox,ACR Stealer,threatfox,2026-10-07 04:35:08,2026-10-07 05:07:18,85
hash_md5,805836d85d002b708ac1693c1117f863,threatfox,vanillarat,threatfox,2026-10-07 04:35:08,2026-10-07 05:07:18,85
hash_md5,8240919c6c1723113f8db83d8dffcba3,threatfox,WannaCryptor,threatfox,2026-10-07 04:35:08,2026-10-07 05:07:18,85
hash_md5,83f7f0a5a5475b33c66e39c8afe6c293,threatfox,Creal Stealer,threatfox,2026-10-07 04:35:08,2026-10-07 05:07:18,85
hash_md5,b51388e42f98c44816102b669880e625,threatfox,Formbook,threatfox,2026-10-07 04:35:08,2026-10-07 05:07:18,85
hash_md5,bfc0848e67feb2b80c7bf5ba9c1efe27,threatfox,CrossRAT,threatfox,2026-10-07 04:35:08,2026-10-07 05:07:18,85
hash_md5,cb345182c2482cb19834f6e0bfc0322c,threatfox,Shim RAT,threatfox,2026-10-07 04:35:08,2026-10-07 05:07:18,85
hash_md5,e22066ff2cc65fb93c5bbd799e0245a5,threatfox,VIP Keylogger,threatfox,2026-10-07 04:35:08,2026-10-07 05:07:18,85
hash_sha256,0693e042dd629efb54a385e8fee6cd00c7a54543d31bceb3f790365a72e55448,threatfox,CrossRAT,threatfox,2026-10-07 04:35:08,2026-10-07 05:07:18,85
hash_sha256,13464460a6a916cfcfeba3f29c7d16708bf4ec638af94b0a3b165c5ccb994eb6,threatfox,Phorpiex,threatfox,2026-10-07 04:35:08,2026-10-07 05:07:18,85
hash_sha256,17161ca9b95f7b2550a69cc0f2fce78ae93ae27869f6652fd54cbc2bbec68b38,threatfox,XWorm,threatfox,2026-10-07 04:35:08,2026-10-07 05:07:18,85
hash_sha256,2450fabd7c6ac77f8c79b9171f4a9f85faf200c46cf3390930847f677347abe6,threatfox,VIP Keylogger,threatfox,2026-10-07 04:35:08,2026-10-07 05:07:18,85
hash_sha256,2b0ca329e37f6cf14c33735d1c0d2e85d47354b9839798bfef7beb19df664975,threatfox,CrossRAT,threatfox,2026-10-07 04:35:08,2026-10-07 05:07:18,85
hash_sha256,2d8fb6368c33ba76766834ab0737e9e830d8413ece0e7568a93fa3f894cd7ef9,threatfox,Unknown RAT,"threatfox,arm,backdoor,cowrie,elf,golang,honeypot,mips,telegram,telnet,x86-64",2026-10-07 04:35:08,2026-10-07 05:07:18,85
hash_sha256,37ee0b813c06da8eaabc00327c1f06895ab17702624c659047d77dec0344e419,threatfox,AMOS,"threatfox,AMOS,ClickFix,Foxveil,macOS,stratos",2026-10-07 04:35:08,2026-10-07 05:07:18,85
hash_sha256,3dbbd0d946ccb43a77198e3b863c8b3150f6f328ac7c7e196cc75cd2519755e3,threatfox,Phorpiex,threatfox,2026-10-07 04:35:08,2026-10-07 05:07:18,85
hash_sha256,5688131c6dbe9c8bfef086dd441a588dbf26902d30cdf06cc81518cc25f81f6c,threatfox,MicroStealer,threatfox,2026-10-07 04:35:08,2026-10-07 05:07:18,85
hash_sha256,5c1bf506401bda993ceedaf28b90ebff6d6beb92f33b9b975c21fc85b1be2614,threatfox,Unknown RAT,"threatfox,arm,backdoor,cowrie,elf,golang,honeypot,mips,telegram,telnet,x86-64",2026-10-07 04:35:08,2026-10-07 05:07:18,85
hash_sha256,63a4f55282106baed0ef20a3017768fd1fca367d63bf12206768e18211b985a0,threatfox,Collection RAT,threatfox,2026-10-07 04:35:08,2026-10-07 05:07:18,85
hash_sha256,70185ccd2aca8d2232164abe51699c4698bed86c551c9edf284063b5791c054e,threatfox,AMOS,"threatfox,AMOS,ClickFix,Foxveil,macOS,quill",2026-10-07 04:35:08,2026-10-07 05:07:18,85
hash_sha256,7140d529758138bc7f87f651d82f17fcd2fe3afb17c7d827e88721796778c1a4,threatfox,Aura Stealer,threatfox,2026-10-07 04:35:08,2026-10-07 05:07:18,85
hash_sha256,7ef0b121f0059de02cea8c1280f4fdd0c440b057346984bfcf8606a2a66a8148,threatfox,WannaCryptor,threatfox,2026-10-07 04:35:08,2026-10-07 05:07:18,85
hash_sha256,9c374c3801bdcfa56b3c6c264ecb9e54acae6536b5ca77b9927abf76592457a4,threatfox,Formbook,threatfox,2026-10-07 04:35:08,2026-10-07 05:07:18,85
hash_sha256,a4f5bec5e206631a718b88e16f1a5fa3ebd0ad55955fd30001c29e42b601beeb,threatfox,Unknown RAT,"threatfox,arm,backdoor,cowrie,elf,golang,honeypot,mips,telegram,telnet,x86-64",2026-10-07 04:35:08,2026-10-07 05:07:18,85
hash_sha256,acabede7ef8b0c5ed4a49ef82c58329ed97825e6d9a1d0c6d6425f3bb754cf5a,threatfox,RN Stealer,threatfox,2026-10-07 04:35:08,2026-10-07 05:07:18,85
hash_sha256,b025d3a95f71cfb81f4d4e0162ab1f9a1d821c098bbf1fe5de7fdef73f1ea67e,threatfox,RN Stealer,threatfox,2026-10-07 04:35:08,2026-10-07 05:07:18,85
hash_sha256,b2c851105fa97e65b4a9068bba3d832b02a0bcb5d594f689e07391403305ebb7,threatfox,Unknown RAT,"threatfox,arm,backdoor,cowrie,elf,golang,honeypot,mips,telegram,telnet,x86-64",2026-10-07 04:35:08,2026-10-07 05:07:18,85
hash_sha256,b2d0acd9d080794496faa1b3d7de902b3fb78329cddfe4deda33cbabe6e79a23,threatfox,Creal Stealer,threatfox,2026-10-07 04:35:08,2026-10-07 05:07:18,85
hash_sha256,b975fc15637a72cb3452655dc5d7ba2d8230bda8a5752c3047eb4c0851c4c372,threatfox,Shim RAT,threatfox,2026-10-07 04:35:08,2026-10-07 05:07:18,85
hash_sha256,c7ef30d2fbc1fad85c9e14c200b9328b7be55b83ab2080e8dd7e25be76abb2dc,threatfox,Unknown RAT,"threatfox,arm,backdoor,cowrie,elf,golang,honeypot,mips,telegram,telnet,x86-64",2026-10-07 04:35:08,2026-10-07 05:07:18,85
hash_sha256,ca5b62520e1452a26b3c83357d36bf0b3bf88db37a0bc8050062be4bd0851a16,threatfox,QuirkyLoader,threatfox,2026-10-07 04:35:08,2026-10-07 05:07:18,85
hash_sha256,d3ac1fa2c9bb8ef73f91f699b9896f45a65021c5b1e4bbff1b1ea0b701066f81,threatfox,Creal Stealer,threatfox,2026-10-07 04:35:08,2026-10-07 05:07:18,85
hash_sha256,dbe63e6863be3fefc70f8446134129f8351147c213cea78696e324429cf29393,threatfox,Unknown RAT,"threatfox,arm,backdoor,cowrie,elf,golang,honeypot,mips,telegram,telnet,x86-64",2026-10-07 04:35:08,2026-10-07 05:07:18,85
hash_sha256,debdc34170bd40bf2e18611eeb4605f99bd146b88c694cb1d7cf751976ead49e,threatfox,Unknown RAT,"threatfox,arm,backdoor,cowrie,elf,golang,honeypot,mips,telegram,telnet,x86-64",2026-10-07 04:35:08,2026-10-07 05:07:18,85
hash_sha256,ed554c51f7f69c2ca0e80c18d4b0e1240a33d74ba999ec9006cf5440b1f7bdb4,threatfox,Coinminer,threatfox,2026-10-07 04:35:08,2026-10-07 05:07:18,85
hash_sha256,f08f76ee0bc11c6383b83b70fb86dccd7668b76e17450d42453942b8fc148dea,threatfox,WannaCryptor,threatfox,2026-10-07 04:35:08,2026-10-07 05:07:18,85
hash_sha256,f19a811deb8f1af8d6b3b6b922b5bc90e64fe7bf246206bb061aa89572bf5828,threatfox,RN Stealer,threatfox,2026-10-07 04:35:08,2026-10-07 05:07:18,85
hash_sha256,f3cdb85bf342b4efd4abf22ccaeb3cec511b5f6fe7bb9e4f1b9461f090425971,threatfox,vanillarat,threatfox,2026-10-07 04:35:08,2026-10-07 05:07:18,85
hash_sha256,fa1d013f5d8f4833ca5e80b1987ce0908625fab234048fe16e293d5ccbb963fa,threatfox,Formbook,threatfox,2026-10-07 04:35:08,2026-10-07 05:07:18,85
hash_sha256,fd0d23011657d0185f6e4fb5fe57eb7894c9fc606b9ae5fc6b977efcb2ef1eeb,threatfox,Agent Tesla,threatfox,2026-10-07 04:35:08,2026-10-07 05:07:18,85
hash_sha256,ff1d48aeeda856e3b2f6aac842dc393e1156e1d5f783b1e7f812b3b0d5eb2986,threatfox,Unknown RAT,"threatfox,arm,backdoor,cowrie,elf,golang,honeypot,mips,telegram,telnet,x86-64",2026-10-07 04:35:08,2026-10-07 05:07:18,85
hash_sha256,ff8d4e85afc851f980f7227ebfddcabf75926a6306d4355b1062f0070141c8eb,threatfox,XWorm,threatfox,2026-10-07 04:35:08,2026-10-07 05:07:18,85
ip,102.220.163.130,threatfox,Remcos,"threatfox,c2,MWSCL,Remcos",2026-10-07 04:35:08,2026-10-07 05:07:18,85
ip,114.66.20.236,threatfox,Quasar RAT,"threatfox,quasarrat",2026-10-07 04:35:08,2026-10-07 05:07:18,85
ip,128.90.108.109,threatfox,Remcos,"threatfox,c2,Remcos,SERVER2405v2",2026-10-07 04:35:08,2026-10-07 05:07:18,85
ip,139.162.5.254,threatfox,Mirai,"threatfox,mirai",2026-10-07 04:35:08,2026-10-07 05:07:18,85
ip,155.2.192.88,threatfox,Potassium,"threatfox,botnet,ddos,mirai,potassium,woof",2026-10-07 04:35:08,2026-10-07 05:07:18,85
ip,2.59.163.77,threatfox,Potassium,"threatfox,botnet,ddos,mirai,potassium,woof",2026-10-07 04:35:08,2026-10-07 05:07:18,85
ip,43.228.157.72,threatfox,Remcos,"threatfox,Armenia 2,c2,Remcos",2026-10-07 04:35:08,2026-10-07 05:07:18,85
ip,51.89.199.102,threatfox,Potassium,"threatfox,botnet,ddos,mirai,potassium,woof",2026-10-07 04:35:08,2026-10-07 05:07:18,85
ip,89.32.41.49,threatfox,Potassium,"threatfox,botnet,ddos,mirai,potassium,woof",2026-10-07 04:35:08,2026-10-07 05:07:18,85
ip,91.92.242.19,threatfox,Potassium,"threatfox,botnet,ddos,mirai,potassium,woof",2026-10-07 04:35:08,2026-10-07 05:07:18,85
url,http://102.33.35.31:57136/Mozi.m,threatfox,Mozi,"threatfox,elf,iot,Mozi",2026-10-07 04:35:08,2026-10-07 05:07:18,85
url,http://192.162.199.249/45fw5qfmd55m,threatfox,AMOS,threatfox,2026-10-07 04:35:08,2026-10-07 05:07:18,85
url,http://192.162.199.249/5i42segizmrmxlrq,threatfox,AMOS,threatfox,2026-10-07 04:35:08,2026-10-07 05:07:18,85
url,https://api.telegram.org/bot8850962001:AAGZazMZdUQkJOgJEP9YX1afUccTTnMmO5A/,threatfox,Unknown RAT,"threatfox,backdoor,cowrie,elf,golang,honeypot,telegram,telnet",2026-10-07 04:35:08,2026-10-07 05:07:18,85
url,https://hi.333vip.org,threatfox,Vidar,"threatfox,b98dd86b169ec45dd28e99dcad12402a,c2,loader,stealer,Vidar",2026-10-07 04:35:08,2026-10-07 05:07:18,85
url,https://hi.3toto.com,threatfox,Vidar,"threatfox,b98dd86b169ec45dd28e99dcad12402a,c2,loader,stealer,Vidar",2026-10-07 04:35:08,2026-10-07 05:07:18,85
url,https://sunstonejetty.info/proxy/metrics-parser.js,threatfox,SmartApeSG,"threatfox,SmartApeSG",2026-10-07 04:35:08,2026-10-07 05:07:18,85
url,https://up.333vip.org/,threatfox,Vidar,"threatfox,vidar",2026-10-07 04:35:08,2026-10-07 05:07:18,85
url,https://up.3toto.com/,threatfox,Vidar,"threatfox,vidar",2026-10-07 04:35:08,2026-10-07 05:07:18,85
url,https://velasadagio.com.ar/,threatfox,Unknown malware,"threatfox,ClickFix",2026-10-07 04:35:08,2026-10-07 05:07:18,85
url,https://vikingschain.com/,threatfox,Unknown malware,"threatfox,ClickFix",2026-10-07 04:35:08,2026-10-07 05:07:18,85
url,https://villageonsedge.co.za/,threatfox,Unknown malware,"threatfox,ClickFix",2026-10-07 04:35:08,2026-10-07 05:07:18,85
url,https://vuonvuaresort.com/,threatfox,Unknown malware,"threatfox,ClickFix",2026-10-07 04:35:08,2026-10-07 05:07:18,85
url,https://wattygo.com/,threatfox,Unknown malware,"threatfox,ClickFix",2026-10-07 04:35:08,2026-10-07 05:07:18,85
url,https://wikitnews.info/,threatfox,Unknown malware,"threatfox,ClickFix",2026-10-07 04:35:08,2026-10-07 05:07:18,85
url,https://wrapstertortillas.com/,threatfox,Unknown malware,"threatfox,ClickFix",2026-10-07 04:35:08,2026-10-07 05:07:18,85
url,https://yoruway.com/,threatfox,Unknown malware,"threatfox,ClickFix",2026-10-07 04:35:08,2026-10-07 05:07:18,85
domain,2ell0jzk.lacek.store,threatfox,ClearFake,"threatfox,ClearFake,mac-0x0f14,macos",2026-10-07 04:35:07,2026-10-07 05:07:17,85
domain,6pf8j0h7.kundu.store,threatfox,ClearFake,"threatfox,ClearFake,mac-0x0f14,macos",2026-10-07 04:35:07,2026-10-07 05:07:18,85
domain,880cris.workers.dev,threatfox,php.shin_webshell,"threatfox,Cloudflare,GIF,PHP,webshell,WordPress,workers.dev,wp-admin",2026-10-07 04:35:07,2026-10-07 05:07:18,85
domain,baldreamloans.com.au,threatfox,ClearFake,"threatfox,ClearFake",2026-10-07 04:35:07,2026-10-07 05:07:18,85
domain,bgbnb88715.workers.dev,threatfox,php.shin_webshell,"threatfox,Cloudflare,GIF,PHP,webshell,WordPress,workers.dev,wp-admin",2026-10-07 04:35:07,2026-10-07 05:07:18,85
domain,cashin24.ca,threatfox,ClearFake,"threatfox,compromised,EtherHide",2026-10-07 04:35:07,2026-10-07 05:07:18,85
domain,cjwdj7hx.roseanne.id,threatfox,ClearFake,"threatfox,ClearFake,mac-0x76c7,macos",2026-10-07 04:35:07,2026-10-07 05:07:18,85
domain,djbpmstudio.com,threatfox,ClearFake,"threatfox,ClearFake",2026-10-07 04:35:07,2026-10-07 05:07:18,85
domain,dyhasi.workers.dev,threatfox,php.shin_webshell,"threatfox,Cloudflare,GIF,PHP,webshell,WordPress,workers.dev,wp-admin",2026-10-07 04:35:07,2026-10-07 05:07:18,85
domain,fo.333vip.org,threatfox,Vidar,"threatfox,vidar",2026-10-07 04:35:07,2026-10-07 05:07:18,85
domain,fo.3toto.com,threatfox,Vidar,"threatfox,vidar",2026-10-07 04:35:07,2026-10-07 05:07:18,85
domain,fog.blacklabelfremont.com,threatfox,IClickFix,"threatfox,ClickFix",2026-10-07 04:35:07,2026-10-07 05:07:17,85
domain,fypazene.workers.dev,threatfox,php.shin_webshell,"threatfox,Cloudflare,GIF,PHP,webshell,WordPress,workers.dev,wp-admin",2026-10-07 04:35:07,2026-10-07 05:07:18,85
domain,gogymowy.workers.dev,threatfox,php.shin_webshell,"threatfox,Cloudflare,GIF,PHP,webshell,WordPress,workers.dev,wp-admin",2026-10-07 04:35:07,2026-10-07 05:07:17,85
domain,gwfsiev0.kubis.store,threatfox,ClearFake,"threatfox,ClearFake,mac-0x0f14,macos",2026-10-07 04:35:07,2026-10-07 05:07:18,85
domain,kpxypqg0.kalem.store,threatfox,ClearFake,"threatfox,ClearFake,mac-0xdcf2,macos",2026-10-07 04:35:07,2026-10-07 05:07:17,85
domain,luofix.com,threatfox,ClearFake,"threatfox,compromised,EtherHide",2026-10-07 04:35:07,2026-10-07 05:07:18,85
domain,mywolexe.workers.dev,threatfox,php.shin_webshell,"threatfox,Cloudflare,GIF,PHP,webshell,WordPress,workers.dev,wp-admin",2026-10-07 04:35:07,2026-10-07 05:07:18,85
domain,ncmotores.com.br,threatfox,ClearFake,"threatfox,compromised,EtherHide",2026-10-07 04:35:07,2026-10-07 05:07:18,85
domain,pymadida.workers.dev,threatfox,php.shin_webshell,"threatfox,Cloudflare,GIF,PHP,webshell,WordPress,workers.dev,wp-admin",2026-10-07 04:35:07,2026-10-07 05:07:18,85
domain,reyos.store,threatfox,ClearFake,"threatfox,ClearFake",2026-10-07 04:35:07,2026-10-07 05:07:18,85
domain,rgboj80418.workers.dev,threatfox,php.shin_webshell,"threatfox,Cloudflare,GIF,PHP,webshell,WordPress,workers.dev,wp-admin",2026-10-07 04:35:07,2026-10-07 05:07:18,85
domain,rihan.store,threatfox,ClearFake,"threatfox,ClearFake",2026-10-07 04:35:07,2026-10-07 05:07:18,85
domain,roxabo.workers.dev,threatfox,php.shin_webshell,"threatfox,Cloudflare,GIF,PHP,webshell,WordPress,workers.dev,wp-admin",2026-10-07 04:35:07,2026-10-07 05:07:18,85
domain,rucihipe.workers.dev,threatfox,php.shin_webshell,"threatfox,Cloudflare,GIF,PHP,webshell,WordPress,workers.dev,wp-admin",2026-10-07 04:35:07,2026-10-07 05:07:18,85
domain,ruut.store,threatfox,ClearFake,"threatfox,ClearFake",2026-10-07 04:35:07,2026-10-07 05:07:17,85
domain,sutisuda.workers.dev,threatfox,php.shin_webshell,"threatfox,Cloudflare,GIF,PHP,webshell,WordPress,workers.dev,wp-admin",2026-10-07 04:35:07,2026-10-07 05:07:18,85
domain,taffy28.workers.dev,threatfox,php.shin_webshell,"threatfox,Cloudflare,GIF,PHP,webshell,WordPress,workers.dev,wp-admin",2026-10-07 04:35:07,2026-10-07 05:07:18,85
domain,tiq3luyb.pattysole.com,threatfox,ClearFake,"threatfox,ClearFake,mac-0x76c7,macos",2026-10-07 04:35:07,2026-10-07 05:07:18,85
domain,tofselkenapsetayer.com,threatfox,ClearFake,"threatfox,compromised,EtherHide",2026-10-07 04:35:07,2026-10-07 05:07:18,85
domain,uahel3js.jorda.store,threatfox,ClearFake,"threatfox,ClearFake,mac-0xdcf2,macos",2026-10-07 04:35:07,2026-10-07 05:07:18,85
domain,vv.333vip.org,threatfox,Vidar,"threatfox,vidar",2026-10-07 04:35:07,2026-10-07 05:07:18,85
domain,vv.3toto.com,threatfox,Vidar,"threatfox,vidar",2026-10-07 04:35:07,2026-10-07 05:07:18,85
domain,weqeralo.workers.dev,threatfox,php.shin_webshell,"threatfox,Cloudflare,GIF,PHP,webshell,WordPress,workers.dev,wp-admin",2026-10-07 04:35:07,2026-10-07 05:07:18,85
domain,www.doppio-click.it,threatfox,ClearFake,"threatfox,compromised,EtherHide",2026-10-07 04:35:07,2026-10-07 05:07:18,85
domain,www.escuelaloca.it,threatfox,ClearFake,"threatfox,compromised,EtherHide",2026-10-07 04:35:07,2026-10-07 05:07:18,85
domain,www.skylarfinserv.com,threatfox,ClearFake,"threatfox,compromised,EtherHide",2026-10-07 04:35:07,2026-10-07 05:07:18,85
domain,www.snapplusstudio.com,threatfox,ClearFake,"threatfox,compromised,EtherHide",2026-10-07 04:35:07,2026-10-07 05:07:18,85
domain,www.socrateinlove.com,threatfox,ClearFake,"threatfox,compromised,EtherHide",2026-10-07 04:35:07,2026-10-07 05:07:18,85
domain,www.spachmelnice.cz,threatfox,ClearFake,"threatfox,compromised,EtherHide",2026-10-07 04:35:07,2026-10-07 05:07:18,85
domain,www.spinmovie.it,threatfox,ClearFake,"threatfox,compromised,EtherHide",2026-10-07 04:35:07,2026-10-07 05:07:18,85
domain,www.sportveiculoscontagem.com.br,threatfox,ClearFake,"threatfox,compromised,EtherHide",2026-10-07 04:35:07,2026-10-07 05:07:18,85
domain,www.stromcheckup.com,threatfox,ClearFake,"threatfox,compromised,EtherHide",2026-10-07 04:35:07,2026-10-07 05:07:18,85
domain,www.strongboxsecurityservices.com,threatfox,ClearFake,"threatfox,compromised,EtherHide",2026-10-07 04:35:07,2026-10-07 05:07:18,85
domain,www.stv24.net,threatfox,ClearFake,"threatfox,compromised,EtherHide",2026-10-07 04:35:07,2026-10-07 05:07:18,85
domain,www.stychnohumanitarianfoundation.com,threatfox,ClearFake,"threatfox,compromised,EtherHide",2026-10-07 04:35:07,2026-10-07 05:07:18,85
domain,www.styleamakaco.com,threatfox,ClearFake,"threatfox,compromised,EtherHide",2026-10-07 04:35:07,2026-10-07 05:07:18,85
domain,www.talentr.com,threatfox,ClearFake,"threatfox,compromised,EtherHide",2026-10-07 04:35:07,2026-10-07 05:07:18,85
domain,www.tanetting.co.th,threatfox,ClearFake,"threatfox,compromised,EtherHide",2026-10-07 04:35:07,2026-10-07 05:07:18,85
domain,www.techlinksystems.com,threatfox,ClearFake,"threatfox,compromised,EtherHide",2026-10-07 04:35:07,2026-10-07 05:07:18,85
domain,www.thalamuscharles.com,threatfox,ClearFake,"threatfox,compromised,EtherHide",2026-10-07 04:35:07,2026-10-07 05:07:18,85
domain,www.therapie-zentrum-dortmund.de,threatfox,ClearFake,"threatfox,compromised,EtherHide",2026-10-07 04:35:07,2026-10-07 05:07:17,85
domain,www.topgunpressurewashing.com,threatfox,ClearFake,"threatfox,compromised,EtherHide",2026-10-07 04:35:07,2026-10-07 05:07:18,85
domain,www.tsas-usa.org,threatfox,ClearFake,"threatfox,compromised,EtherHide",2026-10-07 04:35:07,2026-10-07 05:07:18,85
domain,www.twiscouter.com,threatfox,ClearFake,"threatfox,compromised,EtherHide",2026-10-07 04:35:07,2026-10-07 05:07:18,85
domain,www.villa-gamrang.com,threatfox,ClearFake,"threatfox,compromised,EtherHide",2026-10-07 04:35:07,2026-10-07 05:07:18,85
domain,www.viniveri.net,threatfox,ClearFake,"threatfox,compromised,EtherHide",2026-10-07 04:35:07,2026-10-07 05:07:18,85
domain,www.waypointagency.net,threatfox,ClearFake,"threatfox,compromised,EtherHide",2026-10-07 04:35:07,2026-10-07 05:07:18,85
domain,www.wonderfulecuador.org,threatfox,ClearFake,"threatfox,compromised,EtherHide",2026-10-07 04:35:07,2026-10-07 05:07:18,85
domain,www.wood-fermetures.com,threatfox,ClearFake,"threatfox,compromised,EtherHide",2026-10-07 04:35:07,2026-10-07 05:07:18,85
domain,www.yourbestmarriageblog.com,threatfox,ClearFake,"threatfox,compromised,EtherHide",2026-10-07 04:35:07,2026-10-07 05:07:18,85
domain,www.zakazkovestolarstvo.sk,threatfox,ClearFake,"threatfox,compromised,EtherHide",2026-10-07 04:35:07,2026-10-07 05:07:18,85
domain,xoqypeka.workers.dev,threatfox,php.shin_webshell,"threatfox,Cloudflare,GIF,PHP,webshell,WordPress,workers.dev,wp-admin",2026-10-07 04:35:07,2026-10-07 05:07:17,85
domain,zijpestijl.nl,threatfox,ClearFake,"threatfox,compromised,EtherHide",2026-10-07 04:35:07,2026-10-07 05:07:18,85
hash_md5,06967803198f1be4c67fbfc2d5176ce9,threatfox,stealler,threatfox,2026-10-07 04:35:07,2026-10-07 05:07:18,85
hash_md5,07d421f571027adabae15b5d7d2644b4,threatfox,Vidar,threatfox,2026-10-07 04:35:07,2026-10-07 05:07:18,85
hash_md5,096622abc355ce5302f4154d45751620,threatfox,Coinminer,threatfox,2026-10-07 04:35:07,2026-10-07 05:07:18,85
hash_md5,0ee59ae82757f58215d22a5c81e32573,threatfox,Vidar,threatfox,2026-10-07 04:35:07,2026-10-07 05:07:18,85
hash_md5,138ca7a6667d8347b236f2aacb134e09,threatfox,Vidar,threatfox,2026-10-07 04:35:07,2026-10-07 05:07:18,85
hash_md5,149428fbb8622cd08b18f008e24d54c6,threatfox,Phorpiex,threatfox,2026-10-07 04:35:07,2026-10-07 05:07:18,85
hash_md5,1742ad51f743c9e518abec7fc6f9451b,threatfox,NjRAT,threatfox,2026-10-07 04:35:07,2026-10-07 05:07:18,85
hash_md5,17461c93abf833a9514ee410f1fbafb1,threatfox,NetWire RC,threatfox,2026-10-07 04:35:07,2026-10-07 05:07:18,85
hash_md5,18574afb782de70a00eae72adf564791,threatfox,ValleyRAT,threatfox,2026-10-07 04:35:07,2026-10-07 05:07:18,85
hash_md5,19c91fe72a4e7aa7b59d84baf6ce9383,threatfox,Formbook,threatfox,2026-10-07 04:35:07,2026-10-07 05:07:18,85
hash_md5,1bd738355e034bf5cd53495feb862e2c,threatfox,Overlord RAT,threatfox,2026-10-07 04:35:07,2026-10-07 05:07:18,85
hash_md5,1cf8cce965f8f2089ce67ef811b29d13,threatfox,NjRAT,threatfox,2026-10-07 04:35:07,2026-10-07 05:07:18,85
hash_md5,212d6f0d9e544c346f8dae39d0acd06d,threatfox,HijackLoader,threatfox,2026-10-07 04:35:07,2026-10-07 05:07:18,85
hash_md5,218bc14cce5a93f6c848cba43f060c60,threatfox,Vidar,threatfox,2026-10-07 04:35:07,2026-10-07 05:07:18,85
hash_md5,259b49948f479a1ecb3448ef7e6bda75,threatfox,Venus Stealer,threatfox,2026-10-07 04:35:07,2026-10-07 05:07:18,85
hash_md5,2aaa2370984af15261e51a730e800ea1,threatfox,ValleyRAT,threatfox,2026-10-07 04:35:07,2026-10-07 05:07:18,85
hash_md5,357e6c2930275df89a9272e431e096fe,threatfox,Vidar,threatfox,2026-10-07 04:35:07,2026-10-07 05:07:18,85
hash_md5,36e73c5600a6c9ee9b1ae3d8f113683e,threatfox,Formbook,threatfox,2026-10-07 04:35:07,2026-10-07 05:07:18,85
hash_md5,38f0046416e3fdf6af81b5b3326e2240,threatfox,SalatStealer,threatfox,2026-10-07 04:35:07,2026-10-07 05:07:18,85
hash_md5,3da3c77545498bcaf0d6fe67e86ab53e,threatfox,ValleyRAT,threatfox,2026-10-07 04:35:07,2026-10-07 05:07:18,85
hash_md5,3effb7b4d5b81a4936d3254f01093d11,threatfox,NetWire RC,threatfox,2026-10-07 04:35:07,2026-10-07 05:07:18,85
hash_md5,61480a155193ab1d60ede49b5fe13556,threatfox,AsyncRAT,threatfox,2026-10-07 04:35:07,2026-10-07 05:07:18,85
hash_md5,6384a37947e61cf136a039dd948e325b,threatfox,NetWire RC,threatfox,2026-10-07 04:35:07,2026-10-07 05:07:18,85
hash_md5,6423288fa0a9d90a7faa2b610debe347,threatfox,Nanocore RAT,threatfox,2026-10-07 04:35:07,2026-10-07 05:07:18,85
hash_md5,6721f76518a60a424d02502fb4255fa5,threatfox,Nanocore RAT,threatfox,2026-10-07 04:35:07,2026-10-07 05:07:18,85
hash_md5,67a5fe0dd43cb25c539341c0bf31d2b0,threatfox,AdaptixC2,threatfox,2026-10-07 04:35:07,2026-10-07 05:07:18,85
hash_md5,6baea71e36ded632af5dd706a7bafa25,threatfox,Nanocore RAT,threatfox,2026-10-07 04:35:07,2026-10-07 05:07:18,85
hash_md5,74de2ab5ff79006b0f18deb133a791a3,threatfox,Vidar,threatfox,2026-10-07 04:35:07,2026-10-07 05:07:18,85
hash_md5,74e28ff56ee527fe955e404861a4c71b,threatfox,ZStealer,threatfox,2026-10-07 04:35:07,2026-10-07 05:07:18,85
hash_md5,753270b3843109dcb5f1ce2f2d095b06,threatfox,GCleaner,threatfox,2026-10-07 04:35:07,2026-10-07 05:07:18,85
hash_md5,7e3841913e2fd4e3ecf9d382dcd7becd,threatfox,Tofsee,threatfox,2026-10-07 04:35:07,2026-10-07 05:07:18,85
hash_md5,822086e8cca3a86d1845e0c86cc249a5,threatfox,Formbook,threatfox,2026-10-07 04:35:07,2026-10-07 05:07:18,85
hash_md5,891b4554e82840c4fd606d944f87c8cd,threatfox,GovRAT,threatfox,2026-10-07 04:35:07,2026-10-07 05:07:18,85
hash_md5,8c224bd3347c99685ac39d0322fbcde5,threatfox,NetWire RC,threatfox,2026-10-07 04:35:07,2026-10-07 05:07:18,85
hash_md5,8e587c3050c5c9d55ccf274827c1c6a9,threatfox,MASS Logger,threatfox,2026-10-07 04:35:07,2026-10-07 05:07:18,85
hash_md5,935ce08748c7a78cbf64a8d0e5341061,threatfox,ValleyRAT,threatfox,2026-10-07 04:35:07,2026-10-07 05:07:18,85
hash_md5,95e32a3d60558c896f50ff50684fe125,threatfox,Formbook,threatfox,2026-10-07 04:35:07,2026-10-07 05:07:18,85
hash_md5,960d0238a337c963c5eba8ac6010b5d8,threatfox,NetWire RC,threatfox,2026-10-07 04:35:07,2026-10-07 05:07:18,85
hash_md5,99088294d431c0b4b63269202dba2d00,threatfox,WannaCryptor,threatfox,2026-10-07 04:35:07,2026-10-07 05:07:18,85
hash_md5,a4704f0e3a3ca3efc1078af02105d30f,threatfox,CrossRAT,threatfox,2026-10-07 04:35:07,2026-10-07 05:07:18,85
hash_md5,ac727d7ed3a0452251ae8b3d0f7f5d80,threatfox,Formbook,threatfox,2026-10-07 04:35:07,2026-10-07 05:07:18,85
hash_md5,ad6a7fe9c9d21c0f6d68b3d44f966150,threatfox,Formbook,threatfox,2026-10-07 04:35:07,2026-10-07 05:07:18,85
hash_md5,afdd9d7685e2394ef444e693964f4095,threatfox,NetWire RC,threatfox,2026-10-07 04:35:07,2026-10-07 05:07:18,85
hash_md5,b11a75c9d60e50866ba0d84af1a155c6,threatfox,NetWire RC,threatfox,2026-10-07 04:35:07,2026-10-07 05:07:18,85
hash_md5,c0c6f6e0731a319cc92f90ca789dcc3d,threatfox,NetWire RC,threatfox,2026-10-07 04:35:07,2026-10-07 05:07:18,85
hash_md5,c51ef0e96d102409320281316bce244e,threatfox,NetWire RC,threatfox,2026-10-07 04:35:07,2026-10-07 05:07:18,85
hash_md5,cd1fd8e06c31dc642b038cec1e234442,threatfox,Coinminer,threatfox,2026-10-07 04:35:07,2026-10-07 05:07:18,85
hash_md5,cd44fdd1585f6be07433627dbf3aa5f2,threatfox,NetWire RC,threatfox,2026-10-07 04:35:07,2026-10-07 05:07:18,85
hash_md5,cfcc97cb95e356ac0cd2e295c025dd25,threatfox,Coinminer,threatfox,2026-10-07 04:35:07,2026-10-07 05:07:18,85
hash_md5,d2a9b590d61563ef68407d1f1afaab4e,threatfox,Creal Stealer,threatfox,2026-10-07 04:35:07,2026-10-07 05:07:18,85
hash_md5,d6e6b089da51d3662f052cb8f5f9436f,threatfox,stealler,threatfox,2026-10-07 04:35:07,2026-10-07 05:07:18,85
hash_md5,d9e3aad9d528c2cbcf57362306e6b5df,threatfox,AsyncRAT,threatfox,2026-10-07 04:35:07,2026-10-07 05:07:18,85
hash_md5,df241bd3374ab72337100903f4ee161e,threatfox,stealler,threatfox,2026-10-07 04:35:07,2026-10-07 05:07:18,85
hash_md5,e44ee181d3235c52db5d99e2cc86d306,threatfox,Formbook,threatfox,2026-10-07 04:35:07,2026-10-07 05:07:18,85
hash_md5,e85a16d7e9fe863a85f78d9f0cc4501f,threatfox,Vilsa Stealer,threatfox,2026-10-07 04:35:07,2026-10-07 05:07:18,85
hash_md5,ee009758219f6b7cdbfe4a346924cda4,threatfox,BitRAT,threatfox,2026-10-07 04:35:07,2026-10-07 05:07:18,85
hash_md5,ef5ebe165dc61a588e448f5a045f545d,threatfox,Sliver,threatfox,2026-10-07 04:35:07,2026-10-07 05:07:18,85
hash_md5,f221f1a45d3646cb8117fcc5f699c20b,threatfox,SalatStealer,threatfox,2026-10-07 04:35:07,2026-10-07 05:07:18,85
hash_md5,f2d88aa41c35d7b0af0c79b8ef09192f,threatfox,Vidar,threatfox,2026-10-07 04:35:07,2026-10-07 05:07:18,85
hash_md5,f39df780d3a02dc4524ec85c8c38ce55,threatfox,Vidar,threatfox,2026-10-07 04:35:07,2026-10-07 05:07:18,85
hash_md5,fbf5502d96d5e50e2084d6f11269460c,threatfox,WannaCryptor,threatfox,2026-10-07 04:35:07,2026-10-07 05:07:18,85
hash_md5,fdc1fc279a15ba9f8e02f1eb46616475,threatfox,NetWire RC,threatfox,2026-10-07 04:35:07,2026-10-07 05:07:18,85
hash_sha256,01c6597a9d807338577300a4c861509021b161784c7997d70e4bd44d4da2c059,threatfox,Sliver,threatfox,2026-10-07 04:35:07,2026-10-07 05:07:18,85
hash_sha256,034174f5266a4276cf29cfdb23fc3fa52699438ff60c8055b7df12c88341a49b,threatfox,CrossRAT,threatfox,2026-10-07 04:35:07,2026-10-07 05:07:18,85
hash_sha256,068973019438fd8817ae22b5f264e67bbb5c5675b11b5e7c24f7c954fc92835f,threatfox,NetWire RC,threatfox,2026-10-07 04:35:07,2026-10-07 05:07:18,85
hash_sha256,0b81936f0bc1aaf3d55932e910e8a1cdbd80f276e59f80690a80f8f9e6550a93,threatfox,Formbook,threatfox,2026-10-07 04:35:07,2026-10-07 05:07:18,85
hash_sha256,0ccda5fb8da309f4ca1af9510db9bbcbf8d91c6a12758f2ff05bfc885d46e764,threatfox,Formbook,threatfox,2026-10-07 04:35:07,2026-10-07 05:07:18,85
hash_sha256,0fecb72b1e5b1fc4f5a00fec90beb85b22b6ec9be8139dd4cdf448087decefd5,threatfox,AsyncRAT,threatfox,2026-10-07 04:35:07,2026-10-07 05:07:18,85
hash_sha256,10333cfe3b8de037f163d4e80af8e1f18cd5ca7af555dbc9c1da5409925a079d,threatfox,Formbook,threatfox,2026-10-07 04:35:07,2026-10-07 05:07:18,85
hash_sha256,11e50f88499ead9da9d4b0b6c062651181f28df1bf1078c5d69bdf55a836b370,threatfox,HijackLoader,threatfox,2026-10-07 04:35:07,2026-10-07 05:07:18,85
hash_sha256,160f9349178e8169411d385e3ed0bc0cae494d302af225428bcdb10bc9eab84a,threatfox,Overlord RAT,threatfox,2026-10-07 04:35:07,2026-10-07 05:07:18,85
hash_sha256,176e3b8bb480955589c292be9e74c38fb08ba73046c3e3016597384337f95efe,threatfox,Nanocore RAT,threatfox,2026-10-07 04:35:07,2026-10-07 05:07:18,85
hash_sha256,1a256fa228d60488917a5a67bbbfeac9c08c178bd34c48e9c7e22c18b2a7b369,threatfox,Vidar,threatfox,2026-10-07 04:35:07,2026-10-07 05:07:18,85
hash_sha256,21eed78ef28f13581985a98514ec70fe1d8bfb9dce22900c9cff07796bbf2ade,threatfox,Formbook,threatfox,2026-10-07 04:35:07,2026-10-07 05:07:18,85
hash_sha256,29792faf57cf4db368909f5675077599094a4fba753261f43b419c49621a4db8,threatfox,Tofsee,threatfox,2026-10-07 04:35:07,2026-10-07 05:07:18,85
hash_sha256,2a4e92f9ceeafddef77dbdba62c0a9bd2711ce7be586994ba810712067c0e4fa,threatfox,Formbook,threatfox,2026-10-07 04:35:07,2026-10-07 05:07:18,85
hash_sha256,314a605bc42b47f044a1b297e4db33e66460952a23840767ee40c0f4acfdcf92,threatfox,Vilsa Stealer,threatfox,2026-10-07 04:35:07,2026-10-07 05:07:18,85
hash_sha256,374c1bcedd9eb8d9e537dd47759685e5d9db21c0aa9b943592cd95aadbd18248,threatfox,SalatStealer,threatfox,2026-10-07 04:35:07,2026-10-07 05:07:18,85
hash_sha256,403eb747d66afce6c38cb4364dadd3bf7149645e41f1c73892c99a475c9f2dd9,threatfox,BitRAT,threatfox,2026-10-07 04:35:07,2026-10-07 05:07:18,85
hash_sha256,406627d034ccf27232851600b6d2f4f93e93fce673b6c3b801e2f1140dc76736,threatfox,Venus Stealer,threatfox,2026-10-07 04:35:07,2026-10-07 05:07:18,85
hash_sha256,40e7e77aff603f4c2ef17b3bc8ea836e714d0734a1e5b946e52f95536ec5c91d,threatfox,stealler,threatfox,2026-10-07 04:35:07,2026-10-07 05:07:18,85
hash_sha256,4b204193a8b7165f99a401a2ab33505c5f3af565ec3a8340cbcbda15b1a2bb53,threatfox,Nanocore RAT,threatfox,2026-10-07 04:35:07,2026-10-07 05:07:18,85
hash_sha256,4cecb0e41d53ccc73078d80dcac576b7b0905f37193693f9b41cf4eb6651fa85,threatfox,stealler,threatfox,2026-10-07 04:35:07,2026-10-07 05:07:18,85
hash_sha256,5381889f657250a50a62c8a629ee825ad3249a1ecac97454bbf9f0f0f30e7d6f,threatfox,SalatStealer,threatfox,2026-10-07 04:35:07,2026-10-07 05:07:18,85
hash_sha256,5d010b50c9cfd89d091aa90acf4b1ffc8f1659e89d1993dd54f76498fed3cf67,threatfox,Formbook,threatfox,2026-10-07 04:35:07,2026-10-07 05:07:18,85
hash_sha256,5d7d506f8c627c54dcb0b3c18e8549dfa2af4f468e0c418f9f2819e8ee22adf4,threatfox,Phorpiex,threatfox,2026-10-07 04:35:07,2026-10-07 05:07:18,85
hash_sha256,6bde7ba7c5c9b5f000c2255dd3f87340a96ca9fbdf2b2d4688251c9adb4b88a2,threatfox,ValleyRAT,threatfox,2026-10-07 04:35:07,2026-10-07 05:07:18,85
hash_sha256,6d6520b0cc38c74a5c62c5d7e1adec832953d11819b7f8a8867a8b96439824cd,threatfox,NetWire RC,threatfox,2026-10-07 04:35:07,2026-10-07 05:07:18,85
hash_sha256,71145362a2382c5de9ed2f1a374b5e5dc2bf6b054da31f28ae911dd117cf11a3,threatfox,Nanocore RAT,threatfox,2026-10-07 04:35:07,2026-10-07 05:07:18,85
hash_sha256,722552977aa29059abd535e5ed5b92e3de3a31e269d92210845672f4894f3404,threatfox,ZStealer,threatfox,2026-10-07 04:35:07,2026-10-07 05:07:18,85
hash_sha256,791c80619bb5c1dcd0a560c419b8e32885d074c82f626a1f35d4f477a45eb344,threatfox,AsyncRAT,threatfox,2026-10-07 04:35:07,2026-10-07 05:07:18,85
hash_sha256,81ce9fc4460358010edd5b6939c3cdb9e25831868bc33ddb4f23a473ab467ff4,threatfox,GCleaner,threatfox,2026-10-07 04:35:07,2026-10-07 05:07:18,85
hash_sha256,8337819ad52e9033786ecbdcef7043c1092735805670223c098832108ee6faa6,threatfox,NetWire RC,threatfox,2026-10-07 04:35:07,2026-10-07 05:07:18,85
hash_sha256,86313a101f0fd884ea5bf11bb281b4e0c9faf4155cf1c46a4ddb0b8ba376632a,threatfox,NetWire RC,threatfox,2026-10-07 04:35:07,2026-10-07 05:07:18,85
hash_sha256,8abf8eccfa8a562200bf833e1900995a22b259b854fa1db2908d957f66243ac2,threatfox,NetWire RC,threatfox,2026-10-07 04:35:07,2026-10-07 05:07:18,85
hash_sha256,9515a9525a7533ba496952c8060bc7cc2794cecec2674b32adb2c7c0aa3d1a1f,threatfox,Vidar,threatfox,2026-10-07 04:35:07,2026-10-07 05:07:18,85
hash_sha256,960b0b1d55bbea03966505540d6ddff28a3400206621c73bd9e0627f47cf8349,threatfox,Vidar,threatfox,2026-10-07 04:35:07,2026-10-07 05:07:18,85
hash_sha256,985df2cfe2d10aa55c0a893a51218e8dab64ba5f57e0e7a8155e06455b3d8e87,threatfox,MASS Logger,threatfox,2026-10-07 04:35:07,2026-10-07 05:07:18,85
hash_sha256,9dfc2d34a92b8d415ba77712e5f681b08f2a566229042ac3e076b2bb79c5c1ce,threatfox,NetWire RC,threatfox,2026-10-07 04:35:07,2026-10-07 05:07:18,85
hash_sha256,9f5f8f8511aef45edbad68759852dde0c88cec07d2bcb0ac537121bc360ce367,threatfox,NetWire RC,threatfox,2026-10-07 04:35:07,2026-10-07 05:07:18,85
hash_sha256,a0cede6f584d24707449eb5fd9a35ea0d380e9bcaa6c37c99a65bc90a3dbb9ac,threatfox,ValleyRAT,threatfox,2026-10-07 04:35:07,2026-10-07 05:07:18,85
hash_sha256,aaa2e8a2ba631becd8c0430dfd42bb96b83c21948ce3c293f019b27c92b022d9,threatfox,Vidar,threatfox,2026-10-07 04:35:07,2026-10-07 05:07:18,85
hash_sha256,abda1607910d3b8653aed50d74bf7e8d7189db192d553086a3c1b85a78bb7235,threatfox,Coinminer,threatfox,2026-10-07 04:35:07,2026-10-07 05:07:18,85
hash_sha256,ad94161a022aa30896c1a8bcd8dbc85771295f860cbfda0926bfeaca9546f094,threatfox,Formbook,threatfox,2026-10-07 04:35:07,2026-10-07 05:07:18,85
hash_sha256,ae5ce4d540d6decaca5aa836d2e53b5b1067a53c61a6df88c5498c7b04f0827a,threatfox,WannaCryptor,threatfox,2026-10-07 04:35:07,2026-10-07 05:07:18,85
hash_sha256,aedb264e412ea574ad4ef2bdf5d857397b0fdfc429cfbce47a35d280b15ca503,threatfox,ValleyRAT,threatfox,2026-10-07 04:35:07,2026-10-07 05:07:18,85
hash_sha256,b014e51e30e352689b3a2d1a8b4f100eafc9d7273b2d848e655eeba0513e375c,threatfox,Vidar,threatfox,2026-10-07 04:35:07,2026-10-07 05:07:18,85
hash_sha256,b4359324e3cffb3dc521a808dfa0b5d7bd92dc6e08eb7527da41e1e1312d3265,threatfox,Coinminer,threatfox,2026-10-07 04:35:07,2026-10-07 05:07:18,85
hash_sha256,b9fcda5008f194cb1d90a7fc1c30ac6240b7ca3fe1dff8c6e7c42c802ba25abd,threatfox,WannaCryptor,threatfox,2026-10-07 04:35:07,2026-10-07 05:07:18,85
hash_sha256,c05a49f1183b96574f47cf0cc5b88f81e2d7fb2e66a11e921782a18f78214a34,threatfox,GovRAT,threatfox,2026-10-07 04:35:07,2026-10-07 05:07:18,85
hash_sha256,c76e92a033cbe870d282303a146c11a4dce6741169f892cbd482be21a7411cf8,threatfox,NetWire RC,threatfox,2026-10-07 04:35:07,2026-10-07 05:07:18,85
hash_sha256,ca14ad0344dc7216f6da29a5cbe4237d886cc5257e8c3a48fb4885a311c9b800,threatfox,stealler,threatfox,2026-10-07 04:35:07,2026-10-07 05:07:18,85
hash_sha256,cb84fa7a6ec4de958b6af34c155a709773378e299fe82d0edd02c80b8debe66e,threatfox,NetWire RC,threatfox,2026-10-07 04:35:07,2026-10-07 05:07:18,85
hash_sha256,d2e55213a02fd16a077298c986130522eb63196bdf8a8c1aec0eed6ef318b222,threatfox,AdaptixC2,threatfox,2026-10-07 04:35:07,2026-10-07 05:07:18,85
hash_sha256,d519f610b614473e4440c2a5480c62cdf7273c16e907dc3a3779bdbbeffdd931,threatfox,ValleyRAT,threatfox,2026-10-07 04:35:07,2026-10-07 05:07:18,85
hash_sha256,d5c4983535d57d69fc6f8c09ff4a3838d6a61ac6b149de67b89c0c062968d9cd,threatfox,NjRAT,threatfox,2026-10-07 04:35:07,2026-10-07 05:07:18,85
hash_sha256,d79a04df3971fc9519d5c9e28c224ae429ea9c57ef05cf4908d7ebd9eed3f048,threatfox,Vidar,threatfox,2026-10-07 04:35:07,2026-10-07 05:07:18,85
hash_sha256,d7fea5f6217db6e04f75333a65a46cdfcc523c7f3ddc29cfaecb18cd8876ea98,threatfox,NjRAT,threatfox,2026-10-07 04:35:07,2026-10-07 05:07:18,85
hash_sha256,e203aee47ec911c8e6345cd89df9f338127a2b533fa4852f955d2ebcf25f9707,threatfox,Vidar,threatfox,2026-10-07 04:35:07,2026-10-07 05:07:18,85
hash_sha256,e5c9ed91eb09773e30971c76bdff83f08be5ca5ae251ccb6addc72192a0b1529,threatfox,NetWire RC,threatfox,2026-10-07 04:35:07,2026-10-07 05:07:18,85
hash_sha256,e740b087ea540c1fabcb0623399c7142aa6dd68fd9b4a4cadd7521170c332935,threatfox,Coinminer,threatfox,2026-10-07 04:35:07,2026-10-07 05:07:18,85
hash_sha256,eb33be2e48afd244b070e8738c1f46fbc3ed12fe8459b92ed80536d9fa7bc9db,threatfox,NetWire RC,threatfox,2026-10-07 04:35:07,2026-10-07 05:07:18,85
hash_sha256,fa3e9bf80185c5524b3669d856f619ff94538fb71b3c56a636cc0d819e3e81a1,threatfox,Vidar,threatfox,2026-10-07 04:35:07,2026-10-07 05:07:18,85
ip,104.194.155.6,threatfox,Evilginx,"threatfox,drb-ra,Evilginx,EvilGoPhish",2026-10-07 04:35:07,2026-10-07 05:07:18,85
ip,104.249.10.19,threatfox,PureRAT,"threatfox,drb-ra,PureHVNC,PureRAT,RAT",2026-10-07 04:35:07,2026-10-07 05:07:18,85
ip,129.204.55.230,threatfox,Cobalt Strike,"threatfox,CobaltStrike,drb-ra",2026-10-07 04:35:07,2026-10-07 05:07:17,85
ip,130.94.16.10,threatfox,Jackskid,"threatfox,botnet,ddos,jackskid,mirai,rctea",2026-10-07 04:35:07,2026-10-07 05:07:18,85
ip,130.94.77.120,threatfox,Jackskid,"threatfox,botnet,ddos,jackskid,mirai,rctea",2026-10-07 04:35:07,2026-10-07 05:07:18,85
ip,132.243.187.133,threatfox,Potassium,"threatfox,botnet,ddos,mirai,potassium,woof",2026-10-07 04:35:07,2026-10-07 05:07:18,85
ip,135.136.148.30,threatfox,PureRAT,"threatfox,drb-ra,PureHVNC,PureRAT,RAT",2026-10-07 04:35:07,2026-10-07 05:07:18,85
ip,154.12.17.20,threatfox,Cobalt Strike,"threatfox,cobaltstrike",2026-10-07 04:35:07,2026-10-07 05:07:17,85
ip,170.238.45.33,threatfox,PureRAT,"threatfox,drb-ra,PureHVNC,PureRAT,RAT",2026-10-07 04:35:07,2026-10-07 05:07:18,85
ip,192.162.199.186,threatfox,AsyncRAT,"threatfox,AsyncRAT,drb-ra,RAT",2026-10-07 04:35:07,2026-10-07 05:07:18,85
ip,194.59.31.71,threatfox,PureRAT,"threatfox,drb-ra,PureHVNC,PureRAT,RAT",2026-10-07 04:35:07,2026-10-07 05:07:18,85
ip,217.165.57.21,threatfox,AsyncRAT,"threatfox,AsyncRAT,drb-ra,RAT",2026-10-07 04:35:07,2026-10-07 05:07:18,85
ip,38.60.199.126,threatfox,Jackskid,"threatfox,botnet,ddos,jackskid,mirai,rctea",2026-10-07 04:35:07,2026-10-07 05:07:18,85
ip,45.76.161.231,threatfox,DCRat,"threatfox,DCRat,drb-ra,RAT",2026-10-07 04:35:07,2026-10-07 05:07:18,85
ip,45.79.198.116,threatfox,Havoc,"threatfox,havoc",2026-10-07 04:35:07,2026-10-07 05:07:17,85
ip,47.94.56.71,threatfox,Cobalt Strike,"threatfox,CobaltStrike,drb-ra",2026-10-07 04:35:07,2026-10-07 05:07:18,85
ip,5.180.42.176,threatfox,Unknown malware,"threatfox,drb-ra,Mythic",2026-10-07 04:35:07,2026-10-07 05:07:18,85
ip,8.210.166.12,threatfox,VShell,"threatfox,vshell",2026-10-07 04:35:07,2026-10-07 05:07:18,85
ip,89.32.41.108,threatfox,Potassium,"threatfox,botnet,ddos,mirai,potassium,woof",2026-10-07 04:35:07,2026-10-07 05:07:17,85
ip,89.32.41.109,threatfox,Potassium,"threatfox,botnet,ddos,mirai,potassium,woof",2026-10-07 04:35:07,2026-10-07 05:07:17,85
ip,89.32.41.111,threatfox,Potassium,"threatfox,botnet,ddos,mirai,potassium,woof",2026-10-07 04:35:07,2026-10-07 05:07:17,85
ip,89.32.41.114,threatfox,Potassium,"threatfox,botnet,ddos,mirai,potassium,woof",2026-10-07 04:35:07,2026-10-07 05:07:17,85
ip,89.32.41.117,threatfox,Potassium,"threatfox,botnet,ddos,mirai,potassium,woof",2026-10-07 04:35:07,2026-10-07 05:07:17,85
ip,89.32.41.128,threatfox,Potassium,"threatfox,botnet,ddos,mirai,potassium,woof",2026-10-07 04:35:07,2026-10-07 05:07:17,85
ip,89.32.41.146,threatfox,Potassium,"threatfox,botnet,ddos,mirai,potassium,woof",2026-10-07 04:35:07,2026-10-07 05:07:17,85
ip,89.32.41.19,threatfox,Potassium,"threatfox,botnet,ddos,mirai,potassium,woof",2026-10-07 04:35:07,2026-10-07 05:07:18,85
ip,89.32.41.59,threatfox,Potassium,"threatfox,botnet,ddos,mirai,potassium,woof",2026-10-07 04:35:07,2026-10-07 05:07:17,85
ip,94.143.143.253,threatfox,DCRat,"threatfox,dcrat",2026-10-07 04:35:07,2026-10-07 05:07:17,85
url,http://202.47.54.175:40772/Mozi.m,threatfox,Mozi,"threatfox,elf,iot,Mozi",2026-10-07 04:35:07,2026-10-07 05:07:18,85
url,http://223.123.43.69:43133/Mozi.7,threatfox,Mozi,"threatfox,elf,iot,Mozi",2026-10-07 04:35:07,2026-10-07 05:07:18,85
url,http://91.92.241.109/78297b2fa2ac49ca8eb0.php,threatfox,Stealc,"threatfox,stealc",2026-10-07 04:35:07,2026-10-07 05:07:18,85
url,https://fo.333vip.org/,threatfox,Vidar,"threatfox,vidar",2026-10-07 04:35:07,2026-10-07 05:07:18,85
url,https://fo.3toto.com/,threatfox,Vidar,"threatfox,vidar",2026-10-07 04:35:07,2026-10-07 05:07:18,85
url,https://vv.333vip.org/,threatfox,Vidar,"threatfox,vidar",2026-10-07 04:35:07,2026-10-07 05:07:18,85
url,https://vv.3toto.com/,threatfox,Vidar,"threatfox,vidar",2026-10-07 04:35:07,2026-10-07 05:07:18,85
ssl_sha1,0446b968d2664c7d195cb91e4938bf6b92d819da,sslbl,ConnectWise C&C,"sslbl,2026-10-06",2026-10-07 04:35:06,2026-10-08 03:16:43,88
ssl_sha1,120de53c383886e618516713331d4b91f87cd855,sslbl,OffLoader C&C,"sslbl,2026-10-06",2026-10-07 04:35:06,2026-10-08 03:16:43,88
ssl_sha1,2c32691ea854fdd88474aec7283283c4e4fe9d10,sslbl,PureLogsStealer C&C,"sslbl,2026-10-06",2026-10-07 04:35:06,2026-10-08 03:16:43,88
ssl_sha1,604d5a356e733c294284f85139f3da71d2ee3f34,sslbl,PureLogsStealer C&C,"sslbl,2026-10-06",2026-10-07 04:35:06,2026-10-08 03:16:43,88
ssl_sha1,65959355ba118cbe669682caf104b2f3466d12f7,sslbl,PureLogsStealer C&C,"sslbl,2026-10-06",2026-10-07 04:35:06,2026-10-08 03:16:43,88
ssl_sha1,6917195681c5f23ea6ebabed360e26ab7ff93a67,sslbl,DCAgentRMM C&C,"sslbl,2026-10-06",2026-10-07 04:35:06,2026-10-08 03:16:43,88
ssl_sha1,7a9913813778b16a5bf57aeb7dea4c93340c79c0,sslbl,Vidar C&C,"sslbl,2026-10-06",2026-10-07 04:35:06,2026-10-08 03:16:43,88
ssl_sha1,85eeedf7693129c522860142f2eb0c84f5fb355e,sslbl,ConnectWise C&C,"sslbl,2026-10-06",2026-10-07 04:35:06,2026-10-08 03:16:43,88
ssl_sha1,99c899767c5745e980b27cf06025ab1e3b2e33d7,sslbl,PureLogsStealer C&C,"sslbl,2026-10-06",2026-10-07 04:35:06,2026-10-08 03:16:43,88
ssl_sha1,d6b483d29d98e74b22cf0275061f76fbb0574176,sslbl,ConnectWise C&C,"sslbl,2026-10-06",2026-10-07 04:35:06,2026-10-08 03:16:43,88
hash_md5,00e964422ebcfb8dce11fbe450fa09ce,malwarebazaar,exe,"exe,stealer,vidar",2026-10-07 04:29:09,2026-10-07 05:07:17,85
hash_md5,0126a389136ade4b080af553900fd84e,malwarebazaar,Gafgyt,"Gafgyt,sh",2026-10-07 04:29:09,2026-10-07 05:07:17,85
hash_md5,05f8f93fb8a821aade444de558350595,malwarebazaar,exe,"D,dropped-by-GCleaner,EU0.file,exe",2026-10-07 04:29:09,2026-10-07 05:07:17,85
hash_md5,0648812be1b2d328f4997b0db4ebc847,malwarebazaar,Mirai,"elf,Mirai,upx-dec",2026-10-07 04:29:09,2026-10-07 05:07:17,85
hash_md5,06f8a7b518e0d42375db6032b9ed1fcf,malwarebazaar,Mirai,"elf,Mirai",2026-10-07 04:29:09,2026-10-07 05:07:17,85
hash_md5,0bf47ff47c3425b95c34f13c38b5d73e,malwarebazaar,jar,"jar,java,runelite,runelure,stealer",2026-10-07 04:29:09,2026-10-07 05:07:17,85
hash_md5,148e6004cd5f251661970302a0bfcab2,malwarebazaar,Mirai,"elf,Mirai",2026-10-07 04:29:09,2026-10-07 05:07:17,85
hash_md5,14c364b2de3ce175fcc9f32041d8d195,malwarebazaar,ps1,"dropped-by-ACRStealer,ps1",2026-10-07 04:29:09,2026-10-07 05:07:17,85
hash_md5,18b319de364e09d9184ad236ad2d58d5,malwarebazaar,Mirai,"elf,Mirai",2026-10-07 04:29:09,2026-10-07 05:07:17,85
hash_md5,19a4912dc318361df0427dc32bdd05f4,malwarebazaar,Mirai,"elf,Gafgyt,Mirai",2026-10-07 04:29:09,2026-10-07 05:07:17,85
hash_md5,1a4fe1c4b4e6f433832301f0b4cc522b,malwarebazaar,Mirai,elf,2026-10-07 04:29:09,2026-10-07 05:07:17,85
hash_md5,1bd4bf868259f1f428b063817470aa3b,malwarebazaar,Mirai,elf,2026-10-07 04:29:09,2026-10-07 05:07:17,85
hash_md5,1daec83a0a8e7909926a47f945058b89,malwarebazaar,exe,"exe,signed,stealer,vidar",2026-10-07 04:29:09,2026-10-07 05:07:17,85
hash_md5,1dcc039d5715eb5b8f90aeb42c3446eb,malwarebazaar,Mirai,"elf,Mirai,upx-dec",2026-10-07 04:29:09,2026-10-07 05:07:17,85
hash_md5,211cb081b81838f0c67de34e0aac4d73,malwarebazaar,Mirai,"elf,Gafgyt,Mirai",2026-10-07 04:29:09,2026-10-07 05:07:17,85
hash_md5,22e2c4a7b5b4bbcf6f777d9edfdd8ee4,malwarebazaar,jar,"jar,java,miner,monero,runelite,runelure",2026-10-07 04:29:09,2026-10-07 05:07:17,85
hash_md5,261927f5140fa0abe2f60d82e35211f4,malwarebazaar,xlsx,xlsx,2026-10-07 04:29:09,2026-10-07 05:07:17,85
hash_md5,313d4a5d2675ddc14e593470cd219230,malwarebazaar,sh,"sh,wraith",2026-10-07 04:29:09,2026-10-07 05:07:17,85
hash_md5,32deae7714a2924522b6a8a98b8d7d22,malwarebazaar,Mirai,upx,2026-10-07 04:29:09,2026-10-07 05:07:17,85
hash_md5,33811cdbaf844af0a418ae5dd64aa834,malwarebazaar,Mirai,elf,2026-10-07 04:29:09,2026-10-07 05:07:17,85
hash_md5,34b6ebd70604f675d8c70da0eb9e80d0,malwarebazaar,Mirai,"elf,Mirai",2026-10-07 04:29:09,2026-10-07 05:07:17,85
hash_md5,3860c03927290688db2f7769140103e4,malwarebazaar,exe,"ClickFix,Efimer,exe",2026-10-07 04:29:09,2026-10-07 05:07:17,85
hash_md5,38a411048053fe833043f06589b5b40a,malwarebazaar,elf,elf,2026-10-07 04:29:09,2026-10-07 05:07:17,85
hash_md5,38d44fbda5cc19661801b95e19de086c,malwarebazaar,Mirai,"elf,Mirai,upx-dec",2026-10-07 04:29:09,2026-10-07 05:07:17,85
hash_md5,38f50ac572c68ae752b3c49afb365434,malwarebazaar,Mirai,upx,2026-10-07 04:29:09,2026-10-07 05:07:17,85
hash_md5,396f02bae25dfad6f369d5d24f6e291b,malwarebazaar,ps1,"CountLoader,pos-terminal-vg,ps1",2026-10-07 04:29:09,2026-10-07 05:07:17,85
hash_md5,3a2370412e4564e7364e48bec5cb4deb,malwarebazaar,lnk,lnk,2026-10-07 04:29:09,2026-10-07 05:07:17,85
hash_md5,3f9b9c22951147722d98974d29786fd5,malwarebazaar,Mirai,"elf,Mirai,upx",2026-10-07 04:29:09,2026-10-07 05:07:17,85
hash_md5,41943a34fd0115c01bddf99f57b1dbf7,malwarebazaar,exe,"exe,signed",2026-10-07 04:29:09,2026-10-07 05:07:17,85
hash_md5,46ddd71846daaee1200e7036d995c08d,malwarebazaar,Mirai,"Gafgyt,Mirai",2026-10-07 04:29:09,2026-10-07 05:07:17,85
hash_md5,49146711fd692c0855ed8717b11beaab,malwarebazaar,Gafgyt,"elf,Gafgyt",2026-10-07 04:29:09,2026-10-07 05:07:17,85
hash_md5,4975538c030469b6170ec110d1dec542,malwarebazaar,zip,"ACRStealer,patch-cobaltwave-cc,zip",2026-10-07 04:29:09,2026-10-07 05:07:17,85
hash_md5,4b35c97702037bcd235041c6bc786da1,malwarebazaar,exe,"exe,RemusStealer,signed,wooocommerce-shopping",2026-10-07 04:29:09,2026-10-07 05:07:17,85
hash_md5,4d9829d26b9a59a1e11db1b391122f44,malwarebazaar,macho,"ClickFix,Foxveil,loader,Mach-O,macho,macOS",2026-10-07 04:29:09,2026-10-07 05:07:17,85
hash_md5,507a2810525984cec33ff8a91449215c,malwarebazaar,Mirai,"elf,Mirai",2026-10-07 04:29:09,2026-10-07 05:07:17,85
hash_md5,518a6532c81802b9f9eb8c19b868e709,malwarebazaar,Mirai,"elf,Mirai,upx-dec",2026-10-07 04:29:09,2026-10-07 05:07:17,85
hash_md5,54fe1c9789a24b53141411cc1aeae09c,malwarebazaar,exe,"exe,hlomidiyaco-com,YapStealer",2026-10-07 04:29:09,2026-10-07 05:07:17,85
hash_md5,57fb22304564500e34a403f9eba40345,malwarebazaar,Mirai,"elf,Mirai,upx-dec",2026-10-07 04:29:09,2026-10-07 05:07:17,85
hash_md5,5af41a745941cdc66963b2007167547f,malwarebazaar,exe,"exe,up4pc-com,vlad-nazarenko2004-club,YapStealer",2026-10-07 04:29:09,2026-10-07 05:07:17,85
hash_md5,5bf544ef058d82ba7738323ac77b367e,malwarebazaar,zip,"ACRStealer,content-duskrunner-cc,zip",2026-10-07 04:29:09,2026-10-07 05:07:17,85
hash_md5,5da0e8beab38804eadfae086f88c96ab,malwarebazaar,hta,hta,2026-10-07 04:29:09,2026-10-07 05:07:17,85
hash_md5,5f7d5f849dafab6a376f668b8f287fa3,malwarebazaar,exe,"exe,signed",2026-10-07 04:29:09,2026-10-07 05:07:17,85
hash_md5,64c1a433db1203c585d582faa0b0e0dd,malwarebazaar,Mirai,"elf,Mirai,upx-dec",2026-10-07 04:29:09,2026-10-07 05:07:17,85
hash_md5,66d54b562680a4a7471a79ae3c423116,malwarebazaar,Mirai,"elf,Mirai,upx-dec",2026-10-07 04:29:09,2026-10-07 05:07:17,85
hash_md5,67a7fdaf6c46f90c004ad77db60ec6bc,malwarebazaar,macho,"ClickFix,Foxveil,loader,Mach-O,macho,macOS",2026-10-07 04:29:09,2026-10-07 05:07:17,85
hash_md5,6b8076a618c9f7a3e4cb54ba45408913,malwarebazaar,Gafgyt,"elf,Gafgyt",2026-10-07 04:29:09,2026-10-07 05:07:17,85
hash_md5,6d9a74f8ac9971b09e954f63de3fbaa1,malwarebazaar,zip,zip,2026-10-07 04:29:09,2026-10-07 05:07:17,85
hash_md5,6e07ff00b1b65fd05c398fa5f63f3004,malwarebazaar,hta,hta,2026-10-07 04:29:09,2026-10-07 05:07:17,85
hash_md5,76c73259f756d7367280719ecc4ac8fd,malwarebazaar,exe,"bobilittelpony-com,exe,SpaxMedia,YapStealer",2026-10-07 04:29:09,2026-10-07 05:07:17,85
hash_md5,770e477b5f8cd94a6783140a3bb62225,malwarebazaar,exe,"CNBackdoor,exe",2026-10-07 04:29:09,2026-10-07 05:07:17,85
hash_md5,789a0450127a47c2ac1038b067ce1ff2,malwarebazaar,Gafgyt,"elf,Gafgyt",2026-10-07 04:29:09,2026-10-07 05:07:17,85
hash_md5,7b7004cef67ccbca7eabc2f5f1d3eb1f,malwarebazaar,Mirai,"elf,Mirai,wraith",2026-10-07 04:29:09,2026-10-07 05:07:17,85
hash_md5,7b90e0b41f80bec37ca9f382f8d6d7ab,malwarebazaar,sh,sh,2026-10-07 04:29:09,2026-10-07 05:07:17,85
hash_md5,7b9957f3d0d8de82d8d64b5c8ae437e2,malwarebazaar,exe,exe,2026-10-07 04:29:09,2026-10-07 05:07:17,85
hash_md5,7e29dd50712b2f02b0464b835e6f30af,malwarebazaar,exe,"exe,ilia-from-izhevsk-club,YapStealer",2026-10-07 04:29:09,2026-10-07 05:07:17,85
hash_md5,7e9611ba6f7e50de7e59121407a49994,malwarebazaar,NetSupport,"194-113-235-125,dropped-by-ACRStealer,NetSupport,zip",2026-10-07 04:29:09,2026-10-07 05:07:17,85
hash_md5,7fb626c9a03178472001ccde5c2470c4,malwarebazaar,Mirai,"elf,Gafgyt,Mirai",2026-10-07 04:29:09,2026-10-07 05:07:17,85
hash_md5,8129af8d45c76d233d15a515aaf3cc68,malwarebazaar,Mirai,"elf,Gafgyt,Mirai",2026-10-07 04:29:09,2026-10-07 05:07:17,85
hash_md5,8728e241ce2bebb61d9bf57c607cd08a,malwarebazaar,Mirai,elf,2026-10-07 04:29:09,2026-10-07 05:07:17,85
hash_md5,87a1b6b06b2e1357e8b3b7d1ce2176a8,malwarebazaar,Mirai,"elf,Mirai,upx-dec",2026-10-07 04:29:09,2026-10-07 05:07:17,85
hash_md5,87ea9c3b2ac9ee65f0f3758ff830d1c3,malwarebazaar,Formbook,"Formbook,js",2026-10-07 04:29:09,2026-10-07 05:07:17,85
hash_md5,8a611642fb4ac78d061de94ea64da8ad,malwarebazaar,js,"exe,js",2026-10-07 04:29:09,2026-10-07 05:07:17,85
hash_md5,8f9fc33ab36f20a0938eb86652e6eaa1,malwarebazaar,RustyStealer,"exe,RustyStealer",2026-10-07 04:29:09,2026-10-07 05:07:17,85
hash_md5,9103707414b3587425b802c2813c92dc,malwarebazaar,Mirai,"elf,Mirai,upx",2026-10-07 04:29:09,2026-10-07 05:07:17,85
hash_md5,913e57b85c5cca618d5a93eae7cc9d50,malwarebazaar,Mirai,elf,2026-10-07 04:29:09,2026-10-07 05:07:17,85
hash_md5,95f3b272e868ae13c01e4b69980fb99f,malwarebazaar,hta,hta,2026-10-07 04:29:09,2026-10-07 05:07:17,85
hash_md5,96bfa984a8c2fb769ea1a0a6a03939d1,malwarebazaar,Mirai,"elf,Gafgyt,Mirai",2026-10-07 04:29:09,2026-10-07 05:07:17,85
hash_md5,a229a2a56784b769c882a0b78187bbc7,malwarebazaar,macho,"ClickFix,Foxveil,loader,Mach-O,macho,macOS",2026-10-07 04:29:09,2026-10-07 05:07:17,85
hash_md5,a2a83c03ac4a6c3ecf57f86cf0851ba7,malwarebazaar,Mirai,"elf,Mirai",2026-10-07 04:29:09,2026-10-07 05:07:17,85
hash_md5,a2ae3848e94e1b993e92be023791103d,malwarebazaar,NetSupport,"194-113-235-125,dropped-by-ACRStealer,NetSupport,ps1",2026-10-07 04:29:09,2026-10-07 05:07:17,85
hash_md5,aafd2f2d7a18e32d5598c664ce5b5c47,malwarebazaar,Mirai,"elf,Mirai,upx",2026-10-07 04:29:09,2026-10-07 05:07:17,85
hash_md5,ab0922552200932a4b0e077903bd21e4,malwarebazaar,Mirai,"elf,Mirai",2026-10-07 04:29:09,2026-10-07 05:07:17,85
hash_md5,ab5104c9f3af73c6f0f2032a2c893a40,malwarebazaar,AgentTesla,"AgentTesla,exe,js",2026-10-07 04:29:09,2026-10-07 05:07:17,85
hash_md5,ac6521a6380c63c9c9bc57ea9fb97bca,malwarebazaar,Mirai,"elf,Mirai,upx-dec",2026-10-07 04:29:09,2026-10-07 05:07:17,85
hash_md5,b15d80e78194eda4ab583ee9964db193,malwarebazaar,7z,"7z,file-pumped,pw-1673,rogaldorn3-website,YapStealer",2026-10-07 04:29:09,2026-10-07 05:07:17,85
hash_md5,b2d8a7fa418143a4542b28c53e86a080,malwarebazaar,exe,"exe,signed,stealer,vidar",2026-10-07 04:29:09,2026-10-07 05:07:17,85
hash_md5,b3517a69209242e49f8e1f463732f656,malwarebazaar,exe,"ClickFix,Efimer,exe",2026-10-07 04:29:09,2026-10-07 05:07:17,85
hash_md5,b440de65a0707fb9e551048b50a5f341,malwarebazaar,Mirai,"elf,Mirai,wraith",2026-10-07 04:29:09,2026-10-07 05:07:17,85
hash_md5,b5de2a03c256cbe4b89e8b4ea0da8df7,malwarebazaar,iso,"CNBackdoor,iso",2026-10-07 04:29:09,2026-10-07 05:07:17,85
hash_md5,b6a15f268d9096d80dc647fbb6219fc4,malwarebazaar,exe,"dropped-by-YapStealer,exe",2026-10-07 04:29:09,2026-10-07 05:07:17,85
hash_md5,baa1855507184d2891e3e00eab97907f,malwarebazaar,Mirai,"elf,Mirai",2026-10-07 04:29:09,2026-10-07 05:07:17,85
hash_md5,bb13a6dd1fa3ceb4afc1e57cca9720dd,malwarebazaar,ps1,"dropped-by-ACRStealer,ps1",2026-10-07 04:29:09,2026-10-07 05:07:17,85
hash_md5,bb896be1866c32d1fb3923a2aa70920b,malwarebazaar,Mirai,"elf,Mirai",2026-10-07 04:29:09,2026-10-07 05:07:17,85
hash_md5,bbd29a72b549f4cab5e9442d1983f29c,malwarebazaar,js,js,2026-10-07 04:29:09,2026-10-07 05:07:17,85
hash_md5,bd882a7f7d98b668b45455ebb357532f,malwarebazaar,exe,exe,2026-10-07 04:29:09,2026-10-07 05:07:17,85
hash_md5,c39b90eec4c28c25cbda26a9a75f1baa,malwarebazaar,sh,sh,2026-10-07 04:29:09,2026-10-07 05:07:17,85
hash_md5,c3ac2721479332f40a9171e7feb793a6,malwarebazaar,Mirai,elf,2026-10-07 04:29:09,2026-10-07 05:07:17,85
hash_md5,c40e83d7f6430c4aa70ea5041f24d8f7,malwarebazaar,Mirai,"elf,Mirai",2026-10-07 04:29:09,2026-10-07 05:07:17,85
hash_md5,c756d5f25076629543879497dbd7e70a,malwarebazaar,exe,"exe,signed,stealer,vidar",2026-10-07 04:29:09,2026-10-07 05:07:17,85
hash_md5,c9a8bc2237b95e0543c5dc67192de2b5,malwarebazaar,exe,"exe,rogaldorn2-website,YapStealer",2026-10-07 04:29:09,2026-10-07 05:07:17,85
hash_md5,cc71d311b38ee76b7c75a46eb831a93e,malwarebazaar,Mirai,"elf,Gafgyt,Mirai",2026-10-07 04:29:09,2026-10-07 05:07:17,85
hash_md5,d42bc7829ade3c86c3d9e544cd48cf30,malwarebazaar,Mirai,"elf,Mirai,upx-dec",2026-10-07 04:29:09,2026-10-07 05:07:17,85
hash_md5,d77b96fe72bfd13d513ab559cba4b308,malwarebazaar,exe,"dionaea,exe",2026-10-07 04:29:09,2026-10-07 05:07:17,85
hash_md5,d789255bd1ee435db07e4008e0a3bf8e,malwarebazaar,Mirai,"elf,Mirai,wraith",2026-10-07 04:29:09,2026-10-07 05:07:17,85
hash_md5,d9e33911ebc24b91cc356f46cdb429fc,malwarebazaar,elf,elf,2026-10-07 04:29:09,2026-10-07 05:07:17,85
hash_md5,da82e8663beb567512037e2f3d2e6986,malwarebazaar,Mirai,"elf,Mirai,upx-dec",2026-10-07 04:29:09,2026-10-07 05:07:17,85
hash_md5,dc3c555c5b7054d110da6cc1ce8dd8d0,malwarebazaar,Mirai,elf,2026-10-07 04:29:09,2026-10-07 05:07:17,85
hash_md5,dc496c078f2eac7064a256585363ef4e,malwarebazaar,ps1,"178-104-144-200,Arechclient2,AsgardProtector,dropped-by-ACRStealer,ps1,SectopRAT",2026-10-07 04:29:09,2026-10-07 05:07:17,85
hash_md5,dcf3b88561b92b4edb0682c8b799b37b,malwarebazaar,exe,"exe,shlyapunabuche-com,YapStealer",2026-10-07 04:29:09,2026-10-07 05:07:17,85
hash_md5,df52c4bad4e1418424b7c1492402a8e3,malwarebazaar,Mirai,"elf,Mirai,upx-dec",2026-10-07 04:29:09,2026-10-07 05:07:17,85
hash_md5,e1c4133231ce4878586b60ff9e816bcf,malwarebazaar,Mirai,"elf,Mirai,upx-dec",2026-10-07 04:29:09,2026-10-07 05:07:17,85
hash_md5,e75e5f1f532304ac68766bebdc5f8c8b,malwarebazaar,hta,hta,2026-10-07 04:29:09,2026-10-07 05:07:17,85
hash_md5,e7baec9e0a38ba52d7a8a545e9dbf6c9,malwarebazaar,exe,"exe,signed,stealer,vidar",2026-10-07 04:29:09,2026-10-07 05:07:17,85
hash_md5,ebc8c23c4c47ba90b59fac9769bb63c9,malwarebazaar,Mirai,elf,2026-10-07 04:29:09,2026-10-07 05:07:17,85
hash_md5,edcba899c42693eae54c3d596ae5fb48,malwarebazaar,Mirai,"elf,upx",2026-10-07 04:29:09,2026-10-07 05:07:17,85
hash_md5,f12cad44b1c1698cab6501770ae5cf94,malwarebazaar,Mirai,elf,2026-10-07 04:29:09,2026-10-07 05:07:17,85
hash_md5,f1fcf72c6e677cbd2f937ecf2a3b4b96,malwarebazaar,Mirai,"elf,Mirai,wraith",2026-10-07 04:29:09,2026-10-07 05:07:17,85
hash_md5,f3f842922609a0a6e30a1510ad42f8cd,malwarebazaar,Mirai,"elf,Mirai",2026-10-07 04:29:09,2026-10-07 05:07:17,85
hash_md5,f54b4f48c6661e798e28c2213fc1007e,malwarebazaar,exe,"de-pumped,exe,rogaldorn3-website,YapStealer",2026-10-07 04:29:09,2026-10-07 05:07:17,85
hash_md5,fa553cae460341d33e5b04d4296c601e,malwarebazaar,exe,"AsgardProtector,exe,ValetiStealer,veliomelio-cc",2026-10-07 04:29:09,2026-10-07 05:07:17,85
hash_sha256,01a6d7a943d1287a48936923b86b46b6a5e094ac5cb8803510a2f408d36e6239,malwarebazaar,elf,elf,2026-10-07 04:29:09,2026-10-07 05:07:17,85
hash_sha256,0730cfb40dfc49e8b00344d72312c96832330b214c011d40fa338f3da2c84124,malwarebazaar,elf,elf,2026-10-07 04:29:09,2026-10-07 05:07:17,85
hash_sha256,07f9ea17427378edcff042f019680f4149b0c34a1b589b8621a30e2c8e240310,malwarebazaar,hta,hta,2026-10-07 04:29:09,2026-10-07 05:07:17,85
hash_sha256,0cd4604de3284d716488b41fe24760b3375f116651d1e7a325736de8950c196e,malwarebazaar,lnk,lnk,2026-10-07 04:29:09,2026-10-07 05:07:17,85
hash_sha256,0e684f17f8d42997e8fb10bfcd46cd944ae73436519562ee014598d54be229cd,malwarebazaar,Mirai,"elf,Mirai,upx-dec",2026-10-07 04:29:09,2026-10-07 05:07:17,85
hash_sha256,0fad00ddec16b67f3131aa4efffbe32d78fca178407895920b7549667d7bbfbf,malwarebazaar,Gafgyt,"Gafgyt,sh",2026-10-07 04:29:09,2026-10-07 05:07:17,85
hash_sha256,0fed65a69b3191eda6e14599b1f579fe6d973b9ce4152a0144ebc98ddab25f70,malwarebazaar,Mirai,"elf,Mirai,upx-dec",2026-10-07 04:29:09,2026-10-07 05:07:17,85
hash_sha256,11d7da51a1d765e6f6946b27566876a5c42e4d157bdb2c9f45dc579c87417f31,malwarebazaar,RustyStealer,"exe,RustyStealer",2026-10-07 04:29:09,2026-10-07 05:07:17,85
hash_sha256,135607f1e8aafbb7b49de471400f3d30399101096583f418bcbd18cca8e700be,malwarebazaar,exe,"dropped-by-YapStealer,exe",2026-10-07 04:29:09,2026-10-07 05:07:17,85
hash_sha256,14e2ef6c40d8c740027bb3ba7af1cdc39590ac26809b7060732e33977941ba67,malwarebazaar,Mirai,elf,2026-10-07 04:29:09,2026-10-07 05:07:17,85
hash_sha256,187089dffb448a9fc3d858e1d539ea70ba06a706d2b63dd44afc89d2ef1d2f8a,malwarebazaar,exe,"exe,stealer,vidar",2026-10-07 04:29:09,2026-10-07 05:07:17,85
hash_sha256,18cf4d150e2e3826951ef827095803a3ccef4e15c552e8f96340a025f73c501f,malwarebazaar,Mirai,"elf,Mirai,wraith",2026-10-07 04:29:09,2026-10-07 05:07:17,85
hash_sha256,1a8ae9cd2aa187ca77164ca941e42c90695dfbe3d32b83337968e5a3d8b5cdbd,malwarebazaar,Mirai,elf,2026-10-07 04:29:09,2026-10-07 05:07:17,85
hash_sha256,1b6ad824dde015ae8a70edc40ab20d85148c4377a8b8b0315b80749c3fe799d2,malwarebazaar,Mirai,"elf,Mirai",2026-10-07 04:29:09,2026-10-07 05:07:17,85
hash_sha256,1ebbe1479d2be9b5ddae584a2d987e5f6f4ce14c1f002bb8bd1fb7e13046969e,malwarebazaar,macho,"ClickFix,Foxveil,loader,Mach-O,macho,macOS",2026-10-07 04:29:09,2026-10-07 05:07:17,85
hash_sha256,20d4672f40c452d53b41227f669c481703677e302954c52158515f7003d2fb27,malwarebazaar,Gafgyt,"elf,Gafgyt",2026-10-07 04:29:09,2026-10-07 05:07:17,85
hash_sha256,21d212d1abde3217fc6a9dabe0495425d4bf93aa6a00cb8c0a76c8240f457be8,malwarebazaar,Mirai,elf,2026-10-07 04:29:09,2026-10-07 05:07:17,85
hash_sha256,243d7d7c79cccb577e5bc2eade7f2b6d32c502cbd39635f80476610035ae080c,malwarebazaar,sh,"sh,wraith",2026-10-07 04:29:09,2026-10-07 05:07:17,85
hash_sha256,24abb4702809d350ec17986d645a0d453efc0fd6d499d87fb01e0b5cb1a65160,malwarebazaar,exe,"exe,signed,stealer,vidar",2026-10-07 04:29:09,2026-10-07 05:07:17,85
hash_sha256,260645ee1178499fe369898f91ed54969e1c83358e343f9e64bc88aae58ff1cb,malwarebazaar,Mirai,"elf,Gafgyt,Mirai",2026-10-07 04:29:09,2026-10-07 05:07:17,85
hash_sha256,265fb1b0dc44cfa05b94d2802189cf7aeb2a42905646f28453cf1e16941789dc,malwarebazaar,zip,zip,2026-10-07 04:29:09,2026-10-07 05:07:17,85
hash_sha256,27c743d1ff6531bcd8fb09f0a91caea95ad72c34e83782660236b6b34b81cde5,malwarebazaar,exe,"exe,RemusStealer,signed,wooocommerce-shopping",2026-10-07 04:29:09,2026-10-07 05:07:17,85
hash_sha256,29ab58d7ef08f98ba4cb0e20b0989eb8460c6247283c530d41bc9dcf67a9e711,malwarebazaar,iso,"CNBackdoor,iso",2026-10-07 04:29:09,2026-10-07 05:07:17,85
hash_sha256,2c195b625dee9271f543a9be087c9fb1b641255be29cc7c88fd811f7e1fe71d5,malwarebazaar,exe,"exe,up4pc-com,vlad-nazarenko2004-club,YapStealer",2026-10-07 04:29:09,2026-10-07 05:07:17,85
hash_sha256,2c75acfa406e571ba0898b6e648209afd620caa782a73f8150fbc0412c099bc8,malwarebazaar,Mirai,"elf,Mirai",2026-10-07 04:29:09,2026-10-07 05:07:17,85
hash_sha256,2dbc1c3920315f24899eb0f9574d0c5e2e0c5b42d280b6a7a506b176305f7b09,malwarebazaar,exe,"bobilittelpony-com,exe,SpaxMedia,YapStealer",2026-10-07 04:29:09,2026-10-07 05:07:17,85
hash_sha256,2dd700a613cbb38742bdcd3e8c730e3a56986085a010e08949818179742c987c,malwarebazaar,Mirai,upx,2026-10-07 04:29:09,2026-10-07 05:07:17,85
hash_sha256,2e65411b686c155415d7644f88ba91cb67c715e5b1a7094962732749358142cc,malwarebazaar,zip,"ACRStealer,content-duskrunner-cc,zip",2026-10-07 04:29:09,2026-10-07 05:07:17,85
hash_sha256,3401bce769a3fb12c475bb554ce43b49072d0317292603fe350f3dc42133c300,malwarebazaar,sh,sh,2026-10-07 04:29:09,2026-10-07 05:07:17,85
hash_sha256,372f8a434264575c7adeaf66ffc090b454fab89a1ac5f49986f2a9ed8d25d357,malwarebazaar,exe,"exe,hlomidiyaco-com,YapStealer",2026-10-07 04:29:09,2026-10-07 05:07:17,85
hash_sha256,3feed21d01cd1f34f6c9dec6e7115a94865e4e2dc76002c6ef2384e461993081,malwarebazaar,Mirai,"elf,Mirai",2026-10-07 04:29:09,2026-10-07 05:07:17,85
hash_sha256,42b9903e577d1744e27310200b778f7dc008ae73b7a4715249c9183565788251,malwarebazaar,sh,sh,2026-10-07 04:29:09,2026-10-07 05:07:17,85
hash_sha256,4a0eb6f71a5cb1019477dbdbba239dfa095a8bbfa30315878a835936fe307e73,malwarebazaar,Mirai,upx,2026-10-07 04:29:09,2026-10-07 05:07:17,85
hash_sha256,4dca20379700bb17721e30754df5b742aa56681b476959e126d3d87f18feddb7,malwarebazaar,Mirai,elf,2026-10-07 04:29:09,2026-10-07 05:07:17,85
hash_sha256,5209aa6242215875f7f9bccfca412a72d0fd99db10e87ee7eab113cf88628d0c,malwarebazaar,AgentTesla,"AgentTesla,exe,js",2026-10-07 04:29:09,2026-10-07 05:07:17,85
hash_sha256,52b29b43b364314968aaca8ef61f87e05d68bca81e3dfd445093c18cd6ea5ceb,malwarebazaar,NetSupport,"194-113-235-125,dropped-by-ACRStealer,NetSupport,zip",2026-10-07 04:29:09,2026-10-07 05:07:17,85
hash_sha256,5877828782a60cb9d75609fb8241657c00f74df8d374b759acfcc752880755a3,malwarebazaar,Mirai,elf,2026-10-07 04:29:09,2026-10-07 05:07:17,85
hash_sha256,5a15602695f7ad57725792d8714fa2305748b49f2b7a460849842d122b926249,malwarebazaar,jar,"jar,java,miner,monero,runelite,runelure",2026-10-07 04:29:09,2026-10-07 05:07:17,85
hash_sha256,5c3b7bc52f43afdd7f0e2232f1695e867b71d58a91842654d376c2474521fdf6,malwarebazaar,Mirai,"elf,Mirai,upx-dec",2026-10-07 04:29:09,2026-10-07 05:07:17,85
hash_sha256,5e2453297f38a5965bd9cbb86eeebf81001044e842a65c7ff3fcdbeefc565a19,malwarebazaar,Mirai,"elf,Mirai,upx",2026-10-07 04:29:09,2026-10-07 05:07:17,85
hash_sha256,5ec4c1ecaf67ba48a7f6ccebc065e587e7629654e455b15f67894240e63ac704,malwarebazaar,exe,"dionaea,exe",2026-10-07 04:29:09,2026-10-07 05:07:17,85
hash_sha256,649695cc337c50bf71bbf43b6c976d7937d6c504332db83e7d9e71213a0ac728,malwarebazaar,exe,exe,2026-10-07 04:29:09,2026-10-07 05:07:17,85
hash_sha256,64b9c6000e30cd09d2f81b418df20e1ff916fc0e34100df262830c8d15ba4cd8,malwarebazaar,Mirai,"elf,Mirai",2026-10-07 04:29:09,2026-10-07 05:07:17,85
hash_sha256,64b9e5ee8f6e01bc1c7fff904ceaa5592d01b037afcf7b7007d2e2b00a81143c,malwarebazaar,Mirai,"elf,Mirai,upx-dec",2026-10-07 04:29:09,2026-10-07 05:07:17,85
hash_sha256,6ee948412a06d2402d7967975e410a7069c75d0bcfb6afd0d7a9215579e2a5c3,malwarebazaar,ps1,"dropped-by-ACRStealer,ps1",2026-10-07 04:29:09,2026-10-07 05:07:17,85
hash_sha256,73f264b2e45f84651fd7a97f4231f241b0dc99a2a6bccbd2aa7acbcfaa08b0bd,malwarebazaar,Mirai,"elf,Mirai,upx-dec",2026-10-07 04:29:09,2026-10-07 05:07:17,85
hash_sha256,749009376b352dfd21f7289f549c0ed3ff515f813eb1eaf2e604ba75be02c9c2,malwarebazaar,exe,"CNBackdoor,exe",2026-10-07 04:29:09,2026-10-07 05:07:17,85
hash_sha256,74f3d4e41fcb7a41eb5a9e6a768d25f647073d750e6d2af600a4e9e3c9de10e7,malwarebazaar,Mirai,"elf,Mirai,wraith",2026-10-07 04:29:09,2026-10-07 05:07:17,85
hash_sha256,77a8d1bcbc9c79e76e64b5fd50aeda23d4d9a0ca42299f0f7a72f8da032fcc54,malwarebazaar,exe,"ClickFix,Efimer,exe",2026-10-07 04:29:09,2026-10-07 05:07:17,85
hash_sha256,7bb04811138fbe63e93a45e2e3afe0e68e0145e2dd06626880579922c191d611,malwarebazaar,Mirai,"elf,Mirai",2026-10-07 04:29:09,2026-10-07 05:07:17,85
hash_sha256,7ffa8ceaba695ecb58868eac30c83433b87854f8ef6ba6d97938bbd462d486a9,malwarebazaar,exe,"exe,signed,stealer,vidar",2026-10-07 04:29:09,2026-10-07 05:07:17,85
hash_sha256,8329b5cc22f4fca514575565c7736998520256a980cd49e010862c297c836674,malwarebazaar,Mirai,"elf,Mirai,upx-dec",2026-10-07 04:29:09,2026-10-07 05:07:17,85
hash_sha256,8b3b5fcac17c2be4accd5c596d8b51184f39e6cf65ebcac939d02041cedf502e,malwarebazaar,Mirai,"elf,Mirai",2026-10-07 04:29:09,2026-10-07 05:07:17,85
hash_sha256,8c65239167f3ec609a5a992ed143b68b3c1b3a5985cf8a6d3f528081de15d0ee,malwarebazaar,exe,"exe,ilia-from-izhevsk-club,YapStealer",2026-10-07 04:29:09,2026-10-07 05:07:17,85
hash_sha256,90438e02b7f3d87ba0d832308efe5f20d895713d52f614fd98e7fc3eb643b3b9,malwarebazaar,Mirai,"elf,Mirai",2026-10-07 04:29:09,2026-10-07 05:07:17,85
hash_sha256,91bb4e80a57b2738a6725cc20160e8f43f4398b509c104e6c4fefaec1373c703,malwarebazaar,hta,hta,2026-10-07 04:29:09,2026-10-07 05:07:17,85
hash_sha256,97a7cb9173bcef716a999ff6968805d416c02ccfa29a5f4f6fcc31e9a9878fba,malwarebazaar,macho,"ClickFix,Foxveil,loader,Mach-O,macho,macOS",2026-10-07 04:29:09,2026-10-07 05:07:17,85
hash_sha256,9f2ccb39fd57752cdcee1b20489d08fcfd78167ebf43eda09e14eb17f32d81d2,malwarebazaar,Mirai,"elf,Mirai,upx-dec",2026-10-07 04:29:09,2026-10-07 05:07:17,85
hash_sha256,a0df6a94057dfad6ec1b8985845d9517ff7c5ac7257fa7eedc0b8a058f7154e4,malwarebazaar,7z,"7z,file-pumped,pw-1673,rogaldorn3-website,YapStealer",2026-10-07 04:29:09,2026-10-07 05:07:17,85
hash_sha256,a36fbc117b0582e076f28cb9c81680c61f45a2ab9eac0f99ddb75a59537aab7a,malwarebazaar,exe,"exe,signed,stealer,vidar",2026-10-07 04:29:09,2026-10-07 05:07:17,85
hash_sha256,a7ec293736b98f2eb2dd24801d3b958b2c2b33553bcf975c6e654861fd86422f,malwarebazaar,hta,hta,2026-10-07 04:29:09,2026-10-07 05:07:17,85
hash_sha256,a9353bc636c4ab17b0cbe68e289d908db6927ca5df6f28082dcde4f8694c18f2,malwarebazaar,Mirai,"elf,Mirai,upx-dec",2026-10-07 04:29:09,2026-10-07 05:07:17,85
hash_sha256,aa84a72e470b4a4b8c581e5867a13118fc43756b62796556de3dfe4a688c3ddb,malwarebazaar,ps1,"dropped-by-ACRStealer,ps1",2026-10-07 04:29:09,2026-10-07 05:07:17,85
hash_sha256,b106a8b8ffa1c67e0e8f21a2015d0f0935e16e9e710c95b1bef3f924d532bd76,malwarebazaar,exe,"exe,signed,stealer,vidar",2026-10-07 04:29:09,2026-10-07 05:07:17,85
hash_sha256,b17689e3da2c11a8034dee9389c5577366a3b4cbdfc77419c997713d5082dfc5,malwarebazaar,exe,"exe,shlyapunabuche-com,YapStealer",2026-10-07 04:29:09,2026-10-07 05:07:17,85
hash_sha256,b4991411975fbe9a19516114f5ad0c3dd897d3f998cf741db4661a09ba624cc1,malwarebazaar,Mirai,"elf,Mirai,upx-dec",2026-10-07 04:29:09,2026-10-07 05:07:17,85
hash_sha256,b4ae86de813acefbdeac8794336a72da081e68b8004a68be0ec3aa258d86d76a,malwarebazaar,Mirai,"elf,Mirai,upx-dec",2026-10-07 04:29:09,2026-10-07 05:07:17,85
hash_sha256,b4e2a808f57fc407bc2c7b7d3c6c42ca0e358d23bc6c6d4b49865ba3abd2d237,malwarebazaar,Mirai,"elf,Mirai",2026-10-07 04:29:09,2026-10-07 05:07:17,85
hash_sha256,b85d4673ac19ee208e96eff1e860d4b110a1eac0620464193bde12a85fb54115,malwarebazaar,Formbook,"Formbook,js",2026-10-07 04:29:09,2026-10-07 05:07:17,85
hash_sha256,b98a0909267bca4d6296b544d4463e00f28f38099dd4504df1c6cdeac15a760f,malwarebazaar,Mirai,"elf,Gafgyt,Mirai",2026-10-07 04:29:09,2026-10-07 05:07:17,85
hash_sha256,ba8ea35fb544e00be375e3ff080e5ed10af088c27f7cf12ee283e5351d740f2e,malwarebazaar,Mirai,"elf,upx",2026-10-07 04:29:09,2026-10-07 05:07:17,85
hash_sha256,be2c28842c350d43d2b3ca8822221164e190d0594be464ef80bff87c8f352207,malwarebazaar,Mirai,"elf,Gafgyt,Mirai",2026-10-07 04:29:09,2026-10-07 05:07:17,85
hash_sha256,bef45f3b51f4d42e2f0d5c4b44946d11e002f2b589be2fdf3e5ed2d0aad68ef3,malwarebazaar,Mirai,"elf,Mirai",2026-10-07 04:29:09,2026-10-07 05:07:17,85
hash_sha256,c027df0ed143719add201430d47033f8cb33bfeb74f830c73f5fb01c4932a041,malwarebazaar,Mirai,"elf,Mirai,wraith",2026-10-07 04:29:09,2026-10-07 05:07:17,85
hash_sha256,c10b05f1e4780e30f31f78777b682093c7e3733d31a3cca229ba684865faa621,malwarebazaar,exe,"exe,signed",2026-10-07 04:29:09,2026-10-07 05:07:17,85
hash_sha256,c184c0f22af4708fc50708003da89f2811530f98690ab37036951c2f998d55c6,malwarebazaar,ps1,"CountLoader,pos-terminal-vg,ps1",2026-10-07 04:29:09,2026-10-07 05:07:17,85
hash_sha256,c57fa43fe729fc45ac725798a3f12d1eafcbe9b91c14046e98485033cb7e4fc9,malwarebazaar,NetSupport,"194-113-235-125,dropped-by-ACRStealer,NetSupport,ps1",2026-10-07 04:29:09,2026-10-07 05:07:17,85
hash_sha256,ca7572bfa387832fa4e8656fddb1f1ef6a5f82a3482fc0e8a38c7b3b367edff2,malwarebazaar,Mirai,"elf,Mirai",2026-10-07 04:29:09,2026-10-07 05:07:17,85
hash_sha256,cb1c3496202d7eb1803dc24fbecc332a245b52878084c1af23c2cca3ea52de09,malwarebazaar,Mirai,"Gafgyt,Mirai",2026-10-07 04:29:09,2026-10-07 05:07:17,85
hash_sha256,cbcefa22c0ff043ff55e4e4ad1bea200b32d8fe420fe6d9c0d7a4f4dfcec1642,malwarebazaar,Mirai,"elf,Mirai,wraith",2026-10-07 04:29:09,2026-10-07 05:07:17,85
hash_sha256,cc85c7eff50e4df105b28b300fae9603ad3d1653408c6bdc5a2665a16c379103,malwarebazaar,macho,"ClickFix,Foxveil,loader,Mach-O,macho,macOS",2026-10-07 04:29:09,2026-10-07 05:07:17,85
hash_sha256,cd3158bdde5b7145a69e72579fb14577c0f8eb1e49de549968a8ecbf6c3c4701,malwarebazaar,exe,"exe,signed",2026-10-07 04:29:09,2026-10-07 05:07:17,85
hash_sha256,cff2863f1c2f4c0800f43bf600f2107cee2b3e5df7591f58462190a8aa3993f9,malwarebazaar,Mirai,"elf,Gafgyt,Mirai",2026-10-07 04:29:09,2026-10-07 05:07:17,85
hash_sha256,d0fae14af3bda82a509889852346f4797e6232e03a29f2f7142e574f6aca127e,malwarebazaar,zip,"ACRStealer,patch-cobaltwave-cc,zip",2026-10-07 04:29:09,2026-10-07 05:07:17,85
hash_sha256,d14e45479e964178f165e330954120cf0e3c26714af9a4339ccd41aa017a4c83,malwarebazaar,js,"exe,js",2026-10-07 04:29:09,2026-10-07 05:07:17,85
hash_sha256,d16d828d6538f903ab4b487994ced8f19a7cffc23944d30b7b724a194628b443,malwarebazaar,exe,"ClickFix,Efimer,exe",2026-10-07 04:29:09,2026-10-07 05:07:17,85
hash_sha256,d5b96f051559b216d0fdc3571e606105ceab4790e9e29bfd4ffd75b89a0af69b,malwarebazaar,hta,hta,2026-10-07 04:29:09,2026-10-07 05:07:17,85
hash_sha256,daeb4dddaefa21f1e952b3a3e606f91d7c95955db3458730d30a0a218d005246,malwarebazaar,Gafgyt,"elf,Gafgyt",2026-10-07 04:29:09,2026-10-07 05:07:17,85
hash_sha256,dba820c1f2c4778166063b0a20563b51c160ee6a3b08e4d5c2d4d7153a3ec081,malwarebazaar,exe,"de-pumped,exe,rogaldorn3-website,YapStealer",2026-10-07 04:29:09,2026-10-07 05:07:17,85
hash_sha256,dc978cecad6e55b168f42ffcaab296a4513c3a46af58707fb1f6af5d162a69e0,malwarebazaar,exe,"AsgardProtector,exe,ValetiStealer,veliomelio-cc",2026-10-07 04:29:09,2026-10-07 05:07:17,85
hash_sha256,dfc2b462b12a6f87dd8880222a8eff713317ace50b7f393923b3b44f7c2a26ea,malwarebazaar,Mirai,"elf,Mirai,upx",2026-10-07 04:29:09,2026-10-07 05:07:17,85
hash_sha256,e1ea7501f5cefd4f89009d6ffcfc331c06b45fc5228e1e348c065af0372781fe,malwarebazaar,Mirai,elf,2026-10-07 04:29:09,2026-10-07 05:07:17,85
hash_sha256,e39f45a39ddfb0d494a6b09dd08c279380c7140583610faca57b732b5e03edab,malwarebazaar,jar,"jar,java,runelite,runelure,stealer",2026-10-07 04:29:09,2026-10-07 05:07:17,85
hash_sha256,e56731aea12923b5b23c806909c9aad41c7e2e3cd8dbd2a557e7042d00c18d41,malwarebazaar,Mirai,elf,2026-10-07 04:29:09,2026-10-07 05:07:17,85
hash_sha256,e58ff94b9a26238f683278c3a3d48fba18dd26ff85c706d5972192bd7168d0a7,malwarebazaar,Mirai,"elf,Mirai,upx-dec",2026-10-07 04:29:09,2026-10-07 05:07:17,85
hash_sha256,e634abc411327b6c0f341f88838a443a227419ef1d75244fe3ce5c1596e7a0b2,malwarebazaar,Mirai,"elf,Gafgyt,Mirai",2026-10-07 04:29:09,2026-10-07 05:07:17,85
hash_sha256,e74072e835179517a8591dab94f3e9375289318fe680840e61503b9c04336666,malwarebazaar,Mirai,"elf,Gafgyt,Mirai",2026-10-07 04:29:09,2026-10-07 05:07:17,85
hash_sha256,e84bca94ab5d607695a5868c771831616f02c297eae4adf30ea67f7a37d1f244,malwarebazaar,Mirai,elf,2026-10-07 04:29:09,2026-10-07 05:07:17,85
hash_sha256,e85c05fb2f529fa7d8c02cd8b28a58b375e61c288c568fe531b5bd21d48df4c5,malwarebazaar,Mirai,"elf,Mirai,upx-dec",2026-10-07 04:29:09,2026-10-07 05:07:17,85
hash_sha256,ee297df78ae4628db0394cd190f3d3c8cc159a184f77b3d976bc1bd4931e0828,malwarebazaar,Mirai,"elf,Mirai,upx",2026-10-07 04:29:09,2026-10-07 05:07:17,85
hash_sha256,ef17ba04b4f40ab80c46d923a4253b56236a94f2aa844b645662ae1cefefcf14,malwarebazaar,js,js,2026-10-07 04:29:09,2026-10-07 05:07:17,85
hash_sha256,eff4b583d6a3e0743b7ad853a8227cc04b83eb4d855cac31bdef4fb0185326a9,malwarebazaar,exe,"exe,rogaldorn2-website,YapStealer",2026-10-07 04:29:09,2026-10-07 05:07:17,85
hash_sha256,eff4cbad70d1a0cbf9c296ebb2ea16e25cf52cb961b278501081bd6a376f1652,malwarebazaar,Gafgyt,"elf,Gafgyt",2026-10-07 04:29:09,2026-10-07 05:07:17,85
hash_sha256,f0712721a0095d99f9ce6d4650115ddb63e303d8ecefaa9916861c0b331e21a0,malwarebazaar,ps1,"178-104-144-200,Arechclient2,AsgardProtector,dropped-by-ACRStealer,ps1,SectopRAT",2026-10-07 04:29:09,2026-10-07 05:07:17,85
hash_sha256,f7553d5037de0393da84fed09eaa9908768b91044ef42c8614a8c7efac81fe7c,malwarebazaar,exe,exe,2026-10-07 04:29:09,2026-10-07 05:07:17,85
hash_sha256,f7724e6386bd8c3ef54bcd8b093ab7b40af8879ee3ec8b5fbd9a36e966790873,malwarebazaar,Mirai,"elf,Mirai,upx-dec",2026-10-07 04:29:09,2026-10-07 05:07:17,85
hash_sha256,f779453d4aae60401303368ea4805602f8428807b1d0817e2ee8409951bdcdf2,malwarebazaar,Mirai,elf,2026-10-07 04:29:09,2026-10-07 05:07:17,85
hash_sha256,f94c1aaa08179bda1d9a6be54cf159ee9e80a92fcd01e6a6ecf6dbf434f9513e,malwarebazaar,xlsx,xlsx,2026-10-07 04:29:09,2026-10-07 05:07:17,85
hash_sha256,fa2384bd1fe35beb69afa1289e4856b015a9f822c4c8fc5acfdafa82b47aa94c,malwarebazaar,Mirai,"elf,Mirai",2026-10-07 04:29:09,2026-10-07 05:07:17,85
hash_sha256,ffce7a3896c7e9e8172737d45c1eaed7f62b0a09b65ce22c5eeff9f25b7ace9d,malwarebazaar,exe,"D,dropped-by-GCleaner,EU0.file,exe",2026-10-07 04:29:09,2026-10-07 05:07:17,85
url,http://103.68.95.197:55385/bin.sh,urlhaus,malware_download,"32-bit,elf,mips,Mozi",2026-10-07 04:29:09,2026-10-07 05:07:17,85
url,http://105.184.177.149:33409/i,urlhaus,malware_download,mirai,2026-10-07 04:29:09,2026-10-07 05:07:17,85
url,http://105.224.12.172:32809/i,urlhaus,malware_download,mirai,2026-10-07 04:29:09,2026-10-07 05:07:17,85
url,http://105.225.13.115:42157/i,urlhaus,malware_download,mirai,2026-10-07 04:29:09,2026-10-07 05:07:17,85
url,http://108.170.136.155:50255/i,urlhaus,malware_download,,2026-10-07 04:29:09,2026-10-07 05:07:17,85
url,http://112.225.105.182:38520/bin.sh,urlhaus,malware_download,"32-bit,arm,elf,mirai,Mozi",2026-10-07 04:29:09,2026-10-07 05:07:17,85
url,http://113.231.230.20:55664/bin.sh,urlhaus,malware_download,,2026-10-07 04:29:09,2026-10-07 05:07:17,85
url,http://114.239.56.148:48082/i,urlhaus,malware_download,mirai,2026-10-07 04:29:09,2026-10-07 05:07:17,85
url,http://115.50.221.110:42445/bin.sh,urlhaus,malware_download,Mozi,2026-10-07 04:29:09,2026-10-07 05:07:17,85
url,http://115.50.235.154:51244/i,urlhaus,malware_download,Mozi,2026-10-07 04:29:09,2026-10-07 05:07:17,85
url,http://115.51.139.132:50321/bin.sh,urlhaus,malware_download,mirai,2026-10-07 04:29:09,2026-10-07 05:07:17,85
url,http://115.51.88.191:59352/i,urlhaus,malware_download,mirai,2026-10-07 04:29:09,2026-10-07 05:07:17,85
url,http://115.55.223.110:54371/bin.sh,urlhaus,malware_download,Mozi,2026-10-07 04:29:09,2026-10-07 05:07:17,85
url,http://115.59.88.197:58691/i,urlhaus,malware_download,"32-bit,elf,mips,Mozi",2026-10-07 04:29:09,2026-10-07 05:07:17,85
url,http://117.146.92.46:54853/bin.sh,urlhaus,malware_download,"32-bit,elf,mips,Mozi",2026-10-07 04:29:09,2026-10-07 05:07:17,85
url,http://117.253.155.54:60752/bin.sh,urlhaus,malware_download,Mozi,2026-10-07 04:29:09,2026-10-07 05:07:17,85
url,http://119.179.30.73:43717/i,urlhaus,malware_download,mirai,2026-10-07 04:29:09,2026-10-07 05:07:17,85
url,http://120.28.192.219:39732/i,urlhaus,malware_download,mirai,2026-10-07 04:29:09,2026-10-07 05:07:17,85
url,http://120.28.194.92:51526/bin.sh,urlhaus,malware_download,mirai,2026-10-07 04:29:09,2026-10-07 05:07:17,85
url,http://120.28.200.110:52543/i,urlhaus,malware_download,mirai,2026-10-07 04:29:09,2026-10-07 05:07:17,85
url,http://123.10.70.76:36801/i,urlhaus,malware_download,mirai,2026-10-07 04:29:09,2026-10-07 05:07:17,85
url,http://123.11.98.224:37931/bin.sh,urlhaus,malware_download,mirai,2026-10-07 04:29:09,2026-10-07 05:07:17,85
url,http://123.129.56.38:56147/bin.sh,urlhaus,malware_download,Mozi,2026-10-07 04:29:09,2026-10-07 05:07:17,85
url,http://123.129.56.38:56147/i,urlhaus,malware_download,Mozi,2026-10-07 04:29:09,2026-10-07 05:07:17,85
url,http://123.13.85.107:44397/i,urlhaus,malware_download,Mozi,2026-10-07 04:29:09,2026-10-07 05:07:17,85
url,http://123.130.203.216:45701/i,urlhaus,malware_download,Mozi,2026-10-07 04:29:09,2026-10-07 05:07:17,85
url,http://123.14.55.235:38277/bin.sh,urlhaus,malware_download,,2026-10-07 04:29:09,2026-10-07 05:07:17,85
url,http://123.14.55.235:38277/i,urlhaus,malware_download,,2026-10-07 04:29:09,2026-10-07 05:07:17,85
url,http://123.148.143.61:43201/bin.sh,urlhaus,malware_download,mirai,2026-10-07 04:29:09,2026-10-07 05:07:17,85
url,http://123.5.169.0:44704/bin.sh,urlhaus,malware_download,Mozi,2026-10-07 04:29:09,2026-10-07 05:07:17,85
url,http://123.5.169.0:44704/i,urlhaus,malware_download,Mozi,2026-10-07 04:29:09,2026-10-07 05:07:17,85
url,http://125.106.111.244:56709/i,urlhaus,malware_download,mirai,2026-10-07 04:29:09,2026-10-07 05:07:17,85
url,http://125.161.1.232:58379/bin.sh,urlhaus,malware_download,mirai,2026-10-07 04:29:09,2026-10-07 05:07:17,85
url,http://125.161.250.191:33986/i,urlhaus,malware_download,mirai,2026-10-07 04:29:09,2026-10-07 05:07:17,85
url,http://164.163.26.124:35610/i,urlhaus,malware_download,mirai,2026-10-07 04:29:09,2026-10-07 05:07:17,85
url,http://165.98.243.83:55771/i,urlhaus,malware_download,mirai,2026-10-07 04:29:09,2026-10-07 05:07:17,85
url,http://170.84.133.234:32955/bin.sh,urlhaus,malware_download,"32-bit,arm,elf,mirai,Mozi",2026-10-07 04:29:09,2026-10-07 05:07:17,85
url,http://175.147.200.123:48168/i,urlhaus,malware_download,,2026-10-07 04:29:09,2026-10-07 05:07:17,85
url,http://175.147.94.199:51805/i,urlhaus,malware_download,,2026-10-07 04:29:09,2026-10-07 05:07:17,85
url,http://175.148.159.44:55227/bin.sh,urlhaus,malware_download,,2026-10-07 04:29:09,2026-10-07 05:07:17,85
url,http://175.173.2.43:32996/i,urlhaus,malware_download,,2026-10-07 04:29:09,2026-10-07 05:07:17,85
url,http://176.213.86.238:31654/bin.sh,urlhaus,malware_download,"32-bit,elf,mips,Mozi",2026-10-07 04:29:09,2026-10-07 05:07:17,85
url,http://178.34.124.22:39488/i,urlhaus,malware_download,mirai,2026-10-07 04:29:09,2026-10-07 05:07:17,85
url,http://179.49.213.85:32815/bin.sh,urlhaus,malware_download,"32-bit,arm,elf,mirai,Mozi",2026-10-07 04:29:09,2026-10-07 05:07:17,85
url,http://179.49.213.85:32815/i,urlhaus,malware_download,mirai,2026-10-07 04:29:09,2026-10-07 05:07:17,85
url,http://182.114.34.109:51716/bin.sh,urlhaus,malware_download,Mozi,2026-10-07 04:29:09,2026-10-07 05:07:17,85
url,http://182.121.47.144:60757/bin.sh,urlhaus,malware_download,Mozi,2026-10-07 04:29:09,2026-10-07 05:07:17,85
url,http://182.121.47.144:60757/i,urlhaus,malware_download,Mozi,2026-10-07 04:29:09,2026-10-07 05:07:17,85
url,http://182.126.126.199:39682/bin.sh,urlhaus,malware_download,Mozi,2026-10-07 04:29:09,2026-10-07 05:07:17,85
url,http://182.126.177.210:60965/bin.sh,urlhaus,malware_download,mirai,2026-10-07 04:29:09,2026-10-07 05:07:17,85
url,http://185.89.156.101:35112/i,urlhaus,malware_download,mirai,2026-10-07 04:29:09,2026-10-07 05:07:17,85
url,http://187.62.243.142:58551/i,urlhaus,malware_download,mirai,2026-10-07 04:29:09,2026-10-07 05:07:17,85
url,http://194.26.220.214:34097/i,urlhaus,malware_download,"32-bit,elf,mips,Mozi",2026-10-07 04:29:09,2026-10-07 05:07:17,85
url,http://196.189.198.173:37807/bin.sh,urlhaus,malware_download,"32-bit,arm,elf,mirai,Mozi",2026-10-07 04:29:09,2026-10-07 05:07:17,85
url,http://196.189.198.173:37807/i,urlhaus,malware_download,"32-bit,arm,elf,mirai,Mozi",2026-10-07 04:29:09,2026-10-07 05:07:17,85
url,http://210.208.111.26:44817/bin.sh,urlhaus,malware_download,"32-bit,arm,elf,mirai,Mozi",2026-10-07 04:29:09,2026-10-07 05:07:17,85
url,http://210.208.111.26:44817/i,urlhaus,malware_download,"32-bit,arm,elf,mirai,Mozi",2026-10-07 04:29:09,2026-10-07 05:07:17,85
url,http://210.57.226.6:3125/i,urlhaus,malware_download,,2026-10-07 04:29:09,2026-10-07 05:07:17,85
url,http://221.15.185.65:52869/i,urlhaus,malware_download,mirai,2026-10-07 04:29:09,2026-10-07 05:07:17,85
url,http://222.127.170.183:45331/i,urlhaus,malware_download,mirai,2026-10-07 04:29:09,2026-10-07 05:07:17,85
url,http://222.127.71.33:40089/bin.sh,urlhaus,malware_download,mirai,2026-10-07 04:29:09,2026-10-07 05:07:17,85
url,http://222.141.105.180:56903/bin.sh,urlhaus,malware_download,Mozi,2026-10-07 04:29:09,2026-10-07 05:07:17,85
url,http://222.141.122.53:40331/bin.sh,urlhaus,malware_download,,2026-10-07 04:29:09,2026-10-07 05:07:17,85
url,http://222.142.247.47:41616/bin.sh,urlhaus,malware_download,"32-bit,elf,mips,Mozi",2026-10-07 04:29:09,2026-10-07 05:07:17,85
url,http://222.142.247.47:41616/i,urlhaus,malware_download,"32-bit,elf,mips,Mozi",2026-10-07 04:29:09,2026-10-07 05:07:17,85
url,http://27.210.7.195:44939/bin.sh,urlhaus,malware_download,Mozi,2026-10-07 04:29:09,2026-10-07 05:07:17,85
url,http://27.210.7.195:44939/i,urlhaus,malware_download,Mozi,2026-10-07 04:29:09,2026-10-07 05:07:17,85
url,http://27.217.57.46:50836/bin.sh,urlhaus,malware_download,Mozi,2026-10-07 04:29:09,2026-10-07 05:07:17,85
url,http://27.217.57.46:50836/i,urlhaus,malware_download,Mozi,2026-10-07 04:29:09,2026-10-07 05:07:17,85
url,http://27.44.145.183:32947/bin.sh,urlhaus,malware_download,,2026-10-07 04:29:09,2026-10-07 05:07:17,85
url,http://27.44.145.183:32947/i,urlhaus,malware_download,,2026-10-07 04:29:09,2026-10-07 05:07:17,85
url,http://39.77.172.19:45028/i,urlhaus,malware_download,"32-bit,elf,mips,Mozi",2026-10-07 04:29:09,2026-10-07 05:07:17,85
url,http://39.79.138.192:39415/i,urlhaus,malware_download,,2026-10-07 04:29:09,2026-10-07 05:07:17,85
url,http://42.224.98.161:41233/bin.sh,urlhaus,malware_download,,2026-10-07 04:29:09,2026-10-07 05:07:17,85
url,http://42.227.46.64:39218/i,urlhaus,malware_download,Mozi,2026-10-07 04:29:09,2026-10-07 05:07:17,85
url,http://42.232.235.138:39170/i,urlhaus,malware_download,Mozi,2026-10-07 04:29:09,2026-10-07 05:07:17,85
url,http://42.234.163.19:43965/bin.sh,urlhaus,malware_download,"32-bit,elf,mips,Mozi",2026-10-07 04:29:09,2026-10-07 05:07:17,85
url,http://42.234.163.19:43965/i,urlhaus,malware_download,"32-bit,elf,mips,Mozi",2026-10-07 04:29:09,2026-10-07 05:07:17,85
url,http://42.234.233.75:40282/bin.sh,urlhaus,malware_download,Mozi,2026-10-07 04:29:09,2026-10-07 05:07:17,85
url,http://42.238.246.42:35356/i,urlhaus,malware_download,Mozi,2026-10-07 04:29:09,2026-10-07 05:07:17,85
url,http://42.239.238.224:40215/bin.sh,urlhaus,malware_download,,2026-10-07 04:29:09,2026-10-07 05:07:17,85
url,http://42.239.254.29:45947/bin.sh,urlhaus,malware_download,Mozi,2026-10-07 04:29:09,2026-10-07 05:07:17,85
url,http://42.239.254.29:45947/i,urlhaus,malware_download,Mozi,2026-10-07 04:29:09,2026-10-07 05:07:17,85
url,http://45.148.148.31:51458/i,urlhaus,malware_download,"cowrie,elf,honeypot,mipsel,Mozi",2026-10-07 04:29:09,2026-10-07 05:07:17,85
url,http://59.96.139.237:48296/i,urlhaus,malware_download,Mozi,2026-10-07 04:29:09,2026-10-07 05:07:17,85
url,http://59.96.139.69:42178/i,urlhaus,malware_download,Mozi,2026-10-07 04:29:09,2026-10-07 05:07:17,85
url,http://60.16.135.182:50504/i,urlhaus,malware_download,,2026-10-07 04:29:09,2026-10-07 05:07:17,85
url,http://60.18.37.74:39377/bin.sh,urlhaus,malware_download,,2026-10-07 04:29:09,2026-10-07 05:07:17,85
url,http://60.18.37.74:39377/i,urlhaus,malware_download,,2026-10-07 04:29:09,2026-10-07 05:07:17,85
url,http://60.23.235.155:58165/i,urlhaus,malware_download,"32-bit,elf,mips,Mozi",2026-10-07 04:29:09,2026-10-07 05:07:17,85
url,http://60.23.238.68:48081/bin.sh,urlhaus,malware_download,,2026-10-07 04:29:09,2026-10-07 05:07:17,85
url,http://60.23.238.68:48081/i,urlhaus,malware_download,,2026-10-07 04:29:09,2026-10-07 05:07:17,85
url,http://60.23.239.66:35293/i,urlhaus,malware_download,,2026-10-07 04:29:09,2026-10-07 05:07:17,85
url,http://61.137.200.25:38220/bin.sh,urlhaus,malware_download,,2026-10-07 04:29:09,2026-10-07 05:07:17,85
url,http://78.187.230.204:49198/i,urlhaus,malware_download,Mozi,2026-10-07 04:29:09,2026-10-07 05:07:17,85
url,http://78.188.196.206:40890/bin.sh,urlhaus,malware_download,,2026-10-07 04:29:09,2026-10-07 05:07:17,85
url,http://78.188.196.206:40890/i,urlhaus,malware_download,,2026-10-07 04:29:09,2026-10-07 05:07:17,85
url,http://91.190.84.93:58846/bin.sh,urlhaus,malware_download,,2026-10-07 04:29:09,2026-10-07 05:07:17,85
url,http://91.190.84.93:58846/i,urlhaus,malware_download,,2026-10-07 04:29:09,2026-10-07 05:07:17,85
url,http://92.42.134.80:38229/i,urlhaus,malware_download,Mozi,2026-10-07 04:29:09,2026-10-07 05:07:17,85
