type,value,source,threat_type,tags,first_seen,last_seen,confidence
domain,2ndchancerun.org,threatfox,ClearFake,"threatfox,ClearFake",2026-10-05 16:07:16,2026-10-05 16:31:46,85
domain,5r35llx8.deamobros.com,threatfox,ClearFake,"threatfox,ClearFake,mac-0x76c7,macos",2026-10-05 16:07:16,2026-10-05 16:31:46,85
domain,6myj75hx.josephmichaelnh.com,threatfox,ClearFake,"threatfox,ClearFake,mac-0xdcf2,macos",2026-10-05 16:07:16,2026-10-05 16:31:46,85
domain,ax.333pwk.org,threatfox,Vidar,"threatfox,vidar",2026-10-05 16:07:16,2026-10-05 16:31:46,85
domain,ax.396zk.net,threatfox,Vidar,"threatfox,vidar",2026-10-05 16:07:16,2026-10-05 16:31:46,85
domain,ayokekiri.com,threatfox,ClearFake,"threatfox,ClearFake",2026-10-05 16:07:16,2026-10-05 16:31:46,85
domain,b2h67sy5.kaarenorge.com,threatfox,ClearFake,"threatfox,ClearFake,mac-0x0f14,macos",2026-10-05 16:07:16,2026-10-05 16:31:46,85
domain,b7jfjyom.pattysole.com,threatfox,ClearFake,"threatfox,ClearFake,mac-0x0f14,macos",2026-10-05 16:07:16,2026-10-05 16:31:46,85
domain,backlinkclub.com,threatfox,ClearFake,"threatfox,ClearFake",2026-10-05 16:07:16,2026-10-05 16:31:46,85
domain,bendera-3.com,threatfox,ClearFake,"threatfox,ClearFake",2026-10-05 16:07:16,2026-10-05 16:31:46,85
domain,birchletting.com,threatfox,ClearFake,"threatfox,ClearFake",2026-10-05 16:07:16,2026-10-05 16:31:46,85
domain,bizuter.au,threatfox,ClearFake,"threatfox,ClearFake",2026-10-05 16:07:16,2026-10-05 16:31:46,85
domain,bizuter.com,threatfox,ClearFake,"threatfox,ClearFake",2026-10-05 16:07:16,2026-10-05 16:31:46,85
domain,bizuterdigital.com.au,threatfox,ClearFake,"threatfox,ClearFake",2026-10-05 16:07:16,2026-10-05 16:31:46,85
domain,boardgamelinks.com,threatfox,ClearFake,"threatfox,ClearFake",2026-10-05 16:07:16,2026-10-05 16:31:46,85
domain,brixtonhomes.com.au,threatfox,ClearFake,"threatfox,ClearFake",2026-10-05 16:07:16,2026-10-05 16:31:46,85
domain,buildagent.duckdns.org,threatfox,Remcos,"threatfox,remcos",2026-10-05 16:07:16,2026-10-05 16:31:46,85
domain,businessclassdeals.com.au,threatfox,ClearFake,"threatfox,ClearFake",2026-10-05 16:07:16,2026-10-05 16:31:46,85
domain,casino-lion.org,threatfox,AsyncRAT,"threatfox,asyncrat",2026-10-05 16:07:16,2026-10-05 16:31:46,85
domain,cdn.quickdelivr.com,threatfox,IClickFix,"threatfox,BSC,ClickFix,EtherHiding,IClickFix,TDS",2026-10-05 16:07:16,2026-10-05 16:31:46,85
domain,chamomilecanto.co,threatfox,SmartApeSG,"threatfox,SmartApeSG",2026-10-05 16:07:16,2026-10-05 16:31:46,85
domain,clouddelivry.com,threatfox,IClickFix,"threatfox,ClickFix",2026-10-05 16:07:16,2026-10-05 16:31:46,85
domain,connectcapita.com,threatfox,ClearFake,"threatfox,ClearFake",2026-10-05 16:07:16,2026-10-05 16:31:46,85
domain,connectcapita.com.au,threatfox,ClearFake,"threatfox,ClearFake",2026-10-05 16:07:16,2026-10-05 16:31:46,85
domain,connection101.duckdns.org,threatfox,Remcos,"threatfox,remcos",2026-10-05 16:07:16,2026-10-05 16:31:46,85
domain,corfuescapes2nature.com,threatfox,ClearFake,"threatfox,compromised,EtherHide",2026-10-05 16:07:16,2026-10-05 16:31:46,85
domain,covrn.com,threatfox,ClearFake,"threatfox,ClearFake",2026-10-05 16:07:16,2026-10-05 16:31:46,85
domain,crmplatform.com.au,threatfox,ClearFake,"threatfox,ClearFake",2026-10-05 16:07:16,2026-10-05 16:31:46,85
domain,crying881.beer,threatfox,ClearFake,"threatfox,ClearFake,ClickFix,EtherHiding",2026-10-05 16:07:16,2026-10-05 16:31:46,85
domain,crystalpurefiltration.com.au,threatfox,ClearFake,"threatfox,ClearFake",2026-10-05 16:07:16,2026-10-05 16:31:46,85
domain,cubgalaxy.com,threatfox,ClearFake,"threatfox,ClearFake",2026-10-05 16:07:16,2026-10-05 16:31:46,85
domain,dbswholesale.lk,threatfox,ClearFake,"threatfox,ClearFake",2026-10-05 16:07:16,2026-10-05 16:31:46,85
domain,deamobros.com,threatfox,ClearFake,"threatfox,ClearFake",2026-10-05 16:07:16,2026-10-05 16:31:46,85
domain,dhillonhomes.com.au,threatfox,ClearFake,"threatfox,ClearFake",2026-10-05 16:07:16,2026-10-05 16:31:46,85
domain,digitalwavehub3.lol,threatfox,Unknown Stealer,"threatfox,appFile,infostealer,SamFwTool",2026-10-05 16:07:16,2026-10-05 16:31:46,85
domain,fefily.workers.dev,threatfox,php.shin_webshell,"threatfox,Cloudflare,GIF,PHP,webshell,WordPress,workers.dev,wp-admin",2026-10-05 16:07:16,2026-10-05 16:31:46,85
domain,frchillmilk.vn,threatfox,ClearFake,"threatfox,compromised,EtherHide",2026-10-05 16:07:16,2026-10-05 16:31:46,85
domain,fu.333pwk.org,threatfox,Vidar,"threatfox,vidar",2026-10-05 16:07:16,2026-10-05 16:31:46,85
domain,jordanna8106.workers.dev,threatfox,php.shin_webshell,"threatfox,Cloudflare,GIF,PHP,webshell,WordPress,workers.dev,wp-admin",2026-10-05 16:07:16,2026-10-05 16:31:46,85
domain,kalerdarpan24.com,threatfox,ClearFake,"threatfox,ClearFake,ClickFix,EtherHiding",2026-10-05 16:07:16,2026-10-05 16:31:46,85
domain,kizzyman.com,threatfox,Unknown RAT,"threatfox,ConnectWise,RMM,ScreenConnect",2026-10-05 16:07:16,2026-10-05 16:31:46,85
domain,kt2jvxol0n.workers.dev,threatfox,php.shin_webshell,"threatfox,Cloudflare,GIF,PHP,webshell,WordPress,workers.dev,wp-admin",2026-10-05 16:07:16,2026-10-05 16:31:46,85
domain,kuvadeta.workers.dev,threatfox,php.shin_webshell,"threatfox,Cloudflare,GIF,PHP,webshell,WordPress,workers.dev,wp-admin",2026-10-05 16:07:16,2026-10-05 16:31:46,85
domain,linuxfortravelers.com,threatfox,ClearFake,"threatfox,ClearFake",2026-10-05 16:07:16,2026-10-05 16:31:46,85
domain,m5dke7ud.covrn.com,threatfox,ClearFake,"threatfox,ClearFake,mac-0x76c7,macos",2026-10-05 16:07:16,2026-10-05 16:31:46,85
domain,majulyxo.workers.dev,threatfox,php.shin_webshell,"threatfox,Cloudflare,GIF,PHP,webshell,WordPress,workers.dev,wp-admin",2026-10-05 16:07:16,2026-10-05 16:31:46,85
domain,mexq.breakfast-hut.site,threatfox,Unknown Loader,"threatfox,ClickFix,FakeCaptcha,rundll32,WebDAV",2026-10-05 16:07:16,2026-10-05 16:31:46,85
domain,q2r4yyqfjh.workers.dev,threatfox,php.shin_webshell,"threatfox,Cloudflare,GIF,PHP,webshell,WordPress,workers.dev,wp-admin",2026-10-05 16:07:16,2026-10-05 16:31:46,85
domain,roxymigurdia.wiki,threatfox,ClearFake,"threatfox,ClearFake",2026-10-05 16:07:16,2026-10-05 16:31:46,85
domain,sayosay.cc,threatfox,ClearFake,"threatfox,ClearFake,ClickFix,EtherHiding",2026-10-05 16:07:16,2026-10-05 16:31:46,85
domain,sensa138.pro,threatfox,ClearFake,"threatfox,ClearFake",2026-10-05 16:07:16,2026-10-05 16:31:46,85
domain,sofverse.com,threatfox,ClearFake,"threatfox,ClearFake,ClickFix,EtherHiding",2026-10-05 16:07:16,2026-10-05 16:31:46,85
domain,test.veveycorseauxplage.ch,threatfox,ClearFake,"threatfox,compromised,EtherHide",2026-10-05 16:07:16,2026-10-05 16:31:46,85
domain,texuqu.workers.dev,threatfox,php.shin_webshell,"threatfox,Cloudflare,GIF,PHP,webshell,WordPress,workers.dev,wp-admin",2026-10-05 16:07:16,2026-10-05 16:31:46,85
domain,tikuzi.workers.dev,threatfox,php.shin_webshell,"threatfox,Cloudflare,GIF,PHP,webshell,WordPress,workers.dev,wp-admin",2026-10-05 16:07:16,2026-10-05 16:31:46,85
domain,tomm-rt.top,threatfox,Unknown Loader,"threatfox,ClickFix,loader,payload-delivery",2026-10-05 16:07:16,2026-10-05 16:31:46,85
domain,toutmonmateriel.fr,threatfox,ClearFake,"threatfox,compromised,EtherHide",2026-10-05 16:07:16,2026-10-05 16:31:46,85
domain,tq.sonqhong.com,threatfox,AsyncRAT,"threatfox,asyncrat",2026-10-05 16:07:16,2026-10-05 16:31:46,85
domain,www.excelxam.com,threatfox,ClearFake,"threatfox,compromised,EtherHide",2026-10-05 16:07:16,2026-10-05 16:31:46,85
domain,www.exclusivefootballplayers.com,threatfox,ClearFake,"threatfox,compromised,EtherHide",2026-10-05 16:07:16,2026-10-05 16:31:46,85
domain,www.primoautoparts.com.au,threatfox,ClearFake,"threatfox,compromised,EtherHide",2026-10-05 16:07:16,2026-10-05 16:31:46,85
domain,www.unterwegs-in-mv.2ix.de,threatfox,ClearFake,"threatfox,compromised,EtherHide",2026-10-05 16:07:16,2026-10-05 16:31:46,85
domain,www.windsonchem.co.in,threatfox,ClearFake,"threatfox,compromised,EtherHide",2026-10-05 16:07:16,2026-10-05 16:31:46,85
domain,zqztnq0d.succeswithpaul.com,threatfox,ClearFake,"threatfox,ClearFake,mac-0xdcf2,macos",2026-10-05 16:07:16,2026-10-05 16:31:46,85
hash_md5,07dedb76dbc6b034435227224e2066f9,threatfox,Supper,threatfox,2026-10-05 16:07:16,2026-10-05 16:31:46,85
hash_md5,0ab8080fb2028181d7241e824d569cf2,threatfox,Formbook,threatfox,2026-10-05 16:07:16,2026-10-05 16:31:46,85
hash_md5,1845f1aac72e8383032a91a00f4fd315,threatfox,Vidar,threatfox,2026-10-05 16:07:16,2026-10-05 16:31:46,85
hash_md5,19a878708605994686c72a7dd3652d07,threatfox,Sliver,threatfox,2026-10-05 16:07:16,2026-10-05 16:31:46,85
hash_md5,1bd88b143a4e82734ddd1748865dd0c5,threatfox,Akira Stealer,threatfox,2026-10-05 16:07:16,2026-10-05 16:31:46,85
hash_md5,1c575d4e54baf181f44271cacd0618eb,threatfox,VShell,threatfox,2026-10-05 16:07:16,2026-10-05 16:31:46,85
hash_md5,22bb58e7857a218259ade193bb74f502,threatfox,Vidar,threatfox,2026-10-05 16:07:16,2026-10-05 16:31:46,85
hash_md5,2c589d110547bb61181f3090ed5102c6,threatfox,Vidar,threatfox,2026-10-05 16:07:16,2026-10-05 16:31:46,85
hash_md5,2f8c91a8274fe22abd54307c890b8790,threatfox,Vidar,threatfox,2026-10-05 16:07:16,2026-10-05 16:31:46,85
hash_md5,36cf6285b152d569a123b34f6a08d892,threatfox,Quasar RAT,threatfox,2026-10-05 16:07:16,2026-10-05 16:31:46,85
hash_md5,385dcaaba75b0953a5108277521cd830,threatfox,AsyncRAT,threatfox,2026-10-05 16:07:16,2026-10-05 16:31:46,85
hash_md5,3d46be69791ad3e49fcf1a708ec8417a,threatfox,Vidar,threatfox,2026-10-05 16:07:16,2026-10-05 16:31:46,85
hash_md5,47bcb4616f1967aaeb3ce2980aecd567,threatfox,ValleyRAT,threatfox,2026-10-05 16:07:16,2026-10-05 16:31:46,85
hash_md5,508df6bc22e47d5d5950b8c05b2a0618,threatfox,Vidar,threatfox,2026-10-05 16:07:16,2026-10-05 16:31:46,85
hash_md5,5500207c170d4ba2cdb301ec87a2db6a,threatfox,Creal Stealer,threatfox,2026-10-05 16:07:16,2026-10-05 16:31:46,85
hash_md5,5abc7e8f3ef276096a8601598e360973,threatfox,Venus Stealer,threatfox,2026-10-05 16:07:16,2026-10-05 16:31:46,85
hash_md5,5b9ab619b39fc68758680195fead5a29,threatfox,Supper,threatfox,2026-10-05 16:07:16,2026-10-05 16:31:46,85
hash_md5,5c9861c1c50e2aff2d29bb2a2aeebca9,threatfox,ValleyRAT,threatfox,2026-10-05 16:07:16,2026-10-05 16:31:46,85
hash_md5,60ab33b01081d37beeeb3c62ae8e3333,threatfox,WannaCryptor,threatfox,2026-10-05 16:07:16,2026-10-05 16:31:46,85
hash_md5,60b764168d5b4bcf58f4447a10f423a5,threatfox,Formbook,threatfox,2026-10-05 16:07:16,2026-10-05 16:31:46,85
hash_md5,7a5e9b41b7d6b1edb066ecb2f4268c19,threatfox,RN Stealer,threatfox,2026-10-05 16:07:16,2026-10-05 16:31:46,85
hash_md5,7c35b3f6138a700714544a0146e3dad5,threatfox,Formbook,threatfox,2026-10-05 16:07:16,2026-10-05 16:31:46,85
hash_md5,82a4bd3e8d17ab61c6fb376bdaa08edd,threatfox,Quasar RAT,threatfox,2026-10-05 16:07:16,2026-10-05 16:31:46,85
hash_md5,846e2b555e7c16d538c1e84b38bcb26a,threatfox,AsyncRAT,threatfox,2026-10-05 16:07:16,2026-10-05 16:31:46,85
hash_md5,861952d1ea908f76fd9f581881e5a63a,threatfox,ZStealer,threatfox,2026-10-05 16:07:16,2026-10-05 16:31:46,85
hash_md5,8de4f7dc19cf7f78385e3cbb5b31a684,threatfox,Coinminer,threatfox,2026-10-05 16:07:16,2026-10-05 16:31:46,85
hash_md5,9ee44d041be23fc85607bc46ca008fa8,threatfox,KrakenKeylogger,threatfox,2026-10-05 16:07:16,2026-10-05 16:31:46,85
hash_md5,a5c784aaa18cb3d8abf3d8feaf7b4203,threatfox,Formbook,threatfox,2026-10-05 16:07:16,2026-10-05 16:31:46,85
hash_md5,b499e00cc3d278a14ae18fe80adfb2fc,threatfox,WannaCryptor,threatfox,2026-10-05 16:07:16,2026-10-05 16:31:46,85
hash_md5,be02c9890e938e672165c1c10bc99bb2,threatfox,Sliver,threatfox,2026-10-05 16:07:16,2026-10-05 16:31:46,85
hash_md5,c61337c8ddc16d4c2d5cbb35bb1211cf,threatfox,AsyncRAT,threatfox,2026-10-05 16:07:16,2026-10-05 16:31:46,85
hash_md5,cec4f5da1c578aa3a9e08523ca436aea,threatfox,VShell,threatfox,2026-10-05 16:07:16,2026-10-05 16:31:46,85
hash_md5,dfa02c10692133124a81c074f5355773,threatfox,ValleyRAT,threatfox,2026-10-05 16:07:16,2026-10-05 16:31:46,85
hash_md5,dfa5f0e5839ff343daeb096a57daef83,threatfox,Supper,threatfox,2026-10-05 16:07:16,2026-10-05 16:31:46,85
hash_md5,e7011edac362bacd77557b6dd2fcd6db,threatfox,Formbook,threatfox,2026-10-05 16:07:16,2026-10-05 16:31:46,85
hash_md5,ee1e1675468944fd276af9a66e7e28a1,threatfox,Vidar,threatfox,2026-10-05 16:07:16,2026-10-05 16:31:46,85
hash_md5,eefe6cb79e5b4f8d7e24bb64df290322,threatfox,KrakenKeylogger,threatfox,2026-10-05 16:07:16,2026-10-05 16:31:46,85
hash_md5,f0f5604aa5bd3778b4a2bb5e9722eab2,threatfox,Vidar,threatfox,2026-10-05 16:07:16,2026-10-05 16:31:46,85
hash_md5,f44b817cc0264f3b4d971e1b8359422d,threatfox,Overlord RAT,threatfox,2026-10-05 16:07:16,2026-10-05 16:31:46,85
hash_sha256,003987d241c631fa85c008638c51f0b402b864fd41b1cff2d05803ac8df41d16,threatfox,Mirai,"threatfox,elf,Mirai",2026-10-05 16:07:16,2026-10-05 16:31:46,85
hash_sha256,0154c4cf5bc01bcab5a8b1f0d8d0d2c527b1a602c170c5a6cd08ed8332479bb9,threatfox,Mirai,"threatfox,elf,Mirai",2026-10-05 16:07:16,2026-10-05 16:31:46,85
hash_sha256,01885be17a1a4f795b5b60beb4b351da2479835132e8dcb0403712cd49f0b507,threatfox,Mirai,"threatfox,elf,Mirai",2026-10-05 16:07:16,2026-10-05 16:31:46,85
hash_sha256,01afb7ab7ba3a2bb1ee71d8b6d174f3f6951c6cb75b13e64687b99ea1dbea4fb,threatfox,Mirai,"threatfox,elf,Mirai",2026-10-05 16:07:16,2026-10-05 16:31:46,85
hash_sha256,031ef92f0d33f16343acc3703c934522b54869d1bf512f9f01ac1aaf53e82e6d,threatfox,Mirai,"threatfox,elf,Mirai",2026-10-05 16:07:16,2026-10-05 16:31:46,85
hash_sha256,035bbcffaa29bd733937e735100e915a1640fd259d24387f9a577d6572fb1694,threatfox,Mirai,"threatfox,elf,Mirai",2026-10-05 16:07:16,2026-10-05 16:31:46,85
hash_sha256,04a6e7e0ebdb93b20b3de6905562665d5b884d9a9f45008d9634d506e6fc39b2,threatfox,Formbook,threatfox,2026-10-05 16:07:16,2026-10-05 16:31:46,85
hash_sha256,04a811a447f78c2abfd60d8562c4be77104ca29a3dcf9a8e59b398cb517224e4,threatfox,Venom RAT,"threatfox,54e64e,dropped-by-Amadey,exe,VenomRAT",2026-10-05 16:07:16,2026-10-05 16:31:46,85
hash_sha256,051a17b7019d9d9c0c8a236959d92aa83608d2e7e294c7211d9a4c09cb455a2d,threatfox,Mirai,"threatfox,elf,Gafgyt,Mirai",2026-10-05 16:07:16,2026-10-05 16:31:46,85
hash_sha256,0761a56193a5ce6cc03b4fa36c77b80dcc43dd638c5232f32cae5eb2f5727ced,threatfox,Formbook,threatfox,2026-10-05 16:07:16,2026-10-05 16:31:46,85
hash_sha256,0794992cacb0566792c0a3d5caf01122aa0015fbb014abb512b09eb8b3a53bff,threatfox,Mirai,"threatfox,elf,Mirai",2026-10-05 16:07:16,2026-10-05 16:31:46,85
hash_sha256,090c8086b53871ee6d129ac39d9ad0f8a61a5d7b6bd24f471499271dc9376d2a,threatfox,Mirai,"threatfox,elf,Mirai,upx",2026-10-05 16:07:16,2026-10-05 16:31:46,85
hash_sha256,0926f6f79fcac8bc7e1e1e7027743a37662a1db79464fd24dc12c6c199ddee21,threatfox,KrakenKeylogger,threatfox,2026-10-05 16:07:16,2026-10-05 16:31:46,85
hash_sha256,0a230b42310fbbb5655341fd2a2bf4eb680babf360f76c796f9e1df374ee396c,threatfox,Mirai,"threatfox,elf,Mirai",2026-10-05 16:07:16,2026-10-05 16:31:46,85
hash_sha256,0ac11d95a309589c35f6838e1e732e27ba0a27ecd46e33f6fd77ab8d3623083a,threatfox,Mirai,"threatfox,elf,Mirai",2026-10-05 16:07:16,2026-10-05 16:31:46,85
hash_sha256,0b4e63a6488eb8c648abfa376bcaa46eb1596628ced030180441b678d314a935,threatfox,Vidar,threatfox,2026-10-05 16:07:16,2026-10-05 16:31:46,85
hash_sha256,0c097d3e10afdd11f6b97dd18dcfe66d95fe2aff90255b1a6cbf4da1312cb363,threatfox,Mirai,"threatfox,elf,Mirai",2026-10-05 16:07:16,2026-10-05 16:31:46,85
hash_sha256,0c94af08212c8f30d62a6d1a0a03d872d9bfe07fb80b935ef155063c35cbb003,threatfox,Mirai,"threatfox,elf,Mirai,upx",2026-10-05 16:07:16,2026-10-05 16:31:46,85
hash_sha256,0f964ceb3217c34186feb523a19edf102947066479f4c5e0c3b96c709c373da4,threatfox,Mirai,"threatfox,elf,Mirai",2026-10-05 16:07:16,2026-10-05 16:31:46,85
hash_sha256,0fa9838ea26e5e2cf0ff2a3a7cd710c018ada4be247549320910400b3f088957,threatfox,Mirai,"threatfox,elf,Mirai",2026-10-05 16:07:16,2026-10-05 16:31:46,85
hash_sha256,12f328ac40755f6e404d8a793d251021aee307e29db716d49aaa0708fbc0f7f3,threatfox,Mirai,"threatfox,elf,Gafgyt,Mirai",2026-10-05 16:07:16,2026-10-05 16:31:46,85
hash_sha256,143126dadf84d74c3f693666f4bd1dea51da435fcfd8eff42fdce956ac9eb7d1,threatfox,Mirai,"threatfox,elf,Mirai",2026-10-05 16:07:16,2026-10-05 16:31:46,85
hash_sha256,148e0f3f9f99c0a039b469f439935908b2a113f71838ee7c9115cbf1671f2149,threatfox,Mirai,"threatfox,elf,Gafgyt,Mirai",2026-10-05 16:07:16,2026-10-05 16:31:46,85
hash_sha256,15b60879242408b8628cbd3f2efa20cffb1aedbe89d8ed16dbedfa8d1d86db9c,threatfox,Mirai,"threatfox,elf,Mirai",2026-10-05 16:07:16,2026-10-05 16:31:46,85
hash_sha256,15cee501f3edb6194d4c999e258f74464f50ea1b909375fc3e3d17569f7066a7,threatfox,Mirai,"threatfox,elf,Mirai",2026-10-05 16:07:16,2026-10-05 16:31:46,85
hash_sha256,16c90a2348c565940e936cbdb37014e539d0533acc47700c81c4f281a91f9535,threatfox,Quasar RAT,threatfox,2026-10-05 16:07:16,2026-10-05 16:31:46,85
hash_sha256,16fd18c3e5a1a9550c4baca33c6387788bc7de951c37e82836f357805bb77edf,threatfox,Mirai,"threatfox,elf,Mirai,upx",2026-10-05 16:07:16,2026-10-05 16:31:46,85
hash_sha256,18841145b15bdb567cb82218dc6785248a4732df508777d6316af925e5c586ed,threatfox,Mirai,"threatfox,elf,Mirai,upx",2026-10-05 16:07:16,2026-10-05 16:31:46,85
hash_sha256,1891fedae960aabda453a3e122db58565936a811891ab678d889e82d3fec8cac,threatfox,Mirai,"threatfox,elf,Mirai",2026-10-05 16:07:16,2026-10-05 16:31:46,85
hash_sha256,1946ee7ec655de32199ce87390699db1e18d80438bdf01f3b813a929e5cce4e6,threatfox,Bashlite,"threatfox,Bashlite,elf,Gafgyt",2026-10-05 16:07:16,2026-10-05 16:31:46,85
hash_sha256,195b11341921228cb227cff3066420669f586269b308b5d89fb00142b963462d,threatfox,Mirai,"threatfox,elf,Mirai",2026-10-05 16:07:16,2026-10-05 16:31:46,85
hash_sha256,198e3f768974e5e59e350f6f61dc0e1a8b9a44ac77c5983033ab084959d4f37a,threatfox,Mirai,"threatfox,elf,Mirai",2026-10-05 16:07:16,2026-10-05 16:31:46,85
hash_sha256,19eedd5c7c38ee1f9fe5ce871a33c27e7ece880729729d853f80e9d372bfe4a3,threatfox,Mirai,"threatfox,elf,Mirai",2026-10-05 16:07:16,2026-10-05 16:31:46,85
hash_sha256,1c68663c334a651d11e2c221c592e40a1b8192d4519c0ad012e1335945c417c1,threatfox,Mirai,"threatfox,elf,Mirai",2026-10-05 16:07:16,2026-10-05 16:31:46,85
hash_sha256,1cfb567d152cd29a387b15f700bb9c519421491d1a96595f5d1cec212817e5cd,threatfox,Mirai,"threatfox,elf,Mirai",2026-10-05 16:07:16,2026-10-05 16:31:46,85
hash_sha256,1d21aa20800f37c6d521d023d2d57f430dd11cfcbcb796269fbeffb73ed64806,threatfox,Mirai,"threatfox,elf,Mirai",2026-10-05 16:07:16,2026-10-05 16:31:46,85
hash_sha256,1de1203ad2e75e3c022df7e216e51613e3ccd1f6fe91d196759c2163a16b26e3,threatfox,Mirai,"threatfox,elf,Mirai",2026-10-05 16:07:16,2026-10-05 16:31:46,85
hash_sha256,1e4485182558a65d80775f716ef9e32e9ce01f8a4d0a45fdb7310dc67b8d644c,threatfox,Mirai,"threatfox,elf,Mirai",2026-10-05 16:07:16,2026-10-05 16:31:46,85
hash_sha256,1fe0641d8f241a1ae64a658e580cd027ae0fae8393db1f778d28b4295da1a706,threatfox,Mirai,"threatfox,elf,Mirai",2026-10-05 16:07:16,2026-10-05 16:31:46,85
hash_sha256,20dae96ed634182692551d0366a91b338a5fd7e5d96f47086919d086bb56c650,threatfox,Mirai,"threatfox,elf,Mirai",2026-10-05 16:07:16,2026-10-05 16:31:46,85
hash_sha256,2117e524c29d23a5ea801ba4f2108c2b2f532bcd142c6736f9e125bcc15b5df6,threatfox,Mirai,"threatfox,elf,Mirai",2026-10-05 16:07:16,2026-10-05 16:31:46,85
hash_sha256,21cda1ff1641725f7f321b4d6261ebea1d10bbd2878bdb60e8a853ba749ef63a,threatfox,Mirai,"threatfox,elf,Mirai",2026-10-05 16:07:16,2026-10-05 16:31:46,85
hash_sha256,21f52381d8fe434cf4eed4d8968b8f58b8b97fa3af9ffd1f4f206d4269bb0042,threatfox,Mirai,"threatfox,backdoor,elf,Mirai,upx",2026-10-05 16:07:16,2026-10-05 16:31:46,85
hash_sha256,2226ab1b193ea6135e193431d1aae563ea7638bba39ac63a6268cfc73bb84dbf,threatfox,Mirai,"threatfox,elf,Mirai,upx",2026-10-05 16:07:16,2026-10-05 16:31:46,85
hash_sha256,23d76b76590c1ee6a37de909b76eb2333d166e85e7857e1d46d954daba1732e0,threatfox,Mirai,"threatfox,elf,Mirai",2026-10-05 16:07:16,2026-10-05 16:31:46,85
hash_sha256,256b0dade89c39840f64dfd59ee13f0cb9cee3e604cfe32bc4193b888ca02d4c,threatfox,Mirai,"threatfox,elf,Mirai",2026-10-05 16:07:16,2026-10-05 16:31:46,85
hash_sha256,25a546a305fbfe3b05f90139fe3f007818e5668192c6b74a9ea861b496de6566,threatfox,ValleyRAT,threatfox,2026-10-05 16:07:16,2026-10-05 16:31:46,85
hash_sha256,25fb568a543c76271cda383a49294e65c97bfa7e26736353c8744a8098750603,threatfox,Mirai,"threatfox,elf,Mirai",2026-10-05 16:07:16,2026-10-05 16:31:46,85
hash_sha256,273a5dd08461ffe2e44ef07cafd6678a5789dbeefc68c316e337f95336af10d0,threatfox,Mirai,"threatfox,elf,Mirai",2026-10-05 16:07:16,2026-10-05 16:31:46,85
hash_sha256,290745b1eafb4074653aa183f57b36ef4aa6f794b0debe92591ea8cda8f9995e,threatfox,Mirai,"threatfox,elf,Mirai",2026-10-05 16:07:16,2026-10-05 16:31:46,85
hash_sha256,2ad4002ae9000abeca0cae4c69acb20df6b2eea07a03ac464443e5eaf2bee3ef,threatfox,Mirai,"threatfox,elf,Mirai",2026-10-05 16:07:16,2026-10-05 16:31:46,85
hash_sha256,2ae63d678945c19ef35d6982517727421a7d551a36f3aa3329f80539b15e1108,threatfox,Mirai,"threatfox,elf,Mirai",2026-10-05 16:07:16,2026-10-05 16:31:46,85
hash_sha256,2af2d82ac1b143dc3858f394d64142b313190a8a8bf3ab5c4398c8746a700ec5,threatfox,Overlord RAT,"threatfox,clickfix,exe,OverlordRAT,PE,rat",2026-10-05 16:07:16,2026-10-05 16:31:46,85
hash_sha256,2b5c1421eccb61c6514da44b5459b5cddf15138ea19564fda9dfe0c97f1ba8dc,threatfox,Mirai,"threatfox,elf,Mirai",2026-10-05 16:07:16,2026-10-05 16:31:46,85
hash_sha256,2da67edd6a37fe0f583c658bcbc40fe55e6802dc1a8d8628207fe52d229822ae,threatfox,Bashlite,"threatfox,Bashlite,elf,Gafgyt",2026-10-05 16:07:16,2026-10-05 16:31:46,85
hash_sha256,2ef818af2a9b1ae9990c10f919480c58c875b6ab8736a1c54e34557b259339d9,threatfox,Mirai,"threatfox,elf,Mirai",2026-10-05 16:07:16,2026-10-05 16:31:46,85
hash_sha256,2efbe57d3f6eaa0fa8e0e752cf4e560a19305cccc3fc4c3241fa3361fae6c748,threatfox,Mirai,"threatfox,elf,Mirai",2026-10-05 16:07:16,2026-10-05 16:31:46,85
hash_sha256,3029809c3b3880bd58184857c7b434219e571af3e781ed3ef89d73a5d4a18d5c,threatfox,Mirai,"threatfox,elf,Mirai",2026-10-05 16:07:16,2026-10-05 16:31:46,85
hash_sha256,305d4199910d04c9ecbcca9eda376a32e4e3905f7f2215c8345228cc82be53a9,threatfox,Mirai,"threatfox,elf,Gafgyt,Mirai",2026-10-05 16:07:16,2026-10-05 16:31:46,85
hash_sha256,3063d017fad45f64105bb5420cf6659270849a325a35081ee3c364722f2635d9,threatfox,Vidar,threatfox,2026-10-05 16:07:16,2026-10-05 16:31:46,85
hash_sha256,31052cb3bf27c7cacd2008e4bb875929bebae7da347b18ac1737bff3cb41eff3,threatfox,Mirai,"threatfox,elf,Mirai",2026-10-05 16:07:16,2026-10-05 16:31:46,85
hash_sha256,31b58d95a9ce2530aa523498c4d5fc055de44e893f2645c29c4aebfbad6abf57,threatfox,Mirai,"threatfox,elf,Mirai",2026-10-05 16:07:16,2026-10-05 16:31:46,85
hash_sha256,320118834d57513651bbefe36859ee9e2e40607310a4e03710dccb5bbaca8e3a,threatfox,Mirai,"threatfox,elf,Mirai",2026-10-05 16:07:16,2026-10-05 16:31:46,85
hash_sha256,321412c9e3b62d010fa039be0c56f2440910082abcf36597de697240ffba4011,threatfox,Creal Stealer,threatfox,2026-10-05 16:07:16,2026-10-05 16:31:46,85
hash_sha256,33f5a29f55386ab769f5e0bbb7eb36de31f8d1a00a2682b3de2058c857d71a06,threatfox,Mirai,"threatfox,elf,Mirai",2026-10-05 16:07:16,2026-10-05 16:31:46,85
hash_sha256,350c15a3e01be81a3098cb4726bf4cc1c9b7e5cb4c574fd0a8e75d6b923209c3,threatfox,Mirai,"threatfox,elf,Mirai",2026-10-05 16:07:16,2026-10-05 16:31:46,85
hash_sha256,3561c4b9e1129556d96672b04b405a8b5fffca90ef8455f3e66342d9a4493058,threatfox,Mirai,"threatfox,elf,Mirai",2026-10-05 16:07:16,2026-10-05 16:31:46,85
hash_sha256,35e93cbd08b07085ca4d652ba6cf6e0402f64ed453717884231eb830d8e551ba,threatfox,Mirai,"threatfox,elf,Mirai",2026-10-05 16:07:16,2026-10-05 16:31:46,85
hash_sha256,360d8cb4a76f5ef1cf861ed6464c721221fcf8d1241ea66a784cfe40828dc451,threatfox,Mirai,"threatfox,elf,Mirai",2026-10-05 16:07:16,2026-10-05 16:31:46,85
hash_sha256,36b816d977d094aaf8690c4005ab3af6c100259280a442a2e11de916765709f7,threatfox,Mirai,"threatfox,elf,Mirai",2026-10-05 16:07:16,2026-10-05 16:31:46,85
hash_sha256,3a5ddc82c5ad3647fee3b4a11bc67d05ccd8a28777abd8ee708920393c55e44a,threatfox,Venus Stealer,threatfox,2026-10-05 16:07:16,2026-10-05 16:31:46,85
hash_sha256,3af623b28a30da75deeeeb09ec722858e2ccfcaba7426527b4a44cb169b44340,threatfox,Mirai,"threatfox,elf,Mirai",2026-10-05 16:07:16,2026-10-05 16:31:46,85
hash_sha256,3bde78c1140557d96fe836674d5fa4c83abe4ebd870f8cfd3fa57e616b7b153c,threatfox,Mirai,"threatfox,elf,Mirai",2026-10-05 16:07:16,2026-10-05 16:31:46,85
hash_sha256,3c36a888bc9f87f2c792a74673c1fe8b55bc047bfd816a70e606771244ae8440,threatfox,Mirai,"threatfox,elf,Mirai",2026-10-05 16:07:16,2026-10-05 16:31:46,85
hash_sha256,3d03ca2323731ada6ab3dd39168ad469645a6f0fb6c6060e9f4d2225d5cf4e42,threatfox,Mirai,"threatfox,elf,Mirai",2026-10-05 16:07:16,2026-10-05 16:31:46,85
hash_sha256,3d45f0eb779d08c6764e6beb50c610988f0e701ca5c9477d2e575a5ff1b22970,threatfox,Mirai,"threatfox,elf,Mirai",2026-10-05 16:07:16,2026-10-05 16:31:46,85
hash_sha256,3d7c2188282db1b19a02ba58dd5305bc4fdeb34fb9e211d326b79c19447a8905,threatfox,Mirai,"threatfox,elf,Mirai",2026-10-05 16:07:16,2026-10-05 16:31:46,85
hash_sha256,3e10fb301b22deafe787b42d6f831529c166abb2d20b44c451d4896e648e1d4d,threatfox,Mirai,"threatfox,elf,Mirai",2026-10-05 16:07:16,2026-10-05 16:31:46,85
hash_sha256,3e9f981ae600aca11f1c0e945528a3db3384e5557ac0a02a3dce7219b473623a,threatfox,LiquorBot,"threatfox,elf,LiquorBot,upx",2026-10-05 16:07:16,2026-10-05 16:31:46,85
hash_sha256,3f5182a1b29057ed82ff5350bfc01e0fa0dc016f118ad841e7716eaa87fa8def,threatfox,Mirai,"threatfox,elf,Mirai",2026-10-05 16:07:16,2026-10-05 16:31:46,85
hash_sha256,40406026725734c077491b6363731b4cd1189a158259674091759c96b9a60fa4,threatfox,Mirai,"threatfox,elf,Mirai",2026-10-05 16:07:16,2026-10-05 16:31:46,85
hash_sha256,40b497bc232886341613fdcfd84adaf326aba1336bf42b2ad2cab26f8fc00d9d,threatfox,Mirai,"threatfox,elf,Mirai,upx",2026-10-05 16:07:16,2026-10-05 16:31:46,85
hash_sha256,40cc252e04ce69c299546fc01002283691c3b079e6b8164eb62c653c689dab6f,threatfox,Bashlite,"threatfox,Bashlite,elf,Gafgyt",2026-10-05 16:07:16,2026-10-05 16:31:46,85
hash_sha256,41219b657ac39e21a5e299f64c90053ccceadeb62d77ed49c5c07cf9c0bf65e8,threatfox,Mirai,"threatfox,elf,Mirai",2026-10-05 16:07:16,2026-10-05 16:31:46,85
hash_sha256,4223a7952da03ac81cb8a0cfac51be7520427aaf116511e1f5066112eec78b8b,threatfox,AMOS,"threatfox,AMOS,ClickFix,Foxveil,macOS,stratos",2026-10-05 16:07:16,2026-10-05 16:31:46,85
hash_sha256,43c3e818d7605115c65ac208b0113ab9e7e8121a002002e1fa3213e7456b3356,threatfox,Mirai,"threatfox,elf,Mirai,upx",2026-10-05 16:07:16,2026-10-05 16:31:46,85
hash_sha256,4423462df341452a30f28e773a8cbc709bf1b78e698dc377fe10acb72dafcda1,threatfox,Mirai,"threatfox,elf,Mirai",2026-10-05 16:07:16,2026-10-05 16:31:46,85
hash_sha256,46699e038b1828204699f46bab2804102b938cf7015e91045667d9b8fa7bb355,threatfox,Mirai,"threatfox,elf,Gafgyt,Mirai",2026-10-05 16:07:16,2026-10-05 16:31:46,85
hash_sha256,46ab9696c9568a81b9de67721bf624804f7cefea1b87be8b56134f37fba4cd42,threatfox,Mirai,"threatfox,elf,Mirai",2026-10-05 16:07:16,2026-10-05 16:31:46,85
hash_sha256,470142a3fffd89fbd5bc3ffe5d6a831ddd9c4de0b07483014f500382cd217343,threatfox,Mirai,"threatfox,elf,Mirai",2026-10-05 16:07:16,2026-10-05 16:31:46,85
hash_sha256,474676951b42ae39a0c139ca0c587ae4032d2741d6da7d813a496c712ec1cd6b,threatfox,Mirai,"threatfox,elf,Mirai",2026-10-05 16:07:16,2026-10-05 16:31:46,85
hash_sha256,47e8a66124310758285a549ba29900bd30a86e13ded7f165640954f7b5602ca1,threatfox,Mirai,"threatfox,elf,Mirai,upx",2026-10-05 16:07:16,2026-10-05 16:31:46,85
hash_sha256,47ec550416d5740d5593508bd7088f26f1e7053cecd10851c2f15fb38e3fbd6d,threatfox,AsyncRAT,threatfox,2026-10-05 16:07:16,2026-10-05 16:31:46,85
hash_sha256,495565141e708a35526c564e32a76a5bb9de1a6aaddf6d05ae59c0565b66d6e8,threatfox,Mirai,"threatfox,elf,Mirai",2026-10-05 16:07:16,2026-10-05 16:31:46,85
hash_sha256,4a460c4ef23287011cc25124983b0fbc86e2d9215ae176c79ad541051ab3a184,threatfox,Mirai,"threatfox,elf,Mirai",2026-10-05 16:07:16,2026-10-05 16:31:46,85
hash_sha256,4a5ebb6b3a57d38caecb10cd82b8858e384a44875eefdba10cb8b478527fe264,threatfox,Koi Loader,"threatfox,KoiLoader,loader,ps1",2026-10-05 16:07:16,2026-10-05 16:31:46,85
hash_sha256,4aa8d4e8955da8341f72c69b5df68d1fda2110dca0ff8798d4c72a6ade4aa2ce,threatfox,Mirai,"threatfox,elf,Mirai",2026-10-05 16:07:16,2026-10-05 16:31:46,85
hash_sha256,4b7104b731a00ff778acde3ae8119987ff19d4d692a6d1410a9e91338c981bb9,threatfox,Bashlite,"threatfox,Bashlite,elf,Gafgyt",2026-10-05 16:07:16,2026-10-05 16:31:46,85
hash_sha256,4b77737221a774829b4ed79ba57643c3fbd78c5a5c8acb7552b610b31affbbc0,threatfox,Mirai,"threatfox,elf,Mirai",2026-10-05 16:07:16,2026-10-05 16:31:46,85
hash_sha256,4bb957e55360ae037e790622340f6369c94653f190fb5e533c05729564156284,threatfox,WannaCryptor,threatfox,2026-10-05 16:07:16,2026-10-05 16:31:46,85
hash_sha256,4bd8bfae4b818e51b451ed059e70d751993ba856bd39610721eae993f30ea024,threatfox,Mirai,"threatfox,elf,Mirai",2026-10-05 16:07:16,2026-10-05 16:31:46,85
hash_sha256,4c3c2e01b3418659c8e05b8b93986ecb08c675f610f26bcd3471aaebbdd6849e,threatfox,Bashlite,"threatfox,Bashlite,elf,Gafgyt",2026-10-05 16:07:16,2026-10-05 16:31:46,85
hash_sha256,4d90ee2e0ceed931717be11b0ce7f4f634d3efc8ccc1ee63156c5573ecb054e9,threatfox,ValleyRAT,threatfox,2026-10-05 16:07:16,2026-10-05 16:31:46,85
hash_sha256,4dcfbac2c01eaec09f1ef959d6a25fdaca5fc84936b07328f174031738d888b9,threatfox,Mirai,"threatfox,elf,Mirai",2026-10-05 16:07:16,2026-10-05 16:31:46,85
hash_sha256,4de31543b2a4818c780750038cd9c2ba6ba40a6fe45a6b932147e82afcb6dc7f,threatfox,Mirai,"threatfox,elf,Mirai",2026-10-05 16:07:16,2026-10-05 16:31:46,85
hash_sha256,4e5d4b88a192b89063f3cdf3b8e0888ae60c6a159d65f3dbe34bfa6d9d4c9e45,threatfox,Mirai,"threatfox,elf,Mirai",2026-10-05 16:07:16,2026-10-05 16:31:46,85
hash_sha256,4ec8d28a905d70c8b6cda812f9a627350c851b3e18d1ee0839b8833080fd9dab,threatfox,Bashlite,"threatfox,Bashlite,elf,Gafgyt",2026-10-05 16:07:16,2026-10-05 16:31:46,85
hash_sha256,4ed255adc2f5d0469a26990845f1ceb7618ed41567a14024c2a35796ea34c029,threatfox,Mirai,"threatfox,elf,Mirai",2026-10-05 16:07:16,2026-10-05 16:31:46,85
hash_sha256,4ee354fb5bf00acde5a3d4ca305bf8dd2cc2ae4e70530cafcbd812f1773df0f9,threatfox,Mirai,"threatfox,elf,Mirai",2026-10-05 16:07:16,2026-10-05 16:31:46,85
hash_sha256,4fac6b5ac4fa64cf89eb20d71cef09ec3bf0c22fd5112f7ceacc5aa344bbc668,threatfox,SNOWLIGHT,"threatfox,elf,SNOWLIGHT",2026-10-05 16:07:16,2026-10-05 16:31:46,85
hash_sha256,4fcdb14419698bf94ccf820465504fa54da1372c69094601195112cc5a9fdb9d,threatfox,Mirai,"threatfox,elf,Mirai",2026-10-05 16:07:16,2026-10-05 16:31:46,85
hash_sha256,50937b694cedf3bb4aab0deecb2e8fa8ba8c16e4150bba099de4b2ea19770acc,threatfox,Mirai,"threatfox,elf,Mirai",2026-10-05 16:07:16,2026-10-05 16:31:46,85
hash_sha256,50de568b3bd5bdc9855aa047713706d77238e8e7c0bb3aae94123fb8456b2cb4,threatfox,Formbook,threatfox,2026-10-05 16:07:16,2026-10-05 16:31:46,85
hash_sha256,5225d02fc4b6a0d7d9e0cf638f751cf200931df18bd617a99e7947192c8ab6fc,threatfox,Mirai,"threatfox,elf,Mirai",2026-10-05 16:07:16,2026-10-05 16:31:46,85
hash_sha256,5231a4a5575c46a7609e480f7be08526ef83dfe1c6e75975bc0755db39590fd8,threatfox,Mirai,"threatfox,elf,Mirai",2026-10-05 16:07:16,2026-10-05 16:31:46,85
hash_sha256,5290182e01b17bbc00c95df73749b91a716537c402aac65b4ca908cea8d45ce6,threatfox,Mirai,"threatfox,elf,Gafgyt,Mirai",2026-10-05 16:07:16,2026-10-05 16:31:46,85
hash_sha256,53c7a57da9e0edb7cbb0abce206edc68ebd027f1a9b42cf0e1b425d7257be137,threatfox,Mirai,"threatfox,elf,Mirai",2026-10-05 16:07:16,2026-10-05 16:31:46,85
hash_sha256,5502969dbfa95043fea97dbd10009ee3be6a9691414298afa8f8e27868074da5,threatfox,Mirai,"threatfox,elf,Mirai",2026-10-05 16:07:16,2026-10-05 16:31:46,85
hash_sha256,553855b485206d2cbe0756235116ce329b5185c4a40092bb1707ffdc9da26d5a,threatfox,Mirai,"threatfox,elf,Mirai,wraith",2026-10-05 16:07:16,2026-10-05 16:31:46,85
hash_sha256,556a3dc254f21921d0b0c2240c49f2e1edf682615e064db97501a0a7de2c8546,threatfox,Mirai,"threatfox,elf,Mirai",2026-10-05 16:07:16,2026-10-05 16:31:46,85
hash_sha256,56ac9d3f41e82f876e49f3ca05ebc814bf84d06a60cb7deae671f2aea00b7069,threatfox,Mirai,"threatfox,elf,Mirai",2026-10-05 16:07:16,2026-10-05 16:31:46,85
hash_sha256,56f831a271e245dea5f00386cd3169ee81b8e69a3df32e547092775d92f07d58,threatfox,Mirai,"threatfox,elf,Mirai",2026-10-05 16:07:16,2026-10-05 16:31:46,85
hash_sha256,57d5a50ba25adb9655277317c163a2afbb95077386ecba245ecc8925220bf99e,threatfox,Mirai,"threatfox,elf,Mirai",2026-10-05 16:07:16,2026-10-05 16:31:46,85
hash_sha256,58586e1c14ca199ad1e63108586b3fe56af82c169320d9346e1bbb14e621f46f,threatfox,Vidar,threatfox,2026-10-05 16:07:16,2026-10-05 16:31:46,85
hash_sha256,58d4e495746fc2f9a21388849a4a565bba5b9debca70b6e02f40d91469999912,threatfox,Mirai,"threatfox,elf,Mirai",2026-10-05 16:07:16,2026-10-05 16:31:46,85
hash_sha256,59c6b38fe390ccb3b2913a619ad38d8033d24a8467aca0c50f94f032ea5c2552,threatfox,Mirai,"threatfox,elf,Mirai",2026-10-05 16:07:16,2026-10-05 16:31:46,85
hash_sha256,5a068fea365cfeef2c0c6f0999b10b506fa1e0e79b00445ecdef6e4e433f7b5a,threatfox,AMOS,"threatfox,AMOS,ClickFix,Foxveil,macOS,quill",2026-10-05 16:07:16,2026-10-05 16:31:46,85
hash_sha256,5a35f8768b18352d3e2d853bcf10ce6ea94793074e5780ec6028d8b67f6c2907,threatfox,Mirai,"threatfox,elf,Mirai",2026-10-05 16:07:16,2026-10-05 16:31:46,85
hash_sha256,5a814a5d21b1542bf779f35248f3ba74b72791aa11a5103b1a607e687aa23087,threatfox,Mirai,"threatfox,elf,Mirai,upx",2026-10-05 16:07:16,2026-10-05 16:31:46,85
hash_sha256,5c9092d329591862af419a6abc283e66017b01762d5745089f54e95c4d4c0b8d,threatfox,Mirai,"threatfox,elf,Mirai",2026-10-05 16:07:16,2026-10-05 16:31:46,85
hash_sha256,5ce671f8a7a6443d40de1d7383e967cc002e4c54208eb3ce7928f12d75e195bf,threatfox,Mirai,"threatfox,elf,Mirai",2026-10-05 16:07:16,2026-10-05 16:31:46,85
hash_sha256,5ceb7a989bf180203d0e75813479eeee32c2b7a599b276f9cb51d584d079c0ca,threatfox,Mirai,"threatfox,elf,Mirai",2026-10-05 16:07:16,2026-10-05 16:31:46,85
hash_sha256,5eebc6bb602b8abc7ed5e54a5025c3f0e2b07f9bb9978aeff4d09a08ad1c0b83,threatfox,Mirai,"threatfox,elf,Mirai",2026-10-05 16:07:16,2026-10-05 16:31:46,85
hash_sha256,5f12438f708cb1b78262307a5357870c3915a9397872e7fb8166c60ab58ea3ea,threatfox,AsyncRAT,threatfox,2026-10-05 16:07:16,2026-10-05 16:31:46,85
hash_sha256,60490b084bf209e4d3ac1c071c3168da2e17af7ea7c6b8f046fc9b37294e2c95,threatfox,Supper,threatfox,2026-10-05 16:07:16,2026-10-05 16:31:46,85
hash_sha256,64690dd19373b5df539d66e64e39dbbd51b2734e35143d53c223a19bfea74f50,threatfox,Mirai,"threatfox,elf,Mirai",2026-10-05 16:07:16,2026-10-05 16:31:46,85
hash_sha256,65073ad891fb66599d4879df5c03f0ea1f8e9b2631a3896e2e29faa38615eb2a,threatfox,Mirai,"threatfox,elf,Mirai",2026-10-05 16:07:16,2026-10-05 16:31:46,85
hash_sha256,6559cd80d32e527afe11c89b6dbc659216779ac559a83229be0a23e1d918f5f6,threatfox,Mirai,"threatfox,elf,Mirai",2026-10-05 16:07:16,2026-10-05 16:31:46,85
hash_sha256,658d27da6621a26fb15b9ad179bae862172412f3ee4c2d2130dd868919ab9810,threatfox,Mirai,"threatfox,elf,Gafgyt,Mirai",2026-10-05 16:07:16,2026-10-05 16:31:46,85
hash_sha256,67d081050f574cc9c30b7876f13915522683ca0d37c854321012d9c87c10b185,threatfox,Mirai,"threatfox,elf,Mirai",2026-10-05 16:07:16,2026-10-05 16:31:46,85
hash_sha256,6810ff810bf888ebb99ccf93e3a692a85d4762784487bc195ceb204187531575,threatfox,Mirai,"threatfox,elf,Mirai",2026-10-05 16:07:16,2026-10-05 16:31:46,85
hash_sha256,68b13fa7f50b882a7ff30b9a79eb609404a1d5efb621ccea952f8fe94992a25e,threatfox,Mirai,"threatfox,elf,Mirai",2026-10-05 16:07:16,2026-10-05 16:31:46,85
hash_sha256,69040b56b0ab4521541fc2730e916a31f6b95882d9e928d6da66e885ae80410e,threatfox,Mirai,"threatfox,elf,Mirai",2026-10-05 16:07:16,2026-10-05 16:31:46,85
hash_sha256,69a482c5823cd333423121c9eb9235d445467018d48a964b634ed4cf3754c37b,threatfox,Formbook,threatfox,2026-10-05 16:07:16,2026-10-05 16:31:46,85
hash_sha256,6ad7962bb545eab340c23f4fe61511d99a04c051d9c5d4db26f47ce99244c030,threatfox,Mirai,"threatfox,elf,Mirai,upx,worm",2026-10-05 16:07:16,2026-10-05 16:31:46,85
hash_sha256,6ba73c5e125c7f7c9d7e51f377c924ee248bb5b7721ee34387d2c1985276031e,threatfox,Mirai,"threatfox,elf,Mirai",2026-10-05 16:07:16,2026-10-05 16:31:46,85
hash_sha256,6c94095aa71962747cf66b48443a48c7a7fc0fbe1d643ba49aa12f48ea893e20,threatfox,Mirai,"threatfox,elf,Mirai",2026-10-05 16:07:16,2026-10-05 16:31:46,85
hash_sha256,6d69d14d77978195334345025800554e5505d2b9158ad21d78f4b9e3c099453b,threatfox,WannaCryptor,threatfox,2026-10-05 16:07:16,2026-10-05 16:31:46,85
hash_sha256,6e5bce876258aeb30ed5b3f381ee8f8a6b4ddaceb4f74f3a833e891f32a9b177,threatfox,Bashlite,"threatfox,Bashlite,elf,Gafgyt",2026-10-05 16:07:16,2026-10-05 16:31:46,85
hash_sha256,6f7856c60ab476b31dad337faa3f1201bc0ff2180cb5d1bc4459c2feb872bdb2,threatfox,Mirai,"threatfox,elf,Mirai",2026-10-05 16:07:16,2026-10-05 16:31:46,85
hash_sha256,70a656d89b2d5b3ad2a3e5c60e55a5185e26b975b628878f68f7104189bec0df,threatfox,Mirai,"threatfox,elf,Mirai,upx",2026-10-05 16:07:16,2026-10-05 16:31:46,85
hash_sha256,715ba9c84148a59393ce9c78921375f8daf244afcb6100c13f067c7e10e3f38f,threatfox,Mirai,"threatfox,elf,Mirai",2026-10-05 16:07:16,2026-10-05 16:31:46,85
hash_sha256,71cea4256cc288235abb453bf5770c5a0cb50735234147c357a1b2c49c06bb9e,threatfox,Mirai,"threatfox,elf,Mirai",2026-10-05 16:07:16,2026-10-05 16:31:46,85
hash_sha256,71e11a8808f9a008908d1fb3edb5e00417d01f08cb4df2959404e84cd1ca82d6,threatfox,Mirai,"threatfox,elf,Mirai",2026-10-05 16:07:16,2026-10-05 16:31:46,85
hash_sha256,72450e617af5eb05a48143011b8a231034ae48f4fe4746dde896e106d75a45a8,threatfox,Mirai,"threatfox,elf,Mirai",2026-10-05 16:07:16,2026-10-05 16:31:46,85
hash_sha256,7263c20b18ec748e1565590e7d9ac49841841d76a49e591f994bd144beb49d49,threatfox,Bashlite,"threatfox,Bashlite,Gafgyt,sh",2026-10-05 16:07:16,2026-10-05 16:31:46,85
hash_sha256,729978b00d098842363f59a6ffee3ac80e8a41e11c7317c837cd0b4345ed8a31,threatfox,Mirai,"threatfox,elf,Mirai",2026-10-05 16:07:16,2026-10-05 16:31:46,85
hash_sha256,7429f4e61a614ea18564420d8c5e702fd9ea2889cdb518d2e368cc067e0a0cf6,threatfox,Mirai,"threatfox,elf,Mirai",2026-10-05 16:07:16,2026-10-05 16:31:46,85
hash_sha256,74b7f4a3a0c2fd0dc6e77fd0353f002d1fd324c3b872761b9ec3283cc55e2b35,threatfox,Mirai,"threatfox,elf,Mirai",2026-10-05 16:07:16,2026-10-05 16:31:46,85
hash_sha256,75eec3fe903f215cfe790a37f77c5be5fb2ef0e9466737ffdee00557acf923f0,threatfox,VShell,threatfox,2026-10-05 16:07:16,2026-10-05 16:31:46,85
hash_sha256,764235525d0693881c3672e5a21bfe88227c045213264692dfc1a6d3ec89397f,threatfox,Mirai,"threatfox,elf,Mirai",2026-10-05 16:07:16,2026-10-05 16:31:46,85
hash_sha256,7646b3e8487c81da874ac8eb773056fa6c466e5c0408a1459a03696be779a49d,threatfox,Mirai,"threatfox,elf,Mirai",2026-10-05 16:07:16,2026-10-05 16:31:46,85
hash_sha256,7649fa641422a292db1a245106f9bca00180c05a6e959c4aa1301d44e51fb499,threatfox,Mirai,"threatfox,elf,Mirai",2026-10-05 16:07:16,2026-10-05 16:31:46,85
hash_sha256,7700226f11681b7e2baf5ade8140b911b12f650376080baa1ddbddfc242ab750,threatfox,Mirai,"threatfox,elf,Gafgyt,Mirai",2026-10-05 16:07:16,2026-10-05 16:31:46,85
hash_sha256,78ffec80d4f8ff1def2a8d1280825cbd8f913540815030db7c95ebf9ba2dd945,threatfox,Mirai,"threatfox,elf,Mirai",2026-10-05 16:07:16,2026-10-05 16:31:46,85
hash_sha256,7970c397baac166a81cf050def91e1b969180564ef973242b565b5c6d821d189,threatfox,Mirai,"threatfox,elf,Mirai",2026-10-05 16:07:16,2026-10-05 16:31:46,85
hash_sha256,7a9e0fd2d007077930083a2baf2473263a1794f9b32f5df89df57128c2f8861c,threatfox,Mirai,"threatfox,elf,Mirai",2026-10-05 16:07:16,2026-10-05 16:31:46,85
hash_sha256,7ae6b2c0002be8692a79a02b43dd62d333d727d953768f2c5c0f0f43c2e1f998,threatfox,Mirai,"threatfox,backdoor,elf,Mirai,upx",2026-10-05 16:07:16,2026-10-05 16:31:46,85
hash_sha256,7b0eabe17cb971475d31907966db1ecf335f052f6a27c75f435ad49ab97c6656,threatfox,Mirai,"threatfox,elf,Gafgyt,Mirai",2026-10-05 16:07:16,2026-10-05 16:31:46,85
hash_sha256,7c2b457545aad2ab304719df171448313b8e39040b91883c1dcad6b378f350bc,threatfox,Mirai,"threatfox,elf,Mirai",2026-10-05 16:07:16,2026-10-05 16:31:46,85
hash_sha256,7c5194d52390d505f86324cacd369873f900e1a9d766921bf650ecb29a4adf1e,threatfox,Bashlite,"threatfox,Bashlite,elf,Gafgyt",2026-10-05 16:07:16,2026-10-05 16:31:46,85
hash_sha256,7c966a6a44834153f188ea167927c4196bd42e79be0139119f0f20b112318db7,threatfox,Mirai,"threatfox,elf,Mirai",2026-10-05 16:07:16,2026-10-05 16:31:46,85
hash_sha256,7cc8f04cfe213262c56ef7bd0ca186fbf4ae9157a097bb8b26b3ef7b7d085f9e,threatfox,Mirai,"threatfox,elf,Mirai",2026-10-05 16:07:16,2026-10-05 16:31:46,85
hash_sha256,7d27f5e01d827bdca66a3850d3f5fd9182ad876628945438e7d7f770bd9b8ed3,threatfox,Mirai,"threatfox,elf,Mirai",2026-10-05 16:07:16,2026-10-05 16:31:46,85
hash_sha256,7d4a07190ba8677db6da293201874a923a8072a8fe3e1d2eaaede710f3fc04c6,threatfox,AsyncRAT,threatfox,2026-10-05 16:07:16,2026-10-05 16:31:46,85
hash_sha256,7e6efb2f5a2c4e858fd3a2d418af793e3d33792de03c3f8c4aa6f93018d6af2a,threatfox,Supper,threatfox,2026-10-05 16:07:16,2026-10-05 16:31:46,85
hash_sha256,7f3f6186228e3cdc930cd95cae7bb15781f2386ae5fe3b525b7c2975c4e588c5,threatfox,Mirai,"threatfox,elf,Mirai",2026-10-05 16:07:16,2026-10-05 16:31:46,85
hash_sha256,7fe6add74980ad0832f31c2da74986c22a8dc5c7ff641409b26e45f97b7ad99a,threatfox,Mirai,"threatfox,elf,Mirai",2026-10-05 16:07:16,2026-10-05 16:31:46,85
hash_sha256,80276d9ff0aa4d87530f3f101a36d7f4f3f5d8bc18b2af8485df70c10c2b988c,threatfox,Mirai,"threatfox,elf,Mirai",2026-10-05 16:07:16,2026-10-05 16:31:46,85
hash_sha256,807126cbae47c03c99590d081b82d5761e0b9c57a92736fc8516cf41bc564a7d,threatfox,Coinminer,"threatfox,Coinminer,coinminertrojanbitcoinminer,exe",2026-10-05 16:07:16,2026-10-05 16:31:46,85
hash_sha256,80a121e3843db5f4a9641d4c464f2f9531f1994d4c20e5456d59319cdf0aef32,threatfox,Mirai,"threatfox,elf,Mirai",2026-10-05 16:07:16,2026-10-05 16:31:46,85
hash_sha256,80c7bbe775eec6cee611ded9cc862f574366d78e060f204249edc740a6e90b3c,threatfox,Mirai,"threatfox,elf,Mirai",2026-10-05 16:07:16,2026-10-05 16:31:46,85
hash_sha256,80edaab25ec8e4aa0d498601c8e9a62a90ee5af89d26bc55383c9a15c2003c69,threatfox,Mirai,"threatfox,elf,Mirai",2026-10-05 16:07:16,2026-10-05 16:31:46,85
hash_sha256,817a0b62c21824f63ad7e70667bf53a8c9be03dda255c2ba29187000efb873ed,threatfox,Mirai,"threatfox,elf,Gafgyt,Mirai",2026-10-05 16:07:16,2026-10-05 16:31:46,85
hash_sha256,82540f7b652dbfb1df69735979301663bac29f597a378464032147e8587e2b6e,threatfox,Mirai,"threatfox,elf,Mirai",2026-10-05 16:07:16,2026-10-05 16:31:46,85
hash_sha256,82adb812cf0b449526ddb66d599a8f2b3a7821cff0f6ffec39d2154faf5b6858,threatfox,Mirai,"threatfox,elf,Mirai",2026-10-05 16:07:16,2026-10-05 16:31:46,85
hash_sha256,834df45b239cfd655b4f4a7be2e2a960b160fbc642b08aaaa90181e1672ab489,threatfox,Mirai,"threatfox,elf,Mirai",2026-10-05 16:07:16,2026-10-05 16:31:46,85
hash_sha256,836043d6864109bd9aacd56b4c06e096dbf3c2d03c9aa870148d8e032f9068ff,threatfox,Mirai,"threatfox,elf,Mirai",2026-10-05 16:07:16,2026-10-05 16:31:46,85
hash_sha256,84de969fa7d734128d5293c458e736694b0eb42313b5d165d0ee44ca9cf888a7,threatfox,Agent Tesla,"threatfox,AgentTesla,ps1",2026-10-05 16:07:16,2026-10-05 16:31:46,85
hash_sha256,84df34daa1dd09d5ad5c6a259d3546940b0dec4ffa54966135d341c0692ce828,threatfox,ClearFake,threatfox,2026-10-05 16:07:16,2026-10-05 16:31:46,85
hash_sha256,85fe17ed8d861794f45fef185763215358bb89b5b62d035228018c0e93f2a338,threatfox,Mirai,"threatfox,cloaked,elf,Mirai",2026-10-05 16:07:16,2026-10-05 16:31:46,85
hash_sha256,8897defb95976786b6f76ce75429ec6d0191ff548dcb31c05a1d74fd7f798c34,threatfox,Mirai,"threatfox,elf,Mirai",2026-10-05 16:07:16,2026-10-05 16:31:46,85
hash_sha256,8913e92f681f4a3a64aaeb9a27dc06b318a95292c0c9a9c8591081444ea19140,threatfox,Mirai,"threatfox,elf,Mirai",2026-10-05 16:07:16,2026-10-05 16:31:46,85
hash_sha256,8995859db6a51656cb461338eaaf2de8ccd675b2f769b23638cdd23ae13400ce,threatfox,Akira Stealer,threatfox,2026-10-05 16:07:16,2026-10-05 16:31:46,85
hash_sha256,89e9d3797c5b51b99362290caeb507e8122b3bb890ecf68372a9b059e9213ab0,threatfox,Mirai,"threatfox,elf,Mirai",2026-10-05 16:07:16,2026-10-05 16:31:46,85
hash_sha256,89f3307a4977c65a029c1201580adb228451264fe10e598188f6130dfd75b8fb,threatfox,Mirai,"threatfox,elf,Mirai",2026-10-05 16:07:16,2026-10-05 16:31:46,85
hash_sha256,8a3f65175fb4317c9d050c07e4b8bb82d8007c9a1e1573647e7925a9e303533f,threatfox,Mirai,"threatfox,elf,Mirai",2026-10-05 16:07:16,2026-10-05 16:31:46,85
hash_sha256,8a4214bf59af8622727edfdd720402f3535465701d5c536f10ccabb2fc5cdb33,threatfox,Mirai,"threatfox,elf,Mirai",2026-10-05 16:07:16,2026-10-05 16:31:46,85
hash_sha256,8af14f8ca5fc9156a2e33a6d4060559e8c9bd0cba44e5b8e1c0f140a997bbc43,threatfox,Mirai,"threatfox,elf,Mirai",2026-10-05 16:07:16,2026-10-05 16:31:46,85
hash_sha256,8b1b1714d9544d86284accdd3240df5ef641cf5504f4c8baebec5387e966524f,threatfox,ValleyRAT,threatfox,2026-10-05 16:07:16,2026-10-05 16:31:46,85
hash_sha256,8b845d9ff26438f8b9d5aac21fd6de2cd8f8db0fe504e2e64a82cb1ee755e721,threatfox,Mirai,"threatfox,elf,Mirai",2026-10-05 16:07:16,2026-10-05 16:31:46,85
hash_sha256,8ce48dc33e3b359c998ded03d4a0eee30a8249f7eae8ca6b998f128f97f26c8d,threatfox,Mirai,"threatfox,elf,Mirai",2026-10-05 16:07:16,2026-10-05 16:31:46,85
hash_sha256,8fb735359013db0937bfa6dc3530ef9c4c31080501009061caf26dd648f49503,threatfox,Mirai,"threatfox,elf,Mirai",2026-10-05 16:07:16,2026-10-05 16:31:46,85
hash_sha256,8ff671eb42c9a82e3a17941c12c0eb02b5d9829803e8b98ee262ce981265790e,threatfox,Bashlite,"threatfox,Bashlite,elf,Gafgyt",2026-10-05 16:07:16,2026-10-05 16:31:46,85
hash_sha256,900e540df178d0c79c1b6d6f29480233b938b51150ed7a496bc4fc431b72b93f,threatfox,Mirai,"threatfox,elf,Mirai",2026-10-05 16:07:16,2026-10-05 16:31:46,85
hash_sha256,9080d9c9982190322f8b3a209dd76d54adcb0487b34e16f853307dc9dca646b9,threatfox,AMOS,"threatfox,AMOS,ClickFix,Foxveil,macOS,quill",2026-10-05 16:07:16,2026-10-05 16:31:46,85
hash_sha256,90c6e31dbd3d092caef01ed472ef25717a4e8bf40d0ac842b7163ef9286860fe,threatfox,Mirai,"threatfox,elf,Mirai",2026-10-05 16:07:16,2026-10-05 16:31:46,85
hash_sha256,90ccc569237888ba624092df7d4c65176c74e689a72e295c8f88dce3d4888ab8,threatfox,Mirai,"threatfox,elf,Mirai",2026-10-05 16:07:16,2026-10-05 16:31:46,85
hash_sha256,914fee0bd216643b6da22caba20cc208075924b38754e70b433fe5a5e03afb1a,threatfox,Vidar,threatfox,2026-10-05 16:07:16,2026-10-05 16:31:46,85
hash_sha256,915dc35b417f2b39837ed079abf4636b34c458a070115fe95160da96ee4e77a3,threatfox,Mirai,"threatfox,elf,Mirai",2026-10-05 16:07:16,2026-10-05 16:31:46,85
hash_sha256,91dcc2c34c11743a79a4b95a529415c9b00d85acb703caaa351558f3992843e3,threatfox,AMOS,"threatfox,AMOS,ClickFix,Foxveil,macOS,quill",2026-10-05 16:07:16,2026-10-05 16:31:46,85
hash_sha256,92365a186dec592d0741d2bf29cffd80029e56394311bde51d424abfdae3347b,threatfox,Vidar,threatfox,2026-10-05 16:07:16,2026-10-05 16:31:46,85
hash_sha256,934586673c04f504e861d7d5415e4aa427108c807715d69dbd8fc7a467df1d4c,threatfox,Bashlite,"threatfox,Bashlite,elf,upx",2026-10-05 16:07:16,2026-10-05 16:31:46,85
hash_sha256,9515f94a81f72bd96fe220d2717b0efd0533128e66552aff0f0810cf12f01b6c,threatfox,Mirai,"threatfox,elf,Mirai",2026-10-05 16:07:16,2026-10-05 16:31:46,85
hash_sha256,95e346ab59489720f75e42b07be21f00b59e4773cf33bd48047baa4d352d3850,threatfox,AMOS,"threatfox,AMOS,ClickFix,Foxveil,macOS,stratos",2026-10-05 16:07:16,2026-10-05 16:31:46,85
hash_sha256,9617b19e905497ad9b0f4a6cca19b5c0ab86c334408a35f42622b2b2ad798afa,threatfox,Mirai,"threatfox,elf,Mirai",2026-10-05 16:07:16,2026-10-05 16:31:46,85
hash_sha256,96dba8e88c6c483bf79c9b28d81ef0f312c14c69e16572384967bac7c62de0fc,threatfox,Mirai,"threatfox,elf,Mirai",2026-10-05 16:07:16,2026-10-05 16:31:46,85
hash_sha256,97d433c19f469b548abdf32a0121b627e51afde5f2e590c52b89cb894874cae9,threatfox,Mirai,"threatfox,elf,Gafgyt,Mirai",2026-10-05 16:07:16,2026-10-05 16:31:46,85
hash_sha256,9cc5a48ac7f622a1910eca3f9dbe07eaa9d4996aa9ed3f01fe0f2fba1fe5ed48,threatfox,Mirai,"threatfox,elf,Mirai,upx",2026-10-05 16:07:16,2026-10-05 16:31:46,85
hash_sha256,9d1f340f5bf3ace3a1bb66cc5692eafeab3e76795552746ab93a1962e8353f24,threatfox,Mirai,"threatfox,elf,Mirai",2026-10-05 16:07:16,2026-10-05 16:31:46,85
hash_sha256,9edf6cbaba9ccd5c7b2665d708d85ce2035892723c3ec1b58a5c2862c846008a,threatfox,Mirai,"threatfox,elf,Mirai",2026-10-05 16:07:16,2026-10-05 16:31:46,85
hash_sha256,9fac920ecdd87beb16bcacb5836f7f91adbb2c5325467037ce3c5692cc7f1be4,threatfox,Mirai,"threatfox,elf,Mirai",2026-10-05 16:07:16,2026-10-05 16:31:46,85
hash_sha256,9fea29424c093c0652a3c3e6dc22df33c1521745660f588539e33bfd533ec713,threatfox,Supper,threatfox,2026-10-05 16:07:16,2026-10-05 16:31:46,85
hash_sha256,a02f1c4b39efbb348c865afacb761230d109026322781e6cd92a420357471aba,threatfox,Mirai,"threatfox,elf,Mirai",2026-10-05 16:07:16,2026-10-05 16:31:46,85
hash_sha256,a038aad92c5375a1b7dcf2a4f0e6a4cadc05cfa552f42157f4a53baf588f4392,threatfox,Mirai,"threatfox,elf,Mirai",2026-10-05 16:07:16,2026-10-05 16:31:46,85
hash_sha256,a04ba45d395b13d7ef9f838711181f375bbb752bfc50d2aa33b0bc6ef8b30908,threatfox,Mirai,"threatfox,elf,Mirai",2026-10-05 16:07:16,2026-10-05 16:31:46,85
hash_sha256,a05c6b32f33d3a6398ff35d21376e204732499c5be9638c1c130cdde6945ab5a,threatfox,Mirai,"threatfox,elf,Mirai",2026-10-05 16:07:16,2026-10-05 16:31:46,85
hash_sha256,a0aaff2946ba2bf57f5e94c081bf289a8ddb7f2edee21ba0be9796c769946f76,threatfox,Formbook,threatfox,2026-10-05 16:07:16,2026-10-05 16:31:46,85
hash_sha256,a0e7e5b25346340da9e58ac4fe8691409f8dbc99d1e2aa3f496c3f9b10016d8c,threatfox,Mirai,"threatfox,elf,Mirai,wraith",2026-10-05 16:07:16,2026-10-05 16:31:46,85
hash_sha256,a12160a46e090207a99eeecbb669c595e8d4f5d7d4f58a7c1523a48308778ab9,threatfox,Mirai,"threatfox,elf,Mirai",2026-10-05 16:07:16,2026-10-05 16:31:46,85
hash_sha256,a559870896a9ca646ff93990f1e649b165f5243305b4f1a31e1a8ade6e505634,threatfox,Mirai,"threatfox,elf,Mirai",2026-10-05 16:07:16,2026-10-05 16:31:46,85
hash_sha256,a5f577a4efb54b5642cdc079aa4d3906ae79d0b2543b83dd3c2e312775caa2af,threatfox,SVCStealer,"threatfox,579cd0,clip64.dll,dll,dropped-by-Amadey,exe,plugin,stealer,SVCStealer",2026-10-05 16:07:16,2026-10-05 16:31:46,85
hash_sha256,a6d3116d97cfde4f4c1dc3dce174cab2d2f77f0b4448df9645b94185e062925d,threatfox,Mirai,"threatfox,elf,Mirai",2026-10-05 16:07:16,2026-10-05 16:31:46,85
hash_sha256,a839d04c772a9042aae42d20fd48b080e269a1295b764cde449650d749d928d6,threatfox,Loda,"threatfox,Loda,msi",2026-10-05 16:07:16,2026-10-05 16:31:46,85
hash_sha256,a94e7819851437ae1624a4059f90c02eec13be0d6b0d69106d88fb31d7da4e52,threatfox,Bashlite,"threatfox,Bashlite,elf,Gafgyt",2026-10-05 16:07:16,2026-10-05 16:31:46,85
hash_sha256,a9bbab8c4da1cd6f267c018bdb739192d1cfc6c1fd0fcae34e9de36367d11b9b,threatfox,Mirai,"threatfox,elf,Mirai",2026-10-05 16:07:16,2026-10-05 16:31:46,85
hash_sha256,aa4639663029df458184d867d1b26e70f72dbab32b4d86413eaefb3b577093ce,threatfox,Mirai,"threatfox,elf,Mirai",2026-10-05 16:07:16,2026-10-05 16:31:46,85
hash_sha256,ac2f4d26740dbb0b9c2d00c15ebbda2b781a4205690c05d96f3014319f1ae8f0,threatfox,Mirai,"threatfox,elf,Mirai",2026-10-05 16:07:16,2026-10-05 16:31:46,85
hash_sha256,ac5d62a69da73a6c6c62fa5f6fa2a77226a34568e84fcd5cc9461e18b521a758,threatfox,Mirai,"threatfox,elf,Mirai",2026-10-05 16:07:16,2026-10-05 16:31:46,85
hash_sha256,ac927aaf104545b1fa57b638a9ae8a7e1401b72095936bc8b36788fd2aa1c306,threatfox,KrakenKeylogger,threatfox,2026-10-05 16:07:16,2026-10-05 16:31:46,85
hash_sha256,b0eec09b1fd83b8e223fe2442acd67505f206ea84955e83661174bcc3df31644,threatfox,Mirai,"threatfox,elf,Mirai",2026-10-05 16:07:16,2026-10-05 16:31:46,85
hash_sha256,b245f11b809777fea0b8ac29497a1e40bdeaeeb040676b1173f602ca7d7450fb,threatfox,Vidar,threatfox,2026-10-05 16:07:16,2026-10-05 16:31:46,85
hash_sha256,b35422aa2555bd91cde5d3eb5371e854ce145db54db25633add6c9cb0b786b86,threatfox,Mirai,"threatfox,elf,Mirai",2026-10-05 16:07:16,2026-10-05 16:31:46,85
hash_sha256,b46644ea431174016fac2b1e03e241ec72188f6fecd3a15bf709fd1282e1a64d,threatfox,Mirai,"threatfox,elf,Mirai",2026-10-05 16:07:16,2026-10-05 16:31:46,85
hash_sha256,b6379b84899a5ac3d3767685d8ed1de8865bd27e80cd8541d1cb61150bdc2e4f,threatfox,Mirai,"threatfox,elf,Mirai",2026-10-05 16:07:16,2026-10-05 16:31:46,85
hash_sha256,b683be4917d5f072dd829d9dded2a20c747a994b260cf9ec9c8139ac36c784dd,threatfox,Mirai,"threatfox,elf,Mirai",2026-10-05 16:07:16,2026-10-05 16:31:46,85
hash_sha256,b7608d9f961782105ba7fa730fde42e5c6e21d56da7021ce67631dd0d82d82e1,threatfox,Mirai,"threatfox,elf,Mirai",2026-10-05 16:07:16,2026-10-05 16:31:46,85
hash_sha256,b7a91c8f10e64ce50ed08bacb03930d1e21af876463f005ec4b11f3ed5f59adf,threatfox,Bashlite,"threatfox,Bashlite,elf,Gafgyt",2026-10-05 16:07:16,2026-10-05 16:31:46,85
hash_sha256,b876985fc539dc06defb7a6049dbef63b0c4d093035b5ba295ed2ab00c71936d,threatfox,Mirai,"threatfox,elf,Mirai",2026-10-05 16:07:16,2026-10-05 16:31:46,85
hash_sha256,b8beeb579184c836cd018ebefc85a0aaa2d73677a0f269afba4506baa59bf801,threatfox,Mirai,"threatfox,elf,Mirai",2026-10-05 16:07:16,2026-10-05 16:31:46,85
hash_sha256,b8c79b148808d2049cc4b1e23203d6f46eae775d7f3e3ff2823c8b504ba3f061,threatfox,Mirai,"threatfox,elf,Mirai",2026-10-05 16:07:16,2026-10-05 16:31:46,85
hash_sha256,b97807e19d527d827d19fff6db2f277255fc7ddb8bb18b9ca7bcb8b3fad47bf9,threatfox,Mirai,"threatfox,elf,Mirai",2026-10-05 16:07:16,2026-10-05 16:31:46,85
hash_sha256,bac3eae05a6a957271cc8589177b7e342ed02ab3ba6e1fe43560ec3f0842a39c,threatfox,Mirai,"threatfox,elf,Mirai,upx",2026-10-05 16:07:16,2026-10-05 16:31:46,85
hash_sha256,bc1f4aced516d10f5cfcd5663fa9b94c34f81d9a19cb391034f920de09617a8b,threatfox,Overlord RAT,threatfox,2026-10-05 16:07:16,2026-10-05 16:31:46,85
hash_sha256,bc31b6810f314bbc1ff6c65b2485316852aa5137bb4208c2be26d2036995e0b3,threatfox,Mirai,"threatfox,elf,Mirai",2026-10-05 16:07:16,2026-10-05 16:31:46,85
hash_sha256,be0c23d94d35369045deeb2c0d28cab1955aa3a32b3895ec4e9eae5acb5f705e,threatfox,Mirai,"threatfox,elf,Mirai",2026-10-05 16:07:16,2026-10-05 16:31:46,85
hash_sha256,bf1702f8d7b7a938d05f5e776ba28d60e2421f4b74cb671fb510028f8a80fb5f,threatfox,Mirai,"threatfox,elf,Mirai",2026-10-05 16:07:16,2026-10-05 16:31:46,85
hash_sha256,c100f4f7ef38a8c5de6da8ab284bd7fc0baac9653d4212c498cbd2966d64e2db,threatfox,Mirai,"threatfox,elf,Mirai",2026-10-05 16:07:16,2026-10-05 16:31:46,85
hash_sha256,c11848476102b1a62bb1590c370e7fb76c8e9c56d0a2f7e78ae7ec2ffea72a95,threatfox,Mirai,"threatfox,elf,Mirai",2026-10-05 16:07:16,2026-10-05 16:31:46,85
hash_sha256,c1da3121ecb64167e4851c7b3364d7ef05ff5895291ba9a9c345d9034faafa1b,threatfox,Mirai,"threatfox,elf,Mirai",2026-10-05 16:07:16,2026-10-05 16:31:46,85
hash_sha256,c3494f5694803c3337f32e4fe1ec9e0f6b54c7a545a048bc4d8de35869c1244d,threatfox,Mirai,"threatfox,elf,Mirai",2026-10-05 16:07:16,2026-10-05 16:31:46,85
hash_sha256,c39f84f7dd7bb0b0cc066c0892c826ca2aae486306617cf18b9e45feb204d6a8,threatfox,Mirai,"threatfox,elf,Mirai",2026-10-05 16:07:16,2026-10-05 16:31:46,85
hash_sha256,c5aeb2bb5cf9e5cc2c58edb574da28370f9c99cf25ec9618e8f24db217bf9572,threatfox,AMOS,"threatfox,AMOS,ClickFix,Foxveil,macOS,quill",2026-10-05 16:07:16,2026-10-05 16:31:46,85
hash_sha256,c734e31036a2ef2d09b93028828ab08c79afb47c06d125f16af87706e58f2609,threatfox,Quasar RAT,threatfox,2026-10-05 16:07:16,2026-10-05 16:31:46,85
hash_sha256,c734f4d58ccd972b78c369bb46c09b0369416206355281dc805a96a07ddbc13a,threatfox,Mirai,"threatfox,elf,Mirai",2026-10-05 16:07:16,2026-10-05 16:31:46,85
hash_sha256,c7646353a95329dd58db22ac2ce4681dd8c47615aa364b159f0f4133be616f16,threatfox,Mirai,"threatfox,elf,Mirai,upx",2026-10-05 16:07:16,2026-10-05 16:31:46,85
hash_sha256,c7c541e012ff4ded471bf15b45a20836bf6eb3693f2c656760912e4a2856e5aa,threatfox,Coinminer,"threatfox,Coinminer,sh",2026-10-05 16:07:16,2026-10-05 16:31:46,85
hash_sha256,c7dfef3d5e291d98462858fc0b1703fcfccd071d3def1c3b215ac1e1cb4c17b9,threatfox,Mirai,"threatfox,elf,Mirai",2026-10-05 16:07:16,2026-10-05 16:31:46,85
hash_sha256,c8a1e6f7da8908d82dbf25e6973e1b77d1eb81430a7554e71d66e9fd3edd9e7a,threatfox,Mirai,"threatfox,elf,Mirai",2026-10-05 16:07:16,2026-10-05 16:31:46,85
hash_sha256,c8e0831ac41f27233f76ee11b3b27284be0c055c1598f5aaa644aea46cdd95b8,threatfox,Vidar,threatfox,2026-10-05 16:07:16,2026-10-05 16:31:46,85
hash_sha256,c90f5fea31df5ee69850e0e4b1de5ab6704a29422db56f9193bbede194a16feb,threatfox,Mirai,"threatfox,elf,Mirai,upx",2026-10-05 16:07:16,2026-10-05 16:31:46,85
hash_sha256,c9507ccbf6580dc69ff21e9bdc3a7577a91a512abbacb0c77a6d8331bd8c8a74,threatfox,Mirai,"threatfox,elf,Mirai",2026-10-05 16:07:16,2026-10-05 16:31:46,85
hash_sha256,cb0d55da96bb67f98f7812da0b25b508bc857569b52b6e271768063bcc386143,threatfox,Mirai,"threatfox,elf,Mirai",2026-10-05 16:07:16,2026-10-05 16:31:46,85
hash_sha256,cb4cec3cdcbac35c36f00feee32284755d742c37c5cd0a8ef7564dfc044a485f,threatfox,Mirai,"threatfox,elf,Mirai",2026-10-05 16:07:16,2026-10-05 16:31:46,85
hash_sha256,cd3fc0cf4b441ae0189c9a3978b67060b91267f4b857682e85cf2fe79fbd115a,threatfox,Mirai,"threatfox,elf,Mirai",2026-10-05 16:07:16,2026-10-05 16:31:46,85
hash_sha256,ceb7dd368c88f5da73eb9d14974d70209518c91bf6f9e4bc14b8000ac9033057,threatfox,Mirai,"threatfox,elf,Mirai",2026-10-05 16:07:16,2026-10-05 16:31:46,85
hash_sha256,cef5ccaf5b002f4eb5ff29edc2a3b8e53a1c1aaa7489389161bf9ed25575a911,threatfox,Overlord RAT,"threatfox,ClickFix,exe,overlord,OverlordRAT,rat",2026-10-05 16:07:16,2026-10-05 16:31:46,85
hash_sha256,cfc53d891c389b644b9eedef169fc615ec64a2ac8548e7f77eb2542d22592efa,threatfox,Mirai,"threatfox,elf,Mirai",2026-10-05 16:07:16,2026-10-05 16:31:46,85
hash_sha256,d1f0d6f767c5385b7129e9bf95bf9a769b8066e8709b0be045411e1bc895ebfb,threatfox,Mirai,"threatfox,elf,Mirai,wraith",2026-10-05 16:07:16,2026-10-05 16:31:46,85
hash_sha256,d304e0c4f75a5eb1c0cee3e3bd15794c0c5679f94e41516e1fd4d593d81a7573,threatfox,Mirai,"threatfox,elf,Mirai",2026-10-05 16:07:16,2026-10-05 16:31:46,85
hash_sha256,d30bda2b72f81b885bd907b312376fe9a9e156057152b743846c02a10cc34928,threatfox,Mirai,"threatfox,elf,Mirai",2026-10-05 16:07:16,2026-10-05 16:31:46,85
hash_sha256,d552b203de56c02d511d189f794e2da9a1b0aba7952b98614103392fca27a639,threatfox,Bashlite,"threatfox,Bashlite,elf,Gafgyt",2026-10-05 16:07:16,2026-10-05 16:31:46,85
hash_sha256,d6aefd41bc869a5b189b340e0f74d45457a50acd2e898a079dc7a7eb676e09ed,threatfox,Mirai,"threatfox,elf,Mirai",2026-10-05 16:07:16,2026-10-05 16:31:46,85
hash_sha256,d760940c8535ce08ea51a581abda4a1aeaf9351b020e4e86e4a64f312ec36185,threatfox,Mirai,"threatfox,elf,Mirai",2026-10-05 16:07:16,2026-10-05 16:31:46,85
hash_sha256,d7ff34d8d2ec977c73d5bb2b308c85bd4bc9d5e3910af6f26523fc595a0299ac,threatfox,Mirai,"threatfox,elf,Mirai",2026-10-05 16:07:16,2026-10-05 16:31:46,85
hash_sha256,d8467515e6165006829ed50f6d9ba2a2aaccb089ee1fdc495fba7901441a1ec4,threatfox,Mirai,"threatfox,elf,Mirai",2026-10-05 16:07:16,2026-10-05 16:31:46,85
hash_sha256,d901442963cc5cc8b3c5cddb1cb7cacd3596b1cbd9916bb01b7f3afceb8251da,threatfox,Mirai,"threatfox,elf,Gafgyt,Mirai",2026-10-05 16:07:16,2026-10-05 16:31:46,85
hash_sha256,d915a6fc0c35987caf6db0ec4da18b43dc87af1143138b1c888e9d169e932fb2,threatfox,Mirai,"threatfox,elf,Mirai",2026-10-05 16:07:16,2026-10-05 16:31:46,85
hash_sha256,d9d9edf5f4c2afb61b7d59fb245a8e6bc0e4e0061e7082977159b407f69e65a2,threatfox,Mirai,"threatfox,elf,Mirai",2026-10-05 16:07:16,2026-10-05 16:31:46,85
hash_sha256,daa2fba016ccc40ea64e1f3377605d6e2d281efc850b323959eed26a99593289,threatfox,Mirai,"threatfox,elf,Mirai",2026-10-05 16:07:16,2026-10-05 16:31:46,85
hash_sha256,dad098d8cbf7b0e09770281ed3d387dcc73df9aac46557d7865f4b3758379758,threatfox,Mirai,"threatfox,elf,Mirai",2026-10-05 16:07:16,2026-10-05 16:31:46,85
hash_sha256,dbb314012d8274a918884efeaa3501b31367e0c89386b81de23d60c1efa0cab3,threatfox,Mirai,"threatfox,elf,Mirai",2026-10-05 16:07:16,2026-10-05 16:31:46,85
hash_sha256,dbe4d4f521b394b847ffe660c42a98b0e28bcb80e9cb311fe8b6f8316ed6e066,threatfox,Vidar,threatfox,2026-10-05 16:07:16,2026-10-05 16:31:46,85
hash_sha256,dc0898daf346ffa9431d8b0e0ac3ef2197939755e9da8352f4fc3d4209390087,threatfox,Mirai,"threatfox,elf,Mirai",2026-10-05 16:07:16,2026-10-05 16:31:46,85
hash_sha256,dc6b2b4b88ee2b241331e928e00c575fa8ac580aded1af413652cf2e867ad0f7,threatfox,Mirai,"threatfox,elf,Mirai",2026-10-05 16:07:16,2026-10-05 16:31:46,85
hash_sha256,dea10c923a8be49062bb4a58c23bd55a19bf603da1661f8df50b5d7150a0a03d,threatfox,Mirai,"threatfox,elf,Mirai",2026-10-05 16:07:16,2026-10-05 16:31:46,85
hash_sha256,df82c14027da76c11056f539b4211da8dedb90895f963c704860e3a786c8591b,threatfox,Mirai,"threatfox,elf,Mirai",2026-10-05 16:07:16,2026-10-05 16:31:46,85
hash_sha256,e0019f075c9ff2c6a517c80f75fd3390856f83103e24a5f0078d449bb443ba0f,threatfox,Mirai,"threatfox,elf,Mirai",2026-10-05 16:07:16,2026-10-05 16:31:46,85
hash_sha256,e0571224ad2060be495c08f6d46b1b1a145c4be66fb608300f04f0c72c2b5035,threatfox,Mirai,"threatfox,elf,Mirai",2026-10-05 16:07:16,2026-10-05 16:31:46,85
hash_sha256,e1a632b22ed08d7d09256153c8215e8a0f4e323d45592a8591f4b1c6bfc65a3f,threatfox,Mirai,"threatfox,elf,Mirai",2026-10-05 16:07:16,2026-10-05 16:31:46,85
hash_sha256,e2590699f70a7eb4b242db0de6e9114d0019b32301030cfe988e051523196dd6,threatfox,Mirai,"threatfox,elf,Mirai",2026-10-05 16:07:16,2026-10-05 16:31:46,85
hash_sha256,e52cb39ad9a9b46b57532d2fb415e6c8aa0c160030a0aa6dbdf2d2b2532712a2,threatfox,Mirai,"threatfox,elf,Mirai",2026-10-05 16:07:16,2026-10-05 16:31:46,85
hash_sha256,e5dc8f8cfc72ff01f936937479323ff6b71ab7efd4a4eaa9af189fc0aeec6929,threatfox,Mirai,"threatfox,elf,Mirai",2026-10-05 16:07:16,2026-10-05 16:31:46,85
hash_sha256,e69c94def3c801bdb1203be87099f7488621cc2c053b4f9f42e893b1803c1ea8,threatfox,Mirai,"threatfox,elf,Mirai",2026-10-05 16:07:16,2026-10-05 16:31:46,85
hash_sha256,e79974dc43adf32c52817bb5fd9b5e8eae84db7409f5cb7219794d1195ab0a72,threatfox,Mirai,"threatfox,elf,Mirai",2026-10-05 16:07:16,2026-10-05 16:31:46,85
hash_sha256,e8276fff914fb3f2626fb9fa1e8121572a9fb7201d223b9555a741c4350434e3,threatfox,Mirai,"threatfox,elf,Mirai",2026-10-05 16:07:16,2026-10-05 16:31:46,85
hash_sha256,e829956b213bfb5d36b583b9fbd1a08bf1d1ee9a2942dac23f83fd0b08c1c605,threatfox,Mirai,"threatfox,elf,Mirai",2026-10-05 16:07:16,2026-10-05 16:31:46,85
hash_sha256,e90bde24f171db07c0d8af55322ffc89360355d83a05d40616bdbe79b58247e1,threatfox,Mirai,"threatfox,elf,Gafgyt,Mirai",2026-10-05 16:07:16,2026-10-05 16:31:46,85
hash_sha256,ea22d883c27c84510c1208137f66fb0b6b620d686fadb95beab6080f97ab6976,threatfox,Mirai,"threatfox,elf,Mirai,upx",2026-10-05 16:07:16,2026-10-05 16:31:46,85
hash_sha256,eb1d374931db60f740359426bafa103827d2cf6dbc89e91800e02913d3578695,threatfox,Mirai,"threatfox,elf,Mirai",2026-10-05 16:07:16,2026-10-05 16:31:46,85
hash_sha256,ebb76c2dc70017808a97dfcd689a789048c0ee064714f03f9be56a8c46e3110b,threatfox,Mirai,"threatfox,elf,Mirai",2026-10-05 16:07:16,2026-10-05 16:31:46,85
hash_sha256,ec113f00b411c519099338baf554148bb6239f26856885bc8fd1a141554d3d5b,threatfox,Mirai,"threatfox,elf,Mirai",2026-10-05 16:07:16,2026-10-05 16:31:46,85
hash_sha256,ec2419f3ed4b640e665bd482c063a96b23cedfa2cada8e1db5aefd2891aaf169,threatfox,Mirai,"threatfox,elf,Mirai",2026-10-05 16:07:16,2026-10-05 16:31:46,85
hash_sha256,ec542e5844af47c855a13f8a69e8fdb21dfaa187aeba3447246fac967253353c,threatfox,Mirai,"threatfox,elf,Mirai,upx",2026-10-05 16:07:16,2026-10-05 16:31:46,85
hash_sha256,ed07f823263ca2ffc386aec71230faea469ce8638b329176a02fe73952c78745,threatfox,RN Stealer,threatfox,2026-10-05 16:07:16,2026-10-05 16:31:46,85
hash_sha256,ee9209fda341ab93393bb9923f1912dfb693608683e8ae309b9feabf691a5ce9,threatfox,Mirai,"threatfox,elf,Mirai",2026-10-05 16:07:16,2026-10-05 16:31:46,85
hash_sha256,eee9c9855e092f4f50614cd505a10b7f2ec6dce3df36add374c534a4b672e6d5,threatfox,Mirai,"threatfox,elf,Mirai",2026-10-05 16:07:16,2026-10-05 16:31:46,85
hash_sha256,ef715f1952de9c27528cb58939e05fe2dd0a44056fbd3c0b70c64ac269508cb3,threatfox,Mirai,"threatfox,elf,Mirai",2026-10-05 16:07:16,2026-10-05 16:31:46,85
hash_sha256,f03cedddac00aa827fa60629b38b90555bd66b702d4581f897dc4e06b6e3cbff,threatfox,Mirai,"threatfox,elf,Mirai",2026-10-05 16:07:16,2026-10-05 16:31:46,85
hash_sha256,f076525bac097c197a7f42e86c5b5c17898d59b35647cf2c3d03c24c11a7a5a6,threatfox,Mirai,"threatfox,elf,Mirai",2026-10-05 16:07:16,2026-10-05 16:31:46,85
hash_sha256,f120c56e6377e30ada45390e8fc9030b085ce87999d46f68100f02a201385d92,threatfox,Mirai,"threatfox,elf,Mirai",2026-10-05 16:07:16,2026-10-05 16:31:46,85
hash_sha256,f199ace71f848063f12c85c33956b27f06b0799935d81b9107c3b6afeb2885cc,threatfox,Mirai,"threatfox,elf,Mirai,upx",2026-10-05 16:07:16,2026-10-05 16:31:46,85
hash_sha256,f1b2732e9514446bd024c8ba5f9d3ec2d259ab001177614ac6e52b36ae586bae,threatfox,ZStealer,threatfox,2026-10-05 16:07:16,2026-10-05 16:31:46,85
hash_sha256,f32022ab243f138082db309660a6b3fd960add001f2f8a6b997b97badd28ffd9,threatfox,Mirai,"threatfox,elf,Mirai",2026-10-05 16:07:16,2026-10-05 16:31:46,85
hash_sha256,f341cd66b1412d4bda93df52a2cbfeb557cc2b2ea7918f5c0863e5391d5cee7d,threatfox,Mirai,"threatfox,elf,Gafgyt,Mirai",2026-10-05 16:07:16,2026-10-05 16:31:46,85
hash_sha256,f4d286959a755193dec52fb1c31f3512646e454c2e19a6c9592013543be9393d,threatfox,Mirai,"threatfox,elf,Mirai",2026-10-05 16:07:16,2026-10-05 16:31:46,85
hash_sha256,f582d9c7e19931ceb372a0b8cdf73f541da73e675b2e486b84af3e83dd14ced9,threatfox,Bashlite,"threatfox,Bashlite,elf,Gafgyt,Mirai",2026-10-05 16:07:16,2026-10-05 16:31:46,85
hash_sha256,f741df2cd1d070a59afe4d50cb3ae35820902b12438bdb2f16f8c08fe5613ac9,threatfox,Mirai,"threatfox,elf,Mirai",2026-10-05 16:07:16,2026-10-05 16:31:46,85
hash_sha256,f7ad68eccd67f1c2785c24cd627a5da4463aa2f319a5540cbe58afad7a5a3dd5,threatfox,Mirai,"threatfox,elf,Mirai",2026-10-05 16:07:16,2026-10-05 16:31:46,85
hash_sha256,f82f5687bc4ed17276ac9c173028b96cb13837a339db639ddd1509fc89c86216,threatfox,Mirai,"threatfox,elf,Mirai",2026-10-05 16:07:16,2026-10-05 16:31:46,85
hash_sha256,fadcfd629495ddfc4e72b28a1a564480f08c493a525c832a4234cf0c3c8cbd58,threatfox,Mirai,"threatfox,elf,Mirai",2026-10-05 16:07:16,2026-10-05 16:31:46,85
hash_sha256,fcc85a69ec0ad82518e4f8964f60c45e31787957782a0fc9c1b0c44e82d61b9b,threatfox,IClickFix,"threatfox,Clickfix",2026-10-05 16:07:16,2026-10-05 16:31:46,85
hash_sha256,fe73e4e2c93695854d049343e180c9775470c1a77e1006a22f690deaf3eff498,threatfox,Mirai,"threatfox,elf,Mirai",2026-10-05 16:07:16,2026-10-05 16:31:46,85
hash_sha256,ff298b953eb99995ab0b58fa5acef9a57891ad4c5d527d87dff02a5aaebdea68,threatfox,Mirai,"threatfox,elf,Mirai",2026-10-05 16:07:16,2026-10-05 16:31:46,85
hash_sha256,ff6b054765f96ec628e864a7b54d5adf6ebc280849ee30b9ede7f51901f0a749,threatfox,Mirai,"threatfox,elf,Mirai",2026-10-05 16:07:16,2026-10-05 16:31:46,85
ip,100.57.14.236,threatfox,Havoc,"threatfox,drb-ra,Havoc",2026-10-05 16:07:16,2026-10-05 16:31:46,85
ip,102.117.175.209,threatfox,Unknown malware,"threatfox,mythic",2026-10-05 16:07:16,2026-10-05 16:31:46,85
ip,103.140.154.117,threatfox,Unknown malware,"threatfox,ManageEngine,RMM,sideload,SilverFox,UACBypass,WhatsApp",2026-10-05 16:07:16,2026-10-05 16:31:46,85
ip,107.172.132.240,threatfox,Mirai,"threatfox,mirai",2026-10-05 16:07:16,2026-10-05 16:31:46,85
ip,107.174.20.206,threatfox,XWorm,"threatfox,xworm",2026-10-05 16:07:16,2026-10-05 16:31:46,85
ip,116.198.18.139,threatfox,AdaptixC2,"threatfox,AdaptixC2,drb-ra",2026-10-05 16:07:16,2026-10-05 16:31:46,85
ip,120.26.49.92,threatfox,VShell,"threatfox,vshell",2026-10-05 16:07:16,2026-10-05 16:31:46,85
ip,134.122.91.85,threatfox,Aisuru,"threatfox,airashi,aisuru,botnet,ddos,mirai",2026-10-05 16:07:16,2026-10-05 16:31:46,85
ip,138.68.135.200,threatfox,Aisuru,"threatfox,airashi,aisuru,botnet,ddos,mirai",2026-10-05 16:07:16,2026-10-05 16:31:46,85
ip,164.92.243.20,threatfox,Aisuru,"threatfox,airashi,aisuru,botnet,ddos,mirai",2026-10-05 16:07:16,2026-10-05 16:31:46,85
ip,171.111.194.207,threatfox,Unknown malware,"threatfox,drb-ra,Mythic",2026-10-05 16:07:16,2026-10-05 16:31:46,85
ip,176.65.139.235,threatfox,Mirai,"threatfox,duckdns,elf,iranbot,mirai",2026-10-05 16:07:16,2026-10-05 16:31:46,85
ip,178.130.47.168,threatfox,Remcos,"threatfox,RAT,RemcosRAT",2026-10-05 16:07:16,2026-10-05 16:31:46,85
ip,196.77.100.164,threatfox,AsyncRAT,"threatfox,AsyncRAT,drb-ra,RAT",2026-10-05 16:07:16,2026-10-05 16:31:46,85
ip,206.123.129.234,threatfox,Remcos,"threatfox,c2,PartnerOne,Remcos",2026-10-05 16:07:16,2026-10-05 16:31:46,85
ip,216.9.225.162,threatfox,Remcos,"threatfox,c2,Remcos,RemoteHost",2026-10-05 16:07:16,2026-10-05 16:31:46,85
ip,217.60.76.249,threatfox,Unknown RAT,"threatfox,ConnectWise,RMM,ScreenConnect",2026-10-05 16:07:16,2026-10-05 16:31:46,85
ip,37.120.206.166,threatfox,Remcos,"threatfox,BK6454198,c2,Remcos",2026-10-05 16:07:16,2026-10-05 16:31:46,85
ip,38.55.252.139,threatfox,Unknown malware,"threatfox,viper",2026-10-05 16:07:16,2026-10-05 16:31:46,85
ip,40.223.85.146,threatfox,PureRAT,"threatfox,drb-ra,PureHVNC,PureRAT,RAT",2026-10-05 16:07:16,2026-10-05 16:31:46,85
ip,45.32.135.118,threatfox,AsyncRAT,"threatfox,AsyncRAT,drb-ra,RAT",2026-10-05 16:07:16,2026-10-05 16:31:46,85
ip,79.238.78.248,threatfox,Mirai,"threatfox,drb-ra,Mirai",2026-10-05 16:07:16,2026-10-05 16:31:46,85
url,http://120.28.215.116:57223/Mozi.m,threatfox,Mozi,"threatfox,elf,iot,Mozi",2026-10-05 16:07:16,2026-10-05 16:31:46,85
url,http://160.30.142.217:35935/Mozi.m,threatfox,Mozi,"threatfox,elf,iot,Mozi",2026-10-05 16:07:16,2026-10-05 16:31:46,85
url,http://202.47.56.17:47866/Mozi.m,threatfox,Mozi,"threatfox,elf,iot,Mozi",2026-10-05 16:07:16,2026-10-05 16:31:46,85
url,http://43.230.94.183:56898/Mozi.m,threatfox,Mozi,"threatfox,elf,iot,Mozi",2026-10-05 16:07:16,2026-10-05 16:31:46,85
url,http://arqtsop.shop:9932/users,threatfox,Remus,"threatfox,remus",2026-10-05 16:07:16,2026-10-05 16:31:46,85
url,http://cdn.jsdelivr.net/gh/04FB-fF/c19e1173-a40b-4198-b705-b85466f6cde0/119-73c4846d6ec9,threatfox,ClearFake,"threatfox,clearfake",2026-10-05 16:07:16,2026-10-05 16:31:46,85
url,http://teculse.click:9210/tags,threatfox,Remus,"threatfox,remus",2026-10-05 16:07:16,2026-10-05 16:31:46,85
url,https://0345ff3a-89ea-4b42-48a38a3b396d.foxdale.cc/install.ps1,threatfox,ClearFake,"threatfox,ClearFake",2026-10-05 16:07:16,2026-10-05 16:31:46,85
url,https://104.252.111.175,threatfox,Vidar,"threatfox,c2,c22d9cd76866e17b5095938cc6b29316,loader,stealer,Vidar",2026-10-05 16:07:16,2026-10-05 16:31:46,85
url,https://94ddb3c2-52d7-43cb-a5f6-666966a1c7cf.foxdale.cc/cinstall.ps1,threatfox,ClearFake,"threatfox,ClearFake",2026-10-05 16:07:16,2026-10-05 16:31:46,85
url,https://a611-ce4cac3252f6.foxdale.cc,threatfox,IClickFix,"threatfox,clearfake,clickfix",2026-10-05 16:07:16,2026-10-05 16:31:46,85
url,https://ax.333pwk.org/,threatfox,Vidar,"threatfox,vidar",2026-10-05 16:07:16,2026-10-05 16:31:46,85
url,https://ax.396zk.net,threatfox,Vidar,"threatfox,4c6319a44020ed3dbc97141112251a61,c2,loader,stealer,Vidar",2026-10-05 16:07:16,2026-10-05 16:31:46,85
url,https://ax.396zk.net/,threatfox,Vidar,"threatfox,vidar",2026-10-05 16:07:16,2026-10-05 16:31:46,85
url,https://brambly.world/cinstall.ps1,threatfox,ClearFake,"threatfox,ClearFake",2026-10-05 16:07:16,2026-10-05 16:31:46,85
url,https://cdn.jsdelivr.net/gh/04fb-ff/c19e1173-a40b-4198-b705-b85466f6cde0/119-73c4846d6ec9,threatfox,ClearFake,"threatfox,ClearFake",2026-10-05 16:07:16,2026-10-05 16:31:46,85
url,https://cdn.jsdelivr.net/gh/20fd0ae3e004/0d377d00-78a8-4d8d-90b1-243adcb9e9fd/84e8-38f0a7270d68,threatfox,ClearFake,"threatfox,ClearFake",2026-10-05 16:07:16,2026-10-05 16:31:46,85
url,https://cdn.quickdelivr.com/mpackage.js,threatfox,IClickFix,"threatfox,BSC,ClickFix,EtherHiding,IClickFix,TDS",2026-10-05 16:07:16,2026-10-05 16:31:46,85
url,https://fu.333pwk.org/,threatfox,Vidar,"threatfox,vidar",2026-10-05 16:07:16,2026-10-05 16:31:46,85
url,https://fu.396zk.net/,threatfox,Vidar,"threatfox,vidar",2026-10-05 16:07:16,2026-10-05 16:31:46,85
url,https://rawcdn.githack.com/dsteru3421/02-FD9159F9-9A/refs/heads/main/f28ddb96-d4bc-410,threatfox,ClearFake,"threatfox,ClearFake",2026-10-05 16:07:16,2026-10-05 16:31:46,85
url,https://rawcdn.githack.com/dsteru3421/559f-2414-494a-8560-23ce5908/refs/heads/main/eea997-d7e6-43f3-a5bd,threatfox,ClearFake,"threatfox,ClearFake",2026-10-05 16:07:16,2026-10-05 16:31:46,85
url,https://rawcdn.githack.com/dsteru3421/5c5d8d-0333-4cbe-b328-d84e0dd9d/refs/heads/main/71f93c0a-94ad-4763-bab8-ba459e8b3395,threatfox,ClearFake,"threatfox,ClearFake",2026-10-05 16:07:16,2026-10-05 16:31:46,85
domain,fu.396zk.net,threatfox,Vidar,"threatfox,vidar",2026-10-05 16:07:15,2026-10-05 16:31:46,85
ssl_sha1,0ef7a55ce8aea56c72d1486b2a42d43c85ae1ff0,sslbl,Vidar C&C,"sslbl,2026-10-05",2026-10-05 16:07:15,2026-10-05 16:31:46,88
ssl_sha1,184e5ede55f2eaf584182989d8a41411b6d34ae0,sslbl,PureLogsStealer C&C,"sslbl,2026-10-05",2026-10-05 16:07:15,2026-10-05 16:31:46,88
ssl_sha1,3ab97a242ba3d2cfb46ca928f9941131f0849b59,sslbl,PureRAT C&C,"sslbl,2026-10-05",2026-10-05 16:07:15,2026-10-05 16:31:46,88
ssl_sha1,4bacdd95bace5a7e29064123c1326e2035f617c6,sslbl,OffLoader C&C,"sslbl,2026-10-05",2026-10-05 16:07:15,2026-10-05 16:31:46,88
ssl_sha1,4e01833ef19ddbe7747012a4b08e54601bc318ae,sslbl,PureLogsStealer C&C,"sslbl,2026-10-05",2026-10-05 16:07:15,2026-10-05 16:31:46,88
ssl_sha1,6def2654b3b68fb89142113e6c5ad1b9e866134c,sslbl,Vidar C&C,"sslbl,2026-10-05",2026-10-05 16:07:15,2026-10-05 16:31:46,88
ssl_sha1,77c620cd80ac90a263808350b4133b607d973373,sslbl,PureLogsStealer C&C,"sslbl,2026-10-05",2026-10-05 16:07:15,2026-10-05 16:31:46,88
ssl_sha1,920de17c5bfce79df2950dacfb6a1f473e918edc,sslbl,AokigaharaStealer C&C,"sslbl,2026-10-05",2026-10-05 16:07:15,2026-10-05 16:31:46,88
ssl_sha1,9d97ad9422a82188bb315281c6a5afdc851a04c1,sslbl,PureRAT C&C,"sslbl,2026-10-05",2026-10-05 16:07:15,2026-10-05 16:31:46,88
ssl_sha1,9df78fcc97d1d3ee0d6a49ad2f2ac31559d77e8b,sslbl,Malware C&C,"sslbl,2026-10-05",2026-10-05 16:07:15,2026-10-05 16:31:46,88
ssl_sha1,a06e3d9da60d6d6b57b1ef0bc4bf4a5187196fef,sslbl,Vidar C&C,"sslbl,2026-10-05",2026-10-05 16:07:15,2026-10-05 16:31:46,88
ssl_sha1,a600c01abd88a26bd9187ec2805992644f98ae8f,sslbl,PureRAT C&C,"sslbl,2026-10-05",2026-10-05 16:07:15,2026-10-05 16:31:46,88
ssl_sha1,f8f56c66c440df5666400e34a532c04d6ca4e5b0,sslbl,Vidar C&C,"sslbl,2026-10-05",2026-10-05 16:07:15,2026-10-05 16:31:46,88
ssl_sha1,ff19b149ab6b98a3051ae96de6c0942ab0444fa0,sslbl,PureRAT C&C,"sslbl,2026-10-05",2026-10-05 16:07:15,2026-10-05 16:31:46,88
hash_md5,07dedb76dbc6b034435227224e2066f9,malwarebazaar,NetSupport,"D,dropped-by-GCleaner,EU0.file,exe,NetSupport",2026-10-05 16:00:19,2026-10-05 16:31:45,85
hash_md5,08e1decd362e9cd559fbf18fe30aaf38,malwarebazaar,apk,apk,2026-10-05 16:00:19,2026-10-05 16:31:45,85
hash_md5,0caa08f73598361bb1aa0d8746e15617,malwarebazaar,exe,exe,2026-10-05 16:00:19,2026-10-05 16:31:45,85
hash_md5,0ebfe765ba43c9acd584e1ef8586975a,malwarebazaar,RemcosRAT,"bat,RemcosRAT",2026-10-05 16:00:19,2026-10-05 16:31:45,85
hash_md5,11a5e9652cdf3b6eeeaee5f006044831,malwarebazaar,RemcosRAT,"exe,js,RemcosRAT",2026-10-05 16:00:19,2026-10-05 16:31:45,85
hash_md5,12bff79c7d029f7d912e1da5c553dc45,malwarebazaar,elf,elf,2026-10-05 16:00:19,2026-10-05 16:31:45,85
hash_md5,162299511cd3191928e9123205a33898,malwarebazaar,AsyncRAT,"AsyncRAT,ja,js",2026-10-05 16:00:19,2026-10-05 16:31:45,85
hash_md5,18574afb782de70a00eae72adf564791,malwarebazaar,exe,"exe,SilverFox,ValleyRAT",2026-10-05 16:00:19,2026-10-05 16:31:45,85
hash_md5,1963677292efd88bf60d0c687cb0382f,malwarebazaar,Gafgyt,sh,2026-10-05 16:00:19,2026-10-05 16:31:45,85
hash_md5,19887a860c392fed64a3edfe32a4b760,malwarebazaar,Mirai,"elf,Gafgyt,Mirai,wraith",2026-10-05 16:00:19,2026-10-05 16:31:45,85
hash_md5,1a36b7298f7720735a3d96f38469e39a,malwarebazaar,zip,zip,2026-10-05 16:00:19,2026-10-05 16:31:45,85
hash_md5,1f4d1005636f7c8f21df632d54745cf5,malwarebazaar,CoinMiner,"CoinMiner,dropped-by-phorpiex,exe",2026-10-05 16:00:19,2026-10-05 16:31:45,85
hash_md5,21431e551b65c5871409a6684b364dd5,malwarebazaar,Mirai,"elf,Mirai,wraith",2026-10-05 16:00:19,2026-10-05 16:31:45,85
hash_md5,223cbd96e18255fed709003c93e1685c,malwarebazaar,hta,hta,2026-10-05 16:00:19,2026-10-05 16:31:45,85
hash_md5,248f1b6736164feb31c18877f2b8aef9,malwarebazaar,AgentTesla,"AgentTesla,js",2026-10-05 16:00:19,2026-10-05 16:31:45,85
hash_md5,2627c8d761df40cc959314d121f0e693,malwarebazaar,sh,sh,2026-10-05 16:00:19,2026-10-05 16:31:45,85
hash_md5,2aaa2370984af15261e51a730e800ea1,malwarebazaar,exe,"exe,SilverFox,ValleyRAT",2026-10-05 16:00:19,2026-10-05 16:31:45,85
hash_md5,2c589d110547bb61181f3090ed5102c6,malwarebazaar,Vidar,"exe,signed,Vidar",2026-10-05 16:00:19,2026-10-05 16:31:45,85
hash_md5,2d6cf4e0f3c84d7976c07a8294d165c4,malwarebazaar,Mirai,"elf,Mirai,wraith",2026-10-05 16:00:19,2026-10-05 16:31:45,85
hash_md5,31094369401e8ea12040547386422f71,malwarebazaar,exe,exe,2026-10-05 16:00:19,2026-10-05 16:31:45,85
hash_md5,314921c674259b4f7420eadcd9ab50a2,malwarebazaar,Mirai,"arm,cowrie,elf,honeypot,Mirai",2026-10-05 16:00:19,2026-10-05 16:31:45,85
hash_md5,362612049b994f911efa5fb24cb1b0bb,malwarebazaar,sh,sh,2026-10-05 16:00:19,2026-10-05 16:31:45,85
hash_md5,3781e0ca381bc36bbaf42be62248892a,malwarebazaar,Gafgyt,"elf,Gafgyt",2026-10-05 16:00:19,2026-10-05 16:31:45,85
hash_md5,385dcaaba75b0953a5108277521cd830,malwarebazaar,AsyncRAT,"AsyncRAT,exe",2026-10-05 16:00:19,2026-10-05 16:31:45,85
hash_md5,3b1b99109236c94fb6dfcb833c85b9f9,malwarebazaar,apk,"apk,signed",2026-10-05 16:00:19,2026-10-05 16:31:45,85
hash_md5,48dc27e168fcde344a6f17ac7fdd3764,malwarebazaar,hta,hta,2026-10-05 16:00:19,2026-10-05 16:31:45,85
hash_md5,493aafd42641c852be9a7a0e8fd77f85,malwarebazaar,macho,"AMOS,macho",2026-10-05 16:00:19,2026-10-05 16:31:45,85
hash_md5,4b266c6c517897e8c0f1429db503c6a5,malwarebazaar,jar,"jar,java,python,silentnet",2026-10-05 16:00:19,2026-10-05 16:31:45,85
hash_md5,4b73a59310314ee30cbc0325aac8eda0,malwarebazaar,Formbook,"Formbook,vbe",2026-10-05 16:00:19,2026-10-05 16:31:45,85
hash_md5,4c762c041b5263dae15f5f5fe05f0b9f,malwarebazaar,Mirai,"elf,Gafgyt,Mirai,wraith",2026-10-05 16:00:19,2026-10-05 16:31:45,85
hash_md5,54892b4ff7c5d718d016403876aa5800,malwarebazaar,vhdx,vhdx,2026-10-05 16:00:19,2026-10-05 16:31:45,85
hash_md5,558b60df42934e331174bb8bddeee5d8,malwarebazaar,Mirai,"elf,Mirai,wraith",2026-10-05 16:00:19,2026-10-05 16:31:45,85
hash_md5,5b9ab619b39fc68758680195fead5a29,malwarebazaar,NetSupport,"D,dropped-by-GCleaner,EU0.file,exe,NetSupport",2026-10-05 16:00:19,2026-10-05 16:31:45,85
hash_md5,5e89b3e3bdc00757577aac0258f1a57b,malwarebazaar,zip,zip,2026-10-05 16:00:19,2026-10-05 16:31:45,85
hash_md5,615bed0a89cf4269a1dbdecce54e3ae1,malwarebazaar,Gafgyt,"elf,Gafgyt",2026-10-05 16:00:19,2026-10-05 16:31:45,85
hash_md5,61d9d64fe0ceaf33116f130f35879ceb,malwarebazaar,PhantomStealer,"exe,PhantomStealer",2026-10-05 16:00:19,2026-10-05 16:31:45,85
hash_md5,6561e2acd2c6c1446250efabe9a4f5c5,malwarebazaar,Mirai,"elf,Mirai",2026-10-05 16:00:19,2026-10-05 16:31:45,85
hash_md5,678f497b3a7b75103593d696a8e2c7db,malwarebazaar,exe,"9d2ca3,dropped-by-Amadey,exe",2026-10-05 16:00:19,2026-10-05 16:31:45,85
hash_md5,67b138f80326cbbe6969f3ddc3498d44,malwarebazaar,Mirai,"elf,Mirai,wraith",2026-10-05 16:00:19,2026-10-05 16:31:45,85
hash_md5,6c720f16ee6b64d25c1584f6e51d3d62,malwarebazaar,ConnectWise,"ConnectWise,msi",2026-10-05 16:00:19,2026-10-05 16:31:45,85
hash_md5,6de08f062a31df6b113ab5ad0d611822,malwarebazaar,Formbook,"Formbook,ps1",2026-10-05 16:00:19,2026-10-05 16:31:45,85
hash_md5,6e2ac3ab704ad6ae9557360b2ba59b72,malwarebazaar,js,js,2026-10-05 16:00:19,2026-10-05 16:31:45,85
hash_md5,6ee948e2f6827305c908a0d511d9eedc,malwarebazaar,Mirai,"elf,Gafgyt,Mirai,wraith",2026-10-05 16:00:19,2026-10-05 16:31:45,85
hash_md5,703023c6eea78e0636c1577cf77479e9,malwarebazaar,Mirai,"elf,Mirai,wraith",2026-10-05 16:00:19,2026-10-05 16:31:45,85
hash_md5,7461944966378d69b73e90948d9a690d,malwarebazaar,Mirai,"elf,Mirai",2026-10-05 16:00:19,2026-10-05 16:31:45,85
hash_md5,76c54e302ce27e8b68b1ef74210b57c6,malwarebazaar,exe,exe,2026-10-05 16:00:19,2026-10-05 16:31:45,85
hash_md5,76d3284621286d394e4b026120cfe911,malwarebazaar,jar,"jar,java,python,silentnet",2026-10-05 16:00:19,2026-10-05 16:31:45,85
hash_md5,7ce4327525fba7548d6c8b432cafc976,malwarebazaar,php,php,2026-10-05 16:00:19,2026-10-05 16:31:45,85
hash_md5,7d66873489dbcb9c98637e99cee05ff8,malwarebazaar,BtmobRAT,"apk,BtmobRAT,signed",2026-10-05 16:00:19,2026-10-05 16:31:45,85
hash_md5,7dafaf2c1531acb29eed0c26127f7f70,malwarebazaar,php,php,2026-10-05 16:00:19,2026-10-05 16:31:45,85
hash_md5,87fb7faaf553fc1fab8d2488c95bf264,malwarebazaar,exe,"A,dropped-by-GCleaner,exe,MIX1.file,signed",2026-10-05 16:00:19,2026-10-05 16:31:45,85
hash_md5,8a9ff886cb5880ed2e2345cb3948c73f,malwarebazaar,SheetRAT,"bat,SheetRAT",2026-10-05 16:00:19,2026-10-05 16:31:45,85
hash_md5,8e3007b6b2b35f332ff29f1cd6c68910,malwarebazaar,Mirai,"elf,Mirai",2026-10-05 16:00:19,2026-10-05 16:31:45,85
hash_md5,8eea5ce83063c6a91067d37fefaaed2c,malwarebazaar,GhostRAT,"apk,GhostRAT,signed",2026-10-05 16:00:19,2026-10-05 16:31:45,85
hash_md5,8f055e6e9dafbdce216c3036a6bbcd49,malwarebazaar,Mirai,"elf,Gafgyt,Mirai,wraith",2026-10-05 16:00:19,2026-10-05 16:31:45,85
hash_md5,9098ecceeafb28637f1dae86d1fae706,malwarebazaar,Mirai,"elf,Mirai,wraith",2026-10-05 16:00:19,2026-10-05 16:31:45,85
hash_md5,91c143dfafa69a0b9cf1b88fa0700475,malwarebazaar,zip,zip,2026-10-05 16:00:19,2026-10-05 16:31:45,85
hash_md5,921bdd82446890c2cecfb959f6e3fb5e,malwarebazaar,sh,sh,2026-10-05 16:00:19,2026-10-05 16:31:45,85
hash_md5,92fc023607a8f96149387d98356fccfb,malwarebazaar,apk,apk,2026-10-05 16:00:19,2026-10-05 16:31:45,85
hash_md5,9356ff7e9de27b53119f393b450abcc0,malwarebazaar,Mirai,"elf,Mirai",2026-10-05 16:00:19,2026-10-05 16:31:45,85
hash_md5,960aae789a38e809d7475c7bfcf36fd8,malwarebazaar,exe,"exe,Loader,NEEDYMANTIS",2026-10-05 16:00:19,2026-10-05 16:31:45,85
hash_md5,9d423c1b260c7bbbaaac4b176195e36c,malwarebazaar,vbs,vbs,2026-10-05 16:00:19,2026-10-05 16:31:45,85
hash_md5,9e75ae2ee8a55cf468f929700557d4e8,malwarebazaar,hta,hta,2026-10-05 16:00:19,2026-10-05 16:31:45,85
hash_md5,9ee44d041be23fc85607bc46ca008fa8,malwarebazaar,SnakeKeylogger,"exe,SnakeKeylogger",2026-10-05 16:00:19,2026-10-05 16:31:45,85
hash_md5,a0dccf1309d8b32e9cd3c271b3cebb34,malwarebazaar,RemcosRAT,hta,2026-10-05 16:00:19,2026-10-05 16:31:45,85
hash_md5,a1df599c924b506851cface2c97f0be6,malwarebazaar,zip,"69-48-228-110,ParallaxRAT,zip",2026-10-05 16:00:19,2026-10-05 16:31:45,85
hash_md5,a7be44ebdb35844bfbdd5f31a947d9f7,malwarebazaar,elf,"elf,mirai",2026-10-05 16:00:19,2026-10-05 16:31:45,85
hash_md5,ab0aec12dc6821cddf15ad7ad3f7d258,malwarebazaar,Gafgyt,"elf,Gafgyt",2026-10-05 16:00:19,2026-10-05 16:31:45,85
hash_md5,ab4d9b710ad42ab4667ea7305e4b278d,malwarebazaar,Mirai,"elf,Gafgyt,Mirai,wraith",2026-10-05 16:00:19,2026-10-05 16:31:45,85
hash_md5,b1bb21896eaaddd9e2ffaa451b950c28,malwarebazaar,php,php,2026-10-05 16:00:19,2026-10-05 16:31:45,85
hash_md5,b499e00cc3d278a14ae18fe80adfb2fc,malwarebazaar,WannaCry,"dionaea,exe,WannaCry",2026-10-05 16:00:19,2026-10-05 16:31:45,85
hash_md5,b623466f843cad87003897d9c64a9c70,malwarebazaar,Mirai,"elf,Gafgyt,Mirai,wraith",2026-10-05 16:00:19,2026-10-05 16:31:45,85
hash_md5,b8ae44aea7c0f0ab89e13da2f62d6b6c,malwarebazaar,sh,sh,2026-10-05 16:00:19,2026-10-05 16:31:45,85
hash_md5,bc3070341adfe941fe400472f7c56441,malwarebazaar,Mirai,"elf,Mirai,wraith",2026-10-05 16:00:19,2026-10-05 16:31:45,85
hash_md5,bfabd10cc55cdda854a763ff8bba0f72,malwarebazaar,zip,zip,2026-10-05 16:00:19,2026-10-05 16:31:45,85
hash_md5,c0896d640119ef12862456bed35d7b57,malwarebazaar,zip,zip,2026-10-05 16:00:19,2026-10-05 16:31:45,85
hash_md5,c9bd37a52f7c3c0e58333845df338fa7,malwarebazaar,jar,"jar,java,python,silentnet",2026-10-05 16:00:19,2026-10-05 16:31:45,85
hash_md5,cb0014f8b11a2ec280192b75bba7da49,malwarebazaar,Mirai,"arm,cowrie,elf,honeypot,Mirai",2026-10-05 16:00:19,2026-10-05 16:31:45,85
hash_md5,cb167a0d2ad5c90ebe28f54dd5cdbb21,malwarebazaar,Mirai,"elf,Gafgyt,Mirai,wraith",2026-10-05 16:00:19,2026-10-05 16:31:45,85
hash_md5,cc5e0e767cbcdf1537aa0cf9376547ad,malwarebazaar,zip,zip,2026-10-05 16:00:19,2026-10-05 16:31:45,85
hash_md5,ce354b7c15ffd6cbcafd4182a7a7fa78,malwarebazaar,Mirai,"arm,cowrie,elf,honeypot,Mirai",2026-10-05 16:00:19,2026-10-05 16:31:45,85
hash_md5,cfb101564d9b8552b18e40a3001e7482,malwarebazaar,exe,exe,2026-10-05 16:00:19,2026-10-05 16:31:45,85
hash_md5,d2fa0ca8611d7c582c0b3be3a9f08685,malwarebazaar,Mirai,"elf,Mirai",2026-10-05 16:00:19,2026-10-05 16:31:45,85
hash_md5,d649230fd9811c8a1216c997a41dc2cb,malwarebazaar,sh,sh,2026-10-05 16:00:19,2026-10-05 16:31:45,85
hash_md5,dffa5743e05515ab8953a1872817d0f3,malwarebazaar,exe,exe,2026-10-05 16:00:19,2026-10-05 16:31:45,85
hash_md5,e19e8beddea5958105c95ae58c18f274,malwarebazaar,exe,exe,2026-10-05 16:00:19,2026-10-05 16:31:45,85
hash_md5,e24588949d69cf5a7b74187a9231c676,malwarebazaar,PureLogsStealer,"js,PureLogsStealer",2026-10-05 16:00:19,2026-10-05 16:31:45,85
hash_md5,e5d3cd10183cb2532aed57aa89106343,malwarebazaar,Mirai,"elf,Gafgyt,Mirai,wraith",2026-10-05 16:00:19,2026-10-05 16:31:45,85
hash_md5,e664c7356d5830c43d905e21a4c02b04,malwarebazaar,Formbook,"Formbook,ps1",2026-10-05 16:00:19,2026-10-05 16:31:45,85
hash_md5,e7011edac362bacd77557b6dd2fcd6db,malwarebazaar,Formbook,"exe,Formbook",2026-10-05 16:00:19,2026-10-05 16:31:45,85
hash_md5,e84b6e4b4b1283486267009fbddd5c7c,malwarebazaar,sh,"sh,wraith",2026-10-05 16:00:19,2026-10-05 16:31:45,85
hash_md5,e8a4f0aa49a5bf13a61aac6da02cfd9d,malwarebazaar,Mirai,"elf,Gafgyt,Mirai,wraith",2026-10-05 16:00:19,2026-10-05 16:31:45,85
hash_md5,e8ed75d272ae9e0b1ea6013c93549364,malwarebazaar,Mirai,"elf,Mirai",2026-10-05 16:00:19,2026-10-05 16:31:45,85
hash_md5,ea58fc795e13c3a575d8b623f36d7185,malwarebazaar,exe,"d52f85,dropped-by-Amadey,exe",2026-10-05 16:00:19,2026-10-05 16:31:45,85
hash_md5,eb871535a90697e6c5a7c7d0c33c9827,malwarebazaar,php,php,2026-10-05 16:00:19,2026-10-05 16:31:45,85
hash_md5,f209ec0484a312123c81dff29f4c595f,malwarebazaar,rar,"CVE-2025-8088,rar",2026-10-05 16:00:19,2026-10-05 16:31:45,85
hash_md5,f44b817cc0264f3b4d971e1b8359422d,malwarebazaar,OverlordRAT,"exe,OverlordRAT",2026-10-05 16:00:19,2026-10-05 16:31:45,85
hash_md5,f6c979198809e13859196b135d21e79b,malwarebazaar,apk,apk,2026-10-05 16:00:19,2026-10-05 16:31:45,85
hash_md5,f7d61bcc8cd780e354a844a1c3db9287,malwarebazaar,vba,vba,2026-10-05 16:00:19,2026-10-05 16:31:45,85
hash_md5,fad9cbe853b269468cea5986288ae3ae,malwarebazaar,jar,"jar,java,python,silentnet",2026-10-05 16:00:19,2026-10-05 16:31:45,85
hash_md5,ff0bd8fe01eee0e41687c32abdfd988f,malwarebazaar,jar,"jar,java,python,silentnet",2026-10-05 16:00:19,2026-10-05 16:31:45,85
hash_sha256,01c644aa76c644e78f559f2b4b8d1580c2334d821c79e0de222da56d5a96ecaa,malwarebazaar,exe,"9d2ca3,dropped-by-Amadey,exe",2026-10-05 16:00:19,2026-10-05 16:31:45,85
hash_sha256,0405294a4fa27c2d4466623b8549a339366e232dc3bf17e724975ef2cc200da9,malwarebazaar,Mirai,"elf,Mirai",2026-10-05 16:00:19,2026-10-05 16:31:45,85
hash_sha256,0926f6f79fcac8bc7e1e1e7027743a37662a1db79464fd24dc12c6c199ddee21,malwarebazaar,SnakeKeylogger,"exe,SnakeKeylogger",2026-10-05 16:00:19,2026-10-05 16:31:45,85
hash_sha256,0e3b068ae7ad28307f71521c86bc412e3eb7d5c9648e57afe30d8fee72d54081,malwarebazaar,jar,"jar,java,python,silentnet",2026-10-05 16:00:19,2026-10-05 16:31:45,85
hash_sha256,173192ec576111adbc0c228f75244cf627513c95ca1709036e9850f0cdb7c90b,malwarebazaar,GhostRAT,"apk,GhostRAT,signed",2026-10-05 16:00:19,2026-10-05 16:31:45,85
hash_sha256,182787f260397382bdff65d9937ff947a7ccbf9f693717536ed022e3f505be38,malwarebazaar,Mirai,"elf,Gafgyt,Mirai,wraith",2026-10-05 16:00:19,2026-10-05 16:31:45,85
hash_sha256,1bd7047740a40e48aff1df37b06ad2c1612e6c50aaaf395a16aed180cf4c296d,malwarebazaar,apk,apk,2026-10-05 16:00:19,2026-10-05 16:31:45,85
hash_sha256,1c8fd52d6fa54459b837faf44b8addfdaf01793406a827ae93abcdd0dc497f64,malwarebazaar,CoinMiner,"CoinMiner,dropped-by-phorpiex,exe",2026-10-05 16:00:19,2026-10-05 16:31:45,85
hash_sha256,1e67a657db76e435e71bf415296975c61cafa49d5ff219ac641431eb5928f376,malwarebazaar,Formbook,"Formbook,ps1",2026-10-05 16:00:19,2026-10-05 16:31:45,85
hash_sha256,1f333d910158316c6211f7b24d118aadca778abb3964f3a4b7d3914e49278b7d,malwarebazaar,BtmobRAT,"apk,BtmobRAT,signed",2026-10-05 16:00:19,2026-10-05 16:31:45,85
hash_sha256,20936c7db15ddf6817f0808fd74751102e4be20dfef85e8d787bdd3755172399,malwarebazaar,sh,sh,2026-10-05 16:00:19,2026-10-05 16:31:45,85
hash_sha256,20d5a4893788205e923413b2a13b4e5e8e40e57ff01e651c5662c9a530a46786,malwarebazaar,Mirai,"arm,cowrie,elf,honeypot,Mirai",2026-10-05 16:00:19,2026-10-05 16:31:45,85
hash_sha256,22655b01e8b6c22d3f562dd80d26922c49d24a540445aba9638db4787acaacde,malwarebazaar,zip,zip,2026-10-05 16:00:19,2026-10-05 16:31:45,85
hash_sha256,22d7e11fa0c2caa5cdc2086b0897f63cc9eda748c28553b1788860755926f003,malwarebazaar,Mirai,"elf,Gafgyt,Mirai,wraith",2026-10-05 16:00:19,2026-10-05 16:31:45,85
hash_sha256,26125f5174e141b111ea76ed72aef8df50f876b18317adb110711eaa1c5a25a2,malwarebazaar,exe,"d52f85,dropped-by-Amadey,exe",2026-10-05 16:00:19,2026-10-05 16:31:45,85
hash_sha256,2c2511a8da4d5d01ad672f105b9b46b6ccc26754bc6f34b5577673078e3c6681,malwarebazaar,sh,"sh,wraith",2026-10-05 16:00:19,2026-10-05 16:31:45,85
hash_sha256,2c727096f8c9d698e7fdfd80551d2bb9075854b43f940e87d0a482e83a114ff7,malwarebazaar,macho,"AMOS,macho",2026-10-05 16:00:19,2026-10-05 16:31:45,85
hash_sha256,2ca5868e9fa35362d6f1f285b83f47dbc8990885914e00d939a0f7cd914a5307,malwarebazaar,php,php,2026-10-05 16:00:19,2026-10-05 16:31:45,85
hash_sha256,2e97d4aaab5617f2ec5eb49768ff31c420d7c912e290ac4e99f849232c0af9e6,malwarebazaar,jar,"jar,java,python,silentnet",2026-10-05 16:00:19,2026-10-05 16:31:45,85
hash_sha256,2ede40f7d7f02014533a250bd68ee2da8f48cd222d14d4a66c50206646ede127,malwarebazaar,js,js,2026-10-05 16:00:19,2026-10-05 16:31:45,85
hash_sha256,2fd78799b30164e8191cc94722a193761814274309e2c99b45752a01acdd175c,malwarebazaar,php,php,2026-10-05 16:00:19,2026-10-05 16:31:45,85
hash_sha256,30e0cb05a8c207c4084adaeb2906cbb8119b3d638999a73d4635e333e09cc0f6,malwarebazaar,Mirai,"elf,Mirai,wraith",2026-10-05 16:00:19,2026-10-05 16:31:45,85
hash_sha256,329e1748bc219bc90cdef7fef6f7c03f39f16f4d2e77021a7c37b902fc94c20d,malwarebazaar,sh,sh,2026-10-05 16:00:19,2026-10-05 16:31:45,85
hash_sha256,32cfdba8f76dcf9f81111a4f1444b7b6cb6c80e00fc3bcb20dd0870e9ff06bee,malwarebazaar,Mirai,"elf,Gafgyt,Mirai,wraith",2026-10-05 16:00:19,2026-10-05 16:31:45,85
hash_sha256,342841fe8f50a45abac8c2dbd246d842f65705212b1936baadbbce9b3f0aaa24,malwarebazaar,jar,"jar,java,python,silentnet",2026-10-05 16:00:19,2026-10-05 16:31:45,85
hash_sha256,37acbeb44033456803564707bcdc4ca78ff7d357577afea4dc6fb88a10c9682e,malwarebazaar,Mirai,"elf,Mirai",2026-10-05 16:00:19,2026-10-05 16:31:45,85
hash_sha256,381f6d187a7c0765ad92a32139c2e7bf23a8b07d17fc92a31a6643472b5648be,malwarebazaar,Mirai,"arm,cowrie,elf,honeypot,Mirai",2026-10-05 16:00:19,2026-10-05 16:31:45,85
hash_sha256,432bacb1f8513a465f1f00f910b96cf7a0b32e4d0cb083e35b71bb4c198b790f,malwarebazaar,exe,exe,2026-10-05 16:00:19,2026-10-05 16:31:45,85
hash_sha256,439f82b7a4ca1b2837a4c0885d1b4e695d43245c0dd360a39d8680ccd0448c35,malwarebazaar,vhdx,vhdx,2026-10-05 16:00:19,2026-10-05 16:31:45,85
hash_sha256,453f5522c1b05fd807af02571f031e26ab81a3b5b27b62d98f89910eb3fabae1,malwarebazaar,rar,"CVE-2025-8088,rar",2026-10-05 16:00:19,2026-10-05 16:31:45,85
hash_sha256,48073427089d9377d50fc3ba69da9ef467d34c27fa8674291129a880fa64b9dc,malwarebazaar,apk,"apk,signed",2026-10-05 16:00:19,2026-10-05 16:31:45,85
hash_sha256,4accae06e6459df508b49b158a44a7627bc221982b7495a9e88b02b5682f76c4,malwarebazaar,Gafgyt,"elf,Gafgyt",2026-10-05 16:00:19,2026-10-05 16:31:45,85
hash_sha256,4bb957e55360ae037e790622340f6369c94653f190fb5e533c05729564156284,malwarebazaar,WannaCry,"dionaea,exe,WannaCry",2026-10-05 16:00:19,2026-10-05 16:31:45,85
hash_sha256,505d5a72304ef44353175a0edfbb19f80c7721c6720d23e805572be09880d809,malwarebazaar,exe,exe,2026-10-05 16:00:19,2026-10-05 16:31:45,85
hash_sha256,50de568b3bd5bdc9855aa047713706d77238e8e7c0bb3aae94123fb8456b2cb4,malwarebazaar,Formbook,"exe,Formbook",2026-10-05 16:00:19,2026-10-05 16:31:45,85
hash_sha256,53371084bb1f341b38bf20dca934710d9ab642890a50f599564096008cea8bf7,malwarebazaar,php,php,2026-10-05 16:00:19,2026-10-05 16:31:45,85
hash_sha256,567f6c24ada59778362d5987681439bb34d0405d6ef4fd454aef92309b7da08d,malwarebazaar,vba,vba,2026-10-05 16:00:19,2026-10-05 16:31:45,85
hash_sha256,5e8bfc03ba47d1c00643f4ccb7d8b7a3dafcbb180d15248e74e095f205b922c9,malwarebazaar,Gafgyt,"elf,Gafgyt",2026-10-05 16:00:19,2026-10-05 16:31:45,85
hash_sha256,5f12438f708cb1b78262307a5357870c3915a9397872e7fb8166c60ab58ea3ea,malwarebazaar,AsyncRAT,"AsyncRAT,exe",2026-10-05 16:00:19,2026-10-05 16:31:45,85
hash_sha256,60490b084bf209e4d3ac1c071c3168da2e17af7ea7c6b8f046fc9b37294e2c95,malwarebazaar,NetSupport,"D,dropped-by-GCleaner,EU0.file,exe,NetSupport",2026-10-05 16:00:19,2026-10-05 16:31:45,85
hash_sha256,6092dd852620333d161dbbdd487a35e127601b03737107bccdf819f208424203,malwarebazaar,Mirai,"elf,Gafgyt,Mirai,wraith",2026-10-05 16:00:19,2026-10-05 16:31:45,85
hash_sha256,6264c928f5ad1da7332a0cff2f3e24d7065c0f8aa6ddacd6d360c379f26aad90,malwarebazaar,Mirai,"elf,Mirai,wraith",2026-10-05 16:00:19,2026-10-05 16:31:45,85
hash_sha256,628a881e2718fdfe2a9304a2c744862b47cec0c57655dc432592babbd596f396,malwarebazaar,zip,zip,2026-10-05 16:00:19,2026-10-05 16:31:45,85
hash_sha256,6516223db6338b7a702d3a2dd961628c53e0de37dee401701ca612335c15ee75,malwarebazaar,exe,exe,2026-10-05 16:00:19,2026-10-05 16:31:45,85
hash_sha256,661faee0e7c5c959724dc0db30a76ba67b5c8ef2dec7180eb2f649de77bf79ee,malwarebazaar,Gafgyt,sh,2026-10-05 16:00:19,2026-10-05 16:31:45,85
hash_sha256,675f3a21dc8913a31dc21cc2d8a20eb3310ee3219f3533eb14cf649a363dd268,malwarebazaar,Gafgyt,"elf,Gafgyt",2026-10-05 16:00:19,2026-10-05 16:31:45,85
hash_sha256,67e823012241f46e78bf12ced9526ce9719ca21a0a4b3b4f52db62f16e5ec557,malwarebazaar,Mirai,"elf,Mirai,wraith",2026-10-05 16:00:19,2026-10-05 16:31:45,85
hash_sha256,6bde7ba7c5c9b5f000c2255dd3f87340a96ca9fbdf2b2d4688251c9adb4b88a2,malwarebazaar,exe,"exe,SilverFox,ValleyRAT",2026-10-05 16:00:19,2026-10-05 16:31:45,85
hash_sha256,6c39373dfe5228575d4d49a03b3c5e8f80f77c4bb9bcc5716471fecfd936f9d7,malwarebazaar,Mirai,"elf,Gafgyt,Mirai,wraith",2026-10-05 16:00:19,2026-10-05 16:31:45,85
hash_sha256,6c66da6a88feed930e48fd0d96927a19686a66260483ac5f2c6e536e4df4b073,malwarebazaar,Mirai,"elf,Mirai",2026-10-05 16:00:19,2026-10-05 16:31:45,85
hash_sha256,6f7a9c10270e942b41d1203b5f023f5685b86d9c91b844bf65850b0c3d0f7a04,malwarebazaar,Mirai,"elf,Gafgyt,Mirai,wraith",2026-10-05 16:00:19,2026-10-05 16:31:45,85
hash_sha256,729978b00d098842363f59a6ffee3ac80e8a41e11c7317c837cd0b4345ed8a31,malwarebazaar,Mirai,"elf,Mirai",2026-10-05 16:00:19,2026-10-05 16:31:45,85
hash_sha256,736dc94a8570184dcc4e9e8ca45861c15fed381ee6eb696ecd9efbfb556da1a7,malwarebazaar,RemcosRAT,"bat,RemcosRAT",2026-10-05 16:00:19,2026-10-05 16:31:45,85
hash_sha256,75f218904393f6982671178534f4bb5c03a031f697db9f5255729e85dcfc1bed,malwarebazaar,php,php,2026-10-05 16:00:19,2026-10-05 16:31:45,85
hash_sha256,7d37da20bddce8b2b14060396ed6e7b6801d18103b66dddd9f70a382996877c4,malwarebazaar,RemcosRAT,hta,2026-10-05 16:00:19,2026-10-05 16:31:45,85
hash_sha256,80ef3c6e9929ca834a0a4b5ce2f833689a69e32f3748083e215e24dbc72831f1,malwarebazaar,Mirai,"elf,Mirai,wraith",2026-10-05 16:00:19,2026-10-05 16:31:45,85
hash_sha256,82b90c2ea51091430ccf7dcb7125b298eb6406b39dea8512706d6b7c21d618e3,malwarebazaar,sh,sh,2026-10-05 16:00:19,2026-10-05 16:31:45,85
hash_sha256,832dfa6e05eb7b7d2c2429ec8656b2e82feef39e91d8a3b03cb1aa124d0f4508,malwarebazaar,Mirai,"elf,Gafgyt,Mirai,wraith",2026-10-05 16:00:19,2026-10-05 16:31:45,85
hash_sha256,837706d2629291091b85acbb0dc17ac550552b96b9335eac0817307fcd228f01,malwarebazaar,Mirai,"elf,Mirai",2026-10-05 16:00:19,2026-10-05 16:31:45,85
hash_sha256,8594cfcc4044a06bce1fdf4a72ba86bfb4de4db4faf83d662539421746f1bf4a,malwarebazaar,exe,exe,2026-10-05 16:00:19,2026-10-05 16:31:45,85
hash_sha256,85a87fc0baf61c21a1ee1cdf490ae324c85cc83e51c1d9ec44bc41eec98e6d9d,malwarebazaar,zip,zip,2026-10-05 16:00:19,2026-10-05 16:31:45,85
hash_sha256,85fe17ed8d861794f45fef185763215358bb89b5b62d035228018c0e93f2a338,malwarebazaar,elf,"elf,mirai",2026-10-05 16:00:19,2026-10-05 16:31:45,85
hash_sha256,8ad1e81b511ad76a0dca74d39d82b8d7932d584d2047fb602b1ae4dd2eb6bada,malwarebazaar,SheetRAT,"bat,SheetRAT",2026-10-05 16:00:19,2026-10-05 16:31:45,85
hash_sha256,9113eb3a5f370e10d54bbbf3cabf0a90ae064b3945dc95971648d39d77ff060c,malwarebazaar,zip,zip,2026-10-05 16:00:19,2026-10-05 16:31:45,85
hash_sha256,914fee0bd216643b6da22caba20cc208075924b38754e70b433fe5a5e03afb1a,malwarebazaar,Vidar,"exe,signed,Vidar",2026-10-05 16:00:19,2026-10-05 16:31:45,85
hash_sha256,940b14df9c75f0ff8db85d24c9ff3f53b4545faca59f8a56d5dfd0ad4be0ae34,malwarebazaar,sh,sh,2026-10-05 16:00:19,2026-10-05 16:31:45,85
hash_sha256,945afece38f108d7c1c5c71e785fbf452f7de803ca1f207e6eae1f9dd3d5ae80,malwarebazaar,Mirai,"elf,Mirai,wraith",2026-10-05 16:00:19,2026-10-05 16:31:45,85
hash_sha256,9653da786450d66cdaad848403d3457c8ce59c8b1b1a07729e0c3238352233bb,malwarebazaar,zip,zip,2026-10-05 16:00:19,2026-10-05 16:31:45,85
hash_sha256,9684e148168e71743784d6735b0bd38026fc9c11b199757db98185882e41c876,malwarebazaar,exe,exe,2026-10-05 16:00:19,2026-10-05 16:31:45,85
hash_sha256,999a6755b04a3da1b9839728f4f390706e1f63bfe5302c400e66fda14d5e04ef,malwarebazaar,hta,hta,2026-10-05 16:00:19,2026-10-05 16:31:45,85
hash_sha256,9a441a3b1c8da58b30543d91e1cb82bb8609a0f60b4c942d2696c23b9748863a,malwarebazaar,Mirai,"arm,cowrie,elf,honeypot,Mirai",2026-10-05 16:00:19,2026-10-05 16:31:45,85
hash_sha256,9c40652739b80dc1ab87b447fde0d4956f362a956138173baddf4b37878af0b9,malwarebazaar,RemcosRAT,"exe,js,RemcosRAT",2026-10-05 16:00:19,2026-10-05 16:31:45,85
hash_sha256,9fea29424c093c0652a3c3e6dc22df33c1521745660f588539e33bfd533ec713,malwarebazaar,NetSupport,"D,dropped-by-GCleaner,EU0.file,exe,NetSupport",2026-10-05 16:00:19,2026-10-05 16:31:45,85
hash_sha256,a3215094193808969522b6d6259ffb67a0dbdec5fdad09e9c1abaf2b858f0d50,malwarebazaar,vbs,vbs,2026-10-05 16:00:19,2026-10-05 16:31:45,85
hash_sha256,a64187121eb5967440f7c9136c4faa2800dd41ede8181b0b4af4f044f1891cf3,malwarebazaar,hta,hta,2026-10-05 16:00:19,2026-10-05 16:31:45,85
hash_sha256,aa92fb3015e189bd59372a0fb43708d6127f936e7a4ede2c424d906023e0cfbe,malwarebazaar,Mirai,"elf,Mirai,wraith",2026-10-05 16:00:19,2026-10-05 16:31:45,85
hash_sha256,aedb264e412ea574ad4ef2bdf5d857397b0fdfc429cfbce47a35d280b15ca503,malwarebazaar,exe,"exe,SilverFox,ValleyRAT",2026-10-05 16:00:19,2026-10-05 16:31:45,85
hash_sha256,b7ebb627e3531f074fb85553046dd93d522fd1b3c8d996ee91b71084cc79d051,malwarebazaar,apk,apk,2026-10-05 16:00:19,2026-10-05 16:31:45,85
hash_sha256,bb9c6a6c84f26f5d98332089f90a4bfa735cbcc984a3f49e2ca8124db9d1600f,malwarebazaar,apk,apk,2026-10-05 16:00:19,2026-10-05 16:31:45,85
hash_sha256,bbfb4f9426852713f0bdf5b7b80d68548093277712059bf812f35ef9f327d0a2,malwarebazaar,Mirai,"elf,Gafgyt,Mirai,wraith",2026-10-05 16:00:19,2026-10-05 16:31:45,85
hash_sha256,bc1f4aced516d10f5cfcd5663fa9b94c34f81d9a19cb391034f920de09617a8b,malwarebazaar,OverlordRAT,"exe,OverlordRAT",2026-10-05 16:00:19,2026-10-05 16:31:45,85
hash_sha256,bdf4c5d3540ec4021d3dbe3c7f9e06963002c23a048418402b03b55c0b07170e,malwarebazaar,exe,"A,dropped-by-GCleaner,exe,MIX1.file,signed",2026-10-05 16:00:19,2026-10-05 16:31:45,85
hash_sha256,c67dd770b5ea04a32c0de7c7f9d2bbee5dba6e437bc8e0dca59c3f434f1466be,malwarebazaar,Mirai,"elf,Mirai",2026-10-05 16:00:19,2026-10-05 16:31:45,85
hash_sha256,cbda4b4825cb1b5c7b72150e7a8a8315e2fcde8ed4d97d79724de152b1d84438,malwarebazaar,Mirai,"elf,Gafgyt,Mirai,wraith",2026-10-05 16:00:19,2026-10-05 16:31:45,85
hash_sha256,d2121812a565e285f227b983a6f7f17efb067ca214b12bdbfcea1feabc6736ff,malwarebazaar,hta,hta,2026-10-05 16:00:19,2026-10-05 16:31:45,85
hash_sha256,d5752f7a97721282da65b8cc9fa3522aa39b0d90df1b95b40468f1c13a0accad,malwarebazaar,PureLogsStealer,"js,PureLogsStealer",2026-10-05 16:00:19,2026-10-05 16:31:45,85
hash_sha256,d89c479e0ea9bc04a9532f0842a2b1e3447632ace2552da610db82cb34f3b80e,malwarebazaar,AgentTesla,"AgentTesla,js",2026-10-05 16:00:19,2026-10-05 16:31:45,85
hash_sha256,d946d184a1a8153c96638ebd57620a063d745f8ab5d43f4bf42c269f47b57c80,malwarebazaar,AsyncRAT,"AsyncRAT,ja,js",2026-10-05 16:00:19,2026-10-05 16:31:45,85
hash_sha256,db3c035fb3a93d837e176e17ad68bc5f703c059cbf3fc4650bb76f42e37e45e2,malwarebazaar,sh,sh,2026-10-05 16:00:19,2026-10-05 16:31:45,85
hash_sha256,dcac02c71bd67e7ce708e2fad709059b817ebdde9796542ef16855de5c7b9a41,malwarebazaar,Mirai,"elf,Mirai,wraith",2026-10-05 16:00:19,2026-10-05 16:31:45,85
hash_sha256,dd81171bc6c8137ea1630eddfdb4234116b8293c5e4e33d5ba857686d04b9bfd,malwarebazaar,Formbook,"Formbook,ps1",2026-10-05 16:00:19,2026-10-05 16:31:45,85
hash_sha256,e842dd7642c8e04b5ec20b6393848a9c904e4832930950c16664fe7800ba382e,malwarebazaar,exe,"exe,Loader,NEEDYMANTIS",2026-10-05 16:00:19,2026-10-05 16:31:45,85
hash_sha256,eaca658a963bafb0998aada2c79864d42f526dc34076033005f4b34f236d76b1,malwarebazaar,zip,"69-48-228-110,ParallaxRAT,zip",2026-10-05 16:00:19,2026-10-05 16:31:45,85
hash_sha256,ede2c35788a9f4a3dacce408c9896a89b99a02cec657bd6801d5e23866d016cf,malwarebazaar,ConnectWise,"ConnectWise,msi",2026-10-05 16:00:19,2026-10-05 16:31:45,85
hash_sha256,f103df0af6684dd4e14e698172bc510552053197b2aa2daa075679682ddaaf6d,malwarebazaar,PhantomStealer,"exe,PhantomStealer",2026-10-05 16:00:19,2026-10-05 16:31:45,85
hash_sha256,f12d7d3ef07d9b16cfbaf4036756d68133441f073ed33ea6400d3f5ce0923444,malwarebazaar,jar,"jar,java,python,silentnet",2026-10-05 16:00:19,2026-10-05 16:31:45,85
hash_sha256,f7798c606e4aa5cd54e3fe5cfc8d70a5c91ed64e9c37156c53a6e24bc0269c9f,malwarebazaar,jar,"jar,java,python,silentnet",2026-10-05 16:00:19,2026-10-05 16:31:45,85
hash_sha256,f893ab0ce9775cf0f526a3d2068370fe8b496d3f0a0f7346f281a32feada0f1d,malwarebazaar,exe,exe,2026-10-05 16:00:19,2026-10-05 16:31:45,85
hash_sha256,fcb25bcd035d93e2791be4990119bc3980ffc16209faec1cb557208168dc7f72,malwarebazaar,zip,zip,2026-10-05 16:00:19,2026-10-05 16:31:45,85
hash_sha256,fce20206059d8255440bfa6704d44c72bf93c5bda993bb494c1614219df2ebbb,malwarebazaar,elf,elf,2026-10-05 16:00:19,2026-10-05 16:31:45,85
hash_sha256,fef37229535dcfb8938d555c3cd14cb9d0dd59fb24cb3abab2727a6c6228d02d,malwarebazaar,Formbook,"Formbook,vbe",2026-10-05 16:00:19,2026-10-05 16:31:45,85
url,http://103.172.186.170:38524/bin.sh,urlhaus,malware_download,mirai,2026-10-05 16:00:19,2026-10-05 16:31:45,85
url,http://103.172.186.170:38524/i,urlhaus,malware_download,mirai,2026-10-05 16:00:19,2026-10-05 16:31:45,85
url,http://103.209.65.74:46453/bin.sh,urlhaus,malware_download,mirai,2026-10-05 16:00:19,2026-10-05 16:31:45,85
url,http://104.168.4.206/adb.arm7,urlhaus,malware_download,"elf,mirai,ua-wget",2026-10-05 16:00:19,2026-10-05 16:31:45,85
url,http://105.184.168.17:43219/i,urlhaus,malware_download,mirai,2026-10-05 16:00:19,2026-10-05 16:31:45,85
url,http://105.186.85.167:56299/bin.sh,urlhaus,malware_download,mirai,2026-10-05 16:00:19,2026-10-05 16:31:45,85
url,http://105.186.85.167:56299/i,urlhaus,malware_download,mirai,2026-10-05 16:00:19,2026-10-05 16:31:45,85
url,http://105.224.19.165:45811/i,urlhaus,malware_download,mirai,2026-10-05 16:00:19,2026-10-05 16:31:45,85
url,http://105.225.184.216:42359/i,urlhaus,malware_download,mirai,2026-10-05 16:00:19,2026-10-05 16:31:45,85
url,http://113.94.58.233:7431/Mozi.m,urlhaus,malware_download,,2026-10-05 16:00:19,2026-10-05 16:31:45,85
url,http://115.148.236.154:45949/i,urlhaus,malware_download,mirai,2026-10-05 16:00:19,2026-10-05 16:31:45,85
url,http://115.49.125.201:51388/i,urlhaus,malware_download,Mozi,2026-10-05 16:00:19,2026-10-05 16:31:45,85
url,http://115.50.253.204:56195/i,urlhaus,malware_download,mirai,2026-10-05 16:00:19,2026-10-05 16:31:45,85
url,http://115.53.209.94:38348/i,urlhaus,malware_download,Mozi,2026-10-05 16:00:19,2026-10-05 16:31:45,85
url,http://115.55.82.43:41816/bin.sh,urlhaus,malware_download,"32-bit,elf,mips,Mozi",2026-10-05 16:00:19,2026-10-05 16:31:45,85
url,http://115.55.82.43:41816/i,urlhaus,malware_download,"32-bit,elf,mips,Mozi",2026-10-05 16:00:19,2026-10-05 16:31:45,85
url,http://115.58.181.63:40854/bin.sh,urlhaus,malware_download,mirai,2026-10-05 16:00:19,2026-10-05 16:31:45,85
url,http://115.58.181.63:40854/i,urlhaus,malware_download,mirai,2026-10-05 16:00:19,2026-10-05 16:31:45,85
url,http://117.63.241.133:54628/bin.sh,urlhaus,malware_download,"32-bit,arm,elf,mirai,Mozi",2026-10-05 16:00:19,2026-10-05 16:31:45,85
url,http://117.82.160.238:59175/bin.sh,urlhaus,malware_download,elf,2026-10-05 16:00:19,2026-10-05 16:31:45,85
url,http://119.116.34.6:57421/i,urlhaus,malware_download,,2026-10-05 16:00:19,2026-10-05 16:31:45,85
url,http://119.116.38.133:47105/bin.sh,urlhaus,malware_download,,2026-10-05 16:00:19,2026-10-05 16:31:45,85
url,http://119.184.181.83:36383/bin.sh,urlhaus,malware_download,mirai,2026-10-05 16:00:19,2026-10-05 16:31:45,85
url,http://119.184.181.83:36383/i,urlhaus,malware_download,mirai,2026-10-05 16:00:19,2026-10-05 16:31:45,85
url,http://120.28.215.116:57223/Mozi.m,urlhaus,malware_download,"elf,iot,mirai,Mozi",2026-10-05 16:00:19,2026-10-05 16:31:45,85
url,http://120.82.203.7:48991/i,urlhaus,malware_download,"elf,mirai",2026-10-05 16:00:19,2026-10-05 16:31:45,85
url,http://123.12.241.56:49065/bin.sh,urlhaus,malware_download,Mozi,2026-10-05 16:00:19,2026-10-05 16:31:45,85
url,http://123.14.122.4:41904/i,urlhaus,malware_download,Mozi,2026-10-05 16:00:19,2026-10-05 16:31:45,85
url,http://123.5.184.172:52165/bin.sh,urlhaus,malware_download,"32-bit,elf,mips,Mozi",2026-10-05 16:00:19,2026-10-05 16:31:45,85
url,http://123.5.187.230:50775/i,urlhaus,malware_download,Mozi,2026-10-05 16:00:19,2026-10-05 16:31:45,85
url,http://123.8.26.165:34881/i,urlhaus,malware_download,Mozi,2026-10-05 16:00:19,2026-10-05 16:31:45,85
url,http://14.20.223.60:39837/bin.sh,urlhaus,malware_download,"32-bit,arm,elf,mirai,Mozi",2026-10-05 16:00:19,2026-10-05 16:31:45,85
url,http://163.142.95.86:40964/i,urlhaus,malware_download,,2026-10-05 16:00:19,2026-10-05 16:31:45,85
url,http://165.98.243.83:39274/i,urlhaus,malware_download,mirai,2026-10-05 16:00:19,2026-10-05 16:31:45,85
url,http://171.81.96.177:46578/bin.sh,urlhaus,malware_download,,2026-10-05 16:00:19,2026-10-05 16:31:45,85
url,http://175.148.132.138:36307/bin.sh,urlhaus,malware_download,"cowrie,elf,honeypot,mipsel,Mozi",2026-10-05 16:00:19,2026-10-05 16:31:45,85
url,http://175.151.104.143:37585/bin.sh,urlhaus,malware_download,,2026-10-05 16:00:19,2026-10-05 16:31:45,85
url,http://175.31.228.93:38011/bin.sh,urlhaus,malware_download,"32-bit,arm,elf,mirai,Mozi",2026-10-05 16:00:19,2026-10-05 16:31:45,85
url,http://176.65.139.140/bins/spc,urlhaus,malware_download,"elf,ua-wget",2026-10-05 16:00:19,2026-10-05 16:31:45,85
url,http://180.190.202.146:57951/i,urlhaus,malware_download,mirai,2026-10-05 16:00:19,2026-10-05 16:31:45,85
url,http://182.113.10.37:55101/bin.sh,urlhaus,malware_download,Mozi,2026-10-05 16:00:19,2026-10-05 16:31:45,85
url,http://182.113.10.37:55101/i,urlhaus,malware_download,Mozi,2026-10-05 16:00:19,2026-10-05 16:31:45,85
url,http://182.113.212.178:39726/bin.sh,urlhaus,malware_download,Mozi,2026-10-05 16:00:19,2026-10-05 16:31:45,85
url,http://182.117.50.118:33921/bin.sh,urlhaus,malware_download,Mozi,2026-10-05 16:00:19,2026-10-05 16:31:45,85
url,http://182.121.16.108:56520/i,urlhaus,malware_download,Mozi,2026-10-05 16:00:19,2026-10-05 16:31:45,85
url,http://182.126.85.205:38625/bin.sh,urlhaus,malware_download,Mozi,2026-10-05 16:00:19,2026-10-05 16:31:45,85
url,http://182.126.85.205:38625/i,urlhaus,malware_download,Mozi,2026-10-05 16:00:19,2026-10-05 16:31:45,85
url,http://182.127.111.168:48486/i,urlhaus,malware_download,,2026-10-05 16:00:19,2026-10-05 16:31:45,85
url,http://183.214.149.164:34937/i,urlhaus,malware_download,,2026-10-05 16:00:19,2026-10-05 16:31:45,85
url,http://185.214.17.203:34053/bin.sh,urlhaus,malware_download,mirai,2026-10-05 16:00:19,2026-10-05 16:31:45,85
url,http://190.103.67.242:48259/bin.sh,urlhaus,malware_download,Mozi,2026-10-05 16:00:19,2026-10-05 16:31:45,85
url,http://190.103.67.242:48259/i,urlhaus,malware_download,Mozi,2026-10-05 16:00:19,2026-10-05 16:31:45,85
url,http://196.189.130.28:59977/i,urlhaus,malware_download,mirai,2026-10-05 16:00:19,2026-10-05 16:31:45,85
url,http://210.208.110.172:43757/i,urlhaus,malware_download,mirai,2026-10-05 16:00:19,2026-10-05 16:31:45,85
url,http://210.208.110.42:41317/i,urlhaus,malware_download,mirai,2026-10-05 16:00:19,2026-10-05 16:31:45,85
url,http://220.201.135.17:52961/i,urlhaus,malware_download,,2026-10-05 16:00:19,2026-10-05 16:31:45,85
url,http://221.1.147.102:37178/bin.sh,urlhaus,malware_download,"32-bit,elf,mips,Mozi",2026-10-05 16:00:19,2026-10-05 16:31:45,85
url,http://221.15.184.149:47239/bin.sh,urlhaus,malware_download,"cowrie,elf,honeypot,mips,Mozi",2026-10-05 16:00:19,2026-10-05 16:31:45,85
url,http://221.15.184.149:47239/i,urlhaus,malware_download,"cowrie,elf,honeypot,mips,Mozi",2026-10-05 16:00:19,2026-10-05 16:31:45,85
url,http://222.127.170.84:44966/bin.sh,urlhaus,malware_download,mirai,2026-10-05 16:00:19,2026-10-05 16:31:45,85
url,http://222.127.170.84:44966/i,urlhaus,malware_download,mirai,2026-10-05 16:00:19,2026-10-05 16:31:45,85
url,http://222.127.251.23:56920/bin.sh,urlhaus,malware_download,mirai,2026-10-05 16:00:19,2026-10-05 16:31:45,85
url,http://222.127.251.23:56920/i,urlhaus,malware_download,"32-bit,arm,elf,mirai,Mozi",2026-10-05 16:00:19,2026-10-05 16:31:45,85
url,http://222.127.54.84:39535/bin.sh,urlhaus,malware_download,"32-bit,arm,elf,mirai,Mozi",2026-10-05 16:00:19,2026-10-05 16:31:45,85
url,http://222.127.54.84:39535/i,urlhaus,malware_download,"32-bit,arm,elf,mirai,Mozi",2026-10-05 16:00:19,2026-10-05 16:31:45,85
url,http://222.127.71.141:52448/i,urlhaus,malware_download,,2026-10-05 16:00:19,2026-10-05 16:31:45,85
url,http://223.10.2.193:34533/bin.sh,urlhaus,malware_download,"32-bit,arm,elf,mirai,Mozi",2026-10-05 16:00:19,2026-10-05 16:31:45,85
url,http://223.10.2.193:34533/i,urlhaus,malware_download,"32-bit,arm,elf,mirai,Mozi",2026-10-05 16:00:19,2026-10-05 16:31:45,85
url,http://27.152.11.202:45011/i,urlhaus,malware_download,mirai,2026-10-05 16:00:19,2026-10-05 16:31:45,85
url,http://27.215.123.59:54044/bin.sh,urlhaus,malware_download,Mozi,2026-10-05 16:00:19,2026-10-05 16:31:45,85
url,http://27.37.228.163:48371/i,urlhaus,malware_download,"32-bit,elf,mips,Mozi",2026-10-05 16:00:19,2026-10-05 16:31:45,85
url,http://36.24.252.179:43978/i,urlhaus,malware_download,mirai,2026-10-05 16:00:19,2026-10-05 16:31:45,85
url,http://36.64.184.26:53519/bin.sh,urlhaus,malware_download,"32-bit,arm,elf,mirai,Mozi",2026-10-05 16:00:19,2026-10-05 16:31:45,85
url,http://41.140.146.61:40103/i,urlhaus,malware_download,Mozi,2026-10-05 16:00:19,2026-10-05 16:31:45,85
url,http://41.216.227.27:51974/i,urlhaus,malware_download,Mozi,2026-10-05 16:00:19,2026-10-05 16:31:45,85
url,http://42.232.228.135:34522/bin.sh,urlhaus,malware_download,Mozi,2026-10-05 16:00:19,2026-10-05 16:31:45,85
url,http://42.232.228.135:34522/i,urlhaus,malware_download,Mozi,2026-10-05 16:00:19,2026-10-05 16:31:45,85
url,http://42.55.5.203:55832/bin.sh,urlhaus,malware_download,,2026-10-05 16:00:19,2026-10-05 16:31:45,85
url,http://42.57.203.4:57127/bin.sh,urlhaus,malware_download,"cowrie,elf,honeypot,mipsel,Mozi",2026-10-05 16:00:19,2026-10-05 16:31:45,85
url,http://42.59.237.14:57635/bin.sh,urlhaus,malware_download,,2026-10-05 16:00:19,2026-10-05 16:31:45,85
url,http://42.7.220.160:54093/i,urlhaus,malware_download,,2026-10-05 16:00:19,2026-10-05 16:31:45,85
url,http://45.177.32.104:49383/i,urlhaus,malware_download,mirai,2026-10-05 16:00:19,2026-10-05 16:31:45,85
url,http://46.10.44.157:43860/bin.sh,urlhaus,malware_download,,2026-10-05 16:00:19,2026-10-05 16:31:45,85
url,http://46.10.44.157:43860/i,urlhaus,malware_download,,2026-10-05 16:00:19,2026-10-05 16:31:45,85
url,http://59.96.142.66:50333/bin.sh,urlhaus,malware_download,,2026-10-05 16:00:19,2026-10-05 16:31:45,85
url,http://60.18.82.10:35617/i,urlhaus,malware_download,,2026-10-05 16:00:19,2026-10-05 16:31:45,85
url,http://60.23.233.135:57235/bin.sh,urlhaus,malware_download,,2026-10-05 16:00:19,2026-10-05 16:31:45,85
url,http://60.23.233.135:57235/i,urlhaus,malware_download,,2026-10-05 16:00:19,2026-10-05 16:31:45,85
url,http://60.23.237.21:45576/bin.sh,urlhaus,malware_download,,2026-10-05 16:00:19,2026-10-05 16:31:45,85
url,http://60.23.239.109:57812/i,urlhaus,malware_download,,2026-10-05 16:00:19,2026-10-05 16:31:45,85
url,http://61.52.78.135:57433/i,urlhaus,malware_download,Mozi,2026-10-05 16:00:19,2026-10-05 16:31:45,85
url,http://61.53.205.39:35047/bin.sh,urlhaus,malware_download,"32-bit,elf,mips,Mozi",2026-10-05 16:00:19,2026-10-05 16:31:45,85
url,http://94.137.54.143:3344/i,urlhaus,malware_download,,2026-10-05 16:00:19,2026-10-05 16:31:45,85
url,https://aqclqkcfjwbgknkwnvmm.supabase.co/storage/v1/object/public/client-files/uploads/1791124176602-3baa8b5c-420e-4720-b7e2-a493fa7f8963.jar,urlhaus,malware_download,SilentNet,2026-10-05 16:00:19,2026-10-05 16:31:45,85
url,https://aqclqkcfjwbgknkwnvmm.supabase.co/storage/v1/object/public/client-files/uploads/1791124268555-4907942c-6c0d-4a06-8fdf-8f7bcb0a8e6a.jar,urlhaus,malware_download,SilentNet,2026-10-05 16:00:19,2026-10-05 16:31:45,85
url,https://aqclqkcfjwbgknkwnvmm.supabase.co/storage/v1/object/public/client-files/uploads/1791124818494-be5073d9-a31c-4676-8d64-c62002c6aa6d.jar,urlhaus,malware_download,SilentNet,2026-10-05 16:00:19,2026-10-05 16:31:45,85
url,https://github.com/HunterTeamC2/huynhtoanupload/raw/refs/heads/main/sirusrat.exe,urlhaus,malware_download,"AsyncRAT,exe,rat",2026-10-05 16:00:19,2026-10-05 16:31:45,85
url,https://github.com/kizzyman1/wps/releases/download/v1/nu.txt,urlhaus,malware_download,"connectwise,rmm,screenconnect",2026-10-05 16:00:19,2026-10-05 16:31:45,85
url,https://uu.v2raynapps.com.cn/UU_aNCcWz7.zip,urlhaus,malware_download,"SilverFox,ValleyRAT",2026-10-05 16:00:19,2026-10-05 16:31:45,85
url,https://www.dosyaupload.com/d8Wx/Cyberdupe-1.0.0-1.21.11.jar,urlhaus,malware_download,,2026-10-05 16:00:19,2026-10-05 16:31:45,85
domain,7279salmon.workers.dev,threatfox,php.shin_webshell,"threatfox,Cloudflare,GIF,PHP,webshell,WordPress,workers.dev,wp-admin",2026-10-05 04:06:19,2026-10-05 04:35:04,85
domain,adserverworkshub.com,threatfox,ClearFake,"threatfox,ClearFake,ClickFix,EtherHiding",2026-10-05 04:06:19,2026-10-05 04:35:04,85
domain,binexuqo.workers.dev,threatfox,php.shin_webshell,"threatfox,Cloudflare,GIF,PHP,webshell,WordPress,workers.dev,wp-admin",2026-10-05 04:06:19,2026-10-05 04:35:04,85
domain,c8zqg6qg66.workers.dev,threatfox,php.shin_webshell,"threatfox,Cloudflare,GIF,PHP,webshell,WordPress,workers.dev,wp-admin",2026-10-05 04:06:19,2026-10-05 04:35:04,85
domain,cutstudios.life,threatfox,Unknown RAT,"threatfox,Malvertising,ScreenConnect",2026-10-05 04:06:19,2026-10-05 04:35:04,85
domain,db.333pwk.org,threatfox,Vidar,"threatfox,vidar",2026-10-05 04:06:19,2026-10-05 04:35:04,85
domain,db.396zk.net,threatfox,Vidar,"threatfox,vidar",2026-10-05 04:06:19,2026-10-05 04:35:04,85
domain,eyqfk03386.workers.dev,threatfox,php.shin_webshell,"threatfox,Cloudflare,GIF,PHP,webshell,WordPress,workers.dev,wp-admin",2026-10-05 04:06:19,2026-10-05 04:35:04,85
domain,finigyku.workers.dev,threatfox,php.shin_webshell,"threatfox,Cloudflare,GIF,PHP,webshell,WordPress,workers.dev,wp-admin",2026-10-05 04:06:19,2026-10-05 04:35:04,85
domain,guvirepi.workers.dev,threatfox,php.shin_webshell,"threatfox,Cloudflare,GIF,PHP,webshell,WordPress,workers.dev,wp-admin",2026-10-05 04:06:19,2026-10-05 04:35:04,85
domain,heheruve.workers.dev,threatfox,php.shin_webshell,"threatfox,Cloudflare,GIF,PHP,webshell,WordPress,workers.dev,wp-admin",2026-10-05 04:06:19,2026-10-05 04:35:04,85
domain,i6uk81wh.djbpmstudio.com,threatfox,ClearFake,"threatfox,ClearFake,mac-0xdcf2,macos",2026-10-05 04:06:19,2026-10-05 04:35:04,85
domain,kabtec.net,threatfox,ClearFake,"threatfox,compromised,EtherHide",2026-10-05 04:06:19,2026-10-05 04:35:04,85
domain,kivahanpatisserie.com,threatfox,ClearFake,"threatfox,compromised,EtherHide",2026-10-05 04:06:19,2026-10-05 04:35:04,85
domain,kytini.workers.dev,threatfox,php.shin_webshell,"threatfox,Cloudflare,GIF,PHP,webshell,WordPress,workers.dev,wp-admin",2026-10-05 04:06:19,2026-10-05 04:35:04,85
domain,lasvegastelephone.com,threatfox,ClearFake,"threatfox,compromised,EtherHide",2026-10-05 04:06:19,2026-10-05 04:35:04,85
domain,mitilaha.workers.dev,threatfox,php.shin_webshell,"threatfox,Cloudflare,GIF,PHP,webshell,WordPress,workers.dev,wp-admin",2026-10-05 04:06:19,2026-10-05 04:35:04,85
domain,monitoropsworks.com,threatfox,ClearFake,"threatfox,ClearFake,ClickFix,EtherHiding",2026-10-05 04:06:19,2026-10-05 04:35:04,85
domain,neganor.com,threatfox,ClearFake,"threatfox,compromised,EtherHide",2026-10-05 04:06:19,2026-10-05 04:35:04,85
domain,nsmsolllc.com,threatfox,ClearFake,"threatfox,compromised,EtherHide",2026-10-05 04:06:19,2026-10-05 04:35:04,85
domain,onlinecapcutedit.top,threatfox,Unknown RAT,"threatfox,Malvertising,ScreenConnect",2026-10-05 04:06:19,2026-10-05 04:35:04,85
domain,p64urvgn.wiskaoane.com,threatfox,ClearFake,"threatfox,ClearFake,mac-0xdcf2,macos",2026-10-05 04:06:19,2026-10-05 04:35:04,85
domain,pioneerbenefitspartners.com,threatfox,ClearFake,"threatfox,compromised,EtherHide",2026-10-05 04:06:19,2026-10-05 04:35:04,85
domain,qtvsz36517.workers.dev,threatfox,php.shin_webshell,"threatfox,Cloudflare,GIF,PHP,webshell,WordPress,workers.dev,wp-admin",2026-10-05 04:06:19,2026-10-05 04:35:04,85
domain,relay.goruf.top,threatfox,Unknown RAT,"threatfox,C2,ScreenConnect",2026-10-05 04:06:19,2026-10-05 04:35:04,85
domain,richardrosalaw.com,threatfox,ClearFake,"threatfox,compromised,EtherHide",2026-10-05 04:06:19,2026-10-05 04:35:04,85
domain,saboordeveloper.com,threatfox,ClearFake,"threatfox,compromised,EtherHide",2026-10-05 04:06:19,2026-10-05 04:35:04,85
domain,sazyga.workers.dev,threatfox,php.shin_webshell,"threatfox,Cloudflare,GIF,PHP,webshell,WordPress,workers.dev,wp-admin",2026-10-05 04:06:19,2026-10-05 04:35:04,85
domain,setsistemas.com,threatfox,ClearFake,"threatfox,compromised,EtherHide",2026-10-05 04:06:19,2026-10-05 04:35:04,85
domain,skatools.com,threatfox,ClearFake,"threatfox,compromised,EtherHide",2026-10-05 04:06:19,2026-10-05 04:35:04,85
domain,solarenergypanelsonline.com,threatfox,ClearFake,"threatfox,compromised,EtherHide",2026-10-05 04:06:19,2026-10-05 04:35:04,85
domain,sportnsports.com,threatfox,ClearFake,"threatfox,compromised,EtherHide",2026-10-05 04:06:19,2026-10-05 04:35:04,85
domain,surefiremediagroup.com,threatfox,ClearFake,"threatfox,compromised,EtherHide",2026-10-05 04:06:19,2026-10-05 04:35:04,85
domain,surgeryintijuanamexico.com,threatfox,ClearFake,"threatfox,compromised,EtherHide",2026-10-05 04:06:19,2026-10-05 04:35:04,85
domain,swiftseal.com.au,threatfox,ClearFake,"threatfox,compromised,EtherHide",2026-10-05 04:06:19,2026-10-05 04:35:04,85
domain,tanyavondegurechaff.fit,threatfox,ClearFake,"threatfox,ClearFake",2026-10-05 04:06:19,2026-10-05 04:35:04,85
domain,targinsigns.com,threatfox,ClearFake,"threatfox,compromised,EtherHide",2026-10-05 04:06:19,2026-10-05 04:35:04,85
domain,tennisclubcastelmaurou.fr,threatfox,ClearFake,"threatfox,compromised,EtherHide",2026-10-05 04:06:19,2026-10-05 04:35:04,85
domain,theadventuresofbump.com,threatfox,ClearFake,"threatfox,compromised,EtherHide",2026-10-05 04:06:19,2026-10-05 04:35:04,85
domain,theaffluentempire.com,threatfox,ClearFake,"threatfox,compromised,EtherHide",2026-10-05 04:06:19,2026-10-05 04:35:04,85
domain,thelooksalonhouston.com,threatfox,ClearFake,"threatfox,compromised,EtherHide",2026-10-05 04:06:19,2026-10-05 04:35:04,85
domain,theroamdiary.com,threatfox,ClearFake,"threatfox,compromised,EtherHide",2026-10-05 04:06:19,2026-10-05 04:35:04,85
domain,topdepanneur.com,threatfox,ClearFake,"threatfox,compromised,EtherHide",2026-10-05 04:06:19,2026-10-05 04:35:04,85
domain,tpkwireless.com,threatfox,ClearFake,"threatfox,compromised,EtherHide",2026-10-05 04:06:19,2026-10-05 04:35:04,85
domain,ufwxr629.tanyavondegurechaff.fit,threatfox,ClearFake,"threatfox,ClearFake,mac-0x76c7,macos",2026-10-05 04:06:19,2026-10-05 04:35:04,85
domain,vallonminerals.com,threatfox,ClearFake,"threatfox,compromised,EtherHide",2026-10-05 04:06:19,2026-10-05 04:35:04,85
domain,wbmconstruction.org,threatfox,ClearFake,"threatfox,compromised,EtherHide",2026-10-05 04:06:19,2026-10-05 04:35:04,85
domain,www.itsi.edu.ni,threatfox,ClearFake,"threatfox,compromised,EtherHide",2026-10-05 04:06:19,2026-10-05 04:35:04,85
domain,www.ittiritmi.it,threatfox,ClearFake,"threatfox,compromised,EtherHide",2026-10-05 04:06:19,2026-10-05 04:35:04,85
domain,www.labrujacaliente.com,threatfox,ClearFake,"threatfox,compromised,EtherHide",2026-10-05 04:06:19,2026-10-05 04:35:04,85
domain,www.lesbg.com,threatfox,ClearFake,"threatfox,compromised,EtherHide",2026-10-05 04:06:19,2026-10-05 04:35:04,85
domain,www.luxebrokers.store,threatfox,ClearFake,"threatfox,compromised,EtherHide",2026-10-05 04:06:19,2026-10-05 04:35:04,85
domain,www.q-easy.it,threatfox,ClearFake,"threatfox,compromised,EtherHide",2026-10-05 04:06:19,2026-10-05 04:35:04,85
domain,www.rideaux-metalliques-beauvais.fr,threatfox,ClearFake,"threatfox,compromised,EtherHide",2026-10-05 04:06:19,2026-10-05 04:35:04,85
domain,www.royalkimons.com,threatfox,ClearFake,"threatfox,compromised,EtherHide",2026-10-05 04:06:19,2026-10-05 04:35:04,85
domain,www.sgibrewfest.com,threatfox,ClearFake,"threatfox,compromised,EtherHide",2026-10-05 04:06:19,2026-10-05 04:35:04,85
domain,www.sodinukai.lt,threatfox,ClearFake,"threatfox,compromised,EtherHide",2026-10-05 04:06:19,2026-10-05 04:35:04,85
hash_md5,067f471cc6e2dc44e6692912faa70bf9,threatfox,PXA Stealer,threatfox,2026-10-05 04:06:19,2026-10-05 04:35:04,85
hash_md5,093203dd9eb065a03026a16aee7a1562,threatfox,PXA Stealer,threatfox,2026-10-05 04:06:19,2026-10-05 04:35:04,85
hash_md5,0da7f248ddd837ad8f0e18fb085546a6,threatfox,VShell,threatfox,2026-10-05 04:06:19,2026-10-05 04:35:04,85
hash_md5,1017726535781624fa7ec1e830991fe2,threatfox,PXA Stealer,threatfox,2026-10-05 04:06:19,2026-10-05 04:35:04,85
hash_md5,10e1d30f3e8002e8b65774b9a6d27da9,threatfox,ValleyRAT,threatfox,2026-10-05 04:06:19,2026-10-05 04:35:04,85
hash_md5,11675510d8b56c9b11dadbb6e2b08d26,threatfox,Ghost RAT,threatfox,2026-10-05 04:06:19,2026-10-05 04:35:04,85
hash_md5,164548d73e249f6e27631923170abec2,threatfox,AsyncRAT,threatfox,2026-10-05 04:06:19,2026-10-05 04:35:04,85
hash_md5,1888c61f0f51d91c14b7a8a519591ce6,threatfox,Nanocore RAT,threatfox,2026-10-05 04:06:19,2026-10-05 04:35:04,85
hash_md5,19dcb9d230e485391ac633476856fcc8,threatfox,PXA Stealer,threatfox,2026-10-05 04:06:19,2026-10-05 04:35:04,85
hash_md5,1e0ec47bcfb538a7f81dfb8beae9b596,threatfox,PXA Stealer,threatfox,2026-10-05 04:06:19,2026-10-05 04:35:04,85
hash_md5,21e02ce15334d2dcc5a3d39713d771b1,threatfox,PXA Stealer,threatfox,2026-10-05 04:06:19,2026-10-05 04:35:04,85
hash_md5,22cd16e30b21fb2bdc0f5e0caa62313a,threatfox,PXA Stealer,threatfox,2026-10-05 04:06:19,2026-10-05 04:35:04,85
hash_md5,24f57b19d5e39d4ddbc91e4f2bb7273d,threatfox,PXA Stealer,threatfox,2026-10-05 04:06:19,2026-10-05 04:35:04,85
hash_md5,26eedbcdb7b089744785f392b08acf6f,threatfox,PXA Stealer,threatfox,2026-10-05 04:06:19,2026-10-05 04:35:04,85
hash_md5,2ed38621c36aa2f806a8bfbd93703e09,threatfox,PXA Stealer,threatfox,2026-10-05 04:06:19,2026-10-05 04:35:04,85
hash_md5,397428bfc9374c1cc2e5949292de2790,threatfox,Venus Stealer,threatfox,2026-10-05 04:06:19,2026-10-05 04:35:04,85
hash_md5,3e42bf50234aadcec42cc7b9ebf7ab42,threatfox,PXA Stealer,threatfox,2026-10-05 04:06:19,2026-10-05 04:35:04,85
hash_md5,45c87a5582de778121d8e3159c4c78ef,threatfox,Coinminer,threatfox,2026-10-05 04:06:19,2026-10-05 04:35:04,85
hash_md5,547f24096e74bfe49d1682b8aecb6fde,threatfox,Coinminer,threatfox,2026-10-05 04:06:19,2026-10-05 04:35:04,85
hash_md5,58696653f9cf242daecba907e04c6bf6,threatfox,GCleaner,threatfox,2026-10-05 04:06:19,2026-10-05 04:35:04,85
hash_md5,5e693abbc38b2d000227d73a05507890,threatfox,AsyncRAT,threatfox,2026-10-05 04:06:19,2026-10-05 04:35:04,85
hash_md5,63e51e80d9c5ba0a821135c9acd4204f,threatfox,Vidar,threatfox,2026-10-05 04:06:19,2026-10-05 04:35:04,85
hash_md5,6527c466fe33563ad7f0cacb1c16209f,threatfox,Attor,threatfox,2026-10-05 04:06:19,2026-10-05 04:35:04,85
hash_md5,6c47b6133ffe78e1f31bbc77135e5a3d,threatfox,TinyMet,threatfox,2026-10-05 04:06:19,2026-10-05 04:35:04,85
hash_md5,6e473ccde151acda24cb2c5db83413c0,threatfox,VShell,threatfox,2026-10-05 04:06:19,2026-10-05 04:35:04,85
hash_md5,71589459b8c1f7444cb6955d051d2e57,threatfox,Coinminer,threatfox,2026-10-05 04:06:19,2026-10-05 04:35:04,85
hash_md5,72ffa3aabbe171b542c3372f13441e52,threatfox,stealler,threatfox,2026-10-05 04:06:19,2026-10-05 04:35:04,85
hash_md5,73bf9f699e6a5c45c03c012ab7084ac1,threatfox,DarkTortilla,threatfox,2026-10-05 04:06:19,2026-10-05 04:35:04,85
hash_md5,874c713546c21ca87434f1440843338e,threatfox,neshta,threatfox,2026-10-05 04:06:19,2026-10-05 04:35:04,85
hash_md5,8c3dd656daaafe66e19afd5cb76d8a7d,threatfox,Supper,threatfox,2026-10-05 04:06:19,2026-10-05 04:35:04,85
hash_md5,8dcdcd4a750b248d9eedb87c422edc88,threatfox,SalatStealer,threatfox,2026-10-05 04:06:19,2026-10-05 04:35:04,85
hash_md5,94e791c4f0e69665c326c0ec634aa0b6,threatfox,XRed,threatfox,2026-10-05 04:06:19,2026-10-05 04:35:04,85
hash_md5,9b3f43a7fc536b20c354ba62f7626cd5,threatfox,Ghost RAT,threatfox,2026-10-05 04:06:19,2026-10-05 04:35:04,85
hash_md5,b00155089851d5307dc54b9948ed0a43,threatfox,WannaCryptor,threatfox,2026-10-05 04:06:19,2026-10-05 04:35:04,85
hash_md5,bfb8c3b715f56c56cd512135d5ff3f1c,threatfox,PXA Stealer,threatfox,2026-10-05 04:06:19,2026-10-05 04:35:04,85
hash_md5,c24fdcd921be5cca6f0ee11156a6bd7d,threatfox,Luca Stealer,threatfox,2026-10-05 04:06:19,2026-10-05 04:35:04,85
hash_md5,c3a2d9c1ae423ae362e76c200f5f3d52,threatfox,MoriAgent,threatfox,2026-10-05 04:06:19,2026-10-05 04:35:04,85
hash_md5,c41354155dc082e2cd6db84a69b35c28,threatfox,Cobalt Strike,threatfox,2026-10-05 04:06:19,2026-10-05 04:35:04,85
hash_md5,dbaf29a9c995b983bc0cf6d65f9397fa,threatfox,Ghost RAT,threatfox,2026-10-05 04:06:19,2026-10-05 04:35:04,85
hash_md5,e3988eb28220b4dd05fb984aef5c08e4,threatfox,Venus Stealer,threatfox,2026-10-05 04:06:19,2026-10-05 04:35:04,85
hash_md5,e4a34372eab0832d0682fa986a8e0b97,threatfox,Cobalt Strike,threatfox,2026-10-05 04:06:19,2026-10-05 04:35:04,85
hash_md5,ea119b7fecb3af92c5937defdb46c884,threatfox,Vidar,threatfox,2026-10-05 04:06:19,2026-10-05 04:35:04,85
hash_md5,f45ee413107a3fc0ca47f529d9756b35,threatfox,NetWire RC,threatfox,2026-10-05 04:06:19,2026-10-05 04:35:04,85
hash_md5,f512184d11309e3da83fa1967d3faff6,threatfox,PureRAT,threatfox,2026-10-05 04:06:19,2026-10-05 04:35:04,85
hash_sha256,01b5a60b54ff4a0f670e39a6d567f02bc69338ccfae2d679a17ed09247e284e6,threatfox,Mirai,"threatfox,elf,Gafgyt,Mirai",2026-10-05 04:06:19,2026-10-05 04:35:04,85
hash_sha256,01dec44e70c5c84d2e790a3f2bd4e8613ba82ebd1d13bfb9e4df20ea476ca559,threatfox,Ghost RAT,threatfox,2026-10-05 04:06:19,2026-10-05 04:35:04,85
hash_sha256,0228eed428f34441ca2fee9ae9e271f937f303ee9589b046dc5c46a70db75708,threatfox,Mirai,"threatfox,elf,Mirai",2026-10-05 04:06:19,2026-10-05 04:35:04,85
hash_sha256,028df8aee8f72443a51112f7864566492fea3f58c66a88f58a2add7b9e2b79a1,threatfox,Mirai,"threatfox,elf,Gafgyt,Mirai",2026-10-05 04:06:19,2026-10-05 04:35:04,85
hash_sha256,0307e6000144077d429f477fbf400e043a64cb0ae9808603074178af39fa1e0f,threatfox,Mirai,"threatfox,elf,Gafgyt,Mirai",2026-10-05 04:06:19,2026-10-05 04:35:04,85
hash_sha256,03130b6b7d4b32edaf7a22ac884b66c5f1b5f7cb42482909a8322fecaf65e039,threatfox,Mirai,"threatfox,elf,Mirai",2026-10-05 04:06:19,2026-10-05 04:35:04,85
hash_sha256,03a6d4a376ec5d591bfc2b33065604beaa2918d3ed90f5acf0501e842d56784c,threatfox,Mirai,"threatfox,elf,Mirai",2026-10-05 04:06:19,2026-10-05 04:35:04,85
hash_sha256,04d3aefbcb6d2097f66a3ec053a2b17cb1af298a215f6299f691aae88992acd9,threatfox,Mirai,"threatfox,elf,Mirai",2026-10-05 04:06:19,2026-10-05 04:35:04,85
hash_sha256,068a7e1cbc2094d515d396b24d9ce6608b2002bf237256105fa9650484f2803e,threatfox,Mirai,"threatfox,elf,Mirai",2026-10-05 04:06:19,2026-10-05 04:35:04,85
hash_sha256,06b49bcdf650a2f505057a0d8200e1f29779f3aefffa858f3a6409162e1ba63b,threatfox,Mirai,"threatfox,elf,Mirai",2026-10-05 04:06:19,2026-10-05 04:35:04,85
hash_sha256,06fffeea93435328949a102e15496f92e4dddb66cdb8a351d7efb31e0a0b5049,threatfox,XOR DDoS,"threatfox,elf,XORDDoS",2026-10-05 04:06:19,2026-10-05 04:35:04,85
hash_sha256,073daa6a559f6dfba73f388a9c7451c53515c359c2a4b666fc4f46b2f2bad5f3,threatfox,AsyncRAT,threatfox,2026-10-05 04:06:19,2026-10-05 04:35:04,85
hash_sha256,08347e4debb51bc5933356d8288afed66568c3ccf8303955418e9ebc3011d25b,threatfox,Mirai,"threatfox,elf,Mirai",2026-10-05 04:06:19,2026-10-05 04:35:04,85
hash_sha256,084de076685c2be691279245ba6b1f92cf89e6473a42a9ef9a509d7adfd719c8,threatfox,Mirai,"threatfox,backdoor,elf,Mirai,upx",2026-10-05 04:06:19,2026-10-05 04:35:04,85
hash_sha256,084e75baea7479a3c77c09ffaee73c1d1c12becd334d35899aed54049bcad684,threatfox,Mirai,"threatfox,elf,Mirai",2026-10-05 04:06:19,2026-10-05 04:35:04,85
hash_sha256,08809c9882e4e1137b2827a7431aaad833278fa186687ab737f8575b14c5d5b5,threatfox,Mirai,"threatfox,elf,Mirai",2026-10-05 04:06:19,2026-10-05 04:35:04,85
hash_sha256,089026c4c5cab42a00247e6802d9ea2672ce3f08ed14363cc120ff36bf634f62,threatfox,Mirai,"threatfox,elf,Mirai",2026-10-05 04:06:19,2026-10-05 04:35:04,85
hash_sha256,0b210aa601f12bc1f75ce3fec740c5c1e60d2598733b54d74f1d3efd38d04c19,threatfox,Mirai,"threatfox,elf,Mirai",2026-10-05 04:06:19,2026-10-05 04:35:04,85
hash_sha256,0b667fe4fc990f75d0ff341a3a8c0a6a8939006cbf74d1250e536dcaa020e262,threatfox,Mirai,"threatfox,elf,Mirai",2026-10-05 04:06:19,2026-10-05 04:35:04,85
hash_sha256,0b8e3baabf8c4d764431e3927e2cd549efcb5d2cd05ae7c62c145fb8fdfb144f,threatfox,SalatStealer,threatfox,2026-10-05 04:06:19,2026-10-05 04:35:04,85
hash_sha256,0f103597008e3bc6ca629fc540e916b14d50fcb4e7f9e634e28cb515fc3ba21e,threatfox,Mirai,"threatfox,elf,Mirai",2026-10-05 04:06:19,2026-10-05 04:35:04,85
hash_sha256,0f223dda258116b23a3f856b76c346f75d24ffde2dba7598110b80f262587288,threatfox,NetWire RC,threatfox,2026-10-05 04:06:19,2026-10-05 04:35:04,85
hash_sha256,1036e6f248211d218e2f0b543f290c566ecb2baafbdaf4038743e0ecd4481273,threatfox,Mirai,"threatfox,elf,Mirai",2026-10-05 04:06:19,2026-10-05 04:35:04,85
hash_sha256,105cadd39caf4f1bb631211a78a59d5507eaa66d8473e3229751ef99540305e2,threatfox,Bashlite,"threatfox,Bashlite,elf,Gafgyt",2026-10-05 04:06:19,2026-10-05 04:35:04,85
hash_sha256,1205d35b4ba501885610598b03cfd82c9e829836273293635595c118aedbff9e,threatfox,Mirai,"threatfox,elf,Mirai",2026-10-05 04:06:19,2026-10-05 04:35:04,85
hash_sha256,1253a628c3fc92fa9f2c85d45c76d34b94d15c9969a768275ced91dcaaefc68e,threatfox,Mirai,"threatfox,elf,Mirai,upx",2026-10-05 04:06:19,2026-10-05 04:35:04,85
hash_sha256,12d0cfedae1778a72603e49a461d7c7375a58c800d8ced9acf8cf04c3321dd1b,threatfox,Coinminer,threatfox,2026-10-05 04:06:19,2026-10-05 04:35:04,85
hash_sha256,13f851d47b120eb18d1b22ea6f412965a3ddffee3ab82857d0c975692d4e1c0c,threatfox,Mirai,"threatfox,elf,Mirai",2026-10-05 04:06:19,2026-10-05 04:35:04,85
hash_sha256,171491086484e054f0a6b87fd270ce68fa7a71a18b4268c2fa8fb286a54e44f4,threatfox,Mirai,"threatfox,elf,Mirai,upx",2026-10-05 04:06:19,2026-10-05 04:35:04,85
hash_sha256,17830555b3dd1bcc421dc33acb0ea85489037355fef71ffb47d5df713c8df2f3,threatfox,PXA Stealer,threatfox,2026-10-05 04:06:19,2026-10-05 04:35:04,85
hash_sha256,179148b189d77e7c9a56e07f1358cbbdaddc3eafe88be252d0a8fdb1c4e6aa9a,threatfox,Mirai,"threatfox,elf,Mirai,upx",2026-10-05 04:06:19,2026-10-05 04:35:04,85
hash_sha256,17f6c03dbb409691ac87c969c59e4dcf61d7475ab0250251df466295c17b8d8d,threatfox,Mirai,"threatfox,elf,Mirai",2026-10-05 04:06:19,2026-10-05 04:35:04,85
hash_sha256,181cc2efa916e64578fdd8a2cbb9248e13135e3925b94267f7ff1c549dc27b6e,threatfox,Mirai,"threatfox,elf,Mirai",2026-10-05 04:06:19,2026-10-05 04:35:04,85
hash_sha256,188fe79091a5c189ee436bfe45dd377020570cb46c4e2b1d5ebd7abfb186b24e,threatfox,Mirai,"threatfox,elf,Mirai",2026-10-05 04:06:19,2026-10-05 04:35:04,85
hash_sha256,18ad044a2922712d59dd21a51b060f9c0a05926bc2afc789d50d01b698d8abcc,threatfox,Mirai,"threatfox,elf,Mirai",2026-10-05 04:06:19,2026-10-05 04:35:04,85
hash_sha256,19b8cc08c112cc738cbf3de08b8755c68fae2d5b731fbdb4c4a848ef79ae89f9,threatfox,Coinminer,"threatfox,Coinminer,sh",2026-10-05 04:06:19,2026-10-05 04:35:04,85
hash_sha256,1a72b7c1209843a124886d25d8db002e7e0a27878c43d5194910af2c229b5530,threatfox,Mirai,"threatfox,elf,Mirai",2026-10-05 04:06:19,2026-10-05 04:35:04,85
hash_sha256,1cd89b1ab80b874ee687c15bf0f4bf3e6e242a0b1c59110d5d3780cb00914602,threatfox,PXA Stealer,threatfox,2026-10-05 04:06:19,2026-10-05 04:35:04,85
hash_sha256,1d822b86c80ca3a3daeeeb295cb2a512e617d6f0b8660042dd200210baadfdcd,threatfox,Mirai,"threatfox,elf,Mirai,upx",2026-10-05 04:06:19,2026-10-05 04:35:04,85
hash_sha256,1e04b1603bcfe0b2c9a48f41e74320fc808d6bca385ae0ac60c5385966dfede2,threatfox,Mirai,"threatfox,elf,Mirai",2026-10-05 04:06:19,2026-10-05 04:35:04,85
hash_sha256,1edf639a68f13c8be1f3ad91f7687953c4c49d7988903e8edfb3fd2a6fdc14a7,threatfox,Mirai,"threatfox,elf,Mirai",2026-10-05 04:06:19,2026-10-05 04:35:04,85
hash_sha256,1f1ac4baf31853c8a55967b45adecf3d16a9f689fbf1f71af7e735f5aeda1128,threatfox,Mirai,"threatfox,elf,Mirai",2026-10-05 04:06:19,2026-10-05 04:35:04,85
hash_sha256,1f6d592cb634f80af6c44c9ec183f09c766aa110832ddd65050458d4ef491ab6,threatfox,Mirai,"threatfox,elf,Mirai",2026-10-05 04:06:19,2026-10-05 04:35:04,85
hash_sha256,1fee1a85a3ed0c8b58f6c7eca67936f89a437a85ace95c5017992f853117d1b7,threatfox,VShell,threatfox,2026-10-05 04:06:19,2026-10-05 04:35:04,85
hash_sha256,208b8c2b2ee2e299351427acf7e7c85598efc805ec26f21335535b70d6059c6b,threatfox,Mirai,"threatfox,elf,Gafgyt,Mirai",2026-10-05 04:06:19,2026-10-05 04:35:04,85
hash_sha256,220940a9debf6cd95f9eccb6fa28d457a6c2c9387d8e9d0b080e19a1a43aa754,threatfox,Mirai,"threatfox,elf,Mirai",2026-10-05 04:06:19,2026-10-05 04:35:04,85
hash_sha256,223d15f12cc26ff6f6fb56ea80e3381617640d2175858ec4bca271ecf0b42d17,threatfox,Mirai,"threatfox,elf,Mirai",2026-10-05 04:06:19,2026-10-05 04:35:04,85
hash_sha256,224aec5fec1f907ce152895095f56a3a2f2db0d627633ee691af56a13f34e7f8,threatfox,Cobalt Strike,threatfox,2026-10-05 04:06:19,2026-10-05 04:35:04,85
hash_sha256,229e0998d76c931428c415810e98c909b07d2a3cc7cdbe41a1775154f0296561,threatfox,Mirai,"threatfox,elf,Mirai",2026-10-05 04:06:19,2026-10-05 04:35:04,85
hash_sha256,22d787cc8ee9319b6e1147f55f7204d846efda4a3a0b1b40fc92d2bfd7345ff5,threatfox,Mirai,"threatfox,elf,Mirai,upx",2026-10-05 04:06:19,2026-10-05 04:35:04,85
hash_sha256,23adc923f7baacd4afe877f79ea81df13f581ca2350ee99c5151d75d32efdee1,threatfox,Mirai,"threatfox,elf,Mirai",2026-10-05 04:06:19,2026-10-05 04:35:04,85
hash_sha256,2510f84f4c3d895ff967282ae6b039a13351fa58667035ff4318d44586f29c6b,threatfox,Mirai,"threatfox,elf,Mirai",2026-10-05 04:06:19,2026-10-05 04:35:04,85
hash_sha256,261eb5a77bb158237f309a830e90af849e3349b4c186737b9dcf27ecc7a54671,threatfox,Mirai,"threatfox,elf,Gafgyt,Mirai",2026-10-05 04:06:19,2026-10-05 04:35:04,85
hash_sha256,2648a65d91ed44dba57f7c3b6034e364e30b229e4ea1b9fddc6cc674594923ee,threatfox,Mirai,"threatfox,elf,Gafgyt,Mirai",2026-10-05 04:06:19,2026-10-05 04:35:04,85
hash_sha256,266a0f7fd1054296a2b06abf551a7dd79227a173fbe8781c07a2c4c347a0303b,threatfox,Mirai,"threatfox,elf,Mirai",2026-10-05 04:06:19,2026-10-05 04:35:04,85
hash_sha256,266feb3ba73d372c4296c2c915cdca8a99385608ad5939608184bf5b6088d6b4,threatfox,Mirai,"threatfox,elf,Mirai,upx,wraith",2026-10-05 04:06:19,2026-10-05 04:35:04,85
hash_sha256,2721dbcd118b8c4f018ff09a96c10bf5e60ee537a4ccc9c83ed824d90d49af14,threatfox,Mirai,"threatfox,elf,Mirai",2026-10-05 04:06:19,2026-10-05 04:35:04,85
hash_sha256,27c6689123c9753d365b5c4fdf025b704f1e85c0140a86e8271389dc38c4ad31,threatfox,Mirai,"threatfox,elf,Mirai",2026-10-05 04:06:19,2026-10-05 04:35:04,85
hash_sha256,28c79df15f07d779dd6dc2d15215ad4564153a396123befe804c6fadcc36ccfe,threatfox,Mirai,"threatfox,elf,Mirai",2026-10-05 04:06:19,2026-10-05 04:35:04,85
hash_sha256,28fa4489e716e5c7928271d86ce8d20593f90c44d6ceac01b16f1edbcaf89a36,threatfox,Mirai,"threatfox,elf,Mirai,upx",2026-10-05 04:06:19,2026-10-05 04:35:04,85
hash_sha256,2a82f1ad66901ddb28bbf12e999bf44417576ed3ce0ed264275ec6f2c64f8313,threatfox,Mirai,"threatfox,elf,Mirai",2026-10-05 04:06:19,2026-10-05 04:35:04,85
hash_sha256,2ad0d8d26b7a6bb769c9cfbccafc226f707dc0e68ef4ccbc51609d8b7d1514bd,threatfox,Mirai,"threatfox,elf,Mirai",2026-10-05 04:06:19,2026-10-05 04:35:04,85
hash_sha256,2b43e0058caf6ba4431b901450c0bf981426bbce5038d43f65e2558e26ff7d5c,threatfox,Mirai,"threatfox,elf,Mirai",2026-10-05 04:06:19,2026-10-05 04:35:04,85
hash_sha256,2b95e4f4f7d4b9c77d7e23764b05798d9f090d139bc0c353263d186cc4a2d674,threatfox,Mirai,"threatfox,elf,Mirai",2026-10-05 04:06:19,2026-10-05 04:35:04,85
hash_sha256,2d5f316d5ae4abe52dbd3ca9ee3d3c4868a429098a9e8fb4e21e5c9f7f94add9,threatfox,Mirai,"threatfox,elf,Mirai",2026-10-05 04:06:19,2026-10-05 04:35:04,85
hash_sha256,2d88e51cbe20ac1379e8bae7cfc8b36966d76dfa775d0293d0c90d71dfbbee33,threatfox,Mirai,"threatfox,elf,Mirai",2026-10-05 04:06:19,2026-10-05 04:35:04,85
hash_sha256,2debeb696ed96e13d480eaa7519175d43c9582eef567ad9b61a32d8acf21d560,threatfox,Mirai,"threatfox,elf,Mirai",2026-10-05 04:06:19,2026-10-05 04:35:04,85
hash_sha256,2e35846d260b22cbc0f15d54459389ad37e9b3fc3df0c1dd33b38ee1ab95b76b,threatfox,Mirai,"threatfox,elf,Mirai,upx",2026-10-05 04:06:19,2026-10-05 04:35:04,85
hash_sha256,2e538429e81c49a167f49c949eff7f8fb43b0c5af985a394bd7e4ca0669739b5,threatfox,Mirai,"threatfox,elf,Mirai",2026-10-05 04:06:19,2026-10-05 04:35:04,85
hash_sha256,2e716444b93e04a56e01fa485e7cbe32f5f601d1d183e112d29ea5cd83bad6f6,threatfox,TinyMet,threatfox,2026-10-05 04:06:19,2026-10-05 04:35:04,85
hash_sha256,2eb07e1b60960bc08205065a3ca610fbb7dfad5a8710a85cd40e3e7baaa190e6,threatfox,Mirai,"threatfox,elf,Mirai",2026-10-05 04:06:19,2026-10-05 04:35:04,85
hash_sha256,2f3dee0739dcaaf866c76738bc6e7826932e468a37027356274a018f1f350360,threatfox,Alien,"threatfox,Alien,loader,powershell,ps1,pwsh",2026-10-05 04:06:19,2026-10-05 04:35:04,85
hash_sha256,2f6088d935286e13b3711d51cce302340bff48d82475cb89bfc75d7f05ebede2,threatfox,Mirai,"threatfox,elf,Mirai",2026-10-05 04:06:19,2026-10-05 04:35:04,85
hash_sha256,2ff37f885f327d2dd5f12979bf33cc5c2dbb291aab61f22f88aac6962fc25fed,threatfox,Mirai,"threatfox,elf,Gafgyt,Mirai",2026-10-05 04:06:19,2026-10-05 04:35:04,85
hash_sha256,31efb9602e8a54d509bc30d304d5b6bde5eab9e474acb76674a241b2e4e7bbc7,threatfox,Mirai,"threatfox,elf,Mirai",2026-10-05 04:06:19,2026-10-05 04:35:04,85
hash_sha256,356ba05e36ffc2efe4cb5968dc512826815ae85e51fddeb1ca66f8b8ffd2889c,threatfox,Vidar,threatfox,2026-10-05 04:06:19,2026-10-05 04:35:04,85
hash_sha256,35a4d5bc3466d9bf32924392eb20af3196110d408fdc84b919dc39e5b08ed937,threatfox,Mirai,"threatfox,elf,Gafgyt,Mirai",2026-10-05 04:06:19,2026-10-05 04:35:04,85
hash_sha256,35afe2df347cb0909fdf2aba8ed6a506a681518a98c0a723b25a16957437f944,threatfox,Cobalt Strike,threatfox,2026-10-05 04:06:19,2026-10-05 04:35:04,85
hash_sha256,371608c15bb92692c781997f56bd71be6287f40088539d2426bfeef339ef9e9b,threatfox,Mirai,"threatfox,elf,Mirai",2026-10-05 04:06:19,2026-10-05 04:35:04,85
hash_sha256,3719a847dd3216f7d141ee78060c13bbd4d42c306a0669f5322aa4ef9c3ccffb,threatfox,Mirai,"threatfox,bafe,elf,expl,Mirai",2026-10-05 04:06:19,2026-10-05 04:35:04,85
hash_sha256,37df7136ea350adee09219edab16c2e2ee2bfa4d5145295a32294c4e2b3e67b2,threatfox,Venus Stealer,threatfox,2026-10-05 04:06:19,2026-10-05 04:35:04,85
hash_sha256,3941e3f0037c1c5dffbbc2079456c8aadb10710271a64f7ef0395877c983e3a7,threatfox,Mirai,"threatfox,elf,Gafgyt,Mirai",2026-10-05 04:06:19,2026-10-05 04:35:04,85
hash_sha256,39cea04c08f1d50dadb36ffc41a06df87afbb4db24a4eab53387cd3414765133,threatfox,Mirai,"threatfox,elf,Mirai",2026-10-05 04:06:19,2026-10-05 04:35:04,85
hash_sha256,3a0fcd09f8c03b59a951a7cbbac7c53b20185188575e694aeac09f995a143a42,threatfox,Mirai,"threatfox,elf,Mirai",2026-10-05 04:06:19,2026-10-05 04:35:04,85
hash_sha256,3a97ade0a02c9d70b5f3aa7f1e2167faa3124e94b8f5347b72e4f793889776d1,threatfox,Mirai,"threatfox,elf,Mirai",2026-10-05 04:06:19,2026-10-05 04:35:04,85
hash_sha256,3acc9265a1e24ec2367f86417a3284bdfc3a9a668cd7986e31d905bacb9f8550,threatfox,Mirai,"threatfox,elf,Mirai",2026-10-05 04:06:19,2026-10-05 04:35:04,85
hash_sha256,3ba3ff1127b8f5b40e8a97329f9684059220ed22baa53def1febf8072626d4d4,threatfox,Mirai,"threatfox,elf,Mirai",2026-10-05 04:06:19,2026-10-05 04:35:04,85
hash_sha256,3bcba50a44a2221f7856213b2e6e4b5ab9090865bd0e869f7b587b8fc7b1c410,threatfox,Mirai,"threatfox,elf,Mirai",2026-10-05 04:06:19,2026-10-05 04:35:04,85
hash_sha256,3c3b6f5f7df0e8286fb8a0c2d77a807c132326fa1b3c4187889d188181c1e78b,threatfox,Coinminer,threatfox,2026-10-05 04:06:19,2026-10-05 04:35:04,85
hash_sha256,3cdeb23a2dd31c18939fd61d54900988e79e06426ff218535790f65fabafdaf5,threatfox,Mirai,"threatfox,elf,Mirai",2026-10-05 04:06:19,2026-10-05 04:35:04,85
hash_sha256,3ce5f9e3c75180effdab51f29f1a6c7833362e2e515f9bdc6b9cfe9347c80bac,threatfox,Bashlite,"threatfox,Bashlite,elf,Gafgyt",2026-10-05 04:06:19,2026-10-05 04:35:04,85
hash_sha256,3d1461814ff235e644a9c698e8cf99e862ffbce931fcb17380c2bdf2f61de638,threatfox,Mirai,"threatfox,elf,Mirai",2026-10-05 04:06:19,2026-10-05 04:35:04,85
hash_sha256,3d5b070fbbcc24f5676af6fd62da773143f6686a97c844df9ef794b5fcd448da,threatfox,Mirai,"threatfox,elf,Mirai",2026-10-05 04:06:19,2026-10-05 04:35:04,85
hash_sha256,3e5ecb384cf34e56b7b77db65dc2d3780b0e192aa174a5c34efaa678a5e59b44,threatfox,Mirai,"threatfox,elf,Mirai",2026-10-05 04:06:19,2026-10-05 04:35:04,85
hash_sha256,3f3bf218089d1488617d37f8a5116bb2791eb39ce06a1b5bc9a4cdfe5e94dd39,threatfox,RedTail,"threatfox,elf,RedTail,wraith",2026-10-05 04:06:19,2026-10-05 04:35:04,85
hash_sha256,3f96f6753aa0729e6c08e2ae294558240428105dbd38b1708473e6d166b471f9,threatfox,Mirai,"threatfox,elf,Mirai",2026-10-05 04:06:19,2026-10-05 04:35:04,85
hash_sha256,3fdd7d7fa2d1462969074a8b187df1afec27a8f7a936de2ec40724e8f070692d,threatfox,Mirai,"threatfox,elf,Mirai",2026-10-05 04:06:19,2026-10-05 04:35:04,85
hash_sha256,406cf988ebf011977c4ebe6698e8d97027956ffaad92e7d3a95b0bcb0938eebc,threatfox,Mirai,"threatfox,elf,Mirai",2026-10-05 04:06:19,2026-10-05 04:35:04,85
hash_sha256,4086fbc79cacbd8bb4c3d915ef1811956c14e5e64a093015ec770c8784078f2b,threatfox,GCleaner,"threatfox,exe,GCleaner",2026-10-05 04:06:19,2026-10-05 04:35:04,85
hash_sha256,40a9653ba765e50569722b66137cc91faf20235a88a56cda6ba799609da932d1,threatfox,Mirai,"threatfox,elf,Mirai",2026-10-05 04:06:19,2026-10-05 04:35:04,85
hash_sha256,40d115e6d5892fe0eb52ee56958406cbbe16b4beb0c499e954c91f29a08e995f,threatfox,Mirai,"threatfox,elf,Mirai",2026-10-05 04:06:19,2026-10-05 04:35:04,85
hash_sha256,41cbc9d42c2a916d14022beb5ae38444d93aa54ee58a9fef890f05748e4224f2,threatfox,Mirai,"threatfox,elf,Mirai",2026-10-05 04:06:19,2026-10-05 04:35:04,85
hash_sha256,4217d66857f58ae98fec169b21366f81da342d8b54f11d4def15a4ed74eae595,threatfox,Mirai,"threatfox,elf,Mirai",2026-10-05 04:06:19,2026-10-05 04:35:04,85
hash_sha256,42a687253a41984e499b93163cb334388be2b603758f652d6a772090af0e1b8b,threatfox,Mirai,"threatfox,elf,Mirai",2026-10-05 04:06:19,2026-10-05 04:35:04,85
hash_sha256,43d465e80dc34e3aa79c228e61404c83bab19afa63545f47d49435a8ff208fd5,threatfox,AsyncRAT,threatfox,2026-10-05 04:06:19,2026-10-05 04:35:04,85
hash_sha256,44b0d0daa6a52a853a1a0d8b82a7633c5131e986b3b5e984ae57033352ea77c6,threatfox,PXA Stealer,threatfox,2026-10-05 04:06:19,2026-10-05 04:35:04,85
hash_sha256,450b6702d4602ca3ee2c55bfef4baee2f87edda9f0c7e0d0c2eb2893a22e4255,threatfox,Mirai,"threatfox,elf,Mirai",2026-10-05 04:06:19,2026-10-05 04:35:04,85
hash_sha256,4542592d16724dce946519513d7936e25255434e1c87991f814bc5f0fb26b569,threatfox,Mirai,"threatfox,elf,Mirai",2026-10-05 04:06:19,2026-10-05 04:35:04,85
hash_sha256,486dcc16c344ea85617d5a984993eab627831884b18a49c1baa99108017bd031,threatfox,Mirai,"threatfox,elf,Mirai",2026-10-05 04:06:19,2026-10-05 04:35:04,85
hash_sha256,4920d86f38fede1dc42d47420462cfbbe5ebea8df5bd26c1cc86c3c51874ebb4,threatfox,Mirai,"threatfox,elf,Mirai",2026-10-05 04:06:19,2026-10-05 04:35:04,85
hash_sha256,493611327d5d4fe06460977a0295586a9a67434ffc90282a69028fa1f12e3ce9,threatfox,neshta,threatfox,2026-10-05 04:06:19,2026-10-05 04:35:04,85
hash_sha256,4a3e5cea8c00c380842a313342b8655e5de784a982c742ce12372e6e2b57f310,threatfox,Mirai,"threatfox,elf,Mirai",2026-10-05 04:06:19,2026-10-05 04:35:04,85
hash_sha256,4a59ee2b5145b4d7ef77856d4fb9299a621207c522c5d5ef824bb518c86421c7,threatfox,Mirai,"threatfox,elf,Mirai",2026-10-05 04:06:19,2026-10-05 04:35:04,85
hash_sha256,4c49dbbce842ee8489eb38080e2eb258cc15aad68aab77aa1e7a38e691ab948a,threatfox,Mirai,"threatfox,elf,Mirai",2026-10-05 04:06:19,2026-10-05 04:35:04,85
hash_sha256,4c7c802a848d039e803088e2bd16a4232b2bfbfc296eca7da32bb28941b36d9b,threatfox,Bashlite,"threatfox,Bashlite,elf,Gafgyt",2026-10-05 04:06:19,2026-10-05 04:35:04,85
hash_sha256,4d520c344f984fbf9fa08032c13a34ceedcf0293ac6ccb2884845e53b04038d6,threatfox,Mirai,"threatfox,elf,Mirai",2026-10-05 04:06:19,2026-10-05 04:35:04,85
hash_sha256,4d97b07632fe7aaeb4f0b4a300967721202e20a24cd742248a08ea7905cfe688,threatfox,Mirai,"threatfox,elf,Gafgyt,Mirai",2026-10-05 04:06:19,2026-10-05 04:35:04,85
hash_sha256,4f5cba1ed4e27d2fc1104465c5a20b35d773779cd85e5b19e9cb5b8e9d89b4a1,threatfox,stealler,threatfox,2026-10-05 04:06:19,2026-10-05 04:35:04,85
hash_sha256,4faccd95d23724469122505b90cdfd280ff552528be38e73e2b969be90eb7380,threatfox,Mirai,"threatfox,elf,Gafgyt,Mirai",2026-10-05 04:06:19,2026-10-05 04:35:04,85
hash_sha256,507611a45de2fa9f20c1e26e4274b655faf7f47cb2688a1782da25604a2e34c6,threatfox,Mirai,"threatfox,elf,Mirai",2026-10-05 04:06:19,2026-10-05 04:35:04,85
hash_sha256,50eba3c916db0f1a0892ed2651cbaab89965b628a618c095de4473fd5d15e536,threatfox,Mirai,"threatfox,elf,Mirai",2026-10-05 04:06:19,2026-10-05 04:35:04,85
hash_sha256,51dcd023b3ec0229c1768c5d9048d49639d40e423881e8f8533fd63196b684fd,threatfox,Mirai,"threatfox,elf,Mirai",2026-10-05 04:06:19,2026-10-05 04:35:04,85
hash_sha256,53ad3b3ba81cfb1b96d8c1e2c92fb3ee7fb693d92144c786ad29df41e8298a88,threatfox,Mirai,"threatfox,elf,Mirai",2026-10-05 04:06:19,2026-10-05 04:35:04,85
hash_sha256,53e4bc2cdaf78fd36fdf3770b6e4ce72c8c0001fa0a17f9618d98ad7de283746,threatfox,Mirai,"threatfox,elf,Mirai",2026-10-05 04:06:19,2026-10-05 04:35:04,85
hash_sha256,5401b5072072b0d8a3469f3dbc7fc62ad67f22519d029c981ed6230af40fab8a,threatfox,Mirai,"threatfox,elf,Gafgyt,Mirai",2026-10-05 04:06:19,2026-10-05 04:35:04,85
hash_sha256,5420b2745e8d8c347563d73c3945b50b12f7c21b38fbfefd0202779fe1fa98c1,threatfox,Mirai,"threatfox,elf,Mirai",2026-10-05 04:06:19,2026-10-05 04:35:04,85
hash_sha256,561760a86c916c7a29c23f96ce3adf0a106b7dd5187b448fbc4572adf77783ee,threatfox,Mirai,"threatfox,elf,exe,Mirai,upx",2026-10-05 04:06:19,2026-10-05 04:35:04,85
hash_sha256,58255df7f21ff3b8adc0fd20e3f1b37eeac44d5a81fbff62e1d45535ac3b6e64,threatfox,Ngioweb,"threatfox,elf,Ngioweb",2026-10-05 04:06:19,2026-10-05 04:35:04,85
hash_sha256,582d3b1ae44863bd9d19005c05e50aceb2162439c9bc3066ce59c4df89f39683,threatfox,Mirai,"threatfox,elf,Mirai",2026-10-05 04:06:19,2026-10-05 04:35:04,85
hash_sha256,589fdb0d90375a2d62f41c73c8f83a56c78448d44266cba0b2c29c25f5de5cb6,threatfox,Mirai,"threatfox,elf,Mirai",2026-10-05 04:06:19,2026-10-05 04:35:04,85
hash_sha256,592e7b8b2f5229b8d132f9d6a38dc992ff16bc1dd0dc4de9cce280759e5043d1,threatfox,Mirai,"threatfox,elf,Mirai",2026-10-05 04:06:19,2026-10-05 04:35:04,85
hash_sha256,5a4f724cf8b55781c8ec92cf642a42f438a6d0ee2bb875c66c4fa33725e91e6d,threatfox,Mirai,"threatfox,elf,Mirai",2026-10-05 04:06:19,2026-10-05 04:35:04,85
hash_sha256,5a8a25364db29883f35f9921a0cb84c472a354016851498ac64409cadd450446,threatfox,Mirai,"threatfox,elf,Mirai,upx",2026-10-05 04:06:19,2026-10-05 04:35:04,85
hash_sha256,5a8e0f96cdc4ae20b9b76f3b0b9fbc6acd154f58cc045260089b78dc7ebf4eaa,threatfox,Mirai,"threatfox,elf,Mirai",2026-10-05 04:06:19,2026-10-05 04:35:04,85
hash_sha256,5abf5f183d69b05feed570c1c52fb216fa0aeab4a714e7bebbad1f885251184c,threatfox,Mirai,"threatfox,elf,Mirai",2026-10-05 04:06:19,2026-10-05 04:35:04,85
hash_sha256,5bf1ded1fb864a9fb9c253cf24b8041ee43981448fb1e65f82cd3b78e335b9d9,threatfox,Bashlite,"threatfox,Bashlite,elf,Gafgyt,upx",2026-10-05 04:06:19,2026-10-05 04:35:04,85
hash_sha256,5cc1ee595d741ec25b89cfefd35513dcc556b2757f5bf059005a87909446f5a9,threatfox,Mirai,"threatfox,elf,Mirai",2026-10-05 04:06:19,2026-10-05 04:35:04,85
hash_sha256,5cfe49019f7f0e0b6d040524e6cfab1dcc1bb35d998e283c174319653dbd3c8e,threatfox,Mirai,"threatfox,elf,Gafgyt,Mirai",2026-10-05 04:06:19,2026-10-05 04:35:04,85
hash_sha256,5d655af0cacc81c86d4f2e55adcbde7e13a8619fcbd4ae70ccdde0b5060f11cf,threatfox,Attor,threatfox,2026-10-05 04:06:19,2026-10-05 04:35:04,85
hash_sha256,5e70c3a80154756f47762a6f2afae31fc7d3a4a03e59b26edaee094d857fd95a,threatfox,Mirai,"threatfox,elf,Mirai",2026-10-05 04:06:19,2026-10-05 04:35:04,85
hash_sha256,5efd226c61938fd938cb084def17e90ccea28607b1a856010732d5b9328a3780,threatfox,PXA Stealer,threatfox,2026-10-05 04:06:19,2026-10-05 04:35:04,85
hash_sha256,5f075f94d41f9eca5caf469398427aa918e4704066b71c6d8b0c90e85221161b,threatfox,Mirai,"threatfox,elf,Mirai",2026-10-05 04:06:19,2026-10-05 04:35:04,85
hash_sha256,5f2846a681992dd51db2ad1f005a621d800436c0e5610b31603996d1cf03e9ab,threatfox,Mirai,"threatfox,elf,Mirai",2026-10-05 04:06:19,2026-10-05 04:35:04,85
hash_sha256,5faca8d774e0fa32f22caf694eb98e80fa5045cb6a856e434eeb78cff64f6c6c,threatfox,Mirai,"threatfox,elf,Mirai,upx",2026-10-05 04:06:19,2026-10-05 04:35:04,85
hash_sha256,601d830aab39745760acd6142a5ba3ee67a1a0ad59d49d79a840b3a6aaabd7be,threatfox,Mirai,"threatfox,elf,Mirai",2026-10-05 04:06:19,2026-10-05 04:35:04,85
hash_sha256,621253d914d63aa02e28f15a3b4a49498019a5895e791d3b4925e870ada1a49e,threatfox,PXA Stealer,threatfox,2026-10-05 04:06:19,2026-10-05 04:35:04,85
hash_sha256,6272cc2ee363eff4577eebc7473a91e178dd97ecc733ff2dbdc21945dca8e6fa,threatfox,Mirai,"threatfox,elf,Mirai",2026-10-05 04:06:19,2026-10-05 04:35:04,85
hash_sha256,645f46b23cd98a80ddc50b154e4a1070a3c96a4ba3e01773530a622b26661930,threatfox,Mirai,"threatfox,elf,Mirai",2026-10-05 04:06:19,2026-10-05 04:35:04,85
hash_sha256,64772f9fd0bc5337b36cedbc44f8e87c355029ef78eda9354c854a4a2e83efa0,threatfox,Mirai,"threatfox,elf,Mirai",2026-10-05 04:06:19,2026-10-05 04:35:04,85
hash_sha256,66024c3e81837a3a9513ebc6e8e93176b82529db47a43de88fd4cf2d859f712f,threatfox,Mirai,"threatfox,elf,Mirai,upx",2026-10-05 04:06:19,2026-10-05 04:35:04,85
hash_sha256,665b418c0ed1145f6e18224dded3460d7a99fee7255b5657addf32f58714db7c,threatfox,Mirai,"threatfox,elf,Mirai",2026-10-05 04:06:19,2026-10-05 04:35:04,85
hash_sha256,6713eedc768899e0e3a1ad096e242f17ad94b51760462459edf559c589a625db,threatfox,Mirai,"threatfox,elf,Mirai",2026-10-05 04:06:19,2026-10-05 04:35:04,85
hash_sha256,67d3d8c206e8f86a70856bfa75dd8f275b3aebad55cbbb5f338bdda76a3588f8,threatfox,Mirai,"threatfox,elf,Mirai",2026-10-05 04:06:19,2026-10-05 04:35:04,85
hash_sha256,69240b9b37b2df84445847e4a5cbafb97e78927f288bd47f2a6519fde8465284,threatfox,Nanocore RAT,threatfox,2026-10-05 04:06:19,2026-10-05 04:35:04,85
hash_sha256,6949df88641f3d3df4507f325756a559a21a203515f40cc3f1f51a5994622e22,threatfox,Mirai,"threatfox,elf,Mirai",2026-10-05 04:06:19,2026-10-05 04:35:04,85
hash_sha256,699dce6dc57a0b634d71449eff829d793a198e7241d30614e7868fe157ce1510,threatfox,GCleaner,"threatfox,exe,GCleaner",2026-10-05 04:06:19,2026-10-05 04:35:04,85
hash_sha256,6b138dd673640dc611a8b5883301e5b77e6564d43a8462264f50260f674a8ef4,threatfox,Mirai,"threatfox,elf,Mirai",2026-10-05 04:06:19,2026-10-05 04:35:04,85
hash_sha256,6b6e235ab9bc578339c0eb3e01200e194e6114e2b201d49a504b5fefa14c2863,threatfox,Mirai,"threatfox,elf,Mirai",2026-10-05 04:06:19,2026-10-05 04:35:04,85
hash_sha256,6b7a8c9f662acb6122b6c74fc3c004b1bebcee1a8302e64523b2a2d2a594d916,threatfox,Mirai,"threatfox,elf,Mirai",2026-10-05 04:06:19,2026-10-05 04:35:04,85
hash_sha256,6b86692d14bce986a7e35929ab9616c672e2dc7642c42d7db729bdf428a0d707,threatfox,Mirai,"threatfox,elf,Mirai",2026-10-05 04:06:19,2026-10-05 04:35:04,85
hash_sha256,6b98f26a10b2c3c75cfdbd66d983a72785b71fd1ad4f16b7d7e660fcf0f99122,threatfox,Mirai,"threatfox,elf,Mirai",2026-10-05 04:06:19,2026-10-05 04:35:04,85
hash_sha256,6cade1d6ba5f5da966f21bb9314e63dd7d57eead83428b7deb88fbae1d199d7e,threatfox,Mirai,"threatfox,elf,Mirai",2026-10-05 04:06:19,2026-10-05 04:35:04,85
hash_sha256,6cb04567ded3777988e090b41cf79242779fea91cf81161bed2c603443bbc673,threatfox,Mirai,"threatfox,elf,Mirai",2026-10-05 04:06:19,2026-10-05 04:35:04,85
hash_sha256,6cbfe036e8d8bea4b900739ae628ba64150ccea2b6acb8980dbb9af7e8792184,threatfox,PXA Stealer,threatfox,2026-10-05 04:06:19,2026-10-05 04:35:04,85
hash_sha256,6cdbc366bd399edb7c7176e407c4292016dd963361103aeda8e7709d42662000,threatfox,Mirai,"threatfox,elf,Mirai",2026-10-05 04:06:19,2026-10-05 04:35:04,85
hash_sha256,6d9fcb603c86528fbf0f04e38c3bcede3ca5c1904840b29aad079fe8fabd9bce,threatfox,Mirai,"threatfox,elf,Mirai",2026-10-05 04:06:19,2026-10-05 04:35:04,85
hash_sha256,6e454eff70e386c82120434900dc8c4d9b38ed6ad347580496a71633e5d93896,threatfox,Mirai,"threatfox,elf,Mirai",2026-10-05 04:06:19,2026-10-05 04:35:04,85
hash_sha256,6f900c07fe423523c3d172d928117bfe2ef1cc82bdf557eeaa61c25a01632a75,threatfox,Mirai,"threatfox,elf,Mirai",2026-10-05 04:06:19,2026-10-05 04:35:04,85
hash_sha256,6fddf88f03977e55c85ecd8d8593d24ed9b02a982e9e8649706ca2fd32b6a135,threatfox,Mirai,"threatfox,elf,Mirai",2026-10-05 04:06:19,2026-10-05 04:35:04,85
hash_sha256,71d0b3cdb0e21a4ea729a4ab1668ecdd683e252d044b75938f292ea54ac31413,threatfox,VShell,threatfox,2026-10-05 04:06:19,2026-10-05 04:35:04,85
hash_sha256,721e6cc6e842fcb92e93e7a7ab39cf93b939ffab0a61ad7c5869da5c6cfafc90,threatfox,Mirai,"threatfox,elf,Mirai",2026-10-05 04:06:19,2026-10-05 04:35:04,85
hash_sha256,72363a98be6bc85d3df0001c1be91fe98869c19c20fcf04956b4ea538d58440f,threatfox,Mirai,"threatfox,elf,Mirai",2026-10-05 04:06:19,2026-10-05 04:35:04,85
hash_sha256,73e128c6ebfa6f0b7f117dc8eae4dd31fc587905f67ce97fac991c4e413008a8,threatfox,Mirai,"threatfox,elf,Mirai,upx",2026-10-05 04:06:19,2026-10-05 04:35:04,85
hash_sha256,749b170f0b22c17e812bc46a2eae2bd2aa262107e1ad8b82a5685cb6f1485504,threatfox,Mirai,"threatfox,elf,Mirai",2026-10-05 04:06:19,2026-10-05 04:35:04,85
hash_sha256,750922eb0a7eb9fdac0405bd2aaee3932b2ce82f6609ba0a7c443a5c861007ca,threatfox,Mirai,"threatfox,elf,Mirai",2026-10-05 04:06:19,2026-10-05 04:35:04,85
hash_sha256,755239d43e73a655d0a231475d872f1d337b12d4cbbb27eba6293d7331bdb2bb,threatfox,Mirai,"threatfox,elf,Mirai",2026-10-05 04:06:19,2026-10-05 04:35:04,85
hash_sha256,769bd770366308fa1f6edbb235da42b5a6296ab0d3c5d672f291ae1cc566106d,threatfox,Mirai,"threatfox,elf,Mirai",2026-10-05 04:06:19,2026-10-05 04:35:04,85
hash_sha256,76a096829c0c1de893c2587bc70fde38d7eb9f337c52535c5cf58b9e84d5b1ff,threatfox,PXA Stealer,threatfox,2026-10-05 04:06:19,2026-10-05 04:35:04,85
hash_sha256,77040e91b88fbd56c168fd5624d56e506d071caf06420ccc006adb4df444b9fb,threatfox,PXA Stealer,threatfox,2026-10-05 04:06:19,2026-10-05 04:35:04,85
hash_sha256,773d95b11262aa245ccec682067b4239468ca29b88d7bf8cd7adeb5ebaf43b7c,threatfox,Mirai,"threatfox,elf,Gafgyt,Mirai",2026-10-05 04:06:19,2026-10-05 04:35:04,85
hash_sha256,77f9e00f29c70df4f001a801c26cf403f2fc6061e1d0bad428740fa023579473,threatfox,Mirai,"threatfox,elf,Mirai",2026-10-05 04:06:19,2026-10-05 04:35:04,85
hash_sha256,784e7ff63c0cae3a5dc6c7e1e7f4df62a854683a4e47b9e7cfa66333966f12c3,threatfox,Mirai,"threatfox,elf,Mirai",2026-10-05 04:06:19,2026-10-05 04:35:04,85
hash_sha256,790d57f1dfe8de58499518e2c25848aaa2424989e2186d960f6ddf95487b02ab,threatfox,Mirai,"threatfox,elf,Mirai",2026-10-05 04:06:19,2026-10-05 04:35:04,85
hash_sha256,79143ead52549a26ad39423b9578db3432fc0e8d8a846499f86c107941c54c86,threatfox,Mirai,"threatfox,elf,Mirai",2026-10-05 04:06:19,2026-10-05 04:35:04,85
hash_sha256,796897808e7d751ac0007e54a1cd2290da046f9dabcb7a3074f23a6039564256,threatfox,Supper,threatfox,2026-10-05 04:06:19,2026-10-05 04:35:04,85
hash_sha256,7a7e113d53f637fd929ffef4ed3b695bd32bc6db5e0ef023b268dcf8b3146fdf,threatfox,Mirai,"threatfox,elf,Mirai,upx",2026-10-05 04:06:19,2026-10-05 04:35:04,85
hash_sha256,7b56a0fb93baac5ce50c04fe92b6aa6f95f47f813287d1dd9306ba790ddf23b8,threatfox,Mirai,"threatfox,elf,Mirai",2026-10-05 04:06:19,2026-10-05 04:35:04,85
hash_sha256,7b5a7892efc456adddabc5c1175a9c663ea930767088aa4641eda7d1a7f67095,threatfox,Mirai,"threatfox,elf,Mirai",2026-10-05 04:06:19,2026-10-05 04:35:04,85
hash_sha256,7bf00a1235f6b53d07b70ab14df6e01274e8c3dfb28d509f58b9726302c07ec4,threatfox,Mirai,"threatfox,elf,Gafgyt,Mirai",2026-10-05 04:06:19,2026-10-05 04:35:04,85
hash_sha256,7de3374ebf3967054093d99ecd0df2cdea9db5edf1634b5bbd216c59842af244,threatfox,Mirai,"threatfox,elf,Mirai",2026-10-05 04:06:19,2026-10-05 04:35:04,85
hash_sha256,7edc9df1fd33d9b00ba4013307b3574ea2b772e8b055029b0c5309c59c935025,threatfox,Bashlite,"threatfox,Bashlite,elf,Gafgyt",2026-10-05 04:06:19,2026-10-05 04:35:04,85
hash_sha256,7f93b37e25a7a99fa66cc3c98f5d9b33d0fee6cb19a37c7691ef389240293b39,threatfox,Mirai,"threatfox,elf,Mirai",2026-10-05 04:06:19,2026-10-05 04:35:04,85
hash_sha256,7fad468e4d9bb06e388a731f87993331d6efc17701075a503cafd8270eae8404,threatfox,Mirai,"threatfox,elf,Mirai",2026-10-05 04:06:19,2026-10-05 04:35:04,85
hash_sha256,80fca33504c70bfa3124939718a07be674bc850a065205fa71aa8a3acbcc0c3a,threatfox,Mirai,"threatfox,elf,Mirai",2026-10-05 04:06:19,2026-10-05 04:35:04,85
hash_sha256,82550ff97d953cd7f4278b79f1b2ded0e985e19c0a09e2e3d846d8960a754609,threatfox,Mirai,"threatfox,elf,Mirai,upx",2026-10-05 04:06:19,2026-10-05 04:35:04,85
hash_sha256,82ec9cb67031727ee0b90d9d736befd9bbfb0eb6b0f995f35c5382c6a7073d01,threatfox,Mirai,"threatfox,elf,Mirai",2026-10-05 04:06:19,2026-10-05 04:35:04,85
hash_sha256,83aff044e84f371302564d2d0132720be6dff61d0b448dc63538512fb34e142d,threatfox,Mirai,"threatfox,elf,Mirai,upx",2026-10-05 04:06:19,2026-10-05 04:35:04,85
hash_sha256,83ea4559ced8e3ad296e98189824963ed626e30d4d33238e3ab3f46549583b67,threatfox,Mirai,"threatfox,elf,Mirai",2026-10-05 04:06:19,2026-10-05 04:35:04,85
hash_sha256,850e1ce61823269cf67f30e39af2f0d00c733c665dba76fc7516c61a2f859642,threatfox,Mirai,"threatfox,elf,Mirai,upx",2026-10-05 04:06:19,2026-10-05 04:35:04,85
hash_sha256,878b4051e89dd467b399da9707c5e7cac49e2d98a3038f332f199206faab4d09,threatfox,Mirai,"threatfox,elf,Mirai",2026-10-05 04:06:19,2026-10-05 04:35:04,85
hash_sha256,87fdd017c3844a6aa90d79e9a23fb65274225a693099842c9a984834d8ac36e3,threatfox,Mirai,"threatfox,elf,Mirai",2026-10-05 04:06:19,2026-10-05 04:35:04,85
hash_sha256,886000c5445ebeae6860cd90cc01483466afa1d56ffa009aeafe1d0d06ce37f5,threatfox,Mirai,"threatfox,elf,Mirai",2026-10-05 04:06:19,2026-10-05 04:35:04,85
hash_sha256,8867050a0b39fc2cbc43ba3953393fb257aa2d1f02b2e7aac9138be3da5c54c9,threatfox,Mirai,"threatfox,elf,Mirai",2026-10-05 04:06:19,2026-10-05 04:35:04,85
hash_sha256,88b611850dd0c8334893cbfddc62f1eb70b6be76d3e0a662724ef704c54c00da,threatfox,Mirai,"threatfox,elf,Mirai",2026-10-05 04:06:19,2026-10-05 04:35:04,85
hash_sha256,89a77d3ab866c1175a871b7d1a7427ceb9c1a631e1bdede1196b0f04f5cd29b8,threatfox,Mirai,"threatfox,elf,Mirai",2026-10-05 04:06:19,2026-10-05 04:35:04,85
hash_sha256,89e03d1d7df6a59e1fe9fc12e56c4f883340c48fa0a13f32d6f70b062fdb722c,threatfox,Mirai,"threatfox,elf,Mirai",2026-10-05 04:06:19,2026-10-05 04:35:04,85
hash_sha256,8a287d808ee098002248f03563da082e0939f9532d211c569c1937de62ef2cb9,threatfox,Mirai,"threatfox,elf,Mirai",2026-10-05 04:06:19,2026-10-05 04:35:04,85
hash_sha256,8ac83e755540f135e7027952f4c9e9468aceea64ef975da088749be0ba04d9a8,threatfox,PXA Stealer,threatfox,2026-10-05 04:06:19,2026-10-05 04:35:04,85
hash_sha256,8b50f4ad4a32dca5143f00e255f3a36e7169bd524dc9f4c31c0ed2a53ad88cf4,threatfox,Mirai,"threatfox,elf,Mirai",2026-10-05 04:06:19,2026-10-05 04:35:04,85
hash_sha256,8d7db4dbf79bf37f41a6141447512a0ece655c62654a0b8f1d90eb2fbc87a3a3,threatfox,Mirai,"threatfox,elf,Mirai,upx",2026-10-05 04:06:19,2026-10-05 04:35:04,85
hash_sha256,8da5f4c6379cc6575bc9fd90b0d7833a5ddb69f7db5e971d51d40f5613bcdfcc,threatfox,Mirai,"threatfox,elf,Mirai",2026-10-05 04:06:19,2026-10-05 04:35:04,85
hash_sha256,8e1a67a5c03b3cd818f046c7a1605afccc0ee5ce437a0d099881f1872b54bc70,threatfox,Prometei,"threatfox,elf,Prometei,upx,wraith",2026-10-05 04:06:19,2026-10-05 04:35:04,85
hash_sha256,8e5ff09417b5abd40391abf0b3d9e14d243ebaa9f5fd9aecb2ca226f81fa559f,threatfox,Mirai,"threatfox,elf,Mirai",2026-10-05 04:06:19,2026-10-05 04:35:04,85
hash_sha256,8e7af0d5af18f6d4eef967c54ce2063ecca6ec6203723d087d7768d89a5b5623,threatfox,Remcos,"threatfox,exe,hta,ps1,Remcos,RemcosRAT",2026-10-05 04:06:19,2026-10-05 04:35:04,85
hash_sha256,8ef31fa519c7c8ed78a2c44961356be2fc44b833b0cfe2c57f33d3edbb7b5800,threatfox,Mirai,"threatfox,elf,Mirai",2026-10-05 04:06:19,2026-10-05 04:35:04,85
hash_sha256,900ef753fe18d8d86c8ef735983590c65b378d03ffe6f546925a6b1c928e134a,threatfox,Mirai,"threatfox,elf,Mirai",2026-10-05 04:06:19,2026-10-05 04:35:04,85
hash_sha256,90f6d7ca30a617d97012174b52e6a6ee31becd10b168fd46dd27c8f3cd80e556,threatfox,Mirai,"threatfox,elf,Mirai,upx",2026-10-05 04:06:19,2026-10-05 04:35:04,85
hash_sha256,917ff018b3ac87413e2210dd8b3beab5e642990c9656d257c8ebfae48b86a9ad,threatfox,Mirai,"threatfox,elf,Mirai",2026-10-05 04:06:19,2026-10-05 04:35:04,85
hash_sha256,919479019189e43720143e7ff3fefe95046cbd75c3ae3785d15f7245105fb014,threatfox,PXA Stealer,threatfox,2026-10-05 04:06:19,2026-10-05 04:35:04,85
hash_sha256,93376ea4db1d1ca27be183566efad1726b974641e373073f4ab16e41a79de00d,threatfox,Mirai,"threatfox,elf,Mirai",2026-10-05 04:06:19,2026-10-05 04:35:04,85
hash_sha256,93454bb24f440fb87464b0255adc9cc998555f040f49a1611f3473a10f369b26,threatfox,Bashlite,"threatfox,Bashlite,elf,Gafgyt",2026-10-05 04:06:19,2026-10-05 04:35:04,85
hash_sha256,93a681eb716c0b04b6b613edc5b4fac643d5af9e12c2c834b1f9b74e70c11017,threatfox,Mirai,"threatfox,elf,Mirai,upx",2026-10-05 04:06:19,2026-10-05 04:35:04,85
hash_sha256,93c4256f51574692dc96f47cac3a3587707dd7edc023c3704f781a25afbe609f,threatfox,Mirai,"threatfox,elf,Mirai,upx",2026-10-05 04:06:19,2026-10-05 04:35:04,85
hash_sha256,9499729a1e44a300ddd2c7275ade0c5315afa36addbf725d24c896a77ba04bce,threatfox,Mirai,"threatfox,elf,Mirai",2026-10-05 04:06:19,2026-10-05 04:35:04,85
hash_sha256,95b4e74af25fbe652b36c394e69c5c6c29d9f803f8a81b5ca37021a569910d96,threatfox,Mirai,"threatfox,elf,Mirai",2026-10-05 04:06:19,2026-10-05 04:35:04,85
hash_sha256,96384b2d9d0f1bc413ebf494ee50ff9de981e36384fb14af4731c67edddb0809,threatfox,Mirai,"threatfox,elf,Mirai,upx",2026-10-05 04:06:19,2026-10-05 04:35:04,85
hash_sha256,963dfa3f402962818f145e99c3c72628745484048a10903a15f291b92b5f2bf8,threatfox,Mirai,"threatfox,elf,Mirai,upx",2026-10-05 04:06:19,2026-10-05 04:35:04,85
hash_sha256,9658a7f443c53943fea55027529a8fab90cd2ef118dddd37ab08544997e64abc,threatfox,Mirai,"threatfox,elf,Mirai",2026-10-05 04:06:19,2026-10-05 04:35:04,85
hash_sha256,96596ef22d2e553031305a010c8bbc8c7a26f75f983eab6d7a70c3b0444f66dc,threatfox,Mirai,"threatfox,elf,Mirai,upx",2026-10-05 04:06:19,2026-10-05 04:35:04,85
hash_sha256,97124f8c52a8e5ba74e6c1960059757f7a1f4a5c7c050c27cd31cc1b272330ce,threatfox,Mirai,"threatfox,elf,Mirai",2026-10-05 04:06:19,2026-10-05 04:35:04,85
hash_sha256,98d38a4278779ea761a0f20c7b7676344c800b31eaf00f1a7005d1751a6915d4,threatfox,Mirai,"threatfox,elf,Mirai",2026-10-05 04:06:19,2026-10-05 04:35:04,85
hash_sha256,98fd9a8f28856d66e5d45e26749edec79ce1841c0f73b0d2244e1628527fec44,threatfox,Mirai,"threatfox,elf,Mirai",2026-10-05 04:06:19,2026-10-05 04:35:04,85
hash_sha256,9908e7cd3a36309fc132ce8600fa4be74acfe449fb068102a39d298d3ba7b554,threatfox,Mirai,"threatfox,elf,Mirai",2026-10-05 04:06:19,2026-10-05 04:35:04,85
hash_sha256,999007612eae298f5067859228b69fdc75f9f640ffddc202ba70043a454d59a4,threatfox,Mirai,"threatfox,elf,Mirai",2026-10-05 04:06:19,2026-10-05 04:35:04,85
hash_sha256,9a04188b6ad2333a3b42afa12df8f2c24ba0f3b9d4f611c2b5fb935b4575fe03,threatfox,Mirai,"threatfox,elf,Gafgyt,Mirai,upx",2026-10-05 04:06:19,2026-10-05 04:35:04,85
hash_sha256,9a097c33b89c64c2e0e84a4e94450e78b2f6df30495111cad5ae4bd6b8a404d5,threatfox,Mirai,"threatfox,elf,Mirai",2026-10-05 04:06:19,2026-10-05 04:35:04,85
hash_sha256,9a6793920a2d997e2adc93870d89119ad18603ef165545bcbc2d089ca4a12f5f,threatfox,Bashlite,"threatfox,Bashlite,elf,Gafgyt",2026-10-05 04:06:19,2026-10-05 04:35:04,85
hash_sha256,9aa4acefa5e466252b942bfba34fe6e2ae5efa60ed3053d9aeba42bd422ff850,threatfox,ValleyRAT,threatfox,2026-10-05 04:06:19,2026-10-05 04:35:04,85
hash_sha256,9d95e2ad6eff4c6763624ee22b30e593e3cc437dcac1ea507bdd4b4bfb1d3c70,threatfox,Mirai,"threatfox,elf,Mirai",2026-10-05 04:06:19,2026-10-05 04:35:04,85
hash_sha256,9da099ad5e76382d59fe5e3f0d5e0859a4135c8ae607dd87b1ddfc3b2d6ba93c,threatfox,Mirai,"threatfox,elf,Mirai,upx",2026-10-05 04:06:19,2026-10-05 04:35:04,85
hash_sha256,9da8a2195dcb57f1b326760e307fddb5981cdeb510c0147fb8c77fc558f3784e,threatfox,EtherRAT,"threatfox,EtherRAT,malgent,msi,nodebot",2026-10-05 04:06:19,2026-10-05 04:35:04,85
hash_sha256,9e15473230e5f7f5f0f4517a5d3bea7ce3df7d102829428d27c0f26cfc94327c,threatfox,Mirai,"threatfox,elf,Mirai",2026-10-05 04:06:19,2026-10-05 04:35:04,85
hash_sha256,9e2f886322137391fdfd8555e5a2e317a3c507b51e897c53273d5d696531cc12,threatfox,Coinminer,threatfox,2026-10-05 04:06:19,2026-10-05 04:35:04,85
hash_sha256,9e620b0d7d283ec9b2fc84197bd274a777564949c4cc82e0161d12765f8f6f55,threatfox,Mirai,"threatfox,elf,Mirai",2026-10-05 04:06:19,2026-10-05 04:35:04,85
hash_sha256,9ea89735dfc24c562fad0a491b2450459b48d9d1d0ad8b0c5d260eedecf8f034,threatfox,Mirai,"threatfox,elf,Mirai",2026-10-05 04:06:19,2026-10-05 04:35:04,85
hash_sha256,9ef5ad92f3d681ad3509f94ad3a4d27f10d40ec054e8a0533c45a248e4b009d5,threatfox,Mirai,"threatfox,elf,Mirai",2026-10-05 04:06:19,2026-10-05 04:35:04,85
hash_sha256,a1b9cf98985d4b1a3b571828bfec90ab03727a9c43f88adfe58d096dcb8ec568,threatfox,Mirai,"threatfox,elf,Mirai",2026-10-05 04:06:19,2026-10-05 04:35:04,85
hash_sha256,a3fcd1222767342c0d8962b8828fca4e65424ad76c05fe3144885629397a521c,threatfox,XRed,threatfox,2026-10-05 04:06:19,2026-10-05 04:35:04,85
hash_sha256,a4a24d9f15a9998be9ee3515e800090bef248d830c4bbbd97eb5ecf1cd41629c,threatfox,Mirai,"threatfox,elf,Gafgyt,Mirai",2026-10-05 04:06:19,2026-10-05 04:35:04,85
hash_sha256,a523cfc14a62483fd7efcb10cba0293816464ad5a3d9a88d90933da794a7bcb3,threatfox,Mirai,"threatfox,elf,Gafgyt,Mirai",2026-10-05 04:06:19,2026-10-05 04:35:04,85
hash_sha256,a5a3748bd02cd2fdd437f1951ab8649107d76c942f9717a4197fcd5e0a2ab09f,threatfox,Mirai,"threatfox,elf,Mirai",2026-10-05 04:06:19,2026-10-05 04:35:04,85
hash_sha256,a6634dd56d922fa0f8741a4d7feb314fad9da9095d8bcdd6a23ae66160f2a11a,threatfox,Mirai,"threatfox,elf,Mirai",2026-10-05 04:06:19,2026-10-05 04:35:04,85
hash_sha256,a68bbc13289408eee17179859665e093c1652968d3828ac3c9105103071164e5,threatfox,Mirai,"threatfox,elf,Mirai,upx,wraith",2026-10-05 04:06:19,2026-10-05 04:35:04,85
hash_sha256,a6fd9946588813407f8e625f2450d22874e1dbbf7c0dc602b16786ebed410035,threatfox,MoriAgent,threatfox,2026-10-05 04:06:19,2026-10-05 04:35:04,85
hash_sha256,a7997215ca6cfe70aa70cdb4225abc514e650307e6f6e2cf48a565d7b11a56af,threatfox,Mirai,"threatfox,elf,Mirai",2026-10-05 04:06:19,2026-10-05 04:35:04,85
hash_sha256,a90127989ed37908cb925ea9b50aa2c1faa5613039ff537eefa11347db535dab,threatfox,Mirai,"threatfox,elf,Mirai",2026-10-05 04:06:19,2026-10-05 04:35:04,85
hash_sha256,a944780e16402475022730acbb0ffc75bec0ef228472d16834c57b51c80e5f81,threatfox,Mirai,"threatfox,elf,Gafgyt,Mirai",2026-10-05 04:06:19,2026-10-05 04:35:04,85
hash_sha256,a99fc2710b0af6f1d0be97a3a380a3dec7ff08b7daa765f6f52944cbdcd3ef48,threatfox,Coinminer,"threatfox,Coinminer,sh",2026-10-05 04:06:19,2026-10-05 04:35:04,85
hash_sha256,ab0deb68698192ede6e4d11ea83bb5d6a230daa27cb06e732945d069907a1a5f,threatfox,Mirai,"threatfox,elf,Mirai",2026-10-05 04:06:19,2026-10-05 04:35:04,85
hash_sha256,ac9a2105efe6f38edaaa6e5af711348aab21f46bf73e53e7bdc4de66082c746c,threatfox,Mirai,"threatfox,elf,Mirai",2026-10-05 04:06:19,2026-10-05 04:35:04,85
hash_sha256,ad7adc582c3c1556290c0b42ad7cc8895b72f6ef49f91227a9b6134e8e773ec5,threatfox,Mirai,"threatfox,elf,Mirai",2026-10-05 04:06:19,2026-10-05 04:35:04,85
hash_sha256,ae758d96c96f29cb36176d98d668716e443e7db062e4d0c9d976b52dbc567bce,threatfox,DarkTortilla,threatfox,2026-10-05 04:06:19,2026-10-05 04:35:04,85
hash_sha256,af750bda6c631c6dd416775b92a14b558ddfec18ce5721c9cde4b8bb222450ed,threatfox,Mirai,"threatfox,elf,Mirai",2026-10-05 04:06:19,2026-10-05 04:35:04,85
hash_sha256,b0677fde2e59fc99cd48de1223645e791aaf38577d33a4a7cf34a30562a2d00c,threatfox,Mirai,"threatfox,elf,Mirai",2026-10-05 04:06:19,2026-10-05 04:35:04,85
hash_sha256,b09baf2470ed83268357311546aebb1fb0bc64cdc93195c92b95b62019d7778c,threatfox,Mirai,"threatfox,elf,Mirai",2026-10-05 04:06:19,2026-10-05 04:35:04,85
hash_sha256,b22492242fc1846a189f5c1ab8f3472aebe638e8171c806889e0116095f52b96,threatfox,Phorpiex,"threatfox,dropped-by-phorpiex,exe,Phorpiex",2026-10-05 04:06:19,2026-10-05 04:35:04,85
hash_sha256,b2a4e3f3c4ee656fed9f7a245c7142e851a4a969287582004616c2ed8f5f299d,threatfox,Mirai,"threatfox,elf,Mirai",2026-10-05 04:06:19,2026-10-05 04:35:04,85
hash_sha256,b31bad36946b51b8c918879d5833e84e04d9815f374180c32a79682c50d5146b,threatfox,Mirai,"threatfox,elf,Mirai",2026-10-05 04:06:19,2026-10-05 04:35:04,85
hash_sha256,b327d6caa8af147625f4e5d53889cf180a7c9fdda784831887dc0672d1e084be,threatfox,Mirai,"threatfox,elf,Mirai,upx",2026-10-05 04:06:19,2026-10-05 04:35:04,85
hash_sha256,b3bac440e7bb1f6ca5b6fb86f1ba65cd4851046fecb2e9ac1425cb6d118807c9,threatfox,Mirai,"threatfox,elf,Mirai",2026-10-05 04:06:19,2026-10-05 04:35:04,85
hash_sha256,b3dbae44369975b6711b4a73be8b3995c19b4c7d5f228e641c0bac883ab10721,threatfox,Mirai,"threatfox,elf,Mirai",2026-10-05 04:06:19,2026-10-05 04:35:04,85
hash_sha256,b54e43fe9b51d9e862fafc39e80328ebdda2722bc200368b861bccd440462275,threatfox,Bashlite,"threatfox,Bashlite,elf,Gafgyt",2026-10-05 04:06:19,2026-10-05 04:35:04,85
hash_sha256,b57c40c8722d19162169ec22bd6249d82e372b29b87e4a8deaa3c6b09ee01b16,threatfox,Mirai,"threatfox,elf,Mirai",2026-10-05 04:06:19,2026-10-05 04:35:04,85
hash_sha256,b722aec2557fa9d97cb4266f1c6c6fd45986f21686dc14315840304dd41d469b,threatfox,Mirai,"threatfox,elf,Mirai,upx",2026-10-05 04:06:19,2026-10-05 04:35:04,85
hash_sha256,b7439b069ae83dc07074a0f1c4cdb7ff19cac0e3e2854b853efcf1f450cdc381,threatfox,Mirai,"threatfox,elf,Mirai",2026-10-05 04:06:19,2026-10-05 04:35:04,85
hash_sha256,ba5088e6fff5b63a2316fc273029bb651436be91618ba53425e24e23c798ab2a,threatfox,Ghost RAT,threatfox,2026-10-05 04:06:19,2026-10-05 04:35:04,85
hash_sha256,bc6854418c71d63e9209be6260fdc76517603fb9c1bdbcabb9858043207a418d,threatfox,Mirai,"threatfox,elf,Mirai",2026-10-05 04:06:19,2026-10-05 04:35:04,85
hash_sha256,bd296ff393a98cde9f95de9a44567fdae94f40b55a6d1f02d58b8e58f0ff7f2d,threatfox,PureRAT,threatfox,2026-10-05 04:06:19,2026-10-05 04:35:04,85
hash_sha256,bd6e1476938b5a48b792659818e4f7bcb6a9e6d133510df1bab08a4dcf92b815,threatfox,Vidar,threatfox,2026-10-05 04:06:19,2026-10-05 04:35:04,85
hash_sha256,bea13103b8029dc7132b9f1139f2f2454b05d6815847fb6087960c3f98a5c07f,threatfox,Mirai,"threatfox,elf,Mirai",2026-10-05 04:06:19,2026-10-05 04:35:04,85
hash_sha256,c18aeac49fa9f8b0b496e29b1bf121d259c329025b6deb77748a0e1492380e58,threatfox,Mirai,"threatfox,elf,Mirai",2026-10-05 04:06:19,2026-10-05 04:35:04,85
hash_sha256,c307a388df7b7091130f490d74c4458e1177cde98f910de505006cbbce3eba2c,threatfox,Mirai,"threatfox,elf,Gafgyt,Mirai",2026-10-05 04:06:19,2026-10-05 04:35:04,85
hash_sha256,c316abd63ee908f620232679f0dd0dbec7caae9e74d4943beff91af2c0e53bc4,threatfox,Mirai,"threatfox,elf,Mirai",2026-10-05 04:06:19,2026-10-05 04:35:04,85
hash_sha256,c33b0fcd30301b5c3bf6b516d6ff03709a10aad67072f41012bcaf3d34b23acc,threatfox,Mirai,"threatfox,elf,Mirai",2026-10-05 04:06:19,2026-10-05 04:35:04,85
hash_sha256,c49ef0b295c49f964a1dbd5f7ac74edae1445398ee1ed619e497b77eded82680,threatfox,Mirai,"threatfox,elf,Mirai",2026-10-05 04:06:19,2026-10-05 04:35:04,85
hash_sha256,c670939b8151c4b8f4feb92248ec391c79d911092463c6773215e88f1c92c350,threatfox,404 Keylogger,"threatfox,404Keylogger,keylogger,ps1,SnakeKeylogger",2026-10-05 04:06:19,2026-10-05 04:35:04,85
hash_sha256,c6ba88a6719810a2a90dec141b049237fe7ea664ee91f0b0b39d29f688884863,threatfox,Mirai,"threatfox,elf,Mirai",2026-10-05 04:06:19,2026-10-05 04:35:04,85
hash_sha256,c80d054ad4b8cde7e3663f8ad889005f811088a8ecd6c8db90abaf4cbf8fcc05,threatfox,Mirai,"threatfox,elf,Mirai",2026-10-05 04:06:19,2026-10-05 04:35:04,85
hash_sha256,c82a61264f2bbb1006ff150747b860411cbfac1809b021819622835b431532f4,threatfox,Mirai,"threatfox,elf,Mirai",2026-10-05 04:06:19,2026-10-05 04:35:04,85
hash_sha256,c84014c84caa7ce08f31a0cd8c34707f19e0a81f517ba68a8bfe10a9c7d990d7,threatfox,WannaCryptor,threatfox,2026-10-05 04:06:19,2026-10-05 04:35:04,85
hash_sha256,c912aaa0c4e675b530a9af7a5ab9e33da94498d79204eaf706b5e6e44e96858a,threatfox,Mirai,"threatfox,elf,Mirai",2026-10-05 04:06:19,2026-10-05 04:35:04,85
hash_sha256,c98e5215787ff8bbe2a79d4afb6d6ef27d96ac75273bf220b915779c8f4b0192,threatfox,Mirai,"threatfox,elf,Mirai",2026-10-05 04:06:19,2026-10-05 04:35:04,85
hash_sha256,c9d1bf7bfe1818e071b6b71d10e0a4f2f0a4fcdfcb510acd83fc1f098166c3ee,threatfox,Mirai,"threatfox,elf,Mirai",2026-10-05 04:06:19,2026-10-05 04:35:04,85
hash_sha256,ca949a64c2c7153e76e2fa2bac5cc3f9d26c2691c4fcf25e27fc43af7ac3e7e9,threatfox,Mirai,"threatfox,elf,Mirai",2026-10-05 04:06:19,2026-10-05 04:35:04,85
hash_sha256,cb11db3b97b9dd4bcde1a6a77c26fc004874af7636ada884f2f37b8cc32d23d5,threatfox,Mirai,"threatfox,elf,Mirai",2026-10-05 04:06:19,2026-10-05 04:35:04,85
hash_sha256,cbf6aee947974053f64e4271a2284ee811aa3bfffd8dfd89c323fd72ab1d822a,threatfox,Mirai,"threatfox,elf,Gafgyt,Mirai",2026-10-05 04:06:19,2026-10-05 04:35:04,85
hash_sha256,cc4a11211077466673af8ebc9cfec072d5b0011cbc46f2135a727815b8e4a165,threatfox,Mirai,"threatfox,elf,Mirai",2026-10-05 04:06:19,2026-10-05 04:35:04,85
hash_sha256,ccc23682bd4ebb03464e44619a735ed0a8cf36c5d4f60134785f8f198223318c,threatfox,Mirai,"threatfox,elf,Mirai,upx",2026-10-05 04:06:19,2026-10-05 04:35:04,85
hash_sha256,cd0c535c37fd25fd8d2e80324b92cb2cc6d25b17ab59e86bc7a32c2d635fdeb4,threatfox,Mirai,"threatfox,elf,Mirai",2026-10-05 04:06:19,2026-10-05 04:35:04,85
hash_sha256,cd1920655fb815cd6fd2ef89229a2624c3ed389da33ed33efcb8da3c654455e6,threatfox,Mirai,"threatfox,elf,Mirai",2026-10-05 04:06:19,2026-10-05 04:35:04,85
hash_sha256,ce6ab6035f67e3df3243a528d6ad565ce5c83e4d27c8bc52f1580484c1b5c334,threatfox,Mirai,"threatfox,elf,Mirai",2026-10-05 04:06:19,2026-10-05 04:35:04,85
hash_sha256,ce74caed104efd06d6651742d6c9d38aa836a872786884c4f0fbf9ea335af3fe,threatfox,Mirai,"threatfox,elf,Mirai",2026-10-05 04:06:19,2026-10-05 04:35:04,85
hash_sha256,ceaea5f689a22613155872a732c36daa0ef2f588fee96b792411215adb5ec2a0,threatfox,Mirai,"threatfox,elf,Mirai",2026-10-05 04:06:19,2026-10-05 04:35:04,85
hash_sha256,cfc4c4c0cb4652eda655845440c29e00c77659e21e331ea104dd056351328da8,threatfox,Mirai,"threatfox,elf,Mirai",2026-10-05 04:06:19,2026-10-05 04:35:04,85
hash_sha256,d02a2b2ab354156a83c618bbe18d1d572583f8a07b1098847c2ffa898596b1fa,threatfox,Mirai,"threatfox,elf,Gafgyt,Mirai",2026-10-05 04:06:19,2026-10-05 04:35:04,85
hash_sha256,d03ef8fdb39302e0bff56f9ed088e6aa1775b6979ba540ff801bbc7047d97c09,threatfox,Mirai,"threatfox,elf,Mirai,upx",2026-10-05 04:06:19,2026-10-05 04:35:04,85
hash_sha256,d07b4210db5c2610daedc2831915af6c4e9f7966739ff789a0af2a18bb5dca66,threatfox,Mirai,"threatfox,elf,Mirai",2026-10-05 04:06:19,2026-10-05 04:35:04,85
hash_sha256,d0dc64eec7049199eb7516c17bd2daea7fdc14ee8c103f70f98a9340a1acfcfd,threatfox,Mirai,"threatfox,elf,Mirai",2026-10-05 04:06:19,2026-10-05 04:35:04,85
hash_sha256,d17d853d4e38eff5ff2f07e5fa43ca66208234ee49555cb75f874c6d9ce7a1e1,threatfox,Mirai,"threatfox,elf,Mirai",2026-10-05 04:06:19,2026-10-05 04:35:04,85
hash_sha256,d1f32be6a9d1bfdc0489d06224b16d99aaa641d9e7dc6faad142bde79eb09e1e,threatfox,Koi Loader,"threatfox,exe,KoiLoader,loader",2026-10-05 04:06:19,2026-10-05 04:35:04,85
hash_sha256,d249807fe7fb0ed9a73f79583dbaa74e3370138586da097212a27e9e704da4fd,threatfox,Mirai,"threatfox,elf,Mirai",2026-10-05 04:06:19,2026-10-05 04:35:04,85
hash_sha256,d30b38a437bb80f3b69550f7e4d8940c733cc5fb56ce522e9265727f73d70c97,threatfox,Mirai,"threatfox,elf,Mirai",2026-10-05 04:06:19,2026-10-05 04:35:04,85
hash_sha256,d3d239bb726ca69776921e75361f0ca6531c436c8c9488e3c61fa0d812ee0819,threatfox,Mirai,"threatfox,elf,Mirai",2026-10-05 04:06:19,2026-10-05 04:35:04,85
hash_sha256,d4305895d867b0906826b7ce89957f5b95d019093e2794786c8c07a24c9694d0,threatfox,Mirai,"threatfox,elf,Gafgyt,Mirai",2026-10-05 04:06:19,2026-10-05 04:35:04,85
hash_sha256,d5e10758b3b536c16efe1bb4952481a1eef392ff7f1dad296adcb589e3463853,threatfox,Mirai,"threatfox,elf,Mirai",2026-10-05 04:06:19,2026-10-05 04:35:04,85
hash_sha256,d643c95fec1c3f0a0ab0b35c578badcb8b6266ff2c578b604fd519b36fcb84c1,threatfox,Mirai,"threatfox,elf,Mirai",2026-10-05 04:06:19,2026-10-05 04:35:04,85
hash_sha256,d6b0e46b0d957aac65e1989bd97e1a36f4e0b17ac1fe579272df0deff0c2cd2f,threatfox,Mirai,"threatfox,elf,Mirai",2026-10-05 04:06:19,2026-10-05 04:35:04,85
hash_sha256,d7f507977f30a4aa55f9568325244d9bb0286bf357ed0f29ab500168bc180319,threatfox,Mirai,"threatfox,elf,Mirai",2026-10-05 04:06:19,2026-10-05 04:35:04,85
hash_sha256,d9d6f4d04fb0f2e2d16bf729035b2eb3dc7d7a160eddf9b43b6d5c794e77e4d1,threatfox,Venus Stealer,threatfox,2026-10-05 04:06:19,2026-10-05 04:35:04,85
hash_sha256,da690a0f459e4c2167d0d5794a385bd7707a64e0b7e934b9f7d18b43b7065a81,threatfox,DeerStealer,"threatfox,DeerStealer,msi,stealer",2026-10-05 04:06:19,2026-10-05 04:35:04,85
hash_sha256,dadc90c8e367711f8a92f054672c5c34f821644fdbd63ca877f5f9a64292c379,threatfox,Mirai,"threatfox,elf,Mirai",2026-10-05 04:06:19,2026-10-05 04:35:04,85
hash_sha256,dba846bc50334572d41e61227ed36c064b471c51f1a6f4448616555a2a26361f,threatfox,Mirai,"threatfox,elf,Mirai,upx",2026-10-05 04:06:19,2026-10-05 04:35:04,85
hash_sha256,dc42d433baaeac6aa5b9a953a16e0e05409fd9e6b89d1ff80024ebfcd5c16add,threatfox,Mirai,"threatfox,elf,Mirai",2026-10-05 04:06:19,2026-10-05 04:35:04,85
hash_sha256,dc6b001b050653cf0a649436ac06128aa480d02d46995381e40b3b837369b447,threatfox,Mirai,"threatfox,elf,Gafgyt,Mirai",2026-10-05 04:06:19,2026-10-05 04:35:04,85
hash_sha256,dcaa50d5e42428081af86c79f6892514a39e19064a61c3df6e8ae1e144ae1286,threatfox,Mirai,"threatfox,elf,Mirai",2026-10-05 04:06:19,2026-10-05 04:35:04,85
hash_sha256,dce648d8f69edc85bb1301f25f1a357dc2c9eec0a0d363b19e265947a8857752,threatfox,Mirai,"threatfox,elf,Mirai",2026-10-05 04:06:19,2026-10-05 04:35:04,85
hash_sha256,dfa41bff647b9343188d8d55d8dee7af43e01cd09f96c688c624cb3d166dbf23,threatfox,Mirai,"threatfox,elf,Mirai",2026-10-05 04:06:19,2026-10-05 04:35:04,85
hash_sha256,e06decdd3d9230c27d832cb696840b54f141b36cda003b3d5882559758e90ae2,threatfox,Mirai,"threatfox,elf,Mirai,upx",2026-10-05 04:06:19,2026-10-05 04:35:04,85
hash_sha256,e274274ca20dc64f1451059173a8d8a9777003acea918bdbcede3ba65d110439,threatfox,Mirai,"threatfox,elf,Gafgyt,Mirai",2026-10-05 04:06:19,2026-10-05 04:35:04,85
hash_sha256,e27bc117e8bf2cd8f412a3952fd62c572e942b36f2db6dc641a4a50a4baf1d4c,threatfox,Mirai,"threatfox,elf,Mirai",2026-10-05 04:06:19,2026-10-05 04:35:04,85
hash_sha256,e2c345037b6e41293693144903874ec3bbdb5d3a6e61d554a541ba8d15424b7e,threatfox,Mirai,"threatfox,elf,Mirai",2026-10-05 04:06:19,2026-10-05 04:35:04,85
hash_sha256,e30fd3128e74c3dae990dc6b687ef8dbfeb795c350ab148a61dd2f1e17dd4c7f,threatfox,Mirai,"threatfox,elf,Gafgyt,Mirai",2026-10-05 04:06:19,2026-10-05 04:35:04,85
hash_sha256,e32f8707c42a98e0de63f724282b40d24b5803c376765b11cd4256d4e85d4e68,threatfox,Mirai,"threatfox,elf,Mirai",2026-10-05 04:06:19,2026-10-05 04:35:04,85
hash_sha256,e32fcb7ea109b7edd61ecc9b570f81280dba9f45dc005a2d847d9bd57843bc18,threatfox,Mirai,"threatfox,elf,Mirai",2026-10-05 04:06:19,2026-10-05 04:35:04,85
hash_sha256,e36451535786c4a50545deb9a5d4a97e942d358113ee9f11edd73dfb019f94d8,threatfox,Mirai,"threatfox,elf,Mirai",2026-10-05 04:06:19,2026-10-05 04:35:04,85
hash_sha256,e3ad6b39c29575a0a2cfbd14414297de7f7a81416ce1b7635762cc1362b55e4e,threatfox,Mirai,"threatfox,elf,Mirai,upx",2026-10-05 04:06:19,2026-10-05 04:35:04,85
hash_sha256,e40f480ee82af16cb91fbb7948a2b49c2c0560897f1e2e9fbe31f7ba93058b18,threatfox,Mirai,"threatfox,elf,Mirai",2026-10-05 04:06:19,2026-10-05 04:35:04,85
hash_sha256,e44052175e3b86215758ad0696076ac0b006d1beed68a2b2f02529be5715993d,threatfox,Mirai,"threatfox,elf,Gafgyt,Mirai",2026-10-05 04:06:19,2026-10-05 04:35:04,85
hash_sha256,e660998ccef2142b5056d4fcddd56810f15dd723e1294174acb4961ac9a5d31e,threatfox,Mirai,"threatfox,elf,Mirai,upx",2026-10-05 04:06:19,2026-10-05 04:35:04,85
hash_sha256,e6e113783356446aef66e5296db45b244f318292af7cebc2a9bd76f095a95c4c,threatfox,Mirai,"threatfox,elf,Mirai",2026-10-05 04:06:19,2026-10-05 04:35:04,85
hash_sha256,e718359a9ee75911a34e56062adb0a5650b1808ce8a48fbceed15c5b5678998d,threatfox,Mirai,"threatfox,elf,Mirai,upx",2026-10-05 04:06:19,2026-10-05 04:35:04,85
hash_sha256,e77f58904f6692e7adbb1d8dac1ec89e827a6847d632e1ab0082a5ffc7a9553a,threatfox,Mirai,"threatfox,elf,exe,Mirai",2026-10-05 04:06:19,2026-10-05 04:35:04,85
hash_sha256,e7b4d7ba0a181209c1433df2dc6815a1f258459a460414e049d308c85586e7ce,threatfox,Mirai,"threatfox,elf,Mirai",2026-10-05 04:06:19,2026-10-05 04:35:04,85
hash_sha256,e7ceb0f6afb890755e382760a8c768c6d26a987dc1d8b440bd34d9bab83a14be,threatfox,Mirai,"threatfox,elf,Mirai,upx",2026-10-05 04:06:19,2026-10-05 04:35:04,85
hash_sha256,e7f014c57e9566c2c513b9e774e912b0e11c28e451b06702fadc692c57823ba8,threatfox,Mirai,"threatfox,elf,Mirai",2026-10-05 04:06:19,2026-10-05 04:35:04,85
hash_sha256,e8ea23e292f0081715d4bbf4dc5e73a31a37f9d85d0c4dcc09e2a0cea39a6943,threatfox,Mirai,"threatfox,elf,Mirai,upx",2026-10-05 04:06:19,2026-10-05 04:35:04,85
hash_sha256,ea234da5770dddc9cfec8f4d996f50c4147413228321c69a4c90d697d81dfdaa,threatfox,PXA Stealer,threatfox,2026-10-05 04:06:19,2026-10-05 04:35:04,85
hash_sha256,ecc664fca4402b2d727751a471ec0b7fb77b6e4bf9b3bf2ac516faee0b7f7d6d,threatfox,Mirai,"threatfox,elf,Mirai,upx",2026-10-05 04:06:19,2026-10-05 04:35:04,85
hash_sha256,ed59f092ced012f8c3ececda732201c7d1f6f4a71b1a801bd1a1ac8c5e6ca597,threatfox,Bashlite,"threatfox,Bashlite,elf,Gafgyt",2026-10-05 04:06:19,2026-10-05 04:35:04,85
hash_sha256,ed69b232a3ac92a5e5f43757119af730f5d814305122a456132dad36a1d6a5fd,threatfox,Luca Stealer,threatfox,2026-10-05 04:06:19,2026-10-05 04:35:04,85
hash_sha256,eea07deacce9f6cb281aaf6c0daa8fa366c6393d742a2cfc8bc21996cf220dc1,threatfox,Mirai,"threatfox,elf,Mirai",2026-10-05 04:06:19,2026-10-05 04:35:04,85
hash_sha256,efa010dfce3d9583da656721034e058bc135637795c3e9dddeace75d4e8f50ae,threatfox,Mirai,"threatfox,elf,Mirai",2026-10-05 04:06:19,2026-10-05 04:35:04,85
hash_sha256,efe91df0741a0529c898501bad566eabb460e45c9e6a74cd73026863f27fe1c7,threatfox,Mirai,"threatfox,elf,Mirai",2026-10-05 04:06:19,2026-10-05 04:35:04,85
hash_sha256,f089e3cfc0ecbd6cd62c998b3610dfd6772fe530ea247f4157180792edd9ba35,threatfox,Emotet,"threatfox,Emotet,zip",2026-10-05 04:06:19,2026-10-05 04:35:04,85
hash_sha256,f0abe423b6d8fd55efc878b1b55905e7d07496a6f4b8af31fbfcd0302fb19128,threatfox,Mirai,"threatfox,elf,Mirai",2026-10-05 04:06:19,2026-10-05 04:35:04,85
hash_sha256,f10af0c42a22451276da002c581c9e38cddbbc7dc91d8319dce9a5b394e34020,threatfox,PXA Stealer,threatfox,2026-10-05 04:06:19,2026-10-05 04:35:04,85
hash_sha256,f2b38509f68802c2a8a5dab0c7b0af19e8118e0d51ade8fae6135ebbfcb6bc4f,threatfox,Mirai,"threatfox,elf,Mirai",2026-10-05 04:06:19,2026-10-05 04:35:04,85
hash_sha256,f31ece43389d70c6351fa607e08e31a1e11f5d9d77968f4b515c833a1628973a,threatfox,Ghost RAT,threatfox,2026-10-05 04:06:19,2026-10-05 04:35:04,85
hash_sha256,f380544dc352ff8d00a9fa20722c12345241fd7c148b66cb8c0bb80f6917ccff,threatfox,Mirai,"threatfox,elf,Mirai",2026-10-05 04:06:19,2026-10-05 04:35:04,85
hash_sha256,f38f3dc6d82a77fc285c7c7a9bd9ffd3d373c568f30301ccc302cfce8034f9db,threatfox,Mirai,"threatfox,elf,Mirai",2026-10-05 04:06:19,2026-10-05 04:35:04,85
hash_sha256,f3dfce19a0b0c704386d526f28aac42c3934588a905ea5f3075858abe4e37835,threatfox,Mirai,"threatfox,elf,Mirai",2026-10-05 04:06:19,2026-10-05 04:35:04,85
hash_sha256,f5a7d9d169aff0adc6b109a35c5ad7f0f2fce8ce1d4425daaa405507181048ef,threatfox,Mirai,"threatfox,elf,Mirai",2026-10-05 04:06:19,2026-10-05 04:35:04,85
hash_sha256,f68b88f248734b9823e3a56938d4b30874b7b0f90ba4b89371cba0e3894fad0a,threatfox,Mirai,"threatfox,elf,Mirai,upx",2026-10-05 04:06:19,2026-10-05 04:35:04,85
hash_sha256,f6fbb28a2648634d262e7a8786ad78302e0c9d0c93ab7f541f1c5c8856591fd4,threatfox,Mirai,"threatfox,elf,Mirai",2026-10-05 04:06:19,2026-10-05 04:35:04,85
hash_sha256,f8167aadea0051860bcacf6c7de8f7248b5f34bf2ec14d1e7311f18d33784ea3,threatfox,Mirai,"threatfox,elf,Mirai",2026-10-05 04:06:19,2026-10-05 04:35:04,85
hash_sha256,fa7de484231cf722c583d28bf2e05e7e55ff238fe929c2b14f9f8f19703f3937,threatfox,Mirai,"threatfox,elf,Mirai",2026-10-05 04:06:19,2026-10-05 04:35:04,85
hash_sha256,fb370476092e61c556c479e0d20ce7ceb2c6f298423131a5206cf31ab740cb5f,threatfox,Formbook,"threatfox,Formbook,ps1",2026-10-05 04:06:19,2026-10-05 04:35:04,85
hash_sha256,fb6e0f151847d09f0484582767bf9202485ad85edc45770fd51e8a9a9feee1e8,threatfox,Mirai,"threatfox,elf,Mirai",2026-10-05 04:06:19,2026-10-05 04:35:04,85
hash_sha256,fb7460f1febcc0f1e96f2df6c4b940f3beac750ce8cd1f30f98086400fbbe20e,threatfox,Coinminer,"threatfox,Coinminer,exe",2026-10-05 04:06:19,2026-10-05 04:35:04,85
hash_sha256,fbdca3aa5edbc6da025df617d23c51ca4a254faca641a796eb2044cc2ad5aae6,threatfox,Mirai,"threatfox,elf,Mirai,upx",2026-10-05 04:06:19,2026-10-05 04:35:04,85
hash_sha256,fc113466214a0de92edbdede08b402378cfa90fbffc7ce219c7ffc89fa6224bb,threatfox,Mirai,"threatfox,elf,Mirai",2026-10-05 04:06:19,2026-10-05 04:35:04,85
hash_sha256,fc1e2f6587a2b88a678c2688536209a9fbb7af36de466a4abb9a28a94a8e092d,threatfox,Mirai,"threatfox,elf,Mirai",2026-10-05 04:06:19,2026-10-05 04:35:04,85
hash_sha256,fc66357fbc7ce27d3e8141ee841e84f7cc9f6e5b2b48e9bc98fd041eb93326a0,threatfox,Mirai,"threatfox,elf,Mirai",2026-10-05 04:06:19,2026-10-05 04:35:04,85
hash_sha256,fccafdc4d3ef4c49dd52b7a1194eb7d132b01da1e4c74bad5920198f968d004c,threatfox,Mirai,"threatfox,elf,Mirai",2026-10-05 04:06:19,2026-10-05 04:35:04,85
hash_sha256,fd925cbfbeaeaac0cc2b5a30a5d89f0e44a341d8eb907f022805ce5bd0c05262,threatfox,Mirai,"threatfox,elf,Mirai",2026-10-05 04:06:19,2026-10-05 04:35:04,85
ip,139.196.170.151,threatfox,VShell,"threatfox,vshell",2026-10-05 04:06:19,2026-10-05 04:35:04,85
ip,188.165.224.129,threatfox,VShell,"threatfox,vshell",2026-10-05 04:06:19,2026-10-05 04:35:04,85
ip,8.148.8.46,threatfox,VShell,"threatfox,vshell",2026-10-05 04:06:19,2026-10-05 04:35:04,85
url,http://112.195.117.249:45477/Mozi.a,threatfox,Mozi,"threatfox,elf,iot,Mozi",2026-10-05 04:06:19,2026-10-05 04:35:04,85
url,http://121.184.128.134/01/info.zip,threatfox,Coinminer,"threatfox,Coinminer,exe,zip",2026-10-05 04:06:19,2026-10-05 04:35:04,85
url,http://121.202.153.132/sshd,threatfox,Unknown malware,"threatfox,backdoor,elf,SSHdKit",2026-10-05 04:06:19,2026-10-05 04:35:04,85
url,http://122.170.8.40/Video.scr,threatfox,Coinminer,"threatfox,Coinminer,exe",2026-10-05 04:06:19,2026-10-05 04:35:04,85
url,http://137.59.230.145:42414/Mozi.m,threatfox,Mozi,"threatfox,elf,iot,Mozi",2026-10-05 04:06:19,2026-10-05 04:35:04,85
url,http://223.123.124.111:46750/Mozi.m,threatfox,Mozi,"threatfox,elf,iot,Mozi",2026-10-05 04:06:19,2026-10-05 04:35:04,85
url,http://45.192.105.32:18084/?h=45.192.105.32&p=18084&t=tcp&a=w64&stage=true,threatfox,VShell,"threatfox,exe,loader,VShell",2026-10-05 04:06:19,2026-10-05 04:35:04,85
url,http://glolsbs.top:5621/documents,threatfox,Remus,"threatfox,remus",2026-10-05 04:06:19,2026-10-05 04:35:04,85
url,http://glolsbs.top:5621/reports,threatfox,Remus,"threatfox,remus",2026-10-05 04:06:19,2026-10-05 04:35:04,85
url,http://nexssbs.sbs:9932/accounts,threatfox,Remus,"threatfox,remus",2026-10-05 04:06:19,2026-10-05 04:35:04,85
url,http://nexssbs.sbs:9932/permissions,threatfox,Remus,"threatfox,remus",2026-10-05 04:06:19,2026-10-05 04:35:04,85
url,http://straely.biz:8531/attachments,threatfox,Remus,"threatfox,remus",2026-10-05 04:06:19,2026-10-05 04:35:04,85
url,https://adserverworkshub.com,threatfox,ClearFake,"threatfox,ClearFake,ClickFix,EtherHiding",2026-10-05 04:06:19,2026-10-05 04:35:04,85
url,https://compact-quran.pages.dev/downloads/TheCompactQuran-v0.2-setup.exe,threatfox,Unknown malware,"threatfox,exe",2026-10-05 04:06:19,2026-10-05 04:35:04,85
url,https://db.333pwk.org/,threatfox,Vidar,"threatfox,vidar",2026-10-05 04:06:19,2026-10-05 04:35:04,85
url,https://db.396zk.net/,threatfox,Vidar,"threatfox,vidar",2026-10-05 04:06:19,2026-10-05 04:35:04,85
url,https://monitoropsworks.com,threatfox,ClearFake,"threatfox,ClearFake,ClickFix,EtherHiding",2026-10-05 04:06:19,2026-10-05 04:35:04,85
url,https://rpg-translator-ea-guide.pages.dev/downloads/RPGTranslatorCompatibilityChecker-v0.1-Windows-x64.exe,threatfox,Unknown Loader,"threatfox,dropper,exe",2026-10-05 04:06:19,2026-10-05 04:35:04,85
url,https://rvsoft.ee/failid/setupid/set_ladu.exe,threatfox,Unknown malware,"threatfox,exe",2026-10-05 04:06:19,2026-10-05 04:35:04,85
url,https://rvsoft.ee/failid/setupid/set_palk_bal.exe,threatfox,Unknown malware,"threatfox,exe",2026-10-05 04:06:19,2026-10-05 04:35:04,85
url,https://rvsoft.ee/failid/setupid/set_toot.exe,threatfox,Unknown malware,"threatfox,exe",2026-10-05 04:06:19,2026-10-05 04:35:04,85
hash_md5,008df896306e45311a69aedf4d67b428,malwarebazaar,Mirai,elf,2026-10-05 04:00:04,2026-10-05 04:35:04,85
hash_md5,0660f6e598c8afda655421db7fde4506,malwarebazaar,Mirai,"elf,Mirai",2026-10-05 04:00:04,2026-10-05 04:35:04,85
hash_md5,104d50ebd1b3a42d1b2d41967e2414c2,malwarebazaar,macho,"ClickFix,Foxveil,loader,Mach-O,macho,macOS",2026-10-05 04:00:04,2026-10-05 04:35:04,85
hash_md5,115643ae0bf449b1883c0f4ac2e27366,malwarebazaar,Mirai,"arm,cowrie,elf,honeypot,Mirai",2026-10-05 04:00:04,2026-10-05 04:35:04,85
hash_md5,11675510d8b56c9b11dadbb6e2b08d26,malwarebazaar,Gh0stRAT,"exe,Gh0stRAT,SilverFox,ValleyRAT",2026-10-05 04:00:04,2026-10-05 04:35:04,85
hash_md5,146ca25c64421c93d0896ca815670f52,malwarebazaar,Gafgyt,"elf,Gafgyt",2026-10-05 04:00:04,2026-10-05 04:35:04,85
hash_md5,1486e8975525823638df003964223af4,malwarebazaar,Mirai,"elf,Mirai",2026-10-05 04:00:04,2026-10-05 04:35:04,85
hash_md5,1888c61f0f51d91c14b7a8a519591ce6,malwarebazaar,NanoCore,"exe,NanoCore,RAT",2026-10-05 04:00:04,2026-10-05 04:35:04,85
hash_md5,1a586376b3ba1ead4c801ec189c708a1,malwarebazaar,zip,"Remus,RemusStealer,Stealer,zip",2026-10-05 04:00:04,2026-10-05 04:35:04,85
hash_md5,1a5ba9e187246d288050ccd3cd0ea3cf,malwarebazaar,Mirai,"arm,cowrie,elf,honeypot,Mirai",2026-10-05 04:00:04,2026-10-05 04:35:04,85
hash_md5,1a8adaea5a286541c617f9aa1cd7474b,malwarebazaar,Mirai,"elf,Mirai",2026-10-05 04:00:04,2026-10-05 04:35:04,85
hash_md5,1c575d4e54baf181f44271cacd0618eb,malwarebazaar,VShell,"exe,VShell",2026-10-05 04:00:04,2026-10-05 04:35:04,85
hash_md5,1fd7690ad52a07ac52e6406bb52db5ba,malwarebazaar,exe,exe,2026-10-05 04:00:04,2026-10-05 04:35:04,85
hash_md5,22b905a10e07e3a984ed85393ea7f93f,malwarebazaar,Gafgyt,"elf,Gafgyt",2026-10-05 04:00:04,2026-10-05 04:35:04,85
hash_md5,22bb58e7857a218259ade193bb74f502,malwarebazaar,exe,"exe,signed",2026-10-05 04:00:04,2026-10-05 04:35:04,85
hash_md5,22c2e3a121978b753ffe87934127f92e,malwarebazaar,Mirai,"elf,Mirai",2026-10-05 04:00:04,2026-10-05 04:35:04,85
hash_md5,24442784e568ce34f714ee920ffc383b,malwarebazaar,Mirai,"elf,Mirai",2026-10-05 04:00:04,2026-10-05 04:35:04,85
hash_md5,27e5721e237cb0e795d7b206f9a1e99b,malwarebazaar,html,"apt,html,WinterVivern,targeted",2026-10-05 04:00:04,2026-10-05 04:35:04,85
hash_md5,27efd00dff36dd470d1e726c94df24ee,malwarebazaar,Mirai,"arm,cowrie,elf,honeypot,mirai,mozi",2026-10-05 04:00:04,2026-10-05 04:35:04,85
hash_md5,281050a949badc4c3cbf1ad5bd4f8f68,malwarebazaar,Mirai,"arm,cowrie,elf,honeypot,Mirai",2026-10-05 04:00:04,2026-10-05 04:35:04,85
hash_md5,2f8c91a8274fe22abd54307c890b8790,malwarebazaar,exe,"exe,signed",2026-10-05 04:00:04,2026-10-05 04:35:04,85
hash_md5,34d68e341c1e3c2f051649c21d562ee0,malwarebazaar,Mirai,"arm,cowrie,elf,honeypot,Mirai",2026-10-05 04:00:04,2026-10-05 04:35:04,85
hash_md5,34dd6cf4260b3b9c19d9eefba340efdb,malwarebazaar,macho,"ClickFix,Foxveil,loader,Mach-O,macho,macOS",2026-10-05 04:00:04,2026-10-05 04:35:04,85
hash_md5,364d26917fc6d649c1caf7bb173a5848,malwarebazaar,Mirai,"elf,Mirai",2026-10-05 04:00:04,2026-10-05 04:35:04,85
hash_md5,366fb42b0cbd77d528cad2224f64ae32,malwarebazaar,jar,jar,2026-10-05 04:00:04,2026-10-05 04:35:04,85
hash_md5,3741db40b67f73ee4799e5f84cdbc785,malwarebazaar,exe,"54e64e,dropped-by-Amadey,exe",2026-10-05 04:00:04,2026-10-05 04:35:04,85
hash_md5,37fbc7e9dd5ab12110ebfdf3f25b7e0f,malwarebazaar,Mirai,elf,2026-10-05 04:00:04,2026-10-05 04:35:04,85
hash_md5,39e06eab7a3278472831b788f6efdd3d,malwarebazaar,Mirai,"elf,Mirai",2026-10-05 04:00:04,2026-10-05 04:35:04,85
hash_md5,3b4180885bc0c2c6184626d01d885e35,malwarebazaar,Mirai,"arm,cowrie,elf,honeypot,mirai,mozi,torii",2026-10-05 04:00:04,2026-10-05 04:35:04,85
hash_md5,40e405807927ccf8a73fa7289dae1dc3,malwarebazaar,exe,"dll,DLLhijack,exe,hijack",2026-10-05 04:00:04,2026-10-05 04:35:04,85
hash_md5,46de0c763fbbfa3ef1da8d76ca7357fb,malwarebazaar,elf,elf,2026-10-05 04:00:04,2026-10-05 04:35:04,85
hash_md5,47bcb4616f1967aaeb3ce2980aecd567,malwarebazaar,exe,"exe,SilverFox,ValleyRAT",2026-10-05 04:00:04,2026-10-05 04:35:04,85
hash_md5,490d44caeb5d450015fd6b498f3ee71c,malwarebazaar,jar,"jar,java,python,silentnet",2026-10-05 04:00:04,2026-10-05 04:35:04,85
hash_md5,4cade129458e5fc51ce1abbefd6fe388,malwarebazaar,elf,elf,2026-10-05 04:00:04,2026-10-05 04:35:04,85
hash_md5,4d51406f7713e296f873fd45bb0ef1d0,malwarebazaar,Mirai,"elf,Mirai",2026-10-05 04:00:04,2026-10-05 04:35:04,85
hash_md5,501b8cb330332950c13fe74edfdbbd03,malwarebazaar,Mirai,elf,2026-10-05 04:00:04,2026-10-05 04:35:04,85
hash_md5,508df6bc22e47d5d5950b8c05b2a0618,malwarebazaar,exe,"exe,signed,stealer,vidar",2026-10-05 04:00:04,2026-10-05 04:35:04,85
hash_md5,54b5da868b27b0388a5d07f3484ae3d6,malwarebazaar,Mirai,"elf,Mirai",2026-10-05 04:00:04,2026-10-05 04:35:04,85
hash_md5,58b643852c81f4b044567e002c316d43,malwarebazaar,Mirai,elf,2026-10-05 04:00:04,2026-10-05 04:35:04,85
hash_md5,5aec7a7a816f79ec5e2d276ea99d60cd,malwarebazaar,exe,exe,2026-10-05 04:00:04,2026-10-05 04:35:04,85
hash_md5,60ab33b01081d37beeeb3c62ae8e3333,malwarebazaar,WannaCry,"dionaea,exe,WannaCry",2026-10-05 04:00:04,2026-10-05 04:35:04,85
hash_md5,68c87fde0119f7c64fba8e4234d6ae88,malwarebazaar,Mirai,"arm,cowrie,elf,honeypot,Mirai",2026-10-05 04:00:04,2026-10-05 04:35:04,85
hash_md5,6c47b6133ffe78e1f31bbc77135e5a3d,malwarebazaar,SilentNet,"exe,miner,silentnet,stealer,xmrig",2026-10-05 04:00:04,2026-10-05 04:35:04,85
hash_md5,6c9accd6d19254c49bb564e43b43bf6e,malwarebazaar,Mirai,"elf,Mirai",2026-10-05 04:00:04,2026-10-05 04:35:04,85
hash_md5,6f7e092f6bfadc775f55824c4b8b6d14,malwarebazaar,exe,"A,dropped-by-GCleaner,exe,MIX7.file",2026-10-05 04:00:04,2026-10-05 04:35:04,85
hash_md5,70afea5aa4689e70efb1428008a0a3ec,malwarebazaar,AgentTesla,"AgentTesla,js",2026-10-05 04:00:04,2026-10-05 04:35:04,85
hash_md5,7341a87f623d5ae0cbc0e70fa2ddc79e,malwarebazaar,Mirai,"elf,Mirai",2026-10-05 04:00:04,2026-10-05 04:35:04,85
hash_md5,73b1f8429dc7303c860460102fcb6d41,malwarebazaar,Mirai,"elf,Mirai",2026-10-05 04:00:04,2026-10-05 04:35:04,85
hash_md5,757fc26bd0a7a88ff8d6aabce0227cce,malwarebazaar,Mirai,"elf,Mirai",2026-10-05 04:00:04,2026-10-05 04:35:04,85
hash_md5,79084eeeddabc69c39ca17a670bcbde3,malwarebazaar,Mirai,"elf,Mirai",2026-10-05 04:00:04,2026-10-05 04:35:04,85
hash_md5,7a5e9b41b7d6b1edb066ecb2f4268c19,malwarebazaar,PythonStealer,"exe,PythonStealer",2026-10-05 04:00:04,2026-10-05 04:35:04,85
hash_md5,7c16ef3d885480b33a831395cb01bea9,malwarebazaar,Mirai,"elf,Mirai",2026-10-05 04:00:04,2026-10-05 04:35:04,85
hash_md5,7c52dae94478042eb3a3fddf13c50bf1,malwarebazaar,Mirai,"elf,Mirai",2026-10-05 04:00:04,2026-10-05 04:35:04,85
hash_md5,7d5f8599070210e6d747ad73db609ccc,malwarebazaar,Mirai,"elf,Mirai",2026-10-05 04:00:04,2026-10-05 04:35:04,85
hash_md5,7d9f1fde033d4db4d6669a6fd175f551,malwarebazaar,Mirai,"elf,Mirai",2026-10-05 04:00:04,2026-10-05 04:35:04,85
hash_md5,7ea888aee66c08755ddb67d0da2c654a,malwarebazaar,Mirai,"elf,Mirai",2026-10-05 04:00:04,2026-10-05 04:35:04,85
hash_md5,81137b21900193ef1fd2690e3b5e1882,malwarebazaar,ConnectWise,"ConnectWise,msi",2026-10-05 04:00:04,2026-10-05 04:35:04,85
hash_md5,831bb7b2401707f8aa40f392df6598e4,malwarebazaar,Mirai,"arm,cowrie,elf,honeypot,Mirai",2026-10-05 04:00:04,2026-10-05 04:35:04,85
hash_md5,84e596b93bd712bbe52869762f1aec4b,malwarebazaar,Mirai,"elf,Mirai",2026-10-05 04:00:04,2026-10-05 04:35:04,85
hash_md5,89e6bc8fb7acd9603e1c88daebf75206,malwarebazaar,Mirai,"Mirai,sh,wraith",2026-10-05 04:00:04,2026-10-05 04:35:04,85
hash_md5,8c3dd656daaafe66e19afd5cb76d8a7d,malwarebazaar,NetSupport,"D,dropped-by-GCleaner,EU0.file,exe,NetSupport",2026-10-05 04:00:04,2026-10-05 04:35:04,85
hash_md5,8de4f7dc19cf7f78385e3cbb5b31a684,malwarebazaar,CoinMiner,"CoinMiner,exe,signed",2026-10-05 04:00:04,2026-10-05 04:35:04,85
hash_md5,8f0bcf59bd10c28b439a7469c092e73f,malwarebazaar,hta,hta,2026-10-05 04:00:04,2026-10-05 04:35:04,85
hash_md5,929ed65c13b919f15a7018bf19cfd953,malwarebazaar,Mirai,"elf,Mirai",2026-10-05 04:00:04,2026-10-05 04:35:04,85
hash_md5,941c767b1355c8b7d0e1dc91a28129fc,malwarebazaar,exe,"dropped-by-GCleaner,exe,P,signed,UNIQPREM.file",2026-10-05 04:00:04,2026-10-05 04:35:04,85
hash_md5,981abcae97e353b302226b286f5bdf19,malwarebazaar,Mirai,elf,2026-10-05 04:00:04,2026-10-05 04:35:04,85
hash_md5,99f961f005a23d8b74b55a62524b7c8a,malwarebazaar,Mirai,"elf,Mirai",2026-10-05 04:00:04,2026-10-05 04:35:04,85
hash_md5,9b3f43a7fc536b20c354ba62f7626cd5,malwarebazaar,Gh0stRAT,"exe,Gh0stRAT,SilverFox,ValleyRAT",2026-10-05 04:00:04,2026-10-05 04:35:04,85
hash_md5,9c5656c37ca809b06cc85c7369b447c7,malwarebazaar,Mirai,"elf,Mirai",2026-10-05 04:00:04,2026-10-05 04:35:04,85
hash_md5,9e65dd5d99f3e2edbad42e408b7eb529,malwarebazaar,Gafgyt,"elf,Gafgyt",2026-10-05 04:00:04,2026-10-05 04:35:04,85
hash_md5,a058a0987a789460e1e27cfeaa9ddb30,malwarebazaar,elf,elf,2026-10-05 04:00:04,2026-10-05 04:35:04,85
hash_md5,a3bd012dd1db642a253fbeaa2ca7890d,malwarebazaar,Mirai,elf,2026-10-05 04:00:04,2026-10-05 04:35:04,85
hash_md5,a5fe746276a7ea8247d3005872357c28,malwarebazaar,Mirai,"arm,cowrie,elf,honeypot,Mirai",2026-10-05 04:00:04,2026-10-05 04:35:04,85
hash_md5,aa5d00709dc5b99fe30e8959bab5b8c5,malwarebazaar,hta,hta,2026-10-05 04:00:04,2026-10-05 04:35:04,85
hash_md5,ac866518d567d5598df0e86396e2dbed,malwarebazaar,jar,jar,2026-10-05 04:00:04,2026-10-05 04:35:04,85
hash_md5,ad5cbdadf60b07415f5d73bde2c1ac9d,malwarebazaar,exe,"dll,exe,loader,trojan",2026-10-05 04:00:04,2026-10-05 04:35:04,85
hash_md5,b00155089851d5307dc54b9948ed0a43,malwarebazaar,WannaCry,"dionaea,exe,WannaCry",2026-10-05 04:00:04,2026-10-05 04:35:04,85
hash_md5,b3e9c43289cc003764c029531818d427,malwarebazaar,Mirai,"elf,Mirai",2026-10-05 04:00:04,2026-10-05 04:35:04,85
hash_md5,b54257d238c1d25db93a04dca390072a,malwarebazaar,elf,elf,2026-10-05 04:00:04,2026-10-05 04:35:04,85
hash_md5,b614c11fe9d97686eb53e72567295b93,malwarebazaar,Mirai,"elf,Mirai",2026-10-05 04:00:04,2026-10-05 04:35:04,85
hash_md5,b6bd3b475534d65b1f1299d4b7d6e374,malwarebazaar,exe,exe,2026-10-05 04:00:04,2026-10-05 04:35:04,85
hash_md5,bbcd98350ad9c69d018cd6d839af829e,malwarebazaar,elf,elf,2026-10-05 04:00:04,2026-10-05 04:35:04,85
hash_md5,c41354155dc082e2cd6db84a69b35c28,malwarebazaar,CobaltStrike,exe,2026-10-05 04:00:04,2026-10-05 04:35:04,85
hash_md5,c98dd88cffbaafdb8c8c394bae7e09ce,malwarebazaar,exe,"54e64e,dropped-by-Amadey,exe",2026-10-05 04:00:04,2026-10-05 04:35:04,85
hash_md5,ce30ed2acf633c3d591a840d3c7c8e0a,malwarebazaar,Mirai,"elf,Mirai",2026-10-05 04:00:04,2026-10-05 04:35:04,85
hash_md5,cfb471d7c3a01f0f2f45794e7bfdab24,malwarebazaar,elf,elf,2026-10-05 04:00:04,2026-10-05 04:35:04,85
hash_md5,d11d12b0f00728af2807dd2b2f5eca28,malwarebazaar,Mirai,"elf,Mirai",2026-10-05 04:00:04,2026-10-05 04:35:04,85
hash_md5,d2274d22de2b02901681d9228aabd504,malwarebazaar,Mirai,"elf,Mirai",2026-10-05 04:00:04,2026-10-05 04:35:04,85
hash_md5,db899c6a07fffdec0413a99d0e2e1480,malwarebazaar,dll,"dll,DLLhijack,hijack",2026-10-05 04:00:04,2026-10-05 04:35:04,85
hash_md5,dbaf29a9c995b983bc0cf6d65f9397fa,malwarebazaar,Gh0stRAT,"exe,Gh0stRAT,SilverFox,ValleyRAT",2026-10-05 04:00:04,2026-10-05 04:35:04,85
hash_md5,dcbb235b8d8ddc323334566d957f551b,malwarebazaar,jar,"jar,java,stealer",2026-10-05 04:00:04,2026-10-05 04:35:04,85
hash_md5,df96f00c066f4e8e26943322079f436d,malwarebazaar,Mirai,elf,2026-10-05 04:00:04,2026-10-05 04:35:04,85
hash_md5,dfa02c10692133124a81c074f5355773,malwarebazaar,exe,"exe,SilverFox,ValleyRAT",2026-10-05 04:00:04,2026-10-05 04:35:04,85
hash_md5,e3988eb28220b4dd05fb984aef5c08e4,malwarebazaar,RemusStealer,"579cd0,dropped-by-Amadey,exe,RemusStealer",2026-10-05 04:00:04,2026-10-05 04:35:04,85
hash_md5,e3f5aa0697c6ab74aa9b6c9508708178,malwarebazaar,Mirai,"elf,Mirai",2026-10-05 04:00:04,2026-10-05 04:35:04,85
hash_md5,e422539150d1b9dfc35c075ca622588f,malwarebazaar,Mirai,"elf,Mirai",2026-10-05 04:00:04,2026-10-05 04:35:04,85
hash_md5,e4a34372eab0832d0682fa986a8e0b97,malwarebazaar,CobaltStrike,exe,2026-10-05 04:00:04,2026-10-05 04:35:04,85
hash_md5,e58d40196a62820c3975a9b6e7aaa9f5,malwarebazaar,Mirai,"elf,Mirai",2026-10-05 04:00:04,2026-10-05 04:35:04,85
hash_md5,e83733b322a605a96a68d386046e2fb0,malwarebazaar,Mirai,"elf,Mirai",2026-10-05 04:00:04,2026-10-05 04:35:04,85
hash_md5,eb29804c69ccbdc40b7ce8887057e7f6,malwarebazaar,exe,"dropped-by-GCleaner,exe,s,soft",2026-10-05 04:00:04,2026-10-05 04:35:04,85
hash_md5,ee15a6a57a220207d77fdb4b2c00d8f6,malwarebazaar,Mirai,"elf,Mirai",2026-10-05 04:00:04,2026-10-05 04:35:04,85
hash_md5,ee1e1675468944fd276af9a66e7e28a1,malwarebazaar,exe,"exe,stealer,vidar",2026-10-05 04:00:04,2026-10-05 04:35:04,85
hash_md5,efde9155dd4d91ef09eb4825620745f2,malwarebazaar,Mirai,"arm,cowrie,elf,honeypot,mirai,mozi,torii",2026-10-05 04:00:04,2026-10-05 04:35:04,85
hash_md5,f0cb647db850d6d1c3d582ea9ea769fe,malwarebazaar,Gafgyt,"elf,Gafgyt",2026-10-05 04:00:04,2026-10-05 04:35:04,85
hash_md5,f0f5604aa5bd3778b4a2bb5e9722eab2,malwarebazaar,exe,"exe,signed,stealer,vidar",2026-10-05 04:00:04,2026-10-05 04:35:04,85
hash_md5,f23cf0d3eae7bb4eb24652c187a419f0,malwarebazaar,Mirai,"elf,Mirai",2026-10-05 04:00:04,2026-10-05 04:35:04,85
hash_md5,f2de00de1930300f394722fd91f0243b,malwarebazaar,hta,hta,2026-10-05 04:00:04,2026-10-05 04:35:04,85
hash_md5,f5a3a6278f24f900da4235bbba254521,malwarebazaar,Mirai,elf,2026-10-05 04:00:04,2026-10-05 04:35:04,85
hash_md5,f5eebcb1963bffe782e1a4cc7703abd0,malwarebazaar,dll,"dll,DLLhijack,hijack",2026-10-05 04:00:04,2026-10-05 04:35:04,85
hash_md5,f606795181195b17af4e17b506c951ae,malwarebazaar,Mirai,"elf,Mirai,wraith",2026-10-05 04:00:04,2026-10-05 04:35:04,85
hash_md5,f88c7b63d6beff89c4fe04a0f45a2a11,malwarebazaar,apk,"apk,zip",2026-10-05 04:00:04,2026-10-05 04:35:04,85
hash_md5,f8d669b637b41c45aefca1d5f66ed368,malwarebazaar,Gafgyt,"elf,Gafgyt",2026-10-05 04:00:04,2026-10-05 04:35:04,85
hash_md5,fa67eae6c1952bc801ff3217e6d998e0,malwarebazaar,Mirai,"elf,Mirai",2026-10-05 04:00:04,2026-10-05 04:35:04,85
hash_sha256,01dec44e70c5c84d2e790a3f2bd4e8613ba82ebd1d13bfb9e4df20ea476ca559,malwarebazaar,Gh0stRAT,"exe,Gh0stRAT,SilverFox,ValleyRAT",2026-10-05 04:00:04,2026-10-05 04:35:04,85
hash_sha256,0336851d92948169ecd1e2499c21ab87299055af61e55fe1c1e1e7d83d3d1278,malwarebazaar,html,"apt,html,WinterVivern,targeted",2026-10-05 04:00:04,2026-10-05 04:35:04,85
hash_sha256,0577e2fd8f5da73991195505977723893ae8178d436ca747440eeb1ff9738bf9,malwarebazaar,Mirai,"elf,Mirai",2026-10-05 04:00:04,2026-10-05 04:35:04,85
hash_sha256,062aca87d292a3f462c1aa7cd016d2daf52eeb7503d335fbca6807b77105688d,malwarebazaar,exe,"dll,DLLhijack,exe,hijack",2026-10-05 04:00:04,2026-10-05 04:35:04,85
hash_sha256,06f7f11cfc2c401875f2f9aef30e2176ad3520d0d309c88361b2202ad67099a2,malwarebazaar,hta,hta,2026-10-05 04:00:04,2026-10-05 04:35:04,85
hash_sha256,0b44e0e5640696e069413aebe9ba4c1f116f51b79277e27a9827addb5a3b5b74,malwarebazaar,Mirai,"elf,Mirai",2026-10-05 04:00:04,2026-10-05 04:35:04,85
hash_sha256,0b667fe4fc990f75d0ff341a3a8c0a6a8939006cbf74d1250e536dcaa020e262,malwarebazaar,Mirai,"elf,Mirai",2026-10-05 04:00:04,2026-10-05 04:35:04,85
hash_sha256,0e38556099f10acb59a46f5876dedaa2d8aac0cad7d65f02d900a3275f74e604,malwarebazaar,ConnectWise,"ConnectWise,msi",2026-10-05 04:00:04,2026-10-05 04:35:04,85
hash_sha256,0ea91c691e0e6cabb40dbe214b536081c9b4ca2012927fea88fb40b33bfd42df,malwarebazaar,hta,hta,2026-10-05 04:00:04,2026-10-05 04:35:04,85
hash_sha256,17c9b7dd459078cf11edb629a2ff32dfc0313e4d60a779c40f0783fcddd20084,malwarebazaar,Mirai,"elf,Mirai",2026-10-05 04:00:04,2026-10-05 04:35:04,85
hash_sha256,224aec5fec1f907ce152895095f56a3a2f2db0d627633ee691af56a13f34e7f8,malwarebazaar,CobaltStrike,exe,2026-10-05 04:00:04,2026-10-05 04:35:04,85
hash_sha256,24fabf58e8133d7d920622e7beacde41a0340d77e91529ab9822929ebecc4a3b,malwarebazaar,elf,elf,2026-10-05 04:00:04,2026-10-05 04:35:04,85
hash_sha256,2571f3fa3054da51c16e698cb1578ab9405c80a34172874bdb56dd7df98b0be1,malwarebazaar,Mirai,"arm,cowrie,elf,honeypot,mirai,mozi,torii",2026-10-05 04:00:04,2026-10-05 04:35:04,85
hash_sha256,25a546a305fbfe3b05f90139fe3f007818e5668192c6b74a9ea861b496de6566,malwarebazaar,exe,"exe,SilverFox,ValleyRAT",2026-10-05 04:00:04,2026-10-05 04:35:04,85
hash_sha256,26774e49d90c14c84cf1a99a466f22e474db036d97b05e9cdef94d7bfe49cfc0,malwarebazaar,exe,"54e64e,dropped-by-Amadey,exe",2026-10-05 04:00:04,2026-10-05 04:35:04,85
hash_sha256,2721dbcd118b8c4f018ff09a96c10bf5e60ee537a4ccc9c83ed824d90d49af14,malwarebazaar,Mirai,"elf,Mirai",2026-10-05 04:00:04,2026-10-05 04:35:04,85
hash_sha256,2a82f1ad66901ddb28bbf12e999bf44417576ed3ce0ed264275ec6f2c64f8313,malwarebazaar,Mirai,"elf,Mirai",2026-10-05 04:00:04,2026-10-05 04:35:04,85
hash_sha256,2be178ca19dddfeaf678fe36d2a01c11c3261811de079d6459ba4c9bcd916171,malwarebazaar,Mirai,"elf,Mirai",2026-10-05 04:00:04,2026-10-05 04:35:04,85
hash_sha256,2bfc0f1dbec327a29e9fd26ba97dde795ae768382cb64ffecf694a111483cc6a,malwarebazaar,Gafgyt,"elf,Gafgyt",2026-10-05 04:00:04,2026-10-05 04:35:04,85
hash_sha256,2e716444b93e04a56e01fa485e7cbe32f5f601d1d183e112d29ea5cd83bad6f6,malwarebazaar,SilentNet,"exe,miner,silentnet,stealer,xmrig",2026-10-05 04:00:04,2026-10-05 04:35:04,85
hash_sha256,2f86a4fe00548a8ac9cf5941bfcece12e8d1f815ce720bbd02a8fa7b93ef015c,malwarebazaar,elf,elf,2026-10-05 04:00:04,2026-10-05 04:35:04,85
hash_sha256,3063d017fad45f64105bb5420cf6659270849a325a35081ee3c364722f2635d9,malwarebazaar,exe,"exe,signed,stealer,vidar",2026-10-05 04:00:04,2026-10-05 04:35:04,85
hash_sha256,344d1bb0ea95a2699d7ee461e4deaaaac2260048a29b0e5ec63bca6924e547bb,malwarebazaar,elf,elf,2026-10-05 04:00:04,2026-10-05 04:35:04,85
hash_sha256,35afe2df347cb0909fdf2aba8ed6a506a681518a98c0a723b25a16957437f944,malwarebazaar,CobaltStrike,exe,2026-10-05 04:00:04,2026-10-05 04:35:04,85
hash_sha256,35d2c3464b1b345e0bf5711b845abd988435bb2da9b452a0de44f99745f3d62c,malwarebazaar,Gafgyt,"elf,Gafgyt",2026-10-05 04:00:04,2026-10-05 04:35:04,85
hash_sha256,361699bd9c276fdbef11bc135de69dc2b2dc423c7460f96b5f42cf7eae2c2e83,malwarebazaar,Mirai,"elf,Mirai",2026-10-05 04:00:04,2026-10-05 04:35:04,85
hash_sha256,3a0fcd09f8c03b59a951a7cbbac7c53b20185188575e694aeac09f995a143a42,malwarebazaar,Mirai,"elf,Mirai",2026-10-05 04:00:04,2026-10-05 04:35:04,85
hash_sha256,3c29f43472e65ea111cf6fa376ba1bd7e3d4bf3e1d2f05d44456d08b16ea1934,malwarebazaar,Mirai,"elf,Mirai",2026-10-05 04:00:04,2026-10-05 04:35:04,85
hash_sha256,3c579af3ac3f294aebdcbb98d326c5046a135bd1a159ba6c1a2ad6b2fbfe1dd5,malwarebazaar,Mirai,"elf,Mirai",2026-10-05 04:00:04,2026-10-05 04:35:04,85
hash_sha256,42aa476e9677d875f15f6e09c8cdb40a461a2db58dadcb9b6c5adfd4a796d948,malwarebazaar,Mirai,"elf,Mirai",2026-10-05 04:00:04,2026-10-05 04:35:04,85
hash_sha256,467cef311f7c72e1bbb8468c9c4dfe1cab9aa6dd6d93209f18f22c91441dd077,malwarebazaar,exe,"dropped-by-GCleaner,exe,P,signed,UNIQPREM.file",2026-10-05 04:00:04,2026-10-05 04:35:04,85
hash_sha256,46db514c0791f4093050cad13f69dd6cf207887992104b57ba3bca38d38ba14c,malwarebazaar,Gafgyt,"elf,Gafgyt",2026-10-05 04:00:04,2026-10-05 04:35:04,85
hash_sha256,4cd800261d0e873ee5c8237997707bc22174417d09e46585d136ae96a547cd11,malwarebazaar,Mirai,"elf,Mirai,wraith",2026-10-05 04:00:04,2026-10-05 04:35:04,85
hash_sha256,507611a45de2fa9f20c1e26e4274b655faf7f47cb2688a1782da25604a2e34c6,malwarebazaar,Mirai,"elf,Mirai",2026-10-05 04:00:04,2026-10-05 04:35:04,85
hash_sha256,55e0b73ee147b0661221c41a5cfbdd5204c760f0c22359596cc70e94315686db,malwarebazaar,exe,"dll,exe,loader,trojan",2026-10-05 04:00:04,2026-10-05 04:35:04,85
hash_sha256,5718c56f7378113dccb2e8aa3576a024f0f760127fd756fbfac239ee0c62c2a6,malwarebazaar,Mirai,"elf,Mirai",2026-10-05 04:00:04,2026-10-05 04:35:04,85
hash_sha256,576fe0330127a7b33250efa3e0697928d4c515acf65bbe1d58fb87dd265b8462,malwarebazaar,Mirai,"elf,Mirai",2026-10-05 04:00:04,2026-10-05 04:35:04,85
hash_sha256,58586e1c14ca199ad1e63108586b3fe56af82c169320d9346e1bbb14e621f46f,malwarebazaar,exe,"exe,signed,stealer,vidar",2026-10-05 04:00:04,2026-10-05 04:35:04,85
hash_sha256,5c48e2f8fa87d70064e5a6aaf4d1d8fb78a76633f6b24927e3866b17d05bb9e0,malwarebazaar,hta,hta,2026-10-05 04:00:04,2026-10-05 04:35:04,85
hash_sha256,6355f1e1c014765159eeb63e1de3510eb34f7381ff38e3388254f1a86dfccc1e,malwarebazaar,Mirai,elf,2026-10-05 04:00:04,2026-10-05 04:35:04,85
hash_sha256,6405edc4312d014d21abcc0ebadc11dfdf34a899ce679c63bc8337e85088cfe8,malwarebazaar,Mirai,"elf,Mirai",2026-10-05 04:00:04,2026-10-05 04:35:04,85
hash_sha256,69240b9b37b2df84445847e4a5cbafb97e78927f288bd47f2a6519fde8465284,malwarebazaar,NanoCore,"exe,NanoCore,RAT",2026-10-05 04:00:04,2026-10-05 04:35:04,85
hash_sha256,6d69d14d77978195334345025800554e5505d2b9158ad21d78f4b9e3c099453b,malwarebazaar,WannaCry,"dionaea,exe,WannaCry",2026-10-05 04:00:04,2026-10-05 04:35:04,85
hash_sha256,73fa3523e75f87922d8927fa1b912fdac512ef09c12b8c7709df1b4eb40782ae,malwarebazaar,Mirai,"arm,cowrie,elf,honeypot,Mirai",2026-10-05 04:00:04,2026-10-05 04:35:04,85
hash_sha256,75393fd0ead31cedd844aa4a00869c04331367a9d83d9b33769e97af049cdb7b,malwarebazaar,Mirai,elf,2026-10-05 04:00:04,2026-10-05 04:35:04,85
hash_sha256,75eec3fe903f215cfe790a37f77c5be5fb2ef0e9466737ffdee00557acf923f0,malwarebazaar,VShell,"exe,VShell",2026-10-05 04:00:04,2026-10-05 04:35:04,85
hash_sha256,76d3fe2d4d446368e8a26fe8e7fc13159dfb4acfb9ed530b39ad5ca367765102,malwarebazaar,Mirai,"elf,Mirai",2026-10-05 04:00:04,2026-10-05 04:35:04,85
hash_sha256,7850fe83806399284d1b643547b6cdbfa3f1cc7413550514df0548b7eb1d3066,malwarebazaar,Mirai,"elf,Mirai",2026-10-05 04:00:04,2026-10-05 04:35:04,85
hash_sha256,796897808e7d751ac0007e54a1cd2290da046f9dabcb7a3074f23a6039564256,malwarebazaar,NetSupport,"D,dropped-by-GCleaner,EU0.file,exe,NetSupport",2026-10-05 04:00:04,2026-10-05 04:35:04,85
hash_sha256,7e54a3647039544393337ae637a5104331a37178dda9ee3242ac7097968f1d6c,malwarebazaar,Mirai,"arm,cowrie,elf,honeypot,Mirai",2026-10-05 04:00:04,2026-10-05 04:35:04,85
hash_sha256,876002b5ad4bf65f48a9378bdaa519f68b232972b0eee06f618505da32ed5d93,malwarebazaar,Mirai,"arm,cowrie,elf,honeypot,Mirai",2026-10-05 04:00:04,2026-10-05 04:35:04,85
hash_sha256,889582f9f03be880d3d9d2708561ad0241f8698df8537edbd0a5dc4fa8b42627,malwarebazaar,macho,"ClickFix,Foxveil,loader,Mach-O,macho,macOS",2026-10-05 04:00:04,2026-10-05 04:35:04,85
hash_sha256,8a77b02b82e8759b6c502d656995603b249284eb9651d41f2c9517acaa65f6da,malwarebazaar,Mirai,"elf,Mirai",2026-10-05 04:00:04,2026-10-05 04:35:04,85
hash_sha256,8b1b1714d9544d86284accdd3240df5ef641cf5504f4c8baebec5387e966524f,malwarebazaar,exe,"exe,SilverFox,ValleyRAT",2026-10-05 04:00:04,2026-10-05 04:35:04,85
hash_sha256,92365a186dec592d0741d2bf29cffd80029e56394311bde51d424abfdae3347b,malwarebazaar,exe,"exe,stealer,vidar",2026-10-05 04:00:04,2026-10-05 04:35:04,85
hash_sha256,95b54f0e5d5d5ef2bd87167bb0da4dd553aaf2da8e6a3a919e0ce881a78b6124,malwarebazaar,Mirai,"elf,Mirai",2026-10-05 04:00:04,2026-10-05 04:35:04,85
hash_sha256,9658a7f443c53943fea55027529a8fab90cd2ef118dddd37ab08544997e64abc,malwarebazaar,Mirai,"elf,Mirai",2026-10-05 04:00:04,2026-10-05 04:35:04,85
hash_sha256,990fa84a88d86a9dac77882de2629849222c37d13b433ccce41bc6cf7780af6e,malwarebazaar,exe,exe,2026-10-05 04:00:04,2026-10-05 04:35:04,85
hash_sha256,998bed38abfa7e807bb2c8d0e0d54cb499c56f0583a99984ac24341b51c4d9e4,malwarebazaar,exe,"dropped-by-GCleaner,exe,s,soft",2026-10-05 04:00:04,2026-10-05 04:35:04,85
hash_sha256,999007612eae298f5067859228b69fdc75f9f640ffddc202ba70043a454d59a4,malwarebazaar,Mirai,elf,2026-10-05 04:00:04,2026-10-05 04:35:04,85
hash_sha256,9a1c175c7d56808a694be3939e0cf98d8097efd8f46f8fd317aa226171b5c9cd,malwarebazaar,exe,"A,dropped-by-GCleaner,exe,MIX7.file",2026-10-05 04:00:04,2026-10-05 04:35:04,85
hash_sha256,9c37802dffcb07416e5a206f28dc51fd5fe58c32602f1c840f8a969b3d37e4b5,malwarebazaar,Mirai,elf,2026-10-05 04:00:04,2026-10-05 04:35:04,85
hash_sha256,9e574846efe18dfcb63cba161c813f7ec36ebc2b67953467ee88c78f6a25f03e,malwarebazaar,exe,"54e64e,dropped-by-Amadey,exe",2026-10-05 04:00:04,2026-10-05 04:35:04,85
hash_sha256,9ea606cb554ea1f869dfd2c1f16fc63abd21275d2da7e7c2f8144d599523c671,malwarebazaar,Mirai,"arm,cowrie,elf,honeypot,Mirai",2026-10-05 04:00:04,2026-10-05 04:35:04,85
hash_sha256,9fc2368188b4ea8c90ae7d8e4803170d873279b93f74e16b4d2f24a9525421a8,malwarebazaar,dll,"dll,DLLhijack,hijack",2026-10-05 04:00:04,2026-10-05 04:35:04,85
hash_sha256,a1b9cf98985d4b1a3b571828bfec90ab03727a9c43f88adfe58d096dcb8ec568,malwarebazaar,Mirai,"elf,Mirai",2026-10-05 04:00:04,2026-10-05 04:35:04,85
hash_sha256,a3d907f9aa7274be1df21115544ca69ff0e52a1a8e94564c43636206873fe194,malwarebazaar,exe,exe,2026-10-05 04:00:04,2026-10-05 04:35:04,85
hash_sha256,a62ae903603179c7f3cca4548bd2b46fdb4e13b3896f1e9a529813e13601ef82,malwarebazaar,Mirai,"arm,cowrie,elf,honeypot,Mirai",2026-10-05 04:00:04,2026-10-05 04:35:04,85
hash_sha256,a7997215ca6cfe70aa70cdb4225abc514e650307e6f6e2cf48a565d7b11a56af,malwarebazaar,Mirai,"elf,Mirai",2026-10-05 04:00:04,2026-10-05 04:35:04,85
hash_sha256,aa1d28fa405d3e156ae2d26c531a7674f6697f80a905d0f40eb5f9a587c52fee,malwarebazaar,Mirai,elf,2026-10-05 04:00:04,2026-10-05 04:35:04,85
hash_sha256,abb2c49a2cd2138aa82e13c87dd5d9b2957afac56325df9b4bfe9f4be11d5d91,malwarebazaar,Mirai,"arm,cowrie,elf,honeypot,mirai,mozi,torii",2026-10-05 04:00:04,2026-10-05 04:35:04,85
hash_sha256,b126a5682d497b3f0c2c4d6c34c52091ed973e475ac7019f65f941d9690efe27,malwarebazaar,Mirai,"elf,Mirai",2026-10-05 04:00:04,2026-10-05 04:35:04,85
hash_sha256,b245f11b809777fea0b8ac29497a1e40bdeaeeb040676b1173f602ca7d7450fb,malwarebazaar,exe,"exe,signed",2026-10-05 04:00:04,2026-10-05 04:35:04,85
hash_sha256,b2caaa4db2b844eaaed289705e5efe889c05f45a212bfcc44d41bb39726cf0c0,malwarebazaar,Mirai,"arm,cowrie,elf,honeypot,Mirai",2026-10-05 04:00:04,2026-10-05 04:35:04,85
hash_sha256,b41d7edd26b0da6c49a42cdb903ff0a37402bd9927c8754a213dde55e3c847dc,malwarebazaar,Mirai,elf,2026-10-05 04:00:04,2026-10-05 04:35:04,85
hash_sha256,b514ef02be1382de0d19d02d937380c02e208d9ee8535d8535104dd34a842f0e,malwarebazaar,jar,jar,2026-10-05 04:00:04,2026-10-05 04:35:04,85
hash_sha256,b7689b12e1b94e628c8398ec86a6ad5ba564f107c5085464f3d03f408959545b,malwarebazaar,elf,elf,2026-10-05 04:00:04,2026-10-05 04:35:04,85
hash_sha256,b78c607e100e2851675e0b6b130d97109b2dfe7c0bf7c7bba861dd39ebb59040,malwarebazaar,Mirai,elf,2026-10-05 04:00:04,2026-10-05 04:35:04,85
hash_sha256,b99ecdfa0c2085444f78af7f6c5787466f1ce47b39258fd1730f4f0b0e1a0026,malwarebazaar,jar,jar,2026-10-05 04:00:04,2026-10-05 04:35:04,85
hash_sha256,ba5088e6fff5b63a2316fc273029bb651436be91618ba53425e24e23c798ab2a,malwarebazaar,Gh0stRAT,"exe,Gh0stRAT,SilverFox,ValleyRAT",2026-10-05 04:00:04,2026-10-05 04:35:04,85
hash_sha256,c072653018239d92e9cd55e62813d712dec27ebb0a4bf17cf0398fc5d5a905cf,malwarebazaar,Mirai,"elf,Mirai",2026-10-05 04:00:04,2026-10-05 04:35:04,85
hash_sha256,c34ebc389e99c4bfbddf726fc6f357aa625efb8afdf2abceef9454ab4026d687,malwarebazaar,zip,"Remus,RemusStealer,Stealer,zip",2026-10-05 04:00:04,2026-10-05 04:35:04,85
hash_sha256,c84014c84caa7ce08f31a0cd8c34707f19e0a81f517ba68a8bfe10a9c7d990d7,malwarebazaar,WannaCry,"dionaea,exe,WannaCry",2026-10-05 04:00:04,2026-10-05 04:35:04,85
hash_sha256,c8e0831ac41f27233f76ee11b3b27284be0c055c1598f5aaa644aea46cdd95b8,malwarebazaar,exe,"exe,signed",2026-10-05 04:00:04,2026-10-05 04:35:04,85
hash_sha256,cc16c460ded51ac533139917d16ef09eea894fd4058618c97d511de7722c460f,malwarebazaar,macho,"ClickFix,Foxveil,loader,Mach-O,macho,macOS",2026-10-05 04:00:04,2026-10-05 04:35:04,85
hash_sha256,cc4638f75f5d55aca03e3d3d3b9c571c0899def48cb95887a2dbb11574e02e1a,malwarebazaar,Mirai,"elf,Mirai",2026-10-05 04:00:04,2026-10-05 04:35:04,85
hash_sha256,ce93d122add841b2d48c2554309d9572247e362a0f868d7d5e61e741bbce176f,malwarebazaar,Mirai,"elf,Mirai",2026-10-05 04:00:04,2026-10-05 04:35:04,85
hash_sha256,cf68e31b765dca742813f6d799d42a3aa0f5db390dfb787239a5c50d127b9fa2,malwarebazaar,Mirai,"arm,cowrie,elf,honeypot,mirai,mozi",2026-10-05 04:00:04,2026-10-05 04:35:04,85
hash_sha256,d07b4210db5c2610daedc2831915af6c4e9f7966739ff789a0af2a18bb5dca66,malwarebazaar,Mirai,"elf,Mirai",2026-10-05 04:00:04,2026-10-05 04:35:04,85
hash_sha256,d2daf8a90587a500006b912584feb398977e0087cd8ada2a31a0ab2c5e52114c,malwarebazaar,Mirai,elf,2026-10-05 04:00:04,2026-10-05 04:35:04,85
hash_sha256,d5aa43a733cb278791a8f543bc5bac8d47bdee7e4a449c5d26297bcdb686ba4e,malwarebazaar,dll,"dll,DLLhijack,hijack",2026-10-05 04:00:04,2026-10-05 04:35:04,85
hash_sha256,d624722887c94f66e81a1f12bbb881baa2a95d31c346f3fae2f6dbb6b0fccaa9,malwarebazaar,elf,elf,2026-10-05 04:00:04,2026-10-05 04:35:04,85
hash_sha256,d9d6f4d04fb0f2e2d16bf729035b2eb3dc7d7a160eddf9b43b6d5c794e77e4d1,malwarebazaar,RemusStealer,"579cd0,dropped-by-Amadey,exe,RemusStealer",2026-10-05 04:00:04,2026-10-05 04:35:04,85
hash_sha256,da6a531b019998fd3e7340998e756ea9cf7ea6974f2df0770b67fed55bddedf8,malwarebazaar,Gafgyt,"elf,Gafgyt",2026-10-05 04:00:04,2026-10-05 04:35:04,85
hash_sha256,dbe19861490e9f9bdb39e7c35a2f09c9c67e8fb9c6343bc3937ef321388ba008,malwarebazaar,Mirai,"arm,cowrie,elf,honeypot,Mirai",2026-10-05 04:00:04,2026-10-05 04:35:04,85
hash_sha256,dc01fe12438a973d7288c5fa2704df06d92df1c7b60f98e26a13186396b6b6d5,malwarebazaar,Mirai,"elf,Mirai",2026-10-05 04:00:04,2026-10-05 04:35:04,85
hash_sha256,dd1add433ae0f8ea2e5706b8d61297637b4451e9ebd5c237702633d973c08724,malwarebazaar,jar,"jar,java,python,silentnet",2026-10-05 04:00:04,2026-10-05 04:35:04,85
hash_sha256,dec4b2e096681a91615dc9254c66ca1553db830acfb7524a9b6f1012e40e6489,malwarebazaar,jar,"jar,java,stealer",2026-10-05 04:00:04,2026-10-05 04:35:04,85
hash_sha256,e2546433e7d686414916ec02c249e99b2e57e10823c2ca8563e18ce46178a39b,malwarebazaar,Mirai,"elf,Mirai",2026-10-05 04:00:04,2026-10-05 04:35:04,85
hash_sha256,ead87b575e540b6f5d5757d1c8bda695fe67be92b17e252106651d750e4744e6,malwarebazaar,Mirai,"elf,Mirai",2026-10-05 04:00:04,2026-10-05 04:35:04,85
hash_sha256,ed07f823263ca2ffc386aec71230faea469ce8638b329176a02fe73952c78745,malwarebazaar,PythonStealer,"exe,PythonStealer",2026-10-05 04:00:04,2026-10-05 04:35:04,85
hash_sha256,eedc958f4c7862ef03e6d15e70ff7ad4ac34c4733a8cb3c8ceebcb68836d7b67,malwarebazaar,elf,elf,2026-10-05 04:00:04,2026-10-05 04:35:04,85
hash_sha256,eff3f4ab2ef40f7ab1f1740ad7c22556a403a7c126c93799c419997be74b6575,malwarebazaar,Mirai,"elf,Mirai",2026-10-05 04:00:04,2026-10-05 04:35:04,85
hash_sha256,f02c012b21fbd9aa636afc247ff6677a6e635845bb36ab4d1e0f1b404af27fa1,malwarebazaar,exe,exe,2026-10-05 04:00:04,2026-10-05 04:35:04,85
hash_sha256,f31ece43389d70c6351fa607e08e31a1e11f5d9d77968f4b515c833a1628973a,malwarebazaar,Gh0stRAT,"exe,Gh0stRAT,SilverFox,ValleyRAT",2026-10-05 04:00:04,2026-10-05 04:35:04,85
hash_sha256,f380544dc352ff8d00a9fa20722c12345241fd7c148b66cb8c0bb80f6917ccff,malwarebazaar,Mirai,"elf,Mirai",2026-10-05 04:00:04,2026-10-05 04:35:04,85
hash_sha256,f5a7d9d169aff0adc6b109a35c5ad7f0f2fce8ce1d4425daaa405507181048ef,malwarebazaar,Mirai,"elf,Mirai",2026-10-05 04:00:04,2026-10-05 04:35:04,85
hash_sha256,f5c8298c37963b6db62a60c2ff7cbd51d24fe2560c8d0db1386c53e8fe92db93,malwarebazaar,apk,"apk,zip",2026-10-05 04:00:04,2026-10-05 04:35:04,85
hash_sha256,f61318a710fa4fbd24b163df3a089bfcef25b04da61880e132064ec5c5d7ed5e,malwarebazaar,AgentTesla,"AgentTesla,js",2026-10-05 04:00:04,2026-10-05 04:35:04,85
hash_sha256,f6bf1b51a3526dfe3178b81b6670491e745dc499987a100ac942de895ed84a21,malwarebazaar,Mirai,"elf,Mirai",2026-10-05 04:00:04,2026-10-05 04:35:04,85
hash_sha256,f74135143232bc1ac7c8c33f3394d5ffde9bef4aa4c7f4c5ad20bcde9332f5e2,malwarebazaar,Mirai,"Mirai,sh,wraith",2026-10-05 04:00:04,2026-10-05 04:35:04,85
hash_sha256,f7a1fa3463a548743ef3748dad33f678356bd659405e4f412d85cdabb9929e45,malwarebazaar,Gafgyt,"elf,Gafgyt",2026-10-05 04:00:04,2026-10-05 04:35:04,85
hash_sha256,fb7460f1febcc0f1e96f2df6c4b940f3beac750ce8cd1f30f98086400fbbe20e,malwarebazaar,CoinMiner,"CoinMiner,exe,signed",2026-10-05 04:00:04,2026-10-05 04:35:04,85
url,http://101.108.0.157:36813/i,urlhaus,malware_download,mirai,2026-10-05 04:00:04,2026-10-05 04:35:04,85
url,http://101.51.52.106:56461/bin.sh,urlhaus,malware_download,mirai,2026-10-05 04:00:04,2026-10-05 04:35:04,85
url,http://103.111.23.12:36304/i,urlhaus,malware_download,mirai,2026-10-05 04:00:04,2026-10-05 04:35:04,85
url,http://103.172.186.194:48172/i,urlhaus,malware_download,mirai,2026-10-05 04:00:04,2026-10-05 04:35:04,85
url,http://105.184.91.81:58725/bin.sh,urlhaus,malware_download,"32-bit,arm,elf,mirai,Mozi",2026-10-05 04:00:04,2026-10-05 04:35:04,85
url,http://105.184.91.81:58725/i,urlhaus,malware_download,"32-bit,arm,elf,mirai,Mozi",2026-10-05 04:00:04,2026-10-05 04:35:04,85
url,http://105.187.32.246:34923/i,urlhaus,malware_download,mirai,2026-10-05 04:00:04,2026-10-05 04:35:04,85
url,http://105.226.7.80:56355/bin.sh,urlhaus,malware_download,"32-bit,arm,elf,mirai,Mozi",2026-10-05 04:00:04,2026-10-05 04:35:04,85
url,http://105.226.7.80:56355/i,urlhaus,malware_download,"32-bit,arm,elf,mirai,Mozi",2026-10-05 04:00:04,2026-10-05 04:35:04,85
url,http://112.195.117.249:45477/bin.sh,urlhaus,malware_download,mirai,2026-10-05 04:00:04,2026-10-05 04:35:04,85
url,http://112.195.117.249:45477/i,urlhaus,malware_download,mirai,2026-10-05 04:00:04,2026-10-05 04:35:04,85
url,http://112.198.238.30:51840/i,urlhaus,malware_download,mirai,2026-10-05 04:00:04,2026-10-05 04:35:04,85
url,http://112.225.105.182:38520/i,urlhaus,malware_download,mirai,2026-10-05 04:00:04,2026-10-05 04:35:04,85
url,http://112.239.103.3:32832/bin.sh,urlhaus,malware_download,,2026-10-05 04:00:04,2026-10-05 04:35:04,85
url,http://115.58.93.72:42874/bin.sh,urlhaus,malware_download,"32-bit,elf,mips,Mozi",2026-10-05 04:00:04,2026-10-05 04:35:04,85
url,http://115.63.8.6:42824/bin.sh,urlhaus,malware_download,Mozi,2026-10-05 04:00:04,2026-10-05 04:35:04,85
url,http://117.63.189.130:34671/bin.sh,urlhaus,malware_download,mirai,2026-10-05 04:00:04,2026-10-05 04:35:04,85
url,http://117.63.189.130:34671/i,urlhaus,malware_download,mirai,2026-10-05 04:00:04,2026-10-05 04:35:04,85
url,http://119.102.60.79:43236/i,urlhaus,malware_download,mirai,2026-10-05 04:00:04,2026-10-05 04:35:04,85
url,http://120.28.219.231:35445/bin.sh,urlhaus,malware_download,mirai,2026-10-05 04:00:04,2026-10-05 04:35:04,85
url,http://120.28.219.231:35445/i,urlhaus,malware_download,mirai,2026-10-05 04:00:04,2026-10-05 04:35:04,85
url,http://120.84.212.206:35060/i,urlhaus,malware_download,,2026-10-05 04:00:04,2026-10-05 04:35:04,85
url,http://120.84.212.89:44234/bin.sh,urlhaus,malware_download,,2026-10-05 04:00:04,2026-10-05 04:35:04,85
url,http://120.84.215.173:52695/i,urlhaus,malware_download,,2026-10-05 04:00:04,2026-10-05 04:35:04,85
url,http://123.12.241.56:49065/i,urlhaus,malware_download,Mozi,2026-10-05 04:00:04,2026-10-05 04:35:04,85
url,http://123.129.0.89:33171/bin.sh,urlhaus,malware_download,Mozi,2026-10-05 04:00:04,2026-10-05 04:35:04,85
url,http://123.129.0.89:33171/i,urlhaus,malware_download,Mozi,2026-10-05 04:00:04,2026-10-05 04:35:04,85
url,http://123.4.49.203:40713/bin.sh,urlhaus,malware_download,Mozi,2026-10-05 04:00:04,2026-10-05 04:35:04,85
url,http://125.41.2.124:60421/bin.sh,urlhaus,malware_download,,2026-10-05 04:00:04,2026-10-05 04:35:04,85
url,http://125.41.73.51:35908/bin.sh,urlhaus,malware_download,Mozi,2026-10-05 04:00:04,2026-10-05 04:35:04,85
url,http://125.43.227.97:55387/bin.sh,urlhaus,malware_download,Mozi,2026-10-05 04:00:04,2026-10-05 04:35:04,85
url,http://125.43.227.97:55387/i,urlhaus,malware_download,Mozi,2026-10-05 04:00:04,2026-10-05 04:35:04,85
url,http://14.145.162.180:39099/i,urlhaus,malware_download,,2026-10-05 04:00:04,2026-10-05 04:35:04,85
url,http://162.35.243.63/backup/winki.arm,urlhaus,malware_download,"elf,mirai",2026-10-05 04:00:04,2026-10-05 04:35:04,85
url,http://162.35.243.63/backup/winki.arm5,urlhaus,malware_download,"elf,mirai",2026-10-05 04:00:04,2026-10-05 04:35:04,85
url,http://162.35.243.63/backup/winki.arm6,urlhaus,malware_download,"elf,mirai",2026-10-05 04:00:04,2026-10-05 04:35:04,85
url,http://162.35.243.63/backup/winki.arm7,urlhaus,malware_download,"elf,mirai",2026-10-05 04:00:04,2026-10-05 04:35:04,85
url,http://162.35.243.63/backup/winki.m68k,urlhaus,malware_download,"elf,mirai",2026-10-05 04:00:04,2026-10-05 04:35:04,85
url,http://162.35.243.63/backup/winki.mips,urlhaus,malware_download,"elf,mirai",2026-10-05 04:00:04,2026-10-05 04:35:04,85
url,http://162.35.243.63/backup/winki.mpsl,urlhaus,malware_download,"elf,mirai",2026-10-05 04:00:04,2026-10-05 04:35:04,85
url,http://162.35.243.63/backup/winki.ppc,urlhaus,malware_download,"elf,mirai",2026-10-05 04:00:04,2026-10-05 04:35:04,85
url,http://162.35.243.63/backup/winki.sh4,urlhaus,malware_download,"elf,mirai",2026-10-05 04:00:04,2026-10-05 04:35:04,85
url,http://162.35.243.63/backup/winki.x86,urlhaus,malware_download,"elf,mirai",2026-10-05 04:00:04,2026-10-05 04:35:04,85
url,http://164.163.26.124:58478/i,urlhaus,malware_download,"arm,cowrie,elf,honeypot,mirai",2026-10-05 04:00:04,2026-10-05 04:35:04,85
url,http://170.238.123.134:54657/bin.sh,urlhaus,malware_download,mirai,2026-10-05 04:00:04,2026-10-05 04:35:04,85
url,http://170.238.123.134:54657/i,urlhaus,malware_download,mirai,2026-10-05 04:00:04,2026-10-05 04:35:04,85
url,http://175.147.231.120:48371/i,urlhaus,malware_download,,2026-10-05 04:00:04,2026-10-05 04:35:04,85
url,http://175.165.81.177:52365/bin.sh,urlhaus,malware_download,,2026-10-05 04:00:04,2026-10-05 04:35:04,85
url,http://175.165.87.240:33068/i,urlhaus,malware_download,"32-bit,elf,mips,Mozi",2026-10-05 04:00:04,2026-10-05 04:35:04,85
url,http://180.109.190.25:43441/bin.sh,urlhaus,malware_download,"32-bit,arm,elf,mirai,Mozi",2026-10-05 04:00:04,2026-10-05 04:35:04,85
url,http://180.109.190.25:43441/i,urlhaus,malware_download,"32-bit,arm,elf,mirai,Mozi",2026-10-05 04:00:04,2026-10-05 04:35:04,85
url,http://180.115.161.198:55704/i,urlhaus,malware_download,mirai,2026-10-05 04:00:04,2026-10-05 04:35:04,85
url,http://180.115.65.152:44326/i,urlhaus,malware_download,mirai,2026-10-05 04:00:04,2026-10-05 04:35:04,85
url,http://180.244.15.54:39118/bin.sh,urlhaus,malware_download,mirai,2026-10-05 04:00:04,2026-10-05 04:35:04,85
url,http://180.244.15.54:39118/i,urlhaus,malware_download,mirai,2026-10-05 04:00:04,2026-10-05 04:35:04,85
url,http://181.174.231.21:43610/i,urlhaus,malware_download,mirai,2026-10-05 04:00:04,2026-10-05 04:35:04,85
url,http://182.112.240.21:34953/bin.sh,urlhaus,malware_download,mirai,2026-10-05 04:00:04,2026-10-05 04:35:04,85
url,http://182.112.240.21:34953/i,urlhaus,malware_download,mirai,2026-10-05 04:00:04,2026-10-05 04:35:04,85
url,http://182.114.194.94:45506/bin.sh,urlhaus,malware_download,,2026-10-05 04:00:04,2026-10-05 04:35:04,85
url,http://182.114.194.94:45506/i,urlhaus,malware_download,,2026-10-05 04:00:04,2026-10-05 04:35:04,85
url,http://182.119.218.104:59628/bin.sh,urlhaus,malware_download,"32-bit,elf,mips,Mozi",2026-10-05 04:00:04,2026-10-05 04:35:04,85
url,http://185.214.17.203:34053/i,urlhaus,malware_download,,2026-10-05 04:00:04,2026-10-05 04:35:04,85
url,http://196.189.197.131:54397/i,urlhaus,malware_download,mirai,2026-10-05 04:00:04,2026-10-05 04:35:04,85
url,http://196.189.69.192:44839/bin.sh,urlhaus,malware_download,mirai,2026-10-05 04:00:04,2026-10-05 04:35:04,85
url,http://196.189.69.192:44839/i,urlhaus,malware_download,mirai,2026-10-05 04:00:04,2026-10-05 04:35:04,85
url,http://196.206.50.169:45158/i,urlhaus,malware_download,Mozi,2026-10-05 04:00:04,2026-10-05 04:35:04,85
url,http://210.208.111.220:41064/bin.sh,urlhaus,malware_download,mirai,2026-10-05 04:00:04,2026-10-05 04:35:04,85
url,http://210.208.111.220:41064/i,urlhaus,malware_download,mirai,2026-10-05 04:00:04,2026-10-05 04:35:04,85
url,http://219.156.112.194:48834/bin.sh,urlhaus,malware_download,Mozi,2026-10-05 04:00:04,2026-10-05 04:35:04,85
url,http://219.156.112.194:48834/i,urlhaus,malware_download,Mozi,2026-10-05 04:00:04,2026-10-05 04:35:04,85
url,http://219.157.3.237:45422/i,urlhaus,malware_download,Mozi,2026-10-05 04:00:04,2026-10-05 04:35:04,85
url,http://219.157.34.76:60173/bin.sh,urlhaus,malware_download,Mozi,2026-10-05 04:00:04,2026-10-05 04:35:04,85
url,http://220.201.18.96:45223/bin.sh,urlhaus,malware_download,,2026-10-05 04:00:04,2026-10-05 04:35:04,85
url,http://220.201.18.96:45223/i,urlhaus,malware_download,,2026-10-05 04:00:04,2026-10-05 04:35:04,85
url,http://222.127.73.15:55066/bin.sh,urlhaus,malware_download,mirai,2026-10-05 04:00:04,2026-10-05 04:35:04,85
url,http://222.127.73.15:55066/i,urlhaus,malware_download,,2026-10-05 04:00:04,2026-10-05 04:35:04,85
url,http://222.142.245.17:45606/i,urlhaus,malware_download,Mozi,2026-10-05 04:00:04,2026-10-05 04:35:04,85
url,http://27.215.89.229:55829/bin.sh,urlhaus,malware_download,"32-bit,arm,elf,mirai,Mozi",2026-10-05 04:00:04,2026-10-05 04:35:04,85
url,http://36.89.252.178:33229/i,urlhaus,malware_download,mirai,2026-10-05 04:00:04,2026-10-05 04:35:04,85
url,http://42.232.88.230:54336/bin.sh,urlhaus,malware_download,"32-bit,elf,mips,Mozi",2026-10-05 04:00:04,2026-10-05 04:35:04,85
url,http://42.52.142.115:57683/bin.sh,urlhaus,malware_download,,2026-10-05 04:00:04,2026-10-05 04:35:04,85
url,http://42.52.142.115:57683/i,urlhaus,malware_download,,2026-10-05 04:00:04,2026-10-05 04:35:04,85
url,http://42.59.237.14:57635/i,urlhaus,malware_download,,2026-10-05 04:00:04,2026-10-05 04:35:04,85
url,http://42.6.250.18:51339/bin.sh,urlhaus,malware_download,,2026-10-05 04:00:04,2026-10-05 04:35:04,85
url,http://42.6.79.147:59355/bin.sh,urlhaus,malware_download,,2026-10-05 04:00:04,2026-10-05 04:35:04,85
url,http://42.6.79.147:59355/i,urlhaus,malware_download,,2026-10-05 04:00:04,2026-10-05 04:35:04,85
url,http://42.85.218.119:46445/bin.sh,urlhaus,malware_download,,2026-10-05 04:00:04,2026-10-05 04:35:04,85
url,http://45.249.84.27:37225/bin.sh,urlhaus,malware_download,,2026-10-05 04:00:04,2026-10-05 04:35:04,85
url,http://46.252.33.253:34390/i,urlhaus,malware_download,mirai,2026-10-05 04:00:04,2026-10-05 04:35:04,85
url,http://59.180.146.15:40178/i,urlhaus,malware_download,Mozi,2026-10-05 04:00:04,2026-10-05 04:35:04,85
url,http://59.180.149.7:55956/i,urlhaus,malware_download,"32-bit,elf,mips,Mozi",2026-10-05 04:00:04,2026-10-05 04:35:04,85
url,http://59.97.250.28:53821/bin.sh,urlhaus,malware_download,Mozi,2026-10-05 04:00:04,2026-10-05 04:35:04,85
url,http://60.13.84.124:42261/i,urlhaus,malware_download,mirai,2026-10-05 04:00:04,2026-10-05 04:35:04,85
url,http://60.177.1.123:36365/bin.sh,urlhaus,malware_download,mirai,2026-10-05 04:00:04,2026-10-05 04:35:04,85
url,http://60.177.1.123:36365/i,urlhaus,malware_download,mirai,2026-10-05 04:00:04,2026-10-05 04:35:04,85
url,http://61.52.159.237:58508/bin.sh,urlhaus,malware_download,Mozi,2026-10-05 04:00:04,2026-10-05 04:35:04,85
url,http://61.52.89.191:41661/i,urlhaus,malware_download,,2026-10-05 04:00:04,2026-10-05 04:35:04,85
url,http://61.53.105.243:42311/i,urlhaus,malware_download,Mozi,2026-10-05 04:00:04,2026-10-05 04:35:04,85
url,http://61.53.205.39:35047/i,urlhaus,malware_download,Mozi,2026-10-05 04:00:04,2026-10-05 04:35:04,85
url,http://92.42.134.80:44309/bin.sh,urlhaus,malware_download,Mozi,2026-10-05 04:00:04,2026-10-05 04:35:04,85
