type,value,source,threat_type,tags,first_seen,last_seen,confidence
domain,0p1a6v5vih.workers.dev,threatfox,php.shin_webshell,"threatfox,Cloudflare,GIF,PHP,webshell,WordPress,workers.dev,wp-admin",2026-08-29 16:10:47,2026-08-30 16:23:27,85
domain,0u2eowjgwm.workers.dev,threatfox,php.shin_webshell,"threatfox,Cloudflare,GIF,PHP,webshell,WordPress,workers.dev,wp-admin",2026-08-30 04:06:42,2026-08-30 16:23:27,85
domain,161-35-173-98.sslip.io,threatfox,Cobalt Strike,"threatfox,CobaltStrike,drb-ra",2026-08-30 04:06:42,2026-08-30 16:23:27,85
domain,1jtxup9c.pura--boost.us,threatfox,ClearFake,"threatfox,ClearFake,mac-0x76c7,macos",2026-08-30 16:06:18,2026-08-30 16:23:27,85
domain,20kari.workers.dev,threatfox,php.shin_webshell,"threatfox,Cloudflare,GIF,PHP,webshell,WordPress,workers.dev,wp-admin",2026-08-29 16:10:47,2026-08-30 16:23:27,85
domain,2uehzspm.prosta-fense.org,threatfox,ClearFake,"threatfox,ClearFake,mac-0xdcf2,macos",2026-08-30 16:06:18,2026-08-30 16:23:27,85
domain,38lhdq9v9t.workers.dev,threatfox,php.shin_webshell,"threatfox,Cloudflare,GIF,PHP,webshell,WordPress,workers.dev,wp-admin",2026-08-30 04:06:42,2026-08-30 16:23:27,85
domain,3agcohuj.peaceinwarr.net,threatfox,ClearFake,"threatfox,ClearFake,mac-0xdcf2,macos",2026-08-30 04:06:42,2026-08-30 16:23:27,85
domain,3pynvhuk.ultralightlondon.uk,threatfox,ClearFake,"threatfox,ClearFake,mac-0x0f14,macos",2026-08-30 16:06:18,2026-08-30 16:23:27,85
domain,4013kimmy.workers.dev,threatfox,php.shin_webshell,"threatfox,Cloudflare,GIF,PHP,webshell,WordPress,workers.dev,wp-admin",2026-08-29 16:10:47,2026-08-30 16:23:27,85
domain,4151amalia.workers.dev,threatfox,php.shin_webshell,"threatfox,Cloudflare,GIF,PHP,webshell,WordPress,workers.dev,wp-admin",2026-08-29 16:10:47,2026-08-30 16:23:27,85
domain,48dodie.workers.dev,threatfox,php.shin_webshell,"threatfox,Cloudflare,GIF,PHP,webshell,WordPress,workers.dev,wp-admin",2026-08-30 16:06:18,2026-08-30 16:23:27,85
domain,4u4hidmw.shop-alphaboostpro.us,threatfox,ClearFake,"threatfox,ClearFake,mac-0x68dc,macos",2026-08-30 16:06:18,2026-08-30 16:23:27,85
domain,5462elka.workers.dev,threatfox,php.shin_webshell,"threatfox,Cloudflare,GIF,PHP,webshell,WordPress,workers.dev,wp-admin",2026-08-30 16:06:18,2026-08-30 16:23:27,85
domain,76fz7fl1.thegvgalleryco.com,threatfox,ClearFake,"threatfox,ClearFake,mac-0x76c7,macos",2026-08-30 16:06:18,2026-08-30 16:23:27,85
domain,7q9i0yalnt.workers.dev,threatfox,php.shin_webshell,"threatfox,Cloudflare,GIF,PHP,webshell,WordPress,workers.dev,wp-admin",2026-08-30 04:06:42,2026-08-30 16:23:27,85
domain,7ti.li,threatfox,ClearFake,"threatfox,29August2026,ClearFake,Commandline,DomainShadowing,Windows",2026-08-29 16:10:47,2026-08-30 16:23:27,85
domain,7ytwphx3.purabst.com,threatfox,ClearFake,"threatfox,ClearFake,mac-0x76c7,macos",2026-08-30 16:06:18,2026-08-30 16:23:27,85
domain,84pa4isp.retinaclearofficials.com,threatfox,ClearFake,"threatfox,ClearFake,mac-0x0f14,macos",2026-08-30 16:06:18,2026-08-30 16:23:27,85
domain,953sensible.workers.dev,threatfox,php.shin_webshell,"threatfox,Cloudflare,GIF,PHP,webshell,WordPress,workers.dev,wp-admin",2026-08-29 16:10:47,2026-08-30 16:23:27,85
domain,98candide.workers.dev,threatfox,php.shin_webshell,"threatfox,Cloudflare,GIF,PHP,webshell,WordPress,workers.dev,wp-admin",2026-08-30 04:06:42,2026-08-30 16:23:27,85
domain,ailenerobust.workers.dev,threatfox,php.shin_webshell,"threatfox,Cloudflare,GIF,PHP,webshell,WordPress,workers.dev,wp-admin",2026-08-30 04:06:42,2026-08-30 16:23:27,85
domain,ak1n41aj.berlinc.net,threatfox,ClearFake,"threatfox,ClearFake,mac-0x68dc,macos",2026-08-29 16:10:47,2026-08-30 16:23:27,85
domain,ambitious56.workers.dev,threatfox,php.shin_webshell,"threatfox,Cloudflare,GIF,PHP,webshell,WordPress,workers.dev,wp-admin",2026-08-29 16:10:47,2026-08-30 16:23:27,85
domain,api-configuard.com,threatfox,Unknown Loader,"threatfox,ComponentTask33,EtherHiding,MSI-loader,NodeJS-RAT,on-chain-c2,Polygon",2026-08-30 16:06:18,2026-08-30 16:23:27,85
domain,arohr77201.workers.dev,threatfox,php.shin_webshell,"threatfox,Cloudflare,GIF,PHP,webshell,WordPress,workers.dev,wp-admin",2026-08-30 04:06:42,2026-08-30 16:23:27,85
domain,baami.development.tee.education,threatfox,ClearFake,"threatfox,compromised,EtherHide",2026-08-30 04:06:42,2026-08-30 16:23:27,85
domain,bacujura.workers.dev,threatfox,php.shin_webshell,"threatfox,Cloudflare,GIF,PHP,webshell,WordPress,workers.dev,wp-admin",2026-08-29 16:10:47,2026-08-30 16:23:27,85
domain,bbxi4lykw4.workers.dev,threatfox,php.shin_webshell,"threatfox,Cloudflare,GIF,PHP,webshell,WordPress,workers.dev,wp-admin",2026-08-29 16:10:47,2026-08-30 16:23:27,85
domain,berlinc.net,threatfox,ClearFake,"threatfox,ClearFake",2026-08-29 16:10:47,2026-08-30 16:23:27,85
domain,bestcloudservicesupport.com,threatfox,ClearFake,"threatfox,ClearFake,ClickFix,EtherHiding",2026-08-30 04:06:42,2026-08-30 16:23:27,85
domain,bestguardservicesupport.com,threatfox,ClearFake,"threatfox,ClearFake,ClickFix,EtherHiding",2026-08-30 04:06:42,2026-08-30 16:23:27,85
domain,bigdealjournal.com,threatfox,ClearFake,"threatfox,ClearFake,ClickFix,EtherHiding",2026-08-30 04:06:42,2026-08-30 16:23:27,85
domain,biqyhiny.workers.dev,threatfox,php.shin_webshell,"threatfox,Cloudflare,GIF,PHP,webshell,WordPress,workers.dev,wp-admin",2026-08-30 16:06:18,2026-08-30 16:23:27,85
domain,biqyxihu.workers.dev,threatfox,php.shin_webshell,"threatfox,Cloudflare,GIF,PHP,webshell,WordPress,workers.dev,wp-admin",2026-08-30 04:06:42,2026-08-30 16:23:27,85
domain,bixaky.workers.dev,threatfox,php.shin_webshell,"threatfox,Cloudflare,GIF,PHP,webshell,WordPress,workers.dev,wp-admin",2026-08-30 16:06:18,2026-08-30 16:23:27,85
domain,bmrpo37305.workers.dev,threatfox,php.shin_webshell,"threatfox,Cloudflare,GIF,PHP,webshell,WordPress,workers.dev,wp-admin",2026-08-30 04:06:42,2026-08-30 16:23:27,85
domain,boqoca.workers.dev,threatfox,php.shin_webshell,"threatfox,Cloudflare,GIF,PHP,webshell,WordPress,workers.dev,wp-admin",2026-08-30 16:06:18,2026-08-30 16:23:27,85
domain,born-x-raised.us,threatfox,ClearFake,"threatfox,ClearFake",2026-08-29 16:10:47,2026-08-30 16:23:27,85
domain,bottegadesiresstore.com,threatfox,ClearFake,"threatfox,ClearFake",2026-08-29 16:10:47,2026-08-30 16:23:27,85
domain,boyenspray.arrow-it.dev,threatfox,ClearFake,"threatfox,compromised,EtherHide",2026-08-30 16:06:18,2026-08-30 16:23:27,85
domain,bubaqupu.workers.dev,threatfox,php.shin_webshell,"threatfox,Cloudflare,GIF,PHP,webshell,WordPress,workers.dev,wp-admin",2026-08-30 04:06:42,2026-08-30 16:23:27,85
domain,bufepy.workers.dev,threatfox,php.shin_webshell,"threatfox,Cloudflare,GIF,PHP,webshell,WordPress,workers.dev,wp-admin",2026-08-30 16:06:18,2026-08-30 16:23:27,85
domain,byrehu.workers.dev,threatfox,php.shin_webshell,"threatfox,Cloudflare,GIF,PHP,webshell,WordPress,workers.dev,wp-admin",2026-08-30 16:06:18,2026-08-30 16:23:27,85
domain,c75aknnyxf.workers.dev,threatfox,php.shin_webshell,"threatfox,Cloudflare,GIF,PHP,webshell,WordPress,workers.dev,wp-admin",2026-08-29 16:10:47,2026-08-30 16:23:27,85
domain,c82yhw7bs7.workers.dev,threatfox,php.shin_webshell,"threatfox,Cloudflare,GIF,PHP,webshell,WordPress,workers.dev,wp-admin",2026-08-30 04:06:42,2026-08-30 16:23:27,85
domain,calmriverflowing.top,threatfox,magecart,"threatfox,Magecart",2026-08-29 16:10:47,2026-08-30 16:23:27,85
domain,caroleparodi.com,threatfox,ClearFake,"threatfox,compromised,EtherHide",2026-08-29 16:10:47,2026-08-30 16:23:27,85
domain,ciqyzo.workers.dev,threatfox,php.shin_webshell,"threatfox,Cloudflare,GIF,PHP,webshell,WordPress,workers.dev,wp-admin",2026-08-30 16:06:18,2026-08-30 16:23:27,85
domain,cjbwc69441.workers.dev,threatfox,php.shin_webshell,"threatfox,Cloudflare,GIF,PHP,webshell,WordPress,workers.dev,wp-admin",2026-08-30 16:06:18,2026-08-30 16:23:27,85
domain,cmbhbf32su.workers.dev,threatfox,php.shin_webshell,"threatfox,Cloudflare,GIF,PHP,webshell,WordPress,workers.dev,wp-admin",2026-08-29 16:10:47,2026-08-30 16:23:27,85
domain,cudww89511.workers.dev,threatfox,php.shin_webshell,"threatfox,Cloudflare,GIF,PHP,webshell,WordPress,workers.dev,wp-admin",2026-08-30 16:06:18,2026-08-30 16:23:27,85
domain,curly7588.workers.dev,threatfox,php.shin_webshell,"threatfox,Cloudflare,GIF,PHP,webshell,WordPress,workers.dev,wp-admin",2026-08-30 16:06:18,2026-08-30 16:23:27,85
domain,cuzurejo.workers.dev,threatfox,php.shin_webshell,"threatfox,Cloudflare,GIF,PHP,webshell,WordPress,workers.dev,wp-admin",2026-08-30 16:06:18,2026-08-30 16:23:27,85
domain,cw5afior.satoshinakamotoco.com,threatfox,ClearFake,"threatfox,ClearFake,mac-0x76c7,macos",2026-08-30 04:06:42,2026-08-30 16:23:27,85
domain,cxgsu17653.workers.dev,threatfox,php.shin_webshell,"threatfox,Cloudflare,GIF,PHP,webshell,WordPress,workers.dev,wp-admin",2026-08-30 16:06:18,2026-08-30 16:23:27,85
domain,demahapa.workers.dev,threatfox,php.shin_webshell,"threatfox,Cloudflare,GIF,PHP,webshell,WordPress,workers.dev,wp-admin",2026-08-30 16:06:18,2026-08-30 16:23:27,85
domain,demuqyle.workers.dev,threatfox,php.shin_webshell,"threatfox,Cloudflare,GIF,PHP,webshell,WordPress,workers.dev,wp-admin",2026-08-30 16:06:18,2026-08-30 16:23:27,85
domain,dewocyki.workers.dev,threatfox,php.shin_webshell,"threatfox,Cloudflare,GIF,PHP,webshell,WordPress,workers.dev,wp-admin",2026-08-29 16:10:47,2026-08-30 16:23:27,85
domain,dgs6sfnxy1.workers.dev,threatfox,php.shin_webshell,"threatfox,Cloudflare,GIF,PHP,webshell,WordPress,workers.dev,wp-admin",2026-08-29 16:10:47,2026-08-30 16:23:27,85
domain,distrosummit.xyz,threatfox,Unknown Loader,"threatfox,OffLoader",2026-08-30 16:06:18,2026-08-30 16:23:27,85
domain,dorree8903.workers.dev,threatfox,php.shin_webshell,"threatfox,Cloudflare,GIF,PHP,webshell,WordPress,workers.dev,wp-admin",2026-08-29 16:10:47,2026-08-30 16:23:27,85
domain,doxise.workers.dev,threatfox,php.shin_webshell,"threatfox,Cloudflare,GIF,PHP,webshell,WordPress,workers.dev,wp-admin",2026-08-29 16:10:47,2026-08-30 16:23:27,85
domain,dozuvime.workers.dev,threatfox,php.shin_webshell,"threatfox,Cloudflare,GIF,PHP,webshell,WordPress,workers.dev,wp-admin",2026-08-29 16:10:47,2026-08-30 16:23:27,85
domain,dteug87599.workers.dev,threatfox,php.shin_webshell,"threatfox,Cloudflare,GIF,PHP,webshell,WordPress,workers.dev,wp-admin",2026-08-30 04:06:42,2026-08-30 16:23:27,85
domain,dutylama.workers.dev,threatfox,php.shin_webshell,"threatfox,Cloudflare,GIF,PHP,webshell,WordPress,workers.dev,wp-admin",2026-08-30 04:06:42,2026-08-30 16:23:27,85
domain,e5wy6a5o.oncloudllc.com.mx,threatfox,ClearFake,"threatfox,ClearFake,mac-0xdcf2,macos",2026-08-29 16:10:47,2026-08-30 16:23:27,85
domain,ekvm8w7naz.workers.dev,threatfox,php.shin_webshell,"threatfox,Cloudflare,GIF,PHP,webshell,WordPress,workers.dev,wp-admin",2026-08-29 16:10:47,2026-08-30 16:23:27,85
domain,eq7rkug7.shop-alphastreamplus.us,threatfox,ClearFake,"threatfox,ClearFake,mac-0x68dc,macos",2026-08-30 16:06:18,2026-08-30 16:23:27,85
domain,fish-planet.online,threatfox,ClearFake,"threatfox,ClearFake,ClickFix,ErrTraffic,EtherHiding",2026-08-29 16:10:47,2026-08-30 16:23:27,85
domain,flhq6iyb.neurowave.us,threatfox,ClearFake,"threatfox,ClearFake,mac-0x68dc,macos",2026-08-30 04:06:42,2026-08-30 16:23:27,85
domain,fmui74n9.bottegadesiresstore.com,threatfox,ClearFake,"threatfox,ClearFake,mac-0x68dc,macos",2026-08-29 16:10:47,2026-08-30 16:23:27,85
domain,forecast-chaos.com,threatfox,Unknown Loader,"threatfox,c2,gate,la02",2026-08-21 04:06:10,2026-08-30 16:23:27,85
domain,fppanzb0p4.workers.dev,threatfox,php.shin_webshell,"threatfox,Cloudflare,GIF,PHP,webshell,WordPress,workers.dev,wp-admin",2026-08-30 16:06:18,2026-08-30 16:23:27,85
domain,fvqyq70147.workers.dev,threatfox,php.shin_webshell,"threatfox,Cloudflare,GIF,PHP,webshell,WordPress,workers.dev,wp-admin",2026-08-29 16:10:47,2026-08-30 16:23:27,85
domain,gawipavy.workers.dev,threatfox,php.shin_webshell,"threatfox,Cloudflare,GIF,PHP,webshell,WordPress,workers.dev,wp-admin",2026-08-30 16:06:18,2026-08-30 16:23:27,85
domain,gebasaje.workers.dev,threatfox,php.shin_webshell,"threatfox,Cloudflare,GIF,PHP,webshell,WordPress,workers.dev,wp-admin",2026-08-30 16:06:18,2026-08-30 16:23:27,85
domain,gertrudachocolate.workers.dev,threatfox,php.shin_webshell,"threatfox,Cloudflare,GIF,PHP,webshell,WordPress,workers.dev,wp-admin",2026-08-30 04:06:42,2026-08-30 16:23:27,85
domain,getdsmmarketing.com,threatfox,ClearFake,"threatfox,29August2026,ClearFake,Commandline,MacOS",2026-08-29 16:10:47,2026-08-30 16:23:27,85
domain,gfzatydyf8.workers.dev,threatfox,php.shin_webshell,"threatfox,Cloudflare,GIF,PHP,webshell,WordPress,workers.dev,wp-admin",2026-08-30 16:06:18,2026-08-30 16:23:27,85
domain,gluccotrust--bites.com,threatfox,ClearFake,"threatfox,29August2026,ClearFake,Commandline,DomainShadowing,Windows",2026-08-28 16:06:18,2026-08-30 16:23:27,85
domain,glucotrust-bites.us.com,threatfox,ClearFake,"threatfox,30August2026,ClearFake,Commandline,DomainShadowing,Windows",2026-08-30 16:06:18,2026-08-30 16:23:27,85
domain,gmla8hmqnc.workers.dev,threatfox,php.shin_webshell,"threatfox,Cloudflare,GIF,PHP,webshell,WordPress,workers.dev,wp-admin",2026-08-30 16:06:18,2026-08-30 16:23:27,85
domain,gogetdsm.com,threatfox,ClearFake,"threatfox,ClearFake",2026-08-29 16:10:47,2026-08-30 16:23:27,85
domain,grace352.workers.dev,threatfox,php.shin_webshell,"threatfox,Cloudflare,GIF,PHP,webshell,WordPress,workers.dev,wp-admin",2026-08-29 16:10:47,2026-08-30 16:23:27,85
domain,gs870sms.nuerovera.com,threatfox,ClearFake,"threatfox,ClearFake,mac-0x68dc,macos",2026-08-30 04:06:42,2026-08-30 16:23:27,85
domain,gwshh85519.workers.dev,threatfox,php.shin_webshell,"threatfox,Cloudflare,GIF,PHP,webshell,WordPress,workers.dev,wp-admin",2026-08-30 04:06:42,2026-08-30 16:23:27,85
domain,gwtrading.ae,threatfox,ClearFake,"threatfox,compromised,EtherHide",2026-08-30 04:06:42,2026-08-30 16:23:27,85
domain,gyjuha.workers.dev,threatfox,php.shin_webshell,"threatfox,Cloudflare,GIF,PHP,webshell,WordPress,workers.dev,wp-admin",2026-08-30 04:06:42,2026-08-30 16:23:27,85
domain,hbiar54800.workers.dev,threatfox,php.shin_webshell,"threatfox,Cloudflare,GIF,PHP,webshell,WordPress,workers.dev,wp-admin",2026-08-30 04:06:42,2026-08-30 16:23:27,85
domain,hegitylo.workers.dev,threatfox,php.shin_webshell,"threatfox,Cloudflare,GIF,PHP,webshell,WordPress,workers.dev,wp-admin",2026-08-30 16:06:18,2026-08-30 16:23:27,85
domain,hemipaxo.workers.dev,threatfox,php.shin_webshell,"threatfox,Cloudflare,GIF,PHP,webshell,WordPress,workers.dev,wp-admin",2026-08-29 16:10:47,2026-08-30 16:23:27,85
domain,hendersonlawjax.net,threatfox,ClearFake,"threatfox,compromised,EtherHide",2026-08-30 16:06:18,2026-08-30 16:23:27,85
domain,himenuzi.workers.dev,threatfox,php.shin_webshell,"threatfox,Cloudflare,GIF,PHP,webshell,WordPress,workers.dev,wp-admin",2026-08-30 04:06:42,2026-08-30 16:23:27,85
domain,holuri.workers.dev,threatfox,php.shin_webshell,"threatfox,Cloudflare,GIF,PHP,webshell,WordPress,workers.dev,wp-admin",2026-08-30 04:06:42,2026-08-30 16:23:27,85
domain,hwxyl07635.workers.dev,threatfox,php.shin_webshell,"threatfox,Cloudflare,GIF,PHP,webshell,WordPress,workers.dev,wp-admin",2026-08-30 04:06:42,2026-08-30 16:23:27,85
domain,hyvugu.workers.dev,threatfox,php.shin_webshell,"threatfox,Cloudflare,GIF,PHP,webshell,WordPress,workers.dev,wp-admin",2026-08-30 04:06:42,2026-08-30 16:23:27,85
domain,icindh6d.saintvanityllc.com,threatfox,ClearFake,"threatfox,ClearFake,mac-0x76c7,macos",2026-08-30 04:06:42,2026-08-30 16:23:27,85
domain,injured304.workers.dev,threatfox,php.shin_webshell,"threatfox,Cloudflare,GIF,PHP,webshell,WordPress,workers.dev,wp-admin",2026-08-30 16:06:18,2026-08-30 16:23:27,85
domain,invisibleharrie.workers.dev,threatfox,php.shin_webshell,"threatfox,Cloudflare,GIF,PHP,webshell,WordPress,workers.dev,wp-admin",2026-08-29 16:10:47,2026-08-30 16:23:27,85
domain,jadedlondon.uk,threatfox,ClearFake,"threatfox,29August2026,ClearFake,Commandline,MacOS",2026-08-29 16:10:47,2026-08-30 16:23:27,85
domain,jbyn0h7d.shop-abundancegoddess.us,threatfox,ClearFake,"threatfox,ClearFake,mac-0x68dc,macos",2026-08-30 16:06:18,2026-08-30 16:23:27,85
domain,jficfycgrz.workers.dev,threatfox,php.shin_webshell,"threatfox,Cloudflare,GIF,PHP,webshell,WordPress,workers.dev,wp-admin",2026-08-30 16:06:18,2026-08-30 16:23:27,85
domain,jikiwesi.workers.dev,threatfox,php.shin_webshell,"threatfox,Cloudflare,GIF,PHP,webshell,WordPress,workers.dev,wp-admin",2026-08-29 16:10:47,2026-08-30 16:23:27,85
domain,jjqnwf6c.mertraa.org.uk,threatfox,ClearFake,"threatfox,ClearFake,mac-0x0f14,macos",2026-08-30 04:06:42,2026-08-30 16:23:27,85
domain,jrzan65776.workers.dev,threatfox,php.shin_webshell,"threatfox,Cloudflare,GIF,PHP,webshell,WordPress,workers.dev,wp-admin",2026-08-30 04:06:42,2026-08-30 16:23:27,85
domain,jyxali.workers.dev,threatfox,php.shin_webshell,"threatfox,Cloudflare,GIF,PHP,webshell,WordPress,workers.dev,wp-admin",2026-08-30 16:06:18,2026-08-30 16:23:27,85
domain,kdjik001.neuro-wave.us,threatfox,ClearFake,"threatfox,ClearFake,mac-0x68dc,macos",2026-08-29 16:10:47,2026-08-30 16:23:27,85
domain,kedide.workers.dev,threatfox,php.shin_webshell,"threatfox,Cloudflare,GIF,PHP,webshell,WordPress,workers.dev,wp-admin",2026-08-30 04:06:42,2026-08-30 16:23:27,85
domain,kekyhu.workers.dev,threatfox,php.shin_webshell,"threatfox,Cloudflare,GIF,PHP,webshell,WordPress,workers.dev,wp-admin",2026-08-30 04:06:42,2026-08-30 16:23:27,85
domain,kexelado.workers.dev,threatfox,php.shin_webshell,"threatfox,Cloudflare,GIF,PHP,webshell,WordPress,workers.dev,wp-admin",2026-08-30 04:06:42,2026-08-30 16:23:27,85
domain,ksqbbc27ir.workers.dev,threatfox,php.shin_webshell,"threatfox,Cloudflare,GIF,PHP,webshell,WordPress,workers.dev,wp-admin",2026-08-30 04:06:42,2026-08-30 16:23:27,85
domain,kuhekybi.workers.dev,threatfox,php.shin_webshell,"threatfox,Cloudflare,GIF,PHP,webshell,WordPress,workers.dev,wp-admin",2026-08-30 16:06:18,2026-08-30 16:23:27,85
domain,kusuhuti.workers.dev,threatfox,php.shin_webshell,"threatfox,Cloudflare,GIF,PHP,webshell,WordPress,workers.dev,wp-admin",2026-08-30 04:06:42,2026-08-30 16:23:27,85
domain,kylatyni.workers.dev,threatfox,php.shin_webshell,"threatfox,Cloudflare,GIF,PHP,webshell,WordPress,workers.dev,wp-admin",2026-08-29 16:10:47,2026-08-30 16:23:27,85
domain,laxmisynthetics.com,threatfox,ClearFake,"threatfox,compromised,EtherHide",2026-08-30 04:06:42,2026-08-30 16:23:27,85
domain,lbsa.nova-dev.ch,threatfox,ClearFake,"threatfox,compromised,EtherHide",2026-08-30 16:06:18,2026-08-30 16:23:27,85
domain,legexuca.workers.dev,threatfox,php.shin_webshell,"threatfox,Cloudflare,GIF,PHP,webshell,WordPress,workers.dev,wp-admin",2026-08-29 16:10:47,2026-08-30 16:23:27,85
domain,lesemi.workers.dev,threatfox,php.shin_webshell,"threatfox,Cloudflare,GIF,PHP,webshell,WordPress,workers.dev,wp-admin",2026-08-30 04:06:42,2026-08-30 16:23:27,85
domain,letygoji.workers.dev,threatfox,php.shin_webshell,"threatfox,Cloudflare,GIF,PHP,webshell,WordPress,workers.dev,wp-admin",2026-08-29 16:10:47,2026-08-30 16:23:27,85
domain,levakike.workers.dev,threatfox,php.shin_webshell,"threatfox,Cloudflare,GIF,PHP,webshell,WordPress,workers.dev,wp-admin",2026-08-29 16:10:47,2026-08-30 16:23:27,85
domain,levulibo.workers.dev,threatfox,php.shin_webshell,"threatfox,Cloudflare,GIF,PHP,webshell,WordPress,workers.dev,wp-admin",2026-08-30 16:06:18,2026-08-30 16:23:27,85
domain,linywahe.workers.dev,threatfox,php.shin_webshell,"threatfox,Cloudflare,GIF,PHP,webshell,WordPress,workers.dev,wp-admin",2026-08-29 16:10:47,2026-08-30 16:23:27,85
domain,ln20gg35dp.workers.dev,threatfox,php.shin_webshell,"threatfox,Cloudflare,GIF,PHP,webshell,WordPress,workers.dev,wp-admin",2026-08-30 16:06:18,2026-08-30 16:23:27,85
domain,log.afghankabobgrill.com,threatfox,ClearFake,"threatfox,ClearFake,ClickFix,ErrTraffic,EtherHiding",2026-08-30 16:06:18,2026-08-30 16:23:27,85
domain,lolykeco.workers.dev,threatfox,php.shin_webshell,"threatfox,Cloudflare,GIF,PHP,webshell,WordPress,workers.dev,wp-admin",2026-08-29 16:10:47,2026-08-30 16:23:27,85
domain,lubotoko.workers.dev,threatfox,php.shin_webshell,"threatfox,Cloudflare,GIF,PHP,webshell,WordPress,workers.dev,wp-admin",2026-08-29 16:10:47,2026-08-30 16:23:27,85
domain,luckywheels.world,threatfox,ClearFake,"threatfox,ClearFake,ClickFix,EtherHiding",2026-08-29 16:10:47,2026-08-30 16:23:27,85
domain,lufytiqi.workers.dev,threatfox,php.shin_webshell,"threatfox,Cloudflare,GIF,PHP,webshell,WordPress,workers.dev,wp-admin",2026-08-30 16:06:18,2026-08-30 16:23:27,85
domain,lulugyqi.workers.dev,threatfox,php.shin_webshell,"threatfox,Cloudflare,GIF,PHP,webshell,WordPress,workers.dev,wp-admin",2026-08-29 16:10:47,2026-08-30 16:23:27,85
domain,lyvoha.workers.dev,threatfox,php.shin_webshell,"threatfox,Cloudflare,GIF,PHP,webshell,WordPress,workers.dev,wp-admin",2026-08-30 16:06:18,2026-08-30 16:23:27,85
domain,lywixeha.workers.dev,threatfox,php.shin_webshell,"threatfox,Cloudflare,GIF,PHP,webshell,WordPress,workers.dev,wp-admin",2026-08-30 16:06:18,2026-08-30 16:23:27,85
domain,lyzazusu.workers.dev,threatfox,php.shin_webshell,"threatfox,Cloudflare,GIF,PHP,webshell,WordPress,workers.dev,wp-admin",2026-08-30 04:06:42,2026-08-30 16:23:27,85
domain,lzoao88779.workers.dev,threatfox,php.shin_webshell,"threatfox,Cloudflare,GIF,PHP,webshell,WordPress,workers.dev,wp-admin",2026-08-29 16:10:47,2026-08-30 16:23:27,85
domain,maritsaaqua.workers.dev,threatfox,php.shin_webshell,"threatfox,Cloudflare,GIF,PHP,webshell,WordPress,workers.dev,wp-admin",2026-08-29 16:10:47,2026-08-30 16:23:27,85
domain,mbond38982.workers.dev,threatfox,php.shin_webshell,"threatfox,Cloudflare,GIF,PHP,webshell,WordPress,workers.dev,wp-admin",2026-08-30 04:06:42,2026-08-30 16:23:27,85
domain,mdd0cs6ycy.workers.dev,threatfox,php.shin_webshell,"threatfox,Cloudflare,GIF,PHP,webshell,WordPress,workers.dev,wp-admin",2026-08-30 16:06:18,2026-08-30 16:23:27,85
domain,mertraa.org.uk,threatfox,ClearFake,"threatfox,29August2026,ClearFake,Commandline,MacOS",2026-08-30 04:06:42,2026-08-30 16:23:27,85
domain,mertre.net,threatfox,ClearFake,"threatfox,29August2026,ClearFake,Commandline,MacOS",2026-08-29 16:10:47,2026-08-30 16:23:27,85
domain,meta.study-run.xyz,threatfox,RevStealer,"threatfox,revstealer",2026-08-29 16:10:47,2026-08-30 16:23:27,85
domain,migelabu.workers.dev,threatfox,php.shin_webshell,"threatfox,Cloudflare,GIF,PHP,webshell,WordPress,workers.dev,wp-admin",2026-08-30 16:06:18,2026-08-30 16:23:27,85
domain,miwyti.workers.dev,threatfox,php.shin_webshell,"threatfox,Cloudflare,GIF,PHP,webshell,WordPress,workers.dev,wp-admin",2026-08-30 04:06:42,2026-08-30 16:23:27,85
domain,mkfbo763.jadedlondon.uk,threatfox,ClearFake,"threatfox,ClearFake,mac-0x0f14,macos",2026-08-29 16:10:47,2026-08-30 16:23:27,85
domain,mkvmd28439.workers.dev,threatfox,php.shin_webshell,"threatfox,Cloudflare,GIF,PHP,webshell,WordPress,workers.dev,wp-admin",2026-08-30 04:06:42,2026-08-30 16:23:27,85
domain,mo6zthwbal.workers.dev,threatfox,php.shin_webshell,"threatfox,Cloudflare,GIF,PHP,webshell,WordPress,workers.dev,wp-admin",2026-08-30 16:06:18,2026-08-30 16:23:27,85
domain,molylasu.workers.dev,threatfox,php.shin_webshell,"threatfox,Cloudflare,GIF,PHP,webshell,WordPress,workers.dev,wp-admin",2026-08-30 16:06:18,2026-08-30 16:23:27,85
domain,mqa24zcwc6.workers.dev,threatfox,php.shin_webshell,"threatfox,Cloudflare,GIF,PHP,webshell,WordPress,workers.dev,wp-admin",2026-08-30 04:06:42,2026-08-30 16:23:27,85
domain,muwlx00405.workers.dev,threatfox,php.shin_webshell,"threatfox,Cloudflare,GIF,PHP,webshell,WordPress,workers.dev,wp-admin",2026-08-29 16:10:47,2026-08-30 16:23:27,85
domain,mwr6ykxb.thegvgalleryy.com,threatfox,ClearFake,"threatfox,ClearFake,mac-0x0f14,macos",2026-08-30 04:06:42,2026-08-30 16:23:27,85
domain,n9tgy4rfiy.workers.dev,threatfox,php.shin_webshell,"threatfox,Cloudflare,GIF,PHP,webshell,WordPress,workers.dev,wp-admin",2026-08-30 04:06:42,2026-08-30 16:23:27,85
domain,neuro-wave.us,threatfox,ClearFake,"threatfox,ClearFake",2026-08-29 16:10:47,2026-08-30 16:23:27,85
domain,nexo3n5e.born-x-raised.us,threatfox,ClearFake,"threatfox,ClearFake,mac-0x68dc,macos",2026-08-29 16:10:47,2026-08-30 16:23:27,85
domain,nhq4h9ts.mertre.net,threatfox,ClearFake,"threatfox,ClearFake,mac-0x76c7,macos",2026-08-29 16:10:47,2026-08-30 16:23:27,85
domain,niwosatu.workers.dev,threatfox,php.shin_webshell,"threatfox,Cloudflare,GIF,PHP,webshell,WordPress,workers.dev,wp-admin",2026-08-30 16:06:18,2026-08-30 16:23:27,85
domain,nklav1nt.raspberryhillsco.net,threatfox,ClearFake,"threatfox,ClearFake,mac-0xdcf2,macos",2026-08-30 04:06:42,2026-08-30 16:23:27,85
domain,nolacu.workers.dev,threatfox,php.shin_webshell,"threatfox,Cloudflare,GIF,PHP,webshell,WordPress,workers.dev,wp-admin",2026-08-30 16:06:18,2026-08-30 16:23:27,85
domain,nomalipo.workers.dev,threatfox,php.shin_webshell,"threatfox,Cloudflare,GIF,PHP,webshell,WordPress,workers.dev,wp-admin",2026-08-30 04:06:42,2026-08-30 16:23:27,85
domain,nrgtg63932.workers.dev,threatfox,php.shin_webshell,"threatfox,Cloudflare,GIF,PHP,webshell,WordPress,workers.dev,wp-admin",2026-08-30 04:06:42,2026-08-30 16:23:27,85
domain,nuerovera.com,threatfox,ClearFake,"threatfox,ClearFake",2026-08-30 04:06:42,2026-08-30 16:23:27,85
domain,nugiwy.workers.dev,threatfox,php.shin_webshell,"threatfox,Cloudflare,GIF,PHP,webshell,WordPress,workers.dev,wp-admin",2026-08-30 04:06:42,2026-08-30 16:23:27,85
domain,nurosarp.com,threatfox,ClearFake,"threatfox,ClearFake",2026-08-30 04:06:42,2026-08-30 16:23:27,85
domain,nurve-alive.com,threatfox,ClearFake,"threatfox,ClearFake",2026-08-30 04:06:42,2026-08-30 16:23:27,85
domain,nynashanti.com,threatfox,ClearFake,"threatfox,compromised,EtherHide",2026-08-29 16:10:47,2026-08-30 16:23:27,85
domain,o98orlmh.nurosarp.com,threatfox,ClearFake,"threatfox,ClearFake,mac-0x68dc,macos",2026-08-30 04:06:42,2026-08-30 16:23:27,85
domain,oncloudllc.com.mx,threatfox,ClearFake,"threatfox,29August2026,ClearFake,Commandline,MacOS",2026-08-29 16:10:47,2026-08-30 16:23:27,85
domain,online-park.online,threatfox,ClearFake,"threatfox,ClearFake,ClickFix,ErrTraffic,EtherHiding",2026-08-29 16:10:47,2026-08-30 16:23:27,85
domain,osd9uavwa9.workers.dev,threatfox,php.shin_webshell,"threatfox,Cloudflare,GIF,PHP,webshell,WordPress,workers.dev,wp-admin",2026-08-30 04:06:42,2026-08-30 16:23:27,85
domain,ot1ewu6jyq.workers.dev,threatfox,php.shin_webshell,"threatfox,Cloudflare,GIF,PHP,webshell,WordPress,workers.dev,wp-admin",2026-08-30 04:06:42,2026-08-30 16:23:27,85
domain,oucloud.com.mx,threatfox,ClearFake,"threatfox,29August2026,ClearFake,Commandline,MacOS",2026-08-29 16:10:47,2026-08-30 16:23:27,85
domain,pamole.workers.dev,threatfox,php.shin_webshell,"threatfox,Cloudflare,GIF,PHP,webshell,WordPress,workers.dev,wp-admin",2026-08-30 16:06:18,2026-08-30 16:23:27,85
domain,pdrlxmneon.workers.dev,threatfox,php.shin_webshell,"threatfox,Cloudflare,GIF,PHP,webshell,WordPress,workers.dev,wp-admin",2026-08-30 16:06:18,2026-08-30 16:23:27,85
domain,peaceinwarr.net,threatfox,ClearFake,"threatfox,29August2026,ClearFake,Commandline,MacOS",2026-08-30 04:06:42,2026-08-30 16:23:27,85
domain,pfaz89ummq.workers.dev,threatfox,php.shin_webshell,"threatfox,Cloudflare,GIF,PHP,webshell,WordPress,workers.dev,wp-admin",2026-08-29 16:10:47,2026-08-30 16:23:27,85
domain,piomilokao.icu,threatfox,IClickFix,"threatfox,ClickFix",2026-08-29 16:10:47,2026-08-30 16:23:27,85
domain,piwola.workers.dev,threatfox,php.shin_webshell,"threatfox,Cloudflare,GIF,PHP,webshell,WordPress,workers.dev,wp-admin",2026-08-30 16:06:18,2026-08-30 16:23:27,85
domain,pm4y2dogij.workers.dev,threatfox,php.shin_webshell,"threatfox,Cloudflare,GIF,PHP,webshell,WordPress,workers.dev,wp-admin",2026-08-30 04:06:42,2026-08-30 16:23:27,85
domain,poqakybe.workers.dev,threatfox,php.shin_webshell,"threatfox,Cloudflare,GIF,PHP,webshell,WordPress,workers.dev,wp-admin",2026-08-30 16:06:18,2026-08-30 16:23:27,85
domain,portfolio-r211.alexandreguillet.fr,threatfox,ClearFake,"threatfox,compromised,EtherHide",2026-08-30 04:06:42,2026-08-30 16:23:27,85
domain,powulapi.workers.dev,threatfox,php.shin_webshell,"threatfox,Cloudflare,GIF,PHP,webshell,WordPress,workers.dev,wp-admin",2026-08-30 04:06:42,2026-08-30 16:23:27,85
domain,prosta-fense.org,threatfox,ClearFake,"threatfox,30August2026,ClearFake,Commandline,MacOS",2026-08-30 16:06:18,2026-08-30 16:23:27,85
domain,pt0h0z5vzo.workers.dev,threatfox,php.shin_webshell,"threatfox,Cloudflare,GIF,PHP,webshell,WordPress,workers.dev,wp-admin",2026-08-30 04:06:42,2026-08-30 16:23:27,85
domain,puemr96226.workers.dev,threatfox,php.shin_webshell,"threatfox,Cloudflare,GIF,PHP,webshell,WordPress,workers.dev,wp-admin",2026-08-30 04:06:42,2026-08-30 16:23:27,85
domain,pura--boost.us,threatfox,ClearFake,"threatfox,ClearFake",2026-08-30 16:06:18,2026-08-30 16:23:27,85
domain,purabst.com,threatfox,ClearFake,"threatfox,ClearFake",2026-08-30 16:06:18,2026-08-30 16:23:27,85
domain,qefepaky.workers.dev,threatfox,php.shin_webshell,"threatfox,Cloudflare,GIF,PHP,webshell,WordPress,workers.dev,wp-admin",2026-08-29 16:10:47,2026-08-30 16:23:27,85
domain,qmoz0g9m.werighteus.com,threatfox,ClearFake,"threatfox,ClearFake,mac-0x68dc,macos",2026-08-29 16:10:47,2026-08-30 16:23:27,85
domain,qobemyjo.workers.dev,threatfox,php.shin_webshell,"threatfox,Cloudflare,GIF,PHP,webshell,WordPress,workers.dev,wp-admin",2026-08-30 04:06:42,2026-08-30 16:23:27,85
domain,qpfql84049.workers.dev,threatfox,php.shin_webshell,"threatfox,Cloudflare,GIF,PHP,webshell,WordPress,workers.dev,wp-admin",2026-08-30 04:06:42,2026-08-30 16:23:27,85
domain,qs0sd7xjfm.workers.dev,threatfox,php.shin_webshell,"threatfox,Cloudflare,GIF,PHP,webshell,WordPress,workers.dev,wp-admin",2026-08-30 04:06:42,2026-08-30 16:23:27,85
domain,quy30mlr.shop-aeroslim.us,threatfox,ClearFake,"threatfox,ClearFake,mac-0x68dc,macos",2026-08-30 16:06:18,2026-08-30 16:23:27,85
domain,quzerydu.workers.dev,threatfox,php.shin_webshell,"threatfox,Cloudflare,GIF,PHP,webshell,WordPress,workers.dev,wp-admin",2026-08-30 16:06:18,2026-08-30 16:23:27,85
domain,qwxeh11866.workers.dev,threatfox,php.shin_webshell,"threatfox,Cloudflare,GIF,PHP,webshell,WordPress,workers.dev,wp-admin",2026-08-30 16:06:18,2026-08-30 16:23:27,85
domain,raspberryhillsco.net,threatfox,ClearFake,"threatfox,30August2026,ClearFake,Commandline,MacOS",2026-08-30 04:06:42,2026-08-30 16:23:27,85
domain,raspberryhillsshop.com,threatfox,ClearFake,"threatfox,30August2026,ClearFake,Commandline,MacOS",2026-08-30 16:06:18,2026-08-30 16:23:27,85
domain,retinaclearofficials.com,threatfox,ClearFake,"threatfox,30August2026,ClearFake,Commandline,MacOS",2026-08-30 16:06:18,2026-08-30 16:23:27,85
domain,rexilafu.workers.dev,threatfox,php.shin_webshell,"threatfox,Cloudflare,GIF,PHP,webshell,WordPress,workers.dev,wp-admin",2026-08-29 16:10:47,2026-08-30 16:23:27,85
domain,rm9jpaae.themertraa.com,threatfox,ClearFake,"threatfox,ClearFake,mac-0x0f14,macos",2026-08-30 04:06:42,2026-08-30 16:23:27,85
domain,rossinsuranceplans.com,threatfox,ClearFake,"threatfox,compromised,EtherHide",2026-08-30 04:06:42,2026-08-30 16:23:27,85
domain,round60.workers.dev,threatfox,php.shin_webshell,"threatfox,Cloudflare,GIF,PHP,webshell,WordPress,workers.dev,wp-admin",2026-08-30 04:06:42,2026-08-30 16:23:27,85
domain,rqytbre182.workers.dev,threatfox,php.shin_webshell,"threatfox,Cloudflare,GIF,PHP,webshell,WordPress,workers.dev,wp-admin",2026-08-30 04:06:42,2026-08-30 16:23:27,85
domain,rqz74grh.home-power-shield.com,threatfox,ClearFake,"threatfox,ClearFake,mac-0x0f14,macos",2026-08-29 16:10:47,2026-08-30 16:23:27,85
domain,ryqagywe.workers.dev,threatfox,php.shin_webshell,"threatfox,Cloudflare,GIF,PHP,webshell,WordPress,workers.dev,wp-admin",2026-08-30 16:06:18,2026-08-30 16:23:27,85
domain,ryzabymy.workers.dev,threatfox,php.shin_webshell,"threatfox,Cloudflare,GIF,PHP,webshell,WordPress,workers.dev,wp-admin",2026-08-30 04:06:42,2026-08-30 16:23:27,85
domain,s0bhultx.thirtyonehat.net,threatfox,ClearFake,"threatfox,ClearFake,mac-0x0f14,macos",2026-08-30 16:06:18,2026-08-30 16:23:27,85
domain,s95r07sbgv.workers.dev,threatfox,php.shin_webshell,"threatfox,Cloudflare,GIF,PHP,webshell,WordPress,workers.dev,wp-admin",2026-08-29 16:10:47,2026-08-30 16:23:27,85
domain,saintvanityllc.com,threatfox,ClearFake,"threatfox,ClearFake",2026-08-30 04:06:42,2026-08-30 16:23:27,85
domain,satoshinakamotoco.com,threatfox,ClearFake,"threatfox,30August2026,ClearFake,Commandline,MacOS",2026-08-30 04:06:42,2026-08-30 16:23:27,85
domain,sdxzz21626.workers.dev,threatfox,php.shin_webshell,"threatfox,Cloudflare,GIF,PHP,webshell,WordPress,workers.dev,wp-admin",2026-08-30 04:06:42,2026-08-30 16:23:27,85
domain,semuxo.workers.dev,threatfox,php.shin_webshell,"threatfox,Cloudflare,GIF,PHP,webshell,WordPress,workers.dev,wp-admin",2026-08-30 04:06:42,2026-08-30 16:23:27,85
domain,seo.mogacode.ma,threatfox,ClearFake,"threatfox,compromised,EtherHide",2026-08-30 04:06:42,2026-08-30 16:23:27,85
domain,shec1y17p3.workers.dev,threatfox,php.shin_webshell,"threatfox,Cloudflare,GIF,PHP,webshell,WordPress,workers.dev,wp-admin",2026-08-30 04:06:42,2026-08-30 16:23:27,85
domain,shift-api-control.com,threatfox,Unknown RAT,"threatfox,ComponentTask33,EtherHiding,MSI-loader,NodeJS-RAT,on-chain-c2,Polygon",2026-08-30 16:06:18,2026-08-30 16:23:27,85
domain,shop-abundancegoddess.us,threatfox,ClearFake,"threatfox,30August2026,ClearFake,Commandline,MacOS",2026-08-30 16:06:18,2026-08-30 16:23:27,85
domain,shop-aeroslim.us,threatfox,ClearFake,"threatfox,ClearFake",2026-08-30 16:06:18,2026-08-30 16:23:27,85
domain,shop-aizenpower.us,threatfox,ClearFake,"threatfox,ClearFake",2026-08-30 16:06:18,2026-08-30 16:23:27,85
domain,shop-alphaboostpro.us,threatfox,ClearFake,"threatfox,ClearFake",2026-08-30 16:06:18,2026-08-30 16:23:27,85
domain,shop-alphastreamplus.us,threatfox,ClearFake,"threatfox,ClearFake",2026-08-30 16:06:18,2026-08-30 16:23:27,85
domain,shop-alphasurge.us,threatfox,ClearFake,"threatfox,ClearFake",2026-08-30 16:06:18,2026-08-30 16:23:27,85
domain,significant615.workers.dev,threatfox,php.shin_webshell,"threatfox,Cloudflare,GIF,PHP,webshell,WordPress,workers.dev,wp-admin",2026-08-30 16:06:18,2026-08-30 16:23:27,85
domain,silver6749.workers.dev,threatfox,php.shin_webshell,"threatfox,Cloudflare,GIF,PHP,webshell,WordPress,workers.dev,wp-admin",2026-08-30 04:06:42,2026-08-30 16:23:27,85
domain,sitykyly.workers.dev,threatfox,php.shin_webshell,"threatfox,Cloudflare,GIF,PHP,webshell,WordPress,workers.dev,wp-admin",2026-08-30 16:06:18,2026-08-30 16:23:27,85
domain,sizype.workers.dev,threatfox,php.shin_webshell,"threatfox,Cloudflare,GIF,PHP,webshell,WordPress,workers.dev,wp-admin",2026-08-30 04:06:42,2026-08-30 16:23:27,85
domain,sjkdf91029.workers.dev,threatfox,php.shin_webshell,"threatfox,Cloudflare,GIF,PHP,webshell,WordPress,workers.dev,wp-admin",2026-08-30 04:06:42,2026-08-30 16:23:27,85
domain,skybap.shop,threatfox,ClearFake,"threatfox,compromised,EtherHide",2026-08-30 04:06:42,2026-08-30 16:23:27,85
domain,smtp.freshtlemanbarbershop.com,threatfox,Unknown malware,"threatfox,ClickFix,compromised",2026-08-30 16:06:18,2026-08-30 16:23:27,85
domain,sodyruzu.workers.dev,threatfox,php.shin_webshell,"threatfox,Cloudflare,GIF,PHP,webshell,WordPress,workers.dev,wp-admin",2026-08-29 16:10:47,2026-08-30 16:23:27,85
domain,sound-obstacle.com,threatfox,Unknown Loader,"threatfox,c2,gate,la02",2026-08-21 04:06:10,2026-08-30 16:23:27,85
domain,suhyjypy.workers.dev,threatfox,php.shin_webshell,"threatfox,Cloudflare,GIF,PHP,webshell,WordPress,workers.dev,wp-admin",2026-08-30 04:06:42,2026-08-30 16:23:27,85
domain,tappancsrendelo.hu,threatfox,ClearFake,"threatfox,compromised,EtherHide",2026-08-30 04:06:42,2026-08-30 16:23:27,85
domain,tbs46zz6.nurve-alive.com,threatfox,ClearFake,"threatfox,ClearFake,mac-0x68dc,macos",2026-08-30 04:06:42,2026-08-30 16:23:27,85
domain,thegvgalleryco.com,threatfox,ClearFake,"threatfox,ClearFake",2026-08-30 16:06:18,2026-08-30 16:23:27,85
domain,thegvgalleryy.com,threatfox,ClearFake,"threatfox,29August2026,ClearFake,Commandline,MacOS",2026-08-30 04:06:42,2026-08-30 16:23:27,85
domain,themertraa.com,threatfox,ClearFake,"threatfox,30August2026,ClearFake,Commandline,MacOS",2026-08-30 04:06:42,2026-08-30 16:23:27,85
domain,tin.tokyo77hit.com,threatfox,IClickFix,"threatfox,ClickFix",2026-08-29 16:10:47,2026-08-30 16:23:27,85
domain,tocawyso.workers.dev,threatfox,php.shin_webshell,"threatfox,Cloudflare,GIF,PHP,webshell,WordPress,workers.dev,wp-admin",2026-08-29 16:10:47,2026-08-30 16:23:27,85
domain,toruseli.workers.dev,threatfox,php.shin_webshell,"threatfox,Cloudflare,GIF,PHP,webshell,WordPress,workers.dev,wp-admin",2026-08-30 16:06:18,2026-08-30 16:23:27,85
domain,tuqewyla.workers.dev,threatfox,php.shin_webshell,"threatfox,Cloudflare,GIF,PHP,webshell,WordPress,workers.dev,wp-admin",2026-08-29 16:10:47,2026-08-30 16:23:27,85
domain,uehky4jw.prosta--fense.com,threatfox,ClearFake,"threatfox,ClearFake,mac-0xdcf2,macos",2026-08-30 16:06:18,2026-08-30 16:23:27,85
domain,ultralightlondon.uk,threatfox,ClearFake,"threatfox,30August2026,ClearFake,Commandline,MacOS",2026-08-30 16:06:18,2026-08-30 16:23:27,85
domain,uuvtq10338.workers.dev,threatfox,php.shin_webshell,"threatfox,Cloudflare,GIF,PHP,webshell,WordPress,workers.dev,wp-admin",2026-08-29 16:10:47,2026-08-30 16:23:27,85
domain,uylwd48175.workers.dev,threatfox,php.shin_webshell,"threatfox,Cloudflare,GIF,PHP,webshell,WordPress,workers.dev,wp-admin",2026-08-29 16:10:47,2026-08-30 16:23:27,85
domain,v9gh4nz9ty.workers.dev,threatfox,php.shin_webshell,"threatfox,Cloudflare,GIF,PHP,webshell,WordPress,workers.dev,wp-admin",2026-08-30 04:06:42,2026-08-30 16:23:27,85
domain,vailora231.life,threatfox,IClickFix,"threatfox,ClickFix",2026-08-29 16:10:47,2026-08-30 16:23:27,85
domain,vaxabaja.workers.dev,threatfox,php.shin_webshell,"threatfox,Cloudflare,GIF,PHP,webshell,WordPress,workers.dev,wp-admin",2026-08-30 04:06:42,2026-08-30 16:23:27,85
domain,vcabw71270.workers.dev,threatfox,php.shin_webshell,"threatfox,Cloudflare,GIF,PHP,webshell,WordPress,workers.dev,wp-admin",2026-08-30 04:06:42,2026-08-30 16:23:27,85
domain,volokyli.workers.dev,threatfox,php.shin_webshell,"threatfox,Cloudflare,GIF,PHP,webshell,WordPress,workers.dev,wp-admin",2026-08-29 16:10:47,2026-08-30 16:23:27,85
domain,vtfpy96040.workers.dev,threatfox,php.shin_webshell,"threatfox,Cloudflare,GIF,PHP,webshell,WordPress,workers.dev,wp-admin",2026-08-30 16:06:18,2026-08-30 16:23:27,85
domain,waducako.workers.dev,threatfox,php.shin_webshell,"threatfox,Cloudflare,GIF,PHP,webshell,WordPress,workers.dev,wp-admin",2026-08-30 16:06:18,2026-08-30 16:23:27,85
domain,wazabe.workers.dev,threatfox,php.shin_webshell,"threatfox,Cloudflare,GIF,PHP,webshell,WordPress,workers.dev,wp-admin",2026-08-30 16:06:18,2026-08-30 16:23:27,85
domain,wenoty.workers.dev,threatfox,php.shin_webshell,"threatfox,Cloudflare,GIF,PHP,webshell,WordPress,workers.dev,wp-admin",2026-08-30 04:06:42,2026-08-30 16:23:27,85
domain,werighteus.com,threatfox,ClearFake,"threatfox,ClearFake",2026-08-29 16:10:47,2026-08-30 16:23:27,85
domain,wizawytu.workers.dev,threatfox,php.shin_webshell,"threatfox,Cloudflare,GIF,PHP,webshell,WordPress,workers.dev,wp-admin",2026-08-30 04:06:42,2026-08-30 16:23:27,85
domain,wlwdk84865.workers.dev,threatfox,php.shin_webshell,"threatfox,Cloudflare,GIF,PHP,webshell,WordPress,workers.dev,wp-admin",2026-08-29 16:10:47,2026-08-30 16:23:27,85
domain,womose.workers.dev,threatfox,php.shin_webshell,"threatfox,Cloudflare,GIF,PHP,webshell,WordPress,workers.dev,wp-admin",2026-08-29 16:10:47,2026-08-30 16:23:27,85
domain,woodfield.global,threatfox,ClearFake,"threatfox,compromised,EtherHide",2026-08-30 16:06:18,2026-08-30 16:23:27,85
domain,www.breezdanubemaritimecity.com,threatfox,ClearFake,"threatfox,compromised,EtherHide",2026-08-29 16:10:47,2026-08-30 16:23:27,85
domain,www.demenagements-delage-perigueux.fr,threatfox,ClearFake,"threatfox,compromised,EtherHide",2026-08-30 04:06:42,2026-08-30 16:23:27,85
domain,www.hobbyegge.ch,threatfox,ClearFake,"threatfox,compromised,EtherHide",2026-08-29 16:10:47,2026-08-30 16:23:27,85
domain,www.kmag.it,threatfox,ClearFake,"threatfox,compromised,EtherHide",2026-08-30 04:06:42,2026-08-30 16:23:27,85
domain,xaucs09664.workers.dev,threatfox,php.shin_webshell,"threatfox,Cloudflare,GIF,PHP,webshell,WordPress,workers.dev,wp-admin",2026-08-29 16:10:47,2026-08-30 16:23:27,85
domain,xp0re0bg.oucloud.com.mx,threatfox,ClearFake,"threatfox,ClearFake,mac-0xdcf2,macos",2026-08-29 16:10:47,2026-08-30 16:23:27,85
domain,xuqyzy.workers.dev,threatfox,php.shin_webshell,"threatfox,Cloudflare,GIF,PHP,webshell,WordPress,workers.dev,wp-admin",2026-08-30 16:06:18,2026-08-30 16:23:27,85
domain,xutegaje.workers.dev,threatfox,php.shin_webshell,"threatfox,Cloudflare,GIF,PHP,webshell,WordPress,workers.dev,wp-admin",2026-08-30 16:06:18,2026-08-30 16:23:27,85
domain,xy08z5pm.shop-aizenpower.us,threatfox,ClearFake,"threatfox,ClearFake,mac-0x68dc,macos",2026-08-30 16:06:18,2026-08-30 16:23:27,85
domain,xylucyzo.workers.dev,threatfox,php.shin_webshell,"threatfox,Cloudflare,GIF,PHP,webshell,WordPress,workers.dev,wp-admin",2026-08-30 16:06:18,2026-08-30 16:23:27,85
domain,xyqulyme.workers.dev,threatfox,php.shin_webshell,"threatfox,Cloudflare,GIF,PHP,webshell,WordPress,workers.dev,wp-admin",2026-08-29 16:10:47,2026-08-30 16:23:27,85
domain,y63nxzlm5a.workers.dev,threatfox,php.shin_webshell,"threatfox,Cloudflare,GIF,PHP,webshell,WordPress,workers.dev,wp-admin",2026-08-30 04:06:42,2026-08-30 16:23:27,85
domain,yellingevey.workers.dev,threatfox,php.shin_webshell,"threatfox,Cloudflare,GIF,PHP,webshell,WordPress,workers.dev,wp-admin",2026-08-30 16:06:18,2026-08-30 16:23:27,85
domain,ymc04wy61g.workers.dev,threatfox,php.shin_webshell,"threatfox,Cloudflare,GIF,PHP,webshell,WordPress,workers.dev,wp-admin",2026-08-30 04:06:42,2026-08-30 16:23:27,85
domain,yvjqs79906.workers.dev,threatfox,php.shin_webshell,"threatfox,Cloudflare,GIF,PHP,webshell,WordPress,workers.dev,wp-admin",2026-08-30 16:06:18,2026-08-30 16:23:27,85
domain,yzcza03457.workers.dev,threatfox,php.shin_webshell,"threatfox,Cloudflare,GIF,PHP,webshell,WordPress,workers.dev,wp-admin",2026-08-30 16:06:18,2026-08-30 16:23:27,85
domain,z2svmka7bc.workers.dev,threatfox,php.shin_webshell,"threatfox,Cloudflare,GIF,PHP,webshell,WordPress,workers.dev,wp-admin",2026-08-29 16:10:47,2026-08-30 16:23:27,85
domain,zfpij29832.workers.dev,threatfox,php.shin_webshell,"threatfox,Cloudflare,GIF,PHP,webshell,WordPress,workers.dev,wp-admin",2026-08-30 04:06:42,2026-08-30 16:23:27,85
domain,zqnro91792.workers.dev,threatfox,php.shin_webshell,"threatfox,Cloudflare,GIF,PHP,webshell,WordPress,workers.dev,wp-admin",2026-08-30 16:06:18,2026-08-30 16:23:27,85
domain,ztsuw61048.workers.dev,threatfox,php.shin_webshell,"threatfox,Cloudflare,GIF,PHP,webshell,WordPress,workers.dev,wp-admin",2026-08-30 16:06:18,2026-08-30 16:23:27,85
domain,zyo61rgc.shop-alphasurge.us,threatfox,ClearFake,"threatfox,ClearFake,mac-0x68dc,macos",2026-08-30 16:06:18,2026-08-30 16:23:27,85
hash_md5,09b0a593b6fe9d1acd16b5b9cb7688f1,malwarebazaar,ValleyRAT,"Agent,exe,ValleyRAT",2026-08-30 16:00:10,2026-08-30 16:23:27,85
hash_md5,0aa1e2f4c34ad51ad2f949bfa4dd2a42,malwarebazaar,unknown,unknown,2026-08-30 16:00:11,2026-08-30 16:23:27,85
hash_md5,0b130d9fec6bb8f9b80b13e110d4e0b0,threatfox,Vidar,threatfox,2026-08-30 04:06:42,2026-08-30 16:23:27,85
hash_md5,0d6d964e76adcd72e43686dc5f1cf007,malwarebazaar,LxBaseRAT,"js,LxBaseRAT",2026-08-30 16:00:11,2026-08-30 16:23:27,85
hash_md5,11ab58bbdf0474b652a8d5ecc31b80f7,malwarebazaar,sh,sh,2026-08-30 16:00:11,2026-08-30 16:23:27,85
hash_md5,1429a33d9e139bb1ec306835d3e8962b,malwarebazaar,Mirai,"elf,Mirai",2026-08-30 16:00:11,2026-08-30 16:23:27,85
hash_md5,1512f535b046f74ebb5806e791d17feb,malwarebazaar,unknown,unknown,2026-08-30 16:00:11,2026-08-30 16:23:27,85
hash_md5,1669863056f80adfc063a285597e2176,malwarebazaar,exe,"exe,kryptik,loader,signed",2026-08-30 16:00:11,2026-08-30 16:23:27,85
hash_md5,16bb850b63a5a213fdde16b8df615577,malwarebazaar,Vidar,"exe,Vidar",2026-08-30 16:00:10,2026-08-30 16:23:27,85
hash_md5,17215f329a82dc861d38a154fd1f9737,malwarebazaar,exe,"exe,SilverFox,Trojan/SilverFox.bm[lddel],ValleyRAT",2026-08-30 16:00:11,2026-08-30 16:23:27,85
hash_md5,199bca966211523b1afb4c848736d9f6,malwarebazaar,exe,"exe,whack.sh",2026-08-30 16:00:10,2026-08-30 16:23:27,85
hash_md5,19bd38875edc2c743993bbbeda388d99,malwarebazaar,Vidar,"exe,Vidar,whack.sh",2026-08-30 16:00:11,2026-08-30 16:23:27,85
hash_md5,1a1f03223b947d4a15438380bdc20305,malwarebazaar,Mirai,"elf,Gafgyt,Mirai",2026-08-30 16:00:10,2026-08-30 16:23:27,85
hash_md5,1a2e1217916f44ee9efedf792b24e2c5,malwarebazaar,exe,"electron,exe,infostealer",2026-08-30 16:00:11,2026-08-30 16:23:27,85
hash_md5,1a4a50b06631ede6801b20aab6dfd0be,malwarebazaar,sh,sh,2026-08-30 16:00:10,2026-08-30 16:23:27,85
hash_md5,1cb7bf7a9fc836ff6bc4394251a482fa,malwarebazaar,Mirai,"elf,Mirai",2026-08-30 16:00:11,2026-08-30 16:23:27,85
hash_md5,1cf83a286d750299db45208647345fb3,malwarebazaar,Mirai,"elf,Mirai",2026-08-30 16:00:11,2026-08-30 16:23:27,85
hash_md5,1d0ff95cb95415545c61cf917b1d4e19,malwarebazaar,Mirai,"elf,Gafgyt,Mirai,upx-dec",2026-08-30 16:00:10,2026-08-30 16:23:27,85
hash_md5,213d3c201feb2d31d50d48fb74ad244b,malwarebazaar,exe,exe,2026-08-30 16:00:11,2026-08-30 16:23:27,85
hash_md5,240b461f6c9fc97a1b0d4790c2d2d761,malwarebazaar,Mirai,"elf,Mirai,upx-dec",2026-08-30 16:00:10,2026-08-30 16:23:27,85
hash_md5,266a5e6bf1bd3623136cd68c0909018f,malwarebazaar,Mirai,elf,2026-08-30 16:00:11,2026-08-30 16:23:27,85
hash_md5,2752685420861792688cc53b56b941e5,malwarebazaar,Mirai,"elf,Mirai",2026-08-30 16:00:11,2026-08-30 16:23:27,85
hash_md5,28318ef8d982d051f7ea8987ea303075,threatfox,ValleyRAT,threatfox,2026-08-30 04:06:42,2026-08-30 16:23:27,85
hash_md5,2d2a61f3410a381ac5955b13f1c5f88e,malwarebazaar,XWorm,"js,XWorm",2026-08-30 16:00:11,2026-08-30 16:23:27,85
hash_md5,2f7ab08de34e17d0b07be198bbd7201a,malwarebazaar,Mirai,sh,2026-08-30 16:00:11,2026-08-30 16:23:27,85
hash_md5,3058d8c2157d5fed07ae03c34c78db26,malwarebazaar,AsyncRAT,"AsyncRAT,js,RAT",2026-08-30 16:00:11,2026-08-30 16:23:27,85
hash_md5,399ee6caf5346fb336c549f4caa1b18d,malwarebazaar,ValleyRAT,"exe,SilverFox,Trojan/SilverFox.bm[lddel],ValleyRAT",2026-08-30 16:00:10,2026-08-30 16:23:27,85
hash_md5,3b43e1dbf884b681e7b7e327047f123a,malwarebazaar,RemusStealer,"dropped-by-GCleaner,exe,F,MIX7.file,RemusStealer",2026-08-30 16:00:10,2026-08-30 16:23:27,85
hash_md5,3b7d6aad81e883f1556f82c2b4806f8f,malwarebazaar,sh,sh,2026-08-30 16:00:11,2026-08-30 16:23:27,85
hash_md5,3c664529658121b8e6da7e537f11c8e6,malwarebazaar,Mirai,"elf,Mirai,upx-dec",2026-08-30 16:00:10,2026-08-30 16:23:27,85
hash_md5,3d01436a6121282e14bce052fce833ae,malwarebazaar,exe,"electron,exe,infostealer",2026-08-30 16:00:11,2026-08-30 16:23:27,85
hash_md5,3e83c0a793602921d8cff629cdfc16e3,malwarebazaar,sh,sh,2026-08-30 16:00:11,2026-08-30 16:23:27,85
hash_md5,3f6e7b54d68dc160aaccfd2e70db1d8b,malwarebazaar,AgentTesla,"AgentTesla,js",2026-08-30 16:00:11,2026-08-30 16:23:27,85
hash_md5,40191d34b6ee4c0f8f83366df5bfdd12,malwarebazaar,CoinMiner,"CoinMiner,exe",2026-08-30 16:00:11,2026-08-30 16:23:27,85
hash_md5,441ac11a4fc0ce826a8beb01aadb46de,malwarebazaar,sh,sh,2026-08-30 16:00:10,2026-08-30 16:23:27,85
hash_md5,446a02350f636a90556e6c91d8c40a5c,malwarebazaar,sh,sh,2026-08-30 16:00:10,2026-08-30 16:23:27,85
hash_md5,455bbc94bc64ec2526c061460df8ee44,malwarebazaar,Vidar,"exe,upx,Vidar,whack.sh",2026-08-30 16:00:10,2026-08-30 16:23:27,85
hash_md5,458b91f29707f5eaa5136bb0269eb2e0,malwarebazaar,sh,sh,2026-08-30 16:00:11,2026-08-30 16:23:27,85
hash_md5,45eca7259feb918c5f222695153dd4f7,malwarebazaar,Mirai,"elf,Mirai",2026-08-30 16:00:11,2026-08-30 16:23:27,85
hash_md5,465505307f151319961c60b30b0a96df,malwarebazaar,Mirai,"elf,Mirai",2026-08-30 16:00:10,2026-08-30 16:23:27,85
hash_md5,4ba1e8fe61c8eb9831bfcd4fd0e456f5,malwarebazaar,VIPKeylogger,"js,VIPKeylogger",2026-08-30 16:00:11,2026-08-30 16:23:27,85
hash_md5,4f98318176d4d85854fbedaf9c7247f3,malwarebazaar,Mirai,"elf,Mirai",2026-08-30 16:00:10,2026-08-30 16:23:27,85
hash_md5,51f59a59c7001da7561f659671e5037e,malwarebazaar,RemcosRAT,"js,RAT,RemcosRAT",2026-08-30 16:00:11,2026-08-30 16:23:27,85
hash_md5,524c817dd89d870f7237c4b87174956c,malwarebazaar,Vidar,exe,2026-08-30 16:00:11,2026-08-30 16:23:27,85
hash_md5,569f31b2695b280eb94cd6895e115f76,malwarebazaar,Mirai,"elf,Mirai",2026-08-30 16:00:10,2026-08-30 16:23:27,85
hash_md5,57d80cba964862b95ffd978543b7ff3e,malwarebazaar,Vidar,"exe,upx-dec,Vidar",2026-08-30 16:00:10,2026-08-30 16:23:27,85
hash_md5,59439c23384419e127dad64832d8205a,malwarebazaar,Mirai,"elf,Mirai",2026-08-30 16:00:11,2026-08-30 16:23:27,85
hash_md5,5b29ce458f156d47278b45e5c69ca46d,malwarebazaar,Mirai,"elf,Mirai",2026-08-30 16:00:11,2026-08-30 16:23:27,85
hash_md5,5c981e759a30fa667c63dbce2d698863,malwarebazaar,elf,elf,2026-08-30 16:00:11,2026-08-30 16:23:27,85
hash_md5,5cd653c945574301c94965ace31870c7,malwarebazaar,RemusStealer,"A,dropped-by-GCleaner,exe,MIX5.file,RemusStealer",2026-08-30 16:00:10,2026-08-30 16:23:27,85
hash_md5,61f484001b0fdee3fb05d94bebf473ce,malwarebazaar,exe,exe,2026-08-30 16:00:11,2026-08-30 16:23:27,85
hash_md5,63b3260d32639d6d85f6bc09bbef4478,malwarebazaar,sh,sh,2026-08-30 16:00:11,2026-08-30 16:23:27,85
hash_md5,63df9ebbbc1c02e602e4ba6326e43626,malwarebazaar,Vidar,"exe,Vidar,whack.sh",2026-08-30 16:00:10,2026-08-30 16:23:27,85
hash_md5,64c7c05604c9fc34501d363c7d9189c8,malwarebazaar,Mirai,"elf,Mirai",2026-08-30 16:00:11,2026-08-30 16:23:27,85
hash_md5,6709b58aa8497b541532e8dd1d3a2a53,malwarebazaar,sh,sh,2026-08-30 16:00:10,2026-08-30 16:23:27,85
hash_md5,68cd9bd4fc5d28a1f10af6b9a4e8544a,malwarebazaar,OverlordRAT,"dropped-by-StealC,exe,OverlordRAT,PG",2026-08-30 16:00:11,2026-08-30 16:23:27,85
hash_md5,70f6dff404b94d943db1514648700cfa,threatfox,WannaCryptor,threatfox,2026-08-30 16:06:18,2026-08-30 16:23:27,85
hash_md5,7399b202c9c2fe7479680505e1f55e89,threatfox,Vidar,threatfox,2026-08-30 04:06:42,2026-08-30 16:23:27,85
hash_md5,7a696652f57a09a79d2ae61e7abd2e18,malwarebazaar,Vidar,"exe,signed,Vidar",2026-08-30 16:00:10,2026-08-30 16:23:27,85
hash_md5,7b56e4a71d64fa5ef9753a20ad4312c9,malwarebazaar,sh,sh,2026-08-30 16:00:11,2026-08-30 16:23:27,85
hash_md5,7bfefd879a4cfd9f52f672b60958edf2,malwarebazaar,exe,exe,2026-08-30 16:00:11,2026-08-30 16:23:27,85
hash_md5,7d7fd1e5a3ef87809b2e82e000f835c7,threatfox,Coinminer,threatfox,2026-08-30 04:06:42,2026-08-30 16:23:27,85
hash_md5,7e03150e97b7d8e181ae4092c55b3b27,threatfox,Stealc,threatfox,2026-08-30 04:06:42,2026-08-30 16:23:27,85
hash_md5,7f00c49ff7d67b6fb5a050b4a448342d,malwarebazaar,Mirai,elf,2026-08-30 16:00:11,2026-08-30 16:23:27,85
hash_md5,8045cc8ddbe841fd56a011b586c7be2d,malwarebazaar,Mirai,"elf,Mirai",2026-08-30 16:00:11,2026-08-30 16:23:27,85
hash_md5,814bb7a5e807c6cc0eb26033cc580b3d,malwarebazaar,RemcosRAT,"js,RemcosRAT",2026-08-30 16:00:11,2026-08-30 16:23:27,85
hash_md5,81bf19eb29cb3a2e0678a92b3f042dc2,malwarebazaar,LxBaseRAT,"js,LxBaseRAT",2026-08-30 16:00:11,2026-08-30 16:23:27,85
hash_md5,859e6086ad54d9e3d2db73add94c3481,malwarebazaar,exe,exe,2026-08-30 16:00:11,2026-08-30 16:23:27,85
hash_md5,86c203113a7ed9d4479c5a4a276bfc6f,malwarebazaar,sh,sh,2026-08-30 16:00:11,2026-08-30 16:23:27,85
hash_md5,8b4b2bf97386cddd589d94cfecb91745,malwarebazaar,Mirai,"elf,Mirai",2026-08-30 16:00:11,2026-08-30 16:23:27,85
hash_md5,8bbbf6e8040d137c142bbf1775be770c,threatfox,Vidar,threatfox,2026-08-30 04:06:42,2026-08-30 16:23:27,85
hash_md5,8ded7b8f0ea329bbc46e4375bdd31058,malwarebazaar,exe,"9d2ca3,dropped-by-Amadey,exe,signed",2026-08-30 16:00:10,2026-08-30 16:23:27,85
hash_md5,8f69d5b23dae70fd194385c464dd8094,malwarebazaar,Vidar,exe,2026-08-30 16:00:11,2026-08-30 16:23:27,85
hash_md5,8fe6c4ef4fa50d4b3a65b4a46c3a4485,malwarebazaar,sh,sh,2026-08-30 16:00:10,2026-08-30 16:23:27,85
hash_md5,906df116fc8d72bee3cc1ef6e1df4e96,malwarebazaar,WannaCry,exe,2026-08-30 16:00:11,2026-08-30 16:23:27,85
hash_md5,936c04ad3c2cfc2f788a13be6856310a,malwarebazaar,Mirai,"elf,Mirai",2026-08-30 16:00:11,2026-08-30 16:23:27,85
hash_md5,93c1a550d79bb3289fe42e67db656e63,malwarebazaar,Mirai,"elf,Mirai",2026-08-30 16:00:11,2026-08-30 16:23:27,85
hash_md5,965751f7200e1560e640edc110159304,malwarebazaar,unknown,unknown,2026-08-30 16:00:11,2026-08-30 16:23:27,85
hash_md5,96fa0c7b1df732449a9abf294f95c0da,malwarebazaar,exe,exe,2026-08-30 16:00:11,2026-08-30 16:23:27,85
hash_md5,9852dbfd327e33d60b6a1610986b1fae,malwarebazaar,Vidar,"exe,signed,Vidar",2026-08-30 16:00:10,2026-08-30 16:23:27,85
hash_md5,992962b24d26e4cc004409a1af617477,malwarebazaar,sh,sh,2026-08-30 16:00:11,2026-08-30 16:23:27,85
hash_md5,995f2d10c00345269939d6d9142b6e2a,malwarebazaar,LxBaseRAT,"LxBaseRAT,vbs",2026-08-30 16:00:11,2026-08-30 16:23:27,85
hash_md5,996e9a0273c2c8150eb32d94523a203b,malwarebazaar,WannaCry,exe,2026-08-30 16:00:11,2026-08-30 16:23:27,85
hash_md5,99ad52820bd7ae090c578610e367fcdb,threatfox,Coinminer,threatfox,2026-08-30 16:06:18,2026-08-30 16:23:27,85
hash_md5,9cd66c1c5b9ac057e99273c3e40feae0,malwarebazaar,exe,exe,2026-08-30 16:00:11,2026-08-30 16:23:27,85
hash_md5,9d2d99fe30a0854e053305026cb5ec2e,malwarebazaar,sh,sh,2026-08-30 16:00:11,2026-08-30 16:23:27,85
hash_md5,9ef585d5b752d264b68a9b83108f6fc7,malwarebazaar,sh,"enthec,sh",2026-08-30 16:00:10,2026-08-30 16:23:27,85
hash_md5,a0781c8e76cd8e8de11ef40b80e70ca8,malwarebazaar,exe,"exe,SilverFox,Trojan/SilverFox.bm[lddel],ValleyRAT",2026-08-30 16:00:11,2026-08-30 16:23:27,85
hash_md5,a3ce8fa46a88f2657e231a424d631f4e,malwarebazaar,Formbook,"Formbook,js",2026-08-30 16:00:11,2026-08-30 16:23:27,85
hash_md5,a7b22afd97379eda4102283a9fbb7d72,malwarebazaar,Mirai,"elf,Mirai",2026-08-30 16:00:10,2026-08-30 16:23:27,85
hash_md5,a851613b01267acae86592e989323a27,malwarebazaar,Vidar,exe,2026-08-30 16:00:11,2026-08-30 16:23:27,85
hash_md5,ae3904373b89dd3fe267a069bdf29086,malwarebazaar,Vidar,"exe,signed,Vidar",2026-08-30 16:00:10,2026-08-30 16:23:27,85
hash_md5,aec03cbf458a0d461714de1f125ed2cd,malwarebazaar,Mirai,"elf,Mirai",2026-08-30 16:00:10,2026-08-30 16:23:27,85
hash_md5,af7de80c984bb88c324216f59e4d72f7,malwarebazaar,Mirai,"elf,Mirai",2026-08-30 16:00:11,2026-08-30 16:23:27,85
hash_md5,b01f960070375b1c2e183931bdaa4e20,malwarebazaar,Mirai,"elf,Mirai",2026-08-30 16:00:11,2026-08-30 16:23:27,85
hash_md5,b27e9b31fa4b3fd1204e8d42bbe5d5e0,malwarebazaar,Mirai,elf,2026-08-30 16:00:11,2026-08-30 16:23:27,85
hash_md5,b5d9fd6336baba6f81b995441d168c9c,malwarebazaar,ValleyRAT,"exe,SilverFox,Trojan/SilverFox.bm[lddel],ValleyRAT",2026-08-30 16:00:10,2026-08-30 16:23:27,85
hash_md5,bc88aa0102f995200d2c897015750a4b,malwarebazaar,Mirai,"elf,Mirai",2026-08-30 16:00:11,2026-08-30 16:23:27,85
hash_md5,bd60c2154efcdfeea2b5d469cfce67fe,malwarebazaar,Vidar,exe,2026-08-30 16:00:11,2026-08-30 16:23:27,85
hash_md5,bd83dcdb68506c526e384fefdbdb2258,malwarebazaar,sh,sh,2026-08-30 16:00:10,2026-08-30 16:23:27,85
hash_md5,bdd3c7a228005b6b008e22ce601231d0,malwarebazaar,Mirai,elf,2026-08-30 16:00:11,2026-08-30 16:23:27,85
hash_md5,c105511a1149ac1a4c8ba723f92fa969,malwarebazaar,Mirai,"elf,Mirai",2026-08-30 16:00:11,2026-08-30 16:23:27,85
hash_md5,c112bda5d161943e810c80733ab071a1,malwarebazaar,exe,exe,2026-08-30 16:00:11,2026-08-30 16:23:27,85
hash_md5,c3fb146a44516f025122c71348c36b0e,threatfox,Coinminer,threatfox,2026-08-30 04:06:42,2026-08-30 16:23:27,85
hash_md5,c41caeaf23c7ff101c1567c0ae04eb33,malwarebazaar,Mirai,"elf,Mirai,upx",2026-08-30 16:00:10,2026-08-30 16:23:27,85
hash_md5,c5c38ba91507353b7b68c0086fe53274,threatfox,Venus Stealer,threatfox,2026-08-30 04:06:42,2026-08-30 16:23:27,85
hash_md5,c5ed0f7b300f9313f4cd1f7704d2040d,malwarebazaar,unknown,unknown,2026-08-30 16:00:11,2026-08-30 16:23:27,85
hash_md5,c887c6f185b4ea679443fe7fead08d8d,malwarebazaar,CoinMiner,"CoinMiner,exe,whack.sh",2026-08-30 16:00:10,2026-08-30 16:23:27,85
hash_md5,c8da92edb37bacc5c28d62ccde18d486,malwarebazaar,exe,"exe,generic,shelma",2026-08-30 16:00:11,2026-08-30 16:23:27,85
hash_md5,ccf3a61a5ba7740ce679e62662d079e0,malwarebazaar,ValleyRAT,"exe,SilverFox,Trojan/SilverFox.bm[lddel],ValleyRAT",2026-08-30 16:00:10,2026-08-30 16:23:27,85
hash_md5,cda105699af64e0313b1b261b5a76201,malwarebazaar,exe,"electron,exe,infostealer",2026-08-30 16:00:11,2026-08-30 16:23:27,85
hash_md5,cff341ee40119e77b336bb8604bda2f0,malwarebazaar,sh,sh,2026-08-30 16:00:11,2026-08-30 16:23:27,85
hash_md5,d10eb1a3be0d69b0b5b461aef5bdf8f3,malwarebazaar,Mirai,elf,2026-08-30 16:00:11,2026-08-30 16:23:27,85
hash_md5,d3325613c53b7125d9afa2308c889c10,malwarebazaar,sh,"enthec,sh",2026-08-30 16:00:11,2026-08-30 16:23:27,85
hash_md5,d3f9bb207fc893621a7b4c70224846c2,malwarebazaar,XWorm,"js,XWorm",2026-08-30 16:00:11,2026-08-30 16:23:27,85
hash_md5,d6016c0b8acc0c4d73d27019ed290ba5,threatfox,ValleyRAT,threatfox,2026-08-30 04:06:42,2026-08-30 16:23:27,85
hash_md5,d6d649514152a3a2d20501b5b5b6ccc8,malwarebazaar,RemusStealer,"downloader,exe,kryptik,loader,remus,RemusStealer,signed",2026-08-30 16:00:11,2026-08-30 16:23:27,85
hash_md5,d7e5ff807aa9cc3cd44bb2b9b5f5ef52,malwarebazaar,RemcosRAT,"ps1,RAT,RemcosRAT",2026-08-30 16:00:11,2026-08-30 16:23:27,85
hash_md5,d9c681a726183af26a21128279ef0ced,threatfox,ValleyRAT,threatfox,2026-08-30 04:06:42,2026-08-30 16:23:27,85
hash_md5,db39691533a946b5c2740636a5edfbed,malwarebazaar,Mirai,"elf,Mirai",2026-08-30 16:00:11,2026-08-30 16:23:27,85
hash_md5,dc10e2048dd401aff79369fe53177c1c,malwarebazaar,Mirai,"elf,Mirai,upx",2026-08-30 16:00:10,2026-08-30 16:23:27,85
hash_md5,dc3b7ecca9c884315008e20e09423d73,malwarebazaar,Mirai,"elf,Mirai,upx",2026-08-30 16:00:10,2026-08-30 16:23:27,85
hash_md5,dd28970de54eeb665f261ee6c3fed448,malwarebazaar,unknown,unknown,2026-08-30 16:00:11,2026-08-30 16:23:27,85
hash_md5,df436f62af38b7a5bcd8a3368a9f110a,threatfox,Nanocore RAT,threatfox,2026-08-30 16:06:18,2026-08-30 16:23:27,85
hash_md5,e0da4ba819634d30c906bdaa24d1f86d,malwarebazaar,Mirai,elf,2026-08-30 16:00:11,2026-08-30 16:23:27,85
hash_md5,e3a42ef3e7734dfd14587428f8062912,malwarebazaar,exe,"agent,exe,kryptik,signed,trojanspy",2026-08-30 16:00:11,2026-08-30 16:23:27,85
hash_md5,e7905f19dc5cebd37e3f9e2f65368b04,threatfox,WannaCryptor,threatfox,2026-08-30 04:06:42,2026-08-30 16:23:27,85
hash_md5,e8cea65983043b646eeefcd79224fe0a,malwarebazaar,Vidar,"exe,Vidar",2026-08-30 16:00:10,2026-08-30 16:23:27,85
hash_md5,eb15b5d0fcaad1367ce5efbf9c89945f,malwarebazaar,LxBaseRAT,"js,LxBaseRAT",2026-08-30 16:00:11,2026-08-30 16:23:27,85
hash_md5,ebd567bb7953be5dd8be9b98ae39c031,malwarebazaar,XWorm,"js,XWorm",2026-08-30 16:00:11,2026-08-30 16:23:27,85
hash_md5,ee4106af451494aa325e7afd341ac97b,malwarebazaar,sh,sh,2026-08-30 16:00:10,2026-08-30 16:23:27,85
hash_md5,f6db29a1c53467f9d613666064785e98,threatfox,Quasar RAT,threatfox,2026-08-30 16:06:18,2026-08-30 16:23:27,85
hash_md5,f7ba0ec28af323301ec944a9ee6d8150,malwarebazaar,exe,"exe,malpack,packed,signed,themida",2026-08-30 16:00:11,2026-08-30 16:23:27,85
hash_md5,fb472c15a793251aeeb03b38bd4a678f,threatfox,Vidar,threatfox,2026-08-30 04:06:42,2026-08-30 16:23:27,85
hash_md5,fc8e8bedf8ccf62afab4def2513fc2c7,malwarebazaar,elf,elf,2026-08-30 16:00:11,2026-08-30 16:23:27,85
hash_md5,ffcf4bc663d58fb14bfe35b058ac5964,malwarebazaar,js,js,2026-08-30 16:00:11,2026-08-30 16:23:27,85
hash_md5,ffe5d2d0bca700059229eeafb2fdacb5,malwarebazaar,Mirai,"elf,Mirai",2026-08-30 16:00:10,2026-08-30 16:23:27,85
hash_sha256,0017821181723261801e24abb9d33c739f382889d46dbf46d320c87ac62e5ca6,malwarebazaar,Vidar,"exe,Vidar,whack.sh",2026-08-30 16:00:11,2026-08-30 16:23:27,85
hash_sha256,016b14a92b8563520582eefbe47b0b683570e9d289c4a1fdb5805bfba75f167b,malwarebazaar,exe,"exe,generic,shelma",2026-08-30 16:00:11,2026-08-30 16:23:27,85
hash_sha256,06ac3f97223310f9f49612d413a2b568457faee0ecb06cb73e6dde2e0bf4eeb1,malwarebazaar,VIPKeylogger,"js,VIPKeylogger",2026-08-30 16:00:11,2026-08-30 16:23:27,85
hash_sha256,076ee7017675a6a4fedb252e6106edb92d571f4d1f36c7b404ec8ebe3592dec2,malwarebazaar,Vidar,"exe,signed,Vidar",2026-08-30 16:00:10,2026-08-30 16:23:27,85
hash_sha256,0960a25a046f08f30489bce5f7cc6e83af9b21989f8e937c57722cafe00b2dca,threatfox,WannaCryptor,threatfox,2026-08-30 04:06:42,2026-08-30 16:23:27,85
hash_sha256,0970ea5b4f55b1cfee90c06e00ed48dbc861f5eac590b144d4a911b62942abbc,threatfox,Venus Stealer,threatfox,2026-08-30 04:06:42,2026-08-30 16:23:27,85
hash_sha256,0a3f82108ea0704c3cdf113434d5164eda5f4b59c1159cfe2625596b3d1995f7,malwarebazaar,Mirai,"elf,Mirai",2026-08-30 16:00:11,2026-08-30 16:23:27,85
hash_sha256,0c5a43a09933479366ed37cfe0eb036ac313677b227a82476f88664ffc1858e0,malwarebazaar,Mirai,"elf,Mirai",2026-08-30 16:00:10,2026-08-30 16:23:27,85
hash_sha256,0eaf2f048004562b6e8042b6d26406c5f0fdc1eb67de2ae2d997f13a46f90d41,malwarebazaar,Vidar,exe,2026-08-30 16:00:11,2026-08-30 16:23:27,85
hash_sha256,0f1af10b96c08c9aeecf28c2fa238542e667d218df65ce51701aaaeb7dcc75b1,threatfox,Vidar,threatfox,2026-08-30 04:06:42,2026-08-30 16:23:27,85
hash_sha256,0fc0551b41dbf8fabf65997dbc533afb0dcf5da6abe783898fd74fca01c32552,malwarebazaar,exe,"exe,SilverFox,Trojan/SilverFox.bm[lddel],ValleyRAT",2026-08-30 16:00:11,2026-08-30 16:23:27,85
hash_sha256,103d785f930e1c89f052187ec2b912a75b4ed00036abc568577def8a59906c63,malwarebazaar,sh,sh,2026-08-30 16:00:10,2026-08-30 16:23:27,85
hash_sha256,117dc9528d518447ab50ba8114b5a47fd06a7c251ade9e90162df66fcb7fd279,threatfox,Vidar,threatfox,2026-08-30 04:06:42,2026-08-30 16:23:27,85
hash_sha256,11ae2d71c9ccae0fa60dc80eedf85ebf784267c28ca42e9c14fffa06515e097a,threatfox,Coinminer,threatfox,2026-08-30 04:06:42,2026-08-30 16:23:27,85
hash_sha256,1261b3417dd4b8acc9fc1e8b7450ed1852e25f9a0be70a699dc5f0fc529fd95f,malwarebazaar,Mirai,elf,2026-08-30 16:00:11,2026-08-30 16:23:27,85
hash_sha256,12a56719352ae8b05f3bfb89a6fb3fa8ee72b09cc786d5c78db2a136dcbd6643,malwarebazaar,Mirai,"elf,Mirai",2026-08-30 16:00:11,2026-08-30 16:23:27,85
hash_sha256,130b71d63afd3eb728ff89a80ab09a23c9f4e6c0c17854c045f196925f4ac8e5,malwarebazaar,elf,elf,2026-08-30 16:00:11,2026-08-30 16:23:27,85
hash_sha256,1441e818c88002b585e4cadaca9a0ad3ac9de7623efc2c90660033f413472d55,malwarebazaar,Mirai,"elf,Mirai,upx",2026-08-30 16:00:10,2026-08-30 16:23:27,85
hash_sha256,145dc465efaf3cb040b4fdc344368579625b7cdae4d10a9513b2fa1745b4c362,malwarebazaar,ValleyRAT,"Agent,exe,ValleyRAT",2026-08-30 16:00:10,2026-08-30 16:23:27,85
hash_sha256,14c6f15776b5befb362dac716e911240702dc223727ae798688c33aa145fdb0d,malwarebazaar,ValleyRAT,"exe,SilverFox,Trojan/SilverFox.bm[lddel],ValleyRAT",2026-08-30 16:00:10,2026-08-30 16:23:27,85
hash_sha256,19818f6ae80a2ff364ef932c6ac440300f1228b4f9c596160e76c35d7ade04a9,malwarebazaar,sh,sh,2026-08-30 16:00:10,2026-08-30 16:23:27,85
hash_sha256,1a71cf44e6bf88acc3009341875a6ac584f70f1d8f02517ad08090b6d9c94f84,threatfox,ValleyRAT,threatfox,2026-08-30 04:06:42,2026-08-30 16:23:27,85
hash_sha256,1c250ac3db43c8379591c0a1e8e428b972c1adda38eec2fb46376fb905e0a5e1,threatfox,Nanocore RAT,threatfox,2026-08-30 16:06:18,2026-08-30 16:23:27,85
hash_sha256,2186b0cce5a1319c584e4e5ae87ead4b8c3feac5b7aa80e6f0f4192d8167118a,malwarebazaar,Mirai,"elf,Mirai",2026-08-30 16:00:10,2026-08-30 16:23:27,85
hash_sha256,21a77c45f2a7f0b99578c8dcca319fbbe3c8788645575dcde86f9048b1a68ab5,malwarebazaar,Vidar,"exe,Vidar",2026-08-30 16:00:10,2026-08-30 16:23:27,85
hash_sha256,22c9c1e2f9d52fee918155e777686ba2f0c6fbd90e581832278af5d4de746dea,malwarebazaar,exe,exe,2026-08-30 16:00:11,2026-08-30 16:23:27,85
hash_sha256,298280df1a0ea3328171fe64a02036349a4196d0fc8064a2a18a52d999230c34,malwarebazaar,sh,sh,2026-08-30 16:00:11,2026-08-30 16:23:27,85
hash_sha256,29b26b31dd8eba6e251f1c0aeee4a2ec905352409df387369e546a7390661383,malwarebazaar,exe,"electron,exe,infostealer",2026-08-30 16:00:11,2026-08-30 16:23:27,85
hash_sha256,2a8b70cecbf1a9970cc8b0f2e2f8d0b2b13d7b05e4ee12cb23cf50d236166049,malwarebazaar,Vidar,"exe,upx-dec,Vidar",2026-08-30 16:00:10,2026-08-30 16:23:27,85
hash_sha256,2cfe4671632de9d75d74256f32c571dc2bc4ad267273f12d5dc4ce787514e71c,malwarebazaar,unknown,unknown,2026-08-30 16:00:11,2026-08-30 16:23:27,85
hash_sha256,2e6d42ec2312a5df0ef24d3bec6b5dfb29627c8a8073be2edd6facea2ac96ab8,malwarebazaar,Vidar,exe,2026-08-30 16:00:11,2026-08-30 16:23:27,85
hash_sha256,30550319146db843b5987e3bd4f3befcd5dd77ec3f24862db2d0703f5998667c,threatfox,ValleyRAT,threatfox,2026-08-30 04:06:42,2026-08-30 16:23:27,85
hash_sha256,32b593dd5e6414c023743372f2eaaccdc44b42ddf25d07ef7b502cb44e17dd96,malwarebazaar,exe,"exe,malpack,packed,signed,themida",2026-08-30 16:00:11,2026-08-30 16:23:27,85
hash_sha256,32c87d6a1bd9fd87e9ea33bcd6d41ecc8145741b718bd11ce97bd38a0d54d0c4,malwarebazaar,Mirai,"elf,Mirai",2026-08-30 16:00:11,2026-08-30 16:23:27,85
hash_sha256,341ee17d0c92698c2b5d1c0a485a4fe98eb08795c3e2593b065d8234b3eb39b9,malwarebazaar,sh,sh,2026-08-30 16:00:10,2026-08-30 16:23:27,85
hash_sha256,35729a5f8482fe6f9f20761c788a4a5384480a08424567414e92b8e9fa53eb33,malwarebazaar,Mirai,"elf,Mirai",2026-08-30 16:00:11,2026-08-30 16:23:27,85
hash_sha256,38952c140b05451a10960f3d39d9178ecf79752159431c9a83a44ef1a6ce6603,malwarebazaar,Mirai,"elf,Gafgyt,Mirai,upx-dec",2026-08-30 16:00:10,2026-08-30 16:23:27,85
hash_sha256,3d8eb5e65e545ab963c5c05b12c79c68f1b43ef0f7da69ddf25b476cdeff847c,malwarebazaar,LxBaseRAT,"js,LxBaseRAT",2026-08-30 16:00:11,2026-08-30 16:23:27,85
hash_sha256,41ea1cc197b81961fc73fe115090e7a53231b0d1f2053b0081fab30c048c3ce9,malwarebazaar,exe,"agent,exe,kryptik,signed,trojanspy",2026-08-30 16:00:11,2026-08-30 16:23:27,85
hash_sha256,44fbba738f24e417236317f4efd260be890bcc745d6d9919a91b7015f84c402f,malwarebazaar,RemusStealer,"downloader,exe,kryptik,loader,remus,RemusStealer,signed",2026-08-30 16:00:11,2026-08-30 16:23:27,85
hash_sha256,467f05146fe436e7ddbcd7a1469fadb4ec25056dbd12b87caeaf229ed9ad703f,malwarebazaar,exe,"exe,kryptik,loader,signed",2026-08-30 16:00:11,2026-08-30 16:23:27,85
hash_sha256,4846a68277b08889100250dee63aec94a022192f722470dead8ca6d63113c98d,malwarebazaar,exe,exe,2026-08-30 16:00:11,2026-08-30 16:23:27,85
hash_sha256,487802cb1226d9afd9eb0baa8672aca2cbab93ed612131eb4a9daf2a1fea5baf,malwarebazaar,Mirai,"elf,Mirai",2026-08-30 16:00:10,2026-08-30 16:23:27,85
hash_sha256,4a67dfaa95b3b6459a113b23257e43d6d94496727aba028a7008ad026df2f993,malwarebazaar,sh,sh,2026-08-30 16:00:10,2026-08-30 16:23:27,85
hash_sha256,4afdc9fdaf64c23867e0a7eca154cf27e3aae71945f22b279cce24e8d9b05965,malwarebazaar,exe,"electron,exe,infostealer",2026-08-30 16:00:11,2026-08-30 16:23:27,85
hash_sha256,4cebb8127ff12c49fa1663f9ae0e913414b651cdad642dfe188e3ed94eb145ec,malwarebazaar,ValleyRAT,"exe,SilverFox,Trojan/SilverFox.bm[lddel],ValleyRAT",2026-08-30 16:00:10,2026-08-30 16:23:27,85
hash_sha256,4dc581d0962a65ca6570184cc0586efaaa4a3e4afd0c7caf148b3901375dc8fd,malwarebazaar,exe,exe,2026-08-30 16:00:11,2026-08-30 16:23:27,85
hash_sha256,4ec89628125884c7d789399c5983e84bc3c986c7c19b1d9879d969cb238da224,malwarebazaar,Mirai,elf,2026-08-30 16:00:11,2026-08-30 16:23:27,85
hash_sha256,4ff5fe4e66d8f65cdfc2a3b16720cdbd3f7908fc7d861b8810293703aa61c0be,malwarebazaar,Vidar,"exe,upx,Vidar,whack.sh",2026-08-30 16:00:10,2026-08-30 16:23:27,85
hash_sha256,507bbce068c50bc2e2c3907debe65c3bf974ac1c2ace16d15c952bd3a72c15f2,threatfox,WannaCryptor,threatfox,2026-08-30 16:06:18,2026-08-30 16:23:27,85
hash_sha256,51232e0559a1720f4336a5c3791784e6a6caf5b0664c6a2b09bbbdfdd18beff5,malwarebazaar,unknown,unknown,2026-08-30 16:00:11,2026-08-30 16:23:27,85
hash_sha256,530ffa4ed78d02ec7390386c53c79bec5ef1d6583420f4c19279e317ae37a461,malwarebazaar,Mirai,"elf,Mirai",2026-08-30 16:00:11,2026-08-30 16:23:27,85
hash_sha256,5337398e04073ba331d6e766627f665c046df2bb37052a833cd0fff9a212400f,malwarebazaar,Mirai,"elf,Mirai,upx",2026-08-30 16:00:10,2026-08-30 16:23:27,85
hash_sha256,5aaa6e61e77a0ae5c2e0909dc4b33ffe42be36a9caa0b23c69f94bd17c8e9a9a,malwarebazaar,Mirai,"elf,Mirai",2026-08-30 16:00:10,2026-08-30 16:23:27,85
hash_sha256,5b8843fcf28dc1e64995d44120ad96843b524986bef01c151a4ced8f00d954a7,malwarebazaar,XWorm,"js,XWorm",2026-08-30 16:00:11,2026-08-30 16:23:27,85
hash_sha256,5e7d50d9ba94a6c139278449213729ca6a1d8af3ede2480c0dd3d20814e6e151,malwarebazaar,RemcosRAT,"js,RAT,RemcosRAT",2026-08-30 16:00:11,2026-08-30 16:23:27,85
hash_sha256,5f46912b31292c2fe48377267c5d03294b7885d5dfb3878b92a8fe34a93fd7ba,malwarebazaar,sh,sh,2026-08-30 16:00:11,2026-08-30 16:23:27,85
hash_sha256,63fac7a61eddee415e9d405258271acac654485b2233a5decea6eee736c4f6a2,malwarebazaar,exe,exe,2026-08-30 16:00:11,2026-08-30 16:23:27,85
hash_sha256,6501fb5feab1554a51048cbdf6341a36b3f7584b0aff53df94ba412648ca4a46,malwarebazaar,sh,sh,2026-08-30 16:00:11,2026-08-30 16:23:27,85
hash_sha256,657c64273bfd99291688164d37815134ebb2db5172b9a4f63168d9e1169f0645,malwarebazaar,sh,sh,2026-08-30 16:00:11,2026-08-30 16:23:27,85
hash_sha256,6786f98e8ecc86409bc4c4cdfb3e585256fd84b5f8ca81d4afe20e97b6f2b12b,malwarebazaar,WannaCry,exe,2026-08-30 16:00:11,2026-08-30 16:23:27,85
hash_sha256,69c703c3ac352be13303e14cebfe5e6bc72ae60584996d1bc749fecfa4eb4994,malwarebazaar,Mirai,"elf,Mirai",2026-08-30 16:00:11,2026-08-30 16:23:27,85
hash_sha256,6d06069a78cd7c68d8fb630ed788ccbf712a6ba63967692fb8beca4ac27605eb,malwarebazaar,Vidar,"exe,Vidar,whack.sh",2026-08-30 16:00:10,2026-08-30 16:23:27,85
hash_sha256,6ed6eab02be05bce37edd377176fd1ca02c7e3ecf3b6222f74ae034d390ecf63,malwarebazaar,Mirai,"elf,Mirai",2026-08-30 16:00:11,2026-08-30 16:23:27,85
hash_sha256,6ff223a7988f69d4c854105d0f5d7539c5b50e10afd47c35db2e26d3111b5a28,malwarebazaar,WannaCry,exe,2026-08-30 16:00:11,2026-08-30 16:23:27,85
hash_sha256,7404b53e27b9a0c6a53a6f01f57874b64acec513ebc90abc38f7f8096bc91cb0,malwarebazaar,XWorm,"js,XWorm",2026-08-30 16:00:11,2026-08-30 16:23:27,85
hash_sha256,74e00111529e7668048c7a7e9dcb37894341c377b736404e50092b49e726f9b3,malwarebazaar,Mirai,"elf,Mirai",2026-08-30 16:00:10,2026-08-30 16:23:27,85
hash_sha256,75dcded44aa71d135cf9e3e47017e254391f18885bee15a58fcd0ed1b2064059,malwarebazaar,CoinMiner,"CoinMiner,exe,whack.sh",2026-08-30 16:00:10,2026-08-30 16:23:27,85
hash_sha256,78b776d0697dc9933cd0d51f0381e42eb05c977b37e45fca9a0768ebf0215c8e,malwarebazaar,sh,"enthec,sh",2026-08-30 16:00:11,2026-08-30 16:23:27,85
hash_sha256,7967790ef8f975fbc7327d575e13f6ce497b7948c42264531bcd4fcaa47ba6a9,malwarebazaar,Mirai,elf,2026-08-30 16:00:11,2026-08-30 16:23:27,85
hash_sha256,7a1ecb216f5fb09d8290fb0a5136c118b82f5e264043f839f0259775b05c0c29,malwarebazaar,RemusStealer,"A,dropped-by-GCleaner,exe,MIX5.file,RemusStealer",2026-08-30 16:00:10,2026-08-30 16:23:27,85
hash_sha256,7c1e84ce3a9e327a1161ab82eaf0b55699a6a21cd3a9f4098090209cb290f949,malwarebazaar,unknown,unknown,2026-08-30 16:00:11,2026-08-30 16:23:27,85
hash_sha256,7c8345a78425e9d5ffb0a32895f3a87a4836897a8c484bda5e85342a5d501799,malwarebazaar,Mirai,"elf,Mirai,upx",2026-08-30 16:00:10,2026-08-30 16:23:27,85
hash_sha256,7f3108c4fcc3772a330a1a00a24bea1c56e6166423b548bedb519487db4e812b,malwarebazaar,sh,sh,2026-08-30 16:00:11,2026-08-30 16:23:27,85
hash_sha256,81f93dc173ad6b2d7592447c7910f70df668b1a06f7c2fcce08188a99d38dcb3,malwarebazaar,AsyncRAT,"AsyncRAT,js,RAT",2026-08-30 16:00:11,2026-08-30 16:23:27,85
hash_sha256,83fb8edc16b1c955fd226dd3b1a649b6a96250ac5802ace060bfcdc233fff617,malwarebazaar,Mirai,"elf,Mirai",2026-08-30 16:00:11,2026-08-30 16:23:27,85
hash_sha256,90472a2e231fa3ec6789f7275201e04c1fe3696ffabb3db78ed217d63b3160c1,malwarebazaar,unknown,unknown,2026-08-30 16:00:11,2026-08-30 16:23:27,85
hash_sha256,907ddb3a1b4da0df0361847511b250b7d0409f621ed733a166c25372d0c8fb1c,malwarebazaar,exe,exe,2026-08-30 16:00:11,2026-08-30 16:23:27,85
hash_sha256,916cf18c98363cf3419b4d51e9635dd1c610adb3b6d6264aac3f52a02b77541a,threatfox,Coinminer,threatfox,2026-08-30 16:06:18,2026-08-30 16:23:27,85
hash_sha256,91ce9e542b1864496429871eb0252cc4e42bda764beb2b7460633332690b13c1,malwarebazaar,Vidar,exe,2026-08-30 16:00:11,2026-08-30 16:23:27,85
hash_sha256,92ea8f6c50819f27375e95a01b7e870f37d7febe3837a28a664462892c7a3565,malwarebazaar,RemcosRAT,"js,RemcosRAT",2026-08-30 16:00:11,2026-08-30 16:23:27,85
hash_sha256,93a1e16f5c41e6d6540732e5d21e178b7e8a6adc086c75000050f21bd26a2740,malwarebazaar,exe,exe,2026-08-30 16:00:11,2026-08-30 16:23:27,85
hash_sha256,93f907778c9f617abab374dbe60a9c43e812997875ee5d00cafbf4b39041899d,malwarebazaar,elf,elf,2026-08-30 16:00:11,2026-08-30 16:23:27,85
hash_sha256,941c7e7432301ad4786d7d7faede62ed80fe278c5aabaab0cbcd18f470a961a6,malwarebazaar,Mirai,"elf,Gafgyt,Mirai",2026-08-30 16:00:10,2026-08-30 16:23:27,85
hash_sha256,94210c3ea57c4e22e24987a5a71ba0fb1b58b7361c35b98bd0539cd6319b8fb8,malwarebazaar,sh,sh,2026-08-30 16:00:11,2026-08-30 16:23:27,85
hash_sha256,95dc20449c307be8bad1541a3fbf53ee6c9a107f9add5811f744ee33e344b63d,threatfox,Quasar RAT,threatfox,2026-08-30 16:06:18,2026-08-30 16:23:27,85
hash_sha256,9bc1079e4922b6bcb22defd973170b7e3cb406957adf3ce6dec3478183b496a0,malwarebazaar,sh,"enthec,sh",2026-08-30 16:00:10,2026-08-30 16:23:27,85
hash_sha256,9c8b32d0222ad5e686a00a393bde88476ec005ef06ce4315a18f8738287e49ae,malwarebazaar,OverlordRAT,"dropped-by-StealC,exe,OverlordRAT,PG",2026-08-30 16:00:11,2026-08-30 16:23:27,85
hash_sha256,9c927df9fdd83af1b57810daa6cc7712a238d31a860bb8d33c6dacb03f53584d,threatfox,Stealc,threatfox,2026-08-30 04:06:42,2026-08-30 16:23:27,85
hash_sha256,9da498284e6bf12fde8df70054a26134500ed2d67f5f006ba2bb7417d07c9623,malwarebazaar,LxBaseRAT,"js,LxBaseRAT",2026-08-30 16:00:11,2026-08-30 16:23:27,85
hash_sha256,9f1fc5803bd8fccf4bdb13a44d94db49ed71e82674872841b0c8608de9f11330,malwarebazaar,exe,"exe,SilverFox,Trojan/SilverFox.bm[lddel],ValleyRAT",2026-08-30 16:00:11,2026-08-30 16:23:27,85
hash_sha256,a0aef8a4b5353ab679426ee78baf87d4753bf7ebd18c8b8a58619c2314e39b5b,malwarebazaar,Vidar,"exe,signed,Vidar",2026-08-30 16:00:10,2026-08-30 16:23:27,85
hash_sha256,a1bde6f032dc7452a8e447e9750a3b14a1e5c7e3803420e8919831fe67b338b7,threatfox,Vidar,threatfox,2026-08-30 04:06:42,2026-08-30 16:23:27,85
hash_sha256,a2a3a59bff8f51198aa2d46fa68b08188f865bc0176d6faf70c5859427a583a7,malwarebazaar,AgentTesla,"AgentTesla,js",2026-08-30 16:00:11,2026-08-30 16:23:27,85
hash_sha256,a598d04708c4c36c00af3565926db77e1dbe8d826c96bfd8538835699c98ca14,malwarebazaar,unknown,unknown,2026-08-30 16:00:11,2026-08-30 16:23:27,85
hash_sha256,a5ff50e51e25db119969be6a1604b042e431a7774ab9e1b40b8ade02ce231d3b,malwarebazaar,sh,sh,2026-08-30 16:00:10,2026-08-30 16:23:27,85
hash_sha256,aa3cd1ef678dd8427531e1bd2c695fdf9bc10690f91d35c6c79f12a50f0c365e,malwarebazaar,Mirai,"elf,Mirai",2026-08-30 16:00:11,2026-08-30 16:23:27,85
hash_sha256,ae00173d00f74bf65aa244ebf3885ae72c264162b6945af09c1eb7360ba45c44,malwarebazaar,CoinMiner,"CoinMiner,exe",2026-08-30 16:00:11,2026-08-30 16:23:27,85
hash_sha256,ae90d92c84a667b337673aef573250aaad80b134b5d46f60fa399ed1920f8b12,malwarebazaar,LxBaseRAT,"js,LxBaseRAT",2026-08-30 16:00:11,2026-08-30 16:23:27,85
hash_sha256,b0f2fe074f097302568a247237554fb52e8001997671a3aa88adfff25e620ac1,malwarebazaar,RemcosRAT,"ps1,RAT,RemcosRAT",2026-08-30 16:00:11,2026-08-30 16:23:27,85
hash_sha256,b434022c41d8380221ddd621eaae69b0f0eb2503ac53069ef7f932f45cdf81d7,threatfox,Coinminer,threatfox,2026-08-30 04:06:42,2026-08-30 16:23:27,85
hash_sha256,b4626e8cdcfc01ca07865c3bb0b0733f95c369376098772150b170758766cd07,malwarebazaar,ValleyRAT,"exe,SilverFox,Trojan/SilverFox.bm[lddel],ValleyRAT",2026-08-30 16:00:10,2026-08-30 16:23:27,85
hash_sha256,b5d82eac57fd0c8c68a37b72414744839b4699b237c195162b516d06edd4657c,malwarebazaar,Mirai,elf,2026-08-30 16:00:11,2026-08-30 16:23:27,85
hash_sha256,b9e12fd36655aeba4ac7eaee48920e01babd7d709532186969da8e1f47312c3b,malwarebazaar,sh,sh,2026-08-30 16:00:11,2026-08-30 16:23:27,85
hash_sha256,bc5ce535ad641bc9c447d8d57632481c2111f2726cbb52c45aec692a197f256b,malwarebazaar,Mirai,"elf,Mirai",2026-08-30 16:00:11,2026-08-30 16:23:27,85
hash_sha256,bf2549291776de2b7b1ed3f4ebe62ffb0551d0527543db8bd4207b7844b4c7cc,malwarebazaar,Mirai,sh,2026-08-30 16:00:11,2026-08-30 16:23:27,85
hash_sha256,c06a85f0ad8b1fca254994fc3a0953f903aa28027f165d79214bbe3363332939,malwarebazaar,RemusStealer,"dropped-by-GCleaner,exe,F,MIX7.file,RemusStealer",2026-08-30 16:00:10,2026-08-30 16:23:27,85
hash_sha256,c25c24cd750b8a247734b6095624a1d543096f4f0d8f56e84de32f820a6bda13,malwarebazaar,exe,"electron,exe,infostealer",2026-08-30 16:00:11,2026-08-30 16:23:27,85
hash_sha256,c36f9438349eebe3534c75abab89693b54baa1336348fa72b49439b45fbdd8c5,malwarebazaar,exe,"exe,whack.sh",2026-08-30 16:00:10,2026-08-30 16:23:27,85
hash_sha256,c4476378ccde96e2bcbb413e42d7df500c56b577b3a8a58c5318df96201e0b02,threatfox,ValleyRAT,threatfox,2026-08-30 04:06:42,2026-08-30 16:23:27,85
hash_sha256,c4d07d32ed5996c76914346d5f4744e96effdc891cde0df883667bc4b0f38727,malwarebazaar,sh,sh,2026-08-30 16:00:10,2026-08-30 16:23:27,85
hash_sha256,c51ee42f18eac5e555a4bfd399f030a0a94ca0e2205cccd095f7c8b6c11ae198,malwarebazaar,Vidar,exe,2026-08-30 16:00:11,2026-08-30 16:23:27,85
hash_sha256,c546f3bdfdfd8c9f1fea82cba068138fbce4a99120cd669a19e599666af7b15d,malwarebazaar,Mirai,"elf,Mirai",2026-08-30 16:00:11,2026-08-30 16:23:27,85
hash_sha256,c6edb1d4737ea0cad924cb995ce28619abd643c4bce47da6dba5a83c94489e35,malwarebazaar,Mirai,"elf,Mirai",2026-08-30 16:00:11,2026-08-30 16:23:27,85
hash_sha256,cc684b5f7b07f75f82452c66ce377795f90d6194106f4f56de8e5f2e029cc1c1,malwarebazaar,Mirai,"elf,Mirai",2026-08-30 16:00:10,2026-08-30 16:23:27,85
hash_sha256,d26c0519e0636570c44bbf940601c6ebe9d0b4e835c090ca380234a04471f3a5,malwarebazaar,Mirai,"elf,Mirai",2026-08-30 16:00:11,2026-08-30 16:23:27,85
hash_sha256,d325f25fa9f46c4ba2408e351b6f1195ff0e2b8d9111f8b55a746399694ce789,malwarebazaar,Vidar,"exe,signed,Vidar",2026-08-30 16:00:10,2026-08-30 16:23:27,85
hash_sha256,d5fda3133b8f4a117edc2068da33b70dd5777862f5e4009e780ca5d8579aa1e4,malwarebazaar,Mirai,"elf,Mirai",2026-08-30 16:00:11,2026-08-30 16:23:27,85
hash_sha256,da50e2b59e3b803b4be4e159d9b0e7067c5eccb1e4ecd54cfe659910d5dbba62,malwarebazaar,sh,sh,2026-08-30 16:00:11,2026-08-30 16:23:27,85
hash_sha256,db4a45d88c943be3f60bf216bb6ac8a2d3b70dfa13e9669e402f11e2aaea1b74,threatfox,Vidar,threatfox,2026-08-30 04:06:42,2026-08-30 16:23:27,85
hash_sha256,dc6c897a54a65f50599172a8f43c037c5101a4d9336e7954c5480304a5af242d,malwarebazaar,exe,exe,2026-08-30 16:00:11,2026-08-30 16:23:27,85
hash_sha256,df7a928b781a18a84da1c14e8c616d0b53de3e0a29f566b9f9ee02cb0080e725,malwarebazaar,XWorm,"js,XWorm",2026-08-30 16:00:11,2026-08-30 16:23:27,85
hash_sha256,e0ef951cc57b26c0f8e03293ae6cb1739adf0b61942237dceecf0b7d3477fba5,malwarebazaar,Formbook,"Formbook,js",2026-08-30 16:00:11,2026-08-30 16:23:27,85
hash_sha256,e2050273b3ea1ee99bcea97ead2b5ef5fc9941dea5e7f569de7d4d41e3855a8a,malwarebazaar,Mirai,"elf,Mirai",2026-08-30 16:00:11,2026-08-30 16:23:27,85
hash_sha256,e3cda76bd383a3cbf3ab7923cce20e83f61b0fad46086842c94618abe8dc433f,malwarebazaar,Mirai,"elf,Mirai",2026-08-30 16:00:10,2026-08-30 16:23:27,85
hash_sha256,e81375141b019531f5bc8920c82976cce098292ca1ef769d7aed31653df484dc,malwarebazaar,exe,"9d2ca3,dropped-by-Amadey,exe,signed",2026-08-30 16:00:10,2026-08-30 16:23:27,85
hash_sha256,e8c2c6b0d27882db56f6052063a54d29059588e60bad2dbc5e3741e334019976,malwarebazaar,sh,sh,2026-08-30 16:00:11,2026-08-30 16:23:27,85
hash_sha256,eb634822849f7fddda37cbe6cb600a6502043e6c0bc78453620b16645725d92c,malwarebazaar,LxBaseRAT,"LxBaseRAT,vbs",2026-08-30 16:00:11,2026-08-30 16:23:27,85
hash_sha256,ebeb6cf2d6b26e64b87ef428373291d9e4630e9e4f9d8a2ef749e31085ed7f25,malwarebazaar,Mirai,"elf,Mirai",2026-08-30 16:00:11,2026-08-30 16:23:27,85
hash_sha256,ee2bb60a2b980442de26ba29648343685b28412eb975d258d303b52e1cf76e7b,malwarebazaar,js,js,2026-08-30 16:00:11,2026-08-30 16:23:27,85
hash_sha256,efd55acc87ed3d0908afa2aab5c80bbdcd5b0206eae2c85e2c212248fd85290e,malwarebazaar,sh,sh,2026-08-30 16:00:10,2026-08-30 16:23:27,85
hash_sha256,f2981eda4319fb3d9677b2d5c183c45e69972c6f25721fc2fe746e422ca2c2e4,malwarebazaar,Vidar,"exe,Vidar",2026-08-30 16:00:10,2026-08-30 16:23:27,85
hash_sha256,f4044b040283607a2c4a8e6a04f0b623375d01d57e7cbf0fc50e6a8377a7781a,malwarebazaar,Mirai,elf,2026-08-30 16:00:11,2026-08-30 16:23:27,85
hash_sha256,f4ff4eeb93082412395ca8bfd87982f01b27fced3eb7ce648be0c11bdba69744,malwarebazaar,Mirai,"elf,Mirai,upx-dec",2026-08-30 16:00:10,2026-08-30 16:23:27,85
hash_sha256,f59e8e55c4da06a211e13cf2f67d27f219a105e5e097ab876ae88ae8b1fedf95,malwarebazaar,Mirai,"elf,Mirai,upx-dec",2026-08-30 16:00:10,2026-08-30 16:23:27,85
hash_sha256,f7e44adebc615c529c13b357468256fcd94f4a3848d4468b5512597755fe14b0,malwarebazaar,sh,sh,2026-08-30 16:00:11,2026-08-30 16:23:27,85
hash_sha256,f7f410be856211abccc3b4c58701f8aee7ce0174053fe7c939b51ce98ec792c0,malwarebazaar,Mirai,elf,2026-08-30 16:00:11,2026-08-30 16:23:27,85
ip,1.69.201.249,threatfox,AdaptixC2,"threatfox,AdaptixC2,drb-ra",2026-08-30 04:06:42,2026-08-30 16:23:27,85
ip,102.117.162.133,threatfox,Unknown malware,"threatfox,mythic",2026-08-29 16:10:47,2026-08-30 16:23:27,85
ip,102.129.165.177,threatfox,VShell,"threatfox,vshell",2026-05-19 17:26:17,2026-08-30 16:23:27,85
ip,103.116.52.203,threatfox,AdaptixC2,"threatfox,AdaptixC2,drb-ra",2026-08-29 16:10:47,2026-08-30 16:23:27,85
ip,103.153.183.25,threatfox,Remcos,"threatfox,c2,Remcos,RemoteHost",2026-08-30 16:06:18,2026-08-30 16:23:27,85
ip,103.98.18.238,threatfox,DCRat,"threatfox,DCRat,drb-ra,RAT",2026-08-29 16:10:47,2026-08-30 16:23:27,85
ip,104.248.247.126,threatfox,Aisuru,"threatfox,Aisuru,c2",2026-08-24 16:06:11,2026-08-30 16:23:27,85
ip,104.248.27.128,threatfox,Aisuru,"threatfox,Aisuru,c2",2026-08-30 16:06:18,2026-08-30 16:23:27,85
ip,104.250.180.85,threatfox,PureRAT,"threatfox,drb-ra,PureHVNC,PureRAT,RAT",2026-08-30 04:06:42,2026-08-30 16:23:27,85
ip,106.53.172.234,threatfox,VShell,"threatfox,vshell",2026-06-14 18:27:49,2026-08-30 16:23:27,85
ip,111.230.143.136,threatfox,Unknown malware,"threatfox,viper",2026-08-30 16:06:18,2026-08-30 16:23:27,85
ip,115.159.226.190,threatfox,Cobalt Strike,"threatfox,cobaltstrike",2026-08-21 16:09:29,2026-08-30 16:23:27,85
ip,118.99.55.153,threatfox,VShell,"threatfox,vshell",2026-08-30 16:06:18,2026-08-30 16:23:27,85
ip,121.127.253.146,threatfox,AdaptixC2,"threatfox,adaptix",2026-08-21 16:09:29,2026-08-30 16:23:27,85
ip,123.254.106.168,threatfox,VShell,"threatfox,vshell",2026-08-30 16:06:18,2026-08-30 16:23:27,85
ip,128.90.105.118,threatfox,DCRat,"threatfox,DCRat,drb-ra,RAT",2026-08-30 04:06:42,2026-08-30 16:23:27,85
ip,128.90.171.209,threatfox,AsyncRAT,"threatfox,AsyncRAT,drb-ra,RAT",2026-08-30 04:06:42,2026-08-30 16:23:27,85
ip,132.226.72.227,threatfox,Unknown malware,"threatfox,drb-ra,Mythic",2026-08-30 04:06:42,2026-08-30 16:23:27,85
ip,134.122.124.236,threatfox,Aisuru,"threatfox,Aisuru,c2",2026-08-30 16:06:18,2026-08-30 16:23:27,85
ip,134.122.185.201,threatfox,ValleyRAT,"threatfox,RAT,ValleyRAT",2026-08-30 16:06:18,2026-08-30 16:23:27,85
ip,141.94.96.195,threatfox,XMRIG,"threatfox,cryptojacking,docker-api,monero,xmrig",2026-08-30 16:06:18,2026-08-30 16:23:27,85
ip,144.172.117.108,threatfox,AdaptixC2,"threatfox,AdaptixC2,drb-ra",2026-08-29 16:10:47,2026-08-30 16:23:27,85
ip,145.79.143.166,threatfox,VShell,"threatfox,vshell",2026-08-30 16:06:18,2026-08-30 16:23:27,85
ip,151.245.230.21,threatfox,Cobalt Strike,"threatfox,cobaltstrike",2026-08-29 16:10:47,2026-08-30 16:23:27,85
ip,152.42.255.118,threatfox,Aisuru,"threatfox,Aisuru,c2",2026-08-30 16:06:18,2026-08-30 16:23:27,85
ip,154.94.237.203,threatfox,Cobalt Strike,"threatfox,CobaltStrike,drb-ra",2026-08-30 04:06:42,2026-08-30 16:23:27,85
ip,159.198.75.180,threatfox,Unknown malware,"threatfox,mythic",2026-08-30 04:06:42,2026-08-30 16:23:27,85
ip,159.65.50.202,threatfox,Aisuru,"threatfox,Aisuru,c2",2026-08-24 16:06:11,2026-08-30 16:23:27,85
ip,160.250.128.197,threatfox,Unknown malware,"threatfox,supershell",2026-07-27 05:35:20,2026-08-30 16:23:27,85
ip,161.35.173.98,threatfox,Cobalt Strike,"threatfox,CobaltStrike,drb-ra",2026-08-30 04:06:42,2026-08-30 16:23:27,85
ip,162.243.103.246,feodotracker,Emotet,"c2,botnet,port:8080",2026-04-11 03:35:43,2026-08-30 16:23:27,90
ip,162.251.92.64,threatfox,Cobalt Strike,"threatfox,CobaltStrike,drb-ra",2026-08-21 16:09:29,2026-08-30 16:23:27,85
ip,163.5.210.229,threatfox,PureRAT,"threatfox,drb-ra,PureHVNC,PureRAT,RAT",2026-08-29 16:10:47,2026-08-30 16:23:27,85
ip,165.154.226.87,threatfox,VShell,"threatfox,vshell",2026-08-29 16:10:47,2026-08-30 16:23:27,85
ip,165.22.122.89,threatfox,Aisuru,"threatfox,Aisuru,c2",2026-08-24 16:06:11,2026-08-30 16:23:27,85
ip,165.22.191.159,threatfox,Aisuru,"threatfox,Aisuru,c2",2026-08-30 16:06:18,2026-08-30 16:23:27,85
ip,166.88.95.90,threatfox,Sliver,"threatfox,drb-ra,Sliver",2026-08-30 16:06:18,2026-08-30 16:23:27,85
ip,167.99.128.245,threatfox,Aisuru,"threatfox,Aisuru,c2",2026-08-30 16:06:18,2026-08-30 16:23:27,85
ip,167.99.194.254,threatfox,Aisuru,"threatfox,Aisuru,c2",2026-08-24 16:06:11,2026-08-30 16:23:27,85
ip,168.222.97.92,threatfox,PureRAT,"threatfox,drb-ra,PureHVNC,PureRAT,RAT",2026-08-30 04:06:42,2026-08-30 16:23:27,85
ip,169.58.180.142,threatfox,AsyncRAT,"threatfox,AsyncRAT,drb-ra,RAT",2026-08-17 18:44:22,2026-08-30 16:23:27,85
ip,172.111.198.212,threatfox,PureRAT,"threatfox,drb-ra,PureHVNC,PureRAT,RAT",2026-08-21 16:09:29,2026-08-30 16:23:27,85
ip,172.174.128.128,threatfox,DCRat,"threatfox,DCRat,drb-ra,RAT",2026-08-30 16:06:18,2026-08-30 16:23:27,85
ip,172.245.91.44,threatfox,Cobalt Strike,"threatfox,cobaltstrike",2026-08-30 16:06:18,2026-08-30 16:23:27,85
ip,174.138.30.59,threatfox,Aisuru,"threatfox,Aisuru,c2",2026-08-30 16:06:18,2026-08-30 16:23:27,85
ip,176.65.144.127,threatfox,Unknown RAT,"threatfox,ComponentTask33,EtherHiding,MSI-loader,NodeJS-RAT,on-chain-c2,Polygon",2026-07-03 02:36:03,2026-08-30 16:23:27,85
ip,178.62.3.223,feodotracker,QakBot,"c2,botnet,port:443",2026-04-11 03:35:43,2026-08-30 16:23:27,90
ip,185.195.65.180,threatfox,Cobalt Strike,"threatfox,57169,c2,censys,cobalt strike",2026-08-30 16:06:18,2026-08-30 16:23:27,85
ip,188.166.234.214,threatfox,Remus,"threatfox,945c9f3c8cddcb7f33efce50a9a949ad,c2,remus",2026-08-30 16:06:18,2026-08-30 16:23:27,85
ip,188.212.158.203,threatfox,AsyncRAT,"threatfox,asyncrat",2026-08-30 16:06:18,2026-08-30 16:23:27,85
ip,190.123.46.208,threatfox,Mirai,"threatfox,cowrie,honeypot",2026-08-30 16:06:18,2026-08-30 16:23:27,85
ip,194.59.30.96,threatfox,HypeAgent,"threatfox,drb-ra,HypeAgent",2026-08-30 16:06:18,2026-08-30 16:23:27,85
ip,194.9.6.35,threatfox,PureRAT,"threatfox,drb-ra,PureHVNC,PureRAT,RAT",2026-08-30 04:06:42,2026-08-30 16:23:27,85
ip,195.20.115.80,threatfox,PureRAT,"threatfox,drb-ra,PureHVNC,PureRAT,RAT",2026-08-30 04:06:42,2026-08-30 16:23:27,85
ip,196.251.121.124,threatfox,PureRAT,"threatfox,drb-ra,PureHVNC,PureRAT,RAT",2026-08-24 04:06:11,2026-08-30 16:23:27,85
ip,199.85.8.183,threatfox,Remcos,"threatfox,remcos",2026-08-30 16:06:18,2026-08-30 16:23:27,85
ip,2.91.185.72,threatfox,Havoc,"threatfox,drb-ra,Havoc",2026-08-30 16:06:18,2026-08-30 16:23:27,85
ip,204.152.217.122,threatfox,Evilginx,"threatfox,drb-ra,Evilginx,EvilGoPhish",2026-08-29 16:10:47,2026-08-30 16:23:27,85
ip,217.60.195.109,threatfox,PureRAT,"threatfox,drb-ra,PureHVNC,PureRAT,RAT",2026-08-30 16:06:18,2026-08-30 16:23:27,85
ip,220.154.128.196,threatfox,Unknown malware,"threatfox,drb-ra,Mythic",2026-08-29 16:10:47,2026-08-30 16:23:27,85
ip,27.133.154.218,feodotracker,QakBot,"c2,botnet,port:443",2026-03-10 22:13:04,2026-08-30 16:23:27,90
ip,3.113.147.16,threatfox,AsyncRAT,"threatfox,AsyncRAT,drb-ra,RAT",2026-08-30 04:06:42,2026-08-30 16:23:27,85
ip,31.57.38.7,threatfox,PureRAT,"threatfox,drb-ra,PureHVNC,PureRAT,RAT",2026-08-30 16:06:18,2026-08-30 16:23:27,85
ip,31.76.100.3,threatfox,Chaos,"threatfox,CHAOS,drb-ra",2026-08-30 04:06:42,2026-08-30 16:23:27,85
ip,34.204.119.63,feodotracker,QakBot,"c2,botnet,port:443",2026-04-11 03:35:43,2026-08-30 16:23:27,90
ip,36.255.97.175,threatfox,XWorm,"threatfox,xworm",2026-08-30 16:06:18,2026-08-30 16:23:27,85
ip,37.244.243.56,threatfox,DanaBot,"threatfox,DanBot,drb-ra",2026-08-30 16:06:18,2026-08-30 16:23:27,85
ip,38.180.250.214,threatfox,Tsundere,"threatfox,DinDoor,drb-ra",2026-08-30 04:06:42,2026-08-30 16:23:27,85
ip,38.55.200.183,threatfox,VShell,"threatfox,vshell",2026-08-30 16:06:18,2026-08-30 16:23:27,85
ip,38.60.252.124,threatfox,DCRat,"threatfox,DCRat,drb-ra,RAT",2026-08-30 04:06:42,2026-08-30 16:23:27,85
ip,43.136.76.42,threatfox,VShell,"threatfox,vshell",2026-07-11 20:25:43,2026-08-30 16:23:27,85
ip,43.163.88.35,threatfox,Cobalt Strike,"threatfox,cobaltstrike",2026-08-05 12:42:48,2026-08-30 16:23:27,85
ip,45.125.67.196,threatfox,Sliver,"threatfox,drb-ra,Sliver",2026-08-29 16:10:47,2026-08-30 16:23:27,85
ip,45.140.213.2,threatfox,Havoc,"threatfox,havoc",2026-08-29 16:10:47,2026-08-30 16:23:27,85
ip,45.156.87.215,threatfox,PureRAT,"threatfox,drb-ra,PureHVNC,PureRAT,RAT",2026-08-30 16:06:18,2026-08-30 16:23:27,85
ip,45.192.105.141,threatfox,Unknown malware,"threatfox,viper",2026-08-29 16:10:47,2026-08-30 16:23:27,85
ip,45.192.169.254,threatfox,DCRat,"threatfox,DCRat,drb-ra,RAT",2026-08-30 04:06:42,2026-08-30 16:23:27,85
ip,45.55.191.196,threatfox,Aisuru,"threatfox,Aisuru,c2",2026-08-30 16:06:18,2026-08-30 16:23:27,85
ip,45.61.177.135,threatfox,Evilginx,"threatfox,drb-ra,Evilginx,EvilGoPhish",2026-08-29 16:10:47,2026-08-30 16:23:27,85
ip,45.74.7.158,threatfox,Remcos,"threatfox,c2,Remcos,tor25t",2026-08-30 16:06:18,2026-08-30 16:23:27,85
ip,46.101.179.59,threatfox,Aisuru,"threatfox,Aisuru,c2",2026-08-24 16:06:11,2026-08-30 16:23:27,85
ip,46.109.235.15,threatfox,AsyncRAT,"threatfox,AsyncRAT,drb-ra,RAT",2026-08-29 16:10:47,2026-08-30 16:23:27,85
ip,46.151.182.98,threatfox,HypeAgent,"threatfox,drb-ra,HypeAgent",2026-08-27 16:06:12,2026-08-30 16:23:27,85
ip,46.246.93.245,threatfox,Unknown malware,"threatfox,drb-ra,Mythic",2026-08-30 04:06:42,2026-08-30 16:23:27,85
ip,47.113.179.196,threatfox,VShell,"threatfox,vshell",2026-08-30 16:06:18,2026-08-30 16:23:27,85
ip,47.86.9.253,threatfox,Cobalt Strike,"threatfox,CobaltStrike,drb-ra",2026-08-30 04:06:42,2026-08-30 16:23:27,85
ip,50.16.16.211,feodotracker,QakBot,"c2,botnet,port:443",2026-04-11 03:35:43,2026-08-30 16:23:27,90
ip,52.196.79.161,threatfox,AsyncRAT,"threatfox,AsyncRAT,drb-ra,RAT",2026-08-30 04:06:42,2026-08-30 16:23:27,85
ip,54.199.206.9,threatfox,AsyncRAT,"threatfox,AsyncRAT,drb-ra,RAT",2026-08-30 04:06:42,2026-08-30 16:23:27,85
ip,64.177.112.21,threatfox,AsyncRAT,"threatfox,AsyncRAT,drb-ra,RAT",2026-08-30 16:06:18,2026-08-30 16:23:27,85
ip,64.89.160.222,threatfox,Bashlite,"threatfox,Gafgyt",2026-08-26 16:06:11,2026-08-30 16:23:27,85
ip,67.205.132.147,threatfox,Aisuru,"threatfox,Aisuru,c2",2026-08-30 16:06:18,2026-08-30 16:23:27,85
ip,69.167.11.148,threatfox,Remcos,"threatfox,c2,Remcos,Start-Asegurar",2026-08-30 16:06:18,2026-08-30 16:23:27,85
ip,8.135.18.143,threatfox,VShell,"threatfox,vshell",2026-05-25 15:32:07,2026-08-30 16:23:27,85
ip,80.190.77.86,threatfox,AsyncRAT,"threatfox,AsyncRAT,drb-ra,RAT",2026-08-20 16:06:17,2026-08-30 16:23:27,85
ip,82.25.63.146,threatfox,Unknown Loader,"threatfox,ComponentTask33,EtherHiding,MSI-loader,NodeJS-RAT,on-chain-c2,Polygon",2026-08-30 16:06:18,2026-08-30 16:23:27,85
ip,89.126.249.219,threatfox,Unknown malware,"threatfox,mythic",2026-08-30 16:06:18,2026-08-30 16:23:27,85
ip,94.184.37.68,threatfox,Chaos,"threatfox,CHAOS,drb-ra",2026-08-29 16:10:47,2026-08-30 16:23:27,85
ip,94.228.166.168,threatfox,PureRAT,"threatfox,drb-ra,PureHVNC,PureRAT,RAT",2026-08-30 04:06:42,2026-08-30 16:23:27,85
ip,94.250.167.221,threatfox,DanaBot,"threatfox,DanBot,drb-ra",2026-08-29 16:10:47,2026-08-30 16:23:27,85
ssl_sha1,0034d3f66acca402e4ae3d683e435f10d513006a,sslbl,ACRStealer C&C,"sslbl,2026-08-08",2026-08-09 00:42:39,2026-08-30 16:23:27,88
ssl_sha1,01162aa2c2be7f9d16f646b94a1245726c68b110,sslbl,PureRAT C&C,"sslbl,2026-08-22",2026-08-22 16:06:16,2026-08-30 16:23:27,88
ssl_sha1,0141dfae0d4426123aa2fbdd759162fa82d0f8e1,sslbl,PureLogsStealer C&C,"sslbl,2026-08-04",2026-08-05 12:42:46,2026-08-30 16:23:27,88
ssl_sha1,014d51d79c5a5c80042abedb35231581ff07c2e7,sslbl,Vidar C&C,"sslbl,2026-07-30",2026-07-31 05:35:34,2026-08-30 16:23:27,88
ssl_sha1,01b9a51320b270b527c744a7ebc9f9bc68a94f81,sslbl,ConnectWise C&C,"sslbl,2026-08-19",2026-08-19 16:06:13,2026-08-30 16:23:27,88
ssl_sha1,01cc79c660e1677fc17665e6d8169b5fdad75668,sslbl,PureLogsStealer C&C,"sslbl,2026-08-05",2026-08-06 00:43:27,2026-08-30 16:23:27,88
ssl_sha1,02df529de5d2da5b01c0b557b02b289b060f344b,sslbl,PureRAT C&C,"sslbl,2026-08-08",2026-08-09 00:42:39,2026-08-30 16:23:27,88
ssl_sha1,030279988932ee4115de7e6e8cdeb91927c078db,sslbl,OffLoader C&C,"sslbl,2026-08-19",2026-08-19 16:06:13,2026-08-30 16:23:27,88
ssl_sha1,038b7aa733f138f1a074c137fbb0430ea8f7b092,sslbl,KongTuke C&C,"sslbl,2026-07-07",2026-07-07 17:20:36,2026-08-30 16:23:27,88
ssl_sha1,03cdb8ba1363fb90f77ab53b6fc78d58a5340c35,sslbl,PureRAT C&C,"sslbl,2026-08-20",2026-08-20 16:06:17,2026-08-30 16:23:27,88
ssl_sha1,046fe4e19fe44c7c3a76e7e8651879c4edd9851d,sslbl,PureRAT C&C,"sslbl,2026-07-15",2026-07-16 05:21:37,2026-08-30 16:23:27,88
ssl_sha1,049209f78aca1e6715a706e00c56283134010135,sslbl,ACRStealer C&C,"sslbl,2026-07-09",2026-07-09 20:25:43,2026-08-30 16:23:27,88
ssl_sha1,057b2084f877c8737e60de6c07ad829ea411b9c6,sslbl,Vidar C&C,"sslbl,2026-08-15",2026-08-15 20:13:12,2026-08-30 16:23:27,88
ssl_sha1,059e425acfe2753d135e1b7ba39e30f0b00dbbb3,sslbl,PureLogsStealer C&C,"sslbl,2026-08-06",2026-08-06 12:43:05,2026-08-30 16:23:27,88
ssl_sha1,05b215b1710e56a14f4742b10586af2750da866a,sslbl,OffLoader C&C,"sslbl,2026-08-13",2026-08-13 08:13:02,2026-08-30 16:23:27,88
ssl_sha1,05ba9d18bc4c00bec6bb5ed461fd889259929709,sslbl,Vidar C&C,"sslbl,2026-08-02",2026-08-02 17:36:31,2026-08-30 16:23:27,88
ssl_sha1,06c6a1e29b1948ac47c0fee2e8652a07fcde1f9e,sslbl,Vidar C&C,"sslbl,2026-08-27",2026-08-27 16:06:11,2026-08-30 16:23:27,88
ssl_sha1,080078d32e98e5a1a475bd3c1aafde78293734d1,sslbl,PureLogsStealer C&C,"sslbl,2026-07-06",2026-07-06 14:36:57,2026-08-30 16:23:27,88
ssl_sha1,08d8ee8314ace61bcc0481fe9c0e2bfaaccf34e0,sslbl,Vidar C&C,"sslbl,2026-08-12",2026-08-12 12:42:52,2026-08-30 16:23:27,88
ssl_sha1,096f890e1d8d4220a1c0501a50fd6037804412c4,sslbl,Vidar C&C,"sslbl,2026-07-23",2026-07-23 18:30:39,2026-08-30 16:23:27,88
ssl_sha1,097cee540020aa1e282dcf5afefebcb5a6a1dae4,sslbl,PureLogsStealer C&C,"sslbl,2026-08-06",2026-08-06 12:43:05,2026-08-30 16:23:27,88
ssl_sha1,09f261bec38f8f17f3aba55d8f24e0c11236de40,sslbl,PureLogsStealer C&C,"sslbl,2026-08-19",2026-08-19 16:06:13,2026-08-30 16:23:27,88
ssl_sha1,0a2f52fe0e41f4fa2154a7a42134187aa23b6289,sslbl,ConnectWise C&C,"sslbl,2026-08-19",2026-08-19 16:06:13,2026-08-30 16:23:27,88
ssl_sha1,0ad6076cb27bcdd5dd26fe56c022f4ab61ea00be,sslbl,Meterpreter C&C,"sslbl,2026-08-20",2026-08-20 16:06:17,2026-08-30 16:23:27,88
ssl_sha1,0b260881d660a14c3c0b2e61a6685839c8053bc9,sslbl,KongTuke C&C,"sslbl,2026-07-29",2026-07-29 17:37:13,2026-08-30 16:23:27,88
ssl_sha1,0b4632d2296a257c1ede3cbddad910d13570891d,sslbl,ValleyRAT C&C,"sslbl,2026-07-09",2026-07-09 20:25:43,2026-08-30 16:23:27,88
ssl_sha1,0b7abd7fefffcfe53a7ae01594e23d9488a214b4,sslbl,ConnectWise C&C,"sslbl,2026-08-19",2026-08-19 16:06:13,2026-08-30 16:23:27,88
ssl_sha1,0b92ba05df90855d90170858ba91680d33f76e0f,sslbl,ConnectWise C&C,"sslbl,2026-08-19",2026-08-19 16:06:13,2026-08-30 16:23:27,88
ssl_sha1,0bb977bf9e0950a1a818660dde009ac9934bd1e2,sslbl,Vidar C&C,"sslbl,2026-08-21",2026-08-21 16:09:28,2026-08-30 16:23:27,88
ssl_sha1,0c587f31dc58c33ef2e3632bb161f4d52231b7c1,sslbl,ConnectWise C&C,"sslbl,2026-08-22",2026-08-22 16:06:16,2026-08-30 16:23:27,88
ssl_sha1,0d9b7493086b8a7b2687ee21026ed1cb8eac55e5,sslbl,Vidar C&C,"sslbl,2026-07-03",2026-07-03 14:36:09,2026-08-30 16:23:27,88
ssl_sha1,0f1b05653c3b3ab3bb4ecd772dd024668cbe8df1,sslbl,QuasarRAT C&C,"sslbl,2026-08-13",2026-08-13 20:13:53,2026-08-30 16:23:27,88
ssl_sha1,0f4085482fb0664e22b9dc962bd87184a2048e28,sslbl,ACRStealer C&C,"sslbl,2026-08-26",2026-08-26 16:06:11,2026-08-30 16:23:27,88
ssl_sha1,0f47d296ca2a764238bfd644c7b716cffafa1352,sslbl,Vidar C&C,"sslbl,2026-08-21",2026-08-21 16:09:28,2026-08-30 16:23:27,88
ssl_sha1,0f50074c5489b97def2d220b8cd70bada3361220,sslbl,PureRAT C&C,"sslbl,2026-07-15",2026-07-16 05:21:37,2026-08-30 16:23:27,88
ssl_sha1,10444531944b9b521661ef3bd8d9848d70902bbd,sslbl,PureLogsStealer C&C,"sslbl,2026-08-10",2026-08-10 12:42:40,2026-08-30 16:23:27,88
ssl_sha1,11079f607edb45c25b11a2106e6ba510a055b98f,sslbl,ConnectWise C&C,"sslbl,2026-07-13",2026-07-13 20:25:50,2026-08-30 16:23:27,88
ssl_sha1,1199461c382373b4645960ca6875028d7c96ce16,sslbl,PureRAT C&C,"sslbl,2026-07-11",2026-07-11 08:25:58,2026-08-30 16:23:27,88
ssl_sha1,11a907f87c27b67e87f201281797b95f53508752,sslbl,OffLoader C&C,"sslbl,2026-08-10",2026-08-10 12:42:40,2026-08-30 16:23:27,88
ssl_sha1,11a9b0c571e681f4f9e7780e3aff1fe8c2f3d676,sslbl,KongTuke C&C,"sslbl,2026-07-29",2026-07-29 17:37:13,2026-08-30 16:23:27,88
ssl_sha1,12518c4545d6d6d57f43040cdd2dc966cd5ea6c4,sslbl,Malware C&C,"sslbl,2026-07-13",2026-07-13 20:25:50,2026-08-30 16:23:27,88
ssl_sha1,127e6ea4434d1e7c81918b4032c1282aa7d6d8a7,sslbl,ConnectWise C&C,"sslbl,2026-07-15",2026-07-16 05:21:37,2026-08-30 16:23:27,88
ssl_sha1,12b3a868314cd43aa8d304a7e529bbd498ee74ee,sslbl,Vidar C&C,"sslbl,2026-07-23",2026-07-24 05:35:19,2026-08-30 16:23:27,88
ssl_sha1,12c42acde116383d7b75ae10fc47d5f369f5633e,sslbl,RemusStealer C&C,"sslbl,2026-08-06",2026-08-06 12:43:05,2026-08-30 16:23:27,88
ssl_sha1,131d534087149d0095a326dcb33e77afcbec308c,sslbl,AnimateClipper C&C,"sslbl,2026-07-26",2026-07-26 17:35:20,2026-08-30 16:23:27,88
ssl_sha1,131e6cb931dd908cdf9fc5bdd6f8245c9b399ea9,sslbl,ConnectWise C&C,"sslbl,2026-08-07",2026-08-07 12:43:25,2026-08-30 16:23:27,88
ssl_sha1,1389c26fb7ce71a7aa1514e86879daf6b373325a,sslbl,OffLoader C&C,"sslbl,2026-08-28",2026-08-29 04:06:17,2026-08-30 16:23:27,88
ssl_sha1,13f40ae70a0fe1ae9e727ad329583635cf8090be,sslbl,PureLogsStealer C&C,"sslbl,2026-08-10",2026-08-11 00:42:33,2026-08-30 16:23:27,88
ssl_sha1,14333675b09013c7299af764816b152b90d29952,sslbl,Vidar C&C,"sslbl,2026-08-14",2026-08-14 08:13:11,2026-08-30 16:23:27,88
ssl_sha1,145b585a8d477243e229f4d660d1a9fc40b38243,sslbl,PureRAT C&C,"sslbl,2026-07-07",2026-07-07 17:20:36,2026-08-30 16:23:27,88
ssl_sha1,147ca23505c924119036d7e4942ddc0737f39adf,sslbl,PureLogsStealer C&C,"sslbl,2026-08-07",2026-08-07 12:43:25,2026-08-30 16:23:27,88
ssl_sha1,150e9fffc913a1c87bf94e7f2ad0354d4b6afea1,sslbl,Malware distribution,"sslbl,2026-08-22",2026-08-22 16:06:16,2026-08-30 16:23:27,88
ssl_sha1,1559cd3d9f518eb7d4cbe0a3ff405db4e03a3ba0,sslbl,MaskGramStealer C&C,"sslbl,2026-07-09",2026-07-09 20:25:43,2026-08-30 16:23:27,88
ssl_sha1,16237ea9476a99f34c740649ccb7119db3af5df0,sslbl,PureRAT C&C,"sslbl,2026-08-08",2026-08-09 00:42:39,2026-08-30 16:23:27,88
ssl_sha1,16508580f31edaaf4cbe08f9c417840fa4f918d0,sslbl,ACRStealer C&C,"sslbl,2026-07-23",2026-07-23 18:30:39,2026-08-30 16:23:27,88
ssl_sha1,16545697d78cbada6dac236b73dbeff19c9035d1,sslbl,PureLogsStealer C&C,"sslbl,2026-08-19",2026-08-20 04:06:14,2026-08-30 16:23:27,88
ssl_sha1,1674f349ec288a75ac123a1752d433a21ceddcef,sslbl,Vidar C&C,"sslbl,2026-08-11",2026-08-11 12:42:27,2026-08-30 16:23:27,88
ssl_sha1,16e2a45afc9c237a463c23e14110aebb700085db,sslbl,Vidar C&C,"sslbl,2026-07-09",2026-07-09 20:25:43,2026-08-30 16:23:27,88
ssl_sha1,16fbb45457a2d8e67c556db46e051893917e2104,sslbl,KongTuke C&C,"sslbl,2026-07-30",2026-07-30 17:35:22,2026-08-30 16:23:27,88
ssl_sha1,1727143583fd38bc4b6b5986f5c7b2c919f885af,sslbl,KongTuke C&C,"sslbl,2026-07-30",2026-07-30 17:35:22,2026-08-30 16:23:27,88
ssl_sha1,173cb58c2538a3e2fccf3f3ae72b5713e4f810a3,sslbl,ACRStealer C&C,"sslbl,2026-08-19",2026-08-19 16:06:13,2026-08-30 16:23:27,88
ssl_sha1,183d02c077142b8701d1a719cc8cee3f8fb76072,sslbl,OffLoader C&C,"sslbl,2026-08-14",2026-08-14 08:13:11,2026-08-30 16:23:27,88
ssl_sha1,1869a727516b162905ef9df32d1ad3fe6ceea9f0,sslbl,PureLogsStealer C&C,"sslbl,2026-08-13",2026-08-13 08:13:02,2026-08-30 16:23:27,88
ssl_sha1,19cf66baa4727b080e283d10284993170c9b462b,sslbl,Vidar C&C,"sslbl,2026-08-22",2026-08-22 16:06:16,2026-08-30 16:23:27,88
ssl_sha1,19d7b8b5842177ba762fb0b30fd1368e953e73e9,sslbl,ACRStealer C&C,"sslbl,2026-08-11",2026-08-11 12:42:27,2026-08-30 16:23:27,88
ssl_sha1,1ab7aaf074b1e925322cd328b4d1343f46f4f91b,sslbl,PureLogsStealer C&C,"sslbl,2026-08-08",2026-08-09 00:42:39,2026-08-30 16:23:27,88
ssl_sha1,1b2dbae5f515c39f62dd4b8e8d505b3d11150ccf,sslbl,KongTuke C&C,"sslbl,2026-07-09",2026-07-09 20:25:43,2026-08-30 16:23:27,88
ssl_sha1,1b48b0bd62383ba8f49d25e8584a290016730f3d,sslbl,Vidar C&C,"sslbl,2026-08-11",2026-08-11 12:42:27,2026-08-30 16:23:27,88
ssl_sha1,1b64957d1d878c0c0b0b346849db2e64d487aa17,sslbl,QuasarRAT C&C,"sslbl,2026-07-07",2026-07-07 17:20:36,2026-08-30 16:23:27,88
ssl_sha1,1cdb18c33da65a40adad7b51808edf66f3e180e5,sslbl,PureLogsStealer C&C,"sslbl,2026-08-21",2026-08-21 16:09:28,2026-08-30 16:23:27,88
ssl_sha1,1d6ef2caa8acc4b05edcbf2e8b1e6ee9c7217eb9,sslbl,Vidar C&C,"sslbl,2026-08-12",2026-08-12 12:42:52,2026-08-30 16:23:27,88
ssl_sha1,1db0412338ca7c2407e54aeb6791beeedd146c4c,sslbl,PureRAT C&C,"sslbl,2026-07-16",2026-07-16 17:20:54,2026-08-30 16:23:27,88
ssl_sha1,1dc516de96cd73ff7a4040ec3b4927988d1a0049,sslbl,ConnectWise C&C,"sslbl,2026-08-04",2026-08-04 07:49:13,2026-08-30 16:23:27,88
ssl_sha1,1dedacf3710f30c15b9e73c9d719a969eec755e5,sslbl,Vidar C&C,"sslbl,2026-07-15",2026-07-16 05:21:37,2026-08-30 16:23:27,88
ssl_sha1,1e5253b44aa68a4b31f0dfc07df48b31798debca,sslbl,ACRStealer C&C,"sslbl,2026-07-18",2026-07-19 05:20:40,2026-08-30 16:23:27,88
ssl_sha1,1e7d6c983d80311dcecc580135dcc216732fd478,sslbl,Vidar C&C,"sslbl,2026-08-19",2026-08-19 16:06:13,2026-08-30 16:23:27,88
ssl_sha1,1e9d00de147af3c24b22721d8c18680150dad2d5,sslbl,Vidar C&C,"sslbl,2026-07-09",2026-07-09 20:25:43,2026-08-30 16:23:27,88
ssl_sha1,1f494cd829ce4d2c465b8e981a0c7f9288354328,sslbl,Vidar C&C,"sslbl,2026-08-30",2026-08-30 16:06:18,2026-08-30 16:23:27,88
ssl_sha1,201d98003abc22c969b65777f285237431a46bcc,sslbl,ArkeiStealer C&C,"sslbl,2026-07-09",2026-07-09 20:25:43,2026-08-30 16:23:27,88
ssl_sha1,206219a2b2d7704733e09b28d639f4e574ed81df,sslbl,PureRAT C&C,"sslbl,2026-07-09",2026-07-09 20:25:43,2026-08-30 16:23:27,88
ssl_sha1,2125bebc5912c9fb523a668daf7d116999488493,sslbl,Koadic C&C,"sslbl,2026-08-27",2026-08-27 16:06:11,2026-08-30 16:23:27,88
ssl_sha1,22549b9d0f61cb1d81ef6aea0ebc3689e38f12df,sslbl,RatonRAT C&C,"sslbl,2026-07-07",2026-07-07 17:20:36,2026-08-30 16:23:27,88
ssl_sha1,22bedd3b6ea141fbe9b50681baa395909e014ad0,sslbl,PureLogsStealer C&C,"sslbl,2026-08-06",2026-08-06 12:43:05,2026-08-30 16:23:27,88
ssl_sha1,22cb3cb6d7b5b158d2156b1bd4018db8b5433ea7,sslbl,Vidar C&C,"sslbl,2026-07-11",2026-07-11 08:25:58,2026-08-30 16:23:27,88
ssl_sha1,23267256640f8285cc77767082fe17ac0b8d23b0,sslbl,ACRStealer C&C,"sslbl,2026-07-09",2026-07-09 20:25:43,2026-08-30 16:23:27,88
ssl_sha1,240ce6287e5ee63adc65bde38ca08a7132f5b08b,sslbl,RatonRAT C&C,"sslbl,2026-08-27",2026-08-27 16:06:11,2026-08-30 16:23:27,88
ssl_sha1,249e8ea802749b050406b973576babe4c555d2c9,sslbl,PureRAT C&C,"sslbl,2026-07-09",2026-07-09 20:25:43,2026-08-30 16:23:27,88
ssl_sha1,25042ea148aa7ccb23ebabb701cacca1d2fbd1d4,sslbl,HypeAgent C&C,"sslbl,2026-08-25",2026-08-25 16:07:37,2026-08-30 16:23:27,88
ssl_sha1,2516492455c882b6a07fbcb076f31a06b2a71963,sslbl,Vidar C&C,"sslbl,2026-07-11",2026-07-11 08:25:58,2026-08-30 16:23:27,88
ssl_sha1,25828f9462f9998c2be7214d5db7e092e3878945,sslbl,Vidar C&C,"sslbl,2026-08-12",2026-08-12 12:42:52,2026-08-30 16:23:27,88
ssl_sha1,25b12b6623c85699b128e0b49fab305fa6b53291,sslbl,ACRStealer C&C,"sslbl,2026-07-13",2026-07-13 08:25:39,2026-08-30 16:23:27,88
ssl_sha1,261044d91561eedea17eac730254426b193e27fe,sslbl,PureRAT C&C,"sslbl,2026-08-13",2026-08-13 08:13:02,2026-08-30 16:23:27,88
ssl_sha1,263a7098595232fb1c9536d18a903858431212c0,sslbl,MeshAgent C&C,"sslbl,2026-08-10",2026-08-11 00:42:33,2026-08-30 16:23:27,88
ssl_sha1,26d708c6ce4554e9fed0ae35556501faf8d0b01c,sslbl,ZigClipper C&C,"sslbl,2026-08-08",2026-08-09 00:42:39,2026-08-30 16:23:27,88
ssl_sha1,277cf8e1227351964ba2a8e57b49b26f8f8e353a,sslbl,Vidar C&C,"sslbl,2026-08-24",2026-08-24 16:06:10,2026-08-30 16:23:27,88
ssl_sha1,283042355c89f2c59e260246d1488a73a8bef7b2,sslbl,PureLogsStealer C&C,"sslbl,2026-07-27",2026-07-27 17:35:21,2026-08-30 16:23:27,88
ssl_sha1,287c688acd02bd779c6315eacc15e3d25145b616,sslbl,ConnectWise C&C,"sslbl,2026-07-15",2026-07-16 05:21:37,2026-08-30 16:23:27,88
ssl_sha1,28db945e3beaf15a6f6d7fdf2dfc06a5f0319fc3,sslbl,Malware C&C,"sslbl,2026-08-06",2026-08-06 12:43:05,2026-08-30 16:23:27,88
ssl_sha1,29e434f384fe91188ce4c8a3f607a781e5c5e5d1,sslbl,PureRAT C&C,"sslbl,2026-08-06",2026-08-06 12:43:05,2026-08-30 16:23:27,88
ssl_sha1,2a68cf483216956f8162c0334a75dac483bfaac6,sslbl,Vidar C&C,"sslbl,2026-08-13",2026-08-13 20:13:53,2026-08-30 16:23:27,88
ssl_sha1,2b05666e08e41d03ae03a5f282434e36229ea962,sslbl,ConnectWise C&C,"sslbl,2026-08-14",2026-08-14 08:13:11,2026-08-30 16:23:27,88
ssl_sha1,2b05df2a2d8cc657ebb0dce94b5c2914ee21d801,sslbl,PureRAT C&C,"sslbl,2026-07-14",2026-07-14 08:25:37,2026-08-30 16:23:27,88
ssl_sha1,2b7ffb92a05fe5f22a0f26d9c76a3155f04fdd45,sslbl,PureLogsStealer C&C,"sslbl,2026-08-04",2026-08-05 12:42:46,2026-08-30 16:23:27,88
ssl_sha1,2d410f6e2daaf4665a958610ce94242145c714e3,sslbl,PureLogsStealer C&C,"sslbl,2026-08-08",2026-08-09 00:42:39,2026-08-30 16:23:27,88
ssl_sha1,2d83749ee793d5dd905aebcee10c1898c7ce8110,sslbl,KongTuke C&C,"sslbl,2026-07-08",2026-07-08 17:19:24,2026-08-30 16:23:27,88
ssl_sha1,2e22d7adb72403b6ff2b18c7302cbfff8ea45010,sslbl,KongTuke C&C,"sslbl,2026-07-14",2026-07-16 05:21:37,2026-08-30 16:23:27,88
ssl_sha1,304062e0d9d93dad14b84554abb56fd3af8266ff,sslbl,Vidar C&C,"sslbl,2026-08-19",2026-08-19 16:06:13,2026-08-30 16:23:27,88
ssl_sha1,30ae51f106a573be769968e15c0a6f56a2878a16,sslbl,Vidar C&C,"sslbl,2026-08-05",2026-08-05 12:42:46,2026-08-30 16:23:27,88
ssl_sha1,3141245c066d71ef08936296ffea7ea15082f7fd,sslbl,ConnectWise C&C,"sslbl,2026-08-14",2026-08-14 08:13:11,2026-08-30 16:23:27,88
ssl_sha1,32a8651489a0a5fb3fb0679514bed1e86c0c576c,sslbl,ACRStealer C&C,"sslbl,2026-08-10",2026-08-10 12:42:40,2026-08-30 16:23:27,88
ssl_sha1,3403986d256e4ce608c0b4e9648d867a373ff6cc,sslbl,Vidar C&C,"sslbl,2026-07-13",2026-07-14 08:25:37,2026-08-30 16:23:27,88
ssl_sha1,34ba6ed6fdcf11e71f689efe8e8bb5d723339125,sslbl,AsyncRAT C&C,"sslbl,2026-07-13",2026-07-13 20:25:50,2026-08-30 16:23:27,88
ssl_sha1,3595cb507d47314a6749679e4217ec993c5c3691,sslbl,DCAgentRMM C&C,"sslbl,2026-08-25",2026-08-25 16:07:37,2026-08-30 16:23:27,88
ssl_sha1,3599615abff24cd9b7801d4ee3263d66ab320867,sslbl,PureLogsStealer C&C,"sslbl,2026-07-15",2026-07-16 05:21:37,2026-08-30 16:23:27,88
ssl_sha1,35c361f9688643bd7cd6a7057178d869bcd6ea7b,sslbl,ConnectWise C&C,"sslbl,2026-08-04",2026-08-04 07:49:13,2026-08-30 16:23:27,88
ssl_sha1,35c7582e7fe35b257038a3c687d81db0f06a1c38,sslbl,RatonRAT C&C,"sslbl,2026-07-07",2026-07-07 17:20:36,2026-08-30 16:23:27,88
ssl_sha1,361864879b9712b391b7d1af733e24168f67c419,sslbl,Malware C&C,"sslbl,2026-08-04",2026-08-05 12:42:46,2026-08-30 16:23:27,88
ssl_sha1,369b439f1afec9b1ae1d5de29a603f6ba34a3039,sslbl,PureRAT C&C,"sslbl,2026-08-04",2026-08-04 07:49:13,2026-08-30 16:23:27,88
ssl_sha1,3712fb1d824e230a43660016e4e305e623dad067,sslbl,Malware C&C,"sslbl,2026-08-12",2026-08-12 12:42:52,2026-08-30 16:23:27,88
ssl_sha1,376f3988574afebfde5b9dfd2b3498ee0617b6c1,sslbl,PureRAT C&C,"sslbl,2026-07-09",2026-07-09 20:25:43,2026-08-30 16:23:27,88
ssl_sha1,38d23ac7c8e3f29dc51158a77665811f6a5e1341,sslbl,ConnectWise C&C,"sslbl,2026-07-13",2026-07-13 20:25:50,2026-08-30 16:23:27,88
ssl_sha1,3992dd5edcdf2ce5d143f933e2657640e00a58d4,sslbl,OffLoader C&C,"sslbl,2026-08-20",2026-08-20 16:06:17,2026-08-30 16:23:27,88
ssl_sha1,39977fc471c8a241dbe54f09ba2caaca0261710f,sslbl,ConnectWise C&C,"sslbl,2026-07-14",2026-07-14 08:25:37,2026-08-30 16:23:27,88
ssl_sha1,3b0855807c94981dca90ba6eb15e94087c91fb52,sslbl,PureRAT C&C,"sslbl,2026-08-08",2026-08-09 00:42:39,2026-08-30 16:23:27,88
ssl_sha1,3c286904e96ada2549fe774aa6eb2d39920219ec,sslbl,Malware C&C,"sslbl,2026-08-13",2026-08-13 08:13:02,2026-08-30 16:23:27,88
ssl_sha1,3cf6a282d22b606bce0ba5ad74526257eff4cf81,sslbl,PureRAT C&C,"sslbl,2026-07-17",2026-07-17 17:21:06,2026-08-30 16:23:27,88
ssl_sha1,3ddf56dd624309d956cccb6c41eb6fcfbb3c6364,sslbl,ZigClipper C&C,"sslbl,2026-08-05",2026-08-06 00:43:27,2026-08-30 16:23:27,88
ssl_sha1,3e3c44169f96771a93af70cef73772afc6530f39,sslbl,Vidar C&C,"sslbl,2026-08-10",2026-08-10 12:42:40,2026-08-30 16:23:27,88
ssl_sha1,3e615d9da0efbbbea30584bce2037017460f7251,sslbl,PureLogsStealer C&C,"sslbl,2026-07-14",2026-07-14 19:40:35,2026-08-30 16:23:27,88
ssl_sha1,3fb1dbcabe3bab0eb06fefe295821bff1007fb25,sslbl,PureRAT C&C,"sslbl,2026-07-17",2026-07-17 17:21:06,2026-08-30 16:23:27,88
ssl_sha1,400866dbd7d2f51fbab5f7f73e98f60df8e0d798,sslbl,KongTuke C&C,"sslbl,2026-07-07",2026-07-07 17:20:36,2026-08-30 16:23:27,88
ssl_sha1,407df66ac87ceb177c560e82df9521c8003b5f0d,sslbl,ConnectWise C&C,"sslbl,2026-08-28",2026-08-29 04:06:17,2026-08-30 16:23:27,88
ssl_sha1,40ab2a74848e4b409900153beb94a6977de80d4a,sslbl,PureRAT C&C,"sslbl,2026-08-04",2026-08-04 07:49:13,2026-08-30 16:23:27,88
ssl_sha1,40d55bdf808d31690157cc7865a3161d6f44f073,sslbl,Vidar C&C,"sslbl,2026-08-17",2026-08-17 08:13:04,2026-08-30 16:23:27,88
ssl_sha1,41cbe997a63cc9211fd19593cfcf27602d10bcd8,sslbl,AsyncRAT C&C,"sslbl,2026-07-06",2026-07-06 14:36:57,2026-08-30 16:23:27,88
ssl_sha1,41f8e81a4f9b3e7e70353a84e4bf87d687ddc79e,sslbl,ConnectWise C&C,"sslbl,2026-08-28",2026-08-29 04:06:17,2026-08-30 16:23:27,88
ssl_sha1,41fb7a086b442b60106c064b90f453aa98d0056b,sslbl,Vidar C&C,"sslbl,2026-07-09",2026-07-09 20:25:43,2026-08-30 16:23:27,88
ssl_sha1,42412a6aee2a4ff0234fc0afe142d5a2bf8f1e92,sslbl,HypeAgent C&C,"sslbl,2026-08-27",2026-08-27 16:06:11,2026-08-30 16:23:27,88
ssl_sha1,4264b1c47eac055ce604ef3509d23cd7e3bd584b,sslbl,Vidar C&C,"sslbl,2026-07-16",2026-07-16 17:20:54,2026-08-30 16:23:27,88
ssl_sha1,441b920d869b1e83fe18a2d86d4b6be20099c145,sslbl,ConnectWise C&C,"sslbl,2026-08-07",2026-08-07 12:43:25,2026-08-30 16:23:27,88
ssl_sha1,44319377ae94a257a0c081e5fdcb97d1d93b127d,sslbl,ConnectWise C&C,"sslbl,2026-07-15",2026-07-16 05:21:37,2026-08-30 16:23:27,88
ssl_sha1,4442db8ed5780616c630362ab45b8e59f40a2e5a,sslbl,Vidar C&C,"sslbl,2026-08-19",2026-08-19 16:06:13,2026-08-30 16:23:27,88
ssl_sha1,448bf34943609cd5dcadf4b1dc58512df0718e57,sslbl,PureLogsStealer C&C,"sslbl,2026-08-06",2026-08-06 12:43:05,2026-08-30 16:23:27,88
ssl_sha1,450a46fca2ded0fb7231080b7ec1fef089aa6abe,sslbl,Stealc C&C,"sslbl,2026-08-27",2026-08-27 16:06:11,2026-08-30 16:23:27,88
ssl_sha1,45152caa36a93f2aa9dab483d4c57531221c431d,sslbl,DCRat C&C,"sslbl,2026-08-20",2026-08-20 16:06:17,2026-08-30 16:23:27,88
ssl_sha1,4525d76a2086fb71cddff33816f107dd8a57564c,sslbl,PureRAT C&C,"sslbl,2026-07-06",2026-07-06 14:36:57,2026-08-30 16:23:27,88
ssl_sha1,45bbc5ebc131cca9663c35c95459564007049d07,sslbl,Vidar C&C,"sslbl,2026-07-25",2026-07-25 17:35:24,2026-08-30 16:23:27,88
ssl_sha1,4672fba181056b9df706573af71ad6462ea3df67,sslbl,PureLogsStealer C&C,"sslbl,2026-08-11",2026-08-11 12:42:27,2026-08-30 16:23:27,88
ssl_sha1,46a2a90c5813eda22263c058742902faf1def5a6,sslbl,ConnectWise C&C,"sslbl,2026-08-14",2026-08-14 08:13:11,2026-08-30 16:23:27,88
ssl_sha1,472239fd43cdfe3b960245672b183c4be200ed7a,sslbl,Vidar C&C,"sslbl,2026-07-23",2026-07-24 05:35:19,2026-08-30 16:23:27,88
ssl_sha1,47a42b7e960e081fb973d80964554f4dea813c9d,sslbl,PureLogsStealer C&C,"sslbl,2026-07-15",2026-07-16 05:21:37,2026-08-30 16:23:27,88
ssl_sha1,481d7383aaeec383beb3012d8dfd20548837e42b,sslbl,PureRAT C&C,"sslbl,2026-08-20",2026-08-20 16:06:17,2026-08-30 16:23:27,88
ssl_sha1,48381652ae3e124b686c25282dac3858a5f2de3e,sslbl,PureRAT C&C,"sslbl,2026-07-21",2026-07-21 17:20:42,2026-08-30 16:23:27,88
ssl_sha1,4a67cf0297c6308d31cbd2e89cd5246817bb1330,sslbl,ACRStealer C&C,"sslbl,2026-08-28",2026-08-28 16:06:18,2026-08-30 16:23:27,88
ssl_sha1,4a6e8bfafdb4754d3fbc09a01e52a88d9d4dd57c,sslbl,OffLoader C&C,"sslbl,2026-08-19",2026-08-19 16:06:13,2026-08-30 16:23:27,88
ssl_sha1,4ab5197c559d38f2d4886d00f7140b09318bc5ca,sslbl,Vidar C&C,"sslbl,2026-07-13",2026-07-13 20:25:50,2026-08-30 16:23:27,88
ssl_sha1,4af51082ffa699d104ec1f66263afc8efa99cf76,sslbl,OffLoader C&C,"sslbl,2026-07-09",2026-07-09 20:25:43,2026-08-30 16:23:27,88
ssl_sha1,4b75d1218c87bc4192b6be37dbd990c11859fef8,sslbl,Metasploit C&C,"sslbl,2026-07-16",2026-07-16 17:20:54,2026-08-30 16:23:27,88
ssl_sha1,4bd9fa1c2cefa0f68b276923d33e9989e2fd0031,sslbl,PureRAT C&C,"sslbl,2026-08-04",2026-08-04 07:49:13,2026-08-30 16:23:27,88
ssl_sha1,4c67471be88dd63db2466621fe9e2a2d848f5b79,sslbl,QuasarRAT C&C,"sslbl,2026-07-13",2026-07-13 20:25:50,2026-08-30 16:23:27,88
ssl_sha1,4c7132f9c8bfa60751049644820c6f3a90884ff2,sslbl,RatonRAT C&C,"sslbl,2026-08-19",2026-08-19 16:06:13,2026-08-30 16:23:27,88
ssl_sha1,4cad5fa297a09de48d002bf034f543fd7a9384ed,sslbl,Vidar C&C,"sslbl,2026-08-12",2026-08-12 12:42:52,2026-08-30 16:23:27,88
ssl_sha1,4e11bfd54a27de8b3338b42301ccdf02a21d92a5,sslbl,Vidar C&C,"sslbl,2026-07-06",2026-07-06 14:36:57,2026-08-30 16:23:27,88
ssl_sha1,4e5b7b186ad51a93d4e1ba0e2b5ca006b62571be,sslbl,AsyncRAT C&C,"sslbl,2026-07-21",2026-07-21 17:20:42,2026-08-30 16:23:27,88
ssl_sha1,4ee6cf96fce286a8e41faa52626ccf484c72a772,sslbl,Vidar C&C,"sslbl,2026-08-14",2026-08-14 08:13:11,2026-08-30 16:23:27,88
ssl_sha1,4f6db5622e97cb304f7a739d60c8c3acba13f260,sslbl,Stealc C&C,"sslbl,2026-08-19",2026-08-19 16:06:13,2026-08-30 16:23:27,88
ssl_sha1,5017bd59caaf4a057c724b366aa9530e5cc19931,sslbl,ConnectWise C&C,"sslbl,2026-08-04",2026-08-04 07:49:13,2026-08-30 16:23:27,88
ssl_sha1,501d817bb1780acfe5e47082c43472bda8068e4d,sslbl,LummaStealer C&C,"sslbl,2026-07-13",2026-07-13 20:25:50,2026-08-30 16:23:27,88
ssl_sha1,508ab3696a27249abc7ea437ee1b8bcb8a999d65,sslbl,OverlordRAT C&C,"sslbl,2026-08-08",2026-08-09 00:42:39,2026-08-30 16:23:27,88
ssl_sha1,50c542ca788f012319a8f72453ae5431e0213a4f,sslbl,PureLogsStealer C&C,"sslbl,2026-08-19",2026-08-19 16:06:13,2026-08-30 16:23:27,88
ssl_sha1,50cad154b9d5fdd19c3f67162257de03d3a6afcd,sslbl,OffLoader C&C,"sslbl,2026-07-17",2026-07-17 17:21:06,2026-08-30 16:23:27,88
ssl_sha1,51addb0b10ea11992e4a7dcc168fe8c6eaddf0be,sslbl,OffLoader C&C,"sslbl,2026-07-06",2026-07-06 14:36:57,2026-08-30 16:23:27,88
ssl_sha1,52b3c657964c5ac626f54446cbfb75165d215d65,sslbl,PureLogsStealer C&C,"sslbl,2026-08-04",2026-08-04 07:49:13,2026-08-30 16:23:27,88
ssl_sha1,53e5a73e14b16d4140421466795a2196a53e2bbc,sslbl,PureRAT C&C,"sslbl,2026-08-27",2026-08-27 16:06:11,2026-08-30 16:23:27,88
ssl_sha1,544c1e86e02e5ac18fabe17fff152e4c7e370990,sslbl,ACRStealer C&C,"sslbl,2026-07-23",2026-07-23 18:30:39,2026-08-30 16:23:27,88
ssl_sha1,55828dc9278fe7cc50514d9e95e64422804a0b84,sslbl,OffLoader C&C,"sslbl,2026-08-10",2026-08-10 12:42:40,2026-08-30 16:23:27,88
ssl_sha1,55f0fc964675706a15353d56745bb20d95213e53,sslbl,Malware distribution,"sslbl,2026-07-09",2026-07-09 20:25:43,2026-08-30 16:23:27,88
ssl_sha1,572029fec2909ba613cee3c3698b8a49af83b428,sslbl,OffLoader C&C,"sslbl,2026-07-15",2026-07-16 05:21:37,2026-08-30 16:23:27,88
ssl_sha1,573ff46149f8feb36cd0dbf80427b88aa156ed7b,sslbl,KongTuke C&C,"sslbl,2026-07-17",2026-07-17 17:21:06,2026-08-30 16:23:27,88
ssl_sha1,57dd505a5d745deaa32411f3f7e247e6795164a5,sslbl,Vidar C&C,"sslbl,2026-08-19",2026-08-19 16:06:13,2026-08-30 16:23:27,88
ssl_sha1,58243e4728cadacb308dfa0b964571e374ac3c1c,sslbl,Vidar C&C,"sslbl,2026-08-04",2026-08-04 07:49:13,2026-08-30 16:23:27,88
ssl_sha1,58a5ded84c93621d72ecc14b386e0e6bea5d103a,sslbl,Vidar C&C,"sslbl,2026-07-15",2026-07-16 05:21:37,2026-08-30 16:23:27,88
ssl_sha1,59658d5b08a31b31941b598ef4287fecf26a5e54,sslbl,PureLogsStealer C&C,"sslbl,2026-07-06",2026-07-06 14:36:57,2026-08-30 16:23:27,88
ssl_sha1,5b0334a2bc768aa1fef1eb0d10bf52edb071bf1c,sslbl,Vidar C&C,"sslbl,2026-08-10",2026-08-10 12:42:40,2026-08-30 16:23:27,88
ssl_sha1,5b276d28106cb7d91dd5f810e61d9523d34c7804,sslbl,PureLogsStealer C&C,"sslbl,2026-08-21",2026-08-21 16:09:28,2026-08-30 16:23:27,88
ssl_sha1,5b3c4900b63eb2ca8d0d174ef9e989324bc58c0d,sslbl,TELEPUZ C&C,"sslbl,2026-08-21",2026-08-21 16:09:28,2026-08-30 16:23:27,88
ssl_sha1,5b86c194e3e28190e76652c7a39e9acbf849ada2,sslbl,Vidar C&C,"sslbl,2026-08-13",2026-08-13 08:13:02,2026-08-30 16:23:27,88
ssl_sha1,5d801efeb2e22aa0da901ffbce45db05a80a7b0b,sslbl,Vidar C&C,"sslbl,2026-08-25",2026-08-25 16:07:37,2026-08-30 16:23:27,88
ssl_sha1,5dc598df9a1f9cf893ce86b54f8be517475d1ff9,sslbl,OffLoader C&C,"sslbl,2026-07-21",2026-07-21 17:20:42,2026-08-30 16:23:27,88
ssl_sha1,5dcd3232fc9873ebedca38f8ba5992fce6dccb61,sslbl,PureLogsStealer C&C,"sslbl,2026-08-05",2026-08-06 00:43:27,2026-08-30 16:23:27,88
ssl_sha1,5df6480942779ca755ba42db5446f6492a3bb99b,sslbl,PureLogsStealer C&C,"sslbl,2026-08-26",2026-08-26 16:06:11,2026-08-30 16:23:27,88
ssl_sha1,5e06eaa686adc5ca8fd118752c6667e826bbcad0,sslbl,ConnectWise C&C,"sslbl,2026-08-28",2026-08-29 04:06:17,2026-08-30 16:23:27,88
ssl_sha1,5e7110d4c25e3aef153d9d38610550ad510f23cf,sslbl,Vidar C&C,"sslbl,2026-08-19",2026-08-19 16:06:13,2026-08-30 16:23:27,88
ssl_sha1,60df0e327f3736946e966b453ef233da0c42b927,sslbl,Havoc C&C,"sslbl,2026-08-10",2026-08-10 12:42:40,2026-08-30 16:23:27,88
ssl_sha1,61042420cd71b5edcdd9ef7ff070deef7398a725,sslbl,Vidar C&C,"sslbl,2026-08-04",2026-08-04 07:49:13,2026-08-30 16:23:27,88
ssl_sha1,632061b26a93455e9c4f0ac413deae710c920216,sslbl,PureLogsStealer C&C,"sslbl,2026-07-21",2026-07-21 17:20:42,2026-08-30 16:23:27,88
ssl_sha1,64ba3430f767ced74b2828509a653187e9553971,sslbl,Vidar C&C,"sslbl,2026-08-11",2026-08-12 00:43:15,2026-08-30 16:23:27,88
ssl_sha1,64e6fe29e84ea3ecaaef08920d8ceb9567240166,sslbl,Vidar C&C,"sslbl,2026-08-25",2026-08-25 16:07:37,2026-08-30 16:23:27,88
ssl_sha1,655b8a9e32dd444d708ab21eb8604f89332db8ab,sslbl,Vidar C&C,"sslbl,2026-08-27",2026-08-27 16:06:11,2026-08-30 16:23:27,88
ssl_sha1,659379b480f2d3448f8946b0961115e00bfdbce0,sslbl,OffLoader C&C,"sslbl,2026-07-13",2026-07-13 20:25:49,2026-08-30 16:23:27,88
ssl_sha1,6617b3218632fe78cd223bfae98ae55ef69c13c2,sslbl,OffLoader C&C,"sslbl,2026-07-03",2026-07-03 14:36:09,2026-08-30 16:23:27,88
ssl_sha1,664729bef77ee9c9f2f523fc1305ef65fa05dbae,sslbl,Vidar C&C,"sslbl,2026-08-11",2026-08-11 12:42:27,2026-08-30 16:23:27,88
ssl_sha1,6647f9e4a2e273d7b78ff02be7114b0e9e2a719f,sslbl,AsyncRAT C&C,"sslbl,2026-08-04",2026-08-04 07:49:13,2026-08-30 16:23:27,88
ssl_sha1,67044f9079f804d4a6217093c679897fec1f90e2,sslbl,AsyncRAT C&C,"sslbl,2026-07-23",2026-07-24 05:35:19,2026-08-30 16:23:27,88
ssl_sha1,674a11078348ede85c2e978063a1eb6ea1dbfd81,sslbl,OffLoader C&C,"sslbl,2026-08-26",2026-08-26 16:06:11,2026-08-30 16:23:27,88
ssl_sha1,680cfafa3541d8bdf18c8725016b0d987b9a7dbc,sslbl,DCRat C&C,"sslbl,2026-08-13",2026-08-13 08:13:02,2026-08-30 16:23:27,88
ssl_sha1,6852cc75937e2d30455d30257da88d19e57d5ef2,sslbl,Malware distribution,"sslbl,2026-07-11",2026-07-11 08:25:58,2026-08-30 16:23:27,88
ssl_sha1,687928f5bd90cb243f29760de8d299236de2cadf,sslbl,PureRAT C&C,"sslbl,2026-08-19",2026-08-20 04:06:14,2026-08-30 16:23:27,88
ssl_sha1,68ffb512bc3f1f544502736127d3bdbd6ece390b,sslbl,OffLoader C&C,"sslbl,2026-07-15",2026-07-16 05:21:37,2026-08-30 16:23:27,88
ssl_sha1,6a0fa16417ad776c441dab2aacb50bd3e64bd4c3,sslbl,QuimaRAT C&C,"sslbl,2026-07-09",2026-07-09 20:25:43,2026-08-30 16:23:27,88
ssl_sha1,6a338d0e652aeb230f0b42e3916ff0f8b86d7409,sslbl,AsyncRAT C&C,"sslbl,2026-07-09",2026-07-09 20:25:43,2026-08-30 16:23:27,88
ssl_sha1,6ca71f241dad148aaee6ea4a345e1ef1adaa0ffb,sslbl,KongTuke C&C,"sslbl,2026-07-23",2026-07-23 18:30:39,2026-08-30 16:23:27,88
ssl_sha1,6cac7b4801a4e5b675050769d90bb1da5306d537,sslbl,ConnectWise C&C,"sslbl,2026-08-04",2026-08-04 07:49:13,2026-08-30 16:23:27,88
ssl_sha1,6cd9f5c15b172c39fd51e13d36d39c73a4d1395a,sslbl,OffLoader C&C,"sslbl,2026-07-06",2026-07-06 14:36:57,2026-08-30 16:23:27,88
ssl_sha1,6d92d180394761c59cc1455cf6a7c773fb4efabe,sslbl,PureRAT C&C,"sslbl,2026-08-20",2026-08-20 16:06:17,2026-08-30 16:23:27,88
ssl_sha1,6e64e6fafd7922f1100ce4f5334fef6dd75b2e66,sslbl,PureLogsStealer C&C,"sslbl,2026-08-06",2026-08-06 12:43:05,2026-08-30 16:23:27,88
ssl_sha1,711c3a7bd15ae5377f4c395e23b3d8b8f1327ced,sslbl,Vidar C&C,"sslbl,2026-08-30",2026-08-30 16:06:18,2026-08-30 16:23:27,88
ssl_sha1,714c56e9e207d5c8e08e1ca28cd9ba85f079d061,sslbl,AsyncRAT C&C,"sslbl,2026-08-08",2026-08-09 00:42:39,2026-08-30 16:23:27,88
ssl_sha1,72a2354f33ff1d38b31cb19209b4b90acafaf46d,sslbl,Vidar C&C,"sslbl,2026-07-07",2026-07-07 17:20:36,2026-08-30 16:23:27,88
ssl_sha1,73202d8d2ac9a9e04c2bdefa6ea8db2860d779a9,sslbl,Vidar C&C,"sslbl,2026-07-23",2026-07-24 05:35:19,2026-08-30 16:23:27,88
ssl_sha1,732c7efa7d624c30b074e78df6595f54fde9188d,sslbl,Vidar C&C,"sslbl,2026-08-20",2026-08-20 16:06:17,2026-08-30 16:23:27,88
ssl_sha1,7403dde12ab9b1c61109441a97fcda78ef197155,sslbl,PureRAT C&C,"sslbl,2026-07-14",2026-07-14 08:25:37,2026-08-30 16:23:27,88
ssl_sha1,742d693a2a83e70088711c99db5db56b1aa4b9da,sslbl,Malware distribution,"sslbl,2026-07-23",2026-07-24 05:35:19,2026-08-30 16:23:27,88
ssl_sha1,745edb7835e0a1ef871d1c027651ed4dfbfd406c,sslbl,Vidar C&C,"sslbl,2026-07-13",2026-07-13 20:25:50,2026-08-30 16:23:27,88
ssl_sha1,75e6afe2cfc9539d7ea95631e78ff0b841ba0a4f,sslbl,ConnectWise C&C,"sslbl,2026-07-09",2026-07-09 20:25:43,2026-08-30 16:23:27,88
ssl_sha1,769a6310d3d9533c1b3e0ddee3c1b6ebbda60891,sslbl,OffLoader C&C,"sslbl,2026-08-07",2026-08-07 12:43:25,2026-08-30 16:23:27,88
ssl_sha1,7767913e33fac1ed9c448460267ca0e6cbe627b4,sslbl,Vidar C&C,"sslbl,2026-07-30",2026-07-31 05:35:34,2026-08-30 16:23:27,88
ssl_sha1,77b9903c538d045e266bd4d6cf40ede0b040b403,sslbl,ConnectWise C&C,"sslbl,2026-08-27",2026-08-27 16:06:11,2026-08-30 16:23:27,88
ssl_sha1,78dc4f50971751cbf98b96219dd56f099095a717,sslbl,Vidar C&C,"sslbl,2026-08-13",2026-08-13 08:13:02,2026-08-30 16:23:27,88
ssl_sha1,790c3281bc5b0087d59aaa1436e7516ca007fc07,sslbl,ZigClipper C&C,"sslbl,2026-07-09",2026-07-09 20:25:43,2026-08-30 16:23:27,88
ssl_sha1,793ccba0eaedcd1a87bb5200cde5a1c9f21ad4ad,sslbl,Vidar C&C,"sslbl,2026-08-12",2026-08-12 12:42:52,2026-08-30 16:23:27,88
ssl_sha1,79e9e22d16866b1126c524c08afda88a225d6545,sslbl,ACRStealer C&C,"sslbl,2026-08-19",2026-08-19 16:06:13,2026-08-30 16:23:27,88
ssl_sha1,7a8f361d188e552651fea1204d5399d889312da2,sslbl,Vidar C&C,"sslbl,2026-07-12",2026-07-12 08:25:44,2026-08-30 16:23:27,88
ssl_sha1,7a9be497f84c09e7591ba7c7d69539a6e0468302,sslbl,Vidar C&C,"sslbl,2026-08-24",2026-08-24 16:06:10,2026-08-30 16:23:27,88
ssl_sha1,7b5604ee44715ba0b4e92c2281f30c5a3416ca41,sslbl,ACRStealer C&C,"sslbl,2026-07-24",2026-07-24 17:35:21,2026-08-30 16:23:27,88
ssl_sha1,7bbac2b67988c36fa1dbd3a75dc06629f766ccaf,sslbl,Vidar C&C,"sslbl,2026-08-13",2026-08-13 20:13:53,2026-08-30 16:23:27,88
ssl_sha1,7bdeed30f5501a30f6aecc3f3cc372f7e52d6ce0,sslbl,ConnectWise C&C,"sslbl,2026-08-07",2026-08-07 12:43:25,2026-08-30 16:23:27,88
ssl_sha1,7bf6011a10ea612968ea925608fa67b5d599863a,sslbl,Vidar C&C,"sslbl,2026-08-12",2026-08-12 12:42:52,2026-08-30 16:23:27,88
ssl_sha1,7bf78d44f61a05e919479a1cf3e0ce158a50a0c6,sslbl,AsyncRAT C&C,"sslbl,2026-08-18",2026-08-18 22:07:31,2026-08-30 16:23:27,88
ssl_sha1,7c27d36636428305d692f50c753e2e9af3897290,sslbl,ConnectWise C&C,"sslbl,2026-07-15",2026-07-16 05:21:37,2026-08-30 16:23:27,88
ssl_sha1,7c3a6c14032bce06d59bd68a7b61a8b88fe222ac,sslbl,OffLoader C&C,"sslbl,2026-08-11",2026-08-11 12:42:27,2026-08-30 16:23:27,88
ssl_sha1,7ddfe490347dc28f3e39de9be9d61940b6b98526,sslbl,ACRStealer C&C,"sslbl,2026-07-13",2026-07-13 08:25:39,2026-08-30 16:23:27,88
ssl_sha1,7f111c69f42266b474927156f103d70843e7f82b,sslbl,RatonRAT C&C,"sslbl,2026-08-27",2026-08-27 16:06:11,2026-08-30 16:23:27,88
ssl_sha1,7f1ed4a13d8a2ba6e690ecaf66a9dfa42dd8d9d1,sslbl,ValleyRAT C&C,"sslbl,2026-08-25",2026-08-25 16:07:37,2026-08-30 16:23:27,88
ssl_sha1,7f44d36f1f6bd375ba4e4a7866328a76047ce498,sslbl,AsyncRAT C&C,"sslbl,2026-08-19",2026-08-19 16:06:13,2026-08-30 16:23:27,88
ssl_sha1,7f563e6df9b87f615f2d492ba68d5df373a6ca26,sslbl,ACRStealer C&C,"sslbl,2026-07-18",2026-07-19 05:20:40,2026-08-30 16:23:27,88
ssl_sha1,7f73eeb03e7df441484d4610c5a0c3a02f166989,sslbl,PureLogsStealer C&C,"sslbl,2026-08-20",2026-08-20 16:06:17,2026-08-30 16:23:27,88
ssl_sha1,80c36e681125d92c8edfbf7adce71d3bda48d1f9,sslbl,Malware distribution,"sslbl,2026-07-23",2026-07-24 05:35:19,2026-08-30 16:23:27,88
ssl_sha1,811f3a6d406105ca7844722f280f075058d1e1ae,sslbl,PureRAT C&C,"sslbl,2026-07-09",2026-07-09 20:25:43,2026-08-30 16:23:27,88
ssl_sha1,820cd09994b3e76f6e89926a4b94ec0ccacd888c,sslbl,OffLoader C&C,"sslbl,2026-07-23",2026-07-24 05:35:19,2026-08-30 16:23:27,88
ssl_sha1,824d7a319b89b78f79a191f8c34bcfcd0a69abff,sslbl,PureLogsStealer C&C,"sslbl,2026-07-14",2026-07-14 08:25:37,2026-08-30 16:23:27,88
ssl_sha1,83424f01b8b7262f3a3cd61048d3337afdcca58a,sslbl,KongTuke C&C,"sslbl,2026-07-16",2026-07-16 17:20:54,2026-08-30 16:23:27,88
ssl_sha1,83ff65960d2df4b29e78d6fd0342dcd5f053eb13,sslbl,QuasarRAT C&C,"sslbl,2026-07-06",2026-07-06 14:36:57,2026-08-30 16:23:27,88
ssl_sha1,841672d728070f0e4519a650a9c8618f9b80c502,sslbl,PureLogsStealer C&C,"sslbl,2026-08-28",2026-08-28 16:06:18,2026-08-30 16:23:27,88
ssl_sha1,847e013a4d337babfdf203eba82d2d32717b9d2d,sslbl,PureLogsStealer C&C,"sslbl,2026-08-10",2026-08-11 00:42:33,2026-08-30 16:23:27,88
ssl_sha1,8508e14457ad7de321edddf3688e124d5f1d652c,sslbl,Vidar C&C,"sslbl,2026-08-28",2026-08-28 16:06:18,2026-08-30 16:23:27,88
ssl_sha1,85f5e4e0d8c608a11c4e493eb349a7a4c8c4bc9d,sslbl,AsyncRAT C&C,"sslbl,2026-07-13",2026-07-13 20:25:50,2026-08-30 16:23:27,88
ssl_sha1,865a8d01e86bcf06890c09c7b3e9f2c786d7e600,sslbl,PureRAT C&C,"sslbl,2026-08-20",2026-08-20 16:06:17,2026-08-30 16:23:27,88
ssl_sha1,8680ee5519b665906679e979e8b2c949dac26fa9,sslbl,PureRAT C&C,"sslbl,2026-07-06",2026-07-06 14:36:57,2026-08-30 16:23:27,88
ssl_sha1,87feeb825ed6c63616f07bcc03b76454c7e1612f,sslbl,Vidar C&C,"sslbl,2026-08-12",2026-08-12 12:42:52,2026-08-30 16:23:27,88
ssl_sha1,88b2180ded8f8a30de34b4dc84c2328bbd0af49f,sslbl,PureRAT C&C,"sslbl,2026-08-10",2026-08-10 12:42:40,2026-08-30 16:23:27,88
ssl_sha1,89bbec947a91917d4676037abb417ceb72770851,sslbl,Vidar C&C,"sslbl,2026-08-17",2026-08-17 08:13:04,2026-08-30 16:23:27,88
ssl_sha1,8a6a82fdb53374bd62b62120a007ceb19d4ad827,sslbl,OffLoader C&C,"sslbl,2026-08-11",2026-08-11 12:42:27,2026-08-30 16:23:27,88
ssl_sha1,8b41b8741c4d2a24de0aba241f742f043f1014d1,sslbl,Vidar C&C,"sslbl,2026-08-27",2026-08-27 16:06:11,2026-08-30 16:23:27,88
ssl_sha1,8b6153391f8b6caaad5e0c11054a98ff35e4b605,sslbl,ZigClipper C&C,"sslbl,2026-07-11",2026-07-11 08:25:58,2026-08-30 16:23:27,88
ssl_sha1,8bdf129211692888e48d0970e49a8559450974dc,sslbl,AdaptixC2 C&C,"sslbl,2026-08-07",2026-08-07 12:43:25,2026-08-30 16:23:27,88
ssl_sha1,8befa0033eaaa1693777be12aa7d9236a9caf188,sslbl,Vidar C&C,"sslbl,2026-08-11",2026-08-11 12:42:27,2026-08-30 16:23:27,88
ssl_sha1,8c6132e27eb7bfe859029b583c55243baf3f3029,sslbl,PureRAT C&C,"sslbl,2026-08-20",2026-08-20 16:06:17,2026-08-30 16:23:27,88
ssl_sha1,8c798a5e27290e239890509e6b0c08c214664a87,sslbl,Vidar C&C,"sslbl,2026-08-12",2026-08-12 12:42:52,2026-08-30 16:23:27,88
ssl_sha1,8d6fdff168340e954aad4f0f924276cd5b6e31b2,sslbl,Vidar C&C,"sslbl,2026-08-18",2026-08-18 10:07:25,2026-08-30 16:23:27,88
ssl_sha1,8d8f084ddf2729d1f4747f2a428dd8d9b13e1cfa,sslbl,OffLoader C&C,"sslbl,2026-08-22",2026-08-22 16:06:16,2026-08-30 16:23:27,88
ssl_sha1,8ef5bc8cb7d00d8b89bacbd4f9405f402d1a002e,sslbl,SheetRAT C&C,"sslbl,2026-07-15",2026-07-16 05:21:37,2026-08-30 16:23:27,88
ssl_sha1,8f000dbd7cc73e8857d42a3c7c15676305af6889,sslbl,AsyncRAT C&C,"sslbl,2026-07-13",2026-07-13 20:25:50,2026-08-30 16:23:27,88
ssl_sha1,8f0bfca0ab1d555a035d5b498c9e26acdab3d7aa,sslbl,ACRStealer C&C,"sslbl,2026-08-10",2026-08-10 12:42:40,2026-08-30 16:23:27,88
ssl_sha1,8f0de55e89d97b4f3581f77805955a2b719563b8,sslbl,PureRAT C&C,"sslbl,2026-07-23",2026-07-24 05:35:19,2026-08-30 16:23:27,88
ssl_sha1,8f1262eb935ec90abdbe1db5106eb3831a5669a7,sslbl,ConnectWise C&C,"sslbl,2026-07-09",2026-07-09 20:25:43,2026-08-30 16:23:27,88
ssl_sha1,8f154a9a3584398eb6be34b0e2f05c79c63cea6a,sslbl,OffLoader C&C,"sslbl,2026-08-28",2026-08-29 04:06:17,2026-08-30 16:23:27,88
ssl_sha1,9000e46cabc64219fb1447d59d5443afcb412e36,sslbl,Vidar C&C,"sslbl,2026-07-21",2026-07-21 17:20:42,2026-08-30 16:23:27,88
ssl_sha1,902ba39855eb908aafcd70c385e68668fb57c1d8,sslbl,Malware distribution,"sslbl,2026-07-09",2026-07-09 20:25:43,2026-08-30 16:23:27,88
ssl_sha1,919d5be1da2b1383786286d0fb199f4575db0d59,sslbl,Vidar C&C,"sslbl,2026-08-12",2026-08-12 12:42:52,2026-08-30 16:23:27,88
ssl_sha1,92bebc09af464e669c68d95052916e76f989e043,sslbl,Malware C&C,"sslbl,2026-08-04",2026-08-05 12:42:46,2026-08-30 16:23:27,88
ssl_sha1,930851db267db9c407bc5adaa9d49f5c994abece,sslbl,PureRAT C&C,"sslbl,2026-08-10",2026-08-10 12:42:40,2026-08-30 16:23:27,88
ssl_sha1,940df23eebede1e1e33a4c521ba05b4b37d04d68,sslbl,Vidar C&C,"sslbl,2026-08-11",2026-08-12 00:43:15,2026-08-30 16:23:27,88
ssl_sha1,942c595db95914eb4987a1e7ddd6f728fbc674ec,sslbl,PureLogsStealer C&C,"sslbl,2026-08-04",2026-08-05 12:42:46,2026-08-30 16:23:27,88
ssl_sha1,94711c109335059bb2dc4d338f33d3083004d6fa,sslbl,ACRStealer C&C,"sslbl,2026-08-28",2026-08-28 16:06:18,2026-08-30 16:23:27,88
ssl_sha1,94c2c17d919e1560dca7d4980e7f9c6eb5a402a0,sslbl,Vidar C&C,"sslbl,2026-08-14",2026-08-14 08:13:11,2026-08-30 16:23:27,88
ssl_sha1,94eea408b8c901de2367e36bf291ba947b368ee5,sslbl,Vidar C&C,"sslbl,2026-07-13",2026-07-13 20:25:50,2026-08-30 16:23:27,88
ssl_sha1,952bcdeea03ea702626a30069c949581bf2d1b05,sslbl,Vidar C&C,"sslbl,2026-08-18",2026-08-18 22:07:31,2026-08-30 16:23:27,88
ssl_sha1,95a5eea4198c93663802a9ea047164b5497ea27f,sslbl,Malware C&C,"sslbl,2026-08-14",2026-08-14 08:13:11,2026-08-30 16:23:27,88
ssl_sha1,95fcb5ff7bd5e1d06b1e585af4ba3ceb95f01164,sslbl,Vidar C&C,"sslbl,2026-08-11",2026-08-11 12:42:27,2026-08-30 16:23:27,88
ssl_sha1,964d86f575c50b29d2b7157331d556859dd43e5e,sslbl,Vidar C&C,"sslbl,2026-08-05",2026-08-05 12:42:46,2026-08-30 16:23:27,88
ssl_sha1,969b40a4fd2fb579a29aed9b2f81a7cf5cc0b1db,sslbl,PureLogsStealer C&C,"sslbl,2026-08-27",2026-08-27 16:06:11,2026-08-30 16:23:27,88
ssl_sha1,971af46c861e6f88e60b7c07a4850e76423c5c4a,sslbl,ConnectWise C&C,"sslbl,2026-08-07",2026-08-07 12:43:25,2026-08-30 16:23:27,88
ssl_sha1,97cceb2f57c3b60f9d94b4603ac55860aaa9e03d,sslbl,ConnectWise C&C,"sslbl,2026-08-04",2026-08-04 07:49:13,2026-08-30 16:23:27,88
ssl_sha1,97dd1d6a2bc5769af6e0a7999bfaf2aeaf5452a1,sslbl,Vidar C&C,"sslbl,2026-08-05",2026-08-05 12:42:46,2026-08-30 16:23:27,88
ssl_sha1,988bb7e571418b2800a0cc2d33a794ecf1eb42a7,sslbl,Malware C&C,"sslbl,2026-07-03",2026-07-03 14:36:09,2026-08-30 16:23:27,88
ssl_sha1,991bf55fc47c006b3eedf6b348296f9f7aba20eb,sslbl,PureLogsStealer C&C,"sslbl,2026-07-21",2026-07-21 17:20:42,2026-08-30 16:23:27,88
ssl_sha1,99e8e296eae361f7ddeb6ce7cc6d4bd521ee24b3,sslbl,Vidar C&C,"sslbl,2026-08-11",2026-08-11 12:42:27,2026-08-30 16:23:27,88
ssl_sha1,9a7e2e73f967101d75a3cb425b8980d50ca5c001,sslbl,ConnectWise C&C,"sslbl,2026-08-04",2026-08-04 07:49:13,2026-08-30 16:23:27,88
ssl_sha1,9aba7caceb4b84b49aaa4285d73183a94f4a50d5,sslbl,PureRAT C&C,"sslbl,2026-08-08",2026-08-09 00:42:39,2026-08-30 16:23:27,88
ssl_sha1,9b1d8ac99d61fbc0ba58655538c457db69c459e7,sslbl,PureLogsStealer C&C,"sslbl,2026-08-06",2026-08-06 12:43:05,2026-08-30 16:23:27,88
ssl_sha1,9b422835f6e86dcb59e08f1bb9a47576d98fff81,sslbl,Vidar C&C,"sslbl,2026-08-12",2026-08-12 12:42:52,2026-08-30 16:23:27,88
ssl_sha1,9b4c3ff8dc5891693f443320e3c1167c7cebe2b7,sslbl,QuasarRAT C&C,"sslbl,2026-08-13",2026-08-13 20:13:53,2026-08-30 16:23:27,88
ssl_sha1,9b5e0b2f2acb07fb226b8805b3a5fb5a28035e6e,sslbl,PureLogsStealer C&C,"sslbl,2026-08-04",2026-08-05 12:42:46,2026-08-30 16:23:27,88
ssl_sha1,9ba597b7a850fe598927a226f6ab2efd3050ff95,sslbl,Vidar C&C,"sslbl,2026-08-19",2026-08-20 04:06:14,2026-08-30 16:23:27,88
ssl_sha1,9bfa1f9e8d990faec4c91c5b9eaeb15898aff2e7,sslbl,ConnectWise C&C,"sslbl,2026-08-04",2026-08-04 07:49:13,2026-08-30 16:23:27,88
ssl_sha1,9c0a9291be46e42b67835dff9e6c767fd6660287,sslbl,Malware C&C,"sslbl,2026-08-22",2026-08-22 16:06:16,2026-08-30 16:23:27,88
ssl_sha1,9c124d9fc4b10c04767b554f02b92d6591175e8a,sslbl,PureRAT C&C,"sslbl,2026-07-21",2026-07-21 17:20:42,2026-08-30 16:23:27,88
ssl_sha1,9cc76149b07c25893611bc8339406a6312ab2053,sslbl,QuasarRAT C&C,"sslbl,2026-07-09",2026-07-09 20:25:43,2026-08-30 16:23:27,88
ssl_sha1,9cd7f02e5bd6f0cb16141c3205aa9b00b0fce027,sslbl,PureLogsStealer C&C,"sslbl,2026-08-13",2026-08-13 20:13:53,2026-08-30 16:23:27,88
ssl_sha1,9d495a9c646e3962ac5445e9b4da6832164dc4ee,sslbl,OffLoader C&C,"sslbl,2026-08-28",2026-08-28 16:06:18,2026-08-30 16:23:27,88
ssl_sha1,9ea13ee5065114aee007c91c941ac3f8483c4326,sslbl,Vidar C&C,"sslbl,2026-08-13",2026-08-13 08:13:02,2026-08-30 16:23:27,88
ssl_sha1,9f0464e29fb94333e1ad31740bf4d4bff89cbd28,sslbl,Vidar C&C,"sslbl,2026-08-28",2026-08-28 16:06:18,2026-08-30 16:23:27,88
ssl_sha1,a0b782d798a48e117c995c9deb013c5cffb0ac58,sslbl,PureLogsStealer C&C,"sslbl,2026-08-11",2026-08-11 12:42:27,2026-08-30 16:23:27,88
ssl_sha1,a0cd40a589573d515fb3d7c30d6de0d45d40a4fa,sslbl,ConnectWise C&C,"sslbl,2026-07-15",2026-07-16 05:21:37,2026-08-30 16:23:27,88
ssl_sha1,a0d553e2a130766628359bea489166c63b9892d7,sslbl,Vidar C&C,"sslbl,2026-08-30",2026-08-30 16:06:18,2026-08-30 16:23:27,88
ssl_sha1,a1146ac98390794517ff821a3377458555100eb3,sslbl,PureLogsStealer C&C,"sslbl,2026-08-04",2026-08-05 12:42:46,2026-08-30 16:23:27,88
ssl_sha1,a133ce088d9ead15855e1343b8e643736d47d7d9,sslbl,ACRStealer C&C,"sslbl,2026-07-11",2026-07-11 08:25:58,2026-08-30 16:23:27,88
ssl_sha1,a18ccdbee8a145ba523641dc63189ad51cd04064,sslbl,PureRAT C&C,"sslbl,2026-08-21",2026-08-21 16:09:28,2026-08-30 16:23:27,88
ssl_sha1,a37d8c8b3e427201148b485e4b23a59067fd3812,sslbl,PureLogsStealer C&C,"sslbl,2026-07-03",2026-07-03 14:36:09,2026-08-30 16:23:27,88
ssl_sha1,a3aed5e99b2c6563d265a69702d9071940eed8aa,sslbl,ConnectWise C&C,"sslbl,2026-07-15",2026-07-16 05:21:37,2026-08-30 16:23:27,88
ssl_sha1,a41b49d59020b2adde6d68f30aa199dea7e2126b,sslbl,PureLogsStealer C&C,"sslbl,2026-07-09",2026-07-09 20:25:43,2026-08-30 16:23:27,88
ssl_sha1,a45080c92a0b2314966517a4643ebf280e88a11b,sslbl,LummaStealer C&C,"sslbl,2026-08-14",2026-08-14 08:13:11,2026-08-30 16:23:27,88
ssl_sha1,a4a31d169043dc65fd2b36a0352564244c820b1d,sslbl,Malware C&C,"sslbl,2026-08-26",2026-08-26 16:06:11,2026-08-30 16:23:27,88
ssl_sha1,a52e17fe607d1e562e0cb67c6f2342e6b4dbf191,sslbl,Vidar C&C,"sslbl,2026-08-18",2026-08-18 10:07:25,2026-08-30 16:23:27,88
ssl_sha1,a5930d8e37f9f2874a281294d8508dd79df36b98,sslbl,ConnectWise C&C,"sslbl,2026-08-04",2026-08-04 07:49:13,2026-08-30 16:23:27,88
ssl_sha1,a5d4974f89b3751853ea918b1dea7564c7cb8185,sslbl,Vidar C&C,"sslbl,2026-08-27",2026-08-27 16:06:11,2026-08-30 16:23:27,88
ssl_sha1,a6268e092f3de555c67dac2f9e52eae979b3d8e3,sslbl,Vidar C&C,"sslbl,2026-08-17",2026-08-17 08:13:04,2026-08-30 16:23:27,88
ssl_sha1,a6df6eca49e13a8c5ebba1f86ca4c5766b1c1b97,sslbl,KongTuke C&C,"sslbl,2026-07-17",2026-07-17 17:21:06,2026-08-30 16:23:27,88
ssl_sha1,a6e6aa58bac84e56b868f5f618ef227b75d7208e,sslbl,QuasarRAT C&C,"sslbl,2026-08-29",2026-08-29 16:10:47,2026-08-30 16:23:27,88
ssl_sha1,a7fa6117a38135c4d9c26ec7e37f15b361535edf,sslbl,Vidar C&C,"sslbl,2026-08-30",2026-08-30 16:06:18,2026-08-30 16:23:27,88
ssl_sha1,a838f21e4fbcf93b9dcb1adf61ce9a7e07729594,sslbl,OffLoader C&C,"sslbl,2026-07-07",2026-07-07 17:20:36,2026-08-30 16:23:27,88
ssl_sha1,a9ebd28ce7e4ac020e6d263e228b8547e1914bfa,sslbl,Vidar C&C,"sslbl,2026-08-06",2026-08-07 00:43:03,2026-08-30 16:23:27,88
ssl_sha1,aa50e1b4a6e7c66ba2ce4c1c82e62f8d74cd7202,sslbl,Vidar C&C,"sslbl,2026-08-21",2026-08-21 16:09:28,2026-08-30 16:23:27,88
ssl_sha1,aa813482114409b8a5f198a39d02a77d492f7911,sslbl,ACRStealer C&C,"sslbl,2026-07-14",2026-07-14 08:25:37,2026-08-30 16:23:27,88
ssl_sha1,aaa8cad460677d3312a35ccfcf3235361ab9b7e4,sslbl,PureLogsStealer C&C,"sslbl,2026-07-09",2026-07-09 20:25:43,2026-08-30 16:23:27,88
ssl_sha1,aaaa57850472f7c23d75d9470b1f98655d5c3655,sslbl,OffLoader C&C,"sslbl,2026-08-08",2026-08-09 00:42:39,2026-08-30 16:23:27,88
ssl_sha1,aaf31b3f7acfe6dc859d1b6269c7e17337a61fd7,sslbl,OffLoader C&C,"sslbl,2026-08-26",2026-08-26 16:06:11,2026-08-30 16:23:27,88
ssl_sha1,ab273c45f00b156514b5b6be664484911dbed547,sslbl,PureRAT C&C,"sslbl,2026-08-20",2026-08-20 16:06:17,2026-08-30 16:23:27,88
ssl_sha1,ab43d834686476fef1094bb0f9c5eef7d0bcd2f9,sslbl,SparkRAT C&C,"sslbl,2026-08-19",2026-08-19 16:06:13,2026-08-30 16:23:27,88
ssl_sha1,ab53f86d2ce32d9306f431e8e82f39cb31f48a53,sslbl,Vidar C&C,"sslbl,2026-08-19",2026-08-19 16:06:13,2026-08-30 16:23:27,88
ssl_sha1,abacd13c43005d6868d9b586e029a1d6a74e1470,sslbl,ConnectWise C&C,"sslbl,2026-08-19",2026-08-19 16:06:13,2026-08-30 16:23:27,88
ssl_sha1,abe57abc8722c69494113060260ba340cd897744,sslbl,ShellterLoader C&C,"sslbl,2026-08-17",2026-08-17 18:44:22,2026-08-30 16:23:27,88
ssl_sha1,ac563907d31a21443760cee92a98b50bba6152aa,sslbl,QuasarRAT C&C,"sslbl,2026-07-03",2026-07-03 14:36:09,2026-08-30 16:23:27,88
ssl_sha1,ad3cd2a04112f9ffec395649d537dc68bceb3754,sslbl,PureRAT C&C,"sslbl,2026-08-07",2026-08-07 12:43:25,2026-08-30 16:23:27,88
ssl_sha1,adee7459752a33ec85d89a1837d84e9e75f8ac6e,sslbl,OffLoader C&C,"sslbl,2026-07-03",2026-07-03 14:36:09,2026-08-30 16:23:27,88
ssl_sha1,adfc8dd0c5e99a8e33b1df7d5c10fc9653342491,sslbl,ConnectWise C&C,"sslbl,2026-08-22",2026-08-22 16:06:16,2026-08-30 16:23:27,88
ssl_sha1,ae2744e9ad9fb574cb79ceff176cbfc982e4fddb,sslbl,ConnectWise C&C,"sslbl,2026-08-11",2026-08-11 12:42:27,2026-08-30 16:23:27,88
ssl_sha1,aec890965f808398c124d16d25255ac4ed1ce6ca,sslbl,Vidar C&C,"sslbl,2026-08-11",2026-08-11 12:42:27,2026-08-30 16:23:27,88
ssl_sha1,af1a7c59f98298c9d3542e306d0292bdf30b4388,sslbl,PureRAT C&C,"sslbl,2026-08-20",2026-08-20 16:06:17,2026-08-30 16:23:27,88
ssl_sha1,b00aa24dc7459e8a0a8f5fbb3d2a27bd646de1e3,sslbl,HypeAgent C&C,"sslbl,2026-08-18",2026-08-18 10:07:25,2026-08-30 16:23:27,88
ssl_sha1,b0cf2650da454ed5cc67102d95f8b9ba00602ead,sslbl,OffLoader C&C,"sslbl,2026-08-25",2026-08-25 16:07:37,2026-08-30 16:23:27,88
ssl_sha1,b0dfb9c6353dc65a3b503bcb2258db457c5b5947,sslbl,Malware C&C,"sslbl,2026-08-26",2026-08-26 16:06:11,2026-08-30 16:23:27,88
ssl_sha1,b0e16234706cee8e6f50f6397b88aab1d6ee4345,sslbl,ZigClipper C&C,"sslbl,2026-07-11",2026-07-11 08:25:58,2026-08-30 16:23:27,88
ssl_sha1,b14379b3743c37a26289499aca921c99998649f1,sslbl,QuasarRAT C&C,"sslbl,2026-08-04",2026-08-04 07:49:13,2026-08-30 16:23:27,88
ssl_sha1,b23101487158938dc99bd731fe372634ad768a0f,sslbl,PureRAT C&C,"sslbl,2026-08-13",2026-08-13 08:13:02,2026-08-30 16:23:27,88
ssl_sha1,b26d3f583556acab11cbfa864f596c143b15f32d,sslbl,Vidar C&C,"sslbl,2026-08-17",2026-08-17 08:13:04,2026-08-30 16:23:27,88
ssl_sha1,b28f42ca50cfb259dfc8dfe16e13631da75d6397,sslbl,PureLogsStealer C&C,"sslbl,2026-08-20",2026-08-20 16:06:17,2026-08-30 16:23:27,88
ssl_sha1,b2e42b1a036329fa6fef4477d35887b1d357711e,sslbl,Vidar C&C,"sslbl,2026-08-04",2026-08-04 07:49:13,2026-08-30 16:23:27,88
ssl_sha1,b34240912bc1f09b2e2342363647616b1088a1b0,sslbl,PureRAT C&C,"sslbl,2026-08-29",2026-08-29 16:10:47,2026-08-30 16:23:27,88
ssl_sha1,b364395fee8c2e4c9eaf9a2531f6f7ac7bf8e4ae,sslbl,QuasarRAT C&C,"sslbl,2026-08-10",2026-08-10 12:42:40,2026-08-30 16:23:27,88
ssl_sha1,b5b8bebd73d8e8aec88ccc17b1e27c34921667ae,sslbl,Vidar C&C,"sslbl,2026-08-08",2026-08-09 00:42:39,2026-08-30 16:23:27,88
ssl_sha1,b5f071dd28b511f0b4b067507602a779feb4301f,sslbl,AsyncRAT C&C,"sslbl,2026-08-11",2026-08-11 12:42:27,2026-08-30 16:23:27,88
ssl_sha1,b72b8c162f5b2fe045e0445f9be1937d98279092,sslbl,OffLoader C&C,"sslbl,2026-08-19",2026-08-19 16:06:13,2026-08-30 16:23:27,88
ssl_sha1,b73835be5d6f7dbb40f9df1347745bbb0963783c,sslbl,PureLogsStealer C&C,"sslbl,2026-08-26",2026-08-26 16:06:11,2026-08-30 16:23:27,88
ssl_sha1,b7c2e44b35ac1ac31efad28747f2bc44f5d28de8,sslbl,PureRAT C&C,"sslbl,2026-07-21",2026-07-21 17:20:42,2026-08-30 16:23:27,88
ssl_sha1,b87dc4ee057f64c6592d11ed074e03caf92e2851,sslbl,Vidar C&C,"sslbl,2026-07-04",2026-07-04 14:35:58,2026-08-30 16:23:27,88
ssl_sha1,b8b339de5ea80d17fb5ce2eb144d7ba28b33337a,sslbl,RatonRAT C&C,"sslbl,2026-07-21",2026-07-21 17:20:42,2026-08-30 16:23:27,88
ssl_sha1,b8b347f5d18be90876c3d3a5458b6e60598246bd,sslbl,PureLogsStealer C&C,"sslbl,2026-08-04",2026-08-05 12:42:46,2026-08-30 16:23:27,88
ssl_sha1,b8b410c62bcb320c20cfee554f472df3fa5734e4,sslbl,PureLogsStealer C&C,"sslbl,2026-08-06",2026-08-06 12:43:05,2026-08-30 16:23:27,88
ssl_sha1,b94eb3bcd4a57442c30e14dd2067b0c6c46d9619,sslbl,ConnectWise C&C,"sslbl,2026-08-21",2026-08-21 16:09:28,2026-08-30 16:23:27,88
ssl_sha1,b95285b6b061fd0acf6a5ae95433d703f52d1872,sslbl,PureLogsStealer C&C,"sslbl,2026-08-21",2026-08-21 16:09:28,2026-08-30 16:23:27,88
ssl_sha1,b9e2100c0408138edfedb92704bfc57ef9fb59f0,sslbl,PureLogsStealer C&C,"sslbl,2026-08-10",2026-08-10 12:42:40,2026-08-30 16:23:27,88
ssl_sha1,bca627ea4b11ce235879ac54bcf5ca2121a6ed0c,sslbl,MSDuckStealer C&C,"sslbl,2026-07-07",2026-07-07 17:20:36,2026-08-30 16:23:27,88
ssl_sha1,bdf0b04d7bb20782260ab2c2340da6b85e9f63c0,sslbl,PureRAT C&C,"sslbl,2026-07-23",2026-07-24 05:35:19,2026-08-30 16:23:27,88
ssl_sha1,be12aa485facf3375cc2416e1f8fb28541136b83,sslbl,ConnectWise C&C,"sslbl,2026-08-29",2026-08-29 16:10:47,2026-08-30 16:23:27,88
ssl_sha1,be5b37f69a9cf825cca6d9b0e27e3aeaf0903721,sslbl,ACRStealer C&C,"sslbl,2026-08-27",2026-08-27 16:06:11,2026-08-30 16:23:27,88
ssl_sha1,bf192adc3dcaba7412e15b567de22e3f3150bbf7,sslbl,PureLogsStealer C&C,"sslbl,2026-08-21",2026-08-21 16:09:28,2026-08-30 16:23:27,88
ssl_sha1,bfbcd2802186b6c5707f7ff6341b87c12b97f4a4,sslbl,PureRAT C&C,"sslbl,2026-08-30",2026-08-30 16:06:18,2026-08-30 16:23:27,88
ssl_sha1,c0b1920e3d73babea5c2ef2af7ba72977e65586b,sslbl,Vidar C&C,"sslbl,2026-08-12",2026-08-12 12:42:52,2026-08-30 16:23:27,88
ssl_sha1,c0cd4ac67f8a4febf1c340eb0c914252e8ebf881,sslbl,PureLogsStealer C&C,"sslbl,2026-07-23",2026-07-24 05:35:19,2026-08-30 16:23:27,88
ssl_sha1,c0ee8887cf0998ae07e71d2f78fb121c3bafc9d5,sslbl,PureLogsStealer C&C,"sslbl,2026-07-15",2026-07-16 05:21:37,2026-08-30 16:23:27,88
ssl_sha1,c11fd105f60ade90dc2611391ee6aa93e6c73375,sslbl,AsyncRAT C&C,"sslbl,2026-07-15",2026-07-16 05:21:37,2026-08-30 16:23:27,88
ssl_sha1,c19f09bd89b19cd3223d0c039c41a5baa7307178,sslbl,PureRAT C&C,"sslbl,2026-07-13",2026-07-13 20:25:50,2026-08-30 16:23:27,88
ssl_sha1,c19f8a859e5635a3601eb27c9ac59c88dcf91be1,sslbl,OffLoader C&C,"sslbl,2026-07-06",2026-07-06 14:36:57,2026-08-30 16:23:27,88
ssl_sha1,c24c5b16d1b72ff6933bdc9a5034808630f1413f,sslbl,OffLoader C&C,"sslbl,2026-07-07",2026-07-07 17:20:36,2026-08-30 16:23:27,88
ssl_sha1,c2826e64fffde42b99ba86c30055eb2dbd064319,sslbl,OffLoader C&C,"sslbl,2026-08-05",2026-08-05 12:42:46,2026-08-30 16:23:27,88
ssl_sha1,c2f29eb5f4ef6d51dc8592f534e590311a3ab805,sslbl,KongTuke C&C,"sslbl,2026-07-09",2026-07-09 20:25:43,2026-08-30 16:23:27,88
ssl_sha1,c31650da58712771ad83fd5c6cef97905a255cc5,sslbl,AsyncRAT C&C,"sslbl,2026-07-17",2026-07-17 17:21:06,2026-08-30 16:23:27,88
ssl_sha1,c4e9396a3a0543fa79cc0a8f23395f90a15e03b0,sslbl,AsyncRAT C&C,"sslbl,2026-07-16",2026-07-16 17:20:54,2026-08-30 16:23:27,88
ssl_sha1,c6d367c9312830fbe81f12e8be9f1d56d2e10b13,sslbl,PureRAT C&C,"sslbl,2026-08-20",2026-08-20 16:06:17,2026-08-30 16:23:27,88
ssl_sha1,c7abcfeba6d01d0b78b8c690ab1d8d06078ddf11,sslbl,ConnectWise C&C,"sslbl,2026-08-07",2026-08-07 12:43:25,2026-08-30 16:23:27,88
ssl_sha1,c7e0ca50174d919b1026d232418e208969a4d818,sslbl,KongTuke C&C,"sslbl,2026-07-03",2026-07-03 14:36:09,2026-08-30 16:23:27,88
ssl_sha1,c7ec4c2fa1678702ae684a069cf37a4eef16ef27,sslbl,AsyncRAT C&C,"sslbl,2026-07-23",2026-07-24 05:35:19,2026-08-30 16:23:27,88
ssl_sha1,ca3454955272556813ca9be9954e720fa6b6796a,sslbl,KongTuke C&C,"sslbl,2026-07-14",2026-07-16 05:21:37,2026-08-30 16:23:27,88
ssl_sha1,ca49f3e687d1e1559ffcd877d6292f9997d7782b,sslbl,Malware C&C,"sslbl,2026-07-21",2026-07-21 17:20:42,2026-08-30 16:23:27,88
ssl_sha1,ca8a5bbb1e6b22fa9ad9757c50f1bdaf2c22011d,sslbl,OffLoader C&C,"sslbl,2026-08-30",2026-08-30 16:06:18,2026-08-30 16:23:27,88
ssl_sha1,ca9e642c1028f3a7fa79947493c34a981705a05d,sslbl,DonutLoader C&C,"sslbl,2026-08-04",2026-08-05 12:42:46,2026-08-30 16:23:27,88
ssl_sha1,cbde10c2baa3d573791b7e6044ba4e8f15094cd2,sslbl,PureRAT C&C,"sslbl,2026-08-08",2026-08-09 00:42:39,2026-08-30 16:23:27,88
ssl_sha1,cc7d79ea8261997821ca3c8ad44b61023ad5af89,sslbl,Vidar C&C,"sslbl,2026-08-11",2026-08-11 12:42:27,2026-08-30 16:23:27,88
ssl_sha1,ccc880d541544fedae179d9adcff6f8c74741aed,sslbl,PureRAT C&C,"sslbl,2026-08-04",2026-08-04 07:49:13,2026-08-30 16:23:27,88
ssl_sha1,cd07a2a4c9a93703dc8d1d4e72a12e1cec7f41c7,sslbl,ACRStealer C&C,"sslbl,2026-07-23",2026-07-24 05:35:19,2026-08-30 16:23:27,88
ssl_sha1,cd1f1ffdd1055c9540758327ff1d7698068c9a93,sslbl,Vidar C&C,"sslbl,2026-07-13",2026-07-13 20:25:50,2026-08-30 16:23:27,88
ssl_sha1,cdccad6e6ef6dc82ff5cfb3cb15d71bfb4df7d1a,sslbl,RatonRAT C&C,"sslbl,2026-07-03",2026-07-03 14:36:09,2026-08-30 16:23:27,88
ssl_sha1,cede10451532b072c7017c49ef4fcd273301a826,sslbl,ConnectWise C&C,"sslbl,2026-08-07",2026-08-07 12:43:25,2026-08-30 16:23:27,88
ssl_sha1,cfce3aaff2ad3eae49b37a60d606984bd1492e16,sslbl,PureLogsStealer C&C,"sslbl,2026-07-22",2026-07-22 17:20:46,2026-08-30 16:23:27,88
ssl_sha1,cfe6dcd7527099d525ffa8cec0bd1ab5020d47a7,sslbl,Vidar C&C,"sslbl,2026-08-08",2026-08-09 00:42:39,2026-08-30 16:23:27,88
ssl_sha1,d05f2a01d4f42a8373c707d3622fb447e5aeda86,sslbl,ArkeiStealer C&C,"sslbl,2026-07-09",2026-07-09 20:25:43,2026-08-30 16:23:27,88
ssl_sha1,d06dfdf841a409515705fdf652154c78cf34a21e,sslbl,PureLogsStealer C&C,"sslbl,2026-07-09",2026-07-09 20:25:43,2026-08-30 16:23:27,88
ssl_sha1,d08e16884011f6910fe8087a74dac507ff7d2a6a,sslbl,ACRStealer C&C,"sslbl,2026-07-24",2026-07-24 17:35:21,2026-08-30 16:23:27,88
ssl_sha1,d0944e5765a9b5767d3cf02e3bdd9f466c5391b7,sslbl,Vidar C&C,"sslbl,2026-08-14",2026-08-14 08:13:11,2026-08-30 16:23:27,88
ssl_sha1,d0e596efec703d8645be9af9f1ab51b27714d9ec,sslbl,ConnectWise C&C,"sslbl,2026-08-19",2026-08-19 16:06:13,2026-08-30 16:23:27,88
ssl_sha1,d0eec27b6184ec84b6c3274869667f608e30de16,sslbl,PureRAT C&C,"sslbl,2026-08-20",2026-08-20 16:06:17,2026-08-30 16:23:27,88
ssl_sha1,d123d7f43d63545c7a8f643acbe73e81f35c3f14,sslbl,QuasarRAT C&C,"sslbl,2026-08-28",2026-08-28 16:06:18,2026-08-30 16:23:27,88
ssl_sha1,d18f8b968bd5981971d6699bdc4ed7b96a3e7248,sslbl,Vidar C&C,"sslbl,2026-08-14",2026-08-14 08:13:11,2026-08-30 16:23:27,88
ssl_sha1,d31628ba7beba86d4beecc67ae79fea667c1a11e,sslbl,OffLoader C&C,"sslbl,2026-08-12",2026-08-12 12:42:52,2026-08-30 16:23:27,88
ssl_sha1,d35b4be8b535918a0656df6b58c8ed8fb23692e0,sslbl,PureRAT C&C,"sslbl,2026-08-06",2026-08-06 12:43:05,2026-08-30 16:23:27,88
ssl_sha1,d43c9f366658adf98f67c12dd8fcb3bca52db900,sslbl,Vidar C&C,"sslbl,2026-08-29",2026-08-29 16:10:47,2026-08-30 16:23:27,88
ssl_sha1,d447d27a879fe80420dc54244870f3f7d25993bb,sslbl,PureLogsStealer C&C,"sslbl,2026-07-23",2026-07-24 05:35:19,2026-08-30 16:23:27,88
ssl_sha1,d45abb7b4fc7a67b785708f4ba88c080b3d0207c,sslbl,ConnectWise C&C,"sslbl,2026-08-19",2026-08-19 16:06:13,2026-08-30 16:23:27,88
ssl_sha1,d4611858ce65e847598f70af1a9b98ee96cc20f8,sslbl,Vidar C&C,"sslbl,2026-07-06",2026-07-06 14:36:57,2026-08-30 16:23:27,88
ssl_sha1,d490abc2eba705abb1b6391b9be0a12f1e75331b,sslbl,PureLogsStealer C&C,"sslbl,2026-07-16",2026-07-16 17:20:54,2026-08-30 16:23:27,88
ssl_sha1,d5fdf320afff16aee74bb14f25ef245ea75928ad,sslbl,ACRStealer C&C,"sslbl,2026-08-12",2026-08-12 12:42:52,2026-08-30 16:23:27,88
ssl_sha1,d65481efc375fcd9390ace11d51556734efd3676,sslbl,ConnectWise C&C,"sslbl,2026-07-06",2026-07-06 14:36:57,2026-08-30 16:23:27,88
ssl_sha1,d75206e1bb0d0ab79c93e78178e102f6ef071732,sslbl,OffLoader C&C,"sslbl,2026-07-14",2026-07-14 08:25:37,2026-08-30 16:23:27,88
ssl_sha1,d7c3d38e27ab758c908f81b72a6fea1cd1af7369,sslbl,PureLogsStealer C&C,"sslbl,2026-08-04",2026-08-04 07:49:13,2026-08-30 16:23:27,88
ssl_sha1,d7d3f678f9b63334375db11eecc81be2db4db6f0,sslbl,ConnectWise C&C,"sslbl,2026-08-07",2026-08-07 12:43:25,2026-08-30 16:23:27,88
ssl_sha1,d85fb33f78921ec5ce0a2c2a9e9f2b0e8281bfc9,sslbl,AsyncRAT C&C,"sslbl,2026-07-13",2026-07-13 20:25:50,2026-08-30 16:23:27,88
ssl_sha1,d8614f6c4127ebeaf66a898a8e7ce3801cf03c30,sslbl,PureLogsStealer C&C,"sslbl,2026-08-12",2026-08-12 12:42:52,2026-08-30 16:23:27,88
ssl_sha1,d8bdc29b8e9cdd5a849185ca6042d9c6f90d12e7,sslbl,Malware C&C,"sslbl,2026-08-22",2026-08-22 16:06:16,2026-08-30 16:23:27,88
ssl_sha1,d962e722e22971c6b81f89befbbe949241b8c2ec,sslbl,OffLoader C&C,"sslbl,2026-08-21",2026-08-21 16:09:28,2026-08-30 16:23:27,88
ssl_sha1,d9da2988d90a2479eb45e1fc66ff46b04f2289f2,sslbl,ACRStealer C&C,"sslbl,2026-08-28",2026-08-28 16:06:18,2026-08-30 16:23:27,88
ssl_sha1,da841f680c2699118b0f96b74c16b0625e03f180,sslbl,Amadey C&C,"sslbl,2026-08-10",2026-08-10 12:42:40,2026-08-30 16:23:27,88
ssl_sha1,db767b560efd2f6811b4c4adf2b0fdaee18fdad5,sslbl,PureLogsStealer C&C,"sslbl,2026-08-04",2026-08-05 12:42:46,2026-08-30 16:23:27,88
ssl_sha1,db787c8625b794b3d2385274bfdf8f34d731d7d9,sslbl,Vidar C&C,"sslbl,2026-08-27",2026-08-27 16:06:11,2026-08-30 16:23:27,88
ssl_sha1,dbb503055e3d10fa9d7c07f445e1cf6e5959f038,sslbl,PureRAT C&C,"sslbl,2026-08-25",2026-08-25 16:07:37,2026-08-30 16:23:27,88
ssl_sha1,dcbc383f1a16d4b8baa7bfca1bb023f7f65c36f7,sslbl,Vidar C&C,"sslbl,2026-07-11",2026-07-11 08:25:58,2026-08-30 16:23:27,88
ssl_sha1,dce637479f61ac7c43c869dcce6b6a050ee29917,sslbl,ACRStealer C&C,"sslbl,2026-08-12",2026-08-12 12:42:52,2026-08-30 16:23:27,88
ssl_sha1,dcf9b87b04998fde1fa03e83bfb8fec67ab1e1e1,sslbl,ConnectWise C&C,"sslbl,2026-08-04",2026-08-04 07:49:13,2026-08-30 16:23:27,88
ssl_sha1,dd7323e5437c503d3b0f4bc1d268dfffd58b80ab,sslbl,Malware C&C,"sslbl,2026-08-11",2026-08-11 12:42:27,2026-08-30 16:23:27,88
ssl_sha1,dd95dacb4419bad92d3d39fa274af4acc1cb6988,sslbl,ConnectWise C&C,"sslbl,2026-08-04",2026-08-04 07:49:13,2026-08-30 16:23:27,88
ssl_sha1,ddac606a1cf89b62cad44ca59ae7986378f191e7,sslbl,OffLoader C&C,"sslbl,2026-08-27",2026-08-27 16:06:11,2026-08-30 16:23:27,88
ssl_sha1,ddfdf0aa1923b91144b9886e63430e063ad115a8,sslbl,OffLoader C&C,"sslbl,2026-08-29",2026-08-29 16:10:47,2026-08-30 16:23:27,88
ssl_sha1,de7567aa2ce367cb0915ffd8eb55b1e320e726c9,sslbl,PureLogsStealer C&C,"sslbl,2026-08-21",2026-08-21 16:09:28,2026-08-30 16:23:27,88
ssl_sha1,de7a6af567763e1b73a97ed52a1b2166807d8ffc,sslbl,ConnectWise C&C,"sslbl,2026-07-23",2026-07-23 18:30:39,2026-08-30 16:23:27,88
ssl_sha1,ded1fe95801f3c3fd8a1c73360fbaef6697bcf34,sslbl,Malware distribution,"sslbl,2026-08-05",2026-08-05 12:42:46,2026-08-30 16:23:27,88
ssl_sha1,df82e74fbb5bc5ae778b1cc4012b097f1f9a133d,sslbl,PureRAT C&C,"sslbl,2026-07-13",2026-07-13 20:25:50,2026-08-30 16:23:27,88
ssl_sha1,dfde6725130631a83b3d0dc221736bad3db16918,sslbl,OffLoader C&C,"sslbl,2026-08-14",2026-08-14 08:13:11,2026-08-30 16:23:27,88
ssl_sha1,dfefdeb13f78e83fe980b5f8cea29436df4d7ade,sslbl,SheetRAT C&C,"sslbl,2026-07-16",2026-07-16 17:20:54,2026-08-30 16:23:27,88
ssl_sha1,e05145a93b7b5def1ca6c0e356cc4cdba3cbed9f,sslbl,Vidar C&C,"sslbl,2026-07-21",2026-07-21 17:20:42,2026-08-30 16:23:27,88
ssl_sha1,e0ffdffb5d9bf9216ea5e70d4fe2bae919f5a6ca,sslbl,OffLoader C&C,"sslbl,2026-08-20",2026-08-20 16:06:17,2026-08-30 16:23:27,88
ssl_sha1,e11c9cfa144ec7da0f1b77838fd02cfb7e897eaa,sslbl,Vidar C&C,"sslbl,2026-08-11",2026-08-11 12:42:27,2026-08-30 16:23:27,88
ssl_sha1,e15c7bdeb747a9fff47c514a10229a2a59d1157d,sslbl,AnimateClipper C&C,"sslbl,2026-07-29",2026-07-29 17:37:13,2026-08-30 16:23:27,88
ssl_sha1,e1fadee899789d8e802b8b88dcf67e4cae82ccf1,sslbl,Vidar C&C,"sslbl,2026-08-20",2026-08-20 16:06:17,2026-08-30 16:23:27,88
ssl_sha1,e265df346af246b4a57b638872957cacce04f289,sslbl,DumplingsRAT C&C,"sslbl,2026-08-26",2026-08-26 16:06:11,2026-08-30 16:23:27,88
ssl_sha1,e39fdf1800919f6dd77d89bcdbc0b1fe8a9352eb,sslbl,Vidar C&C,"sslbl,2026-08-18",2026-08-18 22:07:31,2026-08-30 16:23:27,88
ssl_sha1,e481c58f5012d5d8a5177bf84b055fc93c06e32e,sslbl,NetSupport C&C,"sslbl,2026-08-29",2026-08-29 16:10:47,2026-08-30 16:23:27,88
ssl_sha1,e553bfd006337f4cb3a3acf5a681980d184b79e6,sslbl,Vidar C&C,"sslbl,2026-07-06",2026-07-06 14:36:57,2026-08-30 16:23:27,88
ssl_sha1,e61c2fca353a70e5eef94a7a6a0d72fa1fcd2df2,sslbl,Amadey C&C,"sslbl,2026-08-10",2026-08-10 12:42:40,2026-08-30 16:23:27,88
ssl_sha1,e63b53c2c26b9bff8f20e018efe7c166ec3c4acd,sslbl,ConnectWise C&C,"sslbl,2026-08-07",2026-08-07 12:43:25,2026-08-30 16:23:27,88
ssl_sha1,e6b44935f6416b11d4ec5d51bbcae9e6f2ab5ce7,sslbl,OffLoader C&C,"sslbl,2026-08-08",2026-08-09 00:42:39,2026-08-30 16:23:27,88
ssl_sha1,e6cc4eebe2d73c7174be4be73bc00d4642122ac4,sslbl,ACRStealer C&C,"sslbl,2026-07-27",2026-07-27 17:35:21,2026-08-30 16:23:27,88
ssl_sha1,e86cb30b97c8af13b305fa5cdc7357e23f633447,sslbl,AsyncRAT C&C,"sslbl,2026-07-16",2026-07-16 17:20:54,2026-08-30 16:23:27,88
ssl_sha1,e953a8c7f135a5b8867b9dfcfc2a1b402f1e289e,sslbl,PureLogsStealer C&C,"sslbl,2026-08-13",2026-08-13 20:13:53,2026-08-30 16:23:27,88
ssl_sha1,eb8e9c5b1aa45b3d4ca6b05695a50aea57f7f56e,sslbl,PureLogsStealer C&C,"sslbl,2026-07-14",2026-07-14 19:40:35,2026-08-30 16:23:27,88
ssl_sha1,ec452c3c30499a1a6983877a2d881c1a8f2955ea,sslbl,Vidar C&C,"sslbl,2026-07-06",2026-07-06 14:36:57,2026-08-30 16:23:27,88
ssl_sha1,ec70fdbbd715a57474807302b27f3eb124b05049,sslbl,Vidar C&C,"sslbl,2026-08-12",2026-08-12 12:42:52,2026-08-30 16:23:27,88
ssl_sha1,ecae976f3eabcaad996e0a431d47bcead61dfb5e,sslbl,RatonRAT C&C,"sslbl,2026-08-21",2026-08-21 16:09:28,2026-08-30 16:23:27,88
ssl_sha1,ecb3aee37c800e726dc0c52a11ea76718bd3e767,sslbl,RCSBotnet C&C,"sslbl,2026-07-06",2026-07-06 14:36:57,2026-08-30 16:23:27,88
ssl_sha1,ece1b6bdc8e62d35188aab274bdb0be28d84c43f,sslbl,QuasarRAT C&C,"sslbl,2026-08-06",2026-08-07 00:43:03,2026-08-30 16:23:27,88
ssl_sha1,ed0d4b2a9c090b6af6c99fd5b899831da206d835,sslbl,Vidar C&C,"sslbl,2026-07-30",2026-07-31 05:35:34,2026-08-30 16:23:27,88
ssl_sha1,edbd45e54859ad7082efb79465ba938bb2581132,sslbl,OffLoader C&C,"sslbl,2026-08-18",2026-08-18 22:07:31,2026-08-30 16:23:27,88
ssl_sha1,edd934290c1a24e425d4d6f6c82a08ebc392b89f,sslbl,OffLoader C&C,"sslbl,2026-08-25",2026-08-25 16:07:37,2026-08-30 16:23:27,88
ssl_sha1,ee36218aaa01a8d8f352e02bc851092fbcf1f1a2,sslbl,Vidar C&C,"sslbl,2026-07-11",2026-07-11 08:25:58,2026-08-30 16:23:27,88
ssl_sha1,eedeb11bc67df6c7b7a714512a59dc346c1b4271,sslbl,Socks5Systemz C&C,"sslbl,2026-08-26",2026-08-26 16:06:11,2026-08-30 16:23:27,88
ssl_sha1,ef5c2a4999763064e2213dbe1c8ed696c0e8914b,sslbl,Vidar C&C,"sslbl,2026-08-29",2026-08-29 16:10:47,2026-08-30 16:23:27,88
ssl_sha1,ef74c5ab92e15e7226ba84cce3a45522c74ba902,sslbl,PureLogsStealer C&C,"sslbl,2026-08-06",2026-08-06 12:43:05,2026-08-30 16:23:27,88
ssl_sha1,ef771150284da548676c603f5a4e1cd2763fd27f,sslbl,PureLogsStealer C&C,"sslbl,2026-08-04",2026-08-04 07:49:13,2026-08-30 16:23:27,88
ssl_sha1,efed7c2a381b7d580caf89354c93991ac2de65b3,sslbl,OffLoader C&C,"sslbl,2026-08-26",2026-08-26 16:06:11,2026-08-30 16:23:27,88
ssl_sha1,f351f7dbe9c583f75758b39cd307f5359d110c73,sslbl,AsyncRAT C&C,"sslbl,2026-08-18",2026-08-18 22:07:31,2026-08-30 16:23:27,88
ssl_sha1,f3a38c4fa9a59b250a0a2d351af061fce6a21995,sslbl,ConnectWise C&C,"sslbl,2026-08-11",2026-08-11 12:42:27,2026-08-30 16:23:27,88
ssl_sha1,f3ba11a6cb8be921ee0fbd326de9a66220bcc82f,sslbl,Vidar C&C,"sslbl,2026-08-15",2026-08-15 20:13:12,2026-08-30 16:23:27,88
ssl_sha1,f50e245dc1e4a89d6cf5e07e31ae1392a3f9ad20,sslbl,AsyncRAT C&C,"sslbl,2026-08-14",2026-08-14 08:13:11,2026-08-30 16:23:27,88
ssl_sha1,f52ace7c91f1ad88a78ea62eab06e000e2f88f16,sslbl,PureRAT C&C,"sslbl,2026-08-20",2026-08-20 16:06:17,2026-08-30 16:23:27,88
ssl_sha1,f5c8ee530b1fd817432a4bafad12126d1ae744d4,sslbl,PureLogsStealer C&C,"sslbl,2026-08-04",2026-08-05 12:42:46,2026-08-30 16:23:27,88
ssl_sha1,f9a55e7a59b0fcbd7df9f5a445475480368598ce,sslbl,PureLogsStealer C&C,"sslbl,2026-07-17",2026-07-17 17:21:06,2026-08-30 16:23:27,88
ssl_sha1,fa62c7ce7b7ec943d8853832560bc5a386aaf17e,sslbl,HypeAgent C&C,"sslbl,2026-08-18",2026-08-18 10:07:25,2026-08-30 16:23:27,88
ssl_sha1,fa925f013a4c8ed98cda12d1d8f06ef638b11301,sslbl,PureRAT C&C,"sslbl,2026-07-03",2026-07-03 14:36:09,2026-08-30 16:23:27,88
ssl_sha1,fa9ce5456e315652b1373bf913ac45ae7bb4358a,sslbl,Vidar C&C,"sslbl,2026-08-12",2026-08-12 12:42:52,2026-08-30 16:23:27,88
ssl_sha1,faef3e27e526f960dcf92e0865f82081ecbfbe2d,sslbl,PureRAT C&C,"sslbl,2026-07-06",2026-07-06 14:36:57,2026-08-30 16:23:27,88
ssl_sha1,fb23354c98647902b717bbcc68657256a5dddd37,sslbl,ACRStealer C&C,"sslbl,2026-08-19",2026-08-19 16:06:13,2026-08-30 16:23:27,88
ssl_sha1,fc5d9dddb01c263a67e7c485e04277afa82fbabf,sslbl,Vidar C&C,"sslbl,2026-08-17",2026-08-17 08:13:04,2026-08-30 16:23:27,88
ssl_sha1,fca24c810592604f11de7dc12dc790c91cc118df,sslbl,ConnectWise C&C,"sslbl,2026-08-19",2026-08-19 16:06:13,2026-08-30 16:23:27,88
ssl_sha1,fd3af93a62968dfbe18556ec5dd6f9a208c5a294,sslbl,ConnectWise C&C,"sslbl,2026-07-14",2026-07-14 08:25:37,2026-08-30 16:23:27,88
ssl_sha1,fd6a25dcc16de5e9b0a4563f8d8c94a5941bf437,sslbl,ConnectWise C&C,"sslbl,2026-08-19",2026-08-19 16:06:13,2026-08-30 16:23:27,88
ssl_sha1,fd78e771cab22c3afad8a5d5c448ff05268f20dd,sslbl,Vidar C&C,"sslbl,2026-08-27",2026-08-27 16:06:11,2026-08-30 16:23:27,88
ssl_sha1,fe50e363165e3e8d789daf4dc378f50a70f35a8a,sslbl,Vidar C&C,"sslbl,2026-07-30",2026-07-31 05:35:34,2026-08-30 16:23:27,88
ssl_sha1,ff4362ad98a2821b067bc4ae0624b7da832aad83,sslbl,OffLoader C&C,"sslbl,2026-08-19",2026-08-19 16:06:13,2026-08-30 16:23:27,88
ssl_sha1,ffa6be04fe2e9c6b79776dcfc7ad3f41a403a64d,sslbl,PureRAT C&C,"sslbl,2026-08-18",2026-08-18 22:07:31,2026-08-30 16:23:27,88
ssl_sha1,ffc71a7ba96b8801333ea2b9e7cd05d4cc2f718d,sslbl,Malware C&C,"sslbl,2026-08-11",2026-08-12 00:43:15,2026-08-30 16:23:27,88
url,http://103.26.82.216:35366/Mozi.m,threatfox,Mozi,"threatfox,elf,iot,Mozi",2026-08-30 16:06:18,2026-08-30 16:23:27,85
url,http://112.198.130.112:42541/bin.sh,urlhaus,malware_download,"32-bit,arm,elf,mirai,Mozi",2026-08-30 16:00:10,2026-08-30 16:23:27,85
url,http://112.198.130.112:42541/i,urlhaus,malware_download,"32-bit,arm,elf,mirai,Mozi",2026-08-30 16:00:10,2026-08-30 16:23:27,85
url,http://112.198.193.62:41416/bin.sh,urlhaus,malware_download,"32-bit,arm,elf,mirai,Mozi",2026-08-30 16:00:10,2026-08-30 16:23:27,85
url,http://112.198.193.62:41416/i,urlhaus,malware_download,"32-bit,arm,elf,mirai,Mozi",2026-08-30 16:00:10,2026-08-30 16:23:27,85
url,http://112.25.235.194:60134/Mozi.7,threatfox,Mozi,"threatfox,elf,iot,Mozi",2026-08-30 16:06:18,2026-08-30 16:23:27,85
url,http://113.221.76.194:54955/i,urlhaus,malware_download,"32-bit,arm,elf,mirai,Mozi",2026-08-30 16:00:10,2026-08-30 16:23:27,85
url,http://113.228.97.87:37040/bin.sh,urlhaus,malware_download,"32-bit,elf,mips,Mozi",2026-08-30 16:00:10,2026-08-30 16:23:27,85
url,http://113.228.97.87:37040/i,urlhaus,malware_download,"32-bit,elf,mips,Mozi",2026-08-30 16:00:10,2026-08-30 16:23:27,85
url,http://115.49.73.224:46099/bin.sh,urlhaus,malware_download,"32-bit,elf,mips,Mozi",2026-08-30 16:00:10,2026-08-30 16:23:27,85
url,http://115.49.77.192:40174/i,urlhaus,malware_download,"32-bit,elf,mips,Mozi",2026-08-30 16:00:10,2026-08-30 16:23:27,85
url,http://115.61.100.5:53706/bin.sh,urlhaus,malware_download,"32-bit,elf,mips,Mozi",2026-08-30 16:00:10,2026-08-30 16:23:27,85
url,http://115.61.100.5:53706/i,urlhaus,malware_download,"32-bit,elf,mips,Mozi",2026-08-30 16:00:10,2026-08-30 16:23:27,85
url,http://116.109.33.252:33235/Mozi.a,threatfox,Mozi,"threatfox,elf,iot,Mozi",2026-08-30 16:06:18,2026-08-30 16:23:27,85
url,http://119.114.63.69:50707/i,urlhaus,malware_download,"32-bit,elf,mips,Mozi",2026-08-30 16:00:10,2026-08-30 16:23:27,85
url,http://119.185.242.125:51657/bin.sh,urlhaus,malware_download,,2026-08-30 16:00:10,2026-08-30 16:23:27,85
url,http://119.185.242.125:51657/i,urlhaus,malware_download,,2026-08-30 16:00:10,2026-08-30 16:23:27,85
url,http://139.135.42.31:43969/Mozi.m,threatfox,Mozi,"threatfox,elf,iot,Mozi",2026-08-30 16:06:18,2026-08-30 16:23:27,85
url,http://153.117.37.70:33874/Mozi.m,threatfox,Mozi,"threatfox,elf,iot,Mozi",2026-08-30 16:06:18,2026-08-30 16:23:27,85
url,http://165.98.243.83:44647/bin.sh,urlhaus,malware_download,mirai,2026-08-30 16:00:10,2026-08-30 16:23:27,85
url,http://165.98.243.83:44647/i,urlhaus,malware_download,mirai,2026-08-30 16:00:10,2026-08-30 16:23:27,85
url,http://175.107.0.8:44034/Mozi.7,threatfox,Mozi,"threatfox,elf,iot,Mozi",2026-08-30 16:06:18,2026-08-30 16:23:27,85
url,http://182.127.7.128:48142/bin.sh,urlhaus,malware_download,"32-bit,elf,mips,Mozi",2026-08-30 16:00:10,2026-08-30 16:23:27,85
url,http://182.127.7.128:48142/i,urlhaus,malware_download,"32-bit,elf,mips,Mozi",2026-08-30 16:00:10,2026-08-30 16:23:27,85
url,http://190.123.46.208/Okami.arm4,urlhaus,malware_download,"elf,mirai,ua-wget",2026-08-30 16:00:10,2026-08-30 16:23:27,85
url,http://190.123.46.208/Okami.arm5,urlhaus,malware_download,"elf,mirai,ua-wget",2026-08-30 16:00:10,2026-08-30 16:23:27,85
url,http://190.123.46.208/Okami.arm6,urlhaus,malware_download,"elf,mirai,ua-wget",2026-08-30 16:00:10,2026-08-30 16:23:27,85
url,http://190.123.46.208/Okami.arm7,urlhaus,malware_download,"elf,mirai,ua-wget",2026-08-30 16:00:10,2026-08-30 16:23:27,85
url,http://190.123.46.208/Okami.i586,urlhaus,malware_download,"elf,mirai,ua-wget",2026-08-30 16:00:10,2026-08-30 16:23:27,85
url,http://190.123.46.208/Okami.i686,urlhaus,malware_download,"elf,mirai,ua-wget",2026-08-30 16:00:10,2026-08-30 16:23:27,85
url,http://190.123.46.208/Okami.m68k,urlhaus,malware_download,"elf,mirai,ua-wget",2026-08-30 16:00:10,2026-08-30 16:23:27,85
url,http://190.123.46.208/Okami.mpsl,urlhaus,malware_download,"elf,mirai,ua-wget",2026-08-30 16:00:10,2026-08-30 16:23:27,85
url,http://190.123.46.208/Okami.ppc,urlhaus,malware_download,"elf,mirai,ua-wget",2026-08-30 16:00:10,2026-08-30 16:23:27,85
url,http://190.123.46.208/Okami.ppc440,urlhaus,malware_download,"elf,mirai,ua-wget",2026-08-30 16:00:10,2026-08-30 16:23:27,85
url,http://190.123.46.208/Okami.sh4,urlhaus,malware_download,"elf,mirai,ua-wget",2026-08-30 16:00:10,2026-08-30 16:23:27,85
url,http://190.123.46.208/Okami.sparc,urlhaus,malware_download,"elf,mirai,ua-wget",2026-08-30 16:00:10,2026-08-30 16:23:27,85
url,http://190.123.46.208/Okami.x86,urlhaus,malware_download,"elf,mirai,ua-wget",2026-08-30 16:00:10,2026-08-30 16:23:27,85
url,http://196.189.130.28:40073/i,urlhaus,malware_download,"32-bit,arm,elf,mirai,Mozi",2026-08-30 16:00:10,2026-08-30 16:23:27,85
url,http://203.101.186.166:41052/Mozi.m,threatfox,Mozi,"threatfox,elf,iot,Mozi",2026-08-29 16:10:47,2026-08-30 16:23:27,85
url,http://222.138.218.14:32917/i,urlhaus,malware_download,Mozi,2026-08-30 16:00:10,2026-08-30 16:23:27,85
url,http://222.139.33.79:42720/i,urlhaus,malware_download,Mozi,2026-08-30 16:00:10,2026-08-30 16:23:27,85
url,http://222.140.186.239:51029/bin.sh,urlhaus,malware_download,,2026-08-30 16:00:10,2026-08-30 16:23:27,85
url,http://222.140.187.97:57305/bin.sh,urlhaus,malware_download,"32-bit,elf,mips,Mozi",2026-08-30 16:00:10,2026-08-30 16:23:27,85
url,http://222.142.247.254:55164/i,urlhaus,malware_download,Mozi,2026-08-30 16:00:10,2026-08-30 16:23:27,85
url,http://27.202.53.216:45165/i,urlhaus,malware_download,Mozi,2026-08-30 16:00:10,2026-08-30 16:23:27,85
url,http://27.206.72.34:42043/bin.sh,urlhaus,malware_download,mirai,2026-08-30 16:00:10,2026-08-30 16:23:27,85
url,http://27.206.72.34:42043/i,urlhaus,malware_download,mirai,2026-08-30 16:00:10,2026-08-30 16:23:27,85
url,http://27.207.138.210:50855/i,urlhaus,malware_download,Mozi,2026-08-30 16:00:10,2026-08-30 16:23:27,85
url,http://27.209.68.7:53911/bin.sh,urlhaus,malware_download,Mozi,2026-08-30 16:00:10,2026-08-30 16:23:27,85
url,http://27.215.215.71:52264/bin.sh,urlhaus,malware_download,Mozi,2026-08-30 16:00:10,2026-08-30 16:23:27,85
url,http://27.215.215.71:52264/i,urlhaus,malware_download,Mozi,2026-08-30 16:00:10,2026-08-30 16:23:27,85
url,http://36.249.53.231:42647/bin.sh,urlhaus,malware_download,mirai,2026-08-30 16:00:10,2026-08-30 16:23:27,85
url,http://36.70.73.226:51425/bin.sh,urlhaus,malware_download,"32-bit,arm,elf,mirai,Mozi",2026-08-30 16:00:10,2026-08-30 16:23:27,85
url,http://36.70.73.226:51425/i,urlhaus,malware_download,mirai,2026-08-30 16:00:10,2026-08-30 16:23:27,85
url,http://39.74.85.213:36540/i,urlhaus,malware_download,Mozi,2026-08-30 16:00:10,2026-08-30 16:23:27,85
url,http://39.87.219.41:49431/bin.sh,urlhaus,malware_download,"32-bit,elf,mips,Mozi",2026-08-30 16:00:10,2026-08-30 16:23:27,85
url,http://39.87.219.41:49431/i,urlhaus,malware_download,Mozi,2026-08-30 16:00:10,2026-08-30 16:23:27,85
url,http://39.89.242.234:38903/bin.sh,urlhaus,malware_download,mirai,2026-08-30 16:00:10,2026-08-30 16:23:27,85
url,http://39.89.242.234:38903/i,urlhaus,malware_download,mirai,2026-08-30 16:00:10,2026-08-30 16:23:27,85
url,http://42.180.220.46:40804/bin.sh,urlhaus,malware_download,,2026-08-30 16:00:10,2026-08-30 16:23:27,85
url,http://42.180.220.46:40804/i,urlhaus,malware_download,,2026-08-30 16:00:10,2026-08-30 16:23:27,85
url,http://42.224.99.30:51096/i,urlhaus,malware_download,Mozi,2026-08-30 16:00:10,2026-08-30 16:23:27,85
url,http://42.232.181.173:46898/i,urlhaus,malware_download,Mozi,2026-08-30 16:00:10,2026-08-30 16:23:27,85
url,http://42.235.1.70:34961/bin.sh,urlhaus,malware_download,Mozi,2026-08-30 16:00:10,2026-08-30 16:23:27,85
url,http://42.235.1.70:34961/i,urlhaus,malware_download,Mozi,2026-08-30 16:00:10,2026-08-30 16:23:27,85
url,http://42.235.52.81:46537/bin.sh,urlhaus,malware_download,,2026-08-30 16:00:10,2026-08-30 16:23:27,85
url,http://42.235.52.81:46537/i,urlhaus,malware_download,,2026-08-30 16:00:10,2026-08-30 16:23:27,85
url,http://42.238.68.10:52114/bin.sh,urlhaus,malware_download,Mozi,2026-08-30 16:00:10,2026-08-30 16:23:27,85
url,http://42.53.254.96:49853/i,urlhaus,malware_download,mirai,2026-08-30 16:00:10,2026-08-30 16:23:27,85
url,http://42.57.220.37:50506/bin.sh,urlhaus,malware_download,,2026-08-30 16:00:10,2026-08-30 16:23:27,85
url,http://42.57.220.37:50506/i,urlhaus,malware_download,,2026-08-30 16:00:10,2026-08-30 16:23:27,85
url,http://42.59.235.188:51478/i,urlhaus,malware_download,,2026-08-30 16:00:10,2026-08-30 16:23:27,85
url,http://42.86.128.27:43504/bin.sh,urlhaus,malware_download,,2026-08-30 16:00:10,2026-08-30 16:23:27,85
url,http://42.86.128.27:43504/i,urlhaus,malware_download,,2026-08-30 16:00:10,2026-08-30 16:23:27,85
url,http://60.18.123.60:48930/bin.sh,urlhaus,malware_download,,2026-08-30 16:00:10,2026-08-30 16:23:27,85
url,http://60.22.160.35:40026/i,urlhaus,malware_download,,2026-08-30 16:00:10,2026-08-30 16:23:27,85
url,http://60.22.62.241:50802/bin.sh,urlhaus,malware_download,,2026-08-30 16:00:10,2026-08-30 16:23:27,85
url,http://61.176.123.105:57323/bin.sh,urlhaus,malware_download,mirai,2026-08-30 16:00:10,2026-08-30 16:23:27,85
url,http://61.52.156.127:34870/i,urlhaus,malware_download,Mozi,2026-08-30 16:00:10,2026-08-30 16:23:27,85
url,http://61.52.59.159:34999/i,urlhaus,malware_download,Mozi,2026-08-30 16:00:10,2026-08-30 16:23:27,85
url,http://61.52.6.170:47302/i,urlhaus,malware_download,Mozi,2026-08-30 16:00:10,2026-08-30 16:23:27,85
url,http://61.53.94.239:44175/i,urlhaus,malware_download,Mozi,2026-08-30 16:00:10,2026-08-30 16:23:27,85
url,http://64.89.163.8/hiddenbin/boatnet.arc,urlhaus,malware_download,"elf,ua-wget",2026-08-30 16:00:10,2026-08-30 16:23:27,85
url,http://64.89.163.8/hiddenbin/boatnet.arm,urlhaus,malware_download,"elf,ua-wget",2026-08-30 16:00:10,2026-08-30 16:23:27,85
url,http://64.89.163.8/hiddenbin/boatnet.arm5,urlhaus,malware_download,"elf,ua-wget",2026-08-30 16:00:10,2026-08-30 16:23:27,85
url,http://64.89.163.8/hiddenbin/boatnet.arm6,urlhaus,malware_download,"elf,ua-wget",2026-08-30 16:00:10,2026-08-30 16:23:27,85
url,http://64.89.163.8/hiddenbin/boatnet.arm7,urlhaus,malware_download,"elf,ua-wget",2026-08-30 16:00:10,2026-08-30 16:23:27,85
url,http://64.89.163.8/hiddenbin/boatnet.i468,urlhaus,malware_download,"elf,ua-wget",2026-08-30 16:00:10,2026-08-30 16:23:27,85
url,http://64.89.163.8/hiddenbin/boatnet.i686,urlhaus,malware_download,"elf,ua-wget",2026-08-30 16:00:10,2026-08-30 16:23:27,85
url,http://64.89.163.8/hiddenbin/boatnet.m68k,urlhaus,malware_download,"elf,ua-wget",2026-08-30 16:00:10,2026-08-30 16:23:27,85
url,http://64.89.163.8/hiddenbin/boatnet.mips,urlhaus,malware_download,"elf,ua-wget",2026-08-30 16:00:10,2026-08-30 16:23:27,85
url,http://64.89.163.8/hiddenbin/boatnet.mpsl,urlhaus,malware_download,"elf,ua-wget",2026-08-30 16:00:10,2026-08-30 16:23:27,85
url,http://64.89.163.8/hiddenbin/boatnet.ppc,urlhaus,malware_download,"elf,ua-wget",2026-08-30 16:00:10,2026-08-30 16:23:27,85
url,http://64.89.163.8/hiddenbin/boatnet.sh4,urlhaus,malware_download,"elf,ua-wget",2026-08-30 16:00:10,2026-08-30 16:23:27,85
url,http://64.89.163.8/hiddenbin/boatnet.spc,urlhaus,malware_download,"elf,ua-wget",2026-08-30 16:00:10,2026-08-30 16:23:27,85
url,http://64.89.163.8/hiddenbin/boatnet.x86,urlhaus,malware_download,"elf,ua-wget",2026-08-30 16:00:10,2026-08-30 16:23:27,85
url,http://64.89.163.8/hiddenbin/boatnet.x86_64,urlhaus,malware_download,"elf,ua-wget",2026-08-30 16:00:10,2026-08-30 16:23:27,85
url,http://66.212.173.225:33690/bin.sh,urlhaus,malware_download,mirai,2026-08-30 16:00:10,2026-08-30 16:23:27,85
url,http://91.184.241.245/bins/parm6,urlhaus,malware_download,"elf,mirai,ua-wget",2026-08-30 16:00:10,2026-08-30 16:23:27,85
url,http://91.184.241.245/bins/pm68k,urlhaus,malware_download,"elf,mirai,ua-wget",2026-08-30 16:00:10,2026-08-30 16:23:27,85
url,http://91.184.241.245/bins/pmips,urlhaus,malware_download,"elf,mirai,ua-wget",2026-08-30 16:00:10,2026-08-30 16:23:27,85
url,http://91.184.241.245/bins/psh4,urlhaus,malware_download,"elf,mirai,ua-wget",2026-08-30 16:00:10,2026-08-30 16:23:27,85
url,http://91.184.241.245/bins/px86,urlhaus,malware_download,"elf,mirai,ua-wget",2026-08-30 16:00:10,2026-08-30 16:23:27,85
url,http://91.92.242.236/files-129312398/files/file_eb000b0d5ab4ad5b.exe,urlhaus,malware_download,"c2-monitor-auto,dropped-by-amadey",2026-08-30 16:00:10,2026-08-30 16:23:27,85
url,http://cdire.shop:9048/contacts,threatfox,Remus,"threatfox,remus",2026-08-30 04:06:42,2026-08-30 16:23:27,85
url,http://cdire.shop:9048/documents,threatfox,Remus,"threatfox,remus",2026-08-30 16:06:18,2026-08-30 16:23:27,85
url,http://cdire.shop:9048/files,threatfox,Remus,"threatfox,remus",2026-08-30 04:06:42,2026-08-30 16:23:27,85
url,http://cdire.shop:9048/images,threatfox,Remus,"threatfox,remus",2026-08-30 16:06:18,2026-08-30 16:23:27,85
url,http://cdire.shop:9048/imports,threatfox,Remus,"threatfox,remus",2026-08-30 16:06:18,2026-08-30 16:23:27,85
url,http://cryptovectorhub3.lol:5478/messages,threatfox,Remus,"threatfox,remus",2026-08-29 16:10:47,2026-08-30 16:23:27,85
url,http://fezm.website:9048/webhooks,threatfox,Remus,"threatfox,remus",2026-08-30 04:06:42,2026-08-30 16:23:27,85
url,http://flreaow.click:6527/articles,threatfox,Remus,"threatfox,remus",2026-08-29 16:10:47,2026-08-30 16:23:27,85
url,http://flreaow.click:6527/comments,threatfox,Remus,"threatfox,remus",2026-08-29 16:10:47,2026-08-30 16:23:27,85
url,http://flreaow.click:6527/customers,threatfox,Remus,"threatfox,remus",2026-08-30 16:06:18,2026-08-30 16:23:27,85
url,http://flreaow.click:6527/images,threatfox,Remus,"threatfox,remus",2026-08-30 04:06:42,2026-08-30 16:23:27,85
url,http://flreaow.click:6527/imports,threatfox,Remus,"threatfox,remus",2026-08-30 04:06:42,2026-08-30 16:23:27,85
url,http://flreaow.click:6527/messages,threatfox,Remus,"threatfox,remus",2026-08-30 16:06:18,2026-08-30 16:23:27,85
url,http://fresok.top:9048/accounts,threatfox,Remus,"threatfox,remus",2026-08-29 16:10:47,2026-08-30 16:23:27,85
url,http://kupzovo.shop:7567/reports,threatfox,Remus,"threatfox,remus",2026-08-30 16:06:18,2026-08-30 16:23:27,85
url,http://mountat.click:7528/tokens,threatfox,Remus,"threatfox,remus",2026-08-30 04:06:42,2026-08-30 16:23:27,85
url,http://piarl.site:9048/collections,threatfox,Remus,"threatfox,remus",2026-08-29 16:10:47,2026-08-30 16:23:27,85
url,http://piarl.site:9048/documents,threatfox,Remus,"threatfox,remus",2026-08-29 16:10:47,2026-08-30 16:23:27,85
url,http://piarl.site:9048/imports,threatfox,Remus,"threatfox,remus",2026-08-30 04:06:42,2026-08-30 16:23:27,85
url,http://piarl.site:9048/notifications,threatfox,Remus,"threatfox,remus",2026-08-29 16:10:47,2026-08-30 16:23:27,85
url,http://shhsift.click:7647/customers,threatfox,Remus,"threatfox,remus",2026-08-30 04:06:42,2026-08-30 16:23:27,85
url,http://shhsift.click:7647/orders,threatfox,Remus,"threatfox,remus",2026-08-30 04:06:42,2026-08-30 16:23:27,85
url,http://shhsift.click:7647/products,threatfox,Remus,"threatfox,remus",2026-08-30 16:06:18,2026-08-30 16:23:27,85
url,http://spareon.click:8811/folders,threatfox,Remus,"threatfox,remus",2026-08-30 04:06:42,2026-08-30 16:23:27,85
url,http://uiccvbk.click:8839/notifications,threatfox,Remus,"threatfox,remus",2026-08-30 16:06:18,2026-08-30 16:23:27,85
url,http://xightne.click:7242/tokens,threatfox,Remus,"threatfox,remus",2026-08-30 04:06:42,2026-08-30 16:23:27,85
url,http://zonxh.shop:7728/reports,threatfox,Remus,"threatfox,remus",2026-08-30 16:06:18,2026-08-30 16:23:27,85
url,https://46.225.92.123,threatfox,Vidar,"threatfox,052d95aa0b0505a149188acc00af5b78,c2,loader,stealer,Vidar",2026-08-29 16:10:47,2026-08-30 16:23:27,85
url,https://bestcloudservicesupport.com,threatfox,ClearFake,"threatfox,ClearFake,ClickFix,EtherHiding",2026-08-30 04:06:42,2026-08-30 16:23:27,85
url,https://bestguardservicesupport.com,threatfox,ClearFake,"threatfox,ClearFake,ClickFix,EtherHiding",2026-08-30 04:06:42,2026-08-30 16:23:27,85
url,https://bigdealjournal.com,threatfox,ClearFake,"threatfox,ClearFake,ClickFix,EtherHiding",2026-08-30 04:06:42,2026-08-30 16:23:27,85
url,https://chi.12naga.org,threatfox,Vidar,"threatfox,268d1539fef7aab0b99f0b10cc2693b0,c2,loader,stealer,Vidar",2026-08-30 16:06:18,2026-08-30 16:23:27,85
url,https://clickzona.net/embed/,threatfox,IClickFix,"threatfox,ClickFix",2026-08-30 04:06:42,2026-08-30 16:23:27,85
url,https://coolairesgroup.com/img_170820.png,urlhaus,malware_download,"rat,RemcosRAT,stego",2026-08-30 16:00:10,2026-08-30 16:23:27,85
url,https://dasgems.com/prosetup.exe,urlhaus,malware_download,"dropped-by-Stealc,OverlordRAT,PG",2026-08-30 16:00:10,2026-08-30 16:23:27,85
url,https://daskljtitaskastvv.pro/dsasfd555.js,threatfox,NetSupportManager RAT,"threatfox,clickfix,evalusion,fake-captcha,merry-florist,netsupport,unc2190,wordpress-injection",2026-08-30 16:06:18,2026-08-30 16:23:27,85
url,https://fish-planet.online,threatfox,ClearFake,"threatfox,ClearFake,ClickFix,ErrTraffic,EtherHiding",2026-08-29 16:10:47,2026-08-30 16:23:27,85
url,https://github-software.su/encrypted/1.zip,urlhaus,malware_download,d7d7f50ed686001c727dbd987b7fc7e7,2026-08-30 16:00:10,2026-08-30 16:23:27,85
url,https://ley.123ful.net,threatfox,Vidar,"threatfox,9e42080fd45ba9f402718ea0d28bb085,c2,loader,stealer,Vidar",2026-08-30 16:06:18,2026-08-30 16:23:27,85
url,https://online-park.online,threatfox,ClearFake,"threatfox,ClearFake,ClickFix,ErrTraffic,EtherHiding",2026-08-29 16:10:47,2026-08-30 16:23:27,85
url,https://playmounthdom.top/,threatfox,Stealc,"threatfox,c2,loader,printer,StealC,stealer",2026-08-29 16:10:47,2026-08-30 16:23:27,85
url,https://raw.githubusercontent.com/Christa6547/unopened/refs/heads/main/matchbox,threatfox,ClearFake,"threatfox,ClearFake",2026-08-30 04:06:42,2026-08-30 16:23:27,85
url,https://raw.githubusercontent.com/Kath19634/landowner/refs/heads/main/target,threatfox,ClearFake,"threatfox,ClearFake",2026-08-29 16:10:47,2026-08-30 16:23:27,85
url,https://raw.githubusercontent.com/Kath19634/ural3495/refs/heads/main/fds5412,threatfox,ClearFake,"threatfox,ClearFake",2026-08-30 16:06:18,2026-08-30 16:23:27,85
domain,1uswvmicve.workers.dev,threatfox,php.shin_webshell,"threatfox,Cloudflare,GIF,PHP,webshell,WordPress,workers.dev,wp-admin",2026-08-29 16:10:47,2026-08-30 04:28:45,85
domain,31hat.com.mx,threatfox,ClearFake,"threatfox,ClearFake",2026-08-29 04:06:18,2026-08-30 04:28:45,85
domain,3ppu1zomp8.workers.dev,threatfox,php.shin_webshell,"threatfox,Cloudflare,GIF,PHP,webshell,WordPress,workers.dev,wp-admin",2026-08-29 04:06:18,2026-08-30 04:28:45,85
domain,6n1fwtu6.en-trump-token.com,threatfox,ClearFake,"threatfox,ClearFake,mac-0x0f14,macos",2026-08-29 16:10:47,2026-08-30 04:28:45,85
domain,8uctkfzopj.workers.dev,threatfox,php.shin_webshell,"threatfox,Cloudflare,GIF,PHP,webshell,WordPress,workers.dev,wp-admin",2026-08-29 16:10:47,2026-08-30 04:28:45,85
domain,a1q5ie1n.gtsdirect.com,threatfox,ClearFake,"threatfox,ClearFake,mac-0x68dc,macos",2026-08-29 04:06:18,2026-08-30 04:28:45,85
domain,aj9m1fsp.barbashat.com,threatfox,ClearFake,"threatfox,ClearFake,mac-0x68dc,macos",2026-08-29 16:10:47,2026-08-30 04:28:45,85
domain,anjom77202.workers.dev,threatfox,php.shin_webshell,"threatfox,Cloudflare,GIF,PHP,webshell,WordPress,workers.dev,wp-admin",2026-08-29 16:10:47,2026-08-30 04:28:45,85
domain,app.morgel-spezialitaetenhandel.de,threatfox,ClearFake,"threatfox,compromised,EtherHide",2026-08-29 04:06:18,2026-08-30 04:28:45,85
domain,ardisj1944.workers.dev,threatfox,php.shin_webshell,"threatfox,Cloudflare,GIF,PHP,webshell,WordPress,workers.dev,wp-admin",2026-08-29 04:06:18,2026-08-30 04:28:45,85
domain,banivi.workers.dev,threatfox,php.shin_webshell,"threatfox,Cloudflare,GIF,PHP,webshell,WordPress,workers.dev,wp-admin",2026-08-29 16:10:47,2026-08-30 04:28:45,85
domain,barbashat.com,threatfox,ClearFake,"threatfox,ClearFake",2026-08-29 16:10:47,2026-08-30 04:28:45,85
domain,bosa.skillsbeam.io,threatfox,ClearFake,"threatfox,compromised,EtherHide",2026-08-29 16:10:47,2026-08-30 04:28:45,85
domain,boujy17296.workers.dev,threatfox,php.shin_webshell,"threatfox,Cloudflare,GIF,PHP,webshell,WordPress,workers.dev,wp-admin",2026-08-29 04:06:18,2026-08-30 04:28:45,85
domain,bq69vfja.31hat.com.mx,threatfox,ClearFake,"threatfox,ClearFake,mac-0x68dc,macos",2026-08-29 16:10:47,2026-08-30 04:28:45,85
domain,brd55i3s5p.workers.dev,threatfox,php.shin_webshell,"threatfox,Cloudflare,GIF,PHP,webshell,WordPress,workers.dev,wp-admin",2026-08-29 16:10:47,2026-08-30 04:28:45,85
domain,buwegy.workers.dev,threatfox,php.shin_webshell,"threatfox,Cloudflare,GIF,PHP,webshell,WordPress,workers.dev,wp-admin",2026-08-29 16:10:47,2026-08-30 04:28:45,85
domain,chpbj98049.workers.dev,threatfox,php.shin_webshell,"threatfox,Cloudflare,GIF,PHP,webshell,WordPress,workers.dev,wp-admin",2026-08-29 16:10:47,2026-08-30 04:28:45,85
domain,disappointed5249.workers.dev,threatfox,php.shin_webshell,"threatfox,Cloudflare,GIF,PHP,webshell,WordPress,workers.dev,wp-admin",2026-08-29 16:10:47,2026-08-30 04:28:45,85
domain,distinct82.workers.dev,threatfox,php.shin_webshell,"threatfox,Cloudflare,GIF,PHP,webshell,WordPress,workers.dev,wp-admin",2026-08-29 16:10:47,2026-08-30 04:28:45,85
domain,dntaa93064.workers.dev,threatfox,php.shin_webshell,"threatfox,Cloudflare,GIF,PHP,webshell,WordPress,workers.dev,wp-admin",2026-08-29 04:06:18,2026-08-30 04:28:45,85
domain,embersummit.cfd,threatfox,Unknown Loader,"threatfox,OffLoader",2026-08-29 16:10:47,2026-08-30 04:28:45,85
domain,enus-theeloncode.com,threatfox,ClearFake,"threatfox,28August2026,ClearFake,Commandline,DomainShadowing,Windows",2026-08-29 04:06:18,2026-08-30 04:28:45,85
domain,f6zw6i5fdy.workers.dev,threatfox,php.shin_webshell,"threatfox,Cloudflare,GIF,PHP,webshell,WordPress,workers.dev,wp-admin",2026-08-29 04:06:18,2026-08-30 04:28:45,85
domain,f7ut9c0h.localcannabiscompany.com,threatfox,ClearFake,"threatfox,ClearFake,mac-0x0f14,macos",2026-08-29 04:06:18,2026-08-30 04:28:45,85
domain,ferrazzini.org,threatfox,ClearFake,"threatfox,compromised,EtherHide",2026-08-29 16:10:47,2026-08-30 04:28:45,85
domain,fesagi.workers.dev,threatfox,php.shin_webshell,"threatfox,Cloudflare,GIF,PHP,webshell,WordPress,workers.dev,wp-admin",2026-08-29 16:10:47,2026-08-30 04:28:45,85
domain,fleurettemoaning.workers.dev,threatfox,php.shin_webshell,"threatfox,Cloudflare,GIF,PHP,webshell,WordPress,workers.dev,wp-admin",2026-08-29 16:10:47,2026-08-30 04:28:45,85
domain,fvmko63646.workers.dev,threatfox,php.shin_webshell,"threatfox,Cloudflare,GIF,PHP,webshell,WordPress,workers.dev,wp-admin",2026-08-29 04:06:18,2026-08-30 04:28:45,85
domain,fylehasy.workers.dev,threatfox,php.shin_webshell,"threatfox,Cloudflare,GIF,PHP,webshell,WordPress,workers.dev,wp-admin",2026-08-29 04:06:18,2026-08-30 04:28:45,85
domain,gelavy.workers.dev,threatfox,php.shin_webshell,"threatfox,Cloudflare,GIF,PHP,webshell,WordPress,workers.dev,wp-admin",2026-08-29 04:06:18,2026-08-30 04:28:45,85
domain,getdsm.com,threatfox,ClearFake,"threatfox,28August2026,ClearFake,Commandline,MacOS",2026-08-29 04:06:18,2026-08-30 04:28:45,85
domain,getdsmdigital.com,threatfox,ClearFake,"threatfox,29August2026,ClearFake,Commandline,MacOS",2026-08-29 04:06:18,2026-08-30 04:28:45,85
domain,getdsmwebagency.com,threatfox,ClearFake,"threatfox,ClearFake",2026-08-29 04:06:18,2026-08-30 04:28:45,85
domain,getdsmwebdevpros.com,threatfox,ClearFake,"threatfox,ClearFake",2026-08-29 16:10:47,2026-08-30 04:28:45,85
domain,guard7.barnfabric.click,threatfox,Unknown malware,threatfox,2026-08-29 04:06:18,2026-08-30 04:28:45,85
domain,guzory.workers.dev,threatfox,php.shin_webshell,"threatfox,Cloudflare,GIF,PHP,webshell,WordPress,workers.dev,wp-admin",2026-08-29 16:10:47,2026-08-30 04:28:45,85
domain,hneep30685.workers.dev,threatfox,php.shin_webshell,"threatfox,Cloudflare,GIF,PHP,webshell,WordPress,workers.dev,wp-admin",2026-08-29 16:10:47,2026-08-30 04:28:45,85
domain,hoppsolutions.com,threatfox,ClearFake,"threatfox,compromised,EtherHide",2026-08-29 04:06:18,2026-08-30 04:28:45,85
domain,hqgetdsm.com,threatfox,ClearFake,"threatfox,28August2026,ClearFake,Commandline,MacOS",2026-08-29 04:06:18,2026-08-30 04:28:45,85
domain,hugelotu.workers.dev,threatfox,php.shin_webshell,"threatfox,Cloudflare,GIF,PHP,webshell,WordPress,workers.dev,wp-admin",2026-08-29 16:10:47,2026-08-30 04:28:45,85
domain,hvbabdh2.jeffmowatt.com,threatfox,ClearFake,"threatfox,ClearFake,mac-0x0f14,macos",2026-08-29 04:06:18,2026-08-30 04:28:45,85
domain,imcfl38829.workers.dev,threatfox,php.shin_webshell,"threatfox,Cloudflare,GIF,PHP,webshell,WordPress,workers.dev,wp-admin",2026-08-29 16:10:47,2026-08-30 04:28:45,85
domain,jawajacy.workers.dev,threatfox,php.shin_webshell,"threatfox,Cloudflare,GIF,PHP,webshell,WordPress,workers.dev,wp-admin",2026-08-29 16:10:47,2026-08-30 04:28:45,85
domain,jecahuma.workers.dev,threatfox,php.shin_webshell,"threatfox,Cloudflare,GIF,PHP,webshell,WordPress,workers.dev,wp-admin",2026-08-29 04:06:18,2026-08-30 04:28:45,85
domain,jeffmowatt.com,threatfox,ClearFake,"threatfox,28August2026,ClearFake,Commandline,MacOS",2026-08-29 04:06:18,2026-08-30 04:28:45,85
domain,kedyqyle.workers.dev,threatfox,php.shin_webshell,"threatfox,Cloudflare,GIF,PHP,webshell,WordPress,workers.dev,wp-admin",2026-08-29 04:06:18,2026-08-30 04:28:45,85
domain,kffcq38276.workers.dev,threatfox,php.shin_webshell,"threatfox,Cloudflare,GIF,PHP,webshell,WordPress,workers.dev,wp-admin",2026-08-29 16:10:47,2026-08-30 04:28:45,85
domain,kysefeco.workers.dev,threatfox,php.shin_webshell,"threatfox,Cloudflare,GIF,PHP,webshell,WordPress,workers.dev,wp-admin",2026-08-29 16:10:47,2026-08-30 04:28:45,85
domain,l8rdio99d9.workers.dev,threatfox,php.shin_webshell,"threatfox,Cloudflare,GIF,PHP,webshell,WordPress,workers.dev,wp-admin",2026-08-29 16:10:47,2026-08-30 04:28:45,85
domain,la-loge.com,threatfox,ClearFake,"threatfox,compromised,EtherHide",2026-08-29 04:06:18,2026-08-30 04:28:45,85
domain,linyse.workers.dev,threatfox,php.shin_webshell,"threatfox,Cloudflare,GIF,PHP,webshell,WordPress,workers.dev,wp-admin",2026-08-29 16:10:47,2026-08-30 04:28:45,85
domain,localcannabiscompany.com,threatfox,ClearFake,"threatfox,29August2026,ClearFake,Commandline,MacOS",2026-08-29 04:06:18,2026-08-30 04:28:45,85
domain,lovuhali.workers.dev,threatfox,php.shin_webshell,"threatfox,Cloudflare,GIF,PHP,webshell,WordPress,workers.dev,wp-admin",2026-08-29 04:06:18,2026-08-30 04:28:45,85
domain,lvvseg9o.velocitymindset.com,threatfox,ClearFake,"threatfox,ClearFake,mac-0x68dc,macos",2026-08-29 04:06:18,2026-08-30 04:28:45,85
domain,lzedl25358.workers.dev,threatfox,php.shin_webshell,"threatfox,Cloudflare,GIF,PHP,webshell,WordPress,workers.dev,wp-admin",2026-08-29 16:10:47,2026-08-30 04:28:45,85
domain,maive55295.workers.dev,threatfox,php.shin_webshell,"threatfox,Cloudflare,GIF,PHP,webshell,WordPress,workers.dev,wp-admin",2026-08-29 16:10:47,2026-08-30 04:28:45,85
domain,moqyhy.workers.dev,threatfox,php.shin_webshell,"threatfox,Cloudflare,GIF,PHP,webshell,WordPress,workers.dev,wp-admin",2026-08-29 04:06:18,2026-08-30 04:28:45,85
domain,mtg.nicocasa.ch,threatfox,ClearFake,"threatfox,compromised,EtherHide",2026-08-29 16:10:47,2026-08-30 04:28:45,85
domain,mtqayo89.getdsm.com,threatfox,ClearFake,"threatfox,ClearFake,mac-0xdcf2,macos",2026-08-29 04:06:18,2026-08-30 04:28:45,85
domain,nadavega.workers.dev,threatfox,php.shin_webshell,"threatfox,Cloudflare,GIF,PHP,webshell,WordPress,workers.dev,wp-admin",2026-08-29 16:10:47,2026-08-30 04:28:45,85
domain,nevoduby.workers.dev,threatfox,php.shin_webshell,"threatfox,Cloudflare,GIF,PHP,webshell,WordPress,workers.dev,wp-admin",2026-08-29 04:06:18,2026-08-30 04:28:45,85
domain,nivexy.workers.dev,threatfox,php.shin_webshell,"threatfox,Cloudflare,GIF,PHP,webshell,WordPress,workers.dev,wp-admin",2026-08-29 16:10:47,2026-08-30 04:28:45,85
domain,nmnwn42925.workers.dev,threatfox,php.shin_webshell,"threatfox,Cloudflare,GIF,PHP,webshell,WordPress,workers.dev,wp-admin",2026-08-29 16:10:47,2026-08-30 04:28:45,85
domain,nqtgr43420.workers.dev,threatfox,php.shin_webshell,"threatfox,Cloudflare,GIF,PHP,webshell,WordPress,workers.dev,wp-admin",2026-08-29 16:10:47,2026-08-30 04:28:45,85
domain,nv7oubi9ar.workers.dev,threatfox,php.shin_webshell,"threatfox,Cloudflare,GIF,PHP,webshell,WordPress,workers.dev,wp-admin",2026-08-29 16:10:47,2026-08-30 04:28:45,85
domain,nyvivari.workers.dev,threatfox,php.shin_webshell,"threatfox,Cloudflare,GIF,PHP,webshell,WordPress,workers.dev,wp-admin",2026-08-29 04:06:18,2026-08-30 04:28:45,85
domain,orangeaccessible.workers.dev,threatfox,php.shin_webshell,"threatfox,Cloudflare,GIF,PHP,webshell,WordPress,workers.dev,wp-admin",2026-08-29 16:10:47,2026-08-30 04:28:45,85
domain,pgvtd12250.workers.dev,threatfox,php.shin_webshell,"threatfox,Cloudflare,GIF,PHP,webshell,WordPress,workers.dev,wp-admin",2026-08-29 16:10:47,2026-08-30 04:28:45,85
domain,pinkfat.workers.dev,threatfox,php.shin_webshell,"threatfox,Cloudflare,GIF,PHP,webshell,WordPress,workers.dev,wp-admin",2026-08-29 04:06:18,2026-08-30 04:28:45,85
domain,puqc3ya8ik.workers.dev,threatfox,php.shin_webshell,"threatfox,Cloudflare,GIF,PHP,webshell,WordPress,workers.dev,wp-admin",2026-08-29 16:10:47,2026-08-30 04:28:45,85
domain,puwyf38278.workers.dev,threatfox,php.shin_webshell,"threatfox,Cloudflare,GIF,PHP,webshell,WordPress,workers.dev,wp-admin",2026-08-29 04:06:18,2026-08-30 04:28:45,85
domain,qemamefy.workers.dev,threatfox,php.shin_webshell,"threatfox,Cloudflare,GIF,PHP,webshell,WordPress,workers.dev,wp-admin",2026-08-29 04:06:18,2026-08-30 04:28:45,85
domain,qixysyle.workers.dev,threatfox,php.shin_webshell,"threatfox,Cloudflare,GIF,PHP,webshell,WordPress,workers.dev,wp-admin",2026-08-29 16:10:47,2026-08-30 04:28:45,85
domain,qoloroso.workers.dev,threatfox,php.shin_webshell,"threatfox,Cloudflare,GIF,PHP,webshell,WordPress,workers.dev,wp-admin",2026-08-29 16:10:47,2026-08-30 04:28:45,85
domain,qpgfr2ohjn.workers.dev,threatfox,php.shin_webshell,"threatfox,Cloudflare,GIF,PHP,webshell,WordPress,workers.dev,wp-admin",2026-08-29 16:10:47,2026-08-30 04:28:45,85
domain,queenpinthestoryofyvonnebarnes.com,threatfox,ClearFake,"threatfox,compromised,EtherHide",2026-08-29 04:06:18,2026-08-30 04:28:45,85
domain,rdn8xmj5he.workers.dev,threatfox,php.shin_webshell,"threatfox,Cloudflare,GIF,PHP,webshell,WordPress,workers.dev,wp-admin",2026-08-29 16:10:47,2026-08-30 04:28:45,85
domain,ryqylica.workers.dev,threatfox,php.shin_webshell,"threatfox,Cloudflare,GIF,PHP,webshell,WordPress,workers.dev,wp-admin",2026-08-29 16:10:47,2026-08-30 04:28:45,85
domain,saraadvogada.com.br,threatfox,ClearFake,"threatfox,compromised,EtherHide",2026-08-29 04:06:18,2026-08-30 04:28:45,85
domain,scalewithgetdsm.com,threatfox,ClearFake,"threatfox,ClearFake",2026-08-29 04:06:18,2026-08-30 04:28:45,85
domain,sehulopo.workers.dev,threatfox,php.shin_webshell,"threatfox,Cloudflare,GIF,PHP,webshell,WordPress,workers.dev,wp-admin",2026-08-29 04:06:18,2026-08-30 04:28:45,85
domain,siziqewe.workers.dev,threatfox,php.shin_webshell,"threatfox,Cloudflare,GIF,PHP,webshell,WordPress,workers.dev,wp-admin",2026-08-29 16:10:47,2026-08-30 04:28:45,85
domain,skzz37qv.teamgetdsm.com,threatfox,ClearFake,"threatfox,ClearFake,mac-0x68dc,macos",2026-08-29 04:06:18,2026-08-30 04:28:45,85
domain,sululuty.workers.dev,threatfox,php.shin_webshell,"threatfox,Cloudflare,GIF,PHP,webshell,WordPress,workers.dev,wp-admin",2026-08-29 04:06:18,2026-08-30 04:28:45,85
domain,suqyvyxu.workers.dev,threatfox,php.shin_webshell,"threatfox,Cloudflare,GIF,PHP,webshell,WordPress,workers.dev,wp-admin",2026-08-29 16:10:47,2026-08-30 04:28:45,85
domain,sv80ef0z7y.workers.dev,threatfox,php.shin_webshell,"threatfox,Cloudflare,GIF,PHP,webshell,WordPress,workers.dev,wp-admin",2026-08-29 16:10:47,2026-08-30 04:28:45,85
domain,syvadone.workers.dev,threatfox,php.shin_webshell,"threatfox,Cloudflare,GIF,PHP,webshell,WordPress,workers.dev,wp-admin",2026-08-29 16:10:47,2026-08-30 04:28:45,85
domain,teamgetdsm.com,threatfox,ClearFake,"threatfox,ClearFake",2026-08-29 04:06:18,2026-08-30 04:28:45,85
domain,ternar-trzeciak.com,threatfox,ClearFake,"threatfox,compromised,EtherHide",2026-08-29 04:06:18,2026-08-30 04:28:45,85
domain,thegetdsm.com,threatfox,ClearFake,"threatfox,ClearFake",2026-08-29 04:06:18,2026-08-30 04:28:45,85
domain,timetrackereasy3.ch,threatfox,ClearFake,"threatfox,compromised,EtherHide",2026-08-29 04:06:18,2026-08-30 04:28:45,85
domain,tisonami.workers.dev,threatfox,php.shin_webshell,"threatfox,Cloudflare,GIF,PHP,webshell,WordPress,workers.dev,wp-admin",2026-08-29 16:10:47,2026-08-30 04:28:45,85
domain,towide.workers.dev,threatfox,php.shin_webshell,"threatfox,Cloudflare,GIF,PHP,webshell,WordPress,workers.dev,wp-admin",2026-08-29 16:10:47,2026-08-30 04:28:45,85
domain,trygetdsm.com,threatfox,ClearFake,"threatfox,29August2026,ClearFake,Commandline,MacOS",2026-08-29 04:06:18,2026-08-30 04:28:45,85
domain,tsone53310.workers.dev,threatfox,php.shin_webshell,"threatfox,Cloudflare,GIF,PHP,webshell,WordPress,workers.dev,wp-admin",2026-08-29 16:10:47,2026-08-30 04:28:45,85
domain,ubbaw78979.workers.dev,threatfox,php.shin_webshell,"threatfox,Cloudflare,GIF,PHP,webshell,WordPress,workers.dev,wp-admin",2026-08-29 04:06:18,2026-08-30 04:28:45,85
domain,unseulterrain.com,threatfox,ClearFake,"threatfox,compromised,EtherHide",2026-08-29 04:06:18,2026-08-30 04:28:45,85
domain,velocitymindset.com,threatfox,ClearFake,"threatfox,ClearFake",2026-08-29 04:06:18,2026-08-30 04:28:45,85
domain,vemidaly.workers.dev,threatfox,php.shin_webshell,"threatfox,Cloudflare,GIF,PHP,webshell,WordPress,workers.dev,wp-admin",2026-08-29 16:10:47,2026-08-30 04:28:45,85
domain,vujusisu.workers.dev,threatfox,php.shin_webshell,"threatfox,Cloudflare,GIF,PHP,webshell,WordPress,workers.dev,wp-admin",2026-08-29 04:06:18,2026-08-30 04:28:45,85
domain,wabirana.workers.dev,threatfox,php.shin_webshell,"threatfox,Cloudflare,GIF,PHP,webshell,WordPress,workers.dev,wp-admin",2026-08-29 16:10:47,2026-08-30 04:28:45,85
domain,wafylu.workers.dev,threatfox,php.shin_webshell,"threatfox,Cloudflare,GIF,PHP,webshell,WordPress,workers.dev,wp-admin",2026-08-29 16:10:47,2026-08-30 04:28:45,85
domain,wbn.ch,threatfox,ClearFake,"threatfox,compromised,EtherHide",2026-08-29 04:06:18,2026-08-30 04:28:45,85
domain,workwithgetdsm.com,threatfox,ClearFake,"threatfox,29August2026,ClearFake,Commandline,MacOS",2026-08-29 04:06:18,2026-08-30 04:28:45,85
domain,wowila.workers.dev,threatfox,php.shin_webshell,"threatfox,Cloudflare,GIF,PHP,webshell,WordPress,workers.dev,wp-admin",2026-08-29 16:10:47,2026-08-30 04:28:45,85
domain,www.aloop.be,threatfox,ClearFake,"threatfox,compromised,EtherHide",2026-08-29 16:10:47,2026-08-30 04:28:45,85
domain,www.zmenadodavatela.sk,threatfox,ClearFake,"threatfox,compromised,EtherHide",2026-08-29 04:06:18,2026-08-30 04:28:45,85
domain,wz84vmk9k0.workers.dev,threatfox,php.shin_webshell,"threatfox,Cloudflare,GIF,PHP,webshell,WordPress,workers.dev,wp-admin",2026-08-29 16:10:47,2026-08-30 04:28:45,85
domain,xekyhi.workers.dev,threatfox,php.shin_webshell,"threatfox,Cloudflare,GIF,PHP,webshell,WordPress,workers.dev,wp-admin",2026-08-29 16:10:47,2026-08-30 04:28:45,85
domain,xisoduxe.workers.dev,threatfox,php.shin_webshell,"threatfox,Cloudflare,GIF,PHP,webshell,WordPress,workers.dev,wp-admin",2026-08-29 16:10:47,2026-08-30 04:28:45,85
domain,yg8r9mewgv.workers.dev,threatfox,php.shin_webshell,"threatfox,Cloudflare,GIF,PHP,webshell,WordPress,workers.dev,wp-admin",2026-08-29 16:10:47,2026-08-30 04:28:45,85
domain,zarohimu.workers.dev,threatfox,php.shin_webshell,"threatfox,Cloudflare,GIF,PHP,webshell,WordPress,workers.dev,wp-admin",2026-08-29 16:10:47,2026-08-30 04:28:45,85
domain,zi1jmwbiw5.workers.dev,threatfox,php.shin_webshell,"threatfox,Cloudflare,GIF,PHP,webshell,WordPress,workers.dev,wp-admin",2026-08-29 16:10:47,2026-08-30 04:28:45,85
domain,ziquli.workers.dev,threatfox,php.shin_webshell,"threatfox,Cloudflare,GIF,PHP,webshell,WordPress,workers.dev,wp-admin",2026-08-29 04:06:18,2026-08-30 04:28:45,85
hash_md5,46db2652a3d7c10f6d481c1d43af6b40,threatfox,Unknown malware,"threatfox,banking,cfdi,cybercartel,mexico,pdf-lure",2026-08-29 16:10:47,2026-08-30 04:28:45,85
hash_sha256,5d2ad1b986cf9f3c471c3df58d14f3134eb117498228b5cef8075984c5eb1d57,threatfox,404 Keylogger,"threatfox,404keylogger,malspam,mexico,powershell,snake-keylogger",2026-08-29 16:10:47,2026-08-30 04:28:45,85
ip,102.117.171.26,threatfox,Unknown malware,"threatfox,drb-ra,Mythic",2026-08-29 04:06:18,2026-08-30 04:28:45,85
ip,102.220.160.231,threatfox,DCRat,"threatfox,DCRat,drb-ra,RAT",2026-08-29 04:06:18,2026-08-30 04:28:45,85
ip,103.199.102.28,threatfox,ValleyRAT,"threatfox,RAT,ValleyRAT",2026-08-29 04:06:18,2026-08-30 04:28:45,85
ip,104.248.41.207,threatfox,Aisuru,"threatfox,Aisuru,c2",2026-08-24 16:06:11,2026-08-30 04:28:45,85
ip,106.53.122.24,threatfox,VShell,"threatfox,vshell",2026-08-29 16:10:47,2026-08-30 04:28:45,85
ip,118.107.44.153,threatfox,ValleyRAT,"threatfox,RAT,ValleyRAT",2026-08-29 04:06:18,2026-08-30 04:28:45,85
ip,121.4.38.18,threatfox,Cobalt Strike,"threatfox,cobaltstrike",2026-08-28 04:06:17,2026-08-30 04:28:45,85
ip,136.0.213.135,threatfox,PureRAT,"threatfox,drb-ra,PureHVNC,PureRAT,RAT",2026-08-29 04:06:18,2026-08-30 04:28:45,85
ip,145.223.23.25,threatfox,Remus,"threatfox,945c9f3c8cddcb7f33efce50a9a949ad,c2,remus",2026-08-29 16:10:47,2026-08-30 04:28:45,85
ip,154.201.82.105,threatfox,PureRAT,"threatfox,drb-ra,PureHVNC,PureRAT,RAT",2026-08-27 16:06:12,2026-08-30 04:28:45,85
ip,154.201.82.108,threatfox,PureRAT,"threatfox,drb-ra,PureHVNC,PureRAT,RAT",2026-08-28 04:06:17,2026-08-30 04:28:45,85
ip,154.37.218.73,threatfox,Cobalt Strike,"threatfox,979,c2,censys,cobalt strike",2026-08-29 16:10:47,2026-08-30 04:28:45,85
ip,157.66.26.124,threatfox,Cobalt Strike,"threatfox,149107,c2,censys,cobalt strike",2026-08-29 16:10:47,2026-08-30 04:28:45,85
ip,176.65.139.139,threatfox,Mirai,"threatfox,drb-ra,Mirai",2026-08-29 04:06:18,2026-08-30 04:28:45,85
ip,179.61.227.213,threatfox,PureRAT,"threatfox,drb-ra,PureHVNC,PureRAT,RAT",2026-08-29 04:06:18,2026-08-30 04:28:45,85
ip,183.90.187.111,threatfox,PureRAT,"threatfox,drb-ra,PureHVNC,PureRAT,RAT",2026-08-29 04:06:18,2026-08-30 04:28:45,85
ip,183.90.187.2,threatfox,PureRAT,"threatfox,drb-ra,PureHVNC,PureRAT,RAT",2026-08-29 04:06:18,2026-08-30 04:28:45,85
ip,183.90.187.73,threatfox,PureRAT,"threatfox,drb-ra,PureHVNC,PureRAT,RAT",2026-08-29 04:06:18,2026-08-30 04:28:45,85
ip,194.59.31.78,threatfox,HypeAgent,"threatfox,drb-ra,HypeAgent",2026-08-29 04:06:18,2026-08-30 04:28:45,85
ip,195.177.94.91,threatfox,PureRAT,"threatfox,drb-ra,PureHVNC,PureRAT,RAT",2026-08-04 07:49:13,2026-08-30 04:28:45,85
ip,196.70.69.77,threatfox,AsyncRAT,"threatfox,AsyncRAT,drb-ra,RAT",2026-08-29 04:06:18,2026-08-30 04:28:45,85
ip,20.119.73.195,threatfox,AdaptixC2,"threatfox,adaptix",2026-08-29 04:06:18,2026-08-30 04:28:45,85
ip,213.165.50.109,threatfox,Unknown malware,threatfox,2026-08-29 04:06:18,2026-08-30 04:28:45,85
ip,217.165.57.176,threatfox,AsyncRAT,"threatfox,asyncrat",2026-08-29 16:10:47,2026-08-30 04:28:45,85
ip,43.129.180.120,threatfox,Aisuru,"threatfox,Aisuru,c2",2026-08-15 20:13:13,2026-08-30 04:28:45,85
ip,43.133.164.200,threatfox,Unknown malware,"threatfox,mythic",2026-06-15 06:28:15,2026-08-30 04:28:45,85
ip,43.143.13.146,threatfox,Cobalt Strike,"threatfox,cobaltstrike",2026-08-25 16:07:37,2026-08-30 04:28:45,85
ip,45.61.136.135,threatfox,Unknown malware,"threatfox,bl-networks,bulletproof-hosting,cybercartel,mexico,web-inject",2026-08-29 16:10:47,2026-08-30 04:28:45,85
ip,46.101.146.87,threatfox,Aisuru,"threatfox,Aisuru,c2",2026-08-24 16:06:11,2026-08-30 04:28:45,85
ip,47.94.194.175,threatfox,VShell,"threatfox,vshell",2026-08-29 04:06:18,2026-08-30 04:28:45,85
ip,8.134.166.14,threatfox,Cobalt Strike,"threatfox,CobaltStrike,drb-ra",2026-08-29 04:06:18,2026-08-30 04:28:45,85
ip,8.145.59.5,threatfox,VShell,"threatfox,vshell",2026-08-29 04:06:18,2026-08-30 04:28:45,85
ip,82.165.202.90,threatfox,Unknown malware,"threatfox,drb-ra,Mythic",2026-08-29 04:06:18,2026-08-30 04:28:45,85
ip,84.201.20.74,threatfox,PureRAT,"threatfox,drb-ra,PureHVNC,PureRAT,RAT",2026-07-29 17:37:14,2026-08-30 04:28:45,85
ip,87.58.199.75,threatfox,Tsundere,"threatfox,DinDoor,drb-ra",2026-08-29 04:06:18,2026-08-30 04:28:45,85
ip,89.106.1.118,threatfox,Remcos,"threatfox,remcos",2026-08-29 04:06:18,2026-08-30 04:28:45,85
ip,89.34.227.96,threatfox,VShell,"threatfox,vshell",2026-08-29 04:06:18,2026-08-30 04:28:45,85
ip,91.92.241.38,threatfox,DCRat,"threatfox,DCRat,drb-ra,RAT",2026-08-29 04:06:18,2026-08-30 04:28:45,85
ssl_sha1,2431ed7de8a7c0d747bbcdef2ed5b06fa31fd63d,sslbl,Vidar C&C,"sslbl,2026-07-02",2026-07-02 14:36:15,2026-08-30 04:28:45,88
ssl_sha1,5ce60656e1fb7c3a46a0d6f4380613ff856f9f9d,sslbl,Vidar C&C,"sslbl,2026-07-02",2026-07-02 14:36:15,2026-08-30 04:28:45,88
ssl_sha1,9970ddeb7d0e2dd711bc2af3646b417b201bfdf2,sslbl,Vidar C&C,"sslbl,2026-07-02",2026-07-02 14:36:15,2026-08-30 04:28:45,88
ssl_sha1,a3f065adb1d37aa01e6632753e8db17fb392d558,sslbl,KongTuke C&C,"sslbl,2026-07-03",2026-07-03 14:36:09,2026-08-30 04:28:45,88
ssl_sha1,c165baaa2bb8cd1021237ebda0b2cfee01d71177,sslbl,RatonRAT C&C,"sslbl,2026-07-02",2026-07-02 14:36:15,2026-08-30 04:28:45,88
ssl_sha1,e047a0eefddb594af79bfff22f28a7148729b007,sslbl,Vidar C&C,"sslbl,2026-07-02",2026-07-02 14:36:15,2026-08-30 04:28:45,88
url,http://111.185.147.232:59432/Mozi.m,threatfox,Mirai,"threatfox,elf,iot,Mozi",2026-08-29 04:06:18,2026-08-30 04:28:45,85
url,http://113.90.49.232:46655/Mozi.m,threatfox,Mozi,"threatfox,elf,iot,Mozi",2026-08-29 16:10:47,2026-08-30 04:28:45,85
url,http://14.1.104.86:52889/Mozi.m,threatfox,Mozi,"threatfox,elf,iot,Mozi",2026-08-29 16:10:47,2026-08-30 04:28:45,85
url,http://153.117.40.227:53474/Mozi.m,threatfox,Mozi,"threatfox,elf,iot,Mozi",2026-08-29 04:06:18,2026-08-30 04:28:45,85
url,http://165.22.225.110/commands,threatfox,Unknown malware,threatfox,2026-08-29 04:06:18,2026-08-30 04:28:45,85
url,http://165.22.225.110/responses.php,threatfox,Unknown malware,threatfox,2026-08-29 04:06:18,2026-08-30 04:28:45,85
url,http://202.163.68.10:47266/Mozi.m,threatfox,Mozi,"threatfox,elf,iot,Mozi",2026-08-29 04:06:18,2026-08-30 04:28:45,85
url,http://39.34.189.248:42346/Mozi.m,threatfox,Mozi,"threatfox,elf,iot,Mozi",2026-08-29 16:10:47,2026-08-30 04:28:45,85
url,http://39.89.242.234:38903/Mozi.m,threatfox,Mozi,"threatfox,elf,iot,Mozi",2026-08-29 16:10:47,2026-08-30 04:28:45,85
url,http://59.97.250.11:43040/Mozi.m,threatfox,Mozi,"threatfox,elf,iot,Mozi",2026-08-29 04:06:18,2026-08-30 04:28:45,85
url,http://91.234.62.215:57642/Mozi.m,threatfox,Mozi,"threatfox,elf,iot,Mozi",2026-08-29 04:06:18,2026-08-30 04:28:45,85
url,http://darkfot.click:3215/transactions,threatfox,Remus,"threatfox,remus",2026-08-29 04:06:18,2026-08-30 04:28:45,85
url,http://flreaow.click:6527/categories,threatfox,Remus,"threatfox,remus",2026-08-29 16:10:47,2026-08-30 04:28:45,85
url,http://flreaow.click:6527/files,threatfox,Remus,"threatfox,remus",2026-08-29 04:06:18,2026-08-30 04:28:45,85
url,http://gofkaxz.click:8137/sessions,threatfox,Remus,"threatfox,remus",2026-08-29 04:06:18,2026-08-30 04:28:45,85
url,http://piarl.site:9048/accounts,threatfox,Remus,"threatfox,remus",2026-08-29 04:06:18,2026-08-30 04:28:45,85
url,http://piarl.site:9048/categories,threatfox,Remus,"threatfox,remus",2026-08-29 04:06:18,2026-08-30 04:28:45,85
url,http://piarl.site:9048/invoices,threatfox,Remus,"threatfox,remus",2026-08-29 04:06:18,2026-08-30 04:28:45,85
url,http://piarl.site:9048/messages,threatfox,Remus,"threatfox,remus",2026-08-29 04:06:18,2026-08-30 04:28:45,85
url,http://piarl.site:9048/posts,threatfox,Remus,"threatfox,remus",2026-08-29 16:10:47,2026-08-30 04:28:45,85
url,http://shhsift.click:7647/contacts,threatfox,Remus,"threatfox,remus",2026-08-29 04:06:18,2026-08-30 04:28:45,85
url,http://shhsift.click:7647/events,threatfox,Remus,"threatfox,remus",2026-08-29 04:06:18,2026-08-30 04:28:45,85
url,https://185.229.225.31,threatfox,Vidar,"threatfox,c2,e53c0776fdba467447b61be1a2bc4027,loader,stealer,Vidar",2026-08-29 04:06:18,2026-08-30 04:28:45,85
url,https://46.29.26.35,threatfox,Vidar,"threatfox,8e8e7920d1ac7f57735398887661bf8d,c2,loader,stealer,Vidar",2026-08-29 04:06:18,2026-08-30 04:28:45,85
url,https://cdn.jsdelivr.net/gh/Christa6547/lazily/issue,threatfox,ClearFake,"threatfox,ClearFake",2026-08-29 04:06:18,2026-08-30 04:28:45,85
url,https://nsn.12naga.org,threatfox,Vidar,"threatfox,279244a0387f7d5a1b68137bd9768de8,c2,loader,stealer,Vidar",2026-08-29 04:06:18,2026-08-30 04:28:45,85
url,https://raw.githubusercontent.com/Christa6547/ade9ac52-539c-45d3-b903-1bcdc2d2d8c4/refs/heads/main/4b637250-1e04-4ccf-aced-ddd79d4daa67,threatfox,ClearFake,"threatfox,ClearFake",2026-08-29 04:06:18,2026-08-30 04:28:45,85
hash_md5,039b73bd42e102f9366bd0b83189dcc7,malwarebazaar,unknown,"base64,ComponentTask33,config,EtherHiding,MSI-loader,NodeJS-RAT,on-chain-c2,Polygon,xor",2026-08-30 04:00:12,2026-08-30 04:28:44,85
hash_md5,04ca4cbb36bed4610a734838283e80aa,malwarebazaar,Mirai,elf,2026-08-30 04:00:12,2026-08-30 04:28:44,85
hash_md5,04f5d13f78ca2ab39a8f777885c2a474,malwarebazaar,unknown,unknown,2026-08-30 04:00:12,2026-08-30 04:28:44,85
hash_md5,057f1fdf8d2896b40e53e9134b3cca68,malwarebazaar,Mirai,"elf,Mirai",2026-08-30 04:00:12,2026-08-30 04:28:44,85
hash_md5,08dc1af29418b473c879bd21fbb429e7,malwarebazaar,Mirai,"elf,Mirai,upx-dec",2026-08-30 04:00:12,2026-08-30 04:28:44,85
hash_md5,0c6dedc139dd7ff32533a9e95e4b9cee,malwarebazaar,Mirai,Mirai,2026-08-30 04:00:12,2026-08-30 04:28:44,85
hash_md5,0e2213191c8bd7b08b58685d0ac695c1,malwarebazaar,elf,elf,2026-08-30 04:00:12,2026-08-30 04:28:44,85
hash_md5,11339c2d38ad40ce9504ba8ef1ccb8f4,malwarebazaar,elf,elf,2026-08-30 04:00:12,2026-08-30 04:28:44,85
hash_md5,11e741893c0d27194267569eaba78a6f,malwarebazaar,exe,exe,2026-08-30 04:00:12,2026-08-30 04:28:44,85
hash_md5,156612f475b300e786de37a7e7b721df,malwarebazaar,exe,exe,2026-08-30 04:00:12,2026-08-30 04:28:44,85
hash_md5,15d28d022a2417bf6e50030305ec6141,malwarebazaar,exe,"ComponentTask33,dotnet,EtherHiding,exe,MSI-loader,NodeJS-RAT,on-chain-c2,Polygon,screenshot-grabber",2026-08-30 04:00:12,2026-08-30 04:28:44,85
hash_md5,17ffd9f15fde1f6745336904de98f7f6,malwarebazaar,exe,exe,2026-08-30 04:00:12,2026-08-30 04:28:44,85
hash_md5,1f7e5b8883655c72e4fd2cf37e1700ca,malwarebazaar,Mirai,elf,2026-08-30 04:00:12,2026-08-30 04:28:44,85
hash_md5,20d301d4079b2cd17dca2b75da7b2266,malwarebazaar,Mirai,"elf,Mirai",2026-08-30 04:00:12,2026-08-30 04:28:44,85
hash_md5,21fd797055abe0b0b669848fe321a4cf,malwarebazaar,Mirai,"elf,Mirai",2026-08-30 04:00:12,2026-08-30 04:28:44,85
hash_md5,283a5a425d37187a5b8c87af66fe8b8e,malwarebazaar,elf,elf,2026-08-30 04:00:12,2026-08-30 04:28:44,85
hash_md5,29fb725cfd074683f548c2b85d2e7027,malwarebazaar,sh,sh,2026-08-30 04:00:12,2026-08-30 04:28:44,85
hash_md5,2a16baedab6be3f74455f1edc39aa3e1,malwarebazaar,sh,sh,2026-08-30 04:00:12,2026-08-30 04:28:44,85
hash_md5,2a594766261d6db4a9a9d6e65b45e8b8,malwarebazaar,Mirai,elf,2026-08-30 04:00:12,2026-08-30 04:28:44,85
hash_md5,2b3cc50cd097719f4e366a1cbc2802ae,malwarebazaar,exe,exe,2026-08-30 04:00:12,2026-08-30 04:28:44,85
hash_md5,2c309182f2bebfb50367c698e3f908ac,malwarebazaar,elf,elf,2026-08-30 04:00:12,2026-08-30 04:28:44,85
hash_md5,2e808078dec8e0e29fabe478fdfc1a9d,malwarebazaar,elf,elf,2026-08-30 04:00:12,2026-08-30 04:28:44,85
hash_md5,2e84b419db575c4093513f8d42c611c8,malwarebazaar,Mirai,"elf,Mirai",2026-08-30 04:00:12,2026-08-30 04:28:44,85
hash_md5,3072cb1b790398f39eb8b560ea32b723,malwarebazaar,sh,sh,2026-08-30 04:00:12,2026-08-30 04:28:44,85
hash_md5,3403095f6c5716724eb0ee121dbf72f7,malwarebazaar,exe,"exe,whack.sh",2026-08-30 04:00:12,2026-08-30 04:28:44,85
hash_md5,3511b04199b720bc68766e64789a7d49,malwarebazaar,Mirai,Mirai,2026-08-30 04:00:12,2026-08-30 04:28:44,85
hash_md5,367a14c7f1c4d82e0ad75d8ca12841ca,malwarebazaar,Mirai,Mirai,2026-08-30 04:00:12,2026-08-30 04:28:44,85
hash_md5,374f2b34ce189ad4699f3ea27a513824,malwarebazaar,exe,exe,2026-08-30 04:00:12,2026-08-30 04:28:44,85
hash_md5,37ccbaa2823c621a9101980d2fb8687d,malwarebazaar,exe,"exe,whack.sh",2026-08-30 04:00:12,2026-08-30 04:28:44,85
hash_md5,39098263c1764fd661dd520670f86d94,malwarebazaar,elf,elf,2026-08-30 04:00:12,2026-08-30 04:28:44,85
hash_md5,3ce91f4b8ef19a3b05dada4e383d947a,malwarebazaar,exe,exe,2026-08-30 04:00:12,2026-08-30 04:28:44,85
hash_md5,3e99b65216d048b5fc40a1ecd3a899ca,malwarebazaar,elf,elf,2026-08-30 04:00:12,2026-08-30 04:28:44,85
hash_md5,41138caa9b82cc86da22914536a0f380,malwarebazaar,Mirai,"elf,Mirai",2026-08-30 04:00:12,2026-08-30 04:28:44,85
hash_md5,430430ccfa5beb81ea66c5f880ac80e1,malwarebazaar,Mirai,"elf,Mirai",2026-08-30 04:00:12,2026-08-30 04:28:44,85
hash_md5,44f618069d818e7dbd8e3b185957f3a7,malwarebazaar,exe,"ComponentTask33,dotnet,EtherHiding,exe,launcher,MSI-loader,NodeJS-RAT,on-chain-c2,Polygon",2026-08-30 04:00:12,2026-08-30 04:28:44,85
hash_md5,453b2fa731b55f121334bce9de9000ce,malwarebazaar,elf,elf,2026-08-30 04:00:12,2026-08-30 04:28:44,85
hash_md5,456d2772f8eb9472c776a41fc5e738ad,malwarebazaar,Mirai,Mirai,2026-08-30 04:00:12,2026-08-30 04:28:44,85
hash_md5,477df610926847a25e7f770ac3b54a33,malwarebazaar,Mirai,Mirai,2026-08-30 04:00:12,2026-08-30 04:28:44,85
hash_md5,48f96279976ad4428d3edc1988427096,malwarebazaar,Mirai,"elf,Mirai",2026-08-30 04:00:12,2026-08-30 04:28:44,85
hash_md5,4c92a36b3568f29fdc1c2a18d11bc3b6,malwarebazaar,exe,"exe,Vidar",2026-08-30 04:00:12,2026-08-30 04:28:44,85
hash_md5,5939d604339034532319a5f5dde7d440,malwarebazaar,exe,exe,2026-08-30 04:00:12,2026-08-30 04:28:44,85
hash_md5,5afec43f5c24170974cea4812eb4aa1a,malwarebazaar,exe,exe,2026-08-30 04:00:12,2026-08-30 04:28:44,85
hash_md5,5e58513ecd034b9e3de0880f58548200,malwarebazaar,elf,elf,2026-08-30 04:00:12,2026-08-30 04:28:44,85
hash_md5,5ef7ebc6af2eededde25aa0693976435,malwarebazaar,Mirai,"elf,Mirai",2026-08-30 04:00:12,2026-08-30 04:28:44,85
hash_md5,67b2897504ef75452a0ad1a3bfdec983,malwarebazaar,Mirai,elf,2026-08-30 04:00:12,2026-08-30 04:28:44,85
hash_md5,6e7d5a3cd6c75a7c2447396f6959af6b,malwarebazaar,elf,elf,2026-08-30 04:00:12,2026-08-30 04:28:44,85
hash_md5,6e97d756fdaa914ea6f555916ebf438f,malwarebazaar,Mirai,Mirai,2026-08-30 04:00:12,2026-08-30 04:28:44,85
hash_md5,71571b14b2ad65416c10c6fbf75542ad,malwarebazaar,Mirai,Mirai,2026-08-30 04:00:12,2026-08-30 04:28:44,85
hash_md5,726d0d1687f15bb065254a627424207c,malwarebazaar,Mirai,Mirai,2026-08-30 04:00:12,2026-08-30 04:28:44,85
hash_md5,7399b202c9c2fe7479680505e1f55e89,malwarebazaar,Vidar,"exe,signed,Vidar",2026-08-30 04:00:12,2026-08-30 04:28:44,85
hash_md5,767034c546af89d9eca047cce3c95818,malwarebazaar,Mirai,Mirai,2026-08-30 04:00:12,2026-08-30 04:28:44,85
hash_md5,76a17091e12e4cee0ea8cd4abcdb6245,malwarebazaar,Mirai,"elf,Mirai",2026-08-30 04:00:12,2026-08-30 04:28:44,85
hash_md5,785225412e13d7e06b2f0dacfed5f718,malwarebazaar,Mirai,elf,2026-08-30 04:00:12,2026-08-30 04:28:44,85
hash_md5,7c1c94b5d3e452b25f728a4b8b49ad0b,malwarebazaar,Mirai,"Mirai,upx",2026-08-30 04:00:12,2026-08-30 04:28:44,85
hash_md5,7d7fd1e5a3ef87809b2e82e000f835c7,malwarebazaar,CoinMiner,"CoinMiner,exe,whack.sh",2026-08-30 04:00:12,2026-08-30 04:28:44,85
hash_md5,7de419b49133d63738b5d6c552c0f094,malwarebazaar,exe,"exe,signed,Vidar",2026-08-30 04:00:12,2026-08-30 04:28:44,85
hash_md5,80c8d7cfea6414c17684969e6efe0c3f,malwarebazaar,hta,hta,2026-08-30 04:00:12,2026-08-30 04:28:44,85
hash_md5,8199bc5927704382b1c979647164d7d4,malwarebazaar,exe,"exe,Vidar",2026-08-30 04:00:12,2026-08-30 04:28:44,85
hash_md5,8399c3522c2cf9c74bc587a4357b622e,malwarebazaar,elf,elf,2026-08-30 04:00:12,2026-08-30 04:28:44,85
hash_md5,8451eab3906e25910a64011d561e8f2a,malwarebazaar,elf,elf,2026-08-30 04:00:12,2026-08-30 04:28:44,85
hash_md5,862995bc3c467b553613ce4b8f400078,malwarebazaar,Mirai,Mirai,2026-08-30 04:00:12,2026-08-30 04:28:44,85
hash_md5,863188a653e67b2ad478f227dbba5126,malwarebazaar,Mirai,"elf,Mirai",2026-08-30 04:00:12,2026-08-30 04:28:44,85
hash_md5,86d5129748c66e6e93265a7b60185d93,malwarebazaar,Mirai,"elf,Mirai",2026-08-30 04:00:12,2026-08-30 04:28:44,85
hash_md5,873efd496c668dc89c45900312957540,malwarebazaar,sh,sh,2026-08-30 04:00:12,2026-08-30 04:28:44,85
hash_md5,87c4cc6038de755b2f92a6170f996e76,malwarebazaar,exe,exe,2026-08-30 04:00:12,2026-08-30 04:28:44,85
hash_md5,88476f18307e10c668e2676ac40f6c64,malwarebazaar,elf,elf,2026-08-30 04:00:12,2026-08-30 04:28:44,85
hash_md5,89463434613dcef6cd9af0c1a3c822d8,malwarebazaar,unknown,unknown,2026-08-30 04:00:12,2026-08-30 04:28:44,85
hash_md5,8efe0c77be93c0e4e5b3ad02c823510f,malwarebazaar,Mirai,elf,2026-08-30 04:00:12,2026-08-30 04:28:44,85
hash_md5,91387eef73dd3f15141b3dbc2727d206,malwarebazaar,html,html,2026-08-30 04:00:12,2026-08-30 04:28:44,85
hash_md5,915dec2b3e198b9b365f5fc8f38dd9fa,malwarebazaar,Mirai,"elf,Mirai",2026-08-30 04:00:12,2026-08-30 04:28:44,85
hash_md5,91edbd2d36b9d7c2ea1dc0aff1966990,malwarebazaar,Mirai,Mirai,2026-08-30 04:00:12,2026-08-30 04:28:44,85
hash_md5,9209299f8ae8a1fbc6b971d8c494abf1,malwarebazaar,elf,elf,2026-08-30 04:00:12,2026-08-30 04:28:44,85
hash_md5,95d009af6789f716f98f981b30422f63,malwarebazaar,elf,elf,2026-08-30 04:00:12,2026-08-30 04:28:44,85
hash_md5,96ae1e115964847b5a78e68ad8b6d163,malwarebazaar,sh,sh,2026-08-30 04:00:12,2026-08-30 04:28:44,85
hash_md5,983f4187ba8c22e969a13575ddd71011,malwarebazaar,elf,elf,2026-08-30 04:00:12,2026-08-30 04:28:44,85
hash_md5,986a6f3196df6e70386ff769cf9b8c50,malwarebazaar,exe,exe,2026-08-30 04:00:12,2026-08-30 04:28:44,85
hash_md5,98d169463f862d086bf02ae8b5cd1d86,malwarebazaar,exe,"exe,signed,Vidar",2026-08-30 04:00:12,2026-08-30 04:28:44,85
hash_md5,997a5daf09024cf55b6cfc048cd49cad,malwarebazaar,sh,"enthec,sh",2026-08-30 04:00:12,2026-08-30 04:28:44,85
hash_md5,9a18908d86c5212d901b5a39e11a2cf8,malwarebazaar,elf,elf,2026-08-30 04:00:12,2026-08-30 04:28:44,85
hash_md5,9b34dee116e885bdeb52e12473ef5bc2,malwarebazaar,exe,"exe,signed,Vidar",2026-08-30 04:00:12,2026-08-30 04:28:44,85
hash_md5,9ba72ea16d50897b9b788fd97efaf2d3,malwarebazaar,Mirai,elf,2026-08-30 04:00:12,2026-08-30 04:28:44,85
hash_md5,9cd140a4ee3548dada0728876a645e29,malwarebazaar,elf,elf,2026-08-30 04:00:12,2026-08-30 04:28:44,85
hash_md5,9db6301247d66e5bab85939876ae0221,malwarebazaar,Mirai,"elf,Mirai",2026-08-30 04:00:12,2026-08-30 04:28:44,85
hash_md5,9e4e273107f50c6ba877164b6e685099,malwarebazaar,sh,sh,2026-08-30 04:00:12,2026-08-30 04:28:44,85
hash_md5,9eed3f533794df731877f42a9381424a,malwarebazaar,doc,doc,2026-08-30 04:00:12,2026-08-30 04:28:44,85
hash_md5,9fa77a8b5ea7e157404ad0c72d3d7f7f,malwarebazaar,Mirai,Mirai,2026-08-30 04:00:12,2026-08-30 04:28:44,85
hash_md5,a3ad03bd5575bff011270b070df7ebfd,malwarebazaar,sh,sh,2026-08-30 04:00:12,2026-08-30 04:28:44,85
hash_md5,a522cabbae970ff4c845d78bec6f4e25,malwarebazaar,sh,sh,2026-08-30 04:00:12,2026-08-30 04:28:44,85
hash_md5,a5a288059eee0c99d0f4fd0c355099d5,malwarebazaar,sh,sh,2026-08-30 04:00:12,2026-08-30 04:28:44,85
hash_md5,a6a805492262d48a585c61bf3949ec62,malwarebazaar,exe,"exe,Vidar",2026-08-30 04:00:12,2026-08-30 04:28:44,85
hash_md5,a74d57e92551592cf43ec3617778e8c1,malwarebazaar,Mirai,Mirai,2026-08-30 04:00:12,2026-08-30 04:28:44,85
hash_md5,a7d74fe4e6229a1b03a5f32e6dcbc46c,malwarebazaar,Mirai,"elf,Mirai",2026-08-30 04:00:12,2026-08-30 04:28:44,85
hash_md5,aaabbc1075a27b11770a0852ebe95732,malwarebazaar,exe,"exe,Vidar",2026-08-30 04:00:12,2026-08-30 04:28:44,85
hash_md5,aafb06034e92986a053f31ec581d6a35,malwarebazaar,Mirai,"elf,Mirai,upx-dec",2026-08-30 04:00:12,2026-08-30 04:28:44,85
hash_md5,b0df62ee9794440bac5907ebcd29d6ff,malwarebazaar,Mirai,"elf,Mirai",2026-08-30 04:00:12,2026-08-30 04:28:44,85
hash_md5,b62fa67947c3cbb41cff1a8055c6af90,malwarebazaar,Mirai,"elf,Mirai",2026-08-30 04:00:12,2026-08-30 04:28:44,85
hash_md5,b836bc87e5003bcf70c581ffb98f8db2,malwarebazaar,Mirai,"elf,Mirai",2026-08-30 04:00:12,2026-08-30 04:28:44,85
hash_md5,b9ca0e1f5889369142d67dd8b127b8ae,malwarebazaar,doc,doc,2026-08-30 04:00:12,2026-08-30 04:28:44,85
hash_md5,be6d0d46cbafd2d78ac60f73cd3d7f6f,malwarebazaar,Mirai,"elf,Mirai",2026-08-30 04:00:12,2026-08-30 04:28:44,85
hash_md5,c0bfa2d1a340dfc3410757bb64b481c5,malwarebazaar,elf,elf,2026-08-30 04:00:12,2026-08-30 04:28:44,85
hash_md5,c420e7b9d9067e84df375b985595f4fc,malwarebazaar,Mirai,Mirai,2026-08-30 04:00:12,2026-08-30 04:28:44,85
hash_md5,c5a834fb15c9b669f838ca64c80732c1,malwarebazaar,Mirai,"elf,Mirai",2026-08-30 04:00:12,2026-08-30 04:28:44,85
hash_md5,c5c38ba91507353b7b68c0086fe53274,malwarebazaar,RemusStealer,exe,2026-08-30 04:00:12,2026-08-30 04:28:44,85
hash_md5,c806eea6af9129fcff1cfe0ca3a4fd1a,malwarebazaar,Mirai,elf,2026-08-30 04:00:12,2026-08-30 04:28:44,85
hash_md5,c8aaf972d871e23a6a17581a81049ff1,malwarebazaar,Mirai,elf,2026-08-30 04:00:12,2026-08-30 04:28:44,85
hash_md5,c9cb860f1b482c15eb7c2aa03c843b4b,malwarebazaar,Mirai,elf,2026-08-30 04:00:12,2026-08-30 04:28:44,85
hash_md5,cb98c3d573794390a3947bbe314f96a0,malwarebazaar,elf,elf,2026-08-30 04:00:12,2026-08-30 04:28:44,85
hash_md5,cc982763682e12f4991b68f4ed08d49d,malwarebazaar,Mirai,Mirai,2026-08-30 04:00:12,2026-08-30 04:28:44,85
hash_md5,cdf883c1aabe6bb203259a63d36a7e44,malwarebazaar,unknown,unknown,2026-08-30 04:00:12,2026-08-30 04:28:44,85
hash_md5,ce38a5eca972e697bc7d8afb42f0edf2,malwarebazaar,elf,elf,2026-08-30 04:00:12,2026-08-30 04:28:44,85
hash_md5,cf0dd056a8aa374481dd51faa2a4b48a,malwarebazaar,Mirai,"elf,Mirai",2026-08-30 04:00:12,2026-08-30 04:28:44,85
hash_md5,d2ff553c4d6ac569e22362a668fd5bc4,malwarebazaar,exe,exe,2026-08-30 04:00:12,2026-08-30 04:28:44,85
hash_md5,d5c466a742d8a3a43740ac6b1b23edf8,malwarebazaar,exe,exe,2026-08-30 04:00:12,2026-08-30 04:28:44,85
hash_md5,d71e28f8e2cc8aa83192a3ed70251ee9,malwarebazaar,sh,sh,2026-08-30 04:00:12,2026-08-30 04:28:44,85
hash_md5,d768a5522712b37827a7fb4f84c7c68c,malwarebazaar,elf,elf,2026-08-30 04:00:12,2026-08-30 04:28:44,85
hash_md5,d8a3ac8788bc426056349dc96aa44e0f,malwarebazaar,Mirai,"elf,Mirai,upx-dec",2026-08-30 04:00:12,2026-08-30 04:28:44,85
hash_md5,d8f7c79cc052d5beb4696d2b489bd6d6,malwarebazaar,Mirai,"elf,Mirai",2026-08-30 04:00:12,2026-08-30 04:28:44,85
hash_md5,dc35612daa6b90f8a43f1c227b9098f5,malwarebazaar,exe,"exe,Vidar",2026-08-30 04:00:12,2026-08-30 04:28:44,85
hash_md5,df436f62af38b7a5bcd8a3368a9f110a,malwarebazaar,NanoCore,"exe,NanoCore,RAT",2026-08-30 04:00:12,2026-08-30 04:28:44,85
hash_md5,dff4382b8df0a45135b24c57272662df,malwarebazaar,Mirai,"elf,Mirai",2026-08-30 04:00:12,2026-08-30 04:28:44,85
hash_md5,e13a92b75c73564d85bfedeafcc78413,malwarebazaar,Mirai,"elf,Mirai,upx-dec",2026-08-30 04:00:12,2026-08-30 04:28:44,85
hash_md5,e23c2fe4f2b1d038ab9e24c94068cb94,malwarebazaar,Mirai,"elf,Mirai,upx-dec",2026-08-30 04:00:12,2026-08-30 04:28:44,85
hash_md5,e2d4e912a70ff25ac6f0618613346a69,malwarebazaar,sh,sh,2026-08-30 04:00:12,2026-08-30 04:28:44,85
hash_md5,e49152b8bde91d9c15f34833a6d32d72,malwarebazaar,sh,sh,2026-08-30 04:00:12,2026-08-30 04:28:44,85
hash_md5,e5b2bdd7b41f34655a18dc64b1dfd5c2,malwarebazaar,exe,exe,2026-08-30 04:00:12,2026-08-30 04:28:44,85
hash_md5,e68abd1fffd52a0bd8cd6b6f3cbb4221,malwarebazaar,sh,sh,2026-08-30 04:00:12,2026-08-30 04:28:44,85
hash_md5,e7e3a97ba651d4c48c2ecbc3df7bc2f5,malwarebazaar,exe,"dropped-by-GCleaner,E,exe,US0.file",2026-08-30 04:00:12,2026-08-30 04:28:44,85
hash_md5,e982802c089c2bbdda17a07ef5f23759,malwarebazaar,Mirai,Mirai,2026-08-30 04:00:12,2026-08-30 04:28:44,85
hash_md5,e9ee2ced4b22daeb684cbbe8353a9b24,malwarebazaar,sh,sh,2026-08-30 04:00:12,2026-08-30 04:28:44,85
hash_md5,ecfd285810043ad54c0ea6154feb347a,malwarebazaar,Mirai,elf,2026-08-30 04:00:12,2026-08-30 04:28:44,85
hash_md5,eec0d553e71ca8e4c9704571957022c3,malwarebazaar,Mirai,elf,2026-08-30 04:00:12,2026-08-30 04:28:44,85
hash_md5,f01cae8ecedbd43ca5c3eaeccc78f8ae,malwarebazaar,doc,doc,2026-08-30 04:00:12,2026-08-30 04:28:44,85
hash_md5,f1cf3955b99f75e8940ea524747d4f22,malwarebazaar,Mirai,"elf,Mirai",2026-08-30 04:00:12,2026-08-30 04:28:44,85
hash_md5,f25cc2d1483af4db6a3d2d4f0d08c329,malwarebazaar,elf,elf,2026-08-30 04:00:12,2026-08-30 04:28:44,85
hash_md5,f3709aa9adcc990f04af78f4d5eafae5,malwarebazaar,Mirai,"elf,Mirai",2026-08-30 04:00:12,2026-08-30 04:28:44,85
hash_md5,f3e11105682bce4d825fc4ca5cac21c4,malwarebazaar,Mirai,"Mirai,upx",2026-08-30 04:00:12,2026-08-30 04:28:44,85
hash_md5,f7adb737ea0c93598daf2352295672dc,malwarebazaar,Mirai,"elf,Mirai",2026-08-30 04:00:12,2026-08-30 04:28:44,85
hash_md5,f85f897c51fe80aff45bd3c2f4b0d9e6,malwarebazaar,Mirai,Mirai,2026-08-30 04:00:12,2026-08-30 04:28:44,85
hash_md5,f94dcfffa558e73e393a1d09e59fa878,malwarebazaar,elf,elf,2026-08-30 04:00:12,2026-08-30 04:28:44,85
hash_md5,fb94bfcdf7b066cb143d9a081e52d7e3,malwarebazaar,Mirai,Mirai,2026-08-30 04:00:12,2026-08-30 04:28:44,85
hash_md5,ff3e003c0b056e072803f3dc4dd1c827,malwarebazaar,Gafgyt,"Gafgyt,sh",2026-08-30 04:00:12,2026-08-30 04:28:44,85
hash_sha256,004c6032084c0660cdcce4e0d1a24a00a00ee000e03df69a27ee844ab1ba6e22,malwarebazaar,doc,doc,2026-08-30 04:00:12,2026-08-30 04:28:44,85
hash_sha256,01123a984a2f92429ed74b1cbd011133cda725623f3b079542734de820a5a6b9,malwarebazaar,elf,elf,2026-08-30 04:00:12,2026-08-30 04:28:44,85
hash_sha256,0120cadd0c28fc09b575bac4635706e788aa8451fcceb7dbf06af58e76271d87,malwarebazaar,Mirai,"elf,Mirai,upx-dec",2026-08-30 04:00:12,2026-08-30 04:28:44,85
hash_sha256,016168471171f29974868010a265f98725afb9870be3862f885b3269d058fa11,malwarebazaar,Mirai,Mirai,2026-08-30 04:00:12,2026-08-30 04:28:44,85
hash_sha256,04a75596aca7f55f27f6ae03fb73363e91aa40a63e90ad99789fee1c68a0de48,malwarebazaar,elf,elf,2026-08-30 04:00:12,2026-08-30 04:28:44,85
hash_sha256,063199a63746acf6177d01b4e7926c29474c3c9b1efd6379c776270db15e4eed,malwarebazaar,exe,exe,2026-08-30 04:00:12,2026-08-30 04:28:44,85
hash_sha256,06c56aa19af3635d72318607c0c4c1197dcf679d683d70a0db0c273a91e46a81,malwarebazaar,Mirai,elf,2026-08-30 04:00:12,2026-08-30 04:28:44,85
hash_sha256,087231bd4a63f6a11a57198a76805d877646352ab35e539efd32a8399b2d0d25,malwarebazaar,Mirai,"elf,Mirai",2026-08-30 04:00:12,2026-08-30 04:28:44,85
hash_sha256,0970ea5b4f55b1cfee90c06e00ed48dbc861f5eac590b144d4a911b62942abbc,malwarebazaar,RemusStealer,exe,2026-08-30 04:00:12,2026-08-30 04:28:44,85
hash_sha256,0a58629b9ee9aead0fa5e9bf721f87e21f0e9a8551b0dbc14b62d2911b6cc681,malwarebazaar,sh,sh,2026-08-30 04:00:12,2026-08-30 04:28:44,85
hash_sha256,0e00b13f87a3c827111e339a8389f4d84417c8e9205807d55672bf030e5d0756,malwarebazaar,Mirai,"elf,Mirai",2026-08-30 04:00:12,2026-08-30 04:28:44,85
hash_sha256,0e52248258e1d755d01df60469c5c718becf680eca039565b0ca4899a3770976,malwarebazaar,elf,elf,2026-08-30 04:00:12,2026-08-30 04:28:44,85
hash_sha256,117dc9528d518447ab50ba8114b5a47fd06a7c251ade9e90162df66fcb7fd279,malwarebazaar,Vidar,"exe,signed,Vidar",2026-08-30 04:00:12,2026-08-30 04:28:44,85
hash_sha256,11ae2d71c9ccae0fa60dc80eedf85ebf784267c28ca42e9c14fffa06515e097a,malwarebazaar,CoinMiner,"CoinMiner,exe,whack.sh",2026-08-30 04:00:12,2026-08-30 04:28:44,85
hash_sha256,120abc47959fe59bcb304df1e8f31e4b9059224f2daa9d331c5d6efdd19f5b01,malwarebazaar,Mirai,elf,2026-08-30 04:00:12,2026-08-30 04:28:44,85
hash_sha256,12389289c4ca25508a58e514edc7efb8cabf10aec0caf8b4bdb5d84f4dc751ce,malwarebazaar,Mirai,"elf,Mirai",2026-08-30 04:00:12,2026-08-30 04:28:44,85
hash_sha256,1263840b95c391bc261cffe87f2c78df40407bbeeeed1ce132f11268b9afc1e3,malwarebazaar,elf,elf,2026-08-30 04:00:12,2026-08-30 04:28:44,85
hash_sha256,12a29f135273b4daf6c7d31352f2692aa3e3dffaa2e45d5d04fa7398e47c017f,malwarebazaar,Mirai,"elf,Mirai,upx-dec",2026-08-30 04:00:12,2026-08-30 04:28:44,85
hash_sha256,1311b7c781832eb4af860948a529779923f830bda853229d25ece82c811a32e9,malwarebazaar,Mirai,"elf,Mirai",2026-08-30 04:00:12,2026-08-30 04:28:44,85
hash_sha256,13273236cdceca4401bbd217c7f27244b3daa5f5799f3730707ddf58466b7b5d,malwarebazaar,elf,elf,2026-08-30 04:00:12,2026-08-30 04:28:44,85
hash_sha256,13f6a6467275eb49b15f876f3f183b1188576dab703669eccd7d7ad50f67a3c9,malwarebazaar,exe,"dropped-by-GCleaner,E,exe,US0.file",2026-08-30 04:00:12,2026-08-30 04:28:44,85
hash_sha256,1404ae6367955cc65553f091985c2a8df7d3a3efc3c3ace741df1fd5e98447bb,malwarebazaar,unknown,unknown,2026-08-30 04:00:12,2026-08-30 04:28:44,85
hash_sha256,17d833ae1bc3b808bfd6d5501c0b1bba8fddde00dbf12108c9772832219d4b50,malwarebazaar,elf,elf,2026-08-30 04:00:12,2026-08-30 04:28:44,85
hash_sha256,1b19773586273476f120ccf8d4f4e708b028c31208d629745af55146fea7cca0,malwarebazaar,exe,exe,2026-08-30 04:00:12,2026-08-30 04:28:44,85
hash_sha256,1c250ac3db43c8379591c0a1e8e428b972c1adda38eec2fb46376fb905e0a5e1,malwarebazaar,NanoCore,"exe,NanoCore,RAT",2026-08-30 04:00:12,2026-08-30 04:28:44,85
hash_sha256,1e4f647771ab31eb354daf1575bf3289b56d185f141b90bc5036812c8fb26979,malwarebazaar,Mirai,Mirai,2026-08-30 04:00:12,2026-08-30 04:28:44,85
hash_sha256,1f2e4e6ca760efe31ce90a1fb75d886cbc88d6f57fcd868649f5712b761be8ac,malwarebazaar,exe,"exe,Vidar",2026-08-30 04:00:12,2026-08-30 04:28:44,85
hash_sha256,1f304533b89dc90ec87d6eadc64f85cd3d5fd5f8549e2e6e6c5403233dc94f39,malwarebazaar,Mirai,"elf,Mirai",2026-08-30 04:00:12,2026-08-30 04:28:44,85
hash_sha256,22c72b7600196f33421f4ccd72e3b35978f0686e4e3b6f22654349169bc9131c,malwarebazaar,Mirai,"elf,Mirai",2026-08-30 04:00:12,2026-08-30 04:28:44,85
hash_sha256,236af436fd7fff6ed0f093b1cee2aa98951dba51b0211539edc68e42cfb6ce0f,malwarebazaar,exe,"exe,Vidar",2026-08-30 04:00:12,2026-08-30 04:28:44,85
hash_sha256,246076e4cf626fbd994d0a4b1dce4bfa13bda1d978f283c506b208c7e4c39fa0,malwarebazaar,exe,exe,2026-08-30 04:00:12,2026-08-30 04:28:44,85
hash_sha256,266b1372aa7f78a3f3fff17a312449d010310761df4001302aef4c2c80173360,malwarebazaar,elf,elf,2026-08-30 04:00:12,2026-08-30 04:28:44,85
hash_sha256,2692a019d5d2d491362152a7e4cb3fac39ad6a20187ea33582023df131c0d216,malwarebazaar,elf,elf,2026-08-30 04:00:12,2026-08-30 04:28:44,85
hash_sha256,2813dfb961d4c8ada07f90594099c91e1696b441894fcf91436b2e1b2e5795a4,malwarebazaar,Mirai,"elf,Mirai",2026-08-30 04:00:12,2026-08-30 04:28:44,85
hash_sha256,2d4bd384f2fac0e4bdcf51b6c704e3caeaff73f25b361cd8f9cb8c65cb5619cd,malwarebazaar,Mirai,"elf,Mirai",2026-08-30 04:00:12,2026-08-30 04:28:44,85
hash_sha256,2ecb76232a3eab1899e84a404f745053aea6404f5600f1cd24cdb0f807298144,malwarebazaar,Mirai,Mirai,2026-08-30 04:00:12,2026-08-30 04:28:44,85
hash_sha256,2ed25d6655f0566f2328ffe92f4b3490c6d606bff2aadacd699e2ff146477e3a,malwarebazaar,Mirai,elf,2026-08-30 04:00:12,2026-08-30 04:28:44,85
hash_sha256,3100d0767cc791b6b83a87efdf0b1c45c7bc9f2a5107449f48631cd0b50467b9,malwarebazaar,exe,"exe,Vidar",2026-08-30 04:00:12,2026-08-30 04:28:44,85
hash_sha256,346a0e0e093ab3dd7073297390578b7eabc63afe1ad67df584fa05d5f7348393,malwarebazaar,exe,"exe,whack.sh",2026-08-30 04:00:12,2026-08-30 04:28:44,85
hash_sha256,377fe7c427bd0dbca9cadd1fa93aa3ebe3347907d229b4d79f9c7e474b4feba7,malwarebazaar,Mirai,"elf,Mirai",2026-08-30 04:00:12,2026-08-30 04:28:44,85
hash_sha256,388697207c6344e8f9045efe331a32788dc9c78923df464beb618cb34588148d,malwarebazaar,elf,elf,2026-08-30 04:00:12,2026-08-30 04:28:44,85
hash_sha256,3c3ecf72f9f9b53f94d34739e629d8da33d5ce58bb77ebfaf4485f6b70a168aa,malwarebazaar,Mirai,Mirai,2026-08-30 04:00:12,2026-08-30 04:28:44,85
hash_sha256,3cfc60d269cdfcf932d35c0f09054a0fea220c2f750a7c8b9d5c94c8615c460b,malwarebazaar,elf,elf,2026-08-30 04:00:12,2026-08-30 04:28:44,85
hash_sha256,3e1991f3e88052f1697ad319d41fcf095feafed42d9b1c3b071ed95c4136b1dc,malwarebazaar,Mirai,Mirai,2026-08-30 04:00:12,2026-08-30 04:28:44,85
hash_sha256,3e60fb07592fabeba97fcf195cc70ea660e1bace22937758d7f8b031c0d20473,malwarebazaar,elf,elf,2026-08-30 04:00:12,2026-08-30 04:28:44,85
hash_sha256,458773b0850bac139bb9ab2ca14a8117038d5c97f30f2fedc550eb46022f1ac9,malwarebazaar,Mirai,Mirai,2026-08-30 04:00:12,2026-08-30 04:28:44,85
hash_sha256,46be39825efbe48971ed034b01f86a0cfc2971d6d7ee3adf5602e75a29e1b159,malwarebazaar,sh,sh,2026-08-30 04:00:12,2026-08-30 04:28:44,85
hash_sha256,4ac4ebd6f0c3903c60323d0d4da7e267269a7661ec3a43073ad186f1519ba3fe,malwarebazaar,Gafgyt,"Gafgyt,sh",2026-08-30 04:00:12,2026-08-30 04:28:44,85
hash_sha256,4cf020840b9c56b72cff2a39d5d43e4d94c3d923f3972c81a6cf307be47894b3,malwarebazaar,exe,exe,2026-08-30 04:00:12,2026-08-30 04:28:44,85
hash_sha256,52a9d524847a950b7a1e25d2334befb727360eb80d4c42da87532ff72c73860c,malwarebazaar,sh,sh,2026-08-30 04:00:12,2026-08-30 04:28:44,85
hash_sha256,53a036dd857923d5898794a46b7030ad026e3076425e14f0de033841f0494bd0,malwarebazaar,Mirai,"elf,Mirai",2026-08-30 04:00:12,2026-08-30 04:28:44,85
hash_sha256,56ed19a562763dc1a127c7f401bcaa6077d9268627ed4eb9cff3247d10c38469,malwarebazaar,Mirai,"elf,Mirai",2026-08-30 04:00:12,2026-08-30 04:28:44,85
hash_sha256,57ada9fecec02ea014d34d3e433f140f224366a8b76cb2e33c3333a848a41848,malwarebazaar,html,html,2026-08-30 04:00:12,2026-08-30 04:28:44,85
hash_sha256,59eb36db18245751f7cfd9e03fe5b0e9d1b36d59227f3c5831f3cdf723d31a17,malwarebazaar,sh,sh,2026-08-30 04:00:12,2026-08-30 04:28:44,85
hash_sha256,601a84adaa7100f10060f1e8432d5a1981491cef944aa8212fab87bcb11dfcfc,malwarebazaar,unknown,"base64,ComponentTask33,config,EtherHiding,MSI-loader,NodeJS-RAT,on-chain-c2,Polygon,xor",2026-08-30 04:00:12,2026-08-30 04:28:44,85
hash_sha256,60e77f62e439f59c4833bb97d028c98d889a58983096d817dab83543260fa1b3,malwarebazaar,sh,sh,2026-08-30 04:00:12,2026-08-30 04:28:44,85
hash_sha256,62201daa96d9ec73f3d9486e83bfda2083f4480a1bd970ca2939df67725f35b1,malwarebazaar,Mirai,Mirai,2026-08-30 04:00:12,2026-08-30 04:28:44,85
hash_sha256,642a061e458fb27c858e2c21e5bed0bfbba1d9dc4ffe49c5afce9cfeabcfc083,malwarebazaar,Mirai,"elf,Mirai",2026-08-30 04:00:12,2026-08-30 04:28:44,85
hash_sha256,6951c2a2b3540fc3f88e52e92600d39e09b0823a76d17396713fd12ff45213ee,malwarebazaar,Mirai,Mirai,2026-08-30 04:00:12,2026-08-30 04:28:44,85
hash_sha256,6ab0b21b695bc2e175ec467a389800fc9d334c6eecb211a41ec632c34720bd26,malwarebazaar,Mirai,"elf,Mirai,upx-dec",2026-08-30 04:00:12,2026-08-30 04:28:44,85
hash_sha256,6cd0fc6e72bb2d85fb922ff9a045edcd890004a3713924608a42d19d17a19eb9,malwarebazaar,sh,sh,2026-08-30 04:00:12,2026-08-30 04:28:44,85
hash_sha256,6d6568f35b2b307a1237445240f27288b0c669c548381b4ca7996fd8fc33eeb9,malwarebazaar,Mirai,"elf,Mirai",2026-08-30 04:00:12,2026-08-30 04:28:44,85
hash_sha256,707a0a8e815cc25a627070089409d0d53da58d08d9a262d0d1e4268d0b15a728,malwarebazaar,exe,"exe,Vidar",2026-08-30 04:00:12,2026-08-30 04:28:44,85
hash_sha256,70aebaa150deabc425c59c16847ac5f808a6dca0a694ba6731039519722fc927,malwarebazaar,exe,exe,2026-08-30 04:00:12,2026-08-30 04:28:44,85
hash_sha256,71ba701df61f959624cf323e1df2aaedcd48d81bdd55fb04fd7b99dd6e0bef3c,malwarebazaar,sh,"enthec,sh",2026-08-30 04:00:12,2026-08-30 04:28:44,85
hash_sha256,7299561610b9c924309d2474403e2c9bd66ca454376ab9cf9b3ec1e47b367aff,malwarebazaar,Mirai,"elf,Mirai",2026-08-30 04:00:12,2026-08-30 04:28:44,85
hash_sha256,72f3dc51b371c370ee4d03f5069c2b0c0747ce5bd38a9aa017f744c7b403bb90,malwarebazaar,sh,sh,2026-08-30 04:00:12,2026-08-30 04:28:44,85
hash_sha256,755c6c7be1214dddee72df8e77fb594e983825d4fb4250d143c38dbe5df44d4e,malwarebazaar,Mirai,"Mirai,upx",2026-08-30 04:00:12,2026-08-30 04:28:44,85
hash_sha256,77b136be3d029106d1153d5e50dd4cdcf787fa25e015ef9d6730baf51cc7ec3a,malwarebazaar,elf,elf,2026-08-30 04:00:12,2026-08-30 04:28:44,85
hash_sha256,789b92082da131b572598f883c6e558ea76e1d6a5b85e9c76b4baefbcb561b29,malwarebazaar,Mirai,elf,2026-08-30 04:00:12,2026-08-30 04:28:44,85
hash_sha256,7969ccaf1db750bc3b02d51626d6916ecbd0c0cf2f7de3c7bc0be240f5f2978d,malwarebazaar,exe,"ComponentTask33,dotnet,EtherHiding,exe,MSI-loader,NodeJS-RAT,on-chain-c2,Polygon,screenshot-grabber",2026-08-30 04:00:12,2026-08-30 04:28:44,85
hash_sha256,7ba5829842a0c07a852fb2849573f9698198c270aa9ed0483655f42493465888,malwarebazaar,sh,sh,2026-08-30 04:00:12,2026-08-30 04:28:44,85
hash_sha256,7d51854721f67c20c06e22fe2866b2440727b54778ec4142a345ca3db034851f,malwarebazaar,Mirai,elf,2026-08-30 04:00:12,2026-08-30 04:28:44,85
hash_sha256,7dc0785a12b3f801c429f0fd076ad7bfff2e1071a8f3d119827fbc2ccfb90dcb,malwarebazaar,Mirai,Mirai,2026-08-30 04:00:12,2026-08-30 04:28:44,85
hash_sha256,7ef6d19cbe7749f9af0e07f4ee9ff888dc521b86d92c6d2c96e05d23c8285a2a,malwarebazaar,exe,exe,2026-08-30 04:00:12,2026-08-30 04:28:44,85
hash_sha256,808be89c367512e6f3774d16f00c5ab35ce888d13b90293da7ac9741815d684a,malwarebazaar,Mirai,"elf,Mirai,upx-dec",2026-08-30 04:00:12,2026-08-30 04:28:44,85
hash_sha256,81524799ff348cc5c3399bae344d70711b634f613976e4c92c4cd35431897e2e,malwarebazaar,elf,elf,2026-08-30 04:00:12,2026-08-30 04:28:44,85
hash_sha256,83a7fb922c389a70ad36bfbe6cb08506914f54fa8bd92baced4c6d1fda6e0427,malwarebazaar,doc,doc,2026-08-30 04:00:12,2026-08-30 04:28:44,85
hash_sha256,83d0ba8a87a86d4995f48903aadc66e57abc59ebf09b29ab3b6a10f2976f6c41,malwarebazaar,Mirai,elf,2026-08-30 04:00:12,2026-08-30 04:28:44,85
hash_sha256,8dc843fcaa783f45f2fdc14efa7a44ff93e8ae5a300808aa5b5baf1360ba6053,malwarebazaar,Mirai,"elf,Mirai",2026-08-30 04:00:12,2026-08-30 04:28:44,85
hash_sha256,902e17c1e8292d15500660547495fe040d8413c92a0376b6e398d6c42fef0a31,malwarebazaar,sh,sh,2026-08-30 04:00:12,2026-08-30 04:28:44,85
hash_sha256,90a65193fbea14718fab360e06edc914bb98587ca3cb9d30c1ac457ec60ee0b1,malwarebazaar,exe,"exe,whack.sh",2026-08-30 04:00:12,2026-08-30 04:28:44,85
hash_sha256,943258012a04cd6d065700b8584a84c66a77e6d07fe1cbfa4296a5e2786c6129,malwarebazaar,elf,elf,2026-08-30 04:00:12,2026-08-30 04:28:44,85
hash_sha256,96cf062b9625ec5a4187d0d0bc72459dc34b6e5afb3d0a4876eef7b483eef029,malwarebazaar,elf,elf,2026-08-30 04:00:12,2026-08-30 04:28:44,85
hash_sha256,96ffc92e8d8de7a06753365da89495ada8d44f0c960e90361e7b1d734e8ecac7,malwarebazaar,Mirai,"elf,Mirai",2026-08-30 04:00:12,2026-08-30 04:28:44,85
hash_sha256,973cbf862bc86e883f587f2b818521fe8cb11017d1d280a93e4dea0e8f929329,malwarebazaar,Mirai,"elf,Mirai",2026-08-30 04:00:12,2026-08-30 04:28:44,85
hash_sha256,9cd3b9489195bdf198212c1525f035d91b1f5056020434892a3f0b8709c03369,malwarebazaar,exe,exe,2026-08-30 04:00:12,2026-08-30 04:28:44,85
hash_sha256,9e3e1d3055767e130af127cec274f776d7372505ebac7894f6fd3617ec4d94fc,malwarebazaar,Mirai,Mirai,2026-08-30 04:00:12,2026-08-30 04:28:44,85
hash_sha256,9fa80577b8b3cb9c3062e5e1986cc9fe0c26eed023f7d430dfa5c60169c15c45,malwarebazaar,exe,"ComponentTask33,dotnet,EtherHiding,exe,launcher,MSI-loader,NodeJS-RAT,on-chain-c2,Polygon",2026-08-30 04:00:12,2026-08-30 04:28:44,85
hash_sha256,a14b83c76c649ebeda2c26f9f2d1eb2e4c1fe01351641de147545fbd35d26ee7,malwarebazaar,Mirai,"elf,Mirai",2026-08-30 04:00:12,2026-08-30 04:28:44,85
hash_sha256,a15725bfb1d9de416fdbd7eeea577b4f328417cbb401ba91a1ea91f244e9a0c3,malwarebazaar,exe,"exe,signed,Vidar",2026-08-30 04:00:12,2026-08-30 04:28:44,85
hash_sha256,a1d1d77408b0f885e83953e9e73a64f59333997c1a352739903381d6adf9d6b2,malwarebazaar,exe,"exe,Vidar",2026-08-30 04:00:12,2026-08-30 04:28:44,85
hash_sha256,a6abd3ff1ea476a9d9d5c6410bc962aa1b49c450d7dd07509b345bfd170c1456,malwarebazaar,Mirai,"elf,Mirai",2026-08-30 04:00:12,2026-08-30 04:28:44,85
hash_sha256,a8b04cd55da5c1e39226c438e3135535c4b59fd09923793adca8f4e423d5da68,malwarebazaar,exe,exe,2026-08-30 04:00:12,2026-08-30 04:28:44,85
hash_sha256,ab343ecdaeeb63ba165e55c5d00a5315a4c3dea63b9f04475acdfcaaf86b9e30,malwarebazaar,exe,exe,2026-08-30 04:00:12,2026-08-30 04:28:44,85
hash_sha256,ac9df3c8ebb16935830c50499aeb28441fe2410a6f8ea6706c878ae952e3c6c6,malwarebazaar,Mirai,"elf,Mirai",2026-08-30 04:00:12,2026-08-30 04:28:44,85
hash_sha256,aef23f726aba4e1f2360743829833ad47a32da443cb9f8cc00784f5b73f185af,malwarebazaar,unknown,unknown,2026-08-30 04:00:12,2026-08-30 04:28:44,85
hash_sha256,b0369d1d1cc494cd5ee538258c80a6e1e886cd7e862893e2654ed7f71d30c8ea,malwarebazaar,elf,elf,2026-08-30 04:00:12,2026-08-30 04:28:44,85
hash_sha256,b0861de0786ec9487371d261ffd5c15631f5bc2d452b4df9742955297b967373,malwarebazaar,Mirai,elf,2026-08-30 04:00:12,2026-08-30 04:28:44,85
hash_sha256,b0e750d6df4bcc84452967dcb61c1c831234b6fd4f8cb18d428502dde92bbc62,malwarebazaar,exe,"exe,signed,Vidar",2026-08-30 04:00:12,2026-08-30 04:28:44,85
hash_sha256,b3100dc97574ac0082d717a9b24c79fdfaf103c22b0c51425b544c5b6ae1d7f3,malwarebazaar,Mirai,elf,2026-08-30 04:00:12,2026-08-30 04:28:44,85
hash_sha256,b399ae436261981a3028c8cd2afbb74f2f3ee67802dfd9e9b115b50d0e2e4586,malwarebazaar,exe,exe,2026-08-30 04:00:12,2026-08-30 04:28:44,85
hash_sha256,b69aede51c1e3961a731ebe70ba4245648907557bee806389f035a7175961a7d,malwarebazaar,Mirai,"elf,Mirai",2026-08-30 04:00:12,2026-08-30 04:28:44,85
hash_sha256,b72b3c5c55744aefb73847a361c5186293be2257983f5366dd6a6810dbfd08df,malwarebazaar,elf,elf,2026-08-30 04:00:12,2026-08-30 04:28:44,85
hash_sha256,b7a57d08aeff8d5b4ba824db1be57f795a16f4cc4d34246df2ab98b6f9f6535f,malwarebazaar,sh,sh,2026-08-30 04:00:12,2026-08-30 04:28:44,85
hash_sha256,b8a6da88701a408af688ba4116b64d9bd2c5f7ee366628124de3aa3fe53f8ebf,malwarebazaar,Mirai,"elf,Mirai",2026-08-30 04:00:12,2026-08-30 04:28:44,85
hash_sha256,b8cf90e146fbaa44e5c8e297f131fca89acedf2cf4350d8a18bf355503e629a9,malwarebazaar,unknown,unknown,2026-08-30 04:00:12,2026-08-30 04:28:44,85
hash_sha256,bb50036b84ddd68366df361cbf2ccccb5d5919beebcce75e6107160dae49a80b,malwarebazaar,Mirai,"elf,Mirai",2026-08-30 04:00:12,2026-08-30 04:28:44,85
hash_sha256,bc5d6f222b11de463863fd68ed2ea166ddad5bb98e8404fb63ceec2415cac493,malwarebazaar,Mirai,"elf,Mirai",2026-08-30 04:00:12,2026-08-30 04:28:44,85
hash_sha256,be39c7d6f0dcfcab1cada0b3c00de9120c620d9dd70ae705a44a5c090af2dc6f,malwarebazaar,exe,exe,2026-08-30 04:00:12,2026-08-30 04:28:44,85
hash_sha256,c0da6ac5462c2cbddf59993dd963f8f128c089b88a9ba743f7c03c3c1be3a1a3,malwarebazaar,Mirai,"elf,Mirai",2026-08-30 04:00:12,2026-08-30 04:28:44,85
hash_sha256,c431916d4f68686ba92827716655facf0429a50220d34b50f9c1282750831e9d,malwarebazaar,Mirai,elf,2026-08-30 04:00:12,2026-08-30 04:28:44,85
hash_sha256,c9f7cdd059443fb8af224f421f0f1fc2de05ce14c6c7c4e617afb57f7aad5dc4,malwarebazaar,elf,elf,2026-08-30 04:00:12,2026-08-30 04:28:44,85
hash_sha256,ce185967e55f3c192d40e2c2c54e75706d8982d1457441b4b9ddf1c1823e722e,malwarebazaar,Mirai,Mirai,2026-08-30 04:00:12,2026-08-30 04:28:44,85
hash_sha256,d0140b03aab00b5747c7bb38c3c93a760835ae54e1a4f3fe56f46e826b100e19,malwarebazaar,Mirai,elf,2026-08-30 04:00:12,2026-08-30 04:28:44,85
hash_sha256,d050d9fb6213ef54b6abf6af20232c984564955c3dc7f24dcfe1bf0624bb815e,malwarebazaar,elf,elf,2026-08-30 04:00:12,2026-08-30 04:28:44,85
hash_sha256,d2ea97689825e51f6e98933517dd88d7b7eac74f4344c8a5bb721e97e00b4e51,malwarebazaar,Mirai,"Mirai,upx",2026-08-30 04:00:12,2026-08-30 04:28:44,85
hash_sha256,d5ff3517a997cd18457b5a17f405b30534d6ba8b3ffcc89b1bada444b0727ba4,malwarebazaar,elf,elf,2026-08-30 04:00:12,2026-08-30 04:28:44,85
hash_sha256,d62757f4f22e33ad882cefe6dfd3d333ad8b5f200ff9b880ed4f0771091feae3,malwarebazaar,Mirai,Mirai,2026-08-30 04:00:12,2026-08-30 04:28:44,85
hash_sha256,d67c9f751a9504b9f0cb094da77ec0c4283779f9582232d656fbbee09526d307,malwarebazaar,Mirai,elf,2026-08-30 04:00:12,2026-08-30 04:28:44,85
hash_sha256,d7dda7ae4b6eac5a9ecebbe2ae156ddd3c2fc71dffa7ffa8db66c8f47f7a2e98,malwarebazaar,doc,doc,2026-08-30 04:00:12,2026-08-30 04:28:44,85
hash_sha256,d7e1a15078c0355f9caaf640daca7dab80115590e89ea705e7430ab329818519,malwarebazaar,elf,elf,2026-08-30 04:00:12,2026-08-30 04:28:44,85
hash_sha256,dadbd419aad33b16cc3bba0e02df43e3ac6ba234ab3eb73ab5fe2034b13a6a2c,malwarebazaar,sh,sh,2026-08-30 04:00:12,2026-08-30 04:28:44,85
hash_sha256,db6fc0b9be85dad1cc11daab495cae26f719979f01f491bfb3c71aee2bec39a8,malwarebazaar,exe,"exe,signed,Vidar",2026-08-30 04:00:12,2026-08-30 04:28:44,85
hash_sha256,dd9e0e86aa65fef6f8031b576066509bb4b06e6d8779b49a6f55760478b391d6,malwarebazaar,elf,elf,2026-08-30 04:00:12,2026-08-30 04:28:44,85
hash_sha256,de752d1483f08eb6e195c7bdef96dc5b48bb884628841afa1c8c56accca1ca1a,malwarebazaar,Mirai,Mirai,2026-08-30 04:00:12,2026-08-30 04:28:44,85
hash_sha256,e2360b6c0d154280ba3a488a6593e9400ab3525d73410910d23d51bac9777ba1,malwarebazaar,Mirai,"elf,Mirai,upx-dec",2026-08-30 04:00:12,2026-08-30 04:28:44,85
hash_sha256,e4e2f33076518ccf951947ce7d8cccafb034a39e23a186965ad4c70424f51c7c,malwarebazaar,elf,elf,2026-08-30 04:00:12,2026-08-30 04:28:44,85
hash_sha256,e833cc170ae5cfaf8aa3c15817ddb35e23356cd040fbf68de1d352b07f5f9e50,malwarebazaar,Mirai,Mirai,2026-08-30 04:00:12,2026-08-30 04:28:44,85
hash_sha256,ebd48079293ef213d9fc9e7ca2511c0310b9d692ab83ddab4ce96a941675e68f,malwarebazaar,Mirai,Mirai,2026-08-30 04:00:12,2026-08-30 04:28:44,85
hash_sha256,ecc774db2e0875627952c07bfbc7847539b716ff19c3105f602c8905cab0780f,malwarebazaar,elf,elf,2026-08-30 04:00:12,2026-08-30 04:28:44,85
hash_sha256,ee8ad4cb1f40569923f84c3e58fa119fbbd305f664ada61f16b815a608fa70a7,malwarebazaar,exe,exe,2026-08-30 04:00:12,2026-08-30 04:28:44,85
hash_sha256,ef4100ff8fdbe96d3cf9fbbc89af18d423f62b1af043270c01c3f17e88a9bd27,malwarebazaar,Mirai,Mirai,2026-08-30 04:00:12,2026-08-30 04:28:44,85
hash_sha256,f3c0b6cf861630a654628da36c00f8b0269a5ac3c59258944aee48468261601f,malwarebazaar,hta,hta,2026-08-30 04:00:12,2026-08-30 04:28:44,85
hash_sha256,f4eed7244be63b1e1ef7597b8a8017cf7b2b3ec5f6ff3c6e2d94ce0e60220340,malwarebazaar,sh,sh,2026-08-30 04:00:12,2026-08-30 04:28:44,85
hash_sha256,f52b05b9e4aace7e12cc00eaa14bee6ddc20c84f6bdc12b8212f9592c247e0dd,malwarebazaar,Mirai,Mirai,2026-08-30 04:00:12,2026-08-30 04:28:44,85
hash_sha256,f756ef6bd84e0156a2cd972dec3edcd0af4f7e415a617a4c5f14cb3eaea4ae28,malwarebazaar,sh,sh,2026-08-30 04:00:12,2026-08-30 04:28:44,85
hash_sha256,f9fa0f89c5236ace05781c731cfebe9aebfb30d9f6518cb5ec22643f1ce5e052,malwarebazaar,sh,sh,2026-08-30 04:00:12,2026-08-30 04:28:44,85
hash_sha256,fa2b9bad7def959758042b784d01bf89417034136e7b1f62b9a7ff6b4f99dee7,malwarebazaar,Mirai,elf,2026-08-30 04:00:12,2026-08-30 04:28:44,85
hash_sha256,fb78571c836bd14c37d13ee7df27e7f14f5cafbe14803a963e0cb8d4c3404afb,malwarebazaar,exe,exe,2026-08-30 04:00:12,2026-08-30 04:28:44,85
hash_sha256,fd942f4f9dfe2b45f197bb8a14737fb29ab1b5f502ac9fe0fa71bbe4c7591d57,malwarebazaar,Mirai,Mirai,2026-08-30 04:00:12,2026-08-30 04:28:44,85
url,http://101.59.79.119:56651/bin.sh,urlhaus,malware_download,"32-bit,arm,elf,mirai,Mozi",2026-08-29 16:00:15,2026-08-30 04:28:44,85
url,http://101.59.79.119:56651/i,urlhaus,malware_download,"32-bit,arm,elf,mirai,Mozi",2026-08-30 04:00:12,2026-08-30 04:28:44,85
url,http://103.203.210.102:39213/bin.sh,urlhaus,malware_download,"32-bit,elf,mips,Mozi",2026-08-30 04:00:12,2026-08-30 04:28:44,85
url,http://105.184.15.32:34941/bin.sh,urlhaus,malware_download,mirai,2026-08-29 16:00:15,2026-08-30 04:28:44,85
url,http://105.224.109.136:51423/bin.sh,urlhaus,malware_download,"32-bit,arm,elf,mirai,Mozi",2026-08-30 04:00:12,2026-08-30 04:28:44,85
url,http://105.224.109.136:51423/i,urlhaus,malware_download,"32-bit,arm,elf,mirai,Mozi",2026-08-30 04:00:12,2026-08-30 04:28:44,85
url,http://105.225.151.76:48347/i,urlhaus,malware_download,mirai,2026-08-29 16:00:14,2026-08-30 04:28:44,85
url,http://109.105.31.25:58970/bin.sh,urlhaus,malware_download,"32-bit,arm,elf,mirai,Mozi",2026-08-30 04:00:12,2026-08-30 04:28:44,85
url,http://109.105.31.25:58970/i,urlhaus,malware_download,"32-bit,arm,elf,mirai,Mozi",2026-08-30 04:00:12,2026-08-30 04:28:44,85
url,http://112.230.173.206:56336/i,urlhaus,malware_download,"32-bit,elf,mips,Mozi",2026-08-30 04:00:12,2026-08-30 04:28:44,85
url,http://113.229.179.183:33907/i,urlhaus,malware_download,"32-bit,elf,mips,Mozi",2026-08-30 04:00:12,2026-08-30 04:28:44,85
url,http://113.237.246.223:43199/i,urlhaus,malware_download,"32-bit,elf,mips,Mozi",2026-08-30 04:00:12,2026-08-30 04:28:44,85
url,http://113.94.58.157:51014/i,urlhaus,malware_download,"32-bit,elf,mips,Mozi",2026-08-30 04:00:12,2026-08-30 04:28:44,85
url,http://115.206.180.117:48491/bin.sh,urlhaus,malware_download,"32-bit,arm,elf,mirai,Mozi",2026-08-30 04:00:12,2026-08-30 04:28:44,85
url,http://115.55.191.42:44132/bin.sh,urlhaus,malware_download,"32-bit,elf,mips,Mozi",2026-08-30 04:00:12,2026-08-30 04:28:44,85
url,http://115.55.191.42:44132/i,urlhaus,malware_download,"32-bit,elf,mips,Mozi",2026-08-30 04:00:12,2026-08-30 04:28:44,85
url,http://115.55.55.135:35686/bin.sh,urlhaus,malware_download,"32-bit,elf,mips,Mozi",2026-08-30 04:00:12,2026-08-30 04:28:44,85
url,http://115.55.55.135:35686/i,urlhaus,malware_download,"32-bit,elf,mips,Mozi",2026-08-30 04:00:12,2026-08-30 04:28:44,85
url,http://115.58.90.255:34887/bin.sh,urlhaus,malware_download,"32-bit,elf,mips,Mozi",2026-08-30 04:00:12,2026-08-30 04:28:44,85
url,http://115.61.115.133:57897/bin.sh,urlhaus,malware_download,"32-bit,elf,mips,Mozi",2026-08-30 04:00:12,2026-08-30 04:28:44,85
url,http://115.61.120.220:56781/i,urlhaus,malware_download,Mozi,2026-08-30 04:00:12,2026-08-30 04:28:44,85
url,http://116.138.245.251:44670/bin.sh,urlhaus,malware_download,,2026-08-30 04:00:12,2026-08-30 04:28:44,85
url,http://116.140.176.227:51466/bin.sh,urlhaus,malware_download,,2026-08-30 04:00:12,2026-08-30 04:28:44,85
url,http://116.140.176.227:51466/i,urlhaus,malware_download,,2026-08-30 04:00:12,2026-08-30 04:28:44,85
url,http://120.28.194.30:58329/bin.sh,urlhaus,malware_download,"32-bit,arm,elf,mirai,Mozi",2026-08-30 04:00:12,2026-08-30 04:28:44,85
url,http://123.12.197.22:40189/bin.sh,urlhaus,malware_download,"32-bit,elf,mips,Mozi",2026-08-30 04:00:12,2026-08-30 04:28:44,85
url,http://123.12.197.22:40189/i,urlhaus,malware_download,"32-bit,elf,mips,Mozi",2026-08-30 04:00:12,2026-08-30 04:28:44,85
url,http://123.4.199.41:59229/bin.sh,urlhaus,malware_download,"32-bit,elf,mips,Mozi",2026-08-30 04:00:12,2026-08-30 04:28:44,85
url,http://123.4.199.41:59229/i,urlhaus,malware_download,"32-bit,elf,mips,Mozi",2026-08-30 04:00:12,2026-08-30 04:28:44,85
url,http://123.4.232.187:60000/i,urlhaus,malware_download,"32-bit,elf,mips,Mozi",2026-08-30 04:00:12,2026-08-30 04:28:44,85
url,http://123.9.244.144:45903/bin.sh,urlhaus,malware_download,"32-bit,elf,mips,Mozi",2026-08-30 04:00:12,2026-08-30 04:28:44,85
url,http://123.9.244.144:45903/i,urlhaus,malware_download,"32-bit,elf,mips,Mozi",2026-08-30 04:00:12,2026-08-30 04:28:44,85
url,http://124.131.158.244:55504/bin.sh,urlhaus,malware_download,"32-bit,elf,mips,Mozi",2026-08-30 04:00:12,2026-08-30 04:28:44,85
url,http://125.40.86.110:56835/bin.sh,urlhaus,malware_download,"32-bit,elf,mips,Mozi",2026-08-30 04:00:12,2026-08-30 04:28:44,85
url,http://125.41.2.240:38275/bin.sh,urlhaus,malware_download,"32-bit,elf,mips,Mozi",2026-08-29 16:00:15,2026-08-30 04:28:44,85
url,http://125.45.8.243:48382/bin.sh,urlhaus,malware_download,"32-bit,elf,mips,Mozi",2026-08-30 04:00:12,2026-08-30 04:28:44,85
url,http://125.45.8.243:48382/i,urlhaus,malware_download,"32-bit,elf,mips,Mozi",2026-08-30 04:00:12,2026-08-30 04:28:44,85
url,http://125.47.248.69:49385/bin.sh,urlhaus,malware_download,"32-bit,elf,mips,Mozi",2026-08-30 04:00:12,2026-08-30 04:28:44,85
url,http://125.47.57.60:60017/bin.sh,urlhaus,malware_download,"32-bit,elf,mips,Mozi",2026-08-30 04:00:12,2026-08-30 04:28:44,85
url,http://125.47.57.60:60017/i,urlhaus,malware_download,"32-bit,elf,mips,Mozi",2026-08-30 04:00:12,2026-08-30 04:28:44,85
url,http://140.237.7.57:41787/bin.sh,urlhaus,malware_download,"32-bit,arm,elf,mirai,Mozi",2026-08-29 16:00:15,2026-08-30 04:28:44,85
url,http://140.237.7.57:41787/i,urlhaus,malware_download,"32-bit,arm,elf,mirai,Mozi",2026-08-29 16:00:15,2026-08-30 04:28:44,85
url,http://175.107.229.176:52461/bin.sh,urlhaus,malware_download,"32-bit,elf,mips,Mozi",2026-08-30 04:00:12,2026-08-30 04:28:44,85
url,http://175.107.229.176:52461/i,urlhaus,malware_download,"32-bit,elf,mips,Mozi",2026-08-30 04:00:12,2026-08-30 04:28:44,85
url,http://175.146.54.164:46639/i,urlhaus,malware_download,,2026-08-30 04:00:12,2026-08-30 04:28:44,85
url,http://182.112.29.80:37188/bin.sh,urlhaus,malware_download,,2026-08-30 04:00:12,2026-08-30 04:28:44,85
url,http://182.112.3.149:53025/bin.sh,urlhaus,malware_download,Mozi,2026-08-30 04:00:12,2026-08-30 04:28:44,85
url,http://182.112.3.149:53025/i,urlhaus,malware_download,Mozi,2026-08-30 04:00:12,2026-08-30 04:28:44,85
url,http://182.126.115.131:48279/bin.sh,urlhaus,malware_download,"32-bit,elf,mips,Mozi",2026-08-30 04:00:12,2026-08-30 04:28:44,85
url,http://182.126.115.131:48279/i,urlhaus,malware_download,Mozi,2026-08-30 04:00:12,2026-08-30 04:28:44,85
url,http://182.126.141.140:33852/bin.sh,urlhaus,malware_download,Mozi,2026-08-30 04:00:12,2026-08-30 04:28:44,85
url,http://196.189.197.131:43972/bin.sh,urlhaus,malware_download,mirai,2026-08-30 04:00:12,2026-08-30 04:28:44,85
url,http://196.189.197.131:43972/i,urlhaus,malware_download,,2026-08-30 04:00:12,2026-08-30 04:28:44,85
url,http://221.15.7.236:38122/i,urlhaus,malware_download,"32-bit,elf,mips,Mozi",2026-08-30 04:00:12,2026-08-30 04:28:44,85
url,http://222.137.113.232:35057/bin.sh,urlhaus,malware_download,"32-bit,elf,mips,Mozi",2026-08-30 04:00:12,2026-08-30 04:28:44,85
url,http://222.138.151.125:34037/bin.sh,urlhaus,malware_download,"32-bit,elf,mips,Mozi",2026-08-29 16:00:15,2026-08-30 04:28:44,85
url,http://222.139.42.8:33981/bin.sh,urlhaus,malware_download,"32-bit,elf,mips,Mozi",2026-08-30 04:00:12,2026-08-30 04:28:44,85
url,http://222.139.42.8:33981/i,urlhaus,malware_download,"32-bit,elf,mips,Mozi",2026-08-30 04:00:12,2026-08-30 04:28:44,85
url,http://222.141.112.133:41245/bin.sh,urlhaus,malware_download,"32-bit,elf,mips,Mozi",2026-08-30 04:00:12,2026-08-30 04:28:44,85
url,http://222.141.75.2:47007/bin.sh,urlhaus,malware_download,"32-bit,elf,mips,Mozi",2026-08-30 04:00:12,2026-08-30 04:28:44,85
url,http://222.142.253.3:58777/i,urlhaus,malware_download,Mozi,2026-08-30 04:00:12,2026-08-30 04:28:44,85
url,http://223.151.73.208:44130/i,urlhaus,malware_download,"32-bit,arm,elf,mirai,Mozi",2026-08-30 04:00:12,2026-08-30 04:28:44,85
url,http://36.249.53.231:42647/i,urlhaus,malware_download,mirai,2026-08-30 04:00:12,2026-08-30 04:28:44,85
url,http://36.70.69.233:52578/bin.sh,urlhaus,malware_download,mirai,2026-08-30 04:00:12,2026-08-30 04:28:44,85
url,http://42.224.76.112:39508/i,urlhaus,malware_download,"32-bit,elf,mips,Mozi",2026-08-30 04:00:12,2026-08-30 04:28:44,85
url,http://42.226.76.23:50496/bin.sh,urlhaus,malware_download,"32-bit,elf,mips,Mozi",2026-08-30 04:00:12,2026-08-30 04:28:44,85
url,http://42.230.34.241:57422/bin.sh,urlhaus,malware_download,"32-bit,elf,mips,Mozi",2026-08-30 04:00:12,2026-08-30 04:28:44,85
url,http://42.231.115.67:50146/bin.sh,urlhaus,malware_download,"32-bit,elf,mips,Mozi",2026-08-29 16:00:15,2026-08-30 04:28:44,85
url,http://42.231.115.67:50146/i,urlhaus,malware_download,"32-bit,elf,mips,Mozi",2026-08-29 16:00:15,2026-08-30 04:28:44,85
url,http://42.239.188.14:35282/i,urlhaus,malware_download,"32-bit,elf,mips,Mozi",2026-08-30 04:00:12,2026-08-30 04:28:44,85
url,http://42.4.163.42:37885/i,urlhaus,malware_download,"32-bit,elf,mips,Mozi",2026-08-30 04:00:12,2026-08-30 04:28:44,85
url,http://42.55.60.82:41723/i,urlhaus,malware_download,"32-bit,elf,mips,Mozi",2026-08-30 04:00:12,2026-08-30 04:28:44,85
url,http://42.55.8.85:43235/bin.sh,urlhaus,malware_download,"32-bit,elf,mips,Mozi",2026-08-29 16:00:15,2026-08-30 04:28:44,85
url,http://60.19.243.169:55309/i,urlhaus,malware_download,"32-bit,elf,mips,Mozi",2026-08-30 04:00:12,2026-08-30 04:28:44,85
url,http://61.176.123.105:57323/i,urlhaus,malware_download,"32-bit,arm,elf,mirai,Mozi",2026-08-30 04:00:12,2026-08-30 04:28:44,85
url,http://61.53.153.252:41456/bin.sh,urlhaus,malware_download,Mozi,2026-08-30 04:00:12,2026-08-30 04:28:44,85
url,http://61.53.153.252:41456/i,urlhaus,malware_download,Mozi,2026-08-30 04:00:12,2026-08-30 04:28:44,85
url,http://61.53.89.217:48096/i,urlhaus,malware_download,"32-bit,elf,mips,Mozi",2026-08-30 04:00:12,2026-08-30 04:28:44,85
url,http://78.165.225.182:50272/i,urlhaus,malware_download,"32-bit,elf,mips,Mozi",2026-08-30 04:00:12,2026-08-30 04:28:44,85
url,http://78.165.249.185:50272/i,urlhaus,malware_download,"32-bit,elf,mips,Mozi",2026-08-30 04:00:12,2026-08-30 04:28:44,85
url,http://78.181.170.111:46100/bin.sh,urlhaus,malware_download,"32-bit,elf,mips,Mozi",2026-08-30 04:00:12,2026-08-30 04:28:44,85
url,http://78.181.170.111:46100/i,urlhaus,malware_download,"32-bit,elf,mips,Mozi",2026-08-30 04:00:12,2026-08-30 04:28:44,85
url,http://78.187.104.169:43205/bin.sh,urlhaus,malware_download,Mozi,2026-08-30 04:00:12,2026-08-30 04:28:44,85
url,http://78.187.104.169:43205/i,urlhaus,malware_download,Mozi,2026-08-30 04:00:12,2026-08-30 04:28:44,85
url,http://85.11.167.203/bins/arm6,urlhaus,malware_download,"elf,ua-wget",2026-08-30 04:00:12,2026-08-30 04:28:44,85
url,http://85.11.167.203/bins/m68k,urlhaus,malware_download,"elf,ua-wget",2026-08-30 04:00:12,2026-08-30 04:28:44,85
url,http://85.11.167.203/bins/ppc,urlhaus,malware_download,"elf,ua-wget",2026-08-30 04:00:12,2026-08-30 04:28:44,85
url,http://85.11.167.203/bins/sh4,urlhaus,malware_download,"elf,ua-wget",2026-08-30 04:00:12,2026-08-30 04:28:44,85
url,http://85.11.167.203/bins/x86_64,urlhaus,malware_download,"elf,mirai,ua-wget",2026-08-30 04:00:12,2026-08-30 04:28:44,85
url,http://85.11.167.203/i486,urlhaus,malware_download,"elf,ua-wget",2026-08-30 04:00:12,2026-08-30 04:28:44,85
url,http://85.11.167.203/powerpc-440fp,urlhaus,malware_download,"elf,mirai,ua-wget",2026-08-30 04:00:12,2026-08-30 04:28:44,85
url,http://91.208.197.218/kaf.ppc,urlhaus,malware_download,"91-208-197-218,elf,hajime,ua-wget",2026-08-29 16:00:15,2026-08-30 04:28:44,85
url,http://91.92.242.236/files-129312398/files/file_5f93378efbf927ff.exe,urlhaus,malware_download,"c2-monitor-auto,dropped-by-amadey",2026-08-29 16:00:15,2026-08-30 04:28:44,85
url,http://91.92.242.236/files-129312398/files/file_a05c2a3be36d9998.exe,urlhaus,malware_download,"54e64e,dropped-by-amadey",2026-08-30 04:00:12,2026-08-30 04:28:44,85
url,http://91.92.242.236/files-129312398/files/file_fe068c2e35dc5fe2.exe,urlhaus,malware_download,"c2-monitor-auto,dropped-by-amadey",2026-08-29 16:00:15,2026-08-30 04:28:44,85
url,https://176.123.9.22/Bin/ScreenConnect.ClientSetup.exe,urlhaus,malware_download,"176-123-9-22,connectwise,exe,ua-wget,Unknown-RAT",2026-08-29 16:00:15,2026-08-30 04:28:44,85
url,https://176.123.9.22/bin/support.client.exe,urlhaus,malware_download,"176-123-9-22,connectwise,exe,ua-wget,Unknown-RAT",2026-08-29 16:00:15,2026-08-30 04:28:44,85
url,https://5.181.0.129/Bin/ScreenConnect.ClientSetup.exe,urlhaus,malware_download,"5-181-0-129,connectwise,exe,ua-wget",2026-08-29 16:00:15,2026-08-30 04:28:44,85
url,https://85.121.176.140/Bin/ScreenConnect.ClientSetup.exe,urlhaus,malware_download,"85-121-176-140,exe,ua-wget",2026-08-29 16:00:15,2026-08-30 04:28:44,85
url,https://mon-xxx-02.cfd/FirertjuDispatcher.exe,urlhaus,malware_download,"237e829e51990f5f4919048e2c840f8d,dropped-by-remus",2026-08-29 16:00:15,2026-08-30 04:28:44,85
