type,value,source,threat_type,tags,first_seen,last_seen,confidence
domain,0qa0xgkt.retinaclr.com,threatfox,ClearFake,"threatfox,ClearFake,mac-0x0f14,macos",2026-08-31 04:06:19,2026-08-31 17:17:51,85
domain,1oplympr3m.workers.dev,threatfox,php.shin_webshell,"threatfox,Cloudflare,GIF,PHP,webshell,WordPress,workers.dev,wp-admin",2026-08-31 04:06:19,2026-08-31 17:17:51,85
domain,228dione.workers.dev,threatfox,php.shin_webshell,"threatfox,Cloudflare,GIF,PHP,webshell,WordPress,workers.dev,wp-admin",2026-08-31 04:06:19,2026-08-31 17:17:51,85
domain,29l1b9y1.shop-aeroslim.us,threatfox,ClearFake,"threatfox,ClearFake,mac-0x76c7,macos",2026-08-31 04:06:19,2026-08-31 17:17:51,85
domain,2uehzspm.prosta-fense.org,threatfox,ClearFake,"threatfox,ClearFake,mac-0xdcf2,macos",2026-08-30 16:06:18,2026-08-31 17:17:51,85
domain,353qfu36.en-trump-token.com,threatfox,ClearFake,"threatfox,ClearFake,mac-0x68dc,macos",2026-08-31 04:06:19,2026-08-31 17:17:51,85
domain,3pynvhuk.ultralightlondon.uk,threatfox,ClearFake,"threatfox,ClearFake,mac-0x0f14,macos",2026-08-30 16:06:18,2026-08-31 17:17:51,85
domain,4402inherent.workers.dev,threatfox,php.shin_webshell,"threatfox,Cloudflare,GIF,PHP,webshell,WordPress,workers.dev,wp-admin",2026-08-31 16:06:17,2026-08-31 17:17:51,85
domain,441k40w4.shop-bellyflush.com,threatfox,ClearFake,"threatfox,ClearFake,mac-0xdcf2,macos",2026-08-31 16:06:17,2026-08-31 17:17:51,85
domain,4u4hidmw.shop-alphaboostpro.us,threatfox,ClearFake,"threatfox,ClearFake,mac-0x68dc,macos",2026-08-30 16:06:18,2026-08-31 17:17:51,85
domain,7109hvuj.retinaclier.com,threatfox,ClearFake,"threatfox,ClearFake,mac-0x0f14,macos",2026-08-31 04:06:19,2026-08-31 17:17:51,85
domain,7444aquamarine.workers.dev,threatfox,php.shin_webshell,"threatfox,Cloudflare,GIF,PHP,webshell,WordPress,workers.dev,wp-admin",2026-08-31 16:06:17,2026-08-31 17:17:51,85
domain,7ytwphx3.purabst.com,threatfox,ClearFake,"threatfox,ClearFake,mac-0x76c7,macos",2026-08-30 16:06:18,2026-08-31 17:17:51,85
domain,84pa4isp.retinaclearofficials.com,threatfox,ClearFake,"threatfox,ClearFake,mac-0x0f14,macos",2026-08-30 16:06:18,2026-08-31 17:17:51,85
domain,9mrz5b66.shop-dentalprime.com,threatfox,ClearFake,"threatfox,ClearFake,mac-0x68dc,macos",2026-08-31 16:06:17,2026-08-31 17:17:51,85
domain,bbtidwyn.shop-cardioslim.com,threatfox,ClearFake,"threatfox,ClearFake,mac-0x0f14,macos",2026-08-31 16:06:17,2026-08-31 17:17:51,85
domain,bezamy.workers.dev,threatfox,php.shin_webshell,"threatfox,Cloudflare,GIF,PHP,webshell,WordPress,workers.dev,wp-admin",2026-08-31 04:06:19,2026-08-31 17:17:51,85
domain,bnb.sm188dvlv.icu,threatfox,Vidar,"threatfox,Vidar",2026-08-31 16:06:17,2026-08-31 17:17:51,85
domain,bp3mtp82.shop-aizenpower.us,threatfox,ClearFake,"threatfox,ClearFake,mac-0x76c7,macos",2026-08-31 04:06:19,2026-08-31 17:17:51,85
domain,cc.nhancute.site,threatfox,Mirai,"threatfox,Mirai",2026-08-31 04:06:19,2026-08-31 17:17:51,85
domain,cenoci.workers.dev,threatfox,php.shin_webshell,"threatfox,Cloudflare,GIF,PHP,webshell,WordPress,workers.dev,wp-admin",2026-08-31 16:06:17,2026-08-31 17:17:51,85
domain,check1.judicica1n,threatfox,Cobalt Strike,"threatfox,CobaltStrike,drb-ra",2026-08-31 04:06:19,2026-08-31 17:17:51,85
domain,chi.12naga.org,threatfox,Vidar,"threatfox,Validin,Vidar",2026-08-31 16:06:17,2026-08-31 17:17:51,85
domain,chi.sm188dvlv.lat,threatfox,Vidar,"threatfox,Vidar",2026-08-31 16:06:17,2026-08-31 17:17:51,85
domain,ciqyzo.workers.dev,threatfox,php.shin_webshell,"threatfox,Cloudflare,GIF,PHP,webshell,WordPress,workers.dev,wp-admin",2026-08-30 16:06:18,2026-08-31 17:17:51,85
domain,cixife.workers.dev,threatfox,php.shin_webshell,"threatfox,Cloudflare,GIF,PHP,webshell,WordPress,workers.dev,wp-admin",2026-08-31 04:06:19,2026-08-31 17:17:51,85
domain,conectao.com.do,threatfox,ClearFake,"threatfox,compromised,EtherHide",2026-08-31 16:06:17,2026-08-31 17:17:51,85
domain,consultinggetdsm.com,threatfox,ClearFake,"threatfox,31August2026,ClearFake,Commandline,DomainShadowing,Windows",2026-08-31 16:06:17,2026-08-31 17:17:51,85
domain,cuzurejo.workers.dev,threatfox,php.shin_webshell,"threatfox,Cloudflare,GIF,PHP,webshell,WordPress,workers.dev,wp-admin",2026-08-30 16:06:18,2026-08-31 17:17:51,85
domain,cw91bzc2fb.workers.dev,threatfox,php.shin_webshell,"threatfox,Cloudflare,GIF,PHP,webshell,WordPress,workers.dev,wp-admin",2026-08-31 16:06:17,2026-08-31 17:17:51,85
domain,cxgsu17653.workers.dev,threatfox,php.shin_webshell,"threatfox,Cloudflare,GIF,PHP,webshell,WordPress,workers.dev,wp-admin",2026-08-30 16:06:18,2026-08-31 17:17:51,85
domain,cyrilipu.workers.dev,threatfox,php.shin_webshell,"threatfox,Cloudflare,GIF,PHP,webshell,WordPress,workers.dev,wp-admin",2026-08-31 16:06:17,2026-08-31 17:17:51,85
domain,dascu18032.workers.dev,threatfox,php.shin_webshell,"threatfox,Cloudflare,GIF,PHP,webshell,WordPress,workers.dev,wp-admin",2026-08-31 16:06:17,2026-08-31 17:17:51,85
domain,demuqyle.workers.dev,threatfox,php.shin_webshell,"threatfox,Cloudflare,GIF,PHP,webshell,WordPress,workers.dev,wp-admin",2026-08-30 16:06:18,2026-08-31 17:17:51,85
domain,dixibahy.workers.dev,threatfox,php.shin_webshell,"threatfox,Cloudflare,GIF,PHP,webshell,WordPress,workers.dev,wp-admin",2026-08-31 16:06:17,2026-08-31 17:17:51,85
domain,docstore-s6.info,threatfox,TonRAT,threatfox,2026-08-31 16:06:17,2026-08-31 17:17:51,85
domain,dosydi.workers.dev,threatfox,php.shin_webshell,"threatfox,Cloudflare,GIF,PHP,webshell,WordPress,workers.dev,wp-admin",2026-08-31 04:06:19,2026-08-31 17:17:51,85
domain,dphx1pvb.en-us-glucotrustt-bites.com,threatfox,ClearFake,"threatfox,ClearFake,mac-0x68dc,macos",2026-08-31 04:06:19,2026-08-31 17:17:51,85
domain,dpiwraps.com,threatfox,ClearFake,"threatfox,31August2026,ClearFake,Commandline,DomainShadowing,Windows",2026-08-31 16:06:17,2026-08-31 17:17:51,85
domain,duvokufi.workers.dev,threatfox,php.shin_webshell,"threatfox,Cloudflare,GIF,PHP,webshell,WordPress,workers.dev,wp-admin",2026-08-31 16:06:17,2026-08-31 17:17:51,85
domain,dvtwn44396.workers.dev,threatfox,php.shin_webshell,"threatfox,Cloudflare,GIF,PHP,webshell,WordPress,workers.dev,wp-admin",2026-08-31 16:06:17,2026-08-31 17:17:51,85
domain,dybecyvu.workers.dev,threatfox,php.shin_webshell,"threatfox,Cloudflare,GIF,PHP,webshell,WordPress,workers.dev,wp-admin",2026-08-31 04:06:19,2026-08-31 17:17:51,85
domain,dyfaqymo.workers.dev,threatfox,php.shin_webshell,"threatfox,Cloudflare,GIF,PHP,webshell,WordPress,workers.dev,wp-admin",2026-08-31 04:06:19,2026-08-31 17:17:51,85
domain,dypocemy.workers.dev,threatfox,php.shin_webshell,"threatfox,Cloudflare,GIF,PHP,webshell,WordPress,workers.dev,wp-admin",2026-08-31 04:06:19,2026-08-31 17:17:51,85
domain,dyveku.workers.dev,threatfox,php.shin_webshell,"threatfox,Cloudflare,GIF,PHP,webshell,WordPress,workers.dev,wp-admin",2026-08-31 04:06:19,2026-08-31 17:17:51,85
domain,earl.afghankabobgrill.com,threatfox,ClearFake,"threatfox,ClearFake,ClickFix,ErrTraffic,EtherHiding",2026-08-31 16:06:17,2026-08-31 17:17:51,85
domain,eelsq5rh.shop-aquaburn.us,threatfox,ClearFake,"threatfox,ClearFake,mac-0x68dc,macos",2026-08-31 04:06:19,2026-08-31 17:17:51,85
domain,eos.sm188dvlv.icu,threatfox,Vidar,"threatfox,Vidar",2026-08-31 16:06:17,2026-08-31 17:17:51,85
domain,eq7rkug7.shop-alphastreamplus.us,threatfox,ClearFake,"threatfox,ClearFake,mac-0x68dc,macos",2026-08-30 16:06:18,2026-08-31 17:17:51,85
domain,es0jh7f31p.workers.dev,threatfox,php.shin_webshell,"threatfox,Cloudflare,GIF,PHP,webshell,WordPress,workers.dev,wp-admin",2026-08-31 16:06:17,2026-08-31 17:17:51,85
domain,exp-partner-statement.com,threatfox,TonRAT,threatfox,2026-08-31 16:06:17,2026-08-31 17:17:51,85
domain,f0n95tk64n.workers.dev,threatfox,php.shin_webshell,"threatfox,Cloudflare,GIF,PHP,webshell,WordPress,workers.dev,wp-admin",2026-08-31 04:06:19,2026-08-31 17:17:51,85
domain,fekajyzy.workers.dev,threatfox,php.shin_webshell,"threatfox,Cloudflare,GIF,PHP,webshell,WordPress,workers.dev,wp-admin",2026-08-31 16:06:17,2026-08-31 17:17:51,85
domain,fppanzb0p4.workers.dev,threatfox,php.shin_webshell,"threatfox,Cloudflare,GIF,PHP,webshell,WordPress,workers.dev,wp-admin",2026-08-30 16:06:18,2026-08-31 17:17:51,85
domain,ftp.ckzafetyztres.com,threatfox,Agent Tesla,"threatfox,AgentTesla",2026-08-31 16:06:17,2026-08-31 17:17:51,85
domain,fukokuto.workers.dev,threatfox,php.shin_webshell,"threatfox,Cloudflare,GIF,PHP,webshell,WordPress,workers.dev,wp-admin",2026-08-31 16:06:17,2026-08-31 17:17:51,85
domain,fyhoqo.workers.dev,threatfox,php.shin_webshell,"threatfox,Cloudflare,GIF,PHP,webshell,WordPress,workers.dev,wp-admin",2026-08-31 16:06:17,2026-08-31 17:17:51,85
domain,fyjilowu.workers.dev,threatfox,php.shin_webshell,"threatfox,Cloudflare,GIF,PHP,webshell,WordPress,workers.dev,wp-admin",2026-08-31 16:06:17,2026-08-31 17:17:51,85
domain,gebbxexd.shop-alphaboostpro.us,threatfox,ClearFake,"threatfox,ClearFake,mac-0x76c7,macos",2026-08-31 16:06:17,2026-08-31 17:17:51,85
domain,glucotrust-bites.us.com,threatfox,ClearFake,"threatfox,30August2026,ClearFake,Commandline,DomainShadowing,Windows",2026-08-30 16:06:18,2026-08-31 17:17:51,85
domain,glyco--free.com,threatfox,ClearFake,"threatfox,30August2026,ClearFake,Commandline,DomainShadowing,Windows",2026-08-31 04:06:19,2026-08-31 17:17:51,85
domain,gmla8hmqnc.workers.dev,threatfox,php.shin_webshell,"threatfox,Cloudflare,GIF,PHP,webshell,WordPress,workers.dev,wp-admin",2026-08-30 16:06:18,2026-08-31 17:17:51,85
domain,gybyce.workers.dev,threatfox,php.shin_webshell,"threatfox,Cloudflare,GIF,PHP,webshell,WordPress,workers.dev,wp-admin",2026-08-31 04:06:19,2026-08-31 17:17:51,85
domain,gygaqila.workers.dev,threatfox,php.shin_webshell,"threatfox,Cloudflare,GIF,PHP,webshell,WordPress,workers.dev,wp-admin",2026-08-31 04:06:19,2026-08-31 17:17:51,85
domain,h5xluule.barbashat.com,threatfox,ClearFake,"threatfox,ClearFake,mac-0x68dc,macos",2026-08-31 04:06:19,2026-08-31 17:17:51,85
domain,hafagu-ce1.workers.dev,threatfox,php.shin_webshell,"threatfox,Cloudflare,GIF,PHP,webshell,WordPress,workers.dev,wp-admin",2026-08-31 16:06:17,2026-08-31 17:17:51,85
domain,hbupgtkx49.workers.dev,threatfox,php.shin_webshell,"threatfox,Cloudflare,GIF,PHP,webshell,WordPress,workers.dev,wp-admin",2026-08-31 16:06:17,2026-08-31 17:17:51,85
domain,hegitylo.workers.dev,threatfox,php.shin_webshell,"threatfox,Cloudflare,GIF,PHP,webshell,WordPress,workers.dev,wp-admin",2026-08-30 16:06:18,2026-08-31 17:17:51,85
domain,hendersonlawjax.net,threatfox,ClearFake,"threatfox,compromised,EtherHide",2026-08-30 16:06:18,2026-08-31 17:17:51,85
domain,hh3.sm188dvlv.icu,threatfox,Vidar,"threatfox,Vidar",2026-08-31 16:06:17,2026-08-31 17:17:51,85
domain,hhj2nouojnatg6gvhfgrcqdanoe244gf26pixpnrcoxs7jiqu4atvzyd.onion,threatfox,Unknown malware,"threatfox,ransomware,settra",2026-08-31 16:06:17,2026-08-31 17:17:51,85
domain,hitdw76155.workers.dev,threatfox,php.shin_webshell,"threatfox,Cloudflare,GIF,PHP,webshell,WordPress,workers.dev,wp-admin",2026-08-31 16:06:17,2026-08-31 17:17:51,85
domain,hrrrison.sbs,threatfox,KongTuke,"threatfox,KongTuke",2026-08-31 16:06:17,2026-08-31 17:17:51,85
domain,hyhibe.workers.dev,threatfox,php.shin_webshell,"threatfox,Cloudflare,GIF,PHP,webshell,WordPress,workers.dev,wp-admin",2026-08-31 16:06:17,2026-08-31 17:17:51,85
domain,inckz61wke.workers.dev,threatfox,php.shin_webshell,"threatfox,Cloudflare,GIF,PHP,webshell,WordPress,workers.dev,wp-admin",2026-08-31 16:06:17,2026-08-31 17:17:51,85
domain,intratechsa.co.za,threatfox,ClearFake,"threatfox,compromised,EtherHide",2026-08-31 16:06:17,2026-08-31 17:17:51,85
domain,ira240.workers.dev,threatfox,php.shin_webshell,"threatfox,Cloudflare,GIF,PHP,webshell,WordPress,workers.dev,wp-admin",2026-08-31 16:06:17,2026-08-31 17:17:51,85
domain,jficfycgrz.workers.dev,threatfox,php.shin_webshell,"threatfox,Cloudflare,GIF,PHP,webshell,WordPress,workers.dev,wp-admin",2026-08-30 16:06:18,2026-08-31 17:17:51,85
domain,jij.sm188dvlv.icu,threatfox,Vidar,"threatfox,Vidar",2026-08-31 16:06:17,2026-08-31 17:17:51,85
domain,jizegumy.workers.dev,threatfox,php.shin_webshell,"threatfox,Cloudflare,GIF,PHP,webshell,WordPress,workers.dev,wp-admin",2026-08-31 04:06:19,2026-08-31 17:17:51,85
domain,jobebosy.workers.dev,threatfox,php.shin_webshell,"threatfox,Cloudflare,GIF,PHP,webshell,WordPress,workers.dev,wp-admin",2026-08-31 16:06:17,2026-08-31 17:17:51,85
domain,jre.12naga.org,threatfox,Vidar,"threatfox,Vidar",2026-08-31 16:06:17,2026-08-31 17:17:51,85
domain,jre.sm188dvlv.lat,threatfox,Vidar,"threatfox,Vidar",2026-08-31 16:06:17,2026-08-31 17:17:51,85
domain,jycajame.workers.dev,threatfox,php.shin_webshell,"threatfox,Cloudflare,GIF,PHP,webshell,WordPress,workers.dev,wp-admin",2026-08-31 04:06:19,2026-08-31 17:17:51,85
domain,kadazyci.workers.dev,threatfox,php.shin_webshell,"threatfox,Cloudflare,GIF,PHP,webshell,WordPress,workers.dev,wp-admin",2026-08-31 04:06:19,2026-08-31 17:17:51,85
domain,kahule.workers.dev,threatfox,php.shin_webshell,"threatfox,Cloudflare,GIF,PHP,webshell,WordPress,workers.dev,wp-admin",2026-08-31 04:06:19,2026-08-31 17:17:51,85
domain,kap-engineering.co.uk,threatfox,ClearFake,"threatfox,compromised,EtherHide",2026-08-31 16:06:17,2026-08-31 17:17:51,85
domain,krbst56779.workers.dev,threatfox,php.shin_webshell,"threatfox,Cloudflare,GIF,PHP,webshell,WordPress,workers.dev,wp-admin",2026-08-31 16:06:17,2026-08-31 17:17:51,85
domain,kuhekybi.workers.dev,threatfox,php.shin_webshell,"threatfox,Cloudflare,GIF,PHP,webshell,WordPress,workers.dev,wp-admin",2026-08-30 16:06:18,2026-08-31 17:17:51,85
domain,l9hmkvn2xm.workers.dev,threatfox,php.shin_webshell,"threatfox,Cloudflare,GIF,PHP,webshell,WordPress,workers.dev,wp-admin",2026-08-31 04:06:19,2026-08-31 17:17:51,85
domain,lacygenetic.workers.dev,threatfox,php.shin_webshell,"threatfox,Cloudflare,GIF,PHP,webshell,WordPress,workers.dev,wp-admin",2026-08-31 04:06:19,2026-08-31 17:17:51,85
domain,lbsa.nova-dev.ch,threatfox,ClearFake,"threatfox,compromised,EtherHide",2026-08-30 16:06:18,2026-08-31 17:17:51,85
domain,lbxpg68375.workers.dev,threatfox,php.shin_webshell,"threatfox,Cloudflare,GIF,PHP,webshell,WordPress,workers.dev,wp-admin",2026-08-31 04:06:19,2026-08-31 17:17:51,85
domain,lehyba.workers.dev,threatfox,php.shin_webshell,"threatfox,Cloudflare,GIF,PHP,webshell,WordPress,workers.dev,wp-admin",2026-08-31 16:06:17,2026-08-31 17:17:51,85
domain,leriqilu.workers.dev,threatfox,php.shin_webshell,"threatfox,Cloudflare,GIF,PHP,webshell,WordPress,workers.dev,wp-admin",2026-08-31 16:06:17,2026-08-31 17:17:51,85
domain,lerubizi.workers.dev,threatfox,php.shin_webshell,"threatfox,Cloudflare,GIF,PHP,webshell,WordPress,workers.dev,wp-admin",2026-08-31 04:06:19,2026-08-31 17:17:51,85
domain,ley.123ful.net,threatfox,Vidar,"threatfox,Validin,Vidar",2026-08-31 16:06:17,2026-08-31 17:17:51,85
domain,ley.sm188dvlv.icu,threatfox,Vidar,"threatfox,Vidar",2026-08-31 16:06:17,2026-08-31 17:17:51,85
domain,lf2qo513.shop-aquaburn.com,threatfox,ClearFake,"threatfox,ClearFake,mac-0x68dc,macos",2026-08-31 04:06:19,2026-08-31 17:17:51,85
domain,lixytala.workers.dev,threatfox,php.shin_webshell,"threatfox,Cloudflare,GIF,PHP,webshell,WordPress,workers.dev,wp-admin",2026-08-31 04:06:19,2026-08-31 17:17:51,85
domain,lufytiqi.workers.dev,threatfox,php.shin_webshell,"threatfox,Cloudflare,GIF,PHP,webshell,WordPress,workers.dev,wp-admin",2026-08-30 16:06:18,2026-08-31 17:17:51,85
domain,lywixeha.workers.dev,threatfox,php.shin_webshell,"threatfox,Cloudflare,GIF,PHP,webshell,WordPress,workers.dev,wp-admin",2026-08-30 16:06:18,2026-08-31 17:17:51,85
domain,m3c33sfv.rtinaclear.com,threatfox,ClearFake,"threatfox,ClearFake,mac-0x0f14,macos",2026-08-31 04:06:19,2026-08-31 17:17:51,85
domain,mail.ded7845.inmotionhosting.com,threatfox,Unknown malware,"threatfox,ClickFix,compromised",2026-08-31 04:06:19,2026-08-31 17:17:51,85
domain,mdd0cs6ycy.workers.dev,threatfox,php.shin_webshell,"threatfox,Cloudflare,GIF,PHP,webshell,WordPress,workers.dev,wp-admin",2026-08-30 16:06:18,2026-08-31 17:17:51,85
domain,molylasu.workers.dev,threatfox,php.shin_webshell,"threatfox,Cloudflare,GIF,PHP,webshell,WordPress,workers.dev,wp-admin",2026-08-30 16:06:18,2026-08-31 17:17:51,85
domain,mumyqowi.workers.dev,threatfox,php.shin_webshell,"threatfox,Cloudflare,GIF,PHP,webshell,WordPress,workers.dev,wp-admin",2026-08-31 04:06:19,2026-08-31 17:17:51,85
domain,muziwawy.workers.dev,threatfox,php.shin_webshell,"threatfox,Cloudflare,GIF,PHP,webshell,WordPress,workers.dev,wp-admin",2026-08-31 16:06:17,2026-08-31 17:17:51,85
domain,n9jwqx0b32.workers.dev,threatfox,php.shin_webshell,"threatfox,Cloudflare,GIF,PHP,webshell,WordPress,workers.dev,wp-admin",2026-08-31 16:06:17,2026-08-31 17:17:51,85
domain,nelinura.workers.dev,threatfox,php.shin_webshell,"threatfox,Cloudflare,GIF,PHP,webshell,WordPress,workers.dev,wp-admin",2026-08-31 04:06:19,2026-08-31 17:17:51,85
domain,nerotywo.workers.dev,threatfox,php.shin_webshell,"threatfox,Cloudflare,GIF,PHP,webshell,WordPress,workers.dev,wp-admin",2026-08-31 04:06:19,2026-08-31 17:17:51,85
domain,netiqu.workers.dev,threatfox,php.shin_webshell,"threatfox,Cloudflare,GIF,PHP,webshell,WordPress,workers.dev,wp-admin",2026-08-31 04:06:19,2026-08-31 17:17:51,85
domain,nifibe.workers.dev,threatfox,php.shin_webshell,"threatfox,Cloudflare,GIF,PHP,webshell,WordPress,workers.dev,wp-admin",2026-08-31 04:06:19,2026-08-31 17:17:51,85
domain,ninjabattlearena.cfd,threatfox,Unknown Webinject,"threatfox,ClickFix,Cloudflare",2026-08-31 16:06:17,2026-08-31 17:17:51,85
domain,nolacu.workers.dev,threatfox,php.shin_webshell,"threatfox,Cloudflare,GIF,PHP,webshell,WordPress,workers.dev,wp-admin",2026-08-30 16:06:18,2026-08-31 17:17:51,85
domain,nonikiri.workers.dev,threatfox,php.shin_webshell,"threatfox,Cloudflare,GIF,PHP,webshell,WordPress,workers.dev,wp-admin",2026-08-31 04:06:19,2026-08-31 17:17:51,85
domain,noxumo.workers.dev,threatfox,php.shin_webshell,"threatfox,Cloudflare,GIF,PHP,webshell,WordPress,workers.dev,wp-admin",2026-08-31 16:06:17,2026-08-31 17:17:51,85
domain,nsn.12naga.org,threatfox,Vidar,"threatfox,Validin,Vidar",2026-08-31 16:06:17,2026-08-31 17:17:51,85
domain,nsn.sm188dvlv.lat,threatfox,Vidar,"threatfox,Vidar",2026-08-31 16:06:17,2026-08-31 17:17:51,85
domain,nswpk62437.workers.dev,threatfox,php.shin_webshell,"threatfox,Cloudflare,GIF,PHP,webshell,WordPress,workers.dev,wp-admin",2026-08-31 04:06:19,2026-08-31 17:17:51,85
domain,nylefe.workers.dev,threatfox,php.shin_webshell,"threatfox,Cloudflare,GIF,PHP,webshell,WordPress,workers.dev,wp-admin",2026-08-31 16:06:17,2026-08-31 17:17:51,85
domain,nzasn96104.workers.dev,threatfox,php.shin_webshell,"threatfox,Cloudflare,GIF,PHP,webshell,WordPress,workers.dev,wp-admin",2026-08-31 04:06:19,2026-08-31 17:17:51,85
domain,o5kevt4l0w.workers.dev,threatfox,php.shin_webshell,"threatfox,Cloudflare,GIF,PHP,webshell,WordPress,workers.dev,wp-admin",2026-08-31 16:06:17,2026-08-31 17:17:51,85
domain,p0iqkjuq.usen-glucotrust-bites.com,threatfox,ClearFake,"threatfox,ClearFake,mac-0xdcf2,macos",2026-08-31 04:06:19,2026-08-31 17:17:51,85
domain,pa-upd.mariomilan.com,threatfox,FAKEUPDATES,"threatfox,SocGholish",2026-08-31 16:06:17,2026-08-31 17:17:51,85
domain,pdrlxmneon.workers.dev,threatfox,php.shin_webshell,"threatfox,Cloudflare,GIF,PHP,webshell,WordPress,workers.dev,wp-admin",2026-08-30 16:06:18,2026-08-31 17:17:51,85
domain,photo-hub.info,threatfox,TonRAT,threatfox,2026-08-31 16:06:17,2026-08-31 17:17:51,85
domain,photonet-drive.com,threatfox,TonRAT,threatfox,2026-08-31 16:06:17,2026-08-31 17:17:51,85
domain,pic-vault.info,threatfox,TonRAT,threatfox,2026-08-31 16:06:17,2026-08-31 17:17:51,85
domain,pihiqoku.workers.dev,threatfox,php.shin_webshell,"threatfox,Cloudflare,GIF,PHP,webshell,WordPress,workers.dev,wp-admin",2026-08-31 16:06:17,2026-08-31 17:17:51,85
domain,pikeryri.workers.dev,threatfox,php.shin_webshell,"threatfox,Cloudflare,GIF,PHP,webshell,WordPress,workers.dev,wp-admin",2026-08-31 16:06:17,2026-08-31 17:17:51,85
domain,pilakama.workers.dev,threatfox,php.shin_webshell,"threatfox,Cloudflare,GIF,PHP,webshell,WordPress,workers.dev,wp-admin",2026-08-31 16:06:17,2026-08-31 17:17:51,85
domain,pjp9p9qh.teamgetdsm.com,threatfox,ClearFake,"threatfox,ClearFake,mac-0x76c7,macos",2026-08-31 16:06:17,2026-08-31 17:17:51,85
domain,pkigp79697.workers.dev,threatfox,php.shin_webshell,"threatfox,Cloudflare,GIF,PHP,webshell,WordPress,workers.dev,wp-admin",2026-08-31 04:06:19,2026-08-31 17:17:51,85
domain,pnd.onlineturbo88.top,threatfox,Vidar,"threatfox,Validin,Vidar",2026-08-31 16:06:17,2026-08-31 17:17:51,85
domain,poqakybe.workers.dev,threatfox,php.shin_webshell,"threatfox,Cloudflare,GIF,PHP,webshell,WordPress,workers.dev,wp-admin",2026-08-30 16:06:18,2026-08-31 17:17:51,85
domain,prgfeg84.getdsm.com,threatfox,ClearFake,"threatfox,ClearFake,mac-0x68dc,macos",2026-08-31 16:06:17,2026-08-31 17:17:51,85
domain,prosta-fense.org,threatfox,ClearFake,"threatfox,30August2026,ClearFake,Commandline,MacOS",2026-08-30 16:06:18,2026-08-31 17:17:51,85
domain,pu8gkxg57y.workers.dev,threatfox,php.shin_webshell,"threatfox,Cloudflare,GIF,PHP,webshell,WordPress,workers.dev,wp-admin",2026-08-31 04:06:19,2026-08-31 17:17:51,85
domain,pucotihy.workers.dev,threatfox,php.shin_webshell,"threatfox,Cloudflare,GIF,PHP,webshell,WordPress,workers.dev,wp-admin",2026-08-31 04:06:19,2026-08-31 17:17:51,85
domain,pujavi.workers.dev,threatfox,php.shin_webshell,"threatfox,Cloudflare,GIF,PHP,webshell,WordPress,workers.dev,wp-admin",2026-08-31 16:06:17,2026-08-31 17:17:51,85
domain,pumykuja.workers.dev,threatfox,php.shin_webshell,"threatfox,Cloudflare,GIF,PHP,webshell,WordPress,workers.dev,wp-admin",2026-08-31 16:06:17,2026-08-31 17:17:51,85
domain,purabst.com,threatfox,ClearFake,"threatfox,ClearFake",2026-08-30 16:06:18,2026-08-31 17:17:51,85
domain,pyremy.workers.dev,threatfox,php.shin_webshell,"threatfox,Cloudflare,GIF,PHP,webshell,WordPress,workers.dev,wp-admin",2026-08-31 16:06:17,2026-08-31 17:17:51,85
domain,qa5c8tze.www-glucotrust-bites.com,threatfox,ClearFake,"threatfox,ClearFake,mac-0xdcf2,macos",2026-08-31 04:06:19,2026-08-31 17:17:51,85
domain,qoxyjymy.workers.dev,threatfox,php.shin_webshell,"threatfox,Cloudflare,GIF,PHP,webshell,WordPress,workers.dev,wp-admin",2026-08-31 16:06:17,2026-08-31 17:17:51,85
domain,qumilaga.workers.dev,threatfox,php.shin_webshell,"threatfox,Cloudflare,GIF,PHP,webshell,WordPress,workers.dev,wp-admin",2026-08-31 04:06:19,2026-08-31 17:17:51,85
domain,quvehuzo.workers.dev,threatfox,php.shin_webshell,"threatfox,Cloudflare,GIF,PHP,webshell,WordPress,workers.dev,wp-admin",2026-08-31 16:06:17,2026-08-31 17:17:51,85
domain,quzerydu.workers.dev,threatfox,php.shin_webshell,"threatfox,Cloudflare,GIF,PHP,webshell,WordPress,workers.dev,wp-admin",2026-08-30 16:06:18,2026-08-31 17:17:51,85
domain,qylofihi.workers.dev,threatfox,php.shin_webshell,"threatfox,Cloudflare,GIF,PHP,webshell,WordPress,workers.dev,wp-admin",2026-08-31 16:06:17,2026-08-31 17:17:51,85
domain,r2vpglmz42fs5762tchek55bg4kdg3c6ozipg7wqs2ghzbhsdtwkzmyd.onion,threatfox,Unknown malware,"threatfox,ransomware,settra",2026-08-31 16:06:17,2026-08-31 17:17:51,85
domain,r339jk17.mertre.net,threatfox,ClearFake,"threatfox,ClearFake,mac-0x0f14,macos",2026-08-31 16:06:17,2026-08-31 17:17:51,85
domain,retinaclearofficials.com,threatfox,ClearFake,"threatfox,30August2026,ClearFake,Commandline,MacOS",2026-08-30 16:06:18,2026-08-31 17:17:51,85
domain,retinaclier.com,threatfox,ClearFake,"threatfox,30August2026,ClearFake,Commandline,MacOS",2026-08-31 04:06:19,2026-08-31 17:17:51,85
domain,retinaclr.com,threatfox,ClearFake,"threatfox,30August2026,ClearFake,Commandline,MacOS",2026-08-31 04:06:19,2026-08-31 17:17:51,85
domain,rkhud95517.workers.dev,threatfox,php.shin_webshell,"threatfox,Cloudflare,GIF,PHP,webshell,WordPress,workers.dev,wp-admin",2026-08-31 16:06:17,2026-08-31 17:17:51,85
domain,rlltn52176.workers.dev,threatfox,php.shin_webshell,"threatfox,Cloudflare,GIF,PHP,webshell,WordPress,workers.dev,wp-admin",2026-08-31 16:06:17,2026-08-31 17:17:51,85
domain,rmv.sm188dvlv.icu,threatfox,Vidar,"threatfox,Vidar",2026-08-31 16:06:17,2026-08-31 17:17:51,85
domain,rrr.12naga.org,threatfox,Vidar,"threatfox,Vidar",2026-08-31 16:06:17,2026-08-31 17:17:51,85
domain,rrr.sm188dvlv.lat,threatfox,Vidar,"threatfox,Vidar",2026-08-31 16:06:17,2026-08-31 17:17:51,85
domain,rsc.sm188dvlv.icu,threatfox,Vidar,"threatfox,Vidar",2026-08-31 16:06:17,2026-08-31 17:17:51,85
domain,rtinaclear.com,threatfox,ClearFake,"threatfox,31August2026,ClearFake,Commandline,MacOS",2026-08-31 04:06:19,2026-08-31 17:17:51,85
domain,ryduzoxe.workers.dev,threatfox,php.shin_webshell,"threatfox,Cloudflare,GIF,PHP,webshell,WordPress,workers.dev,wp-admin",2026-08-31 04:06:19,2026-08-31 17:17:51,85
domain,ryqagywe.workers.dev,threatfox,php.shin_webshell,"threatfox,Cloudflare,GIF,PHP,webshell,WordPress,workers.dev,wp-admin",2026-08-30 16:06:18,2026-08-31 17:17:51,85
domain,rz5lecsm2re5ec4im362jnalrypxylxsdobuibuotbovvs4d3ctrcoyd.onion,threatfox,Unknown malware,"threatfox,ransomware,settra",2026-08-31 16:06:17,2026-08-31 17:17:51,85
domain,sahowi.workers.dev,threatfox,php.shin_webshell,"threatfox,Cloudflare,GIF,PHP,webshell,WordPress,workers.dev,wp-admin",2026-08-31 04:06:19,2026-08-31 17:17:51,85
domain,sakurinos.com,threatfox,Unknown Stealer,"threatfox,discord,stealer",2026-08-31 16:06:17,2026-08-31 17:17:51,85
domain,secur3vault.info,threatfox,TonRAT,threatfox,2026-08-31 16:06:17,2026-08-31 17:17:51,85
domain,secure-loadfile28.info,threatfox,TonRAT,threatfox,2026-08-31 16:06:17,2026-08-31 17:17:51,85
domain,sha.sm188dvlv.icu,threatfox,Vidar,"threatfox,Vidar",2026-08-31 16:06:17,2026-08-31 17:17:51,85
domain,shop-alphaboostpro.us,threatfox,ClearFake,"threatfox,ClearFake",2026-08-30 16:06:18,2026-08-31 17:17:51,85
domain,shop-alphastreamplus.us,threatfox,ClearFake,"threatfox,ClearFake",2026-08-30 16:06:18,2026-08-31 17:17:51,85
domain,shop-alphasurge.us,threatfox,ClearFake,"threatfox,ClearFake",2026-08-30 16:06:18,2026-08-31 17:17:51,85
domain,shop-alphatonic.us,threatfox,ClearFake,"threatfox,ClearFake",2026-08-31 04:06:19,2026-08-31 17:17:51,85
domain,shop-aquaburn.com,threatfox,ClearFake,"threatfox,ClearFake",2026-08-31 04:06:19,2026-08-31 17:17:51,85
domain,shop-aquaburn.us,threatfox,ClearFake,"threatfox,ClearFake",2026-08-31 04:06:19,2026-08-31 17:17:51,85
domain,shop-aquapeace.us,threatfox,ClearFake,"threatfox,ClearFake",2026-08-31 04:06:19,2026-08-31 17:17:51,85
domain,shop-bellyflush.com,threatfox,ClearFake,"threatfox,31August2026,ClearFake,Commandline,MacOS",2026-08-31 16:06:17,2026-08-31 17:17:51,85
domain,shop-biobooster.com,threatfox,ClearFake,"threatfox,31August2026,ClearFake,Commandline,MacOS",2026-08-31 16:06:17,2026-08-31 17:17:51,85
domain,shop-cardioslim.com,threatfox,ClearFake,"threatfox,31August2026,ClearFake,Commandline,MacOS",2026-08-31 16:06:17,2026-08-31 17:17:51,85
domain,shop-dentalprime.com,threatfox,ClearFake,"threatfox,31August2026,ClearFake,Commandline,MacOS",2026-08-31 16:06:17,2026-08-31 17:17:51,85
domain,shop-dentavive.com,threatfox,ClearFake,"threatfox,31August2026,ClearFake,Commandline,MacOS",2026-08-31 16:06:17,2026-08-31 17:17:51,85
domain,sitykyly.workers.dev,threatfox,php.shin_webshell,"threatfox,Cloudflare,GIF,PHP,webshell,WordPress,workers.dev,wp-admin",2026-08-30 16:06:18,2026-08-31 17:17:51,85
domain,softcrate.cfd,threatfox,Unknown Loader,"threatfox,OffLoader",2026-08-31 16:06:17,2026-08-31 17:17:51,85
domain,supexire.workers.dev,threatfox,php.shin_webshell,"threatfox,Cloudflare,GIF,PHP,webshell,WordPress,workers.dev,wp-admin",2026-08-31 16:06:17,2026-08-31 17:17:51,85
domain,swewart.sbs,threatfox,KongTuke,"threatfox,KongTuke",2026-08-31 16:06:17,2026-08-31 17:17:51,85
domain,sysyki.workers.dev,threatfox,php.shin_webshell,"threatfox,Cloudflare,GIF,PHP,webshell,WordPress,workers.dev,wp-admin",2026-08-31 04:06:19,2026-08-31 17:17:51,85
domain,tak.sm188dvlv.icu,threatfox,Vidar,"threatfox,Vidar",2026-08-31 16:06:17,2026-08-31 17:17:51,85
domain,toqima.workers.dev,threatfox,php.shin_webshell,"threatfox,Cloudflare,GIF,PHP,webshell,WordPress,workers.dev,wp-admin",2026-08-31 04:06:19,2026-08-31 17:17:51,85
domain,toruseli.workers.dev,threatfox,php.shin_webshell,"threatfox,Cloudflare,GIF,PHP,webshell,WordPress,workers.dev,wp-admin",2026-08-30 16:06:18,2026-08-31 17:17:51,85
domain,tra.12naga.org,threatfox,Vidar,"threatfox,Vidar",2026-08-31 16:06:17,2026-08-31 17:17:51,85
domain,tra.sm188dvlv.lat,threatfox,Vidar,"threatfox,Vidar",2026-08-31 16:06:17,2026-08-31 17:17:51,85
domain,tv7dug0hg6.workers.dev,threatfox,php.shin_webshell,"threatfox,Cloudflare,GIF,PHP,webshell,WordPress,workers.dev,wp-admin",2026-08-31 04:06:19,2026-08-31 17:17:51,85
domain,uey2bqd5os.workers.dev,threatfox,php.shin_webshell,"threatfox,Cloudflare,GIF,PHP,webshell,WordPress,workers.dev,wp-admin",2026-08-31 04:06:19,2026-08-31 17:17:51,85
domain,ultralightlondon.uk,threatfox,ClearFake,"threatfox,30August2026,ClearFake,Commandline,MacOS",2026-08-30 16:06:18,2026-08-31 17:17:51,85
domain,usen-glucotrust-bites.com,threatfox,ClearFake,"threatfox,30August2026,ClearFake,Commandline,MacOS",2026-08-31 04:06:19,2026-08-31 17:17:51,85
domain,uza.sm188dvlv.icu,threatfox,Vidar,"threatfox,Vidar",2026-08-31 16:06:17,2026-08-31 17:17:51,85
domain,varygo.workers.dev,threatfox,php.shin_webshell,"threatfox,Cloudflare,GIF,PHP,webshell,WordPress,workers.dev,wp-admin",2026-08-31 04:06:19,2026-08-31 17:17:51,85
domain,vault-image.info,threatfox,TonRAT,threatfox,2026-08-31 16:06:17,2026-08-31 17:17:51,85
domain,vcd.sm188dvlv.icu,threatfox,Vidar,"threatfox,Vidar",2026-08-31 16:06:17,2026-08-31 17:17:51,85
domain,vewiqy.workers.dev,threatfox,php.shin_webshell,"threatfox,Cloudflare,GIF,PHP,webshell,WordPress,workers.dev,wp-admin",2026-08-31 04:06:19,2026-08-31 17:17:51,85
domain,vi28v3xsvo.workers.dev,threatfox,php.shin_webshell,"threatfox,Cloudflare,GIF,PHP,webshell,WordPress,workers.dev,wp-admin",2026-08-31 04:06:19,2026-08-31 17:17:51,85
domain,vucaw13958.workers.dev,threatfox,php.shin_webshell,"threatfox,Cloudflare,GIF,PHP,webshell,WordPress,workers.dev,wp-admin",2026-08-31 04:06:19,2026-08-31 17:17:51,85
domain,vyivy22522.workers.dev,threatfox,php.shin_webshell,"threatfox,Cloudflare,GIF,PHP,webshell,WordPress,workers.dev,wp-admin",2026-08-31 16:06:17,2026-08-31 17:17:51,85
domain,vyw0demm.gluccotrust--bites.com,threatfox,ClearFake,"threatfox,ClearFake,mac-0x68dc,macos",2026-08-31 16:06:17,2026-08-31 17:17:51,85
domain,wazabe.workers.dev,threatfox,php.shin_webshell,"threatfox,Cloudflare,GIF,PHP,webshell,WordPress,workers.dev,wp-admin",2026-08-30 16:06:18,2026-08-31 17:17:51,85
domain,wdccb3xe.home-power-shield.com,threatfox,ClearFake,"threatfox,ClearFake,mac-0x0f14,macos",2026-08-31 16:06:17,2026-08-31 17:17:51,85
domain,wequgucu.workers.dev,threatfox,php.shin_webshell,"threatfox,Cloudflare,GIF,PHP,webshell,WordPress,workers.dev,wp-admin",2026-08-31 04:06:19,2026-08-31 17:17:51,85
domain,wo2n2gl5.shop-biobooster.com,threatfox,ClearFake,"threatfox,ClearFake,mac-0xdcf2,macos",2026-08-31 16:06:17,2026-08-31 17:17:51,85
domain,woodfield.global,threatfox,ClearFake,"threatfox,compromised,EtherHide",2026-08-30 16:06:18,2026-08-31 17:17:51,85
domain,wuhola.workers.dev,threatfox,php.shin_webshell,"threatfox,Cloudflare,GIF,PHP,webshell,WordPress,workers.dev,wp-admin",2026-08-31 04:06:19,2026-08-31 17:17:51,85
domain,www.forumeciv-afriquecentrale.com,threatfox,ClearFake,"threatfox,compromised,EtherHide",2026-08-31 04:06:19,2026-08-31 17:17:51,85
domain,www.groupe-elemen.com,threatfox,ClearFake,"threatfox,compromised,EtherHide",2026-08-31 16:06:17,2026-08-31 17:17:51,85
domain,www.maxmetalpackage.com,threatfox,ClearFake,"threatfox,compromised,EtherHide",2026-08-31 04:06:19,2026-08-31 17:17:51,85
domain,x0x.sm188dvlv.icu,threatfox,Vidar,"threatfox,Vidar",2026-08-31 16:06:17,2026-08-31 17:17:51,85
domain,xeryxo.workers.dev,threatfox,php.shin_webshell,"threatfox,Cloudflare,GIF,PHP,webshell,WordPress,workers.dev,wp-admin",2026-08-31 04:06:19,2026-08-31 17:17:51,85
domain,xesevy.workers.dev,threatfox,php.shin_webshell,"threatfox,Cloudflare,GIF,PHP,webshell,WordPress,workers.dev,wp-admin",2026-08-31 16:06:17,2026-08-31 17:17:51,85
domain,xiviju.workers.dev,threatfox,php.shin_webshell,"threatfox,Cloudflare,GIF,PHP,webshell,WordPress,workers.dev,wp-admin",2026-08-31 16:06:17,2026-08-31 17:17:51,85
domain,xnjbjf7o.shop-aquapeace.us,threatfox,ClearFake,"threatfox,ClearFake,mac-0x68dc,macos",2026-08-31 04:06:19,2026-08-31 17:17:51,85
domain,xocosyke.workers.dev,threatfox,php.shin_webshell,"threatfox,Cloudflare,GIF,PHP,webshell,WordPress,workers.dev,wp-admin",2026-08-31 04:06:19,2026-08-31 17:17:51,85
domain,xuliluma.workers.dev,threatfox,php.shin_webshell,"threatfox,Cloudflare,GIF,PHP,webshell,WordPress,workers.dev,wp-admin",2026-08-31 16:06:17,2026-08-31 17:17:51,85
domain,y1w1e9yu.shop-dentavive.com,threatfox,ClearFake,"threatfox,ClearFake,mac-0x68dc,macos",2026-08-31 16:06:17,2026-08-31 17:17:51,85
domain,ycphj84084.workers.dev,threatfox,php.shin_webshell,"threatfox,Cloudflare,GIF,PHP,webshell,WordPress,workers.dev,wp-admin",2026-08-31 16:06:17,2026-08-31 17:17:51,85
domain,yhztr74434.workers.dev,threatfox,php.shin_webshell,"threatfox,Cloudflare,GIF,PHP,webshell,WordPress,workers.dev,wp-admin",2026-08-31 16:06:17,2026-08-31 17:17:51,85
domain,yvjqs79906.workers.dev,threatfox,php.shin_webshell,"threatfox,Cloudflare,GIF,PHP,webshell,WordPress,workers.dev,wp-admin",2026-08-30 16:06:18,2026-08-31 17:17:51,85
domain,yzcza03457.workers.dev,threatfox,php.shin_webshell,"threatfox,Cloudflare,GIF,PHP,webshell,WordPress,workers.dev,wp-admin",2026-08-30 16:06:18,2026-08-31 17:17:51,85
domain,zalyxi.workers.dev,threatfox,php.shin_webshell,"threatfox,Cloudflare,GIF,PHP,webshell,WordPress,workers.dev,wp-admin",2026-08-31 04:06:19,2026-08-31 17:17:51,85
domain,zavemo.workers.dev,threatfox,php.shin_webshell,"threatfox,Cloudflare,GIF,PHP,webshell,WordPress,workers.dev,wp-admin",2026-08-31 04:06:19,2026-08-31 17:17:51,85
domain,zca.12naga.org,threatfox,Vidar,"threatfox,Vidar",2026-08-31 16:06:17,2026-08-31 17:17:51,85
domain,zca.sm188dvlv.lat,threatfox,Vidar,"threatfox,Vidar",2026-08-31 16:06:17,2026-08-31 17:17:51,85
domain,zedypyqi.workers.dev,threatfox,php.shin_webshell,"threatfox,Cloudflare,GIF,PHP,webshell,WordPress,workers.dev,wp-admin",2026-08-31 16:06:17,2026-08-31 17:17:51,85
domain,zoxycada.workers.dev,threatfox,php.shin_webshell,"threatfox,Cloudflare,GIF,PHP,webshell,WordPress,workers.dev,wp-admin",2026-08-31 04:06:19,2026-08-31 17:17:51,85
domain,zqjoz45628.workers.dev,threatfox,php.shin_webshell,"threatfox,Cloudflare,GIF,PHP,webshell,WordPress,workers.dev,wp-admin",2026-08-31 04:06:19,2026-08-31 17:17:51,85
domain,zyo61rgc.shop-alphasurge.us,threatfox,ClearFake,"threatfox,ClearFake,mac-0x68dc,macos",2026-08-30 16:06:18,2026-08-31 17:17:51,85
hash_md5,021782ae7aa444d7906d090fd6f3c590,malwarebazaar,AgentTesla,js,2026-08-31 16:00:18,2026-08-31 17:17:51,85
hash_md5,0239cccb978be7264e1f264242bb4686,malwarebazaar,RemcosRAT,"exe,RAT,RemcosRAT",2026-08-31 16:00:18,2026-08-31 17:17:51,85
hash_md5,02b6374ff05ea4a0aa79f197f01e710f,malwarebazaar,MassLogger,"js,MassLogger",2026-08-31 16:00:18,2026-08-31 17:17:51,85
hash_md5,037e719bb8524ecfc0221e09f36686e1,malwarebazaar,AgentTesla,js,2026-08-31 16:00:18,2026-08-31 17:17:51,85
hash_md5,04cc3944c876e81821f84568ad2e6e47,malwarebazaar,unknown,unknown,2026-08-31 16:00:18,2026-08-31 17:17:51,85
hash_md5,07f50d7334f97c8322d3b1a457b3347c,malwarebazaar,DarkTortilla,"DarkTortilla,exe",2026-08-31 16:00:18,2026-08-31 17:17:51,85
hash_md5,0b5b23927f160dfa5c133068cbb62daa,malwarebazaar,AokigaharaStealer,"AokigaharaStealer,exe,signed",2026-08-31 16:00:18,2026-08-31 17:17:51,85
hash_md5,0e3141d422bf4766bd3ca679b59e2fb5,malwarebazaar,exe,"C,dropped-by-GCleaner,exe,MIX6.file",2026-08-31 16:00:18,2026-08-31 17:17:51,85
hash_md5,0f688fe8b4395e3151666362d2933c00,malwarebazaar,RemusStealer,"exe,RemusStealer,signed",2026-08-31 16:00:18,2026-08-31 17:17:51,85
hash_md5,0fae61afbe1cf4164c32eb6df59ed64d,malwarebazaar,Formbook,"exe,Formbook",2026-08-31 16:00:18,2026-08-31 17:17:51,85
hash_md5,107b8ffa15fb8eb3bdb6ea5da160357b,malwarebazaar,VIPKeylogger,"geo,TUR,vbe,VIPKeylogger",2026-08-31 16:00:18,2026-08-31 17:17:51,85
hash_md5,10e8890f6ef4e8d2e89f6aeae525f243,malwarebazaar,RemcosRAT,"js,RemcosRAT",2026-08-31 16:00:18,2026-08-31 17:17:51,85
hash_md5,120b22b6ebd202b38360cf46fe163a98,malwarebazaar,RemusStealer,"exe,RemusStealer",2026-08-31 16:00:18,2026-08-31 17:17:51,85
hash_md5,15e0ce7b0403c42fa224bb40ef10dcfe,malwarebazaar,Vidar,"exe,signed,Vidar",2026-08-31 16:00:18,2026-08-31 17:17:51,85
hash_md5,15e160cbaa4d5fdfe64db71dd55c4436,malwarebazaar,DonutLoader,"DonutLoader,js",2026-08-31 16:00:18,2026-08-31 17:17:51,85
hash_md5,16517ce768add144a6d66d37686e2357,malwarebazaar,Vidar,"exe,signed,Vidar",2026-08-31 16:00:18,2026-08-31 17:17:51,85
hash_md5,1698e8292cb3c5d1bd850ff9731af784,malwarebazaar,PureLogsStealer,js,2026-08-31 16:00:18,2026-08-31 17:17:51,85
hash_md5,177db00fe3ddc61d36c3a953037f19d7,malwarebazaar,exe,"A,dropped-by-GCleaner,exe,MIX5.file",2026-08-31 16:00:18,2026-08-31 17:17:51,85
hash_md5,1fa3bdc81d4f4787ab95eb57ea88e9e8,malwarebazaar,RemusStealer,"A,dropped-by-GCleaner,exe,MIX7.file,RemusStealer",2026-08-31 16:00:18,2026-08-31 17:17:51,85
hash_md5,202f0dd9a116ca33d6d3ad09f2ea8d42,malwarebazaar,sh,sh,2026-08-31 16:00:18,2026-08-31 17:17:51,85
hash_md5,21edcec490f34933439ed3672d921aef,malwarebazaar,PureLogsStealer,js,2026-08-31 16:00:18,2026-08-31 17:17:51,85
hash_md5,2295518c0afd7fcf62c9bfe07b45afa1,malwarebazaar,RemcosRAT,"exe,js,RemcosRAT",2026-08-31 16:00:18,2026-08-31 17:17:51,85
hash_md5,2349f91c150b1597e8d0c607f0af2e8b,malwarebazaar,RemcosRAT,"exe,RAT,RemcosRAT",2026-08-31 16:00:18,2026-08-31 17:17:51,85
hash_md5,290d8a8176560f4ae4cf944c0794e745,malwarebazaar,Mirai,"elf,Mirai",2026-08-31 16:00:18,2026-08-31 17:17:51,85
hash_md5,2bd144549dc30a9d2769d07737298eb9,malwarebazaar,Vidar,"exe,signed,Vidar",2026-08-31 16:00:18,2026-08-31 17:17:51,85
hash_md5,2d7d23d43d0511091d52c875a1483bf5,malwarebazaar,Mirai,"elf,Mirai",2026-08-31 16:00:18,2026-08-31 17:17:51,85
hash_md5,2ec241411dd2a031e2d83452b8168f98,malwarebazaar,AokigaharaStealer,"AokigaharaStealer,exe,signed",2026-08-31 16:00:18,2026-08-31 17:17:51,85
hash_md5,31ceec79294e5142d6e1ab2f60de040c,malwarebazaar,AgentTesla,js,2026-08-31 16:00:18,2026-08-31 17:17:51,85
hash_md5,33968a4995ae5a1915673235f346970b,malwarebazaar,XWorm,"js,XWorm",2026-08-31 16:00:18,2026-08-31 17:17:51,85
hash_md5,351772e5efc4849aaec1dc4f516c6757,malwarebazaar,AgentTesla,"AgentTesla,js",2026-08-31 16:00:18,2026-08-31 17:17:51,85
hash_md5,3973338d5358ebde52d97115a7291813,malwarebazaar,js,"exe,js",2026-08-31 16:00:18,2026-08-31 17:17:51,85
hash_md5,3bbc7bce20e76104989b00c49bfc86e3,malwarebazaar,RemcosRAT,"RemcosRAT,vbs",2026-08-31 16:00:18,2026-08-31 17:17:51,85
hash_md5,3ef63b56a9bd5212db71b433c6ff3fcb,malwarebazaar,AokigaharaStealer,"AokigaharaStealer,exe,signed",2026-08-31 16:00:18,2026-08-31 17:17:51,85
hash_md5,47af391ad3ab999038220dd1e69da1db,malwarebazaar,elf,elf,2026-08-31 16:00:18,2026-08-31 17:17:51,85
hash_md5,484767f4c9df813ad43279e435489cba,malwarebazaar,RemcosRAT,"exe,RAT,RemcosRAT",2026-08-31 16:00:18,2026-08-31 17:17:51,85
hash_md5,48b0f7787c7a3b4b9485f4c99fd8d787,malwarebazaar,Mirai,"elf,Mirai",2026-08-31 16:00:18,2026-08-31 17:17:51,85
hash_md5,4bd8bf41062704130b1e082875a019bd,malwarebazaar,js,js,2026-08-31 16:00:18,2026-08-31 17:17:51,85
hash_md5,4d2e4a88eba99d04375a39fa8f6a37e4,malwarebazaar,exe,"54e64e,dropped-by-Amadey,exe,signed",2026-08-31 16:00:18,2026-08-31 17:17:51,85
hash_md5,4dc4776b87d56c0e27f18cadb1429adb,malwarebazaar,Mirai,"elf,Mirai",2026-08-31 16:00:18,2026-08-31 17:17:51,85
hash_md5,4eea8beb0b08d966311d89e9649155ef,malwarebazaar,sh,"enthec,sh",2026-08-31 16:00:18,2026-08-31 17:17:51,85
hash_md5,4f5cd142f7bea219a7a79aa55a34f2d2,malwarebazaar,img,img,2026-08-31 16:00:18,2026-08-31 17:17:51,85
hash_md5,50c3b85d00ac49b1666a78cf88415f7d,malwarebazaar,WannaCry,"dionaea,exe,WannaCry",2026-08-31 16:00:18,2026-08-31 17:17:51,85
hash_md5,5261f38423522eb5fbb7af5825232537,malwarebazaar,DarkTortilla,"DarkTortilla,exe",2026-08-31 16:00:18,2026-08-31 17:17:51,85
hash_md5,549c39b13ee69116fbbfb30cdcaa7b3c,malwarebazaar,RemcosRAT,"js,RAT,RemcosRAT",2026-08-31 16:00:18,2026-08-31 17:17:51,85
hash_md5,570bf92813db14dfe4e79adc20f4308d,malwarebazaar,Formbook,"Formbook,js",2026-08-31 16:00:18,2026-08-31 17:17:51,85
hash_md5,58d7b55a76d4e5b377d993365a04859b,malwarebazaar,js,js,2026-08-31 16:00:18,2026-08-31 17:17:51,85
hash_md5,5b06bcbc0f81170cafdebd11877bbb39,malwarebazaar,AgentTesla,"AgentTesla,exe,signed",2026-08-31 16:00:18,2026-08-31 17:17:51,85
hash_md5,5b6cced124f8e3fe9afcdd0915a9a2fa,malwarebazaar,Formbook,js,2026-08-31 16:00:18,2026-08-31 17:17:51,85
hash_md5,5c8ba168f3e18a809d77e9bdd32ac426,malwarebazaar,AgentTesla,js,2026-08-31 16:00:18,2026-08-31 17:17:51,85
hash_md5,5c9386b66b4a6c8e839693aafd77b62f,malwarebazaar,AgentTesla,"AgentTesla,js",2026-08-31 16:00:18,2026-08-31 17:17:51,85
hash_md5,5cf4fd73b5747be8772a9725ffc5d169,malwarebazaar,AgentTesla,js,2026-08-31 16:00:18,2026-08-31 17:17:51,85
hash_md5,5f89eeff2a333609ab0ea41cd2bc64e5,malwarebazaar,exe,exe,2026-08-31 16:00:18,2026-08-31 17:17:51,85
hash_md5,6a265bd0a3b053c31372d9ed91083f0d,malwarebazaar,sh,sh,2026-08-31 16:00:18,2026-08-31 17:17:51,85
hash_md5,6ccba55a4c54b3d24598b754cdbcf50d,malwarebazaar,Vidar,"exe,Vidar",2026-08-31 16:00:18,2026-08-31 17:17:51,85
hash_md5,6e0115f64b6d5f68fcde638f15b88bd9,malwarebazaar,sh,sh,2026-08-31 16:00:18,2026-08-31 17:17:51,85
hash_md5,72930a97f99057df24f214793a4bd9f5,malwarebazaar,sh,"enthec,sh",2026-08-31 16:00:18,2026-08-31 17:17:51,85
hash_md5,72eb577de657c96d88387095ab0c40cc,malwarebazaar,RemcosRAT,js,2026-08-31 16:00:18,2026-08-31 17:17:51,85
hash_md5,73d42632b2bcf7ff6dcf340313b72766,malwarebazaar,WannaCry,"dionaea,exe,WannaCry",2026-08-31 16:00:18,2026-08-31 17:17:51,85
hash_md5,75c33cbe7234cdb7aa5c2666a3dde96c,malwarebazaar,Mirai,"elf,Mirai",2026-08-31 16:00:18,2026-08-31 17:17:51,85
hash_md5,765ee47a97e0c117892e460fb4151e54,malwarebazaar,Formbook,"Formbook,js",2026-08-31 16:00:18,2026-08-31 17:17:51,85
hash_md5,77a6615c910d2900ba5a33b185abf381,malwarebazaar,exe,"C,dropped-by-GCleaner,exe,MIX2.file",2026-08-31 16:00:18,2026-08-31 17:17:51,85
hash_md5,7958fc5ea0cd9ddc1a077523cd2ee46c,malwarebazaar,Vidar,"exe,signed,Vidar",2026-08-31 16:00:18,2026-08-31 17:17:51,85
hash_md5,7a4c389ff07e12379f0472b0b532ee50,malwarebazaar,exe,exe,2026-08-31 16:00:18,2026-08-31 17:17:51,85
hash_md5,7a9acdba2ce5fee8abab8ac34dafea56,malwarebazaar,Formbook,"Formbook,geo,js,TUR",2026-08-31 16:00:18,2026-08-31 17:17:51,85
hash_md5,7b1f98ecbefac61176e1baedf09a51df,malwarebazaar,sh,sh,2026-08-31 16:00:18,2026-08-31 17:17:51,85
hash_md5,7c813c64c94a84e7477350373fdec225,malwarebazaar,GuLoader,"GuLoader,js",2026-08-31 16:00:18,2026-08-31 17:17:51,85
hash_md5,7d774bea4c6f91605dfdc53d5799fd47,malwarebazaar,ValleyRAT,"exe,SilverFox,Trojan/SilverFox.bm[lddel],ValleyRAT",2026-08-31 16:00:18,2026-08-31 17:17:51,85
hash_md5,7e57249327fb9eeed1cdf726478cec6c,malwarebazaar,exe,"exe,whack.sh",2026-08-31 16:00:18,2026-08-31 17:17:51,85
hash_md5,7f09e7a28cc83053f7770fe0d8c9e950,malwarebazaar,AsyncRAT,"AsyncRAT,js",2026-08-31 16:00:18,2026-08-31 17:17:51,85
hash_md5,805c932c27edd7b4c867ff7a126a521f,malwarebazaar,PureLogsStealer,"exe,PureLogsStealer",2026-08-31 16:00:18,2026-08-31 17:17:51,85
hash_md5,83d7c1b8d8f1e442f83af7f5374e474f,malwarebazaar,Vidar,"exe,signed,Vidar",2026-08-31 16:00:18,2026-08-31 17:17:51,85
hash_md5,8c9a789c3563baf39c0f426f0f679e29,malwarebazaar,ValleyRAT,"exe,RAT,RdViewer,SilverFox,ValleyRAT",2026-08-31 16:00:18,2026-08-31 17:17:51,85
hash_md5,919dd73ade99ddda4f7833ea0c297fd7,malwarebazaar,WannaCry,"dionaea,exe,WannaCry",2026-08-31 16:00:18,2026-08-31 17:17:51,85
hash_md5,92a717422d5ca54cc3b755bc92a07028,malwarebazaar,unknown,unknown,2026-08-31 16:00:18,2026-08-31 17:17:51,85
hash_md5,9395fef4710412ec53c5d1798d4d4943,malwarebazaar,LxBaseRAT,js,2026-08-31 16:00:18,2026-08-31 17:17:51,85
hash_md5,93a58fc2b35112cb6aa64e76d31e7aa1,malwarebazaar,XWorm,js,2026-08-31 16:00:18,2026-08-31 17:17:51,85
hash_md5,94609d4bf0156e575b99236f21d23ade,malwarebazaar,AgentTesla,js,2026-08-31 16:00:18,2026-08-31 17:17:51,85
hash_md5,95827a7e253c6aca836992a9c0d36af4,malwarebazaar,js,js,2026-08-31 16:00:18,2026-08-31 17:17:51,85
hash_md5,972c0cfc7b4b91eb0067d25e9d69355f,malwarebazaar,AsyncRAT,"AsyncRAT,exe",2026-08-31 16:00:18,2026-08-31 17:17:51,85
hash_md5,99c3099330d60693caa8c2bdc0765e22,malwarebazaar,sh,sh,2026-08-31 16:00:18,2026-08-31 17:17:51,85
hash_md5,a1bbecfee07681ccb1b0f0b5927596ec,malwarebazaar,Mirai,"elf,Mirai",2026-08-31 16:00:18,2026-08-31 17:17:51,85
hash_md5,a2a67424a81795b6d09d8c62953a29a6,malwarebazaar,sh,sh,2026-08-31 16:00:18,2026-08-31 17:17:51,85
hash_md5,a95b4b4bee52d566fe97f57129b4d95a,malwarebazaar,Vidar,"exe,signed,Vidar",2026-08-31 16:00:18,2026-08-31 17:17:51,85
hash_md5,a9e6bba86b44769a2f9c4e7efba90fde,malwarebazaar,sh,sh,2026-08-31 16:00:18,2026-08-31 17:17:51,85
hash_md5,ab854de5b82aea4b28e1c43b42f082f1,malwarebazaar,Vidar,"exe,Vidar",2026-08-31 16:00:18,2026-08-31 17:17:51,85
hash_md5,abb9e192b7a02ed794f57b32bd524375,malwarebazaar,Formbook,"Formbook,geo,js,TUR,ZiraatBank",2026-08-31 16:00:18,2026-08-31 17:17:51,85
hash_md5,b2bc52ff3370c140365641f507cdf5ff,malwarebazaar,Mirai,"elf,Mirai",2026-08-31 16:00:18,2026-08-31 17:17:51,85
hash_md5,b3f8780613de3500e75bc09ce3668a64,malwarebazaar,Vidar,"exe,signed,Vidar",2026-08-31 16:00:18,2026-08-31 17:17:51,85
hash_md5,b909a29964c676677a0087197172b534,malwarebazaar,unknown,unknown,2026-08-31 16:00:18,2026-08-31 17:17:51,85
hash_md5,bb14808e950b49602e5f4e6737c259d4,malwarebazaar,Vidar,"exe,signed,Vidar",2026-08-31 16:00:18,2026-08-31 17:17:51,85
hash_md5,bb43f45d3d02ce5f8a03773def58b123,malwarebazaar,Stealc,"dropped-by-StealC,exe,signed,Stealc,trickbox_v1_proxy",2026-08-31 16:00:18,2026-08-31 17:17:51,85
hash_md5,bca163a83d0f9ed1c193a279902bbc5d,malwarebazaar,PureLogsStealer,"exe,PureLogsStealer,whack.sh,zip",2026-08-31 16:00:18,2026-08-31 17:17:51,85
hash_md5,bccdf26872fdb2bde124413331c7e13b,malwarebazaar,WannaCry,"dionaea,exe,WannaCry",2026-08-31 16:00:18,2026-08-31 17:17:51,85
hash_md5,be96efa7aeaddc0d0a9445dabe62ca8e,malwarebazaar,AsyncRAT,"AsyncRAT,RAT,vbe",2026-08-31 16:00:18,2026-08-31 17:17:51,85
hash_md5,c1c1851ec15cfba0cb9ebfb209b32433,malwarebazaar,Mirai,"elf,Mirai",2026-08-31 16:00:18,2026-08-31 17:17:51,85
hash_md5,c329b94f8ebc10dafc5840bde2998118,malwarebazaar,img,img,2026-08-31 16:00:18,2026-08-31 17:17:51,85
hash_md5,c49ad222422b4a11f08cac4ff45988fa,malwarebazaar,AgentTesla,"AgentTesla,js",2026-08-31 16:00:18,2026-08-31 17:17:51,85
hash_md5,c6749df2703ba36529079cc72880a533,malwarebazaar,Mirai,"elf,Mirai",2026-08-31 16:00:18,2026-08-31 17:17:51,85
hash_md5,cd966860bfaffbe626829119a017ed50,malwarebazaar,Formbook,"Formbook,vbs",2026-08-31 16:00:18,2026-08-31 17:17:51,85
hash_md5,ce9f9959ac0b7be8c9a218e306004fed,malwarebazaar,XWorm,js,2026-08-31 16:00:18,2026-08-31 17:17:51,85
hash_md5,d0d5194a285ff644ad47a61472d924f6,malwarebazaar,sh,sh,2026-08-31 16:00:18,2026-08-31 17:17:51,85
hash_md5,d442922f679d5bcaca26e6e49ab3af00,malwarebazaar,MassLogger,js,2026-08-31 16:00:18,2026-08-31 17:17:51,85
hash_md5,d904f25e7311b0790e7bd4cdfdc94a8b,malwarebazaar,unknown,unknown,2026-08-31 16:00:18,2026-08-31 17:17:51,85
hash_md5,de12098f6ce14d0863240eaf1c4530ad,malwarebazaar,AgentTesla,js,2026-08-31 16:00:18,2026-08-31 17:17:51,85
hash_md5,e92be525f797293dd00a89de111e107d,malwarebazaar,jar,"IRAHook,jar,RAT,Stealer",2026-08-31 16:00:18,2026-08-31 17:17:51,85
hash_md5,efc475db0b8547b7ea60fed0e06d7f25,malwarebazaar,elf,elf,2026-08-31 16:00:18,2026-08-31 17:17:51,85
hash_md5,f219b4f42751137d5fffb04133886be4,malwarebazaar,AsyncRAT,"AsyncRAT,js,RAT",2026-08-31 16:00:18,2026-08-31 17:17:51,85
hash_md5,f22701e4364de3bd2c14b543f4326953,malwarebazaar,AgentTesla,"AgentTesla,vbs",2026-08-31 16:00:18,2026-08-31 17:17:51,85
hash_md5,f40ea48f4167d0170dcbb9ed551746c8,malwarebazaar,sh,sh,2026-08-31 16:00:18,2026-08-31 17:17:51,85
hash_md5,f4a5495a47897a4cf0e1d59f0a1bdb2f,malwarebazaar,vbs,vbs,2026-08-31 16:00:18,2026-08-31 17:17:51,85
hash_md5,f70932c5f8c1a7b5249dc8941703940e,malwarebazaar,AsyncRAT,"AsyncRAT,exe,whack.sh",2026-08-31 16:00:18,2026-08-31 17:17:51,85
hash_md5,f8a1fb2bc898de33f8d85d82a1706b20,malwarebazaar,Mirai,"elf,Mirai",2026-08-31 16:00:18,2026-08-31 17:17:51,85
hash_md5,f8a92ed255df0dbb62c2dd4fdb25fd74,malwarebazaar,exe,exe,2026-08-31 16:00:18,2026-08-31 17:17:51,85
hash_md5,f8eba621632c582c6cf585a75e30491b,malwarebazaar,vbs,vbs,2026-08-31 16:00:18,2026-08-31 17:17:51,85
hash_md5,f905c188a42e4b5dfd07e6ade9108be0,malwarebazaar,Formbook,"Formbook,js",2026-08-31 16:00:18,2026-08-31 17:17:51,85
hash_md5,fdb3208104ab11058c1793ebe8a48226,malwarebazaar,Formbook,js,2026-08-31 16:00:18,2026-08-31 17:17:51,85
hash_md5,fe257e0e12c56ba35b1af2e74a916382,malwarebazaar,Vidar,"exe,Vidar",2026-08-31 16:00:18,2026-08-31 17:17:51,85
hash_md5,fe429815cbee1fb78ff33d8d6d1d967c,malwarebazaar,AgentTesla,"AgentTesla,vbs",2026-08-31 16:00:18,2026-08-31 17:17:51,85
hash_sha256,029330cc5fcc1564bf80605028ac25b289f3883b860fd95311b125471e62d688,malwarebazaar,Vidar,"exe,signed,Vidar",2026-08-31 16:00:18,2026-08-31 17:17:51,85
hash_sha256,05bd87ad5be43238e38ead40faeb7d59a2d53482396bd8e17b2eca1b88b0fafe,malwarebazaar,Mirai,"elf,Mirai",2026-08-31 16:00:18,2026-08-31 17:17:51,85
hash_sha256,076b561bddf88c1482feefb2cbbc11a82b7829528988fd246a6e4a245eb48e73,malwarebazaar,exe,exe,2026-08-31 16:00:18,2026-08-31 17:17:51,85
hash_sha256,0aa4a8ee753610166b9a685b913d58e15ace51d36cbf75eac5ba0d0f941342df,malwarebazaar,img,img,2026-08-31 16:00:18,2026-08-31 17:17:51,85
hash_sha256,0c058175763c510a7633f735ad949472562c790603886e8152557f9a6bd3a63d,malwarebazaar,sh,"enthec,sh",2026-08-31 16:00:18,2026-08-31 17:17:51,85
hash_sha256,0c367854534febbb6b5b3b6623d50889bdf13fa43cd15ee1db3a713187859cd6,malwarebazaar,XWorm,js,2026-08-31 16:00:18,2026-08-31 17:17:51,85
hash_sha256,0c85d8f6543e9c89ee5d922a18f946c56a24925d1621fd09363d7460c92ed034,malwarebazaar,Formbook,js,2026-08-31 16:00:18,2026-08-31 17:17:51,85
hash_sha256,0ca617bad5b12677bce2c7bdd1206f808d74a77f555e2e60e40f90952e417c12,malwarebazaar,Vidar,"exe,Vidar",2026-08-31 16:00:18,2026-08-31 17:17:51,85
hash_sha256,0f75654bbb5ca6db0838e960a1e0cc94db8f4e205bc0c634a6d7c3f09547c156,malwarebazaar,Vidar,"exe,signed,Vidar",2026-08-31 16:00:18,2026-08-31 17:17:51,85
hash_sha256,1752a571c1db707f1b99060bc1abb1473cfee4c083e11fbc9f55b166affc0866,malwarebazaar,elf,elf,2026-08-31 16:00:18,2026-08-31 17:17:51,85
hash_sha256,178cb931cc846c4ac7bbf2370259e8b9f7d8a45459974115818b5c1e608533c4,malwarebazaar,Vidar,"exe,signed,Vidar",2026-08-31 16:00:18,2026-08-31 17:17:51,85
hash_sha256,199475a4d7f6af24f2ea00221ba1decfcad4ef79c6cff42b9dbed9b90525f47d,malwarebazaar,Mirai,"elf,Mirai",2026-08-31 16:00:18,2026-08-31 17:17:51,85
hash_sha256,19a6e12ceab0ba0876c12b273d743407a04ca864671978bd0e21db44b8c6e0f7,malwarebazaar,PureLogsStealer,"exe,PureLogsStealer",2026-08-31 16:00:18,2026-08-31 17:17:51,85
hash_sha256,1c03536c16062fea96eb021569fe7755cb24415937f0f44f05b4abdc7b53abd9,malwarebazaar,AgentTesla,"AgentTesla,vbs",2026-08-31 16:00:18,2026-08-31 17:17:51,85
hash_sha256,1c6e53e93260fcb3d6a2f0ff0a5ec8e40434b6346d1e08c884902be30c91d05c,malwarebazaar,VIPKeylogger,"geo,TUR,vbe,VIPKeylogger",2026-08-31 16:00:18,2026-08-31 17:17:51,85
hash_sha256,1dc5f3577f8222ea168886dc0323bd6c9f4dec649ad7532396180e7bf24c8560,malwarebazaar,AokigaharaStealer,"AokigaharaStealer,exe,signed",2026-08-31 16:00:18,2026-08-31 17:17:51,85
hash_sha256,1e1c360bfa431769ef9d5c94fd0e2da46a4a3a347f0a6df7d922989e5db5d76e,malwarebazaar,DonutLoader,"DonutLoader,js",2026-08-31 16:00:18,2026-08-31 17:17:51,85
hash_sha256,240aa558653d96d74dadec7f041235b503200d211ba8756a9e66d569d5f89315,malwarebazaar,Vidar,"exe,signed,Vidar",2026-08-31 16:00:18,2026-08-31 17:17:51,85
hash_sha256,284f42eea6c7ef572626ab93490a0f1e4d96ced9efc1383622b6fbefe9e9b32c,malwarebazaar,img,img,2026-08-31 16:00:18,2026-08-31 17:17:51,85
hash_sha256,289a25259bef4dc3fe04c6e3b37d51f077808af182d96b2180be9c90496638b6,malwarebazaar,AgentTesla,js,2026-08-31 16:00:18,2026-08-31 17:17:51,85
hash_sha256,2b4d1198de232fca84db467066858f38d01da09d993e6872f2afca7b5f9a5ade,malwarebazaar,ValleyRAT,"exe,RAT,RdViewer,SilverFox,ValleyRAT",2026-08-31 16:00:18,2026-08-31 17:17:51,85
hash_sha256,2b4e7eb785b408a59c4c283c27d75cda042e47d7466061439258c6d76f6526da,malwarebazaar,exe,"54e64e,dropped-by-Amadey,exe,signed",2026-08-31 16:00:18,2026-08-31 17:17:51,85
hash_sha256,30a6516006316a5e0d45536d5918a568ac4a94dff9af6e5e1043212062c90f6b,malwarebazaar,sh,sh,2026-08-31 16:00:18,2026-08-31 17:17:51,85
hash_sha256,34a5d25011a84a18bab043fd3b81596fb4315f9e8fe1e40cb004341dab14ab3a,malwarebazaar,AgentTesla,js,2026-08-31 16:00:18,2026-08-31 17:17:51,85
hash_sha256,3562111f5825300a6626de517ff83db71c1673df032fbbaaa81fed77477a7213,malwarebazaar,Formbook,"Formbook,geo,js,TUR,ZiraatBank",2026-08-31 16:00:18,2026-08-31 17:17:51,85
hash_sha256,3755d758d2021ec5cadbbb1fccdcfd490647d4837529f4b10932501b4ee3507d,malwarebazaar,AgentTesla,js,2026-08-31 16:00:18,2026-08-31 17:17:51,85
hash_sha256,386c440951e683d46441c0f86b6fca5ab5a010856233d5fe9ce8c81bacc33cd0,malwarebazaar,ValleyRAT,"exe,SilverFox,Trojan/SilverFox.bm[lddel],ValleyRAT",2026-08-31 16:00:18,2026-08-31 17:17:51,85
hash_sha256,3b74d1e4a971ed14c2e489e95172eb8c98ae1d1cbfd53ee2ac05744bbfab468d,malwarebazaar,Mirai,"elf,Mirai",2026-08-31 16:00:18,2026-08-31 17:17:51,85
hash_sha256,3d536fa8ca0e9433d505e9af93347b1d64d2aa8f4a440a6ffb9c63f1d7a1d4a3,malwarebazaar,vbs,vbs,2026-08-31 16:00:18,2026-08-31 17:17:51,85
hash_sha256,3e6260e5e4eb12ecc377abc7f72948551dadf32d09f156af2379157307c8bcc6,malwarebazaar,AsyncRAT,"AsyncRAT,js",2026-08-31 16:00:18,2026-08-31 17:17:51,85
hash_sha256,3e6495722028428b5b48dfdbc0a136839f1e47b85bbe1755ff673724bd9eece5,malwarebazaar,Vidar,"exe,signed,Vidar",2026-08-31 16:00:18,2026-08-31 17:17:51,85
hash_sha256,4306519d5f23f8b3027fdc90f635edef2ffe0d1f1770f30a4576f4d1864252b5,malwarebazaar,Formbook,"exe,Formbook",2026-08-31 16:00:18,2026-08-31 17:17:51,85
hash_sha256,49dc879bdcae18bc11c4b1861d41c07e05c5a8541f98b2fad507fc02fa80bb14,malwarebazaar,sh,sh,2026-08-31 16:00:18,2026-08-31 17:17:51,85
hash_sha256,4ad957dee2820bd59e629f74ae4b8f7b1af68c580b7804bf198bc4944ad1ca3f,malwarebazaar,AgentTesla,js,2026-08-31 16:00:18,2026-08-31 17:17:51,85
hash_sha256,51c3a709cc0919a68bd482b64f36222e0a242034f4ef8cd9c7c55d24b144672e,malwarebazaar,exe,"exe,whack.sh",2026-08-31 16:00:18,2026-08-31 17:17:51,85
hash_sha256,5c243f813142590467d6481ff737ac4b98a7d9bfa2c0396f9eea8bc4ad1d9e3d,malwarebazaar,PureLogsStealer,js,2026-08-31 16:00:18,2026-08-31 17:17:51,85
hash_sha256,5fce174beeacb448a07bc69c36a1cfe043e87c26a94ace39e632f734ba04a618,malwarebazaar,AsyncRAT,"AsyncRAT,exe",2026-08-31 16:00:18,2026-08-31 17:17:51,85
hash_sha256,62acc63d33c8c3c945034d9dddf93bc807841b2f63f2ebde413316bc7d2b4608,malwarebazaar,unknown,unknown,2026-08-31 16:00:18,2026-08-31 17:17:51,85
hash_sha256,62f3f425d2c37a81fde9f2aa31fe0d9973239f7c2993032a3046ad4d70172232,malwarebazaar,Mirai,"elf,Mirai",2026-08-31 16:00:18,2026-08-31 17:17:51,85
hash_sha256,637e4f27601327260979226c9570f2970f74bf58398603bc797aba81b2df8df9,malwarebazaar,sh,sh,2026-08-31 16:00:18,2026-08-31 17:17:51,85
hash_sha256,65494b313d00f7ff06cf6277935f606ec27f282b341eee78179bdc47ac614b11,malwarebazaar,exe,"C,dropped-by-GCleaner,exe,MIX6.file",2026-08-31 16:00:18,2026-08-31 17:17:51,85
hash_sha256,6570627057a367447fb4e5c6b374da48b64a6444252e537592252bfec6514371,malwarebazaar,AgentTesla,"AgentTesla,js",2026-08-31 16:00:18,2026-08-31 17:17:51,85
hash_sha256,65b059dce551d124eecc1d6f5d82d0a9d2c6f375a246dc0161453a6f7f03baea,malwarebazaar,Vidar,"exe,signed,Vidar",2026-08-31 16:00:18,2026-08-31 17:17:51,85
hash_sha256,68b9ea322a8daecb51f6f58a54cd263fb4de32083a4f4ef53127dbb3760c6884,malwarebazaar,AgentTesla,"AgentTesla,exe,signed",2026-08-31 16:00:18,2026-08-31 17:17:51,85
hash_sha256,6d2ae73f2bfc722707576fda2165a72ca620c26599b3bc63bec5b4e97ebdbc3a,malwarebazaar,PureLogsStealer,js,2026-08-31 16:00:18,2026-08-31 17:17:51,85
hash_sha256,6e54f3bb385fee95cb264d5e2c8f430199e3aaed37ce7b04d8583197aeedaa15,malwarebazaar,sh,"enthec,sh",2026-08-31 16:00:18,2026-08-31 17:17:51,85
hash_sha256,6fd2b891852dc2eb688abf2da419dab223cd442a6c166a8795984e6152b098f1,malwarebazaar,exe,exe,2026-08-31 16:00:18,2026-08-31 17:17:51,85
hash_sha256,703ece7d8c9a91f8afc4f7fd8f0710b73b47cec1116cd0e237d2949c7a872601,malwarebazaar,sh,sh,2026-08-31 16:00:18,2026-08-31 17:17:51,85
hash_sha256,77cf7f13ed57bcace0f6c4519b63a1cf5843ba4abc18781225b7d251fd6bffd4,malwarebazaar,Formbook,js,2026-08-31 16:00:18,2026-08-31 17:17:51,85
hash_sha256,78cf8d71ec2451e820a7260f79e1bad47db041c004690668e11c05b1c7d764d3,malwarebazaar,RemusStealer,"exe,RemusStealer",2026-08-31 16:00:18,2026-08-31 17:17:51,85
hash_sha256,7a31ff427ffc4aaec356dfa890d822c610ddb55437a70b1f547a1dcf791873e1,malwarebazaar,js,js,2026-08-31 16:00:18,2026-08-31 17:17:51,85
hash_sha256,7b92ddcdd8d9a135b92e0b2f4d2e56439395be688892e2b3ce77b3446eeb6aa2,malwarebazaar,AsyncRAT,"AsyncRAT,exe,whack.sh",2026-08-31 16:00:18,2026-08-31 17:17:51,85
hash_sha256,7ba1b23c6f80a0eb315b22da0dd3bcf1f91c0bf642c8132910a8f735dc264010,malwarebazaar,Formbook,"Formbook,js",2026-08-31 16:00:18,2026-08-31 17:17:51,85
hash_sha256,7bd0d7a2d2e4e367393cc81bf8e39efc135fd64cf5383a15813409c01c26e22a,malwarebazaar,WannaCry,"dionaea,exe,WannaCry",2026-08-31 16:00:18,2026-08-31 17:17:51,85
hash_sha256,7ce8b2febb5c96f2551fffc5865ea75028146a1dcd67279166488bd3f369ec48,malwarebazaar,Formbook,"Formbook,geo,js,TUR",2026-08-31 16:00:18,2026-08-31 17:17:51,85
hash_sha256,7d3a68bcfc9e900a2f4c064630e4274c75e0f123cb5a1fc3b265adcb743bc92c,malwarebazaar,sh,sh,2026-08-31 16:00:18,2026-08-31 17:17:51,85
hash_sha256,7d93445719c19a626cd293e15053f5a3fca18d2218ebbda385ed143f5be255b8,malwarebazaar,elf,elf,2026-08-31 16:00:18,2026-08-31 17:17:51,85
hash_sha256,7e587062ee1282190381fdb4ed51ab23012e3cc740b3b589c07df6670e2950c9,malwarebazaar,AgentTesla,"AgentTesla,js",2026-08-31 16:00:18,2026-08-31 17:17:51,85
hash_sha256,80348ac3dbcb8705bc9c24bf3073b8c7d9958f99c94e4bd5a1057b45055f2932,malwarebazaar,Mirai,"elf,Mirai",2026-08-31 16:00:18,2026-08-31 17:17:51,85
hash_sha256,861688500de68f616bb1afd72a10b3ff2f1367cb1001f32e9458b91cca7f1920,malwarebazaar,RemcosRAT,js,2026-08-31 16:00:18,2026-08-31 17:17:51,85
hash_sha256,86169823504bfb77ddf5e199fa2c683db27fcf06bf4f385f114e48e089120986,malwarebazaar,RemusStealer,"exe,RemusStealer,signed",2026-08-31 16:00:18,2026-08-31 17:17:51,85
hash_sha256,8d312c308139b6957f7c188603ec0aae03647c89b444b863eec3aee589c6186f,malwarebazaar,RemcosRAT,"exe,RAT,RemcosRAT",2026-08-31 16:00:18,2026-08-31 17:17:51,85
hash_sha256,8d9a05abe56fdabcd4a3887bb97c37958f9faeb7a66ef751d7a1f0750b97701d,malwarebazaar,WannaCry,"dionaea,exe,WannaCry",2026-08-31 16:00:18,2026-08-31 17:17:51,85
hash_sha256,8fd7d40d45c39862d5add74a10831c94988feb6c1452b56009daae88f51c69c6,malwarebazaar,AokigaharaStealer,"AokigaharaStealer,exe,signed",2026-08-31 16:00:18,2026-08-31 17:17:51,85
hash_sha256,9037fb3a4c9df15f3d2197f7b32d320657874bf271094ad0fba0fbbc5679535c,malwarebazaar,js,js,2026-08-31 16:00:18,2026-08-31 17:17:51,85
hash_sha256,9134d73a1b83587ba15ff9205646d73ead718cb161b606fe450dcc981709ea41,malwarebazaar,Mirai,"elf,Mirai",2026-08-31 16:00:18,2026-08-31 17:17:51,85
hash_sha256,91aff701752f1d9ef595a74b9ab310e55b178cbc8824535f382b91982cafc85e,malwarebazaar,js,"exe,js",2026-08-31 16:00:18,2026-08-31 17:17:51,85
hash_sha256,95c21c7542ced5450ff32d9d077f454c763443cacd821d45bd14c30b87d9e8f3,malwarebazaar,RemcosRAT,"exe,RAT,RemcosRAT",2026-08-31 16:00:18,2026-08-31 17:17:51,85
hash_sha256,968b715acabde7d49a5e0c1081443e5bc335d9647f19cc93bf6c3ebc9384a155,malwarebazaar,GuLoader,"GuLoader,js",2026-08-31 16:00:18,2026-08-31 17:17:51,85
hash_sha256,96a91e5f6d80bcebe99fa2635d453f5373301f5f91ab19ce759948bfbaf81107,malwarebazaar,unknown,unknown,2026-08-31 16:00:18,2026-08-31 17:17:51,85
hash_sha256,9ab6db95f9fdb91e81cbd917c6e271d54ba12ad948ba837bd3bfcf399965a095,malwarebazaar,exe,"A,dropped-by-GCleaner,exe,MIX5.file",2026-08-31 16:00:18,2026-08-31 17:17:51,85
hash_sha256,9ab87b8fbe9a77d6d494eea39042f2e723bf971a3358f030517933d11a251b7c,malwarebazaar,MassLogger,"js,MassLogger",2026-08-31 16:00:18,2026-08-31 17:17:51,85
hash_sha256,9b6ca6bd303fc77cb017a43ac31995f0fdec943043e8424146e7d412cc7f379d,malwarebazaar,Vidar,"exe,signed,Vidar",2026-08-31 16:00:18,2026-08-31 17:17:51,85
hash_sha256,9f23616547f0ad6b9f121d8b742c5a562797093f27ee6a239704f71f9ce653ab,malwarebazaar,WannaCry,"dionaea,exe,WannaCry",2026-08-31 16:00:18,2026-08-31 17:17:51,85
hash_sha256,9f8141250fd2b03e16c8f1c8e162db6217436331e38aaec11c0973760b712e0d,malwarebazaar,PureLogsStealer,"exe,PureLogsStealer,whack.sh,zip",2026-08-31 16:00:18,2026-08-31 17:17:51,85
hash_sha256,a37770a111ca62e2e9f164c8b515bdcb151e6e8055270e27c3382be0327b8f3f,malwarebazaar,WannaCry,"dionaea,exe,WannaCry",2026-08-31 16:00:18,2026-08-31 17:17:51,85
hash_sha256,a4d6d447eda000a22a4c17a627d8657c0e79774ab420a3c26d126eb8dc4ebe5a,malwarebazaar,Formbook,"Formbook,js",2026-08-31 16:00:18,2026-08-31 17:17:51,85
hash_sha256,a4fa78bf4340698eca8b40d94b26a38cdcf090b006c179f47635368e6372f376,malwarebazaar,Mirai,"elf,Mirai",2026-08-31 16:00:18,2026-08-31 17:17:51,85
hash_sha256,ad8fb8f3d1aafb1d387114aafeaaf5a5e80bcb83c186a282ded414588a332c58,malwarebazaar,Vidar,"exe,signed,Vidar",2026-08-31 16:00:18,2026-08-31 17:17:51,85
hash_sha256,b03dcceee4cbba34994ac0f38148bf20a22e1e383cacf612ac2a1566c86baf80,malwarebazaar,js,js,2026-08-31 16:00:18,2026-08-31 17:17:51,85
hash_sha256,b43ec99720ba404eb34f9c2d4c590ab53785cd05d92b49500ff593a891b6f201,malwarebazaar,vbs,vbs,2026-08-31 16:00:18,2026-08-31 17:17:51,85
hash_sha256,b4ba793766009073228d437ff27f77da630e89c8528b231f4110588864ebe38b,malwarebazaar,Mirai,"elf,Mirai",2026-08-31 16:00:18,2026-08-31 17:17:51,85
hash_sha256,b54378e29cdea0b95f1dd513269b16af061d1e4a40162dd8b71e19796237cc27,malwarebazaar,AsyncRAT,"AsyncRAT,RAT,vbe",2026-08-31 16:00:18,2026-08-31 17:17:51,85
hash_sha256,b62764d398db5d0a7f732220dd51d5a75468958001c294ce711f2ac881b07ee0,malwarebazaar,sh,sh,2026-08-31 16:00:18,2026-08-31 17:17:51,85
hash_sha256,b77480a82345142a84cefc317db53e3c008de0f75c8044cb536a7a266badb28d,malwarebazaar,RemcosRAT,"exe,RAT,RemcosRAT",2026-08-31 16:00:18,2026-08-31 17:17:51,85
hash_sha256,b8a3d16ad9e28103999357b592b517d14751308339f18845939f2766b7a6d488,malwarebazaar,XWorm,js,2026-08-31 16:00:18,2026-08-31 17:17:51,85
hash_sha256,bbb3b4379bfe5ad9bc6776afeea7b583225f957e49d79b9c3610325c58697634,malwarebazaar,DarkTortilla,"DarkTortilla,exe",2026-08-31 16:00:18,2026-08-31 17:17:51,85
hash_sha256,bc3a52acf795256a9b27a177665774b425105735f892878bc0bc5508bf38dc49,malwarebazaar,MassLogger,js,2026-08-31 16:00:18,2026-08-31 17:17:51,85
hash_sha256,c0b2dff1d4b09aee5933b410d697431b909c45e3236b82962a2a29890af06f0c,malwarebazaar,unknown,unknown,2026-08-31 16:00:18,2026-08-31 17:17:51,85
hash_sha256,c432792fa2e964e7cd57acd1d64762026fe924b94c10f84453c725a0f1418101,malwarebazaar,sh,sh,2026-08-31 16:00:18,2026-08-31 17:17:51,85
hash_sha256,c479b53252075506fc8ee44af1f01c42da85558c1af469488fe0afecca3e0330,malwarebazaar,jar,"IRAHook,jar,RAT,Stealer",2026-08-31 16:00:18,2026-08-31 17:17:51,85
hash_sha256,d2249e83f7d0f34eaf6ba237c9323f0145ec486509393c69be010b3627e81b10,malwarebazaar,Vidar,"exe,Vidar",2026-08-31 16:00:18,2026-08-31 17:17:51,85
hash_sha256,d2b152f9b5f047a1a474cba70613bf1161f2ba4c6f97bb1297f12ea8f8183591,malwarebazaar,unknown,unknown,2026-08-31 16:00:18,2026-08-31 17:17:51,85
hash_sha256,d473c08f9941f9d951aa6756db30d70565a3038eabdc952c899cf37a151306aa,malwarebazaar,AgentTesla,js,2026-08-31 16:00:18,2026-08-31 17:17:51,85
hash_sha256,d65138c56e6a0894a36cbd9a62e0f3e8dbe04c4a66c2ab335c5aecb849e46d95,malwarebazaar,Formbook,"Formbook,js",2026-08-31 16:00:18,2026-08-31 17:17:51,85
hash_sha256,d7b555b9fa54e729e11c472ed5bbceb9f0749f261c2532c1ea0e24756eb16bb6,malwarebazaar,Mirai,"elf,Mirai",2026-08-31 16:00:18,2026-08-31 17:17:51,85
hash_sha256,d977cd655286f0044e21c92f67202045cdb5673c575a29fddd4facc185b00b30,malwarebazaar,sh,sh,2026-08-31 16:00:18,2026-08-31 17:17:51,85
hash_sha256,dbad706f2639955109b99d9995d0b5bc112e8758e8a1b3078cf4b0f929cb00d3,malwarebazaar,RemcosRAT,"js,RemcosRAT",2026-08-31 16:00:18,2026-08-31 17:17:51,85
hash_sha256,df7f2d3fcb2314e884d582e93c2a18176bfec79436fa48c17be7d0b5be53f2fc,malwarebazaar,XWorm,"js,XWorm",2026-08-31 16:00:18,2026-08-31 17:17:51,85
hash_sha256,e2bb18135f11abb5afa22fcd607183ff5cc5d2d499f8924a9a09dbe32ce7ecb9,malwarebazaar,RemusStealer,"A,dropped-by-GCleaner,exe,MIX7.file,RemusStealer",2026-08-31 16:00:18,2026-08-31 17:17:51,85
hash_sha256,e37eddeeddd2679c0706179a6aea852ae5ff8a6db704676a72a7c4b34b5bcb25,malwarebazaar,RemcosRAT,"js,RAT,RemcosRAT",2026-08-31 16:00:18,2026-08-31 17:17:51,85
hash_sha256,e4a965c21b5070d2ce805eb6a82e50dd5c5e1912d772d1be901c9b136e532857,malwarebazaar,LxBaseRAT,js,2026-08-31 16:00:18,2026-08-31 17:17:51,85
hash_sha256,e639f482a9d9e246d2d7403351cbe70e28ef2ca6d1ccd71aeafac6a334cd9486,malwarebazaar,RemcosRAT,"RemcosRAT,vbs",2026-08-31 16:00:18,2026-08-31 17:17:51,85
hash_sha256,e9c71b1d83e73e32a66b4b37bfedf303b6056249950e084ec3fa102f58dfedab,malwarebazaar,AokigaharaStealer,"AokigaharaStealer,exe,signed",2026-08-31 16:00:18,2026-08-31 17:17:51,85
hash_sha256,ea269fec1d3a156c02ff2a119d9741190b735de5765662a3cc12e8a556fbdac9,malwarebazaar,AgentTesla,js,2026-08-31 16:00:18,2026-08-31 17:17:51,85
hash_sha256,eb1b0e969062136b3dcac00ea22d67ac6cd9a462cc99adb670c9692eff7274f0,malwarebazaar,AsyncRAT,"AsyncRAT,js,RAT",2026-08-31 16:00:18,2026-08-31 17:17:51,85
hash_sha256,ebe705a3bf186ccd049970df3473debffb89811bdc03d63eb3558a5232a2793a,malwarebazaar,RemcosRAT,"exe,js,RemcosRAT",2026-08-31 16:00:18,2026-08-31 17:17:51,85
hash_sha256,ed68ce95780ba9a50d148405267944b4beda451ae4e54b53c4435330d30ff921,malwarebazaar,exe,exe,2026-08-31 16:00:18,2026-08-31 17:17:51,85
hash_sha256,f095d033fb1a2530b653bf1176dd2bcf99f7b8efe043e5932e8d8f6a5bce1174,malwarebazaar,sh,sh,2026-08-31 16:00:18,2026-08-31 17:17:51,85
hash_sha256,f468d7ef03618e2fbc2558c68307c9e7c17287e403116f57ff38c0ef2b28246b,malwarebazaar,Formbook,"Formbook,vbs",2026-08-31 16:00:18,2026-08-31 17:17:51,85
hash_sha256,f5509b65f68b27aaaebd6dfcc5dee9e4110737797fd19137d20d222d335ac2b2,malwarebazaar,AgentTesla,js,2026-08-31 16:00:18,2026-08-31 17:17:51,85
hash_sha256,f5dae77d0ac1ffb1a5a87237b1cef4324dd4dfcc6b285a0b84b42ad28b13e5fd,malwarebazaar,Mirai,"elf,Mirai",2026-08-31 16:00:18,2026-08-31 17:17:51,85
hash_sha256,f74f1b2683ca7124f446319e3100a47d29452f67b0762b658a45d4afa8c41a48,malwarebazaar,Stealc,"dropped-by-StealC,exe,signed,Stealc,trickbox_v1_proxy",2026-08-31 16:00:18,2026-08-31 17:17:51,85
hash_sha256,f8d28fa2e7e49c251f07a4945db606dd7f2c8dbe0b7792dba517e02563e7368b,malwarebazaar,AgentTesla,"AgentTesla,vbs",2026-08-31 16:00:18,2026-08-31 17:17:51,85
hash_sha256,f961f49033fc65a8223674614d50d1cfd9cc430159a7b5d85e9bcfb23668f1b9,malwarebazaar,Vidar,"exe,Vidar",2026-08-31 16:00:18,2026-08-31 17:17:51,85
hash_sha256,fb0889110aec73085c455f345f4f920d68aec7ae70f84867c57c9ca0e49b9564,malwarebazaar,DarkTortilla,"DarkTortilla,exe",2026-08-31 16:00:18,2026-08-31 17:17:51,85
hash_sha256,fc19b0895dd5de78965bfc950ef23e794c177dd95d430636a63d1a750333f62b,malwarebazaar,exe,"C,dropped-by-GCleaner,exe,MIX2.file",2026-08-31 16:00:18,2026-08-31 17:17:51,85
hash_sha256,fe148538fba22444ce8076cf7454ae8cae26265d711205e98dab9030037e9cab,malwarebazaar,AgentTesla,"AgentTesla,js",2026-08-31 16:00:18,2026-08-31 17:17:51,85
ip,1.117.77.166,threatfox,Unknown malware,"threatfox,supershell",2026-05-23 16:14:31,2026-08-31 17:17:51,85
ip,101.42.136.73,threatfox,Cobalt Strike,"threatfox,CobaltStrike,drb-ra",2026-08-31 04:06:19,2026-08-31 17:17:51,85
ip,102.117.167.19,threatfox,Unknown malware,"threatfox,mythic",2026-08-31 04:06:19,2026-08-31 17:17:51,85
ip,102.129.165.177,threatfox,VShell,"threatfox,vshell",2026-05-19 17:26:17,2026-08-31 17:17:51,85
ip,102.220.160.87,threatfox,XWorm,"threatfox,xworm",2026-08-31 16:06:17,2026-08-31 17:17:51,85
ip,103.13.210.168,threatfox,Vidar,"threatfox,Vidar",2026-08-31 16:06:17,2026-08-31 17:17:51,85
ip,103.45.66.18,threatfox,ValleyRAT,"threatfox,RAT,ValleyRAT",2026-08-31 16:06:17,2026-08-31 17:17:51,85
ip,104.168.102.116,threatfox,Cobalt Strike,"threatfox,cobaltstrike",2026-08-31 04:06:19,2026-08-31 17:17:51,85
ip,104.248.41.207,threatfox,Aisuru,"threatfox,Aisuru,c2",2026-08-24 16:06:11,2026-08-31 17:17:51,85
ip,106.15.10.2,threatfox,Cobalt Strike,"threatfox,cobaltstrike",2026-06-23 19:10:53,2026-08-31 17:17:51,85
ip,106.53.172.234,threatfox,VShell,"threatfox,vshell",2026-06-14 18:27:49,2026-08-31 17:17:51,85
ip,106.54.41.209,threatfox,Unknown malware,"threatfox,viper",2026-08-20 16:06:17,2026-08-31 17:17:51,85
ip,106.55.25.253,threatfox,Cobalt Strike,"threatfox,cobaltstrike",2026-08-31 16:06:17,2026-08-31 17:17:51,85
ip,109.122.18.182,threatfox,AsyncRAT,"threatfox,asyncrat",2026-08-31 16:06:17,2026-08-31 17:17:51,85
ip,109.236.50.145,threatfox,Cobalt Strike,"threatfox,cobaltstrike",2026-08-31 04:06:19,2026-08-31 17:17:51,85
ip,112.213.103.17,threatfox,AsyncRAT,"threatfox,asyncrat",2026-08-31 04:06:19,2026-08-31 17:17:51,85
ip,112.213.103.58,threatfox,AsyncRAT,"threatfox,asyncrat",2026-08-31 04:06:19,2026-08-31 17:17:51,85
ip,117.72.202.93,threatfox,Unknown malware,"threatfox,supershell",2026-08-05 12:42:48,2026-08-31 17:17:51,85
ip,121.127.253.146,threatfox,AdaptixC2,"threatfox,adaptix",2026-08-21 16:09:29,2026-08-31 17:17:51,85
ip,123.253.32.82,threatfox,Remcos,"threatfox,RAT,RemcosRAT",2026-08-31 16:06:17,2026-08-31 17:17:51,85
ip,123.56.83.34,threatfox,VShell,"threatfox,vshell",2026-08-14 20:13:09,2026-08-31 17:17:51,85
ip,129.204.11.247,threatfox,Cobalt Strike,"threatfox,cobaltstrike",2026-08-31 16:06:17,2026-08-31 17:17:51,85
ip,129.80.106.68,threatfox,Unknown malware,"threatfox,drb-ra,Mythic",2026-08-31 16:06:17,2026-08-31 17:17:51,85
ip,131.226.2.95,threatfox,Remcos,"threatfox,c2,Remcos,RemoteHost",2026-08-31 16:06:17,2026-08-31 17:17:51,85
ip,134.209.176.36,threatfox,Aisuru,"threatfox,Aisuru,c2",2026-08-31 16:06:17,2026-08-31 17:17:51,85
ip,137.220.158.91,threatfox,Ghost RAT,threatfox,2026-08-31 16:06:17,2026-08-31 17:17:51,85
ip,142.11.244.124,threatfox,DanaBot,"threatfox,danabot",2026-08-31 16:06:17,2026-08-31 17:17:51,85
ip,144.172.84.7,threatfox,ValleyRAT,threatfox,2026-08-31 16:06:17,2026-08-31 17:17:51,85
ip,144.31.106.168,threatfox,Chaos,"threatfox,CHAOS,drb-ra",2026-08-31 04:06:19,2026-08-31 17:17:51,85
ip,144.31.6.6,threatfox,PureRAT,"threatfox,drb-ra,PureHVNC,PureRAT,RAT",2026-08-31 04:06:19,2026-08-31 17:17:51,85
ip,145.79.143.166,threatfox,VShell,"threatfox,vshell",2026-08-30 16:06:18,2026-08-31 17:17:51,85
ip,147.124.223.53,threatfox,Remcos,"threatfox,RAT,RemcosRAT",2026-08-31 16:06:17,2026-08-31 17:17:51,85
ip,150.158.102.111,threatfox,Cobalt Strike,"threatfox,cobaltstrike",2026-08-31 04:06:19,2026-08-31 17:17:51,85
ip,150.242.246.106,threatfox,VShell,"threatfox,vshell",2026-08-31 16:06:17,2026-08-31 17:17:51,85
ip,154.91.180.246,threatfox,VShell,"threatfox,vshell",2026-08-16 20:13:09,2026-08-31 17:17:51,85
ip,156.251.11.58,threatfox,ValleyRAT,"threatfox,RAT,ValleyRAT",2026-08-31 04:06:19,2026-08-31 17:17:51,85
ip,157.245.41.38,threatfox,Aisuru,"threatfox,Aisuru,c2",2026-08-31 16:06:17,2026-08-31 17:17:51,85
ip,157.254.194.45,threatfox,AdaptixC2,"threatfox,AdaptixC2,drb-ra",2026-08-31 16:06:17,2026-08-31 17:17:51,85
ip,159.89.24.55,threatfox,Aisuru,"threatfox,Aisuru,c2",2026-08-24 16:06:11,2026-08-31 17:17:51,85
ip,160.119.69.30,threatfox,AsyncRAT,"threatfox,AsyncRAT,drb-ra,RAT",2026-08-31 04:06:19,2026-08-31 17:17:51,85
ip,160.250.128.197,threatfox,Unknown malware,"threatfox,supershell",2026-07-27 05:35:20,2026-08-31 17:17:51,85
ip,160.250.181.124,threatfox,Mirai,"threatfox,Mirai",2026-08-31 04:06:19,2026-08-31 17:17:51,85
ip,162.243.103.246,feodotracker,Emotet,"c2,botnet,port:8080",2026-04-11 03:35:43,2026-08-31 17:17:51,90
ip,162.243.160.70,threatfox,Havoc,"threatfox,drb-ra,Havoc",2026-08-31 04:06:19,2026-08-31 17:17:51,85
ip,163.245.199.241,threatfox,Remcos,"threatfox,c2,NzQ1NzI2ODI5NzM5Mw==,Remcos",2026-08-31 16:06:17,2026-08-31 17:17:51,85
ip,165.232.112.16,threatfox,Aisuru,"threatfox,Aisuru,c2",2026-08-31 16:06:17,2026-08-31 17:17:51,85
ip,165.232.36.145,threatfox,Aisuru,"threatfox,Aisuru,c2",2026-08-31 16:06:17,2026-08-31 17:17:51,85
ip,165.245.209.216,threatfox,Aisuru,"threatfox,Aisuru,c2",2026-08-31 16:06:17,2026-08-31 17:17:51,85
ip,167.71.38.182,threatfox,Aisuru,"threatfox,Aisuru,c2",2026-08-31 16:06:17,2026-08-31 17:17:51,85
ip,167.99.128.245,threatfox,Aisuru,"threatfox,Aisuru,c2",2026-08-30 16:06:18,2026-08-31 17:17:51,85
ip,167.99.194.254,threatfox,Aisuru,"threatfox,Aisuru,c2",2026-08-24 16:06:11,2026-08-31 17:17:51,85
ip,168.119.56.135,threatfox,Vidar,"threatfox,Vidar",2026-08-31 16:06:17,2026-08-31 17:17:51,85
ip,168.119.60.33,threatfox,Vidar,"threatfox,Vidar",2026-08-31 16:06:17,2026-08-31 17:17:51,85
ip,168.119.61.136,threatfox,Vidar,"threatfox,Vidar",2026-08-31 16:06:17,2026-08-31 17:17:51,85
ip,172.111.163.162,threatfox,Remcos,"threatfox,c2,Crypters&tools,Remcos",2026-08-31 16:06:17,2026-08-31 17:17:51,85
ip,172.111.163.174,threatfox,Remcos,"threatfox,c2,Nexus 27-08-26,Remcos",2026-08-31 16:06:17,2026-08-31 17:17:51,85
ip,172.245.92.217,threatfox,XWorm,"threatfox,xworm",2026-08-31 16:06:17,2026-08-31 17:17:51,85
ip,172.86.122.177,threatfox,PureRAT,"threatfox,drb-ra,PureHVNC,PureRAT,RAT",2026-08-31 04:06:19,2026-08-31 17:17:51,85
ip,172.94.111.195,threatfox,Remcos,"threatfox,RAT,RemcosRAT",2026-08-31 16:06:17,2026-08-31 17:17:51,85
ip,174.138.30.59,threatfox,Aisuru,"threatfox,Aisuru,c2",2026-08-30 16:06:18,2026-08-31 17:17:51,85
ip,175.43.223.199,threatfox,Unknown malware,"threatfox,mythic",2026-08-31 16:06:17,2026-08-31 17:17:51,85
ip,176.65.139.206,threatfox,Mirai,"threatfox,mirai",2026-08-31 16:06:17,2026-08-31 17:17:51,85
ip,178.104.215.65,threatfox,Vidar,"threatfox,Vidar",2026-08-31 16:06:17,2026-08-31 17:17:51,85
ip,178.128.201.199,threatfox,Aisuru,"threatfox,Aisuru,c2",2026-08-31 16:06:17,2026-08-31 17:17:51,85
ip,178.62.3.223,feodotracker,QakBot,"c2,botnet,port:443",2026-04-11 03:35:43,2026-08-31 17:17:51,90
ip,185.112.59.115,threatfox,PureRAT,"threatfox,drb-ra,PureHVNC,PureRAT,RAT",2026-08-31 04:06:19,2026-08-31 17:17:51,85
ip,185.181.8.182,threatfox,Vidar,"threatfox,Vidar",2026-08-31 16:06:17,2026-08-31 17:17:51,85
ip,185.229.225.31,threatfox,Vidar,"threatfox,Vidar",2026-08-31 16:06:17,2026-08-31 17:17:51,85
ip,188.166.160.153,threatfox,Aisuru,"threatfox,Aisuru,c2",2026-08-31 16:06:17,2026-08-31 17:17:51,85
ip,188.166.163.166,threatfox,Aisuru,"threatfox,Aisuru,c2",2026-08-31 16:06:17,2026-08-31 17:17:51,85
ip,192.159.99.121,threatfox,Remcos,"threatfox,@,c2,Remcos",2026-08-31 16:06:17,2026-08-31 17:17:51,85
ip,192.253.225.173,threatfox,ValleyRAT,"threatfox,RAT,ValleyRAT",2026-08-31 16:06:17,2026-08-31 17:17:51,85
ip,192.99.70.186,threatfox,Evilginx,"threatfox,drb-ra,Evilginx,EvilGoPhish",2026-08-31 16:06:17,2026-08-31 17:17:51,85
ip,193.187.91.120,threatfox,Remcos,"threatfox,Buffalo,c2,Remcos",2026-08-31 16:06:17,2026-08-31 17:17:51,85
ip,194.146.39.66,threatfox,Vidar,"threatfox,Vidar",2026-08-31 16:06:17,2026-08-31 17:17:51,85
ip,194.59.30.96,threatfox,HypeAgent,"threatfox,drb-ra,HypeAgent",2026-08-30 16:06:18,2026-08-31 17:17:51,85
ip,195.177.94.188,threatfox,PureRAT,"threatfox,drb-ra,PureHVNC,PureRAT,RAT",2026-08-31 04:06:19,2026-08-31 17:17:51,85
ip,196.251.121.183,threatfox,Cobalt Strike,"threatfox,18811,c2,censys,cobalt strike",2026-07-12 08:25:44,2026-08-31 17:17:51,85
ip,199.85.8.183,threatfox,Remcos,"threatfox,remcos",2026-08-30 16:06:18,2026-08-31 17:17:51,85
ip,2.28.48.67,threatfox,Vidar,"threatfox,Vidar",2026-08-31 16:06:17,2026-08-31 17:17:51,85
ip,2.28.51.112,threatfox,Vidar,"threatfox,Vidar",2026-08-31 16:06:17,2026-08-31 17:17:51,85
ip,2.28.53.167,threatfox,Vidar,"threatfox,Vidar",2026-08-31 16:06:17,2026-08-31 17:17:51,85
ip,2.28.55.31,threatfox,Vidar,"threatfox,Vidar",2026-08-31 16:06:17,2026-08-31 17:17:51,85
ip,2.29.15.172,threatfox,Vidar,"threatfox,Vidar",2026-08-31 16:06:17,2026-08-31 17:17:51,85
ip,207.148.64.94,threatfox,VShell,"threatfox,vshell",2026-08-31 16:06:17,2026-08-31 17:17:51,85
ip,209.54.103.151,threatfox,XWorm,"threatfox,xworm",2026-08-31 16:06:17,2026-08-31 17:17:51,85
ip,213.152.162.29,threatfox,Remcos,"threatfox,c2,Remcos,ScarB",2026-08-31 16:06:17,2026-08-31 17:17:51,85
ip,216.203.20.232,threatfox,Cobalt Strike,"threatfox,1828,c2,censys,cobalt strike",2026-08-31 16:06:17,2026-08-31 17:17:51,85
ip,217.60.103.4,threatfox,Remcos,"threatfox,remcos",2026-08-31 16:06:17,2026-08-31 17:17:51,85
ip,217.60.195.109,threatfox,PureRAT,"threatfox,drb-ra,PureHVNC,PureRAT,RAT",2026-08-30 16:06:18,2026-08-31 17:17:51,85
ip,217.60.195.82,threatfox,Remcos,"threatfox,RAT,RemcosRAt",2026-08-31 16:06:17,2026-08-31 17:17:51,85
ip,27.133.154.218,feodotracker,QakBot,"c2,botnet,port:443",2026-03-10 22:13:04,2026-08-31 17:17:51,90
ip,31.177.110.9,threatfox,AsyncRAT,"threatfox,asyncrat",2026-08-31 16:06:17,2026-08-31 17:17:51,85
ip,31.76.102.46,threatfox,Havoc,"threatfox,havoc",2026-08-31 16:06:17,2026-08-31 17:17:51,85
ip,31.97.133.166,threatfox,Remus,"threatfox,a465cd808ed9cca800749a734b591a42,c2,remus",2026-08-31 16:06:17,2026-08-31 17:17:51,85
ip,34.204.119.63,feodotracker,QakBot,"c2,botnet,port:443",2026-04-11 03:35:43,2026-08-31 17:17:51,90
ip,36.255.97.175,threatfox,XWorm,"threatfox,xworm",2026-08-30 16:06:18,2026-08-31 17:17:51,85
ip,43.129.180.120,threatfox,Aisuru,"threatfox,Aisuru,c2",2026-08-15 20:13:13,2026-08-31 17:17:51,85
ip,45.142.30.152,threatfox,Unknown malware,"threatfox,angel-panel,clipper,multiablo,stealer,telegram",2026-08-31 04:06:19,2026-08-31 17:17:51,85
ip,45.225.135.156,threatfox,PureRAT,"threatfox,drb-ra,PureHVNC,PureRAT,RAT",2026-08-31 04:06:19,2026-08-31 17:17:51,85
ip,45.55.191.196,threatfox,Aisuru,"threatfox,Aisuru,c2",2026-08-30 16:06:18,2026-08-31 17:17:51,85
ip,46.101.160.192,threatfox,Aisuru,"threatfox,Aisuru,c2",2026-08-31 16:06:17,2026-08-31 17:17:51,85
ip,46.101.179.59,threatfox,Aisuru,"threatfox,Aisuru,c2",2026-08-24 16:06:11,2026-08-31 17:17:51,85
ip,46.224.87.76,threatfox,Vidar,"threatfox,Vidar",2026-08-31 16:06:17,2026-08-31 17:17:51,85
ip,46.29.26.32,threatfox,Vidar,"threatfox,Vidar",2026-08-31 16:06:17,2026-08-31 17:17:51,85
ip,46.29.26.35,threatfox,Vidar,"threatfox,Vidar",2026-08-31 16:06:17,2026-08-31 17:17:51,85
ip,46.29.26.41,threatfox,Vidar,"threatfox,Vidar",2026-08-31 16:06:17,2026-08-31 17:17:51,85
ip,46.29.26.42,threatfox,Vidar,"threatfox,Vidar",2026-08-31 16:06:17,2026-08-31 17:17:51,85
ip,46.29.26.43,threatfox,Vidar,"threatfox,Vidar",2026-08-31 16:06:17,2026-08-31 17:17:51,85
ip,47.105.114.163,threatfox,VShell,"threatfox,vshell",2026-08-31 04:06:19,2026-08-31 17:17:51,85
ip,47.83.128.111,threatfox,Ghost RAT,threatfox,2026-08-31 16:06:17,2026-08-31 17:17:51,85
ip,5.223.57.239,threatfox,Vidar,"threatfox,Vidar",2026-08-31 16:06:17,2026-08-31 17:17:51,85
ip,5.78.91.236,threatfox,Vidar,"threatfox,Vidar",2026-08-31 16:06:17,2026-08-31 17:17:51,85
ip,50.16.16.211,feodotracker,QakBot,"c2,botnet,port:443",2026-04-11 03:35:43,2026-08-31 17:17:51,90
ip,62.238.117.133,threatfox,Vidar,"threatfox,Vidar",2026-08-31 16:06:17,2026-08-31 17:17:51,85
ip,62.238.126.31,threatfox,Vidar,"threatfox,Vidar",2026-08-31 16:06:17,2026-08-31 17:17:51,85
ip,64.224.17.88,threatfox,Remcos,"threatfox,RAT,RemcosRAT",2026-08-31 16:06:17,2026-08-31 17:17:51,85
ip,64.89.160.45,threatfox,PureLogs Stealer,"threatfox,PureLogsStealer",2026-08-31 16:06:17,2026-08-31 17:17:51,85
ip,67.205.132.147,threatfox,Aisuru,"threatfox,Aisuru,c2",2026-08-30 16:06:18,2026-08-31 17:17:51,85
ip,77.42.69.149,threatfox,Vidar,"threatfox,Vidar",2026-08-31 16:06:17,2026-08-31 17:17:51,85
ip,8.148.26.139,threatfox,Cobalt Strike,"threatfox,cobaltstrike",2026-08-31 16:06:17,2026-08-31 17:17:51,85
ip,8.210.93.39,threatfox,Ghost RAT,threatfox,2026-08-31 16:06:17,2026-08-31 17:17:51,85
ip,87.120.104.147,threatfox,Unknown malware,threatfox,2026-08-31 04:06:19,2026-08-31 17:17:51,85
ip,91.219.239.81,threatfox,AsyncRAT,"threatfox,AsyncRAT,drb-ra,RAT",2026-08-31 04:06:19,2026-08-31 17:17:51,85
ip,91.92.43.15,threatfox,Unknown malware,threatfox,2026-08-31 16:06:17,2026-08-31 17:17:51,85
ip,91.98.236.89,threatfox,Vidar,"threatfox,Vidar",2026-08-31 16:06:17,2026-08-31 17:17:51,85
ip,92.118.206.129,threatfox,XWorm,"threatfox,xworm",2026-08-31 16:06:17,2026-08-31 17:17:51,85
ip,94.228.166.168,threatfox,PureRAT,"threatfox,drb-ra,PureHVNC,PureRAT,RAT",2026-08-30 04:06:42,2026-08-31 17:17:51,85
ip,95.217.223.130,threatfox,Vidar,"threatfox,Vidar",2026-08-31 16:06:17,2026-08-31 17:17:51,85
ssl_sha1,0034d3f66acca402e4ae3d683e435f10d513006a,sslbl,ACRStealer C&C,"sslbl,2026-08-08",2026-08-09 00:42:39,2026-08-31 17:17:51,88
ssl_sha1,01162aa2c2be7f9d16f646b94a1245726c68b110,sslbl,PureRAT C&C,"sslbl,2026-08-22",2026-08-22 16:06:16,2026-08-31 17:17:51,88
ssl_sha1,0141dfae0d4426123aa2fbdd759162fa82d0f8e1,sslbl,PureLogsStealer C&C,"sslbl,2026-08-04",2026-08-05 12:42:46,2026-08-31 17:17:51,88
ssl_sha1,014d51d79c5a5c80042abedb35231581ff07c2e7,sslbl,Vidar C&C,"sslbl,2026-07-30",2026-07-31 05:35:34,2026-08-31 17:17:51,88
ssl_sha1,01b9a51320b270b527c744a7ebc9f9bc68a94f81,sslbl,ConnectWise C&C,"sslbl,2026-08-19",2026-08-19 16:06:13,2026-08-31 17:17:51,88
ssl_sha1,01cc79c660e1677fc17665e6d8169b5fdad75668,sslbl,PureLogsStealer C&C,"sslbl,2026-08-05",2026-08-06 00:43:27,2026-08-31 17:17:51,88
ssl_sha1,02df529de5d2da5b01c0b557b02b289b060f344b,sslbl,PureRAT C&C,"sslbl,2026-08-08",2026-08-09 00:42:39,2026-08-31 17:17:51,88
ssl_sha1,030279988932ee4115de7e6e8cdeb91927c078db,sslbl,OffLoader C&C,"sslbl,2026-08-19",2026-08-19 16:06:13,2026-08-31 17:17:51,88
ssl_sha1,038b7aa733f138f1a074c137fbb0430ea8f7b092,sslbl,KongTuke C&C,"sslbl,2026-07-07",2026-07-07 17:20:36,2026-08-31 17:17:51,88
ssl_sha1,03cdb8ba1363fb90f77ab53b6fc78d58a5340c35,sslbl,PureRAT C&C,"sslbl,2026-08-20",2026-08-20 16:06:17,2026-08-31 17:17:51,88
ssl_sha1,046fe4e19fe44c7c3a76e7e8651879c4edd9851d,sslbl,PureRAT C&C,"sslbl,2026-07-15",2026-07-16 05:21:37,2026-08-31 17:17:51,88
ssl_sha1,049209f78aca1e6715a706e00c56283134010135,sslbl,ACRStealer C&C,"sslbl,2026-07-09",2026-07-09 20:25:43,2026-08-31 17:17:51,88
ssl_sha1,057b2084f877c8737e60de6c07ad829ea411b9c6,sslbl,Vidar C&C,"sslbl,2026-08-15",2026-08-15 20:13:12,2026-08-31 17:17:51,88
ssl_sha1,059e425acfe2753d135e1b7ba39e30f0b00dbbb3,sslbl,PureLogsStealer C&C,"sslbl,2026-08-06",2026-08-06 12:43:05,2026-08-31 17:17:51,88
ssl_sha1,05b215b1710e56a14f4742b10586af2750da866a,sslbl,OffLoader C&C,"sslbl,2026-08-13",2026-08-13 08:13:02,2026-08-31 17:17:51,88
ssl_sha1,05ba9d18bc4c00bec6bb5ed461fd889259929709,sslbl,Vidar C&C,"sslbl,2026-08-02",2026-08-02 17:36:31,2026-08-31 17:17:51,88
ssl_sha1,06c6a1e29b1948ac47c0fee2e8652a07fcde1f9e,sslbl,Vidar C&C,"sslbl,2026-08-27",2026-08-27 16:06:11,2026-08-31 17:17:51,88
ssl_sha1,08d8ee8314ace61bcc0481fe9c0e2bfaaccf34e0,sslbl,Vidar C&C,"sslbl,2026-08-12",2026-08-12 12:42:52,2026-08-31 17:17:51,88
ssl_sha1,096f890e1d8d4220a1c0501a50fd6037804412c4,sslbl,Vidar C&C,"sslbl,2026-07-23",2026-07-23 18:30:39,2026-08-31 17:17:51,88
ssl_sha1,097cee540020aa1e282dcf5afefebcb5a6a1dae4,sslbl,PureLogsStealer C&C,"sslbl,2026-08-06",2026-08-06 12:43:05,2026-08-31 17:17:51,88
ssl_sha1,09f261bec38f8f17f3aba55d8f24e0c11236de40,sslbl,PureLogsStealer C&C,"sslbl,2026-08-19",2026-08-19 16:06:13,2026-08-31 17:17:51,88
ssl_sha1,0a2f52fe0e41f4fa2154a7a42134187aa23b6289,sslbl,ConnectWise C&C,"sslbl,2026-08-19",2026-08-19 16:06:13,2026-08-31 17:17:51,88
ssl_sha1,0ad6076cb27bcdd5dd26fe56c022f4ab61ea00be,sslbl,Meterpreter C&C,"sslbl,2026-08-20",2026-08-20 16:06:17,2026-08-31 17:17:51,88
ssl_sha1,0b260881d660a14c3c0b2e61a6685839c8053bc9,sslbl,KongTuke C&C,"sslbl,2026-07-29",2026-07-29 17:37:13,2026-08-31 17:17:51,88
ssl_sha1,0b4632d2296a257c1ede3cbddad910d13570891d,sslbl,ValleyRAT C&C,"sslbl,2026-07-09",2026-07-09 20:25:43,2026-08-31 17:17:51,88
ssl_sha1,0b7abd7fefffcfe53a7ae01594e23d9488a214b4,sslbl,ConnectWise C&C,"sslbl,2026-08-19",2026-08-19 16:06:13,2026-08-31 17:17:51,88
ssl_sha1,0b92ba05df90855d90170858ba91680d33f76e0f,sslbl,ConnectWise C&C,"sslbl,2026-08-19",2026-08-19 16:06:13,2026-08-31 17:17:51,88
ssl_sha1,0bb977bf9e0950a1a818660dde009ac9934bd1e2,sslbl,Vidar C&C,"sslbl,2026-08-21",2026-08-21 16:09:28,2026-08-31 17:17:51,88
ssl_sha1,0c587f31dc58c33ef2e3632bb161f4d52231b7c1,sslbl,ConnectWise C&C,"sslbl,2026-08-22",2026-08-22 16:06:16,2026-08-31 17:17:51,88
ssl_sha1,0f1b05653c3b3ab3bb4ecd772dd024668cbe8df1,sslbl,QuasarRAT C&C,"sslbl,2026-08-13",2026-08-13 20:13:53,2026-08-31 17:17:51,88
ssl_sha1,0f4085482fb0664e22b9dc962bd87184a2048e28,sslbl,ACRStealer C&C,"sslbl,2026-08-26",2026-08-26 16:06:11,2026-08-31 17:17:51,88
ssl_sha1,0f47d296ca2a764238bfd644c7b716cffafa1352,sslbl,Vidar C&C,"sslbl,2026-08-21",2026-08-21 16:09:28,2026-08-31 17:17:51,88
ssl_sha1,0f50074c5489b97def2d220b8cd70bada3361220,sslbl,PureRAT C&C,"sslbl,2026-07-15",2026-07-16 05:21:37,2026-08-31 17:17:51,88
ssl_sha1,10444531944b9b521661ef3bd8d9848d70902bbd,sslbl,PureLogsStealer C&C,"sslbl,2026-08-10",2026-08-10 12:42:40,2026-08-31 17:17:51,88
ssl_sha1,11079f607edb45c25b11a2106e6ba510a055b98f,sslbl,ConnectWise C&C,"sslbl,2026-07-13",2026-07-13 20:25:50,2026-08-31 17:17:51,88
ssl_sha1,1199461c382373b4645960ca6875028d7c96ce16,sslbl,PureRAT C&C,"sslbl,2026-07-11",2026-07-11 08:25:58,2026-08-31 17:17:51,88
ssl_sha1,11a907f87c27b67e87f201281797b95f53508752,sslbl,OffLoader C&C,"sslbl,2026-08-10",2026-08-10 12:42:40,2026-08-31 17:17:51,88
ssl_sha1,11a9b0c571e681f4f9e7780e3aff1fe8c2f3d676,sslbl,KongTuke C&C,"sslbl,2026-07-29",2026-07-29 17:37:13,2026-08-31 17:17:51,88
ssl_sha1,12518c4545d6d6d57f43040cdd2dc966cd5ea6c4,sslbl,Malware C&C,"sslbl,2026-07-13",2026-07-13 20:25:50,2026-08-31 17:17:51,88
ssl_sha1,127e6ea4434d1e7c81918b4032c1282aa7d6d8a7,sslbl,ConnectWise C&C,"sslbl,2026-07-15",2026-07-16 05:21:37,2026-08-31 17:17:51,88
ssl_sha1,12b3a868314cd43aa8d304a7e529bbd498ee74ee,sslbl,Vidar C&C,"sslbl,2026-07-23",2026-07-24 05:35:19,2026-08-31 17:17:51,88
ssl_sha1,12c42acde116383d7b75ae10fc47d5f369f5633e,sslbl,RemusStealer C&C,"sslbl,2026-08-06",2026-08-06 12:43:05,2026-08-31 17:17:51,88
ssl_sha1,131d534087149d0095a326dcb33e77afcbec308c,sslbl,AnimateClipper C&C,"sslbl,2026-07-26",2026-07-26 17:35:20,2026-08-31 17:17:51,88
ssl_sha1,131e6cb931dd908cdf9fc5bdd6f8245c9b399ea9,sslbl,ConnectWise C&C,"sslbl,2026-08-07",2026-08-07 12:43:25,2026-08-31 17:17:51,88
ssl_sha1,1389c26fb7ce71a7aa1514e86879daf6b373325a,sslbl,OffLoader C&C,"sslbl,2026-08-28",2026-08-29 04:06:17,2026-08-31 17:17:51,88
ssl_sha1,13f40ae70a0fe1ae9e727ad329583635cf8090be,sslbl,PureLogsStealer C&C,"sslbl,2026-08-10",2026-08-11 00:42:33,2026-08-31 17:17:51,88
ssl_sha1,14333675b09013c7299af764816b152b90d29952,sslbl,Vidar C&C,"sslbl,2026-08-14",2026-08-14 08:13:11,2026-08-31 17:17:51,88
ssl_sha1,145b585a8d477243e229f4d660d1a9fc40b38243,sslbl,PureRAT C&C,"sslbl,2026-07-07",2026-07-07 17:20:36,2026-08-31 17:17:51,88
ssl_sha1,147ca23505c924119036d7e4942ddc0737f39adf,sslbl,PureLogsStealer C&C,"sslbl,2026-08-07",2026-08-07 12:43:25,2026-08-31 17:17:51,88
ssl_sha1,150e9fffc913a1c87bf94e7f2ad0354d4b6afea1,sslbl,Malware distribution,"sslbl,2026-08-22",2026-08-22 16:06:16,2026-08-31 17:17:51,88
ssl_sha1,1559cd3d9f518eb7d4cbe0a3ff405db4e03a3ba0,sslbl,MaskGramStealer C&C,"sslbl,2026-07-09",2026-07-09 20:25:43,2026-08-31 17:17:51,88
ssl_sha1,16237ea9476a99f34c740649ccb7119db3af5df0,sslbl,PureRAT C&C,"sslbl,2026-08-08",2026-08-09 00:42:39,2026-08-31 17:17:51,88
ssl_sha1,16508580f31edaaf4cbe08f9c417840fa4f918d0,sslbl,ACRStealer C&C,"sslbl,2026-07-23",2026-07-23 18:30:39,2026-08-31 17:17:51,88
ssl_sha1,16545697d78cbada6dac236b73dbeff19c9035d1,sslbl,PureLogsStealer C&C,"sslbl,2026-08-19",2026-08-20 04:06:14,2026-08-31 17:17:51,88
ssl_sha1,1674f349ec288a75ac123a1752d433a21ceddcef,sslbl,Vidar C&C,"sslbl,2026-08-11",2026-08-11 12:42:27,2026-08-31 17:17:51,88
ssl_sha1,16e2a45afc9c237a463c23e14110aebb700085db,sslbl,Vidar C&C,"sslbl,2026-07-09",2026-07-09 20:25:43,2026-08-31 17:17:51,88
ssl_sha1,16fbb45457a2d8e67c556db46e051893917e2104,sslbl,KongTuke C&C,"sslbl,2026-07-30",2026-07-30 17:35:22,2026-08-31 17:17:51,88
ssl_sha1,1727143583fd38bc4b6b5986f5c7b2c919f885af,sslbl,KongTuke C&C,"sslbl,2026-07-30",2026-07-30 17:35:22,2026-08-31 17:17:51,88
ssl_sha1,173cb58c2538a3e2fccf3f3ae72b5713e4f810a3,sslbl,ACRStealer C&C,"sslbl,2026-08-19",2026-08-19 16:06:13,2026-08-31 17:17:51,88
ssl_sha1,183d02c077142b8701d1a719cc8cee3f8fb76072,sslbl,OffLoader C&C,"sslbl,2026-08-14",2026-08-14 08:13:11,2026-08-31 17:17:51,88
ssl_sha1,1869a727516b162905ef9df32d1ad3fe6ceea9f0,sslbl,PureLogsStealer C&C,"sslbl,2026-08-13",2026-08-13 08:13:02,2026-08-31 17:17:51,88
ssl_sha1,19cf66baa4727b080e283d10284993170c9b462b,sslbl,Vidar C&C,"sslbl,2026-08-22",2026-08-22 16:06:16,2026-08-31 17:17:51,88
ssl_sha1,19d7b8b5842177ba762fb0b30fd1368e953e73e9,sslbl,ACRStealer C&C,"sslbl,2026-08-11",2026-08-11 12:42:27,2026-08-31 17:17:51,88
ssl_sha1,1ab7aaf074b1e925322cd328b4d1343f46f4f91b,sslbl,PureLogsStealer C&C,"sslbl,2026-08-08",2026-08-09 00:42:39,2026-08-31 17:17:51,88
ssl_sha1,1b2dbae5f515c39f62dd4b8e8d505b3d11150ccf,sslbl,KongTuke C&C,"sslbl,2026-07-09",2026-07-09 20:25:43,2026-08-31 17:17:51,88
ssl_sha1,1b48b0bd62383ba8f49d25e8584a290016730f3d,sslbl,Vidar C&C,"sslbl,2026-08-11",2026-08-11 12:42:27,2026-08-31 17:17:51,88
ssl_sha1,1b64957d1d878c0c0b0b346849db2e64d487aa17,sslbl,QuasarRAT C&C,"sslbl,2026-07-07",2026-07-07 17:20:36,2026-08-31 17:17:51,88
ssl_sha1,1cdb18c33da65a40adad7b51808edf66f3e180e5,sslbl,PureLogsStealer C&C,"sslbl,2026-08-21",2026-08-21 16:09:28,2026-08-31 17:17:51,88
ssl_sha1,1d6ef2caa8acc4b05edcbf2e8b1e6ee9c7217eb9,sslbl,Vidar C&C,"sslbl,2026-08-12",2026-08-12 12:42:52,2026-08-31 17:17:51,88
ssl_sha1,1db0412338ca7c2407e54aeb6791beeedd146c4c,sslbl,PureRAT C&C,"sslbl,2026-07-16",2026-07-16 17:20:54,2026-08-31 17:17:51,88
ssl_sha1,1dc516de96cd73ff7a4040ec3b4927988d1a0049,sslbl,ConnectWise C&C,"sslbl,2026-08-04",2026-08-04 07:49:13,2026-08-31 17:17:51,88
ssl_sha1,1dedacf3710f30c15b9e73c9d719a969eec755e5,sslbl,Vidar C&C,"sslbl,2026-07-15",2026-07-16 05:21:37,2026-08-31 17:17:51,88
ssl_sha1,1e5253b44aa68a4b31f0dfc07df48b31798debca,sslbl,ACRStealer C&C,"sslbl,2026-07-18",2026-07-19 05:20:40,2026-08-31 17:17:51,88
ssl_sha1,1e7d6c983d80311dcecc580135dcc216732fd478,sslbl,Vidar C&C,"sslbl,2026-08-19",2026-08-19 16:06:13,2026-08-31 17:17:51,88
ssl_sha1,1e9d00de147af3c24b22721d8c18680150dad2d5,sslbl,Vidar C&C,"sslbl,2026-07-09",2026-07-09 20:25:43,2026-08-31 17:17:51,88
ssl_sha1,1f494cd829ce4d2c465b8e981a0c7f9288354328,sslbl,Vidar C&C,"sslbl,2026-08-30",2026-08-30 16:06:18,2026-08-31 17:17:51,88
ssl_sha1,201d98003abc22c969b65777f285237431a46bcc,sslbl,ArkeiStealer C&C,"sslbl,2026-07-09",2026-07-09 20:25:43,2026-08-31 17:17:51,88
ssl_sha1,206219a2b2d7704733e09b28d639f4e574ed81df,sslbl,PureRAT C&C,"sslbl,2026-07-09",2026-07-09 20:25:43,2026-08-31 17:17:51,88
ssl_sha1,2125bebc5912c9fb523a668daf7d116999488493,sslbl,Koadic C&C,"sslbl,2026-08-27",2026-08-27 16:06:11,2026-08-31 17:17:51,88
ssl_sha1,22549b9d0f61cb1d81ef6aea0ebc3689e38f12df,sslbl,RatonRAT C&C,"sslbl,2026-07-07",2026-07-07 17:20:36,2026-08-31 17:17:51,88
ssl_sha1,22bedd3b6ea141fbe9b50681baa395909e014ad0,sslbl,PureLogsStealer C&C,"sslbl,2026-08-06",2026-08-06 12:43:05,2026-08-31 17:17:51,88
ssl_sha1,22cb3cb6d7b5b158d2156b1bd4018db8b5433ea7,sslbl,Vidar C&C,"sslbl,2026-07-11",2026-07-11 08:25:58,2026-08-31 17:17:51,88
ssl_sha1,23267256640f8285cc77767082fe17ac0b8d23b0,sslbl,ACRStealer C&C,"sslbl,2026-07-09",2026-07-09 20:25:43,2026-08-31 17:17:51,88
ssl_sha1,240ce6287e5ee63adc65bde38ca08a7132f5b08b,sslbl,RatonRAT C&C,"sslbl,2026-08-27",2026-08-27 16:06:11,2026-08-31 17:17:51,88
ssl_sha1,249e8ea802749b050406b973576babe4c555d2c9,sslbl,PureRAT C&C,"sslbl,2026-07-09",2026-07-09 20:25:43,2026-08-31 17:17:51,88
ssl_sha1,25042ea148aa7ccb23ebabb701cacca1d2fbd1d4,sslbl,HypeAgent C&C,"sslbl,2026-08-25",2026-08-25 16:07:37,2026-08-31 17:17:51,88
ssl_sha1,2516492455c882b6a07fbcb076f31a06b2a71963,sslbl,Vidar C&C,"sslbl,2026-07-11",2026-07-11 08:25:58,2026-08-31 17:17:51,88
ssl_sha1,25828f9462f9998c2be7214d5db7e092e3878945,sslbl,Vidar C&C,"sslbl,2026-08-12",2026-08-12 12:42:52,2026-08-31 17:17:51,88
ssl_sha1,25b12b6623c85699b128e0b49fab305fa6b53291,sslbl,ACRStealer C&C,"sslbl,2026-07-13",2026-07-13 08:25:39,2026-08-31 17:17:51,88
ssl_sha1,261044d91561eedea17eac730254426b193e27fe,sslbl,PureRAT C&C,"sslbl,2026-08-13",2026-08-13 08:13:02,2026-08-31 17:17:51,88
ssl_sha1,263a7098595232fb1c9536d18a903858431212c0,sslbl,MeshAgent C&C,"sslbl,2026-08-10",2026-08-11 00:42:33,2026-08-31 17:17:51,88
ssl_sha1,26d708c6ce4554e9fed0ae35556501faf8d0b01c,sslbl,ZigClipper C&C,"sslbl,2026-08-08",2026-08-09 00:42:39,2026-08-31 17:17:51,88
ssl_sha1,277cf8e1227351964ba2a8e57b49b26f8f8e353a,sslbl,Vidar C&C,"sslbl,2026-08-24",2026-08-24 16:06:10,2026-08-31 17:17:51,88
ssl_sha1,283042355c89f2c59e260246d1488a73a8bef7b2,sslbl,PureLogsStealer C&C,"sslbl,2026-07-27",2026-07-27 17:35:21,2026-08-31 17:17:51,88
ssl_sha1,287c688acd02bd779c6315eacc15e3d25145b616,sslbl,ConnectWise C&C,"sslbl,2026-07-15",2026-07-16 05:21:37,2026-08-31 17:17:51,88
ssl_sha1,28db945e3beaf15a6f6d7fdf2dfc06a5f0319fc3,sslbl,Malware C&C,"sslbl,2026-08-06",2026-08-06 12:43:05,2026-08-31 17:17:51,88
ssl_sha1,29e434f384fe91188ce4c8a3f607a781e5c5e5d1,sslbl,PureRAT C&C,"sslbl,2026-08-06",2026-08-06 12:43:05,2026-08-31 17:17:51,88
ssl_sha1,2a68cf483216956f8162c0334a75dac483bfaac6,sslbl,Vidar C&C,"sslbl,2026-08-13",2026-08-13 20:13:53,2026-08-31 17:17:51,88
ssl_sha1,2b05666e08e41d03ae03a5f282434e36229ea962,sslbl,ConnectWise C&C,"sslbl,2026-08-14",2026-08-14 08:13:11,2026-08-31 17:17:51,88
ssl_sha1,2b05df2a2d8cc657ebb0dce94b5c2914ee21d801,sslbl,PureRAT C&C,"sslbl,2026-07-14",2026-07-14 08:25:37,2026-08-31 17:17:51,88
ssl_sha1,2b7ffb92a05fe5f22a0f26d9c76a3155f04fdd45,sslbl,PureLogsStealer C&C,"sslbl,2026-08-04",2026-08-05 12:42:46,2026-08-31 17:17:51,88
ssl_sha1,2d410f6e2daaf4665a958610ce94242145c714e3,sslbl,PureLogsStealer C&C,"sslbl,2026-08-08",2026-08-09 00:42:39,2026-08-31 17:17:51,88
ssl_sha1,2d83749ee793d5dd905aebcee10c1898c7ce8110,sslbl,KongTuke C&C,"sslbl,2026-07-08",2026-07-08 17:19:24,2026-08-31 17:17:51,88
ssl_sha1,2e22d7adb72403b6ff2b18c7302cbfff8ea45010,sslbl,KongTuke C&C,"sslbl,2026-07-14",2026-07-16 05:21:37,2026-08-31 17:17:51,88
ssl_sha1,2e5d32f48396874bdbf9e30cbf56d9d5440f24ec,sslbl,ConnectWise C&C,"sslbl,2026-08-31",2026-08-31 16:06:17,2026-08-31 17:17:51,88
ssl_sha1,304062e0d9d93dad14b84554abb56fd3af8266ff,sslbl,Vidar C&C,"sslbl,2026-08-19",2026-08-19 16:06:13,2026-08-31 17:17:51,88
ssl_sha1,30ae51f106a573be769968e15c0a6f56a2878a16,sslbl,Vidar C&C,"sslbl,2026-08-05",2026-08-05 12:42:46,2026-08-31 17:17:51,88
ssl_sha1,3141245c066d71ef08936296ffea7ea15082f7fd,sslbl,ConnectWise C&C,"sslbl,2026-08-14",2026-08-14 08:13:11,2026-08-31 17:17:51,88
ssl_sha1,328089d815eb8db2dcb741cd603fc451295636d4,sslbl,PureRAT C&C,"sslbl,2026-08-31",2026-08-31 16:06:17,2026-08-31 17:17:51,88
ssl_sha1,32a8651489a0a5fb3fb0679514bed1e86c0c576c,sslbl,ACRStealer C&C,"sslbl,2026-08-10",2026-08-10 12:42:40,2026-08-31 17:17:51,88
ssl_sha1,3403986d256e4ce608c0b4e9648d867a373ff6cc,sslbl,Vidar C&C,"sslbl,2026-07-13",2026-07-14 08:25:37,2026-08-31 17:17:51,88
ssl_sha1,34ba6ed6fdcf11e71f689efe8e8bb5d723339125,sslbl,AsyncRAT C&C,"sslbl,2026-07-13",2026-07-13 20:25:50,2026-08-31 17:17:51,88
ssl_sha1,3595cb507d47314a6749679e4217ec993c5c3691,sslbl,DCAgentRMM C&C,"sslbl,2026-08-25",2026-08-25 16:07:37,2026-08-31 17:17:51,88
ssl_sha1,3599615abff24cd9b7801d4ee3263d66ab320867,sslbl,PureLogsStealer C&C,"sslbl,2026-07-15",2026-07-16 05:21:37,2026-08-31 17:17:51,88
ssl_sha1,35c361f9688643bd7cd6a7057178d869bcd6ea7b,sslbl,ConnectWise C&C,"sslbl,2026-08-04",2026-08-04 07:49:13,2026-08-31 17:17:51,88
ssl_sha1,35c7582e7fe35b257038a3c687d81db0f06a1c38,sslbl,RatonRAT C&C,"sslbl,2026-07-07",2026-07-07 17:20:36,2026-08-31 17:17:51,88
ssl_sha1,361864879b9712b391b7d1af733e24168f67c419,sslbl,Malware C&C,"sslbl,2026-08-04",2026-08-05 12:42:46,2026-08-31 17:17:51,88
ssl_sha1,369b439f1afec9b1ae1d5de29a603f6ba34a3039,sslbl,PureRAT C&C,"sslbl,2026-08-04",2026-08-04 07:49:13,2026-08-31 17:17:51,88
ssl_sha1,3712fb1d824e230a43660016e4e305e623dad067,sslbl,Malware C&C,"sslbl,2026-08-12",2026-08-12 12:42:52,2026-08-31 17:17:51,88
ssl_sha1,376f3988574afebfde5b9dfd2b3498ee0617b6c1,sslbl,PureRAT C&C,"sslbl,2026-07-09",2026-07-09 20:25:43,2026-08-31 17:17:51,88
ssl_sha1,38d23ac7c8e3f29dc51158a77665811f6a5e1341,sslbl,ConnectWise C&C,"sslbl,2026-07-13",2026-07-13 20:25:50,2026-08-31 17:17:51,88
ssl_sha1,3992dd5edcdf2ce5d143f933e2657640e00a58d4,sslbl,OffLoader C&C,"sslbl,2026-08-20",2026-08-20 16:06:17,2026-08-31 17:17:51,88
ssl_sha1,39977fc471c8a241dbe54f09ba2caaca0261710f,sslbl,ConnectWise C&C,"sslbl,2026-07-14",2026-07-14 08:25:37,2026-08-31 17:17:51,88
ssl_sha1,3b0855807c94981dca90ba6eb15e94087c91fb52,sslbl,PureRAT C&C,"sslbl,2026-08-08",2026-08-09 00:42:39,2026-08-31 17:17:51,88
ssl_sha1,3c286904e96ada2549fe774aa6eb2d39920219ec,sslbl,Malware C&C,"sslbl,2026-08-13",2026-08-13 08:13:02,2026-08-31 17:17:51,88
ssl_sha1,3cf6a282d22b606bce0ba5ad74526257eff4cf81,sslbl,PureRAT C&C,"sslbl,2026-07-17",2026-07-17 17:21:06,2026-08-31 17:17:51,88
ssl_sha1,3ddf56dd624309d956cccb6c41eb6fcfbb3c6364,sslbl,ZigClipper C&C,"sslbl,2026-08-05",2026-08-06 00:43:27,2026-08-31 17:17:51,88
ssl_sha1,3e3c44169f96771a93af70cef73772afc6530f39,sslbl,Vidar C&C,"sslbl,2026-08-10",2026-08-10 12:42:40,2026-08-31 17:17:51,88
ssl_sha1,3e615d9da0efbbbea30584bce2037017460f7251,sslbl,PureLogsStealer C&C,"sslbl,2026-07-14",2026-07-14 19:40:35,2026-08-31 17:17:51,88
ssl_sha1,3fb1dbcabe3bab0eb06fefe295821bff1007fb25,sslbl,PureRAT C&C,"sslbl,2026-07-17",2026-07-17 17:21:06,2026-08-31 17:17:51,88
ssl_sha1,400866dbd7d2f51fbab5f7f73e98f60df8e0d798,sslbl,KongTuke C&C,"sslbl,2026-07-07",2026-07-07 17:20:36,2026-08-31 17:17:51,88
ssl_sha1,407df66ac87ceb177c560e82df9521c8003b5f0d,sslbl,ConnectWise C&C,"sslbl,2026-08-28",2026-08-29 04:06:17,2026-08-31 17:17:51,88
ssl_sha1,40ab2a74848e4b409900153beb94a6977de80d4a,sslbl,PureRAT C&C,"sslbl,2026-08-04",2026-08-04 07:49:13,2026-08-31 17:17:51,88
ssl_sha1,40d55bdf808d31690157cc7865a3161d6f44f073,sslbl,Vidar C&C,"sslbl,2026-08-17",2026-08-17 08:13:04,2026-08-31 17:17:51,88
ssl_sha1,41f8e81a4f9b3e7e70353a84e4bf87d687ddc79e,sslbl,ConnectWise C&C,"sslbl,2026-08-28",2026-08-29 04:06:17,2026-08-31 17:17:51,88
ssl_sha1,41fb7a086b442b60106c064b90f453aa98d0056b,sslbl,Vidar C&C,"sslbl,2026-07-09",2026-07-09 20:25:43,2026-08-31 17:17:51,88
ssl_sha1,42412a6aee2a4ff0234fc0afe142d5a2bf8f1e92,sslbl,HypeAgent C&C,"sslbl,2026-08-27",2026-08-27 16:06:11,2026-08-31 17:17:51,88
ssl_sha1,4264b1c47eac055ce604ef3509d23cd7e3bd584b,sslbl,Vidar C&C,"sslbl,2026-07-16",2026-07-16 17:20:54,2026-08-31 17:17:51,88
ssl_sha1,441b920d869b1e83fe18a2d86d4b6be20099c145,sslbl,ConnectWise C&C,"sslbl,2026-08-07",2026-08-07 12:43:25,2026-08-31 17:17:51,88
ssl_sha1,44319377ae94a257a0c081e5fdcb97d1d93b127d,sslbl,ConnectWise C&C,"sslbl,2026-07-15",2026-07-16 05:21:37,2026-08-31 17:17:51,88
ssl_sha1,4442db8ed5780616c630362ab45b8e59f40a2e5a,sslbl,Vidar C&C,"sslbl,2026-08-19",2026-08-19 16:06:13,2026-08-31 17:17:51,88
ssl_sha1,448bf34943609cd5dcadf4b1dc58512df0718e57,sslbl,PureLogsStealer C&C,"sslbl,2026-08-06",2026-08-06 12:43:05,2026-08-31 17:17:51,88
ssl_sha1,450a46fca2ded0fb7231080b7ec1fef089aa6abe,sslbl,Stealc C&C,"sslbl,2026-08-27",2026-08-27 16:06:11,2026-08-31 17:17:51,88
ssl_sha1,45152caa36a93f2aa9dab483d4c57531221c431d,sslbl,DCRat C&C,"sslbl,2026-08-20",2026-08-20 16:06:17,2026-08-31 17:17:51,88
ssl_sha1,4525d76a2086fb71cddff33816f107dd8a57564c,sslbl,PureRAT C&C,"sslbl,2026-07-06",2026-07-06 14:36:57,2026-08-31 17:17:51,88
ssl_sha1,45bbc5ebc131cca9663c35c95459564007049d07,sslbl,Vidar C&C,"sslbl,2026-07-25",2026-07-25 17:35:24,2026-08-31 17:17:51,88
ssl_sha1,4672fba181056b9df706573af71ad6462ea3df67,sslbl,PureLogsStealer C&C,"sslbl,2026-08-11",2026-08-11 12:42:27,2026-08-31 17:17:51,88
ssl_sha1,46a2a90c5813eda22263c058742902faf1def5a6,sslbl,ConnectWise C&C,"sslbl,2026-08-14",2026-08-14 08:13:11,2026-08-31 17:17:51,88
ssl_sha1,472239fd43cdfe3b960245672b183c4be200ed7a,sslbl,Vidar C&C,"sslbl,2026-07-23",2026-07-24 05:35:19,2026-08-31 17:17:51,88
ssl_sha1,47a42b7e960e081fb973d80964554f4dea813c9d,sslbl,PureLogsStealer C&C,"sslbl,2026-07-15",2026-07-16 05:21:37,2026-08-31 17:17:51,88
ssl_sha1,481d7383aaeec383beb3012d8dfd20548837e42b,sslbl,PureRAT C&C,"sslbl,2026-08-20",2026-08-20 16:06:17,2026-08-31 17:17:51,88
ssl_sha1,48381652ae3e124b686c25282dac3858a5f2de3e,sslbl,PureRAT C&C,"sslbl,2026-07-21",2026-07-21 17:20:42,2026-08-31 17:17:51,88
ssl_sha1,4a67cf0297c6308d31cbd2e89cd5246817bb1330,sslbl,ACRStealer C&C,"sslbl,2026-08-28",2026-08-28 16:06:18,2026-08-31 17:17:51,88
ssl_sha1,4a6e8bfafdb4754d3fbc09a01e52a88d9d4dd57c,sslbl,OffLoader C&C,"sslbl,2026-08-19",2026-08-19 16:06:13,2026-08-31 17:17:51,88
ssl_sha1,4ab5197c559d38f2d4886d00f7140b09318bc5ca,sslbl,Vidar C&C,"sslbl,2026-07-13",2026-07-13 20:25:50,2026-08-31 17:17:51,88
ssl_sha1,4af51082ffa699d104ec1f66263afc8efa99cf76,sslbl,OffLoader C&C,"sslbl,2026-07-09",2026-07-09 20:25:43,2026-08-31 17:17:51,88
ssl_sha1,4af902fc388e5b848db1767a6c708e2ada0ad99a,sslbl,Vidar C&C,"sslbl,2026-08-31",2026-08-31 16:06:17,2026-08-31 17:17:51,88
ssl_sha1,4b75d1218c87bc4192b6be37dbd990c11859fef8,sslbl,Metasploit C&C,"sslbl,2026-07-16",2026-07-16 17:20:54,2026-08-31 17:17:51,88
ssl_sha1,4bd9fa1c2cefa0f68b276923d33e9989e2fd0031,sslbl,PureRAT C&C,"sslbl,2026-08-04",2026-08-04 07:49:13,2026-08-31 17:17:51,88
ssl_sha1,4c67471be88dd63db2466621fe9e2a2d848f5b79,sslbl,QuasarRAT C&C,"sslbl,2026-07-13",2026-07-13 20:25:50,2026-08-31 17:17:51,88
ssl_sha1,4c7132f9c8bfa60751049644820c6f3a90884ff2,sslbl,RatonRAT C&C,"sslbl,2026-08-19",2026-08-19 16:06:13,2026-08-31 17:17:51,88
ssl_sha1,4cad5fa297a09de48d002bf034f543fd7a9384ed,sslbl,Vidar C&C,"sslbl,2026-08-12",2026-08-12 12:42:52,2026-08-31 17:17:51,88
ssl_sha1,4e5b7b186ad51a93d4e1ba0e2b5ca006b62571be,sslbl,AsyncRAT C&C,"sslbl,2026-07-21",2026-07-21 17:20:42,2026-08-31 17:17:51,88
ssl_sha1,4ee6cf96fce286a8e41faa52626ccf484c72a772,sslbl,Vidar C&C,"sslbl,2026-08-14",2026-08-14 08:13:11,2026-08-31 17:17:51,88
ssl_sha1,4f6db5622e97cb304f7a739d60c8c3acba13f260,sslbl,Stealc C&C,"sslbl,2026-08-19",2026-08-19 16:06:13,2026-08-31 17:17:51,88
ssl_sha1,5017bd59caaf4a057c724b366aa9530e5cc19931,sslbl,ConnectWise C&C,"sslbl,2026-08-04",2026-08-04 07:49:13,2026-08-31 17:17:51,88
ssl_sha1,501d817bb1780acfe5e47082c43472bda8068e4d,sslbl,LummaStealer C&C,"sslbl,2026-07-13",2026-07-13 20:25:50,2026-08-31 17:17:51,88
ssl_sha1,508ab3696a27249abc7ea437ee1b8bcb8a999d65,sslbl,OverlordRAT C&C,"sslbl,2026-08-08",2026-08-09 00:42:39,2026-08-31 17:17:51,88
ssl_sha1,50c542ca788f012319a8f72453ae5431e0213a4f,sslbl,PureLogsStealer C&C,"sslbl,2026-08-19",2026-08-19 16:06:13,2026-08-31 17:17:51,88
ssl_sha1,50cad154b9d5fdd19c3f67162257de03d3a6afcd,sslbl,OffLoader C&C,"sslbl,2026-07-17",2026-07-17 17:21:06,2026-08-31 17:17:51,88
ssl_sha1,51addb0b10ea11992e4a7dcc168fe8c6eaddf0be,sslbl,OffLoader C&C,"sslbl,2026-07-06",2026-07-06 14:36:57,2026-08-31 17:17:51,88
ssl_sha1,52a61a5bae1d5d4fb771c4d8ab668c3570c77283,sslbl,PureRAT C&C,"sslbl,2026-08-31",2026-08-31 16:06:17,2026-08-31 17:17:51,88
ssl_sha1,52b3c657964c5ac626f54446cbfb75165d215d65,sslbl,PureLogsStealer C&C,"sslbl,2026-08-04",2026-08-04 07:49:13,2026-08-31 17:17:51,88
ssl_sha1,53e5a73e14b16d4140421466795a2196a53e2bbc,sslbl,PureRAT C&C,"sslbl,2026-08-27",2026-08-27 16:06:11,2026-08-31 17:17:51,88
ssl_sha1,544c1e86e02e5ac18fabe17fff152e4c7e370990,sslbl,ACRStealer C&C,"sslbl,2026-07-23",2026-07-23 18:30:39,2026-08-31 17:17:51,88
ssl_sha1,55828dc9278fe7cc50514d9e95e64422804a0b84,sslbl,OffLoader C&C,"sslbl,2026-08-10",2026-08-10 12:42:40,2026-08-31 17:17:51,88
ssl_sha1,55f0fc964675706a15353d56745bb20d95213e53,sslbl,Malware distribution,"sslbl,2026-07-09",2026-07-09 20:25:43,2026-08-31 17:17:51,88
ssl_sha1,572029fec2909ba613cee3c3698b8a49af83b428,sslbl,OffLoader C&C,"sslbl,2026-07-15",2026-07-16 05:21:37,2026-08-31 17:17:51,88
ssl_sha1,573ff46149f8feb36cd0dbf80427b88aa156ed7b,sslbl,KongTuke C&C,"sslbl,2026-07-17",2026-07-17 17:21:06,2026-08-31 17:17:51,88
ssl_sha1,57dd505a5d745deaa32411f3f7e247e6795164a5,sslbl,Vidar C&C,"sslbl,2026-08-19",2026-08-19 16:06:13,2026-08-31 17:17:51,88
ssl_sha1,58243e4728cadacb308dfa0b964571e374ac3c1c,sslbl,Vidar C&C,"sslbl,2026-08-04",2026-08-04 07:49:13,2026-08-31 17:17:51,88
ssl_sha1,58a5ded84c93621d72ecc14b386e0e6bea5d103a,sslbl,Vidar C&C,"sslbl,2026-07-15",2026-07-16 05:21:37,2026-08-31 17:17:51,88
ssl_sha1,59658d5b08a31b31941b598ef4287fecf26a5e54,sslbl,PureLogsStealer C&C,"sslbl,2026-07-06",2026-07-06 14:36:57,2026-08-31 17:17:51,88
ssl_sha1,5b0334a2bc768aa1fef1eb0d10bf52edb071bf1c,sslbl,Vidar C&C,"sslbl,2026-08-10",2026-08-10 12:42:40,2026-08-31 17:17:51,88
ssl_sha1,5b276d28106cb7d91dd5f810e61d9523d34c7804,sslbl,PureLogsStealer C&C,"sslbl,2026-08-21",2026-08-21 16:09:28,2026-08-31 17:17:51,88
ssl_sha1,5b3c4900b63eb2ca8d0d174ef9e989324bc58c0d,sslbl,TELEPUZ C&C,"sslbl,2026-08-21",2026-08-21 16:09:28,2026-08-31 17:17:51,88
ssl_sha1,5b86c194e3e28190e76652c7a39e9acbf849ada2,sslbl,Vidar C&C,"sslbl,2026-08-13",2026-08-13 08:13:02,2026-08-31 17:17:51,88
ssl_sha1,5d801efeb2e22aa0da901ffbce45db05a80a7b0b,sslbl,Vidar C&C,"sslbl,2026-08-25",2026-08-25 16:07:37,2026-08-31 17:17:51,88
ssl_sha1,5dc598df9a1f9cf893ce86b54f8be517475d1ff9,sslbl,OffLoader C&C,"sslbl,2026-07-21",2026-07-21 17:20:42,2026-08-31 17:17:51,88
ssl_sha1,5dcd3232fc9873ebedca38f8ba5992fce6dccb61,sslbl,PureLogsStealer C&C,"sslbl,2026-08-05",2026-08-06 00:43:27,2026-08-31 17:17:51,88
ssl_sha1,5df6480942779ca755ba42db5446f6492a3bb99b,sslbl,PureLogsStealer C&C,"sslbl,2026-08-26",2026-08-26 16:06:11,2026-08-31 17:17:51,88
ssl_sha1,5e06eaa686adc5ca8fd118752c6667e826bbcad0,sslbl,ConnectWise C&C,"sslbl,2026-08-28",2026-08-29 04:06:17,2026-08-31 17:17:51,88
ssl_sha1,5e7110d4c25e3aef153d9d38610550ad510f23cf,sslbl,Vidar C&C,"sslbl,2026-08-19",2026-08-19 16:06:13,2026-08-31 17:17:51,88
ssl_sha1,60df0e327f3736946e966b453ef233da0c42b927,sslbl,Havoc C&C,"sslbl,2026-08-10",2026-08-10 12:42:40,2026-08-31 17:17:51,88
ssl_sha1,61042420cd71b5edcdd9ef7ff070deef7398a725,sslbl,Vidar C&C,"sslbl,2026-08-04",2026-08-04 07:49:13,2026-08-31 17:17:51,88
ssl_sha1,632061b26a93455e9c4f0ac413deae710c920216,sslbl,PureLogsStealer C&C,"sslbl,2026-07-21",2026-07-21 17:20:42,2026-08-31 17:17:51,88
ssl_sha1,64ba3430f767ced74b2828509a653187e9553971,sslbl,Vidar C&C,"sslbl,2026-08-11",2026-08-12 00:43:15,2026-08-31 17:17:51,88
ssl_sha1,64e6fe29e84ea3ecaaef08920d8ceb9567240166,sslbl,Vidar C&C,"sslbl,2026-08-25",2026-08-25 16:07:37,2026-08-31 17:17:51,88
ssl_sha1,655b8a9e32dd444d708ab21eb8604f89332db8ab,sslbl,Vidar C&C,"sslbl,2026-08-27",2026-08-27 16:06:11,2026-08-31 17:17:51,88
ssl_sha1,659379b480f2d3448f8946b0961115e00bfdbce0,sslbl,OffLoader C&C,"sslbl,2026-07-13",2026-07-13 20:25:49,2026-08-31 17:17:51,88
ssl_sha1,664729bef77ee9c9f2f523fc1305ef65fa05dbae,sslbl,Vidar C&C,"sslbl,2026-08-11",2026-08-11 12:42:27,2026-08-31 17:17:51,88
ssl_sha1,6647f9e4a2e273d7b78ff02be7114b0e9e2a719f,sslbl,AsyncRAT C&C,"sslbl,2026-08-04",2026-08-04 07:49:13,2026-08-31 17:17:51,88
ssl_sha1,67044f9079f804d4a6217093c679897fec1f90e2,sslbl,AsyncRAT C&C,"sslbl,2026-07-23",2026-07-24 05:35:19,2026-08-31 17:17:51,88
ssl_sha1,674a11078348ede85c2e978063a1eb6ea1dbfd81,sslbl,OffLoader C&C,"sslbl,2026-08-26",2026-08-26 16:06:11,2026-08-31 17:17:51,88
ssl_sha1,680cfafa3541d8bdf18c8725016b0d987b9a7dbc,sslbl,DCRat C&C,"sslbl,2026-08-13",2026-08-13 08:13:02,2026-08-31 17:17:51,88
ssl_sha1,6852cc75937e2d30455d30257da88d19e57d5ef2,sslbl,Malware distribution,"sslbl,2026-07-11",2026-07-11 08:25:58,2026-08-31 17:17:51,88
ssl_sha1,687928f5bd90cb243f29760de8d299236de2cadf,sslbl,PureRAT C&C,"sslbl,2026-08-19",2026-08-20 04:06:14,2026-08-31 17:17:51,88
ssl_sha1,68ffb512bc3f1f544502736127d3bdbd6ece390b,sslbl,OffLoader C&C,"sslbl,2026-07-15",2026-07-16 05:21:37,2026-08-31 17:17:51,88
ssl_sha1,6a0fa16417ad776c441dab2aacb50bd3e64bd4c3,sslbl,QuimaRAT C&C,"sslbl,2026-07-09",2026-07-09 20:25:43,2026-08-31 17:17:51,88
ssl_sha1,6a338d0e652aeb230f0b42e3916ff0f8b86d7409,sslbl,AsyncRAT C&C,"sslbl,2026-07-09",2026-07-09 20:25:43,2026-08-31 17:17:51,88
ssl_sha1,6ca71f241dad148aaee6ea4a345e1ef1adaa0ffb,sslbl,KongTuke C&C,"sslbl,2026-07-23",2026-07-23 18:30:39,2026-08-31 17:17:51,88
ssl_sha1,6cac7b4801a4e5b675050769d90bb1da5306d537,sslbl,ConnectWise C&C,"sslbl,2026-08-04",2026-08-04 07:49:13,2026-08-31 17:17:51,88
ssl_sha1,6cd9f5c15b172c39fd51e13d36d39c73a4d1395a,sslbl,OffLoader C&C,"sslbl,2026-07-06",2026-07-06 14:36:57,2026-08-31 17:17:51,88
ssl_sha1,6d92d180394761c59cc1455cf6a7c773fb4efabe,sslbl,PureRAT C&C,"sslbl,2026-08-20",2026-08-20 16:06:17,2026-08-31 17:17:51,88
ssl_sha1,6e64e6fafd7922f1100ce4f5334fef6dd75b2e66,sslbl,PureLogsStealer C&C,"sslbl,2026-08-06",2026-08-06 12:43:05,2026-08-31 17:17:51,88
ssl_sha1,711c3a7bd15ae5377f4c395e23b3d8b8f1327ced,sslbl,Vidar C&C,"sslbl,2026-08-30",2026-08-30 16:06:18,2026-08-31 17:17:51,88
ssl_sha1,714c56e9e207d5c8e08e1ca28cd9ba85f079d061,sslbl,AsyncRAT C&C,"sslbl,2026-08-08",2026-08-09 00:42:39,2026-08-31 17:17:51,88
ssl_sha1,72a2354f33ff1d38b31cb19209b4b90acafaf46d,sslbl,Vidar C&C,"sslbl,2026-07-07",2026-07-07 17:20:36,2026-08-31 17:17:51,88
ssl_sha1,73202d8d2ac9a9e04c2bdefa6ea8db2860d779a9,sslbl,Vidar C&C,"sslbl,2026-07-23",2026-07-24 05:35:19,2026-08-31 17:17:51,88
ssl_sha1,732c7efa7d624c30b074e78df6595f54fde9188d,sslbl,Vidar C&C,"sslbl,2026-08-20",2026-08-20 16:06:17,2026-08-31 17:17:51,88
ssl_sha1,7403dde12ab9b1c61109441a97fcda78ef197155,sslbl,PureRAT C&C,"sslbl,2026-07-14",2026-07-14 08:25:37,2026-08-31 17:17:51,88
ssl_sha1,742d693a2a83e70088711c99db5db56b1aa4b9da,sslbl,Malware distribution,"sslbl,2026-07-23",2026-07-24 05:35:19,2026-08-31 17:17:51,88
ssl_sha1,745edb7835e0a1ef871d1c027651ed4dfbfd406c,sslbl,Vidar C&C,"sslbl,2026-07-13",2026-07-13 20:25:50,2026-08-31 17:17:51,88
ssl_sha1,75e6afe2cfc9539d7ea95631e78ff0b841ba0a4f,sslbl,ConnectWise C&C,"sslbl,2026-07-09",2026-07-09 20:25:43,2026-08-31 17:17:51,88
ssl_sha1,769a6310d3d9533c1b3e0ddee3c1b6ebbda60891,sslbl,OffLoader C&C,"sslbl,2026-08-07",2026-08-07 12:43:25,2026-08-31 17:17:51,88
ssl_sha1,7767913e33fac1ed9c448460267ca0e6cbe627b4,sslbl,Vidar C&C,"sslbl,2026-07-30",2026-07-31 05:35:34,2026-08-31 17:17:51,88
ssl_sha1,77b9903c538d045e266bd4d6cf40ede0b040b403,sslbl,ConnectWise C&C,"sslbl,2026-08-27",2026-08-27 16:06:11,2026-08-31 17:17:51,88
ssl_sha1,78dc4f50971751cbf98b96219dd56f099095a717,sslbl,Vidar C&C,"sslbl,2026-08-13",2026-08-13 08:13:02,2026-08-31 17:17:51,88
ssl_sha1,790c3281bc5b0087d59aaa1436e7516ca007fc07,sslbl,ZigClipper C&C,"sslbl,2026-07-09",2026-07-09 20:25:43,2026-08-31 17:17:51,88
ssl_sha1,793ccba0eaedcd1a87bb5200cde5a1c9f21ad4ad,sslbl,Vidar C&C,"sslbl,2026-08-12",2026-08-12 12:42:52,2026-08-31 17:17:51,88
ssl_sha1,79e9e22d16866b1126c524c08afda88a225d6545,sslbl,ACRStealer C&C,"sslbl,2026-08-19",2026-08-19 16:06:13,2026-08-31 17:17:51,88
ssl_sha1,7a8f361d188e552651fea1204d5399d889312da2,sslbl,Vidar C&C,"sslbl,2026-07-12",2026-07-12 08:25:44,2026-08-31 17:17:51,88
ssl_sha1,7a9be497f84c09e7591ba7c7d69539a6e0468302,sslbl,Vidar C&C,"sslbl,2026-08-24",2026-08-24 16:06:10,2026-08-31 17:17:51,88
ssl_sha1,7b5604ee44715ba0b4e92c2281f30c5a3416ca41,sslbl,ACRStealer C&C,"sslbl,2026-07-24",2026-07-24 17:35:21,2026-08-31 17:17:51,88
ssl_sha1,7bbac2b67988c36fa1dbd3a75dc06629f766ccaf,sslbl,Vidar C&C,"sslbl,2026-08-13",2026-08-13 20:13:53,2026-08-31 17:17:51,88
ssl_sha1,7bdeed30f5501a30f6aecc3f3cc372f7e52d6ce0,sslbl,ConnectWise C&C,"sslbl,2026-08-07",2026-08-07 12:43:25,2026-08-31 17:17:51,88
ssl_sha1,7bf6011a10ea612968ea925608fa67b5d599863a,sslbl,Vidar C&C,"sslbl,2026-08-12",2026-08-12 12:42:52,2026-08-31 17:17:51,88
ssl_sha1,7bf78d44f61a05e919479a1cf3e0ce158a50a0c6,sslbl,AsyncRAT C&C,"sslbl,2026-08-18",2026-08-18 22:07:31,2026-08-31 17:17:51,88
ssl_sha1,7c27d36636428305d692f50c753e2e9af3897290,sslbl,ConnectWise C&C,"sslbl,2026-07-15",2026-07-16 05:21:37,2026-08-31 17:17:51,88
ssl_sha1,7c3a6c14032bce06d59bd68a7b61a8b88fe222ac,sslbl,OffLoader C&C,"sslbl,2026-08-11",2026-08-11 12:42:27,2026-08-31 17:17:51,88
ssl_sha1,7ddfe490347dc28f3e39de9be9d61940b6b98526,sslbl,ACRStealer C&C,"sslbl,2026-07-13",2026-07-13 08:25:39,2026-08-31 17:17:51,88
ssl_sha1,7f111c69f42266b474927156f103d70843e7f82b,sslbl,RatonRAT C&C,"sslbl,2026-08-27",2026-08-27 16:06:11,2026-08-31 17:17:51,88
ssl_sha1,7f1ed4a13d8a2ba6e690ecaf66a9dfa42dd8d9d1,sslbl,ValleyRAT C&C,"sslbl,2026-08-25",2026-08-25 16:07:37,2026-08-31 17:17:51,88
ssl_sha1,7f44d36f1f6bd375ba4e4a7866328a76047ce498,sslbl,AsyncRAT C&C,"sslbl,2026-08-19",2026-08-19 16:06:13,2026-08-31 17:17:51,88
ssl_sha1,7f563e6df9b87f615f2d492ba68d5df373a6ca26,sslbl,ACRStealer C&C,"sslbl,2026-07-18",2026-07-19 05:20:40,2026-08-31 17:17:51,88
ssl_sha1,7f73eeb03e7df441484d4610c5a0c3a02f166989,sslbl,PureLogsStealer C&C,"sslbl,2026-08-20",2026-08-20 16:06:17,2026-08-31 17:17:51,88
ssl_sha1,80c36e681125d92c8edfbf7adce71d3bda48d1f9,sslbl,Malware distribution,"sslbl,2026-07-23",2026-07-24 05:35:19,2026-08-31 17:17:51,88
ssl_sha1,811f3a6d406105ca7844722f280f075058d1e1ae,sslbl,PureRAT C&C,"sslbl,2026-07-09",2026-07-09 20:25:43,2026-08-31 17:17:51,88
ssl_sha1,820cd09994b3e76f6e89926a4b94ec0ccacd888c,sslbl,OffLoader C&C,"sslbl,2026-07-23",2026-07-24 05:35:19,2026-08-31 17:17:51,88
ssl_sha1,824d7a319b89b78f79a191f8c34bcfcd0a69abff,sslbl,PureLogsStealer C&C,"sslbl,2026-07-14",2026-07-14 08:25:37,2026-08-31 17:17:51,88
ssl_sha1,83424f01b8b7262f3a3cd61048d3337afdcca58a,sslbl,KongTuke C&C,"sslbl,2026-07-16",2026-07-16 17:20:54,2026-08-31 17:17:51,88
ssl_sha1,83ff65960d2df4b29e78d6fd0342dcd5f053eb13,sslbl,QuasarRAT C&C,"sslbl,2026-07-06",2026-07-06 14:36:57,2026-08-31 17:17:51,88
ssl_sha1,841672d728070f0e4519a650a9c8618f9b80c502,sslbl,PureLogsStealer C&C,"sslbl,2026-08-28",2026-08-28 16:06:18,2026-08-31 17:17:51,88
ssl_sha1,847e013a4d337babfdf203eba82d2d32717b9d2d,sslbl,PureLogsStealer C&C,"sslbl,2026-08-10",2026-08-11 00:42:33,2026-08-31 17:17:51,88
ssl_sha1,8508e14457ad7de321edddf3688e124d5f1d652c,sslbl,Vidar C&C,"sslbl,2026-08-28",2026-08-28 16:06:18,2026-08-31 17:17:51,88
ssl_sha1,85f5e4e0d8c608a11c4e493eb349a7a4c8c4bc9d,sslbl,AsyncRAT C&C,"sslbl,2026-07-13",2026-07-13 20:25:50,2026-08-31 17:17:51,88
ssl_sha1,865a8d01e86bcf06890c09c7b3e9f2c786d7e600,sslbl,PureRAT C&C,"sslbl,2026-08-20",2026-08-20 16:06:17,2026-08-31 17:17:51,88
ssl_sha1,8680ee5519b665906679e979e8b2c949dac26fa9,sslbl,PureRAT C&C,"sslbl,2026-07-06",2026-07-06 14:36:57,2026-08-31 17:17:51,88
ssl_sha1,87feeb825ed6c63616f07bcc03b76454c7e1612f,sslbl,Vidar C&C,"sslbl,2026-08-12",2026-08-12 12:42:52,2026-08-31 17:17:51,88
ssl_sha1,88b2180ded8f8a30de34b4dc84c2328bbd0af49f,sslbl,PureRAT C&C,"sslbl,2026-08-10",2026-08-10 12:42:40,2026-08-31 17:17:51,88
ssl_sha1,89bbec947a91917d4676037abb417ceb72770851,sslbl,Vidar C&C,"sslbl,2026-08-17",2026-08-17 08:13:04,2026-08-31 17:17:51,88
ssl_sha1,8a6a82fdb53374bd62b62120a007ceb19d4ad827,sslbl,OffLoader C&C,"sslbl,2026-08-11",2026-08-11 12:42:27,2026-08-31 17:17:51,88
ssl_sha1,8b41b8741c4d2a24de0aba241f742f043f1014d1,sslbl,Vidar C&C,"sslbl,2026-08-27",2026-08-27 16:06:11,2026-08-31 17:17:51,88
ssl_sha1,8b6153391f8b6caaad5e0c11054a98ff35e4b605,sslbl,ZigClipper C&C,"sslbl,2026-07-11",2026-07-11 08:25:58,2026-08-31 17:17:51,88
ssl_sha1,8bdf129211692888e48d0970e49a8559450974dc,sslbl,AdaptixC2 C&C,"sslbl,2026-08-07",2026-08-07 12:43:25,2026-08-31 17:17:51,88
ssl_sha1,8befa0033eaaa1693777be12aa7d9236a9caf188,sslbl,Vidar C&C,"sslbl,2026-08-11",2026-08-11 12:42:27,2026-08-31 17:17:51,88
ssl_sha1,8c2a430246ca36ca14885fe1a101c61eaab4a96c,sslbl,AsyncRAT C&C,"sslbl,2026-08-31",2026-08-31 16:06:17,2026-08-31 17:17:51,88
ssl_sha1,8c6132e27eb7bfe859029b583c55243baf3f3029,sslbl,PureRAT C&C,"sslbl,2026-08-20",2026-08-20 16:06:17,2026-08-31 17:17:51,88
ssl_sha1,8c798a5e27290e239890509e6b0c08c214664a87,sslbl,Vidar C&C,"sslbl,2026-08-12",2026-08-12 12:42:52,2026-08-31 17:17:51,88
ssl_sha1,8d6fdff168340e954aad4f0f924276cd5b6e31b2,sslbl,Vidar C&C,"sslbl,2026-08-18",2026-08-18 10:07:25,2026-08-31 17:17:51,88
ssl_sha1,8d8f084ddf2729d1f4747f2a428dd8d9b13e1cfa,sslbl,OffLoader C&C,"sslbl,2026-08-22",2026-08-22 16:06:16,2026-08-31 17:17:51,88
ssl_sha1,8ef5bc8cb7d00d8b89bacbd4f9405f402d1a002e,sslbl,SheetRAT C&C,"sslbl,2026-07-15",2026-07-16 05:21:37,2026-08-31 17:17:51,88
ssl_sha1,8f000dbd7cc73e8857d42a3c7c15676305af6889,sslbl,AsyncRAT C&C,"sslbl,2026-07-13",2026-07-13 20:25:50,2026-08-31 17:17:51,88
ssl_sha1,8f0bfca0ab1d555a035d5b498c9e26acdab3d7aa,sslbl,ACRStealer C&C,"sslbl,2026-08-10",2026-08-10 12:42:40,2026-08-31 17:17:51,88
ssl_sha1,8f0de55e89d97b4f3581f77805955a2b719563b8,sslbl,PureRAT C&C,"sslbl,2026-07-23",2026-07-24 05:35:19,2026-08-31 17:17:51,88
ssl_sha1,8f1262eb935ec90abdbe1db5106eb3831a5669a7,sslbl,ConnectWise C&C,"sslbl,2026-07-09",2026-07-09 20:25:43,2026-08-31 17:17:51,88
ssl_sha1,8f154a9a3584398eb6be34b0e2f05c79c63cea6a,sslbl,OffLoader C&C,"sslbl,2026-08-28",2026-08-29 04:06:17,2026-08-31 17:17:51,88
ssl_sha1,9000e46cabc64219fb1447d59d5443afcb412e36,sslbl,Vidar C&C,"sslbl,2026-07-21",2026-07-21 17:20:42,2026-08-31 17:17:51,88
ssl_sha1,902ba39855eb908aafcd70c385e68668fb57c1d8,sslbl,Malware distribution,"sslbl,2026-07-09",2026-07-09 20:25:43,2026-08-31 17:17:51,88
ssl_sha1,919d5be1da2b1383786286d0fb199f4575db0d59,sslbl,Vidar C&C,"sslbl,2026-08-12",2026-08-12 12:42:52,2026-08-31 17:17:51,88
ssl_sha1,92bebc09af464e669c68d95052916e76f989e043,sslbl,Malware C&C,"sslbl,2026-08-04",2026-08-05 12:42:46,2026-08-31 17:17:51,88
ssl_sha1,930851db267db9c407bc5adaa9d49f5c994abece,sslbl,PureRAT C&C,"sslbl,2026-08-10",2026-08-10 12:42:40,2026-08-31 17:17:51,88
ssl_sha1,940df23eebede1e1e33a4c521ba05b4b37d04d68,sslbl,Vidar C&C,"sslbl,2026-08-11",2026-08-12 00:43:15,2026-08-31 17:17:51,88
ssl_sha1,942c595db95914eb4987a1e7ddd6f728fbc674ec,sslbl,PureLogsStealer C&C,"sslbl,2026-08-04",2026-08-05 12:42:46,2026-08-31 17:17:51,88
ssl_sha1,94711c109335059bb2dc4d338f33d3083004d6fa,sslbl,ACRStealer C&C,"sslbl,2026-08-28",2026-08-28 16:06:18,2026-08-31 17:17:51,88
ssl_sha1,94c2c17d919e1560dca7d4980e7f9c6eb5a402a0,sslbl,Vidar C&C,"sslbl,2026-08-14",2026-08-14 08:13:11,2026-08-31 17:17:51,88
ssl_sha1,94eea408b8c901de2367e36bf291ba947b368ee5,sslbl,Vidar C&C,"sslbl,2026-07-13",2026-07-13 20:25:50,2026-08-31 17:17:51,88
ssl_sha1,952bcdeea03ea702626a30069c949581bf2d1b05,sslbl,Vidar C&C,"sslbl,2026-08-18",2026-08-18 22:07:31,2026-08-31 17:17:51,88
ssl_sha1,95a5eea4198c93663802a9ea047164b5497ea27f,sslbl,Malware C&C,"sslbl,2026-08-14",2026-08-14 08:13:11,2026-08-31 17:17:51,88
ssl_sha1,95fcb5ff7bd5e1d06b1e585af4ba3ceb95f01164,sslbl,Vidar C&C,"sslbl,2026-08-11",2026-08-11 12:42:27,2026-08-31 17:17:51,88
ssl_sha1,964d86f575c50b29d2b7157331d556859dd43e5e,sslbl,Vidar C&C,"sslbl,2026-08-05",2026-08-05 12:42:46,2026-08-31 17:17:51,88
ssl_sha1,969b40a4fd2fb579a29aed9b2f81a7cf5cc0b1db,sslbl,PureLogsStealer C&C,"sslbl,2026-08-27",2026-08-27 16:06:11,2026-08-31 17:17:51,88
ssl_sha1,971af46c861e6f88e60b7c07a4850e76423c5c4a,sslbl,ConnectWise C&C,"sslbl,2026-08-07",2026-08-07 12:43:25,2026-08-31 17:17:51,88
ssl_sha1,97cceb2f57c3b60f9d94b4603ac55860aaa9e03d,sslbl,ConnectWise C&C,"sslbl,2026-08-04",2026-08-04 07:49:13,2026-08-31 17:17:51,88
ssl_sha1,97dd1d6a2bc5769af6e0a7999bfaf2aeaf5452a1,sslbl,Vidar C&C,"sslbl,2026-08-05",2026-08-05 12:42:46,2026-08-31 17:17:51,88
ssl_sha1,991bf55fc47c006b3eedf6b348296f9f7aba20eb,sslbl,PureLogsStealer C&C,"sslbl,2026-07-21",2026-07-21 17:20:42,2026-08-31 17:17:51,88
ssl_sha1,99e8e296eae361f7ddeb6ce7cc6d4bd521ee24b3,sslbl,Vidar C&C,"sslbl,2026-08-11",2026-08-11 12:42:27,2026-08-31 17:17:51,88
ssl_sha1,9a7e2e73f967101d75a3cb425b8980d50ca5c001,sslbl,ConnectWise C&C,"sslbl,2026-08-04",2026-08-04 07:49:13,2026-08-31 17:17:51,88
ssl_sha1,9aba7caceb4b84b49aaa4285d73183a94f4a50d5,sslbl,PureRAT C&C,"sslbl,2026-08-08",2026-08-09 00:42:39,2026-08-31 17:17:51,88
ssl_sha1,9b1d8ac99d61fbc0ba58655538c457db69c459e7,sslbl,PureLogsStealer C&C,"sslbl,2026-08-06",2026-08-06 12:43:05,2026-08-31 17:17:51,88
ssl_sha1,9b422835f6e86dcb59e08f1bb9a47576d98fff81,sslbl,Vidar C&C,"sslbl,2026-08-12",2026-08-12 12:42:52,2026-08-31 17:17:51,88
ssl_sha1,9b4c3ff8dc5891693f443320e3c1167c7cebe2b7,sslbl,QuasarRAT C&C,"sslbl,2026-08-13",2026-08-13 20:13:53,2026-08-31 17:17:51,88
ssl_sha1,9b5e0b2f2acb07fb226b8805b3a5fb5a28035e6e,sslbl,PureLogsStealer C&C,"sslbl,2026-08-04",2026-08-05 12:42:46,2026-08-31 17:17:51,88
ssl_sha1,9ba597b7a850fe598927a226f6ab2efd3050ff95,sslbl,Vidar C&C,"sslbl,2026-08-19",2026-08-20 04:06:14,2026-08-31 17:17:51,88
ssl_sha1,9bfa1f9e8d990faec4c91c5b9eaeb15898aff2e7,sslbl,ConnectWise C&C,"sslbl,2026-08-04",2026-08-04 07:49:13,2026-08-31 17:17:51,88
ssl_sha1,9c0a9291be46e42b67835dff9e6c767fd6660287,sslbl,Malware C&C,"sslbl,2026-08-22",2026-08-22 16:06:16,2026-08-31 17:17:51,88
ssl_sha1,9c124d9fc4b10c04767b554f02b92d6591175e8a,sslbl,PureRAT C&C,"sslbl,2026-07-21",2026-07-21 17:20:42,2026-08-31 17:17:51,88
ssl_sha1,9cc76149b07c25893611bc8339406a6312ab2053,sslbl,QuasarRAT C&C,"sslbl,2026-07-09",2026-07-09 20:25:43,2026-08-31 17:17:51,88
ssl_sha1,9cd7f02e5bd6f0cb16141c3205aa9b00b0fce027,sslbl,PureLogsStealer C&C,"sslbl,2026-08-13",2026-08-13 20:13:53,2026-08-31 17:17:51,88
ssl_sha1,9d495a9c646e3962ac5445e9b4da6832164dc4ee,sslbl,OffLoader C&C,"sslbl,2026-08-28",2026-08-28 16:06:18,2026-08-31 17:17:51,88
ssl_sha1,9df53aa0bf7a64882c66ee9c8122b4eae9cf79a6,sslbl,HypeAgent C&C,"sslbl,2026-08-31",2026-08-31 16:06:17,2026-08-31 17:17:51,88
ssl_sha1,9ea13ee5065114aee007c91c941ac3f8483c4326,sslbl,Vidar C&C,"sslbl,2026-08-13",2026-08-13 08:13:02,2026-08-31 17:17:51,88
ssl_sha1,9f0464e29fb94333e1ad31740bf4d4bff89cbd28,sslbl,Vidar C&C,"sslbl,2026-08-28",2026-08-28 16:06:18,2026-08-31 17:17:51,88
ssl_sha1,a0b782d798a48e117c995c9deb013c5cffb0ac58,sslbl,PureLogsStealer C&C,"sslbl,2026-08-11",2026-08-11 12:42:27,2026-08-31 17:17:51,88
ssl_sha1,a0cd40a589573d515fb3d7c30d6de0d45d40a4fa,sslbl,ConnectWise C&C,"sslbl,2026-07-15",2026-07-16 05:21:37,2026-08-31 17:17:51,88
ssl_sha1,a0d553e2a130766628359bea489166c63b9892d7,sslbl,Vidar C&C,"sslbl,2026-08-30",2026-08-30 16:06:18,2026-08-31 17:17:51,88
ssl_sha1,a1146ac98390794517ff821a3377458555100eb3,sslbl,PureLogsStealer C&C,"sslbl,2026-08-04",2026-08-05 12:42:46,2026-08-31 17:17:51,88
ssl_sha1,a133ce088d9ead15855e1343b8e643736d47d7d9,sslbl,ACRStealer C&C,"sslbl,2026-07-11",2026-07-11 08:25:58,2026-08-31 17:17:51,88
ssl_sha1,a18ccdbee8a145ba523641dc63189ad51cd04064,sslbl,PureRAT C&C,"sslbl,2026-08-21",2026-08-21 16:09:28,2026-08-31 17:17:51,88
ssl_sha1,a3aed5e99b2c6563d265a69702d9071940eed8aa,sslbl,ConnectWise C&C,"sslbl,2026-07-15",2026-07-16 05:21:37,2026-08-31 17:17:51,88
ssl_sha1,a41b49d59020b2adde6d68f30aa199dea7e2126b,sslbl,PureLogsStealer C&C,"sslbl,2026-07-09",2026-07-09 20:25:43,2026-08-31 17:17:51,88
ssl_sha1,a45080c92a0b2314966517a4643ebf280e88a11b,sslbl,LummaStealer C&C,"sslbl,2026-08-14",2026-08-14 08:13:11,2026-08-31 17:17:51,88
ssl_sha1,a4a31d169043dc65fd2b36a0352564244c820b1d,sslbl,Malware C&C,"sslbl,2026-08-26",2026-08-26 16:06:11,2026-08-31 17:17:51,88
ssl_sha1,a52e17fe607d1e562e0cb67c6f2342e6b4dbf191,sslbl,Vidar C&C,"sslbl,2026-08-18",2026-08-18 10:07:25,2026-08-31 17:17:51,88
ssl_sha1,a5930d8e37f9f2874a281294d8508dd79df36b98,sslbl,ConnectWise C&C,"sslbl,2026-08-04",2026-08-04 07:49:13,2026-08-31 17:17:51,88
ssl_sha1,a5d4974f89b3751853ea918b1dea7564c7cb8185,sslbl,Vidar C&C,"sslbl,2026-08-27",2026-08-27 16:06:11,2026-08-31 17:17:51,88
ssl_sha1,a6268e092f3de555c67dac2f9e52eae979b3d8e3,sslbl,Vidar C&C,"sslbl,2026-08-17",2026-08-17 08:13:04,2026-08-31 17:17:51,88
ssl_sha1,a6df6eca49e13a8c5ebba1f86ca4c5766b1c1b97,sslbl,KongTuke C&C,"sslbl,2026-07-17",2026-07-17 17:21:06,2026-08-31 17:17:51,88
ssl_sha1,a6e6aa58bac84e56b868f5f618ef227b75d7208e,sslbl,QuasarRAT C&C,"sslbl,2026-08-29",2026-08-29 16:10:47,2026-08-31 17:17:51,88
ssl_sha1,a7a6a1125d19a58e8b9ca2c7d187915e06c0adce,sslbl,OffLoader C&C,"sslbl,2026-08-31",2026-08-31 16:06:17,2026-08-31 17:17:51,88
ssl_sha1,a7fa6117a38135c4d9c26ec7e37f15b361535edf,sslbl,Vidar C&C,"sslbl,2026-08-30",2026-08-30 16:06:18,2026-08-31 17:17:51,88
ssl_sha1,a838f21e4fbcf93b9dcb1adf61ce9a7e07729594,sslbl,OffLoader C&C,"sslbl,2026-07-07",2026-07-07 17:20:36,2026-08-31 17:17:51,88
ssl_sha1,a974b9d90161d8c5221961c65a975d81959cdb40,sslbl,Vidar C&C,"sslbl,2026-08-30",2026-08-31 04:06:19,2026-08-31 17:17:51,88
ssl_sha1,a9ebd28ce7e4ac020e6d263e228b8547e1914bfa,sslbl,Vidar C&C,"sslbl,2026-08-06",2026-08-07 00:43:03,2026-08-31 17:17:51,88
ssl_sha1,aa50e1b4a6e7c66ba2ce4c1c82e62f8d74cd7202,sslbl,Vidar C&C,"sslbl,2026-08-21",2026-08-21 16:09:28,2026-08-31 17:17:51,88
ssl_sha1,aa813482114409b8a5f198a39d02a77d492f7911,sslbl,ACRStealer C&C,"sslbl,2026-07-14",2026-07-14 08:25:37,2026-08-31 17:17:51,88
ssl_sha1,aaa8cad460677d3312a35ccfcf3235361ab9b7e4,sslbl,PureLogsStealer C&C,"sslbl,2026-07-09",2026-07-09 20:25:43,2026-08-31 17:17:51,88
ssl_sha1,aaaa57850472f7c23d75d9470b1f98655d5c3655,sslbl,OffLoader C&C,"sslbl,2026-08-08",2026-08-09 00:42:39,2026-08-31 17:17:51,88
ssl_sha1,aaf31b3f7acfe6dc859d1b6269c7e17337a61fd7,sslbl,OffLoader C&C,"sslbl,2026-08-26",2026-08-26 16:06:11,2026-08-31 17:17:51,88
ssl_sha1,ab273c45f00b156514b5b6be664484911dbed547,sslbl,PureRAT C&C,"sslbl,2026-08-20",2026-08-20 16:06:17,2026-08-31 17:17:51,88
ssl_sha1,ab43d834686476fef1094bb0f9c5eef7d0bcd2f9,sslbl,SparkRAT C&C,"sslbl,2026-08-19",2026-08-19 16:06:13,2026-08-31 17:17:51,88
ssl_sha1,ab53f86d2ce32d9306f431e8e82f39cb31f48a53,sslbl,Vidar C&C,"sslbl,2026-08-19",2026-08-19 16:06:13,2026-08-31 17:17:51,88
ssl_sha1,abacd13c43005d6868d9b586e029a1d6a74e1470,sslbl,ConnectWise C&C,"sslbl,2026-08-19",2026-08-19 16:06:13,2026-08-31 17:17:51,88
ssl_sha1,abe57abc8722c69494113060260ba340cd897744,sslbl,ShellterLoader C&C,"sslbl,2026-08-17",2026-08-17 18:44:22,2026-08-31 17:17:51,88
ssl_sha1,ad3cd2a04112f9ffec395649d537dc68bceb3754,sslbl,PureRAT C&C,"sslbl,2026-08-07",2026-08-07 12:43:25,2026-08-31 17:17:51,88
ssl_sha1,adfc8dd0c5e99a8e33b1df7d5c10fc9653342491,sslbl,ConnectWise C&C,"sslbl,2026-08-22",2026-08-22 16:06:16,2026-08-31 17:17:51,88
ssl_sha1,ae2744e9ad9fb574cb79ceff176cbfc982e4fddb,sslbl,ConnectWise C&C,"sslbl,2026-08-11",2026-08-11 12:42:27,2026-08-31 17:17:51,88
ssl_sha1,aec890965f808398c124d16d25255ac4ed1ce6ca,sslbl,Vidar C&C,"sslbl,2026-08-11",2026-08-11 12:42:27,2026-08-31 17:17:51,88
ssl_sha1,af1a7c59f98298c9d3542e306d0292bdf30b4388,sslbl,PureRAT C&C,"sslbl,2026-08-20",2026-08-20 16:06:17,2026-08-31 17:17:51,88
ssl_sha1,b00aa24dc7459e8a0a8f5fbb3d2a27bd646de1e3,sslbl,HypeAgent C&C,"sslbl,2026-08-18",2026-08-18 10:07:25,2026-08-31 17:17:51,88
ssl_sha1,b0cf2650da454ed5cc67102d95f8b9ba00602ead,sslbl,OffLoader C&C,"sslbl,2026-08-25",2026-08-25 16:07:37,2026-08-31 17:17:51,88
ssl_sha1,b0dfb9c6353dc65a3b503bcb2258db457c5b5947,sslbl,Malware C&C,"sslbl,2026-08-26",2026-08-26 16:06:11,2026-08-31 17:17:51,88
ssl_sha1,b0e16234706cee8e6f50f6397b88aab1d6ee4345,sslbl,ZigClipper C&C,"sslbl,2026-07-11",2026-07-11 08:25:58,2026-08-31 17:17:51,88
ssl_sha1,b1382377a32ee6c85e47edf264f1f6ef5b49e2a3,sslbl,PureLogsStealer C&C,"sslbl,2026-08-31",2026-08-31 16:06:17,2026-08-31 17:17:51,88
ssl_sha1,b14379b3743c37a26289499aca921c99998649f1,sslbl,QuasarRAT C&C,"sslbl,2026-08-04",2026-08-04 07:49:13,2026-08-31 17:17:51,88
ssl_sha1,b23101487158938dc99bd731fe372634ad768a0f,sslbl,PureRAT C&C,"sslbl,2026-08-13",2026-08-13 08:13:02,2026-08-31 17:17:51,88
ssl_sha1,b26d3f583556acab11cbfa864f596c143b15f32d,sslbl,Vidar C&C,"sslbl,2026-08-17",2026-08-17 08:13:04,2026-08-31 17:17:51,88
ssl_sha1,b28f42ca50cfb259dfc8dfe16e13631da75d6397,sslbl,PureLogsStealer C&C,"sslbl,2026-08-20",2026-08-20 16:06:17,2026-08-31 17:17:51,88
ssl_sha1,b2e42b1a036329fa6fef4477d35887b1d357711e,sslbl,Vidar C&C,"sslbl,2026-08-04",2026-08-04 07:49:13,2026-08-31 17:17:51,88
ssl_sha1,b34240912bc1f09b2e2342363647616b1088a1b0,sslbl,PureRAT C&C,"sslbl,2026-08-29",2026-08-29 16:10:47,2026-08-31 17:17:51,88
ssl_sha1,b364395fee8c2e4c9eaf9a2531f6f7ac7bf8e4ae,sslbl,QuasarRAT C&C,"sslbl,2026-08-10",2026-08-10 12:42:40,2026-08-31 17:17:51,88
ssl_sha1,b5b8bebd73d8e8aec88ccc17b1e27c34921667ae,sslbl,Vidar C&C,"sslbl,2026-08-08",2026-08-09 00:42:39,2026-08-31 17:17:51,88
ssl_sha1,b5f071dd28b511f0b4b067507602a779feb4301f,sslbl,AsyncRAT C&C,"sslbl,2026-08-11",2026-08-11 12:42:27,2026-08-31 17:17:51,88
ssl_sha1,b72b8c162f5b2fe045e0445f9be1937d98279092,sslbl,OffLoader C&C,"sslbl,2026-08-19",2026-08-19 16:06:13,2026-08-31 17:17:51,88
ssl_sha1,b73835be5d6f7dbb40f9df1347745bbb0963783c,sslbl,PureLogsStealer C&C,"sslbl,2026-08-26",2026-08-26 16:06:11,2026-08-31 17:17:51,88
ssl_sha1,b7c2e44b35ac1ac31efad28747f2bc44f5d28de8,sslbl,PureRAT C&C,"sslbl,2026-07-21",2026-07-21 17:20:42,2026-08-31 17:17:51,88
ssl_sha1,b8b339de5ea80d17fb5ce2eb144d7ba28b33337a,sslbl,RatonRAT C&C,"sslbl,2026-07-21",2026-07-21 17:20:42,2026-08-31 17:17:51,88
ssl_sha1,b8b347f5d18be90876c3d3a5458b6e60598246bd,sslbl,PureLogsStealer C&C,"sslbl,2026-08-04",2026-08-05 12:42:46,2026-08-31 17:17:51,88
ssl_sha1,b8b410c62bcb320c20cfee554f472df3fa5734e4,sslbl,PureLogsStealer C&C,"sslbl,2026-08-06",2026-08-06 12:43:05,2026-08-31 17:17:51,88
ssl_sha1,b94eb3bcd4a57442c30e14dd2067b0c6c46d9619,sslbl,ConnectWise C&C,"sslbl,2026-08-21",2026-08-21 16:09:28,2026-08-31 17:17:51,88
ssl_sha1,b95285b6b061fd0acf6a5ae95433d703f52d1872,sslbl,PureLogsStealer C&C,"sslbl,2026-08-21",2026-08-21 16:09:28,2026-08-31 17:17:51,88
ssl_sha1,b9e2100c0408138edfedb92704bfc57ef9fb59f0,sslbl,PureLogsStealer C&C,"sslbl,2026-08-10",2026-08-10 12:42:40,2026-08-31 17:17:51,88
ssl_sha1,bca627ea4b11ce235879ac54bcf5ca2121a6ed0c,sslbl,MSDuckStealer C&C,"sslbl,2026-07-07",2026-07-07 17:20:36,2026-08-31 17:17:51,88
ssl_sha1,bdf0b04d7bb20782260ab2c2340da6b85e9f63c0,sslbl,PureRAT C&C,"sslbl,2026-07-23",2026-07-24 05:35:19,2026-08-31 17:17:51,88
ssl_sha1,be12aa485facf3375cc2416e1f8fb28541136b83,sslbl,ConnectWise C&C,"sslbl,2026-08-29",2026-08-29 16:10:47,2026-08-31 17:17:51,88
ssl_sha1,be5b37f69a9cf825cca6d9b0e27e3aeaf0903721,sslbl,ACRStealer C&C,"sslbl,2026-08-27",2026-08-27 16:06:11,2026-08-31 17:17:51,88
ssl_sha1,bf192adc3dcaba7412e15b567de22e3f3150bbf7,sslbl,PureLogsStealer C&C,"sslbl,2026-08-21",2026-08-21 16:09:28,2026-08-31 17:17:51,88
ssl_sha1,bfbcd2802186b6c5707f7ff6341b87c12b97f4a4,sslbl,PureRAT C&C,"sslbl,2026-08-30",2026-08-30 16:06:18,2026-08-31 17:17:51,88
ssl_sha1,c0b1920e3d73babea5c2ef2af7ba72977e65586b,sslbl,Vidar C&C,"sslbl,2026-08-12",2026-08-12 12:42:52,2026-08-31 17:17:51,88
ssl_sha1,c0cd4ac67f8a4febf1c340eb0c914252e8ebf881,sslbl,PureLogsStealer C&C,"sslbl,2026-07-23",2026-07-24 05:35:19,2026-08-31 17:17:51,88
ssl_sha1,c0ee8887cf0998ae07e71d2f78fb121c3bafc9d5,sslbl,PureLogsStealer C&C,"sslbl,2026-07-15",2026-07-16 05:21:37,2026-08-31 17:17:51,88
ssl_sha1,c11fd105f60ade90dc2611391ee6aa93e6c73375,sslbl,AsyncRAT C&C,"sslbl,2026-07-15",2026-07-16 05:21:37,2026-08-31 17:17:51,88
ssl_sha1,c19f09bd89b19cd3223d0c039c41a5baa7307178,sslbl,PureRAT C&C,"sslbl,2026-07-13",2026-07-13 20:25:50,2026-08-31 17:17:51,88
ssl_sha1,c19f8a859e5635a3601eb27c9ac59c88dcf91be1,sslbl,OffLoader C&C,"sslbl,2026-07-06",2026-07-06 14:36:57,2026-08-31 17:17:51,88
ssl_sha1,c24c5b16d1b72ff6933bdc9a5034808630f1413f,sslbl,OffLoader C&C,"sslbl,2026-07-07",2026-07-07 17:20:36,2026-08-31 17:17:51,88
ssl_sha1,c2826e64fffde42b99ba86c30055eb2dbd064319,sslbl,OffLoader C&C,"sslbl,2026-08-05",2026-08-05 12:42:46,2026-08-31 17:17:51,88
ssl_sha1,c2f29eb5f4ef6d51dc8592f534e590311a3ab805,sslbl,KongTuke C&C,"sslbl,2026-07-09",2026-07-09 20:25:43,2026-08-31 17:17:51,88
ssl_sha1,c31650da58712771ad83fd5c6cef97905a255cc5,sslbl,AsyncRAT C&C,"sslbl,2026-07-17",2026-07-17 17:21:06,2026-08-31 17:17:51,88
ssl_sha1,c4e9396a3a0543fa79cc0a8f23395f90a15e03b0,sslbl,AsyncRAT C&C,"sslbl,2026-07-16",2026-07-16 17:20:54,2026-08-31 17:17:51,88
ssl_sha1,c6d367c9312830fbe81f12e8be9f1d56d2e10b13,sslbl,PureRAT C&C,"sslbl,2026-08-20",2026-08-20 16:06:17,2026-08-31 17:17:51,88
ssl_sha1,c7abcfeba6d01d0b78b8c690ab1d8d06078ddf11,sslbl,ConnectWise C&C,"sslbl,2026-08-07",2026-08-07 12:43:25,2026-08-31 17:17:51,88
ssl_sha1,c7ec4c2fa1678702ae684a069cf37a4eef16ef27,sslbl,AsyncRAT C&C,"sslbl,2026-07-23",2026-07-24 05:35:19,2026-08-31 17:17:51,88
ssl_sha1,ca3454955272556813ca9be9954e720fa6b6796a,sslbl,KongTuke C&C,"sslbl,2026-07-14",2026-07-16 05:21:37,2026-08-31 17:17:51,88
ssl_sha1,ca49f3e687d1e1559ffcd877d6292f9997d7782b,sslbl,Malware C&C,"sslbl,2026-07-21",2026-07-21 17:20:42,2026-08-31 17:17:51,88
ssl_sha1,ca8a5bbb1e6b22fa9ad9757c50f1bdaf2c22011d,sslbl,OffLoader C&C,"sslbl,2026-08-30",2026-08-30 16:06:18,2026-08-31 17:17:51,88
ssl_sha1,ca9e642c1028f3a7fa79947493c34a981705a05d,sslbl,DonutLoader C&C,"sslbl,2026-08-04",2026-08-05 12:42:46,2026-08-31 17:17:51,88
ssl_sha1,cbde10c2baa3d573791b7e6044ba4e8f15094cd2,sslbl,PureRAT C&C,"sslbl,2026-08-08",2026-08-09 00:42:39,2026-08-31 17:17:51,88
ssl_sha1,cc7d79ea8261997821ca3c8ad44b61023ad5af89,sslbl,Vidar C&C,"sslbl,2026-08-11",2026-08-11 12:42:27,2026-08-31 17:17:51,88
ssl_sha1,ccc880d541544fedae179d9adcff6f8c74741aed,sslbl,PureRAT C&C,"sslbl,2026-08-04",2026-08-04 07:49:13,2026-08-31 17:17:51,88
ssl_sha1,cd07a2a4c9a93703dc8d1d4e72a12e1cec7f41c7,sslbl,ACRStealer C&C,"sslbl,2026-07-23",2026-07-24 05:35:19,2026-08-31 17:17:51,88
ssl_sha1,cd1f1ffdd1055c9540758327ff1d7698068c9a93,sslbl,Vidar C&C,"sslbl,2026-07-13",2026-07-13 20:25:50,2026-08-31 17:17:51,88
ssl_sha1,cede10451532b072c7017c49ef4fcd273301a826,sslbl,ConnectWise C&C,"sslbl,2026-08-07",2026-08-07 12:43:25,2026-08-31 17:17:51,88
ssl_sha1,cfce3aaff2ad3eae49b37a60d606984bd1492e16,sslbl,PureLogsStealer C&C,"sslbl,2026-07-22",2026-07-22 17:20:46,2026-08-31 17:17:51,88
ssl_sha1,cfe6dcd7527099d525ffa8cec0bd1ab5020d47a7,sslbl,Vidar C&C,"sslbl,2026-08-08",2026-08-09 00:42:39,2026-08-31 17:17:51,88
ssl_sha1,d05f2a01d4f42a8373c707d3622fb447e5aeda86,sslbl,ArkeiStealer C&C,"sslbl,2026-07-09",2026-07-09 20:25:43,2026-08-31 17:17:51,88
ssl_sha1,d06dfdf841a409515705fdf652154c78cf34a21e,sslbl,PureLogsStealer C&C,"sslbl,2026-07-09",2026-07-09 20:25:43,2026-08-31 17:17:51,88
ssl_sha1,d08e16884011f6910fe8087a74dac507ff7d2a6a,sslbl,ACRStealer C&C,"sslbl,2026-07-24",2026-07-24 17:35:21,2026-08-31 17:17:51,88
ssl_sha1,d0944e5765a9b5767d3cf02e3bdd9f466c5391b7,sslbl,Vidar C&C,"sslbl,2026-08-14",2026-08-14 08:13:11,2026-08-31 17:17:51,88
ssl_sha1,d0e596efec703d8645be9af9f1ab51b27714d9ec,sslbl,ConnectWise C&C,"sslbl,2026-08-19",2026-08-19 16:06:13,2026-08-31 17:17:51,88
ssl_sha1,d0eec27b6184ec84b6c3274869667f608e30de16,sslbl,PureRAT C&C,"sslbl,2026-08-20",2026-08-20 16:06:17,2026-08-31 17:17:51,88
ssl_sha1,d123d7f43d63545c7a8f643acbe73e81f35c3f14,sslbl,QuasarRAT C&C,"sslbl,2026-08-28",2026-08-28 16:06:18,2026-08-31 17:17:51,88
ssl_sha1,d18f8b968bd5981971d6699bdc4ed7b96a3e7248,sslbl,Vidar C&C,"sslbl,2026-08-14",2026-08-14 08:13:11,2026-08-31 17:17:51,88
ssl_sha1,d268bd42f68634bb226be6b56dc4b7c13e930d2a,sslbl,PureLogsStealer C&C,"sslbl,2026-08-31",2026-08-31 16:06:17,2026-08-31 17:17:51,88
ssl_sha1,d31628ba7beba86d4beecc67ae79fea667c1a11e,sslbl,OffLoader C&C,"sslbl,2026-08-12",2026-08-12 12:42:52,2026-08-31 17:17:51,88
ssl_sha1,d35b4be8b535918a0656df6b58c8ed8fb23692e0,sslbl,PureRAT C&C,"sslbl,2026-08-06",2026-08-06 12:43:05,2026-08-31 17:17:51,88
ssl_sha1,d43c9f366658adf98f67c12dd8fcb3bca52db900,sslbl,Vidar C&C,"sslbl,2026-08-29",2026-08-29 16:10:47,2026-08-31 17:17:51,88
ssl_sha1,d447d27a879fe80420dc54244870f3f7d25993bb,sslbl,PureLogsStealer C&C,"sslbl,2026-07-23",2026-07-24 05:35:19,2026-08-31 17:17:51,88
ssl_sha1,d45abb7b4fc7a67b785708f4ba88c080b3d0207c,sslbl,ConnectWise C&C,"sslbl,2026-08-19",2026-08-19 16:06:13,2026-08-31 17:17:51,88
ssl_sha1,d490abc2eba705abb1b6391b9be0a12f1e75331b,sslbl,PureLogsStealer C&C,"sslbl,2026-07-16",2026-07-16 17:20:54,2026-08-31 17:17:51,88
ssl_sha1,d5fdf320afff16aee74bb14f25ef245ea75928ad,sslbl,ACRStealer C&C,"sslbl,2026-08-12",2026-08-12 12:42:52,2026-08-31 17:17:51,88
ssl_sha1,d65481efc375fcd9390ace11d51556734efd3676,sslbl,ConnectWise C&C,"sslbl,2026-07-06",2026-07-06 14:36:57,2026-08-31 17:17:51,88
ssl_sha1,d75206e1bb0d0ab79c93e78178e102f6ef071732,sslbl,OffLoader C&C,"sslbl,2026-07-14",2026-07-14 08:25:37,2026-08-31 17:17:51,88
ssl_sha1,d7c3d38e27ab758c908f81b72a6fea1cd1af7369,sslbl,PureLogsStealer C&C,"sslbl,2026-08-04",2026-08-04 07:49:13,2026-08-31 17:17:51,88
ssl_sha1,d7d3f678f9b63334375db11eecc81be2db4db6f0,sslbl,ConnectWise C&C,"sslbl,2026-08-07",2026-08-07 12:43:25,2026-08-31 17:17:51,88
ssl_sha1,d85fb33f78921ec5ce0a2c2a9e9f2b0e8281bfc9,sslbl,AsyncRAT C&C,"sslbl,2026-07-13",2026-07-13 20:25:50,2026-08-31 17:17:51,88
ssl_sha1,d8614f6c4127ebeaf66a898a8e7ce3801cf03c30,sslbl,PureLogsStealer C&C,"sslbl,2026-08-12",2026-08-12 12:42:52,2026-08-31 17:17:51,88
ssl_sha1,d8bdc29b8e9cdd5a849185ca6042d9c6f90d12e7,sslbl,Malware C&C,"sslbl,2026-08-22",2026-08-22 16:06:16,2026-08-31 17:17:51,88
ssl_sha1,d962e722e22971c6b81f89befbbe949241b8c2ec,sslbl,OffLoader C&C,"sslbl,2026-08-21",2026-08-21 16:09:28,2026-08-31 17:17:51,88
ssl_sha1,d9da2988d90a2479eb45e1fc66ff46b04f2289f2,sslbl,ACRStealer C&C,"sslbl,2026-08-28",2026-08-28 16:06:18,2026-08-31 17:17:51,88
ssl_sha1,da841f680c2699118b0f96b74c16b0625e03f180,sslbl,Amadey C&C,"sslbl,2026-08-10",2026-08-10 12:42:40,2026-08-31 17:17:51,88
ssl_sha1,dac0432f5f74d7d465966420968c96166217923f,sslbl,Vidar C&C,"sslbl,2026-08-31",2026-08-31 16:06:17,2026-08-31 17:17:51,88
ssl_sha1,db767b560efd2f6811b4c4adf2b0fdaee18fdad5,sslbl,PureLogsStealer C&C,"sslbl,2026-08-04",2026-08-05 12:42:46,2026-08-31 17:17:51,88
ssl_sha1,db787c8625b794b3d2385274bfdf8f34d731d7d9,sslbl,Vidar C&C,"sslbl,2026-08-27",2026-08-27 16:06:11,2026-08-31 17:17:51,88
ssl_sha1,dbb503055e3d10fa9d7c07f445e1cf6e5959f038,sslbl,PureRAT C&C,"sslbl,2026-08-25",2026-08-25 16:07:37,2026-08-31 17:17:51,88
ssl_sha1,dcbc383f1a16d4b8baa7bfca1bb023f7f65c36f7,sslbl,Vidar C&C,"sslbl,2026-07-11",2026-07-11 08:25:58,2026-08-31 17:17:51,88
ssl_sha1,dce637479f61ac7c43c869dcce6b6a050ee29917,sslbl,ACRStealer C&C,"sslbl,2026-08-12",2026-08-12 12:42:52,2026-08-31 17:17:51,88
ssl_sha1,dcf9b87b04998fde1fa03e83bfb8fec67ab1e1e1,sslbl,ConnectWise C&C,"sslbl,2026-08-04",2026-08-04 07:49:13,2026-08-31 17:17:51,88
ssl_sha1,dd7323e5437c503d3b0f4bc1d268dfffd58b80ab,sslbl,Malware C&C,"sslbl,2026-08-11",2026-08-11 12:42:27,2026-08-31 17:17:51,88
ssl_sha1,dd95dacb4419bad92d3d39fa274af4acc1cb6988,sslbl,ConnectWise C&C,"sslbl,2026-08-04",2026-08-04 07:49:13,2026-08-31 17:17:51,88
ssl_sha1,ddac606a1cf89b62cad44ca59ae7986378f191e7,sslbl,OffLoader C&C,"sslbl,2026-08-27",2026-08-27 16:06:11,2026-08-31 17:17:51,88
ssl_sha1,ddfdf0aa1923b91144b9886e63430e063ad115a8,sslbl,OffLoader C&C,"sslbl,2026-08-29",2026-08-29 16:10:47,2026-08-31 17:17:51,88
ssl_sha1,de7567aa2ce367cb0915ffd8eb55b1e320e726c9,sslbl,PureLogsStealer C&C,"sslbl,2026-08-21",2026-08-21 16:09:28,2026-08-31 17:17:51,88
ssl_sha1,de7a6af567763e1b73a97ed52a1b2166807d8ffc,sslbl,ConnectWise C&C,"sslbl,2026-07-23",2026-07-23 18:30:39,2026-08-31 17:17:51,88
ssl_sha1,ded1fe95801f3c3fd8a1c73360fbaef6697bcf34,sslbl,Malware distribution,"sslbl,2026-08-05",2026-08-05 12:42:46,2026-08-31 17:17:51,88
ssl_sha1,df82e74fbb5bc5ae778b1cc4012b097f1f9a133d,sslbl,PureRAT C&C,"sslbl,2026-07-13",2026-07-13 20:25:50,2026-08-31 17:17:51,88
ssl_sha1,dfde6725130631a83b3d0dc221736bad3db16918,sslbl,OffLoader C&C,"sslbl,2026-08-14",2026-08-14 08:13:11,2026-08-31 17:17:51,88
ssl_sha1,dfefdeb13f78e83fe980b5f8cea29436df4d7ade,sslbl,SheetRAT C&C,"sslbl,2026-07-16",2026-07-16 17:20:54,2026-08-31 17:17:51,88
ssl_sha1,e05145a93b7b5def1ca6c0e356cc4cdba3cbed9f,sslbl,Vidar C&C,"sslbl,2026-07-21",2026-07-21 17:20:42,2026-08-31 17:17:51,88
ssl_sha1,e0ffdffb5d9bf9216ea5e70d4fe2bae919f5a6ca,sslbl,OffLoader C&C,"sslbl,2026-08-20",2026-08-20 16:06:17,2026-08-31 17:17:51,88
ssl_sha1,e11c9cfa144ec7da0f1b77838fd02cfb7e897eaa,sslbl,Vidar C&C,"sslbl,2026-08-11",2026-08-11 12:42:27,2026-08-31 17:17:51,88
ssl_sha1,e15c7bdeb747a9fff47c514a10229a2a59d1157d,sslbl,AnimateClipper C&C,"sslbl,2026-07-29",2026-07-29 17:37:13,2026-08-31 17:17:51,88
ssl_sha1,e1fadee899789d8e802b8b88dcf67e4cae82ccf1,sslbl,Vidar C&C,"sslbl,2026-08-20",2026-08-20 16:06:17,2026-08-31 17:17:51,88
ssl_sha1,e265df346af246b4a57b638872957cacce04f289,sslbl,DumplingsRAT C&C,"sslbl,2026-08-26",2026-08-26 16:06:11,2026-08-31 17:17:51,88
ssl_sha1,e39fdf1800919f6dd77d89bcdbc0b1fe8a9352eb,sslbl,Vidar C&C,"sslbl,2026-08-18",2026-08-18 22:07:31,2026-08-31 17:17:51,88
ssl_sha1,e481c58f5012d5d8a5177bf84b055fc93c06e32e,sslbl,NetSupport C&C,"sslbl,2026-08-29",2026-08-29 16:10:47,2026-08-31 17:17:51,88
ssl_sha1,e553bfd006337f4cb3a3acf5a681980d184b79e6,sslbl,Vidar C&C,"sslbl,2026-07-06",2026-07-06 14:36:57,2026-08-31 17:17:51,88
ssl_sha1,e61c2fca353a70e5eef94a7a6a0d72fa1fcd2df2,sslbl,Amadey C&C,"sslbl,2026-08-10",2026-08-10 12:42:40,2026-08-31 17:17:51,88
ssl_sha1,e63b53c2c26b9bff8f20e018efe7c166ec3c4acd,sslbl,ConnectWise C&C,"sslbl,2026-08-07",2026-08-07 12:43:25,2026-08-31 17:17:51,88
ssl_sha1,e6b44935f6416b11d4ec5d51bbcae9e6f2ab5ce7,sslbl,OffLoader C&C,"sslbl,2026-08-08",2026-08-09 00:42:39,2026-08-31 17:17:51,88
ssl_sha1,e6cc4eebe2d73c7174be4be73bc00d4642122ac4,sslbl,ACRStealer C&C,"sslbl,2026-07-27",2026-07-27 17:35:21,2026-08-31 17:17:51,88
ssl_sha1,e86cb30b97c8af13b305fa5cdc7357e23f633447,sslbl,AsyncRAT C&C,"sslbl,2026-07-16",2026-07-16 17:20:54,2026-08-31 17:17:51,88
ssl_sha1,e953a8c7f135a5b8867b9dfcfc2a1b402f1e289e,sslbl,PureLogsStealer C&C,"sslbl,2026-08-13",2026-08-13 20:13:53,2026-08-31 17:17:51,88
ssl_sha1,eb8e9c5b1aa45b3d4ca6b05695a50aea57f7f56e,sslbl,PureLogsStealer C&C,"sslbl,2026-07-14",2026-07-14 19:40:35,2026-08-31 17:17:51,88
ssl_sha1,ec452c3c30499a1a6983877a2d881c1a8f2955ea,sslbl,Vidar C&C,"sslbl,2026-07-06",2026-07-06 14:36:57,2026-08-31 17:17:51,88
ssl_sha1,ec70fdbbd715a57474807302b27f3eb124b05049,sslbl,Vidar C&C,"sslbl,2026-08-12",2026-08-12 12:42:52,2026-08-31 17:17:51,88
ssl_sha1,ecae976f3eabcaad996e0a431d47bcead61dfb5e,sslbl,RatonRAT C&C,"sslbl,2026-08-21",2026-08-21 16:09:28,2026-08-31 17:17:51,88
ssl_sha1,ece1b6bdc8e62d35188aab274bdb0be28d84c43f,sslbl,QuasarRAT C&C,"sslbl,2026-08-06",2026-08-07 00:43:03,2026-08-31 17:17:51,88
ssl_sha1,ed0d4b2a9c090b6af6c99fd5b899831da206d835,sslbl,Vidar C&C,"sslbl,2026-07-30",2026-07-31 05:35:34,2026-08-31 17:17:51,88
ssl_sha1,ed312f7ad58a9faec6d3c93aabf598335fdf494c,sslbl,Vidar C&C,"sslbl,2026-08-31",2026-08-31 16:06:17,2026-08-31 17:17:51,88
ssl_sha1,edbd45e54859ad7082efb79465ba938bb2581132,sslbl,OffLoader C&C,"sslbl,2026-08-18",2026-08-18 22:07:31,2026-08-31 17:17:51,88
ssl_sha1,edd934290c1a24e425d4d6f6c82a08ebc392b89f,sslbl,OffLoader C&C,"sslbl,2026-08-25",2026-08-25 16:07:37,2026-08-31 17:17:51,88
ssl_sha1,ee36218aaa01a8d8f352e02bc851092fbcf1f1a2,sslbl,Vidar C&C,"sslbl,2026-07-11",2026-07-11 08:25:58,2026-08-31 17:17:51,88
ssl_sha1,eedeb11bc67df6c7b7a714512a59dc346c1b4271,sslbl,Socks5Systemz C&C,"sslbl,2026-08-26",2026-08-26 16:06:11,2026-08-31 17:17:51,88
ssl_sha1,ef5c2a4999763064e2213dbe1c8ed696c0e8914b,sslbl,Vidar C&C,"sslbl,2026-08-29",2026-08-29 16:10:47,2026-08-31 17:17:51,88
ssl_sha1,ef74c5ab92e15e7226ba84cce3a45522c74ba902,sslbl,PureLogsStealer C&C,"sslbl,2026-08-06",2026-08-06 12:43:05,2026-08-31 17:17:51,88
ssl_sha1,ef771150284da548676c603f5a4e1cd2763fd27f,sslbl,PureLogsStealer C&C,"sslbl,2026-08-04",2026-08-04 07:49:13,2026-08-31 17:17:51,88
ssl_sha1,efed7c2a381b7d580caf89354c93991ac2de65b3,sslbl,OffLoader C&C,"sslbl,2026-08-26",2026-08-26 16:06:11,2026-08-31 17:17:51,88
ssl_sha1,f0e6af342ccf5fe1beb177e2bf3cb2cac4aa1fa6,sslbl,RatonRAT C&C,"sslbl,2026-08-31",2026-08-31 16:06:17,2026-08-31 17:17:51,88
ssl_sha1,f351f7dbe9c583f75758b39cd307f5359d110c73,sslbl,AsyncRAT C&C,"sslbl,2026-08-18",2026-08-18 22:07:31,2026-08-31 17:17:51,88
ssl_sha1,f3a38c4fa9a59b250a0a2d351af061fce6a21995,sslbl,ConnectWise C&C,"sslbl,2026-08-11",2026-08-11 12:42:27,2026-08-31 17:17:51,88
ssl_sha1,f3ba11a6cb8be921ee0fbd326de9a66220bcc82f,sslbl,Vidar C&C,"sslbl,2026-08-15",2026-08-15 20:13:12,2026-08-31 17:17:51,88
ssl_sha1,f50e245dc1e4a89d6cf5e07e31ae1392a3f9ad20,sslbl,AsyncRAT C&C,"sslbl,2026-08-14",2026-08-14 08:13:11,2026-08-31 17:17:51,88
ssl_sha1,f52ace7c91f1ad88a78ea62eab06e000e2f88f16,sslbl,PureRAT C&C,"sslbl,2026-08-20",2026-08-20 16:06:17,2026-08-31 17:17:51,88
ssl_sha1,f5c8ee530b1fd817432a4bafad12126d1ae744d4,sslbl,PureLogsStealer C&C,"sslbl,2026-08-04",2026-08-05 12:42:46,2026-08-31 17:17:51,88
ssl_sha1,f9a55e7a59b0fcbd7df9f5a445475480368598ce,sslbl,PureLogsStealer C&C,"sslbl,2026-07-17",2026-07-17 17:21:06,2026-08-31 17:17:51,88
ssl_sha1,fa62c7ce7b7ec943d8853832560bc5a386aaf17e,sslbl,HypeAgent C&C,"sslbl,2026-08-18",2026-08-18 10:07:25,2026-08-31 17:17:51,88
ssl_sha1,fa9ce5456e315652b1373bf913ac45ae7bb4358a,sslbl,Vidar C&C,"sslbl,2026-08-12",2026-08-12 12:42:52,2026-08-31 17:17:51,88
ssl_sha1,fabe6574c3ef1f4a4782c88475755b7b97f1410d,sslbl,HypeAgent C&C,"sslbl,2026-08-31",2026-08-31 16:06:17,2026-08-31 17:17:51,88
ssl_sha1,faef3e27e526f960dcf92e0865f82081ecbfbe2d,sslbl,PureRAT C&C,"sslbl,2026-07-06",2026-07-06 14:36:57,2026-08-31 17:17:51,88
ssl_sha1,fb23354c98647902b717bbcc68657256a5dddd37,sslbl,ACRStealer C&C,"sslbl,2026-08-19",2026-08-19 16:06:13,2026-08-31 17:17:51,88
ssl_sha1,fba4408cd54abbe1ba49117ceab8a90335b03217,sslbl,Vidar C&C,"sslbl,2026-08-31",2026-08-31 16:06:17,2026-08-31 17:17:51,88
ssl_sha1,fc5d9dddb01c263a67e7c485e04277afa82fbabf,sslbl,Vidar C&C,"sslbl,2026-08-17",2026-08-17 08:13:04,2026-08-31 17:17:51,88
ssl_sha1,fca24c810592604f11de7dc12dc790c91cc118df,sslbl,ConnectWise C&C,"sslbl,2026-08-19",2026-08-19 16:06:13,2026-08-31 17:17:51,88
ssl_sha1,fd3af93a62968dfbe18556ec5dd6f9a208c5a294,sslbl,ConnectWise C&C,"sslbl,2026-07-14",2026-07-14 08:25:37,2026-08-31 17:17:51,88
ssl_sha1,fd6a25dcc16de5e9b0a4563f8d8c94a5941bf437,sslbl,ConnectWise C&C,"sslbl,2026-08-19",2026-08-19 16:06:13,2026-08-31 17:17:51,88
ssl_sha1,fd78e771cab22c3afad8a5d5c448ff05268f20dd,sslbl,Vidar C&C,"sslbl,2026-08-27",2026-08-27 16:06:11,2026-08-31 17:17:51,88
ssl_sha1,fe50e363165e3e8d789daf4dc378f50a70f35a8a,sslbl,Vidar C&C,"sslbl,2026-07-30",2026-07-31 05:35:34,2026-08-31 17:17:51,88
ssl_sha1,ff4362ad98a2821b067bc4ae0624b7da832aad83,sslbl,OffLoader C&C,"sslbl,2026-08-19",2026-08-19 16:06:13,2026-08-31 17:17:51,88
ssl_sha1,ffa6be04fe2e9c6b79776dcfc7ad3f41a403a64d,sslbl,PureRAT C&C,"sslbl,2026-08-18",2026-08-18 22:07:31,2026-08-31 17:17:51,88
ssl_sha1,ffc71a7ba96b8801333ea2b9e7cd05d4cc2f718d,sslbl,Malware C&C,"sslbl,2026-08-11",2026-08-12 00:43:15,2026-08-31 17:17:51,88
url,http://1.61.202.234:46379/bin.sh,urlhaus,malware_download,mirai,2026-08-31 16:00:18,2026-08-31 17:17:51,85
url,http://101.108.252.112:37688/bin.sh,urlhaus,malware_download,mirai,2026-08-31 16:00:18,2026-08-31 17:17:51,85
url,http://103.148.128.156:45276/Mozi.m,threatfox,Mozi,"threatfox,elf,iot,Mozi",2026-08-31 04:06:19,2026-08-31 17:17:51,85
url,http://103.203.210.102:46614/i,urlhaus,malware_download,"32-bit,elf,mips,Mozi",2026-08-31 16:00:18,2026-08-31 17:17:51,85
url,http://103.237.157.163:56063/Mozi.m,threatfox,Mozi,"threatfox,elf,iot,Mozi",2026-08-31 04:06:19,2026-08-31 17:17:51,85
url,http://106.57.6.80:53331/i,urlhaus,malware_download,mirai,2026-08-31 16:00:18,2026-08-31 17:17:51,85
url,http://110.136.53.112:38704/i,urlhaus,malware_download,mirai,2026-08-31 16:00:18,2026-08-31 17:17:51,85
url,http://112.198.238.30:58131/bin.sh,urlhaus,malware_download,mirai,2026-08-31 16:00:18,2026-08-31 17:17:51,85
url,http://112.239.123.248:55419/bin.sh,urlhaus,malware_download,"32-bit,elf,mips,Mozi",2026-08-31 16:00:18,2026-08-31 17:17:51,85
url,http://112.239.123.248:55419/i,urlhaus,malware_download,"32-bit,elf,mips,Mozi",2026-08-31 16:00:18,2026-08-31 17:17:51,85
url,http://112.242.12.244:37332/bin.sh,urlhaus,malware_download,"32-bit,elf,mips,Mozi",2026-08-31 16:00:18,2026-08-31 17:17:51,85
url,http://112.242.12.244:37332/i,urlhaus,malware_download,"32-bit,elf,mips,Mozi",2026-08-31 16:00:18,2026-08-31 17:17:51,85
url,http://112.248.188.60:37160/i,urlhaus,malware_download,Mozi,2026-08-31 16:00:18,2026-08-31 17:17:51,85
url,http://113.221.46.46:40057/i,urlhaus,malware_download,mirai,2026-08-31 16:00:18,2026-08-31 17:17:51,85
url,http://113.221.75.174:57844/Mozi.a,urlhaus,malware_download,mirai,2026-08-31 16:00:18,2026-08-31 17:17:51,85
url,http://113.229.49.112:38063/bin.sh,urlhaus,malware_download,,2026-08-31 16:00:18,2026-08-31 17:17:51,85
url,http://113.229.49.112:38063/i,urlhaus,malware_download,,2026-08-31 16:00:18,2026-08-31 17:17:51,85
url,http://113.231.219.14:48431/bin.sh,urlhaus,malware_download,,2026-08-31 16:00:18,2026-08-31 17:17:51,85
url,http://115.49.248.199:52384/i,urlhaus,malware_download,Mozi,2026-08-31 16:00:18,2026-08-31 17:17:51,85
url,http://115.50.104.136:55450/bin.sh,urlhaus,malware_download,Mozi,2026-08-31 16:00:18,2026-08-31 17:17:51,85
url,http://115.50.2.96:55867/bin.sh,urlhaus,malware_download,Mozi,2026-08-31 16:00:18,2026-08-31 17:17:51,85
url,http://115.61.107.195:57147/bin.sh,urlhaus,malware_download,mirai,2026-08-31 16:00:18,2026-08-31 17:17:51,85
url,http://119.114.107.134:40959/i,urlhaus,malware_download,"32-bit,elf,mips,Mozi",2026-08-31 16:00:18,2026-08-31 17:17:51,85
url,http://119.179.238.192:36404/i,urlhaus,malware_download,Mozi,2026-08-31 16:00:18,2026-08-31 17:17:51,85
url,http://119.187.248.227:48838/bin.sh,urlhaus,malware_download,Mozi,2026-08-31 16:00:18,2026-08-31 17:17:51,85
url,http://120.28.199.24:50858/bin.sh,urlhaus,malware_download,mirai,2026-08-31 16:00:18,2026-08-31 17:17:51,85
url,http://120.28.199.24:50858/i,urlhaus,malware_download,mirai,2026-08-31 16:00:18,2026-08-31 17:17:51,85
url,http://120.28.218.170:57492/bin.sh,urlhaus,malware_download,mirai,2026-08-31 16:00:18,2026-08-31 17:17:51,85
url,http://123.12.245.172:35213/i,urlhaus,malware_download,Mozi,2026-08-31 16:00:18,2026-08-31 17:17:51,85
url,http://123.129.132.220:47388/bin.sh,urlhaus,malware_download,Mozi,2026-08-31 16:00:18,2026-08-31 17:17:51,85
url,http://123.129.134.33:47336/bin.sh,urlhaus,malware_download,"32-bit,elf,mips,Mozi",2026-08-31 16:00:18,2026-08-31 17:17:51,85
url,http://123.129.134.33:47336/i,urlhaus,malware_download,"32-bit,elf,mips,Mozi",2026-08-31 16:00:18,2026-08-31 17:17:51,85
url,http://123.14.85.245:47055/bin.sh,urlhaus,malware_download,"32-bit,elf,mips,Mozi",2026-08-31 16:00:18,2026-08-31 17:17:51,85
url,http://123.190.104.168:53031/bin.sh,urlhaus,malware_download,,2026-08-31 16:00:18,2026-08-31 17:17:51,85
url,http://124.29.214.104:35063/Mozi.m,threatfox,Mozi,"threatfox,elf,iot,Mozi",2026-08-31 04:06:19,2026-08-31 17:17:51,85
url,http://124.94.244.212:33038/Mozi.a,threatfox,Mozi,"threatfox,elf,iot,Mozi",2026-08-31 16:06:17,2026-08-31 17:17:51,85
url,http://124.94.244.212:33038/Mozi.a,urlhaus,malware_download,"elf,iot,Mozi",2026-08-31 16:00:18,2026-08-31 17:17:51,85
url,http://125.43.104.73:34984/i,urlhaus,malware_download,Mozi,2026-08-31 16:00:18,2026-08-31 17:17:51,85
url,http://125.43.117.183:34827/i,urlhaus,malware_download,mirai,2026-08-31 16:00:18,2026-08-31 17:17:51,85
url,http://125.44.25.215:60491/i,urlhaus,malware_download,Mozi,2026-08-31 16:00:18,2026-08-31 17:17:51,85
url,http://125.47.219.69:32844/i,urlhaus,malware_download,Mozi,2026-08-31 16:00:18,2026-08-31 17:17:51,85
url,http://139.135.40.153:53926/Mozi.m,threatfox,Mozi,"threatfox,elf,iot,Mozi",2026-08-31 04:06:19,2026-08-31 17:17:51,85
url,http://153.117.32.130:49657/Mozi.a,threatfox,Mozi,"threatfox,elf,iot,Mozi",2026-08-31 16:06:17,2026-08-31 17:17:51,85
url,http://153.117.32.82:36030/Mozi.m,threatfox,Mozi,"threatfox,elf,iot,Mozi",2026-08-31 04:06:19,2026-08-31 17:17:51,85
url,http://153.36.11.139:38015/i,urlhaus,malware_download,"32-bit,arm,elf,mirai,Mozi",2026-08-31 16:00:18,2026-08-31 17:17:51,85
url,http://154.223.128.215:42469/i,urlhaus,malware_download,"32-bit,arm,elf,mirai,Mozi",2026-08-31 16:00:18,2026-08-31 17:17:51,85
url,http://163.142.77.114:59459/i,urlhaus,malware_download,,2026-08-31 16:00:18,2026-08-31 17:17:51,85
url,http://163.142.93.157:39139/bin.sh,urlhaus,malware_download,,2026-08-31 16:00:18,2026-08-31 17:17:51,85
url,http://175.107.3.244:55339/Mozi.7,threatfox,Mozi,"threatfox,elf,iot,Mozi",2026-08-31 16:06:17,2026-08-31 17:17:51,85
url,http://175.146.154.219:43516/i,urlhaus,malware_download,,2026-08-31 16:00:18,2026-08-31 17:17:51,85
url,http://175.148.87.144:40832/bin.sh,urlhaus,malware_download,"32-bit,elf,mips,Mozi",2026-08-31 16:00:18,2026-08-31 17:17:51,85
url,http://175.148.87.144:40832/i,urlhaus,malware_download,"32-bit,elf,mips,Mozi",2026-08-31 16:00:18,2026-08-31 17:17:51,85
url,http://175.151.122.168:46830/bin.sh,urlhaus,malware_download,,2026-08-31 16:00:18,2026-08-31 17:17:51,85
url,http://175.173.74.150:46674/bin.sh,urlhaus,malware_download,,2026-08-31 16:00:18,2026-08-31 17:17:51,85
url,http://178.141.28.94:39235/i,urlhaus,malware_download,Mozi,2026-08-31 16:00:18,2026-08-31 17:17:51,85
url,http://182.116.113.244:34641/bin.sh,urlhaus,malware_download,"32-bit,elf,mips,Mozi",2026-08-31 16:00:18,2026-08-31 17:17:51,85
url,http://182.117.166.185:51925/bin.sh,urlhaus,malware_download,Mozi,2026-08-31 16:00:18,2026-08-31 17:17:51,85
url,http://182.120.5.196:55125/i,urlhaus,malware_download,,2026-08-31 16:00:18,2026-08-31 17:17:51,85
url,http://182.121.227.170:42090/i,urlhaus,malware_download,Mozi,2026-08-31 16:00:18,2026-08-31 17:17:51,85
url,http://193.31.201.20:41179/i,urlhaus,malware_download,,2026-08-31 16:00:18,2026-08-31 17:17:51,85
url,http://196.188.135.20:48063/bin.sh,urlhaus,malware_download,"32-bit,arm,elf,mirai,Mozi",2026-08-31 16:00:18,2026-08-31 17:17:51,85
url,http://196.188.135.20:48063/i,urlhaus,malware_download,"32-bit,arm,elf,mirai,Mozi",2026-08-31 16:00:18,2026-08-31 17:17:51,85
url,http://196.189.98.77:58560/bin.sh,urlhaus,malware_download,"32-bit,arm,elf,mirai,Mozi",2026-08-31 16:00:18,2026-08-31 17:17:51,85
url,http://196.189.98.77:58560/i,urlhaus,malware_download,"32-bit,arm,elf,mirai,Mozi",2026-08-31 16:00:18,2026-08-31 17:17:51,85
url,http://203.101.186.212:33774/Mozi.a,threatfox,Mozi,"threatfox,elf,iot,Mozi",2026-08-31 16:06:17,2026-08-31 17:17:51,85
url,http://210.208.110.130:35632/bin.sh,urlhaus,malware_download,mirai,2026-08-31 16:00:18,2026-08-31 17:17:51,85
url,http://210.208.110.42:48170/i,urlhaus,malware_download,mirai,2026-08-31 16:00:18,2026-08-31 17:17:51,85
url,http://210.208.111.36:38915/i,urlhaus,malware_download,mirai,2026-08-31 16:00:18,2026-08-31 17:17:51,85
url,http://219.156.16.146:36742/i,urlhaus,malware_download,Mozi,2026-08-31 16:00:18,2026-08-31 17:17:51,85
url,http://219.157.190.80:41921/bin.sh,urlhaus,malware_download,Mozi,2026-08-31 16:00:18,2026-08-31 17:17:51,85
url,http://221.15.173.160:33401/i,urlhaus,malware_download,mirai,2026-08-31 16:00:18,2026-08-31 17:17:51,85
url,http://221.15.190.217:35016/bin.sh,urlhaus,malware_download,Mozi,2026-08-31 16:00:18,2026-08-31 17:17:51,85
url,http://222.137.22.49:45468/bin.sh,urlhaus,malware_download,"32-bit,elf,mips,Mozi",2026-08-31 16:00:18,2026-08-31 17:17:51,85
url,http://27.152.10.10:45145/i,urlhaus,malware_download,mirai,2026-08-31 16:00:18,2026-08-31 17:17:51,85
url,http://27.215.126.140:34111/i,urlhaus,malware_download,Mozi,2026-08-31 16:00:18,2026-08-31 17:17:51,85
url,http://27.215.84.215:48879/i,urlhaus,malware_download,Mozi,2026-08-31 16:00:18,2026-08-31 17:17:51,85
url,http://27.215.86.118:50148/bin.sh,urlhaus,malware_download,Mozi,2026-08-31 16:00:18,2026-08-31 17:17:51,85
url,http://31.133.71.222:20804/i,urlhaus,malware_download,,2026-08-31 16:00:18,2026-08-31 17:17:51,85
url,http://36.255.33.242:53631/Mozi.a,threatfox,Mozi,"threatfox,elf,iot,Mozi",2026-08-31 04:06:19,2026-08-31 17:17:51,85
url,http://39.90.185.198:50020/bin.sh,urlhaus,malware_download,"32-bit,elf,mips,Mozi",2026-08-31 16:00:18,2026-08-31 17:17:51,85
url,http://39.90.185.198:50020/i,urlhaus,malware_download,"32-bit,elf,mips,Mozi",2026-08-31 16:00:18,2026-08-31 17:17:51,85
url,http://42.180.152.31:56247/i,urlhaus,malware_download,,2026-08-31 16:00:18,2026-08-31 17:17:51,85
url,http://42.225.15.168:55268/i,urlhaus,malware_download,Mozi,2026-08-31 16:00:18,2026-08-31 17:17:51,85
url,http://42.226.65.211:45778/bin.sh,urlhaus,malware_download,"32-bit,elf,mips,Mozi",2026-08-31 16:00:18,2026-08-31 17:17:51,85
url,http://42.226.65.211:45778/i,urlhaus,malware_download,"32-bit,elf,mips,Mozi",2026-08-31 16:00:18,2026-08-31 17:17:51,85
url,http://42.235.235.102:60059/bin.sh,urlhaus,malware_download,mirai,2026-08-31 16:00:18,2026-08-31 17:17:51,85
url,http://42.235.235.102:60059/i,urlhaus,malware_download,mirai,2026-08-31 16:00:18,2026-08-31 17:17:51,85
url,http://42.239.149.186:60566/i,urlhaus,malware_download,Mozi,2026-08-31 16:00:18,2026-08-31 17:17:51,85
url,http://42.3.52.2:47433/i,urlhaus,malware_download,mirai,2026-08-31 16:00:18,2026-08-31 17:17:51,85
url,http://42.7.222.97:33110/bin.sh,urlhaus,malware_download,"32-bit,elf,mips,Mozi",2026-08-31 16:00:18,2026-08-31 17:17:51,85
url,http://59.96.143.28:48030/bin.sh,urlhaus,malware_download,Mozi,2026-08-31 16:00:18,2026-08-31 17:17:51,85
url,http://60.160.2.40:34828/i,urlhaus,malware_download,Mozi,2026-08-31 16:00:18,2026-08-31 17:17:51,85
url,http://60.214.60.167:37714/i,urlhaus,malware_download,"32-bit,elf,mips,Mozi",2026-08-31 16:00:18,2026-08-31 17:17:51,85
url,http://60.23.201.182:45542/bin.sh,urlhaus,malware_download,,2026-08-31 16:00:18,2026-08-31 17:17:51,85
url,http://61.53.149.198:48869/i,urlhaus,malware_download,Mozi,2026-08-31 16:00:18,2026-08-31 17:17:51,85
url,http://72.255.30.244:49959/i,urlhaus,malware_download,Mozi,2026-08-31 16:00:18,2026-08-31 17:17:51,85
url,http://91.92.242.236/files-129312398/files/file_01625d1c89de2be0.exe,urlhaus,malware_download,"c2-monitor-auto,dropped-by-amadey",2026-08-31 16:00:18,2026-08-31 17:17:51,85
url,http://94.183.174.77/juan.apk,urlhaus,malware_download,"apk ,mirai",2026-08-31 16:00:18,2026-08-31 17:17:51,85
url,http://95.106.223.168:60471/i,urlhaus,malware_download,"32-bit,elf,mips,Mozi",2026-08-31 16:00:18,2026-08-31 17:17:51,85
url,http://bravplo.click:7713/tasks,threatfox,Remus,"threatfox,remus",2026-08-31 16:06:17,2026-08-31 17:17:51,85
url,http://cc893886.tw1.ru/L1nc0In.php,threatfox,DCRat,"threatfox,DCRat,RAT",2026-08-31 04:06:19,2026-08-31 17:17:51,85
url,http://cdire.shop:9048/accounts,threatfox,Remus,"threatfox,remus",2026-08-31 16:06:17,2026-08-31 17:17:51,85
url,http://cdire.shop:9048/documents,threatfox,Remus,"threatfox,remus",2026-08-30 16:06:18,2026-08-31 17:17:51,85
url,http://cdire.shop:9048/images,threatfox,Remus,"threatfox,remus",2026-08-30 16:06:18,2026-08-31 17:17:51,85
url,http://cdire.shop:9048/imports,threatfox,Remus,"threatfox,remus",2026-08-30 16:06:18,2026-08-31 17:17:51,85
url,http://cdire.shop:9048/messages,threatfox,Remus,"threatfox,remus",2026-08-31 04:06:19,2026-08-31 17:17:51,85
url,http://cdire.shop:9048/posts,threatfox,Remus,"threatfox,remus",2026-08-31 04:06:19,2026-08-31 17:17:51,85
url,http://cdire.shop:9048/reports,threatfox,Remus,"threatfox,remus",2026-08-31 16:06:17,2026-08-31 17:17:51,85
url,http://cdire.shop:9048/sessions,threatfox,Remus,"threatfox,remus",2026-08-31 16:06:17,2026-08-31 17:17:51,85
url,http://cdire.shop:9048/subscriptions,threatfox,Remus,"threatfox,remus",2026-08-31 04:06:19,2026-08-31 17:17:51,85
url,http://cdire.shop:9048/tags,threatfox,Remus,"threatfox,remus",2026-08-31 16:06:17,2026-08-31 17:17:51,85
url,http://cdire.shop:9048/tokens,threatfox,Remus,"threatfox,remus",2026-08-31 04:06:19,2026-08-31 17:17:51,85
url,http://cdire.shop:9048/transactions,threatfox,Remus,"threatfox,remus",2026-08-31 04:06:19,2026-08-31 17:17:51,85
url,http://cdire.shop:9048/videos,threatfox,Remus,"threatfox,remus",2026-08-31 04:06:19,2026-08-31 17:17:51,85
url,http://cdire.shop:9048/webhooks,threatfox,Remus,"threatfox,remus",2026-08-31 04:06:19,2026-08-31 17:17:51,85
url,http://flreaow.click:6527/messages,threatfox,Remus,"threatfox,remus",2026-08-30 16:06:18,2026-08-31 17:17:51,85
url,http://flreaow.click:6527/tasks,threatfox,Remus,"threatfox,remus",2026-08-31 04:06:19,2026-08-31 17:17:51,85
url,http://flreaow.click:6527/transactions,threatfox,Remus,"threatfox,remus",2026-08-31 16:06:17,2026-08-31 17:17:51,85
url,http://flreaow.click:6527/webhooks,threatfox,Remus,"threatfox,remus",2026-08-31 16:06:17,2026-08-31 17:17:51,85
url,http://gofkaxz.click:8137/invoices,threatfox,Remus,"threatfox,remus",2026-08-31 04:06:19,2026-08-31 17:17:51,85
url,http://kupzovo.shop:7567/reports,threatfox,Remus,"threatfox,remus",2026-08-30 16:06:18,2026-08-31 17:17:51,85
url,http://shhsift.click:7647/users,threatfox,Remus,"threatfox,remus",2026-08-31 16:06:17,2026-08-31 17:17:51,85
url,http://uiccvbk.click:8839/invoices,threatfox,Remus,"threatfox,remus",2026-08-31 16:06:17,2026-08-31 17:17:51,85
url,http://uiccvbk.click:8839/notifications,threatfox,Remus,"threatfox,remus",2026-08-30 16:06:18,2026-08-31 17:17:51,85
url,http://urbandm.click:4812/documents,threatfox,Remus,"threatfox,remus",2026-08-31 04:06:19,2026-08-31 17:17:51,85
url,http://uygprdfkttn6xhsvngx3yjn2sa5mef6czptzkxnutgo7satsjqlo5pqd.onion:50051,threatfox,Unknown malware,"threatfox,ClickFix,goldengate,gRPC,NodeJS-MaaS,RAT,TOR",2026-08-31 16:06:17,2026-08-31 17:17:51,85
url,http://zonxh.shop:7728/reports,threatfox,Remus,"threatfox,remus",2026-08-30 16:06:18,2026-08-31 17:17:51,85
url,https://103.13.210.168/,threatfox,Vidar,"threatfox,Vidar",2026-08-31 16:06:17,2026-08-31 17:17:51,85
url,https://178.104.215.65/,threatfox,Vidar,"threatfox,Vidar",2026-08-31 16:06:17,2026-08-31 17:17:51,85
url,https://185.181.8.182/,threatfox,Vidar,"threatfox,Vidar",2026-08-31 16:06:17,2026-08-31 17:17:51,85
url,https://2.28.51.112/,threatfox,Vidar,"threatfox,Vidar",2026-08-31 16:06:17,2026-08-31 17:17:51,85
url,https://2.28.53.167/,threatfox,Vidar,"threatfox,Vidar",2026-08-31 16:06:17,2026-08-31 17:17:51,85
url,https://2.28.55.31,threatfox,Vidar,"threatfox,4811e2fc839a15fdbf489521544e9eb9,c2,loader,stealer,Vidar",2026-08-31 04:06:19,2026-08-31 17:17:51,85
url,https://2.29.15.172/,threatfox,Vidar,"threatfox,Vidar",2026-08-31 16:06:17,2026-08-31 17:17:51,85
url,https://46.224.87.76,threatfox,Vidar,"threatfox,37a059228277b5942abd0dd5db874fd2,c2,loader,stealer,Vidar",2026-08-31 16:06:17,2026-08-31 17:17:51,85
url,https://46.29.26.41/,threatfox,Vidar,"threatfox,Vidar",2026-08-31 16:06:17,2026-08-31 17:17:51,85
url,https://46.29.26.42/,threatfox,Vidar,"threatfox,Vidar",2026-08-31 16:06:17,2026-08-31 17:17:51,85
url,https://46.29.26.43/,threatfox,Vidar,"threatfox,Vidar",2026-08-31 16:06:17,2026-08-31 17:17:51,85
url,https://5.223.57.239/,threatfox,Vidar,"threatfox,Vidar",2026-08-31 16:06:17,2026-08-31 17:17:51,85
url,https://62.238.117.133/,threatfox,Vidar,"threatfox,Vidar",2026-08-31 16:06:17,2026-08-31 17:17:51,85
url,https://62.238.126.31/,threatfox,Vidar,"threatfox,Vidar",2026-08-31 16:06:17,2026-08-31 17:17:51,85
url,https://91.98.236.89,threatfox,Vidar,"threatfox,9fe37432b96b1f873dc66a38a261ef70,c2,loader,stealer,Vidar",2026-08-31 16:06:17,2026-08-31 17:17:51,85
url,https://95.217.223.130,threatfox,Vidar,"threatfox,8e3a74868d6a5ab24c7948fba102cc52,c2,loader,stealer,Vidar",2026-08-31 16:06:17,2026-08-31 17:17:51,85
url,https://alphapicaficagency.com/stego_88zloq9er8.png,urlhaus,malware_download,"rat,RemcosRAT,stego",2026-08-31 16:00:18,2026-08-31 17:17:51,85
url,https://bnb.sm188dvlv.icu/,threatfox,Vidar,"threatfox,Vidar",2026-08-31 16:06:17,2026-08-31 17:17:51,85
url,https://chi.sm188dvlv.lat/,threatfox,Vidar,"threatfox,Vidar",2026-08-31 16:06:17,2026-08-31 17:17:51,85
url,https://dev.epicgames.com/community/api/user_profiles/profile.json?hash_id=EMqJL,threatfox,Vidar,"threatfox,Vidar",2026-08-31 16:06:17,2026-08-31 17:17:51,85
url,https://eos.sm188dvlv.icu/,threatfox,Vidar,"threatfox,Vidar",2026-08-31 16:06:17,2026-08-31 17:17:51,85
url,https://for.12naga.org/,threatfox,Vidar,"threatfox,vidar",2026-08-31 16:06:17,2026-08-31 17:17:51,85
url,https://hh3.sm188dvlv.icu/,threatfox,Vidar,"threatfox,Vidar",2026-08-31 16:06:17,2026-08-31 17:17:51,85
url,https://hindustancargologistic.com/stego_fd28mpphmh.png,urlhaus,malware_download,stego,2026-08-31 16:00:18,2026-08-31 17:17:51,85
url,https://hotelmate.asia/wp-includes/theme-compat/xmorule/qapwsbu/nwshuf1/KMcrypted.ps1,urlhaus,malware_download,"ascii,Formbook,opendir,powershell,ps1",2026-08-31 16:00:18,2026-08-31 17:17:51,85
url,https://hotelmate.asia/wp-includes/theme-compat/xmorule/qapwsbu/nwshuf1/UWcrypted.ps1,urlhaus,malware_download,"ascii,opendir,powershell,ps1",2026-08-31 16:00:18,2026-08-31 17:17:51,85
url,https://hotelmate.asia/wp-includes/theme-compat/xmorule/qapwsbu/nwshuf1/crypted.ps1,urlhaus,malware_download,"ascii,Formbook,powershell,ps1",2026-08-31 16:00:18,2026-08-31 17:17:51,85
url,https://hotelmate.asia/wp-includes/theme-compat/xmorule/qapwsbu/nwshuf1/millscrypted.ps1,urlhaus,malware_download,"ascii,opendir,powershell,ps1",2026-08-31 16:00:18,2026-08-31 17:17:51,85
url,https://hrrrison.sbs/api/v1/session,threatfox,KongTuke,"threatfox,KongTuke",2026-08-31 16:06:17,2026-08-31 17:17:51,85
url,https://hrrrison.sbs/api/v1/status,threatfox,KongTuke,"threatfox,KongTuke",2026-08-31 16:06:17,2026-08-31 17:17:51,85
url,https://hrrrison.sbs/api/v1/verify,threatfox,KongTuke,"threatfox,KongTuke",2026-08-31 16:06:17,2026-08-31 17:17:51,85
url,https://jij.sm188dvlv.icu/,threatfox,Vidar,"threatfox,Vidar",2026-08-31 16:06:17,2026-08-31 17:17:51,85
url,https://jre.12naga.org,threatfox,Vidar,"threatfox,0760b4f10cfeaeccbae17783b4b59360,c2,loader,stealer,Vidar",2026-08-31 16:06:17,2026-08-31 17:17:51,85
url,https://jre.sm188dvlv.lat/,threatfox,Vidar,"threatfox,Vidar",2026-08-31 16:06:17,2026-08-31 17:17:51,85
url,https://ley.sm188dvlv.icu/,threatfox,Vidar,"threatfox,Vidar",2026-08-31 16:06:17,2026-08-31 17:17:51,85
url,https://lively-fog-af49.pablosoftwareplus.workers.dev/ZwdOQ,urlhaus,malware_download,"rat,RemcosRAT,stego",2026-08-31 16:00:18,2026-08-31 17:17:51,85
url,https://nsn.sm188dvlv.lat/,threatfox,Vidar,"threatfox,Vidar",2026-08-31 16:06:17,2026-08-31 17:17:51,85
url,https://porterneuman.mx/wp-content/plugins/Team/crypted.ps1,urlhaus,malware_download,,2026-08-31 16:00:18,2026-08-31 17:17:51,85
url,https://raw.githubusercontent.com/Christa6547/davidrun,threatfox,ClearFake,"threatfox,ClearFake",2026-08-31 16:06:17,2026-08-31 17:17:51,85
url,https://raw.githubusercontent.com/Christa6547/davidrun/refs/heads/main/pull2395,threatfox,ClearFake,"threatfox,ClearFake",2026-08-31 16:06:17,2026-08-31 17:17:51,85
url,https://raw.githubusercontent.com/Christa6547/fling/refs/heads/main/scoop,threatfox,ClearFake,"threatfox,ClearFake",2026-08-31 04:06:19,2026-08-31 17:17:51,85
url,https://raw.githubusercontent.com/Kath19634/ural3495/refs/heads/main/fds5412,threatfox,ClearFake,"threatfox,ClearFake",2026-08-30 16:06:18,2026-08-31 17:17:51,85
url,https://res.cloudinary.com/z59k52bl/image/upload/v1788133965/img_195215.jpg,urlhaus,malware_download,stego,2026-08-31 16:00:18,2026-08-31 17:17:51,85
url,https://rmv.sm188dvlv.icu/,threatfox,Vidar,"threatfox,Vidar",2026-08-31 16:06:17,2026-08-31 17:17:51,85
url,https://rrr.12naga.org/,threatfox,Vidar,"threatfox,Vidar",2026-08-31 16:06:17,2026-08-31 17:17:51,85
url,https://rrr.sm188dvlv.lat/,threatfox,Vidar,"threatfox,Vidar",2026-08-31 16:06:17,2026-08-31 17:17:51,85
url,https://rsc.sm188dvlv.icu/,threatfox,Vidar,"threatfox,Vidar",2026-08-31 16:06:17,2026-08-31 17:17:51,85
url,https://sha.sm188dvlv.icu/,threatfox,Vidar,"threatfox,Vidar",2026-08-31 16:06:17,2026-08-31 17:17:51,85
url,https://sportssurgeon.org.pk/Aksemagtens.qxd,urlhaus,malware_download,"ascii,Encoded,GuLoader",2026-08-31 16:00:18,2026-08-31 17:17:51,85
url,https://swewart.sbs/api/v1/session,threatfox,KongTuke,"threatfox,KongTuke",2026-08-31 16:06:17,2026-08-31 17:17:51,85
url,https://swewart.sbs/api/v1/status,threatfox,KongTuke,"threatfox,KongTuke",2026-08-31 16:06:17,2026-08-31 17:17:51,85
url,https://swewart.sbs/api/v1/verify,threatfox,KongTuke,"threatfox,KongTuke",2026-08-31 16:06:17,2026-08-31 17:17:51,85
url,https://tak.sm188dvlv.icu/,threatfox,Vidar,"threatfox,Vidar",2026-08-31 16:06:17,2026-08-31 17:17:51,85
url,https://telegram.me/nag0a,threatfox,Vidar,"threatfox,o0oi1,Vidar",2026-08-31 16:06:17,2026-08-31 17:17:51,85
url,https://tra.12naga.org/,threatfox,Vidar,"threatfox,Vidar",2026-08-31 16:06:17,2026-08-31 17:17:51,85
url,https://tra.sm188dvlv.lat/,threatfox,Vidar,"threatfox,Vidar",2026-08-31 16:06:17,2026-08-31 17:17:51,85
url,https://uza.sm188dvlv.icu/,threatfox,Vidar,"threatfox,Vidar",2026-08-31 16:06:17,2026-08-31 17:17:51,85
url,https://vcd.sm188dvlv.icu/,threatfox,Vidar,"threatfox,Vidar",2026-08-31 16:06:17,2026-08-31 17:17:51,85
url,https://web.opendrive.com/api/v1/download/file.json/MjlfNjU3MDI5NTdfNlNTNEQ?temp_key=%8Ah4%F7%7D%F4%DE%99%E0&inline=0,urlhaus,malware_download,"rat,RemcosRAT",2026-08-31 16:00:18,2026-08-31 17:17:51,85
url,https://x0x.sm188dvlv.icu/,threatfox,Vidar,"threatfox,Vidar",2026-08-31 16:06:17,2026-08-31 17:17:51,85
url,https://zca.12naga.org,threatfox,Vidar,"threatfox,b8546d0712608b893c6c87d32a5986c5,c2,loader,stealer,Vidar",2026-08-31 04:06:19,2026-08-31 17:17:51,85
url,https://zca.sm188dvlv.lat/,threatfox,Vidar,"threatfox,Vidar",2026-08-31 16:06:17,2026-08-31 17:17:51,85
domain,0u2eowjgwm.workers.dev,threatfox,php.shin_webshell,"threatfox,Cloudflare,GIF,PHP,webshell,WordPress,workers.dev,wp-admin",2026-08-30 04:06:42,2026-08-31 04:21:45,85
domain,161-35-173-98.sslip.io,threatfox,Cobalt Strike,"threatfox,CobaltStrike,drb-ra",2026-08-30 04:06:42,2026-08-31 04:21:45,85
domain,1jtxup9c.pura--boost.us,threatfox,ClearFake,"threatfox,ClearFake,mac-0x76c7,macos",2026-08-30 16:06:18,2026-08-31 04:21:45,85
domain,38lhdq9v9t.workers.dev,threatfox,php.shin_webshell,"threatfox,Cloudflare,GIF,PHP,webshell,WordPress,workers.dev,wp-admin",2026-08-30 04:06:42,2026-08-31 04:21:45,85
domain,3agcohuj.peaceinwarr.net,threatfox,ClearFake,"threatfox,ClearFake,mac-0xdcf2,macos",2026-08-30 04:06:42,2026-08-31 04:21:45,85
domain,48dodie.workers.dev,threatfox,php.shin_webshell,"threatfox,Cloudflare,GIF,PHP,webshell,WordPress,workers.dev,wp-admin",2026-08-30 16:06:18,2026-08-31 04:21:45,85
domain,5462elka.workers.dev,threatfox,php.shin_webshell,"threatfox,Cloudflare,GIF,PHP,webshell,WordPress,workers.dev,wp-admin",2026-08-30 16:06:18,2026-08-31 04:21:45,85
domain,76fz7fl1.thegvgalleryco.com,threatfox,ClearFake,"threatfox,ClearFake,mac-0x76c7,macos",2026-08-30 16:06:18,2026-08-31 04:21:45,85
domain,7q9i0yalnt.workers.dev,threatfox,php.shin_webshell,"threatfox,Cloudflare,GIF,PHP,webshell,WordPress,workers.dev,wp-admin",2026-08-30 04:06:42,2026-08-31 04:21:45,85
domain,98candide.workers.dev,threatfox,php.shin_webshell,"threatfox,Cloudflare,GIF,PHP,webshell,WordPress,workers.dev,wp-admin",2026-08-30 04:06:42,2026-08-31 04:21:45,85
domain,ailenerobust.workers.dev,threatfox,php.shin_webshell,"threatfox,Cloudflare,GIF,PHP,webshell,WordPress,workers.dev,wp-admin",2026-08-30 04:06:42,2026-08-31 04:21:45,85
domain,api-configuard.com,threatfox,Unknown Loader,"threatfox,ComponentTask33,EtherHiding,MSI-loader,NodeJS-RAT,on-chain-c2,Polygon",2026-08-30 16:06:18,2026-08-31 04:21:45,85
domain,arohr77201.workers.dev,threatfox,php.shin_webshell,"threatfox,Cloudflare,GIF,PHP,webshell,WordPress,workers.dev,wp-admin",2026-08-30 04:06:42,2026-08-31 04:21:45,85
domain,baami.development.tee.education,threatfox,ClearFake,"threatfox,compromised,EtherHide",2026-08-30 04:06:42,2026-08-31 04:21:45,85
domain,bestcloudservicesupport.com,threatfox,ClearFake,"threatfox,ClearFake,ClickFix,EtherHiding",2026-08-30 04:06:42,2026-08-31 04:21:45,85
domain,biqyhiny.workers.dev,threatfox,php.shin_webshell,"threatfox,Cloudflare,GIF,PHP,webshell,WordPress,workers.dev,wp-admin",2026-08-30 16:06:18,2026-08-31 04:21:45,85
domain,biqyxihu.workers.dev,threatfox,php.shin_webshell,"threatfox,Cloudflare,GIF,PHP,webshell,WordPress,workers.dev,wp-admin",2026-08-30 04:06:42,2026-08-31 04:21:45,85
domain,bixaky.workers.dev,threatfox,php.shin_webshell,"threatfox,Cloudflare,GIF,PHP,webshell,WordPress,workers.dev,wp-admin",2026-08-30 16:06:18,2026-08-31 04:21:45,85
domain,boqoca.workers.dev,threatfox,php.shin_webshell,"threatfox,Cloudflare,GIF,PHP,webshell,WordPress,workers.dev,wp-admin",2026-08-30 16:06:18,2026-08-31 04:21:45,85
domain,boyenspray.arrow-it.dev,threatfox,ClearFake,"threatfox,compromised,EtherHide",2026-08-30 16:06:18,2026-08-31 04:21:45,85
domain,bubaqupu.workers.dev,threatfox,php.shin_webshell,"threatfox,Cloudflare,GIF,PHP,webshell,WordPress,workers.dev,wp-admin",2026-08-30 04:06:42,2026-08-31 04:21:45,85
domain,bufepy.workers.dev,threatfox,php.shin_webshell,"threatfox,Cloudflare,GIF,PHP,webshell,WordPress,workers.dev,wp-admin",2026-08-30 16:06:18,2026-08-31 04:21:45,85
domain,byrehu.workers.dev,threatfox,php.shin_webshell,"threatfox,Cloudflare,GIF,PHP,webshell,WordPress,workers.dev,wp-admin",2026-08-30 16:06:18,2026-08-31 04:21:45,85
domain,c82yhw7bs7.workers.dev,threatfox,php.shin_webshell,"threatfox,Cloudflare,GIF,PHP,webshell,WordPress,workers.dev,wp-admin",2026-08-30 04:06:42,2026-08-31 04:21:45,85
domain,cjbwc69441.workers.dev,threatfox,php.shin_webshell,"threatfox,Cloudflare,GIF,PHP,webshell,WordPress,workers.dev,wp-admin",2026-08-30 16:06:18,2026-08-31 04:21:45,85
domain,cudww89511.workers.dev,threatfox,php.shin_webshell,"threatfox,Cloudflare,GIF,PHP,webshell,WordPress,workers.dev,wp-admin",2026-08-30 16:06:18,2026-08-31 04:21:45,85
domain,curly7588.workers.dev,threatfox,php.shin_webshell,"threatfox,Cloudflare,GIF,PHP,webshell,WordPress,workers.dev,wp-admin",2026-08-30 16:06:18,2026-08-31 04:21:45,85
domain,cw5afior.satoshinakamotoco.com,threatfox,ClearFake,"threatfox,ClearFake,mac-0x76c7,macos",2026-08-30 04:06:42,2026-08-31 04:21:45,85
domain,demahapa.workers.dev,threatfox,php.shin_webshell,"threatfox,Cloudflare,GIF,PHP,webshell,WordPress,workers.dev,wp-admin",2026-08-30 16:06:18,2026-08-31 04:21:45,85
domain,distrosummit.xyz,threatfox,Unknown Loader,"threatfox,OffLoader",2026-08-30 16:06:18,2026-08-31 04:21:45,85
domain,dteug87599.workers.dev,threatfox,php.shin_webshell,"threatfox,Cloudflare,GIF,PHP,webshell,WordPress,workers.dev,wp-admin",2026-08-30 04:06:42,2026-08-31 04:21:45,85
domain,dutylama.workers.dev,threatfox,php.shin_webshell,"threatfox,Cloudflare,GIF,PHP,webshell,WordPress,workers.dev,wp-admin",2026-08-30 04:06:42,2026-08-31 04:21:45,85
domain,flhq6iyb.neurowave.us,threatfox,ClearFake,"threatfox,ClearFake,mac-0x68dc,macos",2026-08-30 04:06:42,2026-08-31 04:21:45,85
domain,gawipavy.workers.dev,threatfox,php.shin_webshell,"threatfox,Cloudflare,GIF,PHP,webshell,WordPress,workers.dev,wp-admin",2026-08-30 16:06:18,2026-08-31 04:21:45,85
domain,gebasaje.workers.dev,threatfox,php.shin_webshell,"threatfox,Cloudflare,GIF,PHP,webshell,WordPress,workers.dev,wp-admin",2026-08-30 16:06:18,2026-08-31 04:21:45,85
domain,gertrudachocolate.workers.dev,threatfox,php.shin_webshell,"threatfox,Cloudflare,GIF,PHP,webshell,WordPress,workers.dev,wp-admin",2026-08-30 04:06:42,2026-08-31 04:21:45,85
domain,gfzatydyf8.workers.dev,threatfox,php.shin_webshell,"threatfox,Cloudflare,GIF,PHP,webshell,WordPress,workers.dev,wp-admin",2026-08-30 16:06:18,2026-08-31 04:21:45,85
domain,gs870sms.nuerovera.com,threatfox,ClearFake,"threatfox,ClearFake,mac-0x68dc,macos",2026-08-30 04:06:42,2026-08-31 04:21:45,85
domain,gwshh85519.workers.dev,threatfox,php.shin_webshell,"threatfox,Cloudflare,GIF,PHP,webshell,WordPress,workers.dev,wp-admin",2026-08-30 04:06:42,2026-08-31 04:21:45,85
domain,gwtrading.ae,threatfox,ClearFake,"threatfox,compromised,EtherHide",2026-08-30 04:06:42,2026-08-31 04:21:45,85
domain,gyjuha.workers.dev,threatfox,php.shin_webshell,"threatfox,Cloudflare,GIF,PHP,webshell,WordPress,workers.dev,wp-admin",2026-08-30 04:06:42,2026-08-31 04:21:45,85
domain,hbiar54800.workers.dev,threatfox,php.shin_webshell,"threatfox,Cloudflare,GIF,PHP,webshell,WordPress,workers.dev,wp-admin",2026-08-30 04:06:42,2026-08-31 04:21:45,85
domain,himenuzi.workers.dev,threatfox,php.shin_webshell,"threatfox,Cloudflare,GIF,PHP,webshell,WordPress,workers.dev,wp-admin",2026-08-30 04:06:42,2026-08-31 04:21:45,85
domain,holuri.workers.dev,threatfox,php.shin_webshell,"threatfox,Cloudflare,GIF,PHP,webshell,WordPress,workers.dev,wp-admin",2026-08-30 04:06:42,2026-08-31 04:21:45,85
domain,hwxyl07635.workers.dev,threatfox,php.shin_webshell,"threatfox,Cloudflare,GIF,PHP,webshell,WordPress,workers.dev,wp-admin",2026-08-30 04:06:42,2026-08-31 04:21:45,85
domain,hyvugu.workers.dev,threatfox,php.shin_webshell,"threatfox,Cloudflare,GIF,PHP,webshell,WordPress,workers.dev,wp-admin",2026-08-30 04:06:42,2026-08-31 04:21:45,85
domain,icindh6d.saintvanityllc.com,threatfox,ClearFake,"threatfox,ClearFake,mac-0x76c7,macos",2026-08-30 04:06:42,2026-08-31 04:21:45,85
domain,injured304.workers.dev,threatfox,php.shin_webshell,"threatfox,Cloudflare,GIF,PHP,webshell,WordPress,workers.dev,wp-admin",2026-08-30 16:06:18,2026-08-31 04:21:45,85
domain,jbyn0h7d.shop-abundancegoddess.us,threatfox,ClearFake,"threatfox,ClearFake,mac-0x68dc,macos",2026-08-30 16:06:18,2026-08-31 04:21:45,85
domain,jjqnwf6c.mertraa.org.uk,threatfox,ClearFake,"threatfox,ClearFake,mac-0x0f14,macos",2026-08-30 04:06:42,2026-08-31 04:21:45,85
domain,jrzan65776.workers.dev,threatfox,php.shin_webshell,"threatfox,Cloudflare,GIF,PHP,webshell,WordPress,workers.dev,wp-admin",2026-08-30 04:06:42,2026-08-31 04:21:45,85
domain,jyxali.workers.dev,threatfox,php.shin_webshell,"threatfox,Cloudflare,GIF,PHP,webshell,WordPress,workers.dev,wp-admin",2026-08-30 16:06:18,2026-08-31 04:21:45,85
domain,kedide.workers.dev,threatfox,php.shin_webshell,"threatfox,Cloudflare,GIF,PHP,webshell,WordPress,workers.dev,wp-admin",2026-08-30 04:06:42,2026-08-31 04:21:45,85
domain,kekyhu.workers.dev,threatfox,php.shin_webshell,"threatfox,Cloudflare,GIF,PHP,webshell,WordPress,workers.dev,wp-admin",2026-08-30 04:06:42,2026-08-31 04:21:45,85
domain,kexelado.workers.dev,threatfox,php.shin_webshell,"threatfox,Cloudflare,GIF,PHP,webshell,WordPress,workers.dev,wp-admin",2026-08-30 04:06:42,2026-08-31 04:21:45,85
domain,ksqbbc27ir.workers.dev,threatfox,php.shin_webshell,"threatfox,Cloudflare,GIF,PHP,webshell,WordPress,workers.dev,wp-admin",2026-08-30 04:06:42,2026-08-31 04:21:45,85
domain,kusuhuti.workers.dev,threatfox,php.shin_webshell,"threatfox,Cloudflare,GIF,PHP,webshell,WordPress,workers.dev,wp-admin",2026-08-30 04:06:42,2026-08-31 04:21:45,85
domain,laxmisynthetics.com,threatfox,ClearFake,"threatfox,compromised,EtherHide",2026-08-30 04:06:42,2026-08-31 04:21:45,85
domain,levulibo.workers.dev,threatfox,php.shin_webshell,"threatfox,Cloudflare,GIF,PHP,webshell,WordPress,workers.dev,wp-admin",2026-08-30 16:06:18,2026-08-31 04:21:45,85
domain,ln20gg35dp.workers.dev,threatfox,php.shin_webshell,"threatfox,Cloudflare,GIF,PHP,webshell,WordPress,workers.dev,wp-admin",2026-08-30 16:06:18,2026-08-31 04:21:45,85
domain,log.afghankabobgrill.com,threatfox,ClearFake,"threatfox,ClearFake,ClickFix,ErrTraffic,EtherHiding",2026-08-30 16:06:18,2026-08-31 04:21:45,85
domain,lyvoha.workers.dev,threatfox,php.shin_webshell,"threatfox,Cloudflare,GIF,PHP,webshell,WordPress,workers.dev,wp-admin",2026-08-30 16:06:18,2026-08-31 04:21:45,85
domain,lyzazusu.workers.dev,threatfox,php.shin_webshell,"threatfox,Cloudflare,GIF,PHP,webshell,WordPress,workers.dev,wp-admin",2026-08-30 04:06:42,2026-08-31 04:21:45,85
domain,mbond38982.workers.dev,threatfox,php.shin_webshell,"threatfox,Cloudflare,GIF,PHP,webshell,WordPress,workers.dev,wp-admin",2026-08-30 04:06:42,2026-08-31 04:21:45,85
domain,mertraa.org.uk,threatfox,ClearFake,"threatfox,29August2026,ClearFake,Commandline,MacOS",2026-08-30 04:06:42,2026-08-31 04:21:45,85
domain,migelabu.workers.dev,threatfox,php.shin_webshell,"threatfox,Cloudflare,GIF,PHP,webshell,WordPress,workers.dev,wp-admin",2026-08-30 16:06:18,2026-08-31 04:21:45,85
domain,miwyti.workers.dev,threatfox,php.shin_webshell,"threatfox,Cloudflare,GIF,PHP,webshell,WordPress,workers.dev,wp-admin",2026-08-30 04:06:42,2026-08-31 04:21:45,85
domain,mkvmd28439.workers.dev,threatfox,php.shin_webshell,"threatfox,Cloudflare,GIF,PHP,webshell,WordPress,workers.dev,wp-admin",2026-08-30 04:06:42,2026-08-31 04:21:45,85
domain,mo6zthwbal.workers.dev,threatfox,php.shin_webshell,"threatfox,Cloudflare,GIF,PHP,webshell,WordPress,workers.dev,wp-admin",2026-08-30 16:06:18,2026-08-31 04:21:45,85
domain,mqa24zcwc6.workers.dev,threatfox,php.shin_webshell,"threatfox,Cloudflare,GIF,PHP,webshell,WordPress,workers.dev,wp-admin",2026-08-30 04:06:42,2026-08-31 04:21:45,85
domain,mwr6ykxb.thegvgalleryy.com,threatfox,ClearFake,"threatfox,ClearFake,mac-0x0f14,macos",2026-08-30 04:06:42,2026-08-31 04:21:45,85
domain,n9tgy4rfiy.workers.dev,threatfox,php.shin_webshell,"threatfox,Cloudflare,GIF,PHP,webshell,WordPress,workers.dev,wp-admin",2026-08-30 04:06:42,2026-08-31 04:21:45,85
domain,niwosatu.workers.dev,threatfox,php.shin_webshell,"threatfox,Cloudflare,GIF,PHP,webshell,WordPress,workers.dev,wp-admin",2026-08-30 16:06:18,2026-08-31 04:21:45,85
domain,nklav1nt.raspberryhillsco.net,threatfox,ClearFake,"threatfox,ClearFake,mac-0xdcf2,macos",2026-08-30 04:06:42,2026-08-31 04:21:45,85
domain,nrgtg63932.workers.dev,threatfox,php.shin_webshell,"threatfox,Cloudflare,GIF,PHP,webshell,WordPress,workers.dev,wp-admin",2026-08-30 04:06:42,2026-08-31 04:21:45,85
domain,nuerovera.com,threatfox,ClearFake,"threatfox,ClearFake",2026-08-30 04:06:42,2026-08-31 04:21:45,85
domain,nugiwy.workers.dev,threatfox,php.shin_webshell,"threatfox,Cloudflare,GIF,PHP,webshell,WordPress,workers.dev,wp-admin",2026-08-30 04:06:42,2026-08-31 04:21:45,85
domain,nurosarp.com,threatfox,ClearFake,"threatfox,ClearFake",2026-08-30 04:06:42,2026-08-31 04:21:45,85
domain,nurve-alive.com,threatfox,ClearFake,"threatfox,ClearFake",2026-08-30 04:06:42,2026-08-31 04:21:45,85
domain,o98orlmh.nurosarp.com,threatfox,ClearFake,"threatfox,ClearFake,mac-0x68dc,macos",2026-08-30 04:06:42,2026-08-31 04:21:45,85
domain,ot1ewu6jyq.workers.dev,threatfox,php.shin_webshell,"threatfox,Cloudflare,GIF,PHP,webshell,WordPress,workers.dev,wp-admin",2026-08-30 04:06:42,2026-08-31 04:21:45,85
domain,pamole.workers.dev,threatfox,php.shin_webshell,"threatfox,Cloudflare,GIF,PHP,webshell,WordPress,workers.dev,wp-admin",2026-08-30 16:06:18,2026-08-31 04:21:45,85
domain,peaceinwarr.net,threatfox,ClearFake,"threatfox,29August2026,ClearFake,Commandline,MacOS",2026-08-30 04:06:42,2026-08-31 04:21:45,85
domain,piwola.workers.dev,threatfox,php.shin_webshell,"threatfox,Cloudflare,GIF,PHP,webshell,WordPress,workers.dev,wp-admin",2026-08-30 16:06:18,2026-08-31 04:21:45,85
domain,pm4y2dogij.workers.dev,threatfox,php.shin_webshell,"threatfox,Cloudflare,GIF,PHP,webshell,WordPress,workers.dev,wp-admin",2026-08-30 04:06:42,2026-08-31 04:21:45,85
domain,portfolio-r211.alexandreguillet.fr,threatfox,ClearFake,"threatfox,compromised,EtherHide",2026-08-30 04:06:42,2026-08-31 04:21:45,85
domain,powulapi.workers.dev,threatfox,php.shin_webshell,"threatfox,Cloudflare,GIF,PHP,webshell,WordPress,workers.dev,wp-admin",2026-08-30 04:06:42,2026-08-31 04:21:45,85
domain,pt0h0z5vzo.workers.dev,threatfox,php.shin_webshell,"threatfox,Cloudflare,GIF,PHP,webshell,WordPress,workers.dev,wp-admin",2026-08-30 04:06:42,2026-08-31 04:21:45,85
domain,pura--boost.us,threatfox,ClearFake,"threatfox,ClearFake",2026-08-30 16:06:18,2026-08-31 04:21:45,85
domain,qobemyjo.workers.dev,threatfox,php.shin_webshell,"threatfox,Cloudflare,GIF,PHP,webshell,WordPress,workers.dev,wp-admin",2026-08-30 04:06:42,2026-08-31 04:21:45,85
domain,qpfql84049.workers.dev,threatfox,php.shin_webshell,"threatfox,Cloudflare,GIF,PHP,webshell,WordPress,workers.dev,wp-admin",2026-08-30 04:06:42,2026-08-31 04:21:45,85
domain,quy30mlr.shop-aeroslim.us,threatfox,ClearFake,"threatfox,ClearFake,mac-0x68dc,macos",2026-08-30 16:06:18,2026-08-31 04:21:45,85
domain,qwxeh11866.workers.dev,threatfox,php.shin_webshell,"threatfox,Cloudflare,GIF,PHP,webshell,WordPress,workers.dev,wp-admin",2026-08-30 16:06:18,2026-08-31 04:21:45,85
domain,raspberryhillsco.net,threatfox,ClearFake,"threatfox,30August2026,ClearFake,Commandline,MacOS",2026-08-30 04:06:42,2026-08-31 04:21:45,85
domain,raspberryhillsshop.com,threatfox,ClearFake,"threatfox,30August2026,ClearFake,Commandline,MacOS",2026-08-30 16:06:18,2026-08-31 04:21:45,85
domain,rm9jpaae.themertraa.com,threatfox,ClearFake,"threatfox,ClearFake,mac-0x0f14,macos",2026-08-30 04:06:42,2026-08-31 04:21:45,85
domain,rossinsuranceplans.com,threatfox,ClearFake,"threatfox,compromised,EtherHide",2026-08-30 04:06:42,2026-08-31 04:21:45,85
domain,round60.workers.dev,threatfox,php.shin_webshell,"threatfox,Cloudflare,GIF,PHP,webshell,WordPress,workers.dev,wp-admin",2026-08-30 04:06:42,2026-08-31 04:21:45,85
domain,rqytbre182.workers.dev,threatfox,php.shin_webshell,"threatfox,Cloudflare,GIF,PHP,webshell,WordPress,workers.dev,wp-admin",2026-08-30 04:06:42,2026-08-31 04:21:45,85
domain,ryzabymy.workers.dev,threatfox,php.shin_webshell,"threatfox,Cloudflare,GIF,PHP,webshell,WordPress,workers.dev,wp-admin",2026-08-30 04:06:42,2026-08-31 04:21:45,85
domain,s0bhultx.thirtyonehat.net,threatfox,ClearFake,"threatfox,ClearFake,mac-0x0f14,macos",2026-08-30 16:06:18,2026-08-31 04:21:45,85
domain,saintvanityllc.com,threatfox,ClearFake,"threatfox,ClearFake",2026-08-30 04:06:42,2026-08-31 04:21:45,85
domain,satoshinakamotoco.com,threatfox,ClearFake,"threatfox,30August2026,ClearFake,Commandline,MacOS",2026-08-30 04:06:42,2026-08-31 04:21:45,85
domain,sdxzz21626.workers.dev,threatfox,php.shin_webshell,"threatfox,Cloudflare,GIF,PHP,webshell,WordPress,workers.dev,wp-admin",2026-08-30 04:06:42,2026-08-31 04:21:45,85
domain,semuxo.workers.dev,threatfox,php.shin_webshell,"threatfox,Cloudflare,GIF,PHP,webshell,WordPress,workers.dev,wp-admin",2026-08-30 04:06:42,2026-08-31 04:21:45,85
domain,seo.mogacode.ma,threatfox,ClearFake,"threatfox,compromised,EtherHide",2026-08-30 04:06:42,2026-08-31 04:21:45,85
domain,shec1y17p3.workers.dev,threatfox,php.shin_webshell,"threatfox,Cloudflare,GIF,PHP,webshell,WordPress,workers.dev,wp-admin",2026-08-30 04:06:42,2026-08-31 04:21:45,85
domain,shift-api-control.com,threatfox,Unknown RAT,"threatfox,ComponentTask33,EtherHiding,MSI-loader,NodeJS-RAT,on-chain-c2,Polygon",2026-08-30 16:06:18,2026-08-31 04:21:45,85
domain,shop-abundancegoddess.us,threatfox,ClearFake,"threatfox,30August2026,ClearFake,Commandline,MacOS",2026-08-30 16:06:18,2026-08-31 04:21:45,85
domain,shop-aeroslim.us,threatfox,ClearFake,"threatfox,ClearFake",2026-08-30 16:06:18,2026-08-31 04:21:45,85
domain,shop-aizenpower.us,threatfox,ClearFake,"threatfox,ClearFake",2026-08-30 16:06:18,2026-08-31 04:21:45,85
domain,significant615.workers.dev,threatfox,php.shin_webshell,"threatfox,Cloudflare,GIF,PHP,webshell,WordPress,workers.dev,wp-admin",2026-08-30 16:06:18,2026-08-31 04:21:45,85
domain,silver6749.workers.dev,threatfox,php.shin_webshell,"threatfox,Cloudflare,GIF,PHP,webshell,WordPress,workers.dev,wp-admin",2026-08-30 04:06:42,2026-08-31 04:21:45,85
domain,sizype.workers.dev,threatfox,php.shin_webshell,"threatfox,Cloudflare,GIF,PHP,webshell,WordPress,workers.dev,wp-admin",2026-08-30 04:06:42,2026-08-31 04:21:45,85
domain,sjkdf91029.workers.dev,threatfox,php.shin_webshell,"threatfox,Cloudflare,GIF,PHP,webshell,WordPress,workers.dev,wp-admin",2026-08-30 04:06:42,2026-08-31 04:21:45,85
domain,skybap.shop,threatfox,ClearFake,"threatfox,compromised,EtherHide",2026-08-30 04:06:42,2026-08-31 04:21:45,85
domain,smtp.freshtlemanbarbershop.com,threatfox,Unknown malware,"threatfox,ClickFix,compromised",2026-08-30 16:06:18,2026-08-31 04:21:45,85
domain,suhyjypy.workers.dev,threatfox,php.shin_webshell,"threatfox,Cloudflare,GIF,PHP,webshell,WordPress,workers.dev,wp-admin",2026-08-30 04:06:42,2026-08-31 04:21:45,85
domain,tappancsrendelo.hu,threatfox,ClearFake,"threatfox,compromised,EtherHide",2026-08-30 04:06:42,2026-08-31 04:21:45,85
domain,tbs46zz6.nurve-alive.com,threatfox,ClearFake,"threatfox,ClearFake,mac-0x68dc,macos",2026-08-30 04:06:42,2026-08-31 04:21:45,85
domain,thegvgalleryco.com,threatfox,ClearFake,"threatfox,ClearFake",2026-08-30 16:06:18,2026-08-31 04:21:45,85
domain,thegvgalleryy.com,threatfox,ClearFake,"threatfox,29August2026,ClearFake,Commandline,MacOS",2026-08-30 04:06:42,2026-08-31 04:21:45,85
domain,themertraa.com,threatfox,ClearFake,"threatfox,30August2026,ClearFake,Commandline,MacOS",2026-08-30 04:06:42,2026-08-31 04:21:45,85
domain,uehky4jw.prosta--fense.com,threatfox,ClearFake,"threatfox,ClearFake,mac-0xdcf2,macos",2026-08-30 16:06:18,2026-08-31 04:21:45,85
domain,v9gh4nz9ty.workers.dev,threatfox,php.shin_webshell,"threatfox,Cloudflare,GIF,PHP,webshell,WordPress,workers.dev,wp-admin",2026-08-30 04:06:42,2026-08-31 04:21:45,85
domain,vaxabaja.workers.dev,threatfox,php.shin_webshell,"threatfox,Cloudflare,GIF,PHP,webshell,WordPress,workers.dev,wp-admin",2026-08-30 04:06:42,2026-08-31 04:21:45,85
domain,vcabw71270.workers.dev,threatfox,php.shin_webshell,"threatfox,Cloudflare,GIF,PHP,webshell,WordPress,workers.dev,wp-admin",2026-08-30 04:06:42,2026-08-31 04:21:45,85
domain,vtfpy96040.workers.dev,threatfox,php.shin_webshell,"threatfox,Cloudflare,GIF,PHP,webshell,WordPress,workers.dev,wp-admin",2026-08-30 16:06:18,2026-08-31 04:21:45,85
domain,waducako.workers.dev,threatfox,php.shin_webshell,"threatfox,Cloudflare,GIF,PHP,webshell,WordPress,workers.dev,wp-admin",2026-08-30 16:06:18,2026-08-31 04:21:45,85
domain,wenoty.workers.dev,threatfox,php.shin_webshell,"threatfox,Cloudflare,GIF,PHP,webshell,WordPress,workers.dev,wp-admin",2026-08-30 04:06:42,2026-08-31 04:21:45,85
domain,wizawytu.workers.dev,threatfox,php.shin_webshell,"threatfox,Cloudflare,GIF,PHP,webshell,WordPress,workers.dev,wp-admin",2026-08-30 04:06:42,2026-08-31 04:21:45,85
domain,www.demenagements-delage-perigueux.fr,threatfox,ClearFake,"threatfox,compromised,EtherHide",2026-08-30 04:06:42,2026-08-31 04:21:45,85
domain,www.kmag.it,threatfox,ClearFake,"threatfox,compromised,EtherHide",2026-08-30 04:06:42,2026-08-31 04:21:45,85
domain,xuqyzy.workers.dev,threatfox,php.shin_webshell,"threatfox,Cloudflare,GIF,PHP,webshell,WordPress,workers.dev,wp-admin",2026-08-30 16:06:18,2026-08-31 04:21:45,85
domain,xutegaje.workers.dev,threatfox,php.shin_webshell,"threatfox,Cloudflare,GIF,PHP,webshell,WordPress,workers.dev,wp-admin",2026-08-30 16:06:18,2026-08-31 04:21:45,85
domain,xy08z5pm.shop-aizenpower.us,threatfox,ClearFake,"threatfox,ClearFake,mac-0x68dc,macos",2026-08-30 16:06:18,2026-08-31 04:21:45,85
domain,xylucyzo.workers.dev,threatfox,php.shin_webshell,"threatfox,Cloudflare,GIF,PHP,webshell,WordPress,workers.dev,wp-admin",2026-08-30 16:06:18,2026-08-31 04:21:45,85
domain,y63nxzlm5a.workers.dev,threatfox,php.shin_webshell,"threatfox,Cloudflare,GIF,PHP,webshell,WordPress,workers.dev,wp-admin",2026-08-30 04:06:42,2026-08-31 04:21:45,85
domain,yellingevey.workers.dev,threatfox,php.shin_webshell,"threatfox,Cloudflare,GIF,PHP,webshell,WordPress,workers.dev,wp-admin",2026-08-30 16:06:18,2026-08-31 04:21:45,85
domain,ymc04wy61g.workers.dev,threatfox,php.shin_webshell,"threatfox,Cloudflare,GIF,PHP,webshell,WordPress,workers.dev,wp-admin",2026-08-30 04:06:42,2026-08-31 04:21:45,85
domain,zqnro91792.workers.dev,threatfox,php.shin_webshell,"threatfox,Cloudflare,GIF,PHP,webshell,WordPress,workers.dev,wp-admin",2026-08-30 16:06:18,2026-08-31 04:21:45,85
domain,ztsuw61048.workers.dev,threatfox,php.shin_webshell,"threatfox,Cloudflare,GIF,PHP,webshell,WordPress,workers.dev,wp-admin",2026-08-30 16:06:18,2026-08-31 04:21:45,85
hash_md5,02768a302c685da2af72d1d788647fa9,malwarebazaar,elf,elf,2026-08-31 04:00:08,2026-08-31 04:21:45,85
hash_md5,0487e6bad31fdd3652040fc52eef9ce6,malwarebazaar,VenomRAT,VenomRAT,2026-08-31 04:00:08,2026-08-31 04:21:45,85
hash_md5,05842ca991996f14346babf39f4c5c3b,malwarebazaar,Mirai,"elf,exe,Mirai,whack.sh",2026-08-31 04:00:08,2026-08-31 04:21:45,85
hash_md5,0797a4c5b0dcfaf0e96155c0e04e31a3,malwarebazaar,ConnectWise,"ConnectWise,signed",2026-08-31 04:00:08,2026-08-31 04:21:45,85
hash_md5,0b130d9fec6bb8f9b80b13e110d4e0b0,threatfox,Vidar,threatfox,2026-08-30 04:06:42,2026-08-31 04:21:45,85
hash_md5,0e76b184e1fdeee0d4bd51bf76800574,malwarebazaar,elf,elf,2026-08-31 04:00:08,2026-08-31 04:21:45,85
hash_md5,13a381d1276aa9bb0241daa915a40d1d,malwarebazaar,Mirai,"elf,Mirai",2026-08-31 04:00:08,2026-08-31 04:21:45,85
hash_md5,1459e25f4b5830ed088f387c4d76ffd5,malwarebazaar,DCRat,exe,2026-08-31 04:00:08,2026-08-31 04:21:45,85
hash_md5,189c6b692f3d38644b2cc751036a9959,malwarebazaar,Mirai,Mirai,2026-08-31 04:00:08,2026-08-31 04:21:45,85
hash_md5,197530912cfb2036a9099bd7fd2dbe1f,malwarebazaar,elf,upx,2026-08-31 04:00:08,2026-08-31 04:21:45,85
hash_md5,1c9432c8f74693001fdfdc1b501ee6c2,malwarebazaar,elf,elf,2026-08-31 04:00:08,2026-08-31 04:21:45,85
hash_md5,1fa8ac0e04837d1f63379b240473f9b9,malwarebazaar,Mirai,elf,2026-08-31 04:00:08,2026-08-31 04:21:45,85
hash_md5,211394f81556f64e9823cbd2a5fc1969,malwarebazaar,Prometei,"exe,Prometei,wraith",2026-08-31 04:00:08,2026-08-31 04:21:45,85
hash_md5,2415f3d1bc9fe8a1d55f2171cd57826d,malwarebazaar,Mirai,"elf,Mirai",2026-08-31 04:00:08,2026-08-31 04:21:45,85
hash_md5,2473849b2a8e46e10627df3acc2591b3,malwarebazaar,RemusStealer,"RemusStealer,signed",2026-08-31 04:00:08,2026-08-31 04:21:45,85
hash_md5,2750f7078de11a56e20699892380a0a0,malwarebazaar,sh,sh,2026-08-31 04:00:08,2026-08-31 04:21:45,85
hash_md5,28318ef8d982d051f7ea8987ea303075,threatfox,ValleyRAT,threatfox,2026-08-30 04:06:42,2026-08-31 04:21:45,85
hash_md5,308bea5365bd9cd852e477210daafbdf,malwarebazaar,Mirai,Mirai,2026-08-31 04:00:08,2026-08-31 04:21:45,85
hash_md5,32119004e7dda5b516dc46a65eaab0a2,malwarebazaar,Mirai,elf,2026-08-31 04:00:08,2026-08-31 04:21:45,85
hash_md5,32dd75cd2b5281fd311359b99b7fa386,malwarebazaar,Mirai,"elf,Mirai",2026-08-31 04:00:08,2026-08-31 04:21:45,85
hash_md5,33160626867482534091e219b1e22d62,malwarebazaar,exe,"exe,Vidar",2026-08-31 04:00:08,2026-08-31 04:21:45,85
hash_md5,33b4136748d3840ffa86b44a7234a218,malwarebazaar,exe,"exe,signed,Vidar",2026-08-31 04:00:08,2026-08-31 04:21:45,85
hash_md5,367068e6c5501d4b8cf5abeb4c642876,malwarebazaar,RemcosRAT,"bat,RemcosRAT",2026-08-31 04:00:08,2026-08-31 04:21:45,85
hash_md5,36bf44cb244bc6d950a021c9a225d7b5,malwarebazaar,exe,"exe,signed,Vidar",2026-08-31 04:00:08,2026-08-31 04:21:45,85
hash_md5,39b6f697bcff4a61074c970c9fffb650,malwarebazaar,Mirai,"elf,Mirai",2026-08-31 04:00:08,2026-08-31 04:21:45,85
hash_md5,4085ced7dc070dfee358d0a451b8da8e,malwarebazaar,Mirai,elf,2026-08-31 04:00:08,2026-08-31 04:21:45,85
hash_md5,42bcfca83a783f2f81863f2fb2220549,malwarebazaar,Mirai,"elf,Mirai",2026-08-31 04:00:08,2026-08-31 04:21:45,85
hash_md5,431d59f641bd3728ec09f871917be51a,malwarebazaar,sh,sh,2026-08-31 04:00:08,2026-08-31 04:21:45,85
hash_md5,48b5e5f5b844070510a1840fdc9a8dcd,malwarebazaar,Mirai,"Mirai,sh",2026-08-31 04:00:08,2026-08-31 04:21:45,85
hash_md5,498d7d2c581d6a7b1be2650495cd4d02,malwarebazaar,Mirai,"elf,Mirai",2026-08-31 04:00:08,2026-08-31 04:21:45,85
hash_md5,49d85b323477b2bfc819f740b307cec5,malwarebazaar,Mirai,"elf,Mirai",2026-08-31 04:00:08,2026-08-31 04:21:45,85
hash_md5,4a654205ddda5187ea3bf4b03074e4d2,malwarebazaar,AsyncRAT,AsyncRAT,2026-08-31 04:00:08,2026-08-31 04:21:45,85
hash_md5,5076094a04a64e4da17ea09fc1c31896,malwarebazaar,Mirai,"elf,exe,Mirai,whack.sh",2026-08-31 04:00:08,2026-08-31 04:21:45,85
hash_md5,5120f1ed43a69f9c949ecf38f8d238ea,malwarebazaar,sh,sh,2026-08-31 04:00:08,2026-08-31 04:21:45,85
hash_md5,518dc27c7177c1c2f15537c3886f94da,malwarebazaar,Prometei,"elf,Prometei,wraith",2026-08-31 04:00:08,2026-08-31 04:21:45,85
hash_md5,52c6a290e9ce70ac61b7f924ca5775af,malwarebazaar,ValleyRAT,"dll,RAT,ValleyRAT",2026-08-31 04:00:08,2026-08-31 04:21:45,85
hash_md5,54744f1f983b0f834640d1d411248588,malwarebazaar,sh,sh,2026-08-31 04:00:08,2026-08-31 04:21:45,85
hash_md5,5521a6f577c8736988db4d481719531c,malwarebazaar,Mirai,Mirai,2026-08-31 04:00:08,2026-08-31 04:21:45,85
hash_md5,579f571e732bfce7eda9adce6ed76acc,malwarebazaar,sh,"enthec,sh",2026-08-31 04:00:08,2026-08-31 04:21:45,85
hash_md5,58d79516430ce8c8cbfbbde9afd655c6,malwarebazaar,elf,elf,2026-08-31 04:00:08,2026-08-31 04:21:45,85
hash_md5,58dce11dccc218713fa4929cda258d26,malwarebazaar,Mirai,elf,2026-08-31 04:00:08,2026-08-31 04:21:45,85
hash_md5,5982230a6fbe95212791b237c8fcb6a1,malwarebazaar,unknown,unknown,2026-08-31 04:00:08,2026-08-31 04:21:45,85
hash_md5,5a75c97843e40473d55798faa5555779,malwarebazaar,Mirai,"elf,Mirai",2026-08-31 04:00:08,2026-08-31 04:21:45,85
hash_md5,5c14b747a195532d7f570e915c09013b,malwarebazaar,elf,"elf,upx-dec",2026-08-31 04:00:08,2026-08-31 04:21:45,85
hash_md5,5d865d4555dc04692f7eb526c74c9147,malwarebazaar,elf,elf,2026-08-31 04:00:08,2026-08-31 04:21:45,85
hash_md5,613d24ccb308f0a278793fb625087666,malwarebazaar,sh,sh,2026-08-31 04:00:08,2026-08-31 04:21:45,85
hash_md5,6331e3f8f60f9469edd63836aea22853,malwarebazaar,exe,exe,2026-08-31 04:00:08,2026-08-31 04:21:45,85
hash_md5,66509f3a50366f2b3ac52f3d7fc8a154,malwarebazaar,Mirai,"elf,Mirai",2026-08-31 04:00:08,2026-08-31 04:21:45,85
hash_md5,677fac716f816e337cf9b661a21c7df5,malwarebazaar,VenomRAT,VenomRAT,2026-08-31 04:00:08,2026-08-31 04:21:45,85
hash_md5,67fcf33080d67cad95bb85c9e89c728a,malwarebazaar,Vidar,exe,2026-08-31 04:00:08,2026-08-31 04:21:45,85
hash_md5,683ae9228415b7f265011029bc5acd18,malwarebazaar,elf,elf,2026-08-31 04:00:08,2026-08-31 04:21:45,85
hash_md5,6c6efa2ccc274daa131984c1d0315c8f,malwarebazaar,Mirai,"elf,Mirai",2026-08-31 04:00:08,2026-08-31 04:21:45,85
hash_md5,6f278072a8f2dbd506b02e0123a5f12c,malwarebazaar,Vidar,"exe,signed,Vidar",2026-08-31 04:00:08,2026-08-31 04:21:45,85
hash_md5,6faa8019df7dd970257233f395185652,malwarebazaar,Mirai,"elf,Mirai",2026-08-31 04:00:08,2026-08-31 04:21:45,85
hash_md5,70f6dff404b94d943db1514648700cfa,threatfox,WannaCryptor,threatfox,2026-08-30 16:06:18,2026-08-31 04:21:45,85
hash_md5,732bf39e8948272dfdb7baea4e2ddd26,malwarebazaar,exe,exe,2026-08-31 04:00:08,2026-08-31 04:21:45,85
hash_md5,7399b202c9c2fe7479680505e1f55e89,threatfox,Vidar,threatfox,2026-08-30 04:06:42,2026-08-31 04:21:45,85
hash_md5,755b318bd7c16d8655c5aa941f780b0c,malwarebazaar,Mirai,elf,2026-08-31 04:00:08,2026-08-31 04:21:45,85
hash_md5,770f9b5a333cc04a0a06720de6892d17,malwarebazaar,exe,"9d2ca3,dropped-by-Amadey,exe,signed",2026-08-31 04:00:08,2026-08-31 04:21:45,85
hash_md5,772ebd7fe19890c6599ea3bdebb4be4a,malwarebazaar,Mirai,"elf,Mirai",2026-08-31 04:00:08,2026-08-31 04:21:45,85
hash_md5,7b869708f7b9d805d5c3f896cc1a90c5,malwarebazaar,Mirai,"elf,Mirai",2026-08-31 04:00:08,2026-08-31 04:21:45,85
hash_md5,7d7fd1e5a3ef87809b2e82e000f835c7,threatfox,Coinminer,threatfox,2026-08-30 04:06:42,2026-08-31 04:21:45,85
hash_md5,7e03150e97b7d8e181ae4092c55b3b27,threatfox,Stealc,threatfox,2026-08-30 04:06:42,2026-08-31 04:21:45,85
hash_md5,836ea139f7a5096a37ce6163ee76ba72,malwarebazaar,Mirai,"elf,exe,Mirai,whack.sh",2026-08-31 04:00:08,2026-08-31 04:21:45,85
hash_md5,839665340cf40011310ec433d660a415,malwarebazaar,exe,"54e64e,dropped-by-Amadey,exe",2026-08-31 04:00:08,2026-08-31 04:21:45,85
hash_md5,85ab72a0405c876ed70650a7e1d787e4,malwarebazaar,Mirai,"elf,Mirai",2026-08-31 04:00:08,2026-08-31 04:21:45,85
hash_md5,87f61d51ba5339a71eddc45e22ef9bc5,malwarebazaar,exe,"d52f85,dropped-by-Amadey,exe",2026-08-31 04:00:08,2026-08-31 04:21:45,85
hash_md5,8942a01f619e3461108b8d31a0d43f07,malwarebazaar,elf,elf,2026-08-31 04:00:08,2026-08-31 04:21:45,85
hash_md5,8a2e9b737579d78a71a0b9d201f63cbe,malwarebazaar,Mirai,elf,2026-08-31 04:00:08,2026-08-31 04:21:45,85
hash_md5,8bbbf6e8040d137c142bbf1775be770c,threatfox,Vidar,threatfox,2026-08-30 04:06:42,2026-08-31 04:21:45,85
hash_md5,8c66fa607f985efa07b7a8907b8a1ca8,malwarebazaar,Mirai,elf,2026-08-31 04:00:08,2026-08-31 04:21:45,85
hash_md5,90e91e6a220ab386dd2634e1fadb35dd,malwarebazaar,sh,sh,2026-08-31 04:00:08,2026-08-31 04:21:45,85
hash_md5,93bbe4c2af7f7e12489886ca86295d37,malwarebazaar,exe,"exe,whack.sh",2026-08-31 04:00:08,2026-08-31 04:21:45,85
hash_md5,9551b568b04946d9154e1f0fe5cb9555,malwarebazaar,Mirai,"elf,exe,Mirai,whack.sh",2026-08-31 04:00:08,2026-08-31 04:21:45,85
hash_md5,96ff67bb540557c2b26c0f24e090de16,malwarebazaar,exe,"exe,Vidar",2026-08-31 04:00:08,2026-08-31 04:21:45,85
hash_md5,99ad52820bd7ae090c578610e367fcdb,threatfox,Coinminer,threatfox,2026-08-30 16:06:18,2026-08-31 04:21:45,85
hash_md5,9ada0a750a02cab4834d97bd05de91a9,malwarebazaar,Mirai,Mirai,2026-08-31 04:00:08,2026-08-31 04:21:45,85
hash_md5,9d9e24f0c077de3a4b7b4df525df8f71,malwarebazaar,Mirai,"elf,Mirai",2026-08-31 04:00:08,2026-08-31 04:21:45,85
hash_md5,9f210f6f6531ebd8e51a2ee76efd0471,malwarebazaar,Mirai,"elf,Mirai",2026-08-31 04:00:08,2026-08-31 04:21:45,85
hash_md5,a07c6fa3044f3275384106e368fd40ca,malwarebazaar,sh,sh,2026-08-31 04:00:08,2026-08-31 04:21:45,85
hash_md5,a14c7df10efc2c2b4ac4e5d2963fbe80,malwarebazaar,Mirai,"elf,Mirai",2026-08-31 04:00:08,2026-08-31 04:21:45,85
hash_md5,a3275de1df91c00b9ff709afb36d318c,malwarebazaar,Mirai,"elf,Mirai",2026-08-31 04:00:08,2026-08-31 04:21:45,85
hash_md5,a4ab6c11a310e22158ff9e74cfe8dda4,malwarebazaar,Mirai,Mirai,2026-08-31 04:00:08,2026-08-31 04:21:45,85
hash_md5,a5b0c076a0a845cbe275ae628c715d27,malwarebazaar,unknown,unknown,2026-08-31 04:00:08,2026-08-31 04:21:45,85
hash_md5,a6a474d61dd07a39ffeb21692db714ef,malwarebazaar,Mirai,"elf,Mirai",2026-08-31 04:00:08,2026-08-31 04:21:45,85
hash_md5,a7213af274942c523c6e3e0ddc82ddca,malwarebazaar,elf,elf,2026-08-31 04:00:08,2026-08-31 04:21:45,85
hash_md5,a7419e5d74c16467b624831100693684,malwarebazaar,exe,exe,2026-08-31 04:00:08,2026-08-31 04:21:45,85
hash_md5,a7c3a00d469b80a21ee4d45c4237578d,malwarebazaar,sh,sh,2026-08-31 04:00:08,2026-08-31 04:21:45,85
hash_md5,a988f8a29bbd0a9336ffecd9445c2a95,malwarebazaar,Mirai,elf,2026-08-31 04:00:08,2026-08-31 04:21:45,85
hash_md5,ab1c390ffd452108d807f6d79ef702c6,malwarebazaar,zip,zip,2026-08-31 04:00:08,2026-08-31 04:21:45,85
hash_md5,b1fa3e0eb7b6755bfbdae529a75f2b53,malwarebazaar,sh,sh,2026-08-31 04:00:08,2026-08-31 04:21:45,85
hash_md5,b68a1627a100bbfa82dc1fa53cda9874,malwarebazaar,zip,"cowrie,dionaea,honeypot,signed,zip",2026-08-31 04:00:08,2026-08-31 04:21:45,85
hash_md5,b7c16c14713811db3f7bfca8cd7786cc,malwarebazaar,AsyncRAT,AsyncRAT,2026-08-31 04:00:08,2026-08-31 04:21:45,85
hash_md5,b9cb4d7eda28f275a45e25aed202fba4,malwarebazaar,Mirai,Mirai,2026-08-31 04:00:08,2026-08-31 04:21:45,85
hash_md5,bd2654e2244bcf9a6a2252a13755a3ee,malwarebazaar,exe,"exe,Vidar",2026-08-31 04:00:08,2026-08-31 04:21:45,85
hash_md5,be88630f3822e02ae133f543599d0216,malwarebazaar,exe,"54e64e,dropped-by-Amadey,exe",2026-08-31 04:00:08,2026-08-31 04:21:45,85
hash_md5,c2090fc3b3823d9e5a00f2c825edced3,malwarebazaar,Vidar,"exe,signed,Vidar",2026-08-31 04:00:08,2026-08-31 04:21:45,85
hash_md5,c3fb146a44516f025122c71348c36b0e,threatfox,Coinminer,threatfox,2026-08-30 04:06:42,2026-08-31 04:21:45,85
hash_md5,c4d00ea7e5fddfc2323e9b7dd7afe177,malwarebazaar,Mirai,elf,2026-08-31 04:00:08,2026-08-31 04:21:45,85
hash_md5,c5c38ba91507353b7b68c0086fe53274,threatfox,Venus Stealer,threatfox,2026-08-30 04:06:42,2026-08-31 04:21:45,85
hash_md5,c97653e9ca2411da555ff27871e6f06f,malwarebazaar,AsyncRAT,AsyncRAT,2026-08-31 04:00:08,2026-08-31 04:21:45,85
hash_md5,ca4653aa6e41a24bca2356fbf9a1f287,malwarebazaar,Vidar,exe,2026-08-31 04:00:08,2026-08-31 04:21:45,85
hash_md5,ca95a4d136d0c00c438fa39bd348f71e,malwarebazaar,Mirai,"elf,Mirai",2026-08-31 04:00:08,2026-08-31 04:21:45,85
hash_md5,cd50892c06618aa455f346b1673f6538,malwarebazaar,Mirai,elf,2026-08-31 04:00:08,2026-08-31 04:21:45,85
hash_md5,d01463375f7fdaccba2fd934eed81e7d,malwarebazaar,Mirai,"elf,Mirai",2026-08-31 04:00:08,2026-08-31 04:21:45,85
hash_md5,d0a691a2c38a39ac592e23be54bc33b2,malwarebazaar,exe,"exe,signed,Vidar",2026-08-31 04:00:08,2026-08-31 04:21:45,85
hash_md5,d0c91a6ca11c2d551ff464d463150c05,malwarebazaar,Mirai,"elf,Mirai",2026-08-31 04:00:08,2026-08-31 04:21:45,85
hash_md5,d0dbe11439000d830f5b343b1b682bdd,malwarebazaar,ConnectWise,"ConnectWise,signed",2026-08-31 04:00:08,2026-08-31 04:21:45,85
hash_md5,d1b9e3eb79d1ae46b48f0e0a78054229,malwarebazaar,Mirai,"elf,Mirai",2026-08-31 04:00:08,2026-08-31 04:21:45,85
hash_md5,d2ba83a3004963b991f755a222d7e49c,malwarebazaar,elf,elf,2026-08-31 04:00:08,2026-08-31 04:21:45,85
hash_md5,d3895c7d1ea111540f3ecb490ad1c773,malwarebazaar,exe,exe,2026-08-31 04:00:08,2026-08-31 04:21:45,85
hash_md5,d3f839d5dfcfd8e5511fdfca13c02aa1,malwarebazaar,Mirai,"elf,Mirai",2026-08-31 04:00:08,2026-08-31 04:21:45,85
hash_md5,d6016c0b8acc0c4d73d27019ed290ba5,threatfox,ValleyRAT,threatfox,2026-08-30 04:06:42,2026-08-31 04:21:45,85
hash_md5,d7a14b56edbc65dd1a1a5502c471dfb0,malwarebazaar,Vidar,"exe,signed,Vidar",2026-08-31 04:00:08,2026-08-31 04:21:45,85
hash_md5,d7b9e4734c1f38d66e8668864412ee17,malwarebazaar,Mirai,"elf,Mirai",2026-08-31 04:00:08,2026-08-31 04:21:45,85
hash_md5,d9c681a726183af26a21128279ef0ced,threatfox,ValleyRAT,threatfox,2026-08-30 04:06:42,2026-08-31 04:21:45,85
hash_md5,dcbcc877b827b9e3ebdfc71c1cf49b0b,malwarebazaar,Mirai,Mirai,2026-08-31 04:00:08,2026-08-31 04:21:45,85
hash_md5,df436f62af38b7a5bcd8a3368a9f110a,threatfox,Nanocore RAT,threatfox,2026-08-30 16:06:18,2026-08-31 04:21:45,85
hash_md5,dfb0d7ad0bc697eac95ce58b987d7f2f,malwarebazaar,elf,elf,2026-08-31 04:00:08,2026-08-31 04:21:45,85
hash_md5,e20a13ee80d79b74a038d44ee636b6aa,malwarebazaar,Mirai,Mirai,2026-08-31 04:00:08,2026-08-31 04:21:45,85
hash_md5,e343ab4947149c11fcbc84e8bebd483d,malwarebazaar,exe,exe,2026-08-31 04:00:08,2026-08-31 04:21:45,85
hash_md5,e434a1650353e0c60ba354a41d1418d9,malwarebazaar,exe,exe,2026-08-31 04:00:08,2026-08-31 04:21:45,85
hash_md5,e7494195b09a7609d15bd6a2a262dc27,malwarebazaar,unknown,unknown,2026-08-31 04:00:08,2026-08-31 04:21:45,85
hash_md5,e7905f19dc5cebd37e3f9e2f65368b04,threatfox,WannaCryptor,threatfox,2026-08-30 04:06:42,2026-08-31 04:21:45,85
hash_md5,ee76666614adaeff2af23ff32f4091a5,malwarebazaar,exe,"exe,signed,Vidar",2026-08-31 04:00:08,2026-08-31 04:21:45,85
hash_md5,f0a39bc7d9769599b56a842118e7ca56,malwarebazaar,Vidar,"exe,Vidar",2026-08-31 04:00:08,2026-08-31 04:21:45,85
hash_md5,f183b0cb31895a54a2b69c24991d8a70,malwarebazaar,AdaptixC2,AdaptixC2,2026-08-31 04:00:08,2026-08-31 04:21:45,85
hash_md5,f2f0eaa4bcaec870c85eb6a62cbca0b0,malwarebazaar,exe,"exe,Vidar",2026-08-31 04:00:08,2026-08-31 04:21:45,85
hash_md5,f3b1bff7013b59d643e9deeb474fa8b6,malwarebazaar,exe,exe,2026-08-31 04:00:08,2026-08-31 04:21:45,85
hash_md5,f63d215ff3ef94537c1bb4c3af20ea93,malwarebazaar,elf,elf,2026-08-31 04:00:08,2026-08-31 04:21:45,85
hash_md5,f6db29a1c53467f9d613666064785e98,threatfox,Quasar RAT,threatfox,2026-08-30 16:06:18,2026-08-31 04:21:45,85
hash_md5,fb472c15a793251aeeb03b38bd4a678f,threatfox,Vidar,threatfox,2026-08-30 04:06:42,2026-08-31 04:21:45,85
hash_md5,fc3bbc8437e1acf9c301e2238df2f48f,malwarebazaar,sh,"enthec,sh",2026-08-31 04:00:08,2026-08-31 04:21:45,85
hash_sha256,00be60c5d656295d0f3ab32d1f07967dd9c3294cb64fb57a9dc93c97f5224f59,malwarebazaar,Mirai,"elf,Mirai",2026-08-31 04:00:08,2026-08-31 04:21:45,85
hash_sha256,011622e016f8dd26ea72849f3181882cc1bab3d72cc43e847936703fcd436bba,malwarebazaar,RemcosRAT,"bat,RemcosRAT",2026-08-31 04:00:08,2026-08-31 04:21:45,85
hash_sha256,040fe79af10373a4a2680b5fbfd439dc7afca68c0bf9bc12144a4e9e33430292,malwarebazaar,Mirai,"elf,Mirai",2026-08-31 04:00:08,2026-08-31 04:21:45,85
hash_sha256,04d18499650edec9b032e2570b348209a36fb3a5de24160a6e869ebb21100b6b,malwarebazaar,Vidar,"exe,signed,Vidar",2026-08-31 04:00:08,2026-08-31 04:21:45,85
hash_sha256,0781d164ad718340e5a359c13527d75f55c8d01150f514cb0a7c05cff35f766a,malwarebazaar,Mirai,Mirai,2026-08-31 04:00:08,2026-08-31 04:21:45,85
hash_sha256,0960a25a046f08f30489bce5f7cc6e83af9b21989f8e937c57722cafe00b2dca,threatfox,WannaCryptor,threatfox,2026-08-30 04:06:42,2026-08-31 04:21:45,85
hash_sha256,0970ea5b4f55b1cfee90c06e00ed48dbc861f5eac590b144d4a911b62942abbc,threatfox,Venus Stealer,threatfox,2026-08-30 04:06:42,2026-08-31 04:21:45,85
hash_sha256,0afe53066fa700377a69d22c264f76761b8fb289308abfde8bf4fac7b0182111,malwarebazaar,elf,elf,2026-08-31 04:00:08,2026-08-31 04:21:45,85
hash_sha256,0f1af10b96c08c9aeecf28c2fa238542e667d218df65ce51701aaaeb7dcc75b1,threatfox,Vidar,threatfox,2026-08-30 04:06:42,2026-08-31 04:21:45,85
hash_sha256,0fe9ee5552f17321c41c44ac8196ecaf4fe0d8e97207545f70906c636dab033a,malwarebazaar,unknown,unknown,2026-08-31 04:00:08,2026-08-31 04:21:45,85
hash_sha256,11738a5b45dfdddb7511c815bfb61ceb2841468846d0d6386429373b856e3d19,malwarebazaar,sh,sh,2026-08-31 04:00:08,2026-08-31 04:21:45,85
hash_sha256,117dc9528d518447ab50ba8114b5a47fd06a7c251ade9e90162df66fcb7fd279,threatfox,Vidar,threatfox,2026-08-30 04:06:42,2026-08-31 04:21:45,85
hash_sha256,11ae2d71c9ccae0fa60dc80eedf85ebf784267c28ca42e9c14fffa06515e097a,threatfox,Coinminer,threatfox,2026-08-30 04:06:42,2026-08-31 04:21:45,85
hash_sha256,13ef56abdc373ffa0761004b7c2d680f6d06b15d761642cc5538bafd8560d826,malwarebazaar,Mirai,Mirai,2026-08-31 04:00:08,2026-08-31 04:21:45,85
hash_sha256,151ac96b0cd25d554866cfa5f4c8b2a7eb6c7dee85874c0966388ab3cd11ed22,malwarebazaar,Mirai,"elf,Mirai",2026-08-31 04:00:08,2026-08-31 04:21:45,85
hash_sha256,1a71cf44e6bf88acc3009341875a6ac584f70f1d8f02517ad08090b6d9c94f84,threatfox,ValleyRAT,threatfox,2026-08-30 04:06:42,2026-08-31 04:21:45,85
hash_sha256,1b19bd93bc95ba908f8d13cf9e7e69776d2d82722f325d9290550aed155e56bd,malwarebazaar,exe,"exe,signed,Vidar",2026-08-31 04:00:08,2026-08-31 04:21:45,85
hash_sha256,1b647683b7fc5ee58b643bea788b28f03b236791e5737ab41896f6c15c32cc01,malwarebazaar,Mirai,Mirai,2026-08-31 04:00:08,2026-08-31 04:21:45,85
hash_sha256,1c250ac3db43c8379591c0a1e8e428b972c1adda38eec2fb46376fb905e0a5e1,threatfox,Nanocore RAT,threatfox,2026-08-30 16:06:18,2026-08-31 04:21:45,85
hash_sha256,1dc1f5d8863e2f4d6105a47e6aa11428668c9c604b3c55247e2bce376bdd5724,malwarebazaar,AdaptixC2,AdaptixC2,2026-08-31 04:00:08,2026-08-31 04:21:45,85
hash_sha256,1ddcd7e1b9da77c34ddf1faf717e245432487b831ae986bd1abd138b57fc28aa,malwarebazaar,Vidar,exe,2026-08-31 04:00:08,2026-08-31 04:21:45,85
hash_sha256,1ec76c4d3be7c42c78a5b9358c49219035ec638b129b497dcb78bd7a983e6d46,malwarebazaar,unknown,unknown,2026-08-31 04:00:08,2026-08-31 04:21:45,85
hash_sha256,2041194a6bb541b47ebc24cef891b00eb19c21708188310c61e87c5ef11dde31,malwarebazaar,elf,elf,2026-08-31 04:00:08,2026-08-31 04:21:45,85
hash_sha256,20e0b568507ba65e67672f860905880e5fea56654285f9b258675b5eae473b01,malwarebazaar,Mirai,elf,2026-08-31 04:00:08,2026-08-31 04:21:45,85
hash_sha256,21bfcedfb79ec8427ad3d766b66997983a2910d05164773159263b52a5cd6317,malwarebazaar,exe,exe,2026-08-31 04:00:08,2026-08-31 04:21:45,85
hash_sha256,2bdcd6e8a368c28488926a4773bf4cc2d5840ced8cb6499e417c3743cec7c44c,malwarebazaar,Mirai,elf,2026-08-31 04:00:08,2026-08-31 04:21:45,85
hash_sha256,30550319146db843b5987e3bd4f3befcd5dd77ec3f24862db2d0703f5998667c,threatfox,ValleyRAT,threatfox,2026-08-30 04:06:42,2026-08-31 04:21:45,85
hash_sha256,319810073cff23bf40e305a5ba17c7c82b01488f901a6457f6f600d94c65bc51,malwarebazaar,Prometei,"elf,Prometei,wraith",2026-08-31 04:00:08,2026-08-31 04:21:45,85
hash_sha256,321302480883589241e6a4df24e3df3455a769c1f032a51ea1ff59a3cba858c1,malwarebazaar,unknown,unknown,2026-08-31 04:00:08,2026-08-31 04:21:45,85
hash_sha256,348fb16af9b191747359553b9b995b82fff2dda2f4d3ecaff280080f3d6177e6,malwarebazaar,elf,elf,2026-08-31 04:00:08,2026-08-31 04:21:45,85
hash_sha256,3610fcc54a204281b09095004f02b674cd75bdd83996a1428fdef85645eff3e1,malwarebazaar,AsyncRAT,AsyncRAT,2026-08-31 04:00:08,2026-08-31 04:21:45,85
hash_sha256,378663855be020f0c4bdf6e45c802ad721e6516c0b59fbfef8e5feaff4f42d9b,malwarebazaar,Mirai,"elf,Mirai",2026-08-31 04:00:08,2026-08-31 04:21:45,85
hash_sha256,37ead5a16a9a8630b74a38a740b71789a3c6d1a3205c4e21675cadd2af90b472,malwarebazaar,Mirai,"elf,Mirai",2026-08-31 04:00:08,2026-08-31 04:21:45,85
hash_sha256,38fe0a93c3da436976dd0e96f70e228107508fc26bd612c90ad643238e72fe56,malwarebazaar,elf,elf,2026-08-31 04:00:08,2026-08-31 04:21:45,85
hash_sha256,3bc5b2464c55aab2b5b9d7e6c646130dea5d863f8d6631b5d5fe2f23c6f73b61,malwarebazaar,elf,"elf,upx-dec",2026-08-31 04:00:08,2026-08-31 04:21:45,85
hash_sha256,3cf3edeeeac605be90d682b402ca8f34841633b05b45be6be2c50d30e5563fb2,malwarebazaar,Mirai,elf,2026-08-31 04:00:08,2026-08-31 04:21:45,85
hash_sha256,41792492f011594491d180b1bfbed002f07a60e9697558b1a13e00176f9f4611,malwarebazaar,Mirai,"elf,Mirai",2026-08-31 04:00:08,2026-08-31 04:21:45,85
hash_sha256,4892824a9316779d423c3190df9bcaa9cdbde0756eb225b7a7ad5746dc04f654,malwarebazaar,Mirai,elf,2026-08-31 04:00:08,2026-08-31 04:21:45,85
hash_sha256,4b6c5c2d773b5d4b9483a20098faf68cbbc552ab477fbb7d5734409dd78f52ea,malwarebazaar,sh,"enthec,sh",2026-08-31 04:00:08,2026-08-31 04:21:45,85
hash_sha256,4b8c22660c29b27700e6b7cd0e990f9e2f08f2a581354a09a4cf9ae08d443a51,malwarebazaar,elf,elf,2026-08-31 04:00:08,2026-08-31 04:21:45,85
hash_sha256,4d28296e8ff7f9616997a465ac85b13399bf398fb561431e0ff5a740cb7fd3c7,malwarebazaar,Prometei,"exe,Prometei,wraith",2026-08-31 04:00:08,2026-08-31 04:21:45,85
hash_sha256,507bbce068c50bc2e2c3907debe65c3bf974ac1c2ace16d15c952bd3a72c15f2,threatfox,WannaCryptor,threatfox,2026-08-30 16:06:18,2026-08-31 04:21:45,85
hash_sha256,511fe46150f3e39ba1bcb08cfc09d27da85f61805e08a17e84f356c4a107a903,malwarebazaar,Mirai,"elf,Mirai",2026-08-31 04:00:08,2026-08-31 04:21:45,85
hash_sha256,51f18fc444ca9660bfdb73fe2f59007f932e743283f590e174308bfe4c34f55f,malwarebazaar,ConnectWise,"ConnectWise,signed",2026-08-31 04:00:08,2026-08-31 04:21:45,85
hash_sha256,580f311847643ec21215c3a29d54dc4b3e35656c13ab066b79666e6561e5b0c8,malwarebazaar,sh,"enthec,sh",2026-08-31 04:00:08,2026-08-31 04:21:45,85
hash_sha256,59b3e567a22126d9d26ab758dabe2a17908d0c48d326fdf2c260546fd8b220c8,malwarebazaar,Mirai,elf,2026-08-31 04:00:08,2026-08-31 04:21:45,85
hash_sha256,59e4426161024da7af4b9755f2bf861bb8850b4469e9f00c8f7c15f4f18e9eb7,malwarebazaar,Mirai,"elf,Mirai",2026-08-31 04:00:08,2026-08-31 04:21:45,85
hash_sha256,5c7357a1261582b7a2d796dd7b5d2ff76a9dc0c70995edf91c06433701d20d1e,malwarebazaar,sh,sh,2026-08-31 04:00:08,2026-08-31 04:21:45,85
hash_sha256,5c81b3827e80082d7fbbd9e82831a0ae31eb2ee4b97cb1b6730a95e6aa68c122,malwarebazaar,Mirai,"Mirai,sh",2026-08-31 04:00:08,2026-08-31 04:21:45,85
hash_sha256,648e823a9408a715f9fe83bdd467efc4c3382c4d299fd8db380e5f00f88c9eaa,malwarebazaar,Vidar,"exe,signed,Vidar",2026-08-31 04:00:08,2026-08-31 04:21:45,85
hash_sha256,6492bc2bfaa40a1a4c783fde77be26cd0381038f13deacce833ae84a6dbc5712,malwarebazaar,Mirai,Mirai,2026-08-31 04:00:08,2026-08-31 04:21:45,85
hash_sha256,6c34734992fedeae18ca6796175a7d5e366db61b096afb2a40a51a500ac3e39f,malwarebazaar,ValleyRAT,"dll,RAT,ValleyRAT",2026-08-31 04:00:08,2026-08-31 04:21:45,85
hash_sha256,6dea295dace414dcecb4580a7882b707364cd31ea7708e4ec0643a022091b152,malwarebazaar,Mirai,elf,2026-08-31 04:00:08,2026-08-31 04:21:45,85
hash_sha256,6e2317a8a15f7dfdda44266aea43fa0579fe4319546e7a47e07b53e8e5e4fdae,malwarebazaar,Mirai,elf,2026-08-31 04:00:08,2026-08-31 04:21:45,85
hash_sha256,70dce1cfed01b0cbaa7a50d2d23f44cd80621947a082c424a0c55a2e3fe48d61,malwarebazaar,Mirai,elf,2026-08-31 04:00:08,2026-08-31 04:21:45,85
hash_sha256,713cfb58fc152e5369f7e51d177223b69dfca974e0ee2064a9f8a794393d31ff,malwarebazaar,Mirai,"elf,Mirai",2026-08-31 04:00:08,2026-08-31 04:21:45,85
hash_sha256,71cdf126636c50a3a2b71fa730ddc3f3ab03791a35a70aa774de8652ca96a174,malwarebazaar,RemusStealer,"RemusStealer,signed",2026-08-31 04:00:08,2026-08-31 04:21:45,85
hash_sha256,7209e154bd93a9cdd455902b3c3e412f2024e9f0ddb83fc0b180c4af2d8adf67,malwarebazaar,Mirai,"elf,Mirai",2026-08-31 04:00:08,2026-08-31 04:21:45,85
hash_sha256,76520a25a234a651c1f60c4ed7e0c2840e41e50604f7ceb80fed3079a003e97b,malwarebazaar,Mirai,"elf,Mirai",2026-08-31 04:00:08,2026-08-31 04:21:45,85
hash_sha256,76de6f8ba8cd0a7812d65b7810c799f152012671ed4e4118faa660c07a9662cd,malwarebazaar,exe,"exe,signed,Vidar",2026-08-31 04:00:08,2026-08-31 04:21:45,85
hash_sha256,80fbb5dfe54e4834a377b50b7d204d4b90c1cd136e0aed440f344070e2592e96,malwarebazaar,DCRat,exe,2026-08-31 04:00:08,2026-08-31 04:21:45,85
hash_sha256,844553c171f4a953bed4ce34c94bc373b5a41a0dfbec71e137534c827573f34b,malwarebazaar,Mirai,"elf,Mirai",2026-08-31 04:00:08,2026-08-31 04:21:45,85
hash_sha256,85dbd88525d794060217730b5f22475de4b2eb18d45642bed42104945166a00e,malwarebazaar,sh,sh,2026-08-31 04:00:08,2026-08-31 04:21:45,85
hash_sha256,8724ae953b9d69c4d5dc13713f842a7c22257e97ada5df87e8409f1433e57dac,malwarebazaar,exe,"exe,Vidar",2026-08-31 04:00:08,2026-08-31 04:21:45,85
hash_sha256,8727a17e67980f4db297653f1bbdcf3a788f6241259427163de792b8f1e291b8,malwarebazaar,Mirai,"elf,Mirai",2026-08-31 04:00:08,2026-08-31 04:21:45,85
hash_sha256,9109d9bd117f540aed9afa6f293c1396cc18ed979056eadca97c69e3f957c14d,malwarebazaar,AsyncRAT,AsyncRAT,2026-08-31 04:00:08,2026-08-31 04:21:45,85
hash_sha256,916cf18c98363cf3419b4d51e9635dd1c610adb3b6d6264aac3f52a02b77541a,threatfox,Coinminer,threatfox,2026-08-30 16:06:18,2026-08-31 04:21:45,85
hash_sha256,95dc20449c307be8bad1541a3fbf53ee6c9a107f9add5811f744ee33e344b63d,threatfox,Quasar RAT,threatfox,2026-08-30 16:06:18,2026-08-31 04:21:45,85
hash_sha256,985a0ccc6ee392a1ec2cbe1f00d4f467636a80ce9e6bc1f9343efdcee2150b66,malwarebazaar,Mirai,"elf,Mirai",2026-08-31 04:00:08,2026-08-31 04:21:45,85
hash_sha256,990079676b58186129270525cc8661e3f512d72acc60f82ee86509433dd85038,malwarebazaar,Mirai,"elf,Mirai",2026-08-31 04:00:08,2026-08-31 04:21:45,85
hash_sha256,9b1d38cd728ec1a478db668e86f7445ab5f0335b388feefc15502931cdcad704,malwarebazaar,VenomRAT,VenomRAT,2026-08-31 04:00:08,2026-08-31 04:21:45,85
hash_sha256,9b717d713836c386fd57e786ff5ea94b51216d1f588452a1866d6f66f7e9ba01,malwarebazaar,Mirai,Mirai,2026-08-31 04:00:08,2026-08-31 04:21:45,85
hash_sha256,9b8f75b3758536e5b79092411b979e5a9617e8f04f1c60f000cb99d603b46134,malwarebazaar,Mirai,Mirai,2026-08-31 04:00:08,2026-08-31 04:21:45,85
hash_sha256,9c927df9fdd83af1b57810daa6cc7712a238d31a860bb8d33c6dacb03f53584d,threatfox,Stealc,threatfox,2026-08-30 04:06:42,2026-08-31 04:21:45,85
hash_sha256,9fe7400eb83237517f23e172d4e708b6744bf4b68ab1d1f0d21473581575a96c,malwarebazaar,Mirai,"elf,Mirai",2026-08-31 04:00:08,2026-08-31 04:21:45,85
hash_sha256,a1bde6f032dc7452a8e447e9750a3b14a1e5c7e3803420e8919831fe67b338b7,threatfox,Vidar,threatfox,2026-08-30 04:06:42,2026-08-31 04:21:45,85
hash_sha256,a2e5983090f76e9686379b266af0aa237973d0f4705dcb09806356da4b6ae142,malwarebazaar,Mirai,"elf,Mirai",2026-08-31 04:00:08,2026-08-31 04:21:45,85
hash_sha256,a78278e9b95b9eb162331dfd052b98752b6757a8991012f44a84efc25e9f49d1,malwarebazaar,elf,elf,2026-08-31 04:00:08,2026-08-31 04:21:45,85
hash_sha256,a8e275579345d3ec5516379baadf1521b2573e9c8185dc08f7def952bc16acad,malwarebazaar,Vidar,"exe,Vidar",2026-08-31 04:00:08,2026-08-31 04:21:45,85
hash_sha256,ad36bcbbf96e1ea02fe0808cc7fa1251748965a24f8dd8564c6734a33edb9e59,malwarebazaar,exe,"exe,Vidar",2026-08-31 04:00:08,2026-08-31 04:21:45,85
hash_sha256,aebe2aad890a1ac75492bf2d698269870de3f775813ca806b9b8324343919245,malwarebazaar,exe,"exe,signed,Vidar",2026-08-31 04:00:08,2026-08-31 04:21:45,85
hash_sha256,b33121f5f6866196079651fcabc4fcf1998944578846eb83e557f3128ed4c867,malwarebazaar,elf,elf,2026-08-31 04:00:08,2026-08-31 04:21:45,85
hash_sha256,b3caa2e3d0c88a3872e1102f356fc665678b150e05a511412dc613ae04a118a9,malwarebazaar,Mirai,"elf,Mirai",2026-08-31 04:00:08,2026-08-31 04:21:45,85
hash_sha256,b434022c41d8380221ddd621eaae69b0f0eb2503ac53069ef7f932f45cdf81d7,threatfox,Coinminer,threatfox,2026-08-30 04:06:42,2026-08-31 04:21:45,85
hash_sha256,b82adccfc4f2c3e4c4bf6b14e2c080435e6578bf6449aeefa16a66698f736a3f,malwarebazaar,sh,sh,2026-08-31 04:00:08,2026-08-31 04:21:45,85
hash_sha256,b95e693c051c1c73a76d970e639ffde3bfa388dac2faccf57169c44c360100fa,malwarebazaar,Mirai,"elf,Mirai",2026-08-31 04:00:08,2026-08-31 04:21:45,85
hash_sha256,ba5b5e1cedf641a8c3281e631a2034b5e4ab4f0153dafead21d76164ed717d5b,malwarebazaar,exe,"54e64e,dropped-by-Amadey,exe",2026-08-31 04:00:08,2026-08-31 04:21:45,85
hash_sha256,bdbcb94265f715c4e044499b7f18a9193972117c06daf9097f91afe812de6207,malwarebazaar,Mirai,elf,2026-08-31 04:00:08,2026-08-31 04:21:45,85
hash_sha256,bf8c5ad334c9b4a8dfb7eab8e33e4869e275ababc2f042efa74fe4514ba9eb26,malwarebazaar,exe,exe,2026-08-31 04:00:08,2026-08-31 04:21:45,85
hash_sha256,bfd241497d87b72e6ca63d3c51f904c66890684cef0e14c11680eb5d0633f260,malwarebazaar,exe,exe,2026-08-31 04:00:08,2026-08-31 04:21:45,85
hash_sha256,c2a669ab6504a18b47c6f493efc899e47f29a9605a6b1df0b21cbf78ef1eb73b,malwarebazaar,sh,sh,2026-08-31 04:00:08,2026-08-31 04:21:45,85
hash_sha256,c2d2b1e3e9c82a7a2cf99e1484fbc8c2b25f06a49efb7e3e3c7c63dbf347d9ca,malwarebazaar,Mirai,"elf,Mirai",2026-08-31 04:00:08,2026-08-31 04:21:45,85
hash_sha256,c327c09546c35128f7fa873955bf6df7b3ecd45f308db8895f7f256a1aaec7ec,malwarebazaar,zip,zip,2026-08-31 04:00:08,2026-08-31 04:21:45,85
hash_sha256,c4476378ccde96e2bcbb413e42d7df500c56b577b3a8a58c5318df96201e0b02,threatfox,ValleyRAT,threatfox,2026-08-30 04:06:42,2026-08-31 04:21:45,85
hash_sha256,c5badbc7eb2ff4f904156ed9b517c22c7dfba122e540dfbf7f0d4156d7a9976d,malwarebazaar,Mirai,elf,2026-08-31 04:00:08,2026-08-31 04:21:45,85
hash_sha256,c61aafe2b00ae629a033335ebd4a93dbc7f8309a7a4e8f4393a35dcfa52a17db,malwarebazaar,Vidar,exe,2026-08-31 04:00:08,2026-08-31 04:21:45,85
hash_sha256,cae1cce3f601c297e9eb531df55a9d864605e383fafe3509fee0f2a99b25348e,malwarebazaar,Mirai,"elf,Mirai",2026-08-31 04:00:08,2026-08-31 04:21:45,85
hash_sha256,cd8a4747ca552e4ce1b1bd86249a068f33c3e512a8337dae20ebdd5237134988,malwarebazaar,exe,"9d2ca3,dropped-by-Amadey,exe,signed",2026-08-31 04:00:08,2026-08-31 04:21:45,85
hash_sha256,d0d1bbcd8900f190bc7b24e1b15e5558fbc917e5172712075207ee3e29c16a3f,malwarebazaar,Mirai,"elf,exe,Mirai,whack.sh",2026-08-31 04:00:08,2026-08-31 04:21:45,85
hash_sha256,d251f7a30d6b797b0e2edf2fd9d7c5e42272dcfc9495bb6a9ee9b62e97a6bf51,malwarebazaar,elf,elf,2026-08-31 04:00:08,2026-08-31 04:21:45,85
hash_sha256,d3326ec9bb37c8bcb65ffcf639d51ffdc0628804eb974b86bc9f14c1dd2a2c4d,malwarebazaar,Mirai,Mirai,2026-08-31 04:00:08,2026-08-31 04:21:45,85
hash_sha256,d4aab8c493f54be6245a625286470ba7d3499d1051559bdc0d114aaf582d9a41,malwarebazaar,exe,exe,2026-08-31 04:00:08,2026-08-31 04:21:45,85
hash_sha256,d5c876aed3c43d53d1c37d5ea33a44e84fcd3af80a10c53b020fb8946bfd3765,malwarebazaar,Mirai,"elf,exe,Mirai,whack.sh",2026-08-31 04:00:08,2026-08-31 04:21:45,85
hash_sha256,d683b763682b08127a52d049509ac0e861fe21bc54fb73eeb1841b854e6bf2a7,malwarebazaar,Mirai,"elf,Mirai",2026-08-31 04:00:08,2026-08-31 04:21:45,85
hash_sha256,d7934bfa4e1d52ff336ddc7ee231f206a1eb1ac286e5dd74e5d13ea12f824336,malwarebazaar,exe,"exe,Vidar",2026-08-31 04:00:08,2026-08-31 04:21:45,85
hash_sha256,d931dd41445159d939376b4ee6c6023bf49ba6599d9191006fdb8d99c71c410a,malwarebazaar,elf,upx,2026-08-31 04:00:08,2026-08-31 04:21:45,85
hash_sha256,d945cf407650717fb6a880b8fda9f5daa623c33a5efb08cbed5ea01c9346131d,malwarebazaar,Mirai,"elf,Mirai",2026-08-31 04:00:08,2026-08-31 04:21:45,85
hash_sha256,d9b69fe371aa57cbe7b0e4b9221902cb207f7150693976a97beb8e59115c365a,malwarebazaar,ConnectWise,"ConnectWise,signed",2026-08-31 04:00:08,2026-08-31 04:21:45,85
hash_sha256,d9bce6c9a1e6dc24747f2b754bc3ec0b381bac755d2dcc52db38c87fce8a46ab,malwarebazaar,Mirai,"elf,exe,Mirai,whack.sh",2026-08-31 04:00:08,2026-08-31 04:21:45,85
hash_sha256,db4a45d88c943be3f60bf216bb6ac8a2d3b70dfa13e9669e402f11e2aaea1b74,threatfox,Vidar,threatfox,2026-08-30 04:06:42,2026-08-31 04:21:45,85
hash_sha256,db59dfafcc05be928df94d060ffb1655613a412d4d292983b204b90d4b4cda60,malwarebazaar,sh,sh,2026-08-31 04:00:08,2026-08-31 04:21:45,85
hash_sha256,ddd09fd60251050ebb2fed85ead524c234f830301b85476da997249726e9a60e,malwarebazaar,sh,sh,2026-08-31 04:00:08,2026-08-31 04:21:45,85
hash_sha256,e240ed6f9c39ce9fa420af4164fbb976811bc49bce16ab2b3e2a98ebd1f40512,malwarebazaar,exe,"exe,Vidar",2026-08-31 04:00:08,2026-08-31 04:21:45,85
hash_sha256,e2982ce93a162c03f9e826b13cb98a4b62410d931dd0312881d8f5579da7c8f9,malwarebazaar,sh,sh,2026-08-31 04:00:08,2026-08-31 04:21:45,85
hash_sha256,e2fbf3748c008a631272cef2a2841acdc5423c70d6eac6136ae403ece27da452,malwarebazaar,exe,exe,2026-08-31 04:00:08,2026-08-31 04:21:45,85
hash_sha256,e46d5e3237a7b339440dd7f005be4b77be4584749816bf64b0b3485e00862fd0,malwarebazaar,zip,"cowrie,dionaea,honeypot,signed,zip",2026-08-31 04:00:08,2026-08-31 04:21:45,85
hash_sha256,e7dd64dbda89025ae8f155705b437c6a41fcc7e8616b11f5ebc955bb48c2acaa,malwarebazaar,Mirai,Mirai,2026-08-31 04:00:08,2026-08-31 04:21:45,85
hash_sha256,eb409a50a259b298dc166799c99e51d59a253a7377a354e5a7c3d1cfb5ebcaaa,malwarebazaar,sh,sh,2026-08-31 04:00:08,2026-08-31 04:21:45,85
hash_sha256,eb55e38de8ed4cd753ae895d232f9a0d6967eeafc726518e1c33b1b2acb18b82,malwarebazaar,Mirai,"elf,Mirai",2026-08-31 04:00:08,2026-08-31 04:21:45,85
hash_sha256,ec2bc48545806557a546855b94bafa55138ab603771290268e0fcbc5f72de6aa,malwarebazaar,exe,"exe,signed,Vidar",2026-08-31 04:00:08,2026-08-31 04:21:45,85
hash_sha256,ec5c7ff617a8f5325aaee45688d9a8c8a564f28ef900a2f564909ff1f5395a9a,malwarebazaar,exe,"exe,whack.sh",2026-08-31 04:00:08,2026-08-31 04:21:45,85
hash_sha256,ed4337ee1b5174a6f113dfbf60faaf9ca17e531422da5001baeaab0878ac54f6,malwarebazaar,elf,elf,2026-08-31 04:00:08,2026-08-31 04:21:45,85
hash_sha256,eef5d0dea6356bf0b05852eca3cefd3fdb87b06ebff7578496a2824f966ca4e8,malwarebazaar,Mirai,"elf,Mirai",2026-08-31 04:00:08,2026-08-31 04:21:45,85
hash_sha256,f09d525e110ac823c70c45330364a1f777c05a3ca83beff317e9dba4501b436b,malwarebazaar,exe,exe,2026-08-31 04:00:08,2026-08-31 04:21:45,85
hash_sha256,f215f709b3c2e7cc77521f631cfd43c2ddd40440c849fbb29c9140f65126f565,malwarebazaar,exe,"d52f85,dropped-by-Amadey,exe",2026-08-31 04:00:08,2026-08-31 04:21:45,85
hash_sha256,f2b85e7c81f8a02f297f90b3b9d7b2cdbb8dd001120d5bb7da6e64af35e56fdb,malwarebazaar,exe,exe,2026-08-31 04:00:08,2026-08-31 04:21:45,85
hash_sha256,f2bbb1db345b0b4a70ac285c77d6368d3e6294cf79418a10c47749711c7b93af,malwarebazaar,elf,elf,2026-08-31 04:00:08,2026-08-31 04:21:45,85
hash_sha256,f6a2ea6415ff771dda4d5ae0dbf5190239175fceec14aa02ebcf879c60352bdd,malwarebazaar,exe,"54e64e,dropped-by-Amadey,exe",2026-08-31 04:00:08,2026-08-31 04:21:45,85
hash_sha256,f6f310bb98d6718154b3962c89bc779a28d2b7f6afe4170e89229ed4aaff88ca,malwarebazaar,elf,elf,2026-08-31 04:00:08,2026-08-31 04:21:45,85
hash_sha256,f6f7dbd6561e7ee6ba7e6abffdb1e5de01bf511318aade34825d888e99db645f,malwarebazaar,AsyncRAT,AsyncRAT,2026-08-31 04:00:08,2026-08-31 04:21:45,85
hash_sha256,f6fd816e3249cc679838c7936002b6a1e545f7a45d09893486f7f61f646bb21f,malwarebazaar,Vidar,"exe,signed,Vidar",2026-08-31 04:00:08,2026-08-31 04:21:45,85
hash_sha256,f8208c93d9bfc7186b29f86c3aa70056a33e0e8b8e0e4163f4bf6872fdac28cf,malwarebazaar,Mirai,"elf,exe,Mirai,whack.sh",2026-08-31 04:00:08,2026-08-31 04:21:45,85
hash_sha256,f959a8494f2a1c4e11f346ae8e3099593f156be2a5c8010d1747e4466a11316a,malwarebazaar,VenomRAT,VenomRAT,2026-08-31 04:00:08,2026-08-31 04:21:45,85
ip,1.69.201.249,threatfox,AdaptixC2,"threatfox,AdaptixC2,drb-ra",2026-08-30 04:06:42,2026-08-31 04:21:45,85
ip,103.153.183.25,threatfox,Remcos,"threatfox,c2,Remcos,RemoteHost",2026-08-30 16:06:18,2026-08-31 04:21:45,85
ip,103.98.18.238,threatfox,DCRat,"threatfox,DCRat,drb-ra,RAT",2026-08-29 16:10:47,2026-08-31 04:21:45,85
ip,104.248.247.126,threatfox,Aisuru,"threatfox,Aisuru,c2",2026-08-24 16:06:11,2026-08-31 04:21:45,85
ip,104.248.27.128,threatfox,Aisuru,"threatfox,Aisuru,c2",2026-08-30 16:06:18,2026-08-31 04:21:45,85
ip,104.250.180.85,threatfox,PureRAT,"threatfox,drb-ra,PureHVNC,PureRAT,RAT",2026-08-30 04:06:42,2026-08-31 04:21:45,85
ip,111.230.143.136,threatfox,Unknown malware,"threatfox,viper",2026-08-30 16:06:18,2026-08-31 04:21:45,85
ip,118.99.55.153,threatfox,VShell,"threatfox,vshell",2026-08-30 16:06:18,2026-08-31 04:21:45,85
ip,123.254.106.168,threatfox,VShell,"threatfox,vshell",2026-08-30 16:06:18,2026-08-31 04:21:45,85
ip,128.90.105.118,threatfox,DCRat,"threatfox,DCRat,drb-ra,RAT",2026-08-30 04:06:42,2026-08-31 04:21:45,85
ip,128.90.171.209,threatfox,AsyncRAT,"threatfox,AsyncRAT,drb-ra,RAT",2026-08-30 04:06:42,2026-08-31 04:21:45,85
ip,132.226.72.227,threatfox,Unknown malware,"threatfox,drb-ra,Mythic",2026-08-30 04:06:42,2026-08-31 04:21:45,85
ip,134.122.124.236,threatfox,Aisuru,"threatfox,Aisuru,c2",2026-08-30 16:06:18,2026-08-31 04:21:45,85
ip,134.122.185.201,threatfox,ValleyRAT,"threatfox,RAT,ValleyRAT",2026-08-30 16:06:18,2026-08-31 04:21:45,85
ip,141.94.96.195,threatfox,XMRIG,"threatfox,cryptojacking,docker-api,monero,xmrig",2026-08-30 16:06:18,2026-08-31 04:21:45,85
ip,152.42.255.118,threatfox,Aisuru,"threatfox,Aisuru,c2",2026-08-30 16:06:18,2026-08-31 04:21:45,85
ip,154.94.237.203,threatfox,Cobalt Strike,"threatfox,CobaltStrike,drb-ra",2026-08-30 04:06:42,2026-08-31 04:21:45,85
ip,159.198.75.180,threatfox,Unknown malware,"threatfox,mythic",2026-08-30 04:06:42,2026-08-31 04:21:45,85
ip,159.65.50.202,threatfox,Aisuru,"threatfox,Aisuru,c2",2026-08-24 16:06:11,2026-08-31 04:21:45,85
ip,161.35.173.98,threatfox,Cobalt Strike,"threatfox,CobaltStrike,drb-ra",2026-08-30 04:06:42,2026-08-31 04:21:45,85
ip,165.22.122.89,threatfox,Aisuru,"threatfox,Aisuru,c2",2026-08-24 16:06:11,2026-08-31 04:21:45,85
ip,165.22.191.159,threatfox,Aisuru,"threatfox,Aisuru,c2",2026-08-30 16:06:18,2026-08-31 04:21:45,85
ip,166.88.95.90,threatfox,Sliver,"threatfox,drb-ra,Sliver",2026-08-30 16:06:18,2026-08-31 04:21:45,85
ip,168.222.97.92,threatfox,PureRAT,"threatfox,drb-ra,PureHVNC,PureRAT,RAT",2026-08-30 04:06:42,2026-08-31 04:21:45,85
ip,172.174.128.128,threatfox,DCRat,"threatfox,DCRat,drb-ra,RAT",2026-08-30 16:06:18,2026-08-31 04:21:45,85
ip,172.245.91.44,threatfox,Cobalt Strike,"threatfox,cobaltstrike",2026-08-30 16:06:18,2026-08-31 04:21:45,85
ip,176.65.144.127,threatfox,Unknown RAT,"threatfox,ComponentTask33,EtherHiding,MSI-loader,NodeJS-RAT,on-chain-c2,Polygon",2026-07-03 02:36:03,2026-08-31 04:21:45,85
ip,185.195.65.180,threatfox,Cobalt Strike,"threatfox,57169,c2,censys,cobalt strike",2026-08-30 16:06:18,2026-08-31 04:21:45,85
ip,188.166.234.214,threatfox,Remus,"threatfox,945c9f3c8cddcb7f33efce50a9a949ad,c2,remus",2026-08-30 16:06:18,2026-08-31 04:21:45,85
ip,188.212.158.203,threatfox,AsyncRAT,"threatfox,asyncrat",2026-08-30 16:06:18,2026-08-31 04:21:45,85
ip,190.123.46.208,threatfox,Mirai,"threatfox,cowrie,honeypot",2026-08-30 16:06:18,2026-08-31 04:21:45,85
ip,194.9.6.35,threatfox,PureRAT,"threatfox,drb-ra,PureHVNC,PureRAT,RAT",2026-08-30 04:06:42,2026-08-31 04:21:45,85
ip,195.20.115.80,threatfox,PureRAT,"threatfox,drb-ra,PureHVNC,PureRAT,RAT",2026-08-30 04:06:42,2026-08-31 04:21:45,85
ip,196.251.121.124,threatfox,PureRAT,"threatfox,drb-ra,PureHVNC,PureRAT,RAT",2026-08-24 04:06:11,2026-08-31 04:21:45,85
ip,2.91.185.72,threatfox,Havoc,"threatfox,drb-ra,Havoc",2026-08-30 16:06:18,2026-08-31 04:21:45,85
ip,3.113.147.16,threatfox,AsyncRAT,"threatfox,AsyncRAT,drb-ra,RAT",2026-08-30 04:06:42,2026-08-31 04:21:45,85
ip,31.57.38.7,threatfox,PureRAT,"threatfox,drb-ra,PureHVNC,PureRAT,RAT",2026-08-30 16:06:18,2026-08-31 04:21:45,85
ip,31.76.100.3,threatfox,Chaos,"threatfox,CHAOS,drb-ra",2026-08-30 04:06:42,2026-08-31 04:21:45,85
ip,37.244.243.56,threatfox,DanaBot,"threatfox,DanBot,drb-ra",2026-08-30 16:06:18,2026-08-31 04:21:45,85
ip,38.180.250.214,threatfox,Tsundere,"threatfox,DinDoor,drb-ra",2026-08-30 04:06:42,2026-08-31 04:21:45,85
ip,38.55.200.183,threatfox,VShell,"threatfox,vshell",2026-08-30 16:06:18,2026-08-31 04:21:45,85
ip,38.60.252.124,threatfox,DCRat,"threatfox,DCRat,drb-ra,RAT",2026-08-30 04:06:42,2026-08-31 04:21:45,85
ip,43.136.76.42,threatfox,VShell,"threatfox,vshell",2026-07-11 20:25:43,2026-08-31 04:21:45,85
ip,43.163.88.35,threatfox,Cobalt Strike,"threatfox,cobaltstrike",2026-08-05 12:42:48,2026-08-31 04:21:45,85
ip,45.156.87.215,threatfox,PureRAT,"threatfox,drb-ra,PureHVNC,PureRAT,RAT",2026-08-30 16:06:18,2026-08-31 04:21:45,85
ip,45.192.169.254,threatfox,DCRat,"threatfox,DCRat,drb-ra,RAT",2026-08-30 04:06:42,2026-08-31 04:21:45,85
ip,45.74.7.158,threatfox,Remcos,"threatfox,c2,Remcos,tor25t",2026-08-30 16:06:18,2026-08-31 04:21:45,85
ip,46.151.182.98,threatfox,HypeAgent,"threatfox,drb-ra,HypeAgent",2026-08-27 16:06:12,2026-08-31 04:21:45,85
ip,46.246.93.245,threatfox,Unknown malware,"threatfox,drb-ra,Mythic",2026-08-30 04:06:42,2026-08-31 04:21:45,85
ip,47.113.179.196,threatfox,VShell,"threatfox,vshell",2026-08-30 16:06:18,2026-08-31 04:21:45,85
ip,47.86.9.253,threatfox,Cobalt Strike,"threatfox,CobaltStrike,drb-ra",2026-08-30 04:06:42,2026-08-31 04:21:45,85
ip,52.196.79.161,threatfox,AsyncRAT,"threatfox,AsyncRAT,drb-ra,RAT",2026-08-30 04:06:42,2026-08-31 04:21:45,85
ip,54.199.206.9,threatfox,AsyncRAT,"threatfox,AsyncRAT,drb-ra,RAT",2026-08-30 04:06:42,2026-08-31 04:21:45,85
ip,64.177.112.21,threatfox,AsyncRAT,"threatfox,AsyncRAT,drb-ra,RAT",2026-08-30 16:06:18,2026-08-31 04:21:45,85
ip,64.89.160.222,threatfox,Bashlite,"threatfox,Gafgyt",2026-08-26 16:06:11,2026-08-31 04:21:45,85
ip,69.167.11.148,threatfox,Remcos,"threatfox,c2,Remcos,Start-Asegurar",2026-08-30 16:06:18,2026-08-31 04:21:45,85
ip,80.190.77.86,threatfox,AsyncRAT,"threatfox,AsyncRAT,drb-ra,RAT",2026-08-20 16:06:17,2026-08-31 04:21:45,85
ip,82.25.63.146,threatfox,Unknown Loader,"threatfox,ComponentTask33,EtherHiding,MSI-loader,NodeJS-RAT,on-chain-c2,Polygon",2026-08-30 16:06:18,2026-08-31 04:21:45,85
ip,89.126.249.219,threatfox,Unknown malware,"threatfox,mythic",2026-08-30 16:06:18,2026-08-31 04:21:45,85
ssl_sha1,080078d32e98e5a1a475bd3c1aafde78293734d1,sslbl,PureLogsStealer C&C,"sslbl,2026-07-06",2026-07-06 14:36:57,2026-08-31 04:21:45,88
ssl_sha1,0d9b7493086b8a7b2687ee21026ed1cb8eac55e5,sslbl,Vidar C&C,"sslbl,2026-07-03",2026-07-03 14:36:09,2026-08-31 04:21:45,88
ssl_sha1,41cbe997a63cc9211fd19593cfcf27602d10bcd8,sslbl,AsyncRAT C&C,"sslbl,2026-07-06",2026-07-06 14:36:57,2026-08-31 04:21:45,88
ssl_sha1,4e11bfd54a27de8b3338b42301ccdf02a21d92a5,sslbl,Vidar C&C,"sslbl,2026-07-06",2026-07-06 14:36:57,2026-08-31 04:21:45,88
ssl_sha1,6617b3218632fe78cd223bfae98ae55ef69c13c2,sslbl,OffLoader C&C,"sslbl,2026-07-03",2026-07-03 14:36:09,2026-08-31 04:21:45,88
ssl_sha1,988bb7e571418b2800a0cc2d33a794ecf1eb42a7,sslbl,Malware C&C,"sslbl,2026-07-03",2026-07-03 14:36:09,2026-08-31 04:21:45,88
ssl_sha1,a37d8c8b3e427201148b485e4b23a59067fd3812,sslbl,PureLogsStealer C&C,"sslbl,2026-07-03",2026-07-03 14:36:09,2026-08-31 04:21:45,88
ssl_sha1,ac563907d31a21443760cee92a98b50bba6152aa,sslbl,QuasarRAT C&C,"sslbl,2026-07-03",2026-07-03 14:36:09,2026-08-31 04:21:45,88
ssl_sha1,adee7459752a33ec85d89a1837d84e9e75f8ac6e,sslbl,OffLoader C&C,"sslbl,2026-07-03",2026-07-03 14:36:09,2026-08-31 04:21:45,88
ssl_sha1,b87dc4ee057f64c6592d11ed074e03caf92e2851,sslbl,Vidar C&C,"sslbl,2026-07-04",2026-07-04 14:35:58,2026-08-31 04:21:45,88
ssl_sha1,c7e0ca50174d919b1026d232418e208969a4d818,sslbl,KongTuke C&C,"sslbl,2026-07-03",2026-07-03 14:36:09,2026-08-31 04:21:45,88
ssl_sha1,d4611858ce65e847598f70af1a9b98ee96cc20f8,sslbl,Vidar C&C,"sslbl,2026-07-06",2026-07-06 14:36:57,2026-08-31 04:21:45,88
ssl_sha1,ecb3aee37c800e726dc0c52a11ea76718bd3e767,sslbl,RCSBotnet C&C,"sslbl,2026-07-06",2026-07-06 14:36:57,2026-08-31 04:21:45,88
ssl_sha1,fa925f013a4c8ed98cda12d1d8f06ef638b11301,sslbl,PureRAT C&C,"sslbl,2026-07-03",2026-07-03 14:36:09,2026-08-31 04:21:45,88
url,http://103.179.240.227:39430/bin.sh,urlhaus,malware_download,"32-bit,elf,mips,Mozi",2026-08-31 04:00:08,2026-08-31 04:21:45,85
url,http://103.179.240.227:39430/i,urlhaus,malware_download,"32-bit,elf,mips,Mozi",2026-08-31 04:00:08,2026-08-31 04:21:45,85
url,http://103.26.82.216:35366/Mozi.m,threatfox,Mozi,"threatfox,elf,iot,Mozi",2026-08-30 16:06:18,2026-08-31 04:21:45,85
url,http://103.45.66.107/103.exe,urlhaus,malware_download,"103-45-66-107,exe,ua-wget,VenomRAT",2026-08-31 04:00:08,2026-08-31 04:21:45,85
url,http://103.45.66.107/118.exe,urlhaus,malware_download,"103-45-66-107,AsyncRAT,exe,ua-wget",2026-08-31 04:00:08,2026-08-31 04:21:45,85
url,http://103.45.66.107/192.exe,urlhaus,malware_download,"103-45-66-107,exe,ua-wget,VenomRAT",2026-08-31 04:00:08,2026-08-31 04:21:45,85
url,http://112.25.235.194:60134/Mozi.7,threatfox,Mozi,"threatfox,elf,iot,Mozi",2026-08-30 16:06:18,2026-08-31 04:21:45,85
url,http://113.228.97.87:37040/i,urlhaus,malware_download,"32-bit,elf,mips,Mozi",2026-08-30 16:00:10,2026-08-31 04:21:45,85
url,http://113.236.123.97:50884/i,urlhaus,malware_download,,2026-08-31 04:00:08,2026-08-31 04:21:45,85
url,http://115.49.73.224:46099/bin.sh,urlhaus,malware_download,"32-bit,elf,mips,Mozi",2026-08-30 16:00:10,2026-08-31 04:21:45,85
url,http://115.50.95.179:56165/i,urlhaus,malware_download,Mozi,2026-08-31 04:00:08,2026-08-31 04:21:45,85
url,http://115.57.212.94:48467/bin.sh,urlhaus,malware_download,"32-bit,elf,mips,Mozi",2026-08-31 04:00:08,2026-08-31 04:21:45,85
url,http://115.57.212.94:48467/i,urlhaus,malware_download,Mozi,2026-08-31 04:00:08,2026-08-31 04:21:45,85
url,http://115.58.181.180:33235/i,urlhaus,malware_download,"32-bit,arm,elf,mirai,Mozi",2026-08-31 04:00:08,2026-08-31 04:21:45,85
url,http://115.61.100.5:53706/bin.sh,urlhaus,malware_download,"32-bit,elf,mips,Mozi",2026-08-30 16:00:10,2026-08-31 04:21:45,85
url,http://115.61.100.5:53706/i,urlhaus,malware_download,"32-bit,elf,mips,Mozi",2026-08-30 16:00:10,2026-08-31 04:21:45,85
url,http://116.109.33.252:33235/Mozi.a,threatfox,Mozi,"threatfox,elf,iot,Mozi",2026-08-30 16:06:18,2026-08-31 04:21:45,85
url,http://118.107.6.183/13.exe,urlhaus,malware_download,"118-107-6-183,exe,ua-wget",2026-08-31 04:00:08,2026-08-31 04:21:45,85
url,http://118.107.6.183/132.exe,urlhaus,malware_download,"118-107-6-183,AsyncRAT,exe,ua-wget",2026-08-31 04:00:08,2026-08-31 04:21:45,85
url,http://118.107.6.183/cs2.exe,urlhaus,malware_download,"118-107-6-183,AsyncRAT,exe,ua-wget",2026-08-31 04:00:08,2026-08-31 04:21:45,85
url,http://119.115.250.29:44519/bin.sh,urlhaus,malware_download,"32-bit,elf,mips,Mozi",2026-08-31 04:00:08,2026-08-31 04:21:45,85
url,http://119.115.250.29:44519/i,urlhaus,malware_download,"32-bit,elf,mips,Mozi",2026-08-31 04:00:08,2026-08-31 04:21:45,85
url,http://119.118.55.26:41691/bin.sh,urlhaus,malware_download,"32-bit,elf,mips,Mozi",2026-08-31 04:00:08,2026-08-31 04:21:45,85
url,http://119.179.252.154:38466/bin.sh,urlhaus,malware_download,"32-bit,elf,mips,Mozi",2026-08-31 04:00:08,2026-08-31 04:21:45,85
url,http://119.179.252.154:38466/i,urlhaus,malware_download,"32-bit,elf,mips,Mozi",2026-08-31 04:00:08,2026-08-31 04:21:45,85
url,http://119.185.242.125:51657/i,urlhaus,malware_download,,2026-08-30 16:00:10,2026-08-31 04:21:45,85
url,http://120.28.137.240:39725/bin.sh,urlhaus,malware_download,"32-bit,arm,elf,mirai,Mozi",2026-08-31 04:00:08,2026-08-31 04:21:45,85
url,http://120.28.194.30:41877/bin.sh,urlhaus,malware_download,"32-bit,arm,elf,mirai,Mozi",2026-08-31 04:00:08,2026-08-31 04:21:45,85
url,http://120.28.194.30:41877/i,urlhaus,malware_download,"32-bit,arm,elf,mirai,Mozi",2026-08-31 04:00:08,2026-08-31 04:21:45,85
url,http://120.84.213.26:48371/i,urlhaus,malware_download,"32-bit,elf,mips,Mozi",2026-08-31 04:00:08,2026-08-31 04:21:45,85
url,http://121.127.245.145:8080/192.exe,urlhaus,malware_download,"121-127-245-145-8080,exe,ua-wget",2026-08-31 04:00:08,2026-08-31 04:21:45,85
url,http://121.127.245.147:8080/192.exe,urlhaus,malware_download,"121-127-245-147-8080,exe,ua-wget",2026-08-31 04:00:08,2026-08-31 04:21:45,85
url,http://121.127.245.187:8080/192.exe,urlhaus,malware_download,"121-127-245-187-8080,exe,ua-wget",2026-08-31 04:00:08,2026-08-31 04:21:45,85
url,http://121.127.245.197:8080/192.exe,urlhaus,malware_download,"121-127-245-197-8080,exe,ua-wget",2026-08-31 04:00:08,2026-08-31 04:21:45,85
url,http://121.127.245.218:8080/192.exe,urlhaus,malware_download,"121-127-245-218-8080,exe,ua-wget",2026-08-31 04:00:08,2026-08-31 04:21:45,85
url,http://124.6.169.46:33212/bin.sh,urlhaus,malware_download,"32-bit,arm,elf,mirai,Mozi",2026-08-31 04:00:08,2026-08-31 04:21:45,85
url,http://125.42.33.214:43715/bin.sh,urlhaus,malware_download,Mozi,2026-08-31 04:00:08,2026-08-31 04:21:45,85
url,http://125.47.228.36:48346/bin.sh,urlhaus,malware_download,Mozi,2026-08-31 04:00:08,2026-08-31 04:21:45,85
url,http://125.47.228.36:48346/i,urlhaus,malware_download,Mozi,2026-08-31 04:00:08,2026-08-31 04:21:45,85
url,http://139.135.42.31:43969/Mozi.m,threatfox,Mozi,"threatfox,elf,iot,Mozi",2026-08-30 16:06:18,2026-08-31 04:21:45,85
url,http://151.240.151.7/bins.sh,urlhaus,malware_download,"151-240-151-7,mirai,sh,ua-wget",2026-08-31 04:00:08,2026-08-31 04:21:45,85
url,http://151.240.151.7/mirai.arm,urlhaus,malware_download,"151-240-151-7,elf,mirai,ua-wget",2026-08-31 04:00:08,2026-08-31 04:21:45,85
url,http://151.240.151.7/mirai.arm7,urlhaus,malware_download,"151-240-151-7,elf,mirai,ua-wget",2026-08-31 04:00:08,2026-08-31 04:21:45,85
url,http://151.240.151.7/mirai.mips,urlhaus,malware_download,"151-240-151-7,elf,mirai,ua-wget",2026-08-31 04:00:08,2026-08-31 04:21:45,85
url,http://151.240.151.7/mirai.mpsl,urlhaus,malware_download,"151-240-151-7,elf,mirai,ua-wget",2026-08-31 04:00:08,2026-08-31 04:21:45,85
url,http://151.240.151.7/mirai.ppc,urlhaus,malware_download,"151-240-151-7,elf,mirai,ua-wget",2026-08-31 04:00:08,2026-08-31 04:21:45,85
url,http://151.240.151.7/mirai.sh4,urlhaus,malware_download,"151-240-151-7,elf,mirai,ua-wget",2026-08-31 04:00:08,2026-08-31 04:21:45,85
url,http://151.240.151.7/mirai.spc,urlhaus,malware_download,"151-240-151-7,elf,mirai,ua-wget",2026-08-31 04:00:08,2026-08-31 04:21:45,85
url,http://153.117.37.70:33874/Mozi.m,threatfox,Mozi,"threatfox,elf,iot,Mozi",2026-08-30 16:06:18,2026-08-31 04:21:45,85
url,http://160.119.71.134/n2/nw/aarch64,urlhaus,malware_download,mirai,2026-08-31 04:00:08,2026-08-31 04:21:45,85
url,http://160.119.71.134/n2/nw/armv4l,urlhaus,malware_download,mirai,2026-08-31 04:00:08,2026-08-31 04:21:45,85
url,http://160.119.71.134/n2/nw/armv5l,urlhaus,malware_download,mirai,2026-08-31 04:00:08,2026-08-31 04:21:45,85
url,http://160.119.71.134/n2/nw/armv6l,urlhaus,malware_download,mirai,2026-08-31 04:00:08,2026-08-31 04:21:45,85
url,http://160.119.71.134/n2/nw/armv7l,urlhaus,malware_download,mirai,2026-08-31 04:00:08,2026-08-31 04:21:45,85
url,http://160.119.71.134/n2/nw/m68k,urlhaus,malware_download,mirai,2026-08-31 04:00:08,2026-08-31 04:21:45,85
url,http://160.119.71.134/n2/nw/mips,urlhaus,malware_download,mirai,2026-08-31 04:00:08,2026-08-31 04:21:45,85
url,http://160.119.71.134/n2/nw/mips64b,urlhaus,malware_download,mirai,2026-08-31 04:00:08,2026-08-31 04:21:45,85
url,http://160.119.71.134/n2/nw/mips64l,urlhaus,malware_download,mirai,2026-08-31 04:00:08,2026-08-31 04:21:45,85
url,http://160.119.71.134/n2/nw/mpsl,urlhaus,malware_download,mirai,2026-08-31 04:00:08,2026-08-31 04:21:45,85
url,http://160.119.71.134/n2/nw/ppc,urlhaus,malware_download,mirai,2026-08-31 04:00:08,2026-08-31 04:21:45,85
url,http://160.119.71.134/n2/nw/sh4,urlhaus,malware_download,mirai,2026-08-31 04:00:08,2026-08-31 04:21:45,85
url,http://160.119.71.134/n2/nw/x86,urlhaus,malware_download,mirai,2026-08-31 04:00:08,2026-08-31 04:21:45,85
url,http://160.119.71.134/n2/nw/x86_64,urlhaus,malware_download,mirai,2026-08-31 04:00:08,2026-08-31 04:21:45,85
url,http://163.142.92.157:40373/bin.sh,urlhaus,malware_download,"32-bit,elf,mips,Mozi",2026-08-31 04:00:08,2026-08-31 04:21:45,85
url,http://163.142.92.157:40373/i,urlhaus,malware_download,"32-bit,elf,mips,Mozi",2026-08-31 04:00:08,2026-08-31 04:21:45,85
url,http://175.107.0.8:44034/Mozi.7,threatfox,Mozi,"threatfox,elf,iot,Mozi",2026-08-30 16:06:18,2026-08-31 04:21:45,85
url,http://175.149.67.160:36060/i,urlhaus,malware_download,"32-bit,elf,mips,Mozi",2026-08-31 04:00:08,2026-08-31 04:21:45,85
url,http://175.165.121.173:50270/i,urlhaus,malware_download,"32-bit,elf,mips,Mozi",2026-08-31 04:00:08,2026-08-31 04:21:45,85
url,http://175.165.141.12:57080/bin.sh,urlhaus,malware_download,"32-bit,elf,mips,Mozi",2026-08-31 04:00:08,2026-08-31 04:21:45,85
url,http://175.165.141.12:57080/i,urlhaus,malware_download,"32-bit,elf,mips,Mozi",2026-08-31 04:00:08,2026-08-31 04:21:45,85
url,http://182.113.27.187:49881/i,urlhaus,malware_download,"32-bit,elf,mips,Mozi",2026-08-31 04:00:08,2026-08-31 04:21:45,85
url,http://182.117.69.14:39814/i,urlhaus,malware_download,"32-bit,elf,mips,Mozi",2026-08-31 04:00:08,2026-08-31 04:21:45,85
url,http://182.120.132.147:50830/bin.sh,urlhaus,malware_download,"32-bit,elf,mips,Mozi",2026-08-31 04:00:08,2026-08-31 04:21:45,85
url,http://182.121.106.206:50819/bin.sh,urlhaus,malware_download,"32-bit,elf,mips,Mozi",2026-08-31 04:00:08,2026-08-31 04:21:45,85
url,http://182.121.106.206:50819/i,urlhaus,malware_download,"32-bit,elf,mips,Mozi",2026-08-31 04:00:08,2026-08-31 04:21:45,85
url,http://182.121.181.105:36990/i,urlhaus,malware_download,"32-bit,elf,mips,Mozi",2026-08-31 04:00:08,2026-08-31 04:21:45,85
url,http://182.121.41.234:52522/i,urlhaus,malware_download,"32-bit,elf,mips,Mozi",2026-08-31 04:00:08,2026-08-31 04:21:45,85
url,http://192.252.187.26/s.exe,urlhaus,malware_download,"192-252-187-26,exe,ua-wget",2026-08-31 04:00:08,2026-08-31 04:21:45,85
url,http://196.190.133.180:53984/i,urlhaus,malware_download,"32-bit,arm,elf,mirai,Mozi",2026-08-31 04:00:08,2026-08-31 04:21:45,85
url,http://202.95.15.49/agent.x64.exe,urlhaus,malware_download,"202-95-15-49,AdaptixC2,exe,ua-wget",2026-08-31 04:00:08,2026-08-31 04:21:45,85
url,http://219.154.174.39:60220/bin.sh,urlhaus,malware_download,"32-bit,elf,mips,Mozi",2026-08-31 04:00:08,2026-08-31 04:21:45,85
url,http://219.154.174.39:60220/i,urlhaus,malware_download,"32-bit,elf,mips,Mozi",2026-08-31 04:00:08,2026-08-31 04:21:45,85
url,http://219.157.190.80:41921/i,urlhaus,malware_download,"32-bit,elf,mips,Mozi",2026-08-31 04:00:08,2026-08-31 04:21:45,85
url,http://222.219.25.40:41597/bin.sh,urlhaus,malware_download,"32-bit,arm,elf,mirai,Mozi",2026-08-31 04:00:08,2026-08-31 04:21:45,85
url,http://27.207.138.210:50855/bin.sh,urlhaus,malware_download,"32-bit,elf,mips,Mozi",2026-08-31 04:00:08,2026-08-31 04:21:45,85
url,http://27.215.215.75:51224/i,urlhaus,malware_download,"32-bit,elf,mips,Mozi",2026-08-31 04:00:08,2026-08-31 04:21:45,85
url,http://39.74.2.161:45451/bin.sh,urlhaus,malware_download,"32-bit,elf,mips,Mozi",2026-08-31 04:00:08,2026-08-31 04:21:45,85
url,http://39.74.2.161:45451/i,urlhaus,malware_download,"32-bit,elf,mips,Mozi",2026-08-31 04:00:08,2026-08-31 04:21:45,85
url,http://39.87.39.59:57952/i,urlhaus,malware_download,"32-bit,elf,mips,Mozi",2026-08-31 04:00:08,2026-08-31 04:21:45,85
url,http://39.91.91.144:57023/i,urlhaus,malware_download,"32-bit,elf,mips,Mozi",2026-08-31 04:00:08,2026-08-31 04:21:45,85
url,http://45.148.10.240/kworker,urlhaus,malware_download,"45-148-10-240,elf,ua-wget",2026-08-31 04:00:08,2026-08-31 04:21:45,85
url,http://59.97.249.68:48169/bin.sh,urlhaus,malware_download,"32-bit,elf,mips,Mozi",2026-08-31 04:00:08,2026-08-31 04:21:45,85
url,http://59.97.249.68:48169/i,urlhaus,malware_download,"32-bit,elf,mips,Mozi",2026-08-31 04:00:08,2026-08-31 04:21:45,85
url,http://61.52.34.151:44632/i,urlhaus,malware_download,"32-bit,elf,mips,Mozi",2026-08-31 04:00:08,2026-08-31 04:21:45,85
url,http://61.53.135.222:43860/bin.sh,urlhaus,malware_download,"32-bit,elf,mips,Mozi",2026-08-31 04:00:08,2026-08-31 04:21:45,85
url,http://61.53.135.222:43860/i,urlhaus,malware_download,"32-bit,elf,mips,Mozi",2026-08-31 04:00:08,2026-08-31 04:21:45,85
url,http://61.54.232.47:53583/bin.sh,urlhaus,malware_download,"32-bit,elf,mips,Mozi",2026-08-31 04:00:08,2026-08-31 04:21:45,85
url,http://61.54.232.47:53583/i,urlhaus,malware_download,"32-bit,elf,mips,Mozi",2026-08-31 04:00:08,2026-08-31 04:21:45,85
url,http://62.60.226.140/files/7782139129/a3hWq3M.exe,urlhaus,malware_download,"d52f85,dropped-by-amadey",2026-08-31 04:00:08,2026-08-31 04:21:45,85
url,http://85.239.149.196/main.exe,urlhaus,malware_download,"85-239-149-196,exe,RemusStealer,ua-wget",2026-08-31 04:00:08,2026-08-31 04:21:45,85
url,http://91.92.242.236/files-129312398/files/file_d0440b96a87305e5.exe,urlhaus,malware_download,"9d2ca3,dropped-by-amadey",2026-08-31 04:00:08,2026-08-31 04:21:45,85
url,http://cdire.shop:9048/contacts,threatfox,Remus,"threatfox,remus",2026-08-30 04:06:42,2026-08-31 04:21:45,85
url,http://cdire.shop:9048/files,threatfox,Remus,"threatfox,remus",2026-08-30 04:06:42,2026-08-31 04:21:45,85
url,http://fezm.website:9048/webhooks,threatfox,Remus,"threatfox,remus",2026-08-30 04:06:42,2026-08-31 04:21:45,85
url,http://flreaow.click:6527/customers,threatfox,Remus,"threatfox,remus",2026-08-30 16:06:18,2026-08-31 04:21:45,85
url,http://flreaow.click:6527/images,threatfox,Remus,"threatfox,remus",2026-08-30 04:06:42,2026-08-31 04:21:45,85
url,http://flreaow.click:6527/imports,threatfox,Remus,"threatfox,remus",2026-08-30 04:06:42,2026-08-31 04:21:45,85
url,http://mountat.click:7528/tokens,threatfox,Remus,"threatfox,remus",2026-08-30 04:06:42,2026-08-31 04:21:45,85
url,http://shhsift.click:7647/customers,threatfox,Remus,"threatfox,remus",2026-08-30 04:06:42,2026-08-31 04:21:45,85
url,http://shhsift.click:7647/products,threatfox,Remus,"threatfox,remus",2026-08-30 16:06:18,2026-08-31 04:21:45,85
url,http://spareon.click:8811/folders,threatfox,Remus,"threatfox,remus",2026-08-30 04:06:42,2026-08-31 04:21:45,85
url,http://xightne.click:7242/tokens,threatfox,Remus,"threatfox,remus",2026-08-30 04:06:42,2026-08-31 04:21:45,85
url,https://143.92.60.13/kworker,urlhaus,malware_download,"143-92-60-13,elf,ua-wget",2026-08-31 04:00:08,2026-08-31 04:21:45,85
url,https://143.92.60.24/kworker,urlhaus,malware_download,"143-92-60-24,elf,ua-wget",2026-08-31 04:00:08,2026-08-31 04:21:45,85
url,https://143.92.60.26/kworker,urlhaus,malware_download,"143-92-60-26,elf,ua-wget",2026-08-31 04:00:08,2026-08-31 04:21:45,85
url,https://45.148.10.133/Bin/ScreenConnect.ClientSetup.exe,urlhaus,malware_download,"45-148-10-133,connectwise,exe,ua-wget",2026-08-31 04:00:08,2026-08-31 04:21:45,85
url,https://45.148.10.133/bin/support.client.exe,urlhaus,malware_download,"45-148-10-133,connectwise,exe,ua-wget",2026-08-31 04:00:08,2026-08-31 04:21:45,85
url,https://bestcloudservicesupport.com,threatfox,ClearFake,"threatfox,ClearFake,ClickFix,EtherHiding",2026-08-30 04:06:42,2026-08-31 04:21:45,85
url,https://bestguardservicesupport.com,threatfox,ClearFake,"threatfox,ClearFake,ClickFix,EtherHiding",2026-08-30 04:06:42,2026-08-31 04:21:45,85
url,https://bigdealjournal.com,threatfox,ClearFake,"threatfox,ClearFake,ClickFix,EtherHiding",2026-08-30 04:06:42,2026-08-31 04:21:45,85
url,https://chi.12naga.org,threatfox,Vidar,"threatfox,268d1539fef7aab0b99f0b10cc2693b0,c2,loader,stealer,Vidar",2026-08-30 16:06:18,2026-08-31 04:21:45,85
url,https://clickzona.net/embed/,threatfox,IClickFix,"threatfox,ClickFix",2026-08-30 04:06:42,2026-08-31 04:21:45,85
url,https://daskljtitaskastvv.pro/dsasfd555.js,threatfox,NetSupportManager RAT,"threatfox,clickfix,evalusion,fake-captcha,merry-florist,netsupport,unc2190,wordpress-injection",2026-08-30 16:06:18,2026-08-31 04:21:45,85
url,https://ley.123ful.net,threatfox,Vidar,"threatfox,9e42080fd45ba9f402718ea0d28bb085,c2,loader,stealer,Vidar",2026-08-30 16:06:18,2026-08-31 04:21:45,85
url,https://raw.githubusercontent.com/Christa6547/unopened/refs/heads/main/matchbox,threatfox,ClearFake,"threatfox,ClearFake",2026-08-30 04:06:42,2026-08-31 04:21:45,85
