type,value,source,threat_type,tags,first_seen,last_seen,confidence
domain,0p1a6v5vih.workers.dev,threatfox,php.shin_webshell,"threatfox,Cloudflare,GIF,PHP,webshell,WordPress,workers.dev,wp-admin",2026-08-29 16:10:47,2026-08-29 16:33:07,85
domain,1p93cir9o1-1fb.workers.dev,threatfox,php.shin_webshell,"threatfox,Cloudflare,GIF,PHP,webshell,WordPress,workers.dev,wp-admin",2026-08-28 16:06:18,2026-08-29 16:33:07,85
domain,1uswvmicve.workers.dev,threatfox,php.shin_webshell,"threatfox,Cloudflare,GIF,PHP,webshell,WordPress,workers.dev,wp-admin",2026-08-29 16:10:47,2026-08-29 16:33:07,85
domain,20kari.workers.dev,threatfox,php.shin_webshell,"threatfox,Cloudflare,GIF,PHP,webshell,WordPress,workers.dev,wp-admin",2026-08-29 16:10:47,2026-08-29 16:33:07,85
domain,31hat.com.mx,threatfox,ClearFake,"threatfox,ClearFake",2026-08-29 04:06:18,2026-08-29 16:33:07,85
domain,3ppu1zomp8.workers.dev,threatfox,php.shin_webshell,"threatfox,Cloudflare,GIF,PHP,webshell,WordPress,workers.dev,wp-admin",2026-08-29 04:06:18,2026-08-29 16:33:07,85
domain,4013kimmy.workers.dev,threatfox,php.shin_webshell,"threatfox,Cloudflare,GIF,PHP,webshell,WordPress,workers.dev,wp-admin",2026-08-29 16:10:47,2026-08-29 16:33:07,85
domain,4151amalia.workers.dev,threatfox,php.shin_webshell,"threatfox,Cloudflare,GIF,PHP,webshell,WordPress,workers.dev,wp-admin",2026-08-29 16:10:47,2026-08-29 16:33:07,85
domain,440c.en-us-theeloncod.com,threatfox,Unknown Loader,"threatfox,c2",2026-08-29 04:06:18,2026-08-29 16:33:07,85
domain,5drmy94sr3.workers.dev,threatfox,php.shin_webshell,"threatfox,Cloudflare,GIF,PHP,webshell,WordPress,workers.dev,wp-admin",2026-08-28 16:06:18,2026-08-29 16:33:07,85
domain,5exp2qyk.neilkingpt.com,threatfox,ClearFake,"threatfox,ClearFake,mac-0x68dc,macos",2026-08-28 16:06:18,2026-08-29 16:33:07,85
domain,6n1fwtu6.en-trump-token.com,threatfox,ClearFake,"threatfox,ClearFake,mac-0x0f14,macos",2026-08-29 16:10:47,2026-08-29 16:33:07,85
domain,7ti.li,threatfox,ClearFake,"threatfox,29August2026,ClearFake,Commandline,DomainShadowing,Windows",2026-08-29 16:10:47,2026-08-29 16:33:07,85
domain,8fnn9rmz.gtsdirect.com,threatfox,ClearFake,"threatfox,ClearFake,mac-0x0f14,macos",2026-08-29 04:06:18,2026-08-29 16:33:07,85
domain,8uctkfzopj.workers.dev,threatfox,php.shin_webshell,"threatfox,Cloudflare,GIF,PHP,webshell,WordPress,workers.dev,wp-admin",2026-08-29 16:10:47,2026-08-29 16:33:07,85
domain,953sensible.workers.dev,threatfox,php.shin_webshell,"threatfox,Cloudflare,GIF,PHP,webshell,WordPress,workers.dev,wp-admin",2026-08-29 16:10:47,2026-08-29 16:33:07,85
domain,a1q5ie1n.gtsdirect.com,threatfox,ClearFake,"threatfox,ClearFake,mac-0x68dc,macos",2026-08-29 04:06:18,2026-08-29 16:33:07,85
domain,aj9m1fsp.barbashat.com,threatfox,ClearFake,"threatfox,ClearFake,mac-0x68dc,macos",2026-08-29 16:10:47,2026-08-29 16:33:07,85
domain,ak1n41aj.berlinc.net,threatfox,ClearFake,"threatfox,ClearFake,mac-0x68dc,macos",2026-08-29 16:10:47,2026-08-29 16:33:07,85
domain,ambitious56.workers.dev,threatfox,php.shin_webshell,"threatfox,Cloudflare,GIF,PHP,webshell,WordPress,workers.dev,wp-admin",2026-08-29 16:10:47,2026-08-29 16:33:07,85
domain,anjom77202.workers.dev,threatfox,php.shin_webshell,"threatfox,Cloudflare,GIF,PHP,webshell,WordPress,workers.dev,wp-admin",2026-08-29 16:10:47,2026-08-29 16:33:07,85
domain,app.morgel-spezialitaetenhandel.de,threatfox,ClearFake,"threatfox,compromised,EtherHide",2026-08-29 04:06:18,2026-08-29 16:33:07,85
domain,ardisj1944.workers.dev,threatfox,php.shin_webshell,"threatfox,Cloudflare,GIF,PHP,webshell,WordPress,workers.dev,wp-admin",2026-08-29 04:06:18,2026-08-29 16:33:07,85
domain,bacujura.workers.dev,threatfox,php.shin_webshell,"threatfox,Cloudflare,GIF,PHP,webshell,WordPress,workers.dev,wp-admin",2026-08-29 16:10:47,2026-08-29 16:33:07,85
domain,banivi.workers.dev,threatfox,php.shin_webshell,"threatfox,Cloudflare,GIF,PHP,webshell,WordPress,workers.dev,wp-admin",2026-08-29 16:10:47,2026-08-29 16:33:07,85
domain,barbashat.com,threatfox,ClearFake,"threatfox,ClearFake",2026-08-29 16:10:47,2026-08-29 16:33:07,85
domain,bbxi4lykw4.workers.dev,threatfox,php.shin_webshell,"threatfox,Cloudflare,GIF,PHP,webshell,WordPress,workers.dev,wp-admin",2026-08-29 16:10:47,2026-08-29 16:33:07,85
domain,berlinc.net,threatfox,ClearFake,"threatfox,ClearFake",2026-08-29 16:10:47,2026-08-29 16:33:07,85
domain,blume-bm.ch,threatfox,ClearFake,"threatfox,compromised,EtherHide",2026-08-29 04:06:18,2026-08-29 16:33:07,85
domain,born-x-raised.us,threatfox,ClearFake,"threatfox,ClearFake",2026-08-29 16:10:47,2026-08-29 16:33:07,85
domain,bosa.skillsbeam.io,threatfox,ClearFake,"threatfox,compromised,EtherHide",2026-08-29 16:10:47,2026-08-29 16:33:07,85
domain,bottegadesiresstore.com,threatfox,ClearFake,"threatfox,ClearFake",2026-08-29 16:10:47,2026-08-29 16:33:07,85
domain,boujy17296.workers.dev,threatfox,php.shin_webshell,"threatfox,Cloudflare,GIF,PHP,webshell,WordPress,workers.dev,wp-admin",2026-08-29 04:06:18,2026-08-29 16:33:07,85
domain,bq69vfja.31hat.com.mx,threatfox,ClearFake,"threatfox,ClearFake,mac-0x68dc,macos",2026-08-29 16:10:47,2026-08-29 16:33:07,85
domain,brd55i3s5p.workers.dev,threatfox,php.shin_webshell,"threatfox,Cloudflare,GIF,PHP,webshell,WordPress,workers.dev,wp-admin",2026-08-29 16:10:47,2026-08-29 16:33:07,85
domain,buwegy.workers.dev,threatfox,php.shin_webshell,"threatfox,Cloudflare,GIF,PHP,webshell,WordPress,workers.dev,wp-admin",2026-08-29 16:10:47,2026-08-29 16:33:07,85
domain,bzfgqwnp.ronkarr.com,threatfox,ClearFake,"threatfox,ClearFake,mac-0x68dc,macos",2026-08-29 04:06:18,2026-08-29 16:33:07,85
domain,c2qzm47m.dsm.li,threatfox,ClearFake,"threatfox,ClearFake,mac-0xdcf2,macos",2026-08-29 04:06:18,2026-08-29 16:33:07,85
domain,c54q52tqaq.workers.dev,threatfox,php.shin_webshell,"threatfox,Cloudflare,GIF,PHP,webshell,WordPress,workers.dev,wp-admin",2026-08-28 16:06:18,2026-08-29 16:33:07,85
domain,c75aknnyxf.workers.dev,threatfox,php.shin_webshell,"threatfox,Cloudflare,GIF,PHP,webshell,WordPress,workers.dev,wp-admin",2026-08-29 16:10:47,2026-08-29 16:33:07,85
domain,calmriverflowing.top,threatfox,magecart,"threatfox,Magecart",2026-08-29 16:10:47,2026-08-29 16:33:07,85
domain,caroleparodi.com,threatfox,ClearFake,"threatfox,compromised,EtherHide",2026-08-29 16:10:47,2026-08-29 16:33:07,85
domain,chpbj98049.workers.dev,threatfox,php.shin_webshell,"threatfox,Cloudflare,GIF,PHP,webshell,WordPress,workers.dev,wp-admin",2026-08-29 16:10:47,2026-08-29 16:33:07,85
domain,cmbhbf32su.workers.dev,threatfox,php.shin_webshell,"threatfox,Cloudflare,GIF,PHP,webshell,WordPress,workers.dev,wp-admin",2026-08-29 16:10:47,2026-08-29 16:33:07,85
domain,dewocyki.workers.dev,threatfox,php.shin_webshell,"threatfox,Cloudflare,GIF,PHP,webshell,WordPress,workers.dev,wp-admin",2026-08-29 16:10:47,2026-08-29 16:33:07,85
domain,dgs6sfnxy1.workers.dev,threatfox,php.shin_webshell,"threatfox,Cloudflare,GIF,PHP,webshell,WordPress,workers.dev,wp-admin",2026-08-29 16:10:47,2026-08-29 16:33:07,85
domain,disappointed5249.workers.dev,threatfox,php.shin_webshell,"threatfox,Cloudflare,GIF,PHP,webshell,WordPress,workers.dev,wp-admin",2026-08-29 16:10:47,2026-08-29 16:33:07,85
domain,distinct82.workers.dev,threatfox,php.shin_webshell,"threatfox,Cloudflare,GIF,PHP,webshell,WordPress,workers.dev,wp-admin",2026-08-29 16:10:47,2026-08-29 16:33:07,85
domain,dntaa93064.workers.dev,threatfox,php.shin_webshell,"threatfox,Cloudflare,GIF,PHP,webshell,WordPress,workers.dev,wp-admin",2026-08-29 04:06:18,2026-08-29 16:33:07,85
domain,dorree8903.workers.dev,threatfox,php.shin_webshell,"threatfox,Cloudflare,GIF,PHP,webshell,WordPress,workers.dev,wp-admin",2026-08-29 16:10:47,2026-08-29 16:33:07,85
domain,doxise.workers.dev,threatfox,php.shin_webshell,"threatfox,Cloudflare,GIF,PHP,webshell,WordPress,workers.dev,wp-admin",2026-08-29 16:10:47,2026-08-29 16:33:07,85
domain,dozuvime.workers.dev,threatfox,php.shin_webshell,"threatfox,Cloudflare,GIF,PHP,webshell,WordPress,workers.dev,wp-admin",2026-08-29 16:10:47,2026-08-29 16:33:07,85
domain,dsm.li,threatfox,ClearFake,"threatfox,28August2026,ClearFake,Commandline,MacOS",2026-08-29 04:06:18,2026-08-29 16:33:07,85
domain,dsygw23836.workers.dev,threatfox,php.shin_webshell,"threatfox,Cloudflare,GIF,PHP,webshell,WordPress,workers.dev,wp-admin",2026-08-28 16:06:18,2026-08-29 16:33:07,85
domain,e5wy6a5o.oncloudllc.com.mx,threatfox,ClearFake,"threatfox,ClearFake,mac-0xdcf2,macos",2026-08-29 16:10:47,2026-08-29 16:33:07,85
domain,ekvm8w7naz.workers.dev,threatfox,php.shin_webshell,"threatfox,Cloudflare,GIF,PHP,webshell,WordPress,workers.dev,wp-admin",2026-08-29 16:10:47,2026-08-29 16:33:07,85
domain,elchapopagodon.duckdns.org,threatfox,Remcos,"threatfox,remcos",2026-08-28 16:06:18,2026-08-29 16:33:07,85
domain,embersummit.cfd,threatfox,Unknown Loader,"threatfox,OffLoader",2026-08-29 16:10:47,2026-08-29 16:33:07,85
domain,enus-theeloncode.com,threatfox,ClearFake,"threatfox,28August2026,ClearFake,Commandline,DomainShadowing,Windows",2026-08-29 04:06:18,2026-08-29 16:33:07,85
domain,eyfykhxq7s.workers.dev,threatfox,php.shin_webshell,"threatfox,Cloudflare,GIF,PHP,webshell,WordPress,workers.dev,wp-admin",2026-08-28 16:06:18,2026-08-29 16:33:07,85
domain,f6zw6i5fdy.workers.dev,threatfox,php.shin_webshell,"threatfox,Cloudflare,GIF,PHP,webshell,WordPress,workers.dev,wp-admin",2026-08-29 04:06:18,2026-08-29 16:33:07,85
domain,f7ut9c0h.localcannabiscompany.com,threatfox,ClearFake,"threatfox,ClearFake,mac-0x0f14,macos",2026-08-29 04:06:18,2026-08-29 16:33:07,85
domain,ferrazzini.org,threatfox,ClearFake,"threatfox,compromised,EtherHide",2026-08-29 16:10:47,2026-08-29 16:33:07,85
domain,fesagi.workers.dev,threatfox,php.shin_webshell,"threatfox,Cloudflare,GIF,PHP,webshell,WordPress,workers.dev,wp-admin",2026-08-29 16:10:47,2026-08-29 16:33:07,85
domain,fish-planet.online,threatfox,ClearFake,"threatfox,ClearFake,ClickFix,ErrTraffic,EtherHiding",2026-08-29 16:10:47,2026-08-29 16:33:07,85
domain,fleurettemoaning.workers.dev,threatfox,php.shin_webshell,"threatfox,Cloudflare,GIF,PHP,webshell,WordPress,workers.dev,wp-admin",2026-08-29 16:10:47,2026-08-29 16:33:07,85
domain,flowerpii9831.life,threatfox,IClickFix,"threatfox,ClickFix",2026-08-28 16:06:18,2026-08-29 16:33:07,85
domain,fmui74n9.bottegadesiresstore.com,threatfox,ClearFake,"threatfox,ClearFake,mac-0x68dc,macos",2026-08-29 16:10:47,2026-08-29 16:33:07,85
domain,ftp.gaiadeqi.com,threatfox,Agent Tesla,"threatfox,AgentTesla",2026-08-28 16:06:18,2026-08-29 16:33:07,85
domain,ftp.gantelopex.com,threatfox,Agent Tesla,"threatfox,AgentTesla",2026-08-28 16:06:18,2026-08-29 16:33:07,85
domain,fvmko63646.workers.dev,threatfox,php.shin_webshell,"threatfox,Cloudflare,GIF,PHP,webshell,WordPress,workers.dev,wp-admin",2026-08-29 04:06:18,2026-08-29 16:33:07,85
domain,fvqyq70147.workers.dev,threatfox,php.shin_webshell,"threatfox,Cloudflare,GIF,PHP,webshell,WordPress,workers.dev,wp-admin",2026-08-29 16:10:47,2026-08-29 16:33:07,85
domain,fylehasy.workers.dev,threatfox,php.shin_webshell,"threatfox,Cloudflare,GIF,PHP,webshell,WordPress,workers.dev,wp-admin",2026-08-29 04:06:18,2026-08-29 16:33:07,85
domain,gekgy02975.workers.dev,threatfox,php.shin_webshell,"threatfox,Cloudflare,GIF,PHP,webshell,WordPress,workers.dev,wp-admin",2026-08-28 16:06:18,2026-08-29 16:33:07,85
domain,gelavy.workers.dev,threatfox,php.shin_webshell,"threatfox,Cloudflare,GIF,PHP,webshell,WordPress,workers.dev,wp-admin",2026-08-29 04:06:18,2026-08-29 16:33:07,85
domain,getdsm.com,threatfox,ClearFake,"threatfox,28August2026,ClearFake,Commandline,MacOS",2026-08-29 04:06:18,2026-08-29 16:33:07,85
domain,getdsmdigital.com,threatfox,ClearFake,"threatfox,29August2026,ClearFake,Commandline,MacOS",2026-08-29 04:06:18,2026-08-29 16:33:07,85
domain,getdsmmarketing.com,threatfox,ClearFake,"threatfox,29August2026,ClearFake,Commandline,MacOS",2026-08-29 16:10:47,2026-08-29 16:33:07,85
domain,getdsmpros.com,threatfox,ClearFake,"threatfox,ClearFake",2026-08-29 04:06:18,2026-08-29 16:33:07,85
domain,getdsmtechboost.com,threatfox,ClearFake,"threatfox,28August2026,ClearFake,Commandline,MacOS",2026-08-29 04:06:18,2026-08-29 16:33:07,85
domain,getdsmwebagency.com,threatfox,ClearFake,"threatfox,ClearFake",2026-08-29 04:06:18,2026-08-29 16:33:07,85
domain,getdsmwebdevpros.com,threatfox,ClearFake,"threatfox,ClearFake",2026-08-29 16:10:47,2026-08-29 16:33:07,85
domain,gluccotrust--bites.com,threatfox,ClearFake,"threatfox,ClearFake,ClickFix,EtherHiding",2026-08-28 16:06:18,2026-08-29 16:33:07,85
domain,gogetdsm.com,threatfox,ClearFake,"threatfox,ClearFake",2026-08-29 16:10:47,2026-08-29 16:33:07,85
domain,gorolefo.workers.dev,threatfox,php.shin_webshell,"threatfox,Cloudflare,GIF,PHP,webshell,WordPress,workers.dev,wp-admin",2026-08-28 16:06:18,2026-08-29 16:33:07,85
domain,grace352.workers.dev,threatfox,php.shin_webshell,"threatfox,Cloudflare,GIF,PHP,webshell,WordPress,workers.dev,wp-admin",2026-08-29 16:10:47,2026-08-29 16:33:07,85
domain,gtsdirect.com,threatfox,ClearFake,"threatfox,28August2026,ClearFake,Commandline,MacOS",2026-08-29 04:06:18,2026-08-29 16:33:07,85
domain,guard7.barnfabric.click,threatfox,Unknown malware,threatfox,2026-08-29 04:06:18,2026-08-29 16:33:07,85
domain,gunuqico.workers.dev,threatfox,php.shin_webshell,"threatfox,Cloudflare,GIF,PHP,webshell,WordPress,workers.dev,wp-admin",2026-08-28 16:06:18,2026-08-29 16:33:07,85
domain,guzory.workers.dev,threatfox,php.shin_webshell,"threatfox,Cloudflare,GIF,PHP,webshell,WordPress,workers.dev,wp-admin",2026-08-29 16:10:47,2026-08-29 16:33:07,85
domain,healthy47.workers.dev,threatfox,php.shin_webshell,"threatfox,Cloudflare,GIF,PHP,webshell,WordPress,workers.dev,wp-admin",2026-08-28 16:06:18,2026-08-29 16:33:07,85
domain,hemipaxo.workers.dev,threatfox,php.shin_webshell,"threatfox,Cloudflare,GIF,PHP,webshell,WordPress,workers.dev,wp-admin",2026-08-29 16:10:47,2026-08-29 16:33:07,85
domain,hiryrita.workers.dev,threatfox,php.shin_webshell,"threatfox,Cloudflare,GIF,PHP,webshell,WordPress,workers.dev,wp-admin",2026-08-28 16:06:18,2026-08-29 16:33:07,85
domain,hneep30685.workers.dev,threatfox,php.shin_webshell,"threatfox,Cloudflare,GIF,PHP,webshell,WordPress,workers.dev,wp-admin",2026-08-29 16:10:47,2026-08-29 16:33:07,85
domain,hoppsolutions.com,threatfox,ClearFake,"threatfox,compromised,EtherHide",2026-08-29 04:06:18,2026-08-29 16:33:07,85
domain,hqgetdsm.com,threatfox,ClearFake,"threatfox,28August2026,ClearFake,Commandline,MacOS",2026-08-29 04:06:18,2026-08-29 16:33:07,85
domain,hugelotu.workers.dev,threatfox,php.shin_webshell,"threatfox,Cloudflare,GIF,PHP,webshell,WordPress,workers.dev,wp-admin",2026-08-29 16:10:47,2026-08-29 16:33:07,85
domain,huhonuvi.workers.dev,threatfox,php.shin_webshell,"threatfox,Cloudflare,GIF,PHP,webshell,WordPress,workers.dev,wp-admin",2026-08-28 16:06:18,2026-08-29 16:33:07,85
domain,hvbabdh2.jeffmowatt.com,threatfox,ClearFake,"threatfox,ClearFake,mac-0x0f14,macos",2026-08-29 04:06:18,2026-08-29 16:33:07,85
domain,hwoxu80469.workers.dev,threatfox,php.shin_webshell,"threatfox,Cloudflare,GIF,PHP,webshell,WordPress,workers.dev,wp-admin",2026-08-28 16:06:18,2026-08-29 16:33:07,85
domain,hwxyg26754.workers.dev,threatfox,php.shin_webshell,"threatfox,Cloudflare,GIF,PHP,webshell,WordPress,workers.dev,wp-admin",2026-08-28 16:06:18,2026-08-29 16:33:07,85
domain,imcfl38829.workers.dev,threatfox,php.shin_webshell,"threatfox,Cloudflare,GIF,PHP,webshell,WordPress,workers.dev,wp-admin",2026-08-29 16:10:47,2026-08-29 16:33:07,85
domain,invisibleharrie.workers.dev,threatfox,php.shin_webshell,"threatfox,Cloudflare,GIF,PHP,webshell,WordPress,workers.dev,wp-admin",2026-08-29 16:10:47,2026-08-29 16:33:07,85
domain,ivory795.workers.dev,threatfox,php.shin_webshell,"threatfox,Cloudflare,GIF,PHP,webshell,WordPress,workers.dev,wp-admin",2026-08-28 16:06:18,2026-08-29 16:33:07,85
domain,jadedlondon.uk,threatfox,ClearFake,"threatfox,29August2026,ClearFake,Commandline,MacOS",2026-08-29 16:10:47,2026-08-29 16:33:07,85
domain,jawajacy.workers.dev,threatfox,php.shin_webshell,"threatfox,Cloudflare,GIF,PHP,webshell,WordPress,workers.dev,wp-admin",2026-08-29 16:10:47,2026-08-29 16:33:07,85
domain,jecahuma.workers.dev,threatfox,php.shin_webshell,"threatfox,Cloudflare,GIF,PHP,webshell,WordPress,workers.dev,wp-admin",2026-08-29 04:06:18,2026-08-29 16:33:07,85
domain,jeffmowatt.com,threatfox,ClearFake,"threatfox,28August2026,ClearFake,Commandline,MacOS",2026-08-29 04:06:18,2026-08-29 16:33:07,85
domain,jikiwesi.workers.dev,threatfox,php.shin_webshell,"threatfox,Cloudflare,GIF,PHP,webshell,WordPress,workers.dev,wp-admin",2026-08-29 16:10:47,2026-08-29 16:33:07,85
domain,kdjik001.neuro-wave.us,threatfox,ClearFake,"threatfox,ClearFake,mac-0x68dc,macos",2026-08-29 16:10:47,2026-08-29 16:33:07,85
domain,kedyqyle.workers.dev,threatfox,php.shin_webshell,"threatfox,Cloudflare,GIF,PHP,webshell,WordPress,workers.dev,wp-admin",2026-08-29 04:06:18,2026-08-29 16:33:07,85
domain,kffcq38276.workers.dev,threatfox,php.shin_webshell,"threatfox,Cloudflare,GIF,PHP,webshell,WordPress,workers.dev,wp-admin",2026-08-29 16:10:47,2026-08-29 16:33:07,85
domain,ksiyv72370.workers.dev,threatfox,php.shin_webshell,"threatfox,Cloudflare,GIF,PHP,webshell,WordPress,workers.dev,wp-admin",2026-08-28 16:06:18,2026-08-29 16:33:07,85
domain,kylatyni.workers.dev,threatfox,php.shin_webshell,"threatfox,Cloudflare,GIF,PHP,webshell,WordPress,workers.dev,wp-admin",2026-08-29 16:10:47,2026-08-29 16:33:07,85
domain,kysefeco.workers.dev,threatfox,php.shin_webshell,"threatfox,Cloudflare,GIF,PHP,webshell,WordPress,workers.dev,wp-admin",2026-08-29 16:10:47,2026-08-29 16:33:07,85
domain,l8rdio99d9.workers.dev,threatfox,php.shin_webshell,"threatfox,Cloudflare,GIF,PHP,webshell,WordPress,workers.dev,wp-admin",2026-08-29 16:10:47,2026-08-29 16:33:07,85
domain,la-loge.com,threatfox,ClearFake,"threatfox,compromised,EtherHide",2026-08-29 04:06:18,2026-08-29 16:33:07,85
domain,laniepeach.workers.dev,threatfox,php.shin_webshell,"threatfox,Cloudflare,GIF,PHP,webshell,WordPress,workers.dev,wp-admin",2026-08-28 16:06:18,2026-08-29 16:33:07,85
domain,legexuca.workers.dev,threatfox,php.shin_webshell,"threatfox,Cloudflare,GIF,PHP,webshell,WordPress,workers.dev,wp-admin",2026-08-29 16:10:47,2026-08-29 16:33:07,85
domain,lenekibe.workers.dev,threatfox,php.shin_webshell,"threatfox,Cloudflare,GIF,PHP,webshell,WordPress,workers.dev,wp-admin",2026-08-28 16:06:18,2026-08-29 16:33:07,85
domain,letygoji.workers.dev,threatfox,php.shin_webshell,"threatfox,Cloudflare,GIF,PHP,webshell,WordPress,workers.dev,wp-admin",2026-08-29 16:10:47,2026-08-29 16:33:07,85
domain,levakike.workers.dev,threatfox,php.shin_webshell,"threatfox,Cloudflare,GIF,PHP,webshell,WordPress,workers.dev,wp-admin",2026-08-29 16:10:47,2026-08-29 16:33:07,85
domain,linyse.workers.dev,threatfox,php.shin_webshell,"threatfox,Cloudflare,GIF,PHP,webshell,WordPress,workers.dev,wp-admin",2026-08-29 16:10:47,2026-08-29 16:33:07,85
domain,linywahe.workers.dev,threatfox,php.shin_webshell,"threatfox,Cloudflare,GIF,PHP,webshell,WordPress,workers.dev,wp-admin",2026-08-29 16:10:47,2026-08-29 16:33:07,85
domain,localcannabiscompany.com,threatfox,ClearFake,"threatfox,29August2026,ClearFake,Commandline,MacOS",2026-08-29 04:06:18,2026-08-29 16:33:07,85
domain,lolykeco.workers.dev,threatfox,php.shin_webshell,"threatfox,Cloudflare,GIF,PHP,webshell,WordPress,workers.dev,wp-admin",2026-08-29 16:10:47,2026-08-29 16:33:07,85
domain,lopuvoha.workers.dev,threatfox,php.shin_webshell,"threatfox,Cloudflare,GIF,PHP,webshell,WordPress,workers.dev,wp-admin",2026-08-28 16:06:18,2026-08-29 16:33:07,85
domain,lovuhali.workers.dev,threatfox,php.shin_webshell,"threatfox,Cloudflare,GIF,PHP,webshell,WordPress,workers.dev,wp-admin",2026-08-29 04:06:18,2026-08-29 16:33:07,85
domain,lubotoko.workers.dev,threatfox,php.shin_webshell,"threatfox,Cloudflare,GIF,PHP,webshell,WordPress,workers.dev,wp-admin",2026-08-29 16:10:47,2026-08-29 16:33:07,85
domain,luckywheels.world,threatfox,ClearFake,"threatfox,ClearFake,ClickFix,EtherHiding",2026-08-29 16:10:47,2026-08-29 16:33:07,85
domain,lulugyqi.workers.dev,threatfox,php.shin_webshell,"threatfox,Cloudflare,GIF,PHP,webshell,WordPress,workers.dev,wp-admin",2026-08-29 16:10:47,2026-08-29 16:33:07,85
domain,lvghqbyqxc.workers.dev,threatfox,php.shin_webshell,"threatfox,Cloudflare,GIF,PHP,webshell,WordPress,workers.dev,wp-admin",2026-08-28 16:06:18,2026-08-29 16:33:07,85
domain,lvvseg9o.velocitymindset.com,threatfox,ClearFake,"threatfox,ClearFake,mac-0x68dc,macos",2026-08-29 04:06:18,2026-08-29 16:33:07,85
domain,lzedl25358.workers.dev,threatfox,php.shin_webshell,"threatfox,Cloudflare,GIF,PHP,webshell,WordPress,workers.dev,wp-admin",2026-08-29 16:10:47,2026-08-29 16:33:07,85
domain,lzoao88779.workers.dev,threatfox,php.shin_webshell,"threatfox,Cloudflare,GIF,PHP,webshell,WordPress,workers.dev,wp-admin",2026-08-29 16:10:47,2026-08-29 16:33:07,85
domain,maive55295.workers.dev,threatfox,php.shin_webshell,"threatfox,Cloudflare,GIF,PHP,webshell,WordPress,workers.dev,wp-admin",2026-08-29 16:10:47,2026-08-29 16:33:07,85
domain,maritsaaqua.workers.dev,threatfox,php.shin_webshell,"threatfox,Cloudflare,GIF,PHP,webshell,WordPress,workers.dev,wp-admin",2026-08-29 16:10:47,2026-08-29 16:33:07,85
domain,mertre.net,threatfox,ClearFake,"threatfox,29August2026,ClearFake,Commandline,MacOS",2026-08-29 16:10:47,2026-08-29 16:33:07,85
domain,meta.study-run.xyz,threatfox,RevStealer,"threatfox,revstealer",2026-08-29 16:10:47,2026-08-29 16:33:07,85
domain,mexicanpagoserver.duckdns.org,threatfox,Remcos,"threatfox,remcos",2026-08-28 16:06:18,2026-08-29 16:33:07,85
domain,mkfbo763.jadedlondon.uk,threatfox,ClearFake,"threatfox,ClearFake,mac-0x0f14,macos",2026-08-29 16:10:47,2026-08-29 16:33:07,85
domain,moqyhy.workers.dev,threatfox,php.shin_webshell,"threatfox,Cloudflare,GIF,PHP,webshell,WordPress,workers.dev,wp-admin",2026-08-29 04:06:18,2026-08-29 16:33:07,85
domain,mtg.nicocasa.ch,threatfox,ClearFake,"threatfox,compromised,EtherHide",2026-08-29 16:10:47,2026-08-29 16:33:07,85
domain,mtqayo89.getdsm.com,threatfox,ClearFake,"threatfox,ClearFake,mac-0xdcf2,macos",2026-08-29 04:06:18,2026-08-29 16:33:07,85
domain,muwlx00405.workers.dev,threatfox,php.shin_webshell,"threatfox,Cloudflare,GIF,PHP,webshell,WordPress,workers.dev,wp-admin",2026-08-29 16:10:47,2026-08-29 16:33:07,85
domain,n0nqpfgnfw.workers.dev,threatfox,php.shin_webshell,"threatfox,Cloudflare,GIF,PHP,webshell,WordPress,workers.dev,wp-admin",2026-08-28 16:06:18,2026-08-29 16:33:07,85
domain,nadavega.workers.dev,threatfox,php.shin_webshell,"threatfox,Cloudflare,GIF,PHP,webshell,WordPress,workers.dev,wp-admin",2026-08-29 16:10:47,2026-08-29 16:33:07,85
domain,nannette2680.workers.dev,threatfox,php.shin_webshell,"threatfox,Cloudflare,GIF,PHP,webshell,WordPress,workers.dev,wp-admin",2026-08-28 16:06:18,2026-08-29 16:33:07,85
domain,neilkingpt.com,threatfox,ClearFake,"threatfox,28August2026,ClearFake,Commandline,MacOS",2026-08-28 16:06:18,2026-08-29 16:33:07,85
domain,neuro-wave.us,threatfox,ClearFake,"threatfox,ClearFake",2026-08-29 16:10:47,2026-08-29 16:33:07,85
domain,nevoduby.workers.dev,threatfox,php.shin_webshell,"threatfox,Cloudflare,GIF,PHP,webshell,WordPress,workers.dev,wp-admin",2026-08-29 04:06:18,2026-08-29 16:33:07,85
domain,newpat4.duckdns.org,threatfox,Remcos,"threatfox,RAT,RemcosRAT",2026-08-28 16:06:18,2026-08-29 16:33:07,85
domain,newpat4bk.duckdns.org,threatfox,Remcos,"threatfox,RAT,RemcosRAT",2026-08-28 16:06:18,2026-08-29 16:33:07,85
domain,nexo3n5e.born-x-raised.us,threatfox,ClearFake,"threatfox,ClearFake,mac-0x68dc,macos",2026-08-29 16:10:47,2026-08-29 16:33:07,85
domain,nhq4h9ts.mertre.net,threatfox,ClearFake,"threatfox,ClearFake,mac-0x76c7,macos",2026-08-29 16:10:47,2026-08-29 16:33:07,85
domain,nivexy.workers.dev,threatfox,php.shin_webshell,"threatfox,Cloudflare,GIF,PHP,webshell,WordPress,workers.dev,wp-admin",2026-08-29 16:10:47,2026-08-29 16:33:07,85
domain,nmnwn42925.workers.dev,threatfox,php.shin_webshell,"threatfox,Cloudflare,GIF,PHP,webshell,WordPress,workers.dev,wp-admin",2026-08-29 16:10:47,2026-08-29 16:33:07,85
domain,nqtgr43420.workers.dev,threatfox,php.shin_webshell,"threatfox,Cloudflare,GIF,PHP,webshell,WordPress,workers.dev,wp-admin",2026-08-29 16:10:47,2026-08-29 16:33:07,85
domain,nv7oubi9ar.workers.dev,threatfox,php.shin_webshell,"threatfox,Cloudflare,GIF,PHP,webshell,WordPress,workers.dev,wp-admin",2026-08-29 16:10:47,2026-08-29 16:33:07,85
domain,nynashanti.com,threatfox,ClearFake,"threatfox,compromised,EtherHide",2026-08-29 16:10:47,2026-08-29 16:33:07,85
domain,nyvivari.workers.dev,threatfox,php.shin_webshell,"threatfox,Cloudflare,GIF,PHP,webshell,WordPress,workers.dev,wp-admin",2026-08-29 04:06:18,2026-08-29 16:33:07,85
domain,oncloudllc.com.mx,threatfox,ClearFake,"threatfox,29August2026,ClearFake,Commandline,MacOS",2026-08-29 16:10:47,2026-08-29 16:33:07,85
domain,online-park.online,threatfox,ClearFake,"threatfox,ClearFake,ClickFix,ErrTraffic,EtherHiding",2026-08-29 16:10:47,2026-08-29 16:33:07,85
domain,orangeaccessible.workers.dev,threatfox,php.shin_webshell,"threatfox,Cloudflare,GIF,PHP,webshell,WordPress,workers.dev,wp-admin",2026-08-29 16:10:47,2026-08-29 16:33:07,85
domain,oucloud.com.mx,threatfox,ClearFake,"threatfox,29August2026,ClearFake,Commandline,MacOS",2026-08-29 16:10:47,2026-08-29 16:33:07,85
domain,pfaz89ummq.workers.dev,threatfox,php.shin_webshell,"threatfox,Cloudflare,GIF,PHP,webshell,WordPress,workers.dev,wp-admin",2026-08-29 16:10:47,2026-08-29 16:33:07,85
domain,pgvtd12250.workers.dev,threatfox,php.shin_webshell,"threatfox,Cloudflare,GIF,PHP,webshell,WordPress,workers.dev,wp-admin",2026-08-29 16:10:47,2026-08-29 16:33:07,85
domain,pifilyxu.workers.dev,threatfox,php.shin_webshell,"threatfox,Cloudflare,GIF,PHP,webshell,WordPress,workers.dev,wp-admin",2026-08-28 16:06:18,2026-08-29 16:33:07,85
domain,pingcheck.click,threatfox,Unknown malware,"threatfox,anti-vm,loader,msbuild,renpy,stealer",2026-08-28 16:06:18,2026-08-29 16:33:07,85
domain,pinkfat.workers.dev,threatfox,php.shin_webshell,"threatfox,Cloudflare,GIF,PHP,webshell,WordPress,workers.dev,wp-admin",2026-08-29 04:06:18,2026-08-29 16:33:07,85
domain,piomilokao.icu,threatfox,IClickFix,"threatfox,ClickFix",2026-08-29 16:10:47,2026-08-29 16:33:07,85
domain,pocket.sourcegenesis.net,threatfox,ClearFake,"threatfox,compromised,EtherHide",2026-08-29 04:06:18,2026-08-29 16:33:07,85
domain,preamp.givescash.com,threatfox,FAKEUPDATES,"threatfox,SocGholish",2026-08-28 16:06:18,2026-08-29 16:33:07,85
domain,protectconn.com,threatfox,ClearFake,"threatfox,ClearFake",2026-08-29 04:06:18,2026-08-29 16:33:07,85
domain,puqc3ya8ik.workers.dev,threatfox,php.shin_webshell,"threatfox,Cloudflare,GIF,PHP,webshell,WordPress,workers.dev,wp-admin",2026-08-29 16:10:47,2026-08-29 16:33:07,85
domain,puwyf38278.workers.dev,threatfox,php.shin_webshell,"threatfox,Cloudflare,GIF,PHP,webshell,WordPress,workers.dev,wp-admin",2026-08-29 04:06:18,2026-08-29 16:33:07,85
domain,qasuruqo.workers.dev,threatfox,php.shin_webshell,"threatfox,Cloudflare,GIF,PHP,webshell,WordPress,workers.dev,wp-admin",2026-08-28 16:06:18,2026-08-29 16:33:07,85
domain,qefepaky.workers.dev,threatfox,php.shin_webshell,"threatfox,Cloudflare,GIF,PHP,webshell,WordPress,workers.dev,wp-admin",2026-08-29 16:10:47,2026-08-29 16:33:07,85
domain,qemamefy.workers.dev,threatfox,php.shin_webshell,"threatfox,Cloudflare,GIF,PHP,webshell,WordPress,workers.dev,wp-admin",2026-08-29 04:06:18,2026-08-29 16:33:07,85
domain,qixysyle.workers.dev,threatfox,php.shin_webshell,"threatfox,Cloudflare,GIF,PHP,webshell,WordPress,workers.dev,wp-admin",2026-08-29 16:10:47,2026-08-29 16:33:07,85
domain,qmoz0g9m.werighteus.com,threatfox,ClearFake,"threatfox,ClearFake,mac-0x68dc,macos",2026-08-29 16:10:47,2026-08-29 16:33:07,85
domain,qoloroso.workers.dev,threatfox,php.shin_webshell,"threatfox,Cloudflare,GIF,PHP,webshell,WordPress,workers.dev,wp-admin",2026-08-29 16:10:47,2026-08-29 16:33:07,85
domain,qpgfr2ohjn.workers.dev,threatfox,php.shin_webshell,"threatfox,Cloudflare,GIF,PHP,webshell,WordPress,workers.dev,wp-admin",2026-08-29 16:10:47,2026-08-29 16:33:07,85
domain,queenpinthestoryofyvonnebarnes.com,threatfox,ClearFake,"threatfox,compromised,EtherHide",2026-08-29 04:06:18,2026-08-29 16:33:07,85
domain,randevau.hu,threatfox,ClearFake,"threatfox,compromised,EtherHide",2026-08-29 04:06:18,2026-08-29 16:33:07,85
domain,rd41sui1.protectconn.com,threatfox,ClearFake,"threatfox,ClearFake,mac-0x68dc,macos",2026-08-29 04:06:18,2026-08-29 16:33:07,85
domain,rdn8xmj5he.workers.dev,threatfox,php.shin_webshell,"threatfox,Cloudflare,GIF,PHP,webshell,WordPress,workers.dev,wp-admin",2026-08-29 16:10:47,2026-08-29 16:33:07,85
domain,rexilafu.workers.dev,threatfox,php.shin_webshell,"threatfox,Cloudflare,GIF,PHP,webshell,WordPress,workers.dev,wp-admin",2026-08-29 16:10:47,2026-08-29 16:33:07,85
domain,ronkarr.com,threatfox,ClearFake,"threatfox,ClearFake",2026-08-29 04:06:18,2026-08-29 16:33:07,85
domain,rqz74grh.home-power-shield.com,threatfox,ClearFake,"threatfox,ClearFake,mac-0x0f14,macos",2026-08-29 16:10:47,2026-08-29 16:33:07,85
domain,rydilave.workers.dev,threatfox,php.shin_webshell,"threatfox,Cloudflare,GIF,PHP,webshell,WordPress,workers.dev,wp-admin",2026-08-28 16:06:18,2026-08-29 16:33:07,85
domain,ryqylica.workers.dev,threatfox,php.shin_webshell,"threatfox,Cloudflare,GIF,PHP,webshell,WordPress,workers.dev,wp-admin",2026-08-29 16:10:47,2026-08-29 16:33:07,85
domain,s7ou47jz.glprobloodsugar.com,threatfox,ClearFake,"threatfox,ClearFake,mac-0x76c7,macos",2026-08-28 16:06:18,2026-08-29 16:33:07,85
domain,s95r07sbgv.workers.dev,threatfox,php.shin_webshell,"threatfox,Cloudflare,GIF,PHP,webshell,WordPress,workers.dev,wp-admin",2026-08-29 16:10:47,2026-08-29 16:33:07,85
domain,saraadvogada.com.br,threatfox,ClearFake,"threatfox,compromised,EtherHide",2026-08-29 04:06:18,2026-08-29 16:33:07,85
domain,scalewithgetdsm.com,threatfox,ClearFake,"threatfox,ClearFake",2026-08-29 04:06:18,2026-08-29 16:33:07,85
domain,sehulopo.workers.dev,threatfox,php.shin_webshell,"threatfox,Cloudflare,GIF,PHP,webshell,WordPress,workers.dev,wp-admin",2026-08-29 04:06:18,2026-08-29 16:33:07,85
domain,site-s2.etienne-hammel.fr,threatfox,ClearFake,"threatfox,compromised,EtherHide",2026-08-29 04:06:18,2026-08-29 16:33:07,85
domain,siziqewe.workers.dev,threatfox,php.shin_webshell,"threatfox,Cloudflare,GIF,PHP,webshell,WordPress,workers.dev,wp-admin",2026-08-29 16:10:47,2026-08-29 16:33:07,85
domain,skzz37qv.teamgetdsm.com,threatfox,ClearFake,"threatfox,ClearFake,mac-0x68dc,macos",2026-08-29 04:06:18,2026-08-29 16:33:07,85
domain,sleepingpi81.life,threatfox,IClickFix,"threatfox,ClickFix",2026-08-28 16:06:18,2026-08-29 16:33:07,85
domain,smma.badrah-amd.com,threatfox,ClearFake,"threatfox,compromised,EtherHide",2026-08-29 04:06:18,2026-08-29 16:33:07,85
domain,sodyruzu.workers.dev,threatfox,php.shin_webshell,"threatfox,Cloudflare,GIF,PHP,webshell,WordPress,workers.dev,wp-admin",2026-08-29 16:10:47,2026-08-29 16:33:07,85
domain,sound-obstacle.com,threatfox,Unknown Loader,"threatfox,c2,gate,la02",2026-08-21 04:06:10,2026-08-29 16:33:07,85
domain,subwaymoney.duckdns.org,threatfox,Remcos,"threatfox,remcos",2026-08-28 16:06:18,2026-08-29 16:33:07,85
domain,subwaymoney.flashhub.net,threatfox,Remcos,"threatfox,remcos",2026-08-28 16:06:18,2026-08-29 16:33:07,85
domain,sululuty.workers.dev,threatfox,php.shin_webshell,"threatfox,Cloudflare,GIF,PHP,webshell,WordPress,workers.dev,wp-admin",2026-08-29 04:06:18,2026-08-29 16:33:07,85
domain,suqyvyxu.workers.dev,threatfox,php.shin_webshell,"threatfox,Cloudflare,GIF,PHP,webshell,WordPress,workers.dev,wp-admin",2026-08-29 16:10:47,2026-08-29 16:33:07,85
domain,sv80ef0z7y.workers.dev,threatfox,php.shin_webshell,"threatfox,Cloudflare,GIF,PHP,webshell,WordPress,workers.dev,wp-admin",2026-08-29 16:10:47,2026-08-29 16:33:07,85
domain,syvadone.workers.dev,threatfox,php.shin_webshell,"threatfox,Cloudflare,GIF,PHP,webshell,WordPress,workers.dev,wp-admin",2026-08-29 16:10:47,2026-08-29 16:33:07,85
domain,teamgetdsm.com,threatfox,ClearFake,"threatfox,ClearFake",2026-08-29 04:06:18,2026-08-29 16:33:07,85
domain,ternar-trzeciak.com,threatfox,ClearFake,"threatfox,compromised,EtherHide",2026-08-29 04:06:18,2026-08-29 16:33:07,85
domain,terrystoner4.ddns.net,threatfox,Ave Maria,"threatfox,AveMariaRAT,RAT",2026-08-28 16:06:18,2026-08-29 16:33:07,85
domain,thegetdsm.com,threatfox,ClearFake,"threatfox,ClearFake",2026-08-29 04:06:18,2026-08-29 16:33:07,85
domain,timetrackereasy3.ch,threatfox,ClearFake,"threatfox,compromised,EtherHide",2026-08-29 04:06:18,2026-08-29 16:33:07,85
domain,tin.tokyo77hit.com,threatfox,IClickFix,"threatfox,ClickFix",2026-08-29 16:10:47,2026-08-29 16:33:07,85
domain,tisonami.workers.dev,threatfox,php.shin_webshell,"threatfox,Cloudflare,GIF,PHP,webshell,WordPress,workers.dev,wp-admin",2026-08-29 16:10:47,2026-08-29 16:33:07,85
domain,tocawyso.workers.dev,threatfox,php.shin_webshell,"threatfox,Cloudflare,GIF,PHP,webshell,WordPress,workers.dev,wp-admin",2026-08-29 16:10:47,2026-08-29 16:33:07,85
domain,towide.workers.dev,threatfox,php.shin_webshell,"threatfox,Cloudflare,GIF,PHP,webshell,WordPress,workers.dev,wp-admin",2026-08-29 16:10:47,2026-08-29 16:33:07,85
domain,trygetdsm.com,threatfox,ClearFake,"threatfox,29August2026,ClearFake,Commandline,MacOS",2026-08-29 04:06:18,2026-08-29 16:33:07,85
domain,tsone53310.workers.dev,threatfox,php.shin_webshell,"threatfox,Cloudflare,GIF,PHP,webshell,WordPress,workers.dev,wp-admin",2026-08-29 16:10:47,2026-08-29 16:33:07,85
domain,tumosybo.workers.dev,threatfox,php.shin_webshell,"threatfox,Cloudflare,GIF,PHP,webshell,WordPress,workers.dev,wp-admin",2026-08-28 16:06:18,2026-08-29 16:33:07,85
domain,tuqewyla.workers.dev,threatfox,php.shin_webshell,"threatfox,Cloudflare,GIF,PHP,webshell,WordPress,workers.dev,wp-admin",2026-08-29 16:10:47,2026-08-29 16:33:07,85
domain,ubbaw78979.workers.dev,threatfox,php.shin_webshell,"threatfox,Cloudflare,GIF,PHP,webshell,WordPress,workers.dev,wp-admin",2026-08-29 04:06:18,2026-08-29 16:33:07,85
domain,unseulterrain.com,threatfox,ClearFake,"threatfox,compromised,EtherHide",2026-08-29 04:06:18,2026-08-29 16:33:07,85
domain,uuvtq10338.workers.dev,threatfox,php.shin_webshell,"threatfox,Cloudflare,GIF,PHP,webshell,WordPress,workers.dev,wp-admin",2026-08-29 16:10:47,2026-08-29 16:33:07,85
domain,uylwd48175.workers.dev,threatfox,php.shin_webshell,"threatfox,Cloudflare,GIF,PHP,webshell,WordPress,workers.dev,wp-admin",2026-08-29 16:10:47,2026-08-29 16:33:07,85
domain,vailora231.life,threatfox,IClickFix,"threatfox,ClickFix",2026-08-29 16:10:47,2026-08-29 16:33:07,85
domain,velocitymindset.com,threatfox,ClearFake,"threatfox,ClearFake",2026-08-29 04:06:18,2026-08-29 16:33:07,85
domain,vemidaly.workers.dev,threatfox,php.shin_webshell,"threatfox,Cloudflare,GIF,PHP,webshell,WordPress,workers.dev,wp-admin",2026-08-29 16:10:47,2026-08-29 16:33:07,85
domain,vilefinu.workers.dev,threatfox,php.shin_webshell,"threatfox,Cloudflare,GIF,PHP,webshell,WordPress,workers.dev,wp-admin",2026-08-28 16:06:18,2026-08-29 16:33:07,85
domain,volokyli.workers.dev,threatfox,php.shin_webshell,"threatfox,Cloudflare,GIF,PHP,webshell,WordPress,workers.dev,wp-admin",2026-08-29 16:10:47,2026-08-29 16:33:07,85
domain,vujusisu.workers.dev,threatfox,php.shin_webshell,"threatfox,Cloudflare,GIF,PHP,webshell,WordPress,workers.dev,wp-admin",2026-08-29 04:06:18,2026-08-29 16:33:07,85
domain,wabirana.workers.dev,threatfox,php.shin_webshell,"threatfox,Cloudflare,GIF,PHP,webshell,WordPress,workers.dev,wp-admin",2026-08-29 16:10:47,2026-08-29 16:33:07,85
domain,wafylu.workers.dev,threatfox,php.shin_webshell,"threatfox,Cloudflare,GIF,PHP,webshell,WordPress,workers.dev,wp-admin",2026-08-29 16:10:47,2026-08-29 16:33:07,85
domain,wbn.ch,threatfox,ClearFake,"threatfox,compromised,EtherHide",2026-08-29 04:06:18,2026-08-29 16:33:07,85
domain,werighteus.com,threatfox,ClearFake,"threatfox,ClearFake",2026-08-29 16:10:47,2026-08-29 16:33:07,85
domain,wlwdk84865.workers.dev,threatfox,php.shin_webshell,"threatfox,Cloudflare,GIF,PHP,webshell,WordPress,workers.dev,wp-admin",2026-08-29 16:10:47,2026-08-29 16:33:07,85
domain,womose.workers.dev,threatfox,php.shin_webshell,"threatfox,Cloudflare,GIF,PHP,webshell,WordPress,workers.dev,wp-admin",2026-08-29 16:10:47,2026-08-29 16:33:07,85
domain,workwithgetdsm.com,threatfox,ClearFake,"threatfox,29August2026,ClearFake,Commandline,MacOS",2026-08-29 04:06:18,2026-08-29 16:33:07,85
domain,wowila.workers.dev,threatfox,php.shin_webshell,"threatfox,Cloudflare,GIF,PHP,webshell,WordPress,workers.dev,wp-admin",2026-08-29 16:10:47,2026-08-29 16:33:07,85
domain,www.almonaconsulting.com,threatfox,ClearFake,"threatfox,compromised,EtherHide",2026-08-29 04:06:18,2026-08-29 16:33:07,85
domain,www.aloop.be,threatfox,ClearFake,"threatfox,compromised,EtherHide",2026-08-29 16:10:47,2026-08-29 16:33:07,85
domain,www.breezdanubemaritimecity.com,threatfox,ClearFake,"threatfox,compromised,EtherHide",2026-08-29 16:10:47,2026-08-29 16:33:07,85
domain,www.formationcommerciale.fr,threatfox,ClearFake,"threatfox,compromised,EtherHide",2026-08-29 04:06:18,2026-08-29 16:33:07,85
domain,www.hobbyegge.ch,threatfox,ClearFake,"threatfox,compromised,EtherHide",2026-08-29 16:10:47,2026-08-29 16:33:07,85
domain,www.lankatraveltrails.com,threatfox,ClearFake,"threatfox,compromised,EtherHide",2026-08-29 04:06:18,2026-08-29 16:33:07,85
domain,www.nostores.fr,threatfox,ClearFake,"threatfox,compromised,EtherHide",2026-08-29 04:06:18,2026-08-29 16:33:07,85
domain,www.zmenadodavatela.sk,threatfox,ClearFake,"threatfox,compromised,EtherHide",2026-08-29 04:06:18,2026-08-29 16:33:07,85
domain,wz84vmk9k0.workers.dev,threatfox,php.shin_webshell,"threatfox,Cloudflare,GIF,PHP,webshell,WordPress,workers.dev,wp-admin",2026-08-29 16:10:47,2026-08-29 16:33:07,85
domain,xaucs09664.workers.dev,threatfox,php.shin_webshell,"threatfox,Cloudflare,GIF,PHP,webshell,WordPress,workers.dev,wp-admin",2026-08-29 16:10:47,2026-08-29 16:33:07,85
domain,xekyhi.workers.dev,threatfox,php.shin_webshell,"threatfox,Cloudflare,GIF,PHP,webshell,WordPress,workers.dev,wp-admin",2026-08-29 16:10:47,2026-08-29 16:33:07,85
domain,xigetybu.workers.dev,threatfox,php.shin_webshell,"threatfox,Cloudflare,GIF,PHP,webshell,WordPress,workers.dev,wp-admin",2026-08-28 16:06:18,2026-08-29 16:33:07,85
domain,xisoduxe.workers.dev,threatfox,php.shin_webshell,"threatfox,Cloudflare,GIF,PHP,webshell,WordPress,workers.dev,wp-admin",2026-08-29 16:10:47,2026-08-29 16:33:07,85
domain,xojuzutu.workers.dev,threatfox,php.shin_webshell,"threatfox,Cloudflare,GIF,PHP,webshell,WordPress,workers.dev,wp-admin",2026-08-28 16:06:18,2026-08-29 16:33:07,85
domain,xp0re0bg.oucloud.com.mx,threatfox,ClearFake,"threatfox,ClearFake,mac-0xdcf2,macos",2026-08-29 16:10:47,2026-08-29 16:33:07,85
domain,xumujepu.workers.dev,threatfox,php.shin_webshell,"threatfox,Cloudflare,GIF,PHP,webshell,WordPress,workers.dev,wp-admin",2026-08-28 16:06:18,2026-08-29 16:33:07,85
domain,xyqulyme.workers.dev,threatfox,php.shin_webshell,"threatfox,Cloudflare,GIF,PHP,webshell,WordPress,workers.dev,wp-admin",2026-08-29 16:10:47,2026-08-29 16:33:07,85
domain,yg8r9mewgv.workers.dev,threatfox,php.shin_webshell,"threatfox,Cloudflare,GIF,PHP,webshell,WordPress,workers.dev,wp-admin",2026-08-29 16:10:47,2026-08-29 16:33:07,85
domain,z2svmka7bc.workers.dev,threatfox,php.shin_webshell,"threatfox,Cloudflare,GIF,PHP,webshell,WordPress,workers.dev,wp-admin",2026-08-29 16:10:47,2026-08-29 16:33:07,85
domain,zarohimu.workers.dev,threatfox,php.shin_webshell,"threatfox,Cloudflare,GIF,PHP,webshell,WordPress,workers.dev,wp-admin",2026-08-29 16:10:47,2026-08-29 16:33:07,85
domain,zi1jmwbiw5.workers.dev,threatfox,php.shin_webshell,"threatfox,Cloudflare,GIF,PHP,webshell,WordPress,workers.dev,wp-admin",2026-08-29 16:10:47,2026-08-29 16:33:07,85
domain,ziquli.workers.dev,threatfox,php.shin_webshell,"threatfox,Cloudflare,GIF,PHP,webshell,WordPress,workers.dev,wp-admin",2026-08-29 04:06:18,2026-08-29 16:33:07,85
hash_md5,01147d9308fc26ead5aa4b0fcb358cd4,malwarebazaar,elf,elf,2026-08-29 16:00:15,2026-08-29 16:33:07,85
hash_md5,0136851f440a121929a4f3433a9fa7cc,malwarebazaar,Vidar,"exe,signed,Vidar",2026-08-29 16:00:15,2026-08-29 16:33:07,85
hash_md5,02b740f88218c85f203c044ba77cf791,malwarebazaar,Mirai,"elf,Mirai",2026-08-29 16:00:15,2026-08-29 16:33:07,85
hash_md5,060035f1c5f00742da191166feb76231,malwarebazaar,exe,"exe,signed,Vidar",2026-08-29 16:00:15,2026-08-29 16:33:07,85
hash_md5,07d5c84361a8b5fc69ed278d1186aec5,malwarebazaar,elf,elf,2026-08-29 16:00:15,2026-08-29 16:33:07,85
hash_md5,0d0bb2656a73610b2695fc8f3db21723,threatfox,Vidar,threatfox,2026-08-29 04:06:18,2026-08-29 16:33:07,85
hash_md5,111f6da3f2293dad5ebc37858382611b,malwarebazaar,elf,elf,2026-08-29 16:00:15,2026-08-29 16:33:07,85
hash_md5,12ac7215e159a749bb66424b47891ffc,malwarebazaar,elf,elf,2026-08-29 16:00:15,2026-08-29 16:33:07,85
hash_md5,133027a245bc3253038e082b5115a9dc,threatfox,Vidar,threatfox,2026-08-29 04:06:18,2026-08-29 16:33:07,85
hash_md5,1330dabc40350b9cef7426af1a4ae054,malwarebazaar,Mirai,elf,2026-08-29 16:00:15,2026-08-29 16:33:07,85
hash_md5,13f0f22fab59d7475a4ff3d926b1de63,threatfox,Vidar,threatfox,2026-08-29 04:06:18,2026-08-29 16:33:07,85
hash_md5,140eba139ac42f32abcdff5b7a932243,malwarebazaar,elf,elf,2026-08-29 16:00:15,2026-08-29 16:33:07,85
hash_md5,177ae8cb7e5ebb93222133b873e7c4b7,malwarebazaar,ValleyRAT,"CobaltStrike,exe,SilverFox,ValleyRAT",2026-08-29 16:00:15,2026-08-29 16:33:07,85
hash_md5,18054d12b0ba2dc0c9918f455ec86699,threatfox,Coinminer,threatfox,2026-08-29 04:06:18,2026-08-29 16:33:07,85
hash_md5,1c33e627687564a53c1a0d62adefac02,malwarebazaar,Vidar,"exe,signed,Vidar",2026-08-29 16:00:15,2026-08-29 16:33:07,85
hash_md5,1d2c1845f8fcd4461a37eaa14efdde7c,malwarebazaar,RustyStealer,exe,2026-08-29 16:00:15,2026-08-29 16:33:07,85
hash_md5,1dc214d97de494d603b1ff12a17b1aab,malwarebazaar,elf,elf,2026-08-29 16:00:15,2026-08-29 16:33:07,85
hash_md5,1e466f3448d5097eab10172522d7d13c,malwarebazaar,elf,elf,2026-08-29 16:00:15,2026-08-29 16:33:07,85
hash_md5,27b32a1081f001a82ce3650685df19b9,malwarebazaar,elf,elf,2026-08-29 16:00:15,2026-08-29 16:33:07,85
hash_md5,2a84057f5e1e218c87559af786e46c35,malwarebazaar,Mirai,"cowrie,elf,honeypot,mips,mirai",2026-08-29 16:00:15,2026-08-29 16:33:07,85
hash_md5,2ca17777470b32e4e74b547e5f3f9306,threatfox,PureRAT,threatfox,2026-08-29 04:06:18,2026-08-29 16:33:07,85
hash_md5,2e95cc51ed11b82bda5f16afebbafb6a,malwarebazaar,sh,sh,2026-08-29 16:00:15,2026-08-29 16:33:07,85
hash_md5,2f54f557a86cd6376c2c2e71e9e9d09d,malwarebazaar,elf,elf,2026-08-29 16:00:15,2026-08-29 16:33:07,85
hash_md5,308e5715702235fdee0096428f909f8f,malwarebazaar,Mirai,elf,2026-08-29 16:00:15,2026-08-29 16:33:07,85
hash_md5,347a3145fa8232a5a1c1ffdfba770520,malwarebazaar,Mirai,elf,2026-08-29 16:00:15,2026-08-29 16:33:07,85
hash_md5,356484cecd7e391a8376ad70afa8f97a,threatfox,Vidar,threatfox,2026-08-29 04:06:18,2026-08-29 16:33:07,85
hash_md5,3590415885c2351ae6e284bc03cbeef9,malwarebazaar,Vidar,"exe,signed,Vidar",2026-08-29 16:00:15,2026-08-29 16:33:07,85
hash_md5,35cacf6710d78bd274a8e7d8eccfb221,malwarebazaar,elf,elf,2026-08-29 16:00:15,2026-08-29 16:33:07,85
hash_md5,367fd98d3260db966e7d09a02fb9a00a,malwarebazaar,sh,sh,2026-08-29 16:00:15,2026-08-29 16:33:07,85
hash_md5,381b0151bd80ad850ecb7a017f579915,malwarebazaar,elf,elf,2026-08-29 16:00:15,2026-08-29 16:33:07,85
hash_md5,38588342e64c159b60e1530aef1081bc,threatfox,Luca Stealer,threatfox,2026-08-29 04:06:18,2026-08-29 16:33:07,85
hash_md5,39b213311da2904e7735c58da0a7790d,malwarebazaar,exe,"exe,Vidar",2026-08-29 16:00:15,2026-08-29 16:33:07,85
hash_md5,3b75e165685e5d4fecf1860de155ad6d,malwarebazaar,CoinMiner,exe,2026-08-29 16:00:15,2026-08-29 16:33:07,85
hash_md5,3e1223db6047e382e065bf65df5761ca,malwarebazaar,elf,elf,2026-08-29 16:00:15,2026-08-29 16:33:07,85
hash_md5,3e57e1a357903769fa1d8c605c30b467,malwarebazaar,Mirai,elf,2026-08-29 16:00:15,2026-08-29 16:33:07,85
hash_md5,41194d0a2a33a0a70b94da9cf16a3ca5,malwarebazaar,RemusStealer,exe,2026-08-29 16:00:15,2026-08-29 16:33:07,85
hash_md5,44a201baae38e8603b08113ccccbc854,malwarebazaar,Mirai,elf,2026-08-29 16:00:15,2026-08-29 16:33:07,85
hash_md5,46d932ca40eedec530fb6c73f55b347c,malwarebazaar,exe,"54e64e,dropped-by-Amadey,exe",2026-08-29 16:00:15,2026-08-29 16:33:07,85
hash_md5,46db2652a3d7c10f6d481c1d43af6b40,threatfox,Unknown malware,"threatfox,banking,cfdi,cybercartel,mexico,pdf-lure",2026-08-29 16:10:47,2026-08-29 16:33:07,85
hash_md5,4818c691ec402f0f2251f1a8d1d8a3b9,threatfox,ValleyRAT,threatfox,2026-08-29 04:06:18,2026-08-29 16:33:07,85
hash_md5,4878d995e4e23c6961c91179e6e2c704,threatfox,Venus Stealer,threatfox,2026-08-29 04:06:18,2026-08-29 16:33:07,85
hash_md5,5091746bf13106e5d2948ca7ace26a02,malwarebazaar,elf,elf,2026-08-29 16:00:15,2026-08-29 16:33:07,85
hash_md5,50d929afca1dc0ed2b3b2840383b8167,malwarebazaar,elf,elf,2026-08-29 16:00:15,2026-08-29 16:33:07,85
hash_md5,52caa9bdda2b18b322443fab1bb5071b,malwarebazaar,RustyStealer,exe,2026-08-29 16:00:15,2026-08-29 16:33:07,85
hash_md5,5490e7d4baf33ad603fa41dfc04b9956,malwarebazaar,Mirai,elf,2026-08-29 16:00:15,2026-08-29 16:33:07,85
hash_md5,5756b04a414aefcaa3718c35b8a54e86,malwarebazaar,sh,sh,2026-08-29 16:00:15,2026-08-29 16:33:07,85
hash_md5,57629b1f3807d324e3c51a340228fe5a,threatfox,stealler,threatfox,2026-08-29 04:06:18,2026-08-29 16:33:07,85
hash_md5,579933376ffc365ca48eb14046655171,threatfox,Creal Stealer,threatfox,2026-08-29 04:06:18,2026-08-29 16:33:07,85
hash_md5,57b39630e9eaa514fb16a770cdaf2404,malwarebazaar,exe,"exe,signed,Vidar",2026-08-29 16:00:15,2026-08-29 16:33:07,85
hash_md5,5a13b57a8bfd431514cd19299bad7669,malwarebazaar,msi,msi,2026-08-29 16:00:15,2026-08-29 16:33:07,85
hash_md5,5b5b3a66a2b4a4d5dd9de6bcf658475a,malwarebazaar,elf,elf,2026-08-29 16:00:15,2026-08-29 16:33:07,85
hash_md5,5c1a9be8ef8fdb9c9b866c1d6cd9d7c1,malwarebazaar,sh,sh,2026-08-29 16:00:15,2026-08-29 16:33:07,85
hash_md5,5e0000552e279c8d6f6ce4d7d1a12db3,malwarebazaar,sh,sh,2026-08-29 16:00:15,2026-08-29 16:33:07,85
hash_md5,5e4d351a15909a51fd6d4eec956a160f,malwarebazaar,Mirai,"elf,Mirai",2026-08-29 16:00:15,2026-08-29 16:33:07,85
hash_md5,6184264de480d3cce37881de276cfb00,malwarebazaar,elf,elf,2026-08-29 16:00:15,2026-08-29 16:33:07,85
hash_md5,65c219ab7295d7b24fa122401b61d3e2,malwarebazaar,elf,elf,2026-08-29 16:00:15,2026-08-29 16:33:07,85
hash_md5,686dbb0ed6b1803b9eb367a4bfff8419,malwarebazaar,sh,sh,2026-08-29 16:00:15,2026-08-29 16:33:07,85
hash_md5,68dec70a50bde0bad5f1690ffe61d330,malwarebazaar,elf,elf,2026-08-29 16:00:15,2026-08-29 16:33:07,85
hash_md5,6a10da637e91486adf8d6a6cf04287b7,malwarebazaar,sh,sh,2026-08-29 16:00:15,2026-08-29 16:33:07,85
hash_md5,6a4d5ab74aab4d6b8c24edb29d4b6d64,threatfox,WannaCryptor,threatfox,2026-08-29 04:06:18,2026-08-29 16:33:07,85
hash_md5,6b2ec0bd6606d1a1b12f8009616d3c35,malwarebazaar,Mirai,elf,2026-08-29 16:00:15,2026-08-29 16:33:07,85
hash_md5,6c348c0debbba820660d3229956fc827,malwarebazaar,elf,elf,2026-08-29 16:00:15,2026-08-29 16:33:07,85
hash_md5,6de3ff2a7b50799bda25d2f22305e4ac,malwarebazaar,elf,elf,2026-08-29 16:00:15,2026-08-29 16:33:07,85
hash_md5,6df45e7b855d2313679e87a0de64f607,malwarebazaar,elf,elf,2026-08-29 16:00:15,2026-08-29 16:33:07,85
hash_md5,6e49c188c4d5cb86053085980c6d84a0,malwarebazaar,exe,exe,2026-08-29 16:00:15,2026-08-29 16:33:07,85
hash_md5,6ee82fb6ca6ae123e131c8c9f0c3ae84,malwarebazaar,exe,"exe,signed,Vidar",2026-08-29 16:00:15,2026-08-29 16:33:07,85
hash_md5,71e8e3c6f92072c5b4edd4261e3d8136,malwarebazaar,sh,sh,2026-08-29 16:00:15,2026-08-29 16:33:07,85
hash_md5,73c6325987bb0b4f6cf6417c373e63e4,malwarebazaar,sh,sh,2026-08-29 16:00:15,2026-08-29 16:33:07,85
hash_md5,73f8dd94a2072e5f2f6a5f882e80e5df,malwarebazaar,Mirai,elf,2026-08-29 16:00:15,2026-08-29 16:33:07,85
hash_md5,780be396d8c81821dc1588ce66b847b2,malwarebazaar,DarkComet,"Backdoor,DarkComet,DarkKomet,exe,XRed",2026-08-29 16:00:15,2026-08-29 16:33:07,85
hash_md5,78207bd9cc32d1b07b9ba1f2c54d5af2,malwarebazaar,Mirai,elf,2026-08-29 16:00:15,2026-08-29 16:33:07,85
hash_md5,7a82bfcbc7ab13c0563983c3d965632e,malwarebazaar,elf,elf,2026-08-29 16:00:15,2026-08-29 16:33:07,85
hash_md5,7d12d8b9629811665fed715bc3b3bd9f,malwarebazaar,elf,elf,2026-08-29 16:00:15,2026-08-29 16:33:07,85
hash_md5,7d4ef620e8f0168b4b2e2e8e697cbb97,malwarebazaar,elf,elf,2026-08-29 16:00:15,2026-08-29 16:33:07,85
hash_md5,7dd81b21ee68a769951379abdddbe9b1,malwarebazaar,exe,"exe,signed,Vidar",2026-08-29 16:00:15,2026-08-29 16:33:07,85
hash_md5,7f612e14b0d93d27e5ee4b2d046b33f3,malwarebazaar,elf,elf,2026-08-29 16:00:15,2026-08-29 16:33:07,85
hash_md5,801e7911d8ef33ab7843bb638c0b5abc,threatfox,GCleaner,threatfox,2026-08-29 04:06:18,2026-08-29 16:33:07,85
hash_md5,817dccc481fd59fc79c76bb85fc77ae4,threatfox,Vidar,threatfox,2026-08-29 04:06:18,2026-08-29 16:33:07,85
hash_md5,82a210cb5867bb23be17d5bd3baf6355,malwarebazaar,elf,elf,2026-08-29 16:00:15,2026-08-29 16:33:07,85
hash_md5,837f1979558285a18a8c53589b1cf147,malwarebazaar,exe,"exe,Vidar",2026-08-29 16:00:15,2026-08-29 16:33:07,85
hash_md5,846ded19ba2efebed21bfa34001978bb,malwarebazaar,Mirai,elf,2026-08-29 16:00:15,2026-08-29 16:33:07,85
hash_md5,846f4ed47a679e24505470f61d9110db,threatfox,ValleyRAT,threatfox,2026-08-29 04:06:18,2026-08-29 16:33:07,85
hash_md5,86a3401d4c74b64ad8a2d23a9d8c8f7c,malwarebazaar,elf,elf,2026-08-29 16:00:15,2026-08-29 16:33:07,85
hash_md5,8955d4feea5608561706b6a963e963b2,malwarebazaar,sh,sh,2026-08-29 16:00:15,2026-08-29 16:33:07,85
hash_md5,8a7115d3592ef74c3ecd894313085c84,malwarebazaar,exe,exe,2026-08-29 16:00:15,2026-08-29 16:33:07,85
hash_md5,8be48ea27f6cd6b2ec2ef3be4977322d,threatfox,ACR Stealer,threatfox,2026-08-29 04:06:18,2026-08-29 16:33:07,85
hash_md5,8d06b638ca1acca4815076ae9fa3a4d0,threatfox,Vidar,threatfox,2026-08-29 04:06:18,2026-08-29 16:33:07,85
hash_md5,8d455fb9d1d647151a07b9c55996ec9f,malwarebazaar,sh,sh,2026-08-29 16:00:15,2026-08-29 16:33:07,85
hash_md5,8e522ecc5c43c7b3ddfe0fd389efbbc7,threatfox,Vidar,threatfox,2026-08-29 04:06:18,2026-08-29 16:33:07,85
hash_md5,8fd64f7a048cd5e42688ab51e3df32f6,malwarebazaar,sh,sh,2026-08-29 16:00:15,2026-08-29 16:33:07,85
hash_md5,912df43dbf96b788e4e20ee178a8cca5,malwarebazaar,elf,elf,2026-08-29 16:00:15,2026-08-29 16:33:07,85
hash_md5,98624a50b61836d6ce0ce4316266efd3,malwarebazaar,Vidar,"exe,signed,Vidar",2026-08-29 16:00:15,2026-08-29 16:33:07,85
hash_md5,98f00e36daaf4c4bae91031d4b53ea9b,threatfox,ACR Stealer,threatfox,2026-08-29 04:06:18,2026-08-29 16:33:07,85
hash_md5,9c61f3f9e04f32f1d66edbf131ba9a6b,threatfox,Vidar,threatfox,2026-08-29 04:06:18,2026-08-29 16:33:07,85
hash_md5,9d5550317cabc7483925e6bf4c83ec2b,malwarebazaar,Vidar,"exe,signed,Vidar",2026-08-29 16:00:15,2026-08-29 16:33:07,85
hash_md5,9df3dc622bfcead8a3b4d0f0406c1fe7,malwarebazaar,elf,elf,2026-08-29 16:00:15,2026-08-29 16:33:07,85
hash_md5,9e90be1b75e8b24ce74219b2e1ded2a3,malwarebazaar,elf,elf,2026-08-29 16:00:15,2026-08-29 16:33:07,85
hash_md5,9f714b9a25a807c8502329faae0297f0,malwarebazaar,elf,elf,2026-08-29 16:00:15,2026-08-29 16:33:07,85
hash_md5,9fce0558dd8b2061c7a8baf0877d5384,threatfox,DCRat,threatfox,2026-08-29 04:06:18,2026-08-29 16:33:07,85
hash_md5,a21be2cbe6df769549d1115811669ad8,malwarebazaar,exe,exe,2026-08-29 16:00:15,2026-08-29 16:33:07,85
hash_md5,a533a36641fc382a53f1ba512c0f6cea,malwarebazaar,exe,exe,2026-08-29 16:00:15,2026-08-29 16:33:07,85
hash_md5,a5391ae8b4cce2ee4adc9c3a4916ceda,malwarebazaar,elf,elf,2026-08-29 16:00:15,2026-08-29 16:33:07,85
hash_md5,a70052e199e6665372678d9829860d77,malwarebazaar,elf,elf,2026-08-29 16:00:15,2026-08-29 16:33:07,85
hash_md5,a93491cb3e6fc70579b10b489c1ed207,malwarebazaar,elf,elf,2026-08-29 16:00:15,2026-08-29 16:33:07,85
hash_md5,ac743524f0c6e157d1bc22d294b915d9,malwarebazaar,Mirai,elf,2026-08-29 16:00:15,2026-08-29 16:33:07,85
hash_md5,ad496a58943914d5e60ce568d13cd36f,malwarebazaar,elf,elf,2026-08-29 16:00:15,2026-08-29 16:33:07,85
hash_md5,ad83ff29d898baf69c8f843b52edb075,malwarebazaar,elf,elf,2026-08-29 16:00:15,2026-08-29 16:33:07,85
hash_md5,ad990a11909cf8d4c0cac6b81e68f6bd,malwarebazaar,Mirai,"elf,Mirai",2026-08-29 16:00:15,2026-08-29 16:33:07,85
hash_md5,aecb5b15870e6851c435c0e386156279,malwarebazaar,elf,elf,2026-08-29 16:00:15,2026-08-29 16:33:07,85
hash_md5,af9e448e588f99e69e42cedbc995031b,malwarebazaar,sh,sh,2026-08-29 16:00:15,2026-08-29 16:33:07,85
hash_md5,b2c9eb6f193be5b8e04335c5d0287a45,malwarebazaar,elf,elf,2026-08-29 16:00:15,2026-08-29 16:33:07,85
hash_md5,b30b6f5c40924ea40fa8997d3c92fd60,malwarebazaar,elf,elf,2026-08-29 16:00:15,2026-08-29 16:33:07,85
hash_md5,b5df1a55aaab5c36a69d9d684fcdbb5e,malwarebazaar,Mirai,elf,2026-08-29 16:00:15,2026-08-29 16:33:07,85
hash_md5,b67833482c201377f046f4d9f29c3ed8,malwarebazaar,sh,sh,2026-08-29 16:00:15,2026-08-29 16:33:07,85
hash_md5,b89164f90b05e809122e7266887c2939,malwarebazaar,elf,elf,2026-08-29 16:00:15,2026-08-29 16:33:07,85
hash_md5,b8d77bbec4928cc22886d8a6538e4940,malwarebazaar,elf,elf,2026-08-29 16:00:15,2026-08-29 16:33:07,85
hash_md5,ba2ff4a8b689fab54670cf87b4008528,threatfox,Ghost RAT,threatfox,2026-08-29 04:06:18,2026-08-29 16:33:07,85
hash_md5,bab426daa7a31ebc61fbe7b94022fe1c,malwarebazaar,elf,elf,2026-08-29 16:00:15,2026-08-29 16:33:07,85
hash_md5,bb3a9f7f6c53acfeaeb026dd886b398f,malwarebazaar,sh,sh,2026-08-29 16:00:15,2026-08-29 16:33:07,85
hash_md5,bb65c6e1104854b87418a16fffd59230,threatfox,Luca Stealer,threatfox,2026-08-29 04:06:18,2026-08-29 16:33:07,85
hash_md5,bc8065a8d4c10dc4de1b4094ba08c127,malwarebazaar,elf,elf,2026-08-29 16:00:15,2026-08-29 16:33:07,85
hash_md5,bd03d4e120a49a50e73ac7cdff827064,malwarebazaar,sh,sh,2026-08-29 16:00:15,2026-08-29 16:33:07,85
hash_md5,be935304e59109059e56325d69f17232,malwarebazaar,Vidar,"exe,signed,Vidar",2026-08-29 16:00:15,2026-08-29 16:33:07,85
hash_md5,bedeeefa188f9fea4f050848adcb3f0a,threatfox,Formbook,threatfox,2026-08-29 04:06:18,2026-08-29 16:33:07,85
hash_md5,bfa56963198c5e560c9d96621019f871,malwarebazaar,elf,elf,2026-08-29 16:00:15,2026-08-29 16:33:07,85
hash_md5,c091fcc9890ba0b05178a5bf606e6b55,malwarebazaar,exe,exe,2026-08-29 16:00:15,2026-08-29 16:33:07,85
hash_md5,c0e285d348dd163ac9be7b54dc5d905c,malwarebazaar,elf,elf,2026-08-29 16:00:15,2026-08-29 16:33:07,85
hash_md5,c201ab9dfa69381396ec5afcc429bdba,malwarebazaar,exe,"exe,Vidar",2026-08-29 16:00:15,2026-08-29 16:33:07,85
hash_md5,c2195d112b19896548117e8fefa68455,malwarebazaar,Mirai,elf,2026-08-29 16:00:15,2026-08-29 16:33:07,85
hash_md5,c44e30aa705a5d352079d63eaa1f3dce,threatfox,Formbook,threatfox,2026-08-29 04:06:18,2026-08-29 16:33:07,85
hash_md5,c4885e5bf108e892c5d0e0b644b75ca8,malwarebazaar,RustyStealer,exe,2026-08-29 16:00:15,2026-08-29 16:33:07,85
hash_md5,c5616af2cef3dcdb095d8cc55db75c96,threatfox,Amadey,threatfox,2026-08-29 04:06:18,2026-08-29 16:33:07,85
hash_md5,c7d899d6f7ccecb85c409767d8645906,threatfox,Coinminer,threatfox,2026-08-29 04:06:18,2026-08-29 16:33:07,85
hash_md5,c8a4a105440e53a22639e02a6461332e,malwarebazaar,unknown,unknown,2026-08-29 16:00:15,2026-08-29 16:33:07,85
hash_md5,c9472640f1fddf8c4810c39ab4c83706,malwarebazaar,sh,sh,2026-08-29 16:00:15,2026-08-29 16:33:07,85
hash_md5,c9c10a289cbc482ac3d6137c009c8403,malwarebazaar,Vidar,"exe,signed,Vidar",2026-08-29 16:00:15,2026-08-29 16:33:07,85
hash_md5,cacdeb6477cad7b826527f383fe9b62c,malwarebazaar,exe,"exe,signed,Vidar",2026-08-29 16:00:15,2026-08-29 16:33:07,85
hash_md5,cbec833e4e0d7a6e5448263e785a1090,malwarebazaar,Vidar,exe,2026-08-29 16:00:15,2026-08-29 16:33:07,85
hash_md5,cc5aeddbb0e0c564f5cc7812ed9715fc,malwarebazaar,exe,"237e829e51990f5f4919048e2c840f8d,dropped-by-remus,exe",2026-08-29 16:00:15,2026-08-29 16:33:07,85
hash_md5,ccfd3035727f75c09993b5a03cc6382b,malwarebazaar,elf,elf,2026-08-29 16:00:15,2026-08-29 16:33:07,85
hash_md5,cdc8dd7b86a347589d81396765eb9eb1,malwarebazaar,elf,elf,2026-08-29 16:00:15,2026-08-29 16:33:07,85
hash_md5,d014792a7dd77a2ef10d4479768a80f8,malwarebazaar,elf,elf,2026-08-29 16:00:15,2026-08-29 16:33:07,85
hash_md5,d018bfb2dc2795cc8ff2038a92d4277d,malwarebazaar,elf,elf,2026-08-29 16:00:15,2026-08-29 16:33:07,85
hash_md5,d16d19f5b4dc45734325de241676fab5,malwarebazaar,Mirai,elf,2026-08-29 16:00:15,2026-08-29 16:33:07,85
hash_md5,d21e9ed561631d0b8977ba0e538d96ec,malwarebazaar,elf,elf,2026-08-29 16:00:15,2026-08-29 16:33:07,85
hash_md5,d28b15a12d3dabb1e31de8d309e15917,malwarebazaar,sh,sh,2026-08-29 16:00:15,2026-08-29 16:33:07,85
hash_md5,d46945bcfe2ebc76b664a0cdc9d79708,malwarebazaar,elf,elf,2026-08-29 16:00:15,2026-08-29 16:33:07,85
hash_md5,d64a84ee61041975c2dbf81df0351796,malwarebazaar,Mirai,"elf,Mirai",2026-08-29 16:00:15,2026-08-29 16:33:07,85
hash_md5,d65cfc10cd36a03928674887e1b7c174,malwarebazaar,Mirai,"elf,Mirai",2026-08-29 16:00:15,2026-08-29 16:33:07,85
hash_md5,d69723801885fe09f9fca1a38632607f,malwarebazaar,elf,elf,2026-08-29 16:00:15,2026-08-29 16:33:07,85
hash_md5,d6f959d7b1594900ddf21bfd4d5ee8e4,malwarebazaar,exe,exe,2026-08-29 16:00:15,2026-08-29 16:33:07,85
hash_md5,d96cb4a026d05a178a8e65f5e849840a,malwarebazaar,Mirai,elf,2026-08-29 16:00:15,2026-08-29 16:33:07,85
hash_md5,dbd031f033f641f330ffdc52b226ec54,malwarebazaar,elf,elf,2026-08-29 16:00:15,2026-08-29 16:33:07,85
hash_md5,de1e9aadede5639c534684894b55c9d8,malwarebazaar,Vidar,exe,2026-08-29 16:00:15,2026-08-29 16:33:07,85
hash_md5,defc799956d50151b7c067e6c2c259ba,malwarebazaar,unknown,unknown,2026-08-29 16:00:15,2026-08-29 16:33:07,85
hash_md5,e2f3b511ca0ac680abc9452c17da41a4,malwarebazaar,elf,elf,2026-08-29 16:00:15,2026-08-29 16:33:07,85
hash_md5,e45bd45deac3c3d8c62a6d32b4655c45,malwarebazaar,elf,elf,2026-08-29 16:00:15,2026-08-29 16:33:07,85
hash_md5,e6b4d963614593783659eec30b7f697a,malwarebazaar,Vidar,"exe,signed,Vidar",2026-08-29 16:00:15,2026-08-29 16:33:07,85
hash_md5,e95e4dc67c0a2ed23c3aa041f84bb307,malwarebazaar,exe,"exe,Vidar",2026-08-29 16:00:15,2026-08-29 16:33:07,85
hash_md5,ea3e17d944e7bf4e426f031e8bec016c,malwarebazaar,elf,elf,2026-08-29 16:00:15,2026-08-29 16:33:07,85
hash_md5,f1a8eed08ae1728b3bbb6c39c55dfd5a,malwarebazaar,elf,elf,2026-08-29 16:00:15,2026-08-29 16:33:07,85
hash_md5,f52ab8506589a44ea07fee0571d2c0fa,malwarebazaar,Gafgyt,elf,2026-08-29 16:00:15,2026-08-29 16:33:07,85
hash_md5,f6249b14a0b8485d665b402fdb076a98,malwarebazaar,MassLogger,exe,2026-08-29 16:00:15,2026-08-29 16:33:07,85
hash_md5,f80e22f3da6fee1e5d686d341f027362,malwarebazaar,sh,sh,2026-08-29 16:00:15,2026-08-29 16:33:07,85
hash_md5,fa845870c733783ef786eec88c42414b,malwarebazaar,elf,elf,2026-08-29 16:00:15,2026-08-29 16:33:07,85
hash_md5,fb709d12f8ce24197ab868469c62882b,malwarebazaar,sh,sh,2026-08-29 16:00:15,2026-08-29 16:33:07,85
hash_md5,fc9dc2a515ddcb7acb4dc919c15be933,malwarebazaar,elf,elf,2026-08-29 16:00:15,2026-08-29 16:33:07,85
hash_md5,fd0b98d51f27d7e9a4d026eeb608d3a6,malwarebazaar,elf,elf,2026-08-29 16:00:15,2026-08-29 16:33:07,85
hash_md5,fd52b9c24b972abfde3de03a6f67d2e8,malwarebazaar,unknown,unknown,2026-08-29 16:00:15,2026-08-29 16:33:07,85
hash_md5,ffbe99ffd10ba2ccbb41d324a0f8aff3,malwarebazaar,exe,"exe,signed,Vidar",2026-08-29 16:00:15,2026-08-29 16:33:07,85
hash_md5,ffea94a00c9a69c968680f7215823af0,malwarebazaar,elf,elf,2026-08-29 16:00:15,2026-08-29 16:33:07,85
hash_sha256,01b8f48f4b36962b0f888ba59af1de12d2d9750384d4b63adfeacf248c6da8e3,malwarebazaar,elf,elf,2026-08-29 16:00:15,2026-08-29 16:33:07,85
hash_sha256,0325e7391dd5d6f5b6e9c6ff4ab5954137710609a111754f961ab92090fb7bf2,malwarebazaar,elf,elf,2026-08-29 16:00:15,2026-08-29 16:33:07,85
hash_sha256,03327ddb0d948417f5c96301765ecf2d1faa16cbb0144422c15e8b61c44c9822,malwarebazaar,sh,sh,2026-08-29 16:00:15,2026-08-29 16:33:07,85
hash_sha256,077075b43d07400cff0f28e66dd6eb35740ccc108cc175f69b9f549dac8a7d3c,malwarebazaar,Mirai,elf,2026-08-29 16:00:15,2026-08-29 16:33:07,85
hash_sha256,09048532e0a046d272ffa2692f700ed6a7f3f55c6f75e7a9c1b77caa2ca0051a,malwarebazaar,elf,elf,2026-08-29 16:00:15,2026-08-29 16:33:07,85
hash_sha256,09f9b48c4d38a6f9b587c3467927717b1ad0dbc6c077213ba6426c8cedc17bdd,malwarebazaar,elf,elf,2026-08-29 16:00:15,2026-08-29 16:33:07,85
hash_sha256,0a1aef2a4ecb96b2d1002b4d847db36281c08ea63bbcf5ef7fb06e1b072fe646,malwarebazaar,Mirai,elf,2026-08-29 16:00:15,2026-08-29 16:33:07,85
hash_sha256,0bab062af7894bc44d68ebc5b9633a84ffaae1f17671ff3949002c43321ec86a,threatfox,ValleyRAT,threatfox,2026-08-29 04:06:18,2026-08-29 16:33:07,85
hash_sha256,0c8c4a99337505f79c05af524ef2c8ce810269a1896b9bd83bbd39454a618b8d,threatfox,Vidar,threatfox,2026-08-29 04:06:18,2026-08-29 16:33:07,85
hash_sha256,0cbf389ea81dbf0cc3f7b55a6cb5943f495ce7bd94f5ce8dc07762edaf272617,malwarebazaar,unknown,unknown,2026-08-29 16:00:15,2026-08-29 16:33:07,85
hash_sha256,0d2abd7d872196abd951f1d7ed6406486499e5d5acc04f28fcd4f45b1851711e,malwarebazaar,Vidar,exe,2026-08-29 16:00:15,2026-08-29 16:33:07,85
hash_sha256,0d64db7c2afaa4e5fe6cfe84aad8c4e5486323200efa4f145b051383541744eb,malwarebazaar,Vidar,"exe,signed,Vidar",2026-08-29 16:00:15,2026-08-29 16:33:07,85
hash_sha256,10276ccc5f48311b4b0cf6cbe7d5ef68a44eb98deea156502a883a7197bef72b,malwarebazaar,elf,elf,2026-08-29 16:00:15,2026-08-29 16:33:07,85
hash_sha256,105195dfdfbfdce7cf13f50d92bba761eba5bc22c31000109a67708f61474e12,threatfox,ACR Stealer,threatfox,2026-08-29 04:06:18,2026-08-29 16:33:07,85
hash_sha256,12f663c66387fd2194d7901bf1598065e63feb5c7ca2f477419405c71188e22c,malwarebazaar,Mirai,elf,2026-08-29 16:00:15,2026-08-29 16:33:07,85
hash_sha256,156c6c5ee91f0e5e1846d8c7b2cd7a4afe149352022e47d9cca742988ed7f12d,malwarebazaar,elf,elf,2026-08-29 16:00:15,2026-08-29 16:33:07,85
hash_sha256,16168cc3b16d768beffaf0fd10f74f86f79da7a2c7ca26edd91c09c1c101811d,threatfox,Vidar,threatfox,2026-08-29 04:06:18,2026-08-29 16:33:07,85
hash_sha256,1738f890d5686b1c17b43166659643dde6ff57fc9ed4143dc9801ae331036273,threatfox,WannaCryptor,threatfox,2026-08-29 04:06:18,2026-08-29 16:33:07,85
hash_sha256,18dc4b36c61d69bbe7e48d8c188cfb076f8c60bcf44d63e6f2ec66c329b2d067,malwarebazaar,elf,elf,2026-08-29 16:00:15,2026-08-29 16:33:07,85
hash_sha256,193ad29a52c9522171dca9678d680e98e829f1f30c47e30da8b0836430bbe5c9,malwarebazaar,elf,elf,2026-08-29 16:00:15,2026-08-29 16:33:07,85
hash_sha256,193ea99089cfef206c47bf4e8e335546bdadc3f146374f6ef7489ae8fce4208c,malwarebazaar,Mirai,"cowrie,elf,honeypot,mips,mirai",2026-08-29 16:00:15,2026-08-29 16:33:07,85
hash_sha256,197fb4b7ef3b7394eb87cb5e513a79cc1e90f91dab71bf202cc5fc8ec1e2c0d2,malwarebazaar,exe,exe,2026-08-29 16:00:15,2026-08-29 16:33:07,85
hash_sha256,1c7ad9c9d68348b25dedf28aaffbd7061f5ba78057b82f747750f29a7082359b,malwarebazaar,elf,elf,2026-08-29 16:00:15,2026-08-29 16:33:07,85
hash_sha256,21e2e91a3cb4b600f75aea71d05bba1f42b183289f8b11d97b67bd03f192fc9f,malwarebazaar,exe,"exe,signed,Vidar",2026-08-29 16:00:15,2026-08-29 16:33:07,85
hash_sha256,22ff62f4f8391e34474d002be74695d0a3cc41d9632aeafbd98c9383bb2c4446,malwarebazaar,sh,sh,2026-08-29 16:00:15,2026-08-29 16:33:07,85
hash_sha256,245ce8709af16471e00b50dc20820bd050cdb5eed73c4b69b96b26f5d8d6a957,malwarebazaar,sh,sh,2026-08-29 16:00:15,2026-08-29 16:33:07,85
hash_sha256,245f6e3f6750701d58c06bd96f4623c62942305fb32bcdc5a99bf367becaafd0,threatfox,Coinminer,threatfox,2026-08-29 04:06:18,2026-08-29 16:33:07,85
hash_sha256,25f26ad8659a623734c291306393a8981104af535cc1016b91f7b501957d731b,malwarebazaar,elf,elf,2026-08-29 16:00:15,2026-08-29 16:33:07,85
hash_sha256,291362a7fc4a01d01f039f7ee5b62add6fdbb0e23677c7a6323bc79d0932a6be,malwarebazaar,sh,sh,2026-08-29 16:00:15,2026-08-29 16:33:07,85
hash_sha256,29288415f40901400ab28d27702527f1a268fac676e346038c45be4d0e44995e,malwarebazaar,exe,exe,2026-08-29 16:00:15,2026-08-29 16:33:07,85
hash_sha256,2950549fda1f2059a2b429aa74713f16a66691e2d967dce4ad5ebd042089e0f2,malwarebazaar,Mirai,elf,2026-08-29 16:00:15,2026-08-29 16:33:07,85
hash_sha256,2d00cf09f80324acebb8483684cac3efc82c603aea9d9a216560080af9966bf8,malwarebazaar,elf,elf,2026-08-29 16:00:15,2026-08-29 16:33:07,85
hash_sha256,2ed5b777e5159d3ad5648ed430afb5cf3b59db7c4a366a60d5551f2030390cfa,malwarebazaar,elf,elf,2026-08-29 16:00:15,2026-08-29 16:33:07,85
hash_sha256,2fb1bf153b2815c59f210de38581465a88f7298114e67386e7f0622680220d21,malwarebazaar,Vidar,"exe,signed,Vidar",2026-08-29 16:00:15,2026-08-29 16:33:07,85
hash_sha256,30cf47caf9700a74a8ea4a728b8b7c88cb1f8e22261b4ac01575b112c1e224ca,malwarebazaar,RemusStealer,exe,2026-08-29 16:00:15,2026-08-29 16:33:07,85
hash_sha256,34a99f0cad89d5b08330de5771e59ceb16320fa30e6b9f031ee765ffb291d964,malwarebazaar,sh,sh,2026-08-29 16:00:15,2026-08-29 16:33:07,85
hash_sha256,370b03ae8f9d32f33b90f6bf866a39a628081f7fc531d8816890539dfcec74db,malwarebazaar,exe,"exe,signed,Vidar",2026-08-29 16:00:15,2026-08-29 16:33:07,85
hash_sha256,38c32c6891ca93fff2106173d50a8108f4c01e0283e37350d350b6f0e1b716ca,malwarebazaar,sh,sh,2026-08-29 16:00:15,2026-08-29 16:33:07,85
hash_sha256,3b4a422e82b02d61ffbb22ab578094ef7ae818f85ef8195f05180543c327e705,malwarebazaar,elf,elf,2026-08-29 16:00:15,2026-08-29 16:33:07,85
hash_sha256,3bb71a00530de73cf7b11f4cecd7fabf3b7ca8870cbef4238fae7f506754487f,malwarebazaar,sh,sh,2026-08-29 16:00:15,2026-08-29 16:33:07,85
hash_sha256,3ee9badaa810b2fb6db57e4644ec40c58e8fe15c6980059a3232a374df5ba4a3,threatfox,ValleyRAT,threatfox,2026-08-29 04:06:18,2026-08-29 16:33:07,85
hash_sha256,3f99f75cf1d6380683720552c37983fd3d28c347ec8cf6e57d6da779718e3750,malwarebazaar,exe,"exe,signed,Vidar",2026-08-29 16:00:15,2026-08-29 16:33:07,85
hash_sha256,44cf20c61cd2604d5f7b0349603fe23b27a9edd128d1e65f7716d9670dd29f35,malwarebazaar,elf,elf,2026-08-29 16:00:15,2026-08-29 16:33:07,85
hash_sha256,45fde3defd8f0f109a8582e38e055ac4320b403c68bbaa726f9f1b96970051e6,malwarebazaar,elf,elf,2026-08-29 16:00:15,2026-08-29 16:33:07,85
hash_sha256,464be2d8fcc70beedf9c62cc97d7a0e3ff5a567d1e209bd9d85f1246899b3676,malwarebazaar,Vidar,"exe,signed,Vidar",2026-08-29 16:00:15,2026-08-29 16:33:07,85
hash_sha256,46ced738ab9a9a37df3e36c6a8603742f26783f0be2fa845bdec10b5ddb50bfb,threatfox,ACR Stealer,threatfox,2026-08-29 04:06:18,2026-08-29 16:33:07,85
hash_sha256,47aa531e3963fddfb99f06da2a007bd3dbaf8f24d6928074048475d91099995d,malwarebazaar,RustyStealer,exe,2026-08-29 16:00:15,2026-08-29 16:33:07,85
hash_sha256,48688f71bdef811c65fa75335790a95d258f0a84c95abac37800e076bf7df681,malwarebazaar,elf,elf,2026-08-29 16:00:15,2026-08-29 16:33:07,85
hash_sha256,49f582bc95a2f769440a5f20d458b7aa2726d7b2c4d1bbfbb24a01ad401f60f9,malwarebazaar,elf,elf,2026-08-29 16:00:15,2026-08-29 16:33:07,85
hash_sha256,4b6b92fd3e610c7e8a6019f7ef7f719d09db463df58777aba242a4805e6f56b6,malwarebazaar,elf,elf,2026-08-29 16:00:15,2026-08-29 16:33:07,85
hash_sha256,4c7e923f439e140cb73d2cd821cd260eaa9bca84e34dea279623ab46490e5f78,malwarebazaar,elf,elf,2026-08-29 16:00:15,2026-08-29 16:33:07,85
hash_sha256,4d825eb6ec2daac19e1b31360108d52246bd21019ac361d7d28062c5875ba48d,malwarebazaar,exe,"237e829e51990f5f4919048e2c840f8d,dropped-by-remus,exe",2026-08-29 16:00:15,2026-08-29 16:33:07,85
hash_sha256,4f6291cc107b56d6d2b859eb02a75f95222cef364a053e43ae91231a7c65ba9b,malwarebazaar,Mirai,elf,2026-08-29 16:00:15,2026-08-29 16:33:07,85
hash_sha256,4f8f926c45e51aa51bea9f95d3e8f34a29bcdc9dec1d3ea40354e50bb69c986b,threatfox,Vidar,threatfox,2026-08-29 04:06:18,2026-08-29 16:33:07,85
hash_sha256,5352b911ce9620caba7e7093b9e63eb8594b590992bc947554846e760fa1a91a,malwarebazaar,Mirai,elf,2026-08-29 16:00:15,2026-08-29 16:33:07,85
hash_sha256,536c36dd99c67a1ba20888d06790f8ea0af4d0d885ab6d07ded637919aed1d4f,malwarebazaar,elf,elf,2026-08-29 16:00:15,2026-08-29 16:33:07,85
hash_sha256,53821552bb5b719180d1b92e934ec73f59d50aae86275dc9ef75b78bb9c4cf5c,malwarebazaar,elf,elf,2026-08-29 16:00:15,2026-08-29 16:33:07,85
hash_sha256,5470839035d261fc029982b3258ecd1f164fadc437ef74f379d3889f2303c710,malwarebazaar,sh,sh,2026-08-29 16:00:15,2026-08-29 16:33:07,85
hash_sha256,550b9639758c8f5acd624f88534bec8f5c216499641205df3684966676415d65,malwarebazaar,sh,sh,2026-08-29 16:00:15,2026-08-29 16:33:07,85
hash_sha256,55f5e8355cfea5ea51225b6c5561bc20662e7ee277799a2474708a200d72f6dc,malwarebazaar,Vidar,"exe,signed,Vidar",2026-08-29 16:00:15,2026-08-29 16:33:07,85
hash_sha256,55fe0d15effd83db4b85592b3c4a11ee39a1c44c7d6b7199f257d53b3e563a15,malwarebazaar,elf,elf,2026-08-29 16:00:15,2026-08-29 16:33:07,85
hash_sha256,56895890b492b7436372e3a6d20d83044429712bd40c6738706048cffff8b08f,malwarebazaar,Gafgyt,elf,2026-08-29 16:00:15,2026-08-29 16:33:07,85
hash_sha256,5888576581a5a4fc78218ea90e78ad420a2ef3ef22cf103e231ffe43a58d63a7,malwarebazaar,elf,elf,2026-08-29 16:00:15,2026-08-29 16:33:07,85
hash_sha256,59f255347969aa82d875e878ee41604dcc7475a63c73dba58cf8ff2569669116,malwarebazaar,elf,elf,2026-08-29 16:00:15,2026-08-29 16:33:07,85
hash_sha256,5a7d9a315fe17368661441f71de7b98e9cd94c37b644ccd229f3f74d83336a78,malwarebazaar,Mirai,"elf,Mirai",2026-08-29 16:00:15,2026-08-29 16:33:07,85
hash_sha256,5aaec64d3e15f950b7c044c80bdcf2da1878755f282cb85cf39f24350109bbee,malwarebazaar,Mirai,elf,2026-08-29 16:00:15,2026-08-29 16:33:07,85
hash_sha256,5cb54c53e2169a23a815d87229b00c63d1d3c8c0d19e0f92b5e83bd231481419,threatfox,Venus Stealer,threatfox,2026-08-29 04:06:18,2026-08-29 16:33:07,85
hash_sha256,5d2ad1b986cf9f3c471c3df58d14f3134eb117498228b5cef8075984c5eb1d57,threatfox,404 Keylogger,"threatfox,404keylogger,malspam,mexico,powershell,snake-keylogger",2026-08-29 16:10:47,2026-08-29 16:33:07,85
hash_sha256,5d8c28127f94c66c360b8aad3f0e7a632acea471ed494eac6dd1a81a35b31954,malwarebazaar,exe,"exe,signed,Vidar",2026-08-29 16:00:15,2026-08-29 16:33:07,85
hash_sha256,5d8c6b1161731c3c10587be6812e00ab7f87569d7de7f02db73de8e2cda896ce,malwarebazaar,elf,elf,2026-08-29 16:00:15,2026-08-29 16:33:07,85
hash_sha256,618cf51f6ea2c0f053b1edda86eb147cae8b12e9457b9995e7951e33c6970e5d,malwarebazaar,Mirai,"elf,Mirai",2026-08-29 16:00:15,2026-08-29 16:33:07,85
hash_sha256,62b488d97bc45e03b81109bc4bb3d0269bd3758d1a7181ba901810836acb0c99,malwarebazaar,elf,elf,2026-08-29 16:00:15,2026-08-29 16:33:07,85
hash_sha256,63701c936bd552218bcaaa1d11b5ed5f3a903af013859f6dbb26927b50e1528f,malwarebazaar,elf,elf,2026-08-29 16:00:15,2026-08-29 16:33:07,85
hash_sha256,648b57c7049531ad13bd4fefd701721dcb5453a72f9537ebc9554124e9a2d320,malwarebazaar,elf,elf,2026-08-29 16:00:15,2026-08-29 16:33:07,85
hash_sha256,656b90c4553ec077f0ff60bf35edee765dffa4d63d4e2148221f9ef1171bb437,threatfox,Coinminer,threatfox,2026-08-29 04:06:18,2026-08-29 16:33:07,85
hash_sha256,662d2bf27f08a8bd37ff3bebf0f30c3f35d4cdc16e805ffe6b58e2d69c6ec6c2,malwarebazaar,sh,sh,2026-08-29 16:00:15,2026-08-29 16:33:07,85
hash_sha256,6668e3705fb32ec9ea6bc9f2d1e84294cc9a2132cd066cc306f34761c61d1479,malwarebazaar,elf,elf,2026-08-29 16:00:15,2026-08-29 16:33:07,85
hash_sha256,6757aaf3a7819fbee15ad9b36c38cf0e10bfdbbbd38f6fb58e714892157bc491,malwarebazaar,msi,msi,2026-08-29 16:00:15,2026-08-29 16:33:07,85
hash_sha256,67f0b5b79bd72d991813a80efadeb70c136e0e33531615385f71b34c9c5fa6a0,malwarebazaar,elf,elf,2026-08-29 16:00:15,2026-08-29 16:33:07,85
hash_sha256,68832d7497a998c1ee2b3c83903e1a77295db61c9f79a5f8753112bb6791e0dc,malwarebazaar,exe,"exe,Vidar",2026-08-29 16:00:15,2026-08-29 16:33:07,85
hash_sha256,69a50b7cacbe50d564fa01c8327c2fa6b16912dfd891b6eace43c8c0f00d68db,malwarebazaar,elf,elf,2026-08-29 16:00:15,2026-08-29 16:33:07,85
hash_sha256,6cc550f8e136e736ea7222dc3e0ea410b31815a65ce7ba1f42230c1ccbd13b17,malwarebazaar,Vidar,exe,2026-08-29 16:00:15,2026-08-29 16:33:07,85
hash_sha256,6f0d008c2a5d92ab9e3d0c48e4e9710e48c417be1d214cb29749cd60c06797c9,malwarebazaar,elf,elf,2026-08-29 16:00:15,2026-08-29 16:33:07,85
hash_sha256,6f3f9c8d8af22b3a793ee8b33d517a6a266c34dfe2c9dd90138a2dd6a9fd8548,malwarebazaar,elf,elf,2026-08-29 16:00:15,2026-08-29 16:33:07,85
hash_sha256,709dcd4122ec50ad6d2a75e2d33654b5b0af01d810b5fe8a9984cbaff5f82622,malwarebazaar,Mirai,elf,2026-08-29 16:00:15,2026-08-29 16:33:07,85
hash_sha256,712e7912a669a71a7006fd1a0333b5da45dbbc78672c46ae62e794fbc1372959,threatfox,Vidar,threatfox,2026-08-29 04:06:18,2026-08-29 16:33:07,85
hash_sha256,7238c5edc4874af79f0f6ca4803fb79c2c112b7ba1224e3d58d09a063773eab3,malwarebazaar,Mirai,elf,2026-08-29 16:00:15,2026-08-29 16:33:07,85
hash_sha256,73196e6e4650549fd287c95b42e9d936516606cc29a294f6845cac2cb51c65e9,malwarebazaar,elf,elf,2026-08-29 16:00:15,2026-08-29 16:33:07,85
hash_sha256,7596c7cd39c21b53a9057f25150bdbf786fd29d0e3137ef1ad04ea36ddf332b7,malwarebazaar,sh,sh,2026-08-29 16:00:15,2026-08-29 16:33:07,85
hash_sha256,76e6367d8123171afa540fe92a3758424ec7d1e029c4e5a3b9771e24fe0085c1,threatfox,Amadey,threatfox,2026-08-29 04:06:18,2026-08-29 16:33:07,85
hash_sha256,7dca1a89c9c6856ed6bc4043fe4bcb3794258ab8e6631d6b0c4b7f65b57ac349,malwarebazaar,elf,elf,2026-08-29 16:00:15,2026-08-29 16:33:07,85
hash_sha256,7df495d4ccdc9d5d8ac676bde64845ee5dc982a9a192a171aa2f4af2b41c1d7a,malwarebazaar,exe,exe,2026-08-29 16:00:15,2026-08-29 16:33:07,85
hash_sha256,7f5cd24edf6f2d0f34c437f29900bf618dd7da3ddaae42cd7f1f6020bf4528d5,malwarebazaar,elf,elf,2026-08-29 16:00:15,2026-08-29 16:33:07,85
hash_sha256,820396942b7e016437d3aec1b5672f59cd4ac02e1e37c1631ffab37992bd619e,malwarebazaar,elf,elf,2026-08-29 16:00:15,2026-08-29 16:33:07,85
hash_sha256,82bee273347b6e752d229b8fd3e5fed68cfc49f0f7145a8e457bf3ca0c91b5df,malwarebazaar,RustyStealer,exe,2026-08-29 16:00:15,2026-08-29 16:33:07,85
hash_sha256,82cedc59cd92ab106bcd6cc484b13b1222ba7c7a3887912f10623679344cb7fe,malwarebazaar,sh,sh,2026-08-29 16:00:15,2026-08-29 16:33:07,85
hash_sha256,85bc819c97ee41dac47ebea4b6077f599546616d5d83d63e162c75ed623e6ce6,malwarebazaar,elf,elf,2026-08-29 16:00:15,2026-08-29 16:33:07,85
hash_sha256,86fd8cc2fa362abc4465b0bc02a019f1eed339807a4a9d7d046fc6f16ef5410b,malwarebazaar,elf,elf,2026-08-29 16:00:15,2026-08-29 16:33:07,85
hash_sha256,8a755812d2e809a3150657fc0786c7571027e3236d6533e52e7ed6ae499ec9a4,malwarebazaar,elf,elf,2026-08-29 16:00:15,2026-08-29 16:33:07,85
hash_sha256,8aa88d4c70ba48854f3039bfcde461b217e3af3ff704e1d8696071d0c10991af,malwarebazaar,elf,elf,2026-08-29 16:00:15,2026-08-29 16:33:07,85
hash_sha256,8ae5df9b6e67b60c19a55793d8ba1b614c6fa4d42e75582697a6db2d3eda150b,malwarebazaar,Mirai,"elf,Mirai",2026-08-29 16:00:15,2026-08-29 16:33:07,85
hash_sha256,8e309f91353197022b436a770fff7421b76552fc7eb052685413f08e17db49f6,malwarebazaar,elf,elf,2026-08-29 16:00:15,2026-08-29 16:33:07,85
hash_sha256,8eaca0a3a879e0903773c4dab4a5b5a095bbed176efe9d63b8cb4f031c7c3520,malwarebazaar,Mirai,elf,2026-08-29 16:00:15,2026-08-29 16:33:07,85
hash_sha256,908ab9b70d8170bbb5ab2e4e22a50bc2d92c7bb2da21555bc468bc8d284b3013,malwarebazaar,Mirai,elf,2026-08-29 16:00:15,2026-08-29 16:33:07,85
hash_sha256,90dae228563c7f904c21dd0e972c903283091b2f7d6385f8aa1851a4e85af3cb,malwarebazaar,elf,elf,2026-08-29 16:00:15,2026-08-29 16:33:07,85
hash_sha256,94a33fc48ecb504091be4ab6c64cb3b828ac0efe1c9449c8ee952774de38b44f,threatfox,Formbook,threatfox,2026-08-29 04:06:18,2026-08-29 16:33:07,85
hash_sha256,96a8618f1fe07205affc6aaa0f2e711b8d06c86f7064a46bcea9ac82f572198a,malwarebazaar,elf,elf,2026-08-29 16:00:15,2026-08-29 16:33:07,85
hash_sha256,97fdbb5506534af805db9e23503d93439322650eeaba8132c2627d8a1b9c2dfb,threatfox,Vidar,threatfox,2026-08-29 04:06:18,2026-08-29 16:33:07,85
hash_sha256,98fe10c077d59ab4a89dd551f76bba8ee220838f0c229498adb8471f50c65535,threatfox,Vidar,threatfox,2026-08-29 04:06:18,2026-08-29 16:33:07,85
hash_sha256,9991ad259eded0c4afd180ef13a9f3cde9c30c5abe03b68b1b3c13608d3dd3c0,malwarebazaar,Mirai,elf,2026-08-29 16:00:15,2026-08-29 16:33:07,85
hash_sha256,9b0e3f974dac0023599bb604b5b30e3e763c2d1d28ecff80d307ca73dc06243f,threatfox,DCRat,threatfox,2026-08-29 04:06:18,2026-08-29 16:33:07,85
hash_sha256,9ca45ec1318baf02dd4e7d00124f6f57fed780794200f2dba5b7f0446a8b694c,malwarebazaar,elf,elf,2026-08-29 16:00:15,2026-08-29 16:33:07,85
hash_sha256,a12e2897ab92927be491431c83e879cc83400e20cdd17f18c44e745354b0c175,threatfox,Vidar,threatfox,2026-08-29 04:06:18,2026-08-29 16:33:07,85
hash_sha256,a14d827ecbc531981614fb00ca738c252d1455ed8a95baac5c90e03023ed504e,malwarebazaar,elf,elf,2026-08-29 16:00:15,2026-08-29 16:33:07,85
hash_sha256,a2fc3ab543e72decbea89ff3479cc9d813324bccccb291cba2536d95b0bdc64c,threatfox,Formbook,threatfox,2026-08-29 04:06:18,2026-08-29 16:33:07,85
hash_sha256,a52c4ba5954fc5206a5f0fc085a2ad975f8b548f29dc5947ccc3ea4302dd75b9,malwarebazaar,exe,"exe,Vidar",2026-08-29 16:00:15,2026-08-29 16:33:07,85
hash_sha256,a598384c401bc65d4bea2dd6a712b1e2339e158de6af783315a2f77ab8f04a1e,malwarebazaar,RustyStealer,exe,2026-08-29 16:00:15,2026-08-29 16:33:07,85
hash_sha256,a79351daf48dd39a035380fa21c49f0ba5bff4d3ddfe70a17446e0c4b72e04f6,malwarebazaar,elf,elf,2026-08-29 16:00:15,2026-08-29 16:33:07,85
hash_sha256,a8336d122352512323454e9fd24d9a7bcc096f793da23284a7301cbecda14a3b,threatfox,Vidar,threatfox,2026-08-29 04:06:18,2026-08-29 16:33:07,85
hash_sha256,a95ea59943cdc97693ea9b9d54e722cc617dc2a577a7b82b352a664b8d1bfdbf,malwarebazaar,sh,sh,2026-08-29 16:00:15,2026-08-29 16:33:07,85
hash_sha256,afd6e5ff646e9a3838f03882c44bd77fce6230a61b77d57de7bf8228f410febd,malwarebazaar,Vidar,"exe,signed,Vidar",2026-08-29 16:00:15,2026-08-29 16:33:07,85
hash_sha256,b229ad4f4711d5130e24108312c8f2fefebd1c2bb64c1aa5c7cc67810967bae2,malwarebazaar,elf,elf,2026-08-29 16:00:15,2026-08-29 16:33:07,85
hash_sha256,b4daad24dfdd692364d7bdc39800645653c8ece7dea9bfab91a40f04267fc9e3,malwarebazaar,sh,sh,2026-08-29 16:00:15,2026-08-29 16:33:07,85
hash_sha256,b54fac5e1433492ab96c5486cd854bf0ddf4446d0d96720feea780516d40450c,malwarebazaar,exe,exe,2026-08-29 16:00:15,2026-08-29 16:33:07,85
hash_sha256,b58938b848836851a4488b69e767e50d8349b8869c359b16da8ffee02cc0b493,malwarebazaar,exe,"exe,Vidar",2026-08-29 16:00:15,2026-08-29 16:33:07,85
hash_sha256,b6296bad0fdf16df0811053e5c5cee71946d05e06222324e76dc26ec676ff976,threatfox,Creal Stealer,threatfox,2026-08-29 04:06:18,2026-08-29 16:33:07,85
hash_sha256,b71a9e84f7ddfdf1a526c4515bcbb26bb110a8e4a8363c160a3197957a4068aa,malwarebazaar,elf,elf,2026-08-29 16:00:15,2026-08-29 16:33:07,85
hash_sha256,b87f86e0e7fde0cb4ccc0241e276b3ad817ac3d6bad654f5feaedc7bcccd52e7,malwarebazaar,elf,elf,2026-08-29 16:00:15,2026-08-29 16:33:07,85
hash_sha256,b8840a4843247a9922ba5c88b718c36e86369a363795ea79e508ff94c7ecdb16,malwarebazaar,exe,"exe,Vidar",2026-08-29 16:00:15,2026-08-29 16:33:07,85
hash_sha256,b926a44910e4f4d55c53fdc6d9cdbfb043059355d55fb3595a3434bd69b1e7e3,threatfox,Luca Stealer,threatfox,2026-08-29 04:06:18,2026-08-29 16:33:07,85
hash_sha256,bab05573bdb84791619b658f36a7eb06ea2737b93aeccfa9cda0e279de555676,malwarebazaar,sh,sh,2026-08-29 16:00:15,2026-08-29 16:33:07,85
hash_sha256,bb9a3175ec5f7ad622540c597c81a8987433e514b7223ebaf2e7d81bcb2da4f1,malwarebazaar,sh,sh,2026-08-29 16:00:15,2026-08-29 16:33:07,85
hash_sha256,bba985a390a641570ea25e26380c44bb1cb87ccc8aa83abe45f153613ed1d1ce,malwarebazaar,exe,"exe,signed,Vidar",2026-08-29 16:00:15,2026-08-29 16:33:07,85
hash_sha256,bc99777fedd39c16779d718ff410d4a0f349d013f98e6f7c0cae9b8fa1485897,malwarebazaar,exe,"exe,signed,Vidar",2026-08-29 16:00:15,2026-08-29 16:33:07,85
hash_sha256,bdd5a57f630e710dc77e777523087fbd104523cac853cba8b274bc60bec4d76b,malwarebazaar,Mirai,elf,2026-08-29 16:00:15,2026-08-29 16:33:07,85
hash_sha256,bfbde322aad40bd7228d268b85ef7ec5883c1343f060d12848b6bc7550068761,malwarebazaar,ValleyRAT,"CobaltStrike,exe,SilverFox,ValleyRAT",2026-08-29 16:00:15,2026-08-29 16:33:07,85
hash_sha256,c064b634f2b3111b777e1509a12c5fc1c70d6c994fe770b9096c0e8aadfe42b8,malwarebazaar,Vidar,"exe,signed,Vidar",2026-08-29 16:00:15,2026-08-29 16:33:07,85
hash_sha256,c40eac770e2bc5081175b782c4455d977ccff123571a73c3ab8c8c882db38b85,threatfox,Ghost RAT,threatfox,2026-08-29 04:06:18,2026-08-29 16:33:07,85
hash_sha256,c496e8e8f7cc2e40c515c9dbd98ffce43861acaf504466f478ceaebf712214b8,threatfox,GCleaner,threatfox,2026-08-29 04:06:18,2026-08-29 16:33:07,85
hash_sha256,c6e64453ea8bc0856333b6f57567c9efd8c440410787cae135d1c4a248c07c0d,malwarebazaar,sh,sh,2026-08-29 16:00:15,2026-08-29 16:33:07,85
hash_sha256,cecb06da5ad2c3cde79afb4bbf5ef6c41bf6eac5242fc4befa8076a52d6bfda7,malwarebazaar,Mirai,elf,2026-08-29 16:00:15,2026-08-29 16:33:07,85
hash_sha256,d196dca6abe523fb01a78ea0ed0209b9695b797832ce2d91dab105c419d2a529,malwarebazaar,unknown,unknown,2026-08-29 16:00:15,2026-08-29 16:33:07,85
hash_sha256,d3dd45fc1a1a55279597dc79273845f99129e1da4a84c3498616116073cc846b,malwarebazaar,exe,exe,2026-08-29 16:00:15,2026-08-29 16:33:07,85
hash_sha256,d47a793404c4bb0419c9ae1fda9847aa6a75a029e60ed65f05645dad9ee9573b,threatfox,Luca Stealer,threatfox,2026-08-29 04:06:18,2026-08-29 16:33:07,85
hash_sha256,dca3285dc118936a38f2d4117f0deaf415f0c1ff108876114934c441c9169176,malwarebazaar,elf,elf,2026-08-29 16:00:15,2026-08-29 16:33:07,85
hash_sha256,df101f02de4fcce9d13d5555ada68bfac907d7a5fabdfaba44c1684681abf53b,malwarebazaar,elf,elf,2026-08-29 16:00:15,2026-08-29 16:33:07,85
hash_sha256,e07976c8a0e957f66a8ea52f468cd84851aa54414faa26afdf74a747f468d92e,malwarebazaar,elf,elf,2026-08-29 16:00:15,2026-08-29 16:33:07,85
hash_sha256,e1a4e8eb55c44958b4565a99899e59cbebbfb5af70485c37d01d8d17f26d53b4,malwarebazaar,exe,"54e64e,dropped-by-Amadey,exe",2026-08-29 16:00:15,2026-08-29 16:33:07,85
hash_sha256,e2efc1241211c7ec4f6cd08268a8ba68d9269575ed5fb0355925597deb3fffef,malwarebazaar,DarkComet,"Backdoor,DarkComet,DarkKomet,exe,XRed",2026-08-29 16:00:15,2026-08-29 16:33:07,85
hash_sha256,e3668fa467754115202334c749648ccf05b317fda2c8335821a30e4dd8e3ed1c,malwarebazaar,elf,elf,2026-08-29 16:00:15,2026-08-29 16:33:07,85
hash_sha256,e3c23462c872c5e9c8767194f24d2142d8fd9e679762a0d36f60785f001327c5,malwarebazaar,sh,sh,2026-08-29 16:00:15,2026-08-29 16:33:07,85
hash_sha256,e4451d8970323bd258f4e55ea1118a63928479661ad8f11c8a6a0e9b2330bf46,malwarebazaar,Mirai,"elf,Mirai",2026-08-29 16:00:15,2026-08-29 16:33:07,85
hash_sha256,e6a67d95a60be73cfc0efde23dc346059d6ca4aae6cffc1851aa9dcfb653e0a7,malwarebazaar,elf,elf,2026-08-29 16:00:15,2026-08-29 16:33:07,85
hash_sha256,e6d567df857135bc75f5f260efc36de7ff65753a0194f87ceb4bf8ef4e4ca672,malwarebazaar,MassLogger,exe,2026-08-29 16:00:15,2026-08-29 16:33:07,85
hash_sha256,e7f2f0178f02d4c2775effd5bb6802a7d2638f333682fb5cfe0b42521a6f8fd0,malwarebazaar,elf,elf,2026-08-29 16:00:15,2026-08-29 16:33:07,85
hash_sha256,e866d20204375093cc8d32ddcb253a52cf1f2506cede2808f638ec43de598346,malwarebazaar,Mirai,elf,2026-08-29 16:00:15,2026-08-29 16:33:07,85
hash_sha256,eac843f2a003b6b75f25a4d47fa9fef81b1b177b853975e307c5fc24bf9fe326,malwarebazaar,Vidar,"exe,signed,Vidar",2026-08-29 16:00:15,2026-08-29 16:33:07,85
hash_sha256,ebc5a856f7a42bb16075f855ff031a94bf263addd1cd96d6c086728c92d71840,malwarebazaar,elf,elf,2026-08-29 16:00:15,2026-08-29 16:33:07,85
hash_sha256,ec107151bd2d6c6151b1e43d22bba73141e45c4794f3fd9c542852121e3df20d,malwarebazaar,elf,elf,2026-08-29 16:00:15,2026-08-29 16:33:07,85
hash_sha256,ec10a247e72f55420068e341db67682a79c5002f1c690c46cbdc7a7ee77786bd,malwarebazaar,unknown,unknown,2026-08-29 16:00:15,2026-08-29 16:33:07,85
hash_sha256,eda32fa0afc5b27af420e1c8f625dbdd05ef73651a425244df09072d19d287a1,malwarebazaar,sh,sh,2026-08-29 16:00:15,2026-08-29 16:33:07,85
hash_sha256,f020a0ebca6dd4e126235b954c550e90496df46fda10e8380fb674c2a346c7bb,malwarebazaar,elf,elf,2026-08-29 16:00:15,2026-08-29 16:33:07,85
hash_sha256,f19ce246b09aec504d8cb547f9d3344e14a6ca898f8d88f2207ece0d74f0d3f1,threatfox,stealler,threatfox,2026-08-29 04:06:18,2026-08-29 16:33:07,85
hash_sha256,f63eb2664ac9076250491b1cb0787042f75a056e235867d9f9967322c5cf20a4,threatfox,PureRAT,threatfox,2026-08-29 04:06:18,2026-08-29 16:33:07,85
hash_sha256,f741f548eaf5f80dd1bc55a7c3ac80ef1f0d7ee73d023f49e56093cb4b692f29,malwarebazaar,sh,sh,2026-08-29 16:00:15,2026-08-29 16:33:07,85
hash_sha256,f783c69eb99a7faa147f73d9970b05aec961df5afac401ed5fec84072940b6f3,malwarebazaar,elf,elf,2026-08-29 16:00:15,2026-08-29 16:33:07,85
hash_sha256,f936063e21effb761e6da7a155463059e3ae16646db7d0bd83516e7e08eb908a,malwarebazaar,exe,exe,2026-08-29 16:00:15,2026-08-29 16:33:07,85
hash_sha256,fc4f5ee40e5a5ec5141afeeca51086aa7c355ce07af47b1e9a10a5bc7002f724,malwarebazaar,CoinMiner,exe,2026-08-29 16:00:15,2026-08-29 16:33:07,85
hash_sha256,fddabb2f0e28222189ac492f4dfe6f3fd9e340dc23ffeef957eb96bc7326ac43,malwarebazaar,Vidar,"exe,signed,Vidar",2026-08-29 16:00:15,2026-08-29 16:33:07,85
hash_sha256,fddd30af24855228d62c0985b7c5aeb7f5b487d6fdb347db03cb297601d0a4f3,malwarebazaar,Mirai,"elf,Mirai",2026-08-29 16:00:15,2026-08-29 16:33:07,85
hash_sha256,ffa4e90d8d76b351dbf257c2bea202b9017a00417c4f718b011f6efa559fb49a,malwarebazaar,elf,elf,2026-08-29 16:00:15,2026-08-29 16:33:07,85
ip,102.117.162.133,threatfox,Unknown malware,"threatfox,mythic",2026-08-29 16:10:47,2026-08-29 16:33:07,85
ip,102.117.171.26,threatfox,Unknown malware,"threatfox,drb-ra,Mythic",2026-08-29 04:06:18,2026-08-29 16:33:07,85
ip,102.220.160.231,threatfox,DCRat,"threatfox,DCRat,drb-ra,RAT",2026-08-29 04:06:18,2026-08-29 16:33:07,85
ip,103.116.52.203,threatfox,AdaptixC2,"threatfox,AdaptixC2,drb-ra",2026-08-29 16:10:47,2026-08-29 16:33:07,85
ip,103.176.64.36,threatfox,XMRIG,"threatfox,mdrfckr,outlaw,ssh-bruteforce,xmrig",2026-08-28 16:06:18,2026-08-29 16:33:07,85
ip,103.199.102.28,threatfox,ValleyRAT,"threatfox,RAT,ValleyRAT",2026-08-29 04:06:18,2026-08-29 16:33:07,85
ip,103.41.177.238,threatfox,Unknown malware,"threatfox,mythic",2026-08-28 16:06:18,2026-08-29 16:33:07,85
ip,103.98.18.238,threatfox,DCRat,"threatfox,DCRat,drb-ra,RAT",2026-08-29 16:10:47,2026-08-29 16:33:07,85
ip,104.168.94.108,threatfox,VShell,"threatfox,vshell",2026-05-19 05:25:50,2026-08-29 16:33:07,85
ip,104.207.93.167,threatfox,Unknown malware,"threatfox,mythic",2026-08-28 16:06:18,2026-08-29 16:33:07,85
ip,104.248.41.207,threatfox,Aisuru,"threatfox,Aisuru,c2",2026-08-24 16:06:11,2026-08-29 16:33:07,85
ip,106.53.122.24,threatfox,VShell,"threatfox,vshell",2026-08-29 16:10:47,2026-08-29 16:33:07,85
ip,107.175.88.99,threatfox,Remcos,"threatfox,RAT,RemcosRAT",2026-08-28 16:06:18,2026-08-29 16:33:07,85
ip,112.74.42.150,threatfox,XMRIG,"threatfox,mdrfckr,outlaw,ssh-bruteforce,xmrig",2026-08-28 16:06:18,2026-08-29 16:33:07,85
ip,115.159.226.190,threatfox,Cobalt Strike,"threatfox,cobaltstrike",2026-08-21 16:09:29,2026-08-29 16:33:07,85
ip,117.72.182.5,threatfox,Cobalt Strike,"threatfox,cobaltstrike",2026-08-28 16:06:18,2026-08-29 16:33:07,85
ip,118.107.44.153,threatfox,ValleyRAT,"threatfox,RAT,ValleyRAT",2026-08-29 04:06:18,2026-08-29 16:33:07,85
ip,121.4.38.18,threatfox,Cobalt Strike,"threatfox,cobaltstrike",2026-08-28 04:06:17,2026-08-29 16:33:07,85
ip,136.0.213.135,threatfox,PureRAT,"threatfox,drb-ra,PureHVNC,PureRAT,RAT",2026-08-29 04:06:18,2026-08-29 16:33:07,85
ip,137.220.151.95,threatfox,Cobalt Strike,"threatfox,cobaltstrike",2026-08-26 16:06:11,2026-08-29 16:33:07,85
ip,138.197.15.223,threatfox,Aisuru,"threatfox,Aisuru,c2",2026-08-19 16:06:14,2026-08-29 16:33:07,85
ip,141.98.10.129,threatfox,Remcos,"threatfox,remcos",2026-08-29 04:06:18,2026-08-29 16:33:07,85
ip,144.172.117.108,threatfox,AdaptixC2,"threatfox,AdaptixC2,drb-ra",2026-08-29 16:10:47,2026-08-29 16:33:07,85
ip,145.223.23.25,threatfox,Remus,"threatfox,945c9f3c8cddcb7f33efce50a9a949ad,c2,remus",2026-08-29 16:10:47,2026-08-29 16:33:07,85
ip,147.45.71.191,threatfox,IClickFix,"threatfox,ClickFix",2026-08-28 16:06:18,2026-08-29 16:33:07,85
ip,151.245.230.21,threatfox,Cobalt Strike,"threatfox,cobaltstrike",2026-08-29 16:10:47,2026-08-29 16:33:07,85
ip,152.228.135.87,threatfox,XMRIG,"threatfox,mdrfckr,outlaw,ssh-bruteforce,xmrig",2026-08-28 16:06:18,2026-08-29 16:33:07,85
ip,154.201.82.105,threatfox,PureRAT,"threatfox,drb-ra,PureHVNC,PureRAT,RAT",2026-08-27 16:06:12,2026-08-29 16:33:07,85
ip,154.201.82.108,threatfox,PureRAT,"threatfox,drb-ra,PureHVNC,PureRAT,RAT",2026-08-28 04:06:17,2026-08-29 16:33:07,85
ip,154.37.218.73,threatfox,Cobalt Strike,"threatfox,979,c2,censys,cobalt strike",2026-08-29 16:10:47,2026-08-29 16:33:07,85
ip,157.20.182.21,threatfox,AsyncRAT,"threatfox,asyncrat",2026-07-22 17:20:47,2026-08-29 16:33:07,85
ip,157.66.26.124,threatfox,Cobalt Strike,"threatfox,149107,c2,censys,cobalt strike",2026-08-29 16:10:47,2026-08-29 16:33:07,85
ip,158.94.208.87,threatfox,IClickFix,"threatfox,ClickFix",2026-08-28 16:06:18,2026-08-29 16:33:07,85
ip,161.248.179.102,threatfox,Remcos,"threatfox,RAT,RemcosRAT",2026-08-27 16:06:12,2026-08-29 16:33:07,85
ip,162.251.92.64,threatfox,Cobalt Strike,"threatfox,CobaltStrike,drb-ra",2026-08-21 16:09:29,2026-08-29 16:33:07,85
ip,163.5.210.229,threatfox,PureRAT,"threatfox,drb-ra,PureHVNC,PureRAT,RAT",2026-08-29 16:10:47,2026-08-29 16:33:07,85
ip,164.90.236.107,threatfox,XMRIG,"threatfox,mdrfckr,outlaw,ssh-bruteforce,xmrig",2026-08-28 16:06:18,2026-08-29 16:33:07,85
ip,165.154.226.87,threatfox,VShell,"threatfox,vshell",2026-08-29 16:10:47,2026-08-29 16:33:07,85
ip,169.58.180.142,threatfox,AsyncRAT,"threatfox,AsyncRAT,drb-ra,RAT",2026-08-17 18:44:22,2026-08-29 16:33:07,85
ip,172.111.198.212,threatfox,PureRAT,"threatfox,drb-ra,PureHVNC,PureRAT,RAT",2026-08-21 16:09:29,2026-08-29 16:33:07,85
ip,176.65.139.139,threatfox,Mirai,"threatfox,drb-ra,Mirai",2026-08-29 04:06:18,2026-08-29 16:33:07,85
ip,179.61.227.213,threatfox,PureRAT,"threatfox,drb-ra,PureHVNC,PureRAT,RAT",2026-08-29 04:06:18,2026-08-29 16:33:07,85
ip,182.92.78.7,threatfox,Cobalt Strike,"threatfox,cobaltstrike",2026-08-25 16:07:37,2026-08-29 16:33:07,85
ip,183.90.187.111,threatfox,PureRAT,"threatfox,drb-ra,PureHVNC,PureRAT,RAT",2026-08-29 04:06:18,2026-08-29 16:33:07,85
ip,183.90.187.2,threatfox,PureRAT,"threatfox,drb-ra,PureHVNC,PureRAT,RAT",2026-08-29 04:06:18,2026-08-29 16:33:07,85
ip,183.90.187.73,threatfox,PureRAT,"threatfox,drb-ra,PureHVNC,PureRAT,RAT",2026-08-29 04:06:18,2026-08-29 16:33:07,85
ip,185.169.52.99,threatfox,Remus,"threatfox,0f81469cc7638ba7c82eaddbd6b3c20a,c2,remus",2026-08-28 16:06:18,2026-08-29 16:33:07,85
ip,185.215.151.63,threatfox,XWorm,"threatfox,xworm",2026-08-28 16:06:18,2026-08-29 16:33:07,85
ip,186.209.77.237,threatfox,XMRIG,"threatfox,mdrfckr,outlaw,ssh-bruteforce,xmrig",2026-08-28 16:06:18,2026-08-29 16:33:07,85
ip,192.169.69.25,threatfox,Remcos,"threatfox,RAT,RemcosRAT",2026-04-23 18:59:49,2026-08-29 16:33:07,85
ip,192.252.180.45,threatfox,ValleyRAT,threatfox,2026-07-24 17:35:22,2026-08-29 16:33:07,85
ip,194.59.31.78,threatfox,HypeAgent,"threatfox,drb-ra,HypeAgent",2026-08-29 04:06:18,2026-08-29 16:33:07,85
ip,195.177.94.91,threatfox,PureRAT,"threatfox,drb-ra,PureHVNC,PureRAT,RAT",2026-08-04 07:49:13,2026-08-29 16:33:07,85
ip,196.70.69.77,threatfox,AsyncRAT,"threatfox,AsyncRAT,drb-ra,RAT",2026-08-29 04:06:18,2026-08-29 16:33:07,85
ip,199.187.25.93,threatfox,Cobalt Strike,"threatfox,cobaltstrike",2026-08-20 16:06:17,2026-08-29 16:33:07,85
ip,2.88.92.98,threatfox,Havoc,"threatfox,havoc",2026-08-27 04:06:21,2026-08-29 16:33:07,85
ip,20.119.73.195,threatfox,Unknown malware,"threatfox,mythic",2026-08-29 04:06:18,2026-08-29 16:33:07,85
ip,204.152.217.122,threatfox,Evilginx,"threatfox,drb-ra,Evilginx,EvilGoPhish",2026-08-29 16:10:47,2026-08-29 16:33:07,85
ip,206.42.5.12,threatfox,XMRIG,"threatfox,mdrfckr,outlaw,ssh-bruteforce,xmrig",2026-08-28 16:06:18,2026-08-29 16:33:07,85
ip,213.165.50.109,threatfox,Unknown malware,threatfox,2026-08-29 04:06:18,2026-08-29 16:33:07,85
ip,217.165.57.176,threatfox,AsyncRAT,"threatfox,asyncrat",2026-08-29 16:10:47,2026-08-29 16:33:07,85
ip,220.154.128.196,threatfox,Unknown malware,"threatfox,drb-ra,Mythic",2026-08-29 16:10:47,2026-08-29 16:33:07,85
ip,34.24.127.255,threatfox,Unknown malware,"threatfox,mythic",2026-08-28 16:06:18,2026-08-29 16:33:07,85
ip,37.120.208.37,threatfox,Remcos,"threatfox,RAT,RemcosRAT",2026-08-28 16:06:18,2026-08-29 16:33:07,85
ip,37.49.230.40,threatfox,Mirai,"threatfox,elf,Mirai",2026-08-28 16:06:18,2026-08-29 16:33:07,85
ip,43.129.180.120,threatfox,Aisuru,"threatfox,Aisuru,c2",2026-08-15 20:13:13,2026-08-29 16:33:07,85
ip,43.133.164.200,threatfox,Unknown malware,"threatfox,mythic",2026-06-15 06:28:15,2026-08-29 16:33:07,85
ip,43.143.13.146,threatfox,Cobalt Strike,"threatfox,cobaltstrike",2026-08-25 16:07:37,2026-08-29 16:33:07,85
ip,43.163.88.35,threatfox,Cobalt Strike,"threatfox,cobaltstrike",2026-08-05 12:42:48,2026-08-29 16:33:07,85
ip,45.125.67.196,threatfox,Sliver,"threatfox,drb-ra,Sliver",2026-08-29 16:10:47,2026-08-29 16:33:07,85
ip,45.140.213.2,threatfox,Havoc,"threatfox,havoc",2026-08-29 16:10:47,2026-08-29 16:33:07,85
ip,45.141.148.134,threatfox,Unknown malware,threatfox,2026-08-28 16:06:18,2026-08-29 16:33:07,85
ip,45.192.105.141,threatfox,Unknown malware,"threatfox,viper",2026-08-29 16:10:47,2026-08-29 16:33:07,85
ip,45.61.136.135,threatfox,Unknown malware,"threatfox,bl-networks,bulletproof-hosting,cybercartel,mexico,web-inject",2026-08-29 16:10:47,2026-08-29 16:33:07,85
ip,45.61.177.135,threatfox,Evilginx,"threatfox,drb-ra,Evilginx,EvilGoPhish",2026-08-29 16:10:47,2026-08-29 16:33:07,85
ip,45.74.3.160,threatfox,XWorm,"threatfox,XWorm",2026-08-19 16:06:14,2026-08-29 16:33:07,85
ip,46.101.146.87,threatfox,Aisuru,"threatfox,Aisuru,c2",2026-08-24 16:06:11,2026-08-29 16:33:07,85
ip,46.109.235.15,threatfox,AsyncRAT,"threatfox,AsyncRAT,drb-ra,RAT",2026-08-29 16:10:47,2026-08-29 16:33:07,85
ip,47.94.194.175,threatfox,VShell,"threatfox,vshell",2026-08-29 04:06:18,2026-08-29 16:33:07,85
ip,49.232.241.195,threatfox,VShell,"threatfox,vshell",2026-08-28 16:06:18,2026-08-29 16:33:07,85
ip,49.233.202.218,threatfox,VShell,"threatfox,vshell",2026-08-28 16:06:18,2026-08-29 16:33:07,85
ip,64.112.85.232,threatfox,Ave Maria,"threatfox,AveMariaRAT,RAT",2026-08-28 16:06:18,2026-08-29 16:33:07,85
ip,64.81.30.192,threatfox,ValleyRAT,threatfox,2026-08-28 16:06:18,2026-08-29 16:33:07,85
ip,8.134.166.14,threatfox,Cobalt Strike,"threatfox,CobaltStrike,drb-ra",2026-08-29 04:06:18,2026-08-29 16:33:07,85
ip,8.135.18.143,threatfox,VShell,"threatfox,vshell",2026-05-25 15:32:07,2026-08-29 16:33:07,85
ip,8.145.59.5,threatfox,VShell,"threatfox,vshell",2026-08-29 04:06:18,2026-08-29 16:33:07,85
ip,8.163.98.217,threatfox,Cobalt Strike,"threatfox,cobaltstrike",2026-08-27 04:06:21,2026-08-29 16:33:07,85
ip,80.190.77.86,threatfox,AsyncRAT,"threatfox,AsyncRAT,drb-ra,RAT",2026-08-20 16:06:17,2026-08-29 16:33:07,85
ip,82.157.204.4,threatfox,VShell,"threatfox,vshell",2026-08-28 16:06:18,2026-08-29 16:33:07,85
ip,82.165.202.90,threatfox,Unknown malware,"threatfox,drb-ra,Mythic",2026-08-29 04:06:18,2026-08-29 16:33:07,85
ip,84.201.20.74,threatfox,PureRAT,"threatfox,drb-ra,PureHVNC,PureRAT,RAT",2026-07-29 17:37:14,2026-08-29 16:33:07,85
ip,87.251.66.91,threatfox,XMRIG,"threatfox,mdrfckr,outlaw,ssh-bruteforce,xmrig",2026-08-28 16:06:18,2026-08-29 16:33:07,85
ip,87.58.199.75,threatfox,Tsundere,"threatfox,DinDoor,drb-ra",2026-08-29 04:06:18,2026-08-29 16:33:07,85
ip,89.106.1.118,threatfox,Remcos,"threatfox,remcos",2026-08-29 04:06:18,2026-08-29 16:33:07,85
ip,89.34.227.96,threatfox,VShell,"threatfox,vshell",2026-08-29 04:06:18,2026-08-29 16:33:07,85
ip,91.92.241.38,threatfox,DCRat,"threatfox,DCRat,drb-ra,RAT",2026-08-29 04:06:18,2026-08-29 16:33:07,85
ip,94.184.37.68,threatfox,Chaos,"threatfox,CHAOS,drb-ra",2026-08-29 16:10:47,2026-08-29 16:33:07,85
ip,94.250.167.221,threatfox,DanaBot,"threatfox,DanBot,drb-ra",2026-08-29 16:10:47,2026-08-29 16:33:07,85
ip,96.9.226.22,threatfox,Remcos,"threatfox,remcos",2026-08-29 04:06:18,2026-08-29 16:33:07,85
ssl_sha1,0034d3f66acca402e4ae3d683e435f10d513006a,sslbl,ACRStealer C&C,"sslbl,2026-08-08",2026-08-09 00:42:39,2026-08-29 16:33:07,88
ssl_sha1,01162aa2c2be7f9d16f646b94a1245726c68b110,sslbl,PureRAT C&C,"sslbl,2026-08-22",2026-08-22 16:06:16,2026-08-29 16:33:07,88
ssl_sha1,0141dfae0d4426123aa2fbdd759162fa82d0f8e1,sslbl,PureLogsStealer C&C,"sslbl,2026-08-04",2026-08-05 12:42:46,2026-08-29 16:33:07,88
ssl_sha1,014d51d79c5a5c80042abedb35231581ff07c2e7,sslbl,Vidar C&C,"sslbl,2026-07-30",2026-07-31 05:35:34,2026-08-29 16:33:07,88
ssl_sha1,01b9a51320b270b527c744a7ebc9f9bc68a94f81,sslbl,ConnectWise C&C,"sslbl,2026-08-19",2026-08-19 16:06:13,2026-08-29 16:33:07,88
ssl_sha1,01cc79c660e1677fc17665e6d8169b5fdad75668,sslbl,PureLogsStealer C&C,"sslbl,2026-08-05",2026-08-06 00:43:27,2026-08-29 16:33:07,88
ssl_sha1,02df529de5d2da5b01c0b557b02b289b060f344b,sslbl,PureRAT C&C,"sslbl,2026-08-08",2026-08-09 00:42:39,2026-08-29 16:33:07,88
ssl_sha1,030279988932ee4115de7e6e8cdeb91927c078db,sslbl,OffLoader C&C,"sslbl,2026-08-19",2026-08-19 16:06:13,2026-08-29 16:33:07,88
ssl_sha1,038b7aa733f138f1a074c137fbb0430ea8f7b092,sslbl,KongTuke C&C,"sslbl,2026-07-07",2026-07-07 17:20:36,2026-08-29 16:33:07,88
ssl_sha1,03cdb8ba1363fb90f77ab53b6fc78d58a5340c35,sslbl,PureRAT C&C,"sslbl,2026-08-20",2026-08-20 16:06:17,2026-08-29 16:33:07,88
ssl_sha1,046fe4e19fe44c7c3a76e7e8651879c4edd9851d,sslbl,PureRAT C&C,"sslbl,2026-07-15",2026-07-16 05:21:37,2026-08-29 16:33:07,88
ssl_sha1,049209f78aca1e6715a706e00c56283134010135,sslbl,ACRStealer C&C,"sslbl,2026-07-09",2026-07-09 20:25:43,2026-08-29 16:33:07,88
ssl_sha1,057b2084f877c8737e60de6c07ad829ea411b9c6,sslbl,Vidar C&C,"sslbl,2026-08-15",2026-08-15 20:13:12,2026-08-29 16:33:07,88
ssl_sha1,059e425acfe2753d135e1b7ba39e30f0b00dbbb3,sslbl,PureLogsStealer C&C,"sslbl,2026-08-06",2026-08-06 12:43:05,2026-08-29 16:33:07,88
ssl_sha1,05b215b1710e56a14f4742b10586af2750da866a,sslbl,OffLoader C&C,"sslbl,2026-08-13",2026-08-13 08:13:02,2026-08-29 16:33:07,88
ssl_sha1,05ba9d18bc4c00bec6bb5ed461fd889259929709,sslbl,Vidar C&C,"sslbl,2026-08-02",2026-08-02 17:36:31,2026-08-29 16:33:07,88
ssl_sha1,06c6a1e29b1948ac47c0fee2e8652a07fcde1f9e,sslbl,Vidar C&C,"sslbl,2026-08-27",2026-08-27 16:06:11,2026-08-29 16:33:07,88
ssl_sha1,080078d32e98e5a1a475bd3c1aafde78293734d1,sslbl,PureLogsStealer C&C,"sslbl,2026-07-06",2026-07-06 14:36:57,2026-08-29 16:33:07,88
ssl_sha1,08d8ee8314ace61bcc0481fe9c0e2bfaaccf34e0,sslbl,Vidar C&C,"sslbl,2026-08-12",2026-08-12 12:42:52,2026-08-29 16:33:07,88
ssl_sha1,096f890e1d8d4220a1c0501a50fd6037804412c4,sslbl,Vidar C&C,"sslbl,2026-07-23",2026-07-23 18:30:39,2026-08-29 16:33:07,88
ssl_sha1,097cee540020aa1e282dcf5afefebcb5a6a1dae4,sslbl,PureLogsStealer C&C,"sslbl,2026-08-06",2026-08-06 12:43:05,2026-08-29 16:33:07,88
ssl_sha1,09f261bec38f8f17f3aba55d8f24e0c11236de40,sslbl,PureLogsStealer C&C,"sslbl,2026-08-19",2026-08-19 16:06:13,2026-08-29 16:33:07,88
ssl_sha1,0a2f52fe0e41f4fa2154a7a42134187aa23b6289,sslbl,ConnectWise C&C,"sslbl,2026-08-19",2026-08-19 16:06:13,2026-08-29 16:33:07,88
ssl_sha1,0ad6076cb27bcdd5dd26fe56c022f4ab61ea00be,sslbl,Meterpreter C&C,"sslbl,2026-08-20",2026-08-20 16:06:17,2026-08-29 16:33:07,88
ssl_sha1,0b260881d660a14c3c0b2e61a6685839c8053bc9,sslbl,KongTuke C&C,"sslbl,2026-07-29",2026-07-29 17:37:13,2026-08-29 16:33:07,88
ssl_sha1,0b4632d2296a257c1ede3cbddad910d13570891d,sslbl,ValleyRAT C&C,"sslbl,2026-07-09",2026-07-09 20:25:43,2026-08-29 16:33:07,88
ssl_sha1,0b7abd7fefffcfe53a7ae01594e23d9488a214b4,sslbl,ConnectWise C&C,"sslbl,2026-08-19",2026-08-19 16:06:13,2026-08-29 16:33:07,88
ssl_sha1,0b92ba05df90855d90170858ba91680d33f76e0f,sslbl,ConnectWise C&C,"sslbl,2026-08-19",2026-08-19 16:06:13,2026-08-29 16:33:07,88
ssl_sha1,0bb977bf9e0950a1a818660dde009ac9934bd1e2,sslbl,Vidar C&C,"sslbl,2026-08-21",2026-08-21 16:09:28,2026-08-29 16:33:07,88
ssl_sha1,0c587f31dc58c33ef2e3632bb161f4d52231b7c1,sslbl,ConnectWise C&C,"sslbl,2026-08-22",2026-08-22 16:06:16,2026-08-29 16:33:07,88
ssl_sha1,0d9b7493086b8a7b2687ee21026ed1cb8eac55e5,sslbl,Vidar C&C,"sslbl,2026-07-03",2026-07-03 14:36:09,2026-08-29 16:33:07,88
ssl_sha1,0f1b05653c3b3ab3bb4ecd772dd024668cbe8df1,sslbl,QuasarRAT C&C,"sslbl,2026-08-13",2026-08-13 20:13:53,2026-08-29 16:33:07,88
ssl_sha1,0f4085482fb0664e22b9dc962bd87184a2048e28,sslbl,ACRStealer C&C,"sslbl,2026-08-26",2026-08-26 16:06:11,2026-08-29 16:33:07,88
ssl_sha1,0f47d296ca2a764238bfd644c7b716cffafa1352,sslbl,Vidar C&C,"sslbl,2026-08-21",2026-08-21 16:09:28,2026-08-29 16:33:07,88
ssl_sha1,0f50074c5489b97def2d220b8cd70bada3361220,sslbl,PureRAT C&C,"sslbl,2026-07-15",2026-07-16 05:21:37,2026-08-29 16:33:07,88
ssl_sha1,10444531944b9b521661ef3bd8d9848d70902bbd,sslbl,PureLogsStealer C&C,"sslbl,2026-08-10",2026-08-10 12:42:40,2026-08-29 16:33:07,88
ssl_sha1,11079f607edb45c25b11a2106e6ba510a055b98f,sslbl,ConnectWise C&C,"sslbl,2026-07-13",2026-07-13 20:25:50,2026-08-29 16:33:07,88
ssl_sha1,1199461c382373b4645960ca6875028d7c96ce16,sslbl,PureRAT C&C,"sslbl,2026-07-11",2026-07-11 08:25:58,2026-08-29 16:33:07,88
ssl_sha1,11a907f87c27b67e87f201281797b95f53508752,sslbl,OffLoader C&C,"sslbl,2026-08-10",2026-08-10 12:42:40,2026-08-29 16:33:07,88
ssl_sha1,11a9b0c571e681f4f9e7780e3aff1fe8c2f3d676,sslbl,KongTuke C&C,"sslbl,2026-07-29",2026-07-29 17:37:13,2026-08-29 16:33:07,88
ssl_sha1,12518c4545d6d6d57f43040cdd2dc966cd5ea6c4,sslbl,Malware C&C,"sslbl,2026-07-13",2026-07-13 20:25:50,2026-08-29 16:33:07,88
ssl_sha1,127e6ea4434d1e7c81918b4032c1282aa7d6d8a7,sslbl,ConnectWise C&C,"sslbl,2026-07-15",2026-07-16 05:21:37,2026-08-29 16:33:07,88
ssl_sha1,12b3a868314cd43aa8d304a7e529bbd498ee74ee,sslbl,Vidar C&C,"sslbl,2026-07-23",2026-07-24 05:35:19,2026-08-29 16:33:07,88
ssl_sha1,12c42acde116383d7b75ae10fc47d5f369f5633e,sslbl,RemusStealer C&C,"sslbl,2026-08-06",2026-08-06 12:43:05,2026-08-29 16:33:07,88
ssl_sha1,131d534087149d0095a326dcb33e77afcbec308c,sslbl,AnimateClipper C&C,"sslbl,2026-07-26",2026-07-26 17:35:20,2026-08-29 16:33:07,88
ssl_sha1,131e6cb931dd908cdf9fc5bdd6f8245c9b399ea9,sslbl,ConnectWise C&C,"sslbl,2026-08-07",2026-08-07 12:43:25,2026-08-29 16:33:07,88
ssl_sha1,1389c26fb7ce71a7aa1514e86879daf6b373325a,sslbl,OffLoader C&C,"sslbl,2026-08-28",2026-08-29 04:06:17,2026-08-29 16:33:07,88
ssl_sha1,13f40ae70a0fe1ae9e727ad329583635cf8090be,sslbl,PureLogsStealer C&C,"sslbl,2026-08-10",2026-08-11 00:42:33,2026-08-29 16:33:07,88
ssl_sha1,14333675b09013c7299af764816b152b90d29952,sslbl,Vidar C&C,"sslbl,2026-08-14",2026-08-14 08:13:11,2026-08-29 16:33:07,88
ssl_sha1,145b585a8d477243e229f4d660d1a9fc40b38243,sslbl,PureRAT C&C,"sslbl,2026-07-07",2026-07-07 17:20:36,2026-08-29 16:33:07,88
ssl_sha1,147ca23505c924119036d7e4942ddc0737f39adf,sslbl,PureLogsStealer C&C,"sslbl,2026-08-07",2026-08-07 12:43:25,2026-08-29 16:33:07,88
ssl_sha1,150e9fffc913a1c87bf94e7f2ad0354d4b6afea1,sslbl,Malware distribution,"sslbl,2026-08-22",2026-08-22 16:06:16,2026-08-29 16:33:07,88
ssl_sha1,1559cd3d9f518eb7d4cbe0a3ff405db4e03a3ba0,sslbl,MaskGramStealer C&C,"sslbl,2026-07-09",2026-07-09 20:25:43,2026-08-29 16:33:07,88
ssl_sha1,16237ea9476a99f34c740649ccb7119db3af5df0,sslbl,PureRAT C&C,"sslbl,2026-08-08",2026-08-09 00:42:39,2026-08-29 16:33:07,88
ssl_sha1,16508580f31edaaf4cbe08f9c417840fa4f918d0,sslbl,ACRStealer C&C,"sslbl,2026-07-23",2026-07-23 18:30:39,2026-08-29 16:33:07,88
ssl_sha1,16545697d78cbada6dac236b73dbeff19c9035d1,sslbl,PureLogsStealer C&C,"sslbl,2026-08-19",2026-08-20 04:06:14,2026-08-29 16:33:07,88
ssl_sha1,1674f349ec288a75ac123a1752d433a21ceddcef,sslbl,Vidar C&C,"sslbl,2026-08-11",2026-08-11 12:42:27,2026-08-29 16:33:07,88
ssl_sha1,16e2a45afc9c237a463c23e14110aebb700085db,sslbl,Vidar C&C,"sslbl,2026-07-09",2026-07-09 20:25:43,2026-08-29 16:33:07,88
ssl_sha1,16fbb45457a2d8e67c556db46e051893917e2104,sslbl,KongTuke C&C,"sslbl,2026-07-30",2026-07-30 17:35:22,2026-08-29 16:33:07,88
ssl_sha1,1727143583fd38bc4b6b5986f5c7b2c919f885af,sslbl,KongTuke C&C,"sslbl,2026-07-30",2026-07-30 17:35:22,2026-08-29 16:33:07,88
ssl_sha1,173cb58c2538a3e2fccf3f3ae72b5713e4f810a3,sslbl,ACRStealer C&C,"sslbl,2026-08-19",2026-08-19 16:06:13,2026-08-29 16:33:07,88
ssl_sha1,183d02c077142b8701d1a719cc8cee3f8fb76072,sslbl,OffLoader C&C,"sslbl,2026-08-14",2026-08-14 08:13:11,2026-08-29 16:33:07,88
ssl_sha1,1869a727516b162905ef9df32d1ad3fe6ceea9f0,sslbl,PureLogsStealer C&C,"sslbl,2026-08-13",2026-08-13 08:13:02,2026-08-29 16:33:07,88
ssl_sha1,19cf66baa4727b080e283d10284993170c9b462b,sslbl,Vidar C&C,"sslbl,2026-08-22",2026-08-22 16:06:16,2026-08-29 16:33:07,88
ssl_sha1,19d7b8b5842177ba762fb0b30fd1368e953e73e9,sslbl,ACRStealer C&C,"sslbl,2026-08-11",2026-08-11 12:42:27,2026-08-29 16:33:07,88
ssl_sha1,1ab7aaf074b1e925322cd328b4d1343f46f4f91b,sslbl,PureLogsStealer C&C,"sslbl,2026-08-08",2026-08-09 00:42:39,2026-08-29 16:33:07,88
ssl_sha1,1b2dbae5f515c39f62dd4b8e8d505b3d11150ccf,sslbl,KongTuke C&C,"sslbl,2026-07-09",2026-07-09 20:25:43,2026-08-29 16:33:07,88
ssl_sha1,1b48b0bd62383ba8f49d25e8584a290016730f3d,sslbl,Vidar C&C,"sslbl,2026-08-11",2026-08-11 12:42:27,2026-08-29 16:33:07,88
ssl_sha1,1b64957d1d878c0c0b0b346849db2e64d487aa17,sslbl,QuasarRAT C&C,"sslbl,2026-07-07",2026-07-07 17:20:36,2026-08-29 16:33:07,88
ssl_sha1,1cdb18c33da65a40adad7b51808edf66f3e180e5,sslbl,PureLogsStealer C&C,"sslbl,2026-08-21",2026-08-21 16:09:28,2026-08-29 16:33:07,88
ssl_sha1,1d6ef2caa8acc4b05edcbf2e8b1e6ee9c7217eb9,sslbl,Vidar C&C,"sslbl,2026-08-12",2026-08-12 12:42:52,2026-08-29 16:33:07,88
ssl_sha1,1db0412338ca7c2407e54aeb6791beeedd146c4c,sslbl,PureRAT C&C,"sslbl,2026-07-16",2026-07-16 17:20:54,2026-08-29 16:33:07,88
ssl_sha1,1dc516de96cd73ff7a4040ec3b4927988d1a0049,sslbl,ConnectWise C&C,"sslbl,2026-08-04",2026-08-04 07:49:13,2026-08-29 16:33:07,88
ssl_sha1,1dedacf3710f30c15b9e73c9d719a969eec755e5,sslbl,Vidar C&C,"sslbl,2026-07-15",2026-07-16 05:21:37,2026-08-29 16:33:07,88
ssl_sha1,1e5253b44aa68a4b31f0dfc07df48b31798debca,sslbl,ACRStealer C&C,"sslbl,2026-07-18",2026-07-19 05:20:40,2026-08-29 16:33:07,88
ssl_sha1,1e7d6c983d80311dcecc580135dcc216732fd478,sslbl,Vidar C&C,"sslbl,2026-08-19",2026-08-19 16:06:13,2026-08-29 16:33:07,88
ssl_sha1,1e9d00de147af3c24b22721d8c18680150dad2d5,sslbl,Vidar C&C,"sslbl,2026-07-09",2026-07-09 20:25:43,2026-08-29 16:33:07,88
ssl_sha1,201d98003abc22c969b65777f285237431a46bcc,sslbl,ArkeiStealer C&C,"sslbl,2026-07-09",2026-07-09 20:25:43,2026-08-29 16:33:07,88
ssl_sha1,206219a2b2d7704733e09b28d639f4e574ed81df,sslbl,PureRAT C&C,"sslbl,2026-07-09",2026-07-09 20:25:43,2026-08-29 16:33:07,88
ssl_sha1,2125bebc5912c9fb523a668daf7d116999488493,sslbl,Koadic C&C,"sslbl,2026-08-27",2026-08-27 16:06:11,2026-08-29 16:33:07,88
ssl_sha1,22549b9d0f61cb1d81ef6aea0ebc3689e38f12df,sslbl,RatonRAT C&C,"sslbl,2026-07-07",2026-07-07 17:20:36,2026-08-29 16:33:07,88
ssl_sha1,22bedd3b6ea141fbe9b50681baa395909e014ad0,sslbl,PureLogsStealer C&C,"sslbl,2026-08-06",2026-08-06 12:43:05,2026-08-29 16:33:07,88
ssl_sha1,22cb3cb6d7b5b158d2156b1bd4018db8b5433ea7,sslbl,Vidar C&C,"sslbl,2026-07-11",2026-07-11 08:25:58,2026-08-29 16:33:07,88
ssl_sha1,23267256640f8285cc77767082fe17ac0b8d23b0,sslbl,ACRStealer C&C,"sslbl,2026-07-09",2026-07-09 20:25:43,2026-08-29 16:33:07,88
ssl_sha1,240ce6287e5ee63adc65bde38ca08a7132f5b08b,sslbl,RatonRAT C&C,"sslbl,2026-08-27",2026-08-27 16:06:11,2026-08-29 16:33:07,88
ssl_sha1,2431ed7de8a7c0d747bbcdef2ed5b06fa31fd63d,sslbl,Vidar C&C,"sslbl,2026-07-02",2026-07-02 14:36:15,2026-08-29 16:33:07,88
ssl_sha1,249e8ea802749b050406b973576babe4c555d2c9,sslbl,PureRAT C&C,"sslbl,2026-07-09",2026-07-09 20:25:43,2026-08-29 16:33:07,88
ssl_sha1,25042ea148aa7ccb23ebabb701cacca1d2fbd1d4,sslbl,HypeAgent C&C,"sslbl,2026-08-25",2026-08-25 16:07:37,2026-08-29 16:33:07,88
ssl_sha1,2516492455c882b6a07fbcb076f31a06b2a71963,sslbl,Vidar C&C,"sslbl,2026-07-11",2026-07-11 08:25:58,2026-08-29 16:33:07,88
ssl_sha1,25828f9462f9998c2be7214d5db7e092e3878945,sslbl,Vidar C&C,"sslbl,2026-08-12",2026-08-12 12:42:52,2026-08-29 16:33:07,88
ssl_sha1,25b12b6623c85699b128e0b49fab305fa6b53291,sslbl,ACRStealer C&C,"sslbl,2026-07-13",2026-07-13 08:25:39,2026-08-29 16:33:07,88
ssl_sha1,261044d91561eedea17eac730254426b193e27fe,sslbl,PureRAT C&C,"sslbl,2026-08-13",2026-08-13 08:13:02,2026-08-29 16:33:07,88
ssl_sha1,263a7098595232fb1c9536d18a903858431212c0,sslbl,MeshAgent C&C,"sslbl,2026-08-10",2026-08-11 00:42:33,2026-08-29 16:33:07,88
ssl_sha1,26d708c6ce4554e9fed0ae35556501faf8d0b01c,sslbl,ZigClipper C&C,"sslbl,2026-08-08",2026-08-09 00:42:39,2026-08-29 16:33:07,88
ssl_sha1,277cf8e1227351964ba2a8e57b49b26f8f8e353a,sslbl,Vidar C&C,"sslbl,2026-08-24",2026-08-24 16:06:10,2026-08-29 16:33:07,88
ssl_sha1,283042355c89f2c59e260246d1488a73a8bef7b2,sslbl,PureLogsStealer C&C,"sslbl,2026-07-27",2026-07-27 17:35:21,2026-08-29 16:33:07,88
ssl_sha1,287c688acd02bd779c6315eacc15e3d25145b616,sslbl,ConnectWise C&C,"sslbl,2026-07-15",2026-07-16 05:21:37,2026-08-29 16:33:07,88
ssl_sha1,28db945e3beaf15a6f6d7fdf2dfc06a5f0319fc3,sslbl,Malware C&C,"sslbl,2026-08-06",2026-08-06 12:43:05,2026-08-29 16:33:07,88
ssl_sha1,29e434f384fe91188ce4c8a3f607a781e5c5e5d1,sslbl,PureRAT C&C,"sslbl,2026-08-06",2026-08-06 12:43:05,2026-08-29 16:33:07,88
ssl_sha1,2a68cf483216956f8162c0334a75dac483bfaac6,sslbl,Vidar C&C,"sslbl,2026-08-13",2026-08-13 20:13:53,2026-08-29 16:33:07,88
ssl_sha1,2b05666e08e41d03ae03a5f282434e36229ea962,sslbl,ConnectWise C&C,"sslbl,2026-08-14",2026-08-14 08:13:11,2026-08-29 16:33:07,88
ssl_sha1,2b05df2a2d8cc657ebb0dce94b5c2914ee21d801,sslbl,PureRAT C&C,"sslbl,2026-07-14",2026-07-14 08:25:37,2026-08-29 16:33:07,88
ssl_sha1,2b7ffb92a05fe5f22a0f26d9c76a3155f04fdd45,sslbl,PureLogsStealer C&C,"sslbl,2026-08-04",2026-08-05 12:42:46,2026-08-29 16:33:07,88
ssl_sha1,2d410f6e2daaf4665a958610ce94242145c714e3,sslbl,PureLogsStealer C&C,"sslbl,2026-08-08",2026-08-09 00:42:39,2026-08-29 16:33:07,88
ssl_sha1,2d83749ee793d5dd905aebcee10c1898c7ce8110,sslbl,KongTuke C&C,"sslbl,2026-07-08",2026-07-08 17:19:24,2026-08-29 16:33:07,88
ssl_sha1,2e22d7adb72403b6ff2b18c7302cbfff8ea45010,sslbl,KongTuke C&C,"sslbl,2026-07-14",2026-07-16 05:21:37,2026-08-29 16:33:07,88
ssl_sha1,304062e0d9d93dad14b84554abb56fd3af8266ff,sslbl,Vidar C&C,"sslbl,2026-08-19",2026-08-19 16:06:13,2026-08-29 16:33:07,88
ssl_sha1,30ae51f106a573be769968e15c0a6f56a2878a16,sslbl,Vidar C&C,"sslbl,2026-08-05",2026-08-05 12:42:46,2026-08-29 16:33:07,88
ssl_sha1,3141245c066d71ef08936296ffea7ea15082f7fd,sslbl,ConnectWise C&C,"sslbl,2026-08-14",2026-08-14 08:13:11,2026-08-29 16:33:07,88
ssl_sha1,32a8651489a0a5fb3fb0679514bed1e86c0c576c,sslbl,ACRStealer C&C,"sslbl,2026-08-10",2026-08-10 12:42:40,2026-08-29 16:33:07,88
ssl_sha1,3403986d256e4ce608c0b4e9648d867a373ff6cc,sslbl,Vidar C&C,"sslbl,2026-07-13",2026-07-14 08:25:37,2026-08-29 16:33:07,88
ssl_sha1,34ba6ed6fdcf11e71f689efe8e8bb5d723339125,sslbl,AsyncRAT C&C,"sslbl,2026-07-13",2026-07-13 20:25:50,2026-08-29 16:33:07,88
ssl_sha1,3595cb507d47314a6749679e4217ec993c5c3691,sslbl,DCAgentRMM C&C,"sslbl,2026-08-25",2026-08-25 16:07:37,2026-08-29 16:33:07,88
ssl_sha1,3599615abff24cd9b7801d4ee3263d66ab320867,sslbl,PureLogsStealer C&C,"sslbl,2026-07-15",2026-07-16 05:21:37,2026-08-29 16:33:07,88
ssl_sha1,35c361f9688643bd7cd6a7057178d869bcd6ea7b,sslbl,ConnectWise C&C,"sslbl,2026-08-04",2026-08-04 07:49:13,2026-08-29 16:33:07,88
ssl_sha1,35c7582e7fe35b257038a3c687d81db0f06a1c38,sslbl,RatonRAT C&C,"sslbl,2026-07-07",2026-07-07 17:20:36,2026-08-29 16:33:07,88
ssl_sha1,361864879b9712b391b7d1af733e24168f67c419,sslbl,Malware C&C,"sslbl,2026-08-04",2026-08-05 12:42:46,2026-08-29 16:33:07,88
ssl_sha1,369b439f1afec9b1ae1d5de29a603f6ba34a3039,sslbl,PureRAT C&C,"sslbl,2026-08-04",2026-08-04 07:49:13,2026-08-29 16:33:07,88
ssl_sha1,3712fb1d824e230a43660016e4e305e623dad067,sslbl,Malware C&C,"sslbl,2026-08-12",2026-08-12 12:42:52,2026-08-29 16:33:07,88
ssl_sha1,376f3988574afebfde5b9dfd2b3498ee0617b6c1,sslbl,PureRAT C&C,"sslbl,2026-07-09",2026-07-09 20:25:43,2026-08-29 16:33:07,88
ssl_sha1,38d23ac7c8e3f29dc51158a77665811f6a5e1341,sslbl,ConnectWise C&C,"sslbl,2026-07-13",2026-07-13 20:25:50,2026-08-29 16:33:07,88
ssl_sha1,3992dd5edcdf2ce5d143f933e2657640e00a58d4,sslbl,OffLoader C&C,"sslbl,2026-08-20",2026-08-20 16:06:17,2026-08-29 16:33:07,88
ssl_sha1,39977fc471c8a241dbe54f09ba2caaca0261710f,sslbl,ConnectWise C&C,"sslbl,2026-07-14",2026-07-14 08:25:37,2026-08-29 16:33:07,88
ssl_sha1,3b0855807c94981dca90ba6eb15e94087c91fb52,sslbl,PureRAT C&C,"sslbl,2026-08-08",2026-08-09 00:42:39,2026-08-29 16:33:07,88
ssl_sha1,3c286904e96ada2549fe774aa6eb2d39920219ec,sslbl,Malware C&C,"sslbl,2026-08-13",2026-08-13 08:13:02,2026-08-29 16:33:07,88
ssl_sha1,3cf6a282d22b606bce0ba5ad74526257eff4cf81,sslbl,PureRAT C&C,"sslbl,2026-07-17",2026-07-17 17:21:06,2026-08-29 16:33:07,88
ssl_sha1,3ddf56dd624309d956cccb6c41eb6fcfbb3c6364,sslbl,ZigClipper C&C,"sslbl,2026-08-05",2026-08-06 00:43:27,2026-08-29 16:33:07,88
ssl_sha1,3e3c44169f96771a93af70cef73772afc6530f39,sslbl,Vidar C&C,"sslbl,2026-08-10",2026-08-10 12:42:40,2026-08-29 16:33:07,88
ssl_sha1,3e615d9da0efbbbea30584bce2037017460f7251,sslbl,PureLogsStealer C&C,"sslbl,2026-07-14",2026-07-14 19:40:35,2026-08-29 16:33:07,88
ssl_sha1,3fb1dbcabe3bab0eb06fefe295821bff1007fb25,sslbl,PureRAT C&C,"sslbl,2026-07-17",2026-07-17 17:21:06,2026-08-29 16:33:07,88
ssl_sha1,400866dbd7d2f51fbab5f7f73e98f60df8e0d798,sslbl,KongTuke C&C,"sslbl,2026-07-07",2026-07-07 17:20:36,2026-08-29 16:33:07,88
ssl_sha1,407df66ac87ceb177c560e82df9521c8003b5f0d,sslbl,ConnectWise C&C,"sslbl,2026-08-28",2026-08-29 04:06:17,2026-08-29 16:33:07,88
ssl_sha1,40ab2a74848e4b409900153beb94a6977de80d4a,sslbl,PureRAT C&C,"sslbl,2026-08-04",2026-08-04 07:49:13,2026-08-29 16:33:07,88
ssl_sha1,40d55bdf808d31690157cc7865a3161d6f44f073,sslbl,Vidar C&C,"sslbl,2026-08-17",2026-08-17 08:13:04,2026-08-29 16:33:07,88
ssl_sha1,41cbe997a63cc9211fd19593cfcf27602d10bcd8,sslbl,AsyncRAT C&C,"sslbl,2026-07-06",2026-07-06 14:36:57,2026-08-29 16:33:07,88
ssl_sha1,41f8e81a4f9b3e7e70353a84e4bf87d687ddc79e,sslbl,ConnectWise C&C,"sslbl,2026-08-28",2026-08-29 04:06:17,2026-08-29 16:33:07,88
ssl_sha1,41fb7a086b442b60106c064b90f453aa98d0056b,sslbl,Vidar C&C,"sslbl,2026-07-09",2026-07-09 20:25:43,2026-08-29 16:33:07,88
ssl_sha1,42412a6aee2a4ff0234fc0afe142d5a2bf8f1e92,sslbl,HypeAgent C&C,"sslbl,2026-08-27",2026-08-27 16:06:11,2026-08-29 16:33:07,88
ssl_sha1,4264b1c47eac055ce604ef3509d23cd7e3bd584b,sslbl,Vidar C&C,"sslbl,2026-07-16",2026-07-16 17:20:54,2026-08-29 16:33:07,88
ssl_sha1,441b920d869b1e83fe18a2d86d4b6be20099c145,sslbl,ConnectWise C&C,"sslbl,2026-08-07",2026-08-07 12:43:25,2026-08-29 16:33:07,88
ssl_sha1,44319377ae94a257a0c081e5fdcb97d1d93b127d,sslbl,ConnectWise C&C,"sslbl,2026-07-15",2026-07-16 05:21:37,2026-08-29 16:33:07,88
ssl_sha1,4442db8ed5780616c630362ab45b8e59f40a2e5a,sslbl,Vidar C&C,"sslbl,2026-08-19",2026-08-19 16:06:13,2026-08-29 16:33:07,88
ssl_sha1,448bf34943609cd5dcadf4b1dc58512df0718e57,sslbl,PureLogsStealer C&C,"sslbl,2026-08-06",2026-08-06 12:43:05,2026-08-29 16:33:07,88
ssl_sha1,450a46fca2ded0fb7231080b7ec1fef089aa6abe,sslbl,Stealc C&C,"sslbl,2026-08-27",2026-08-27 16:06:11,2026-08-29 16:33:07,88
ssl_sha1,45152caa36a93f2aa9dab483d4c57531221c431d,sslbl,DCRat C&C,"sslbl,2026-08-20",2026-08-20 16:06:17,2026-08-29 16:33:07,88
ssl_sha1,4525d76a2086fb71cddff33816f107dd8a57564c,sslbl,PureRAT C&C,"sslbl,2026-07-06",2026-07-06 14:36:57,2026-08-29 16:33:07,88
ssl_sha1,45bbc5ebc131cca9663c35c95459564007049d07,sslbl,Vidar C&C,"sslbl,2026-07-25",2026-07-25 17:35:24,2026-08-29 16:33:07,88
ssl_sha1,4672fba181056b9df706573af71ad6462ea3df67,sslbl,PureLogsStealer C&C,"sslbl,2026-08-11",2026-08-11 12:42:27,2026-08-29 16:33:07,88
ssl_sha1,46a2a90c5813eda22263c058742902faf1def5a6,sslbl,ConnectWise C&C,"sslbl,2026-08-14",2026-08-14 08:13:11,2026-08-29 16:33:07,88
ssl_sha1,472239fd43cdfe3b960245672b183c4be200ed7a,sslbl,Vidar C&C,"sslbl,2026-07-23",2026-07-24 05:35:19,2026-08-29 16:33:07,88
ssl_sha1,47a42b7e960e081fb973d80964554f4dea813c9d,sslbl,PureLogsStealer C&C,"sslbl,2026-07-15",2026-07-16 05:21:37,2026-08-29 16:33:07,88
ssl_sha1,481d7383aaeec383beb3012d8dfd20548837e42b,sslbl,PureRAT C&C,"sslbl,2026-08-20",2026-08-20 16:06:17,2026-08-29 16:33:07,88
ssl_sha1,48381652ae3e124b686c25282dac3858a5f2de3e,sslbl,PureRAT C&C,"sslbl,2026-07-21",2026-07-21 17:20:42,2026-08-29 16:33:07,88
ssl_sha1,4a67cf0297c6308d31cbd2e89cd5246817bb1330,sslbl,ACRStealer C&C,"sslbl,2026-08-28",2026-08-28 16:06:18,2026-08-29 16:33:07,88
ssl_sha1,4a6e8bfafdb4754d3fbc09a01e52a88d9d4dd57c,sslbl,OffLoader C&C,"sslbl,2026-08-19",2026-08-19 16:06:13,2026-08-29 16:33:07,88
ssl_sha1,4ab5197c559d38f2d4886d00f7140b09318bc5ca,sslbl,Vidar C&C,"sslbl,2026-07-13",2026-07-13 20:25:50,2026-08-29 16:33:07,88
ssl_sha1,4af51082ffa699d104ec1f66263afc8efa99cf76,sslbl,OffLoader C&C,"sslbl,2026-07-09",2026-07-09 20:25:43,2026-08-29 16:33:07,88
ssl_sha1,4b75d1218c87bc4192b6be37dbd990c11859fef8,sslbl,Metasploit C&C,"sslbl,2026-07-16",2026-07-16 17:20:54,2026-08-29 16:33:07,88
ssl_sha1,4bd9fa1c2cefa0f68b276923d33e9989e2fd0031,sslbl,PureRAT C&C,"sslbl,2026-08-04",2026-08-04 07:49:13,2026-08-29 16:33:07,88
ssl_sha1,4c67471be88dd63db2466621fe9e2a2d848f5b79,sslbl,QuasarRAT C&C,"sslbl,2026-07-13",2026-07-13 20:25:50,2026-08-29 16:33:07,88
ssl_sha1,4c7132f9c8bfa60751049644820c6f3a90884ff2,sslbl,RatonRAT C&C,"sslbl,2026-08-19",2026-08-19 16:06:13,2026-08-29 16:33:07,88
ssl_sha1,4cad5fa297a09de48d002bf034f543fd7a9384ed,sslbl,Vidar C&C,"sslbl,2026-08-12",2026-08-12 12:42:52,2026-08-29 16:33:07,88
ssl_sha1,4e11bfd54a27de8b3338b42301ccdf02a21d92a5,sslbl,Vidar C&C,"sslbl,2026-07-06",2026-07-06 14:36:57,2026-08-29 16:33:07,88
ssl_sha1,4e5b7b186ad51a93d4e1ba0e2b5ca006b62571be,sslbl,AsyncRAT C&C,"sslbl,2026-07-21",2026-07-21 17:20:42,2026-08-29 16:33:07,88
ssl_sha1,4ee6cf96fce286a8e41faa52626ccf484c72a772,sslbl,Vidar C&C,"sslbl,2026-08-14",2026-08-14 08:13:11,2026-08-29 16:33:07,88
ssl_sha1,4f6db5622e97cb304f7a739d60c8c3acba13f260,sslbl,Stealc C&C,"sslbl,2026-08-19",2026-08-19 16:06:13,2026-08-29 16:33:07,88
ssl_sha1,5017bd59caaf4a057c724b366aa9530e5cc19931,sslbl,ConnectWise C&C,"sslbl,2026-08-04",2026-08-04 07:49:13,2026-08-29 16:33:07,88
ssl_sha1,501d817bb1780acfe5e47082c43472bda8068e4d,sslbl,LummaStealer C&C,"sslbl,2026-07-13",2026-07-13 20:25:50,2026-08-29 16:33:07,88
ssl_sha1,508ab3696a27249abc7ea437ee1b8bcb8a999d65,sslbl,OverlordRAT C&C,"sslbl,2026-08-08",2026-08-09 00:42:39,2026-08-29 16:33:07,88
ssl_sha1,50c542ca788f012319a8f72453ae5431e0213a4f,sslbl,PureLogsStealer C&C,"sslbl,2026-08-19",2026-08-19 16:06:13,2026-08-29 16:33:07,88
ssl_sha1,50cad154b9d5fdd19c3f67162257de03d3a6afcd,sslbl,OffLoader C&C,"sslbl,2026-07-17",2026-07-17 17:21:06,2026-08-29 16:33:07,88
ssl_sha1,51addb0b10ea11992e4a7dcc168fe8c6eaddf0be,sslbl,OffLoader C&C,"sslbl,2026-07-06",2026-07-06 14:36:57,2026-08-29 16:33:07,88
ssl_sha1,52b3c657964c5ac626f54446cbfb75165d215d65,sslbl,PureLogsStealer C&C,"sslbl,2026-08-04",2026-08-04 07:49:13,2026-08-29 16:33:07,88
ssl_sha1,53e5a73e14b16d4140421466795a2196a53e2bbc,sslbl,PureRAT C&C,"sslbl,2026-08-27",2026-08-27 16:06:11,2026-08-29 16:33:07,88
ssl_sha1,544c1e86e02e5ac18fabe17fff152e4c7e370990,sslbl,ACRStealer C&C,"sslbl,2026-07-23",2026-07-23 18:30:39,2026-08-29 16:33:07,88
ssl_sha1,55828dc9278fe7cc50514d9e95e64422804a0b84,sslbl,OffLoader C&C,"sslbl,2026-08-10",2026-08-10 12:42:40,2026-08-29 16:33:07,88
ssl_sha1,55f0fc964675706a15353d56745bb20d95213e53,sslbl,Malware distribution,"sslbl,2026-07-09",2026-07-09 20:25:43,2026-08-29 16:33:07,88
ssl_sha1,572029fec2909ba613cee3c3698b8a49af83b428,sslbl,OffLoader C&C,"sslbl,2026-07-15",2026-07-16 05:21:37,2026-08-29 16:33:07,88
ssl_sha1,573ff46149f8feb36cd0dbf80427b88aa156ed7b,sslbl,KongTuke C&C,"sslbl,2026-07-17",2026-07-17 17:21:06,2026-08-29 16:33:07,88
ssl_sha1,57dd505a5d745deaa32411f3f7e247e6795164a5,sslbl,Vidar C&C,"sslbl,2026-08-19",2026-08-19 16:06:13,2026-08-29 16:33:07,88
ssl_sha1,58243e4728cadacb308dfa0b964571e374ac3c1c,sslbl,Vidar C&C,"sslbl,2026-08-04",2026-08-04 07:49:13,2026-08-29 16:33:07,88
ssl_sha1,58a5ded84c93621d72ecc14b386e0e6bea5d103a,sslbl,Vidar C&C,"sslbl,2026-07-15",2026-07-16 05:21:37,2026-08-29 16:33:07,88
ssl_sha1,59658d5b08a31b31941b598ef4287fecf26a5e54,sslbl,PureLogsStealer C&C,"sslbl,2026-07-06",2026-07-06 14:36:57,2026-08-29 16:33:07,88
ssl_sha1,5b0334a2bc768aa1fef1eb0d10bf52edb071bf1c,sslbl,Vidar C&C,"sslbl,2026-08-10",2026-08-10 12:42:40,2026-08-29 16:33:07,88
ssl_sha1,5b276d28106cb7d91dd5f810e61d9523d34c7804,sslbl,PureLogsStealer C&C,"sslbl,2026-08-21",2026-08-21 16:09:28,2026-08-29 16:33:07,88
ssl_sha1,5b3c4900b63eb2ca8d0d174ef9e989324bc58c0d,sslbl,TELEPUZ C&C,"sslbl,2026-08-21",2026-08-21 16:09:28,2026-08-29 16:33:07,88
ssl_sha1,5b86c194e3e28190e76652c7a39e9acbf849ada2,sslbl,Vidar C&C,"sslbl,2026-08-13",2026-08-13 08:13:02,2026-08-29 16:33:07,88
ssl_sha1,5ce60656e1fb7c3a46a0d6f4380613ff856f9f9d,sslbl,Vidar C&C,"sslbl,2026-07-02",2026-07-02 14:36:15,2026-08-29 16:33:07,88
ssl_sha1,5d801efeb2e22aa0da901ffbce45db05a80a7b0b,sslbl,Vidar C&C,"sslbl,2026-08-25",2026-08-25 16:07:37,2026-08-29 16:33:07,88
ssl_sha1,5dc598df9a1f9cf893ce86b54f8be517475d1ff9,sslbl,OffLoader C&C,"sslbl,2026-07-21",2026-07-21 17:20:42,2026-08-29 16:33:07,88
ssl_sha1,5dcd3232fc9873ebedca38f8ba5992fce6dccb61,sslbl,PureLogsStealer C&C,"sslbl,2026-08-05",2026-08-06 00:43:27,2026-08-29 16:33:07,88
ssl_sha1,5df6480942779ca755ba42db5446f6492a3bb99b,sslbl,PureLogsStealer C&C,"sslbl,2026-08-26",2026-08-26 16:06:11,2026-08-29 16:33:07,88
ssl_sha1,5e06eaa686adc5ca8fd118752c6667e826bbcad0,sslbl,ConnectWise C&C,"sslbl,2026-08-28",2026-08-29 04:06:17,2026-08-29 16:33:07,88
ssl_sha1,5e7110d4c25e3aef153d9d38610550ad510f23cf,sslbl,Vidar C&C,"sslbl,2026-08-19",2026-08-19 16:06:13,2026-08-29 16:33:07,88
ssl_sha1,60df0e327f3736946e966b453ef233da0c42b927,sslbl,Havoc C&C,"sslbl,2026-08-10",2026-08-10 12:42:40,2026-08-29 16:33:07,88
ssl_sha1,61042420cd71b5edcdd9ef7ff070deef7398a725,sslbl,Vidar C&C,"sslbl,2026-08-04",2026-08-04 07:49:13,2026-08-29 16:33:07,88
ssl_sha1,632061b26a93455e9c4f0ac413deae710c920216,sslbl,PureLogsStealer C&C,"sslbl,2026-07-21",2026-07-21 17:20:42,2026-08-29 16:33:07,88
ssl_sha1,64ba3430f767ced74b2828509a653187e9553971,sslbl,Vidar C&C,"sslbl,2026-08-11",2026-08-12 00:43:15,2026-08-29 16:33:07,88
ssl_sha1,64e6fe29e84ea3ecaaef08920d8ceb9567240166,sslbl,Vidar C&C,"sslbl,2026-08-25",2026-08-25 16:07:37,2026-08-29 16:33:07,88
ssl_sha1,655b8a9e32dd444d708ab21eb8604f89332db8ab,sslbl,Vidar C&C,"sslbl,2026-08-27",2026-08-27 16:06:11,2026-08-29 16:33:07,88
ssl_sha1,659379b480f2d3448f8946b0961115e00bfdbce0,sslbl,OffLoader C&C,"sslbl,2026-07-13",2026-07-13 20:25:49,2026-08-29 16:33:07,88
ssl_sha1,6617b3218632fe78cd223bfae98ae55ef69c13c2,sslbl,OffLoader C&C,"sslbl,2026-07-03",2026-07-03 14:36:09,2026-08-29 16:33:07,88
ssl_sha1,664729bef77ee9c9f2f523fc1305ef65fa05dbae,sslbl,Vidar C&C,"sslbl,2026-08-11",2026-08-11 12:42:27,2026-08-29 16:33:07,88
ssl_sha1,6647f9e4a2e273d7b78ff02be7114b0e9e2a719f,sslbl,AsyncRAT C&C,"sslbl,2026-08-04",2026-08-04 07:49:13,2026-08-29 16:33:07,88
ssl_sha1,67044f9079f804d4a6217093c679897fec1f90e2,sslbl,AsyncRAT C&C,"sslbl,2026-07-23",2026-07-24 05:35:19,2026-08-29 16:33:07,88
ssl_sha1,674a11078348ede85c2e978063a1eb6ea1dbfd81,sslbl,OffLoader C&C,"sslbl,2026-08-26",2026-08-26 16:06:11,2026-08-29 16:33:07,88
ssl_sha1,680cfafa3541d8bdf18c8725016b0d987b9a7dbc,sslbl,DCRat C&C,"sslbl,2026-08-13",2026-08-13 08:13:02,2026-08-29 16:33:07,88
ssl_sha1,6852cc75937e2d30455d30257da88d19e57d5ef2,sslbl,Malware distribution,"sslbl,2026-07-11",2026-07-11 08:25:58,2026-08-29 16:33:07,88
ssl_sha1,687928f5bd90cb243f29760de8d299236de2cadf,sslbl,PureRAT C&C,"sslbl,2026-08-19",2026-08-20 04:06:14,2026-08-29 16:33:07,88
ssl_sha1,68ffb512bc3f1f544502736127d3bdbd6ece390b,sslbl,OffLoader C&C,"sslbl,2026-07-15",2026-07-16 05:21:37,2026-08-29 16:33:07,88
ssl_sha1,6a0fa16417ad776c441dab2aacb50bd3e64bd4c3,sslbl,QuimaRAT C&C,"sslbl,2026-07-09",2026-07-09 20:25:43,2026-08-29 16:33:07,88
ssl_sha1,6a338d0e652aeb230f0b42e3916ff0f8b86d7409,sslbl,AsyncRAT C&C,"sslbl,2026-07-09",2026-07-09 20:25:43,2026-08-29 16:33:07,88
ssl_sha1,6ca71f241dad148aaee6ea4a345e1ef1adaa0ffb,sslbl,KongTuke C&C,"sslbl,2026-07-23",2026-07-23 18:30:39,2026-08-29 16:33:07,88
ssl_sha1,6cac7b4801a4e5b675050769d90bb1da5306d537,sslbl,ConnectWise C&C,"sslbl,2026-08-04",2026-08-04 07:49:13,2026-08-29 16:33:07,88
ssl_sha1,6cd9f5c15b172c39fd51e13d36d39c73a4d1395a,sslbl,OffLoader C&C,"sslbl,2026-07-06",2026-07-06 14:36:57,2026-08-29 16:33:07,88
ssl_sha1,6d92d180394761c59cc1455cf6a7c773fb4efabe,sslbl,PureRAT C&C,"sslbl,2026-08-20",2026-08-20 16:06:17,2026-08-29 16:33:07,88
ssl_sha1,6e64e6fafd7922f1100ce4f5334fef6dd75b2e66,sslbl,PureLogsStealer C&C,"sslbl,2026-08-06",2026-08-06 12:43:05,2026-08-29 16:33:07,88
ssl_sha1,714c56e9e207d5c8e08e1ca28cd9ba85f079d061,sslbl,AsyncRAT C&C,"sslbl,2026-08-08",2026-08-09 00:42:39,2026-08-29 16:33:07,88
ssl_sha1,72a2354f33ff1d38b31cb19209b4b90acafaf46d,sslbl,Vidar C&C,"sslbl,2026-07-07",2026-07-07 17:20:36,2026-08-29 16:33:07,88
ssl_sha1,73202d8d2ac9a9e04c2bdefa6ea8db2860d779a9,sslbl,Vidar C&C,"sslbl,2026-07-23",2026-07-24 05:35:19,2026-08-29 16:33:07,88
ssl_sha1,732c7efa7d624c30b074e78df6595f54fde9188d,sslbl,Vidar C&C,"sslbl,2026-08-20",2026-08-20 16:06:17,2026-08-29 16:33:07,88
ssl_sha1,7403dde12ab9b1c61109441a97fcda78ef197155,sslbl,PureRAT C&C,"sslbl,2026-07-14",2026-07-14 08:25:37,2026-08-29 16:33:07,88
ssl_sha1,742d693a2a83e70088711c99db5db56b1aa4b9da,sslbl,Malware distribution,"sslbl,2026-07-23",2026-07-24 05:35:19,2026-08-29 16:33:07,88
ssl_sha1,745edb7835e0a1ef871d1c027651ed4dfbfd406c,sslbl,Vidar C&C,"sslbl,2026-07-13",2026-07-13 20:25:50,2026-08-29 16:33:07,88
ssl_sha1,75e6afe2cfc9539d7ea95631e78ff0b841ba0a4f,sslbl,ConnectWise C&C,"sslbl,2026-07-09",2026-07-09 20:25:43,2026-08-29 16:33:07,88
ssl_sha1,769a6310d3d9533c1b3e0ddee3c1b6ebbda60891,sslbl,OffLoader C&C,"sslbl,2026-08-07",2026-08-07 12:43:25,2026-08-29 16:33:07,88
ssl_sha1,7767913e33fac1ed9c448460267ca0e6cbe627b4,sslbl,Vidar C&C,"sslbl,2026-07-30",2026-07-31 05:35:34,2026-08-29 16:33:07,88
ssl_sha1,77b9903c538d045e266bd4d6cf40ede0b040b403,sslbl,ConnectWise C&C,"sslbl,2026-08-27",2026-08-27 16:06:11,2026-08-29 16:33:07,88
ssl_sha1,78dc4f50971751cbf98b96219dd56f099095a717,sslbl,Vidar C&C,"sslbl,2026-08-13",2026-08-13 08:13:02,2026-08-29 16:33:07,88
ssl_sha1,790c3281bc5b0087d59aaa1436e7516ca007fc07,sslbl,ZigClipper C&C,"sslbl,2026-07-09",2026-07-09 20:25:43,2026-08-29 16:33:07,88
ssl_sha1,793ccba0eaedcd1a87bb5200cde5a1c9f21ad4ad,sslbl,Vidar C&C,"sslbl,2026-08-12",2026-08-12 12:42:52,2026-08-29 16:33:07,88
ssl_sha1,79e9e22d16866b1126c524c08afda88a225d6545,sslbl,ACRStealer C&C,"sslbl,2026-08-19",2026-08-19 16:06:13,2026-08-29 16:33:07,88
ssl_sha1,7a8f361d188e552651fea1204d5399d889312da2,sslbl,Vidar C&C,"sslbl,2026-07-12",2026-07-12 08:25:44,2026-08-29 16:33:07,88
ssl_sha1,7a9be497f84c09e7591ba7c7d69539a6e0468302,sslbl,Vidar C&C,"sslbl,2026-08-24",2026-08-24 16:06:10,2026-08-29 16:33:07,88
ssl_sha1,7b5604ee44715ba0b4e92c2281f30c5a3416ca41,sslbl,ACRStealer C&C,"sslbl,2026-07-24",2026-07-24 17:35:21,2026-08-29 16:33:07,88
ssl_sha1,7bbac2b67988c36fa1dbd3a75dc06629f766ccaf,sslbl,Vidar C&C,"sslbl,2026-08-13",2026-08-13 20:13:53,2026-08-29 16:33:07,88
ssl_sha1,7bdeed30f5501a30f6aecc3f3cc372f7e52d6ce0,sslbl,ConnectWise C&C,"sslbl,2026-08-07",2026-08-07 12:43:25,2026-08-29 16:33:07,88
ssl_sha1,7bf6011a10ea612968ea925608fa67b5d599863a,sslbl,Vidar C&C,"sslbl,2026-08-12",2026-08-12 12:42:52,2026-08-29 16:33:07,88
ssl_sha1,7bf78d44f61a05e919479a1cf3e0ce158a50a0c6,sslbl,AsyncRAT C&C,"sslbl,2026-08-18",2026-08-18 22:07:31,2026-08-29 16:33:07,88
ssl_sha1,7c27d36636428305d692f50c753e2e9af3897290,sslbl,ConnectWise C&C,"sslbl,2026-07-15",2026-07-16 05:21:37,2026-08-29 16:33:07,88
ssl_sha1,7c3a6c14032bce06d59bd68a7b61a8b88fe222ac,sslbl,OffLoader C&C,"sslbl,2026-08-11",2026-08-11 12:42:27,2026-08-29 16:33:07,88
ssl_sha1,7ddfe490347dc28f3e39de9be9d61940b6b98526,sslbl,ACRStealer C&C,"sslbl,2026-07-13",2026-07-13 08:25:39,2026-08-29 16:33:07,88
ssl_sha1,7f111c69f42266b474927156f103d70843e7f82b,sslbl,RatonRAT C&C,"sslbl,2026-08-27",2026-08-27 16:06:11,2026-08-29 16:33:07,88
ssl_sha1,7f1ed4a13d8a2ba6e690ecaf66a9dfa42dd8d9d1,sslbl,ValleyRAT C&C,"sslbl,2026-08-25",2026-08-25 16:07:37,2026-08-29 16:33:07,88
ssl_sha1,7f44d36f1f6bd375ba4e4a7866328a76047ce498,sslbl,AsyncRAT C&C,"sslbl,2026-08-19",2026-08-19 16:06:13,2026-08-29 16:33:07,88
ssl_sha1,7f563e6df9b87f615f2d492ba68d5df373a6ca26,sslbl,ACRStealer C&C,"sslbl,2026-07-18",2026-07-19 05:20:40,2026-08-29 16:33:07,88
ssl_sha1,7f73eeb03e7df441484d4610c5a0c3a02f166989,sslbl,PureLogsStealer C&C,"sslbl,2026-08-20",2026-08-20 16:06:17,2026-08-29 16:33:07,88
ssl_sha1,80c36e681125d92c8edfbf7adce71d3bda48d1f9,sslbl,Malware distribution,"sslbl,2026-07-23",2026-07-24 05:35:19,2026-08-29 16:33:07,88
ssl_sha1,811f3a6d406105ca7844722f280f075058d1e1ae,sslbl,PureRAT C&C,"sslbl,2026-07-09",2026-07-09 20:25:43,2026-08-29 16:33:07,88
ssl_sha1,820cd09994b3e76f6e89926a4b94ec0ccacd888c,sslbl,OffLoader C&C,"sslbl,2026-07-23",2026-07-24 05:35:19,2026-08-29 16:33:07,88
ssl_sha1,824d7a319b89b78f79a191f8c34bcfcd0a69abff,sslbl,PureLogsStealer C&C,"sslbl,2026-07-14",2026-07-14 08:25:37,2026-08-29 16:33:07,88
ssl_sha1,83424f01b8b7262f3a3cd61048d3337afdcca58a,sslbl,KongTuke C&C,"sslbl,2026-07-16",2026-07-16 17:20:54,2026-08-29 16:33:07,88
ssl_sha1,83ff65960d2df4b29e78d6fd0342dcd5f053eb13,sslbl,QuasarRAT C&C,"sslbl,2026-07-06",2026-07-06 14:36:57,2026-08-29 16:33:07,88
ssl_sha1,841672d728070f0e4519a650a9c8618f9b80c502,sslbl,PureLogsStealer C&C,"sslbl,2026-08-28",2026-08-28 16:06:18,2026-08-29 16:33:07,88
ssl_sha1,847e013a4d337babfdf203eba82d2d32717b9d2d,sslbl,PureLogsStealer C&C,"sslbl,2026-08-10",2026-08-11 00:42:33,2026-08-29 16:33:07,88
ssl_sha1,8508e14457ad7de321edddf3688e124d5f1d652c,sslbl,Vidar C&C,"sslbl,2026-08-28",2026-08-28 16:06:18,2026-08-29 16:33:07,88
ssl_sha1,85f5e4e0d8c608a11c4e493eb349a7a4c8c4bc9d,sslbl,AsyncRAT C&C,"sslbl,2026-07-13",2026-07-13 20:25:50,2026-08-29 16:33:07,88
ssl_sha1,865a8d01e86bcf06890c09c7b3e9f2c786d7e600,sslbl,PureRAT C&C,"sslbl,2026-08-20",2026-08-20 16:06:17,2026-08-29 16:33:07,88
ssl_sha1,8680ee5519b665906679e979e8b2c949dac26fa9,sslbl,PureRAT C&C,"sslbl,2026-07-06",2026-07-06 14:36:57,2026-08-29 16:33:07,88
ssl_sha1,87feeb825ed6c63616f07bcc03b76454c7e1612f,sslbl,Vidar C&C,"sslbl,2026-08-12",2026-08-12 12:42:52,2026-08-29 16:33:07,88
ssl_sha1,88b2180ded8f8a30de34b4dc84c2328bbd0af49f,sslbl,PureRAT C&C,"sslbl,2026-08-10",2026-08-10 12:42:40,2026-08-29 16:33:07,88
ssl_sha1,89bbec947a91917d4676037abb417ceb72770851,sslbl,Vidar C&C,"sslbl,2026-08-17",2026-08-17 08:13:04,2026-08-29 16:33:07,88
ssl_sha1,8a6a82fdb53374bd62b62120a007ceb19d4ad827,sslbl,OffLoader C&C,"sslbl,2026-08-11",2026-08-11 12:42:27,2026-08-29 16:33:07,88
ssl_sha1,8b41b8741c4d2a24de0aba241f742f043f1014d1,sslbl,Vidar C&C,"sslbl,2026-08-27",2026-08-27 16:06:11,2026-08-29 16:33:07,88
ssl_sha1,8b6153391f8b6caaad5e0c11054a98ff35e4b605,sslbl,ZigClipper C&C,"sslbl,2026-07-11",2026-07-11 08:25:58,2026-08-29 16:33:07,88
ssl_sha1,8bdf129211692888e48d0970e49a8559450974dc,sslbl,AdaptixC2 C&C,"sslbl,2026-08-07",2026-08-07 12:43:25,2026-08-29 16:33:07,88
ssl_sha1,8befa0033eaaa1693777be12aa7d9236a9caf188,sslbl,Vidar C&C,"sslbl,2026-08-11",2026-08-11 12:42:27,2026-08-29 16:33:07,88
ssl_sha1,8c6132e27eb7bfe859029b583c55243baf3f3029,sslbl,PureRAT C&C,"sslbl,2026-08-20",2026-08-20 16:06:17,2026-08-29 16:33:07,88
ssl_sha1,8c798a5e27290e239890509e6b0c08c214664a87,sslbl,Vidar C&C,"sslbl,2026-08-12",2026-08-12 12:42:52,2026-08-29 16:33:07,88
ssl_sha1,8d6fdff168340e954aad4f0f924276cd5b6e31b2,sslbl,Vidar C&C,"sslbl,2026-08-18",2026-08-18 10:07:25,2026-08-29 16:33:07,88
ssl_sha1,8d8f084ddf2729d1f4747f2a428dd8d9b13e1cfa,sslbl,OffLoader C&C,"sslbl,2026-08-22",2026-08-22 16:06:16,2026-08-29 16:33:07,88
ssl_sha1,8ef5bc8cb7d00d8b89bacbd4f9405f402d1a002e,sslbl,SheetRAT C&C,"sslbl,2026-07-15",2026-07-16 05:21:37,2026-08-29 16:33:07,88
ssl_sha1,8f000dbd7cc73e8857d42a3c7c15676305af6889,sslbl,AsyncRAT C&C,"sslbl,2026-07-13",2026-07-13 20:25:50,2026-08-29 16:33:07,88
ssl_sha1,8f0bfca0ab1d555a035d5b498c9e26acdab3d7aa,sslbl,ACRStealer C&C,"sslbl,2026-08-10",2026-08-10 12:42:40,2026-08-29 16:33:07,88
ssl_sha1,8f0de55e89d97b4f3581f77805955a2b719563b8,sslbl,PureRAT C&C,"sslbl,2026-07-23",2026-07-24 05:35:19,2026-08-29 16:33:07,88
ssl_sha1,8f1262eb935ec90abdbe1db5106eb3831a5669a7,sslbl,ConnectWise C&C,"sslbl,2026-07-09",2026-07-09 20:25:43,2026-08-29 16:33:07,88
ssl_sha1,8f154a9a3584398eb6be34b0e2f05c79c63cea6a,sslbl,OffLoader C&C,"sslbl,2026-08-28",2026-08-29 04:06:17,2026-08-29 16:33:07,88
ssl_sha1,9000e46cabc64219fb1447d59d5443afcb412e36,sslbl,Vidar C&C,"sslbl,2026-07-21",2026-07-21 17:20:42,2026-08-29 16:33:07,88
ssl_sha1,902ba39855eb908aafcd70c385e68668fb57c1d8,sslbl,Malware distribution,"sslbl,2026-07-09",2026-07-09 20:25:43,2026-08-29 16:33:07,88
ssl_sha1,919d5be1da2b1383786286d0fb199f4575db0d59,sslbl,Vidar C&C,"sslbl,2026-08-12",2026-08-12 12:42:52,2026-08-29 16:33:07,88
ssl_sha1,92bebc09af464e669c68d95052916e76f989e043,sslbl,Malware C&C,"sslbl,2026-08-04",2026-08-05 12:42:46,2026-08-29 16:33:07,88
ssl_sha1,930851db267db9c407bc5adaa9d49f5c994abece,sslbl,PureRAT C&C,"sslbl,2026-08-10",2026-08-10 12:42:40,2026-08-29 16:33:07,88
ssl_sha1,940df23eebede1e1e33a4c521ba05b4b37d04d68,sslbl,Vidar C&C,"sslbl,2026-08-11",2026-08-12 00:43:15,2026-08-29 16:33:07,88
ssl_sha1,942c595db95914eb4987a1e7ddd6f728fbc674ec,sslbl,PureLogsStealer C&C,"sslbl,2026-08-04",2026-08-05 12:42:46,2026-08-29 16:33:07,88
ssl_sha1,94711c109335059bb2dc4d338f33d3083004d6fa,sslbl,ACRStealer C&C,"sslbl,2026-08-28",2026-08-28 16:06:18,2026-08-29 16:33:07,88
ssl_sha1,94c2c17d919e1560dca7d4980e7f9c6eb5a402a0,sslbl,Vidar C&C,"sslbl,2026-08-14",2026-08-14 08:13:11,2026-08-29 16:33:07,88
ssl_sha1,94eea408b8c901de2367e36bf291ba947b368ee5,sslbl,Vidar C&C,"sslbl,2026-07-13",2026-07-13 20:25:50,2026-08-29 16:33:07,88
ssl_sha1,952bcdeea03ea702626a30069c949581bf2d1b05,sslbl,Vidar C&C,"sslbl,2026-08-18",2026-08-18 22:07:31,2026-08-29 16:33:07,88
ssl_sha1,95a5eea4198c93663802a9ea047164b5497ea27f,sslbl,Malware C&C,"sslbl,2026-08-14",2026-08-14 08:13:11,2026-08-29 16:33:07,88
ssl_sha1,95fcb5ff7bd5e1d06b1e585af4ba3ceb95f01164,sslbl,Vidar C&C,"sslbl,2026-08-11",2026-08-11 12:42:27,2026-08-29 16:33:07,88
ssl_sha1,964d86f575c50b29d2b7157331d556859dd43e5e,sslbl,Vidar C&C,"sslbl,2026-08-05",2026-08-05 12:42:46,2026-08-29 16:33:07,88
ssl_sha1,969b40a4fd2fb579a29aed9b2f81a7cf5cc0b1db,sslbl,PureLogsStealer C&C,"sslbl,2026-08-27",2026-08-27 16:06:11,2026-08-29 16:33:07,88
ssl_sha1,971af46c861e6f88e60b7c07a4850e76423c5c4a,sslbl,ConnectWise C&C,"sslbl,2026-08-07",2026-08-07 12:43:25,2026-08-29 16:33:07,88
ssl_sha1,97cceb2f57c3b60f9d94b4603ac55860aaa9e03d,sslbl,ConnectWise C&C,"sslbl,2026-08-04",2026-08-04 07:49:13,2026-08-29 16:33:07,88
ssl_sha1,97dd1d6a2bc5769af6e0a7999bfaf2aeaf5452a1,sslbl,Vidar C&C,"sslbl,2026-08-05",2026-08-05 12:42:46,2026-08-29 16:33:07,88
ssl_sha1,988bb7e571418b2800a0cc2d33a794ecf1eb42a7,sslbl,Malware C&C,"sslbl,2026-07-03",2026-07-03 14:36:09,2026-08-29 16:33:07,88
ssl_sha1,991bf55fc47c006b3eedf6b348296f9f7aba20eb,sslbl,PureLogsStealer C&C,"sslbl,2026-07-21",2026-07-21 17:20:42,2026-08-29 16:33:07,88
ssl_sha1,9970ddeb7d0e2dd711bc2af3646b417b201bfdf2,sslbl,Vidar C&C,"sslbl,2026-07-02",2026-07-02 14:36:15,2026-08-29 16:33:07,88
ssl_sha1,99e8e296eae361f7ddeb6ce7cc6d4bd521ee24b3,sslbl,Vidar C&C,"sslbl,2026-08-11",2026-08-11 12:42:27,2026-08-29 16:33:07,88
ssl_sha1,9a7e2e73f967101d75a3cb425b8980d50ca5c001,sslbl,ConnectWise C&C,"sslbl,2026-08-04",2026-08-04 07:49:13,2026-08-29 16:33:07,88
ssl_sha1,9aba7caceb4b84b49aaa4285d73183a94f4a50d5,sslbl,PureRAT C&C,"sslbl,2026-08-08",2026-08-09 00:42:39,2026-08-29 16:33:07,88
ssl_sha1,9b1d8ac99d61fbc0ba58655538c457db69c459e7,sslbl,PureLogsStealer C&C,"sslbl,2026-08-06",2026-08-06 12:43:05,2026-08-29 16:33:07,88
ssl_sha1,9b422835f6e86dcb59e08f1bb9a47576d98fff81,sslbl,Vidar C&C,"sslbl,2026-08-12",2026-08-12 12:42:52,2026-08-29 16:33:07,88
ssl_sha1,9b4c3ff8dc5891693f443320e3c1167c7cebe2b7,sslbl,QuasarRAT C&C,"sslbl,2026-08-13",2026-08-13 20:13:53,2026-08-29 16:33:07,88
ssl_sha1,9b5e0b2f2acb07fb226b8805b3a5fb5a28035e6e,sslbl,PureLogsStealer C&C,"sslbl,2026-08-04",2026-08-05 12:42:46,2026-08-29 16:33:07,88
ssl_sha1,9ba597b7a850fe598927a226f6ab2efd3050ff95,sslbl,Vidar C&C,"sslbl,2026-08-19",2026-08-20 04:06:14,2026-08-29 16:33:07,88
ssl_sha1,9bfa1f9e8d990faec4c91c5b9eaeb15898aff2e7,sslbl,ConnectWise C&C,"sslbl,2026-08-04",2026-08-04 07:49:13,2026-08-29 16:33:07,88
ssl_sha1,9c0a9291be46e42b67835dff9e6c767fd6660287,sslbl,Malware C&C,"sslbl,2026-08-22",2026-08-22 16:06:16,2026-08-29 16:33:07,88
ssl_sha1,9c124d9fc4b10c04767b554f02b92d6591175e8a,sslbl,PureRAT C&C,"sslbl,2026-07-21",2026-07-21 17:20:42,2026-08-29 16:33:07,88
ssl_sha1,9cc76149b07c25893611bc8339406a6312ab2053,sslbl,QuasarRAT C&C,"sslbl,2026-07-09",2026-07-09 20:25:43,2026-08-29 16:33:07,88
ssl_sha1,9cd7f02e5bd6f0cb16141c3205aa9b00b0fce027,sslbl,PureLogsStealer C&C,"sslbl,2026-08-13",2026-08-13 20:13:53,2026-08-29 16:33:07,88
ssl_sha1,9d495a9c646e3962ac5445e9b4da6832164dc4ee,sslbl,OffLoader C&C,"sslbl,2026-08-28",2026-08-28 16:06:18,2026-08-29 16:33:07,88
ssl_sha1,9ea13ee5065114aee007c91c941ac3f8483c4326,sslbl,Vidar C&C,"sslbl,2026-08-13",2026-08-13 08:13:02,2026-08-29 16:33:07,88
ssl_sha1,9f0464e29fb94333e1ad31740bf4d4bff89cbd28,sslbl,Vidar C&C,"sslbl,2026-08-28",2026-08-28 16:06:18,2026-08-29 16:33:07,88
ssl_sha1,a0b782d798a48e117c995c9deb013c5cffb0ac58,sslbl,PureLogsStealer C&C,"sslbl,2026-08-11",2026-08-11 12:42:27,2026-08-29 16:33:07,88
ssl_sha1,a0cd40a589573d515fb3d7c30d6de0d45d40a4fa,sslbl,ConnectWise C&C,"sslbl,2026-07-15",2026-07-16 05:21:37,2026-08-29 16:33:07,88
ssl_sha1,a1146ac98390794517ff821a3377458555100eb3,sslbl,PureLogsStealer C&C,"sslbl,2026-08-04",2026-08-05 12:42:46,2026-08-29 16:33:07,88
ssl_sha1,a133ce088d9ead15855e1343b8e643736d47d7d9,sslbl,ACRStealer C&C,"sslbl,2026-07-11",2026-07-11 08:25:58,2026-08-29 16:33:07,88
ssl_sha1,a18ccdbee8a145ba523641dc63189ad51cd04064,sslbl,PureRAT C&C,"sslbl,2026-08-21",2026-08-21 16:09:28,2026-08-29 16:33:07,88
ssl_sha1,a37d8c8b3e427201148b485e4b23a59067fd3812,sslbl,PureLogsStealer C&C,"sslbl,2026-07-03",2026-07-03 14:36:09,2026-08-29 16:33:07,88
ssl_sha1,a3aed5e99b2c6563d265a69702d9071940eed8aa,sslbl,ConnectWise C&C,"sslbl,2026-07-15",2026-07-16 05:21:37,2026-08-29 16:33:07,88
ssl_sha1,a3f065adb1d37aa01e6632753e8db17fb392d558,sslbl,KongTuke C&C,"sslbl,2026-07-03",2026-07-03 14:36:09,2026-08-29 16:33:07,88
ssl_sha1,a41b49d59020b2adde6d68f30aa199dea7e2126b,sslbl,PureLogsStealer C&C,"sslbl,2026-07-09",2026-07-09 20:25:43,2026-08-29 16:33:07,88
ssl_sha1,a45080c92a0b2314966517a4643ebf280e88a11b,sslbl,LummaStealer C&C,"sslbl,2026-08-14",2026-08-14 08:13:11,2026-08-29 16:33:07,88
ssl_sha1,a4a31d169043dc65fd2b36a0352564244c820b1d,sslbl,Malware C&C,"sslbl,2026-08-26",2026-08-26 16:06:11,2026-08-29 16:33:07,88
ssl_sha1,a52e17fe607d1e562e0cb67c6f2342e6b4dbf191,sslbl,Vidar C&C,"sslbl,2026-08-18",2026-08-18 10:07:25,2026-08-29 16:33:07,88
ssl_sha1,a5930d8e37f9f2874a281294d8508dd79df36b98,sslbl,ConnectWise C&C,"sslbl,2026-08-04",2026-08-04 07:49:13,2026-08-29 16:33:07,88
ssl_sha1,a5d4974f89b3751853ea918b1dea7564c7cb8185,sslbl,Vidar C&C,"sslbl,2026-08-27",2026-08-27 16:06:11,2026-08-29 16:33:07,88
ssl_sha1,a6268e092f3de555c67dac2f9e52eae979b3d8e3,sslbl,Vidar C&C,"sslbl,2026-08-17",2026-08-17 08:13:04,2026-08-29 16:33:07,88
ssl_sha1,a6df6eca49e13a8c5ebba1f86ca4c5766b1c1b97,sslbl,KongTuke C&C,"sslbl,2026-07-17",2026-07-17 17:21:06,2026-08-29 16:33:07,88
ssl_sha1,a6e6aa58bac84e56b868f5f618ef227b75d7208e,sslbl,QuasarRAT C&C,"sslbl,2026-08-29",2026-08-29 16:10:47,2026-08-29 16:33:07,88
ssl_sha1,a838f21e4fbcf93b9dcb1adf61ce9a7e07729594,sslbl,OffLoader C&C,"sslbl,2026-07-07",2026-07-07 17:20:36,2026-08-29 16:33:07,88
ssl_sha1,a9ebd28ce7e4ac020e6d263e228b8547e1914bfa,sslbl,Vidar C&C,"sslbl,2026-08-06",2026-08-07 00:43:03,2026-08-29 16:33:07,88
ssl_sha1,aa50e1b4a6e7c66ba2ce4c1c82e62f8d74cd7202,sslbl,Vidar C&C,"sslbl,2026-08-21",2026-08-21 16:09:28,2026-08-29 16:33:07,88
ssl_sha1,aa813482114409b8a5f198a39d02a77d492f7911,sslbl,ACRStealer C&C,"sslbl,2026-07-14",2026-07-14 08:25:37,2026-08-29 16:33:07,88
ssl_sha1,aaa8cad460677d3312a35ccfcf3235361ab9b7e4,sslbl,PureLogsStealer C&C,"sslbl,2026-07-09",2026-07-09 20:25:43,2026-08-29 16:33:07,88
ssl_sha1,aaaa57850472f7c23d75d9470b1f98655d5c3655,sslbl,OffLoader C&C,"sslbl,2026-08-08",2026-08-09 00:42:39,2026-08-29 16:33:07,88
ssl_sha1,aaf31b3f7acfe6dc859d1b6269c7e17337a61fd7,sslbl,OffLoader C&C,"sslbl,2026-08-26",2026-08-26 16:06:11,2026-08-29 16:33:07,88
ssl_sha1,ab273c45f00b156514b5b6be664484911dbed547,sslbl,PureRAT C&C,"sslbl,2026-08-20",2026-08-20 16:06:17,2026-08-29 16:33:07,88
ssl_sha1,ab43d834686476fef1094bb0f9c5eef7d0bcd2f9,sslbl,SparkRAT C&C,"sslbl,2026-08-19",2026-08-19 16:06:13,2026-08-29 16:33:07,88
ssl_sha1,ab53f86d2ce32d9306f431e8e82f39cb31f48a53,sslbl,Vidar C&C,"sslbl,2026-08-19",2026-08-19 16:06:13,2026-08-29 16:33:07,88
ssl_sha1,abacd13c43005d6868d9b586e029a1d6a74e1470,sslbl,ConnectWise C&C,"sslbl,2026-08-19",2026-08-19 16:06:13,2026-08-29 16:33:07,88
ssl_sha1,abe57abc8722c69494113060260ba340cd897744,sslbl,ShellterLoader C&C,"sslbl,2026-08-17",2026-08-17 18:44:22,2026-08-29 16:33:07,88
ssl_sha1,ac563907d31a21443760cee92a98b50bba6152aa,sslbl,QuasarRAT C&C,"sslbl,2026-07-03",2026-07-03 14:36:09,2026-08-29 16:33:07,88
ssl_sha1,ad3cd2a04112f9ffec395649d537dc68bceb3754,sslbl,PureRAT C&C,"sslbl,2026-08-07",2026-08-07 12:43:25,2026-08-29 16:33:07,88
ssl_sha1,adee7459752a33ec85d89a1837d84e9e75f8ac6e,sslbl,OffLoader C&C,"sslbl,2026-07-03",2026-07-03 14:36:09,2026-08-29 16:33:07,88
ssl_sha1,adfc8dd0c5e99a8e33b1df7d5c10fc9653342491,sslbl,ConnectWise C&C,"sslbl,2026-08-22",2026-08-22 16:06:16,2026-08-29 16:33:07,88
ssl_sha1,ae2744e9ad9fb574cb79ceff176cbfc982e4fddb,sslbl,ConnectWise C&C,"sslbl,2026-08-11",2026-08-11 12:42:27,2026-08-29 16:33:07,88
ssl_sha1,aec890965f808398c124d16d25255ac4ed1ce6ca,sslbl,Vidar C&C,"sslbl,2026-08-11",2026-08-11 12:42:27,2026-08-29 16:33:07,88
ssl_sha1,af1a7c59f98298c9d3542e306d0292bdf30b4388,sslbl,PureRAT C&C,"sslbl,2026-08-20",2026-08-20 16:06:17,2026-08-29 16:33:07,88
ssl_sha1,b00aa24dc7459e8a0a8f5fbb3d2a27bd646de1e3,sslbl,HypeAgent C&C,"sslbl,2026-08-18",2026-08-18 10:07:25,2026-08-29 16:33:07,88
ssl_sha1,b0cf2650da454ed5cc67102d95f8b9ba00602ead,sslbl,OffLoader C&C,"sslbl,2026-08-25",2026-08-25 16:07:37,2026-08-29 16:33:07,88
ssl_sha1,b0dfb9c6353dc65a3b503bcb2258db457c5b5947,sslbl,Malware C&C,"sslbl,2026-08-26",2026-08-26 16:06:11,2026-08-29 16:33:07,88
ssl_sha1,b0e16234706cee8e6f50f6397b88aab1d6ee4345,sslbl,ZigClipper C&C,"sslbl,2026-07-11",2026-07-11 08:25:58,2026-08-29 16:33:07,88
ssl_sha1,b14379b3743c37a26289499aca921c99998649f1,sslbl,QuasarRAT C&C,"sslbl,2026-08-04",2026-08-04 07:49:13,2026-08-29 16:33:07,88
ssl_sha1,b23101487158938dc99bd731fe372634ad768a0f,sslbl,PureRAT C&C,"sslbl,2026-08-13",2026-08-13 08:13:02,2026-08-29 16:33:07,88
ssl_sha1,b26d3f583556acab11cbfa864f596c143b15f32d,sslbl,Vidar C&C,"sslbl,2026-08-17",2026-08-17 08:13:04,2026-08-29 16:33:07,88
ssl_sha1,b28f42ca50cfb259dfc8dfe16e13631da75d6397,sslbl,PureLogsStealer C&C,"sslbl,2026-08-20",2026-08-20 16:06:17,2026-08-29 16:33:07,88
ssl_sha1,b2e42b1a036329fa6fef4477d35887b1d357711e,sslbl,Vidar C&C,"sslbl,2026-08-04",2026-08-04 07:49:13,2026-08-29 16:33:07,88
ssl_sha1,b34240912bc1f09b2e2342363647616b1088a1b0,sslbl,PureRAT C&C,"sslbl,2026-08-29",2026-08-29 16:10:47,2026-08-29 16:33:07,88
ssl_sha1,b364395fee8c2e4c9eaf9a2531f6f7ac7bf8e4ae,sslbl,QuasarRAT C&C,"sslbl,2026-08-10",2026-08-10 12:42:40,2026-08-29 16:33:07,88
ssl_sha1,b5b8bebd73d8e8aec88ccc17b1e27c34921667ae,sslbl,Vidar C&C,"sslbl,2026-08-08",2026-08-09 00:42:39,2026-08-29 16:33:07,88
ssl_sha1,b5f071dd28b511f0b4b067507602a779feb4301f,sslbl,AsyncRAT C&C,"sslbl,2026-08-11",2026-08-11 12:42:27,2026-08-29 16:33:07,88
ssl_sha1,b72b8c162f5b2fe045e0445f9be1937d98279092,sslbl,OffLoader C&C,"sslbl,2026-08-19",2026-08-19 16:06:13,2026-08-29 16:33:07,88
ssl_sha1,b73835be5d6f7dbb40f9df1347745bbb0963783c,sslbl,PureLogsStealer C&C,"sslbl,2026-08-26",2026-08-26 16:06:11,2026-08-29 16:33:07,88
ssl_sha1,b7c2e44b35ac1ac31efad28747f2bc44f5d28de8,sslbl,PureRAT C&C,"sslbl,2026-07-21",2026-07-21 17:20:42,2026-08-29 16:33:07,88
ssl_sha1,b87dc4ee057f64c6592d11ed074e03caf92e2851,sslbl,Vidar C&C,"sslbl,2026-07-04",2026-07-04 14:35:58,2026-08-29 16:33:07,88
ssl_sha1,b8b339de5ea80d17fb5ce2eb144d7ba28b33337a,sslbl,RatonRAT C&C,"sslbl,2026-07-21",2026-07-21 17:20:42,2026-08-29 16:33:07,88
ssl_sha1,b8b347f5d18be90876c3d3a5458b6e60598246bd,sslbl,PureLogsStealer C&C,"sslbl,2026-08-04",2026-08-05 12:42:46,2026-08-29 16:33:07,88
ssl_sha1,b8b410c62bcb320c20cfee554f472df3fa5734e4,sslbl,PureLogsStealer C&C,"sslbl,2026-08-06",2026-08-06 12:43:05,2026-08-29 16:33:07,88
ssl_sha1,b94eb3bcd4a57442c30e14dd2067b0c6c46d9619,sslbl,ConnectWise C&C,"sslbl,2026-08-21",2026-08-21 16:09:28,2026-08-29 16:33:07,88
ssl_sha1,b95285b6b061fd0acf6a5ae95433d703f52d1872,sslbl,PureLogsStealer C&C,"sslbl,2026-08-21",2026-08-21 16:09:28,2026-08-29 16:33:07,88
ssl_sha1,b9e2100c0408138edfedb92704bfc57ef9fb59f0,sslbl,PureLogsStealer C&C,"sslbl,2026-08-10",2026-08-10 12:42:40,2026-08-29 16:33:07,88
ssl_sha1,bca627ea4b11ce235879ac54bcf5ca2121a6ed0c,sslbl,MSDuckStealer C&C,"sslbl,2026-07-07",2026-07-07 17:20:36,2026-08-29 16:33:07,88
ssl_sha1,bdf0b04d7bb20782260ab2c2340da6b85e9f63c0,sslbl,PureRAT C&C,"sslbl,2026-07-23",2026-07-24 05:35:19,2026-08-29 16:33:07,88
ssl_sha1,be12aa485facf3375cc2416e1f8fb28541136b83,sslbl,ConnectWise C&C,"sslbl,2026-08-29",2026-08-29 16:10:47,2026-08-29 16:33:07,88
ssl_sha1,be5b37f69a9cf825cca6d9b0e27e3aeaf0903721,sslbl,ACRStealer C&C,"sslbl,2026-08-27",2026-08-27 16:06:11,2026-08-29 16:33:07,88
ssl_sha1,bf192adc3dcaba7412e15b567de22e3f3150bbf7,sslbl,PureLogsStealer C&C,"sslbl,2026-08-21",2026-08-21 16:09:28,2026-08-29 16:33:07,88
ssl_sha1,c0b1920e3d73babea5c2ef2af7ba72977e65586b,sslbl,Vidar C&C,"sslbl,2026-08-12",2026-08-12 12:42:52,2026-08-29 16:33:07,88
ssl_sha1,c0cd4ac67f8a4febf1c340eb0c914252e8ebf881,sslbl,PureLogsStealer C&C,"sslbl,2026-07-23",2026-07-24 05:35:19,2026-08-29 16:33:07,88
ssl_sha1,c0ee8887cf0998ae07e71d2f78fb121c3bafc9d5,sslbl,PureLogsStealer C&C,"sslbl,2026-07-15",2026-07-16 05:21:37,2026-08-29 16:33:07,88
ssl_sha1,c11fd105f60ade90dc2611391ee6aa93e6c73375,sslbl,AsyncRAT C&C,"sslbl,2026-07-15",2026-07-16 05:21:37,2026-08-29 16:33:07,88
ssl_sha1,c165baaa2bb8cd1021237ebda0b2cfee01d71177,sslbl,RatonRAT C&C,"sslbl,2026-07-02",2026-07-02 14:36:15,2026-08-29 16:33:07,88
ssl_sha1,c19f09bd89b19cd3223d0c039c41a5baa7307178,sslbl,PureRAT C&C,"sslbl,2026-07-13",2026-07-13 20:25:50,2026-08-29 16:33:07,88
ssl_sha1,c19f8a859e5635a3601eb27c9ac59c88dcf91be1,sslbl,OffLoader C&C,"sslbl,2026-07-06",2026-07-06 14:36:57,2026-08-29 16:33:07,88
ssl_sha1,c24c5b16d1b72ff6933bdc9a5034808630f1413f,sslbl,OffLoader C&C,"sslbl,2026-07-07",2026-07-07 17:20:36,2026-08-29 16:33:07,88
ssl_sha1,c2826e64fffde42b99ba86c30055eb2dbd064319,sslbl,OffLoader C&C,"sslbl,2026-08-05",2026-08-05 12:42:46,2026-08-29 16:33:07,88
ssl_sha1,c2f29eb5f4ef6d51dc8592f534e590311a3ab805,sslbl,KongTuke C&C,"sslbl,2026-07-09",2026-07-09 20:25:43,2026-08-29 16:33:07,88
ssl_sha1,c31650da58712771ad83fd5c6cef97905a255cc5,sslbl,AsyncRAT C&C,"sslbl,2026-07-17",2026-07-17 17:21:06,2026-08-29 16:33:07,88
ssl_sha1,c4e9396a3a0543fa79cc0a8f23395f90a15e03b0,sslbl,AsyncRAT C&C,"sslbl,2026-07-16",2026-07-16 17:20:54,2026-08-29 16:33:07,88
ssl_sha1,c6d367c9312830fbe81f12e8be9f1d56d2e10b13,sslbl,PureRAT C&C,"sslbl,2026-08-20",2026-08-20 16:06:17,2026-08-29 16:33:07,88
ssl_sha1,c7abcfeba6d01d0b78b8c690ab1d8d06078ddf11,sslbl,ConnectWise C&C,"sslbl,2026-08-07",2026-08-07 12:43:25,2026-08-29 16:33:07,88
ssl_sha1,c7e0ca50174d919b1026d232418e208969a4d818,sslbl,KongTuke C&C,"sslbl,2026-07-03",2026-07-03 14:36:09,2026-08-29 16:33:07,88
ssl_sha1,c7ec4c2fa1678702ae684a069cf37a4eef16ef27,sslbl,AsyncRAT C&C,"sslbl,2026-07-23",2026-07-24 05:35:19,2026-08-29 16:33:07,88
ssl_sha1,ca3454955272556813ca9be9954e720fa6b6796a,sslbl,KongTuke C&C,"sslbl,2026-07-14",2026-07-16 05:21:37,2026-08-29 16:33:07,88
ssl_sha1,ca49f3e687d1e1559ffcd877d6292f9997d7782b,sslbl,Malware C&C,"sslbl,2026-07-21",2026-07-21 17:20:42,2026-08-29 16:33:07,88
ssl_sha1,ca9e642c1028f3a7fa79947493c34a981705a05d,sslbl,DonutLoader C&C,"sslbl,2026-08-04",2026-08-05 12:42:46,2026-08-29 16:33:07,88
ssl_sha1,cbde10c2baa3d573791b7e6044ba4e8f15094cd2,sslbl,PureRAT C&C,"sslbl,2026-08-08",2026-08-09 00:42:39,2026-08-29 16:33:07,88
ssl_sha1,cc7d79ea8261997821ca3c8ad44b61023ad5af89,sslbl,Vidar C&C,"sslbl,2026-08-11",2026-08-11 12:42:27,2026-08-29 16:33:07,88
ssl_sha1,ccc880d541544fedae179d9adcff6f8c74741aed,sslbl,PureRAT C&C,"sslbl,2026-08-04",2026-08-04 07:49:13,2026-08-29 16:33:07,88
ssl_sha1,cd07a2a4c9a93703dc8d1d4e72a12e1cec7f41c7,sslbl,ACRStealer C&C,"sslbl,2026-07-23",2026-07-24 05:35:19,2026-08-29 16:33:07,88
ssl_sha1,cd1f1ffdd1055c9540758327ff1d7698068c9a93,sslbl,Vidar C&C,"sslbl,2026-07-13",2026-07-13 20:25:50,2026-08-29 16:33:07,88
ssl_sha1,cdccad6e6ef6dc82ff5cfb3cb15d71bfb4df7d1a,sslbl,RatonRAT C&C,"sslbl,2026-07-03",2026-07-03 14:36:09,2026-08-29 16:33:07,88
ssl_sha1,cede10451532b072c7017c49ef4fcd273301a826,sslbl,ConnectWise C&C,"sslbl,2026-08-07",2026-08-07 12:43:25,2026-08-29 16:33:07,88
ssl_sha1,cfce3aaff2ad3eae49b37a60d606984bd1492e16,sslbl,PureLogsStealer C&C,"sslbl,2026-07-22",2026-07-22 17:20:46,2026-08-29 16:33:07,88
ssl_sha1,cfe6dcd7527099d525ffa8cec0bd1ab5020d47a7,sslbl,Vidar C&C,"sslbl,2026-08-08",2026-08-09 00:42:39,2026-08-29 16:33:07,88
ssl_sha1,d05f2a01d4f42a8373c707d3622fb447e5aeda86,sslbl,ArkeiStealer C&C,"sslbl,2026-07-09",2026-07-09 20:25:43,2026-08-29 16:33:07,88
ssl_sha1,d06dfdf841a409515705fdf652154c78cf34a21e,sslbl,PureLogsStealer C&C,"sslbl,2026-07-09",2026-07-09 20:25:43,2026-08-29 16:33:07,88
ssl_sha1,d08e16884011f6910fe8087a74dac507ff7d2a6a,sslbl,ACRStealer C&C,"sslbl,2026-07-24",2026-07-24 17:35:21,2026-08-29 16:33:07,88
ssl_sha1,d0944e5765a9b5767d3cf02e3bdd9f466c5391b7,sslbl,Vidar C&C,"sslbl,2026-08-14",2026-08-14 08:13:11,2026-08-29 16:33:07,88
ssl_sha1,d0e596efec703d8645be9af9f1ab51b27714d9ec,sslbl,ConnectWise C&C,"sslbl,2026-08-19",2026-08-19 16:06:13,2026-08-29 16:33:07,88
ssl_sha1,d0eec27b6184ec84b6c3274869667f608e30de16,sslbl,PureRAT C&C,"sslbl,2026-08-20",2026-08-20 16:06:17,2026-08-29 16:33:07,88
ssl_sha1,d123d7f43d63545c7a8f643acbe73e81f35c3f14,sslbl,QuasarRAT C&C,"sslbl,2026-08-28",2026-08-28 16:06:18,2026-08-29 16:33:07,88
ssl_sha1,d18f8b968bd5981971d6699bdc4ed7b96a3e7248,sslbl,Vidar C&C,"sslbl,2026-08-14",2026-08-14 08:13:11,2026-08-29 16:33:07,88
ssl_sha1,d31628ba7beba86d4beecc67ae79fea667c1a11e,sslbl,OffLoader C&C,"sslbl,2026-08-12",2026-08-12 12:42:52,2026-08-29 16:33:07,88
ssl_sha1,d35b4be8b535918a0656df6b58c8ed8fb23692e0,sslbl,PureRAT C&C,"sslbl,2026-08-06",2026-08-06 12:43:05,2026-08-29 16:33:07,88
ssl_sha1,d43c9f366658adf98f67c12dd8fcb3bca52db900,sslbl,Vidar C&C,"sslbl,2026-08-29",2026-08-29 16:10:47,2026-08-29 16:33:07,88
ssl_sha1,d447d27a879fe80420dc54244870f3f7d25993bb,sslbl,PureLogsStealer C&C,"sslbl,2026-07-23",2026-07-24 05:35:19,2026-08-29 16:33:07,88
ssl_sha1,d45abb7b4fc7a67b785708f4ba88c080b3d0207c,sslbl,ConnectWise C&C,"sslbl,2026-08-19",2026-08-19 16:06:13,2026-08-29 16:33:07,88
ssl_sha1,d4611858ce65e847598f70af1a9b98ee96cc20f8,sslbl,Vidar C&C,"sslbl,2026-07-06",2026-07-06 14:36:57,2026-08-29 16:33:07,88
ssl_sha1,d490abc2eba705abb1b6391b9be0a12f1e75331b,sslbl,PureLogsStealer C&C,"sslbl,2026-07-16",2026-07-16 17:20:54,2026-08-29 16:33:07,88
ssl_sha1,d5fdf320afff16aee74bb14f25ef245ea75928ad,sslbl,ACRStealer C&C,"sslbl,2026-08-12",2026-08-12 12:42:52,2026-08-29 16:33:07,88
ssl_sha1,d65481efc375fcd9390ace11d51556734efd3676,sslbl,ConnectWise C&C,"sslbl,2026-07-06",2026-07-06 14:36:57,2026-08-29 16:33:07,88
ssl_sha1,d75206e1bb0d0ab79c93e78178e102f6ef071732,sslbl,OffLoader C&C,"sslbl,2026-07-14",2026-07-14 08:25:37,2026-08-29 16:33:07,88
ssl_sha1,d7c3d38e27ab758c908f81b72a6fea1cd1af7369,sslbl,PureLogsStealer C&C,"sslbl,2026-08-04",2026-08-04 07:49:13,2026-08-29 16:33:07,88
ssl_sha1,d7d3f678f9b63334375db11eecc81be2db4db6f0,sslbl,ConnectWise C&C,"sslbl,2026-08-07",2026-08-07 12:43:25,2026-08-29 16:33:07,88
ssl_sha1,d85fb33f78921ec5ce0a2c2a9e9f2b0e8281bfc9,sslbl,AsyncRAT C&C,"sslbl,2026-07-13",2026-07-13 20:25:50,2026-08-29 16:33:07,88
ssl_sha1,d8614f6c4127ebeaf66a898a8e7ce3801cf03c30,sslbl,PureLogsStealer C&C,"sslbl,2026-08-12",2026-08-12 12:42:52,2026-08-29 16:33:07,88
ssl_sha1,d8bdc29b8e9cdd5a849185ca6042d9c6f90d12e7,sslbl,Malware C&C,"sslbl,2026-08-22",2026-08-22 16:06:16,2026-08-29 16:33:07,88
ssl_sha1,d962e722e22971c6b81f89befbbe949241b8c2ec,sslbl,OffLoader C&C,"sslbl,2026-08-21",2026-08-21 16:09:28,2026-08-29 16:33:07,88
ssl_sha1,d9da2988d90a2479eb45e1fc66ff46b04f2289f2,sslbl,ACRStealer C&C,"sslbl,2026-08-28",2026-08-28 16:06:18,2026-08-29 16:33:07,88
ssl_sha1,da841f680c2699118b0f96b74c16b0625e03f180,sslbl,Amadey C&C,"sslbl,2026-08-10",2026-08-10 12:42:40,2026-08-29 16:33:07,88
ssl_sha1,db767b560efd2f6811b4c4adf2b0fdaee18fdad5,sslbl,PureLogsStealer C&C,"sslbl,2026-08-04",2026-08-05 12:42:46,2026-08-29 16:33:07,88
ssl_sha1,db787c8625b794b3d2385274bfdf8f34d731d7d9,sslbl,Vidar C&C,"sslbl,2026-08-27",2026-08-27 16:06:11,2026-08-29 16:33:07,88
ssl_sha1,dbb503055e3d10fa9d7c07f445e1cf6e5959f038,sslbl,PureRAT C&C,"sslbl,2026-08-25",2026-08-25 16:07:37,2026-08-29 16:33:07,88
ssl_sha1,dcbc383f1a16d4b8baa7bfca1bb023f7f65c36f7,sslbl,Vidar C&C,"sslbl,2026-07-11",2026-07-11 08:25:58,2026-08-29 16:33:07,88
ssl_sha1,dce637479f61ac7c43c869dcce6b6a050ee29917,sslbl,ACRStealer C&C,"sslbl,2026-08-12",2026-08-12 12:42:52,2026-08-29 16:33:07,88
ssl_sha1,dcf9b87b04998fde1fa03e83bfb8fec67ab1e1e1,sslbl,ConnectWise C&C,"sslbl,2026-08-04",2026-08-04 07:49:13,2026-08-29 16:33:07,88
ssl_sha1,dd7323e5437c503d3b0f4bc1d268dfffd58b80ab,sslbl,Malware C&C,"sslbl,2026-08-11",2026-08-11 12:42:27,2026-08-29 16:33:07,88
ssl_sha1,dd95dacb4419bad92d3d39fa274af4acc1cb6988,sslbl,ConnectWise C&C,"sslbl,2026-08-04",2026-08-04 07:49:13,2026-08-29 16:33:07,88
ssl_sha1,ddac606a1cf89b62cad44ca59ae7986378f191e7,sslbl,OffLoader C&C,"sslbl,2026-08-27",2026-08-27 16:06:11,2026-08-29 16:33:07,88
ssl_sha1,ddfdf0aa1923b91144b9886e63430e063ad115a8,sslbl,OffLoader C&C,"sslbl,2026-08-29",2026-08-29 16:10:47,2026-08-29 16:33:07,88
ssl_sha1,de7567aa2ce367cb0915ffd8eb55b1e320e726c9,sslbl,PureLogsStealer C&C,"sslbl,2026-08-21",2026-08-21 16:09:28,2026-08-29 16:33:07,88
ssl_sha1,de7a6af567763e1b73a97ed52a1b2166807d8ffc,sslbl,ConnectWise C&C,"sslbl,2026-07-23",2026-07-23 18:30:39,2026-08-29 16:33:07,88
ssl_sha1,ded1fe95801f3c3fd8a1c73360fbaef6697bcf34,sslbl,Malware distribution,"sslbl,2026-08-05",2026-08-05 12:42:46,2026-08-29 16:33:07,88
ssl_sha1,df82e74fbb5bc5ae778b1cc4012b097f1f9a133d,sslbl,PureRAT C&C,"sslbl,2026-07-13",2026-07-13 20:25:50,2026-08-29 16:33:07,88
ssl_sha1,dfde6725130631a83b3d0dc221736bad3db16918,sslbl,OffLoader C&C,"sslbl,2026-08-14",2026-08-14 08:13:11,2026-08-29 16:33:07,88
ssl_sha1,dfefdeb13f78e83fe980b5f8cea29436df4d7ade,sslbl,SheetRAT C&C,"sslbl,2026-07-16",2026-07-16 17:20:54,2026-08-29 16:33:07,88
ssl_sha1,e047a0eefddb594af79bfff22f28a7148729b007,sslbl,Vidar C&C,"sslbl,2026-07-02",2026-07-02 14:36:15,2026-08-29 16:33:07,88
ssl_sha1,e05145a93b7b5def1ca6c0e356cc4cdba3cbed9f,sslbl,Vidar C&C,"sslbl,2026-07-21",2026-07-21 17:20:42,2026-08-29 16:33:07,88
ssl_sha1,e0ffdffb5d9bf9216ea5e70d4fe2bae919f5a6ca,sslbl,OffLoader C&C,"sslbl,2026-08-20",2026-08-20 16:06:17,2026-08-29 16:33:07,88
ssl_sha1,e11c9cfa144ec7da0f1b77838fd02cfb7e897eaa,sslbl,Vidar C&C,"sslbl,2026-08-11",2026-08-11 12:42:27,2026-08-29 16:33:07,88
ssl_sha1,e15c7bdeb747a9fff47c514a10229a2a59d1157d,sslbl,AnimateClipper C&C,"sslbl,2026-07-29",2026-07-29 17:37:13,2026-08-29 16:33:07,88
ssl_sha1,e1fadee899789d8e802b8b88dcf67e4cae82ccf1,sslbl,Vidar C&C,"sslbl,2026-08-20",2026-08-20 16:06:17,2026-08-29 16:33:07,88
ssl_sha1,e265df346af246b4a57b638872957cacce04f289,sslbl,DumplingsRAT C&C,"sslbl,2026-08-26",2026-08-26 16:06:11,2026-08-29 16:33:07,88
ssl_sha1,e39fdf1800919f6dd77d89bcdbc0b1fe8a9352eb,sslbl,Vidar C&C,"sslbl,2026-08-18",2026-08-18 22:07:31,2026-08-29 16:33:07,88
ssl_sha1,e481c58f5012d5d8a5177bf84b055fc93c06e32e,sslbl,NetSupport C&C,"sslbl,2026-08-29",2026-08-29 16:10:47,2026-08-29 16:33:07,88
ssl_sha1,e553bfd006337f4cb3a3acf5a681980d184b79e6,sslbl,Vidar C&C,"sslbl,2026-07-06",2026-07-06 14:36:57,2026-08-29 16:33:07,88
ssl_sha1,e61c2fca353a70e5eef94a7a6a0d72fa1fcd2df2,sslbl,Amadey C&C,"sslbl,2026-08-10",2026-08-10 12:42:40,2026-08-29 16:33:07,88
ssl_sha1,e63b53c2c26b9bff8f20e018efe7c166ec3c4acd,sslbl,ConnectWise C&C,"sslbl,2026-08-07",2026-08-07 12:43:25,2026-08-29 16:33:07,88
ssl_sha1,e6b44935f6416b11d4ec5d51bbcae9e6f2ab5ce7,sslbl,OffLoader C&C,"sslbl,2026-08-08",2026-08-09 00:42:39,2026-08-29 16:33:07,88
ssl_sha1,e6cc4eebe2d73c7174be4be73bc00d4642122ac4,sslbl,ACRStealer C&C,"sslbl,2026-07-27",2026-07-27 17:35:21,2026-08-29 16:33:07,88
ssl_sha1,e86cb30b97c8af13b305fa5cdc7357e23f633447,sslbl,AsyncRAT C&C,"sslbl,2026-07-16",2026-07-16 17:20:54,2026-08-29 16:33:07,88
ssl_sha1,e953a8c7f135a5b8867b9dfcfc2a1b402f1e289e,sslbl,PureLogsStealer C&C,"sslbl,2026-08-13",2026-08-13 20:13:53,2026-08-29 16:33:07,88
ssl_sha1,eb8e9c5b1aa45b3d4ca6b05695a50aea57f7f56e,sslbl,PureLogsStealer C&C,"sslbl,2026-07-14",2026-07-14 19:40:35,2026-08-29 16:33:07,88
ssl_sha1,ec452c3c30499a1a6983877a2d881c1a8f2955ea,sslbl,Vidar C&C,"sslbl,2026-07-06",2026-07-06 14:36:57,2026-08-29 16:33:07,88
ssl_sha1,ec70fdbbd715a57474807302b27f3eb124b05049,sslbl,Vidar C&C,"sslbl,2026-08-12",2026-08-12 12:42:52,2026-08-29 16:33:07,88
ssl_sha1,ecae976f3eabcaad996e0a431d47bcead61dfb5e,sslbl,RatonRAT C&C,"sslbl,2026-08-21",2026-08-21 16:09:28,2026-08-29 16:33:07,88
ssl_sha1,ecb3aee37c800e726dc0c52a11ea76718bd3e767,sslbl,RCSBotnet C&C,"sslbl,2026-07-06",2026-07-06 14:36:57,2026-08-29 16:33:07,88
ssl_sha1,ece1b6bdc8e62d35188aab274bdb0be28d84c43f,sslbl,QuasarRAT C&C,"sslbl,2026-08-06",2026-08-07 00:43:03,2026-08-29 16:33:07,88
ssl_sha1,ed0d4b2a9c090b6af6c99fd5b899831da206d835,sslbl,Vidar C&C,"sslbl,2026-07-30",2026-07-31 05:35:34,2026-08-29 16:33:07,88
ssl_sha1,edbd45e54859ad7082efb79465ba938bb2581132,sslbl,OffLoader C&C,"sslbl,2026-08-18",2026-08-18 22:07:31,2026-08-29 16:33:07,88
ssl_sha1,edd934290c1a24e425d4d6f6c82a08ebc392b89f,sslbl,OffLoader C&C,"sslbl,2026-08-25",2026-08-25 16:07:37,2026-08-29 16:33:07,88
ssl_sha1,ee36218aaa01a8d8f352e02bc851092fbcf1f1a2,sslbl,Vidar C&C,"sslbl,2026-07-11",2026-07-11 08:25:58,2026-08-29 16:33:07,88
ssl_sha1,eedeb11bc67df6c7b7a714512a59dc346c1b4271,sslbl,Socks5Systemz C&C,"sslbl,2026-08-26",2026-08-26 16:06:11,2026-08-29 16:33:07,88
ssl_sha1,ef5c2a4999763064e2213dbe1c8ed696c0e8914b,sslbl,Vidar C&C,"sslbl,2026-08-29",2026-08-29 16:10:47,2026-08-29 16:33:07,88
ssl_sha1,ef74c5ab92e15e7226ba84cce3a45522c74ba902,sslbl,PureLogsStealer C&C,"sslbl,2026-08-06",2026-08-06 12:43:05,2026-08-29 16:33:07,88
ssl_sha1,ef771150284da548676c603f5a4e1cd2763fd27f,sslbl,PureLogsStealer C&C,"sslbl,2026-08-04",2026-08-04 07:49:13,2026-08-29 16:33:07,88
ssl_sha1,efed7c2a381b7d580caf89354c93991ac2de65b3,sslbl,OffLoader C&C,"sslbl,2026-08-26",2026-08-26 16:06:11,2026-08-29 16:33:07,88
ssl_sha1,f351f7dbe9c583f75758b39cd307f5359d110c73,sslbl,AsyncRAT C&C,"sslbl,2026-08-18",2026-08-18 22:07:31,2026-08-29 16:33:07,88
ssl_sha1,f3a38c4fa9a59b250a0a2d351af061fce6a21995,sslbl,ConnectWise C&C,"sslbl,2026-08-11",2026-08-11 12:42:27,2026-08-29 16:33:07,88
ssl_sha1,f3ba11a6cb8be921ee0fbd326de9a66220bcc82f,sslbl,Vidar C&C,"sslbl,2026-08-15",2026-08-15 20:13:12,2026-08-29 16:33:07,88
ssl_sha1,f50e245dc1e4a89d6cf5e07e31ae1392a3f9ad20,sslbl,AsyncRAT C&C,"sslbl,2026-08-14",2026-08-14 08:13:11,2026-08-29 16:33:07,88
ssl_sha1,f52ace7c91f1ad88a78ea62eab06e000e2f88f16,sslbl,PureRAT C&C,"sslbl,2026-08-20",2026-08-20 16:06:17,2026-08-29 16:33:07,88
ssl_sha1,f5c8ee530b1fd817432a4bafad12126d1ae744d4,sslbl,PureLogsStealer C&C,"sslbl,2026-08-04",2026-08-05 12:42:46,2026-08-29 16:33:07,88
ssl_sha1,f9a55e7a59b0fcbd7df9f5a445475480368598ce,sslbl,PureLogsStealer C&C,"sslbl,2026-07-17",2026-07-17 17:21:06,2026-08-29 16:33:07,88
ssl_sha1,fa62c7ce7b7ec943d8853832560bc5a386aaf17e,sslbl,HypeAgent C&C,"sslbl,2026-08-18",2026-08-18 10:07:25,2026-08-29 16:33:07,88
ssl_sha1,fa925f013a4c8ed98cda12d1d8f06ef638b11301,sslbl,PureRAT C&C,"sslbl,2026-07-03",2026-07-03 14:36:09,2026-08-29 16:33:07,88
ssl_sha1,fa9ce5456e315652b1373bf913ac45ae7bb4358a,sslbl,Vidar C&C,"sslbl,2026-08-12",2026-08-12 12:42:52,2026-08-29 16:33:07,88
ssl_sha1,faef3e27e526f960dcf92e0865f82081ecbfbe2d,sslbl,PureRAT C&C,"sslbl,2026-07-06",2026-07-06 14:36:57,2026-08-29 16:33:07,88
ssl_sha1,fb23354c98647902b717bbcc68657256a5dddd37,sslbl,ACRStealer C&C,"sslbl,2026-08-19",2026-08-19 16:06:13,2026-08-29 16:33:07,88
ssl_sha1,fc5d9dddb01c263a67e7c485e04277afa82fbabf,sslbl,Vidar C&C,"sslbl,2026-08-17",2026-08-17 08:13:04,2026-08-29 16:33:07,88
ssl_sha1,fca24c810592604f11de7dc12dc790c91cc118df,sslbl,ConnectWise C&C,"sslbl,2026-08-19",2026-08-19 16:06:13,2026-08-29 16:33:07,88
ssl_sha1,fd3af93a62968dfbe18556ec5dd6f9a208c5a294,sslbl,ConnectWise C&C,"sslbl,2026-07-14",2026-07-14 08:25:37,2026-08-29 16:33:07,88
ssl_sha1,fd6a25dcc16de5e9b0a4563f8d8c94a5941bf437,sslbl,ConnectWise C&C,"sslbl,2026-08-19",2026-08-19 16:06:13,2026-08-29 16:33:07,88
ssl_sha1,fd78e771cab22c3afad8a5d5c448ff05268f20dd,sslbl,Vidar C&C,"sslbl,2026-08-27",2026-08-27 16:06:11,2026-08-29 16:33:07,88
ssl_sha1,fe50e363165e3e8d789daf4dc378f50a70f35a8a,sslbl,Vidar C&C,"sslbl,2026-07-30",2026-07-31 05:35:34,2026-08-29 16:33:07,88
ssl_sha1,ff4362ad98a2821b067bc4ae0624b7da832aad83,sslbl,OffLoader C&C,"sslbl,2026-08-19",2026-08-19 16:06:13,2026-08-29 16:33:07,88
ssl_sha1,ffa6be04fe2e9c6b79776dcfc7ad3f41a403a64d,sslbl,PureRAT C&C,"sslbl,2026-08-18",2026-08-18 22:07:31,2026-08-29 16:33:07,88
ssl_sha1,ffc71a7ba96b8801333ea2b9e7cd05d4cc2f718d,sslbl,Malware C&C,"sslbl,2026-08-11",2026-08-12 00:43:15,2026-08-29 16:33:07,88
url,http://101.59.79.119:56651/bin.sh,urlhaus,malware_download,"32-bit,arm,elf,mirai,Mozi",2026-08-29 16:00:15,2026-08-29 16:33:07,85
url,http://103.44.137.13:40456/i,urlhaus,malware_download,mirai,2026-08-29 16:00:15,2026-08-29 16:33:07,85
url,http://105.157.211.201:48691/bin.sh,urlhaus,malware_download,"32-bit,elf,mips,Mozi",2026-08-29 16:00:15,2026-08-29 16:33:07,85
url,http://105.184.15.32:34941/bin.sh,urlhaus,malware_download,mirai,2026-08-29 16:00:15,2026-08-29 16:33:07,85
url,http://105.225.151.76:48347/bin.sh,urlhaus,malware_download,"32-bit,arm,elf,mirai,Mozi",2026-08-29 16:00:15,2026-08-29 16:33:07,85
url,http://105.225.151.76:48347/i,urlhaus,malware_download,mirai,2026-08-29 16:00:14,2026-08-29 16:33:07,85
url,http://110.186.230.101:55282/bin.sh,urlhaus,malware_download,mirai,2026-08-29 16:00:15,2026-08-29 16:33:07,85
url,http://111.185.147.232:59432/Mozi.m,threatfox,Mirai,"threatfox,elf,iot,Mozi",2026-08-29 04:06:18,2026-08-29 16:33:07,85
url,http://112.239.123.90:59150/bin.sh,urlhaus,malware_download,Mozi,2026-08-29 16:00:15,2026-08-29 16:33:07,85
url,http://113.221.36.67:33058/i,urlhaus,malware_download,mirai,2026-08-29 16:00:15,2026-08-29 16:33:07,85
url,http://113.235.59.91:41677/bin.sh,urlhaus,malware_download,mirai,2026-08-29 16:00:15,2026-08-29 16:33:07,85
url,http://113.235.59.91:41677/i,urlhaus,malware_download,mirai,2026-08-29 16:00:15,2026-08-29 16:33:07,85
url,http://113.90.49.232:46655/Mozi.m,threatfox,Mozi,"threatfox,elf,iot,Mozi",2026-08-29 16:10:47,2026-08-29 16:33:07,85
url,http://115.206.180.117:48491/i,urlhaus,malware_download,mirai,2026-08-29 16:00:15,2026-08-29 16:33:07,85
url,http://115.49.119.158:46437/i,urlhaus,malware_download,,2026-08-29 16:00:15,2026-08-29 16:33:07,85
url,http://115.49.232.111:48058/i,urlhaus,malware_download,Mozi,2026-08-29 16:00:15,2026-08-29 16:33:07,85
url,http://115.50.1.231:33440/bin.sh,urlhaus,malware_download,Mozi,2026-08-29 16:00:15,2026-08-29 16:33:07,85
url,http://115.54.191.64:47416/i,urlhaus,malware_download,Mozi,2026-08-29 16:00:15,2026-08-29 16:33:07,85
url,http://115.58.93.144:55797/i,urlhaus,malware_download,Mozi,2026-08-29 16:00:15,2026-08-29 16:33:07,85
url,http://115.60.208.32:52950/bin.sh,urlhaus,malware_download,Mozi,2026-08-29 16:00:15,2026-08-29 16:33:07,85
url,http://115.60.208.32:52950/i,urlhaus,malware_download,Mozi,2026-08-29 16:00:15,2026-08-29 16:33:07,85
url,http://116.140.132.220:34323/i,urlhaus,malware_download,,2026-08-29 16:00:15,2026-08-29 16:33:07,85
url,http://117.255.13.135:47885/bin.sh,urlhaus,malware_download,"32-bit,arm,elf,mirai,Mozi",2026-08-29 16:00:15,2026-08-29 16:33:07,85
url,http://119.176.53.238:51432/i,urlhaus,malware_download,mirai,2026-08-29 16:00:15,2026-08-29 16:33:07,85
url,http://119.179.215.39:34360/bin.sh,urlhaus,malware_download,"32-bit,elf,mips,Mozi",2026-08-29 16:00:15,2026-08-29 16:33:07,85
url,http://119.179.215.39:34360/i,urlhaus,malware_download,"32-bit,elf,mips,Mozi",2026-08-29 16:00:15,2026-08-29 16:33:07,85
url,http://119.179.248.180:39560/i,urlhaus,malware_download,Mozi,2026-08-29 16:00:15,2026-08-29 16:33:07,85
url,http://120.28.215.129:53744/bin.sh,urlhaus,malware_download,mirai,2026-08-29 16:00:15,2026-08-29 16:33:07,85
url,http://123.10.226.98:57502/bin.sh,urlhaus,malware_download,,2026-08-29 16:00:15,2026-08-29 16:33:07,85
url,http://123.12.195.221:46881/bin.sh,urlhaus,malware_download,Mozi,2026-08-29 16:00:15,2026-08-29 16:33:07,85
url,http://123.188.79.165:56243/bin.sh,urlhaus,malware_download,,2026-08-29 16:00:15,2026-08-29 16:33:07,85
url,http://123.189.129.48:46495/i,urlhaus,malware_download,,2026-08-29 16:00:15,2026-08-29 16:33:07,85
url,http://123.190.162.244:40227/i,urlhaus,malware_download,,2026-08-29 16:00:15,2026-08-29 16:33:07,85
url,http://123.9.242.26:52522/i,urlhaus,malware_download,Mozi,2026-08-29 16:00:15,2026-08-29 16:33:07,85
url,http://124.131.158.244:55504/i,urlhaus,malware_download,Mozi,2026-08-29 16:00:15,2026-08-29 16:33:07,85
url,http://124.6.167.121:45202/i,urlhaus,malware_download,mirai,2026-08-29 16:00:15,2026-08-29 16:33:07,85
url,http://125.166.48.235:58006/bin.sh,urlhaus,malware_download,mirai,2026-08-29 16:00:15,2026-08-29 16:33:07,85
url,http://125.41.2.240:38275/bin.sh,urlhaus,malware_download,"32-bit,elf,mips,Mozi",2026-08-29 16:00:15,2026-08-29 16:33:07,85
url,http://125.41.6.152:46245/bin.sh,urlhaus,malware_download,Mozi,2026-08-29 16:00:15,2026-08-29 16:33:07,85
url,http://125.47.92.240:35468/bin.sh,urlhaus,malware_download,Mozi,2026-08-29 16:00:15,2026-08-29 16:33:07,85
url,http://14.1.104.86:52889/Mozi.m,threatfox,Mozi,"threatfox,elf,iot,Mozi",2026-08-29 16:10:47,2026-08-29 16:33:07,85
url,http://140.237.7.57:41787/bin.sh,urlhaus,malware_download,"32-bit,arm,elf,mirai,Mozi",2026-08-29 16:00:15,2026-08-29 16:33:07,85
url,http://140.237.7.57:41787/i,urlhaus,malware_download,"32-bit,arm,elf,mirai,Mozi",2026-08-29 16:00:15,2026-08-29 16:33:07,85
url,http://153.117.40.227:53474/Mozi.m,threatfox,Mozi,"threatfox,elf,iot,Mozi",2026-08-29 04:06:18,2026-08-29 16:33:07,85
url,http://163.142.92.46:35671/i,urlhaus,malware_download,,2026-08-29 16:00:15,2026-08-29 16:33:07,85
url,http://165.22.225.110/commands,threatfox,Unknown malware,threatfox,2026-08-29 04:06:18,2026-08-29 16:33:07,85
url,http://165.22.225.110/responses.php,threatfox,Unknown malware,threatfox,2026-08-29 04:06:18,2026-08-29 16:33:07,85
url,http://171.125.204.163:12907/bin.sh,urlhaus,malware_download,Mozi,2026-08-29 16:00:15,2026-08-29 16:33:07,85
url,http://171.125.204.163:12907/i,urlhaus,malware_download,Mozi,2026-08-29 16:00:15,2026-08-29 16:33:07,85
url,http://175.146.240.50:51514/bin.sh,urlhaus,malware_download,,2026-08-29 16:00:15,2026-08-29 16:33:07,85
url,http://175.169.41.106:48130/i,urlhaus,malware_download,,2026-08-29 16:00:15,2026-08-29 16:33:07,85
url,http://175.173.86.25:51228/i,urlhaus,malware_download,,2026-08-29 16:00:15,2026-08-29 16:33:07,85
url,http://182.112.29.80:37188/i,urlhaus,malware_download,,2026-08-29 16:00:15,2026-08-29 16:33:07,85
url,http://182.114.249.61:42689/bin.sh,urlhaus,malware_download,,2026-08-29 16:00:15,2026-08-29 16:33:07,85
url,http://182.116.118.56:58412/i,urlhaus,malware_download,Mozi,2026-08-29 16:00:15,2026-08-29 16:33:07,85
url,http://182.119.71.0:59133/i,urlhaus,malware_download,,2026-08-29 16:00:15,2026-08-29 16:33:07,85
url,http://182.126.204.148:48244/bin.sh,urlhaus,malware_download,Mozi,2026-08-29 16:00:15,2026-08-29 16:33:07,85
url,http://182.127.121.121:54660/bin.sh,urlhaus,malware_download,Mozi,2026-08-29 16:00:15,2026-08-29 16:33:07,85
url,http://202.163.68.10:47266/Mozi.m,threatfox,Mozi,"threatfox,elf,iot,Mozi",2026-08-29 04:06:18,2026-08-29 16:33:07,85
url,http://203.101.186.166:41052/Mozi.m,threatfox,Mozi,"threatfox,elf,iot,Mozi",2026-08-29 16:10:47,2026-08-29 16:33:07,85
url,http://221.15.7.244:38891/i,urlhaus,malware_download,Mozi,2026-08-29 16:00:15,2026-08-29 16:33:07,85
url,http://222.138.101.213:34074/bin.sh,urlhaus,malware_download,Mozi,2026-08-29 16:00:15,2026-08-29 16:33:07,85
url,http://222.138.151.125:34037/bin.sh,urlhaus,malware_download,"32-bit,elf,mips,Mozi",2026-08-29 16:00:15,2026-08-29 16:33:07,85
url,http://222.139.194.121:37916/bin.sh,urlhaus,malware_download,Mozi,2026-08-29 16:00:15,2026-08-29 16:33:07,85
url,http://27.222.232.88:47041/bin.sh,urlhaus,malware_download,"32-bit,elf,mips,Mozi",2026-08-29 16:00:15,2026-08-29 16:33:07,85
url,http://27.222.232.88:47041/i,urlhaus,malware_download,"32-bit,elf,mips,Mozi",2026-08-29 16:00:15,2026-08-29 16:33:07,85
url,http://27.44.146.70:45253/bin.sh,urlhaus,malware_download,"32-bit,elf,mips,Mozi",2026-08-29 16:00:15,2026-08-29 16:33:07,85
url,http://27.44.146.70:45253/i,urlhaus,malware_download,"32-bit,elf,mips,Mozi",2026-08-29 16:00:15,2026-08-29 16:33:07,85
url,http://36.70.227.223:53614/i,urlhaus,malware_download,mirai,2026-08-29 16:00:15,2026-08-29 16:33:07,85
url,http://39.34.189.248:42346/Mozi.m,threatfox,Mozi,"threatfox,elf,iot,Mozi",2026-08-29 16:10:47,2026-08-29 16:33:07,85
url,http://39.89.242.234:38903/Mozi.m,threatfox,Mozi,"threatfox,elf,iot,Mozi",2026-08-29 16:10:47,2026-08-29 16:33:07,85
url,http://42.179.150.218:52895/i,urlhaus,malware_download,,2026-08-29 16:00:15,2026-08-29 16:33:07,85
url,http://42.227.238.137:55865/bin.sh,urlhaus,malware_download,Mozi,2026-08-29 16:00:15,2026-08-29 16:33:07,85
url,http://42.230.34.241:57422/i,urlhaus,malware_download,,2026-08-29 16:00:15,2026-08-29 16:33:07,85
url,http://42.231.115.67:50146/bin.sh,urlhaus,malware_download,"32-bit,elf,mips,Mozi",2026-08-29 16:00:15,2026-08-29 16:33:07,85
url,http://42.231.115.67:50146/i,urlhaus,malware_download,"32-bit,elf,mips,Mozi",2026-08-29 16:00:15,2026-08-29 16:33:07,85
url,http://42.234.233.72:38508/bin.sh,urlhaus,malware_download,Mozi,2026-08-29 16:00:15,2026-08-29 16:33:07,85
url,http://42.55.8.85:43235/bin.sh,urlhaus,malware_download,"32-bit,elf,mips,Mozi",2026-08-29 16:00:15,2026-08-29 16:33:07,85
url,http://42.56.135.44:39216/i,urlhaus,malware_download,,2026-08-29 16:00:15,2026-08-29 16:33:07,85
url,http://42.6.33.53:40769/bin.sh,urlhaus,malware_download,,2026-08-29 16:00:15,2026-08-29 16:33:07,85
url,http://42.87.43.36:57830/bin.sh,urlhaus,malware_download,,2026-08-29 16:00:15,2026-08-29 16:33:07,85
url,http://42.87.43.36:57830/i,urlhaus,malware_download,,2026-08-29 16:00:15,2026-08-29 16:33:07,85
url,http://59.97.250.11:43040/Mozi.m,threatfox,Mozi,"threatfox,elf,iot,Mozi",2026-08-29 04:06:18,2026-08-29 16:33:07,85
url,http://60.18.198.199:36440/i,urlhaus,malware_download,,2026-08-29 16:00:15,2026-08-29 16:33:07,85
url,http://60.23.234.52:36302/i,urlhaus,malware_download,"32-bit,elf,mips,Mozi",2026-08-29 16:00:15,2026-08-29 16:33:07,85
url,http://91.208.197.218/bins/kworkerd,urlhaus,malware_download,"91-208-197-218,elf,gafgyt,ua-wget",2026-08-29 16:00:15,2026-08-29 16:33:07,85
url,http://91.208.197.218/bins/kworkerd-blkcg,urlhaus,malware_download,"91-208-197-218,elf,mirai,ua-wget",2026-08-29 16:00:15,2026-08-29 16:33:07,85
url,http://91.208.197.218/bins/kworkerd-cgroup,urlhaus,malware_download,"91-208-197-218,elf,ua-wget",2026-08-29 16:00:15,2026-08-29 16:33:07,85
url,http://91.208.197.218/bins/kworkerd-crypto,urlhaus,malware_download,"91-208-197-218,elf,mirai,ua-wget",2026-08-29 16:00:15,2026-08-29 16:33:07,85
url,http://91.208.197.218/bins/kworkerd-events,urlhaus,malware_download,"91-208-197-218,elf,mirai,ua-wget",2026-08-29 16:00:15,2026-08-29 16:33:07,85
url,http://91.208.197.218/bins/kworkerd-irq,urlhaus,malware_download,"91-208-197-218,elf,mirai,ua-wget",2026-08-29 16:00:15,2026-08-29 16:33:07,85
url,http://91.208.197.218/bins/kworkerd-irq-bal,urlhaus,malware_download,"91-208-197-218,elf,mirai,ua-wget",2026-08-29 16:00:15,2026-08-29 16:33:07,85
url,http://91.208.197.218/bins/kworkerd-mm,urlhaus,malware_download,"91-208-197-218,elf,mirai,ua-wget",2026-08-29 16:00:15,2026-08-29 16:33:07,85
url,http://91.208.197.218/bins/kworkerd-netns,urlhaus,malware_download,"91-208-197-218,elf,ua-wget",2026-08-29 16:00:15,2026-08-29 16:33:07,85
url,http://91.208.197.218/bins/kworkerd-netns-rt,urlhaus,malware_download,"91-208-197-218,elf,ua-wget",2026-08-29 16:00:15,2026-08-29 16:33:07,85
url,http://91.208.197.218/bins/kworkerd-rcu,urlhaus,malware_download,"91-208-197-218,elf,ua-wget",2026-08-29 16:00:15,2026-08-29 16:33:07,85
url,http://91.208.197.218/bins/kworkerd-scsi,urlhaus,malware_download,"91-208-197-218,elf,mirai,ua-wget",2026-08-29 16:00:15,2026-08-29 16:33:07,85
url,http://91.208.197.218/bins/kworkerd-softirq,urlhaus,malware_download,"91-208-197-218,elf,mirai,ua-wget",2026-08-29 16:00:15,2026-08-29 16:33:07,85
url,http://91.208.197.218/bins/kworkerd-writeback,urlhaus,malware_download,"91-208-197-218,elf,mirai,ua-wget",2026-08-29 16:00:15,2026-08-29 16:33:07,85
url,http://91.208.197.218/kaf.arm5,urlhaus,malware_download,"91-208-197-218,elf,hajime,ua-wget",2026-08-29 16:00:15,2026-08-29 16:33:07,85
url,http://91.208.197.218/kaf.arm7,urlhaus,malware_download,"91-208-197-218,elf,hajime,ua-wget",2026-08-29 16:00:15,2026-08-29 16:33:07,85
url,http://91.208.197.218/kaf.mpsl,urlhaus,malware_download,"91-208-197-218,elf,hajime,ua-wget",2026-08-29 16:00:15,2026-08-29 16:33:07,85
url,http://91.208.197.218/kaf.ppc,urlhaus,malware_download,"91-208-197-218,elf,hajime,ua-wget",2026-08-29 16:00:15,2026-08-29 16:33:07,85
url,http://91.208.197.218/kaf.x86,urlhaus,malware_download,"91-208-197-218,elf,hajime,ua-wget",2026-08-29 16:00:15,2026-08-29 16:33:07,85
url,http://91.234.62.215:57642/Mozi.m,threatfox,Mozi,"threatfox,elf,iot,Mozi",2026-08-29 04:06:18,2026-08-29 16:33:07,85
url,http://91.92.242.236/files-129312398/files/file_5f93378efbf927ff.exe,urlhaus,malware_download,"c2-monitor-auto,dropped-by-amadey",2026-08-29 16:00:15,2026-08-29 16:33:07,85
url,http://91.92.242.236/files-129312398/files/file_fe068c2e35dc5fe2.exe,urlhaus,malware_download,"c2-monitor-auto,dropped-by-amadey",2026-08-29 16:00:15,2026-08-29 16:33:07,85
url,http://cryptovectorhub3.lol:5478/messages,threatfox,Remus,"threatfox,remus",2026-08-29 16:10:47,2026-08-29 16:33:07,85
url,http://cx288605.tw1.ru/L1nc0In.php,threatfox,DCRat,"threatfox,DCRat,RAT",2026-08-29 04:06:18,2026-08-29 16:33:07,85
url,http://darkfot.click:3215/transactions,threatfox,Remus,"threatfox,remus",2026-08-29 04:06:18,2026-08-29 16:33:07,85
url,http://flreaow.click:6527/articles,threatfox,Remus,"threatfox,remus",2026-08-29 16:10:47,2026-08-29 16:33:07,85
url,http://flreaow.click:6527/categories,threatfox,Remus,"threatfox,remus",2026-08-29 16:10:47,2026-08-29 16:33:07,85
url,http://flreaow.click:6527/comments,threatfox,Remus,"threatfox,remus",2026-08-29 16:10:47,2026-08-29 16:33:07,85
url,http://flreaow.click:6527/files,threatfox,Remus,"threatfox,remus",2026-08-29 04:06:18,2026-08-29 16:33:07,85
url,http://flreaow.click:6527/tags,threatfox,Remus,"threatfox,remus",2026-08-29 04:06:18,2026-08-29 16:33:07,85
url,http://fresok.top:9048/accounts,threatfox,Remus,"threatfox,remus",2026-08-29 16:10:47,2026-08-29 16:33:07,85
url,http://gofkaxz.click:8137/sessions,threatfox,Remus,"threatfox,remus",2026-08-29 04:06:18,2026-08-29 16:33:07,85
url,http://luwerae.click:7748/articles,threatfox,Remus,"threatfox,remus",2026-08-29 04:06:18,2026-08-29 16:33:07,85
url,http://nopxs.shop:8839/users,threatfox,Remus,"threatfox,remus",2026-08-29 04:06:18,2026-08-29 16:33:07,85
url,http://piarl.site:9048/accounts,threatfox,Remus,"threatfox,remus",2026-08-29 04:06:18,2026-08-29 16:33:07,85
url,http://piarl.site:9048/categories,threatfox,Remus,"threatfox,remus",2026-08-29 04:06:18,2026-08-29 16:33:07,85
url,http://piarl.site:9048/collections,threatfox,Remus,"threatfox,remus",2026-08-29 16:10:47,2026-08-29 16:33:07,85
url,http://piarl.site:9048/documents,threatfox,Remus,"threatfox,remus",2026-08-29 16:10:47,2026-08-29 16:33:07,85
url,http://piarl.site:9048/invoices,threatfox,Remus,"threatfox,remus",2026-08-29 04:06:18,2026-08-29 16:33:07,85
url,http://piarl.site:9048/messages,threatfox,Remus,"threatfox,remus",2026-08-29 04:06:18,2026-08-29 16:33:07,85
url,http://piarl.site:9048/notifications,threatfox,Remus,"threatfox,remus",2026-08-29 16:10:47,2026-08-29 16:33:07,85
url,http://piarl.site:9048/posts,threatfox,Remus,"threatfox,remus",2026-08-29 16:10:47,2026-08-29 16:33:07,85
url,http://piarl.site:9048/profiles,threatfox,Remus,"threatfox,remus",2026-08-29 04:06:18,2026-08-29 16:33:07,85
url,http://piarl.site:9048/reviews,threatfox,Remus,"threatfox,remus",2026-08-29 04:06:18,2026-08-29 16:33:07,85
url,http://piarl.site:9048/tasks,threatfox,Remus,"threatfox,remus",2026-08-29 04:06:18,2026-08-29 16:33:07,85
url,http://shhsift.click:7647/contacts,threatfox,Remus,"threatfox,remus",2026-08-29 04:06:18,2026-08-29 16:33:07,85
url,http://shhsift.click:7647/events,threatfox,Remus,"threatfox,remus",2026-08-29 04:06:18,2026-08-29 16:33:07,85
url,http://uiccvbk.click:8839/addresses,threatfox,Remus,"threatfox,remus",2026-08-29 04:06:18,2026-08-29 16:33:07,85
url,https://176.123.9.22/Bin/ScreenConnect.ClientSetup.exe,urlhaus,malware_download,"176-123-9-22,connectwise,exe,ua-wget,Unknown-RAT",2026-08-29 16:00:15,2026-08-29 16:33:07,85
url,https://176.123.9.22/bin/support.client.exe,urlhaus,malware_download,"176-123-9-22,connectwise,exe,ua-wget,Unknown-RAT",2026-08-29 16:00:15,2026-08-29 16:33:07,85
url,https://185.229.225.31,threatfox,Vidar,"threatfox,c2,e53c0776fdba467447b61be1a2bc4027,loader,stealer,Vidar",2026-08-29 04:06:18,2026-08-29 16:33:07,85
url,https://46.225.92.123,threatfox,Vidar,"threatfox,052d95aa0b0505a149188acc00af5b78,c2,loader,stealer,Vidar",2026-08-29 16:10:47,2026-08-29 16:33:07,85
url,https://46.29.26.35,threatfox,Vidar,"threatfox,8e8e7920d1ac7f57735398887661bf8d,c2,loader,stealer,Vidar",2026-08-29 04:06:18,2026-08-29 16:33:07,85
url,https://5.181.0.129/Bin/ScreenConnect.ClientSetup.exe,urlhaus,malware_download,"5-181-0-129,connectwise,exe,ua-wget",2026-08-29 16:00:15,2026-08-29 16:33:07,85
url,https://85.121.176.140/Bin/ScreenConnect.ClientSetup.exe,urlhaus,malware_download,"85-121-176-140,exe,ua-wget",2026-08-29 16:00:15,2026-08-29 16:33:07,85
url,https://cdn.jsdelivr.net/gh/Christa6547/lazily/issue,threatfox,ClearFake,"threatfox,ClearFake",2026-08-29 04:06:18,2026-08-29 16:33:07,85
url,https://fish-planet.online,threatfox,ClearFake,"threatfox,ClearFake,ClickFix,ErrTraffic,EtherHiding",2026-08-29 16:10:47,2026-08-29 16:33:07,85
url,https://mon-xxx-02.cfd/FirertjuDispatcher.exe,urlhaus,malware_download,"237e829e51990f5f4919048e2c840f8d,dropped-by-remus",2026-08-29 16:00:15,2026-08-29 16:33:07,85
url,https://nsn.12naga.org,threatfox,Vidar,"threatfox,279244a0387f7d5a1b68137bd9768de8,c2,loader,stealer,Vidar",2026-08-29 04:06:18,2026-08-29 16:33:07,85
url,https://online-park.online,threatfox,ClearFake,"threatfox,ClearFake,ClickFix,ErrTraffic,EtherHiding",2026-08-29 16:10:47,2026-08-29 16:33:07,85
url,https://playmounthdom.top/,threatfox,Stealc,"threatfox,c2,loader,printer,StealC,stealer",2026-08-29 16:10:47,2026-08-29 16:33:07,85
url,https://raw.githubusercontent.com/Christa6547/ade9ac52-539c-45d3-b903-1bcdc2d2d8c4/refs/heads/main/4b637250-1e04-4ccf-aced-ddd79d4daa67,threatfox,ClearFake,"threatfox,ClearFake",2026-08-29 04:06:18,2026-08-29 16:33:07,85
url,https://raw.githubusercontent.com/Kath19634/landowner/refs/heads/main/target,threatfox,ClearFake,"threatfox,ClearFake",2026-08-29 16:10:47,2026-08-29 16:33:07,85
url,https://sss.fbdfsgfwrgerwefew.top/,threatfox,Stealc,"threatfox,123,c2,loader,StealC,stealer",2026-08-29 04:06:18,2026-08-29 16:33:07,85
domain,99kz.cn,threatfox,IClickFix,"threatfox,ClickFix,Mac",2026-08-28 16:06:18,2026-08-29 04:52:19,85
domain,administravirtual.es,threatfox,IClickFix,"threatfox,ClickFix,Mac",2026-08-28 16:06:18,2026-08-29 04:52:19,85
domain,alkoseal.com,threatfox,IClickFix,"threatfox,ClickFix,Mac",2026-08-28 16:06:18,2026-08-29 04:52:19,85
domain,alsafvi.com,threatfox,IClickFix,"threatfox,ClickFix,Mac",2026-08-28 16:06:18,2026-08-29 04:52:19,85
domain,approvalengenharia.com.br,threatfox,IClickFix,"threatfox,ClickFix,Mac",2026-08-28 16:06:18,2026-08-29 04:52:19,85
domain,arkanbolt.com,threatfox,IClickFix,"threatfox,ClickFix,Mac",2026-08-28 16:06:18,2026-08-29 04:52:19,85
domain,balimesariholiday.com,threatfox,IClickFix,"threatfox,ClickFix,Mac",2026-08-28 16:06:18,2026-08-29 04:52:19,85
domain,barbie337.workers.dev,threatfox,php.shin_webshell,"threatfox,Cloudflare,GIF,PHP,webshell,WordPress,workers.dev,wp-admin",2026-08-28 16:06:18,2026-08-29 04:52:19,85
domain,beautiful213.life,threatfox,IClickFix,"threatfox,c2,ClickFix,Mac",2026-08-26 16:06:11,2026-08-29 04:52:19,85
domain,beopvcstolarija.com,threatfox,IClickFix,"threatfox,ClickFix,Mac",2026-08-28 16:06:18,2026-08-29 04:52:19,85
domain,bootcapecoral.de,threatfox,IClickFix,"threatfox,ClickFix,Mac",2026-08-28 16:06:18,2026-08-29 04:52:19,85
domain,brandvistaconsulting.com,threatfox,IClickFix,"threatfox,ClickFix,Mac",2026-08-28 16:06:18,2026-08-29 04:52:19,85
domain,buildingpi81.xyz,threatfox,IClickFix,"threatfox,c2,ClickFix,Mac",2026-08-28 16:06:18,2026-08-29 04:52:19,85
domain,centrovirginia.com,threatfox,IClickFix,"threatfox,ClickFix,Mac",2026-08-28 16:06:18,2026-08-29 04:52:19,85
domain,cifytaze.workers.dev,threatfox,php.shin_webshell,"threatfox,Cloudflare,GIF,PHP,webshell,WordPress,workers.dev,wp-admin",2026-08-28 16:06:18,2026-08-29 04:52:19,85
domain,conversationswithhumanity.org,threatfox,IClickFix,"threatfox,ClickFix,Mac",2026-08-28 16:06:18,2026-08-29 04:52:19,85
domain,cppgs.com,threatfox,IClickFix,"threatfox,ClickFix,Mac",2026-08-28 16:06:18,2026-08-29 04:52:19,85
domain,datapointly.icu,threatfox,IClickFix,"threatfox,c2,ClickFix,Mac",2026-08-28 16:06:18,2026-08-29 04:52:19,85
domain,day2dayplastic.com,threatfox,IClickFix,"threatfox,ClickFix,Mac",2026-08-28 16:06:18,2026-08-29 04:52:19,85
domain,desigino932.life,threatfox,IClickFix,"threatfox,c2,ClickFix,Mac",2026-08-28 16:06:18,2026-08-29 04:52:19,85
domain,desigions9812.life,threatfox,IClickFix,"threatfox,c2,ClickFix,Mac",2026-08-28 16:06:18,2026-08-29 04:52:19,85
domain,digitaldeepworks.fr,threatfox,IClickFix,"threatfox,ClickFix,Mac",2026-08-28 16:06:18,2026-08-29 04:52:19,85
domain,dsmlabs.io,threatfox,ClearFake,"threatfox,28August2026,ClearFake,Commandline,MacOS",2026-08-28 16:06:18,2026-08-29 04:52:19,85
domain,duffinarchitecturalsolutions.com,threatfox,IClickFix,"threatfox,ClickFix,Mac",2026-08-28 16:06:18,2026-08-29 04:52:19,85
domain,dyshatilo.com.ua,threatfox,IClickFix,"threatfox,ClickFix,Mac",2026-08-28 16:06:18,2026-08-29 04:52:19,85
domain,egasyasociados.com,threatfox,IClickFix,"threatfox,ClickFix,Mac",2026-08-28 16:06:18,2026-08-29 04:52:19,85
domain,ejiyz9yc6l.workers.dev,threatfox,php.shin_webshell,"threatfox,Cloudflare,GIF,PHP,webshell,WordPress,workers.dev,wp-admin",2026-08-28 16:06:18,2026-08-29 04:52:19,85
domain,erymemanagement.com,threatfox,IClickFix,"threatfox,ClickFix,Mac",2026-08-28 16:06:18,2026-08-29 04:52:19,85
domain,fan.afghankabobgrill.com,threatfox,IClickFix,"threatfox,ClickFix",2026-08-28 16:06:18,2026-08-29 04:52:19,85
domain,file-download21.click,threatfox,TonRAT,threatfox,2026-08-28 16:06:18,2026-08-29 04:52:19,85
domain,file-download21.info,threatfox,TonRAT,threatfox,2026-08-28 16:06:18,2026-08-29 04:52:19,85
domain,fortiusmedical.com,threatfox,IClickFix,"threatfox,ClickFix,Mac",2026-08-28 16:06:18,2026-08-29 04:52:19,85
domain,girlsonpi823.life,threatfox,IClickFix,"threatfox,c2,ClickFix,Mac",2026-08-28 16:06:18,2026-08-29 04:52:19,85
domain,glowingbeaulty.com,threatfox,IClickFix,"threatfox,ClickFix,Mac",2026-08-28 16:06:18,2026-08-29 04:52:19,85
domain,gpmobile.com,threatfox,IClickFix,"threatfox,ClickFix,Mac",2026-08-28 16:06:18,2026-08-29 04:52:19,85
domain,h5gdhbptwz.workers.dev,threatfox,php.shin_webshell,"threatfox,Cloudflare,GIF,PHP,webshell,WordPress,workers.dev,wp-admin",2026-08-28 16:06:18,2026-08-29 04:52:19,85
domain,home-power-shield.com,threatfox,ClearFake,"threatfox,28August2026,ClearFake,Commandline,DomainShadowing,Windows",2026-08-28 16:06:18,2026-08-29 04:52:19,85
domain,janabrik-elixir.com,threatfox,IClickFix,"threatfox,ClickFix,Mac",2026-08-28 16:06:18,2026-08-29 04:52:19,85
domain,jordantrainingacademy.online,threatfox,IClickFix,"threatfox,ClickFix,Mac",2026-08-28 16:06:18,2026-08-29 04:52:19,85
domain,kalamutech.co.tz,threatfox,IClickFix,"threatfox,ClickFix,Mac",2026-08-28 16:06:18,2026-08-29 04:52:19,85
domain,kmsdrylining.com,threatfox,IClickFix,"threatfox,ClickFix,Mac",2026-08-28 16:06:18,2026-08-29 04:52:19,85
domain,linhanhdang.com,threatfox,IClickFix,"threatfox,ClickFix,Mac",2026-08-28 16:06:18,2026-08-29 04:52:19,85
domain,llsdispatch.com,threatfox,IClickFix,"threatfox,ClickFix,Mac",2026-08-28 16:06:18,2026-08-29 04:52:19,85
domain,lpqzx6iv.lepto--zan.com,threatfox,ClearFake,"threatfox,ClearFake,mac-0x0f14,macos",2026-08-28 16:06:18,2026-08-29 04:52:19,85
domain,mauricioe90.com,threatfox,IClickFix,"threatfox,ClickFix,Mac",2026-08-28 16:06:18,2026-08-29 04:52:19,85
domain,mayadesigner.store,threatfox,IClickFix,"threatfox,ClickFix,Mac",2026-08-28 16:06:18,2026-08-29 04:52:19,85
domain,mercedesestilista.es,threatfox,IClickFix,"threatfox,ClickFix,Mac",2026-08-28 16:06:18,2026-08-29 04:52:19,85
domain,mgenergia.com.br,threatfox,IClickFix,"threatfox,ClickFix,Mac",2026-08-28 16:06:18,2026-08-29 04:52:19,85
domain,minutes59.life,threatfox,IClickFix,"threatfox,c2,ClickFix,Mac",2026-08-28 16:06:18,2026-08-29 04:52:19,85
domain,moedjito.com,threatfox,IClickFix,"threatfox,ClickFix,Mac",2026-08-28 16:06:18,2026-08-29 04:52:19,85
domain,morocstay.com,threatfox,IClickFix,"threatfox,ClickFix,Mac",2026-08-28 16:06:18,2026-08-29 04:52:19,85
domain,multi-sweep.com,threatfox,IClickFix,"threatfox,ClickFix,Mac",2026-08-28 16:06:18,2026-08-29 04:52:19,85
domain,nationnews18.com,threatfox,IClickFix,"threatfox,ClickFix,Mac",2026-08-28 16:06:18,2026-08-29 04:52:19,85
domain,neracompany.com,threatfox,IClickFix,"threatfox,ClickFix,Mac",2026-08-28 16:06:18,2026-08-29 04:52:19,85
domain,nkitservices.com,threatfox,IClickFix,"threatfox,ClickFix,Mac",2026-08-28 16:06:18,2026-08-29 04:52:19,85
domain,nknzr01387.workers.dev,threatfox,php.shin_webshell,"threatfox,Cloudflare,GIF,PHP,webshell,WordPress,workers.dev,wp-admin",2026-08-28 16:06:18,2026-08-29 04:52:19,85
domain,nonapi912.life,threatfox,IClickFix,"threatfox,c2,ClickFix,Mac",2026-08-28 16:06:18,2026-08-29 04:52:19,85
domain,nreearts.com.bd,threatfox,IClickFix,"threatfox,ClickFix,Mac",2026-08-28 16:06:18,2026-08-29 04:52:19,85
domain,ornikol232.life,threatfox,IClickFix,"threatfox,c2,ClickFix,Mac",2026-08-28 16:06:18,2026-08-29 04:52:19,85
domain,passeofum32.life,threatfox,IClickFix,"threatfox,c2,ClickFix,Mac",2026-08-28 16:06:18,2026-08-29 04:52:19,85
domain,perraloca.com,threatfox,IClickFix,"threatfox,ClickFix,Mac",2026-08-28 16:06:18,2026-08-29 04:52:19,85
domain,primekitsbd.com,threatfox,IClickFix,"threatfox,ClickFix,Mac",2026-08-28 16:06:18,2026-08-29 04:52:19,85
domain,probaski.net,threatfox,IClickFix,"threatfox,ClickFix,Mac",2026-08-28 16:06:18,2026-08-29 04:52:19,85
domain,qelaxona.workers.dev,threatfox,php.shin_webshell,"threatfox,Cloudflare,GIF,PHP,webshell,WordPress,workers.dev,wp-admin",2026-08-28 16:06:18,2026-08-29 04:52:19,85
domain,qutaqo.workers.dev,threatfox,php.shin_webshell,"threatfox,Cloudflare,GIF,PHP,webshell,WordPress,workers.dev,wp-admin",2026-08-28 16:06:18,2026-08-29 04:52:19,85
domain,rainsounds.us,threatfox,IClickFix,"threatfox,ClickFix,Mac",2026-08-28 16:06:18,2026-08-29 04:52:19,85
domain,rccggracecityomole.org,threatfox,IClickFix,"threatfox,ClickFix,Mac",2026-08-28 16:06:18,2026-08-29 04:52:19,85
domain,robbywoj321.life,threatfox,IClickFix,"threatfox,c2,ClickFix,Mac",2026-08-27 16:06:12,2026-08-29 04:52:19,85
domain,rolandypo98.life,threatfox,IClickFix,"threatfox,c2,ClickFix,Mac",2026-08-28 16:06:18,2026-08-29 04:52:19,85
domain,saymto9213.life,threatfox,IClickFix,"threatfox,c2,ClickFix,Mac",2026-08-26 16:06:11,2026-08-29 04:52:19,85
domain,soilnopi1122.life,threatfox,IClickFix,"threatfox,c2,ClickFix,Mac",2026-08-28 16:06:18,2026-08-29 04:52:19,85
domain,soqef09204.workers.dev,threatfox,php.shin_webshell,"threatfox,Cloudflare,GIF,PHP,webshell,WordPress,workers.dev,wp-admin",2026-08-28 16:06:18,2026-08-29 04:52:19,85
domain,speciallearningcenter.com,threatfox,Unknown Loader,"threatfox,etherhiding,Sepolia",2026-08-28 16:06:18,2026-08-29 04:52:19,85
domain,spitiko-sandwich.com,threatfox,Unknown Loader,"threatfox,etherhiding,Sepolia",2026-08-28 16:06:18,2026-08-29 04:52:19,85
domain,sportizenmagazine.com,threatfox,Unknown Loader,"threatfox,etherhiding,Sepolia",2026-08-28 16:06:18,2026-08-29 04:52:19,85
domain,sprinklerprollc.com,threatfox,Unknown Loader,"threatfox,etherhiding,Sepolia",2026-08-28 16:06:18,2026-08-29 04:52:19,85
domain,sqprom.com,threatfox,Unknown Loader,"threatfox,etherhiding,Sepolia",2026-08-28 16:06:18,2026-08-29 04:52:19,85
domain,stellartrail.net,threatfox,Unknown Loader,"threatfox,etherhiding,Sepolia",2026-08-28 16:06:18,2026-08-29 04:52:19,85
domain,stiembi.ac.id,threatfox,Unknown Loader,"threatfox,etherhiding,Sepolia",2026-08-28 16:06:18,2026-08-29 04:52:19,85
domain,stratoscompliance.co.uk,threatfox,Unknown Loader,"threatfox,etherhiding,Sepolia",2026-08-28 16:06:18,2026-08-29 04:52:19,85
domain,studio-otherwise.com,threatfox,Unknown Loader,"threatfox,etherhiding,Sepolia",2026-08-28 16:06:18,2026-08-29 04:52:19,85
domain,sues.jp,threatfox,Unknown Loader,"threatfox,etherhiding,Sepolia",2026-08-28 16:06:18,2026-08-29 04:52:19,85
domain,sundp-gmbh.de,threatfox,Unknown Loader,"threatfox,etherhiding,Sepolia",2026-08-28 16:06:18,2026-08-29 04:52:19,85
domain,sunna.live,threatfox,Unknown Loader,"threatfox,etherhiding,Sepolia",2026-08-28 16:06:18,2026-08-29 04:52:19,85
domain,sunrisegolf.com,threatfox,IClickFix,"threatfox,ClickFix,Mac",2026-08-28 16:06:18,2026-08-29 04:52:19,85
domain,sunstonecos.com,threatfox,Unknown Loader,"threatfox,etherhiding,Sepolia",2026-08-28 16:06:18,2026-08-29 04:52:19,85
domain,surma.cz,threatfox,Unknown Loader,"threatfox,etherhiding,Sepolia",2026-08-28 16:06:18,2026-08-29 04:52:19,85
domain,swifteconline.com,threatfox,Unknown Loader,"threatfox,etherhiding,Sepolia",2026-08-28 16:06:18,2026-08-29 04:52:19,85
domain,szarpakizpazurem.pl,threatfox,Unknown Loader,"threatfox,etherhiding,Sepolia",2026-08-28 16:06:18,2026-08-29 04:52:19,85
domain,szrqchem.com,threatfox,Unknown Loader,"threatfox,etherhiding,Sepolia",2026-08-28 16:06:18,2026-08-29 04:52:19,85
domain,tagmars.de,threatfox,Unknown Loader,"threatfox,etherhiding,Sepolia",2026-08-28 16:06:18,2026-08-29 04:52:19,85
domain,taran.no,threatfox,Unknown Loader,"threatfox,etherhiding,Sepolia",2026-08-28 16:06:18,2026-08-29 04:52:19,85
domain,taynamtravel.com,threatfox,Unknown Loader,"threatfox,etherhiding,Sepolia",2026-08-28 16:06:18,2026-08-29 04:52:19,85
domain,teachinginthefastlane.com,threatfox,Unknown Loader,"threatfox,etherhiding,Sepolia",2026-08-28 16:06:18,2026-08-29 04:52:19,85
domain,techarea.org,threatfox,Unknown Loader,"threatfox,etherhiding,Sepolia",2026-08-28 16:06:18,2026-08-29 04:52:19,85
domain,teiftabar.com,threatfox,Unknown Loader,"threatfox,etherhiding,Sepolia",2026-08-28 16:06:18,2026-08-29 04:52:19,85
domain,teknoparts.ir,threatfox,Unknown Loader,"threatfox,etherhiding,Sepolia",2026-08-28 16:06:18,2026-08-29 04:52:19,85
domain,telusnetwork.com,threatfox,Unknown Loader,"threatfox,etherhiding,Sepolia",2026-08-28 16:06:18,2026-08-29 04:52:19,85
domain,tempesolarpark.com,threatfox,Unknown Loader,"threatfox,etherhiding,Sepolia",2026-08-28 16:06:18,2026-08-29 04:52:19,85
domain,tenagatambah.com,threatfox,Unknown Loader,"threatfox,etherhiding,Sepolia",2026-08-28 16:06:18,2026-08-29 04:52:19,85
domain,tenderdocumentary.com.au,threatfox,Unknown Loader,"threatfox,etherhiding,Sepolia",2026-08-28 16:06:18,2026-08-29 04:52:19,85
domain,tereza.pl,threatfox,Unknown Loader,"threatfox,etherhiding,Sepolia",2026-08-28 16:06:18,2026-08-29 04:52:19,85
domain,th-gw.com,threatfox,Unknown Loader,"threatfox,etherhiding,Sepolia",2026-08-28 16:06:18,2026-08-29 04:52:19,85
domain,thebraslavskys.com,threatfox,Unknown Loader,"threatfox,etherhiding,Sepolia",2026-08-28 16:06:18,2026-08-29 04:52:19,85
domain,thehomestore-parsons.com,threatfox,Unknown Loader,"threatfox,etherhiding,Sepolia",2026-08-28 16:06:18,2026-08-29 04:52:19,85
domain,thelastreformation.co.uk,threatfox,Unknown Loader,"threatfox,etherhiding,Sepolia",2026-08-28 16:06:18,2026-08-29 04:52:19,85
domain,thepremere.com,threatfox,Unknown Loader,"threatfox,etherhiding,Sepolia",2026-08-28 16:06:18,2026-08-29 04:52:19,85
domain,theresewalsh.com,threatfox,Unknown Loader,"threatfox,etherhiding,Sepolia",2026-08-28 16:06:18,2026-08-29 04:52:19,85
domain,thermomixbrasil.com.br,threatfox,Unknown Loader,"threatfox,etherhiding,Sepolia",2026-08-28 16:06:18,2026-08-29 04:52:19,85
domain,thethinkubator.org,threatfox,Unknown Loader,"threatfox,etherhiding,Sepolia",2026-08-28 16:06:18,2026-08-29 04:52:19,85
domain,tjbowden.com.au,threatfox,Unknown Loader,"threatfox,etherhiding,Sepolia",2026-08-28 16:06:18,2026-08-29 04:52:19,85
domain,toddlermealideas.com,threatfox,Unknown Loader,"threatfox,etherhiding,Sepolia",2026-08-28 16:06:18,2026-08-29 04:52:19,85
domain,tommyrobitaille.com,threatfox,Unknown Loader,"threatfox,etherhiding,Sepolia",2026-08-28 16:06:18,2026-08-29 04:52:19,85
domain,topshelfexperts.com,threatfox,Unknown Loader,"threatfox,etherhiding,Sepolia",2026-08-28 16:06:18,2026-08-29 04:52:19,85
domain,tosanstore.com,threatfox,Unknown Loader,"threatfox,etherhiding,Sepolia",2026-08-28 16:06:18,2026-08-29 04:52:19,85
domain,tpronails.com,threatfox,Unknown Loader,"threatfox,etherhiding,Sepolia",2026-08-28 16:06:18,2026-08-29 04:52:19,85
domain,tracktec.cl,threatfox,Unknown Loader,"threatfox,etherhiding,Sepolia",2026-08-28 16:06:18,2026-08-29 04:52:19,85
domain,transparenz-radar.org,threatfox,Unknown Loader,"threatfox,etherhiding,Sepolia",2026-08-28 16:06:18,2026-08-29 04:52:19,85
domain,trenchsniper.fun,threatfox,Unknown Loader,"threatfox,etherhiding,Sepolia",2026-08-28 16:06:18,2026-08-29 04:52:19,85
domain,trendigtjustnu.se,threatfox,Unknown Loader,"threatfox,etherhiding,Sepolia",2026-08-28 16:06:18,2026-08-29 04:52:19,85
domain,triathletenews.com,threatfox,IClickFix,"threatfox,ClickFix,Mac",2026-08-28 16:06:18,2026-08-29 04:52:19,85
domain,trokny23.life,threatfox,IClickFix,"threatfox,c2,ClickFix,Mac",2026-08-28 16:06:18,2026-08-29 04:52:19,85
domain,trombler312.life,threatfox,IClickFix,"threatfox,c2,ClickFix,Mac",2026-08-28 16:06:18,2026-08-29 04:52:19,85
domain,tsnv.de,threatfox,Unknown Loader,"threatfox,etherhiding,Sepolia",2026-08-28 16:06:18,2026-08-29 04:52:19,85
domain,tungkechuyencuoi.com,threatfox,Unknown Loader,"threatfox,etherhiding,Sepolia",2026-08-28 16:06:18,2026-08-29 04:52:19,85
domain,turkishindirim.com,threatfox,Unknown Loader,"threatfox,etherhiding,Sepolia",2026-08-28 16:06:18,2026-08-29 04:52:19,85
domain,ufabetufabet.org,threatfox,Unknown Loader,"threatfox,etherhiding,Sepolia",2026-08-28 16:06:18,2026-08-29 04:52:19,85
domain,umen.es,threatfox,Unknown Loader,"threatfox,etherhiding,Sepolia",2026-08-28 16:06:18,2026-08-29 04:52:19,85
domain,unddsglobalco.com,threatfox,Unknown Loader,"threatfox,etherhiding,Sepolia",2026-08-28 16:06:18,2026-08-29 04:52:19,85
domain,uneautreattitude.fr,threatfox,Unknown Loader,"threatfox,etherhiding,Sepolia",2026-08-28 16:06:18,2026-08-29 04:52:19,85
domain,unicascomotu.com,threatfox,Unknown Loader,"threatfox,etherhiding,Sepolia",2026-08-28 16:06:18,2026-08-29 04:52:19,85
domain,unleashed.gr,threatfox,Unknown Loader,"threatfox,etherhiding,Sepolia",2026-08-28 16:06:18,2026-08-29 04:52:19,85
domain,upf-shop.com,threatfox,Unknown Loader,"threatfox,etherhiding,Sepolia",2026-08-28 16:06:18,2026-08-29 04:52:19,85
domain,urban-ks.com,threatfox,Unknown Loader,"threatfox,etherhiding,Sepolia",2026-08-28 16:06:18,2026-08-29 04:52:19,85
domain,uwebbztechnology.com,threatfox,Unknown Loader,"threatfox,etherhiding,Sepolia",2026-08-28 16:06:18,2026-08-29 04:52:19,85
domain,vaips.net,threatfox,Unknown Loader,"threatfox,etherhiding,Sepolia",2026-08-28 16:06:18,2026-08-29 04:52:19,85
domain,valedinossauros.com.br,threatfox,Unknown Loader,"threatfox,etherhiding,Sepolia",2026-08-28 16:06:18,2026-08-29 04:52:19,85
domain,vandengaart.com,threatfox,Unknown Loader,"threatfox,etherhiding,Sepolia",2026-08-28 16:06:18,2026-08-29 04:52:19,85
domain,vapestoreau.com,threatfox,Unknown Loader,"threatfox,etherhiding,Sepolia",2026-08-28 16:06:18,2026-08-29 04:52:19,85
domain,vayoglobalcare.com,threatfox,IClickFix,"threatfox,ClickFix,Mac",2026-08-28 16:06:18,2026-08-29 04:52:19,85
domain,veeble.it,threatfox,Unknown Loader,"threatfox,etherhiding,Sepolia",2026-08-28 16:06:18,2026-08-29 04:52:19,85
domain,verlago.gr,threatfox,Unknown Loader,"threatfox,etherhiding,Sepolia",2026-08-28 16:06:18,2026-08-29 04:52:19,85
domain,vespapizza.hu,threatfox,Unknown Loader,"threatfox,etherhiding,Sepolia",2026-08-28 16:06:18,2026-08-29 04:52:19,85
domain,vethvordan.com,threatfox,Unknown Loader,"threatfox,etherhiding,Sepolia",2026-08-28 16:06:18,2026-08-29 04:52:19,85
domain,vhncare.com,threatfox,Unknown Loader,"threatfox,etherhiding,Sepolia",2026-08-28 16:06:18,2026-08-29 04:52:19,85
domain,viacatravel.com,threatfox,Unknown Loader,"threatfox,etherhiding,Sepolia",2026-08-28 16:06:18,2026-08-29 04:52:19,85
domain,viadavid.nl,threatfox,Unknown Loader,"threatfox,etherhiding,Sepolia",2026-08-28 16:06:18,2026-08-29 04:52:19,85
domain,viaexperience.com,threatfox,Unknown Loader,"threatfox,etherhiding,Sepolia",2026-08-28 16:06:18,2026-08-29 04:52:19,85
domain,vinsidan.is,threatfox,Unknown Loader,"threatfox,etherhiding,Sepolia",2026-08-28 16:06:18,2026-08-29 04:52:19,85
domain,viphomedesign.com,threatfox,Unknown Loader,"threatfox,etherhiding,Sepolia",2026-08-28 16:06:18,2026-08-29 04:52:19,85
domain,visaprod.net,threatfox,IClickFix,"threatfox,ClickFix,Mac",2026-08-28 16:06:18,2026-08-29 04:52:19,85
domain,visitcastelsaraceno.info,threatfox,Unknown Loader,"threatfox,etherhiding,Sepolia",2026-08-28 16:06:18,2026-08-29 04:52:19,85
domain,vivaschool.es,threatfox,Unknown Loader,"threatfox,etherhiding,Sepolia",2026-08-28 16:06:18,2026-08-29 04:52:19,85
domain,voicesystems.it,threatfox,Unknown Loader,"threatfox,etherhiding,Sepolia",2026-08-28 16:06:18,2026-08-29 04:52:19,85
domain,vuqena.workers.dev,threatfox,php.shin_webshell,"threatfox,Cloudflare,GIF,PHP,webshell,WordPress,workers.dev,wp-admin",2026-08-28 16:06:18,2026-08-29 04:52:19,85
domain,vysoka-bd.cz,threatfox,Unknown Loader,"threatfox,etherhiding,Sepolia",2026-08-28 16:06:18,2026-08-29 04:52:19,85
domain,wageandhourfirm.com,threatfox,Unknown Loader,"threatfox,etherhiding,Sepolia",2026-08-28 16:06:18,2026-08-29 04:52:19,85
domain,warmilitaria.com.br,threatfox,Unknown Loader,"threatfox,etherhiding,Sepolia",2026-08-28 16:06:18,2026-08-29 04:52:19,85
domain,waterly.eu,threatfox,Unknown Loader,"threatfox,etherhiding,Sepolia",2026-08-28 16:06:18,2026-08-29 04:52:19,85
domain,weber-weber-communications.mwbsc.de,threatfox,Unknown Loader,"threatfox,etherhiding,Sepolia",2026-08-28 16:06:18,2026-08-29 04:52:19,85
domain,weinavenue.com,threatfox,Unknown Loader,"threatfox,etherhiding,Sepolia",2026-08-28 16:06:18,2026-08-29 04:52:19,85
domain,weldingagent.org,threatfox,Unknown Loader,"threatfox,etherhiding,Sepolia",2026-08-28 16:06:18,2026-08-29 04:52:19,85
domain,wesolvemarketing.com,threatfox,Unknown Loader,"threatfox,etherhiding,Sepolia",2026-08-28 16:06:18,2026-08-29 04:52:19,85
domain,whatitsliketo.net,threatfox,Unknown Loader,"threatfox,etherhiding,Sepolia",2026-08-28 16:06:18,2026-08-29 04:52:19,85
domain,willhall.net,threatfox,Unknown Loader,"threatfox,etherhiding,Sepolia",2026-08-28 16:06:18,2026-08-29 04:52:19,85
domain,windrivertimberframes.com,threatfox,Unknown Loader,"threatfox,etherhiding,Sepolia",2026-08-28 16:06:18,2026-08-29 04:52:19,85
domain,wispro-titanium.com,threatfox,Unknown Loader,"threatfox,etherhiding,Sepolia",2026-08-28 16:06:18,2026-08-29 04:52:19,85
domain,wn0nofms.dsmlabs.io,threatfox,ClearFake,"threatfox,ClearFake,mac-0xdcf2,macos",2026-08-28 16:06:18,2026-08-29 04:52:19,85
domain,wom-recrutement.com,threatfox,Unknown Loader,"threatfox,etherhiding,Sepolia",2026-08-28 16:06:18,2026-08-29 04:52:19,85
domain,workshopyemen.com,threatfox,Unknown Loader,"threatfox,etherhiding,Sepolia",2026-08-28 16:06:18,2026-08-29 04:52:19,85
domain,workwithbillconnelly.com,threatfox,Unknown Loader,"threatfox,etherhiding,Sepolia",2026-08-28 16:06:18,2026-08-29 04:52:19,85
domain,worldfarms.co.uk,threatfox,Unknown Loader,"threatfox,etherhiding,Sepolia",2026-08-28 16:06:18,2026-08-29 04:52:19,85
domain,www.arasaydinlatma.com,threatfox,IClickFix,"threatfox,ClickFix,Mac",2026-08-28 16:06:18,2026-08-29 04:52:19,85
domain,www.cbcnt.com,threatfox,IClickFix,"threatfox,ClickFix,Mac",2026-08-28 16:06:18,2026-08-29 04:52:19,85
domain,www.pnstexas.com,threatfox,IClickFix,"threatfox,ClickFix,Mac",2026-08-28 16:06:18,2026-08-29 04:52:19,85
domain,www.rashidcocement.com,threatfox,IClickFix,"threatfox,ClickFix,Mac",2026-08-28 16:06:18,2026-08-29 04:52:19,85
domain,www.xtecnic.cat,threatfox,IClickFix,"threatfox,ClickFix,Mac",2026-08-28 16:06:18,2026-08-29 04:52:19,85
domain,xclusivewrapsandtint.com,threatfox,Unknown Loader,"threatfox,etherhiding,Sepolia",2026-08-28 16:06:18,2026-08-29 04:52:19,85
domain,xeghepvinhphuc247.com,threatfox,Unknown Loader,"threatfox,etherhiding,Sepolia",2026-08-28 16:06:18,2026-08-29 04:52:19,85
domain,xiwisdom.com,threatfox,Unknown Loader,"threatfox,etherhiding,Sepolia",2026-08-28 16:06:18,2026-08-29 04:52:19,85
domain,xn--80abmip8a9h.net,threatfox,Unknown Loader,"threatfox,etherhiding,Sepolia",2026-08-28 16:06:18,2026-08-29 04:52:19,85
domain,xrockutah.com,threatfox,Unknown Loader,"threatfox,etherhiding,Sepolia",2026-08-28 16:06:18,2026-08-29 04:52:19,85
domain,xuhojesi.workers.dev,threatfox,php.shin_webshell,"threatfox,Cloudflare,GIF,PHP,webshell,WordPress,workers.dev,wp-admin",2026-08-28 16:06:18,2026-08-29 04:52:19,85
domain,yane-stock.com,threatfox,Unknown Loader,"threatfox,etherhiding,Sepolia",2026-08-28 16:06:18,2026-08-29 04:52:19,85
domain,yas.sk,threatfox,Unknown Loader,"threatfox,etherhiding,Sepolia",2026-08-28 16:06:18,2026-08-29 04:52:19,85
domain,yavizing.com,threatfox,Unknown Loader,"threatfox,etherhiding,Sepolia",2026-08-28 16:06:18,2026-08-29 04:52:19,85
domain,yichaa.com,threatfox,Unknown Loader,"threatfox,etherhiding,Sepolia",2026-08-28 16:06:18,2026-08-29 04:52:19,85
domain,yl9wom1c.en-trump-token.com,threatfox,ClearFake,"threatfox,ClearFake,mac-0x68dc,macos",2026-08-28 16:06:18,2026-08-29 04:52:19,85
domain,yma-law.com,threatfox,Unknown Loader,"threatfox,etherhiding,Sepolia",2026-08-28 16:06:18,2026-08-29 04:52:19,85
domain,yogaschule-ayurvedayoga.at,threatfox,Unknown Loader,"threatfox,etherhiding,Sepolia",2026-08-28 16:06:18,2026-08-29 04:52:19,85
domain,yonodigona.com,threatfox,Unknown Loader,"threatfox,etherhiding,Sepolia",2026-08-28 16:06:18,2026-08-29 04:52:19,85
domain,yoonhoum.com,threatfox,Unknown Loader,"threatfox,etherhiding,Sepolia",2026-08-28 16:06:18,2026-08-29 04:52:19,85
domain,youdecidetravelguide.com,threatfox,Unknown Loader,"threatfox,etherhiding,Sepolia",2026-08-28 16:06:18,2026-08-29 04:52:19,85
domain,yoursecureportal.com,threatfox,Unknown Loader,"threatfox,etherhiding,Sepolia",2026-08-28 16:06:18,2026-08-29 04:52:19,85
domain,zarazya.com,threatfox,Unknown Loader,"threatfox,etherhiding,Sepolia",2026-08-28 16:06:18,2026-08-29 04:52:19,85
domain,zeuspos.in,threatfox,Unknown Loader,"threatfox,etherhiding,Sepolia",2026-08-28 16:06:18,2026-08-29 04:52:19,85
domain,zomaq.com.br,threatfox,Unknown Loader,"threatfox,etherhiding,Sepolia",2026-08-28 16:06:18,2026-08-29 04:52:19,85
domain,zupee.download,threatfox,Unknown Loader,"threatfox,etherhiding,Sepolia",2026-08-28 16:06:18,2026-08-29 04:52:19,85
hash_md5,007ac93cc9dca3104356519992919c57,malwarebazaar,elf,elf,2026-08-29 04:00:07,2026-08-29 04:52:19,85
hash_md5,011d17271c3f2c771e9cb4171f9f5004,malwarebazaar,Mirai,elf,2026-08-29 04:00:07,2026-08-29 04:52:19,85
hash_md5,0134df7a9adb4906b107849bafb80c7c,malwarebazaar,elf,elf,2026-08-29 04:00:07,2026-08-29 04:52:19,85
hash_md5,01d523ff502020bada43f502ae5925fb,malwarebazaar,sh,sh,2026-08-29 04:00:07,2026-08-29 04:52:19,85
hash_md5,06df8b1bd2f60100820d3dcfe387fbbf,malwarebazaar,elf,elf,2026-08-29 04:00:07,2026-08-29 04:52:19,85
hash_md5,08235592784980046a743f7097862862,malwarebazaar,Mirai,"elf,Mirai,upx-dec",2026-08-29 04:00:07,2026-08-29 04:52:19,85
hash_md5,0b7301c0af14e5c291c16ecb19697807,malwarebazaar,sh,sh,2026-08-29 04:00:07,2026-08-29 04:52:19,85
hash_md5,0ba335e046ec96d96efaaff8cd14f72b,malwarebazaar,exe,exe,2026-08-29 04:00:07,2026-08-29 04:52:19,85
hash_md5,0e4e6410178a3b06ea0dac1576ec3102,malwarebazaar,exe,"bezprokli,dropped-by-StealC,exe",2026-08-29 04:00:07,2026-08-29 04:52:19,85
hash_md5,11b5ca198918182b2fc00715619a87e3,malwarebazaar,elf,elf,2026-08-29 04:00:07,2026-08-29 04:52:19,85
hash_md5,11bd8112af23bfc1d79a17f252c0e840,malwarebazaar,elf,elf,2026-08-29 04:00:07,2026-08-29 04:52:19,85
hash_md5,140e9eb2b4614ffa6a5e8a26b06b1441,malwarebazaar,Mirai,elf,2026-08-29 04:00:07,2026-08-29 04:52:19,85
hash_md5,14d7ca7b79d7c252bb48a01a99488770,malwarebazaar,WannaCry,"dionaea,exe,WannaCry",2026-08-29 04:00:07,2026-08-29 04:52:19,85
hash_md5,158d8e72f2b7151faaf6e4e5d0a1fddc,malwarebazaar,AsyncRAT,js,2026-08-29 04:00:07,2026-08-29 04:52:19,85
hash_md5,1823ae467ab3d6fdb59e0ddafbd12788,malwarebazaar,elf,elf,2026-08-29 04:00:07,2026-08-29 04:52:19,85
hash_md5,192818f6c89d88beb5469e9f4a7f6c0c,malwarebazaar,Mirai,"elf,Mirai,upx-dec",2026-08-29 04:00:07,2026-08-29 04:52:19,85
hash_md5,1a4bba5839293c431aebc07d8b82168e,malwarebazaar,elf,elf,2026-08-29 04:00:07,2026-08-29 04:52:19,85
hash_md5,1a98074326f52be812a23e839f5b1e46,malwarebazaar,Mirai,elf,2026-08-29 04:00:07,2026-08-29 04:52:19,85
hash_md5,1d7bec8d3b574b3de3695eccaa5d5a09,malwarebazaar,Mirai,"elf,Mirai,upx-dec",2026-08-29 04:00:07,2026-08-29 04:52:19,85
hash_md5,1ee642b903c672fdfa4b851eb3d040ff,malwarebazaar,Mirai,"elf,upx",2026-08-29 04:00:07,2026-08-29 04:52:19,85
hash_md5,1f0e490b8eccb3f92a32150e8d1f78ed,malwarebazaar,sh,sh,2026-08-29 04:00:07,2026-08-29 04:52:19,85
hash_md5,21d26d5aee2591806383a7de5eb7f1db,malwarebazaar,Mirai,"elf,Mirai,upx",2026-08-29 04:00:07,2026-08-29 04:52:19,85
hash_md5,231a98a5a83c9d76d8701784f2c0ca09,malwarebazaar,sh,sh,2026-08-29 04:00:07,2026-08-29 04:52:19,85
hash_md5,233035fb7d652094c35a892bb46cb205,malwarebazaar,elf,elf,2026-08-29 04:00:07,2026-08-29 04:52:19,85
hash_md5,242d33ce21914020ff667ba26d8eee22,malwarebazaar,Mirai,"elf,upx",2026-08-29 04:00:07,2026-08-29 04:52:19,85
hash_md5,281b19bd4ba87cc74a1b33bd45abb3d7,malwarebazaar,AgentTesla,js,2026-08-29 04:00:07,2026-08-29 04:52:19,85
hash_md5,2a969b179e6d5980384979be4449e574,malwarebazaar,Mirai,"elf,Mirai",2026-08-29 04:00:07,2026-08-29 04:52:19,85
hash_md5,303c43a1607868fe9dfbe36cf7b91de0,malwarebazaar,Mirai,"elf,Mirai,upx-dec",2026-08-29 04:00:07,2026-08-29 04:52:19,85
hash_md5,30e9d4e55b500f03a78fe22dd6ceb79e,malwarebazaar,Mirai,"elf,Mirai,upx-dec",2026-08-29 04:00:07,2026-08-29 04:52:19,85
hash_md5,33e15389c529101a3ab4913e6f3a7f33,malwarebazaar,sh,sh,2026-08-29 04:00:07,2026-08-29 04:52:19,85
hash_md5,368238870ddba94df4dbd8626226addf,malwarebazaar,Mirai,"elf,Mirai,upx",2026-08-29 04:00:07,2026-08-29 04:52:19,85
hash_md5,38437871fbb83447672ca1b04b901ac4,malwarebazaar,Mirai,elf,2026-08-29 04:00:07,2026-08-29 04:52:19,85
hash_md5,38a43aff283a3a6f0bddc5dd54d1a0a2,malwarebazaar,Mirai,elf,2026-08-29 04:00:07,2026-08-29 04:52:19,85
hash_md5,3a6c4053f6a86d4816de3d08f96587ee,malwarebazaar,elf,elf,2026-08-29 04:00:07,2026-08-29 04:52:19,85
hash_md5,3ab570b5e459098746e035b6603c699f,malwarebazaar,Mirai,sh,2026-08-29 04:00:07,2026-08-29 04:52:19,85
hash_md5,3c3ab50774c56532d6f33c13fa24ab24,malwarebazaar,elf,"elf,upx",2026-08-29 04:00:07,2026-08-29 04:52:19,85
hash_md5,3cd6cf089c82121eb57892ff6bae7c8b,malwarebazaar,sh,sh,2026-08-29 04:00:07,2026-08-29 04:52:19,85
hash_md5,439e5fae088d29d32f8ffbd2555cbfe3,malwarebazaar,sh,"enthec,sh",2026-08-29 04:00:07,2026-08-29 04:52:19,85
hash_md5,44966511fa32f56b703904e973bd4b2b,malwarebazaar,elf,elf,2026-08-29 04:00:07,2026-08-29 04:52:19,85
hash_md5,44eb1217de978be06a59192f79d25633,malwarebazaar,sh,sh,2026-08-29 04:00:07,2026-08-29 04:52:19,85
hash_md5,4549bfffec6d904ac8488c02f58a443e,malwarebazaar,exe,"exe,Vidar",2026-08-29 04:00:07,2026-08-29 04:52:19,85
hash_md5,45857fbc939c906424ab698417fea89b,malwarebazaar,sh,sh,2026-08-29 04:00:07,2026-08-29 04:52:19,85
hash_md5,465a5370b81f12e7ab06e3d2dc1941c4,malwarebazaar,Mirai,"elf,upx",2026-08-29 04:00:07,2026-08-29 04:52:19,85
hash_md5,47369ed18ddb25ae3954429b870dc400,malwarebazaar,elf,elf,2026-08-29 04:00:07,2026-08-29 04:52:19,85
hash_md5,4855a7aa234223a75e1d4ba1e136edd4,malwarebazaar,Mirai,"elf,Mirai,upx-dec",2026-08-29 04:00:07,2026-08-29 04:52:19,85
hash_md5,4a25588c9caae4ba0bb4403595c5ac2d,malwarebazaar,exe,"exe,Vidar",2026-08-29 04:00:07,2026-08-29 04:52:19,85
hash_md5,4f1dbb32426b70247aa2824c9710e513,malwarebazaar,unknown,unknown,2026-08-29 04:00:07,2026-08-29 04:52:19,85
hash_md5,4ff90bc411fff6e43568a387aadfd5de,malwarebazaar,sh,sh,2026-08-29 04:00:07,2026-08-29 04:52:19,85
hash_md5,50d0353a2f9598d698d0b566f60e4859,malwarebazaar,exe,exe,2026-08-29 04:00:07,2026-08-29 04:52:19,85
hash_md5,50d3499ffc128a5f86184e3567d2c3fb,malwarebazaar,Mirai,"elf,Mirai",2026-08-29 04:00:07,2026-08-29 04:52:19,85
hash_md5,514c6c08a0d63bc7f30087a965b1b233,malwarebazaar,exe,exe,2026-08-29 04:00:07,2026-08-29 04:52:19,85
hash_md5,5418a1aedfbbf7ac9e0b4d0701a539da,malwarebazaar,unknown,"bezprokli,dropped-by-StealC",2026-08-29 04:00:07,2026-08-29 04:52:19,85
hash_md5,54fae6e9a27e6af950d557992eb4ae7b,malwarebazaar,ValleyRAT,"dll,RAT,ValleyRAT",2026-08-29 04:00:07,2026-08-29 04:52:19,85
hash_md5,5794bb6dbe2af0643742f675ef890008,malwarebazaar,exe,"exe,whack.sh",2026-08-29 04:00:07,2026-08-29 04:52:19,85
hash_md5,5ad4a5b7f8ba8c642f495e09d7a9085c,malwarebazaar,exe,exe,2026-08-29 04:00:07,2026-08-29 04:52:19,85
hash_md5,5b2961e15df0b69edee38c270baf7d87,malwarebazaar,Mirai,elf,2026-08-29 04:00:07,2026-08-29 04:52:19,85
hash_md5,5f5dab1fd04172a1c21493a1d046664b,malwarebazaar,Mirai,elf,2026-08-29 04:00:07,2026-08-29 04:52:19,85
hash_md5,6121b0984b91213fa2dcdb2d4ce2e970,malwarebazaar,LiquidRAT,exe,2026-08-29 04:00:07,2026-08-29 04:52:19,85
hash_md5,66062bcdd7df1b16537a5b905bacbcfc,malwarebazaar,elf,elf,2026-08-29 04:00:07,2026-08-29 04:52:19,85
hash_md5,66e5d9603349d0589f37211fdb00a34f,malwarebazaar,exe,"dropped-by-GCleaner,exe,U,UNIQ.file",2026-08-29 04:00:07,2026-08-29 04:52:19,85
hash_md5,6703a4f00e6cfe0b87356a6f360b8863,malwarebazaar,hta,hta,2026-08-29 04:00:07,2026-08-29 04:52:19,85
hash_md5,67875b4dea865cb770706793dc0f687c,malwarebazaar,Mirai,"elf,Mirai",2026-08-29 04:00:07,2026-08-29 04:52:19,85
hash_md5,67b01dd5589aa0e1281197edc64f29ef,malwarebazaar,elf,elf,2026-08-29 04:00:07,2026-08-29 04:52:19,85
hash_md5,6ba12e576544244d7f570c82e2649f1a,malwarebazaar,Mirai,elf,2026-08-29 04:00:07,2026-08-29 04:52:19,85
hash_md5,6c4c46a6ef2e3892beb6e897df4e74df,malwarebazaar,Mirai,"elf,upx",2026-08-29 04:00:07,2026-08-29 04:52:19,85
hash_md5,6c7dda09fabb23fb909e9d7ea946f069,malwarebazaar,sh,sh,2026-08-29 04:00:07,2026-08-29 04:52:19,85
hash_md5,6c978a3cc4b18e32e994bdddab14638f,malwarebazaar,sh,sh,2026-08-29 04:00:07,2026-08-29 04:52:19,85
hash_md5,6f18724cc68997032200088e2f070430,malwarebazaar,elf,elf,2026-08-29 04:00:07,2026-08-29 04:52:19,85
hash_md5,73f3df8de716010b9948ca5353ee77fc,malwarebazaar,Mirai,elf,2026-08-29 04:00:07,2026-08-29 04:52:19,85
hash_md5,7573789e18d9efde7d187334479bafef,malwarebazaar,Mirai,"elf,Mirai,upx-dec",2026-08-29 04:00:07,2026-08-29 04:52:19,85
hash_md5,7a5757d7a803ef7c2ca0d51a68ec4aaf,malwarebazaar,exe,"exe,signed,Vidar",2026-08-29 04:00:07,2026-08-29 04:52:19,85
hash_md5,7ad6047d701b3522e8f6cc62bcbb7a48,malwarebazaar,elf,elf,2026-08-29 04:00:07,2026-08-29 04:52:19,85
hash_md5,7d7fef549182922c98e7711f9cc9eae8,malwarebazaar,Mirai,"elf,Mirai,upx-dec",2026-08-29 04:00:07,2026-08-29 04:52:19,85
hash_md5,7edb8d294af2a15ec02528a0e3ffb3bf,malwarebazaar,Mirai,"elf,Mirai,upx-dec",2026-08-29 04:00:07,2026-08-29 04:52:19,85
hash_md5,7eff48faffc78d67ab7540e06d1bbc57,malwarebazaar,elf,elf,2026-08-29 04:00:07,2026-08-29 04:52:19,85
hash_md5,82ac8d9d7b8409d892c6c8510aa60e20,malwarebazaar,ValleyRAT,"dll,RAT,ValleyRAT",2026-08-29 04:00:07,2026-08-29 04:52:19,85
hash_md5,848d8c16ad44621a293e8634eb9ce3c9,malwarebazaar,RemusStealer,"A,dropped-by-GCleaner,exe,MIX7.file,RemusStealer,signed",2026-08-29 04:00:07,2026-08-29 04:52:19,85
hash_md5,858481f9e133692d4fba880193b2115e,malwarebazaar,Mirai,"elf,Mirai",2026-08-29 04:00:07,2026-08-29 04:52:19,85
hash_md5,8615939f04b774a746c99bff4e8d62f3,malwarebazaar,Prometei,elf,2026-08-29 04:00:07,2026-08-29 04:52:19,85
hash_md5,8ab8fde5b4681b205c99386ee13e5bfa,malwarebazaar,Mirai,"elf,Mirai",2026-08-29 04:00:07,2026-08-29 04:52:19,85
hash_md5,8ae82bbd21defd402b2e737ad8fde815,malwarebazaar,Mirai,"elf,Mirai,upx",2026-08-29 04:00:07,2026-08-29 04:52:19,85
hash_md5,8d861e50a441de96037d82e91c9f8337,malwarebazaar,elf,elf,2026-08-29 04:00:07,2026-08-29 04:52:19,85
hash_md5,8f32ac22faecfdf66feb0d9fa64854cc,malwarebazaar,AgentTesla,js,2026-08-29 04:00:07,2026-08-29 04:52:19,85
hash_md5,8f6e0609149ca2874757bd24004aaf88,malwarebazaar,elf,elf,2026-08-29 04:00:07,2026-08-29 04:52:19,85
hash_md5,90568e189476bea0791f50e5386b2ed2,malwarebazaar,Mirai,"elf,Mirai,upx-dec",2026-08-29 04:00:07,2026-08-29 04:52:19,85
hash_md5,90fbf95d89e406d31eafe7b7ce043d56,malwarebazaar,Mirai,"elf,Mirai",2026-08-29 04:00:07,2026-08-29 04:52:19,85
hash_md5,91fe092da69213c2bd908febb2b0cbc7,malwarebazaar,Mirai,"elf,Mirai",2026-08-29 04:00:07,2026-08-29 04:52:19,85
hash_md5,97db36058951e09ca61c10bc952a6873,malwarebazaar,elf,elf,2026-08-29 04:00:07,2026-08-29 04:52:19,85
hash_md5,99be7c71bf052c19a11df2ddee8d14e3,malwarebazaar,Mirai,"elf,Mirai,upx-dec",2026-08-29 04:00:07,2026-08-29 04:52:19,85
hash_md5,9aa9fa47fd4dfe30a57914a48b8a8db8,malwarebazaar,exe,"d52f85,dropped-by-Amadey,exe",2026-08-29 04:00:07,2026-08-29 04:52:19,85
hash_md5,9c140d201e639afd83ef3d55225b4451,malwarebazaar,unknown,enthec,2026-08-29 04:00:07,2026-08-29 04:52:19,85
hash_md5,9cec6b6e0e3b9fbfba5f02c642c1cf4b,malwarebazaar,elf,elf,2026-08-29 04:00:07,2026-08-29 04:52:19,85
hash_md5,a0a9731e9d1f1185043d9214504fd572,malwarebazaar,elf,elf,2026-08-29 04:00:07,2026-08-29 04:52:19,85
hash_md5,a0c56ab6d172e4c00175ba5556c3dc46,malwarebazaar,application/x-dosexec,doc.exe,2026-08-29 04:00:07,2026-08-29 04:52:19,85
hash_md5,a1ae14e95f2cfa30cdb92defb2c3075f,malwarebazaar,NanoCore,"exe,NanoCore,RAT",2026-08-29 04:00:07,2026-08-29 04:52:19,85
hash_md5,a748ee74f18d62ce9bf87275cc3c480a,malwarebazaar,elf,elf,2026-08-29 04:00:07,2026-08-29 04:52:19,85
hash_md5,a89a2c273195d5472ac9f9808f1c3637,malwarebazaar,sh,sh,2026-08-29 04:00:07,2026-08-29 04:52:19,85
hash_md5,a9745a6061841e4a05d55a623f500f77,malwarebazaar,sh,sh,2026-08-29 04:00:07,2026-08-29 04:52:19,85
hash_md5,ab559bda0bca6211942705ccbb2df490,malwarebazaar,Mirai,elf,2026-08-29 04:00:07,2026-08-29 04:52:19,85
hash_md5,ae8f9fe59f8887744c411d603fd0fc4e,malwarebazaar,sh,"cowrie,expkit,honeypot,sh",2026-08-29 04:00:07,2026-08-29 04:52:19,85
hash_md5,aed168b41462b3efa5d56baa1ec292d1,malwarebazaar,sh,sh,2026-08-29 04:00:07,2026-08-29 04:52:19,85
hash_md5,afa9fdf6e26094b12a4cc3d0af85bbab,malwarebazaar,Mirai,elf,2026-08-29 04:00:07,2026-08-29 04:52:19,85
hash_md5,b12bf3cd47e90440d704cafc12c5de5c,malwarebazaar,RemcosRAT,js,2026-08-29 04:00:07,2026-08-29 04:52:19,85
hash_md5,b29b7eb6b8e323ea3084da5ccbc8d0d3,malwarebazaar,Mirai,"elf,Mirai",2026-08-29 04:00:07,2026-08-29 04:52:19,85
hash_md5,b4f053a83bc59e2840e3e97969d660e1,malwarebazaar,Mirai,elf,2026-08-29 04:00:07,2026-08-29 04:52:19,85
hash_md5,b52ef22dee2b67f25c35d15d3bf45f5e,malwarebazaar,exe,"exe,signed,Vidar",2026-08-29 04:00:07,2026-08-29 04:52:19,85
hash_md5,b94131415063f867ef1ce7c6997b9c6b,malwarebazaar,elf,elf,2026-08-29 04:00:07,2026-08-29 04:52:19,85
hash_md5,ba9df0fa5f23ee1f37f3b61feada8b21,malwarebazaar,Mirai,"elf,Mirai,upx-dec",2026-08-29 04:00:07,2026-08-29 04:52:19,85
hash_md5,bac12d6b4bc1ce4aab39b9f2e5328d72,malwarebazaar,elf,elf,2026-08-29 04:00:07,2026-08-29 04:52:19,85
hash_md5,bb55cab94bca608c5f6f0de27dd7718e,malwarebazaar,elf,elf,2026-08-29 04:00:07,2026-08-29 04:52:19,85
hash_md5,bb8f6915e2a1b3e560b383c277737a45,malwarebazaar,Vidar,"exe,signed,Vidar",2026-08-29 04:00:07,2026-08-29 04:52:19,85
hash_md5,bbaa9b630bd356c8e1acdc0d462c90b3,malwarebazaar,Mirai,"elf,Mirai,upx",2026-08-29 04:00:07,2026-08-29 04:52:19,85
hash_md5,be6bd389882c47bdf5feb9fed8bc638f,malwarebazaar,elf,"elf,exe,whack.sh",2026-08-29 04:00:07,2026-08-29 04:52:19,85
hash_md5,c18c4123773dacf5ba061f4c629e06fc,malwarebazaar,exe,"bezprokli,dropped-by-StealC,exe",2026-08-29 04:00:07,2026-08-29 04:52:19,85
hash_md5,c41723b28c67b991c78e40a049093c1f,malwarebazaar,AsyncRAT,js,2026-08-29 04:00:07,2026-08-29 04:52:19,85
hash_md5,c4c81c7e997f581d7cf664f4ea69969b,malwarebazaar,Mirai,"elf,Mirai",2026-08-29 04:00:07,2026-08-29 04:52:19,85
hash_md5,c4ccba10afc71478f63f86722793010c,malwarebazaar,elf,elf,2026-08-29 04:00:07,2026-08-29 04:52:19,85
hash_md5,c83d5669e56c025489aa0e3139f6ddaa,malwarebazaar,exe,exe,2026-08-29 04:00:07,2026-08-29 04:52:19,85
hash_md5,c9f512a84862d65ed08f123e2568b3c6,malwarebazaar,Mirai,elf,2026-08-29 04:00:07,2026-08-29 04:52:19,85
hash_md5,c9fb0548ba1e6e9ad092388922438a66,malwarebazaar,elf,elf,2026-08-29 04:00:07,2026-08-29 04:52:19,85
hash_md5,ca4c32268c4f82fe651e1807fa77b21c,malwarebazaar,elf,elf,2026-08-29 04:00:07,2026-08-29 04:52:19,85
hash_md5,ca7f159d094faa270decd3f57303de20,malwarebazaar,CoinMiner,"CoinMiner,exe,whack.sh",2026-08-29 04:00:07,2026-08-29 04:52:19,85
hash_md5,caebbdcc6f53ef93d4e1949442a4c864,malwarebazaar,elf,elf,2026-08-29 04:00:07,2026-08-29 04:52:19,85
hash_md5,cb21b2baa502dff62c2befb1f2e685ee,malwarebazaar,exe,exe,2026-08-29 04:00:07,2026-08-29 04:52:19,85
hash_md5,cb37d6a229ac99f17760682710b11620,malwarebazaar,Mirai,"elf,Mirai",2026-08-29 04:00:07,2026-08-29 04:52:19,85
hash_md5,cc1f8a0df02dd74a202eb543c3c6d268,malwarebazaar,Formbook,js,2026-08-29 04:00:07,2026-08-29 04:52:19,85
hash_md5,cddfbe7dd951395dd89967cdea8132ff,malwarebazaar,Mirai,elf,2026-08-29 04:00:07,2026-08-29 04:52:19,85
hash_md5,ce8d1832256dec31754bae896a2f65cc,malwarebazaar,Mirai,"elf,Mirai,upx",2026-08-29 04:00:07,2026-08-29 04:52:19,85
hash_md5,cf951224dc332272cc15853e85bdc665,malwarebazaar,elf,elf,2026-08-29 04:00:07,2026-08-29 04:52:19,85
hash_md5,d15c79708b203a4aa5a757edae651cbe,malwarebazaar,elf,elf,2026-08-29 04:00:07,2026-08-29 04:52:19,85
hash_md5,d20e421b8cf293e8ce7437e8317ad092,malwarebazaar,elf,elf,2026-08-29 04:00:07,2026-08-29 04:52:19,85
hash_md5,d675356368679861c4bdfed2a3e65b25,malwarebazaar,Mirai,"elf,upx",2026-08-29 04:00:07,2026-08-29 04:52:19,85
hash_md5,da52c42d5aa432502f803ed1df4c0374,malwarebazaar,elf,elf,2026-08-29 04:00:07,2026-08-29 04:52:19,85
hash_md5,daa91960cda33ce211168350395d9d2b,malwarebazaar,sh,sh,2026-08-29 04:00:07,2026-08-29 04:52:19,85
hash_md5,dac7126d240408dbef758ac849fa2846,malwarebazaar,sh,sh,2026-08-29 04:00:07,2026-08-29 04:52:19,85
hash_md5,de1d3eaf56b94532657ae93a17085cd2,malwarebazaar,AgentTesla,js,2026-08-29 04:00:07,2026-08-29 04:52:19,85
hash_md5,deb681556337863365182c46d33bf26a,malwarebazaar,RemcosRAT,exe,2026-08-29 04:00:07,2026-08-29 04:52:19,85
hash_md5,e16a09f85ca638a47bdc7001e9308cb5,malwarebazaar,sh,"enthec,sh",2026-08-29 04:00:07,2026-08-29 04:52:19,85
hash_md5,e206aa2449241fb33272484f64bda25f,malwarebazaar,Mirai,elf,2026-08-29 04:00:07,2026-08-29 04:52:19,85
hash_md5,e29a07b963ec96b1470e6ac74a67f5b7,malwarebazaar,Mirai,elf,2026-08-29 04:00:07,2026-08-29 04:52:19,85
hash_md5,e3703cdeccedead076891132965a91a4,malwarebazaar,exe,exe,2026-08-29 04:00:07,2026-08-29 04:52:19,85
hash_md5,e47b3526b1dd7be4abef5ef68c5e7fc5,malwarebazaar,elf,elf,2026-08-29 04:00:07,2026-08-29 04:52:19,85
hash_md5,e7100833586d913f132815c2d005e697,malwarebazaar,elf,elf,2026-08-29 04:00:07,2026-08-29 04:52:19,85
hash_md5,eab38465f4423f7abf0e066836511679,malwarebazaar,sh,sh,2026-08-29 04:00:07,2026-08-29 04:52:19,85
hash_md5,eae9dec5d97eebee5828ae79ef189341,malwarebazaar,Mirai,"elf,upx",2026-08-29 04:00:07,2026-08-29 04:52:19,85
hash_md5,eaf6b05d4deba01180fea6ccac72d3bb,malwarebazaar,exe,"exe,whack.sh",2026-08-29 04:00:07,2026-08-29 04:52:19,85
hash_md5,f0ac7ca33b3003d7d0f135d4d9a0bddc,malwarebazaar,sh,sh,2026-08-29 04:00:07,2026-08-29 04:52:19,85
hash_md5,f2b570c86ce00451ac5e5f80a5938412,malwarebazaar,Mirai,elf,2026-08-29 04:00:07,2026-08-29 04:52:19,85
hash_md5,f459cfb84fa2c766c24d6fffc72c89cc,malwarebazaar,elf,elf,2026-08-29 04:00:07,2026-08-29 04:52:19,85
hash_md5,f46427937a968cca3f9e262a4b61c70e,malwarebazaar,elf,elf,2026-08-29 04:00:07,2026-08-29 04:52:19,85
hash_md5,f612472e312f959e062d11b80c35ee50,malwarebazaar,Mirai,elf,2026-08-29 04:00:07,2026-08-29 04:52:19,85
hash_md5,f9f7e1bccab42493e14b31363349d8c0,malwarebazaar,AgentTesla,js,2026-08-29 04:00:07,2026-08-29 04:52:19,85
hash_sha256,00efeb56297aaea45fd98d961ff87cf1156e9cdd1ed701d5004603e43cecca98,malwarebazaar,Mirai,"elf,Mirai",2026-08-29 04:00:07,2026-08-29 04:52:19,85
hash_sha256,026a776abb605b4dc379910e17a8af656b96d4c6d95fd76d9dfd3468aa1f461a,malwarebazaar,Mirai,elf,2026-08-29 04:00:07,2026-08-29 04:52:19,85
hash_sha256,0570856a9fc80902063984f34a30db8f09b84fb656d38250a24207f0f34ba375,malwarebazaar,unknown,unknown,2026-08-29 04:00:07,2026-08-29 04:52:19,85
hash_sha256,05eff5d8b0c88a93df28112cbf7f0d94b09f81161bc58f07f4f7804110f45a8a,malwarebazaar,Mirai,elf,2026-08-29 04:00:07,2026-08-29 04:52:19,85
hash_sha256,076656055964b54f79ec144765cbecf715b6cb4231d9dfcc4d60bfc38711dc23,malwarebazaar,elf,elf,2026-08-29 04:00:07,2026-08-29 04:52:19,85
hash_sha256,09135232a0fbbbc07f54c3c546846d01f9f03e31d77fa7a9da1bf35a066e7034,malwarebazaar,elf,elf,2026-08-29 04:00:07,2026-08-29 04:52:19,85
hash_sha256,0942254c2d0744e234c0865aa592cc7ec6b368cfb43530180f5c65392e829ba7,malwarebazaar,Mirai,"elf,Mirai,upx-dec",2026-08-29 04:00:07,2026-08-29 04:52:19,85
hash_sha256,0c31e24649cf6e669ae85bf67c744b099f880697a5b283396af0d5eaf2e593a9,malwarebazaar,elf,elf,2026-08-29 04:00:07,2026-08-29 04:52:19,85
hash_sha256,0d0eef67900b261dfceed6b6de4d4486844dbeab763bb41c36e847fd9ed455d2,malwarebazaar,RemcosRAT,exe,2026-08-29 04:00:07,2026-08-29 04:52:19,85
hash_sha256,115aa23abd4cfbbf0d2ea720768ff49269d583e7cf3a55429cd77284e27274fd,malwarebazaar,elf,elf,2026-08-29 04:00:07,2026-08-29 04:52:19,85
hash_sha256,128743a17e29150ee40d6ab1f8f2bfb310b12a020400a01007640a1453ab8d7c,malwarebazaar,elf,elf,2026-08-29 04:00:07,2026-08-29 04:52:19,85
hash_sha256,13765187ec612f5deb6c760d876d63bcdbe79b4bb3cded46afbda6cc4b9b4321,malwarebazaar,unknown,enthec,2026-08-29 04:00:07,2026-08-29 04:52:19,85
hash_sha256,1494e1fbe094a19ccf07ed68425128e124e48852c496ef1f9c2e380c06140c35,malwarebazaar,Mirai,"elf,Mirai",2026-08-29 04:00:07,2026-08-29 04:52:19,85
hash_sha256,15ee28c12e98b972bb1c7f99656f8c17030ed906aae615c31521a027131b10b1,malwarebazaar,elf,elf,2026-08-29 04:00:07,2026-08-29 04:52:19,85
hash_sha256,19604d9d79d3dbf00fb87cd1ef0bbd3c6e8e42a537da03192d450bb6ab441a30,malwarebazaar,WannaCry,"dionaea,exe,WannaCry",2026-08-29 04:00:07,2026-08-29 04:52:19,85
hash_sha256,1a668ad5207a1c37ae0de00c14de2ee5f7c23e17acab21c7486977da6b12f115,malwarebazaar,sh,sh,2026-08-29 04:00:07,2026-08-29 04:52:19,85
hash_sha256,1c53a0ee082f53f584297c44d9d1ee40e5b835cfc4543d409178aad704fd8ce5,malwarebazaar,ValleyRAT,"dll,RAT,ValleyRAT",2026-08-29 04:00:07,2026-08-29 04:52:19,85
hash_sha256,1c95d14684618e20345c1d0eca439257d2133aa32030f55e3088c74804cfad2c,malwarebazaar,ValleyRAT,"dll,RAT,ValleyRAT",2026-08-29 04:00:07,2026-08-29 04:52:19,85
hash_sha256,1cc4d9747c9f49f26cd04a787c0664adc45b6d5624e5e8ffc25848df98adebd7,malwarebazaar,sh,sh,2026-08-29 04:00:07,2026-08-29 04:52:19,85
hash_sha256,1f2e6114e7b3b4fe1744b70b845ae4d10c72c790a3182063157f70cca61d2986,malwarebazaar,Mirai,elf,2026-08-29 04:00:07,2026-08-29 04:52:19,85
hash_sha256,2226f1d2f13f5212af2c1e1c37fbd58cbcd1dd1aee3a3c9c1ed1f4f7db31cb35,malwarebazaar,elf,elf,2026-08-29 04:00:07,2026-08-29 04:52:19,85
hash_sha256,233679af9c594196b5852d394dd4a93e0f4bf714bb053b994a6c9814463390bc,malwarebazaar,exe,"bezprokli,dropped-by-StealC,exe",2026-08-29 04:00:07,2026-08-29 04:52:19,85
hash_sha256,23be3461b480e547fbdc90e5013d7538a28e7c332ce198782bd1aa57614ce1d0,malwarebazaar,Mirai,"elf,Mirai",2026-08-29 04:00:07,2026-08-29 04:52:19,85
hash_sha256,2746f78d0f00c248df69156d5aa87984f809478b40786a06169225cb94287f75,malwarebazaar,elf,elf,2026-08-29 04:00:07,2026-08-29 04:52:19,85
hash_sha256,289f90256c209b6c27ce6bbd91d7975628776c3eb06d7c12b5fabe99f7d2cb49,malwarebazaar,application/x-dosexec,doc.exe,2026-08-29 04:00:07,2026-08-29 04:52:19,85
hash_sha256,29cf21b6dad5867728bef72db4a60059f430a65bb53da7b157a34ee63dfe40a7,malwarebazaar,exe,exe,2026-08-29 04:00:07,2026-08-29 04:52:19,85
hash_sha256,2d0ade75f45b041531c4905d34647da9a855f2ec5e47ad8c72383747a5d44e6a,malwarebazaar,sh,sh,2026-08-29 04:00:07,2026-08-29 04:52:19,85
hash_sha256,2edf8a0a080ae58212f7db7c075068407bf54e89fc76d6553722482b8f9c7b7f,malwarebazaar,sh,"enthec,sh",2026-08-29 04:00:07,2026-08-29 04:52:19,85
hash_sha256,31148b2ad6a4ea5e59db250e98e181ca14a25f2921f58dfeacb2f42ddb1c7147,malwarebazaar,Mirai,"elf,Mirai,upx-dec",2026-08-29 04:00:07,2026-08-29 04:52:19,85
hash_sha256,31826eac814568ecc4faa4ee12591a2e9343bbed280c9005a0616b71d7891fef,malwarebazaar,elf,elf,2026-08-29 04:00:07,2026-08-29 04:52:19,85
hash_sha256,323f105c82bfa309e4f55216259f56ff45b742ac8dcd46aba0b1fc1e14a30fa0,malwarebazaar,elf,elf,2026-08-29 04:00:07,2026-08-29 04:52:19,85
hash_sha256,32c44f326612aad02fc53493f988f122ca728cf1bf7123761206dd071d659bec,malwarebazaar,Mirai,"elf,Mirai,upx",2026-08-29 04:00:07,2026-08-29 04:52:19,85
hash_sha256,3503ad7ea186eaeb8ae4dbb0103d73863c670581cefbaff77051fc97f222201d,malwarebazaar,Mirai,elf,2026-08-29 04:00:07,2026-08-29 04:52:19,85
hash_sha256,3508d815f300a5b7cb53b915e1712bb2b1586ed1fd519a20bd0593cffc6ad033,malwarebazaar,Mirai,"elf,Mirai,upx-dec",2026-08-29 04:00:07,2026-08-29 04:52:19,85
hash_sha256,362f7ae7c0a3a8d0460993a115ea5a50204f25be461954ce91642d61ce43252c,malwarebazaar,Mirai,"elf,Mirai,upx-dec",2026-08-29 04:00:07,2026-08-29 04:52:19,85
hash_sha256,38c996339220c97f92c3ea9059dc351757cb1eee3cf23ba0b35cf63e5906b859,malwarebazaar,Mirai,"elf,Mirai,upx-dec",2026-08-29 04:00:07,2026-08-29 04:52:19,85
hash_sha256,38ede0841f4d1b161cc2b1e0857893e596d843703aa16adf32cbdfe37e208057,malwarebazaar,LiquidRAT,exe,2026-08-29 04:00:07,2026-08-29 04:52:19,85
hash_sha256,398da2e951f8287d6aa7e53c1c9c0748a5c39af3353b8af94020036fcb9d5bef,malwarebazaar,exe,"exe,signed,Vidar",2026-08-29 04:00:07,2026-08-29 04:52:19,85
hash_sha256,3e0c753106696d164c0c35bbbbdbcfb2fdad0e945ce87fb3083763e84d1dd168,malwarebazaar,Mirai,"elf,Mirai,upx",2026-08-29 04:00:07,2026-08-29 04:52:19,85
hash_sha256,40fa6e92779515d8f47e645f8a4eb0d11f723147cafc95c384b55bb7cb3b13a9,malwarebazaar,elf,elf,2026-08-29 04:00:07,2026-08-29 04:52:19,85
hash_sha256,4520835624caa14d1b31ec6cb41feabd0d8e7becc150845fcc1dd3b3daa7f884,malwarebazaar,Mirai,"elf,upx",2026-08-29 04:00:07,2026-08-29 04:52:19,85
hash_sha256,4606dccd94c5ae38a4575370340db3c81d9333f3b7f20a3bf02fe0df1f81b9d3,malwarebazaar,elf,elf,2026-08-29 04:00:07,2026-08-29 04:52:19,85
hash_sha256,469d698616159e4ae7190eaaccb2d5e338a5f70080178714ce1cd6eb9e44dc1c,malwarebazaar,elf,elf,2026-08-29 04:00:07,2026-08-29 04:52:19,85
hash_sha256,4707416aec7f68eb824597dc8cab69efd3bfafcf1f0c92a91cb4fba1325264ff,malwarebazaar,elf,elf,2026-08-29 04:00:07,2026-08-29 04:52:19,85
hash_sha256,496fc76b8f9e9bfd64696b76de8e09572301a748df48e9ef7186e55c75dae259,malwarebazaar,elf,elf,2026-08-29 04:00:07,2026-08-29 04:52:19,85
hash_sha256,4e4e1863e1521a9ed6faaae28e08a7c3e37b3752a398aef77fc65290e04c4aa4,malwarebazaar,sh,"enthec,sh",2026-08-29 04:00:07,2026-08-29 04:52:19,85
hash_sha256,507a91f9c3e06ea1e0c8bdfa2891d2eb433524ca0ff5021988000bbb44639998,malwarebazaar,elf,"elf,upx",2026-08-29 04:00:07,2026-08-29 04:52:19,85
hash_sha256,50a4872735165a9a12ddcfe06510e262c98a5e1eaf1e422831bc2abcf0f162ed,malwarebazaar,Mirai,"elf,Mirai,upx-dec",2026-08-29 04:00:07,2026-08-29 04:52:19,85
hash_sha256,51d2fe42168aea37cbf45483b27c87bd82bff31ec092be890990f10fbdd69fbf,malwarebazaar,Mirai,elf,2026-08-29 04:00:07,2026-08-29 04:52:19,85
hash_sha256,5288ce6ae58c146f5eb06793e1d9efadcd7f6c7db3c66b2f1014a4645900454e,malwarebazaar,elf,elf,2026-08-29 04:00:07,2026-08-29 04:52:19,85
hash_sha256,539c8a1c0a021296f75904a05d5dff8fb0fe2262696cd672ff00de0b46730c19,malwarebazaar,Mirai,elf,2026-08-29 04:00:07,2026-08-29 04:52:19,85
hash_sha256,564f1ed135185a33839ce1bce39fe409fc0219b313ab4e007ac6b4ff0608e7e6,malwarebazaar,Mirai,elf,2026-08-29 04:00:07,2026-08-29 04:52:19,85
hash_sha256,566d053e454ae2efcf82d41a94af85effe0d46287a70bedacb80f10fb1e1e069,malwarebazaar,exe,exe,2026-08-29 04:00:07,2026-08-29 04:52:19,85
hash_sha256,569a24c2127f66f56ee009483113f0c10963dd5cb509c7556fb492dab716895c,malwarebazaar,sh,sh,2026-08-29 04:00:07,2026-08-29 04:52:19,85
hash_sha256,57f121094a76f28192f775dd19329c74e38ae9f028a79b3e5ef43baa9fa113e0,malwarebazaar,exe,exe,2026-08-29 04:00:07,2026-08-29 04:52:19,85
hash_sha256,5804a9c2f5d8dbdd9d49476df3cf29c43dcf425f541a09ecef3d80e571a24bdb,malwarebazaar,sh,sh,2026-08-29 04:00:07,2026-08-29 04:52:19,85
hash_sha256,5abd582d1d4d5e60216db19a7682c84750d9687ab38b4f0e0340ce0af755069e,malwarebazaar,sh,sh,2026-08-29 04:00:07,2026-08-29 04:52:19,85
hash_sha256,612ddc66df41e161673bd39aac090e5eec0fd49153c436e502781835ba72fc26,malwarebazaar,elf,elf,2026-08-29 04:00:07,2026-08-29 04:52:19,85
hash_sha256,623dc2dbd3686139e03d738a5d8770064f4a356477fc5a1dd1f79cc1292a4a02,malwarebazaar,Mirai,"elf,Mirai,upx-dec",2026-08-29 04:00:07,2026-08-29 04:52:19,85
hash_sha256,6529e3500de7cc4a42006c3b27bc59bf8e227a796dfd69edce8a0e4f3a97ffa5,malwarebazaar,Mirai,sh,2026-08-29 04:00:07,2026-08-29 04:52:19,85
hash_sha256,669664e380b29d42736475ca0949cc81a4514e2c0e9d839a1bebccc2a40888d0,malwarebazaar,exe,"exe,signed,Vidar",2026-08-29 04:00:07,2026-08-29 04:52:19,85
hash_sha256,6699ac34939161f98abfb741da2e8c20d4a7ac373a9927e84eeb9605a97e8f57,malwarebazaar,Prometei,elf,2026-08-29 04:00:07,2026-08-29 04:52:19,85
hash_sha256,67ed68462fe1c9ca071c21cd3799e83e8a6db2e1e4bd7d52bd3ca030e5c2e2aa,malwarebazaar,AgentTesla,js,2026-08-29 04:00:07,2026-08-29 04:52:19,85
hash_sha256,68bc2841756cdbc904f0e07f94a357fe74c11dd1c91adf8742aeb769aa72c83b,malwarebazaar,elf,elf,2026-08-29 04:00:07,2026-08-29 04:52:19,85
hash_sha256,69d551dbb178fdb81d98c1e903486924cbf5ffe19ae1525b5e3414d6c5f100d7,malwarebazaar,exe,exe,2026-08-29 04:00:07,2026-08-29 04:52:19,85
hash_sha256,6a51b7afc90e3e05ffad718d768d0a26dd94c604947788a34acd90962fb055e6,malwarebazaar,elf,elf,2026-08-29 04:00:07,2026-08-29 04:52:19,85
hash_sha256,6ae503b3ee113406e80f9ec06b42800843cd655e2307b4b4c934a72efbd72085,malwarebazaar,RemusStealer,"A,dropped-by-GCleaner,exe,MIX7.file,RemusStealer,signed",2026-08-29 04:00:07,2026-08-29 04:52:19,85
hash_sha256,6f388f379301aba42801abdbdf0cde24f87037412835a837282994096c842b41,malwarebazaar,elf,"elf,exe,whack.sh",2026-08-29 04:00:07,2026-08-29 04:52:19,85
hash_sha256,73b846f0e2482253bdf5c109ecc11bb35d60ad61955c32bc04db531260222885,malwarebazaar,Mirai,"elf,Mirai,upx-dec",2026-08-29 04:00:07,2026-08-29 04:52:19,85
hash_sha256,7633415ed260cc3aa9a1eb305ef15e3feb565723c90f307b916cb687c678987c,malwarebazaar,sh,sh,2026-08-29 04:00:07,2026-08-29 04:52:19,85
hash_sha256,76af6d537f3677d28220b662a4c2730cbda6e37e179ba37fd74f7b0442d14600,malwarebazaar,Mirai,"elf,Mirai",2026-08-29 04:00:07,2026-08-29 04:52:19,85
hash_sha256,78e259dcd058a57d142509d781fdc0950b4fa8f571b921b58be3cbd552db00c0,malwarebazaar,Mirai,"elf,Mirai",2026-08-29 04:00:07,2026-08-29 04:52:19,85
hash_sha256,7abf2bb2914ed8efc26341a69be1dad31138154bb737173cd0f8604cd6d43736,malwarebazaar,sh,sh,2026-08-29 04:00:07,2026-08-29 04:52:19,85
hash_sha256,7b82c62506e999d862b602dfda787ad0626fc52ab92a64e44a06a58f5a321f76,malwarebazaar,elf,elf,2026-08-29 04:00:07,2026-08-29 04:52:19,85
hash_sha256,8001644ecc936db546b1c0919dd2205def51f250f4dc7e9bc3aae8d110422998,malwarebazaar,exe,"exe,whack.sh",2026-08-29 04:00:07,2026-08-29 04:52:19,85
hash_sha256,82ac1f4a9280167e3c38e1dec94ed5bc4b8cdcd904b784df17a13a6d3534c61f,malwarebazaar,Mirai,elf,2026-08-29 04:00:07,2026-08-29 04:52:19,85
hash_sha256,83fe0d43758074f5f8443ea99c84e540eb640508ae654daaf16e93dd8f303a4b,malwarebazaar,exe,"exe,Vidar",2026-08-29 04:00:07,2026-08-29 04:52:19,85
hash_sha256,8518772d594cb0c737c7a27f1287f7ee199fe3b5c68aae55fef0359ee77f3add,malwarebazaar,unknown,"bezprokli,dropped-by-StealC",2026-08-29 04:00:07,2026-08-29 04:52:19,85
hash_sha256,8b2c5e25c403eedc462e96b70619e9aa90eedf2da6256ba38a88eaedeaed8349,malwarebazaar,hta,hta,2026-08-29 04:00:07,2026-08-29 04:52:19,85
hash_sha256,8bcca6e590960d8267f6e0e034e46b5275d81afa2f92930cf37db2e5be14adc5,malwarebazaar,elf,elf,2026-08-29 04:00:07,2026-08-29 04:52:19,85
hash_sha256,8d32b70e21e5e6205cf2d1eb5dccfa29d8eb0307ad9b42e355f99f3a80143c90,malwarebazaar,elf,elf,2026-08-29 04:00:07,2026-08-29 04:52:19,85
hash_sha256,8d5c366bd9ca172d40550759c87a36a9dfb979dc265f4432ef950683fec47103,malwarebazaar,sh,sh,2026-08-29 04:00:07,2026-08-29 04:52:19,85
hash_sha256,8e26c7f9d1f90a564b9f509dc669a736b864be32a1d6610e5b3adf0a1fb2a4a6,malwarebazaar,Mirai,elf,2026-08-29 04:00:07,2026-08-29 04:52:19,85
hash_sha256,8e4fad3da1a1c4fe5f7e5ac17fe7d4d01b6f1a1f7833ec7066b00fefb9f9ad8e,malwarebazaar,exe,"exe,Vidar",2026-08-29 04:00:07,2026-08-29 04:52:19,85
hash_sha256,8f49106f70495ad22fd2495434edf0b1a1bad213bda75ee73b893ec1384cae6c,malwarebazaar,sh,sh,2026-08-29 04:00:07,2026-08-29 04:52:19,85
hash_sha256,92baf0204cc06daf6e9c580a27b820e9e13c994d2a3feadb7e3389177ce787d3,malwarebazaar,Mirai,"elf,upx",2026-08-29 04:00:07,2026-08-29 04:52:19,85
hash_sha256,93032e9ac08ca56781042976ce4ef2af102d5d0a127f75527faced8dc4d007da,malwarebazaar,Mirai,elf,2026-08-29 04:00:07,2026-08-29 04:52:19,85
hash_sha256,93b630ee10810afba4688c1025b2c33817c2ff4c4474d8e4434881a0b3733d7a,malwarebazaar,CoinMiner,"CoinMiner,exe,whack.sh",2026-08-29 04:00:07,2026-08-29 04:52:19,85
hash_sha256,973fde387c8bcd327653464927da21c45b91170fcfb68f47df4496eeb3a1ba9e,malwarebazaar,Mirai,"elf,Mirai,upx-dec",2026-08-29 04:00:07,2026-08-29 04:52:19,85
hash_sha256,97eb8319e824306b3b49c101ee080ac07bd5ea4ef08a95a86f43237fdf16717d,malwarebazaar,exe,exe,2026-08-29 04:00:07,2026-08-29 04:52:19,85
hash_sha256,99890bb10d0cb653b009770c5fe1aeb24cd394ede9623a1463b46dc01e8d8b9f,malwarebazaar,Mirai,"elf,Mirai,upx",2026-08-29 04:00:07,2026-08-29 04:52:19,85
hash_sha256,99c63091fe2e7df5940d6efb374926c15054e684b3b8565b9372e17ac15ca5ad,malwarebazaar,Mirai,"elf,Mirai",2026-08-29 04:00:07,2026-08-29 04:52:19,85
hash_sha256,9a700d6d958087a9a398a50ba4db006129f5df904d8df034de6a5bc741742a23,malwarebazaar,Mirai,"elf,Mirai,upx-dec",2026-08-29 04:00:07,2026-08-29 04:52:19,85
hash_sha256,9b50369203c175e02a60b6a49a0daae418ccde3ec584017c9a18793eac389bf9,malwarebazaar,elf,elf,2026-08-29 04:00:07,2026-08-29 04:52:19,85
hash_sha256,9cd8049a85aee23235dc7547222758361e87424e4754f9c177c853122da17a5b,malwarebazaar,Mirai,elf,2026-08-29 04:00:07,2026-08-29 04:52:19,85
hash_sha256,9fb150b1512a61d9b5ce154efe3790004965c13da354daf015a3ed5faea9a5fa,malwarebazaar,elf,elf,2026-08-29 04:00:07,2026-08-29 04:52:19,85
hash_sha256,a11f988b26337af7daeb3c29caba67f2f9e3591552f4494b3bd08f89ef615959,malwarebazaar,Mirai,"elf,Mirai",2026-08-29 04:00:07,2026-08-29 04:52:19,85
hash_sha256,a2af6a81242425eee89e34fba35b073d7e58e5fff8a0bd6997c33748d8fc6781,malwarebazaar,sh,sh,2026-08-29 04:00:07,2026-08-29 04:52:19,85
hash_sha256,a2e7d31b4dbbbcaf3c4d039ba4aeea562d26f58b4268711535300454a1c267ee,malwarebazaar,elf,elf,2026-08-29 04:00:07,2026-08-29 04:52:19,85
hash_sha256,a874fbca4692d90fd9864bb58df89282abf03e75ea9f87bbd44f5a6416c05faf,malwarebazaar,Mirai,"elf,Mirai,upx",2026-08-29 04:00:07,2026-08-29 04:52:19,85
hash_sha256,a8d886700ef7df35013c7250754daf40c0c8f7b67ac640f6acdf1803c65e61c2,malwarebazaar,elf,elf,2026-08-29 04:00:07,2026-08-29 04:52:19,85
hash_sha256,a96b3408ac0d25a0d9396250c0776619fd60ba9308054347481428c191a1b5dc,malwarebazaar,sh,sh,2026-08-29 04:00:07,2026-08-29 04:52:19,85
hash_sha256,aa3b24a1f46cf65fc1a33c1b374dad42a0fd56c703ec43616559a9a402fcfa12,malwarebazaar,Mirai,"elf,upx",2026-08-29 04:00:07,2026-08-29 04:52:19,85
hash_sha256,aa5ceb0c3e268bf51e928179ab2a18d0c358f5b99cbe721ec5104e45274eacbb,malwarebazaar,sh,sh,2026-08-29 04:00:07,2026-08-29 04:52:19,85
hash_sha256,ab89c7469d28516a5332516f22665457f5b505c8c49799957cad67b025d75e49,malwarebazaar,elf,elf,2026-08-29 04:00:07,2026-08-29 04:52:19,85
hash_sha256,afc335001b3a832524ce0f5894bb62f4a6baf4e7aa9eeedee64435993822365e,malwarebazaar,sh,sh,2026-08-29 04:00:07,2026-08-29 04:52:19,85
hash_sha256,b10aea7eb8148ed909cf3b9809183d275be7f754077a7771f8802c6c4a231135,malwarebazaar,exe,exe,2026-08-29 04:00:07,2026-08-29 04:52:19,85
hash_sha256,b2279b1fcb9b102f2cc34eb8cb4d69f4bd80fc3cc778a6a199c9a77adb32e11a,malwarebazaar,elf,elf,2026-08-29 04:00:07,2026-08-29 04:52:19,85
hash_sha256,b346ec4586cb8adb730f695932f25b620abaf4506aa6a689d465577ac7b59d52,malwarebazaar,AgentTesla,js,2026-08-29 04:00:07,2026-08-29 04:52:19,85
hash_sha256,b4548e4c6965ec9e299eded85c90afef4420a5dc85d2a60523d7d94eed9f7688,malwarebazaar,Mirai,elf,2026-08-29 04:00:07,2026-08-29 04:52:19,85
hash_sha256,b54b7ee31137d58095b72a4dbf3fba24709241c3404177d0b0d60dc7d9a1cd8a,malwarebazaar,elf,elf,2026-08-29 04:00:07,2026-08-29 04:52:19,85
hash_sha256,b66dc057b2be059d5c53ea8395b2e354f0300d4041f07eb1b2732828a3e72eb6,malwarebazaar,elf,elf,2026-08-29 04:00:07,2026-08-29 04:52:19,85
hash_sha256,b8194e692fcca6f142c880dc630ced9841c2f5e27bad386391547733c889cbe6,malwarebazaar,elf,elf,2026-08-29 04:00:07,2026-08-29 04:52:19,85
hash_sha256,bca426f840d78e4646be1ec26403078f9b52b5c2a34dc26fe0da903f266f7a2b,malwarebazaar,Mirai,"elf,Mirai,upx-dec",2026-08-29 04:00:07,2026-08-29 04:52:19,85
hash_sha256,be0627710ef98d6435477520cf751700a8edd4e7da6ab589835c7b4c01c1ef90,malwarebazaar,AgentTesla,js,2026-08-29 04:00:07,2026-08-29 04:52:19,85
hash_sha256,c0f48a5e82d94721e88614c2611f415ed7a8e6e9d0cf105b02e0ac84f931b9bb,malwarebazaar,sh,"cowrie,expkit,honeypot,sh",2026-08-29 04:00:07,2026-08-29 04:52:19,85
hash_sha256,c4a95654994d20dc982d63e95885f00f976949d1b451419bacce463baf9cfcc3,malwarebazaar,sh,sh,2026-08-29 04:00:07,2026-08-29 04:52:19,85
hash_sha256,cc9ed5ce4e074bdc77b4aa76e1ed34c8213fce9433f629a822b0b6462a7bc881,malwarebazaar,exe,"dropped-by-GCleaner,exe,U,UNIQ.file",2026-08-29 04:00:07,2026-08-29 04:52:19,85
hash_sha256,cdbaf394a5131c73749596457d10837466f437b245986fadf409290ddaf18629,malwarebazaar,RemcosRAT,js,2026-08-29 04:00:07,2026-08-29 04:52:19,85
hash_sha256,cef78d2bfcbef0d80388d7f4caaa8a8fa85dae46ba21354168d892348982ae2b,malwarebazaar,Mirai,elf,2026-08-29 04:00:07,2026-08-29 04:52:19,85
hash_sha256,cff9a967cf6dc52a77d084965adcb87ebe89385d312ba09a5b04dec1d7fb7bad,malwarebazaar,Mirai,"elf,Mirai",2026-08-29 04:00:07,2026-08-29 04:52:19,85
hash_sha256,d03ef8fdb39302e0bff56f9ed088e6aa1775b6979ba540ff801bbc7047d97c09,malwarebazaar,Mirai,"elf,upx",2026-08-29 04:00:07,2026-08-29 04:52:19,85
hash_sha256,d04641e40e59057c84432193c93e7f48995094ee014efe9560ad31461d49fc7e,malwarebazaar,elf,elf,2026-08-29 04:00:07,2026-08-29 04:52:19,85
hash_sha256,d08c7e654cc02a64d08ef113e7141c55a27e143c1ad0c5493e35f204de2b2561,malwarebazaar,Mirai,"elf,Mirai,upx",2026-08-29 04:00:07,2026-08-29 04:52:19,85
hash_sha256,d282ddd890cb4abca9d57ed70478597ff96a4ff90f02d2072998bf75c74720f7,malwarebazaar,Vidar,"exe,signed,Vidar",2026-08-29 04:00:07,2026-08-29 04:52:19,85
hash_sha256,d28f33b9920228a51c53a59750f77fb13bb9ef1e381a7d6c996c8f020a0c007a,malwarebazaar,Mirai,elf,2026-08-29 04:00:07,2026-08-29 04:52:19,85
hash_sha256,d7b1dda543ca4189a90a5afbe2c91533fe3e2cefb45e7cb09c0b7452e0fc11ef,malwarebazaar,elf,elf,2026-08-29 04:00:07,2026-08-29 04:52:19,85
hash_sha256,d7b9d3b4b3bc61158b31109cb1aead07c35ee7c88a6c3251ff15fcaa1ce9bd68,malwarebazaar,AsyncRAT,js,2026-08-29 04:00:07,2026-08-29 04:52:19,85
hash_sha256,d91ff636d4b2260e16e231bf7946371b5bee421bc494373e236ff90eeefdf8de,malwarebazaar,exe,"exe,whack.sh",2026-08-29 04:00:07,2026-08-29 04:52:19,85
hash_sha256,db8323313727def65b3850c03dde72aa1563e92139568ac87dc5e91cfe328542,malwarebazaar,Mirai,elf,2026-08-29 04:00:07,2026-08-29 04:52:19,85
hash_sha256,dc64ab788960a45efdf4d0db302f7824e6d35c0f28f68ad6142d1a149da5779c,malwarebazaar,Mirai,"elf,upx",2026-08-29 04:00:07,2026-08-29 04:52:19,85
hash_sha256,dc8ba3e097af2db0d75c1a99091c6e3263fda0feba5d538bf9503a21d57b0a46,malwarebazaar,AgentTesla,js,2026-08-29 04:00:07,2026-08-29 04:52:19,85
hash_sha256,dcd749a49fa92bb61be707bd0b85861dcada43a122af31be2cc10eba41920296,malwarebazaar,Mirai,"elf,Mirai",2026-08-29 04:00:07,2026-08-29 04:52:19,85
hash_sha256,dd196dacf07be298a36a3e68cc577a90533bc5179291812a923949f6ba3fae23,malwarebazaar,NanoCore,"exe,NanoCore,RAT",2026-08-29 04:00:07,2026-08-29 04:52:19,85
hash_sha256,dede26a6da1bfd2ba7919ff85db8d363fc4ce1637922b0c93655c80a41769b45,malwarebazaar,sh,sh,2026-08-29 04:00:07,2026-08-29 04:52:19,85
hash_sha256,dfe9692ce882443b3884b0b74634d803664ad333788eb5e7bbb10b2e2c04ad51,malwarebazaar,sh,sh,2026-08-29 04:00:07,2026-08-29 04:52:19,85
hash_sha256,e285b89483b4c0212a89330b86311918e472ccf15bc13848d30fb98561790840,malwarebazaar,elf,elf,2026-08-29 04:00:07,2026-08-29 04:52:19,85
hash_sha256,e42182a5b47e1873b33dda5d7bbb77918250dc87aa21219763d5134d95557306,malwarebazaar,Mirai,elf,2026-08-29 04:00:07,2026-08-29 04:52:19,85
hash_sha256,e597fbb056bbea26a8f7f9b73ad104cae3c47915f13011232e6c5113b9010cc1,malwarebazaar,Mirai,"elf,Mirai",2026-08-29 04:00:07,2026-08-29 04:52:19,85
hash_sha256,e5c80f6c934aca119a13b328b9cc6785be1e5e786b23a135eebf0acbf5ba2d78,malwarebazaar,Mirai,"elf,upx",2026-08-29 04:00:07,2026-08-29 04:52:19,85
hash_sha256,e63527c16e1feb305eb83e9957b82f63f7bc0d1172708c2ac1cd01b84e0a8d10,malwarebazaar,elf,elf,2026-08-29 04:00:07,2026-08-29 04:52:19,85
hash_sha256,e776b7f83b6352458c4a98682b36b5c29550a527371b677c71737626cee44184,malwarebazaar,exe,exe,2026-08-29 04:00:07,2026-08-29 04:52:19,85
hash_sha256,e87c3137125c1cf104556f9f3f309009e73a64b4a17be4f6ee11a6272d2dec48,malwarebazaar,exe,"d52f85,dropped-by-Amadey,exe",2026-08-29 04:00:07,2026-08-29 04:52:19,85
hash_sha256,eb4a0bc63dd5330e17ab132224236735b0ae5a0b0d9e81644343da429f572f5f,malwarebazaar,AsyncRAT,js,2026-08-29 04:00:07,2026-08-29 04:52:19,85
hash_sha256,ee1ea484d55006055c6b84cf18a5c82cf48fefaccad153ad9dd2acbd56acb781,malwarebazaar,Formbook,js,2026-08-29 04:00:07,2026-08-29 04:52:19,85
hash_sha256,ef01e1d79f8db35714dbd6fc9dc22c2615de037a1912ed3dd6705a202093056e,malwarebazaar,elf,elf,2026-08-29 04:00:07,2026-08-29 04:52:19,85
hash_sha256,f400fb73a6cefe697679fcde42d1a1bbbedd9bb8f487300aa595d867aeb5216c,malwarebazaar,Mirai,elf,2026-08-29 04:00:07,2026-08-29 04:52:19,85
hash_sha256,f5c521a4e0ac439a81f69db3fe28918c26704a7b3016c703a3b82dede7e444fb,malwarebazaar,elf,elf,2026-08-29 04:00:07,2026-08-29 04:52:19,85
hash_sha256,f7f7ddc53bc65bfcff4f42d8eb453d0b925dd6eac6821aad29af74b4ba451ff8,malwarebazaar,Mirai,"elf,Mirai,upx-dec",2026-08-29 04:00:07,2026-08-29 04:52:19,85
hash_sha256,f9b347986b885a1bb954b4b8feef920f3602eaae2059c36db9b8d847973e4b8e,malwarebazaar,exe,"bezprokli,dropped-by-StealC,exe",2026-08-29 04:00:07,2026-08-29 04:52:19,85
hash_sha256,fe2c6aba2db1b8bbc87b0351e18374a8793fc1c640ed86cb887e28823e09e186,malwarebazaar,Mirai,elf,2026-08-29 04:00:07,2026-08-29 04:52:19,85
hash_sha256,fe7914a2d368d18515c47a4873a976a794f8146db0afda2211b72005321abb69,malwarebazaar,sh,sh,2026-08-29 04:00:07,2026-08-29 04:52:19,85
ip,1.13.251.23,threatfox,VShell,"threatfox,vshell",2026-08-28 16:06:18,2026-08-29 04:52:19,85
ip,106.13.46.38,threatfox,XMRIG,"threatfox,mdrfckr,outlaw,ssh-bruteforce,xmrig",2026-08-28 16:06:18,2026-08-29 04:52:19,85
ip,13.220.213.63,threatfox,AdaptixC2,"threatfox,adaptix",2026-08-28 16:06:18,2026-08-29 04:52:19,85
ip,144.48.124.92,threatfox,VShell,"threatfox,vshell",2026-05-11 04:33:03,2026-08-29 04:52:19,85
ip,145.239.85.111,threatfox,XMRIG,"threatfox,mdrfckr,outlaw,ssh-bruteforce,xmrig",2026-08-28 16:06:18,2026-08-29 04:52:19,85
ip,162.243.103.246,feodotracker,Emotet,"c2,botnet,port:8080",2026-04-11 03:35:43,2026-08-29 04:52:19,90
ip,169.239.128.75,threatfox,VShell,"threatfox,vshell",2026-08-22 04:07:56,2026-08-29 04:52:19,85
ip,172.111.163.164,threatfox,Remcos,"threatfox,c2,Crypters&tools,Remcos",2026-08-28 16:06:18,2026-08-29 04:52:19,85
ip,178.62.3.223,feodotracker,QakBot,"c2,botnet,port:443",2026-04-11 03:35:43,2026-08-29 04:52:19,90
ip,192.229.96.31,threatfox,VShell,"threatfox,vshell",2026-08-14 20:13:09,2026-08-29 04:52:19,85
ip,194.36.85.31,threatfox,XMRIG,"threatfox,mdrfckr,outlaw,ssh-bruteforce,xmrig",2026-08-28 16:06:18,2026-08-29 04:52:19,85
ip,197.140.9.148,threatfox,XMRIG,"threatfox,mdrfckr,outlaw,ssh-bruteforce,xmrig",2026-08-28 16:06:18,2026-08-29 04:52:19,85
ip,209.97.138.100,threatfox,Aisuru,"threatfox,Aisuru,c2",2026-08-24 16:06:11,2026-08-29 04:52:19,85
ip,27.133.154.218,feodotracker,QakBot,"c2,botnet,port:443",2026-03-10 22:13:04,2026-08-29 04:52:19,90
ip,34.204.119.63,feodotracker,QakBot,"c2,botnet,port:443",2026-04-11 03:35:43,2026-08-29 04:52:19,90
ip,43.129.53.19,threatfox,XMRIG,"threatfox,mdrfckr,outlaw,ssh-bruteforce,xmrig",2026-08-28 16:06:18,2026-08-29 04:52:19,85
ip,45.17.39.120,threatfox,XMRIG,"threatfox,mdrfckr,outlaw,ssh-bruteforce,xmrig",2026-08-28 16:06:18,2026-08-29 04:52:19,85
ip,50.16.16.211,feodotracker,QakBot,"c2,botnet,port:443",2026-04-11 03:35:43,2026-08-29 04:52:19,90
ip,80.15.193.156,threatfox,XMRIG,"threatfox,mdrfckr,outlaw,ssh-bruteforce,xmrig",2026-08-28 16:06:18,2026-08-29 04:52:19,85
ssl_sha1,022705f793dd54eb9aa5c4b1e1d5717c8a6d1831,sslbl,Vidar C&C,"sslbl,2026-07-02",2026-07-02 14:36:15,2026-08-29 04:52:19,88
ssl_sha1,078541bcc8ca1f620034dc2b29cbd968faf02ea6,sslbl,KongTuke C&C,"sslbl,2026-06-28",2026-06-29 02:36:04,2026-08-29 04:52:19,88
ssl_sha1,22254f34fc7bb27507295179034e621efba15cfe,sslbl,MaskGramStealer C&C,"sslbl,2026-06-25",2026-06-25 17:27:22,2026-08-29 04:52:19,88
ssl_sha1,35f7eb4f519f8878beb88a02587ce4d82df24ce6,sslbl,KongTuke C&C,"sslbl,2026-06-25",2026-06-26 05:25:58,2026-08-29 04:52:19,88
ssl_sha1,4914d714908de0f52c22349b5b784f77442a27e6,sslbl,Vidar C&C,"sslbl,2026-06-25",2026-06-25 17:27:22,2026-08-29 04:52:19,88
ssl_sha1,85725890743b16375132651911e3f692115128a8,sslbl,Vidar C&C,"sslbl,2026-06-27",2026-06-27 17:26:53,2026-08-29 04:52:19,88
ssl_sha1,fe953073145cd029ffb7408e5161aace4e903c6d,sslbl,Vidar C&C,"sslbl,2026-07-02",2026-07-02 14:36:15,2026-08-29 04:52:19,88
url,http://111.185.147.232:59432/Mozi.m,urlhaus,malware_download,"elf,iot,mirai,Mozi",2026-08-29 04:00:07,2026-08-29 04:52:19,85
url,http://112.226.189.193:45227/bin.sh,urlhaus,malware_download,"32-bit,arm,elf,mirai,Mozi",2026-08-29 04:00:07,2026-08-29 04:52:19,85
url,http://112.248.108.207:43604/i,urlhaus,malware_download,"32-bit,elf,mips,Mozi",2026-08-29 04:00:07,2026-08-29 04:52:19,85
url,http://113.221.24.213:45414/i,urlhaus,malware_download,"32-bit,arm,elf,mirai,Mozi",2026-08-29 04:00:07,2026-08-29 04:52:19,85
url,http://115.62.179.188:47191/bin.sh,urlhaus,malware_download,"32-bit,elf,mips,Mozi",2026-08-29 04:00:07,2026-08-29 04:52:19,85
url,http://115.62.179.188:47191/i,urlhaus,malware_download,"32-bit,elf,mips,Mozi",2026-08-29 04:00:07,2026-08-29 04:52:19,85
url,http://123.12.163.255:60440/bin.sh,urlhaus,malware_download,"32-bit,elf,mips,Mozi",2026-08-29 04:00:07,2026-08-29 04:52:19,85
url,http://123.12.163.255:60440/i,urlhaus,malware_download,"32-bit,elf,mips,Mozi",2026-08-29 04:00:07,2026-08-29 04:52:19,85
url,http://123.14.81.254:44140/bin.sh,urlhaus,malware_download,"32-bit,elf,mips,Mozi",2026-08-29 04:00:07,2026-08-29 04:52:19,85
url,http://123.14.81.254:44140/i,urlhaus,malware_download,"32-bit,elf,mips,Mozi",2026-08-29 04:00:07,2026-08-29 04:52:19,85
url,http://124.235.169.39:39615/i,urlhaus,malware_download,"32-bit,arm,elf,mirai,Mozi",2026-08-29 04:00:07,2026-08-29 04:52:19,85
url,http://175.107.209.163:45781/bin.sh,urlhaus,malware_download,"32-bit,arm,elf,mirai,Mozi",2026-08-29 04:00:07,2026-08-29 04:52:19,85
url,http://175.107.209.163:45781/i,urlhaus,malware_download,"32-bit,arm,elf,mirai,Mozi",2026-08-29 04:00:07,2026-08-29 04:52:19,85
url,http://175.107.38.23:49747/Mozi.m,threatfox,Mozi,"threatfox,elf,iot,Mozi",2026-08-28 16:06:18,2026-08-29 04:52:19,85
url,http://175.150.244.110:45518/i,urlhaus,malware_download,"32-bit,elf,mips,Mozi",2026-08-29 04:00:07,2026-08-29 04:52:19,85
url,http://175.150.67.86:47673/bin.sh,urlhaus,malware_download,"32-bit,elf,mips,Mozi",2026-08-29 04:00:07,2026-08-29 04:52:19,85
url,http://175.150.67.86:47673/i,urlhaus,malware_download,"32-bit,elf,mips,Mozi",2026-08-29 04:00:07,2026-08-29 04:52:19,85
url,http://176.65.139.136/arm,urlhaus,malware_download,"176-65-139-136,elf,mirai,ua-wget",2026-08-29 04:00:07,2026-08-29 04:52:19,85
url,http://176.65.139.136/arm5,urlhaus,malware_download,"176-65-139-136,elf,mirai,ua-wget",2026-08-29 04:00:07,2026-08-29 04:52:19,85
url,http://176.65.139.136/arm6,urlhaus,malware_download,"176-65-139-136,elf,mirai,ua-wget",2026-08-29 04:00:07,2026-08-29 04:52:19,85
url,http://176.65.139.136/arm7,urlhaus,malware_download,"176-65-139-136,elf,mirai,ua-wget",2026-08-29 04:00:07,2026-08-29 04:52:19,85
url,http://176.65.139.136/m68k,urlhaus,malware_download,"176-65-139-136,elf,mirai,ua-wget",2026-08-29 04:00:07,2026-08-29 04:52:19,85
url,http://176.65.139.136/mips,urlhaus,malware_download,"176-65-139-136,elf,mirai,ua-wget",2026-08-29 04:00:07,2026-08-29 04:52:19,85
url,http://176.65.139.136/mips64,urlhaus,malware_download,"176-65-139-136,elf,mirai,ua-wget",2026-08-29 04:00:07,2026-08-29 04:52:19,85
url,http://176.65.139.136/mipsel,urlhaus,malware_download,"176-65-139-136,elf,mirai,ua-wget",2026-08-29 04:00:07,2026-08-29 04:52:19,85
url,http://176.65.139.136/ppc,urlhaus,malware_download,"176-65-139-136,elf,mirai,ua-wget",2026-08-29 04:00:07,2026-08-29 04:52:19,85
url,http://176.65.139.136/ppc64,urlhaus,malware_download,"176-65-139-136,elf,mirai,ua-wget",2026-08-29 04:00:07,2026-08-29 04:52:19,85
url,http://176.65.139.136/riscv64,urlhaus,malware_download,"176-65-139-136,elf,mirai,ua-wget",2026-08-29 04:00:07,2026-08-29 04:52:19,85
url,http://176.65.139.136/s390x,urlhaus,malware_download,"176-65-139-136,elf,mirai,ua-wget",2026-08-29 04:00:07,2026-08-29 04:52:19,85
url,http://176.65.139.136/x86,urlhaus,malware_download,"176-65-139-136,elf,mirai,ua-wget",2026-08-29 04:00:07,2026-08-29 04:52:19,85
url,http://176.65.139.136/x86_64,urlhaus,malware_download,"176-65-139-136,elf,mirai,ua-wget",2026-08-29 04:00:07,2026-08-29 04:52:19,85
url,http://176.65.139.137/bins/reaver.arm,urlhaus,malware_download,"176-65-139-137,elf,mirai,ua-wget",2026-08-29 04:00:07,2026-08-29 04:52:19,85
url,http://176.65.139.137/bins/reaver.arm5,urlhaus,malware_download,"176-65-139-137,elf,mirai,ua-wget",2026-08-29 04:00:07,2026-08-29 04:52:19,85
url,http://176.65.139.137/bins/reaver.arm6,urlhaus,malware_download,"176-65-139-137,elf,mirai,ua-wget",2026-08-29 04:00:07,2026-08-29 04:52:19,85
url,http://176.65.139.137/bins/reaver.arm7,urlhaus,malware_download,"176-65-139-137,elf,mirai,ua-wget",2026-08-29 04:00:07,2026-08-29 04:52:19,85
url,http://176.65.139.137/bins/reaver.mips,urlhaus,malware_download,"176-65-139-137,elf,mirai,ua-wget",2026-08-29 04:00:07,2026-08-29 04:52:19,85
url,http://176.65.139.137/bins/reaver.mpsl,urlhaus,malware_download,"176-65-139-137,elf,mirai,ua-wget",2026-08-29 04:00:07,2026-08-29 04:52:19,85
url,http://176.65.139.137/bins/reaver.x86,urlhaus,malware_download,"176-65-139-137,elf,mirai,ua-wget",2026-08-29 04:00:07,2026-08-29 04:52:19,85
url,http://176.65.139.137/bins/reaver.x86_64,urlhaus,malware_download,"176-65-139-137,elf,mirai,ua-wget",2026-08-29 04:00:07,2026-08-29 04:52:19,85
url,http://176.65.139.137/local.apk,urlhaus,malware_download,"176-65-139-137,ua-wget",2026-08-29 04:00:07,2026-08-29 04:52:19,85
url,http://176.65.139.226/adbpersist.arm7,urlhaus,malware_download,"176-65-139-226,elf,mirai,ua-wget",2026-08-29 04:00:07,2026-08-29 04:52:19,85
url,http://176.65.139.226/arc,urlhaus,malware_download,"176-65-139-226,elf,mirai,ua-wget",2026-08-29 04:00:07,2026-08-29 04:52:19,85
url,http://176.65.139.226/arm,urlhaus,malware_download,"176-65-139-226,elf,mirai,ua-wget",2026-08-29 04:00:07,2026-08-29 04:52:19,85
url,http://176.65.139.226/arm5,urlhaus,malware_download,"176-65-139-226,elf,mirai,ua-wget",2026-08-29 04:00:07,2026-08-29 04:52:19,85
url,http://176.65.139.226/arm6,urlhaus,malware_download,"176-65-139-226,elf,mirai,ua-wget",2026-08-29 04:00:07,2026-08-29 04:52:19,85
url,http://176.65.139.226/arm7,urlhaus,malware_download,"176-65-139-226,elf,mirai,ua-wget",2026-08-29 04:00:07,2026-08-29 04:52:19,85
url,http://176.65.139.226/m68k,urlhaus,malware_download,"176-65-139-226,elf,mirai,ua-wget",2026-08-29 04:00:07,2026-08-29 04:52:19,85
url,http://176.65.139.226/mips,urlhaus,malware_download,"176-65-139-226,elf,mirai,ua-wget",2026-08-29 04:00:07,2026-08-29 04:52:19,85
url,http://176.65.139.226/mpsl,urlhaus,malware_download,"176-65-139-226,elf,mirai,ua-wget",2026-08-29 04:00:07,2026-08-29 04:52:19,85
url,http://176.65.139.226/ppc,urlhaus,malware_download,"176-65-139-226,elf,mirai,ua-wget",2026-08-29 04:00:07,2026-08-29 04:52:19,85
url,http://176.65.139.226/sh4,urlhaus,malware_download,"176-65-139-226,elf,mirai,ua-wget",2026-08-29 04:00:07,2026-08-29 04:52:19,85
url,http://176.65.139.226/spc,urlhaus,malware_download,"176-65-139-226,elf,mirai,ua-wget",2026-08-29 04:00:07,2026-08-29 04:52:19,85
url,http://176.65.139.226/t.sh,urlhaus,malware_download,"176-65-139-226,sh,ua-wget",2026-08-29 04:00:07,2026-08-29 04:52:19,85
url,http://176.65.139.226/x86,urlhaus,malware_download,"176-65-139-226,elf,mirai,ua-wget",2026-08-29 04:00:07,2026-08-29 04:52:19,85
url,http://176.65.139.226/x86_64,urlhaus,malware_download,"176-65-139-226,elf,mirai,ua-wget",2026-08-29 04:00:07,2026-08-29 04:52:19,85
url,http://176.65.139.234/bot.aarch64,urlhaus,malware_download,"176-65-139-234,elf,mirai,ua-wget",2026-08-29 04:00:07,2026-08-29 04:52:19,85
url,http://176.65.139.234/bot.arm7,urlhaus,malware_download,"176-65-139-234,elf,mirai,ua-wget",2026-08-29 04:00:07,2026-08-29 04:52:19,85
url,http://176.65.139.234/bot.mips,urlhaus,malware_download,"176-65-139-234,elf,mirai,ua-wget",2026-08-29 04:00:07,2026-08-29 04:52:19,85
url,http://176.65.139.234/bot.mipsel,urlhaus,malware_download,"176-65-139-234,elf,mirai,ua-wget",2026-08-29 04:00:07,2026-08-29 04:52:19,85
url,http://176.65.139.234/bot.ppc,urlhaus,malware_download,"176-65-139-234,elf,mirai,ua-wget",2026-08-29 04:00:07,2026-08-29 04:52:19,85
url,http://176.65.139.234/bot.sh4,urlhaus,malware_download,"176-65-139-234,elf,mirai,ua-wget",2026-08-29 04:00:07,2026-08-29 04:52:19,85
url,http://182.114.249.61:42689/i,urlhaus,malware_download,"32-bit,elf,mips,Mozi",2026-08-29 04:00:07,2026-08-29 04:52:19,85
url,http://182.116.55.159:32934/i,urlhaus,malware_download,"32-bit,elf,mips,Mozi",2026-08-29 04:00:07,2026-08-29 04:52:19,85
url,http://182.121.224.34:57371/i,urlhaus,malware_download,"32-bit,elf,mips,Mozi",2026-08-29 04:00:07,2026-08-29 04:52:19,85
url,http://182.124.75.13:35677/bin.sh,urlhaus,malware_download,"32-bit,elf,mips,Mozi",2026-08-29 04:00:07,2026-08-29 04:52:19,85
url,http://182.126.101.230:36455/bin.sh,urlhaus,malware_download,"32-bit,elf,mips,Mozi",2026-08-29 04:00:07,2026-08-29 04:52:19,85
url,http://182.126.101.230:36455/i,urlhaus,malware_download,"32-bit,elf,mips,Mozi",2026-08-29 04:00:07,2026-08-29 04:52:19,85
url,http://196.191.231.12:47148/bin.sh,urlhaus,malware_download,"32-bit,arm,elf,mirai,Mozi",2026-08-29 04:00:07,2026-08-29 04:52:19,85
url,http://196.191.231.12:47148/i,urlhaus,malware_download,"32-bit,arm,elf,mirai,Mozi",2026-08-29 04:00:07,2026-08-29 04:52:19,85
url,http://203.159.90.216/MMaaRRiiOisecTanee.arm7,urlhaus,malware_download,"203-159-90-216,elf,mirai,ua-wget",2026-08-29 04:00:07,2026-08-29 04:52:19,85
url,http://203.159.90.216/MMaaRRiiOisecTanee/MMaaRRiiOisecTanee.mips,urlhaus,malware_download,"203-159-90-216,elf,mirai,ua-wget",2026-08-29 04:00:07,2026-08-29 04:52:19,85
url,http://210.208.110.42:56136/bin.sh,urlhaus,malware_download,"32-bit,arm,elf,mirai,Mozi",2026-08-29 04:00:07,2026-08-29 04:52:19,85
url,http://217.60.241.237/payload.exe,urlhaus,malware_download,"217-60-241-237,connectwise,exe,ua-wget",2026-08-29 04:00:07,2026-08-29 04:52:19,85
url,http://222.141.185.83:42489/bin.sh,urlhaus,malware_download,"32-bit,elf,mips,Mozi",2026-08-29 04:00:07,2026-08-29 04:52:19,85
url,http://222.141.185.83:42489/i,urlhaus,malware_download,"32-bit,elf,mips,Mozi",2026-08-29 04:00:07,2026-08-29 04:52:19,85
url,http://27.215.77.117:50776/i,urlhaus,malware_download,"32-bit,elf,mips,Mozi",2026-08-29 04:00:07,2026-08-29 04:52:19,85
url,http://27.44.144.48:40959/i,urlhaus,malware_download,"32-bit,elf,mips,Mozi",2026-08-29 04:00:07,2026-08-29 04:52:19,85
url,http://39.78.160.101:48868/bin.sh,urlhaus,malware_download,"32-bit,elf,mips,Mozi",2026-08-29 04:00:07,2026-08-29 04:52:19,85
url,http://39.78.160.101:48868/i,urlhaus,malware_download,"32-bit,elf,mips,Mozi",2026-08-29 04:00:07,2026-08-29 04:52:19,85
url,http://42.224.71.39:60792/bin.sh,urlhaus,malware_download,Mozi,2026-08-29 04:00:07,2026-08-29 04:52:19,85
url,http://42.224.71.39:60792/i,urlhaus,malware_download,"32-bit,elf,mips,Mozi",2026-08-29 04:00:07,2026-08-29 04:52:19,85
url,http://42.235.95.115:48397/bin.sh,urlhaus,malware_download,"32-bit,elf,mips,Mozi",2026-08-29 04:00:07,2026-08-29 04:52:19,85
url,http://42.235.95.115:48397/i,urlhaus,malware_download,"32-bit,elf,mips,Mozi",2026-08-29 04:00:07,2026-08-29 04:52:19,85
url,http://42.3.52.2:47433/bin.sh,urlhaus,malware_download,"32-bit,arm,elf,mirai,Mozi",2026-08-29 04:00:07,2026-08-29 04:52:19,85
url,http://43.230.94.184:39786/Mozi.m,threatfox,Mozi,"threatfox,elf,iot,Mozi",2026-08-28 16:06:18,2026-08-29 04:52:19,85
url,http://60.214.58.183:36947/bin.sh,urlhaus,malware_download,Mozi,2026-08-29 04:00:07,2026-08-29 04:52:19,85
url,http://62.60.226.140/files/7299809293/zlYuYkG.bat,urlhaus,malware_download,"d52f85,dropped-by-amadey",2026-08-29 04:00:07,2026-08-29 04:52:19,85
url,http://62.60.226.140/files/7299809293/zlYuYkG.exe,urlhaus,malware_download,"d52f85,dropped-by-amadey",2026-08-29 04:00:07,2026-08-29 04:52:19,85
url,http://87.120.196.255:889/agustin51,urlhaus,malware_download,"elf,iot,mirai",2026-08-29 04:00:07,2026-08-29 04:52:19,85
url,https://124.198.132.172/Bin/ScreenConnect.ClientSetup.exe,urlhaus,malware_download,"124-198-132-172,connectwise,exe,ua-wget",2026-08-29 04:00:07,2026-08-29 04:52:19,85
url,https://124.198.132.172/bin/support.client.exe,urlhaus,malware_download,"124-198-132-172,connectwise,exe,ua-wget",2026-08-29 04:00:07,2026-08-29 04:52:19,85
url,https://45.83.28.78/Bin/ScreenConnect.ClientSetup.exe,urlhaus,malware_download,"45-83-28-78,connectwise,exe,ua-wget",2026-08-29 04:00:07,2026-08-29 04:52:19,85
url,https://45.88.186.196/Bin/ScreenConnect.ClientSetup.exe,urlhaus,malware_download,"45-88-186-196,connectwise,exe,ua-wget",2026-08-29 04:00:07,2026-08-29 04:52:19,85
url,https://45.88.186.196/bin/support.client.exe,urlhaus,malware_download,"45-88-186-196,connectwise,exe,ua-wget",2026-08-29 04:00:07,2026-08-29 04:52:19,85
url,https://84.54.33.208/Bin/ScreenConnect.ClientSetup.exe,urlhaus,malware_download,"84-54-33-208,connectwise,exe,ua-wget",2026-08-29 04:00:07,2026-08-29 04:52:19,85
url,https://84.54.33.208/bin/support.client.exe,urlhaus,malware_download,"84-54-33-208,connectwise,exe,ua-wget",2026-08-29 04:00:07,2026-08-29 04:52:19,85
url,https://drive.google.com/file/d/1r7M0rgvXklsZK-Xo6NRgM_gaG46QU4Dr/view?usp=sharing,urlhaus,malware_download,"infostealer,malware",2026-08-29 04:00:07,2026-08-29 04:52:19,85
url,https://gd.ozzhlb.net/bin/stego_pefqx5myie.png,urlhaus,malware_download,stego,2026-08-29 04:00:07,2026-08-29 04:52:19,85
url,https://proxy.goglehandaz.com,threatfox,Stealc,"threatfox,stealc",2026-08-28 16:06:18,2026-08-29 04:52:19,85
url,https://smarthomy.cl/svchost/64bitxxblessings.exe,urlhaus,malware_download,"rat,RemcosRAT",2026-08-29 04:00:07,2026-08-29 04:52:19,85
url,https://www.dropbox.com/scl/fi/0n3qfydh0v5qb4ii8ii2k/msvcp140_dc6b7c3a69.exe?rlkey=1vy0gieuwdkyerb0hy6jncaso&st=jjvmny2a&dl=1,urlhaus,malware_download,"bezprokli,dropped-by-Stealc",2026-08-29 04:00:07,2026-08-29 04:52:19,85
url,https://www.dropbox.com/scl/fi/dghxce2m4kbovrmifo7bs/8765276315_small_dropper.exe?rlkey=mcdpv1a7lji2t70flj7oov3ug&st=qa6ujq8r&dl=1,urlhaus,malware_download,"bezprokli,dropped-by-Stealc",2026-08-29 04:00:07,2026-08-29 04:52:19,85
url,https://www.dropbox.com/scl/fi/wdamcj0fkozk9g8nthvlm/vcomp140_9a591430f5.exe?rlkey=0xgg1d5j6z82vqoza68de1h3w&st=ou4pl9cg&dl=0,urlhaus,malware_download,"bezprokli,dropped-by-Stealc",2026-08-29 04:00:07,2026-08-29 04:52:19,85
