type,value,source,threat_type,tags,first_seen,last_seen,confidence
domain,054bvvua.enerflaw.us,threatfox,ClearFake,"threatfox,ClearFake,mac-0x68dc,macos",2026-08-21 16:09:29,2026-08-22 04:36:15,85
domain,18ppizar.easybatteryfixed.net,threatfox,ClearFake,"threatfox,ClearFake,mac-0x0f14,macos",2026-08-21 16:09:29,2026-08-22 04:36:15,85
domain,3q0j1xn2.en-en-en-theeloncode.com,threatfox,ClearFake,"threatfox,ClearFake,mac-0x76c7,macos",2026-08-22 04:07:56,2026-08-22 04:36:15,85
domain,4vhdn6ve.cognigenpluss.com,threatfox,ClearFake,"threatfox,ClearFake,mac-0x76c7,macos",2026-08-21 04:06:10,2026-08-22 04:36:15,85
domain,5zh0a5l5.en-flashburnn.com,threatfox,ClearFake,"threatfox,ClearFake,mac-0x68dc,macos",2026-08-21 16:09:29,2026-08-22 04:36:15,85
domain,695ariela.workers.dev,threatfox,php.shin_webshell,"threatfox,Cloudflare,GIF,PHP,webshell,WordPress,workers.dev,wp-admin",2026-08-21 16:09:29,2026-08-22 04:36:15,85
domain,6fkzrm3o.en-en-en-cardioslim.com,threatfox,ClearFake,"threatfox,ClearFake,mac-0x76c7,macos",2026-08-21 16:09:29,2026-08-22 04:36:15,85
domain,6hbt9k7l.eng-en-bloodarmor.com,threatfox,ClearFake,"threatfox,ClearFake,mac-0x68dc,macos",2026-08-22 04:07:56,2026-08-22 04:36:15,85
domain,89g7yx01.en-biobooster.com,threatfox,ClearFake,"threatfox,ClearFake,mac-0x68dc,macos",2026-08-21 16:09:29,2026-08-22 04:36:15,85
domain,acua-burn.com,threatfox,ClearFake,"threatfox,21August2026,ClearFake,Commandline,DomainShadowing,Windows",2026-08-21 16:09:29,2026-08-22 04:36:15,85
domain,akmuniverstall.top,threatfox,Unknown malware,"threatfox,OnyxC2",2026-08-21 16:09:29,2026-08-22 04:36:15,85
domain,alexandreguillet.fr,threatfox,ClearFake,"threatfox,compromised,EtherHide",2026-08-22 04:07:56,2026-08-22 04:36:15,85
domain,assure360.ch,threatfox,ClearFake,"threatfox,compromised,EtherHide",2026-08-21 16:09:29,2026-08-22 04:36:15,85
domain,ayesahrentacar.com,threatfox,IClickFix,"threatfox,ClearFake,ClickFix",2026-08-21 16:09:29,2026-08-22 04:36:15,85
domain,b5hhv7o8.crownconnectpk.com,threatfox,ClearFake,"threatfox,ClearFake,mac-0xdcf2,macos",2026-08-21 16:09:29,2026-08-22 04:36:15,85
domain,bellaneek.googlemydesign.com,threatfox,IClickFix,"threatfox,ClearFake,ClickFix",2026-08-21 16:09:29,2026-08-22 04:36:15,85
domain,bib.1001gacor.org,threatfox,Vidar,"threatfox,Vidar",2026-08-21 16:09:29,2026-08-22 04:36:15,85
domain,bio-dantix.com,threatfox,ClearFake,"threatfox,21August2026,ClearFake,Commandline,DomainShadowing,Windows",2026-08-21 16:09:29,2026-08-22 04:36:15,85
domain,bishnoivillagesafari.co.in,threatfox,IClickFix,"threatfox,ClearFake,ClickFix",2026-08-21 16:09:29,2026-08-22 04:36:15,85
domain,bob.1001gacor.org,threatfox,Vidar,"threatfox,Vidar",2026-08-21 16:09:29,2026-08-22 04:36:15,85
domain,brahmalihvc.online,threatfox,PureRAT,"threatfox,PureHVNC,PureRAT,RAT",2026-08-21 16:09:29,2026-08-22 04:36:15,85
domain,bridgecosmeticsurgeryvacation.com,threatfox,IClickFix,"threatfox,ClearFake,ClickFix",2026-08-21 16:09:29,2026-08-22 04:36:15,85
domain,brlogic.biz,threatfox,Remus,threatfox,2026-08-21 16:09:29,2026-08-22 04:36:15,85
domain,brr.1001gacor.org,threatfox,Vidar,"threatfox,Vidar",2026-08-21 16:09:29,2026-08-22 04:36:15,85
domain,buchstapler.ch,threatfox,ClearFake,"threatfox,compromised,EtherHide",2026-08-22 04:07:56,2026-08-22 04:36:15,85
domain,c0jcfjcz.eloncod.com,threatfox,ClearFake,"threatfox,ClearFake,mac-0x68dc,macos",2026-08-21 04:06:10,2026-08-22 04:36:15,85
domain,ccy6w1d1.en-en--cardioslim.com,threatfox,ClearFake,"threatfox,ClearFake,mac-0xdcf2,macos",2026-08-22 04:07:56,2026-08-22 04:36:15,85
domain,cdevitsol.shop,threatfox,IClickFix,"threatfox,ClearFake,ClickFix",2026-08-21 16:09:29,2026-08-22 04:36:15,85
domain,checkout.lat,threatfox,ClearFake,"threatfox,ClearFake,ClickFix,EtherHiding,EtherHidingMagecart",2026-08-21 16:09:29,2026-08-22 04:36:15,85
domain,chefvoyage.com,threatfox,ClearFake,"threatfox,compromised,EtherHide",2026-08-21 04:06:10,2026-08-22 04:36:15,85
domain,coastalclearwaterdelivery.com,threatfox,IClickFix,"threatfox,ClearFake,ClickFix",2026-08-21 16:09:29,2026-08-22 04:36:15,85
domain,cogniclyr.com,threatfox,ClearFake,"threatfox,20August2026,ClearFake,Commandline,MacOS",2026-08-21 04:06:10,2026-08-22 04:36:15,85
domain,cognigen-plus.net,threatfox,ClearFake,"threatfox,21August2026,ClearFake,Commandline,MacOS",2026-08-21 04:06:10,2026-08-22 04:36:15,85
domain,cognigenpluss.com,threatfox,ClearFake,"threatfox,ClearFake",2026-08-21 04:06:10,2026-08-22 04:36:15,85
domain,congigenplus.com,threatfox,ClearFake,"threatfox,ClearFake",2026-08-21 16:09:29,2026-08-22 04:36:15,85
domain,corporateventcatering.co.uk,threatfox,IClickFix,"threatfox,ClearFake,ClickFix",2026-08-21 16:09:29,2026-08-22 04:36:15,85
domain,dad.adkfarmerdan.com,threatfox,IClickFix,"threatfox,ClickFix",2026-08-21 16:09:29,2026-08-22 04:36:15,85
domain,dantilock.com,threatfox,ClearFake,"threatfox,20August2026,ClearFake,Commandline,MacOS",2026-08-21 04:06:10,2026-08-22 04:36:15,85
domain,defenseflashlight.com,threatfox,ClearFake,"threatfox,21August2026,ClearFake,Commandline,MacOS",2026-08-21 04:06:10,2026-08-22 04:36:15,85
domain,dentlprime.com,threatfox,ClearFake,"threatfox,21August2026,ClearFake,Commandline,MacOS",2026-08-21 16:09:29,2026-08-22 04:36:15,85
domain,dez.11gokil.org,threatfox,Vidar,"threatfox,vidar",2026-08-21 16:09:29,2026-08-22 04:36:15,85
domain,dm75pxy7.eng--cardioslim.com,threatfox,ClearFake,"threatfox,ClearFake,mac-0x68dc,macos",2026-08-22 04:07:56,2026-08-22 04:36:15,85
domain,drivephoto-guest.info,threatfox,TonRAT,threatfox,2026-08-21 16:09:29,2026-08-22 04:36:15,85
domain,drum.jumpskyhigh.com,threatfox,ClearFake,"threatfox,ClearFake,ClickFix,ErrTraffic,EtherHiding",2026-08-22 04:07:56,2026-08-22 04:36:15,85
domain,drum.poconodessertco.com,threatfox,ClearFake,"threatfox,ClearFake,ClickFix,ErrTraffic,EtherHiding",2026-08-22 04:07:56,2026-08-22 04:36:15,85
domain,dujexi.workers.dev,threatfox,php.shin_webshell,"threatfox,Cloudflare,GIF,PHP,webshell,WordPress,workers.dev,wp-admin",2026-08-21 16:09:29,2026-08-22 04:36:15,85
domain,e4i5spo3yx.workers.dev,threatfox,php.shin_webshell,"threatfox,Cloudflare,GIF,PHP,webshell,WordPress,workers.dev,wp-admin",2026-08-21 16:09:29,2026-08-22 04:36:15,85
domain,easybatteryfixed.net,threatfox,ClearFake,"threatfox,21August2026,ClearFake,Commandline,MacOS",2026-08-21 16:09:29,2026-08-22 04:36:15,85
domain,easybatteryfixed.org,threatfox,ClearFake,"threatfox,21August2026,ClearFake,Commandline,MacOS",2026-08-21 16:09:29,2026-08-22 04:36:15,85
domain,echo--free.com,threatfox,ClearFake,"threatfox,ClearFake",2026-08-21 04:06:10,2026-08-22 04:36:15,85
domain,edukacjanaturalnie.eu,threatfox,IClickFix,"threatfox,ClearFake,ClickFix",2026-08-21 16:09:29,2026-08-22 04:36:15,85
domain,ejevanjc.info,threatfox,TonRAT,threatfox,2026-08-21 16:09:29,2026-08-22 04:36:15,85
domain,eloncod.com,threatfox,ClearFake,"threatfox,ClearFake",2026-08-21 04:06:10,2026-08-22 04:36:15,85
domain,en-americaneaglependant.com,threatfox,ClearFake,"threatfox,ClearFake",2026-08-21 04:06:10,2026-08-22 04:36:15,85
domain,en-biobooster.com,threatfox,ClearFake,"threatfox,ClearFake",2026-08-21 16:09:29,2026-08-22 04:36:15,85
domain,en-cardio-slimtea.us,threatfox,ClearFake,"threatfox,21August2026,ClearFake,Commandline,MacOS",2026-08-21 16:09:29,2026-08-22 04:36:15,85
domain,en-easybatteryfixed.com,threatfox,ClearFake,"threatfox,21August2026,ClearFake,Commandline,MacOS",2026-08-21 16:09:29,2026-08-22 04:36:15,85
domain,en-en--echofree.com,threatfox,ClearFake,"threatfox,ClearFake",2026-08-21 16:09:29,2026-08-22 04:36:15,85
domain,en-en--menbalancepro.com,threatfox,ClearFake,"threatfox,21August2026,ClearFake,Commandline,MacOS",2026-08-22 04:07:56,2026-08-22 04:36:15,85
domain,en-en--xenburn.com,threatfox,ClearFake,"threatfox,ClearFake",2026-08-21 16:09:29,2026-08-22 04:36:15,85
domain,en-en-en-blinzador.com,threatfox,ClearFake,"threatfox,ClearFake",2026-08-21 16:09:29,2026-08-22 04:36:15,85
domain,en-en-en-cardioslim.com,threatfox,ClearFake,"threatfox,ClearFake",2026-08-21 16:09:29,2026-08-22 04:36:15,85
domain,en-en-en-theeloncode.com,threatfox,ClearFake,"threatfox,ClearFake",2026-08-22 04:07:56,2026-08-22 04:36:15,85
domain,en-eng-geniusbrainsignal.com,threatfox,ClearFake,"threatfox,21August2026,ClearFake,Commandline,MacOS",2026-08-22 04:07:56,2026-08-22 04:36:15,85
domain,en-flashbrn.com,threatfox,ClearFake,"threatfox,21August2026,ClearFake,Commandline,MacOS",2026-08-21 16:09:29,2026-08-22 04:36:15,85
domain,en-flashburnn.com,threatfox,ClearFake,"threatfox,21August2026,ClearFake,Commandline,MacOS",2026-08-21 16:09:29,2026-08-22 04:36:15,85
domain,en-genesis-revival.com,threatfox,ClearFake,"threatfox,21August2026,ClearFake,Commandline,DomainShadowing,Windows",2026-08-22 04:07:56,2026-08-22 04:36:15,85
domain,ener--flow.com,threatfox,ClearFake,"threatfox,ClearFake",2026-08-21 16:09:29,2026-08-22 04:36:15,85
domain,enerflaw.us,threatfox,ClearFake,"threatfox,ClearFake",2026-08-21 16:09:29,2026-08-22 04:36:15,85
domain,eng--burnblend.com,threatfox,ClearFake,"threatfox,21August2026,ClearFake,Commandline,DomainShadowing,Windows",2026-08-21 16:09:29,2026-08-22 04:36:15,85
domain,eng--cardioslim.com,threatfox,ClearFake,"threatfox,ClearFake",2026-08-22 04:07:56,2026-08-22 04:36:15,85
domain,eng--enerflow.com,threatfox,ClearFake,"threatfox,21August2026,ClearFake,Commandline,DomainShadowing,Windows",2026-08-21 16:09:29,2026-08-22 04:36:15,85
domain,eng-aqua-burn.com,threatfox,ClearFake,"threatfox,ClearFake",2026-08-21 16:09:29,2026-08-22 04:36:15,85
domain,eng-aquaburn.us,threatfox,ClearFake,"threatfox,21August2026,ClearFake,Commandline,DomainShadowing,Windows",2026-08-21 16:09:29,2026-08-22 04:36:15,85
domain,eng-aquaburnn.com,threatfox,ClearFake,"threatfox,ClearFake",2026-08-22 04:07:56,2026-08-22 04:36:15,85
domain,eng-biobooster.com,threatfox,ClearFake,"threatfox,21August2026,ClearFake,Commandline,DomainShadowing,Windows",2026-08-21 16:09:29,2026-08-22 04:36:15,85
domain,eng-brainsong.com,threatfox,ClearFake,"threatfox,21August2026,ClearFake,Commandline,DomainShadowing,Windows",2026-08-21 16:09:29,2026-08-22 04:36:15,85
domain,eng-cardio-slim-tea.com,threatfox,ClearFake,"threatfox,ClearFake",2026-08-22 04:07:56,2026-08-22 04:36:15,85
domain,eng-en--glucore.com,threatfox,ClearFake,"threatfox,22August2026,ClearFake,Commandline,MacOS",2026-08-22 04:07:56,2026-08-22 04:36:15,85
domain,eng-en-bloodarmor.com,threatfox,ClearFake,"threatfox,22August2026,ClearFake,Commandline,MacOS",2026-08-22 04:07:56,2026-08-22 04:36:15,85
domain,eng-eng-menbalancepro.com,threatfox,ClearFake,"threatfox,ClearFake",2026-08-22 04:07:56,2026-08-22 04:36:15,85
domain,engaquaburn.com,threatfox,ClearFake,"threatfox,ClearFake",2026-08-22 04:07:56,2026-08-22 04:36:15,85
domain,etgul.cn,threatfox,ValleyRAT,"threatfox,RAT,ValleyRAT",2026-08-21 16:09:29,2026-08-22 04:36:15,85
domain,ewey5he5.en-cardioslim.us,threatfox,ClearFake,"threatfox,ClearFake,mac-0xdcf2,macos",2026-08-21 16:09:29,2026-08-22 04:36:15,85
domain,extranet-help-desk26.com,threatfox,TonRAT,threatfox,2026-08-21 16:09:29,2026-08-22 04:36:15,85
domain,fcmsafeservice.com,threatfox,IClickFix,"threatfox,ClearFake,ClickFix",2026-08-21 16:09:29,2026-08-22 04:36:15,85
domain,fdl-ambassadeur.ch,threatfox,ClearFake,"threatfox,compromised,EtherHide",2026-08-21 16:09:29,2026-08-22 04:36:15,85
domain,feculafi.workers.dev,threatfox,php.shin_webshell,"threatfox,Cloudflare,GIF,PHP,webshell,WordPress,workers.dev,wp-admin",2026-08-21 16:09:29,2026-08-22 04:36:15,85
domain,fetons-noel.ch,threatfox,ClearFake,"threatfox,compromised,EtherHide",2026-08-22 04:07:56,2026-08-22 04:36:15,85
domain,file-download.info,threatfox,TonRAT,threatfox,2026-08-21 16:09:29,2026-08-22 04:36:15,85
domain,file-load-20.info,threatfox,TonRAT,threatfox,2026-08-21 16:09:29,2026-08-22 04:36:15,85
domain,forecast-chaos.com,threatfox,ClearFake,"threatfox,ClearFake,ClickFix,EtherHiding",2026-08-21 04:06:10,2026-08-22 04:36:15,85
domain,fwgij17247.workers.dev,threatfox,php.shin_webshell,"threatfox,Cloudflare,GIF,PHP,webshell,WordPress,workers.dev,wp-admin",2026-08-21 16:09:29,2026-08-22 04:36:15,85
domain,gelamehmobl.com,threatfox,ClearFake,"threatfox,compromised,EtherHide",2026-08-22 04:07:56,2026-08-22 04:36:15,85
domain,ges.1001gacor.org,threatfox,Vidar,"threatfox,Vidar",2026-08-21 16:09:29,2026-08-22 04:36:15,85
domain,glooint.biz,threatfox,Remus,threatfox,2026-08-21 16:09:29,2026-08-22 04:36:15,85
domain,glx.br.com,threatfox,IClickFix,"threatfox,ClearFake,ClickFix",2026-08-21 16:09:29,2026-08-22 04:36:15,85
domain,gq2r07sp.easybatteryfixed.org,threatfox,ClearFake,"threatfox,ClearFake,mac-0x0f14,macos",2026-08-21 16:09:29,2026-08-22 04:36:15,85
domain,gwgsl6k1.en-belly--flush.com,threatfox,ClearFake,"threatfox,ClearFake,mac-0x68dc,macos",2026-08-21 04:06:10,2026-08-22 04:36:15,85
domain,haksdkweqw219dms.com,threatfox,TonRAT,threatfox,2026-08-21 16:09:29,2026-08-22 04:36:15,85
domain,hhwqascxsdr.cc,threatfox,ValleyRAT,"threatfox,RAT,ValleyRAT",2026-08-21 16:09:29,2026-08-22 04:36:15,85
domain,hilamode.com,threatfox,IClickFix,"threatfox,ClearFake,ClickFix",2026-08-21 16:09:29,2026-08-22 04:36:15,85
domain,htbwm97j.en-cardio-slimtea.us,threatfox,ClearFake,"threatfox,ClearFake,mac-0xdcf2,macos",2026-08-21 16:09:29,2026-08-22 04:36:15,85
domain,hulywali.space,threatfox,ClearFake,"threatfox,ClearFake,ClickFix,ErrTraffic,EtherHiding",2026-08-21 16:09:29,2026-08-22 04:36:15,85
domain,huvipuistokeidas.fi,threatfox,IClickFix,"threatfox,ClearFake,ClickFix",2026-08-21 16:09:29,2026-08-22 04:36:15,85
domain,hxzjofuf.en-en-en-blinzador.com,threatfox,ClearFake,"threatfox,ClearFake,mac-0x76c7,macos",2026-08-21 16:09:29,2026-08-22 04:36:15,85
domain,ideagallery.co,threatfox,IClickFix,"threatfox,ClearFake,ClickFix",2026-08-21 16:09:29,2026-08-22 04:36:15,85
domain,img-load2280.info,threatfox,TonRAT,threatfox,2026-08-21 16:09:29,2026-08-22 04:36:15,85
domain,immorein-wyne.ch,threatfox,ClearFake,"threatfox,compromised,EtherHide",2026-08-21 04:06:10,2026-08-22 04:36:15,85
domain,iniziativadalasalps.ch,threatfox,ClearFake,"threatfox,compromised,EtherHide",2026-08-21 04:06:10,2026-08-22 04:36:15,85
domain,iptrade.ch,threatfox,ClearFake,"threatfox,compromised,EtherHide",2026-08-21 16:09:29,2026-08-22 04:36:15,85
domain,isl4eo0i.echo--free.com,threatfox,ClearFake,"threatfox,ClearFake,mac-0x68dc,macos",2026-08-21 04:06:10,2026-08-22 04:36:15,85
domain,j88t3.network,threatfox,IClickFix,"threatfox,ClearFake,ClickFix",2026-08-21 16:09:29,2026-08-22 04:36:15,85
domain,jteqecd8.en-flashbrn.com,threatfox,ClearFake,"threatfox,ClearFake,mac-0x68dc,macos",2026-08-21 16:09:29,2026-08-22 04:36:15,85
domain,karen-gaillard.ch,threatfox,ClearFake,"threatfox,compromised,EtherHide",2026-08-22 04:07:56,2026-08-22 04:36:15,85
domain,ket.1001gacor.org,threatfox,Vidar,"threatfox,Vidar",2026-08-21 16:09:29,2026-08-22 04:36:15,85
domain,kqrfb2fo.congigenplus.com,threatfox,ClearFake,"threatfox,ClearFake,mac-0x76c7,macos",2026-08-21 16:09:29,2026-08-22 04:36:15,85
domain,kra.1001gacor.org,threatfox,Vidar,"threatfox,Vidar",2026-08-21 16:09:29,2026-08-22 04:36:15,85
domain,krem.mesoptik.com,threatfox,TELEPUZ,"threatfox,TELEPUZ",2026-08-21 16:09:29,2026-08-22 04:36:15,85
domain,larosadejerico.es,threatfox,ClearFake,"threatfox,compromised,EtherHide",2026-08-21 16:09:29,2026-08-22 04:36:15,85
domain,lejournaldelafinance.com,threatfox,ClearFake,"threatfox,compromised,EtherHide",2026-08-21 16:09:29,2026-08-22 04:36:15,85
domain,lfsd423.com,threatfox,IClickFix,"threatfox,ClearFake,ClickFix",2026-08-21 16:09:29,2026-08-22 04:36:15,85
domain,lfycpw4f.en-en--enerflow.com,threatfox,ClearFake,"threatfox,ClearFake,mac-0x76c7,macos",2026-08-21 16:09:29,2026-08-22 04:36:15,85
domain,ljr.1001gacor.org,threatfox,Vidar,"threatfox,Vidar",2026-08-21 16:09:29,2026-08-22 04:36:15,85
domain,load-file0228.info,threatfox,TonRAT,threatfox,2026-08-21 16:09:29,2026-08-22 04:36:15,85
domain,load-file2754.info,threatfox,TonRAT,threatfox,2026-08-21 16:09:29,2026-08-22 04:36:15,85
domain,logs.bestshoppingday.com,threatfox,PureLogs Stealer,"threatfox,PureLogsStealer",2026-08-21 16:09:29,2026-08-22 04:36:15,85
domain,lojyny.workers.dev,threatfox,php.shin_webshell,"threatfox,Cloudflare,GIF,PHP,webshell,WordPress,workers.dev,wp-admin",2026-08-21 16:09:29,2026-08-22 04:36:15,85
domain,magulewi.workers.dev,threatfox,php.shin_webshell,"threatfox,Cloudflare,GIF,PHP,webshell,WordPress,workers.dev,wp-admin",2026-08-21 16:09:29,2026-08-22 04:36:15,85
domain,manouchy.ch,threatfox,ClearFake,"threatfox,compromised,EtherHide",2026-08-21 16:09:29,2026-08-22 04:36:15,85
domain,mnmasonichomes.org,threatfox,ClearFake,"threatfox,compromised,EtherHide",2026-08-21 16:09:29,2026-08-22 04:36:15,85
domain,moveiseuropa.pt,threatfox,IClickFix,"threatfox,ClearFake,ClickFix",2026-08-21 16:09:29,2026-08-22 04:36:15,85
domain,myfitnessbox.be,threatfox,ClearFake,"threatfox,compromised,EtherHide",2026-08-21 16:09:29,2026-08-22 04:36:15,85
domain,neoventiveinc.com,threatfox,IClickFix,"threatfox,ClearFake,ClickFix",2026-08-21 16:09:29,2026-08-22 04:36:15,85
domain,nettbutikk.radiograf.no,threatfox,IClickFix,"threatfox,ClearFake,ClickFix",2026-08-21 16:09:29,2026-08-22 04:36:15,85
domain,nhg.1001gacor.org,threatfox,Vidar,"threatfox,Vidar",2026-08-21 16:09:29,2026-08-22 04:36:15,85
domain,nobleeventsandrentals.com,threatfox,IClickFix,"threatfox,ClearFake,ClickFix",2026-08-21 16:09:29,2026-08-22 04:36:15,85
domain,notepadreleased.com,threatfox,Unknown RAT,"threatfox,BabaDeda,CNCMachineRMS",2026-08-21 16:09:29,2026-08-22 04:36:15,85
domain,o2yen35b.en-en--xenburn.com,threatfox,ClearFake,"threatfox,ClearFake,mac-0x68dc,macos",2026-08-21 16:09:29,2026-08-22 04:36:15,85
domain,o4epigrc.en-en--echofree.com,threatfox,ClearFake,"threatfox,ClearFake,mac-0x76c7,macos",2026-08-21 16:09:29,2026-08-22 04:36:15,85
domain,o7ve5wvj.cognigen-plus.net,threatfox,ClearFake,"threatfox,ClearFake,mac-0xdcf2,macos",2026-08-21 04:06:10,2026-08-22 04:36:15,85
domain,olviro.ch,threatfox,ClearFake,"threatfox,compromised,EtherHide",2026-08-21 04:06:10,2026-08-22 04:36:15,85
domain,orgjc7u140.workers.dev,threatfox,php.shin_webshell,"threatfox,Cloudflare,GIF,PHP,webshell,WordPress,workers.dev,wp-admin",2026-08-21 16:09:29,2026-08-22 04:36:15,85
domain,owxqk8og.dantilock.com,threatfox,ClearFake,"threatfox,ClearFake,mac-0x0f14,macos",2026-08-21 04:06:10,2026-08-22 04:36:15,85
domain,p7yjux0i.en-en-usa-memorylift.com,threatfox,ClearFake,"threatfox,ClearFake,mac-0x0f14,macos",2026-08-22 04:07:56,2026-08-22 04:36:15,85
domain,p9p6kvws.en-easybatteryfixed.com,threatfox,ClearFake,"threatfox,ClearFake,mac-0xdcf2,macos",2026-08-21 16:09:29,2026-08-22 04:36:15,85
domain,pa-api.salondeguitaredemontreal.com,threatfox,FAKEUPDATES,"threatfox,SocGholish",2026-08-21 16:09:29,2026-08-22 04:36:15,85
domain,peetg3pz.dentlprime.com,threatfox,ClearFake,"threatfox,ClearFake,mac-0x0f14,macos",2026-08-21 16:09:29,2026-08-22 04:36:15,85
domain,pgdbiz.com,threatfox,ClearFake,"threatfox,compromised,EtherHide",2026-08-21 16:09:29,2026-08-22 04:36:15,85
domain,philippemaeder.ch,threatfox,ClearFake,"threatfox,compromised,EtherHide",2026-08-22 04:07:56,2026-08-22 04:36:15,85
domain,pidorsas.site,threatfox,ClearFake,"threatfox,ClearFake,ClickFix,ErrTraffic,EtherHiding",2026-08-21 04:06:10,2026-08-22 04:36:15,85
domain,pnfwwfnp.eng-cardioslim.com,threatfox,ClearFake,"threatfox,ClearFake,mac-0x68dc,macos",2026-08-22 04:07:56,2026-08-22 04:36:15,85
domain,privateparts.ch,threatfox,ClearFake,"threatfox,compromised,EtherHide",2026-08-22 04:07:56,2026-08-22 04:36:15,85
domain,pte-sa.com,threatfox,IClickFix,"threatfox,ClearFake,ClickFix",2026-08-21 16:09:29,2026-08-22 04:36:15,85
domain,quarterreststudios.com,threatfox,ClearFake,"threatfox,compromised,EtherHide",2026-08-21 16:09:29,2026-08-22 04:36:15,85
domain,r066m9wa.eng-cardio-slim-tea.com,threatfox,ClearFake,"threatfox,ClearFake,mac-0x68dc,macos",2026-08-22 04:07:56,2026-08-22 04:36:15,85
domain,rblxgivex.com,threatfox,Unknown malware,"threatfox,ClickFix,compromised",2026-08-21 04:06:10,2026-08-22 04:36:15,85
domain,rechsteiner-holzbau.ch,threatfox,ClearFake,"threatfox,compromised,EtherHide",2026-08-21 04:06:10,2026-08-22 04:36:15,85
domain,reservationcheckid9567.info,threatfox,TonRAT,threatfox,2026-08-21 16:09:29,2026-08-22 04:36:15,85
domain,rex.1001gacor.org,threatfox,Vidar,"threatfox,Vidar",2026-08-21 16:09:29,2026-08-22 04:36:15,85
domain,rightwinmedias.com,threatfox,IClickFix,"threatfox,ClearFake,ClickFix",2026-08-21 16:09:29,2026-08-22 04:36:15,85
domain,rmm.fastmoneyclaim.com,threatfox,Unknown RAT,"threatfox,connectwise,screenconnect",2026-08-21 16:09:29,2026-08-22 04:36:15,85
domain,root-cherry.com,threatfox,ClearFake,"threatfox,ClearFake,ClickFix,EtherHiding",2026-08-21 04:06:10,2026-08-22 04:36:15,85
domain,rowanportico.global,threatfox,SmartApeSG,"threatfox,SmartApeSG",2026-08-21 16:09:29,2026-08-22 04:36:15,85
domain,rzrms.com,threatfox,IClickFix,"threatfox,ClearFake,ClickFix",2026-08-21 16:09:29,2026-08-22 04:36:15,85
domain,safespacio.com,threatfox,IClickFix,"threatfox,ClearFake,ClickFix",2026-08-21 16:09:29,2026-08-22 04:36:15,85
domain,savons-liquides-luberon.fr,threatfox,ClearFake,"threatfox,compromised,EtherHide",2026-08-22 04:07:56,2026-08-22 04:36:15,85
domain,schiessgestaltung.ch,threatfox,ClearFake,"threatfox,compromised,EtherHide",2026-08-21 04:06:10,2026-08-22 04:36:15,85
domain,seat-aviation.com,threatfox,ClearFake,"threatfox,ClearFake,ClickFix,EtherHiding",2026-08-21 04:06:10,2026-08-22 04:36:15,85
domain,ses.1001gacor.org,threatfox,Vidar,"threatfox,Vidar",2026-08-21 16:09:29,2026-08-22 04:36:15,85
domain,sii.11gokil.org,threatfox,Vidar,"threatfox,Vidar",2026-08-21 16:09:29,2026-08-22 04:36:15,85
domain,sii.sm188dnsx.top,threatfox,Vidar,"threatfox,Vidar",2026-08-21 16:09:29,2026-08-22 04:36:15,85
domain,snmm46.com,threatfox,IClickFix,"threatfox,ClearFake,ClickFix",2026-08-21 16:09:29,2026-08-22 04:36:15,85
domain,soprisengineering.com,threatfox,IClickFix,"threatfox,ClearFake,ClickFix",2026-08-21 16:09:29,2026-08-22 04:36:15,85
domain,sound-obstacle.com,threatfox,ClearFake,"threatfox,ClearFake,ClickFix,EtherHiding",2026-08-21 04:06:10,2026-08-22 04:36:15,85
domain,spacelab.com.co,threatfox,IClickFix,"threatfox,ClearFake,ClickFix",2026-08-21 16:09:29,2026-08-22 04:36:15,85
domain,spotalarm.cfd,threatfox,Unknown Loader,"threatfox,OffLoader",2026-08-21 16:09:29,2026-08-22 04:36:15,85
domain,ssakranlaw.com,threatfox,IClickFix,"threatfox,ClearFake,ClickFix",2026-08-21 16:09:29,2026-08-22 04:36:15,85
domain,sto.1001gacor.org,threatfox,Vidar,"threatfox,Vidar",2026-08-21 16:09:29,2026-08-22 04:36:15,85
domain,summershairbraidings.com,threatfox,IClickFix,"threatfox,ClearFake,ClickFix",2026-08-21 16:09:29,2026-08-22 04:36:15,85
domain,supremerivanapune.in,threatfox,IClickFix,"threatfox,ClearFake,ClickFix",2026-08-21 16:09:29,2026-08-22 04:36:15,85
domain,susantperkins.clientsitedemo.com,threatfox,IClickFix,"threatfox,ClearFake,ClickFix",2026-08-21 16:09:29,2026-08-22 04:36:15,85
domain,susieleeforcongress.com,threatfox,ClearFake,"threatfox,compromised,EtherHide",2026-08-21 04:06:10,2026-08-22 04:36:15,85
domain,talos.com.br,threatfox,ClearFake,"threatfox,compromised,EtherHide",2026-08-21 16:09:29,2026-08-22 04:36:15,85
domain,tax.11gokil.org,threatfox,Vidar,"threatfox,Vidar",2026-08-21 16:09:29,2026-08-22 04:36:15,85
domain,tax.sm188dnsx.top,threatfox,Vidar,"threatfox,Vidar",2026-08-21 16:09:29,2026-08-22 04:36:15,85
domain,taxvisors.com.au,threatfox,IClickFix,"threatfox,ClearFake,ClickFix",2026-08-21 16:09:29,2026-08-22 04:36:15,85
domain,tdvm4q.com,threatfox,IClickFix,"threatfox,ClearFake,ClickFix",2026-08-21 16:09:29,2026-08-22 04:36:15,85
domain,tec-way.ch,threatfox,ClearFake,"threatfox,compromised,EtherHide",2026-08-22 04:07:56,2026-08-22 04:36:15,85
domain,testload19.skin,threatfox,TonRAT,threatfox,2026-08-21 16:09:29,2026-08-22 04:36:15,85
domain,texastreeauthority.com,threatfox,IClickFix,"threatfox,ClearFake,ClickFix",2026-08-21 16:09:29,2026-08-22 04:36:15,85
domain,thabett.app,threatfox,IClickFix,"threatfox,ClearFake,ClickFix",2026-08-21 16:09:29,2026-08-22 04:36:15,85
domain,thebestclean.ro,threatfox,IClickFix,"threatfox,ClearFake,ClickFix",2026-08-21 16:09:29,2026-08-22 04:36:15,85
domain,tlvg.ch,threatfox,ClearFake,"threatfox,compromised,EtherHide",2026-08-21 04:06:10,2026-08-22 04:36:15,85
domain,tomteboda1.se,threatfox,IClickFix,threatfox,2026-08-21 16:09:29,2026-08-22 04:36:15,85
domain,trauerkreis.ch,threatfox,ClearFake,"threatfox,compromised,EtherHide",2026-08-22 04:07:56,2026-08-22 04:36:15,85
domain,triotmelon.com,threatfox,Unknown RAT,"threatfox,BabaDeda,CNCMachineRMS",2026-08-21 16:09:29,2026-08-22 04:36:15,85
domain,twc-recruitment.co.za,threatfox,IClickFix,"threatfox,ClearFake,ClickFix",2026-08-21 16:09:29,2026-08-22 04:36:15,85
domain,u0naz53l.eng-en--glucore.com,threatfox,ClearFake,"threatfox,ClearFake,mac-0xdcf2,macos",2026-08-22 04:07:56,2026-08-22 04:36:15,85
domain,u6nhwc89.engaquaburn.com,threatfox,ClearFake,"threatfox,ClearFake,mac-0x68dc,macos",2026-08-22 04:07:56,2026-08-22 04:36:15,85
domain,unionswissnautic.ch,threatfox,ClearFake,"threatfox,compromised,EtherHide",2026-08-21 16:09:29,2026-08-22 04:36:15,85
domain,utuhv.cn,threatfox,ValleyRAT,"threatfox,RAT,ValleyRAT",2026-08-21 16:09:29,2026-08-22 04:36:15,85
domain,uz7mn8jcpt.workers.dev,threatfox,php.shin_webshell,"threatfox,Cloudflare,GIF,PHP,webshell,WordPress,workers.dev,wp-admin",2026-08-21 16:09:29,2026-08-22 04:36:15,85
domain,v19k5zdn.cogniclyr.com,threatfox,ClearFake,"threatfox,ClearFake,mac-0xdcf2,macos",2026-08-21 04:06:10,2026-08-22 04:36:15,85
domain,v1cn5g4p.en-en--menbalancepro.com,threatfox,ClearFake,"threatfox,ClearFake,mac-0x0f14,macos",2026-08-22 04:07:56,2026-08-22 04:36:15,85
domain,verico-de-id.beer,threatfox,ClearFake,"threatfox,ClearFake,ClickFix,ErrTraffic,EtherHiding",2026-08-22 04:07:56,2026-08-22 04:36:15,85
domain,verokase.xyz,threatfox,ClearFake,"threatfox,ClearFake,ClickFix,ErrTraffic,EtherHiding",2026-08-21 04:06:10,2026-08-22 04:36:15,85
domain,vfr0i0sw.eng-eng-menbalancepro.com,threatfox,ClearFake,"threatfox,ClearFake,mac-0x76c7,macos",2026-08-22 04:07:56,2026-08-22 04:36:15,85
domain,vo472a21.eng-aqua-burn.com,threatfox,ClearFake,"threatfox,ClearFake,mac-0x68dc,macos",2026-08-21 16:09:29,2026-08-22 04:36:15,85
domain,vowycuxa.workers.dev,threatfox,php.shin_webshell,"threatfox,Cloudflare,GIF,PHP,webshell,WordPress,workers.dev,wp-admin",2026-08-21 16:09:29,2026-08-22 04:36:15,85
domain,vrivcuff.en-americaneaglependant.com,threatfox,ClearFake,"threatfox,ClearFake,mac-0x68dc,macos",2026-08-21 04:06:10,2026-08-22 04:36:15,85
domain,waescherei-leo.ch,threatfox,ClearFake,"threatfox,compromised,EtherHide",2026-08-21 16:09:29,2026-08-22 04:36:15,85
domain,windseyecapital.com,threatfox,IClickFix,"threatfox,ClearFake,ClickFix",2026-08-21 16:09:29,2026-08-22 04:36:15,85
domain,wwwvbcsajmj.cn,threatfox,ValleyRAT,"threatfox,RAT,ValleyRAT",2026-08-21 16:09:29,2026-08-22 04:36:15,85
domain,xbcuwv1m.defenseflashlight.com,threatfox,ClearFake,"threatfox,ClearFake,mac-0x0f14,macos",2026-08-21 04:06:10,2026-08-22 04:36:15,85
domain,xlww5gz9.ener--flow.com,threatfox,ClearFake,"threatfox,ClearFake,mac-0x68dc,macos",2026-08-21 16:09:29,2026-08-22 04:36:15,85
domain,xorajahy.workers.dev,threatfox,php.shin_webshell,"threatfox,Cloudflare,GIF,PHP,webshell,WordPress,workers.dev,wp-admin",2026-08-21 16:09:29,2026-08-22 04:36:15,85
domain,xxnoyhngfg.cn,threatfox,ValleyRAT,"threatfox,RAT,ValleyRAT",2026-08-21 16:09:29,2026-08-22 04:36:15,85
domain,ymrtzuano.bio-dantix.com,threatfox,ClearFake,"threatfox,ClearFake,win-0xa770,windows",2026-08-21 16:09:29,2026-08-22 04:36:15,85
domain,yxs476tf.eng-aquaburnn.com,threatfox,ClearFake,"threatfox,ClearFake,mac-0x68dc,macos",2026-08-22 04:07:56,2026-08-22 04:36:15,85
domain,zaerkos.rest,threatfox,IClickFix,"threatfox,ClickFix",2026-08-20 04:06:14,2026-08-22 04:36:15,85
domain,zaeroks.website,threatfox,IClickFix,"threatfox,ClickFix",2026-08-20 16:06:17,2026-08-22 04:36:15,85
domain,zaf.11gokil.org,threatfox,Vidar,"threatfox,Vidar",2026-08-21 16:09:29,2026-08-22 04:36:15,85
domain,zaf.sm188dnsx.top,threatfox,Vidar,"threatfox,Vidar",2026-08-21 16:09:29,2026-08-22 04:36:15,85
domain,zi1klaoi.en-eng-geniusbrainsignal.com,threatfox,ClearFake,"threatfox,ClearFake,mac-0x0f14,macos",2026-08-22 04:07:56,2026-08-22 04:36:15,85
hash_md5,084cfed16ada345eb4c6f2fdb30af056,malwarebazaar,unknown,"ClickFix,Efimer",2026-08-22 04:00:06,2026-08-22 04:36:15,85
hash_md5,09c991e1f56af909d17f19f0ebef6965,malwarebazaar,exe,"ClickFraud,exe,GCleaner,RemusStealer,sfx,unluckytool-com",2026-08-22 04:00:06,2026-08-22 04:36:15,85
hash_md5,0fe3d7580a571516378825c008a7618b,malwarebazaar,sh,"enthec,sh",2026-08-22 04:00:06,2026-08-22 04:36:15,85
hash_md5,123fdb418381ba3f48ee6a148102cdf9,malwarebazaar,sh,sh,2026-08-22 04:00:06,2026-08-22 04:36:15,85
hash_md5,143ea4fdacb4b24ebb922b261beb9b83,malwarebazaar,unknown,wraith,2026-08-22 04:00:06,2026-08-22 04:36:15,85
hash_md5,1467f5f92f91eb363cfaf1c902ffb0a2,malwarebazaar,SnappyClient,"exe,HijackLoader,SnappyClient,Vidar,YodaTeam",2026-08-22 04:00:06,2026-08-22 04:36:15,85
hash_md5,1489263138762a074e29514386dd9e2b,malwarebazaar,unknown,"ClickFix,Efimer",2026-08-22 04:00:06,2026-08-22 04:36:15,85
hash_md5,191f72fca602289760b880eb9d573959,malwarebazaar,exe,"d52f85,dropped-by-Amadey,exe",2026-08-22 04:00:06,2026-08-22 04:36:15,85
hash_md5,1a8e93dc20600f56be4c2329d51af7f3,malwarebazaar,Mirai,"elf,exe,Mirai,whack.sh",2026-08-22 04:00:06,2026-08-22 04:36:15,85
hash_md5,1d5826c79f047865e675ffd31d92d829,malwarebazaar,RemusStealer,"37-187-155-230,ClickFraud,exe,GCleaner,RemusStealer,sfx,Stealc,unluckytool-com",2026-08-22 04:00:06,2026-08-22 04:36:15,85
hash_md5,1e15f05977d0d5ddde505be77dd3b2ef,malwarebazaar,RemusStealer,exe,2026-08-22 04:00:06,2026-08-22 04:36:15,85
hash_md5,2028b560f347823542042979e4e82b11,malwarebazaar,unknown,unknown,2026-08-22 04:00:06,2026-08-22 04:36:15,85
hash_md5,23a8d5e176ed683111fe79bdcd435521,malwarebazaar,RemusStealer,"37-187-155-230,ClickFraud,exe,GCleaner,RemusStealer,sfx,Stealc,unluckytool-com",2026-08-22 04:00:06,2026-08-22 04:36:15,85
hash_md5,26cec4fe9fd641e2b9090c1551ee53cf,malwarebazaar,elf,elf,2026-08-22 04:00:06,2026-08-22 04:36:15,85
hash_md5,2a1ef1a15d4e61aa4680c7e42653aa04,malwarebazaar,unknown,"ClickFix,Efimer",2026-08-22 04:00:06,2026-08-22 04:36:15,85
hash_md5,2a4dd348f4d793783f11154f31abf75e,malwarebazaar,unknown,"cowrie,hermes-noc,honeypot",2026-08-22 04:00:06,2026-08-22 04:36:15,85
hash_md5,2a8de38230b172826b1f0358bbe57912,malwarebazaar,Mirai,elf,2026-08-22 04:00:06,2026-08-22 04:36:15,85
hash_md5,2db28f19edb47ade7a41d14ad061cbea,malwarebazaar,sh,"enthec,sh",2026-08-22 04:00:06,2026-08-22 04:36:15,85
hash_md5,2e137a9159866bc875aaba0a338a86fd,malwarebazaar,elf,elf,2026-08-22 04:00:06,2026-08-22 04:36:15,85
hash_md5,2e939c7a99dbebfbbf1a8c1e0686b53f,malwarebazaar,Socks5Systemz,"dropped-by-Adware.DownloadAssistant,exe,Socks5Systemz",2026-08-22 04:00:06,2026-08-22 04:36:15,85
hash_md5,31427f8fffaf45746c02c263c5e45236,malwarebazaar,Mirai,elf,2026-08-22 04:00:06,2026-08-22 04:36:15,85
hash_md5,31ce2c2db7eb2bf68796239e635d08a3,malwarebazaar,unknown,"ClickFix,Efimer",2026-08-22 04:00:06,2026-08-22 04:36:15,85
hash_md5,3761316e5a30054562791e1886ad06ed,malwarebazaar,sh,sh,2026-08-22 04:00:06,2026-08-22 04:36:15,85
hash_md5,3887291cd322703465aeb5a65f43eee7,malwarebazaar,RemusStealer,"exe,GCleaner,RemusStealer,unluckytool-com",2026-08-22 04:00:06,2026-08-22 04:36:15,85
hash_md5,388b60ff8cd07fb544be1a8a89968e97,malwarebazaar,Mirai,"elf,exe,Mirai,whack.sh",2026-08-22 04:00:06,2026-08-22 04:36:15,85
hash_md5,38d66258740611f96675c49c6bb9f27d,malwarebazaar,RemusStealer,"AsgardProtector,exe,RemusStealer",2026-08-22 04:00:06,2026-08-22 04:36:15,85
hash_md5,3b9f15072c31dd119ff9dae2bd21a084,malwarebazaar,RemusStealer,"ClickFraud,exe,GCleaner,RemusStealer,sfx,unluckytool-com",2026-08-22 04:00:06,2026-08-22 04:36:15,85
hash_md5,3c0d3b44d58ce70320bce8aefb49499a,malwarebazaar,RemusStealer,"37-187-155-230,ClickFraud,exe,GCleaner,RemusStealer,sfx,Stealc,unluckytool-com",2026-08-22 04:00:06,2026-08-22 04:36:15,85
hash_md5,3e32d60a5fb71b7a658d69b31402934f,malwarebazaar,RemusStealer,"dropped-by-RenPyLoader,exe,RemusStealer,signed",2026-08-22 04:00:06,2026-08-22 04:36:15,85
hash_md5,40766da228582ae869dc6664488d956d,malwarebazaar,Mirai,"elf,Mirai",2026-08-22 04:00:06,2026-08-22 04:36:15,85
hash_md5,40f9b42b27e0a8fbcecf95d0c25a2488,malwarebazaar,elf,elf,2026-08-22 04:00:06,2026-08-22 04:36:15,85
hash_md5,434ae0d8bdb4c635563ebf1fc37bc1bc,malwarebazaar,sh,"sh,wraith",2026-08-22 04:00:06,2026-08-22 04:36:15,85
hash_md5,43dfd7c327e901813a30e31ef03a2263,malwarebazaar,elf,elf,2026-08-22 04:00:06,2026-08-22 04:36:15,85
hash_md5,444465a3e2a2e6441cc6afc2ce69dc5a,malwarebazaar,sh,sh,2026-08-22 04:00:06,2026-08-22 04:36:15,85
hash_md5,4522587b220a25e4c7d7156790c9f97d,malwarebazaar,RemusStealer,"ClickFraud,exe,RemusStealer,sfx,unluckytool-com",2026-08-22 04:00:06,2026-08-22 04:36:15,85
hash_md5,470c5b26720a738c2b3b686ed2567fa5,malwarebazaar,RemusStealer,"ClickFraud,exe,GCleaner,RemusStealer,sfx,unluckytool-com",2026-08-22 04:00:06,2026-08-22 04:36:15,85
hash_md5,480f7e5181f67f318948ae9d304bc06f,malwarebazaar,ValleyRAT,"dll,RAT,ValleyRAT",2026-08-22 04:00:06,2026-08-22 04:36:15,85
hash_md5,4842e0876e49c65a04e97df068791e68,malwarebazaar,Mirai,"elf,exe,Mirai,whack.sh",2026-08-22 04:00:06,2026-08-22 04:36:15,85
hash_md5,49018ec231c35909dff5ebf51d31d478,malwarebazaar,RemusStealer,"ClickFraud,exe,RemusStealer,sfx,unluckytool-com",2026-08-22 04:00:06,2026-08-22 04:36:15,85
hash_md5,4c4df3c3fa1eebd090d3fdaf90414840,malwarebazaar,exe,"ClickFraud,exe,GCleaner,RemusStealer,sfx,unluckytool-com",2026-08-22 04:00:06,2026-08-22 04:36:15,85
hash_md5,4d92f9f7bf243b194e4aca8ff85fb570,malwarebazaar,RemusStealer,"ClickFraud,exe,GCleaner,RemusStealer,sfx,unluckytool-com",2026-08-22 04:00:06,2026-08-22 04:36:15,85
hash_md5,4dda8f314cc90279dfbb432eb39a868a,malwarebazaar,RemusStealer,"37-187-155-230,ClickFraud,exe,GCleaner,RemusStealer,sfx,Stealc,unluckytool-com",2026-08-22 04:00:06,2026-08-22 04:36:15,85
hash_md5,5063b23ab1c3317776d765973e821d23,malwarebazaar,sh,"sh,wraith",2026-08-22 04:00:06,2026-08-22 04:36:15,85
hash_md5,54abb47f1f95155271296477f028c61e,malwarebazaar,RemusStealer,"ClickFraud,exe,RemusStealer,unluckytool-com",2026-08-22 04:00:06,2026-08-22 04:36:15,85
hash_md5,587c74c8512d397be9d66bc938d0279a,malwarebazaar,sh,"sh,wraith",2026-08-22 04:00:06,2026-08-22 04:36:15,85
hash_md5,5c3d6aa1fdc02329b320207825f9fee7,malwarebazaar,Mirai,"elf,Mirai",2026-08-22 04:00:06,2026-08-22 04:36:15,85
hash_md5,5ed4362cf8699c15db20c94a3455bfa6,malwarebazaar,elf,elf,2026-08-22 04:00:06,2026-08-22 04:36:15,85
hash_md5,5f8cf9aebdcffdc024465a8fcc6e1458,malwarebazaar,elf,elf,2026-08-22 04:00:06,2026-08-22 04:36:15,85
hash_md5,6382cc926c12e770b027b29b23a724d1,malwarebazaar,RemusStealer,"exe,RemusStealer,signed,windowsof-com",2026-08-22 04:00:06,2026-08-22 04:36:15,85
hash_md5,6793e3a082caaf58be9c7c5bbc502afe,malwarebazaar,Mirai,"elf,Mirai",2026-08-22 04:00:06,2026-08-22 04:36:15,85
hash_md5,68cd9101ae8329762157dcc0e138ef6f,malwarebazaar,exe,"ClickFraud,exe,GCleaner,RemusStealer,sfx,unluckytool-com",2026-08-22 04:00:06,2026-08-22 04:36:15,85
hash_md5,6aef0f607bdce3eb1a3afe7c6606e8dc,malwarebazaar,Mirai,elf,2026-08-22 04:00:06,2026-08-22 04:36:15,85
hash_md5,6c6444aeab68e1167c44d5bb73630a68,malwarebazaar,Mirai,elf,2026-08-22 04:00:06,2026-08-22 04:36:15,85
hash_md5,703cfbe518c45eea2617025ba35eec85,malwarebazaar,unknown,wraith,2026-08-22 04:00:06,2026-08-22 04:36:15,85
hash_md5,734f2038edc0fb655e13004199f9e7da,malwarebazaar,DCRat,"DCRat,exe,RAT",2026-08-22 04:00:06,2026-08-22 04:36:15,85
hash_md5,75343b4013cff694e4fa2221f24ca9f7,malwarebazaar,Mirai,"elf,exe,Mirai,whack.sh",2026-08-22 04:00:06,2026-08-22 04:36:15,85
hash_md5,767fcd6b4d3afc73d5225cf8c2b5fc65,malwarebazaar,sh,"sh,wraith",2026-08-22 04:00:06,2026-08-22 04:36:15,85
hash_md5,76a85b3286f4ba692cb82fbb32208ec8,malwarebazaar,Mirai,elf,2026-08-22 04:00:06,2026-08-22 04:36:15,85
hash_md5,76af9931b3eadae96ceff5bb55cd60e6,malwarebazaar,unknown,"dropped-by-Adware.DownloadAssistant,Socks5Systemz",2026-08-22 04:00:06,2026-08-22 04:36:15,85
hash_md5,785b86edcd1dbe24bdc17a42f393d022,malwarebazaar,sh,sh,2026-08-22 04:00:06,2026-08-22 04:36:15,85
hash_md5,79ad253d5bc4ad78b2e2d39808839a59,malwarebazaar,sh,sh,2026-08-22 04:00:06,2026-08-22 04:36:15,85
hash_md5,7cdd492f8bf92e342c2671c79baf274d,malwarebazaar,SnappyClient,"exe,HijackLoader,SnappyClient,Vidar,YodaTeam",2026-08-22 04:00:06,2026-08-22 04:36:15,85
hash_md5,7daba441fc2dd8ea0a384d3d0c9c016d,malwarebazaar,RemusStealer,"exe,RemusStealer,signed",2026-08-22 04:00:06,2026-08-22 04:36:15,85
hash_md5,821ddd4cc1cf22265a5448532a03e8d1,malwarebazaar,exe,"exe,signed,whack.sh",2026-08-22 04:00:06,2026-08-22 04:36:15,85
hash_md5,82ce3bf7e2dc8c1dea6ff1e2a7e4d8de,malwarebazaar,exe,"dropped-by-GCleaner,exe,G,US0.file",2026-08-22 04:00:06,2026-08-22 04:36:15,85
hash_md5,852633e73ad0599e97d95abd28cd1300,malwarebazaar,elf,elf,2026-08-22 04:00:06,2026-08-22 04:36:15,85
hash_md5,85409b2ac42cfcb53ea6835ea0c9f143,malwarebazaar,RemusStealer,"exe,GCleaner,RemusStealer,unluckytool-com",2026-08-22 04:00:06,2026-08-22 04:36:15,85
hash_md5,85d9be558ce4625727d6a9e9c6f9983d,malwarebazaar,elf,elf,2026-08-22 04:00:06,2026-08-22 04:36:15,85
hash_md5,87654be3351f44206f281a6744ed89e8,malwarebazaar,unknown,wraith,2026-08-22 04:00:06,2026-08-22 04:36:15,85
hash_md5,88602976f7c64499ef40e4972ac17db6,threatfox,Formbook,threatfox,2026-08-21 16:09:29,2026-08-22 04:36:15,85
hash_md5,8c76d76427793b954e30c564d80cf51e,malwarebazaar,sh,"sh,wraith",2026-08-22 04:00:06,2026-08-22 04:36:15,85
hash_md5,917a25261468aafd531815d1991f0865,malwarebazaar,496.86.js,Stokes,2026-08-22 04:00:06,2026-08-22 04:36:15,85
hash_md5,921f3db238c3e981a5ca72c0baed0f74,malwarebazaar,elf,elf,2026-08-22 04:00:06,2026-08-22 04:36:15,85
hash_md5,93ba6a64c60fd088b949ba9b17a6bf5a,malwarebazaar,ValleyRAT,"dll,RAT,ValleyRAT",2026-08-22 04:00:06,2026-08-22 04:36:15,85
hash_md5,93d766dd78be7c3f2a54af0605c89014,malwarebazaar,exe,"exe,Stealc,svhost-update-service-casa",2026-08-22 04:00:06,2026-08-22 04:36:15,85
hash_md5,94f8910ef299c8a91dc4b2445891d1dd,malwarebazaar,unknown,"ClickFix,Efimer",2026-08-22 04:00:06,2026-08-22 04:36:15,85
hash_md5,951f71e07fd49bcd48e8ca76c9c26251,malwarebazaar,RemusStealer,"exe,RemusStealer,signed",2026-08-22 04:00:06,2026-08-22 04:36:15,85
hash_md5,97dc2b1a6ed4e81c4cb9b6f65dfde90f,malwarebazaar,Mirai,elf,2026-08-22 04:00:06,2026-08-22 04:36:15,85
hash_md5,9853d168bdc4e85fb0c9d2446b5d13ff,threatfox,Coinminer,threatfox,2026-08-21 16:09:29,2026-08-22 04:36:15,85
hash_md5,9c0cb196c350210fb0e9483c27f1b256,malwarebazaar,sh,"enthec,sh",2026-08-22 04:00:06,2026-08-22 04:36:15,85
hash_md5,a003b7f690768c3d11151bad0937dcd3,malwarebazaar,Mirai,"elf,exe,Mirai,whack.sh",2026-08-22 04:00:06,2026-08-22 04:36:15,85
hash_md5,a3cf044a300770eea2c262cc5860faf2,malwarebazaar,sh,sh,2026-08-22 04:00:06,2026-08-22 04:36:15,85
hash_md5,a629b59531a0780aeca540022274541f,malwarebazaar,RemusStealer,"37-187-155-230,ClickFraud,exe,GCleaner,RemusStealer,sfx,Stealc,unluckytool-com",2026-08-22 04:00:06,2026-08-22 04:36:15,85
hash_md5,a6bbd1507bde25eb86d8e62782248d17,malwarebazaar,RemusStealer,"ClickFraud,exe,RemusStealer,sfx,unluckytool-com",2026-08-22 04:00:06,2026-08-22 04:36:15,85
hash_md5,abfcab533d0bb4f3d44677fe84ce87bf,malwarebazaar,ValleyRAT,"dll,RAT,ValleyRAT",2026-08-22 04:00:06,2026-08-22 04:36:15,85
hash_md5,ac3a06a63c2aa2f0bd0da0d175ac1478,malwarebazaar,unknown,wraith,2026-08-22 04:00:06,2026-08-22 04:36:15,85
hash_md5,ac62f39c101304d31ecb789d08870189,malwarebazaar,Mirai,elf,2026-08-22 04:00:06,2026-08-22 04:36:15,85
hash_md5,ad7ff919835856e09be4c41d0d683bdb,malwarebazaar,exe,"exe,purelogsstealer,stealer",2026-08-22 04:00:06,2026-08-22 04:36:15,85
hash_md5,b0bc47a7308bd39a5b638781874a3d8e,threatfox,Unknown RAT,"threatfox,BabaDeda,CNCMachineRMS",2026-08-21 16:09:29,2026-08-22 04:36:15,85
hash_md5,b110d60e658b58f29f911ad12e1281cc,malwarebazaar,Mirai,"elf,exe,Mirai,whack.sh",2026-08-22 04:00:06,2026-08-22 04:36:15,85
hash_md5,b1c0271fb95baf0b83ec7c2d55c354b7,malwarebazaar,exe,"exe,whack.sh",2026-08-22 04:00:06,2026-08-22 04:36:15,85
hash_md5,b40366aadc86b16f62ae3b6e25c3ca65,malwarebazaar,RemusStealer,"ClickFraud,exe,GCleaner,RemusStealer,sfx,unluckytool-com",2026-08-22 04:00:06,2026-08-22 04:36:15,85
hash_md5,b7d4e2501a5ec1540753285ed74f6ef9,malwarebazaar,unknown,wraith,2026-08-22 04:00:06,2026-08-22 04:36:15,85
hash_md5,bea4cc32e3a405ab8f5d298195b48f62,malwarebazaar,Mirai,"elf,Mirai",2026-08-22 04:00:06,2026-08-22 04:36:15,85
hash_md5,c71812b9333a66da41f16c26cebd28c0,malwarebazaar,RemusStealer,"ClickFraud,exe,RemusStealer,unluckytool-com",2026-08-22 04:00:06,2026-08-22 04:36:15,85
hash_md5,ca62b338ad925fd2d9d59a7e962143f3,malwarebazaar,Mirai,elf,2026-08-22 04:00:06,2026-08-22 04:36:15,85
hash_md5,ca88a6c055a96e1a6fa47e2586d41d2a,threatfox,Unknown RAT,"threatfox,BabaDeda,CNCMachineRMS",2026-08-21 16:09:29,2026-08-22 04:36:15,85
hash_md5,cb470ad87c2982fd1d60b2fa6cbe637d,threatfox,Venus Stealer,threatfox,2026-08-21 16:09:29,2026-08-22 04:36:15,85
hash_md5,cdbf10a73965ecc2c73cf27aac159362,malwarebazaar,RemusStealer,"AsgardProtector,exe,RemusStealer",2026-08-22 04:00:06,2026-08-22 04:36:15,85
hash_md5,cfdd3706b8a218872e16a5f496617398,malwarebazaar,ValleyRAT,"dll,RAT,ValleyRAT",2026-08-22 04:00:06,2026-08-22 04:36:15,85
hash_md5,d252e8f0884cdfd7a81c26f2009b7719,malwarebazaar,exe,"ACRStealer,cdn-falconworks-cc,exe",2026-08-22 04:00:06,2026-08-22 04:36:15,85
hash_md5,d475185ce3d373eee45f60824742db13,malwarebazaar,NeedleStealer,"dubl2allremriki-com,exe,NeedleStealer,unluckytool-com",2026-08-22 04:00:06,2026-08-22 04:36:15,85
hash_md5,d5066dc447a12a674fefc5f28c9027e7,malwarebazaar,unknown,"ClickFix,Efimer",2026-08-22 04:00:06,2026-08-22 04:36:15,85
hash_md5,d5ef2b2948c7b7813479ba3adc7ff763,malwarebazaar,Mirai,elf,2026-08-22 04:00:06,2026-08-22 04:36:15,85
hash_md5,d99461f6b0ec318b8dedd9af28521628,malwarebazaar,elf,elf,2026-08-22 04:00:06,2026-08-22 04:36:15,85
hash_md5,da503f170adbab48c7699ecd14d7a29a,malwarebazaar,unknown,"ClickFix,Efimer",2026-08-22 04:00:06,2026-08-22 04:36:15,85
hash_md5,dc7fcc0d7d189555827260b3e4acc96a,threatfox,Vidar,threatfox,2026-08-21 16:09:29,2026-08-22 04:36:15,85
hash_md5,ddaa70755bf4e96f0a21663d55d978a0,malwarebazaar,ValleyRAT,"dll,RAT,ValleyRAT",2026-08-22 04:00:06,2026-08-22 04:36:15,85
hash_md5,e39f4494e945052735e488ca08362b69,malwarebazaar,Mirai,"elf,exe,Mirai,whack.sh",2026-08-22 04:00:06,2026-08-22 04:36:15,85
hash_md5,e59c75818142afa55b595fcda08f0612,malwarebazaar,sh,"sh,wraith",2026-08-22 04:00:06,2026-08-22 04:36:15,85
hash_md5,e7dbfba77c512422399232ac4caf5a4f,malwarebazaar,Mirai,elf,2026-08-22 04:00:06,2026-08-22 04:36:15,85
hash_md5,e9e036d2f0d39d32b4211def66dcc35d,malwarebazaar,RemusStealer,"ClickFraud,exe,RemusStealer,sfx,unluckytool-com",2026-08-22 04:00:06,2026-08-22 04:36:15,85
hash_md5,eba2bbd380b6949a249aba5c3ed13245,threatfox,Unknown RAT,"threatfox,BabaDeda,CNCMachineRMS",2026-08-21 16:09:29,2026-08-22 04:36:15,85
hash_md5,edc8338feddcdc93e69c966d26a8e94e,threatfox,Vidar,threatfox,2026-08-21 16:09:29,2026-08-22 04:36:15,85
hash_md5,ee2317eedfe58fb78a2541c2277b8f6a,malwarebazaar,CoinMiner,exe,2026-08-22 04:00:06,2026-08-22 04:36:15,85
hash_md5,ef7086a865b3f6a759e6a97631ccd5cd,malwarebazaar,sh,sh,2026-08-22 04:00:06,2026-08-22 04:36:15,85
hash_md5,f162e51659c53eda7eba78059a5b81b5,malwarebazaar,Mirai,"elf,exe,Mirai,whack.sh",2026-08-22 04:00:06,2026-08-22 04:36:15,85
hash_md5,f5a76e58085263066070e70f2419a941,malwarebazaar,Mirai,elf,2026-08-22 04:00:06,2026-08-22 04:36:15,85
hash_md5,f7120f15b4b3e4622e8eaf5e8f664d0c,malwarebazaar,ValleyRAT,"dll,RAT,ValleyRAT",2026-08-22 04:00:06,2026-08-22 04:36:15,85
hash_md5,f951e657a25d2cf95ecda3b7d5e31a2f,malwarebazaar,Mirai,elf,2026-08-22 04:00:06,2026-08-22 04:36:15,85
hash_md5,fa5b9ea9f85fe1980f0f5063ce44cc0a,malwarebazaar,RemusStealer,"37-187-155-230,ClickFraud,exe,GCleaner,RemusStealer,sfx,Stealc,unluckytool-com",2026-08-22 04:00:06,2026-08-22 04:36:15,85
hash_md5,fcf9ba5aa3c24ca99da427aa2be35bc6,malwarebazaar,Mirai,elf,2026-08-22 04:00:06,2026-08-22 04:36:15,85
hash_md5,fcfa826b899ee297df49f4ef756857d2,malwarebazaar,ValleyRAT,"exe,RAT,ValleyRAT",2026-08-22 04:00:06,2026-08-22 04:36:15,85
hash_md5,ffc7dd7ffc6c89b3c0d26180ea256902,malwarebazaar,RemusStealer,"37-187-155-230,ClickFraud,exe,GCleaner,RemusStealer,sfx,Stealc,unluckytool-com",2026-08-22 04:00:06,2026-08-22 04:36:15,85
hash_sha256,02522eaec42abfb57e780e43fda7ef0cc4f0e6d061c2e35aaa3575d5b62f7c13,threatfox,Coinminer,threatfox,2026-08-21 16:09:29,2026-08-22 04:36:15,85
hash_sha256,06bcf8b6ba6a3cf02571bb94c135453b70a76fdd6e5ecf55f9fd384efaa8e308,malwarebazaar,exe,"dropped-by-GCleaner,exe,G,US0.file",2026-08-22 04:00:06,2026-08-22 04:36:15,85
hash_sha256,086f204a2f6f84c20f95ad67046a3f2742f262783b39e98480537aea9461a7b5,malwarebazaar,sh,"sh,wraith",2026-08-22 04:00:06,2026-08-22 04:36:15,85
hash_sha256,0a3f4115a9495dca557abff7445aec5d7773906fd91a0b2060f32c2cb42ad8b7,malwarebazaar,CoinMiner,exe,2026-08-22 04:00:06,2026-08-22 04:36:15,85
hash_sha256,0cca6c20b4466d2db1fb8427ca21c85cdd7c1c460554112f0a238a3d594b2a0e,malwarebazaar,Mirai,elf,2026-08-22 04:00:06,2026-08-22 04:36:15,85
hash_sha256,10d83c1748895361e07320f68d44d427b43cadd2cbffe0ab5e607ab03aec83da,malwarebazaar,elf,elf,2026-08-22 04:00:06,2026-08-22 04:36:15,85
hash_sha256,11974ece6c707759b83574eaf844a6fbeebb55c16ac2b5b81d89d7200905733e,malwarebazaar,ValleyRAT,"dll,RAT,ValleyRAT",2026-08-22 04:00:06,2026-08-22 04:36:15,85
hash_sha256,15c1d1f3ac0418a3c6b4af36a3578322ef39c0a6970b7d1bf69e9a2dc6cb4765,malwarebazaar,sh,"sh,wraith",2026-08-22 04:00:06,2026-08-22 04:36:15,85
hash_sha256,16ba5736f615fbb3c7a9861c6de1dac8b9eb6757ae815786306ed4f6c6b7bc4f,malwarebazaar,RemusStealer,exe,2026-08-22 04:00:06,2026-08-22 04:36:15,85
hash_sha256,18667c138b756654501dc2d742285f9795a76209ba3565d07ed6cf11798d3308,malwarebazaar,RemusStealer,"exe,RemusStealer,signed",2026-08-22 04:00:06,2026-08-22 04:36:15,85
hash_sha256,19dc8ef01a3671d43868d90d36f625ab881359d2d49e7e4a8ee9bbeb9cd556f9,malwarebazaar,Mirai,elf,2026-08-22 04:00:06,2026-08-22 04:36:15,85
hash_sha256,2320a4529e5fddb64858e986cbb269062b8b0d1a0a360fa90e293c1e246166bf,malwarebazaar,Mirai,elf,2026-08-22 04:00:06,2026-08-22 04:36:15,85
hash_sha256,2410b4ca59e2f8b6272118e0478357c8ac6889678f26ae85c2a07f6c451d6652,malwarebazaar,Mirai,elf,2026-08-22 04:00:06,2026-08-22 04:36:15,85
hash_sha256,2622d2ab4694ba71c9c7970f664d623e94fa11af0159784c40a0538329538f53,malwarebazaar,Mirai,elf,2026-08-22 04:00:06,2026-08-22 04:36:15,85
hash_sha256,2779033e8c0bd3d1c2332d1a4c498b09d2eb090fff10a5aad7adbfb3a5231d72,malwarebazaar,ValleyRAT,"exe,RAT,ValleyRAT",2026-08-22 04:00:06,2026-08-22 04:36:15,85
hash_sha256,27b9bb39d1f69c963f62d748399fb6bdea6315f88d1521ba242015dc9ce25213,malwarebazaar,unknown,wraith,2026-08-22 04:00:06,2026-08-22 04:36:15,85
hash_sha256,284e5ec8748f99fd1b8c331b699a5fe5fd4448bbaae0347a940f427f931c4d14,malwarebazaar,elf,elf,2026-08-22 04:00:06,2026-08-22 04:36:15,85
hash_sha256,2b435e783dd02a969e3ebbef2e88898faa654e72fe48bca19d8328eed051b6ed,malwarebazaar,RemusStealer,"ClickFraud,exe,GCleaner,RemusStealer,sfx,unluckytool-com",2026-08-22 04:00:06,2026-08-22 04:36:15,85
hash_sha256,2ed54e0f988a62039abed88f6394eb1e3d5ed931f0183556055417fb08844ecf,malwarebazaar,elf,elf,2026-08-22 04:00:06,2026-08-22 04:36:15,85
hash_sha256,303555a2115d8510f7f8e663e3c25a3310000c3a20950089633902c6245f7cc3,malwarebazaar,exe,"ClickFraud,exe,GCleaner,RemusStealer,sfx,unluckytool-com",2026-08-22 04:00:06,2026-08-22 04:36:15,85
hash_sha256,31611a93846b3d2307c7640e5bf04416ce3b0d337db0db5f69cdb408ca3be5d6,malwarebazaar,NeedleStealer,"dubl2allremriki-com,exe,NeedleStealer,unluckytool-com",2026-08-22 04:00:06,2026-08-22 04:36:15,85
hash_sha256,3295712cfe22112ee05a194478533ae0beb4ab46b0f5b38c75c09beb865b8bd7,malwarebazaar,RemusStealer,"ClickFraud,exe,RemusStealer,sfx,unluckytool-com",2026-08-22 04:00:06,2026-08-22 04:36:15,85
hash_sha256,32be781fe304e989ecbfde91e785dd0f410cf63ed2a1a747d3c2340c7d3ba579,malwarebazaar,unknown,"ClickFix,Efimer",2026-08-22 04:00:06,2026-08-22 04:36:15,85
hash_sha256,346cf14b787747160f789525e9843663b05a7e588f8fa92b8a2b858a8d54272b,threatfox,Vidar,threatfox,2026-08-21 16:09:29,2026-08-22 04:36:15,85
hash_sha256,3924cc20aef6c2864187f4d5f942056b1f2ac33ab66af6e0ce0985701a3ea091,malwarebazaar,SnappyClient,"exe,HijackLoader,SnappyClient,Vidar,YodaTeam",2026-08-22 04:00:06,2026-08-22 04:36:15,85
hash_sha256,3944defd9ed83e169d456ec5422aaaa5ba1882a632f02cc4b40e0d52406ccfd3,malwarebazaar,Mirai,elf,2026-08-22 04:00:06,2026-08-22 04:36:15,85
hash_sha256,3d24252d5fba5a20879ed518a37994f2268bc463d9cfb2995f6e6521eb94e965,malwarebazaar,Mirai,elf,2026-08-22 04:00:06,2026-08-22 04:36:15,85
hash_sha256,3db21013142719a5845a82e09d29e975f80caffa5649b5e4e7e6f3c229d0feb4,malwarebazaar,RemusStealer,"ClickFraud,exe,RemusStealer,unluckytool-com",2026-08-22 04:00:06,2026-08-22 04:36:15,85
hash_sha256,3ef0276b36b843e6e1e39065d9c413d45515f09cd115f3c0e1dc25b227fc3e9d,malwarebazaar,RemusStealer,"ClickFraud,exe,RemusStealer,unluckytool-com",2026-08-22 04:00:06,2026-08-22 04:36:15,85
hash_sha256,4189394952c2876eab70eb7ce743fd3e7e7d72189045c10197059611f2a4da76,malwarebazaar,Mirai,elf,2026-08-22 04:00:06,2026-08-22 04:36:15,85
hash_sha256,42c2c18036a33df2229285065cdcbd7d6fbfd1cdbb9b121fc0160f98c075add7,malwarebazaar,RemusStealer,"37-187-155-230,ClickFraud,exe,GCleaner,RemusStealer,sfx,Stealc,unluckytool-com",2026-08-22 04:00:06,2026-08-22 04:36:15,85
hash_sha256,430d3b8dd4590547060ac413de20581bd08462814a38a0498da198b00ca373b8,malwarebazaar,unknown,"ClickFix,Efimer",2026-08-22 04:00:06,2026-08-22 04:36:15,85
hash_sha256,466bb2599b3522d0b8ca2325d54b0849e753ce92f831fc18a0377416728190d3,malwarebazaar,sh,"enthec,sh",2026-08-22 04:00:06,2026-08-22 04:36:15,85
hash_sha256,47630a069e44a6981ac37e9d82ae44e7252ed184ccb30f41f2df56f26254bd40,malwarebazaar,RemusStealer,"exe,GCleaner,RemusStealer,unluckytool-com",2026-08-22 04:00:06,2026-08-22 04:36:15,85
hash_sha256,49b81f37896cb76b7a2b54a1bdac64caeb1513abf26ddc8da5f9e24f9ab74390,malwarebazaar,exe,"ClickFraud,exe,GCleaner,RemusStealer,sfx,unluckytool-com",2026-08-22 04:00:06,2026-08-22 04:36:15,85
hash_sha256,4b9d68a24e5bf83ee32a8feb43a9b74b4955c35dce3564ae62a137b7101eb903,malwarebazaar,Socks5Systemz,"dropped-by-Adware.DownloadAssistant,exe,Socks5Systemz",2026-08-22 04:00:06,2026-08-22 04:36:15,85
hash_sha256,4d5fdf61242476e6f4b76c196754f55c15aec0e123f495298632181c5744e326,malwarebazaar,Mirai,"elf,exe,Mirai,whack.sh",2026-08-22 04:00:06,2026-08-22 04:36:15,85
hash_sha256,4da675a2133e1b05fafb6a8186d165818855629373425ad93d6e5151fd95e47c,malwarebazaar,Mirai,"elf,exe,Mirai,whack.sh",2026-08-22 04:00:06,2026-08-22 04:36:15,85
hash_sha256,4e5bbea0ace9f3b808161896edcaf620c632385f74855174baff669af3dc9140,malwarebazaar,Mirai,elf,2026-08-22 04:00:06,2026-08-22 04:36:15,85
hash_sha256,5239ca97f24a7b84ec35362adcca03935e29bc9082e3aa69c5ac73c7ac2efb19,malwarebazaar,RemusStealer,"ClickFraud,exe,GCleaner,RemusStealer,sfx,unluckytool-com",2026-08-22 04:00:06,2026-08-22 04:36:15,85
hash_sha256,563512cbc00ac478207d204bf4fd686a533cfa7d8a3948c6d7ba94fb08716fa1,malwarebazaar,Mirai,elf,2026-08-22 04:00:06,2026-08-22 04:36:15,85
hash_sha256,5752ae9a94cebf686664cdbf5cb88f7c53a1cd70947934a0958992bd98b532f4,malwarebazaar,sh,sh,2026-08-22 04:00:06,2026-08-22 04:36:15,85
hash_sha256,57713a4f584665cbb42ecddd749459c10c7a369e3b1beaaabd4d694891e16933,malwarebazaar,RemusStealer,"ClickFraud,exe,GCleaner,RemusStealer,sfx,unluckytool-com",2026-08-22 04:00:06,2026-08-22 04:36:15,85
hash_sha256,586453165bf6649d38354376e4bfe78977f9f2a4cc0ab4eb87cc58fa552c2883,malwarebazaar,exe,"exe,signed,whack.sh",2026-08-22 04:00:06,2026-08-22 04:36:15,85
hash_sha256,5af40e30ab869cd9f82eb06556061c255ca3154debf93f38f776d853b8f08d77,malwarebazaar,Mirai,"elf,exe,Mirai,whack.sh",2026-08-22 04:00:06,2026-08-22 04:36:15,85
hash_sha256,5c4e263546fb21f8fe8732789a5b6583eaa8ae11ebeef099462a7c9bf50e022d,malwarebazaar,sh,sh,2026-08-22 04:00:06,2026-08-22 04:36:15,85
hash_sha256,5effdc44e7d34640582975244b9dd835f31ce2e96854b2f35f93d54a9f86fc48,malwarebazaar,sh,sh,2026-08-22 04:00:06,2026-08-22 04:36:15,85
hash_sha256,60507a4f30c4b1f8667be1b809caa854f65661b3741054fa73e133d3944a402e,malwarebazaar,ValleyRAT,"dll,RAT,ValleyRAT",2026-08-22 04:00:06,2026-08-22 04:36:15,85
hash_sha256,626c0a22c5a5261e4c650cb5194cfc9959e9a45a1d017f056e8115c500c52b68,malwarebazaar,Mirai,"elf,exe,Mirai,whack.sh",2026-08-22 04:00:06,2026-08-22 04:36:15,85
hash_sha256,641fcc308925f0376adb2c30cdf7aa6710c0d227bfc4491fc803cc3efcf4941f,malwarebazaar,RemusStealer,"exe,RemusStealer,signed",2026-08-22 04:00:06,2026-08-22 04:36:15,85
hash_sha256,6581bf37184bb2db899b9893064d39dd314ea691adf3281cc0aa7e0a31e5138a,malwarebazaar,elf,elf,2026-08-22 04:00:06,2026-08-22 04:36:15,85
hash_sha256,68646c5e06443730a2dc90e97c35c6038b65b0e70d91a61e91ceddf6eceffa70,malwarebazaar,sh,"enthec,sh",2026-08-22 04:00:06,2026-08-22 04:36:15,85
hash_sha256,6a406376be3f0dc3c700a8c637b5c4a111c8e013b49f2100dace21520aeec4b8,malwarebazaar,RemusStealer,"dropped-by-RenPyLoader,exe,RemusStealer,signed",2026-08-22 04:00:06,2026-08-22 04:36:15,85
hash_sha256,6d70fb7ee01bcca86fde4aa7154ae198eeacf9dbc852c824fe2317397ce1f1de,malwarebazaar,exe,"ClickFraud,exe,GCleaner,RemusStealer,sfx,unluckytool-com",2026-08-22 04:00:06,2026-08-22 04:36:15,85
hash_sha256,73e065dc63b3c7a08f3f940ed7cbf761129767b191f78a9621f5b4d305cedc71,malwarebazaar,RemusStealer,"AsgardProtector,exe,RemusStealer",2026-08-22 04:00:06,2026-08-22 04:36:15,85
hash_sha256,749d02aacf954ce95077efc5084679a11ee474799b9961c069413f60278ab854,malwarebazaar,ValleyRAT,"dll,RAT,ValleyRAT",2026-08-22 04:00:06,2026-08-22 04:36:15,85
hash_sha256,74a9d856028ed2daf9b4ac1db1f6da9ca8140599d0e3cf223687d15ee66f3c0f,malwarebazaar,RemusStealer,"37-187-155-230,ClickFraud,exe,GCleaner,RemusStealer,sfx,Stealc,unluckytool-com",2026-08-22 04:00:06,2026-08-22 04:36:15,85
hash_sha256,74e6459121f80d5cef0ab9e1bad20d7354df9874a6f448cb2a1ba860faca5f9c,malwarebazaar,unknown,wraith,2026-08-22 04:00:06,2026-08-22 04:36:15,85
hash_sha256,755b59727fa54b89a9e48fe04cc9004a63bfd43d8e55aefc25ce0c825ca6ab6c,malwarebazaar,ValleyRAT,"dll,RAT,ValleyRAT",2026-08-22 04:00:06,2026-08-22 04:36:15,85
hash_sha256,75da2ad869488ae22f7adae7dc72a33ca415e8f91578d00eda9d70222d1b02af,malwarebazaar,Mirai,elf,2026-08-22 04:00:06,2026-08-22 04:36:15,85
hash_sha256,768a14a6c0c4f8ea3ea8267931da827ffeac67b8cff42e6f28e09d99acd428d7,malwarebazaar,exe,"exe,whack.sh",2026-08-22 04:00:06,2026-08-22 04:36:15,85
hash_sha256,78a2d2988751b159ab860349e3dd1a9f034f4f1ef4d39888b66a4c924b7e9db0,malwarebazaar,RemusStealer,"AsgardProtector,exe,RemusStealer",2026-08-22 04:00:06,2026-08-22 04:36:15,85
hash_sha256,799a7ba7f0e68529c61e4cb73bd8a1e57d5648786937335e36e53ed1ab56a932,malwarebazaar,RemusStealer,"ClickFraud,exe,GCleaner,RemusStealer,sfx,unluckytool-com",2026-08-22 04:00:06,2026-08-22 04:36:15,85
hash_sha256,7e21498244c5e0c07e45bf188b20fceb745d70470b48f2ea7d8fca87c53ab63c,malwarebazaar,unknown,"ClickFix,Efimer",2026-08-22 04:00:06,2026-08-22 04:36:15,85
hash_sha256,82085936272bf263f09cb82c1d9d94c6098f5c46a973d00da4c682346e3fa71e,malwarebazaar,exe,"ACRStealer,cdn-falconworks-cc,exe",2026-08-22 04:00:06,2026-08-22 04:36:15,85
hash_sha256,8a51b7c9a5ca3ffd8919e92434c6758c8f00f433f5e03fecd169ff052eaeb5d3,malwarebazaar,sh,sh,2026-08-22 04:00:06,2026-08-22 04:36:15,85
hash_sha256,8a613f3578531c2cb944b4fb3668f39288d22fb1b2af59ce0f22327ef72cc000,malwarebazaar,Mirai,"elf,exe,Mirai,whack.sh",2026-08-22 04:00:06,2026-08-22 04:36:15,85
hash_sha256,8abd6a3d21097d75fc4970cb1c202c7b30bc709cf2446a94a298e3020578942a,threatfox,Venus Stealer,threatfox,2026-08-21 16:09:29,2026-08-22 04:36:15,85
hash_sha256,8c848798aab18991fdc4df17950daa818c78fbd2a51d75c779f8a3440638592f,malwarebazaar,Mirai,"elf,exe,Mirai,whack.sh",2026-08-22 04:00:06,2026-08-22 04:36:15,85
hash_sha256,8dcda89abe8d1192c60f5e2ce46af13ff4a73411eb2ad1311ff80fd54541c20b,malwarebazaar,RemusStealer,"37-187-155-230,ClickFraud,exe,GCleaner,RemusStealer,sfx,Stealc,unluckytool-com",2026-08-22 04:00:06,2026-08-22 04:36:15,85
hash_sha256,8e2f9c7c115d3137f5c993b0178395bca50aad733abc1ad336678b274662d4b6,malwarebazaar,RemusStealer,"ClickFraud,exe,RemusStealer,sfx,unluckytool-com",2026-08-22 04:00:06,2026-08-22 04:36:15,85
hash_sha256,90cd82d7296ca7b11480d47e6e7d94bd69d586a942d39ae8c899bf5df083c46a,malwarebazaar,exe,"exe,Stealc,svhost-update-service-casa",2026-08-22 04:00:06,2026-08-22 04:36:15,85
hash_sha256,90e2b0b4e29cf7906f43e7eb275e4b03a44dc060821b873fc507ca9292c9cc5f,malwarebazaar,sh,sh,2026-08-22 04:00:06,2026-08-22 04:36:15,85
hash_sha256,9391c6ad17aced1142607c0c623b18d86a7697cc483d204ffac94093e26b8068,malwarebazaar,elf,elf,2026-08-22 04:00:06,2026-08-22 04:36:15,85
hash_sha256,9420e279446ceec7cd0d1d5fcb763d85f77bd939a35a30789e4e8e957d8d342a,malwarebazaar,unknown,wraith,2026-08-22 04:00:06,2026-08-22 04:36:15,85
hash_sha256,974db0246553597676603c5aafa7b1a855dc6bdbbe657d0036470dee1cbc3fea,malwarebazaar,exe,"exe,purelogsstealer,stealer",2026-08-22 04:00:06,2026-08-22 04:36:15,85
hash_sha256,9887eb5db8f8c121268327bd41ab70eee6538655831d1f2b3723d20d1a4c0833,malwarebazaar,Mirai,"elf,Mirai",2026-08-22 04:00:06,2026-08-22 04:36:15,85
hash_sha256,98cbbf4ceb2d1281732147a5cddf9105be6748ca1d4baa1602444c24e164cec5,malwarebazaar,unknown,wraith,2026-08-22 04:00:06,2026-08-22 04:36:15,85
hash_sha256,9f4e2dc6f2aeeb950936285e8e47f805d4e3d843e0912df08f49dc6e53bdf152,malwarebazaar,RemusStealer,"37-187-155-230,ClickFraud,exe,GCleaner,RemusStealer,sfx,Stealc,unluckytool-com",2026-08-22 04:00:06,2026-08-22 04:36:15,85
hash_sha256,a157b86bb50b92c090fc69d53330f09f4e9cba5ad3f6d071cce6c541969d08be,malwarebazaar,Mirai,"elf,Mirai",2026-08-22 04:00:06,2026-08-22 04:36:15,85
hash_sha256,a2eb9cf201f057f9860abfbd377b58d390165b6c86ff9a23f848ee0142b40f7b,malwarebazaar,Mirai,"elf,Mirai",2026-08-22 04:00:06,2026-08-22 04:36:15,85
hash_sha256,a3c7d47493c861c2cdfe687144fc2a207cf1d10fd1b98c635746f76b8ebe8093,malwarebazaar,RemusStealer,"exe,RemusStealer,signed,windowsof-com",2026-08-22 04:00:06,2026-08-22 04:36:15,85
hash_sha256,a4da7669180c6c0cbd4c20bcf12906bccec11233e950a90942d20d3984fe2d94,malwarebazaar,RemusStealer,"37-187-155-230,ClickFraud,exe,GCleaner,RemusStealer,sfx,Stealc,unluckytool-com",2026-08-22 04:00:06,2026-08-22 04:36:15,85
hash_sha256,a72bef426080975468dc686c7bc44cc99d3574ab626382632921dc48366cf107,malwarebazaar,Mirai,"elf,Mirai",2026-08-22 04:00:06,2026-08-22 04:36:15,85
hash_sha256,acce16056f1fe8efd131034d6d27814ba5fb3e0878cf8147d1983bd73f59eec2,threatfox,Vidar,threatfox,2026-08-21 16:09:29,2026-08-22 04:36:15,85
hash_sha256,adaaeae5751344edbe24efc363c3c4e6b6cfea00f4a19fd0e59e20b8c9db0cc2,malwarebazaar,sh,sh,2026-08-22 04:00:06,2026-08-22 04:36:15,85
hash_sha256,ae9200450fb3030b59e0a5a27eb2ab413297f0a0bdb4cb8a6755e64f38a07ff5,malwarebazaar,RemusStealer,"ClickFraud,exe,RemusStealer,sfx,unluckytool-com",2026-08-22 04:00:06,2026-08-22 04:36:15,85
hash_sha256,b3b4992027e7e6999f891d0152b1e86e986f4518397696a2bc189d21ab78f018,malwarebazaar,unknown,"ClickFix,Efimer",2026-08-22 04:00:06,2026-08-22 04:36:15,85
hash_sha256,b3e188bf57cbc7a25832ea1623180c43508e31c9dfcd50c914b42954d6dd8ca9,malwarebazaar,RemusStealer,"exe,GCleaner,RemusStealer,unluckytool-com",2026-08-22 04:00:06,2026-08-22 04:36:15,85
hash_sha256,b6db146a4318ab09ff1bf9266c208c7523e2e3410ab4635e28df25fc678e6866,malwarebazaar,sh,"sh,wraith",2026-08-22 04:00:06,2026-08-22 04:36:15,85
hash_sha256,b8557a6e283fc71cf39f68d2219a17599c2a6bd62d6c038aaacf10dc003d2408,malwarebazaar,unknown,"dropped-by-Adware.DownloadAssistant,Socks5Systemz",2026-08-22 04:00:06,2026-08-22 04:36:15,85
hash_sha256,b90640b392827b4f2d280f6cf67860862953331917d42df23e1653a92f2f98ad,malwarebazaar,elf,elf,2026-08-22 04:00:06,2026-08-22 04:36:15,85
hash_sha256,b95ac535ed7651f441589fb37db059d76bc2384c417e910fc264aa006d115c49,malwarebazaar,RemusStealer,"ClickFraud,exe,RemusStealer,sfx,unluckytool-com",2026-08-22 04:00:06,2026-08-22 04:36:15,85
hash_sha256,bb1a0a0ca087de0e231f567453d5652fa2af5819412ee602e0ffd601f1a186ec,malwarebazaar,unknown,"ClickFix,Efimer",2026-08-22 04:00:06,2026-08-22 04:36:15,85
hash_sha256,c0d8ffebfba969b1c1ca76bd9623bb623e9f95155c8ceca77d8fcc521435a497,malwarebazaar,elf,elf,2026-08-22 04:00:06,2026-08-22 04:36:15,85
hash_sha256,c2dd3509770770764b86e5ac7dacd4805ceed98708b27a208a4973e3d4f7c3ea,malwarebazaar,RemusStealer,"37-187-155-230,ClickFraud,exe,GCleaner,RemusStealer,sfx,Stealc,unluckytool-com",2026-08-22 04:00:06,2026-08-22 04:36:15,85
hash_sha256,c77dc176b6b643e833ce40829cfbc783b7a0ec317ec12e35095e6523dfb73d8a,malwarebazaar,SnappyClient,"exe,HijackLoader,SnappyClient,Vidar,YodaTeam",2026-08-22 04:00:06,2026-08-22 04:36:15,85
hash_sha256,d5aea22bf23f26d0c83d5d96f46f16a4207b69a37956ce975c1b7b2351fcc5cf,malwarebazaar,DCRat,"DCRat,exe,RAT",2026-08-22 04:00:06,2026-08-22 04:36:15,85
hash_sha256,d7437869437f3b9508d4591b05d4ebfb04fbe54fcc15b3a1e9bc1a9f04cf6d41,malwarebazaar,sh,"sh,wraith",2026-08-22 04:00:06,2026-08-22 04:36:15,85
hash_sha256,d8df49c39fc031f2f460f2bd632c43ac8c8f2aa27ca319ecd9ff259e2eca3768,malwarebazaar,unknown,unknown,2026-08-22 04:00:06,2026-08-22 04:36:15,85
hash_sha256,d96c6de7ab6abc18381dca34117d891f5826825e6f435e044534ce76120924c5,malwarebazaar,sh,"sh,wraith",2026-08-22 04:00:06,2026-08-22 04:36:15,85
hash_sha256,dbe81fa3a95ba2f6f882d673695f0b6d1ed6b26bd6dfdbd3126bdb3d0fd258aa,malwarebazaar,Mirai,"elf,exe,Mirai,whack.sh",2026-08-22 04:00:06,2026-08-22 04:36:15,85
hash_sha256,dc7153a7ed6e0c9666de705d53416c62eda0d0c879d6da9a108e282c529cebef,malwarebazaar,exe,"d52f85,dropped-by-Amadey,exe",2026-08-22 04:00:06,2026-08-22 04:36:15,85
hash_sha256,dfba6008a2c828a9cb62342aec53006ae05a60cb8d4c41c3fa216fd727e8c6a3,malwarebazaar,elf,elf,2026-08-22 04:00:06,2026-08-22 04:36:15,85
hash_sha256,e1ceb7fc212e182239ef470559bc0ee09c8fb12fa69f6ae09dee072bfecfb2b9,malwarebazaar,RemusStealer,"37-187-155-230,ClickFraud,exe,GCleaner,RemusStealer,sfx,Stealc,unluckytool-com",2026-08-22 04:00:06,2026-08-22 04:36:15,85
hash_sha256,e405bcbf4e1b8a8b135ae22f6d59a2e2f5736f35c514cd1527c8e2c8e40b55af,malwarebazaar,Mirai,elf,2026-08-22 04:00:06,2026-08-22 04:36:15,85
hash_sha256,e448e02e582c8a4746204b93ebeb0545515b2aede8e5bd789fd7ec6ce06c0c03,malwarebazaar,Mirai,elf,2026-08-22 04:00:06,2026-08-22 04:36:15,85
hash_sha256,e4d12208789f36efc5a1ff765088fed95d6bb5972d1a804a4536fd42366797d4,malwarebazaar,elf,elf,2026-08-22 04:00:06,2026-08-22 04:36:15,85
hash_sha256,e63dc60b24b94658992abec4e5819be35bc0ed5bfc3fe65a89f320539236a181,malwarebazaar,ValleyRAT,"dll,RAT,ValleyRAT",2026-08-22 04:00:06,2026-08-22 04:36:15,85
hash_sha256,e668d8fcccd5362e0964920ddeabf0b1ad354afd25822960fddfb3a6e3b290bd,malwarebazaar,unknown,wraith,2026-08-22 04:00:06,2026-08-22 04:36:15,85
hash_sha256,e766006dbda523bcab41079e4d69495a373506910b497012377f540e5b2412c6,malwarebazaar,sh,sh,2026-08-22 04:00:06,2026-08-22 04:36:15,85
hash_sha256,e89e2ea4c743c87ef7faff9303b9133c54737dd683536cf5e6518374fb130a4a,threatfox,Formbook,threatfox,2026-08-21 16:09:29,2026-08-22 04:36:15,85
hash_sha256,ea5b8411ef37ad40486c019c674565392e10cef6700c707f81284adebcdc157f,malwarebazaar,unknown,"ClickFix,Efimer",2026-08-22 04:00:06,2026-08-22 04:36:15,85
hash_sha256,f054b071032e81ea59a4ecfbbaa8e8fd080bca0a9ad50c44b9c9772172de7bf5,malwarebazaar,unknown,"ClickFix,Efimer",2026-08-22 04:00:06,2026-08-22 04:36:15,85
hash_sha256,f42c77fc05af60b8e702ab357714890d2ce17419d63bcc108f00be7733e8c7c5,malwarebazaar,ValleyRAT,"dll,RAT,ValleyRAT",2026-08-22 04:00:06,2026-08-22 04:36:15,85
hash_sha256,f49f45303cbfccee14ff193ac9608f860e6d616f08c0ecbef1ec44f7c863d7ec,malwarebazaar,elf,elf,2026-08-22 04:00:06,2026-08-22 04:36:15,85
hash_sha256,f80ea3ce4bb1bcf1f5893a85255c5f3f2138585630f894d9cbad060ad2da6043,malwarebazaar,unknown,"cowrie,hermes-noc,honeypot",2026-08-22 04:00:06,2026-08-22 04:36:15,85
hash_sha256,fba265611c94bd8ce572991abe3437786c7b2b1d8da78dc3e8a825787b3d5a27,malwarebazaar,496.86.js,Stokes,2026-08-22 04:00:06,2026-08-22 04:36:15,85
hash_sha256,fd01de8844ac6f7c2bd35b66f974a79ddcd6ca21a247157a270419d32c266175,malwarebazaar,sh,"enthec,sh",2026-08-22 04:00:06,2026-08-22 04:36:15,85
hash_sha256,fd207faa41eb1537790fcc4036c3250c93c5563ec275b36b191c74a90e0a703f,malwarebazaar,Mirai,"elf,exe,Mirai,whack.sh",2026-08-22 04:00:06,2026-08-22 04:36:15,85
hash_sha256,fd61ded6fdcedc069c7ace96ab1d5b0d05e1914ab4d20e865ea8af64ec06aee5,malwarebazaar,sh,"sh,wraith",2026-08-22 04:00:06,2026-08-22 04:36:15,85
ip,1.15.179.110,threatfox,VShell,"threatfox,vshell",2026-08-21 16:09:29,2026-08-22 04:36:15,85
ip,101.200.193.211,threatfox,Cobalt Strike,"threatfox,cobaltstrike",2026-07-19 05:20:40,2026-08-22 04:36:15,85
ip,103.242.12.143,threatfox,VShell,"threatfox,vshell",2026-05-14 17:25:30,2026-08-22 04:36:15,85
ip,104.168.5.30,threatfox,PureLogs Stealer,"threatfox,PureLogsStealer",2026-08-21 16:09:29,2026-08-22 04:36:15,85
ip,104.238.57.209,threatfox,Unknown malware,"threatfox,mythic",2026-08-21 16:09:29,2026-08-22 04:36:15,85
ip,104.249.10.86,threatfox,PureRAT,"threatfox,drb-ra,PureHVNC,PureRAT,RAT",2026-08-21 16:09:29,2026-08-22 04:36:15,85
ip,106.54.41.209,threatfox,Unknown malware,"threatfox,viper",2026-08-20 16:06:17,2026-08-22 04:36:15,85
ip,109.227.36.61,threatfox,DanaBot,"threatfox,DanBot,drb-ra",2026-08-21 16:09:29,2026-08-22 04:36:15,85
ip,113.44.89.87,threatfox,Unknown malware,"threatfox,viper",2026-08-21 16:09:29,2026-08-22 04:36:15,85
ip,115.159.226.190,threatfox,Cobalt Strike,"threatfox,CobaltStrike,cs-watermark-987654321",2026-08-21 16:09:29,2026-08-22 04:36:15,85
ip,118.25.103.144,threatfox,Quasar RAT,"threatfox,quasarrat",2026-08-21 16:09:29,2026-08-22 04:36:15,85
ip,118.25.188.245,threatfox,Quasar RAT,"threatfox,CinaRAT,Quasar RAT,QuasarRAT,Yggdrasil",2026-08-21 16:09:29,2026-08-22 04:36:15,85
ip,118.25.37.47,threatfox,Cobalt Strike,"threatfox,cobaltstrike",2026-08-21 04:06:10,2026-08-22 04:36:15,85
ip,120.55.43.18,threatfox,VShell,"threatfox,vshell",2026-08-21 04:06:10,2026-08-22 04:36:15,85
ip,121.127.253.146,threatfox,AdaptixC2,"threatfox,AdaptixC2,drb-ra",2026-08-21 16:09:29,2026-08-22 04:36:15,85
ip,122.51.12.180,threatfox,Cobalt Strike,"threatfox,CobaltStrike,drb-ra",2026-08-21 16:09:29,2026-08-22 04:36:15,85
ip,123.57.42.41,threatfox,Cobalt Strike,"threatfox,CobaltStrike,cs-watermark-666666666",2026-08-21 16:09:29,2026-08-22 04:36:15,85
ip,125.62.77.141,threatfox,PureRAT,"threatfox,drb-ra,PureHVNC,PureRAT,RAT",2026-08-09 00:42:39,2026-08-22 04:36:15,85
ip,128.90.105.217,threatfox,DCRat,"threatfox,DarkCrystal RAT,DCRat",2026-08-21 16:09:29,2026-08-22 04:36:15,85
ip,129.211.11.213,threatfox,Cobalt Strike,"threatfox,cobaltstrike",2026-08-21 04:06:10,2026-08-22 04:36:15,85
ip,142.93.205.111,threatfox,Aisuru,"threatfox,Aisuru,c2",2026-08-21 16:09:29,2026-08-22 04:36:15,85
ip,144.124.242.171,threatfox,Unknown RAT,"threatfox,BabaDeda,CNCMachineRMS",2026-08-21 16:09:29,2026-08-22 04:36:15,85
ip,146.70.155.238,threatfox,Sliver,"threatfox,Sliver",2026-08-21 16:09:29,2026-08-22 04:36:15,85
ip,147.189.169.192,threatfox,Unknown RAT,"threatfox,ConnectWise,RMM,ScreenConnect",2026-08-21 16:09:29,2026-08-22 04:36:15,85
ip,149.88.66.234,threatfox,Cobalt Strike,"threatfox,cobaltstrike",2026-06-09 15:48:51,2026-08-22 04:36:15,85
ip,153.75.82.143,threatfox,Sliver,"threatfox,Sliver",2026-08-21 16:09:29,2026-08-22 04:36:15,85
ip,156.224.28.23,threatfox,Sliver,"threatfox,Sliver",2026-08-21 16:09:29,2026-08-22 04:36:15,85
ip,156.225.18.45,threatfox,Cobalt Strike,"threatfox,CobaltStrike,drb-ra",2026-08-21 16:09:29,2026-08-22 04:36:15,85
ip,156.247.41.9,threatfox,ValleyRAT,"threatfox,RAT,ValleyRAT",2026-08-22 04:07:56,2026-08-22 04:36:15,85
ip,156.251.11.97,threatfox,ValleyRAT,"threatfox,RAT,ValleyRAT",2026-08-22 04:07:56,2026-08-22 04:36:15,85
ip,157.254.191.87,threatfox,VShell,"threatfox,vshell",2026-08-21 04:06:10,2026-08-22 04:36:15,85
ip,162.14.109.204,threatfox,VShell,"threatfox,vshell",2026-08-21 16:09:29,2026-08-22 04:36:15,85
ip,162.243.103.246,feodotracker,Emotet,"c2,botnet,port:8080",2026-04-11 03:35:43,2026-08-22 04:36:15,90
ip,162.251.92.64,threatfox,Cobalt Strike,"threatfox,CobaltStrike,drb-ra",2026-08-21 16:09:29,2026-08-22 04:36:15,85
ip,162.35.105.100,threatfox,Evilginx,"threatfox,drb-ra,Evilginx,EvilGoPhish",2026-08-21 16:09:29,2026-08-22 04:36:15,85
ip,162.35.170.53,threatfox,Evilginx,"threatfox,drb-ra,Evilginx,EvilGoPhish",2026-08-21 16:09:29,2026-08-22 04:36:15,85
ip,169.239.128.75,threatfox,VShell,"threatfox,vshell",2026-08-22 04:07:56,2026-08-22 04:36:15,85
ip,169.58.201.247,threatfox,Evilginx,"threatfox,drb-ra,Evilginx,EvilGoPhish",2026-08-21 16:09:29,2026-08-22 04:36:15,85
ip,172.111.163.165,threatfox,Remcos,"threatfox,RAT,RemcosRAT",2026-08-22 04:07:56,2026-08-22 04:36:15,85
ip,172.111.198.212,threatfox,PureRAT,"threatfox,PureHVNC,PureRAT,ResolverRAT",2026-08-21 16:09:29,2026-08-22 04:36:15,85
ip,172.236.157.30,threatfox,PureRAT,"threatfox,drb-ra,PureHVNC,PureRAT,RAT",2026-08-14 20:13:09,2026-08-22 04:36:15,85
ip,172.239.45.42,threatfox,Havoc,"threatfox,drb-ra,Havoc",2026-07-23 18:30:40,2026-08-22 04:36:15,85
ip,176.98.182.177,threatfox,Aisuru,"threatfox,Aisuru,c2",2026-08-14 08:13:11,2026-08-22 04:36:15,85
ip,176.98.182.216,threatfox,Aisuru,"threatfox,Aisuru,c2",2026-08-14 08:13:11,2026-08-22 04:36:15,85
ip,178.16.52.169,threatfox,Quasar RAT,"threatfox,CinaRAT,Quasar RAT,QuasarRAT,Yggdrasil",2026-08-21 16:09:29,2026-08-22 04:36:15,85
ip,178.62.3.223,feodotracker,QakBot,"c2,botnet,port:443",2026-04-11 03:35:43,2026-08-22 04:36:15,90
ip,18.166.189.193,threatfox,ValleyRAT,"threatfox,RAT,ValleyRAT",2026-08-21 16:09:29,2026-08-22 04:36:15,85
ip,18.167.107.230,threatfox,ValleyRAT,"threatfox,RAT,ValleyRAT",2026-08-21 16:09:29,2026-08-22 04:36:15,85
ip,18.167.217.149,threatfox,ValleyRAT,"threatfox,RAT,ValleyRAT",2026-08-21 16:09:29,2026-08-22 04:36:15,85
ip,185.132.54.254,threatfox,Sliver,"threatfox,Sliver",2026-08-21 16:09:29,2026-08-22 04:36:15,85
ip,185.185.68.42,threatfox,Sliver,"threatfox,Sliver",2026-08-21 16:09:29,2026-08-22 04:36:15,85
ip,185.212.129.143,threatfox,Evilginx,"threatfox,drb-ra,Evilginx,EvilGoPhish",2026-08-21 16:09:29,2026-08-22 04:36:15,85
ip,185.242.3.178,threatfox,VShell,"threatfox,vshell",2026-08-22 04:07:56,2026-08-22 04:36:15,85
ip,185.246.220.204,threatfox,Sliver,"threatfox,Sliver",2026-08-21 16:09:29,2026-08-22 04:36:15,85
ip,185.34.147.31,threatfox,AsyncRAT,"threatfox,AsyncRAT,drb-ra,RAT",2026-08-13 08:13:03,2026-08-22 04:36:15,85
ip,185.34.147.33,threatfox,AsyncRAT,"threatfox,AsyncRAT,drb-ra,RAT",2026-08-13 08:13:03,2026-08-22 04:36:15,85
ip,185.34.147.34,threatfox,AsyncRAT,"threatfox,AsyncRAT,drb-ra,RAT",2026-08-13 08:13:03,2026-08-22 04:36:15,85
ip,185.34.147.35,threatfox,AsyncRAT,"threatfox,AsyncRAT,drb-ra,RAT",2026-08-13 08:13:03,2026-08-22 04:36:15,85
ip,186.169.78.50,threatfox,Quasar RAT,"threatfox,CinaRAT,Quasar RAT,QuasarRAT,Yggdrasil",2026-08-21 16:09:29,2026-08-22 04:36:15,85
ip,186.241.75.21,threatfox,Cobalt Strike,"threatfox,CobaltStrike,cs-watermark-666666666",2026-08-21 16:09:29,2026-08-22 04:36:15,85
ip,188.42.217.40,threatfox,Sliver,"threatfox,Sliver",2026-08-21 16:09:29,2026-08-22 04:36:15,85
ip,188.49.86.25,threatfox,Havoc,"threatfox,drb-ra,Havoc",2026-08-21 16:09:29,2026-08-22 04:36:15,85
ip,192.229.96.31,threatfox,VShell,"threatfox,vshell",2026-08-14 20:13:09,2026-08-22 04:36:15,85
ip,192.252.178.137,threatfox,ValleyRAT,"threatfox,RAT,ValleyRAT",2026-08-22 04:07:56,2026-08-22 04:36:15,85
ip,193.26.115.118,threatfox,PureLogs Stealer,"threatfox,PureLogsStealer",2026-08-21 16:09:29,2026-08-22 04:36:15,85
ip,194.116.236.49,threatfox,XWorm,"threatfox,xworm",2026-08-21 16:09:29,2026-08-22 04:36:15,85
ip,198.12.83.91,threatfox,Quasar RAT,"threatfox,CinaRAT,Quasar RAT,QuasarRAT,Yggdrasil",2026-08-21 16:09:29,2026-08-22 04:36:15,85
ip,198.13.158.143,threatfox,Sliver,"threatfox,Sliver",2026-08-21 16:09:29,2026-08-22 04:36:15,85
ip,198.23.185.98,threatfox,AsyncRAT,"threatfox,AsyncRAT,drb-ra,RAT",2026-08-18 10:07:26,2026-08-22 04:36:15,85
ip,199.187.25.93,threatfox,Cobalt Strike,"threatfox,CobaltStrike,cs-watermark-987654321",2026-08-20 16:06:17,2026-08-22 04:36:15,85
ip,199.217.98.55,threatfox,Sliver,"threatfox,Sliver",2026-08-21 16:09:29,2026-08-22 04:36:15,85
ip,20.74.145.114,threatfox,Unknown malware,"threatfox,mythic",2026-08-21 16:09:29,2026-08-22 04:36:15,85
ip,202.61.139.46,threatfox,ValleyRAT,"threatfox,RAT,ValleyRAT",2026-08-21 04:06:10,2026-08-22 04:36:15,85
ip,202.61.85.104,threatfox,ValleyRAT,"threatfox,RAT,ValleyRAT",2026-08-21 16:09:29,2026-08-22 04:36:15,85
ip,202.61.85.172,threatfox,ValleyRAT,"threatfox,RAT,ValleyRAT",2026-08-21 16:09:29,2026-08-22 04:36:15,85
ip,207.189.15.159,threatfox,Quasar RAT,"threatfox,CinaRAT,Quasar RAT,QuasarRAT,Yggdrasil",2026-08-21 16:09:29,2026-08-22 04:36:15,85
ip,209.99.190.23,threatfox,PureRAT,"threatfox,PureHVNC,PureRAT,RAT",2026-07-29 17:37:14,2026-08-22 04:36:15,85
ip,211.101.235.94,threatfox,VShell,"threatfox,vshell",2026-08-21 04:06:10,2026-08-22 04:36:15,85
ip,213.145.86.232,threatfox,Sliver,"threatfox,Sliver",2026-08-21 16:09:29,2026-08-22 04:36:15,85
ip,217.156.65.42,threatfox,Quasar RAT,"threatfox,CinaRAT,Quasar RAT,QuasarRAT,Yggdrasil",2026-08-21 16:09:29,2026-08-22 04:36:15,85
ip,217.60.241.32,threatfox,Unknown RAT,"threatfox,ConnectWise,RMM,ScreenConnect",2026-08-21 16:09:29,2026-08-22 04:36:15,85
ip,222.112.70.149,threatfox,VShell,"threatfox,vshell",2026-08-21 16:09:29,2026-08-22 04:36:15,85
ip,27.133.154.218,feodotracker,QakBot,"c2,botnet,port:443",2026-03-10 22:13:04,2026-08-22 04:36:15,90
ip,31.57.184.154,threatfox,PureRAT,"threatfox,drb-ra,PureHVNC,PureRAT,RAT",2026-05-06 12:28:41,2026-08-22 04:36:15,85
ip,31.58.87.123,threatfox,AdaptixC2,"threatfox,adaptix",2026-08-22 04:07:56,2026-08-22 04:36:15,85
ip,31.59.41.79,threatfox,Unknown malware,"threatfox,drb-ra,Mythic",2026-08-22 04:07:56,2026-08-22 04:36:15,85
ip,31.70.81.171,threatfox,AsyncRAT,"threatfox,8560,asyncrat,c2,censys",2026-08-21 16:09:29,2026-08-22 04:36:15,85
ip,31.76.111.38,threatfox,Sliver,"threatfox,Sliver",2026-08-21 16:09:29,2026-08-22 04:36:15,85
ip,34.204.119.63,feodotracker,QakBot,"c2,botnet,port:443",2026-04-11 03:35:43,2026-08-22 04:36:15,90
ip,36.140.162.173,threatfox,Cobalt Strike,"threatfox,cobaltstrike",2026-07-13 20:25:50,2026-08-22 04:36:15,85
ip,38.247.165.127,threatfox,AsyncRAT,"threatfox,asyncrat",2026-08-20 04:06:14,2026-08-22 04:36:15,85
ip,43.106.5.146,threatfox,ValleyRAT,"threatfox,RAT,ValleyRAT",2026-08-22 04:07:56,2026-08-22 04:36:15,85
ip,43.129.180.120,threatfox,Aisuru,"threatfox,Aisuru,c2",2026-08-15 20:13:13,2026-08-22 04:36:15,85
ip,43.134.100.72,threatfox,VShell,"threatfox,vshell",2026-08-21 16:09:29,2026-08-22 04:36:15,85
ip,43.134.42.247,threatfox,Havoc,"threatfox,havoc",2026-08-20 16:06:17,2026-08-22 04:36:15,85
ip,43.136.76.42,threatfox,VShell,"threatfox,vshell",2026-07-11 20:25:43,2026-08-22 04:36:15,85
ip,43.140.219.182,threatfox,Cobalt Strike,"threatfox,CobaltStrike,drb-ra",2026-08-21 04:06:10,2026-08-22 04:36:15,85
ip,43.156.107.94,threatfox,Sliver,"threatfox,Sliver",2026-08-21 16:09:29,2026-08-22 04:36:15,85
ip,43.198.145.140,threatfox,ValleyRAT,"threatfox,RAT,ValleyRAT",2026-08-21 16:09:29,2026-08-22 04:36:15,85
ip,43.198.220.74,threatfox,ValleyRAT,"threatfox,RAT,ValleyRAT",2026-08-21 16:09:29,2026-08-22 04:36:15,85
ip,45.142.141.186,threatfox,Sliver,"threatfox,Sliver",2026-08-21 16:09:29,2026-08-22 04:36:15,85
ip,45.153.34.164,threatfox,Sliver,"threatfox,Sliver",2026-08-21 16:09:29,2026-08-22 04:36:15,85
ip,46.63.0.187,threatfox,Havoc,"threatfox,havoc",2026-08-06 00:43:28,2026-08-22 04:36:15,85
ip,47.100.160.178,threatfox,VShell,"threatfox,vshell",2026-08-22 04:07:56,2026-08-22 04:36:15,85
ip,47.109.34.148,threatfox,VShell,"threatfox,vshell",2026-08-21 04:06:10,2026-08-22 04:36:15,85
ip,50.16.16.211,feodotracker,QakBot,"c2,botnet,port:443",2026-04-11 03:35:43,2026-08-22 04:36:15,90
ip,64.90.17.193,threatfox,Sliver,"threatfox,Sliver",2026-08-21 16:09:29,2026-08-22 04:36:15,85
ip,64.90.19.141,threatfox,ValleyRAT,"threatfox,RAT,ValleyRAT",2026-08-22 04:07:56,2026-08-22 04:36:15,85
ip,64.95.13.219,threatfox,PureRAT,"threatfox,drb-ra,PureHVNC,PureRAT,RAT",2026-08-21 16:09:29,2026-08-22 04:36:15,85
ip,65.1.70.222,threatfox,PureRAT,"threatfox,drb-ra,PureHVNC,PureRAT,RAT",2026-08-05 12:42:48,2026-08-22 04:36:15,85
ip,66.85.27.43,threatfox,Unknown malware,"threatfox,mythic",2026-08-21 16:09:29,2026-08-22 04:36:15,85
ip,68.64.178.130,threatfox,Cobalt Strike,"threatfox,CobaltStrike,drb-ra",2026-05-07 00:28:07,2026-08-22 04:36:15,85
ip,8.137.111.232,threatfox,AdaptixC2,"threatfox,adaptix",2026-08-21 16:09:29,2026-08-22 04:36:15,85
ip,8.137.92.225,threatfox,Cobalt Strike,"threatfox,CobaltStrike,drb-ra",2026-08-21 16:09:29,2026-08-22 04:36:15,85
ip,80.190.77.86,threatfox,AsyncRAT,"threatfox,asyncrat",2026-08-20 16:06:17,2026-08-22 04:36:15,85
ip,81.68.249.199,threatfox,DCRat,"threatfox,DarkCrystal RAT,DCRat",2026-08-21 16:09:29,2026-08-22 04:36:15,85
ip,82.29.101.38,threatfox,HypeAgent,"threatfox,drb-ra,HypeAgent",2026-08-22 04:07:56,2026-08-22 04:36:15,85
ip,82.39.109.102,threatfox,DCRat,"threatfox,dcrat",2026-08-21 04:06:10,2026-08-22 04:36:15,85
ip,84.38.129.114,threatfox,XWorm,"threatfox,xworm",2026-08-21 16:09:29,2026-08-22 04:36:15,85
ip,85.120.253.113,threatfox,SectopRAT,"threatfox,1xxbot,ArechClient,SectopRAT",2026-08-21 16:09:29,2026-08-22 04:36:15,85
ip,85.158.110.78,threatfox,Unknown RAT,"threatfox,BabaDeda,CNCMachineRMS",2026-08-21 16:09:29,2026-08-22 04:36:15,85
ip,89.110.110.119,threatfox,Unknown RAT,"threatfox,BabaDeda,CNCMachineRMS",2026-08-21 16:09:29,2026-08-22 04:36:15,85
ip,89.124.79.98,threatfox,Unknown RAT,"threatfox,BabaDeda,CNCMachineRMS",2026-08-21 16:09:29,2026-08-22 04:36:15,85
ip,89.124.80.214,threatfox,Sliver,"threatfox,Sliver",2026-08-21 16:09:29,2026-08-22 04:36:15,85
ip,89.19.223.68,threatfox,Aisuru,"threatfox,Aisuru,c2",2026-08-02 17:36:31,2026-08-22 04:36:15,85
ip,91.92.243.36,threatfox,PureRAT,"threatfox,drb-ra,PureHVNC,PureRAT,RAT",2026-08-12 00:43:16,2026-08-22 04:36:15,85
ip,91.92.40.209,threatfox,PureRAT,"threatfox,drb-ra,PureHVNC,PureRAT,RAT",2026-08-21 16:09:29,2026-08-22 04:36:15,85
ip,94.154.32.73,threatfox,HypeAgent,"threatfox,drb-ra,HypeAgent",2026-08-21 16:09:29,2026-08-22 04:36:15,85
ip,94.96.154.217,threatfox,Xtreme RAT,"threatfox,ExtRat,XTRAT,Xtreme RAT",2026-08-21 16:09:29,2026-08-22 04:36:15,85
ip,95.133.229.173,threatfox,PureRAT,"threatfox,drb-ra,PureHVNC,PureRAT,RAT",2026-08-08 12:42:53,2026-08-22 04:36:15,85
ip,95.164.123.132,threatfox,HypeAgent,"threatfox,drb-ra,HypeAgent",2026-08-21 04:06:10,2026-08-22 04:36:15,85
ip,95.40.206.48,threatfox,ValleyRAT,"threatfox,RAT,ValleyRAT",2026-08-21 16:09:29,2026-08-22 04:36:15,85
ip,95.41.64.117,threatfox,ValleyRAT,"threatfox,RAT,ValleyRAT",2026-08-21 16:09:29,2026-08-22 04:36:15,85
ssl_sha1,0034d3f66acca402e4ae3d683e435f10d513006a,sslbl,ACRStealer C&C,"sslbl,2026-08-08",2026-08-09 00:42:39,2026-08-22 04:36:15,88
ssl_sha1,0133a9e8f0aa0adfee0fc928bb41866fb44c2357,sslbl,PureLogsStealer C&C,"sslbl,2026-06-25",2026-06-25 17:27:22,2026-08-22 04:36:15,88
ssl_sha1,0141dfae0d4426123aa2fbdd759162fa82d0f8e1,sslbl,PureLogsStealer C&C,"sslbl,2026-08-04",2026-08-05 12:42:46,2026-08-22 04:36:15,88
ssl_sha1,014d51d79c5a5c80042abedb35231581ff07c2e7,sslbl,Vidar C&C,"sslbl,2026-07-30",2026-07-31 05:35:34,2026-08-22 04:36:15,88
ssl_sha1,01b9a51320b270b527c744a7ebc9f9bc68a94f81,sslbl,ConnectWise C&C,"sslbl,2026-08-19",2026-08-19 16:06:13,2026-08-22 04:36:15,88
ssl_sha1,01cc79c660e1677fc17665e6d8169b5fdad75668,sslbl,PureLogsStealer C&C,"sslbl,2026-08-05",2026-08-06 00:43:27,2026-08-22 04:36:15,88
ssl_sha1,022705f793dd54eb9aa5c4b1e1d5717c8a6d1831,sslbl,Vidar C&C,"sslbl,2026-07-02",2026-07-02 14:36:15,2026-08-22 04:36:15,88
ssl_sha1,023468705f2deae6aeb856cdf228ed640faff5fe,sslbl,Vidar C&C,"sslbl,2026-06-25",2026-06-25 17:27:22,2026-08-22 04:36:15,88
ssl_sha1,02df529de5d2da5b01c0b557b02b289b060f344b,sslbl,PureRAT C&C,"sslbl,2026-08-08",2026-08-09 00:42:39,2026-08-22 04:36:15,88
ssl_sha1,030279988932ee4115de7e6e8cdeb91927c078db,sslbl,OffLoader C&C,"sslbl,2026-08-19",2026-08-19 16:06:13,2026-08-22 04:36:15,88
ssl_sha1,03574e3801865919645fe101df0b05cf1cd75859,sslbl,MaskGramStealer C&C,"sslbl,2026-06-25",2026-06-25 17:27:22,2026-08-22 04:36:15,88
ssl_sha1,038b7aa733f138f1a074c137fbb0430ea8f7b092,sslbl,KongTuke C&C,"sslbl,2026-07-07",2026-07-07 17:20:36,2026-08-22 04:36:15,88
ssl_sha1,03cdb8ba1363fb90f77ab53b6fc78d58a5340c35,sslbl,PureRAT C&C,"sslbl,2026-08-20",2026-08-20 16:06:17,2026-08-22 04:36:15,88
ssl_sha1,046fe4e19fe44c7c3a76e7e8651879c4edd9851d,sslbl,PureRAT C&C,"sslbl,2026-07-15",2026-07-16 05:21:37,2026-08-22 04:36:15,88
ssl_sha1,049209f78aca1e6715a706e00c56283134010135,sslbl,ACRStealer C&C,"sslbl,2026-07-09",2026-07-09 20:25:43,2026-08-22 04:36:15,88
ssl_sha1,057b2084f877c8737e60de6c07ad829ea411b9c6,sslbl,Vidar C&C,"sslbl,2026-08-15",2026-08-15 20:13:12,2026-08-22 04:36:15,88
ssl_sha1,059e425acfe2753d135e1b7ba39e30f0b00dbbb3,sslbl,PureLogsStealer C&C,"sslbl,2026-08-06",2026-08-06 12:43:05,2026-08-22 04:36:15,88
ssl_sha1,05b215b1710e56a14f4742b10586af2750da866a,sslbl,OffLoader C&C,"sslbl,2026-08-13",2026-08-13 08:13:02,2026-08-22 04:36:15,88
ssl_sha1,05ba9d18bc4c00bec6bb5ed461fd889259929709,sslbl,Vidar C&C,"sslbl,2026-08-02",2026-08-02 17:36:31,2026-08-22 04:36:15,88
ssl_sha1,078541bcc8ca1f620034dc2b29cbd968faf02ea6,sslbl,KongTuke C&C,"sslbl,2026-06-28",2026-06-29 02:36:04,2026-08-22 04:36:15,88
ssl_sha1,080078d32e98e5a1a475bd3c1aafde78293734d1,sslbl,PureLogsStealer C&C,"sslbl,2026-07-06",2026-07-06 14:36:57,2026-08-22 04:36:15,88
ssl_sha1,08d8ee8314ace61bcc0481fe9c0e2bfaaccf34e0,sslbl,Vidar C&C,"sslbl,2026-08-12",2026-08-12 12:42:52,2026-08-22 04:36:15,88
ssl_sha1,096f890e1d8d4220a1c0501a50fd6037804412c4,sslbl,Vidar C&C,"sslbl,2026-07-23",2026-07-23 18:30:39,2026-08-22 04:36:15,88
ssl_sha1,097cee540020aa1e282dcf5afefebcb5a6a1dae4,sslbl,PureLogsStealer C&C,"sslbl,2026-08-06",2026-08-06 12:43:05,2026-08-22 04:36:15,88
ssl_sha1,09f261bec38f8f17f3aba55d8f24e0c11236de40,sslbl,PureLogsStealer C&C,"sslbl,2026-08-19",2026-08-19 16:06:13,2026-08-22 04:36:15,88
ssl_sha1,0a2f52fe0e41f4fa2154a7a42134187aa23b6289,sslbl,ConnectWise C&C,"sslbl,2026-08-19",2026-08-19 16:06:13,2026-08-22 04:36:15,88
ssl_sha1,0ad6076cb27bcdd5dd26fe56c022f4ab61ea00be,sslbl,Meterpreter C&C,"sslbl,2026-08-20",2026-08-20 16:06:17,2026-08-22 04:36:15,88
ssl_sha1,0b260881d660a14c3c0b2e61a6685839c8053bc9,sslbl,KongTuke C&C,"sslbl,2026-07-29",2026-07-29 17:37:13,2026-08-22 04:36:15,88
ssl_sha1,0b4632d2296a257c1ede3cbddad910d13570891d,sslbl,ValleyRAT C&C,"sslbl,2026-07-09",2026-07-09 20:25:43,2026-08-22 04:36:15,88
ssl_sha1,0b7abd7fefffcfe53a7ae01594e23d9488a214b4,sslbl,ConnectWise C&C,"sslbl,2026-08-19",2026-08-19 16:06:13,2026-08-22 04:36:15,88
ssl_sha1,0b92ba05df90855d90170858ba91680d33f76e0f,sslbl,ConnectWise C&C,"sslbl,2026-08-19",2026-08-19 16:06:13,2026-08-22 04:36:15,88
ssl_sha1,0bb977bf9e0950a1a818660dde009ac9934bd1e2,sslbl,Vidar C&C,"sslbl,2026-08-21",2026-08-21 16:09:28,2026-08-22 04:36:15,88
ssl_sha1,0d9b7493086b8a7b2687ee21026ed1cb8eac55e5,sslbl,Vidar C&C,"sslbl,2026-07-03",2026-07-03 14:36:09,2026-08-22 04:36:15,88
ssl_sha1,0de71d162acb75d41aa2573e75c211deaa50024e,sslbl,MaskGramStealer C&C,"sslbl,2026-06-25",2026-06-25 17:27:22,2026-08-22 04:36:15,88
ssl_sha1,0f1b05653c3b3ab3bb4ecd772dd024668cbe8df1,sslbl,QuasarRAT C&C,"sslbl,2026-08-13",2026-08-13 20:13:53,2026-08-22 04:36:15,88
ssl_sha1,0f47d296ca2a764238bfd644c7b716cffafa1352,sslbl,Vidar C&C,"sslbl,2026-08-21",2026-08-21 16:09:28,2026-08-22 04:36:15,88
ssl_sha1,0f50074c5489b97def2d220b8cd70bada3361220,sslbl,PureRAT C&C,"sslbl,2026-07-15",2026-07-16 05:21:37,2026-08-22 04:36:15,88
ssl_sha1,10444531944b9b521661ef3bd8d9848d70902bbd,sslbl,PureLogsStealer C&C,"sslbl,2026-08-10",2026-08-10 12:42:40,2026-08-22 04:36:15,88
ssl_sha1,11079f607edb45c25b11a2106e6ba510a055b98f,sslbl,ConnectWise C&C,"sslbl,2026-07-13",2026-07-13 20:25:50,2026-08-22 04:36:15,88
ssl_sha1,1199461c382373b4645960ca6875028d7c96ce16,sslbl,PureRAT C&C,"sslbl,2026-07-11",2026-07-11 08:25:58,2026-08-22 04:36:15,88
ssl_sha1,11a907f87c27b67e87f201281797b95f53508752,sslbl,OffLoader C&C,"sslbl,2026-08-10",2026-08-10 12:42:40,2026-08-22 04:36:15,88
ssl_sha1,11a9b0c571e681f4f9e7780e3aff1fe8c2f3d676,sslbl,KongTuke C&C,"sslbl,2026-07-29",2026-07-29 17:37:13,2026-08-22 04:36:15,88
ssl_sha1,12518c4545d6d6d57f43040cdd2dc966cd5ea6c4,sslbl,Malware C&C,"sslbl,2026-07-13",2026-07-13 20:25:50,2026-08-22 04:36:15,88
ssl_sha1,127e6ea4434d1e7c81918b4032c1282aa7d6d8a7,sslbl,ConnectWise C&C,"sslbl,2026-07-15",2026-07-16 05:21:37,2026-08-22 04:36:15,88
ssl_sha1,12b3a868314cd43aa8d304a7e529bbd498ee74ee,sslbl,Vidar C&C,"sslbl,2026-07-23",2026-07-24 05:35:19,2026-08-22 04:36:15,88
ssl_sha1,12c42acde116383d7b75ae10fc47d5f369f5633e,sslbl,RemusStealer C&C,"sslbl,2026-08-06",2026-08-06 12:43:05,2026-08-22 04:36:15,88
ssl_sha1,131d534087149d0095a326dcb33e77afcbec308c,sslbl,AnimateClipper C&C,"sslbl,2026-07-26",2026-07-26 17:35:20,2026-08-22 04:36:15,88
ssl_sha1,131e6cb931dd908cdf9fc5bdd6f8245c9b399ea9,sslbl,ConnectWise C&C,"sslbl,2026-08-07",2026-08-07 12:43:25,2026-08-22 04:36:15,88
ssl_sha1,13f40ae70a0fe1ae9e727ad329583635cf8090be,sslbl,PureLogsStealer C&C,"sslbl,2026-08-10",2026-08-11 00:42:33,2026-08-22 04:36:15,88
ssl_sha1,14333675b09013c7299af764816b152b90d29952,sslbl,Vidar C&C,"sslbl,2026-08-14",2026-08-14 08:13:11,2026-08-22 04:36:15,88
ssl_sha1,145b585a8d477243e229f4d660d1a9fc40b38243,sslbl,PureRAT C&C,"sslbl,2026-07-07",2026-07-07 17:20:36,2026-08-22 04:36:15,88
ssl_sha1,147ca23505c924119036d7e4942ddc0737f39adf,sslbl,PureLogsStealer C&C,"sslbl,2026-08-07",2026-08-07 12:43:25,2026-08-22 04:36:15,88
ssl_sha1,1559cd3d9f518eb7d4cbe0a3ff405db4e03a3ba0,sslbl,MaskGramStealer C&C,"sslbl,2026-07-09",2026-07-09 20:25:43,2026-08-22 04:36:15,88
ssl_sha1,16237ea9476a99f34c740649ccb7119db3af5df0,sslbl,PureRAT C&C,"sslbl,2026-08-08",2026-08-09 00:42:39,2026-08-22 04:36:15,88
ssl_sha1,16508580f31edaaf4cbe08f9c417840fa4f918d0,sslbl,ACRStealer C&C,"sslbl,2026-07-23",2026-07-23 18:30:39,2026-08-22 04:36:15,88
ssl_sha1,16545697d78cbada6dac236b73dbeff19c9035d1,sslbl,PureLogsStealer C&C,"sslbl,2026-08-19",2026-08-20 04:06:14,2026-08-22 04:36:15,88
ssl_sha1,1674f349ec288a75ac123a1752d433a21ceddcef,sslbl,Vidar C&C,"sslbl,2026-08-11",2026-08-11 12:42:27,2026-08-22 04:36:15,88
ssl_sha1,16e2a45afc9c237a463c23e14110aebb700085db,sslbl,Vidar C&C,"sslbl,2026-07-09",2026-07-09 20:25:43,2026-08-22 04:36:15,88
ssl_sha1,16fbb45457a2d8e67c556db46e051893917e2104,sslbl,KongTuke C&C,"sslbl,2026-07-30",2026-07-30 17:35:22,2026-08-22 04:36:15,88
ssl_sha1,1727143583fd38bc4b6b5986f5c7b2c919f885af,sslbl,KongTuke C&C,"sslbl,2026-07-30",2026-07-30 17:35:22,2026-08-22 04:36:15,88
ssl_sha1,173cb58c2538a3e2fccf3f3ae72b5713e4f810a3,sslbl,ACRStealer C&C,"sslbl,2026-08-19",2026-08-19 16:06:13,2026-08-22 04:36:15,88
ssl_sha1,17f776729c65f4e74cda72d17bbca18c0e3ca75f,sslbl,PureHVNC C&C,"sslbl,2026-06-25",2026-06-25 17:27:22,2026-08-22 04:36:15,88
ssl_sha1,183d02c077142b8701d1a719cc8cee3f8fb76072,sslbl,OffLoader C&C,"sslbl,2026-08-14",2026-08-14 08:13:11,2026-08-22 04:36:15,88
ssl_sha1,1869a727516b162905ef9df32d1ad3fe6ceea9f0,sslbl,PureLogsStealer C&C,"sslbl,2026-08-13",2026-08-13 08:13:02,2026-08-22 04:36:15,88
ssl_sha1,19d7b8b5842177ba762fb0b30fd1368e953e73e9,sslbl,ACRStealer C&C,"sslbl,2026-08-11",2026-08-11 12:42:27,2026-08-22 04:36:15,88
ssl_sha1,1ab7aaf074b1e925322cd328b4d1343f46f4f91b,sslbl,PureLogsStealer C&C,"sslbl,2026-08-08",2026-08-09 00:42:39,2026-08-22 04:36:15,88
ssl_sha1,1af505dcbb86a7689c237f93e2208efeb9073e18,sslbl,KongTuke C&C,"sslbl,2026-06-25",2026-06-25 17:27:22,2026-08-22 04:36:15,88
ssl_sha1,1b2dbae5f515c39f62dd4b8e8d505b3d11150ccf,sslbl,KongTuke C&C,"sslbl,2026-07-09",2026-07-09 20:25:43,2026-08-22 04:36:15,88
ssl_sha1,1b48b0bd62383ba8f49d25e8584a290016730f3d,sslbl,Vidar C&C,"sslbl,2026-08-11",2026-08-11 12:42:27,2026-08-22 04:36:15,88
ssl_sha1,1b64957d1d878c0c0b0b346849db2e64d487aa17,sslbl,QuasarRAT C&C,"sslbl,2026-07-07",2026-07-07 17:20:36,2026-08-22 04:36:15,88
ssl_sha1,1b74f82a9f35a6f50d374d9c4471ad5762654eee,sslbl,Vidar C&C,"sslbl,2026-06-24",2026-06-24 19:11:03,2026-08-22 04:36:15,88
ssl_sha1,1b8beb983ae4f4529d67b0ba404f9875b568f497,sslbl,ConnectWise C&C,"sslbl,2026-06-25",2026-06-25 17:27:22,2026-08-22 04:36:15,88
ssl_sha1,1cdb18c33da65a40adad7b51808edf66f3e180e5,sslbl,PureLogsStealer C&C,"sslbl,2026-08-21",2026-08-21 16:09:28,2026-08-22 04:36:15,88
ssl_sha1,1d6ef2caa8acc4b05edcbf2e8b1e6ee9c7217eb9,sslbl,Vidar C&C,"sslbl,2026-08-12",2026-08-12 12:42:52,2026-08-22 04:36:15,88
ssl_sha1,1db0412338ca7c2407e54aeb6791beeedd146c4c,sslbl,PureRAT C&C,"sslbl,2026-07-16",2026-07-16 17:20:54,2026-08-22 04:36:15,88
ssl_sha1,1dc516de96cd73ff7a4040ec3b4927988d1a0049,sslbl,ConnectWise C&C,"sslbl,2026-08-04",2026-08-04 07:49:13,2026-08-22 04:36:15,88
ssl_sha1,1dedacf3710f30c15b9e73c9d719a969eec755e5,sslbl,Vidar C&C,"sslbl,2026-07-15",2026-07-16 05:21:37,2026-08-22 04:36:15,88
ssl_sha1,1e5253b44aa68a4b31f0dfc07df48b31798debca,sslbl,ACRStealer C&C,"sslbl,2026-07-18",2026-07-19 05:20:40,2026-08-22 04:36:15,88
ssl_sha1,1e7d6c983d80311dcecc580135dcc216732fd478,sslbl,Vidar C&C,"sslbl,2026-08-19",2026-08-19 16:06:13,2026-08-22 04:36:15,88
ssl_sha1,1e9d00de147af3c24b22721d8c18680150dad2d5,sslbl,Vidar C&C,"sslbl,2026-07-09",2026-07-09 20:25:43,2026-08-22 04:36:15,88
ssl_sha1,1f0ec506802cd022908e8029e20d7b5d3c525a39,sslbl,DCRat C&C,"sslbl,2026-06-24",2026-06-24 19:11:03,2026-08-22 04:36:15,88
ssl_sha1,1f5666a7770e46e9dc3efb6787712ce9d452e836,sslbl,ConnectWise C&C,"sslbl,2026-06-24",2026-06-24 19:11:03,2026-08-22 04:36:15,88
ssl_sha1,201d98003abc22c969b65777f285237431a46bcc,sslbl,ArkeiStealer C&C,"sslbl,2026-07-09",2026-07-09 20:25:43,2026-08-22 04:36:15,88
ssl_sha1,206219a2b2d7704733e09b28d639f4e574ed81df,sslbl,PureRAT C&C,"sslbl,2026-07-09",2026-07-09 20:25:43,2026-08-22 04:36:15,88
ssl_sha1,22254f34fc7bb27507295179034e621efba15cfe,sslbl,MaskGramStealer C&C,"sslbl,2026-06-25",2026-06-25 17:27:22,2026-08-22 04:36:15,88
ssl_sha1,22549b9d0f61cb1d81ef6aea0ebc3689e38f12df,sslbl,RatonRAT C&C,"sslbl,2026-07-07",2026-07-07 17:20:36,2026-08-22 04:36:15,88
ssl_sha1,22bedd3b6ea141fbe9b50681baa395909e014ad0,sslbl,PureLogsStealer C&C,"sslbl,2026-08-06",2026-08-06 12:43:05,2026-08-22 04:36:15,88
ssl_sha1,22cb3cb6d7b5b158d2156b1bd4018db8b5433ea7,sslbl,Vidar C&C,"sslbl,2026-07-11",2026-07-11 08:25:58,2026-08-22 04:36:15,88
ssl_sha1,23267256640f8285cc77767082fe17ac0b8d23b0,sslbl,ACRStealer C&C,"sslbl,2026-07-09",2026-07-09 20:25:43,2026-08-22 04:36:15,88
ssl_sha1,2431ed7de8a7c0d747bbcdef2ed5b06fa31fd63d,sslbl,Vidar C&C,"sslbl,2026-07-02",2026-07-02 14:36:15,2026-08-22 04:36:15,88
ssl_sha1,249e8ea802749b050406b973576babe4c555d2c9,sslbl,PureRAT C&C,"sslbl,2026-07-09",2026-07-09 20:25:43,2026-08-22 04:36:15,88
ssl_sha1,2516492455c882b6a07fbcb076f31a06b2a71963,sslbl,Vidar C&C,"sslbl,2026-07-11",2026-07-11 08:25:58,2026-08-22 04:36:15,88
ssl_sha1,25828f9462f9998c2be7214d5db7e092e3878945,sslbl,Vidar C&C,"sslbl,2026-08-12",2026-08-12 12:42:52,2026-08-22 04:36:15,88
ssl_sha1,25b12b6623c85699b128e0b49fab305fa6b53291,sslbl,ACRStealer C&C,"sslbl,2026-07-13",2026-07-13 08:25:39,2026-08-22 04:36:15,88
ssl_sha1,261044d91561eedea17eac730254426b193e27fe,sslbl,PureRAT C&C,"sslbl,2026-08-13",2026-08-13 08:13:02,2026-08-22 04:36:15,88
ssl_sha1,263a7098595232fb1c9536d18a903858431212c0,sslbl,MeshAgent C&C,"sslbl,2026-08-10",2026-08-11 00:42:33,2026-08-22 04:36:15,88
ssl_sha1,26d708c6ce4554e9fed0ae35556501faf8d0b01c,sslbl,ZigClipper C&C,"sslbl,2026-08-08",2026-08-09 00:42:39,2026-08-22 04:36:15,88
ssl_sha1,27c7759091f1604717e7ab8d9238a6c507af309d,sslbl,XWorm C&C,"sslbl,2026-06-22",2026-06-22 19:42:23,2026-08-22 04:36:15,88
ssl_sha1,283042355c89f2c59e260246d1488a73a8bef7b2,sslbl,PureLogsStealer C&C,"sslbl,2026-07-27",2026-07-27 17:35:21,2026-08-22 04:36:15,88
ssl_sha1,287c688acd02bd779c6315eacc15e3d25145b616,sslbl,ConnectWise C&C,"sslbl,2026-07-15",2026-07-16 05:21:37,2026-08-22 04:36:15,88
ssl_sha1,28db945e3beaf15a6f6d7fdf2dfc06a5f0319fc3,sslbl,Malware C&C,"sslbl,2026-08-06",2026-08-06 12:43:05,2026-08-22 04:36:15,88
ssl_sha1,29e434f384fe91188ce4c8a3f607a781e5c5e5d1,sslbl,PureRAT C&C,"sslbl,2026-08-06",2026-08-06 12:43:05,2026-08-22 04:36:15,88
ssl_sha1,29e911278a8f4291b3db0684b0ea6a31c6accc9a,sslbl,Vidar C&C,"sslbl,2026-06-25",2026-06-25 17:27:22,2026-08-22 04:36:15,88
ssl_sha1,2a68cf483216956f8162c0334a75dac483bfaac6,sslbl,Vidar C&C,"sslbl,2026-08-13",2026-08-13 20:13:53,2026-08-22 04:36:15,88
ssl_sha1,2b05666e08e41d03ae03a5f282434e36229ea962,sslbl,ConnectWise C&C,"sslbl,2026-08-14",2026-08-14 08:13:11,2026-08-22 04:36:15,88
ssl_sha1,2b05df2a2d8cc657ebb0dce94b5c2914ee21d801,sslbl,PureRAT C&C,"sslbl,2026-07-14",2026-07-14 08:25:37,2026-08-22 04:36:15,88
ssl_sha1,2b7ffb92a05fe5f22a0f26d9c76a3155f04fdd45,sslbl,PureLogsStealer C&C,"sslbl,2026-08-04",2026-08-05 12:42:46,2026-08-22 04:36:15,88
ssl_sha1,2d410f6e2daaf4665a958610ce94242145c714e3,sslbl,PureLogsStealer C&C,"sslbl,2026-08-08",2026-08-09 00:42:39,2026-08-22 04:36:15,88
ssl_sha1,2d5291de0110c98f0458fe36865fd7b4d74bdde6,sslbl,Vidar C&C,"sslbl,2026-06-25",2026-06-25 17:27:22,2026-08-22 04:36:15,88
ssl_sha1,2d5a333f36acb0bfde88024ff232895d59ddff5e,sslbl,PureLogsStealer C&C,"sslbl,2026-06-23",2026-06-23 19:10:53,2026-08-22 04:36:15,88
ssl_sha1,2d83749ee793d5dd905aebcee10c1898c7ce8110,sslbl,KongTuke C&C,"sslbl,2026-07-08",2026-07-08 17:19:24,2026-08-22 04:36:15,88
ssl_sha1,2e22d7adb72403b6ff2b18c7302cbfff8ea45010,sslbl,KongTuke C&C,"sslbl,2026-07-14",2026-07-16 05:21:37,2026-08-22 04:36:15,88
ssl_sha1,2fb2e6ee90b45c5e799793af0e73143cbb9859c2,sslbl,KongTuke C&C,"sslbl,2026-06-23",2026-06-23 19:10:53,2026-08-22 04:36:15,88
ssl_sha1,304062e0d9d93dad14b84554abb56fd3af8266ff,sslbl,Vidar C&C,"sslbl,2026-08-19",2026-08-19 16:06:13,2026-08-22 04:36:15,88
ssl_sha1,30ae51f106a573be769968e15c0a6f56a2878a16,sslbl,Vidar C&C,"sslbl,2026-08-05",2026-08-05 12:42:46,2026-08-22 04:36:15,88
ssl_sha1,3141245c066d71ef08936296ffea7ea15082f7fd,sslbl,ConnectWise C&C,"sslbl,2026-08-14",2026-08-14 08:13:11,2026-08-22 04:36:15,88
ssl_sha1,324e2fb8e2cef0b9cc4ed108f79f6006cce4ce34,sslbl,PureHVNC C&C,"sslbl,2026-06-24",2026-06-24 19:11:03,2026-08-22 04:36:15,88
ssl_sha1,32a8651489a0a5fb3fb0679514bed1e86c0c576c,sslbl,ACRStealer C&C,"sslbl,2026-08-10",2026-08-10 12:42:40,2026-08-22 04:36:15,88
ssl_sha1,3403986d256e4ce608c0b4e9648d867a373ff6cc,sslbl,Vidar C&C,"sslbl,2026-07-13",2026-07-14 08:25:37,2026-08-22 04:36:15,88
ssl_sha1,34ba6ed6fdcf11e71f689efe8e8bb5d723339125,sslbl,AsyncRAT C&C,"sslbl,2026-07-13",2026-07-13 20:25:50,2026-08-22 04:36:15,88
ssl_sha1,3599615abff24cd9b7801d4ee3263d66ab320867,sslbl,PureLogsStealer C&C,"sslbl,2026-07-15",2026-07-16 05:21:37,2026-08-22 04:36:15,88
ssl_sha1,35c361f9688643bd7cd6a7057178d869bcd6ea7b,sslbl,ConnectWise C&C,"sslbl,2026-08-04",2026-08-04 07:49:13,2026-08-22 04:36:15,88
ssl_sha1,35c7582e7fe35b257038a3c687d81db0f06a1c38,sslbl,RatonRAT C&C,"sslbl,2026-07-07",2026-07-07 17:20:36,2026-08-22 04:36:15,88
ssl_sha1,35f7eb4f519f8878beb88a02587ce4d82df24ce6,sslbl,KongTuke C&C,"sslbl,2026-06-25",2026-06-26 05:25:58,2026-08-22 04:36:15,88
ssl_sha1,361864879b9712b391b7d1af733e24168f67c419,sslbl,Malware C&C,"sslbl,2026-08-04",2026-08-05 12:42:46,2026-08-22 04:36:15,88
ssl_sha1,369b439f1afec9b1ae1d5de29a603f6ba34a3039,sslbl,PureRAT C&C,"sslbl,2026-08-04",2026-08-04 07:49:13,2026-08-22 04:36:15,88
ssl_sha1,3712fb1d824e230a43660016e4e305e623dad067,sslbl,Malware C&C,"sslbl,2026-08-12",2026-08-12 12:42:52,2026-08-22 04:36:15,88
ssl_sha1,376f3988574afebfde5b9dfd2b3498ee0617b6c1,sslbl,PureRAT C&C,"sslbl,2026-07-09",2026-07-09 20:25:43,2026-08-22 04:36:15,88
ssl_sha1,381f8af1046964c515967b8987dc7f0999d2050a,sslbl,ConnectWise C&C,"sslbl,2026-06-24",2026-06-24 19:11:03,2026-08-22 04:36:15,88
ssl_sha1,38d23ac7c8e3f29dc51158a77665811f6a5e1341,sslbl,ConnectWise C&C,"sslbl,2026-07-13",2026-07-13 20:25:50,2026-08-22 04:36:15,88
ssl_sha1,3992dd5edcdf2ce5d143f933e2657640e00a58d4,sslbl,OffLoader C&C,"sslbl,2026-08-20",2026-08-20 16:06:17,2026-08-22 04:36:15,88
ssl_sha1,39977fc471c8a241dbe54f09ba2caaca0261710f,sslbl,ConnectWise C&C,"sslbl,2026-07-14",2026-07-14 08:25:37,2026-08-22 04:36:15,88
ssl_sha1,3b0855807c94981dca90ba6eb15e94087c91fb52,sslbl,PureRAT C&C,"sslbl,2026-08-08",2026-08-09 00:42:39,2026-08-22 04:36:15,88
ssl_sha1,3c286904e96ada2549fe774aa6eb2d39920219ec,sslbl,Malware C&C,"sslbl,2026-08-13",2026-08-13 08:13:02,2026-08-22 04:36:15,88
ssl_sha1,3cf6a282d22b606bce0ba5ad74526257eff4cf81,sslbl,PureRAT C&C,"sslbl,2026-07-17",2026-07-17 17:21:06,2026-08-22 04:36:15,88
ssl_sha1,3d710c1c3544598ee1f30d3f5c707b3a05a5a089,sslbl,ConnectWise C&C,"sslbl,2026-06-23",2026-06-23 19:10:53,2026-08-22 04:36:15,88
ssl_sha1,3ddbc03dd5b65ac708e7868302f353792186c645,sslbl,ZigClipper C&C,"sslbl,2026-06-23",2026-06-23 19:10:53,2026-08-22 04:36:15,88
ssl_sha1,3ddf56dd624309d956cccb6c41eb6fcfbb3c6364,sslbl,ZigClipper C&C,"sslbl,2026-08-05",2026-08-06 00:43:27,2026-08-22 04:36:15,88
ssl_sha1,3e3c44169f96771a93af70cef73772afc6530f39,sslbl,Vidar C&C,"sslbl,2026-08-10",2026-08-10 12:42:40,2026-08-22 04:36:15,88
ssl_sha1,3e615d9da0efbbbea30584bce2037017460f7251,sslbl,PureLogsStealer C&C,"sslbl,2026-07-14",2026-07-14 19:40:35,2026-08-22 04:36:15,88
ssl_sha1,3f375ff06978f0dbb1d44f9138061933b4316396,sslbl,PureHVNC C&C,"sslbl,2026-06-25",2026-06-25 17:27:22,2026-08-22 04:36:15,88
ssl_sha1,3fb1dbcabe3bab0eb06fefe295821bff1007fb25,sslbl,PureRAT C&C,"sslbl,2026-07-17",2026-07-17 17:21:06,2026-08-22 04:36:15,88
ssl_sha1,400866dbd7d2f51fbab5f7f73e98f60df8e0d798,sslbl,KongTuke C&C,"sslbl,2026-07-07",2026-07-07 17:20:36,2026-08-22 04:36:15,88
ssl_sha1,40ab2a74848e4b409900153beb94a6977de80d4a,sslbl,PureRAT C&C,"sslbl,2026-08-04",2026-08-04 07:49:13,2026-08-22 04:36:15,88
ssl_sha1,40c50a2f5ba6922aeed0f5cfa761003caebf01a7,sslbl,Vidar C&C,"sslbl,2026-06-25",2026-06-25 17:27:22,2026-08-22 04:36:15,88
ssl_sha1,40d55bdf808d31690157cc7865a3161d6f44f073,sslbl,Vidar C&C,"sslbl,2026-08-17",2026-08-17 08:13:04,2026-08-22 04:36:15,88
ssl_sha1,41cbe997a63cc9211fd19593cfcf27602d10bcd8,sslbl,AsyncRAT C&C,"sslbl,2026-07-06",2026-07-06 14:36:57,2026-08-22 04:36:15,88
ssl_sha1,41fb7a086b442b60106c064b90f453aa98d0056b,sslbl,Vidar C&C,"sslbl,2026-07-09",2026-07-09 20:25:43,2026-08-22 04:36:15,88
ssl_sha1,4264b1c47eac055ce604ef3509d23cd7e3bd584b,sslbl,Vidar C&C,"sslbl,2026-07-16",2026-07-16 17:20:54,2026-08-22 04:36:15,88
ssl_sha1,441b920d869b1e83fe18a2d86d4b6be20099c145,sslbl,ConnectWise C&C,"sslbl,2026-08-07",2026-08-07 12:43:25,2026-08-22 04:36:15,88
ssl_sha1,44319377ae94a257a0c081e5fdcb97d1d93b127d,sslbl,ConnectWise C&C,"sslbl,2026-07-15",2026-07-16 05:21:37,2026-08-22 04:36:15,88
ssl_sha1,4442db8ed5780616c630362ab45b8e59f40a2e5a,sslbl,Vidar C&C,"sslbl,2026-08-19",2026-08-19 16:06:13,2026-08-22 04:36:15,88
ssl_sha1,448bf34943609cd5dcadf4b1dc58512df0718e57,sslbl,PureLogsStealer C&C,"sslbl,2026-08-06",2026-08-06 12:43:05,2026-08-22 04:36:15,88
ssl_sha1,45152caa36a93f2aa9dab483d4c57531221c431d,sslbl,DCRat C&C,"sslbl,2026-08-20",2026-08-20 16:06:17,2026-08-22 04:36:15,88
ssl_sha1,4525d76a2086fb71cddff33816f107dd8a57564c,sslbl,PureRAT C&C,"sslbl,2026-07-06",2026-07-06 14:36:57,2026-08-22 04:36:15,88
ssl_sha1,45bbc5ebc131cca9663c35c95459564007049d07,sslbl,Vidar C&C,"sslbl,2026-07-25",2026-07-25 17:35:24,2026-08-22 04:36:15,88
ssl_sha1,4672fba181056b9df706573af71ad6462ea3df67,sslbl,PureLogsStealer C&C,"sslbl,2026-08-11",2026-08-11 12:42:27,2026-08-22 04:36:15,88
ssl_sha1,46a2a90c5813eda22263c058742902faf1def5a6,sslbl,ConnectWise C&C,"sslbl,2026-08-14",2026-08-14 08:13:11,2026-08-22 04:36:15,88
ssl_sha1,472239fd43cdfe3b960245672b183c4be200ed7a,sslbl,Vidar C&C,"sslbl,2026-07-23",2026-07-24 05:35:19,2026-08-22 04:36:15,88
ssl_sha1,47607a5e77f32f06b831f0794a0fc3b4ca31bebd,sslbl,PureHVNC C&C,"sslbl,2026-06-23",2026-06-23 19:10:53,2026-08-22 04:36:15,88
ssl_sha1,47a42b7e960e081fb973d80964554f4dea813c9d,sslbl,PureLogsStealer C&C,"sslbl,2026-07-15",2026-07-16 05:21:37,2026-08-22 04:36:15,88
ssl_sha1,481d7383aaeec383beb3012d8dfd20548837e42b,sslbl,PureRAT C&C,"sslbl,2026-08-20",2026-08-20 16:06:17,2026-08-22 04:36:15,88
ssl_sha1,48381652ae3e124b686c25282dac3858a5f2de3e,sslbl,PureRAT C&C,"sslbl,2026-07-21",2026-07-21 17:20:42,2026-08-22 04:36:15,88
ssl_sha1,48eb1ad7ff51531cd633e47f92767bcda98cf62b,sslbl,PureHVNC C&C,"sslbl,2026-06-24",2026-06-24 19:11:03,2026-08-22 04:36:15,88
ssl_sha1,4914d714908de0f52c22349b5b784f77442a27e6,sslbl,Vidar C&C,"sslbl,2026-06-25",2026-06-25 17:27:22,2026-08-22 04:36:15,88
ssl_sha1,4a6e8bfafdb4754d3fbc09a01e52a88d9d4dd57c,sslbl,OffLoader C&C,"sslbl,2026-08-19",2026-08-19 16:06:13,2026-08-22 04:36:15,88
ssl_sha1,4ab5197c559d38f2d4886d00f7140b09318bc5ca,sslbl,Vidar C&C,"sslbl,2026-07-13",2026-07-13 20:25:50,2026-08-22 04:36:15,88
ssl_sha1,4af51082ffa699d104ec1f66263afc8efa99cf76,sslbl,OffLoader C&C,"sslbl,2026-07-09",2026-07-09 20:25:43,2026-08-22 04:36:15,88
ssl_sha1,4b75d1218c87bc4192b6be37dbd990c11859fef8,sslbl,Metasploit C&C,"sslbl,2026-07-16",2026-07-16 17:20:54,2026-08-22 04:36:15,88
ssl_sha1,4bd9fa1c2cefa0f68b276923d33e9989e2fd0031,sslbl,PureRAT C&C,"sslbl,2026-08-04",2026-08-04 07:49:13,2026-08-22 04:36:15,88
ssl_sha1,4c67471be88dd63db2466621fe9e2a2d848f5b79,sslbl,QuasarRAT C&C,"sslbl,2026-07-13",2026-07-13 20:25:50,2026-08-22 04:36:15,88
ssl_sha1,4c7132f9c8bfa60751049644820c6f3a90884ff2,sslbl,RatonRAT C&C,"sslbl,2026-08-19",2026-08-19 16:06:13,2026-08-22 04:36:15,88
ssl_sha1,4cad5fa297a09de48d002bf034f543fd7a9384ed,sslbl,Vidar C&C,"sslbl,2026-08-12",2026-08-12 12:42:52,2026-08-22 04:36:15,88
ssl_sha1,4e11bfd54a27de8b3338b42301ccdf02a21d92a5,sslbl,Vidar C&C,"sslbl,2026-07-06",2026-07-06 14:36:57,2026-08-22 04:36:15,88
ssl_sha1,4e5b7b186ad51a93d4e1ba0e2b5ca006b62571be,sslbl,AsyncRAT C&C,"sslbl,2026-07-21",2026-07-21 17:20:42,2026-08-22 04:36:15,88
ssl_sha1,4ee6cf96fce286a8e41faa52626ccf484c72a772,sslbl,Vidar C&C,"sslbl,2026-08-14",2026-08-14 08:13:11,2026-08-22 04:36:15,88
ssl_sha1,4f6db5622e97cb304f7a739d60c8c3acba13f260,sslbl,Stealc C&C,"sslbl,2026-08-19",2026-08-19 16:06:13,2026-08-22 04:36:15,88
ssl_sha1,4f98352957be6779434d783383961856b93b6168,sslbl,ConnectWise C&C,"sslbl,2026-06-24",2026-06-24 19:11:03,2026-08-22 04:36:15,88
ssl_sha1,5017bd59caaf4a057c724b366aa9530e5cc19931,sslbl,ConnectWise C&C,"sslbl,2026-08-04",2026-08-04 07:49:13,2026-08-22 04:36:15,88
ssl_sha1,501d817bb1780acfe5e47082c43472bda8068e4d,sslbl,LummaStealer C&C,"sslbl,2026-07-13",2026-07-13 20:25:50,2026-08-22 04:36:15,88
ssl_sha1,508ab3696a27249abc7ea437ee1b8bcb8a999d65,sslbl,OverlordRAT C&C,"sslbl,2026-08-08",2026-08-09 00:42:39,2026-08-22 04:36:15,88
ssl_sha1,50c542ca788f012319a8f72453ae5431e0213a4f,sslbl,PureLogsStealer C&C,"sslbl,2026-08-19",2026-08-19 16:06:13,2026-08-22 04:36:15,88
ssl_sha1,50cad154b9d5fdd19c3f67162257de03d3a6afcd,sslbl,OffLoader C&C,"sslbl,2026-07-17",2026-07-17 17:21:06,2026-08-22 04:36:15,88
ssl_sha1,51addb0b10ea11992e4a7dcc168fe8c6eaddf0be,sslbl,OffLoader C&C,"sslbl,2026-07-06",2026-07-06 14:36:57,2026-08-22 04:36:15,88
ssl_sha1,526b4a8604d900869439980614e56e4b288fb46d,sslbl,AsyncRAT C&C,"sslbl,2026-06-24",2026-06-24 19:11:03,2026-08-22 04:36:15,88
ssl_sha1,52b3c657964c5ac626f54446cbfb75165d215d65,sslbl,PureLogsStealer C&C,"sslbl,2026-08-04",2026-08-04 07:49:13,2026-08-22 04:36:15,88
ssl_sha1,544c1e86e02e5ac18fabe17fff152e4c7e370990,sslbl,ACRStealer C&C,"sslbl,2026-07-23",2026-07-23 18:30:39,2026-08-22 04:36:15,88
ssl_sha1,55828dc9278fe7cc50514d9e95e64422804a0b84,sslbl,OffLoader C&C,"sslbl,2026-08-10",2026-08-10 12:42:40,2026-08-22 04:36:15,88
ssl_sha1,55f0fc964675706a15353d56745bb20d95213e53,sslbl,Malware distribution,"sslbl,2026-07-09",2026-07-09 20:25:43,2026-08-22 04:36:15,88
ssl_sha1,572029fec2909ba613cee3c3698b8a49af83b428,sslbl,OffLoader C&C,"sslbl,2026-07-15",2026-07-16 05:21:37,2026-08-22 04:36:15,88
ssl_sha1,573ff46149f8feb36cd0dbf80427b88aa156ed7b,sslbl,KongTuke C&C,"sslbl,2026-07-17",2026-07-17 17:21:06,2026-08-22 04:36:15,88
ssl_sha1,57dd505a5d745deaa32411f3f7e247e6795164a5,sslbl,Vidar C&C,"sslbl,2026-08-19",2026-08-19 16:06:13,2026-08-22 04:36:15,88
ssl_sha1,58243e4728cadacb308dfa0b964571e374ac3c1c,sslbl,Vidar C&C,"sslbl,2026-08-04",2026-08-04 07:49:13,2026-08-22 04:36:15,88
ssl_sha1,58a5ded84c93621d72ecc14b386e0e6bea5d103a,sslbl,Vidar C&C,"sslbl,2026-07-15",2026-07-16 05:21:37,2026-08-22 04:36:15,88
ssl_sha1,59658d5b08a31b31941b598ef4287fecf26a5e54,sslbl,PureLogsStealer C&C,"sslbl,2026-07-06",2026-07-06 14:36:57,2026-08-22 04:36:15,88
ssl_sha1,5b0334a2bc768aa1fef1eb0d10bf52edb071bf1c,sslbl,Vidar C&C,"sslbl,2026-08-10",2026-08-10 12:42:40,2026-08-22 04:36:15,88
ssl_sha1,5b276d28106cb7d91dd5f810e61d9523d34c7804,sslbl,PureLogsStealer C&C,"sslbl,2026-08-21",2026-08-21 16:09:28,2026-08-22 04:36:15,88
ssl_sha1,5b3c4900b63eb2ca8d0d174ef9e989324bc58c0d,sslbl,TELEPUZ C&C,"sslbl,2026-08-21",2026-08-21 16:09:28,2026-08-22 04:36:15,88
ssl_sha1,5b86c194e3e28190e76652c7a39e9acbf849ada2,sslbl,Vidar C&C,"sslbl,2026-08-13",2026-08-13 08:13:02,2026-08-22 04:36:15,88
ssl_sha1,5ce60656e1fb7c3a46a0d6f4380613ff856f9f9d,sslbl,Vidar C&C,"sslbl,2026-07-02",2026-07-02 14:36:15,2026-08-22 04:36:15,88
ssl_sha1,5dc598df9a1f9cf893ce86b54f8be517475d1ff9,sslbl,OffLoader C&C,"sslbl,2026-07-21",2026-07-21 17:20:42,2026-08-22 04:36:15,88
ssl_sha1,5dcd3232fc9873ebedca38f8ba5992fce6dccb61,sslbl,PureLogsStealer C&C,"sslbl,2026-08-05",2026-08-06 00:43:27,2026-08-22 04:36:15,88
ssl_sha1,5e7110d4c25e3aef153d9d38610550ad510f23cf,sslbl,Vidar C&C,"sslbl,2026-08-19",2026-08-19 16:06:13,2026-08-22 04:36:15,88
ssl_sha1,60df0e327f3736946e966b453ef233da0c42b927,sslbl,Havoc C&C,"sslbl,2026-08-10",2026-08-10 12:42:40,2026-08-22 04:36:15,88
ssl_sha1,61042420cd71b5edcdd9ef7ff070deef7398a725,sslbl,Vidar C&C,"sslbl,2026-08-04",2026-08-04 07:49:13,2026-08-22 04:36:15,88
ssl_sha1,63039683789cb152674c566e0f2f448514edef7c,sslbl,PureHVNC C&C,"sslbl,2026-06-25",2026-06-25 17:27:22,2026-08-22 04:36:15,88
ssl_sha1,632061b26a93455e9c4f0ac413deae710c920216,sslbl,PureLogsStealer C&C,"sslbl,2026-07-21",2026-07-21 17:20:42,2026-08-22 04:36:15,88
ssl_sha1,63aeef3af2ecde6857598cfa863a7551bc0be5ea,sslbl,ConnectWise C&C,"sslbl,2026-06-24",2026-06-24 19:11:03,2026-08-22 04:36:15,88
ssl_sha1,64ba3430f767ced74b2828509a653187e9553971,sslbl,Vidar C&C,"sslbl,2026-08-11",2026-08-12 00:43:15,2026-08-22 04:36:15,88
ssl_sha1,659379b480f2d3448f8946b0961115e00bfdbce0,sslbl,OffLoader C&C,"sslbl,2026-07-13",2026-07-13 20:25:49,2026-08-22 04:36:15,88
ssl_sha1,6617b3218632fe78cd223bfae98ae55ef69c13c2,sslbl,OffLoader C&C,"sslbl,2026-07-03",2026-07-03 14:36:09,2026-08-22 04:36:15,88
ssl_sha1,664729bef77ee9c9f2f523fc1305ef65fa05dbae,sslbl,Vidar C&C,"sslbl,2026-08-11",2026-08-11 12:42:27,2026-08-22 04:36:15,88
ssl_sha1,6647f9e4a2e273d7b78ff02be7114b0e9e2a719f,sslbl,AsyncRAT C&C,"sslbl,2026-08-04",2026-08-04 07:49:13,2026-08-22 04:36:15,88
ssl_sha1,67044f9079f804d4a6217093c679897fec1f90e2,sslbl,AsyncRAT C&C,"sslbl,2026-07-23",2026-07-24 05:35:19,2026-08-22 04:36:15,88
ssl_sha1,680cfafa3541d8bdf18c8725016b0d987b9a7dbc,sslbl,DCRat C&C,"sslbl,2026-08-13",2026-08-13 08:13:02,2026-08-22 04:36:15,88
ssl_sha1,6852cc75937e2d30455d30257da88d19e57d5ef2,sslbl,Malware distribution,"sslbl,2026-07-11",2026-07-11 08:25:58,2026-08-22 04:36:15,88
ssl_sha1,687928f5bd90cb243f29760de8d299236de2cadf,sslbl,PureRAT C&C,"sslbl,2026-08-19",2026-08-20 04:06:14,2026-08-22 04:36:15,88
ssl_sha1,68ffb512bc3f1f544502736127d3bdbd6ece390b,sslbl,OffLoader C&C,"sslbl,2026-07-15",2026-07-16 05:21:37,2026-08-22 04:36:15,88
ssl_sha1,696e8986d2a5ecc7deacdedf0efecd16f249befe,sslbl,PureLogsStealer C&C,"sslbl,2026-06-23",2026-06-23 19:10:53,2026-08-22 04:36:15,88
ssl_sha1,6a0fa16417ad776c441dab2aacb50bd3e64bd4c3,sslbl,QuimaRAT C&C,"sslbl,2026-07-09",2026-07-09 20:25:43,2026-08-22 04:36:15,88
ssl_sha1,6a338d0e652aeb230f0b42e3916ff0f8b86d7409,sslbl,AsyncRAT C&C,"sslbl,2026-07-09",2026-07-09 20:25:43,2026-08-22 04:36:15,88
ssl_sha1,6ca71f241dad148aaee6ea4a345e1ef1adaa0ffb,sslbl,KongTuke C&C,"sslbl,2026-07-23",2026-07-23 18:30:39,2026-08-22 04:36:15,88
ssl_sha1,6cac7b4801a4e5b675050769d90bb1da5306d537,sslbl,ConnectWise C&C,"sslbl,2026-08-04",2026-08-04 07:49:13,2026-08-22 04:36:15,88
ssl_sha1,6cd9f5c15b172c39fd51e13d36d39c73a4d1395a,sslbl,OffLoader C&C,"sslbl,2026-07-06",2026-07-06 14:36:57,2026-08-22 04:36:15,88
ssl_sha1,6d92d180394761c59cc1455cf6a7c773fb4efabe,sslbl,PureRAT C&C,"sslbl,2026-08-20",2026-08-20 16:06:17,2026-08-22 04:36:15,88
ssl_sha1,6e48b0bb1d8ddeeede019d3f1c96256639e413b9,sslbl,ConnectWise C&C,"sslbl,2026-06-23",2026-06-23 19:10:53,2026-08-22 04:36:15,88
ssl_sha1,6e64e6fafd7922f1100ce4f5334fef6dd75b2e66,sslbl,PureLogsStealer C&C,"sslbl,2026-08-06",2026-08-06 12:43:05,2026-08-22 04:36:15,88
ssl_sha1,714c56e9e207d5c8e08e1ca28cd9ba85f079d061,sslbl,AsyncRAT C&C,"sslbl,2026-08-08",2026-08-09 00:42:39,2026-08-22 04:36:15,88
ssl_sha1,72a2354f33ff1d38b31cb19209b4b90acafaf46d,sslbl,Vidar C&C,"sslbl,2026-07-07",2026-07-07 17:20:36,2026-08-22 04:36:15,88
ssl_sha1,73202d8d2ac9a9e04c2bdefa6ea8db2860d779a9,sslbl,Vidar C&C,"sslbl,2026-07-23",2026-07-24 05:35:19,2026-08-22 04:36:15,88
ssl_sha1,732c7efa7d624c30b074e78df6595f54fde9188d,sslbl,Vidar C&C,"sslbl,2026-08-20",2026-08-20 16:06:17,2026-08-22 04:36:15,88
ssl_sha1,7403dde12ab9b1c61109441a97fcda78ef197155,sslbl,PureRAT C&C,"sslbl,2026-07-14",2026-07-14 08:25:37,2026-08-22 04:36:15,88
ssl_sha1,742d693a2a83e70088711c99db5db56b1aa4b9da,sslbl,Malware distribution,"sslbl,2026-07-23",2026-07-24 05:35:19,2026-08-22 04:36:15,88
ssl_sha1,745edb7835e0a1ef871d1c027651ed4dfbfd406c,sslbl,Vidar C&C,"sslbl,2026-07-13",2026-07-13 20:25:50,2026-08-22 04:36:15,88
ssl_sha1,75e6afe2cfc9539d7ea95631e78ff0b841ba0a4f,sslbl,ConnectWise C&C,"sslbl,2026-07-09",2026-07-09 20:25:43,2026-08-22 04:36:15,88
ssl_sha1,769a6310d3d9533c1b3e0ddee3c1b6ebbda60891,sslbl,OffLoader C&C,"sslbl,2026-08-07",2026-08-07 12:43:25,2026-08-22 04:36:15,88
ssl_sha1,7767913e33fac1ed9c448460267ca0e6cbe627b4,sslbl,Vidar C&C,"sslbl,2026-07-30",2026-07-31 05:35:34,2026-08-22 04:36:15,88
ssl_sha1,78dc4f50971751cbf98b96219dd56f099095a717,sslbl,Vidar C&C,"sslbl,2026-08-13",2026-08-13 08:13:02,2026-08-22 04:36:15,88
ssl_sha1,790c3281bc5b0087d59aaa1436e7516ca007fc07,sslbl,ZigClipper C&C,"sslbl,2026-07-09",2026-07-09 20:25:43,2026-08-22 04:36:15,88
ssl_sha1,793ccba0eaedcd1a87bb5200cde5a1c9f21ad4ad,sslbl,Vidar C&C,"sslbl,2026-08-12",2026-08-12 12:42:52,2026-08-22 04:36:15,88
ssl_sha1,79e9e22d16866b1126c524c08afda88a225d6545,sslbl,ACRStealer C&C,"sslbl,2026-08-19",2026-08-19 16:06:13,2026-08-22 04:36:15,88
ssl_sha1,7a3617f65c819903107db5cd1d08a9a636ee403e,sslbl,PureLogsStealer C&C,"sslbl,2026-06-25",2026-06-25 17:27:22,2026-08-22 04:36:15,88
ssl_sha1,7a8f361d188e552651fea1204d5399d889312da2,sslbl,Vidar C&C,"sslbl,2026-07-12",2026-07-12 08:25:44,2026-08-22 04:36:15,88
ssl_sha1,7b5604ee44715ba0b4e92c2281f30c5a3416ca41,sslbl,ACRStealer C&C,"sslbl,2026-07-24",2026-07-24 17:35:21,2026-08-22 04:36:15,88
ssl_sha1,7bbac2b67988c36fa1dbd3a75dc06629f766ccaf,sslbl,Vidar C&C,"sslbl,2026-08-13",2026-08-13 20:13:53,2026-08-22 04:36:15,88
ssl_sha1,7bdeed30f5501a30f6aecc3f3cc372f7e52d6ce0,sslbl,ConnectWise C&C,"sslbl,2026-08-07",2026-08-07 12:43:25,2026-08-22 04:36:15,88
ssl_sha1,7bf6011a10ea612968ea925608fa67b5d599863a,sslbl,Vidar C&C,"sslbl,2026-08-12",2026-08-12 12:42:52,2026-08-22 04:36:15,88
ssl_sha1,7bf78d44f61a05e919479a1cf3e0ce158a50a0c6,sslbl,AsyncRAT C&C,"sslbl,2026-08-18",2026-08-18 22:07:31,2026-08-22 04:36:15,88
ssl_sha1,7c27d36636428305d692f50c753e2e9af3897290,sslbl,ConnectWise C&C,"sslbl,2026-07-15",2026-07-16 05:21:37,2026-08-22 04:36:15,88
ssl_sha1,7c3a6c14032bce06d59bd68a7b61a8b88fe222ac,sslbl,OffLoader C&C,"sslbl,2026-08-11",2026-08-11 12:42:27,2026-08-22 04:36:15,88
ssl_sha1,7ddfe490347dc28f3e39de9be9d61940b6b98526,sslbl,ACRStealer C&C,"sslbl,2026-07-13",2026-07-13 08:25:39,2026-08-22 04:36:15,88
ssl_sha1,7f44d36f1f6bd375ba4e4a7866328a76047ce498,sslbl,AsyncRAT C&C,"sslbl,2026-08-19",2026-08-19 16:06:13,2026-08-22 04:36:15,88
ssl_sha1,7f563e6df9b87f615f2d492ba68d5df373a6ca26,sslbl,ACRStealer C&C,"sslbl,2026-07-18",2026-07-19 05:20:40,2026-08-22 04:36:15,88
ssl_sha1,7f73eeb03e7df441484d4610c5a0c3a02f166989,sslbl,PureLogsStealer C&C,"sslbl,2026-08-20",2026-08-20 16:06:17,2026-08-22 04:36:15,88
ssl_sha1,80c36e681125d92c8edfbf7adce71d3bda48d1f9,sslbl,Malware distribution,"sslbl,2026-07-23",2026-07-24 05:35:19,2026-08-22 04:36:15,88
ssl_sha1,811f3a6d406105ca7844722f280f075058d1e1ae,sslbl,PureRAT C&C,"sslbl,2026-07-09",2026-07-09 20:25:43,2026-08-22 04:36:15,88
ssl_sha1,820cd09994b3e76f6e89926a4b94ec0ccacd888c,sslbl,OffLoader C&C,"sslbl,2026-07-23",2026-07-24 05:35:19,2026-08-22 04:36:15,88
ssl_sha1,824d7a319b89b78f79a191f8c34bcfcd0a69abff,sslbl,PureLogsStealer C&C,"sslbl,2026-07-14",2026-07-14 08:25:37,2026-08-22 04:36:15,88
ssl_sha1,83424f01b8b7262f3a3cd61048d3337afdcca58a,sslbl,KongTuke C&C,"sslbl,2026-07-16",2026-07-16 17:20:54,2026-08-22 04:36:15,88
ssl_sha1,83ff65960d2df4b29e78d6fd0342dcd5f053eb13,sslbl,QuasarRAT C&C,"sslbl,2026-07-06",2026-07-06 14:36:57,2026-08-22 04:36:15,88
ssl_sha1,847e013a4d337babfdf203eba82d2d32717b9d2d,sslbl,PureLogsStealer C&C,"sslbl,2026-08-10",2026-08-11 00:42:33,2026-08-22 04:36:15,88
ssl_sha1,85725890743b16375132651911e3f692115128a8,sslbl,Vidar C&C,"sslbl,2026-06-27",2026-06-27 17:26:53,2026-08-22 04:36:15,88
ssl_sha1,85f5e4e0d8c608a11c4e493eb349a7a4c8c4bc9d,sslbl,AsyncRAT C&C,"sslbl,2026-07-13",2026-07-13 20:25:50,2026-08-22 04:36:15,88
ssl_sha1,865a8d01e86bcf06890c09c7b3e9f2c786d7e600,sslbl,PureRAT C&C,"sslbl,2026-08-20",2026-08-20 16:06:17,2026-08-22 04:36:15,88
ssl_sha1,8680ee5519b665906679e979e8b2c949dac26fa9,sslbl,PureRAT C&C,"sslbl,2026-07-06",2026-07-06 14:36:57,2026-08-22 04:36:15,88
ssl_sha1,87feeb825ed6c63616f07bcc03b76454c7e1612f,sslbl,Vidar C&C,"sslbl,2026-08-12",2026-08-12 12:42:52,2026-08-22 04:36:15,88
ssl_sha1,88b2180ded8f8a30de34b4dc84c2328bbd0af49f,sslbl,PureRAT C&C,"sslbl,2026-08-10",2026-08-10 12:42:40,2026-08-22 04:36:15,88
ssl_sha1,89bbec947a91917d4676037abb417ceb72770851,sslbl,Vidar C&C,"sslbl,2026-08-17",2026-08-17 08:13:04,2026-08-22 04:36:15,88
ssl_sha1,8a6a82fdb53374bd62b62120a007ceb19d4ad827,sslbl,OffLoader C&C,"sslbl,2026-08-11",2026-08-11 12:42:27,2026-08-22 04:36:15,88
ssl_sha1,8b6153391f8b6caaad5e0c11054a98ff35e4b605,sslbl,ZigClipper C&C,"sslbl,2026-07-11",2026-07-11 08:25:58,2026-08-22 04:36:15,88
ssl_sha1,8bdf129211692888e48d0970e49a8559450974dc,sslbl,AdaptixC2 C&C,"sslbl,2026-08-07",2026-08-07 12:43:25,2026-08-22 04:36:15,88
ssl_sha1,8befa0033eaaa1693777be12aa7d9236a9caf188,sslbl,Vidar C&C,"sslbl,2026-08-11",2026-08-11 12:42:27,2026-08-22 04:36:15,88
ssl_sha1,8c6132e27eb7bfe859029b583c55243baf3f3029,sslbl,PureRAT C&C,"sslbl,2026-08-20",2026-08-20 16:06:17,2026-08-22 04:36:15,88
ssl_sha1,8c798a5e27290e239890509e6b0c08c214664a87,sslbl,Vidar C&C,"sslbl,2026-08-12",2026-08-12 12:42:52,2026-08-22 04:36:15,88
ssl_sha1,8d6fdff168340e954aad4f0f924276cd5b6e31b2,sslbl,Vidar C&C,"sslbl,2026-08-18",2026-08-18 10:07:25,2026-08-22 04:36:15,88
ssl_sha1,8ef5bc8cb7d00d8b89bacbd4f9405f402d1a002e,sslbl,SheetRAT C&C,"sslbl,2026-07-15",2026-07-16 05:21:37,2026-08-22 04:36:15,88
ssl_sha1,8f000dbd7cc73e8857d42a3c7c15676305af6889,sslbl,AsyncRAT C&C,"sslbl,2026-07-13",2026-07-13 20:25:50,2026-08-22 04:36:15,88
ssl_sha1,8f0bfca0ab1d555a035d5b498c9e26acdab3d7aa,sslbl,ACRStealer C&C,"sslbl,2026-08-10",2026-08-10 12:42:40,2026-08-22 04:36:15,88
ssl_sha1,8f0de55e89d97b4f3581f77805955a2b719563b8,sslbl,PureRAT C&C,"sslbl,2026-07-23",2026-07-24 05:35:19,2026-08-22 04:36:15,88
ssl_sha1,8f1262eb935ec90abdbe1db5106eb3831a5669a7,sslbl,ConnectWise C&C,"sslbl,2026-07-09",2026-07-09 20:25:43,2026-08-22 04:36:15,88
ssl_sha1,9000e46cabc64219fb1447d59d5443afcb412e36,sslbl,Vidar C&C,"sslbl,2026-07-21",2026-07-21 17:20:42,2026-08-22 04:36:15,88
ssl_sha1,902ba39855eb908aafcd70c385e68668fb57c1d8,sslbl,Malware distribution,"sslbl,2026-07-09",2026-07-09 20:25:43,2026-08-22 04:36:15,88
ssl_sha1,919d5be1da2b1383786286d0fb199f4575db0d59,sslbl,Vidar C&C,"sslbl,2026-08-12",2026-08-12 12:42:52,2026-08-22 04:36:15,88
ssl_sha1,92bebc09af464e669c68d95052916e76f989e043,sslbl,Malware C&C,"sslbl,2026-08-04",2026-08-05 12:42:46,2026-08-22 04:36:15,88
ssl_sha1,930851db267db9c407bc5adaa9d49f5c994abece,sslbl,PureRAT C&C,"sslbl,2026-08-10",2026-08-10 12:42:40,2026-08-22 04:36:15,88
ssl_sha1,930ad835b903af414bb1a64dc5184fe8850b0d9c,sslbl,PureHVNC C&C,"sslbl,2026-06-23",2026-06-23 19:10:53,2026-08-22 04:36:15,88
ssl_sha1,940df23eebede1e1e33a4c521ba05b4b37d04d68,sslbl,Vidar C&C,"sslbl,2026-08-11",2026-08-12 00:43:15,2026-08-22 04:36:15,88
ssl_sha1,942c595db95914eb4987a1e7ddd6f728fbc674ec,sslbl,PureLogsStealer C&C,"sslbl,2026-08-04",2026-08-05 12:42:46,2026-08-22 04:36:15,88
ssl_sha1,94c2c17d919e1560dca7d4980e7f9c6eb5a402a0,sslbl,Vidar C&C,"sslbl,2026-08-14",2026-08-14 08:13:11,2026-08-22 04:36:15,88
ssl_sha1,94eea408b8c901de2367e36bf291ba947b368ee5,sslbl,Vidar C&C,"sslbl,2026-07-13",2026-07-13 20:25:50,2026-08-22 04:36:15,88
ssl_sha1,952bcdeea03ea702626a30069c949581bf2d1b05,sslbl,Vidar C&C,"sslbl,2026-08-18",2026-08-18 22:07:31,2026-08-22 04:36:15,88
ssl_sha1,95a5eea4198c93663802a9ea047164b5497ea27f,sslbl,Malware C&C,"sslbl,2026-08-14",2026-08-14 08:13:11,2026-08-22 04:36:15,88
ssl_sha1,95fcb5ff7bd5e1d06b1e585af4ba3ceb95f01164,sslbl,Vidar C&C,"sslbl,2026-08-11",2026-08-11 12:42:27,2026-08-22 04:36:15,88
ssl_sha1,964d86f575c50b29d2b7157331d556859dd43e5e,sslbl,Vidar C&C,"sslbl,2026-08-05",2026-08-05 12:42:46,2026-08-22 04:36:15,88
ssl_sha1,971af46c861e6f88e60b7c07a4850e76423c5c4a,sslbl,ConnectWise C&C,"sslbl,2026-08-07",2026-08-07 12:43:25,2026-08-22 04:36:15,88
ssl_sha1,97cceb2f57c3b60f9d94b4603ac55860aaa9e03d,sslbl,ConnectWise C&C,"sslbl,2026-08-04",2026-08-04 07:49:13,2026-08-22 04:36:15,88
ssl_sha1,97dd1d6a2bc5769af6e0a7999bfaf2aeaf5452a1,sslbl,Vidar C&C,"sslbl,2026-08-05",2026-08-05 12:42:46,2026-08-22 04:36:15,88
ssl_sha1,988bb7e571418b2800a0cc2d33a794ecf1eb42a7,sslbl,Malware C&C,"sslbl,2026-07-03",2026-07-03 14:36:09,2026-08-22 04:36:15,88
ssl_sha1,991bf55fc47c006b3eedf6b348296f9f7aba20eb,sslbl,PureLogsStealer C&C,"sslbl,2026-07-21",2026-07-21 17:20:42,2026-08-22 04:36:15,88
ssl_sha1,9970ddeb7d0e2dd711bc2af3646b417b201bfdf2,sslbl,Vidar C&C,"sslbl,2026-07-02",2026-07-02 14:36:15,2026-08-22 04:36:15,88
ssl_sha1,9980a7932521b6101c2bdba975589f0c1810a191,sslbl,KongTuke C&C,"sslbl,2026-06-24",2026-06-24 19:11:03,2026-08-22 04:36:15,88
ssl_sha1,99e8e296eae361f7ddeb6ce7cc6d4bd521ee24b3,sslbl,Vidar C&C,"sslbl,2026-08-11",2026-08-11 12:42:27,2026-08-22 04:36:15,88
ssl_sha1,9a7e2e73f967101d75a3cb425b8980d50ca5c001,sslbl,ConnectWise C&C,"sslbl,2026-08-04",2026-08-04 07:49:13,2026-08-22 04:36:15,88
ssl_sha1,9aba7caceb4b84b49aaa4285d73183a94f4a50d5,sslbl,PureRAT C&C,"sslbl,2026-08-08",2026-08-09 00:42:39,2026-08-22 04:36:15,88
ssl_sha1,9b1d8ac99d61fbc0ba58655538c457db69c459e7,sslbl,PureLogsStealer C&C,"sslbl,2026-08-06",2026-08-06 12:43:05,2026-08-22 04:36:15,88
ssl_sha1,9b422835f6e86dcb59e08f1bb9a47576d98fff81,sslbl,Vidar C&C,"sslbl,2026-08-12",2026-08-12 12:42:52,2026-08-22 04:36:15,88
ssl_sha1,9b4c3ff8dc5891693f443320e3c1167c7cebe2b7,sslbl,QuasarRAT C&C,"sslbl,2026-08-13",2026-08-13 20:13:53,2026-08-22 04:36:15,88
ssl_sha1,9b5e0b2f2acb07fb226b8805b3a5fb5a28035e6e,sslbl,PureLogsStealer C&C,"sslbl,2026-08-04",2026-08-05 12:42:46,2026-08-22 04:36:15,88
ssl_sha1,9ba597b7a850fe598927a226f6ab2efd3050ff95,sslbl,Vidar C&C,"sslbl,2026-08-19",2026-08-20 04:06:14,2026-08-22 04:36:15,88
ssl_sha1,9bfa1f9e8d990faec4c91c5b9eaeb15898aff2e7,sslbl,ConnectWise C&C,"sslbl,2026-08-04",2026-08-04 07:49:13,2026-08-22 04:36:15,88
ssl_sha1,9c124d9fc4b10c04767b554f02b92d6591175e8a,sslbl,PureRAT C&C,"sslbl,2026-07-21",2026-07-21 17:20:42,2026-08-22 04:36:15,88
ssl_sha1,9cc76149b07c25893611bc8339406a6312ab2053,sslbl,QuasarRAT C&C,"sslbl,2026-07-09",2026-07-09 20:25:43,2026-08-22 04:36:15,88
ssl_sha1,9cd7f02e5bd6f0cb16141c3205aa9b00b0fce027,sslbl,PureLogsStealer C&C,"sslbl,2026-08-13",2026-08-13 20:13:53,2026-08-22 04:36:15,88
ssl_sha1,9cf3852c0d23882e32f6a93a3562c86f3a67db75,sslbl,KongTuke C&C,"sslbl,2026-06-25",2026-06-25 17:27:22,2026-08-22 04:36:15,88
ssl_sha1,9ea13ee5065114aee007c91c941ac3f8483c4326,sslbl,Vidar C&C,"sslbl,2026-08-13",2026-08-13 08:13:02,2026-08-22 04:36:15,88
ssl_sha1,9f4fd4c3e2d289a36b08eb04f92cad1fca6d5237,sslbl,ConnectWise C&C,"sslbl,2026-06-24",2026-06-24 19:11:03,2026-08-22 04:36:15,88
ssl_sha1,9fa3a0396a6c0c3c022764c34ab6b17283db6390,sslbl,PureLogsStealer C&C,"sslbl,2026-06-23",2026-06-23 19:10:53,2026-08-22 04:36:15,88
ssl_sha1,a0b782d798a48e117c995c9deb013c5cffb0ac58,sslbl,PureLogsStealer C&C,"sslbl,2026-08-11",2026-08-11 12:42:27,2026-08-22 04:36:15,88
ssl_sha1,a0bc4b869d9b18f27a55ca97d5c41e77ae63fa0e,sslbl,ConnectWise C&C,"sslbl,2026-06-24",2026-06-24 19:11:03,2026-08-22 04:36:15,88
ssl_sha1,a0cd40a589573d515fb3d7c30d6de0d45d40a4fa,sslbl,ConnectWise C&C,"sslbl,2026-07-15",2026-07-16 05:21:37,2026-08-22 04:36:15,88
ssl_sha1,a1146ac98390794517ff821a3377458555100eb3,sslbl,PureLogsStealer C&C,"sslbl,2026-08-04",2026-08-05 12:42:46,2026-08-22 04:36:15,88
ssl_sha1,a133ce088d9ead15855e1343b8e643736d47d7d9,sslbl,ACRStealer C&C,"sslbl,2026-07-11",2026-07-11 08:25:58,2026-08-22 04:36:15,88
ssl_sha1,a18ccdbee8a145ba523641dc63189ad51cd04064,sslbl,PureRAT C&C,"sslbl,2026-08-21",2026-08-21 16:09:28,2026-08-22 04:36:15,88
ssl_sha1,a37d8c8b3e427201148b485e4b23a59067fd3812,sslbl,PureLogsStealer C&C,"sslbl,2026-07-03",2026-07-03 14:36:09,2026-08-22 04:36:15,88
ssl_sha1,a3aed5e99b2c6563d265a69702d9071940eed8aa,sslbl,ConnectWise C&C,"sslbl,2026-07-15",2026-07-16 05:21:37,2026-08-22 04:36:15,88
ssl_sha1,a3f065adb1d37aa01e6632753e8db17fb392d558,sslbl,KongTuke C&C,"sslbl,2026-07-03",2026-07-03 14:36:09,2026-08-22 04:36:15,88
ssl_sha1,a41b49d59020b2adde6d68f30aa199dea7e2126b,sslbl,PureLogsStealer C&C,"sslbl,2026-07-09",2026-07-09 20:25:43,2026-08-22 04:36:15,88
ssl_sha1,a45080c92a0b2314966517a4643ebf280e88a11b,sslbl,LummaStealer C&C,"sslbl,2026-08-14",2026-08-14 08:13:11,2026-08-22 04:36:15,88
ssl_sha1,a52e17fe607d1e562e0cb67c6f2342e6b4dbf191,sslbl,Vidar C&C,"sslbl,2026-08-18",2026-08-18 10:07:25,2026-08-22 04:36:15,88
ssl_sha1,a5930d8e37f9f2874a281294d8508dd79df36b98,sslbl,ConnectWise C&C,"sslbl,2026-08-04",2026-08-04 07:49:13,2026-08-22 04:36:15,88
ssl_sha1,a6268e092f3de555c67dac2f9e52eae979b3d8e3,sslbl,Vidar C&C,"sslbl,2026-08-17",2026-08-17 08:13:04,2026-08-22 04:36:15,88
ssl_sha1,a6df6eca49e13a8c5ebba1f86ca4c5766b1c1b97,sslbl,KongTuke C&C,"sslbl,2026-07-17",2026-07-17 17:21:06,2026-08-22 04:36:15,88
ssl_sha1,a838f21e4fbcf93b9dcb1adf61ce9a7e07729594,sslbl,OffLoader C&C,"sslbl,2026-07-07",2026-07-07 17:20:36,2026-08-22 04:36:15,88
ssl_sha1,a9ebd28ce7e4ac020e6d263e228b8547e1914bfa,sslbl,Vidar C&C,"sslbl,2026-08-06",2026-08-07 00:43:03,2026-08-22 04:36:15,88
ssl_sha1,aa50e1b4a6e7c66ba2ce4c1c82e62f8d74cd7202,sslbl,Vidar C&C,"sslbl,2026-08-21",2026-08-21 16:09:28,2026-08-22 04:36:15,88
ssl_sha1,aa813482114409b8a5f198a39d02a77d492f7911,sslbl,ACRStealer C&C,"sslbl,2026-07-14",2026-07-14 08:25:37,2026-08-22 04:36:15,88
ssl_sha1,aaa8cad460677d3312a35ccfcf3235361ab9b7e4,sslbl,PureLogsStealer C&C,"sslbl,2026-07-09",2026-07-09 20:25:43,2026-08-22 04:36:15,88
ssl_sha1,aaaa57850472f7c23d75d9470b1f98655d5c3655,sslbl,OffLoader C&C,"sslbl,2026-08-08",2026-08-09 00:42:39,2026-08-22 04:36:15,88
ssl_sha1,ab273c45f00b156514b5b6be664484911dbed547,sslbl,PureRAT C&C,"sslbl,2026-08-20",2026-08-20 16:06:17,2026-08-22 04:36:15,88
ssl_sha1,ab43d834686476fef1094bb0f9c5eef7d0bcd2f9,sslbl,SparkRAT C&C,"sslbl,2026-08-19",2026-08-19 16:06:13,2026-08-22 04:36:15,88
ssl_sha1,ab53f86d2ce32d9306f431e8e82f39cb31f48a53,sslbl,Vidar C&C,"sslbl,2026-08-19",2026-08-19 16:06:13,2026-08-22 04:36:15,88
ssl_sha1,abacd13c43005d6868d9b586e029a1d6a74e1470,sslbl,ConnectWise C&C,"sslbl,2026-08-19",2026-08-19 16:06:13,2026-08-22 04:36:15,88
ssl_sha1,abe57abc8722c69494113060260ba340cd897744,sslbl,ShellterLoader C&C,"sslbl,2026-08-17",2026-08-17 18:44:22,2026-08-22 04:36:15,88
ssl_sha1,ac563907d31a21443760cee92a98b50bba6152aa,sslbl,QuasarRAT C&C,"sslbl,2026-07-03",2026-07-03 14:36:09,2026-08-22 04:36:15,88
ssl_sha1,ad3cd2a04112f9ffec395649d537dc68bceb3754,sslbl,PureRAT C&C,"sslbl,2026-08-07",2026-08-07 12:43:25,2026-08-22 04:36:15,88
ssl_sha1,adee7459752a33ec85d89a1837d84e9e75f8ac6e,sslbl,OffLoader C&C,"sslbl,2026-07-03",2026-07-03 14:36:09,2026-08-22 04:36:15,88
ssl_sha1,ae2744e9ad9fb574cb79ceff176cbfc982e4fddb,sslbl,ConnectWise C&C,"sslbl,2026-08-11",2026-08-11 12:42:27,2026-08-22 04:36:15,88
ssl_sha1,aec890965f808398c124d16d25255ac4ed1ce6ca,sslbl,Vidar C&C,"sslbl,2026-08-11",2026-08-11 12:42:27,2026-08-22 04:36:15,88
ssl_sha1,af1a7c59f98298c9d3542e306d0292bdf30b4388,sslbl,PureRAT C&C,"sslbl,2026-08-20",2026-08-20 16:06:17,2026-08-22 04:36:15,88
ssl_sha1,af9b4d589c6b08b420f41d0a13a2571f45d126a2,sslbl,ACRStealer C&C,"sslbl,2026-06-22",2026-06-22 19:42:23,2026-08-22 04:36:15,88
ssl_sha1,b00aa24dc7459e8a0a8f5fbb3d2a27bd646de1e3,sslbl,HypeAgent C&C,"sslbl,2026-08-18",2026-08-18 10:07:25,2026-08-22 04:36:15,88
ssl_sha1,b0e16234706cee8e6f50f6397b88aab1d6ee4345,sslbl,ZigClipper C&C,"sslbl,2026-07-11",2026-07-11 08:25:58,2026-08-22 04:36:15,88
ssl_sha1,b14379b3743c37a26289499aca921c99998649f1,sslbl,QuasarRAT C&C,"sslbl,2026-08-04",2026-08-04 07:49:13,2026-08-22 04:36:15,88
ssl_sha1,b23101487158938dc99bd731fe372634ad768a0f,sslbl,PureRAT C&C,"sslbl,2026-08-13",2026-08-13 08:13:02,2026-08-22 04:36:15,88
ssl_sha1,b24702e7efe86f18662cfbed70880ccfc8f95141,sslbl,PureLogsStealer C&C,"sslbl,2026-06-25",2026-06-25 17:27:22,2026-08-22 04:36:15,88
ssl_sha1,b26d3f583556acab11cbfa864f596c143b15f32d,sslbl,Vidar C&C,"sslbl,2026-08-17",2026-08-17 08:13:04,2026-08-22 04:36:15,88
ssl_sha1,b28f42ca50cfb259dfc8dfe16e13631da75d6397,sslbl,PureLogsStealer C&C,"sslbl,2026-08-20",2026-08-20 16:06:17,2026-08-22 04:36:15,88
ssl_sha1,b2e42b1a036329fa6fef4477d35887b1d357711e,sslbl,Vidar C&C,"sslbl,2026-08-04",2026-08-04 07:49:13,2026-08-22 04:36:15,88
ssl_sha1,b364395fee8c2e4c9eaf9a2531f6f7ac7bf8e4ae,sslbl,QuasarRAT C&C,"sslbl,2026-08-10",2026-08-10 12:42:40,2026-08-22 04:36:15,88
ssl_sha1,b3d9f61d0ccbe25f2239a1a50071c9a5b7b4e1ec,sslbl,PureHVNC C&C,"sslbl,2026-06-24",2026-06-24 19:11:03,2026-08-22 04:36:15,88
ssl_sha1,b3e742534672a3a51feaae4d7c7d967183e85fa8,sslbl,ConnectWise C&C,"sslbl,2026-06-24",2026-06-24 19:11:03,2026-08-22 04:36:15,88
ssl_sha1,b5b8bebd73d8e8aec88ccc17b1e27c34921667ae,sslbl,Vidar C&C,"sslbl,2026-08-08",2026-08-09 00:42:39,2026-08-22 04:36:15,88
ssl_sha1,b5f071dd28b511f0b4b067507602a779feb4301f,sslbl,AsyncRAT C&C,"sslbl,2026-08-11",2026-08-11 12:42:27,2026-08-22 04:36:15,88
ssl_sha1,b72b8c162f5b2fe045e0445f9be1937d98279092,sslbl,OffLoader C&C,"sslbl,2026-08-19",2026-08-19 16:06:13,2026-08-22 04:36:15,88
ssl_sha1,b7c2e44b35ac1ac31efad28747f2bc44f5d28de8,sslbl,PureRAT C&C,"sslbl,2026-07-21",2026-07-21 17:20:42,2026-08-22 04:36:15,88
ssl_sha1,b82f752e9b4f58621750481c1ff85798c9950028,sslbl,RatonRAT C&C,"sslbl,2026-06-24",2026-06-24 19:11:03,2026-08-22 04:36:15,88
ssl_sha1,b87dc4ee057f64c6592d11ed074e03caf92e2851,sslbl,Vidar C&C,"sslbl,2026-07-04",2026-07-04 14:35:58,2026-08-22 04:36:15,88
ssl_sha1,b8b339de5ea80d17fb5ce2eb144d7ba28b33337a,sslbl,RatonRAT C&C,"sslbl,2026-07-21",2026-07-21 17:20:42,2026-08-22 04:36:15,88
ssl_sha1,b8b347f5d18be90876c3d3a5458b6e60598246bd,sslbl,PureLogsStealer C&C,"sslbl,2026-08-04",2026-08-05 12:42:46,2026-08-22 04:36:15,88
ssl_sha1,b8b410c62bcb320c20cfee554f472df3fa5734e4,sslbl,PureLogsStealer C&C,"sslbl,2026-08-06",2026-08-06 12:43:05,2026-08-22 04:36:15,88
ssl_sha1,b94eb3bcd4a57442c30e14dd2067b0c6c46d9619,sslbl,ConnectWise C&C,"sslbl,2026-08-21",2026-08-21 16:09:28,2026-08-22 04:36:15,88
ssl_sha1,b95285b6b061fd0acf6a5ae95433d703f52d1872,sslbl,PureLogsStealer C&C,"sslbl,2026-08-21",2026-08-21 16:09:28,2026-08-22 04:36:15,88
ssl_sha1,b9e2100c0408138edfedb92704bfc57ef9fb59f0,sslbl,PureLogsStealer C&C,"sslbl,2026-08-10",2026-08-10 12:42:40,2026-08-22 04:36:15,88
ssl_sha1,bca627ea4b11ce235879ac54bcf5ca2121a6ed0c,sslbl,MSDuckStealer C&C,"sslbl,2026-07-07",2026-07-07 17:20:36,2026-08-22 04:36:15,88
ssl_sha1,bdf0b04d7bb20782260ab2c2340da6b85e9f63c0,sslbl,PureRAT C&C,"sslbl,2026-07-23",2026-07-24 05:35:19,2026-08-22 04:36:15,88
ssl_sha1,bf192adc3dcaba7412e15b567de22e3f3150bbf7,sslbl,PureLogsStealer C&C,"sslbl,2026-08-21",2026-08-21 16:09:28,2026-08-22 04:36:15,88
ssl_sha1,c0b1920e3d73babea5c2ef2af7ba72977e65586b,sslbl,Vidar C&C,"sslbl,2026-08-12",2026-08-12 12:42:52,2026-08-22 04:36:15,88
ssl_sha1,c0cd4ac67f8a4febf1c340eb0c914252e8ebf881,sslbl,PureLogsStealer C&C,"sslbl,2026-07-23",2026-07-24 05:35:19,2026-08-22 04:36:15,88
ssl_sha1,c0ee8887cf0998ae07e71d2f78fb121c3bafc9d5,sslbl,PureLogsStealer C&C,"sslbl,2026-07-15",2026-07-16 05:21:37,2026-08-22 04:36:15,88
ssl_sha1,c11fd105f60ade90dc2611391ee6aa93e6c73375,sslbl,AsyncRAT C&C,"sslbl,2026-07-15",2026-07-16 05:21:37,2026-08-22 04:36:15,88
ssl_sha1,c165baaa2bb8cd1021237ebda0b2cfee01d71177,sslbl,RatonRAT C&C,"sslbl,2026-07-02",2026-07-02 14:36:15,2026-08-22 04:36:15,88
ssl_sha1,c19f09bd89b19cd3223d0c039c41a5baa7307178,sslbl,PureRAT C&C,"sslbl,2026-07-13",2026-07-13 20:25:50,2026-08-22 04:36:15,88
ssl_sha1,c19f8a859e5635a3601eb27c9ac59c88dcf91be1,sslbl,OffLoader C&C,"sslbl,2026-07-06",2026-07-06 14:36:57,2026-08-22 04:36:15,88
ssl_sha1,c24c5b16d1b72ff6933bdc9a5034808630f1413f,sslbl,OffLoader C&C,"sslbl,2026-07-07",2026-07-07 17:20:36,2026-08-22 04:36:15,88
ssl_sha1,c2826e64fffde42b99ba86c30055eb2dbd064319,sslbl,OffLoader C&C,"sslbl,2026-08-05",2026-08-05 12:42:46,2026-08-22 04:36:15,88
ssl_sha1,c2f29eb5f4ef6d51dc8592f534e590311a3ab805,sslbl,KongTuke C&C,"sslbl,2026-07-09",2026-07-09 20:25:43,2026-08-22 04:36:15,88
ssl_sha1,c31650da58712771ad83fd5c6cef97905a255cc5,sslbl,AsyncRAT C&C,"sslbl,2026-07-17",2026-07-17 17:21:06,2026-08-22 04:36:15,88
ssl_sha1,c4e9396a3a0543fa79cc0a8f23395f90a15e03b0,sslbl,AsyncRAT C&C,"sslbl,2026-07-16",2026-07-16 17:20:54,2026-08-22 04:36:15,88
ssl_sha1,c6693bd68a3017163e4af03742ea381bed99b122,sslbl,PureLogsStealer C&C,"sslbl,2026-06-22",2026-06-22 19:42:23,2026-08-22 04:36:15,88
ssl_sha1,c6d367c9312830fbe81f12e8be9f1d56d2e10b13,sslbl,PureRAT C&C,"sslbl,2026-08-20",2026-08-20 16:06:17,2026-08-22 04:36:15,88
ssl_sha1,c7abcfeba6d01d0b78b8c690ab1d8d06078ddf11,sslbl,ConnectWise C&C,"sslbl,2026-08-07",2026-08-07 12:43:25,2026-08-22 04:36:15,88
ssl_sha1,c7e0ca50174d919b1026d232418e208969a4d818,sslbl,KongTuke C&C,"sslbl,2026-07-03",2026-07-03 14:36:09,2026-08-22 04:36:15,88
ssl_sha1,c7ec4c2fa1678702ae684a069cf37a4eef16ef27,sslbl,AsyncRAT C&C,"sslbl,2026-07-23",2026-07-24 05:35:19,2026-08-22 04:36:15,88
ssl_sha1,ca3454955272556813ca9be9954e720fa6b6796a,sslbl,KongTuke C&C,"sslbl,2026-07-14",2026-07-16 05:21:37,2026-08-22 04:36:15,88
ssl_sha1,ca49f3e687d1e1559ffcd877d6292f9997d7782b,sslbl,Malware C&C,"sslbl,2026-07-21",2026-07-21 17:20:42,2026-08-22 04:36:15,88
ssl_sha1,ca9e642c1028f3a7fa79947493c34a981705a05d,sslbl,DonutLoader C&C,"sslbl,2026-08-04",2026-08-05 12:42:46,2026-08-22 04:36:15,88
ssl_sha1,cb3467ed8453ec11060a815fe90e0c37957a205e,sslbl,Vidar C&C,"sslbl,2026-06-25",2026-06-25 17:27:22,2026-08-22 04:36:15,88
ssl_sha1,cbde10c2baa3d573791b7e6044ba4e8f15094cd2,sslbl,PureRAT C&C,"sslbl,2026-08-08",2026-08-09 00:42:39,2026-08-22 04:36:15,88
ssl_sha1,cc7d79ea8261997821ca3c8ad44b61023ad5af89,sslbl,Vidar C&C,"sslbl,2026-08-11",2026-08-11 12:42:27,2026-08-22 04:36:15,88
ssl_sha1,ccc880d541544fedae179d9adcff6f8c74741aed,sslbl,PureRAT C&C,"sslbl,2026-08-04",2026-08-04 07:49:13,2026-08-22 04:36:15,88
ssl_sha1,cd07a2a4c9a93703dc8d1d4e72a12e1cec7f41c7,sslbl,ACRStealer C&C,"sslbl,2026-07-23",2026-07-24 05:35:19,2026-08-22 04:36:15,88
ssl_sha1,cd1f1ffdd1055c9540758327ff1d7698068c9a93,sslbl,Vidar C&C,"sslbl,2026-07-13",2026-07-13 20:25:50,2026-08-22 04:36:15,88
ssl_sha1,cd23e9078670a393e63d54da8b3d570cf2633f82,sslbl,ConnectWise C&C,"sslbl,2026-06-24",2026-06-24 19:11:03,2026-08-22 04:36:15,88
ssl_sha1,cdccad6e6ef6dc82ff5cfb3cb15d71bfb4df7d1a,sslbl,RatonRAT C&C,"sslbl,2026-07-03",2026-07-03 14:36:09,2026-08-22 04:36:15,88
ssl_sha1,cede10451532b072c7017c49ef4fcd273301a826,sslbl,ConnectWise C&C,"sslbl,2026-08-07",2026-08-07 12:43:25,2026-08-22 04:36:15,88
ssl_sha1,cfce3aaff2ad3eae49b37a60d606984bd1492e16,sslbl,PureLogsStealer C&C,"sslbl,2026-07-22",2026-07-22 17:20:46,2026-08-22 04:36:15,88
ssl_sha1,cfe6dcd7527099d525ffa8cec0bd1ab5020d47a7,sslbl,Vidar C&C,"sslbl,2026-08-08",2026-08-09 00:42:39,2026-08-22 04:36:15,88
ssl_sha1,d036c48497838c05904085b913dc7353cfacc8bd,sslbl,ConnectWise C&C,"sslbl,2026-06-24",2026-06-24 19:11:03,2026-08-22 04:36:15,88
ssl_sha1,d05f2a01d4f42a8373c707d3622fb447e5aeda86,sslbl,ArkeiStealer C&C,"sslbl,2026-07-09",2026-07-09 20:25:43,2026-08-22 04:36:15,88
ssl_sha1,d06dfdf841a409515705fdf652154c78cf34a21e,sslbl,PureLogsStealer C&C,"sslbl,2026-07-09",2026-07-09 20:25:43,2026-08-22 04:36:15,88
ssl_sha1,d08e16884011f6910fe8087a74dac507ff7d2a6a,sslbl,ACRStealer C&C,"sslbl,2026-07-24",2026-07-24 17:35:21,2026-08-22 04:36:15,88
ssl_sha1,d0944e5765a9b5767d3cf02e3bdd9f466c5391b7,sslbl,Vidar C&C,"sslbl,2026-08-14",2026-08-14 08:13:11,2026-08-22 04:36:15,88
ssl_sha1,d0e596efec703d8645be9af9f1ab51b27714d9ec,sslbl,ConnectWise C&C,"sslbl,2026-08-19",2026-08-19 16:06:13,2026-08-22 04:36:15,88
ssl_sha1,d0eec27b6184ec84b6c3274869667f608e30de16,sslbl,PureRAT C&C,"sslbl,2026-08-20",2026-08-20 16:06:17,2026-08-22 04:36:15,88
ssl_sha1,d1421c00fed86ca8b65f1617019fd1a0ceed22a7,sslbl,PureRAT C&C,"sslbl,2026-06-23",2026-06-23 19:10:53,2026-08-22 04:36:15,88
ssl_sha1,d18f8b968bd5981971d6699bdc4ed7b96a3e7248,sslbl,Vidar C&C,"sslbl,2026-08-14",2026-08-14 08:13:11,2026-08-22 04:36:15,88
ssl_sha1,d31628ba7beba86d4beecc67ae79fea667c1a11e,sslbl,OffLoader C&C,"sslbl,2026-08-12",2026-08-12 12:42:52,2026-08-22 04:36:15,88
ssl_sha1,d35b4be8b535918a0656df6b58c8ed8fb23692e0,sslbl,PureRAT C&C,"sslbl,2026-08-06",2026-08-06 12:43:05,2026-08-22 04:36:15,88
ssl_sha1,d396ef232aa80c61256793216200a73361548c09,sslbl,ConnectWise C&C,"sslbl,2026-06-24",2026-06-24 19:11:03,2026-08-22 04:36:15,88
ssl_sha1,d447d27a879fe80420dc54244870f3f7d25993bb,sslbl,PureLogsStealer C&C,"sslbl,2026-07-23",2026-07-24 05:35:19,2026-08-22 04:36:15,88
ssl_sha1,d45abb7b4fc7a67b785708f4ba88c080b3d0207c,sslbl,ConnectWise C&C,"sslbl,2026-08-19",2026-08-19 16:06:13,2026-08-22 04:36:15,88
ssl_sha1,d4611858ce65e847598f70af1a9b98ee96cc20f8,sslbl,Vidar C&C,"sslbl,2026-07-06",2026-07-06 14:36:57,2026-08-22 04:36:15,88
ssl_sha1,d490abc2eba705abb1b6391b9be0a12f1e75331b,sslbl,PureLogsStealer C&C,"sslbl,2026-07-16",2026-07-16 17:20:54,2026-08-22 04:36:15,88
ssl_sha1,d5fdf320afff16aee74bb14f25ef245ea75928ad,sslbl,ACRStealer C&C,"sslbl,2026-08-12",2026-08-12 12:42:52,2026-08-22 04:36:15,88
ssl_sha1,d65481efc375fcd9390ace11d51556734efd3676,sslbl,ConnectWise C&C,"sslbl,2026-07-06",2026-07-06 14:36:57,2026-08-22 04:36:15,88
ssl_sha1,d75206e1bb0d0ab79c93e78178e102f6ef071732,sslbl,OffLoader C&C,"sslbl,2026-07-14",2026-07-14 08:25:37,2026-08-22 04:36:15,88
ssl_sha1,d7c3d38e27ab758c908f81b72a6fea1cd1af7369,sslbl,PureLogsStealer C&C,"sslbl,2026-08-04",2026-08-04 07:49:13,2026-08-22 04:36:15,88
ssl_sha1,d7d3f678f9b63334375db11eecc81be2db4db6f0,sslbl,ConnectWise C&C,"sslbl,2026-08-07",2026-08-07 12:43:25,2026-08-22 04:36:15,88
ssl_sha1,d85fb33f78921ec5ce0a2c2a9e9f2b0e8281bfc9,sslbl,AsyncRAT C&C,"sslbl,2026-07-13",2026-07-13 20:25:50,2026-08-22 04:36:15,88
ssl_sha1,d8614f6c4127ebeaf66a898a8e7ce3801cf03c30,sslbl,PureLogsStealer C&C,"sslbl,2026-08-12",2026-08-12 12:42:52,2026-08-22 04:36:15,88
ssl_sha1,d931ccd7a964ba893766ee893f1b73220960ba5e,sslbl,ConnectWise C&C,"sslbl,2026-06-24",2026-06-24 19:11:03,2026-08-22 04:36:15,88
ssl_sha1,d962e722e22971c6b81f89befbbe949241b8c2ec,sslbl,OffLoader C&C,"sslbl,2026-08-21",2026-08-21 16:09:28,2026-08-22 04:36:15,88
ssl_sha1,da841f680c2699118b0f96b74c16b0625e03f180,sslbl,Amadey C&C,"sslbl,2026-08-10",2026-08-10 12:42:40,2026-08-22 04:36:15,88
ssl_sha1,db767b560efd2f6811b4c4adf2b0fdaee18fdad5,sslbl,PureLogsStealer C&C,"sslbl,2026-08-04",2026-08-05 12:42:46,2026-08-22 04:36:15,88
ssl_sha1,dcbc383f1a16d4b8baa7bfca1bb023f7f65c36f7,sslbl,Vidar C&C,"sslbl,2026-07-11",2026-07-11 08:25:58,2026-08-22 04:36:15,88
ssl_sha1,dce637479f61ac7c43c869dcce6b6a050ee29917,sslbl,ACRStealer C&C,"sslbl,2026-08-12",2026-08-12 12:42:52,2026-08-22 04:36:15,88
ssl_sha1,dcf9b87b04998fde1fa03e83bfb8fec67ab1e1e1,sslbl,ConnectWise C&C,"sslbl,2026-08-04",2026-08-04 07:49:13,2026-08-22 04:36:15,88
ssl_sha1,dd3ba97127142419e80ef9ae606bec55ca8500fd,sslbl,OffLoader C&C,"sslbl,2026-06-23",2026-06-23 19:10:53,2026-08-22 04:36:15,88
ssl_sha1,dd7323e5437c503d3b0f4bc1d268dfffd58b80ab,sslbl,Malware C&C,"sslbl,2026-08-11",2026-08-11 12:42:27,2026-08-22 04:36:15,88
ssl_sha1,dd95dacb4419bad92d3d39fa274af4acc1cb6988,sslbl,ConnectWise C&C,"sslbl,2026-08-04",2026-08-04 07:49:13,2026-08-22 04:36:15,88
ssl_sha1,de7567aa2ce367cb0915ffd8eb55b1e320e726c9,sslbl,PureLogsStealer C&C,"sslbl,2026-08-21",2026-08-21 16:09:28,2026-08-22 04:36:15,88
ssl_sha1,de7a6af567763e1b73a97ed52a1b2166807d8ffc,sslbl,ConnectWise C&C,"sslbl,2026-07-23",2026-07-23 18:30:39,2026-08-22 04:36:15,88
ssl_sha1,ded1fe95801f3c3fd8a1c73360fbaef6697bcf34,sslbl,Malware distribution,"sslbl,2026-08-05",2026-08-05 12:42:46,2026-08-22 04:36:15,88
ssl_sha1,df82e74fbb5bc5ae778b1cc4012b097f1f9a133d,sslbl,PureRAT C&C,"sslbl,2026-07-13",2026-07-13 20:25:50,2026-08-22 04:36:15,88
ssl_sha1,dfd7771557bfbcabd336850d680aab9ec5ea2c3a,sslbl,PureHVNC C&C,"sslbl,2026-06-24",2026-06-24 19:11:03,2026-08-22 04:36:15,88
ssl_sha1,dfde6725130631a83b3d0dc221736bad3db16918,sslbl,OffLoader C&C,"sslbl,2026-08-14",2026-08-14 08:13:11,2026-08-22 04:36:15,88
ssl_sha1,dfefdeb13f78e83fe980b5f8cea29436df4d7ade,sslbl,SheetRAT C&C,"sslbl,2026-07-16",2026-07-16 17:20:54,2026-08-22 04:36:15,88
ssl_sha1,e047a0eefddb594af79bfff22f28a7148729b007,sslbl,Vidar C&C,"sslbl,2026-07-02",2026-07-02 14:36:15,2026-08-22 04:36:15,88
ssl_sha1,e05145a93b7b5def1ca6c0e356cc4cdba3cbed9f,sslbl,Vidar C&C,"sslbl,2026-07-21",2026-07-21 17:20:42,2026-08-22 04:36:15,88
ssl_sha1,e0ffdffb5d9bf9216ea5e70d4fe2bae919f5a6ca,sslbl,OffLoader C&C,"sslbl,2026-08-20",2026-08-20 16:06:17,2026-08-22 04:36:15,88
ssl_sha1,e11c9cfa144ec7da0f1b77838fd02cfb7e897eaa,sslbl,Vidar C&C,"sslbl,2026-08-11",2026-08-11 12:42:27,2026-08-22 04:36:15,88
ssl_sha1,e14da247abd27ab816d07e94f012ba4a405ee77f,sslbl,Vidar C&C,"sslbl,2026-06-23",2026-06-23 19:10:53,2026-08-22 04:36:15,88
ssl_sha1,e15c7bdeb747a9fff47c514a10229a2a59d1157d,sslbl,AnimateClipper C&C,"sslbl,2026-07-29",2026-07-29 17:37:13,2026-08-22 04:36:15,88
ssl_sha1,e1fadee899789d8e802b8b88dcf67e4cae82ccf1,sslbl,Vidar C&C,"sslbl,2026-08-20",2026-08-20 16:06:17,2026-08-22 04:36:15,88
ssl_sha1,e39fdf1800919f6dd77d89bcdbc0b1fe8a9352eb,sslbl,Vidar C&C,"sslbl,2026-08-18",2026-08-18 22:07:31,2026-08-22 04:36:15,88
ssl_sha1,e553bfd006337f4cb3a3acf5a681980d184b79e6,sslbl,Vidar C&C,"sslbl,2026-07-06",2026-07-06 14:36:57,2026-08-22 04:36:15,88
ssl_sha1,e61c2fca353a70e5eef94a7a6a0d72fa1fcd2df2,sslbl,Amadey C&C,"sslbl,2026-08-10",2026-08-10 12:42:40,2026-08-22 04:36:15,88
ssl_sha1,e63b53c2c26b9bff8f20e018efe7c166ec3c4acd,sslbl,ConnectWise C&C,"sslbl,2026-08-07",2026-08-07 12:43:25,2026-08-22 04:36:15,88
ssl_sha1,e6b44935f6416b11d4ec5d51bbcae9e6f2ab5ce7,sslbl,OffLoader C&C,"sslbl,2026-08-08",2026-08-09 00:42:39,2026-08-22 04:36:15,88
ssl_sha1,e6cc4eebe2d73c7174be4be73bc00d4642122ac4,sslbl,ACRStealer C&C,"sslbl,2026-07-27",2026-07-27 17:35:21,2026-08-22 04:36:15,88
ssl_sha1,e86cb30b97c8af13b305fa5cdc7357e23f633447,sslbl,AsyncRAT C&C,"sslbl,2026-07-16",2026-07-16 17:20:54,2026-08-22 04:36:15,88
ssl_sha1,e953a8c7f135a5b8867b9dfcfc2a1b402f1e289e,sslbl,PureLogsStealer C&C,"sslbl,2026-08-13",2026-08-13 20:13:53,2026-08-22 04:36:15,88
ssl_sha1,eafc3f83c41b3f46b7574d34b9812cbb35beda3b,sslbl,ConnectWise C&C,"sslbl,2026-06-24",2026-06-24 19:11:03,2026-08-22 04:36:15,88
ssl_sha1,eb8e9c5b1aa45b3d4ca6b05695a50aea57f7f56e,sslbl,PureLogsStealer C&C,"sslbl,2026-07-14",2026-07-14 19:40:35,2026-08-22 04:36:15,88
ssl_sha1,ec452c3c30499a1a6983877a2d881c1a8f2955ea,sslbl,Vidar C&C,"sslbl,2026-07-06",2026-07-06 14:36:57,2026-08-22 04:36:15,88
ssl_sha1,ec70fdbbd715a57474807302b27f3eb124b05049,sslbl,Vidar C&C,"sslbl,2026-08-12",2026-08-12 12:42:52,2026-08-22 04:36:15,88
ssl_sha1,ecae976f3eabcaad996e0a431d47bcead61dfb5e,sslbl,RatonRAT C&C,"sslbl,2026-08-21",2026-08-21 16:09:28,2026-08-22 04:36:15,88
ssl_sha1,ecb3aee37c800e726dc0c52a11ea76718bd3e767,sslbl,RCSBotnet C&C,"sslbl,2026-07-06",2026-07-06 14:36:57,2026-08-22 04:36:15,88
ssl_sha1,ece1b6bdc8e62d35188aab274bdb0be28d84c43f,sslbl,QuasarRAT C&C,"sslbl,2026-08-06",2026-08-07 00:43:03,2026-08-22 04:36:15,88
ssl_sha1,ed0d4b2a9c090b6af6c99fd5b899831da206d835,sslbl,Vidar C&C,"sslbl,2026-07-30",2026-07-31 05:35:34,2026-08-22 04:36:15,88
ssl_sha1,edbd45e54859ad7082efb79465ba938bb2581132,sslbl,OffLoader C&C,"sslbl,2026-08-18",2026-08-18 22:07:31,2026-08-22 04:36:15,88
ssl_sha1,ee36218aaa01a8d8f352e02bc851092fbcf1f1a2,sslbl,Vidar C&C,"sslbl,2026-07-11",2026-07-11 08:25:58,2026-08-22 04:36:15,88
ssl_sha1,ef74c5ab92e15e7226ba84cce3a45522c74ba902,sslbl,PureLogsStealer C&C,"sslbl,2026-08-06",2026-08-06 12:43:05,2026-08-22 04:36:15,88
ssl_sha1,ef771150284da548676c603f5a4e1cd2763fd27f,sslbl,PureLogsStealer C&C,"sslbl,2026-08-04",2026-08-04 07:49:13,2026-08-22 04:36:15,88
ssl_sha1,f351f7dbe9c583f75758b39cd307f5359d110c73,sslbl,AsyncRAT C&C,"sslbl,2026-08-18",2026-08-18 22:07:31,2026-08-22 04:36:15,88
ssl_sha1,f3a38c4fa9a59b250a0a2d351af061fce6a21995,sslbl,ConnectWise C&C,"sslbl,2026-08-11",2026-08-11 12:42:27,2026-08-22 04:36:15,88
ssl_sha1,f3ba11a6cb8be921ee0fbd326de9a66220bcc82f,sslbl,Vidar C&C,"sslbl,2026-08-15",2026-08-15 20:13:12,2026-08-22 04:36:15,88
ssl_sha1,f50e245dc1e4a89d6cf5e07e31ae1392a3f9ad20,sslbl,AsyncRAT C&C,"sslbl,2026-08-14",2026-08-14 08:13:11,2026-08-22 04:36:15,88
ssl_sha1,f52ace7c91f1ad88a78ea62eab06e000e2f88f16,sslbl,PureRAT C&C,"sslbl,2026-08-20",2026-08-20 16:06:17,2026-08-22 04:36:15,88
ssl_sha1,f5c8ee530b1fd817432a4bafad12126d1ae744d4,sslbl,PureLogsStealer C&C,"sslbl,2026-08-04",2026-08-05 12:42:46,2026-08-22 04:36:15,88
ssl_sha1,f640a628ef141a8171e5b2303f89b4c4daa591ec,sslbl,ConnectWise C&C,"sslbl,2026-06-24",2026-06-24 19:11:03,2026-08-22 04:36:15,88
ssl_sha1,f64cde665218b5b87ca3413a068864247c237b95,sslbl,Vidar C&C,"sslbl,2026-06-24",2026-06-24 19:11:03,2026-08-22 04:36:15,88
ssl_sha1,f9a55e7a59b0fcbd7df9f5a445475480368598ce,sslbl,PureLogsStealer C&C,"sslbl,2026-07-17",2026-07-17 17:21:06,2026-08-22 04:36:15,88
ssl_sha1,fa1ffe8c35c3aab0195800f52cf831125eeb4698,sslbl,OffLoader C&C,"sslbl,2026-06-25",2026-06-25 17:27:22,2026-08-22 04:36:15,88
ssl_sha1,fa2f278d16337931408552d5d7a0b75b229f8f31,sslbl,ACRStealer C&C,"sslbl,2026-06-24",2026-06-24 19:11:03,2026-08-22 04:36:15,88
ssl_sha1,fa62c7ce7b7ec943d8853832560bc5a386aaf17e,sslbl,HypeAgent C&C,"sslbl,2026-08-18",2026-08-18 10:07:25,2026-08-22 04:36:15,88
ssl_sha1,fa925f013a4c8ed98cda12d1d8f06ef638b11301,sslbl,PureRAT C&C,"sslbl,2026-07-03",2026-07-03 14:36:09,2026-08-22 04:36:15,88
ssl_sha1,fa9ce5456e315652b1373bf913ac45ae7bb4358a,sslbl,Vidar C&C,"sslbl,2026-08-12",2026-08-12 12:42:52,2026-08-22 04:36:15,88
ssl_sha1,faef3e27e526f960dcf92e0865f82081ecbfbe2d,sslbl,PureRAT C&C,"sslbl,2026-07-06",2026-07-06 14:36:57,2026-08-22 04:36:15,88
ssl_sha1,fb23354c98647902b717bbcc68657256a5dddd37,sslbl,ACRStealer C&C,"sslbl,2026-08-19",2026-08-19 16:06:13,2026-08-22 04:36:15,88
ssl_sha1,fbb234bb7df601783c1d25be2a386c9ab5d45e41,sslbl,OffLoader C&C,"sslbl,2026-06-23",2026-06-23 19:10:53,2026-08-22 04:36:15,88
ssl_sha1,fc5d9dddb01c263a67e7c485e04277afa82fbabf,sslbl,Vidar C&C,"sslbl,2026-08-17",2026-08-17 08:13:04,2026-08-22 04:36:15,88
ssl_sha1,fca24c810592604f11de7dc12dc790c91cc118df,sslbl,ConnectWise C&C,"sslbl,2026-08-19",2026-08-19 16:06:13,2026-08-22 04:36:15,88
ssl_sha1,fd3af93a62968dfbe18556ec5dd6f9a208c5a294,sslbl,ConnectWise C&C,"sslbl,2026-07-14",2026-07-14 08:25:37,2026-08-22 04:36:15,88
ssl_sha1,fd6a25dcc16de5e9b0a4563f8d8c94a5941bf437,sslbl,ConnectWise C&C,"sslbl,2026-08-19",2026-08-19 16:06:13,2026-08-22 04:36:15,88
ssl_sha1,fe50e363165e3e8d789daf4dc378f50a70f35a8a,sslbl,Vidar C&C,"sslbl,2026-07-30",2026-07-31 05:35:34,2026-08-22 04:36:15,88
ssl_sha1,fe953073145cd029ffb7408e5161aace4e903c6d,sslbl,Vidar C&C,"sslbl,2026-07-02",2026-07-02 14:36:15,2026-08-22 04:36:15,88
ssl_sha1,ff4362ad98a2821b067bc4ae0624b7da832aad83,sslbl,OffLoader C&C,"sslbl,2026-08-19",2026-08-19 16:06:13,2026-08-22 04:36:15,88
ssl_sha1,ffa6be04fe2e9c6b79776dcfc7ad3f41a403a64d,sslbl,PureRAT C&C,"sslbl,2026-08-18",2026-08-18 22:07:31,2026-08-22 04:36:15,88
ssl_sha1,ffc71a7ba96b8801333ea2b9e7cd05d4cc2f718d,sslbl,Malware C&C,"sslbl,2026-08-11",2026-08-12 00:43:15,2026-08-22 04:36:15,88
url,http://103.172.221.97:35084/bin.sh,urlhaus,malware_download,"32-bit,elf,mips,Mozi",2026-08-22 04:00:06,2026-08-22 04:36:15,85
url,http://103.172.221.97:35084/i,urlhaus,malware_download,"32-bit,elf,mips,Mozi",2026-08-22 04:00:06,2026-08-22 04:36:15,85
url,http://105.158.197.238:53233/bin.sh,urlhaus,malware_download,Mozi,2026-08-22 04:00:06,2026-08-22 04:36:15,85
url,http://105.158.197.238:53233/i,urlhaus,malware_download,Mozi,2026-08-22 04:00:06,2026-08-22 04:36:15,85
url,http://110.38.0.239:35178/Mozi.m,threatfox,Mozi,"threatfox,elf,iot,Mozi",2026-08-21 16:09:29,2026-08-22 04:36:15,85
url,http://110.38.2.86:48915/Mozi.m,threatfox,Mozi,"threatfox,elf,iot,Mozi",2026-08-21 16:09:29,2026-08-22 04:36:15,85
url,http://112.123.98.99:33747/Mozi.a,threatfox,Mozi,"threatfox,elf,iot,Mozi",2026-08-21 16:09:29,2026-08-22 04:36:15,85
url,http://112.248.60.89:60712/i,urlhaus,malware_download,"32-bit,elf,mips,Mozi",2026-08-22 04:00:06,2026-08-22 04:36:15,85
url,http://113.221.25.94:37532/bin.sh,urlhaus,malware_download,"32-bit,arm,elf,mirai,Mozi",2026-08-22 04:00:06,2026-08-22 04:36:15,85
url,http://113.228.208.46:56903/Mozi.a,threatfox,Mozi,"threatfox,elf,iot,Mozi",2026-08-21 16:09:29,2026-08-22 04:36:15,85
url,http://113.228.208.46:56903/Mozi.a,urlhaus,malware_download,"elf,iot,Mozi",2026-08-21 16:02:05,2026-08-22 04:36:15,85
url,http://113.231.127.198:37040/i,urlhaus,malware_download,"32-bit,elf,mips,Mozi",2026-08-22 04:00:06,2026-08-22 04:36:15,85
url,http://114.228.132.133:38637/i,urlhaus,malware_download,"32-bit,arm,elf,Mozi",2026-08-22 04:00:06,2026-08-22 04:36:15,85
url,http://115.194.179.106:52016/bin.sh,urlhaus,malware_download,"32-bit,arm,elf,mirai,Mozi",2026-08-21 16:02:05,2026-08-22 04:36:15,85
url,http://115.194.179.106:52016/i,urlhaus,malware_download,"32-bit,arm,elf,mirai,Mozi",2026-08-21 16:02:05,2026-08-22 04:36:15,85
url,http://115.201.178.159:48639/i,urlhaus,malware_download,"32-bit,arm,elf,mirai,Mozi",2026-08-21 16:02:05,2026-08-22 04:36:15,85
url,http://115.49.210.219:38645/bin.sh,urlhaus,malware_download,"32-bit,elf,mips,Mozi",2026-08-22 04:00:06,2026-08-22 04:36:15,85
url,http://115.49.210.219:38645/i,urlhaus,malware_download,"32-bit,elf,mips,Mozi",2026-08-22 04:00:06,2026-08-22 04:36:15,85
url,http://115.49.64.122:48159/bin.sh,urlhaus,malware_download,"32-bit,elf,mips,Mozi",2026-08-22 04:00:06,2026-08-22 04:36:15,85
url,http://115.49.64.122:48159/i,urlhaus,malware_download,"32-bit,elf,mips,Mozi",2026-08-22 04:00:06,2026-08-22 04:36:15,85
url,http://115.54.128.38:41331/bin.sh,urlhaus,malware_download,"32-bit,elf,mips,Mozi",2026-08-22 04:00:06,2026-08-22 04:36:15,85
url,http://115.54.128.38:41331/i,urlhaus,malware_download,"32-bit,elf,mips,Mozi",2026-08-22 04:00:06,2026-08-22 04:36:15,85
url,http://116.138.108.78:35117/bin.sh,urlhaus,malware_download,"32-bit,elf,mips,Mozi",2026-08-22 04:00:06,2026-08-22 04:36:15,85
url,http://116.138.108.78:35117/i,urlhaus,malware_download,"32-bit,elf,mips,Mozi",2026-08-22 04:00:06,2026-08-22 04:36:15,85
url,http://117.26.82.102:41542/i,urlhaus,malware_download,"32-bit,arm,elf,mirai,Mozi",2026-08-21 16:02:05,2026-08-22 04:36:15,85
url,http://123.132.158.53:41696/bin.sh,urlhaus,malware_download,"32-bit,elf,mips,Mozi",2026-08-22 04:00:06,2026-08-22 04:36:15,85
url,http://123.132.158.53:41696/i,urlhaus,malware_download,"32-bit,elf,mips,Mozi",2026-08-22 04:00:06,2026-08-22 04:36:15,85
url,http://123.189.148.227:50140/bin.sh,urlhaus,malware_download,"32-bit,elf,mips,Mozi",2026-08-22 04:00:06,2026-08-22 04:36:15,85
url,http://123.189.148.227:50140/i,urlhaus,malware_download,"32-bit,elf,mips,Mozi",2026-08-22 04:00:06,2026-08-22 04:36:15,85
url,http://123.7.223.208:48157/bin.sh,urlhaus,malware_download,"32-bit,elf,mips,Mozi",2026-08-22 04:00:06,2026-08-22 04:36:15,85
url,http://123.7.223.208:48157/i,urlhaus,malware_download,"32-bit,elf,mips,Mozi",2026-08-22 04:00:06,2026-08-22 04:36:15,85
url,http://123.8.162.45:59164/bin.sh,urlhaus,malware_download,Mozi,2026-08-22 04:00:06,2026-08-22 04:36:15,85
url,http://123.8.30.116:41163/bin.sh,urlhaus,malware_download,"32-bit,elf,mips,Mozi",2026-08-22 04:00:06,2026-08-22 04:36:15,85
url,http://123.8.30.116:41163/i,urlhaus,malware_download,"32-bit,elf,mips,Mozi",2026-08-22 04:00:06,2026-08-22 04:36:15,85
url,http://124.131.166.85:34514/bin.sh,urlhaus,malware_download,"32-bit,elf,mips,Mozi",2026-08-22 04:00:06,2026-08-22 04:36:15,85
url,http://124.131.166.85:34514/i,urlhaus,malware_download,"32-bit,elf,mips,Mozi",2026-08-22 04:00:06,2026-08-22 04:36:15,85
url,http://125.112.59.91:60395/bin.sh,urlhaus,malware_download,"32-bit,arm,elf,mirai,Mozi",2026-08-21 16:02:05,2026-08-22 04:36:15,85
url,http://125.112.59.91:60395/i,urlhaus,malware_download,"32-bit,arm,elf,mirai,Mozi",2026-08-22 04:00:06,2026-08-22 04:36:15,85
url,http://125.42.237.221:39602/i,urlhaus,malware_download,"32-bit,elf,mips,Mozi",2026-08-21 16:02:05,2026-08-22 04:36:15,85
url,http://125.44.18.27:46218/Mozi.m,threatfox,Mozi,"threatfox,elf,iot,Mozi",2026-08-21 16:09:29,2026-08-22 04:36:15,85
url,http://125.46.213.70:33401/bin.sh,urlhaus,malware_download,"32-bit,arm,elf,mirai,Mozi",2026-08-22 04:00:06,2026-08-22 04:36:15,85
url,http://153.117.38.146:46962/Mozi.a,threatfox,Mozi,"threatfox,elf,iot,Mozi",2026-08-21 16:09:29,2026-08-22 04:36:15,85
url,http://153.117.40.47:46730/Mozi.a,threatfox,Mozi,"threatfox,elf,iot,Mozi",2026-08-21 16:09:29,2026-08-22 04:36:15,85
url,http://160.30.142.218:57634/Mozi.m,threatfox,Mozi,"threatfox,elf,iot,Mozi",2026-08-21 16:09:29,2026-08-22 04:36:15,85
url,http://163.142.87.19:46712/bin.sh,urlhaus,malware_download,"32-bit,elf,mips,Mozi",2026-08-21 16:02:05,2026-08-22 04:36:15,85
url,http://163.142.93.152:51284/i,urlhaus,malware_download,"32-bit,elf,mips,Mozi",2026-08-22 04:00:06,2026-08-22 04:36:15,85
url,http://163.142.94.45:36545/bin.sh,urlhaus,malware_download,"32-bit,elf,mips,Mozi",2026-08-22 04:00:06,2026-08-22 04:36:15,85
url,http://175.147.243.79:60816/i,urlhaus,malware_download,"32-bit,elf,mips,Mozi",2026-08-22 04:00:06,2026-08-22 04:36:15,85
url,http://175.150.177.126:57685/i,urlhaus,malware_download,,2026-08-22 04:00:06,2026-08-22 04:36:15,85
url,http://175.173.60.37:49335/i,urlhaus,malware_download,"32-bit,elf,mips,Mozi",2026-08-22 04:00:06,2026-08-22 04:36:15,85
url,http://179.108.90.55:37440/bin.sh,urlhaus,malware_download,"32-bit,arm,elf,mirai,Mozi",2026-08-22 04:00:06,2026-08-22 04:36:15,85
url,http://179.108.90.55:37440/i,urlhaus,malware_download,"32-bit,arm,elf,mirai,Mozi",2026-08-22 04:00:06,2026-08-22 04:36:15,85
url,http://182.114.199.146:39260/i,urlhaus,malware_download,"32-bit,elf,mips,Mozi",2026-08-22 04:00:06,2026-08-22 04:36:15,85
url,http://182.116.20.77:59128/bin.sh,urlhaus,malware_download,"32-bit,elf,mips,Mozi",2026-08-22 04:00:06,2026-08-22 04:36:15,85
url,http://182.116.20.77:59128/i,urlhaus,malware_download,"32-bit,elf,mips,Mozi",2026-08-22 04:00:06,2026-08-22 04:36:15,85
url,http://182.116.51.119:37449/bin.sh,urlhaus,malware_download,"32-bit,elf,mips,Mozi",2026-08-22 04:00:06,2026-08-22 04:36:15,85
url,http://182.116.51.119:37449/i,urlhaus,malware_download,"32-bit,elf,mips,Mozi",2026-08-22 04:00:06,2026-08-22 04:36:15,85
url,http://182.119.205.237:56896/bin.sh,urlhaus,malware_download,Mozi,2026-08-22 04:00:06,2026-08-22 04:36:15,85
url,http://182.119.205.237:56896/i,urlhaus,malware_download,Mozi,2026-08-22 04:00:06,2026-08-22 04:36:15,85
url,http://182.119.227.126:60165/i,urlhaus,malware_download,"32-bit,elf,mips,Mozi",2026-08-22 04:00:06,2026-08-22 04:36:15,85
url,http://182.120.163.131:49762/i,urlhaus,malware_download,"32-bit,elf,mips,Mozi",2026-08-22 04:00:06,2026-08-22 04:36:15,85
url,http://202.47.57.186:45676/Mozi.m,threatfox,Mozi,"threatfox,elf,iot,Mozi",2026-08-21 16:09:29,2026-08-22 04:36:15,85
url,http://202.70.139.165:37412/Mozi.a,threatfox,Mozi,"threatfox,elf,iot,Mozi",2026-08-21 16:09:29,2026-08-22 04:36:15,85
url,http://220.192.234.145:55381/bin.sh,urlhaus,malware_download,"32-bit,elf,mips,Mozi",2026-08-22 04:00:06,2026-08-22 04:36:15,85
url,http://220.192.234.145:55381/i,urlhaus,malware_download,"32-bit,elf,mips,Mozi",2026-08-22 04:00:06,2026-08-22 04:36:15,85
url,http://221.15.214.165:40665/i,urlhaus,malware_download,Mozi,2026-08-22 04:00:06,2026-08-22 04:36:15,85
url,http://222.136.52.188:32973/i,urlhaus,malware_download,Mozi,2026-08-22 04:00:06,2026-08-22 04:36:15,85
url,http://222.138.117.213:54917/bin.sh,urlhaus,malware_download,Mozi,2026-08-22 04:00:06,2026-08-22 04:36:15,85
url,http://222.138.117.213:54917/i,urlhaus,malware_download,"32-bit,elf,mips,Mozi",2026-08-22 04:00:06,2026-08-22 04:36:15,85
url,http://222.142.244.196:59371/bin.sh,urlhaus,malware_download,"32-bit,elf,mips,Mozi",2026-08-21 16:02:05,2026-08-22 04:36:15,85
url,http://222.142.244.196:59371/i,urlhaus,malware_download,"32-bit,elf,mips,Mozi",2026-08-21 16:02:05,2026-08-22 04:36:15,85
url,http://222.223.152.97:800/lilin.sh,urlhaus,malware_download,"sh,ua-wget",2026-08-22 04:00:06,2026-08-22 04:36:15,85
url,http://222.223.152.97:800/m.armv4l,urlhaus,malware_download,"arm,elf,ua-wget",2026-08-22 04:00:06,2026-08-22 04:36:15,85
url,http://222.223.152.97:800/m.armv5l,urlhaus,malware_download,"arm,elf,ua-wget",2026-08-22 04:00:06,2026-08-22 04:36:15,85
url,http://222.223.152.97:800/m.armv6l,urlhaus,malware_download,"arm,elf,ua-wget",2026-08-22 04:00:06,2026-08-22 04:36:15,85
url,http://222.223.152.97:800/m.armv7l,urlhaus,malware_download,"arm,elf,ua-wget",2026-08-22 04:00:06,2026-08-22 04:36:15,85
url,http://222.223.152.97:800/m.i486,urlhaus,malware_download,"elf,ua-wget,x86",2026-08-22 04:00:06,2026-08-22 04:36:15,85
url,http://222.223.152.97:800/m.i586,urlhaus,malware_download,"elf,ua-wget,x86",2026-08-22 04:00:06,2026-08-22 04:36:15,85
url,http://222.223.152.97:800/m.i686,urlhaus,malware_download,"elf,ua-wget,x86",2026-08-22 04:00:06,2026-08-22 04:36:15,85
url,http://222.223.152.97:800/m.mips,urlhaus,malware_download,"elf,mips,ua-wget",2026-08-22 04:00:06,2026-08-22 04:36:15,85
url,http://222.223.152.97:800/m.mipsel,urlhaus,malware_download,"elf,mips,ua-wget",2026-08-22 04:00:06,2026-08-22 04:36:15,85
url,http://222.223.152.97:800/m.powerpc,urlhaus,malware_download,"elf,PowerPC,ua-wget",2026-08-22 04:00:06,2026-08-22 04:36:15,85
url,http://222.223.152.97:800/m.x86_64,urlhaus,malware_download,"elf,ua-wget,x86",2026-08-22 04:00:06,2026-08-22 04:36:15,85
url,http://222.223.152.97:800/wget.sh,urlhaus,malware_download,"sh,ua-wget",2026-08-22 04:00:06,2026-08-22 04:36:15,85
url,http://31.4.254.241:52598/bin.sh,urlhaus,malware_download,"32-bit,elf,mips,Mozi",2026-08-21 16:02:05,2026-08-22 04:36:15,85
url,http://39.34.140.102:40567/Mozi.a,threatfox,Mozi,"threatfox,elf,iot,Mozi",2026-08-21 16:09:29,2026-08-22 04:36:15,85
url,http://39.61.46.143:53645/bin.sh,urlhaus,malware_download,"32-bit,elf,mips,Mozi",2026-08-21 16:02:05,2026-08-22 04:36:15,85
url,http://42.177.103.199:46495/bin.sh,urlhaus,malware_download,"32-bit,elf,mips,Mozi",2026-08-22 04:00:06,2026-08-22 04:36:15,85
url,http://42.177.103.199:46495/i,urlhaus,malware_download,"32-bit,elf,mips,Mozi",2026-08-22 04:00:06,2026-08-22 04:36:15,85
url,http://42.225.15.213:35530/i,urlhaus,malware_download,"32-bit,elf,mips,Mozi",2026-08-22 04:00:06,2026-08-22 04:36:15,85
url,http://42.235.183.167:47451/i,urlhaus,malware_download,Mozi,2026-08-22 04:00:06,2026-08-22 04:36:15,85
url,http://42.4.17.29:54916/i,urlhaus,malware_download,"32-bit,elf,mips,Mozi",2026-08-22 04:00:06,2026-08-22 04:36:15,85
url,http://42.59.235.202:51478/i,urlhaus,malware_download,,2026-08-21 16:02:05,2026-08-22 04:36:15,85
url,http://45.150.195.235/tarm,threatfox,Unknown malware,"threatfox,honeypot",2026-08-21 16:09:29,2026-08-22 04:36:15,85
url,http://45.150.195.235/tarm5,threatfox,Unknown malware,"threatfox,honeypot",2026-08-21 16:09:29,2026-08-22 04:36:15,85
url,http://45.150.195.235/tarm6,threatfox,Unknown malware,"threatfox,honeypot",2026-08-21 16:09:29,2026-08-22 04:36:15,85
url,http://45.150.195.235/tarm7,threatfox,Unknown malware,"threatfox,honeypot",2026-08-21 16:09:29,2026-08-22 04:36:15,85
url,http://45.150.195.235/tmips,threatfox,Unknown malware,"threatfox,honeypot",2026-08-21 16:09:29,2026-08-22 04:36:15,85
url,http://45.150.195.235/tmpsl,threatfox,Unknown malware,"threatfox,honeypot",2026-08-21 16:09:29,2026-08-22 04:36:15,85
url,http://46.227.184.199:36141/Mozi.m,threatfox,Mozi,"threatfox,elf,iot,Mozi",2026-08-21 16:09:29,2026-08-22 04:36:15,85
url,http://46.236.65.230:33052/bin.sh,urlhaus,malware_download,"32-bit,elf,mips,Mozi",2026-08-21 16:02:05,2026-08-22 04:36:15,85
url,http://46.236.65.230:33052/i,urlhaus,malware_download,"32-bit,elf,mips,Mozi",2026-08-21 16:02:05,2026-08-22 04:36:15,85
url,http://58.208.16.203:3588/bin.sh,urlhaus,malware_download,,2026-08-22 04:00:06,2026-08-22 04:36:15,85
url,http://58.208.16.203:3588/i,urlhaus,malware_download,,2026-08-22 04:00:06,2026-08-22 04:36:15,85
url,http://59.180.144.211:51836/bin.sh,urlhaus,malware_download,Mozi,2026-08-21 16:02:05,2026-08-22 04:36:15,85
url,http://61.137.251.126:60468/bin.sh,urlhaus,malware_download,"32-bit,elf,mips,Mozi",2026-08-21 16:02:05,2026-08-22 04:36:15,85
url,http://61.137.251.126:60468/i,urlhaus,malware_download,"32-bit,elf,mips,Mozi",2026-08-21 16:02:05,2026-08-22 04:36:15,85
url,http://61.52.158.83:45555/bin.sh,urlhaus,malware_download,"32-bit,elf,mips,Mozi",2026-08-21 16:02:05,2026-08-22 04:36:15,85
url,http://61.52.158.83:45555/i,urlhaus,malware_download,"32-bit,elf,mips,Mozi",2026-08-21 16:02:05,2026-08-22 04:36:15,85
url,http://61.54.190.223:33351/i,urlhaus,malware_download,"32-bit,elf,mips,Mozi",2026-08-22 04:00:06,2026-08-22 04:36:15,85
url,http://62.60.226.140/files/6680549914/ENKpzg6.exe,urlhaus,malware_download,"d52f85,dropped-by-amadey",2026-08-22 04:00:06,2026-08-22 04:36:15,85
url,http://62.60.226.140/files/7154708060/EcHFKBJ.exe,urlhaus,malware_download,"d52f85,dropped-by-amadey",2026-08-22 04:00:06,2026-08-22 04:36:15,85
url,http://68.168.20.218:18081/f8YlUiZDcEOZ,urlhaus,malware_download,"elf,mirai,ua-wget,x86",2026-08-21 16:02:05,2026-08-22 04:36:15,85
url,http://85.15.117.156:37936/bin.sh,urlhaus,malware_download,"32-bit,elf,mips,Mozi",2026-08-22 04:00:06,2026-08-22 04:36:15,85
url,http://85.15.117.156:37936/i,urlhaus,malware_download,"32-bit,elf,mips,Mozi",2026-08-22 04:00:06,2026-08-22 04:36:15,85
url,http://91.92.242.236/files-129312398/files/file_47648acbd9943ebf.exe,urlhaus,malware_download,"54e64e,dropped-by-amadey",2026-08-22 04:00:06,2026-08-22 04:36:15,85
url,http://gsagasgash.duckdns.org/eternalpacketProcessordefaulttrack.php,threatfox,DCRat,"threatfox,DCRat,RAT",2026-08-21 16:09:29,2026-08-22 04:36:15,85
url,http://kupzovo.shop:7567/comments,threatfox,Remus,"threatfox,remus",2026-08-22 04:07:56,2026-08-22 04:36:15,85
url,http://kupzovo.shop:7567/payments,threatfox,Remus,"threatfox,remus",2026-08-22 04:07:56,2026-08-22 04:36:15,85
url,http://kupzovo.shop:7567/tags,threatfox,Remus,"threatfox,remus",2026-08-22 04:07:56,2026-08-22 04:36:15,85
url,http://none/comments,threatfox,Remus,"threatfox,remus",2026-08-21 16:09:29,2026-08-22 04:36:15,85
url,http://spareon.click:8811/categories,threatfox,Remus,"threatfox,remus",2026-08-22 04:07:56,2026-08-22 04:36:15,85
url,http://spareon.click:8811/transactions,threatfox,Remus,"threatfox,remus",2026-08-22 04:07:56,2026-08-22 04:36:15,85
url,http://vexdico.shop:8539/videos,threatfox,Remus,"threatfox,remus",2026-08-22 04:07:56,2026-08-22 04:36:15,85
url,http://xightne.click:7242/addresses,threatfox,Remus,"threatfox,remus",2026-08-22 04:07:56,2026-08-22 04:36:15,85
url,http://xightne.click:7242/categories,threatfox,Remus,"threatfox,remus",2026-08-21 16:09:29,2026-08-22 04:36:15,85
url,http://zakuiru.shop:9048/comments,threatfox,Remus,"threatfox,remus",2026-08-22 04:07:56,2026-08-22 04:36:15,85
url,http://zakuiru.shop:9048/documents,threatfox,Remus,"threatfox,remus",2026-08-21 04:06:10,2026-08-22 04:36:15,85
url,http://zakuiru.shop:9048/images,threatfox,Remus,"threatfox,remus",2026-08-22 04:07:56,2026-08-22 04:36:15,85
url,http://zakuiru.shop:9048/messages,threatfox,Remus,"threatfox,remus",2026-08-22 04:07:56,2026-08-22 04:36:15,85
url,http://zakuiru.shop:9048/reviews,threatfox,Remus,"threatfox,remus",2026-08-21 16:09:29,2026-08-22 04:36:15,85
url,http://zakuiru.shop:9048/tokens,threatfox,Remus,"threatfox,remus",2026-08-22 04:07:56,2026-08-22 04:36:15,85
url,http://zakuiru.shop:9048/transactions,threatfox,Remus,"threatfox,remus",2026-08-21 04:06:10,2026-08-22 04:36:15,85
url,https://193-233-126-53.sslip.io/d3f8a142c9/verification.sct,threatfox,Unknown malware,"threatfox,ClearFake,ClickFix,EtherHiding",2026-08-21 16:09:29,2026-08-22 04:36:15,85
url,https://akmuniverstall.top/backend/api/app.php,threatfox,Unknown malware,"threatfox,OnyxC2",2026-08-21 16:09:29,2026-08-22 04:36:15,85
url,https://apartments-review261634860.sbs/,threatfox,Unknown malware,"threatfox,ClickFix",2026-08-21 04:06:10,2026-08-22 04:36:15,85
url,https://bib.1001gacor.org/,threatfox,Vidar,"threatfox,Vidar",2026-08-21 16:09:29,2026-08-22 04:36:15,85
url,https://brr.1001gacor.org/,threatfox,Vidar,"threatfox,Vidar",2026-08-21 16:09:29,2026-08-22 04:36:15,85
url,https://busshi.moe/@sam0al,threatfox,Vidar,"threatfox,vidar",2026-08-22 04:07:56,2026-08-22 04:36:15,85
url,https://carpet-sail.com/n3s9c2a,threatfox,ClearFake,"threatfox,ClearFake,ClickFix,EtherHiding",2026-08-21 16:09:29,2026-08-22 04:36:15,85
url,https://cdn.jsdelivr.net/gh/Max-856/crocs/fulls,threatfox,ClearFake,"threatfox,ClearFake",2026-08-21 16:09:29,2026-08-22 04:36:15,85
url,https://cdn.jsdelivr.net/gh/Max-856/treem/luda,threatfox,ClearFake,"threatfox,ClearFake",2026-08-21 16:09:29,2026-08-22 04:36:15,85
url,https://cdn.jsdelivr.net/gh/marye4562/drown/silenced,threatfox,ClearFake,"threatfox,ClearFake",2026-08-22 04:07:56,2026-08-22 04:36:15,85
url,https://cdn.jsdelivr.net/gh/marye4562/trimester/implosive,threatfox,ClearFake,"threatfox,ClearFake",2026-08-21 16:09:29,2026-08-22 04:36:15,85
url,https://cdn.jsdelivr.net/gh/roadvillnet/fred/iren,threatfox,ClearFake,"threatfox,ClearFake",2026-08-21 16:09:29,2026-08-22 04:36:15,85
url,https://chief-ignite.pro/n3s9c2a,threatfox,ClearFake,"threatfox,ClearFake,ClickFix,EtherHiding",2026-08-21 16:09:29,2026-08-22 04:36:15,85
url,https://dez.11gokil.org/,threatfox,Vidar,"threatfox,vidar",2026-08-21 16:09:29,2026-08-22 04:36:15,85
url,https://faceit-verification.help/,threatfox,Unknown malware,"threatfox,ClickFix",2026-08-21 16:09:29,2026-08-22 04:36:15,85
url,https://fashion-chicken.com/n3s9c2a,threatfox,ClearFake,"threatfox,ClearFake,ClickFix,EtherHiding",2026-08-21 16:09:29,2026-08-22 04:36:15,85
url,https://forecast-chaos.com/n3s9c2a,threatfox,ClearFake,"threatfox,ClearFake,ClickFix,EtherHiding",2026-08-21 16:09:29,2026-08-22 04:36:15,85
url,https://ges.1001gacor.org/,threatfox,Vidar,"threatfox,Vidar",2026-08-21 16:09:29,2026-08-22 04:36:15,85
url,https://github.com/CyberKayt/test_rpc/raw/refs/heads/main/driverapi.exe,threatfox,ClearFake,"threatfox,ClearFake,ClickFix,ErrTraffic,EtherHiding",2026-08-21 16:09:29,2026-08-22 04:36:15,85
url,https://hair-result.xyz/n3s9c2a,threatfox,ClearFake,"threatfox,ClearFake,ClickFix,EtherHiding",2026-08-21 16:09:29,2026-08-22 04:36:15,85
url,https://ieji.de/@sam7al,threatfox,Vidar,"threatfox,vidar",2026-08-22 04:07:56,2026-08-22 04:36:15,85
url,https://infodatalis.com,threatfox,ClearFake,"threatfox,ClearFake,ClickFix,EtherHiding",2026-08-21 16:09:29,2026-08-22 04:36:15,85
url,https://ket.1001gacor.org/,threatfox,Vidar,"threatfox,Vidar",2026-08-21 16:09:29,2026-08-22 04:36:15,85
url,https://kra.1001gacor.org/,threatfox,Vidar,"threatfox,Vidar",2026-08-21 16:09:29,2026-08-22 04:36:15,85
url,https://krem.mesoptik.com/v3/report,threatfox,TELEPUZ,"threatfox,TELEPUZ",2026-08-21 16:09:29,2026-08-22 04:36:15,85
url,https://krem.mesoptik.com/v3/telemetry,threatfox,TELEPUZ,"threatfox,TELEPUZ",2026-08-21 16:09:29,2026-08-22 04:36:15,85
url,https://krem.mesoptik.com/ws/stealer,threatfox,TELEPUZ,"threatfox,TELEPUZ",2026-08-21 16:09:29,2026-08-22 04:36:15,85
url,https://ksr-racingparts.com/,threatfox,Unknown malware,"threatfox,ClickFix",2026-08-21 04:06:10,2026-08-22 04:36:15,85
url,https://mon-blanc-04.cfd/installer.exe,urlhaus,malware_download,"974b6b4ed30ddaa4b6f4ec27976e52d8,dropped-by-remus,rustystealer",2026-08-22 04:00:06,2026-08-22 04:36:15,85
url,https://nhg.1001gacor.org/,threatfox,Vidar,"threatfox,Vidar",2026-08-21 16:09:29,2026-08-22 04:36:15,85
url,https://rblxgivex.com/,threatfox,Unknown malware,"threatfox,ClickFix",2026-08-21 04:06:10,2026-08-22 04:36:15,85
url,https://rex.1001gacor.org/,threatfox,Vidar,"threatfox,Vidar",2026-08-21 16:09:29,2026-08-22 04:36:15,85
url,https://root-cherry.com/n3s9c2a,threatfox,ClearFake,"threatfox,ClearFake,ClickFix,EtherHiding",2026-08-21 16:09:29,2026-08-22 04:36:15,85
url,https://rowanportico.global/identity/realm-xml.js,threatfox,SmartApeSG,"threatfox,SmartApeSG",2026-08-21 16:09:29,2026-08-22 04:36:15,85
url,https://seat-aviation.com/n3s9c2a,threatfox,ClearFake,"threatfox,ClearFake,ClickFix,EtherHiding",2026-08-21 16:09:29,2026-08-22 04:36:15,85
url,https://ses.1001gacor.org/,threatfox,Vidar,"threatfox,Vidar",2026-08-21 16:09:29,2026-08-22 04:36:15,85
url,https://siege-close.com/n3s9c2a,threatfox,ClearFake,"threatfox,ClearFake,ClickFix,EtherHiding",2026-08-21 16:09:29,2026-08-22 04:36:15,85
url,https://sii.11gokil.org/,threatfox,Vidar,"threatfox,Vidar",2026-08-21 16:09:29,2026-08-22 04:36:15,85
url,https://sii.sm188dnsx.top/,threatfox,Vidar,"threatfox,Vidar",2026-08-21 16:09:29,2026-08-22 04:36:15,85
url,https://sound-obstacle.com/n3s9c2a,threatfox,ClearFake,"threatfox,ClearFake,ClickFix,EtherHiding",2026-08-21 16:09:29,2026-08-22 04:36:15,85
url,https://soup-tone.pro/n3s9c2a,threatfox,ClearFake,"threatfox,ClearFake,ClickFix,EtherHiding",2026-08-21 16:09:29,2026-08-22 04:36:15,85
url,https://sto.1001gacor.org/,threatfox,Vidar,"threatfox,Vidar",2026-08-21 16:09:29,2026-08-22 04:36:15,85
url,https://t.me/m1duus,threatfox,Vidar,"threatfox,903ac24fcd9670b9ef2e674243d550d8,c2,loader,stealer,Vidar",2026-08-21 16:09:29,2026-08-22 04:36:15,85
url,https://tax.11gokil.org/,threatfox,Vidar,"threatfox,Vidar",2026-08-21 16:09:29,2026-08-22 04:36:15,85
url,https://tax.sm188dnsx.top/,threatfox,Vidar,"threatfox,Vidar",2026-08-21 16:09:29,2026-08-22 04:36:15,85
url,https://telemetryloop.net,threatfox,ClearFake,"threatfox,ClearFake,ClickFix,EtherHiding",2026-08-21 16:09:29,2026-08-22 04:36:15,85
url,https://threedrows.net/uploads/cl1786993325591.exe,urlhaus,malware_download,"6efb1e0ab361cda1dd534e37e543789c,dropped-by-remus",2026-08-22 04:00:06,2026-08-22 04:36:15,85
url,https://ukwearstore.org,threatfox,ClearFake,"threatfox,ClearFake,ClickFix,EtherHiding",2026-08-21 16:09:29,2026-08-22 04:36:15,85
url,https://www.accademiadeiromani.it/,threatfox,Unknown malware,"threatfox,ClickFix",2026-08-21 04:06:10,2026-08-22 04:36:15,85
url,https://www.rzrms.com/,threatfox,Unknown malware,"threatfox,ClickFix",2026-08-21 16:09:29,2026-08-22 04:36:15,85
url,https://www.tdvm4q.com/,threatfox,Unknown malware,"threatfox,ClickFix",2026-08-21 16:09:29,2026-08-22 04:36:15,85
url,https://zaf.11gokil.org/,threatfox,Vidar,"threatfox,Vidar",2026-08-21 16:09:29,2026-08-22 04:36:15,85
url,https://zaf.sm188dnsx.top/,threatfox,Vidar,"threatfox,Vidar",2026-08-21 16:09:29,2026-08-22 04:36:15,85
url,tftp://45.150.195.235:69/tarm,threatfox,Unknown malware,"threatfox,honeypot",2026-08-21 16:09:29,2026-08-22 04:36:15,85
domain,apartments-review261634860.sbs,threatfox,Unknown malware,"threatfox,ClickFix,compromised",2026-08-21 04:06:10,2026-08-21 16:46:04,85
domain,burn-burnblend.com,threatfox,ClearFake,"threatfox,20August2026,ClearFake,Commandline,MacOS",2026-08-21 04:06:10,2026-08-21 16:46:04,85
domain,echo-fre.com,threatfox,ClearFake,"threatfox,ClearFake",2026-08-21 04:06:10,2026-08-21 16:46:04,85
domain,i1i374tc.echo-fre.com,threatfox,ClearFake,"threatfox,ClearFake,mac-0x68dc,macos",2026-08-21 04:06:10,2026-08-21 16:46:04,85
domain,osuna.ch,threatfox,ClearFake,"threatfox,compromised,EtherHide",2026-08-21 04:06:10,2026-08-21 16:46:04,85
domain,scuolatao.ch,threatfox,ClearFake,"threatfox,compromised,EtherHide",2026-08-21 04:06:10,2026-08-21 16:46:04,85
domain,zlhmp377.burn-burnblend.com,threatfox,ClearFake,"threatfox,ClearFake,mac-0x0f14,macos",2026-08-21 04:06:10,2026-08-21 16:46:04,85
hash_md5,00953491eee7af297f89d632f05a3da5,malwarebazaar,ValleyRAT,"dll,RAT,ValleyRAT",2026-08-21 16:02:05,2026-08-21 16:46:04,85
hash_md5,02f5fd67e8e30683c3b39e415a90d822,malwarebazaar,Mirai,"elf,Mirai,upx-dec",2026-08-21 16:02:05,2026-08-21 16:46:04,85
hash_md5,03747017650ce8fa7e12829bc0ce9743,malwarebazaar,Mirai,"Mirai,upx",2026-08-21 16:02:05,2026-08-21 16:46:04,85
hash_md5,04e3a5e74513b7cc7eb540940299806e,malwarebazaar,exe,"exe,upx-dec",2026-08-21 16:02:05,2026-08-21 16:46:04,85
hash_md5,054ac454cee8e0e529efbf286b2699c4,malwarebazaar,elf,"elf,exe,whack.sh",2026-08-21 16:02:05,2026-08-21 16:46:04,85
hash_md5,05e113c7f4df8be4faaf2d1a89f32c1f,malwarebazaar,Mirai,elf,2026-08-21 16:02:05,2026-08-21 16:46:04,85
hash_md5,068434c092bfcb60360f842846ea6319,malwarebazaar,Mirai,"elf,exe,Mirai,whack.sh",2026-08-21 16:02:05,2026-08-21 16:46:04,85
hash_md5,06a93f272cf727393e956c3580ece8be,malwarebazaar,Mirai,elf,2026-08-21 16:02:05,2026-08-21 16:46:04,85
hash_md5,0895c4b7c97128e46fc300cf597a4c73,malwarebazaar,sh,sh,2026-08-21 16:02:05,2026-08-21 16:46:04,85
hash_md5,0d5eee05e1bb91c0e3f1116594ab131e,malwarebazaar,DDoSAgent,DDoSAgent,2026-08-21 16:02:05,2026-08-21 16:46:04,85
hash_md5,0d69cf5732f890f6a7f9d7ba327afbb3,malwarebazaar,exe,"ClickFix,exe",2026-08-21 16:02:05,2026-08-21 16:46:04,85
hash_md5,11b4d20422f61e7a5c683ce8fa4896ed,malwarebazaar,Mirai,elf,2026-08-21 16:02:05,2026-08-21 16:46:04,85
hash_md5,15069381a3c26c0b5e5eda12881bff33,malwarebazaar,DDoSAgent,DDoSAgent,2026-08-21 16:02:05,2026-08-21 16:46:04,85
hash_md5,17382150545bb82b808c83bdcddae8f1,malwarebazaar,DDoSAgent,DDoSAgent,2026-08-21 16:02:05,2026-08-21 16:46:04,85
hash_md5,1962408657914463a66f4d8d3d61b7c7,malwarebazaar,AsyncRAT,"AsyncRAT,exe",2026-08-21 16:02:05,2026-08-21 16:46:04,85
hash_md5,1a24321c2ee34cabd7b610da455ea11d,malwarebazaar,ConnectWise,"ConnectWise,signed",2026-08-21 16:02:05,2026-08-21 16:46:04,85
hash_md5,1a78505d7605df48e09c66464164f780,malwarebazaar,Mirai,"Mirai,upx",2026-08-21 16:02:05,2026-08-21 16:46:04,85
hash_md5,1d99abde05b9c63051713b822153c250,malwarebazaar,elf,elf,2026-08-21 16:02:05,2026-08-21 16:46:04,85
hash_md5,21577731b13a7852f6eac308c4364ca2,malwarebazaar,exe,"exe,whack.sh",2026-08-21 16:02:05,2026-08-21 16:46:04,85
hash_md5,21578b6067b2652816efbb42a9d56d22,malwarebazaar,Mirai,elf,2026-08-21 16:02:05,2026-08-21 16:46:04,85
hash_md5,28063bd8dfecb3ce10e598fda3f501f7,malwarebazaar,Mirai,"elf,exe,Mirai,whack.sh",2026-08-21 16:02:05,2026-08-21 16:46:04,85
hash_md5,28fba436f7c2bc2ab7165963c18ab909,malwarebazaar,ValleyRAT,"dll,RAT,ValleyRAT",2026-08-21 16:02:05,2026-08-21 16:46:04,85
hash_md5,2abf81759da652df2dee7858f82dec9d,malwarebazaar,sh,sh,2026-08-21 16:02:05,2026-08-21 16:46:04,85
hash_md5,2ed5761b0f5596ee75573a8cce7b769b,malwarebazaar,Mirai,Mirai,2026-08-21 16:02:05,2026-08-21 16:46:04,85
hash_md5,2f8d7e6567142ca28e6353e30000f310,malwarebazaar,Mirai,elf,2026-08-21 16:02:05,2026-08-21 16:46:04,85
hash_md5,3246b66480686168cc69d2be81024f0e,malwarebazaar,unknown,"ClickFix,Efimer",2026-08-21 16:02:05,2026-08-21 16:46:04,85
hash_md5,32bcff75191b48284e927db09b0a5fdc,malwarebazaar,DCRat,"DCRat,exe,RAT",2026-08-21 16:02:05,2026-08-21 16:46:04,85
hash_md5,334a794d5137ccab915a0baadbff1f24,malwarebazaar,elf,elf,2026-08-21 16:02:05,2026-08-21 16:46:04,85
hash_md5,344e193fea6c9601f60a952b2250d879,malwarebazaar,Mirai,elf,2026-08-21 16:02:05,2026-08-21 16:46:04,85
hash_md5,358757416854f7138aa8f45a5e24221f,malwarebazaar,Mirai,Mirai,2026-08-21 16:02:05,2026-08-21 16:46:04,85
hash_md5,35bd3596b18d0cf5c1313fc157c4b055,malwarebazaar,Mirai,Mirai,2026-08-21 16:02:05,2026-08-21 16:46:04,85
hash_md5,39143e970c054275ca7de5bba5214473,malwarebazaar,PureLogsStealer,"js,PureLogsStealer",2026-08-21 16:02:05,2026-08-21 16:46:04,85
hash_md5,398922cab3f17057e1f7370ab4c392bf,malwarebazaar,elf,elf,2026-08-21 16:02:05,2026-08-21 16:46:04,85
hash_md5,3aff2270ea9c98ac43629fb2ff227c73,malwarebazaar,Mirai,"elf,Mirai,upx-dec",2026-08-21 16:02:05,2026-08-21 16:46:04,85
hash_md5,3ccb5bd59c721ee633601969e1246a7c,malwarebazaar,Mirai,"Mirai,upx",2026-08-21 16:02:05,2026-08-21 16:46:04,85
hash_md5,3e3464b206c94a1e4b85ffa0fba34301,malwarebazaar,Mirai,elf,2026-08-21 16:02:05,2026-08-21 16:46:04,85
hash_md5,495c8c0a42a68abdaa1b206d2d70e4a2,malwarebazaar,Mirai,"elf,Mirai",2026-08-21 16:02:05,2026-08-21 16:46:04,85
hash_md5,4dd82726cbf16ccdd7fc5f12e788edff,malwarebazaar,Mirai,elf,2026-08-21 16:02:05,2026-08-21 16:46:04,85
hash_md5,4efe7afd4619a9a06ab8f1b36e5d909b,malwarebazaar,sh,sh,2026-08-21 16:02:05,2026-08-21 16:46:04,85
hash_md5,5380e9b758ebf56f00edd53c2a13aef5,malwarebazaar,RemusStealer,"exe,RemusStealer,signed",2026-08-21 16:02:05,2026-08-21 16:46:04,85
hash_md5,58ab824b14b2f31813afeea4caa5bd0d,malwarebazaar,exe,"exe,SilverFox,Trojan/SilverFox.bg[qtsc],ValleyRAT",2026-08-21 16:02:05,2026-08-21 16:46:04,85
hash_md5,590aafbb648c46595ec7753d73adf905,malwarebazaar,Mirai,"elf,Mirai,upx-dec",2026-08-21 16:02:05,2026-08-21 16:46:04,85
hash_md5,65aa6240ab638586c629982b6acef078,malwarebazaar,Mirai,elf,2026-08-21 16:02:05,2026-08-21 16:46:04,85
hash_md5,6c255ef0b62a23e7828f04054e8f3896,malwarebazaar,ConnectWise,"ConnectWise,signed",2026-08-21 16:02:05,2026-08-21 16:46:04,85
hash_md5,6de91df0522625bdb1a29a98f4e5a2be,malwarebazaar,sh,sh,2026-08-21 16:02:05,2026-08-21 16:46:04,85
hash_md5,6df2733557d5247509c63cbf3e9f9fb1,malwarebazaar,ValleyRAT,"exe,SilverFox,Trojan/SilverFox.sx,ValleyRAT",2026-08-21 16:02:05,2026-08-21 16:46:04,85
hash_md5,6eee5ae384da0f494d492310b6d1a5b7,malwarebazaar,Mirai,elf,2026-08-21 16:02:05,2026-08-21 16:46:04,85
hash_md5,6f48274be0ded2cc6d2ae25b55b3e8d6,malwarebazaar,Mirai,"Mirai,upx",2026-08-21 16:02:05,2026-08-21 16:46:04,85
hash_md5,706dab50e0e459d9607b2e6860301f18,malwarebazaar,Mirai,"Mirai,upx",2026-08-21 16:02:05,2026-08-21 16:46:04,85
hash_md5,7d4468bf9a0cae527fc29a74abad5aaf,malwarebazaar,Mirai,"elf,Mirai",2026-08-21 16:02:05,2026-08-21 16:46:04,85
hash_md5,8137bc02b154b2f08c5dbd7ef924be49,malwarebazaar,Formbook,"exe,Formbook",2026-08-21 16:02:05,2026-08-21 16:46:04,85
hash_md5,8268abbb402e7081c1545056e1730f2d,malwarebazaar,Mirai,Mirai,2026-08-21 16:02:05,2026-08-21 16:46:04,85
hash_md5,8461feeb8ea9f5e2c6c3a0383312b17c,malwarebazaar,Mirai,elf,2026-08-21 16:02:05,2026-08-21 16:46:04,85
hash_md5,85a359706e181debb51496ad9386057e,malwarebazaar,Mirai,Mirai,2026-08-21 16:02:05,2026-08-21 16:46:04,85
hash_md5,85d36afd05c548dd97274b29055f9537,malwarebazaar,Mirai,Mirai,2026-08-21 16:02:05,2026-08-21 16:46:04,85
hash_md5,866977be76e0d2f7910fb5bb945f87fe,malwarebazaar,unknown,"ClickFix,Efimer",2026-08-21 16:02:05,2026-08-21 16:46:04,85
hash_md5,8799d7664ef577e5904a49d75c610615,malwarebazaar,exe,"exe,RAT,RdViewer,SilverFox,ValleyRAT",2026-08-21 16:02:05,2026-08-21 16:46:04,85
hash_md5,880c2ae254a73ccc92d747de5993e976,malwarebazaar,exe,"exe,SilverFox,Trojan/SilverFox.bg[qtsc],ValleyRAT",2026-08-21 16:02:05,2026-08-21 16:46:04,85
hash_md5,888218fd3582c038605d7b8ff6d4a239,malwarebazaar,Mirai,"elf,Mirai",2026-08-21 16:02:05,2026-08-21 16:46:04,85
hash_md5,89f61b8bb4fa4229f6f18fab9e3a0a64,malwarebazaar,exe,"exe,SilverFox,upx,ValleyRAT",2026-08-21 16:02:05,2026-08-21 16:46:04,85
hash_md5,8b3799bf6238f0919e7fde08c90f0216,malwarebazaar,Mirai,elf,2026-08-21 16:02:05,2026-08-21 16:46:04,85
hash_md5,8b4ed9da4cbd7607fa6f515cde227958,malwarebazaar,Mirai,upx,2026-08-21 16:02:05,2026-08-21 16:46:04,85
hash_md5,8b94d0636ec31fa410873b2e054cba05,malwarebazaar,unknown,"ClickFix,Efimer",2026-08-21 16:02:05,2026-08-21 16:46:04,85
hash_md5,8d1e9d4aaac8f144de1e973849668f03,malwarebazaar,Mirai,elf,2026-08-21 16:02:05,2026-08-21 16:46:04,85
hash_md5,8d79c93e8460360b7f857eb0f1192bd3,malwarebazaar,Mirai,"DDoSAgent,Mirai",2026-08-21 16:02:05,2026-08-21 16:46:04,85
hash_md5,9037559b4578b44bbe7f99c13a456650,malwarebazaar,Mirai,"elf,exe,Mirai,whack.sh",2026-08-21 16:02:05,2026-08-21 16:46:04,85
hash_md5,90d5a367d6456e854288cc32e33049b0,malwarebazaar,CoinMiner,"CoinMiner,exe,whack.sh",2026-08-21 16:02:05,2026-08-21 16:46:04,85
hash_md5,91dc89821d15624f8478b13c42753bf3,malwarebazaar,Mirai,"elf,Mirai",2026-08-21 16:02:05,2026-08-21 16:46:04,85
hash_md5,96232555514dc5d2b8c7b72689b130c4,malwarebazaar,DDoSAgent,DDoSAgent,2026-08-21 16:02:05,2026-08-21 16:46:04,85
hash_md5,97fc773da62945d2df26a772fdbf614e,malwarebazaar,Mirai,Mirai,2026-08-21 16:02:05,2026-08-21 16:46:04,85
hash_md5,98d223fa4c0d7541901fd8118b7f8186,malwarebazaar,unknown,"ClickFix,Efimer",2026-08-21 16:02:05,2026-08-21 16:46:04,85
hash_md5,9f6cf57a2791b8c53733f410804dcd1a,malwarebazaar,ConnectWise,"ConnectWise,signed",2026-08-21 16:02:05,2026-08-21 16:46:04,85
hash_md5,9f7f893614ea774036b30c2a5e4ee88b,malwarebazaar,exe,"exe,whack.sh",2026-08-21 16:02:05,2026-08-21 16:46:04,85
hash_md5,9fc0f367fa0e4d83a93802f3dc231bdf,malwarebazaar,unknown,"ClickFix,Efimer",2026-08-21 16:02:05,2026-08-21 16:46:04,85
hash_md5,a088a18a4557122d33ddcbdc64e2244a,malwarebazaar,Mirai,"elf,exe,Mirai,whack.sh",2026-08-21 16:02:05,2026-08-21 16:46:04,85
hash_md5,a30c51ba87aa8f128f651badfc7082e8,malwarebazaar,Mirai,"elf,exe,Mirai,whack.sh",2026-08-21 16:02:05,2026-08-21 16:46:04,85
hash_md5,a57c9da240f226c7e5787e67fcffcbe8,malwarebazaar,Mirai,Mirai,2026-08-21 16:02:05,2026-08-21 16:46:04,85
hash_md5,a5acdd5a9965042ffe807fe8b1a32347,malwarebazaar,Mirai,Mirai,2026-08-21 16:02:05,2026-08-21 16:46:04,85
hash_md5,a67819c12c69894357adbec5d970085d,malwarebazaar,ConnectWise,"ConnectWise,signed",2026-08-21 16:02:05,2026-08-21 16:46:04,85
hash_md5,a8eedaa9a5d431baf445c8080ac35fda,malwarebazaar,CoinMiner,"CoinMiner,dropped-by-phorpiex,exe",2026-08-21 16:02:05,2026-08-21 16:46:04,85
hash_md5,ab8f5d80b7e3be3a98bd1f629ecfa7a9,malwarebazaar,Mirai,"elf,Mirai,upx-dec",2026-08-21 16:02:05,2026-08-21 16:46:04,85
hash_md5,af4c0f1f293bfa3a38cc395e3c26cf6e,malwarebazaar,Mirai,"elf,Mirai,upx-dec",2026-08-21 16:02:05,2026-08-21 16:46:04,85
hash_md5,b2cffaf68c7f8050cf4543241d8a552a,malwarebazaar,Mirai,"elf,Mirai",2026-08-21 16:02:05,2026-08-21 16:46:04,85
hash_md5,b45e76df0b9416d9b35d38cb7c97cbe4,malwarebazaar,Mirai,"elf,Mirai",2026-08-21 16:02:05,2026-08-21 16:46:04,85
hash_md5,b69cc5426070fb399791ce6bdc621049,malwarebazaar,ConnectWise,"ConnectWise,signed",2026-08-21 16:02:05,2026-08-21 16:46:04,85
hash_md5,b845c23eb1f426c63bf0e397ec8e6663,malwarebazaar,Mirai,elf,2026-08-21 16:02:05,2026-08-21 16:46:04,85
hash_md5,bbf68e73a870e8b9d57c58bcb9c6fa00,malwarebazaar,Mirai,"elf,exe,Mirai,whack.sh",2026-08-21 16:02:05,2026-08-21 16:46:04,85
hash_md5,bce4944eabdb55b2b42df2c5a7bd7683,malwarebazaar,ConnectWise,"ConnectWise,signed",2026-08-21 16:02:05,2026-08-21 16:46:04,85
hash_md5,be57fe32553e6a45ea334437437b53ad,malwarebazaar,Mirai,"elf,exe,Mirai,whack.sh",2026-08-21 16:02:05,2026-08-21 16:46:04,85
hash_md5,bebe61b3d71cf41749837d60eea581a3,malwarebazaar,Mirai,"Mirai,upx",2026-08-21 16:02:05,2026-08-21 16:46:04,85
hash_md5,c7776f2bb18f70120c62eeb6beb5cea5,malwarebazaar,Mirai,Mirai,2026-08-21 16:02:05,2026-08-21 16:46:04,85
hash_md5,cb470ad87c2982fd1d60b2fa6cbe637d,malwarebazaar,RemusStealer,"54e64e,dropped-by-Amadey,exe,RemusStealer,signed",2026-08-21 16:02:05,2026-08-21 16:46:04,85
hash_md5,cc6c374af3457fb8b7501deae981517f,malwarebazaar,Mirai,Mirai,2026-08-21 16:02:05,2026-08-21 16:46:04,85
hash_md5,cc9899fed87ebad08db9677c35d249d2,malwarebazaar,Mirai,"elf,Mirai",2026-08-21 16:02:05,2026-08-21 16:46:04,85
hash_md5,ce425a7a3e72b5744272726cce271203,malwarebazaar,Mirai,Mirai,2026-08-21 16:02:05,2026-08-21 16:46:04,85
hash_md5,d4b3e3b768e7977c02884f69c7e0ece4,malwarebazaar,sh,sh,2026-08-21 16:02:05,2026-08-21 16:46:04,85
hash_md5,d781ffe1e1495ce72dfdb2782b4a0386,malwarebazaar,Mirai,"elf,Mirai,upx-dec",2026-08-21 16:02:05,2026-08-21 16:46:04,85
hash_md5,dc7fcc0d7d189555827260b3e4acc96a,malwarebazaar,Vidar,"exe,signed,Vidar",2026-08-21 16:02:05,2026-08-21 16:46:04,85
hash_md5,dd40b7abe3c93da37644d6576c86227b,malwarebazaar,elf,elf,2026-08-21 16:02:05,2026-08-21 16:46:04,85
hash_md5,df94520df3d218bd7982a7fc40e92530,malwarebazaar,ConnectWise,"ConnectWise,signed",2026-08-21 16:02:05,2026-08-21 16:46:04,85
hash_md5,e0c05202400800e170258d31f6e330d3,malwarebazaar,exe,"exe,Vidar",2026-08-21 16:02:05,2026-08-21 16:46:04,85
hash_md5,e2a658950d3f10b1099f310c9867fa1e,malwarebazaar,Mirai,"elf,exe,Mirai,whack.sh",2026-08-21 16:02:05,2026-08-21 16:46:04,85
hash_md5,e8709e3962da9757a0cae1d75ebd732a,malwarebazaar,sh,sh,2026-08-21 16:02:05,2026-08-21 16:46:04,85
hash_md5,ea910592733fd21409b5f0d5aa4cf78c,malwarebazaar,Mirai,"elf,exe,Mirai,whack.sh",2026-08-21 16:02:05,2026-08-21 16:46:04,85
hash_md5,eb11f94c96465aac2694eb4a5069348f,malwarebazaar,Mirai,"elf,Mirai,upx-dec",2026-08-21 16:02:05,2026-08-21 16:46:04,85
hash_md5,eb70da94d19911566d812246856244dc,malwarebazaar,Mirai,elf,2026-08-21 16:02:05,2026-08-21 16:46:04,85
hash_md5,ed6dd1dfe4d1b4db79ab20d5f7dd1c29,malwarebazaar,sh,sh,2026-08-21 16:02:05,2026-08-21 16:46:04,85
hash_md5,ee1ed321e64aee5b57ad715a43c23835,malwarebazaar,ConnectWise,"ConnectWise,signed",2026-08-21 16:02:05,2026-08-21 16:46:04,85
hash_md5,ef29658890c2c398c5785bc4f4b60540,malwarebazaar,Mirai,"elf,Mirai",2026-08-21 16:02:05,2026-08-21 16:46:04,85
hash_md5,f62ce2042c61e211449cc1d1cc3fca94,malwarebazaar,RemusStealer,"C,dropped-by-GCleaner,exe,MIX4.file,RemusStealer,signed",2026-08-21 16:02:05,2026-08-21 16:46:04,85
hash_md5,f63cf14ad0bc3a4bc95154790aed9858,malwarebazaar,Mirai,Mirai,2026-08-21 16:02:05,2026-08-21 16:46:04,85
hash_md5,fad5420c940d23c85fbefed0716715aa,malwarebazaar,Mirai,"elf,Mirai,upx-dec",2026-08-21 16:02:05,2026-08-21 16:46:04,85
hash_md5,fae010372ab55addd31e97079a4e1b31,malwarebazaar,RemusStealer,"dropped-by-OffLoader,exe,GCleaner,RemusStealer",2026-08-21 16:02:05,2026-08-21 16:46:04,85
hash_md5,fbc5eecaad7bd53874ae9acc03546278,malwarebazaar,elf,elf,2026-08-21 16:02:05,2026-08-21 16:46:04,85
hash_md5,fc5d25f5f46e08b12c5dbc33f21e6f0b,malwarebazaar,unknown,"ClickFix,Efimer",2026-08-21 16:02:05,2026-08-21 16:46:04,85
hash_sha256,00660f4fff4ca116abf4c18312685c38d50f11bc5410a77c87e90ce1ef4cd1cd,malwarebazaar,Mirai,"Mirai,upx",2026-08-21 16:02:05,2026-08-21 16:46:04,85
hash_sha256,0088148d6f726d00c3a46ea821e313615f11ad08e553f2081c3e0cd0ac06cfb5,malwarebazaar,Mirai,elf,2026-08-21 16:02:05,2026-08-21 16:46:04,85
hash_sha256,008bc734661f0ea599002f58e848ddbd498d15101eaf78986b03ef1e66e934fb,malwarebazaar,Mirai,"elf,Mirai",2026-08-21 16:02:05,2026-08-21 16:46:04,85
hash_sha256,017b90428f16fb8e760b958459463f6cd99109553ebfafe7b9192be9fb531ace,malwarebazaar,Mirai,Mirai,2026-08-21 16:02:05,2026-08-21 16:46:04,85
hash_sha256,0299c02d7a8f75eff82dc8de30997b3f81ce887efa8b75a96315a49c0b70975f,malwarebazaar,exe,"exe,SilverFox,Trojan/SilverFox.bg[qtsc],ValleyRAT",2026-08-21 16:02:05,2026-08-21 16:46:04,85
hash_sha256,03c8aa545f901d84eb22799e907386eaa00b8d47ef03e60392a7c5cbb031e618,malwarebazaar,Mirai,"elf,Mirai",2026-08-21 16:02:05,2026-08-21 16:46:04,85
hash_sha256,0b5deaf2954f3b87b6a21a886f59a41267541429e5164b2a374b6915c975c81f,malwarebazaar,Mirai,"elf,exe,Mirai,whack.sh",2026-08-21 16:02:05,2026-08-21 16:46:04,85
hash_sha256,0bdb81149b22afe5219c75aa9679a6a8cb577f9d5659857646b2db7bf3728af1,malwarebazaar,ConnectWise,"ConnectWise,signed",2026-08-21 16:02:05,2026-08-21 16:46:04,85
hash_sha256,0dfb74014c60e953d505c76ab981c55f90ab42f2ced57f34e4fa18cd69f83b99,malwarebazaar,exe,"exe,SilverFox,Trojan/SilverFox.bg[qtsc],ValleyRAT",2026-08-21 16:02:05,2026-08-21 16:46:04,85
hash_sha256,12d1a642174b1c538eae7a2b506a563bde1ba3c061b5781212c2e3022e4d014e,malwarebazaar,Mirai,"elf,Mirai",2026-08-21 16:02:05,2026-08-21 16:46:04,85
hash_sha256,137d06e4b5009f494fd546fc87eb9fa1dcadf35664cecaeb36416c359f803a86,malwarebazaar,ConnectWise,"ConnectWise,signed",2026-08-21 16:02:05,2026-08-21 16:46:04,85
hash_sha256,13e78d65622ab95d3bb38ba19d8b02fa00565c26d6a9081ffd81c0170c21b814,malwarebazaar,Mirai,elf,2026-08-21 16:02:05,2026-08-21 16:46:04,85
hash_sha256,16f422d79f6972cf907df4cc6122a979787c8f4a5b46077d389bd2444b2a4b2a,malwarebazaar,Mirai,elf,2026-08-21 16:02:05,2026-08-21 16:46:04,85
hash_sha256,19695b21ffdf08bd5764cb6ba35d80f8376bdf9bc38baf54f64ac98a0e9335af,malwarebazaar,Mirai,"elf,exe,Mirai,whack.sh",2026-08-21 16:02:05,2026-08-21 16:46:04,85
hash_sha256,19d2a10da88e962d187915a90e74e87dd30d385daa015c830a8bafb50b2c0bae,malwarebazaar,unknown,"ClickFix,Efimer",2026-08-21 16:02:05,2026-08-21 16:46:04,85
hash_sha256,1c35bb9e30c7b7b2a8f468de3562c8120bb284613465bf71a644a328e09e2f8d,malwarebazaar,sh,sh,2026-08-21 16:02:05,2026-08-21 16:46:04,85
hash_sha256,22ca93f691d342cbf50165e97503d80911fa78343005896fbf0a40b5f8f29dac,malwarebazaar,Mirai,"elf,exe,Mirai,whack.sh",2026-08-21 16:02:05,2026-08-21 16:46:04,85
hash_sha256,2317a73814d8e77d392377e7779963a10e283e50bb66a4d7428e833560d62292,malwarebazaar,Mirai,elf,2026-08-21 16:02:05,2026-08-21 16:46:04,85
hash_sha256,2470e35d9a7feb646476e70cea874c54fc32f6b12c30f3d648c1ee3b1be7e59d,malwarebazaar,Mirai,Mirai,2026-08-21 16:02:05,2026-08-21 16:46:04,85
hash_sha256,26109688d5647bd23f18049a3a72aa1817388871fb9004fea576446bdd24ae4d,malwarebazaar,sh,sh,2026-08-21 16:02:05,2026-08-21 16:46:04,85
hash_sha256,2f882761d92c89e7d7a3636e94b152c27e50d379836cb2664bd06728f2b5699f,malwarebazaar,Mirai,Mirai,2026-08-21 16:02:05,2026-08-21 16:46:04,85
hash_sha256,30369de49e7a6afafaa7707088d6e2abdcf95ec57b729ff25f525011a5d25ad1,malwarebazaar,Mirai,"elf,Mirai",2026-08-21 16:02:05,2026-08-21 16:46:04,85
hash_sha256,332da284e9690fd632c573dcb374e76baa54fdae2fd778813a36710862f17e2a,malwarebazaar,Mirai,elf,2026-08-21 16:02:05,2026-08-21 16:46:04,85
hash_sha256,333caf31043232e8926dec9583f0791b099c13adef2ac6378d20600806dbfe56,malwarebazaar,Mirai,"Mirai,upx",2026-08-21 16:02:05,2026-08-21 16:46:04,85
hash_sha256,355c5ee15bdc6e13d52a6c2551ebffd4932bcb7b93b3f3c7584e6e3a2c420830,malwarebazaar,ConnectWise,"ConnectWise,signed",2026-08-21 16:02:05,2026-08-21 16:46:04,85
hash_sha256,3772c8ef682dd4a65a56a69c499bb3a6df69985372ddca4f19ec03971aed4486,malwarebazaar,Mirai,"elf,Mirai,upx-dec",2026-08-21 16:02:05,2026-08-21 16:46:04,85
hash_sha256,377a086f0ce6b33bf749b8201a0dcdb0794ab6dc34c00381fc1dee8ca62fc4ee,malwarebazaar,elf,elf,2026-08-21 16:02:05,2026-08-21 16:46:04,85
hash_sha256,3c5db61d243566b89a59b20ae001842f8416a828e9d7bdfb241d330b5f92da04,malwarebazaar,Mirai,"elf,Mirai",2026-08-21 16:02:05,2026-08-21 16:46:04,85
hash_sha256,3e11f7bd7b21eaa465fab6079458db678dfbe7099e9f2023c1f7f0c912e53d94,malwarebazaar,Formbook,"exe,Formbook",2026-08-21 16:02:05,2026-08-21 16:46:04,85
hash_sha256,3eddc12d4ba25b88cb0959661c4e90ffe89179c9f5cac591bdd00505536d378f,malwarebazaar,Mirai,"Mirai,upx",2026-08-21 16:02:05,2026-08-21 16:46:04,85
hash_sha256,403d7daee87202339a02e041f5525ba727a557fe4b6c6b7a4ae25fb5336c003c,malwarebazaar,DDoSAgent,DDoSAgent,2026-08-21 16:02:05,2026-08-21 16:46:04,85
hash_sha256,41706690e2f754a3de915aa1e2e80b7cefbd77eaba0968cb4e02b3d39556da1c,malwarebazaar,Mirai,upx,2026-08-21 16:02:05,2026-08-21 16:46:04,85
hash_sha256,4294b8bab855aa657963687c5aa19b0dce91e32c9b97686a8ed6237c55f227c7,malwarebazaar,elf,elf,2026-08-21 16:02:05,2026-08-21 16:46:04,85
hash_sha256,431c0c23733381e927f9eeebd3b48eb3ad26df5aa381f55789d91772f7d804c0,malwarebazaar,Mirai,"elf,exe,Mirai,whack.sh",2026-08-21 16:02:05,2026-08-21 16:46:04,85
hash_sha256,436b403129995713a85b63f28fe06f8cd8dad80c7114b9733839216e12b481b1,malwarebazaar,DDoSAgent,DDoSAgent,2026-08-21 16:02:05,2026-08-21 16:46:04,85
hash_sha256,46f8a4171fe84029634000f10835d0dac1fa2352fa7613d60a3c7e48af9fea8d,malwarebazaar,Mirai,Mirai,2026-08-21 16:02:05,2026-08-21 16:46:04,85
hash_sha256,481f06563e0e63e5046ccb4549624e0df00ad8d80eb9a2b59d4af97bf6cd1412,malwarebazaar,Mirai,"elf,exe,Mirai,whack.sh",2026-08-21 16:02:05,2026-08-21 16:46:04,85
hash_sha256,4d05f834912f1863d58771f6d130748d7aa8bbbb8d54f75ad9e06e7a7108c061,malwarebazaar,Mirai,"elf,Mirai",2026-08-21 16:02:05,2026-08-21 16:46:04,85
hash_sha256,4f1bdba7ee4170f95080e46dc589867b273980fced59aea5b772b4c7a9ebbfed,malwarebazaar,unknown,"ClickFix,Efimer",2026-08-21 16:02:05,2026-08-21 16:46:04,85
hash_sha256,4f49e6e001ac5d606022adb8f26232894cbf970844848a9d8e7ed55231e1a8b4,malwarebazaar,Mirai,Mirai,2026-08-21 16:02:05,2026-08-21 16:46:04,85
hash_sha256,52eab3b8a7fc2f62dd67068419b87b871fc2d77b947ab3228fc4f016a4543d11,malwarebazaar,Mirai,"elf,exe,Mirai,whack.sh",2026-08-21 16:02:05,2026-08-21 16:46:04,85
hash_sha256,537e61953105db7e50e1474925df2c0146105846f565b73eb88e2950c7fafd1d,malwarebazaar,Mirai,Mirai,2026-08-21 16:02:05,2026-08-21 16:46:04,85
hash_sha256,56f7ab5c30b482cd85d669a7227c33389fbf4bc0e9231a3c171bbbd10d86a52a,malwarebazaar,Mirai,"elf,Mirai,upx-dec",2026-08-21 16:02:05,2026-08-21 16:46:04,85
hash_sha256,5acbb6ee89b38eb2abf81a2b2349a4c97e7c2dd23ad4daf8d5b5b113176fef53,malwarebazaar,exe,"exe,upx-dec",2026-08-21 16:02:05,2026-08-21 16:46:04,85
hash_sha256,5b896138d41d4662a93a7ebaf6e15cebdc5a2850e9343da05c2ab1862ec31a3f,malwarebazaar,ValleyRAT,"dll,RAT,ValleyRAT",2026-08-21 16:02:05,2026-08-21 16:46:04,85
hash_sha256,61c38e7b0dfd27215de74d42d2f1b4bd52385782cd084947e74f858cef6acd30,malwarebazaar,Mirai,Mirai,2026-08-21 16:02:05,2026-08-21 16:46:04,85
hash_sha256,65027c21129046e68946b71ab613a89809c98888deca904063b01a4e190ab8a5,malwarebazaar,Mirai,"elf,Mirai,upx-dec",2026-08-21 16:02:05,2026-08-21 16:46:04,85
hash_sha256,65856b5986156143dbedada62799e8b3b18db753f9d519710654b72f2f051d54,malwarebazaar,exe,"exe,SilverFox,upx,ValleyRAT",2026-08-21 16:02:05,2026-08-21 16:46:04,85
hash_sha256,67300821f372d5fb928a08386700c77e947cfec7b48176d50a401f391c2f138d,malwarebazaar,Mirai,elf,2026-08-21 16:02:05,2026-08-21 16:46:04,85
hash_sha256,67eef698b9c551cc8dfa0fe268db0155b084ae2d9d40e6aee66c117f6a3a8cc8,malwarebazaar,Mirai,"elf,Mirai,upx-dec",2026-08-21 16:02:05,2026-08-21 16:46:04,85
hash_sha256,6b7e92be247e600ac37cc2feced451f0eebf04aec932b387a8c607028c39a098,malwarebazaar,exe,"exe,Vidar",2026-08-21 16:02:05,2026-08-21 16:46:04,85
hash_sha256,6f3d9d15a26773ced568fbeaa2dc0a16688749f1187825b13b29e3af8e1e9b2d,malwarebazaar,Mirai,"elf,Mirai,upx-dec",2026-08-21 16:02:05,2026-08-21 16:46:04,85
hash_sha256,704285c542b6cdfce6be645bfd46eeda37190198b30116deb7cae67f495fd39b,malwarebazaar,unknown,"ClickFix,Efimer",2026-08-21 16:02:05,2026-08-21 16:46:04,85
hash_sha256,7270a65f0be70dc8d3750ad6e230436188304641c03fb2aad8b30022024fa119,malwarebazaar,Mirai,"elf,exe,Mirai,whack.sh",2026-08-21 16:02:05,2026-08-21 16:46:04,85
hash_sha256,73976c4ab4235a97cf1d5b4f39f664a3539b08856fc044c3eac95f0914f02989,malwarebazaar,exe,"exe,whack.sh",2026-08-21 16:02:05,2026-08-21 16:46:04,85
hash_sha256,79e9dcbf77ac811c7cf2a02bc9bc1ddd6c429d3b3aac9ca5c6991332c9e17f81,malwarebazaar,Mirai,elf,2026-08-21 16:02:05,2026-08-21 16:46:04,85
hash_sha256,7f192c3c91e99b55c35cf8e452be5aaa87c7af288128b7d8c77a94c5abb60180,malwarebazaar,Mirai,elf,2026-08-21 16:02:05,2026-08-21 16:46:04,85
hash_sha256,7f6abc496e175ebd6d619451dd529fdcfeb17836a8bc53d1614aa91705e9a671,malwarebazaar,Mirai,"Mirai,upx",2026-08-21 16:02:05,2026-08-21 16:46:04,85
hash_sha256,803a96401dc7be2850ab1196fa4e42ca847d794ca346253cc1b723ed321e040b,malwarebazaar,elf,"elf,exe,whack.sh",2026-08-21 16:02:05,2026-08-21 16:46:04,85
hash_sha256,82219b5a553e738d112f284da60fe7ba91b34d368dc3d155e6d6af6386711304,malwarebazaar,ValleyRAT,"dll,RAT,ValleyRAT",2026-08-21 16:02:05,2026-08-21 16:46:04,85
hash_sha256,85ad0b4124b657a35a01d820fff4325f5c4c3ceb60615ad54c4a0ddbcadd590c,malwarebazaar,DCRat,"DCRat,exe,RAT",2026-08-21 16:02:05,2026-08-21 16:46:04,85
hash_sha256,87a832effd8e8892984216c1b12bcaee8ef58350e11b27b8a2b873c9e71fa2a3,malwarebazaar,Mirai,Mirai,2026-08-21 16:02:05,2026-08-21 16:46:04,85
hash_sha256,8abd6a3d21097d75fc4970cb1c202c7b30bc709cf2446a94a298e3020578942a,malwarebazaar,RemusStealer,"54e64e,dropped-by-Amadey,exe,RemusStealer,signed",2026-08-21 16:02:05,2026-08-21 16:46:04,85
hash_sha256,9625b404c735b6ac175ef6140e0108ed8f3cdf72df2b257f546373b586e3d4f7,malwarebazaar,elf,elf,2026-08-21 16:02:05,2026-08-21 16:46:04,85
hash_sha256,96b493a9b4370f0ab27f10d084cbd640a13e460c86c2954e7f0b0c39df1d16b1,malwarebazaar,unknown,"ClickFix,Efimer",2026-08-21 16:02:05,2026-08-21 16:46:04,85
hash_sha256,98ee8e1ced7b8174173a456490a683c04090048777ace8ec6d5de5273046cbf7,malwarebazaar,sh,sh,2026-08-21 16:02:05,2026-08-21 16:46:04,85
hash_sha256,99d5dbbcec96cc84ac22c077680420e70315e19703667e5c8d9f2ec76af1acad,malwarebazaar,ConnectWise,"ConnectWise,signed",2026-08-21 16:02:05,2026-08-21 16:46:04,85
hash_sha256,9ac01e9af776b1c1a4c50bab9d1b9cadc6a221fbe6ebfeadabea5dfaf4c60666,malwarebazaar,Mirai,Mirai,2026-08-21 16:02:05,2026-08-21 16:46:04,85
hash_sha256,9b1f88a9438254cf36932cf0ab696411ac2891c698f9d98da65569178702a0dd,malwarebazaar,Mirai,Mirai,2026-08-21 16:02:05,2026-08-21 16:46:04,85
hash_sha256,a05e2a5c5b4b93447ad06a728f9e41ce9c65d876c87daa59ae2d8ead067d2192,malwarebazaar,RemusStealer,"C,dropped-by-GCleaner,exe,MIX4.file,RemusStealer,signed",2026-08-21 16:02:05,2026-08-21 16:46:04,85
hash_sha256,a4e60f2a726dc237b38873d673c9e83163318b50b6a58e9695fcf0d2f0a0778a,malwarebazaar,elf,elf,2026-08-21 16:02:05,2026-08-21 16:46:04,85
hash_sha256,acce16056f1fe8efd131034d6d27814ba5fb3e0878cf8147d1983bd73f59eec2,malwarebazaar,Vidar,"exe,signed,Vidar",2026-08-21 16:02:05,2026-08-21 16:46:04,85
hash_sha256,ad6bdecf5f0241d8e2c919d613065ed6f202a4a77fc2058332aeebdc633c2235,malwarebazaar,sh,sh,2026-08-21 16:02:05,2026-08-21 16:46:04,85
hash_sha256,ae2ea23bf77f28d657af0f47d95148419de1ee37812504d61cac0c36dc38e701,malwarebazaar,RemusStealer,"dropped-by-OffLoader,exe,GCleaner,RemusStealer",2026-08-21 16:02:05,2026-08-21 16:46:04,85
hash_sha256,b2a33b38f8fd574fb80e9df8c4094090365ee7250593e372b854da9757a9a3c0,malwarebazaar,AsyncRAT,"AsyncRAT,exe",2026-08-21 16:02:05,2026-08-21 16:46:04,85
hash_sha256,b34d9f8bb178e1521ba4d62ee575563872e09153c5741a3f454bfa03083498ad,malwarebazaar,ConnectWise,"ConnectWise,signed",2026-08-21 16:02:05,2026-08-21 16:46:04,85
hash_sha256,b4ebdf938bd45a11dc5d139bee18e7692e5c98c7511af9026558ef7d281d8c33,malwarebazaar,RemusStealer,"exe,RemusStealer,signed",2026-08-21 16:02:05,2026-08-21 16:46:04,85
hash_sha256,b74c3c7ab3ff70abca1dd8941c2de844cb841f46b9ae8e5da63e9026a90802cb,malwarebazaar,Mirai,elf,2026-08-21 16:02:05,2026-08-21 16:46:04,85
hash_sha256,c0800b14ca42cd49df4590f018e0e32abdb3866e065db1acbda7e88d6d308156,malwarebazaar,unknown,"ClickFix,Efimer",2026-08-21 16:02:05,2026-08-21 16:46:04,85
hash_sha256,c2e63d8266f7c297f0303eecb4cb18dd9151ada99c13ca1683794eb8d6db8217,malwarebazaar,ConnectWise,"ConnectWise,signed",2026-08-21 16:02:05,2026-08-21 16:46:04,85
hash_sha256,c3b4101d7ac42e016bccb26c376688bb1f36681a4485246b5453c4c371401af5,malwarebazaar,Mirai,Mirai,2026-08-21 16:02:05,2026-08-21 16:46:04,85
hash_sha256,c5ab38a8ac4c08eacb69b618398b2c13ceced91a37295fb1808401c473ebec34,malwarebazaar,sh,sh,2026-08-21 16:02:05,2026-08-21 16:46:04,85
hash_sha256,c6bfb0d885265012930ecd07a5bc2eb2e1c2db218ced4416839af5761f24f927,malwarebazaar,ConnectWise,"ConnectWise,signed",2026-08-21 16:02:05,2026-08-21 16:46:04,85
hash_sha256,c6e77e1413dda88acc4a245a32be5f82e1772c9c2c7fabf9d17835d1aa486484,malwarebazaar,sh,sh,2026-08-21 16:02:05,2026-08-21 16:46:04,85
hash_sha256,c9a3aec22b3c8448f043f5a4b1d81d1a6b2bc6ecff8941ac2c970af7e9321612,malwarebazaar,Mirai,elf,2026-08-21 16:02:05,2026-08-21 16:46:04,85
hash_sha256,ca40b2d13e014984d5c20369382afb36589072b0bf27a8229ecfad94d63f01b6,malwarebazaar,Mirai,"elf,exe,Mirai,whack.sh",2026-08-21 16:02:05,2026-08-21 16:46:04,85
hash_sha256,cc8c768863030e608fed3be65127a7a71e93df0ffe0a3836ed175a5fdaa6e55d,malwarebazaar,Mirai,"DDoSAgent,Mirai",2026-08-21 16:02:05,2026-08-21 16:46:04,85
hash_sha256,cdd44b27478cf65a1fafb97daacc3908cc64c0b6e4128657a22e545efd192651,malwarebazaar,DDoSAgent,DDoSAgent,2026-08-21 16:02:05,2026-08-21 16:46:04,85
hash_sha256,d08ab5b9b565f26f642cae7ce92f32ca23c0289212c6f1167c1e1aad4c8fe220,malwarebazaar,Mirai,"elf,Mirai,upx-dec",2026-08-21 16:02:05,2026-08-21 16:46:04,85
hash_sha256,d0d5f3a2931d271202c428941494986488ce3437de84a5cc35c9798bf1940931,malwarebazaar,sh,sh,2026-08-21 16:02:05,2026-08-21 16:46:04,85
hash_sha256,d2a77379aaaa70df30b91faa88f65a542973bd04ea8c90140139d3ef34ad184e,malwarebazaar,Mirai,elf,2026-08-21 16:02:05,2026-08-21 16:46:04,85
hash_sha256,d3f7dc070e8d2b6aba1c97a682cabe72c2564839e5b23b08f1db63f8bce50e8b,malwarebazaar,exe,"exe,whack.sh",2026-08-21 16:02:05,2026-08-21 16:46:04,85
hash_sha256,d4446a18ed3cf07b01d414058ef04541a5a150dec285173f944861de99e2102b,malwarebazaar,Mirai,"Mirai,upx",2026-08-21 16:02:05,2026-08-21 16:46:04,85
hash_sha256,e090a56d18f5624dbcc7c7a82f7e19af600a0d6693d98c781f5774afc693e4da,malwarebazaar,PureLogsStealer,"js,PureLogsStealer",2026-08-21 16:02:05,2026-08-21 16:46:04,85
hash_sha256,e151e075320cde9788f5b2f632731c5a48f93aea03bd9ba6b7c79668b6695071,malwarebazaar,Mirai,elf,2026-08-21 16:02:05,2026-08-21 16:46:04,85
hash_sha256,e3582fd4697d21b6f954fb18c27cd878c84e373cef455f3c53c27ef6a152b7a3,malwarebazaar,elf,elf,2026-08-21 16:02:05,2026-08-21 16:46:04,85
hash_sha256,e59221216f46ce2ccb4e3102e109e4522744c2f83bfb5fcd82911420b18c07f1,malwarebazaar,Mirai,"Mirai,upx",2026-08-21 16:02:05,2026-08-21 16:46:04,85
hash_sha256,e742939bc1a23c8c798ed9f4770e45133be0676c51c340df7e8db125b7a566bf,malwarebazaar,exe,"ClickFix,exe",2026-08-21 16:02:05,2026-08-21 16:46:04,85
hash_sha256,e89f17f8be26a14dbe2c4581f253c96f16027e5914699fb9f317aa8d23ccbeb8,malwarebazaar,Mirai,Mirai,2026-08-21 16:02:05,2026-08-21 16:46:04,85
hash_sha256,e9d0b90379f9b64634720a9b1a6bf719a725f671b790bb65e340e0658cb516de,malwarebazaar,ValleyRAT,"exe,SilverFox,Trojan/SilverFox.sx,ValleyRAT",2026-08-21 16:02:05,2026-08-21 16:46:04,85
hash_sha256,edc73cf039196893ce93018f5fef4057f90a80447c9b7bf55b91a91b423abde1,malwarebazaar,ConnectWise,"ConnectWise,signed",2026-08-21 16:02:05,2026-08-21 16:46:04,85
hash_sha256,efb8fbd919f6367e2d72fe9069cbbabb368fcf73b44b3db7cf281fc01acf023b,malwarebazaar,Mirai,elf,2026-08-21 16:02:05,2026-08-21 16:46:04,85
hash_sha256,efeac561cb556c19bdb016ef68c7dff3662972523dc0e4c471395cc0de28e0d7,malwarebazaar,Mirai,"elf,Mirai,upx-dec",2026-08-21 16:02:05,2026-08-21 16:46:04,85
hash_sha256,f17cc0dd0392c37895f99a20f95442a3d344ecccd907c916d5a5b2222f1ade8e,malwarebazaar,Mirai,"elf,Mirai,upx-dec",2026-08-21 16:02:05,2026-08-21 16:46:04,85
hash_sha256,f3b46bea1de64b4b8314f076ad79ae6e19073a23f5e05dd64ee6ab0af75cc66d,malwarebazaar,DDoSAgent,DDoSAgent,2026-08-21 16:02:05,2026-08-21 16:46:04,85
hash_sha256,f98e93275c5ae395f4dd14e759ba7293c0c05b10b43d1dfef887fe9b0d44150c,malwarebazaar,Mirai,"elf,exe,Mirai,whack.sh",2026-08-21 16:02:05,2026-08-21 16:46:04,85
hash_sha256,fb6f3d44134e4cb65cc2d39facdf2828ff616300730c606ced0f97ceb6256961,malwarebazaar,Mirai,elf,2026-08-21 16:02:05,2026-08-21 16:46:04,85
hash_sha256,fcc0b0b35eea99f2d56827b0a557e40dc633601d560e42e81a67c5aeb276ef44,malwarebazaar,Mirai,elf,2026-08-21 16:02:05,2026-08-21 16:46:04,85
hash_sha256,fd49082c1a601650525c3497fa5c10bad187a3862ebe371720658fa6f658e777,malwarebazaar,Mirai,"elf,Mirai",2026-08-21 16:02:05,2026-08-21 16:46:04,85
hash_sha256,fd7182f1cb5d62db33658e8c7cbedcc8fa08b279d37ad22b8edde310e0e9107c,malwarebazaar,Mirai,"elf,Mirai",2026-08-21 16:02:05,2026-08-21 16:46:04,85
hash_sha256,fe65712c1fe99be5af0575ad9106d3d7c37fb92b688716795e44fbcf08e591d2,malwarebazaar,Mirai,Mirai,2026-08-21 16:02:05,2026-08-21 16:46:04,85
hash_sha256,febb60b38e035167c3c5260aa038302d538ffd6ce352679f4b66db231bd7ccaa,malwarebazaar,CoinMiner,"CoinMiner,exe,whack.sh",2026-08-21 16:02:05,2026-08-21 16:46:04,85
hash_sha256,fecfd59e63c518834a601e32e782390f88c9749dcf1460c94a687d766c757718,malwarebazaar,CoinMiner,"CoinMiner,dropped-by-phorpiex,exe",2026-08-21 16:02:05,2026-08-21 16:46:04,85
hash_sha256,ff8c83a99bb39cdc7335741de4b2f78bd773d62f48ae009b1829bc9133eb3af3,malwarebazaar,unknown,"ClickFix,Efimer",2026-08-21 16:02:05,2026-08-21 16:46:04,85
hash_sha256,fff9f02f3e58b940b9f1b628eda3d4463e17baf810b75f0cbd078952ad1ba969,malwarebazaar,exe,"exe,RAT,RdViewer,SilverFox,ValleyRAT",2026-08-21 16:02:05,2026-08-21 16:46:04,85
ip,103.183.74.235,threatfox,Sliver,"threatfox,Sliver",2026-08-21 16:09:29,2026-08-21 16:46:04,85
ip,103.40.14.232,threatfox,Unknown malware,"threatfox,SuperShell",2026-08-21 16:09:29,2026-08-21 16:46:04,85
ip,104.239.66.7,threatfox,Sliver,"threatfox,Sliver",2026-08-21 16:09:29,2026-08-21 16:46:04,85
ip,104.36.229.142,threatfox,Quasar RAT,"threatfox,CinaRAT,Quasar RAT,QuasarRAT,Yggdrasil",2026-08-21 16:09:29,2026-08-21 16:46:04,85
ip,110.41.2.64,threatfox,Unknown malware,"threatfox,SuperShell",2026-08-21 16:09:29,2026-08-21 16:46:04,85
ip,114.55.105.65,threatfox,Sliver,"threatfox,Sliver",2026-08-21 16:09:29,2026-08-21 16:46:04,85
ip,125.86.26.79,threatfox,Quasar RAT,"threatfox,CinaRAT,Quasar RAT,QuasarRAT,Yggdrasil",2026-08-21 16:09:29,2026-08-21 16:46:04,85
ip,144.172.102.147,threatfox,Sliver,"threatfox,Sliver",2026-08-21 16:09:29,2026-08-21 16:46:04,85
ip,147.124.221.0,threatfox,HypeAgent,"threatfox,drb-ra,HypeAgent",2026-08-21 04:06:10,2026-08-21 16:46:04,85
ip,154.36.158.127,threatfox,Unknown malware,"threatfox,SuperShell",2026-08-21 16:09:29,2026-08-21 16:46:04,85
ip,154.91.180.11,threatfox,Quasar RAT,"threatfox,CinaRAT,Quasar RAT,QuasarRAT,Yggdrasil",2026-08-21 16:09:29,2026-08-21 16:46:04,85
ip,156.225.21.226,threatfox,Sliver,"threatfox,Sliver",2026-08-21 16:09:29,2026-08-21 16:46:04,85
ip,159.203.69.210,threatfox,AsyncRAT,"threatfox,AsyncRAT,drb-ra,RAT",2026-08-06 00:43:28,2026-08-21 16:46:04,85
ip,163.172.45.158,threatfox,Sliver,"threatfox,Sliver",2026-08-21 16:09:29,2026-08-21 16:46:04,85
ip,169.58.5.199,threatfox,Sliver,"threatfox,Sliver",2026-08-21 16:09:29,2026-08-21 16:46:04,85
ip,169.58.52.31,threatfox,Sliver,"threatfox,Sliver",2026-08-21 16:09:29,2026-08-21 16:46:04,85
ip,172.111.134.122,threatfox,Quasar RAT,"threatfox,CinaRAT,Quasar RAT,QuasarRAT,Yggdrasil",2026-08-21 16:09:29,2026-08-21 16:46:04,85
ip,172.111.143.242,threatfox,Quasar RAT,"threatfox,CinaRAT,Quasar RAT,QuasarRAT,Yggdrasil",2026-08-21 16:09:29,2026-08-21 16:46:04,85
ip,172.245.195.202,threatfox,Sliver,"threatfox,Sliver",2026-08-21 16:09:29,2026-08-21 16:46:04,85
ip,172.247.189.92,threatfox,Quasar RAT,"threatfox,CinaRAT,Quasar RAT,QuasarRAT,Yggdrasil",2026-08-21 16:09:29,2026-08-21 16:46:04,85
ip,172.86.113.226,threatfox,Unknown malware,"threatfox,drb-ra,Mythic",2026-08-21 04:06:10,2026-08-21 16:46:04,85
ip,172.94.9.166,threatfox,Quasar RAT,"threatfox,CinaRAT,Quasar RAT,QuasarRAT,Yggdrasil",2026-08-21 16:09:29,2026-08-21 16:46:04,85
ip,18.136.148.19,threatfox,Sliver,"threatfox,Sliver",2026-08-21 16:09:29,2026-08-21 16:46:04,85
ip,182.255.44.231,threatfox,Sliver,"threatfox,Sliver",2026-08-21 16:09:29,2026-08-21 16:46:04,85
ip,182.255.91.104,threatfox,Sliver,"threatfox,Sliver",2026-08-21 16:09:29,2026-08-21 16:46:04,85
ip,185.158.112.103,threatfox,Sliver,"threatfox,Sliver",2026-08-21 16:09:29,2026-08-21 16:46:04,85
ip,185.18.222.97,threatfox,Sliver,"threatfox,Sliver",2026-08-21 16:09:29,2026-08-21 16:46:04,85
ip,185.44.64.196,threatfox,Quasar RAT,"threatfox,CinaRAT,Quasar RAT,QuasarRAT,Yggdrasil",2026-08-21 16:09:29,2026-08-21 16:46:04,85
ip,193.161.193.99,threatfox,AsyncRAT,"threatfox,AsyncRAT,drb-ra,RAT",2026-04-24 18:59:39,2026-08-21 16:46:04,85
ip,193.24.211.108,threatfox,SectopRAT,"threatfox,1xxbot,ArechClient,SectopRAT",2026-08-21 16:09:29,2026-08-21 16:46:04,85
ip,194.59.31.36,threatfox,Quasar RAT,"threatfox,CinaRAT,Quasar RAT,QuasarRAT,Yggdrasil",2026-08-21 16:09:29,2026-08-21 16:46:04,85
ip,2.27.62.226,threatfox,Sliver,"threatfox,Sliver",2026-08-21 16:09:29,2026-08-21 16:46:04,85
ip,209.99.191.90,threatfox,Sliver,"threatfox,Sliver",2026-08-21 16:09:29,2026-08-21 16:46:04,85
ip,212.43.156.248,threatfox,SectopRAT,"threatfox,1xxbot,ArechClient,SectopRAT",2026-08-21 16:09:29,2026-08-21 16:46:04,85
ip,216.250.252.108,threatfox,AsyncRAT,"threatfox,AsyncRAT",2026-08-21 16:09:29,2026-08-21 16:46:04,85
ip,217.217.97.125,threatfox,HypeAgent,"threatfox,drb-ra,HypeAgent",2026-08-21 04:06:10,2026-08-21 16:46:04,85
ip,217.60.195.196,threatfox,PureRAT,"threatfox,drb-ra,PureHVNC,PureRAT,RAT",2026-08-21 04:06:10,2026-08-21 16:46:04,85
ip,23.94.252.82,threatfox,Sliver,"threatfox,Sliver",2026-08-21 16:09:29,2026-08-21 16:46:04,85
ip,31.59.137.166,threatfox,PureRAT,"threatfox,drb-ra,PureHVNC,PureRAT,RAT",2026-08-07 00:43:04,2026-08-21 16:46:04,85
ip,31.76.87.103,threatfox,SectopRAT,"threatfox,1xxbot,ArechClient,SectopRAT",2026-08-21 16:09:29,2026-08-21 16:46:04,85
ip,38.190.225.79,threatfox,Quasar RAT,"threatfox,CinaRAT,Quasar RAT,QuasarRAT,Yggdrasil",2026-08-21 16:09:29,2026-08-21 16:46:04,85
ip,39.105.174.162,threatfox,Unknown malware,"threatfox,SuperShell",2026-08-21 16:09:29,2026-08-21 16:46:04,85
ip,45.112.194.41,threatfox,Quasar RAT,"threatfox,CinaRAT,Quasar RAT,QuasarRAT,Yggdrasil",2026-08-21 16:09:29,2026-08-21 16:46:04,85
ip,45.119.98.107,threatfox,Quasar RAT,"threatfox,CinaRAT,Quasar RAT,QuasarRAT,Yggdrasil",2026-08-21 16:09:29,2026-08-21 16:46:04,85
ip,45.119.98.153,threatfox,Quasar RAT,"threatfox,CinaRAT,Quasar RAT,QuasarRAT,Yggdrasil",2026-08-21 16:09:29,2026-08-21 16:46:04,85
ip,45.119.98.162,threatfox,Quasar RAT,"threatfox,CinaRAT,Quasar RAT,QuasarRAT,Yggdrasil",2026-08-21 16:09:29,2026-08-21 16:46:04,85
ip,45.130.146.22,threatfox,Quasar RAT,"threatfox,CinaRAT,Quasar RAT,QuasarRAT,Yggdrasil",2026-08-21 16:09:29,2026-08-21 16:46:04,85
ip,45.140.14.97,threatfox,Sliver,"threatfox,Sliver",2026-08-21 16:09:29,2026-08-21 16:46:04,85
ip,45.141.215.40,threatfox,HypeAgent,"threatfox,drb-ra,HypeAgent",2026-08-21 04:06:10,2026-08-21 16:46:04,85
ip,45.145.228.25,threatfox,Unknown malware,"threatfox,SuperShell",2026-08-21 16:09:29,2026-08-21 16:46:04,85
ip,45.154.98.38,threatfox,AsyncRAT,"threatfox,AsyncRAT",2026-08-21 16:09:29,2026-08-21 16:46:04,85
ip,45.43.14.52,threatfox,Quasar RAT,"threatfox,CinaRAT,Quasar RAT,QuasarRAT,Yggdrasil",2026-08-21 16:09:29,2026-08-21 16:46:04,85
ip,45.61.180.161,threatfox,PureRAT,"threatfox,PureHVNC,PureRAT,ResolverRAT",2026-08-21 16:09:29,2026-08-21 16:46:04,85
ip,46.246.84.10,threatfox,AsyncRAT,"threatfox,AsyncRAT,drb-ra,RAT",2026-08-20 16:06:17,2026-08-21 16:46:04,85
ip,46.8.101.202,threatfox,Sliver,"threatfox,Sliver",2026-08-21 16:09:29,2026-08-21 16:46:04,85
ip,46.8.228.101,threatfox,Sliver,"threatfox,Sliver",2026-08-21 16:09:29,2026-08-21 16:46:04,85
ip,47.238.112.8,threatfox,Unknown malware,"threatfox,SuperShell",2026-08-21 16:09:29,2026-08-21 16:46:04,85
ip,49.232.170.10,threatfox,Sliver,"threatfox,Sliver",2026-08-21 16:09:29,2026-08-21 16:46:04,85
ip,5.230.201.54,threatfox,PureRAT,"threatfox,drb-ra,PureHVNC,PureRAT,RAT",2026-06-11 17:05:14,2026-08-21 16:46:04,85
ip,62.60.227.108,threatfox,SectopRAT,"threatfox,1xxbot,ArechClient,SectopRAT",2026-08-21 16:09:29,2026-08-21 16:46:04,85
ip,69.48.228.147,threatfox,Sliver,"threatfox,Sliver",2026-08-21 16:09:29,2026-08-21 16:46:04,85
ip,78.17.212.169,threatfox,Sliver,"threatfox,Sliver",2026-08-21 16:09:29,2026-08-21 16:46:04,85
ip,80.97.160.224,threatfox,Quasar RAT,"threatfox,CinaRAT,Quasar RAT,QuasarRAT,Yggdrasil",2026-08-21 16:09:29,2026-08-21 16:46:04,85
ip,83.106.88.18,threatfox,Quasar RAT,"threatfox,CinaRAT,Quasar RAT,QuasarRAT,Yggdrasil",2026-08-21 16:09:29,2026-08-21 16:46:04,85
ip,85.11.167.198,threatfox,Sliver,"threatfox,Sliver",2026-08-21 16:09:29,2026-08-21 16:46:04,85
ip,87.121.217.100,threatfox,Quasar RAT,"threatfox,CinaRAT,Quasar RAT,QuasarRAT,Yggdrasil",2026-08-21 16:09:29,2026-08-21 16:46:04,85
ip,89.124.124.62,threatfox,SectopRAT,"threatfox,1xxbot,ArechClient,SectopRAT",2026-08-21 16:09:29,2026-08-21 16:46:04,85
ip,89.125.209.103,threatfox,Sliver,"threatfox,Sliver",2026-08-21 16:09:29,2026-08-21 16:46:04,85
ip,91.92.241.19,threatfox,Quasar RAT,"threatfox,CinaRAT,Quasar RAT,QuasarRAT,Yggdrasil",2026-08-21 16:09:29,2026-08-21 16:46:04,85
ip,91.92.42.238,threatfox,Sliver,"threatfox,Sliver",2026-08-21 16:09:29,2026-08-21 16:46:04,85
ip,93.95.229.190,threatfox,Sliver,"threatfox,Sliver",2026-08-21 16:09:29,2026-08-21 16:46:04,85
ip,94.154.43.213,threatfox,Sliver,"threatfox,Sliver",2026-08-21 16:09:29,2026-08-21 16:46:04,85
ip,94.156.119.90,threatfox,Sliver,"threatfox,Sliver",2026-08-21 16:09:29,2026-08-21 16:46:04,85
ip,94.237.24.24,threatfox,Sliver,"threatfox,Sliver",2026-08-21 16:09:29,2026-08-21 16:46:04,85
ip,94.237.24.240,threatfox,Sliver,"threatfox,Sliver",2026-08-21 16:09:29,2026-08-21 16:46:04,85
ip,94.26.68.54,threatfox,Quasar RAT,"threatfox,CinaRAT,Quasar RAT,QuasarRAT,Yggdrasil",2026-08-21 16:09:29,2026-08-21 16:46:04,85
ip,98.142.250.238,threatfox,Quasar RAT,"threatfox,CinaRAT,Quasar RAT,QuasarRAT,Yggdrasil",2026-08-21 16:09:29,2026-08-21 16:46:04,85
url,http://105.225.189.234:48747/i,urlhaus,malware_download,"32-bit,arm,elf,mirai,Mozi",2026-08-21 16:02:05,2026-08-21 16:46:04,85
url,http://113.228.140.10:33110/i,urlhaus,malware_download,"32-bit,elf,mips,Mozi",2026-08-21 16:02:05,2026-08-21 16:46:04,85
url,http://116.55.26.114:46700/i,urlhaus,malware_download,"32-bit,arm,elf,mirai,Mozi",2026-08-21 16:02:05,2026-08-21 16:46:04,85
url,http://123.132.182.114:59660/bin.sh,urlhaus,malware_download,"32-bit,elf,mips,Mozi",2026-08-21 16:02:05,2026-08-21 16:46:04,85
url,http://123.132.182.114:59660/i,urlhaus,malware_download,"32-bit,elf,mips,Mozi",2026-08-21 16:02:05,2026-08-21 16:46:04,85
url,http://124.234.219.153:60517/bin.sh,urlhaus,malware_download,"32-bit,arm,elf,mirai,Mozi",2026-08-21 16:02:05,2026-08-21 16:46:04,85
url,http://125.47.59.152:33986/bin.sh,urlhaus,malware_download,"32-bit,elf,mips,Mozi",2026-08-21 16:02:05,2026-08-21 16:46:04,85
url,http://125.47.59.152:33986/i,urlhaus,malware_download,"32-bit,elf,mips,Mozi",2026-08-21 16:02:05,2026-08-21 16:46:04,85
url,http://163.142.94.220:54475/i,urlhaus,malware_download,,2026-08-21 16:02:05,2026-08-21 16:46:04,85
url,http://176.65.139.202/daredevil.armv5l,urlhaus,malware_download,"arm,elf,mirai,opendir,ua-wget",2026-08-21 16:02:05,2026-08-21 16:46:04,85
url,http://176.65.139.202/daredevil.armv6l,urlhaus,malware_download,"arm,elf,mirai,opendir,ua-wget",2026-08-21 16:02:05,2026-08-21 16:46:04,85
url,http://176.65.139.202/daredevil.armv7l,urlhaus,malware_download,"arm,elf,mirai,opendir,ua-wget",2026-08-21 16:02:05,2026-08-21 16:46:04,85
url,http://176.65.139.202/daredevil.mips,urlhaus,malware_download,"elf,mips,mirai,opendir,ua-wget",2026-08-21 16:02:05,2026-08-21 16:46:04,85
url,http://176.65.139.202/daredevil.mipsrouter,urlhaus,malware_download,"elf,mips,mirai,opendir,ua-wget",2026-08-21 16:02:05,2026-08-21 16:46:04,85
url,http://176.65.139.202/daredevil.powerpc,urlhaus,malware_download,"elf,mirai,opendir,PowerPC,ua-wget",2026-08-21 16:02:05,2026-08-21 16:46:04,85
url,http://176.65.139.202/daredevil.sh4,urlhaus,malware_download,"elf,mirai,opendir,SuperH,ua-wget",2026-08-21 16:02:05,2026-08-21 16:46:04,85
url,http://176.65.139.202/daredevil.x86_64,urlhaus,malware_download,"elf,mirai,opendir,ua-wget,x86",2026-08-21 16:02:05,2026-08-21 16:46:04,85
url,http://178.16.54.109/spamget.exe,urlhaus,malware_download,,2026-08-21 16:02:05,2026-08-21 16:46:04,85
url,http://182.116.20.246:39870/bin.sh,urlhaus,malware_download,"32-bit,elf,mips,Mozi",2026-08-21 16:02:05,2026-08-21 16:46:04,85
url,http://192.159.99.42/Bin/ScreenConnect.ClientSetup.exe,urlhaus,malware_download,"192-159-99-42,connectwise,exe,ua-wget",2026-08-21 16:02:05,2026-08-21 16:46:04,85
url,http://192.159.99.42/bin/support.client.exe,urlhaus,malware_download,"192-159-99-42,connectwise,exe,ua-wget",2026-08-21 16:02:05,2026-08-21 16:46:04,85
url,http://203.159.90.118/Bin/ScreenConnect.ClientSetup.exe,urlhaus,malware_download,"203-159-90-118,connectwise,exe,ua-wget",2026-08-21 16:02:05,2026-08-21 16:46:04,85
url,http://203.159.90.118/bin/support.client.exe,urlhaus,malware_download,"203-159-90-118,connectwise,exe,ua-wget",2026-08-21 16:02:05,2026-08-21 16:46:04,85
url,http://36.70.235.87:40268/i,urlhaus,malware_download,"32-bit,arm,elf,mirai,Mozi",2026-08-21 16:02:05,2026-08-21 16:46:04,85
url,http://39.61.53.157:42588/Mozi.a,urlhaus,malware_download,"elf,mips,Mozi,ua-wget",2026-08-21 16:02:05,2026-08-21 16:46:04,85
url,http://42.231.79.131:52303/i,urlhaus,malware_download,"32-bit,elf,mips,Mozi",2026-08-21 16:02:05,2026-08-21 16:46:04,85
url,http://42.235.49.187:35712/i,urlhaus,malware_download,,2026-08-21 16:02:05,2026-08-21 16:46:04,85
url,http://5.182.210.174/005679,urlhaus,malware_download,ua-wget,2026-08-21 16:02:05,2026-08-21 16:46:04,85
url,http://5.182.210.174/0eede3,urlhaus,malware_download,ua-wget,2026-08-21 16:02:05,2026-08-21 16:46:04,85
url,http://5.182.210.174/14f97a,urlhaus,malware_download,ua-wget,2026-08-21 16:02:05,2026-08-21 16:46:04,85
url,http://5.182.210.174/197001,urlhaus,malware_download,ua-wget,2026-08-21 16:02:05,2026-08-21 16:46:04,85
url,http://5.182.210.174/2cd0c9,urlhaus,malware_download,ua-wget,2026-08-21 16:02:05,2026-08-21 16:46:04,85
url,http://5.182.210.174/61e952,urlhaus,malware_download,ua-wget,2026-08-21 16:02:05,2026-08-21 16:46:04,85
url,http://5.182.210.174/70504f,urlhaus,malware_download,ua-wget,2026-08-21 16:02:05,2026-08-21 16:46:04,85
url,http://5.182.210.174/829f73,urlhaus,malware_download,ua-wget,2026-08-21 16:02:05,2026-08-21 16:46:04,85
url,http://5.182.210.174/98fab6,urlhaus,malware_download,ua-wget,2026-08-21 16:02:05,2026-08-21 16:46:04,85
url,http://5.182.210.174/c02601,urlhaus,malware_download,ua-wget,2026-08-21 16:02:05,2026-08-21 16:46:04,85
url,http://5.182.210.174/d81575,urlhaus,malware_download,ua-wget,2026-08-21 16:02:05,2026-08-21 16:46:04,85
url,http://5.182.210.174/e0207d,urlhaus,malware_download,ua-wget,2026-08-21 16:02:05,2026-08-21 16:46:04,85
url,http://91.92.242.236/files-129312398/files/file_1319bd61568f04ed.exe,urlhaus,malware_download,"c2-monitor-auto,dropped-by-amadey",2026-08-21 16:02:05,2026-08-21 16:46:04,85
url,http://91.92.242.236/files-129312398/files/file_9a5c49da1d9d1767.exe,urlhaus,malware_download,"c2-monitor-auto,dropped-by-amadey,RemusStealer",2026-08-21 16:02:05,2026-08-21 16:46:04,85
url,http://94.154.32.180/Bin/ScreenConnect.ClientSetup.exe,urlhaus,malware_download,"94-154-32-180,connectwise,exe,ua-wget",2026-08-21 16:02:05,2026-08-21 16:46:04,85
url,http://94.154.32.180/bin/support.client.exe,urlhaus,malware_download,"94-154-32-180,connectwise,exe,ua-wget",2026-08-21 16:02:05,2026-08-21 16:46:04,85
url,http://94.154.43.181/bot.aarch64,urlhaus,malware_download,"94-154-43-181,elf,mirai,ua-wget",2026-08-21 16:02:05,2026-08-21 16:46:04,85
url,http://94.154.43.181/bot.arm,urlhaus,malware_download,"94-154-43-181,elf,mirai,ua-wget",2026-08-21 16:02:05,2026-08-21 16:46:04,85
url,http://94.154.43.181/bot.arm7,urlhaus,malware_download,"94-154-43-181,elf,mirai,ua-wget",2026-08-21 16:02:05,2026-08-21 16:46:04,85
url,http://94.154.43.181/bot.i686,urlhaus,malware_download,"94-154-43-181,elf,mirai,ua-wget",2026-08-21 16:02:05,2026-08-21 16:46:04,85
url,http://94.154.43.181/bot.mips,urlhaus,malware_download,"94-154-43-181,elf,mirai,ua-wget",2026-08-21 16:02:05,2026-08-21 16:46:04,85
url,http://94.154.43.181/bot.mipsel,urlhaus,malware_download,"94-154-43-181,elf,mirai,ua-wget",2026-08-21 16:02:05,2026-08-21 16:46:04,85
url,http://94.154.43.181/bot.ppc,urlhaus,malware_download,"94-154-43-181,elf,mirai,ua-wget",2026-08-21 16:02:05,2026-08-21 16:46:04,85
url,http://94.154.43.181/bot.sh4,urlhaus,malware_download,"94-154-43-181,elf,mirai,ua-wget",2026-08-21 16:02:05,2026-08-21 16:46:04,85
url,http://94.154.43.181/bot.x86_64,urlhaus,malware_download,"94-154-43-181,elf,mirai,ua-wget",2026-08-21 16:02:05,2026-08-21 16:46:04,85
url,http://94.154.43.210/adbpersist.arm7,urlhaus,malware_download,"94-154-43-210,elf,mirai,ua-wget",2026-08-21 16:02:05,2026-08-21 16:46:04,85
url,http://94.154.43.210/arc,urlhaus,malware_download,"94-154-43-210,elf,mirai,ua-wget",2026-08-21 16:02:05,2026-08-21 16:46:04,85
url,http://94.154.43.210/arm,urlhaus,malware_download,"94-154-43-210,elf,mirai,ua-wget",2026-08-21 16:02:05,2026-08-21 16:46:04,85
url,http://94.154.43.210/arm5,urlhaus,malware_download,"94-154-43-210,elf,mirai,ua-wget",2026-08-21 16:02:05,2026-08-21 16:46:04,85
url,http://94.154.43.210/arm6,urlhaus,malware_download,"94-154-43-210,elf,mirai,ua-wget",2026-08-21 16:02:05,2026-08-21 16:46:04,85
url,http://94.154.43.210/arm7,urlhaus,malware_download,"94-154-43-210,elf,mirai,ua-wget",2026-08-21 16:02:05,2026-08-21 16:46:04,85
url,http://94.154.43.210/m68k,urlhaus,malware_download,"94-154-43-210,elf,mirai,ua-wget",2026-08-21 16:02:05,2026-08-21 16:46:04,85
url,http://94.154.43.210/mips,urlhaus,malware_download,"94-154-43-210,elf,mirai,ua-wget",2026-08-21 16:02:05,2026-08-21 16:46:04,85
url,http://94.154.43.210/mpsl,urlhaus,malware_download,"94-154-43-210,elf,mirai,ua-wget",2026-08-21 16:02:05,2026-08-21 16:46:04,85
url,http://94.154.43.210/ppc,urlhaus,malware_download,"94-154-43-210,elf,mirai,ua-wget",2026-08-21 16:02:05,2026-08-21 16:46:04,85
url,http://94.154.43.210/sh4,urlhaus,malware_download,"94-154-43-210,elf,mirai,ua-wget",2026-08-21 16:02:05,2026-08-21 16:46:04,85
url,http://94.154.43.210/spc,urlhaus,malware_download,"94-154-43-210,elf,mirai,ua-wget",2026-08-21 16:02:05,2026-08-21 16:46:04,85
url,http://94.154.43.85/amd64,urlhaus,malware_download,"94-154-43-85,DDoSAgent,elf,ua-wget",2026-08-21 16:02:05,2026-08-21 16:46:04,85
url,http://94.154.43.85/armv5l,urlhaus,malware_download,"94-154-43-85,elf,ua-wget",2026-08-21 16:02:05,2026-08-21 16:46:04,85
url,http://94.154.43.85/armv6l,urlhaus,malware_download,"94-154-43-85,elf,ua-wget",2026-08-21 16:02:05,2026-08-21 16:46:04,85
url,http://94.154.43.85/armv7l,urlhaus,malware_download,"94-154-43-85,elf,ua-wget",2026-08-21 16:02:05,2026-08-21 16:46:04,85
url,http://94.154.43.85/i686,urlhaus,malware_download,"94-154-43-85,elf,mirai,ua-wget",2026-08-21 16:02:05,2026-08-21 16:46:04,85
url,http://94.154.43.85/mips,urlhaus,malware_download,"94-154-43-85,DDoSAgent,elf,ua-wget",2026-08-21 16:02:05,2026-08-21 16:46:04,85
url,http://94.154.43.85/mipsel,urlhaus,malware_download,"94-154-43-85,DDoSAgent,elf,ua-wget",2026-08-21 16:02:05,2026-08-21 16:46:04,85
url,http://94.154.43.85/ppc64,urlhaus,malware_download,"94-154-43-85,DDoSAgent,elf,ua-wget",2026-08-21 16:02:05,2026-08-21 16:46:04,85
url,http://94.154.43.85/x86,urlhaus,malware_download,"94-154-43-85,elf,mirai,ua-wget",2026-08-21 16:02:05,2026-08-21 16:46:04,85
url,http://v-k.com.ua/vcapcha.ps1,urlhaus,malware_download,"ClickFix,clipboard,fake_verify,run_dialog,shell_payload,stage2",2026-08-21 16:02:05,2026-08-21 16:46:04,85
url,https://94.154.32.205/Bin/ScreenConnect.ClientSetup.exe,urlhaus,malware_download,"94-154-32-205,connectwise,exe,ua-wget",2026-08-21 16:02:05,2026-08-21 16:46:04,85
url,https://94.154.32.205/bin/support.client.exe,urlhaus,malware_download,"94-154-32-205,connectwise,exe,ua-wget",2026-08-21 16:02:05,2026-08-21 16:46:04,85
url,https://94.154.32.68/Bin/ScreenConnect.ClientSetup.exe,urlhaus,malware_download,"94-154-32-68,connectwise,exe,ua-wget",2026-08-21 16:02:05,2026-08-21 16:46:04,85
url,https://94.154.32.68/bin/support.client.exe,urlhaus,malware_download,"94-154-32-68,connectwise,exe,ua-wget",2026-08-21 16:02:05,2026-08-21 16:46:04,85
url,https://nimblenumbers.screenconnect.com/Bin/ScreenConnect.ClientSetup.exe,urlhaus,malware_download,"connectwise,screenconnect",2026-08-21 16:02:05,2026-08-21 16:46:04,85
