type,value,source,threat_type,tags,first_seen,last_seen,confidence
domain,0ijvvr6j.en-en--cardioslim.com,threatfox,ClearFake,"threatfox,ClearFake,mac-0x0f14,macos",2026-09-18 16:06:42,2026-09-18 17:41:14,85
domain,1xbitios.com,threatfox,ClearFake,"threatfox,ClearFake",2026-09-18 16:06:41,2026-09-18 17:41:14,85
domain,33hb26ve.usa--flashburn.com,threatfox,ClearFake,"threatfox,ClearFake,mac-0x68dc,macos",2026-09-18 04:06:29,2026-09-18 17:41:14,85
domain,4f77ejby0y.workers.dev,threatfox,php.shin_webshell,"threatfox,Cloudflare,GIF,PHP,webshell,WordPress,workers.dev,wp-admin",2026-09-18 04:06:29,2026-09-18 17:41:14,85
domain,60aahn1v.nurvealive.com,threatfox,ClearFake,"threatfox,ClearFake,mac-0x76c7,macos",2026-09-18 16:06:42,2026-09-18 17:41:14,85
domain,789joker.com,threatfox,Remcos,"threatfox,Remcos",2026-09-18 04:06:29,2026-09-18 17:41:14,85
domain,8ik02ax8.en-belly--flush.com,threatfox,ClearFake,"threatfox,ClearFake,mac-0x0f14,macos",2026-09-18 04:06:29,2026-09-18 17:41:14,85
domain,9li95l5d.en-us-cardioslimtea.us,threatfox,ClearFake,"threatfox,ClearFake,mac-0xdcf2,macos",2026-09-18 16:06:41,2026-09-18 17:41:14,85
domain,aah3bpf6.eng-eng-glucore.com,threatfox,ClearFake,"threatfox,ClearFake,mac-0x76c7,macos",2026-09-18 04:06:29,2026-09-18 17:41:14,85
domain,alcohol.4b3a91fd1b35ab2d023f5d71713a6c00.workers.dev,threatfox,Unknown malware,threatfox,2026-09-18 16:06:42,2026-09-18 17:41:14,85
domain,alibabasport.ir,threatfox,ClearFake,"threatfox,ClearFake",2026-09-18 16:06:41,2026-09-18 17:41:14,85
domain,annual.mwbwu.workers.dev,threatfox,Unknown malware,threatfox,2026-09-18 16:06:42,2026-09-18 17:41:14,85
domain,api.adriance.workers.dev,threatfox,Unknown malware,threatfox,2026-09-18 16:06:42,2026-09-18 17:41:14,85
domain,api.aiservices.workers.dev,threatfox,Unknown malware,threatfox,2026-09-18 16:06:42,2026-09-18 17:41:14,85
domain,api.federickcasto.workers.dev,threatfox,Unknown malware,threatfox,2026-09-18 16:06:42,2026-09-18 17:41:14,85
domain,api.groundexpressdispatch.workers.dev,threatfox,Unknown malware,threatfox,2026-09-18 16:06:42,2026-09-18 17:41:14,85
domain,aspentraverse.co,threatfox,SmartApeSG,"threatfox,SmartApeSG",2026-09-18 04:06:29,2026-09-18 17:41:14,85
domain,azx19-45876.portmap.host,threatfox,XWorm,"threatfox,XWorm",2026-09-18 04:06:29,2026-09-18 17:41:14,85
domain,backdoor.ok365.org,threatfox,Remcos,"threatfox,Remcos",2026-09-18 04:06:29,2026-09-18 17:41:14,85
domain,backdoor.trangchuae888.com,threatfox,Remcos,"threatfox,Remcos",2026-09-18 04:06:29,2026-09-18 17:41:14,85
domain,bam.csmq.workers.dev,threatfox,Unknown malware,threatfox,2026-09-18 16:06:42,2026-09-18 17:41:14,85
domain,betandyou90.com,threatfox,ClearFake,"threatfox,18September2026,ClearFake,Commandline,MacOS",2026-09-18 16:06:41,2026-09-18 17:41:14,85
domain,bgh7fgpgvk.workers.dev,threatfox,php.shin_webshell,"threatfox,Cloudflare,GIF,PHP,webshell,WordPress,workers.dev,wp-admin",2026-09-18 16:06:42,2026-09-18 17:41:14,85
domain,borrow.vuulh.workers.dev,threatfox,Unknown malware,threatfox,2026-09-18 16:06:42,2026-09-18 17:41:14,85
domain,britsygomez90901002.duckdns.org,threatfox,XWorm,"threatfox,XWorm",2026-09-18 04:06:29,2026-09-18 17:41:14,85
domain,build-asdasd.4b3a91fd1b35ab2d023f5d71713a6c00.workers.dev,threatfox,Unknown malware,threatfox,2026-09-18 16:06:42,2026-09-18 17:41:14,85
domain,bulb.aeafh.workers.dev,threatfox,Unknown malware,threatfox,2026-09-18 16:06:42,2026-09-18 17:41:14,85
domain,burden.aeafh.workers.dev,threatfox,Unknown malware,threatfox,2026-09-18 16:06:42,2026-09-18 17:41:14,85
domain,c2.32win03.com,threatfox,Remcos,"threatfox,Remcos",2026-09-18 04:06:29,2026-09-18 17:41:14,85
domain,c2.32win08.com,threatfox,Remcos,"threatfox,Remcos",2026-09-18 04:06:29,2026-09-18 17:41:14,85
domain,c2.32win2.com,threatfox,Remcos,"threatfox,Remcos",2026-09-18 04:06:29,2026-09-18 17:41:14,85
domain,c2.68gbsg.com,threatfox,Remcos,"threatfox,Remcos",2026-09-18 04:06:29,2026-09-18 17:41:14,85
domain,c2.789joker.com,threatfox,Remcos,"threatfox,Remcos",2026-09-18 04:06:29,2026-09-18 17:41:14,85
domain,c2.akuwin138slot.com,threatfox,Remcos,"threatfox,Remcos",2026-09-18 04:06:29,2026-09-18 17:41:14,85
domain,c2.avbs.in,threatfox,Remcos,"threatfox,Remcos",2026-09-18 04:06:29,2026-09-18 17:41:14,85
domain,c2.badana.me,threatfox,Remcos,"threatfox,Remcos",2026-09-18 04:06:29,2026-09-18 17:41:14,85
domain,c2.bioscolombia.com.co,threatfox,Remcos,"threatfox,Remcos",2026-09-18 04:06:29,2026-09-18 17:41:14,85
domain,c2.dnqj.my,threatfox,Remcos,"threatfox,Remcos",2026-09-18 04:06:29,2026-09-18 17:41:14,85
domain,c2.emphasis.co.in,threatfox,Remcos,"threatfox,Remcos",2026-09-18 04:06:29,2026-09-18 17:41:14,85
domain,c2.f5tech.in,threatfox,Remcos,"threatfox,Remcos",2026-09-18 04:06:29,2026-09-18 17:41:14,85
domain,c2.goourl.me,threatfox,Remcos,"threatfox,Remcos",2026-09-18 04:06:29,2026-09-18 17:41:14,85
domain,c2.hsdxm.buzz,threatfox,Remcos,"threatfox,Remcos",2026-09-18 04:06:29,2026-09-18 17:41:14,85
domain,c2.hyperluxe.gg,threatfox,Remcos,"threatfox,Remcos",2026-09-18 04:06:29,2026-09-18 17:41:14,85
domain,c2.j-88.co,threatfox,Remcos,"threatfox,Remcos",2026-09-18 04:06:29,2026-09-18 17:41:14,85
domain,c2.j88viet.com,threatfox,Remcos,"threatfox,Remcos",2026-09-18 04:06:29,2026-09-18 17:41:14,85
domain,c2.kubetvip.asia,threatfox,Remcos,"threatfox,Remcos",2026-09-18 04:06:29,2026-09-18 17:41:14,85
domain,c2.mtoto-wa-kuwinda.de,threatfox,Remcos,"threatfox,Remcos",2026-09-18 04:06:29,2026-09-18 17:41:14,85
domain,c2.news27.co.in,threatfox,Remcos,"threatfox,Remcos",2026-09-18 04:06:29,2026-09-18 17:41:14,85
domain,c2.ok365.org,threatfox,Remcos,"threatfox,Remcos",2026-09-18 04:06:29,2026-09-18 17:41:14,85
domain,c2.pinslot.vip,threatfox,Remcos,"threatfox,Remcos",2026-09-18 04:06:29,2026-09-18 17:41:14,85
domain,c2.saudi365.co,threatfox,Remcos,"threatfox,Remcos",2026-09-18 04:06:29,2026-09-18 17:41:14,85
domain,c2.slotsite-top10.com,threatfox,Remcos,"threatfox,Remcos",2026-09-18 04:06:29,2026-09-18 17:41:14,85
domain,c2.sunwin.sixtyseven.co.in,threatfox,Remcos,"threatfox,Remcos",2026-09-18 04:06:29,2026-09-18 17:41:14,85
domain,c2.trangchuae888.com,threatfox,Remcos,"threatfox,Remcos",2026-09-18 04:06:29,2026-09-18 17:41:14,85
domain,c2.tvcasino.co,threatfox,Remcos,"threatfox,Remcos",2026-09-18 04:06:29,2026-09-18 17:41:14,85
domain,c2.w88chinhthuc11.com,threatfox,Remcos,"threatfox,Remcos",2026-09-18 04:06:29,2026-09-18 17:41:14,85
domain,c2.w88saba13.com,threatfox,Remcos,"threatfox,Remcos",2026-09-18 04:06:29,2026-09-18 17:41:14,85
domain,c2.w88thethao26.com,threatfox,Remcos,"threatfox,Remcos",2026-09-18 04:06:29,2026-09-18 17:41:14,85
domain,c2.web8kbetchinhthuc.buzz,threatfox,Remcos,"threatfox,Remcos",2026-09-18 04:06:29,2026-09-18 17:41:14,85
domain,c2.zuexz.buzz,threatfox,Remcos,"threatfox,Remcos",2026-09-18 04:06:29,2026-09-18 17:41:14,85
domain,camp.4b3a91fd1b35ab2d023f5d71713a6c00.workers.dev,threatfox,Unknown malware,threatfox,2026-09-18 16:06:42,2026-09-18 17:41:14,85
domain,cdn.clintonpqfg-adriance.workers.dev,threatfox,Unknown malware,threatfox,2026-09-18 16:06:42,2026-09-18 17:41:14,85
domain,cdn.mcsq.workers.dev,threatfox,Unknown malware,threatfox,2026-09-18 16:06:42,2026-09-18 17:41:14,85
domain,cellardoorchocolates.online,threatfox,Remcos,"threatfox,Remcos",2026-09-18 04:06:29,2026-09-18 17:41:14,85
domain,cfd.fins.workers.dev,threatfox,Unknown malware,threatfox,2026-09-18 16:06:42,2026-09-18 17:41:14,85
domain,check.adriance.workers.dev,threatfox,Unknown malware,threatfox,2026-09-18 16:06:42,2026-09-18 17:41:14,85
domain,check.mcsq.workers.dev,threatfox,Unknown malware,threatfox,2026-09-18 16:06:42,2026-09-18 17:41:14,85
domain,chic-toys.com,threatfox,ClearFake,"threatfox,compromised,EtherHide",2026-09-18 04:06:29,2026-09-18 17:41:14,85
domain,churchoflife.io,threatfox,Unknown RAT,"threatfox,ConnectWise,RMM,ScreenConnect",2026-09-18 16:06:41,2026-09-18 17:41:14,85
domain,ciu2swv9.alibabasport.ir,threatfox,ClearFake,"threatfox,ClearFake,mac-0x68dc,macos",2026-09-18 16:06:41,2026-09-18 17:41:14,85
domain,clean.csmq.workers.dev,threatfox,Unknown malware,threatfox,2026-09-18 16:06:42,2026-09-18 17:41:14,85
domain,cms.csmq.workers.dev,threatfox,Unknown malware,threatfox,2026-09-18 16:06:42,2026-09-18 17:41:14,85
domain,coffee.wiwgf.workers.dev,threatfox,Unknown malware,threatfox,2026-09-18 16:06:42,2026-09-18 17:41:14,85
domain,connect.defenders.workers.dev,threatfox,Unknown malware,threatfox,2026-09-18 16:06:42,2026-09-18 17:41:14,85
domain,connect.mcfind.workers.dev,threatfox,Unknown malware,threatfox,2026-09-18 16:06:42,2026-09-18 17:41:14,85
domain,craft.zjkgx.workers.dev,threatfox,Unknown malware,threatfox,2026-09-18 16:06:42,2026-09-18 17:41:14,85
domain,crane.ncsgo.workers.dev,threatfox,Unknown malware,threatfox,2026-09-18 16:06:42,2026-09-18 17:41:14,85
domain,crs.aiservices.workers.dev,threatfox,Unknown malware,threatfox,2026-09-18 16:06:42,2026-09-18 17:41:14,85
domain,crs.defenders.workers.dev,threatfox,Unknown malware,threatfox,2026-09-18 16:06:42,2026-09-18 17:41:14,85
domain,csjr0p6y.www-bellyflush.com,threatfox,ClearFake,"threatfox,ClearFake,mac-0x0f14,macos",2026-09-18 16:06:41,2026-09-18 17:41:14,85
domain,cup.wiwgf.workers.dev,threatfox,Unknown malware,threatfox,2026-09-18 16:06:42,2026-09-18 17:41:14,85
domain,d83fvnq4f0.workers.dev,threatfox,php.shin_webshell,"threatfox,Cloudflare,GIF,PHP,webshell,WordPress,workers.dev,wp-admin",2026-09-18 16:06:41,2026-09-18 17:41:14,85
domain,dawn.ssybd.workers.dev,threatfox,Unknown malware,threatfox,2026-09-18 16:06:42,2026-09-18 17:41:14,85
domain,defy.3ce7ab2da45404231f376cac66904a01.workers.dev,threatfox,Unknown malware,threatfox,2026-09-18 16:06:42,2026-09-18 17:41:14,85
domain,degebi.workers.dev,threatfox,php.shin_webshell,"threatfox,Cloudflare,GIF,PHP,webshell,WordPress,workers.dev,wp-admin",2026-09-18 16:06:42,2026-09-18 17:41:14,85
domain,depart.aasya.workers.dev,threatfox,Unknown malware,threatfox,2026-09-18 16:06:42,2026-09-18 17:41:14,85
domain,dheya.dheya.workers.dev,threatfox,Unknown malware,threatfox,2026-09-18 16:06:42,2026-09-18 17:41:14,85
domain,diabetir.online,threatfox,ClearFake,"threatfox,ClearFake",2026-09-18 16:06:41,2026-09-18 17:41:14,85
domain,dice.1467dd4e407bdff28460ad05765f04e0.workers.dev,threatfox,Unknown malware,threatfox,2026-09-18 16:06:42,2026-09-18 17:41:14,85
domain,doctorboundary.xyz,threatfox,Unknown Loader,"threatfox,OffLoader",2026-09-18 16:06:42,2026-09-18 17:41:14,85
domain,drip.mwbwu.workers.dev,threatfox,Unknown malware,threatfox,2026-09-18 16:06:42,2026-09-18 17:41:14,85
domain,e9po0d3brl.workers.dev,threatfox,php.shin_webshell,"threatfox,Cloudflare,GIF,PHP,webshell,WordPress,workers.dev,wp-admin",2026-09-18 04:06:29,2026-09-18 17:41:14,85
domain,edit.wiwgf.workers.dev,threatfox,Unknown malware,threatfox,2026-09-18 16:06:42,2026-09-18 17:41:14,85
domain,en-us-cardioslimtea.us,threatfox,ClearFake,"threatfox,18September2026,ClearFake,Commandline,MacOS",2026-09-18 16:06:41,2026-09-18 17:41:14,85
domain,endorse8767.lrndn.workers.dev,threatfox,Unknown malware,threatfox,2026-09-18 16:06:42,2026-09-18 17:41:14,85
domain,engage.aeafh.workers.dev,threatfox,Unknown malware,threatfox,2026-09-18 16:06:42,2026-09-18 17:41:14,85
domain,enus-beastforce.com,threatfox,ClearFake,"threatfox,ClearFake",2026-09-18 16:06:42,2026-09-18 17:41:14,85
domain,essence.ncsgo.workers.dev,threatfox,Unknown malware,threatfox,2026-09-18 16:06:42,2026-09-18 17:41:14,85
domain,evil.mwbwu.workers.dev,threatfox,Unknown malware,threatfox,2026-09-18 16:06:42,2026-09-18 17:41:14,85
domain,evoke.wiwgf.workers.dev,threatfox,Unknown malware,threatfox,2026-09-18 16:06:42,2026-09-18 17:41:14,85
domain,ew779n8ja1.workers.dev,threatfox,php.shin_webshell,"threatfox,Cloudflare,GIF,PHP,webshell,WordPress,workers.dev,wp-admin",2026-09-18 04:06:29,2026-09-18 17:41:14,85
domain,excite.aeafh.workers.dev,threatfox,Unknown malware,threatfox,2026-09-18 16:06:42,2026-09-18 17:41:14,85
domain,exercise.mwbwu.workers.dev,threatfox,Unknown malware,threatfox,2026-09-18 16:06:42,2026-09-18 17:41:14,85
domain,f2z84wi9.usa-enerflow.us,threatfox,ClearFake,"threatfox,ClearFake,mac-0x68dc,macos",2026-09-18 04:06:29,2026-09-18 17:41:14,85
domain,f3e33vzn.nurvesoothe.com,threatfox,ClearFake,"threatfox,ClearFake,mac-0x76c7,macos",2026-09-18 16:06:41,2026-09-18 17:41:14,85
domain,false.wiwgf.workers.dev,threatfox,Unknown malware,threatfox,2026-09-18 16:06:42,2026-09-18 17:41:14,85
domain,farm.aeafh.workers.dev,threatfox,Unknown malware,threatfox,2026-09-18 16:06:42,2026-09-18 17:41:14,85
domain,fflupuez.smartwaterbox.us,threatfox,ClearFake,"threatfox,ClearFake,mac-0x68dc,macos",2026-09-18 04:06:29,2026-09-18 17:41:14,85
domain,find.csmq.workers.dev,threatfox,Unknown malware,threatfox,2026-09-18 16:06:42,2026-09-18 17:41:14,85
domain,fit.wiwgf.workers.dev,threatfox,Unknown malware,threatfox,2026-09-18 16:06:42,2026-09-18 17:41:14,85
domain,fly.wiwgf.workers.dev,threatfox,Unknown malware,threatfox,2026-09-18 16:06:42,2026-09-18 17:41:14,85
domain,frequent.adam-46c.workers.dev,threatfox,Unknown malware,threatfox,2026-09-18 16:06:42,2026-09-18 17:41:14,85
domain,friendsanchor.xyz,threatfox,Unknown Loader,"threatfox,OffLoader",2026-09-18 16:06:42,2026-09-18 17:41:14,85
domain,frown76.hxjcj-klolko.workers.dev,threatfox,Unknown malware,threatfox,2026-09-18 16:06:42,2026-09-18 17:41:14,85
domain,fv1hcoo0.neuro-neurosharp.com,threatfox,ClearFake,"threatfox,ClearFake,mac-0x68dc,macos",2026-09-18 16:06:42,2026-09-18 17:41:14,85
domain,fvrfq4s8.us-slimsplitsmethod.com,threatfox,ClearFake,"threatfox,ClearFake,mac-0x68dc,macos",2026-09-18 16:06:42,2026-09-18 17:41:14,85
domain,ga888.icu,threatfox,Quasar RAT,"threatfox,quasar",2026-09-18 04:06:29,2026-09-18 17:41:14,85
domain,gaezskoynbrisk.com,threatfox,IClickFix,"threatfox,ClickFix,Mac",2026-09-18 16:06:41,2026-09-18 17:41:14,85
domain,gcif61zz.belly--flush.com,threatfox,ClearFake,"threatfox,ClearFake,mac-0xdcf2,macos",2026-09-18 04:06:29,2026-09-18 17:41:14,85
domain,get.whitelllshop.icu,threatfox,Unknown malware,"threatfox,balada,ClickFix",2026-09-18 16:06:42,2026-09-18 17:41:14,85
domain,globe.aeafh.workers.dev,threatfox,Unknown malware,threatfox,2026-09-18 16:06:42,2026-09-18 17:41:14,85
domain,grace.aeafh.workers.dev,threatfox,Unknown malware,threatfox,2026-09-18 16:06:42,2026-09-18 17:41:14,85
domain,habibventure.com,threatfox,ClearFake,"threatfox,compromised,EtherHide",2026-09-18 16:06:41,2026-09-18 17:41:14,85
domain,help.mcsq.workers.dev,threatfox,Unknown malware,threatfox,2026-09-18 16:06:42,2026-09-18 17:41:14,85
domain,help1.mcsq.workers.dev,threatfox,Unknown malware,threatfox,2026-09-18 16:06:42,2026-09-18 17:41:14,85
domain,husband.wiwgf.workers.dev,threatfox,Unknown malware,threatfox,2026-09-18 16:06:42,2026-09-18 17:41:14,85
domain,inherit.zjkgx.workers.dev,threatfox,Unknown malware,threatfox,2026-09-18 16:06:42,2026-09-18 17:41:14,85
domain,injury.vuulh.workers.dev,threatfox,Unknown malware,threatfox,2026-09-18 16:06:42,2026-09-18 17:41:14,85
domain,iron.qdzibqajika.workers.dev,threatfox,Unknown malware,threatfox,2026-09-18 16:06:42,2026-09-18 17:41:14,85
domain,item.ikevbhm-gitch.workers.dev,threatfox,Unknown malware,threatfox,2026-09-18 16:06:42,2026-09-18 17:41:14,85
domain,j2zz03ut.belly-flush.us,threatfox,ClearFake,"threatfox,ClearFake,mac-0xdcf2,macos",2026-09-18 16:06:42,2026-09-18 17:41:14,85
domain,j88.cellardoorchocolates.online,threatfox,Remcos,"threatfox,Remcos",2026-09-18 04:06:29,2026-09-18 17:41:14,85
domain,jun88vn.bet,threatfox,Quasar RAT,"threatfox,quasar",2026-09-18 04:06:29,2026-09-18 17:41:14,85
domain,kikk69fvi2.workers.dev,threatfox,php.shin_webshell,"threatfox,Cloudflare,GIF,PHP,webshell,WordPress,workers.dev,wp-admin",2026-09-18 16:06:42,2026-09-18 17:41:14,85
domain,kiln-skioi-c29ap.com,threatfox,IClickFix,"threatfox,ClickFix,Mac",2026-09-18 16:06:41,2026-09-18 17:41:14,85
domain,kubetvip.asia,threatfox,Remcos,"threatfox,Remcos",2026-09-18 04:06:29,2026-09-18 17:41:14,85
domain,kz.199cuan.org,threatfox,Vidar,"threatfox,vidar",2026-09-18 16:06:41,2026-09-18 17:41:14,85
domain,kz.zk89.net,threatfox,Vidar,"threatfox,vidar",2026-09-18 16:06:41,2026-09-18 17:41:14,85
domain,leaf-core.com,threatfox,AMOS,"threatfox,AMOS,ClickFix,Foxveil,macOS",2026-09-18 16:06:42,2026-09-18 17:41:14,85
domain,liannequintessential.workers.dev,threatfox,php.shin_webshell,"threatfox,Cloudflare,GIF,PHP,webshell,WordPress,workers.dev,wp-admin",2026-09-18 04:06:29,2026-09-18 17:41:14,85
domain,little.vwgze.workers.dev,threatfox,Unknown malware,threatfox,2026-09-18 16:06:42,2026-09-18 17:41:14,85
domain,lnuch69247.workers.dev,threatfox,php.shin_webshell,"threatfox,Cloudflare,GIF,PHP,webshell,WordPress,workers.dev,wp-admin",2026-09-18 04:06:29,2026-09-18 17:41:14,85
domain,lobster.aeafh.workers.dev,threatfox,Unknown malware,threatfox,2026-09-18 16:06:42,2026-09-18 17:41:14,85
domain,lodalasan22wwee.duckdns.org,threatfox,XWorm,"threatfox,XWorm",2026-09-18 04:06:29,2026-09-18 17:41:14,85
domain,ltcor72282.workers.dev,threatfox,php.shin_webshell,"threatfox,Cloudflare,GIF,PHP,webshell,WordPress,workers.dev,wp-admin",2026-09-18 16:06:42,2026-09-18 17:41:14,85
domain,lulugisy.workers.dev,threatfox,php.shin_webshell,"threatfox,Cloudflare,GIF,PHP,webshell,WordPress,workers.dev,wp-admin",2026-09-18 16:06:42,2026-09-18 17:41:14,85
domain,lyph0k3g.enus-beastforce.com,threatfox,ClearFake,"threatfox,ClearFake,mac-0x68dc,macos",2026-09-18 16:06:42,2026-09-18 17:41:14,85
domain,ma.199cuan.org,threatfox,Vidar,"threatfox,vidar",2026-09-18 16:06:41,2026-09-18 17:41:14,85
domain,ma.zk89.net,threatfox,Vidar,"threatfox,vidar",2026-09-18 16:06:41,2026-09-18 17:41:14,85
domain,machine.ncsgo.workers.dev,threatfox,Unknown malware,threatfox,2026-09-18 16:06:42,2026-09-18 17:41:14,85
domain,mail.wiwgf.workers.dev,threatfox,Unknown malware,threatfox,2026-09-18 16:06:42,2026-09-18 17:41:14,85
domain,majithiamasala.co.in,threatfox,ClearFake,"threatfox,compromised,EtherHide",2026-09-18 16:06:41,2026-09-18 17:41:14,85
domain,make.thbwi.workers.dev,threatfox,Unknown malware,threatfox,2026-09-18 16:06:42,2026-09-18 17:41:14,85
domain,marquesuavisita.com.br,threatfox,ClearFake,"threatfox,compromised,EtherHide",2026-09-18 16:06:42,2026-09-18 17:41:14,85
domain,mauritaalright.workers.dev,threatfox,php.shin_webshell,"threatfox,Cloudflare,GIF,PHP,webshell,WordPress,workers.dev,wp-admin",2026-09-18 16:06:41,2026-09-18 17:41:14,85
domain,mb66.contact,threatfox,Quasar RAT,"threatfox,quasar",2026-09-18 04:06:29,2026-09-18 17:41:14,85
domain,mb66.money,threatfox,Quasar RAT,"threatfox,quasar",2026-09-18 04:06:29,2026-09-18 17:41:14,85
domain,mb661.click,threatfox,Quasar RAT,"threatfox,quasar",2026-09-18 04:06:29,2026-09-18 17:41:14,85
domain,mb669.win,threatfox,Quasar RAT,"threatfox,quasar",2026-09-18 04:06:29,2026-09-18 17:41:14,85
domain,mb66d.pro,threatfox,Quasar RAT,"threatfox,quasar",2026-09-18 04:06:29,2026-09-18 17:41:14,85
domain,mcw.appgame.fit,threatfox,Quasar RAT,"threatfox,quasar",2026-09-18 04:06:29,2026-09-18 17:41:14,85
domain,message.uljhs.workers.dev,threatfox,Unknown malware,threatfox,2026-09-18 16:06:42,2026-09-18 17:41:14,85
domain,mimhq25218.workers.dev,threatfox,php.shin_webshell,"threatfox,Cloudflare,GIF,PHP,webshell,WordPress,workers.dev,wp-admin",2026-09-18 16:06:41,2026-09-18 17:41:14,85
domain,mtoto-wa-kuwinda.de,threatfox,Remcos,"threatfox,Remcos",2026-09-18 04:06:29,2026-09-18 17:41:14,85
domain,neuro-neurosharp.com,threatfox,ClearFake,"threatfox,18September2026,ClearFake,Commandline,MacOS",2026-09-18 16:06:42,2026-09-18 17:41:14,85
domain,news24-news.sa.com,threatfox,Remcos,"threatfox,Remcos",2026-09-18 04:06:29,2026-09-18 17:41:14,85
domain,news27.co.in,threatfox,Remcos,"threatfox,Remcos",2026-09-18 04:06:29,2026-09-18 17:41:14,85
domain,newskapital.com,threatfox,ClearFake,"threatfox,compromised,EtherHide",2026-09-18 04:06:29,2026-09-18 17:41:14,85
domain,nurvesoothe.com,threatfox,ClearFake,"threatfox,ClearFake",2026-09-18 16:06:41,2026-09-18 17:41:14,85
domain,nyecoin.io,threatfox,Quasar RAT,"threatfox,quasar",2026-09-18 04:06:29,2026-09-18 17:41:14,85
domain,occur.aeafh.workers.dev,threatfox,Unknown malware,threatfox,2026-09-18 16:06:42,2026-09-18 17:41:14,85
domain,ok8368.io,threatfox,Quasar RAT,"threatfox,quasar",2026-09-18 04:06:29,2026-09-18 17:41:14,85
domain,olympic.wiwgf.workers.dev,threatfox,Unknown malware,threatfox,2026-09-18 16:06:42,2026-09-18 17:41:14,85
domain,omrents.com,threatfox,ClearFake,"threatfox,compromised,EtherHide",2026-09-18 16:06:42,2026-09-18 17:41:14,85
domain,open.csmq.workers.dev,threatfox,Unknown malware,threatfox,2026-09-18 16:06:42,2026-09-18 17:41:14,85
domain,ownqs.com-info.bid,threatfox,Quasar RAT,"threatfox,quasar",2026-09-18 04:06:29,2026-09-18 17:41:14,85
domain,packet.mwbwu.workers.dev,threatfox,Unknown malware,threatfox,2026-09-18 16:06:42,2026-09-18 17:41:14,85
domain,palace.mdlrh.workers.dev,threatfox,Unknown malware,threatfox,2026-09-18 16:06:42,2026-09-18 17:41:14,85
domain,pastoralresume.proclaimdesign.com,threatfox,ClearFake,"threatfox,compromised,EtherHide",2026-09-18 16:06:42,2026-09-18 17:41:14,85
domain,peanut.aeafh.workers.dev,threatfox,Unknown malware,threatfox,2026-09-18 16:06:42,2026-09-18 17:41:14,85
domain,pet.ncsgo.workers.dev,threatfox,Unknown malware,threatfox,2026-09-18 16:06:42,2026-09-18 17:41:14,85
domain,pinslot.vip,threatfox,Remcos,"threatfox,Remcos",2026-09-18 04:06:29,2026-09-18 17:41:14,85
domain,pjw2jloy.synadentics.com,threatfox,ClearFake,"threatfox,ClearFake,mac-0x68dc,macos",2026-09-18 04:06:29,2026-09-18 17:41:14,85
domain,plain-wood-6829.aasya.workers.dev,threatfox,Unknown malware,threatfox,2026-09-18 16:06:42,2026-09-18 17:41:14,85
domain,postaspen18.com,threatfox,AMOS,"threatfox,AMOS,ClickFix,Foxveil,macOS",2026-09-18 16:06:42,2026-09-18 17:41:14,85
domain,puwqx93041.workers.dev,threatfox,php.shin_webshell,"threatfox,Cloudflare,GIF,PHP,webshell,WordPress,workers.dev,wp-admin",2026-09-18 04:06:29,2026-09-18 17:41:14,85
domain,qs-work.com-info.bid,threatfox,Quasar RAT,"threatfox,quasar",2026-09-18 04:06:29,2026-09-18 17:41:14,85
domain,rally.wiwgf.workers.dev,threatfox,Unknown malware,threatfox,2026-09-18 16:06:42,2026-09-18 17:41:14,85
domain,rarufusi.workers.dev,threatfox,php.shin_webshell,"threatfox,Cloudflare,GIF,PHP,webshell,WordPress,workers.dev,wp-admin",2026-09-18 16:06:41,2026-09-18 17:41:14,85
domain,region8879.hxjcj-klolko.workers.dev,threatfox,Unknown malware,threatfox,2026-09-18 16:06:42,2026-09-18 17:41:14,85
domain,remember.ncsgo.workers.dev,threatfox,Unknown malware,threatfox,2026-09-18 16:06:42,2026-09-18 17:41:14,85
domain,render.wiwgf.workers.dev,threatfox,Unknown malware,threatfox,2026-09-18 16:06:42,2026-09-18 17:41:14,85
domain,retire.qdzibqajika.workers.dev,threatfox,Unknown malware,threatfox,2026-09-18 16:06:42,2026-09-18 17:41:14,85
domain,rich.aasya.workers.dev,threatfox,Unknown malware,threatfox,2026-09-18 16:06:42,2026-09-18 17:41:14,85
domain,right.4b3a91fd1b35ab2d023f5d71713a6c00.workers.dev,threatfox,Unknown malware,threatfox,2026-09-18 16:06:42,2026-09-18 17:41:14,85
domain,romance.aasya.workers.dev,threatfox,Unknown malware,threatfox,2026-09-18 16:06:42,2026-09-18 17:41:14,85
domain,rr88-link.com,threatfox,Remcos,"threatfox,Remcos",2026-09-18 04:06:29,2026-09-18 17:41:14,85
domain,rsmze54782.workers.dev,threatfox,php.shin_webshell,"threatfox,Cloudflare,GIF,PHP,webshell,WordPress,workers.dev,wp-admin",2026-09-18 16:06:41,2026-09-18 17:41:14,85
domain,s48bo9y4.en-en--enerflow.com,threatfox,ClearFake,"threatfox,ClearFake,mac-0x0f14,macos",2026-09-18 16:06:42,2026-09-18 17:41:14,85
domain,s666hp.com,threatfox,Remcos,"threatfox,Remcos",2026-09-18 04:06:29,2026-09-18 17:41:14,85
domain,s8.coach,threatfox,Remcos,"threatfox,Remcos",2026-09-18 04:06:29,2026-09-18 17:41:14,85
domain,sallowcloister.co,threatfox,SmartApeSG,"threatfox,SmartApeSG",2026-09-18 16:06:41,2026-09-18 17:41:14,85
domain,saudi365.co,threatfox,Remcos,"threatfox,Remcos",2026-09-18 04:06:29,2026-09-18 17:41:14,85
domain,scare.zedqo.workers.dev,threatfox,Unknown malware,threatfox,2026-09-18 16:06:42,2026-09-18 17:41:14,85
domain,school.ncsgo.workers.dev,threatfox,Unknown malware,threatfox,2026-09-18 16:06:42,2026-09-18 17:41:14,85
domain,scientologyschweiz.ch,threatfox,ClearFake,"threatfox,compromised,EtherHide",2026-09-18 16:06:42,2026-09-18 17:41:14,85
domain,sddfgdqw45tj-35300.portmap.host,threatfox,XWorm,"threatfox,XWorm",2026-09-18 04:06:29,2026-09-18 17:41:14,85
domain,search.csmq.workers.dev,threatfox,Unknown malware,threatfox,2026-09-18 16:06:42,2026-09-18 17:41:14,85
domain,seat.wiwgf.workers.dev,threatfox,Unknown malware,threatfox,2026-09-18 16:06:42,2026-09-18 17:41:14,85
domain,seolink.in.net,threatfox,Remcos,"threatfox,Remcos",2026-09-18 04:06:29,2026-09-18 17:41:14,85
domain,sh.199cuan.org,threatfox,Vidar,"threatfox,vidar",2026-09-18 04:06:29,2026-09-18 17:41:14,85
domain,sh.zk89.net,threatfox,Vidar,"threatfox,vidar",2026-09-18 04:06:29,2026-09-18 17:41:14,85
domain,shiningmooncare.com.au,threatfox,ClearFake,"threatfox,compromised,EtherHide",2026-09-18 16:06:41,2026-09-18 17:41:14,85
domain,siren.aeafh.workers.dev,threatfox,Unknown malware,threatfox,2026-09-18 16:06:42,2026-09-18 17:41:14,85
domain,slam.ssybd.workers.dev,threatfox,Unknown malware,threatfox,2026-09-18 16:06:42,2026-09-18 17:41:14,85
domain,slotsite-top10.com,threatfox,Remcos,"threatfox,Remcos",2026-09-18 04:06:29,2026-09-18 17:41:14,85
domain,smart.ikevbhm-gitch.workers.dev,threatfox,Unknown malware,threatfox,2026-09-18 16:06:42,2026-09-18 17:41:14,85
domain,smartwaterbox.us,threatfox,ClearFake,"threatfox,17September2026,ClearFake,Commandline,MacOS",2026-09-18 04:06:29,2026-09-18 17:41:14,85
domain,soft-feather-0c50.alladinbarry.workers.dev,threatfox,Unknown malware,threatfox,2026-09-18 16:06:42,2026-09-18 17:41:14,85
domain,solid.mwbwu.workers.dev,threatfox,Unknown malware,threatfox,2026-09-18 16:06:42,2026-09-18 17:41:14,85
domain,spiritofswitzerland.ch,threatfox,ClearFake,"threatfox,compromised,EtherHide",2026-09-18 16:06:42,2026-09-18 17:41:14,85
domain,spray.mwbwu.workers.dev,threatfox,Unknown malware,threatfox,2026-09-18 16:06:42,2026-09-18 17:41:14,85
domain,src.mcfind.workers.dev,threatfox,Unknown malware,threatfox,2026-09-18 16:06:42,2026-09-18 17:41:14,85
domain,src.mcsq.workers.dev,threatfox,Unknown malware,threatfox,2026-09-18 16:06:42,2026-09-18 17:41:14,85
domain,start.csmq.workers.dev,threatfox,Unknown malware,threatfox,2026-09-18 16:06:42,2026-09-18 17:41:14,85
domain,suggest.wiwgf.workers.dev,threatfox,Unknown malware,threatfox,2026-09-18 16:06:42,2026-09-18 17:41:14,85
domain,suibzkdc.wece.store,threatfox,ClearFake,"threatfox,ClearFake,mac-0x0f14,macos",2026-09-18 04:06:29,2026-09-18 17:41:14,85
domain,sunwin.sixtyseven.co.in,threatfox,Remcos,"threatfox,Remcos",2026-09-18 04:06:29,2026-09-18 17:41:14,85
domain,swampfak.hxjcj-klolko.workers.dev,threatfox,Unknown malware,threatfox,2026-09-18 16:06:42,2026-09-18 17:41:14,85
domain,synadentics.com,threatfox,ClearFake,"threatfox,ClearFake",2026-09-18 04:06:29,2026-09-18 17:41:14,85
domain,synton.ch,threatfox,ClearFake,"threatfox,compromised,EtherHide",2026-09-18 16:06:41,2026-09-18 17:41:14,85
domain,t.vwgze.workers.dev,threatfox,Unknown malware,threatfox,2026-09-18 16:06:42,2026-09-18 17:41:14,85
domain,tawona.co.za,threatfox,ClearFake,"threatfox,compromised,EtherHide",2026-09-18 16:06:42,2026-09-18 17:41:14,85
domain,test.adriance.workers.dev,threatfox,Unknown malware,threatfox,2026-09-18 16:06:42,2026-09-18 17:41:14,85
domain,test.mcfind.workers.dev,threatfox,Unknown malware,threatfox,2026-09-18 16:06:42,2026-09-18 17:41:14,85
domain,thank.ncsgo.workers.dev,threatfox,Unknown malware,threatfox,2026-09-18 16:06:42,2026-09-18 17:41:14,85
domain,tilt.wiwgf.workers.dev,threatfox,Unknown malware,threatfox,2026-09-18 16:06:42,2026-09-18 17:41:14,85
domain,tissue.ncsgo.workers.dev,threatfox,Unknown malware,threatfox,2026-09-18 16:06:42,2026-09-18 17:41:14,85
domain,tissues-carers.tun.ply.gg,threatfox,XWorm,"threatfox,XWorm",2026-09-18 04:06:29,2026-09-18 17:41:14,85
domain,tms.vwgze.workers.dev,threatfox,Unknown malware,threatfox,2026-09-18 16:06:42,2026-09-18 17:41:14,85
domain,tomato.ncsgo.workers.dev,threatfox,Unknown malware,threatfox,2026-09-18 16:06:42,2026-09-18 17:41:14,85
domain,too.wiwgf.workers.dev,threatfox,Unknown malware,threatfox,2026-09-18 16:06:42,2026-09-18 17:41:14,85
domain,tool.mdlrh.workers.dev,threatfox,Unknown malware,threatfox,2026-09-18 16:06:42,2026-09-18 17:41:14,85
domain,tool.wiwgf.workers.dev,threatfox,Unknown malware,threatfox,2026-09-18 16:06:42,2026-09-18 17:41:14,85
domain,tvcasino.co,threatfox,Remcos,"threatfox,Remcos",2026-09-18 04:06:29,2026-09-18 17:41:14,85
domain,u888vn.co,threatfox,Remcos,"threatfox,Remcos",2026-09-18 04:06:29,2026-09-18 17:41:14,85
domain,undo.ssybd.workers.dev,threatfox,Unknown malware,threatfox,2026-09-18 16:06:42,2026-09-18 17:41:14,85
domain,upon.zedqo.workers.dev,threatfox,Unknown malware,threatfox,2026-09-18 16:06:42,2026-09-18 17:41:14,85
domain,usa--flashburn.com,threatfox,ClearFake,"threatfox,ClearFake",2026-09-18 04:06:29,2026-09-18 17:41:14,85
domain,usa-enerflow.us,threatfox,ClearFake,"threatfox,ClearFake",2026-09-18 04:06:29,2026-09-18 17:41:14,85
domain,usa-gutlite.us,threatfox,ClearFake,"threatfox,18September2026,ClearFake,Commandline,DomainShadowing,Windows",2026-09-18 16:06:41,2026-09-18 17:41:14,85
domain,verifiedcarrier.alladinbarry.workers.dev,threatfox,Unknown malware,threatfox,2026-09-18 16:06:42,2026-09-18 17:41:14,85
domain,vinmartfoundation.org,threatfox,ClearFake,"threatfox,compromised,EtherHide",2026-09-18 16:06:41,2026-09-18 17:41:14,85
domain,vla.tcptunnel.su,threatfox,XWorm,"threatfox,XWorm",2026-09-18 04:06:29,2026-09-18 17:41:14,85
domain,w88chinhthuc11.com,threatfox,Remcos,"threatfox,Remcos",2026-09-18 04:06:29,2026-09-18 17:41:14,85
domain,wandering-field-2b83.aasya.workers.dev,threatfox,Unknown malware,threatfox,2026-09-18 16:06:42,2026-09-18 17:41:14,85
domain,wavedato.workers.dev,threatfox,php.shin_webshell,"threatfox,Cloudflare,GIF,PHP,webshell,WordPress,workers.dev,wp-admin",2026-09-18 16:06:42,2026-09-18 17:41:14,85
domain,web8kbetchinhthuc.buzz,threatfox,Remcos,"threatfox,Remcos",2026-09-18 04:06:29,2026-09-18 17:41:14,85
domain,webzine.hjculture.org,threatfox,ClearFake,"threatfox,compromised,EtherHide",2026-09-18 16:06:42,2026-09-18 17:41:14,85
domain,wece.store,threatfox,ClearFake,"threatfox,17September2026,ClearFake,Commandline,MacOS",2026-09-18 04:06:29,2026-09-18 17:41:14,85
domain,wise.wiwgf.workers.dev,threatfox,Unknown malware,threatfox,2026-09-18 16:06:42,2026-09-18 17:41:14,85
domain,wordpresslogin.kinsta.cloud,threatfox,Unknown malware,"threatfox,balada,ClickFix",2026-09-18 16:06:42,2026-09-18 17:41:14,85
domain,wreck.wiwgf.workers.dev,threatfox,Unknown malware,threatfox,2026-09-18 16:06:42,2026-09-18 17:41:14,85
domain,write567.hxjcj-klolko.workers.dev,threatfox,Unknown malware,threatfox,2026-09-18 16:06:42,2026-09-18 17:41:14,85
domain,www.ecorgysolutions.com,threatfox,ClearFake,"threatfox,compromised,EtherHide",2026-09-18 16:06:41,2026-09-18 17:41:14,85
domain,www.fitness-magazine.com,threatfox,ClearFake,"threatfox,compromised,EtherHide",2026-09-18 16:06:42,2026-09-18 17:41:14,85
domain,www.jeffersontomaz1749157674000.construtoraeverest.com.br,threatfox,ClearFake,"threatfox,compromised,EtherHide",2026-09-18 16:06:41,2026-09-18 17:41:14,85
domain,www.mb6623.com,threatfox,Quasar RAT,"threatfox,quasar",2026-09-18 04:06:29,2026-09-18 17:41:14,85
domain,www.shanefoods.com,threatfox,ClearFake,"threatfox,compromised,EtherHide",2026-09-18 16:06:41,2026-09-18 17:41:14,85
domain,www.steuern-und-strafe.de,threatfox,ClearFake,"threatfox,compromised,EtherHide",2026-09-18 16:06:42,2026-09-18 17:41:14,85
domain,www.sunwin1.bz,threatfox,Quasar RAT,"threatfox,quasar",2026-09-18 04:06:29,2026-09-18 17:41:14,85
domain,www.sunwin28.bz,threatfox,Quasar RAT,"threatfox,quasar",2026-09-18 04:06:29,2026-09-18 17:41:14,85
domain,www.transitionplus.com,threatfox,ClearFake,"threatfox,compromised,EtherHide",2026-09-18 16:06:42,2026-09-18 17:41:14,85
domain,xalexo.workers.dev,threatfox,php.shin_webshell,"threatfox,Cloudflare,GIF,PHP,webshell,WordPress,workers.dev,wp-admin",2026-09-18 16:06:41,2026-09-18 17:41:14,85
domain,xidaluze.workers.dev,threatfox,php.shin_webshell,"threatfox,Cloudflare,GIF,PHP,webshell,WordPress,workers.dev,wp-admin",2026-09-18 04:06:29,2026-09-18 17:41:14,85
domain,yoj8sdzn.neurowave.us,threatfox,ClearFake,"threatfox,ClearFake,mac-0x76c7,macos",2026-09-18 04:06:29,2026-09-18 17:41:14,85
domain,yw8bvcf7.betandyou90.com,threatfox,ClearFake,"threatfox,ClearFake,mac-0x68dc,macos",2026-09-18 16:06:41,2026-09-18 17:41:14,85
domain,zhwwd37940.workers.dev,threatfox,php.shin_webshell,"threatfox,Cloudflare,GIF,PHP,webshell,WordPress,workers.dev,wp-admin",2026-09-18 04:06:29,2026-09-18 17:41:14,85
domain,zuexz.buzz,threatfox,Remcos,"threatfox,Remcos",2026-09-18 04:06:29,2026-09-18 17:41:14,85
hash_md5,038e5c057b618e005bc33c3e1f2f85e0,malwarebazaar,VShell,exe,2026-09-18 16:00:13,2026-09-18 17:41:14,85
hash_md5,03d66bac56a1c7ecfeeddc3f45d6c244,malwarebazaar,exe,"5a4378fb90db39f09c7b18d1f314e645,dropped-by-remus,exe",2026-09-18 16:00:13,2026-09-18 17:41:14,85
hash_md5,04d7d051ae918a649954413f3515d6b1,malwarebazaar,elf,"elf,upx-dec",2026-09-18 16:00:13,2026-09-18 17:41:14,85
hash_md5,04e1f74e046f3ffc3ceaea639be0a98b,malwarebazaar,Mirai,Mirai,2026-09-18 16:00:13,2026-09-18 17:41:14,85
hash_md5,056bc1a1eba8e154a2f8393585bab00e,malwarebazaar,elf,upx,2026-09-18 16:00:13,2026-09-18 17:41:14,85
hash_md5,0d39e4fb62d0a280d2542a7044725dbe,malwarebazaar,Mirai,"elf,Mirai",2026-09-18 16:00:13,2026-09-18 17:41:14,85
hash_md5,0d8628a6d84cc2853834821e3ae7672a,malwarebazaar,exe,"exe,SilverFox,ValleyRAT",2026-09-18 16:00:13,2026-09-18 17:41:14,85
hash_md5,1032af064cf8d94b1ec626501dffabeb,malwarebazaar,exe,"5a4378fb90db39f09c7b18d1f314e645,dropped-by-remus,exe",2026-09-18 16:00:13,2026-09-18 17:41:14,85
hash_md5,14bf881c2f58a2b92eb0665e368a9404,malwarebazaar,Mirai,Mirai,2026-09-18 16:00:13,2026-09-18 17:41:14,85
hash_md5,1718b36fe9ba6bd9bad84805c826fdf3,malwarebazaar,Mirai,"elf,Mirai,upx-dec",2026-09-18 16:00:13,2026-09-18 17:41:14,85
hash_md5,195699ff64497f7852a691a643cad8a0,malwarebazaar,Mirai,Mirai,2026-09-18 16:00:13,2026-09-18 17:41:14,85
hash_md5,1b715ec1eeee448293ed01ce8a347588,malwarebazaar,VShell,exe,2026-09-18 16:00:13,2026-09-18 17:41:14,85
hash_md5,1b73f22faa04fe8fa75c3e8afc331267,malwarebazaar,VShell,exe,2026-09-18 16:00:13,2026-09-18 17:41:14,85
hash_md5,1f9658fae37809e7d482f4878734d03a,malwarebazaar,Mirai,Mirai,2026-09-18 16:00:13,2026-09-18 17:41:14,85
hash_md5,20931afbb469c9370b5b9740627b529c,malwarebazaar,exe,"exe,SilverFox,Trojan/SilverFox.bm[lddel],ValleyRAT",2026-09-18 16:00:13,2026-09-18 17:41:14,85
hash_md5,215e71df738e27387cd8e388619cb3a4,malwarebazaar,elf,"elf,upx-dec",2026-09-18 16:00:13,2026-09-18 17:41:14,85
hash_md5,21853b1753bff4a2cf8caf0b9f42d063,malwarebazaar,elf,"elf,upx-dec",2026-09-18 16:00:13,2026-09-18 17:41:14,85
hash_md5,23355f78fc6ef3bcc94963037af2273e,malwarebazaar,elf,elf,2026-09-18 16:00:13,2026-09-18 17:41:14,85
hash_md5,26960f75e5c6e078cf21c0ea087e33fb,malwarebazaar,elf,"cowrie,elf,honeypot,mips",2026-09-18 16:00:13,2026-09-18 17:41:14,85
hash_md5,28379e71e5341ae57fefc72011b8898e,malwarebazaar,elf,elf,2026-09-18 16:00:13,2026-09-18 17:41:14,85
hash_md5,298e3478e6ca7af999c1141c8536ebb7,malwarebazaar,Mirai,Mirai,2026-09-18 16:00:13,2026-09-18 17:41:14,85
hash_md5,2aafe775fea5a8dc1bdb1d7d8ba4df9d,malwarebazaar,elf,upx,2026-09-18 16:00:13,2026-09-18 17:41:14,85
hash_md5,2e482cbaffa6577ff358905d7f95db72,malwarebazaar,Mirai,"elf,Mirai",2026-09-18 16:00:13,2026-09-18 17:41:14,85
hash_md5,2e7ebc6f4daaee40f7a23ffa525ef005,malwarebazaar,exe,"5a4378fb90db39f09c7b18d1f314e645,dropped-by-remus,exe",2026-09-18 16:00:13,2026-09-18 17:41:14,85
hash_md5,2eb1fdc689dba9ed6193b4013627eb20,malwarebazaar,elf,elf,2026-09-18 16:00:13,2026-09-18 17:41:14,85
hash_md5,32a36417ba8e64e01b0e3a930f8adc89,malwarebazaar,elf,elf,2026-09-18 16:00:13,2026-09-18 17:41:14,85
hash_md5,345612302608896baeed55429ee42c31,malwarebazaar,Mirai,Mirai,2026-09-18 16:00:13,2026-09-18 17:41:14,85
hash_md5,353637292a6e6533a1fccfe2f4ddc6b7,malwarebazaar,VShell,exe,2026-09-18 16:00:13,2026-09-18 17:41:14,85
hash_md5,35f9c15010b21a8923af469d870ef26c,malwarebazaar,elf,upx,2026-09-18 16:00:13,2026-09-18 17:41:14,85
hash_md5,37d64fe9f7bd577171f507663ce5597c,malwarebazaar,elf,"elf,upx-dec",2026-09-18 16:00:13,2026-09-18 17:41:14,85
hash_md5,399517ac8497bdc02ba08400ba9b6666,malwarebazaar,Mirai,Mirai,2026-09-18 16:00:13,2026-09-18 17:41:14,85
hash_md5,3c5e1d636fcac3d96ef445ccfde28385,malwarebazaar,exe,"5a4378fb90db39f09c7b18d1f314e645,dropped-by-remus,exe",2026-09-18 16:00:13,2026-09-18 17:41:14,85
hash_md5,3c90077c102317ae2288f2cfc44ab7b3,malwarebazaar,exe,"5a4378fb90db39f09c7b18d1f314e645,dropped-by-remus,exe",2026-09-18 16:00:13,2026-09-18 17:41:14,85
hash_md5,3d64f755a5608a75e7f3f57a3dcbbbc5,malwarebazaar,Mirai,Mirai,2026-09-18 16:00:13,2026-09-18 17:41:14,85
hash_md5,3e1e01780c2c04cc6db8139a4ae64af4,malwarebazaar,exe,"5a4378fb90db39f09c7b18d1f314e645,dropped-by-remus,exe",2026-09-18 16:00:13,2026-09-18 17:41:14,85
hash_md5,41737cc2d6ae7e2c8773d81487a00277,malwarebazaar,Mirai,"elf,Mirai,upx-dec",2026-09-18 16:00:13,2026-09-18 17:41:14,85
hash_md5,421f251d8bf55b05bd975660f8a2fad0,malwarebazaar,JOMANGY,sh,2026-09-18 16:00:13,2026-09-18 17:41:14,85
hash_md5,45ac11c8a340dbd43e93d597d68ff060,malwarebazaar,Mirai,"Mirai,upx",2026-09-18 16:00:13,2026-09-18 17:41:14,85
hash_md5,46539faa7675496ab1fd3608bb0d6f4b,malwarebazaar,Mirai,"Mirai,upx",2026-09-18 16:00:13,2026-09-18 17:41:14,85
hash_md5,46f16e2b39ddffcafe5782d5a16097f5,malwarebazaar,elf,upx,2026-09-18 16:00:13,2026-09-18 17:41:14,85
hash_md5,48f89b829127e827825c0bf054ed7d5e,malwarebazaar,Mirai,"Mirai,upx",2026-09-18 16:00:13,2026-09-18 17:41:14,85
hash_md5,4b1cd45b913ef4301de02c3bfd804e96,malwarebazaar,exe,"5a4378fb90db39f09c7b18d1f314e645,dropped-by-remus,exe",2026-09-18 16:00:13,2026-09-18 17:41:14,85
hash_md5,4d4ffe650173bba7c0553e6e6f439617,malwarebazaar,Mirai,Mirai,2026-09-18 16:00:13,2026-09-18 17:41:14,85
hash_md5,4e18794c88a3cad6948b3959a926cbf3,malwarebazaar,Mirai,upx,2026-09-18 16:00:13,2026-09-18 17:41:14,85
hash_md5,50bc2f935e8bf32012cae4bc8f583002,malwarebazaar,Mirai,"elf,Mirai,upx-dec",2026-09-18 16:00:13,2026-09-18 17:41:14,85
hash_md5,511b4aa071ae2d86e713f8bd92ece00b,malwarebazaar,VShell,exe,2026-09-18 16:00:13,2026-09-18 17:41:14,85
hash_md5,52f8bce6aa040dff1a571606bc8f6629,malwarebazaar,Mirai,"elf,Mirai,upx-dec",2026-09-18 16:00:13,2026-09-18 17:41:14,85
hash_md5,53745d05b0eba39e716685fef11140d8,malwarebazaar,zip,zip,2026-09-18 16:00:13,2026-09-18 17:41:14,85
hash_md5,54f2a78f27dc4861959a9e3ee54e97a0,malwarebazaar,Mirai,Mirai,2026-09-18 16:00:13,2026-09-18 17:41:14,85
hash_md5,588125545823d2a436d90e5d0be80ebe,malwarebazaar,elf,elf,2026-09-18 16:00:13,2026-09-18 17:41:14,85
hash_md5,58ca964e9d0df36e46cc1bf3bcc87403,malwarebazaar,elf,elf,2026-09-18 16:00:13,2026-09-18 17:41:14,85
hash_md5,58f9b774220a86444a18e1d506bec81d,malwarebazaar,Mirai,"elf,Mirai,upx-dec",2026-09-18 16:00:13,2026-09-18 17:41:14,85
hash_md5,595bcdca324820be7c12bb869bcd3575,malwarebazaar,Mirai,Mirai,2026-09-18 16:00:13,2026-09-18 17:41:14,85
hash_md5,59dbccd3ac9dc8470404d9edeca37a66,malwarebazaar,exe,"5a4378fb90db39f09c7b18d1f314e645,dropped-by-remus,exe",2026-09-18 16:00:13,2026-09-18 17:41:14,85
hash_md5,5ae5b591dd1d19dad7237e1c488405a3,malwarebazaar,exe,exe,2026-09-18 16:00:13,2026-09-18 17:41:14,85
hash_md5,5b4be705314288d8453106046f71a789,malwarebazaar,Mirai,"cowrie,elf,honeypot,mips,Mirai",2026-09-18 16:00:13,2026-09-18 17:41:14,85
hash_md5,5d2e3cffb225b6886ddfbc1d061a209b,malwarebazaar,Mirai,Mirai,2026-09-18 16:00:13,2026-09-18 17:41:14,85
hash_md5,5de280286c7c699900eb6a091794b2ec,malwarebazaar,elf,"elf,upx-dec",2026-09-18 16:00:13,2026-09-18 17:41:14,85
hash_md5,5eac20b86dcb2908f8411129693bb3e9,malwarebazaar,Mirai,"elf,Mirai",2026-09-18 16:00:13,2026-09-18 17:41:14,85
hash_md5,5ed2a74f9403204d5be840359b376408,malwarebazaar,MeshAgent,zip,2026-09-18 16:00:13,2026-09-18 17:41:14,85
hash_md5,5fbabfd61feacf77466e7eef371b30b9,malwarebazaar,VShell,exe,2026-09-18 16:00:13,2026-09-18 17:41:14,85
hash_md5,602926c12e36b40c84b41f555baffa98,malwarebazaar,exe,"5a4378fb90db39f09c7b18d1f314e645,dropped-by-remus,exe",2026-09-18 16:00:13,2026-09-18 17:41:14,85
hash_md5,621c21bc4609ddf13063141c4524db5c,malwarebazaar,Mirai,Mirai,2026-09-18 16:00:13,2026-09-18 17:41:14,85
hash_md5,6269801c765a900ba0678162abff0927,malwarebazaar,VShell,exe,2026-09-18 16:00:13,2026-09-18 17:41:14,85
hash_md5,628dea7c52d3e3516ac1033308a2f705,malwarebazaar,elf,elf,2026-09-18 16:00:13,2026-09-18 17:41:14,85
hash_md5,646f166a61324938b8a98fdb76079ad1,malwarebazaar,Mirai,"Mirai,upx",2026-09-18 16:00:13,2026-09-18 17:41:14,85
hash_md5,667f059cf22e7a4f6c26ba015dfe0229,malwarebazaar,VShell,exe,2026-09-18 16:00:13,2026-09-18 17:41:14,85
hash_md5,67025294d436d45104b13d43d14f8069,malwarebazaar,Mirai,"elf,Mirai,upx-dec",2026-09-18 16:00:13,2026-09-18 17:41:14,85
hash_md5,68d6582656413192d419f0f198c40051,malwarebazaar,elf,elf,2026-09-18 16:00:13,2026-09-18 17:41:14,85
hash_md5,6944d64348ac77f9e866fa2cee292593,malwarebazaar,elf,"elf,wraith",2026-09-18 16:00:13,2026-09-18 17:41:14,85
hash_md5,6c392ad7dab7cbe9767d47dd77a79978,malwarebazaar,Stealc,exe,2026-09-18 16:00:13,2026-09-18 17:41:14,85
hash_md5,6c668caae7b26fc11c9ad16fea31c44b,malwarebazaar,VShell,exe,2026-09-18 16:00:13,2026-09-18 17:41:14,85
hash_md5,6f84ef7cb656fb5ffdbd3d483dd8440c,malwarebazaar,Mirai,elf,2026-09-18 16:00:13,2026-09-18 17:41:14,85
hash_md5,774ae8dab3a67f40ad2c7265b0cf26fa,malwarebazaar,Mirai,"arm,cowrie,elf,honeypot,Mirai",2026-09-18 16:00:13,2026-09-18 17:41:14,85
hash_md5,7762ada2917210f6a430ca6b74ddc883,malwarebazaar,elf,upx,2026-09-18 16:00:13,2026-09-18 17:41:14,85
hash_md5,789319ad145d9a7e5ab3ecd4787a38c0,malwarebazaar,exe,"exe,SilverFox,ValleyRAT",2026-09-18 16:00:13,2026-09-18 17:41:14,85
hash_md5,7daade3e3e6981c97bb6c44b927bdaf3,malwarebazaar,Mirai,"elf,Mirai,upx-dec",2026-09-18 16:00:13,2026-09-18 17:41:14,85
hash_md5,7e0d258b858273d50cd5f31edd2b2863,malwarebazaar,Mirai,"Mirai,upx",2026-09-18 16:00:13,2026-09-18 17:41:14,85
hash_md5,7e4a84e95d63b37384ed8206c941c1db,malwarebazaar,VShell,exe,2026-09-18 16:00:13,2026-09-18 17:41:14,85
hash_md5,7f914bc68837c62d4491bef8a9571686,malwarebazaar,VShell,exe,2026-09-18 16:00:13,2026-09-18 17:41:14,85
hash_md5,7fba8a123a1da90d6d03c3b450c00321,malwarebazaar,Mirai,Mirai,2026-09-18 16:00:13,2026-09-18 17:41:14,85
hash_md5,80680cb6030c7215267b9f106a581002,malwarebazaar,Mirai,"Mirai,upx",2026-09-18 16:00:13,2026-09-18 17:41:14,85
hash_md5,8153fdf15c934a15c9a54bc505faa529,malwarebazaar,exe,exe,2026-09-18 16:00:13,2026-09-18 17:41:14,85
hash_md5,84c3b0e4e5f37f80da7c907a999e03ed,malwarebazaar,Mirai,"Mirai,upx",2026-09-18 16:00:13,2026-09-18 17:41:14,85
hash_md5,84e440ec3c47a4ecf3ab2431c354283c,malwarebazaar,RemusStealer,exe,2026-09-18 16:00:13,2026-09-18 17:41:14,85
hash_md5,85bafbe1a5bcf20693e9a6f72f1c657a,malwarebazaar,Stealc,exe,2026-09-18 16:00:13,2026-09-18 17:41:14,85
hash_md5,89d57a9e14c9e15429c9dfcea7ca1ac8,malwarebazaar,Mirai,Mirai,2026-09-18 16:00:13,2026-09-18 17:41:14,85
hash_md5,8a3d317d835edcdcab3868171f70c671,malwarebazaar,Mirai,"elf,Mirai",2026-09-18 16:00:13,2026-09-18 17:41:14,85
hash_md5,8aa09e094a7185af4bd8cf4f3ff24ebf,malwarebazaar,Mirai,"Mirai,upx",2026-09-18 16:00:13,2026-09-18 17:41:14,85
hash_md5,8ab2cf89eb924554cc81a5bbfaff146d,malwarebazaar,elf,"elf,upx-dec",2026-09-18 16:00:13,2026-09-18 17:41:14,85
hash_md5,8d0dde73e322f8331e1776eca1bb5441,malwarebazaar,VShell,exe,2026-09-18 16:00:13,2026-09-18 17:41:14,85
hash_md5,9094869fa0b30e0fa196cd25b0e85e4d,malwarebazaar,exe,"5a4378fb90db39f09c7b18d1f314e645,dropped-by-remus,exe",2026-09-18 16:00:13,2026-09-18 17:41:14,85
hash_md5,9265e91da4ba9a1656470397ca4b44d2,malwarebazaar,exe,"5a4378fb90db39f09c7b18d1f314e645,dropped-by-remus,exe",2026-09-18 16:00:13,2026-09-18 17:41:14,85
hash_md5,936d36ab22eefe94a8bf2494367d68c9,malwarebazaar,exe,exe,2026-09-18 16:00:13,2026-09-18 17:41:14,85
hash_md5,9648b44d2e16e588e27daf5e0dcc4e3a,malwarebazaar,ConnectWise,zip,2026-09-18 16:00:13,2026-09-18 17:41:14,85
hash_md5,97da9f6829d7305cd93010358a515e86,malwarebazaar,Mirai,elf,2026-09-18 16:00:13,2026-09-18 17:41:14,85
hash_md5,97dd2633f9ceccb9256fb9649befd1bd,malwarebazaar,exe,exe,2026-09-18 16:00:13,2026-09-18 17:41:14,85
hash_md5,99d57b3c44ecb08ea95d46f68898ae0b,malwarebazaar,elf,elf,2026-09-18 16:00:13,2026-09-18 17:41:14,85
hash_md5,9aea6c43e72d2af28686ed92fe1373f9,malwarebazaar,ConnectWise,msi,2026-09-18 16:00:13,2026-09-18 17:41:14,85
hash_md5,9ca3e03fd11b0fa819a8bbd2446eb190,malwarebazaar,VShell,"exe,VShell",2026-09-18 16:00:13,2026-09-18 17:41:14,85
hash_md5,a4cfca9d0cd2d5a307a0e3a36f9543b7,malwarebazaar,elf,elf,2026-09-18 16:00:13,2026-09-18 17:41:14,85
hash_md5,a5d06b4e5628b5a0e1e8e087f8f134cc,malwarebazaar,JOMANGY,"JOMANGY,sh",2026-09-18 16:00:13,2026-09-18 17:41:14,85
hash_md5,ad1736986a958115131694edb834feba,malwarebazaar,Stealc,exe,2026-09-18 16:00:13,2026-09-18 17:41:14,85
hash_md5,b000bf75dea341762cae37ba3cad28cf,malwarebazaar,WannaCry,"dionaea,exe,WannaCry",2026-09-18 16:00:13,2026-09-18 17:41:14,85
hash_md5,b0da62bf690551bc6213574ac622bd15,malwarebazaar,exe,"5a4378fb90db39f09c7b18d1f314e645,dropped-by-remus,exe",2026-09-18 16:00:13,2026-09-18 17:41:14,85
hash_md5,b421f3aa94e9ba828e047b381db837c4,malwarebazaar,Mirai,"elf,Mirai,upx-dec",2026-09-18 16:00:13,2026-09-18 17:41:14,85
hash_md5,b7cc4407ef10641317505c6e402713c9,malwarebazaar,elf,elf,2026-09-18 16:00:13,2026-09-18 17:41:14,85
hash_md5,bc2b2a0a9a0a470ce0c6f7ff7e3a6541,malwarebazaar,Stealc,exe,2026-09-18 16:00:13,2026-09-18 17:41:14,85
hash_md5,bfde4ce59c001e81285fa47894d33c9c,malwarebazaar,VShell,exe,2026-09-18 16:00:13,2026-09-18 17:41:14,85
hash_md5,c11333cff827210e68d03d9b0e91ece3,malwarebazaar,Mirai,upx,2026-09-18 16:00:13,2026-09-18 17:41:14,85
hash_md5,c3359ac71a11b6d989986decb974097c,malwarebazaar,elf,elf,2026-09-18 16:00:13,2026-09-18 17:41:14,85
hash_md5,c5e668e1dbfd74ab4ece64abc6ff502a,malwarebazaar,Mirai,Mirai,2026-09-18 16:00:13,2026-09-18 17:41:14,85
hash_md5,c6f25d011eaf3565445b9569f1183b9c,malwarebazaar,exe,"5a4378fb90db39f09c7b18d1f314e645,dropped-by-remus,exe",2026-09-18 16:00:13,2026-09-18 17:41:14,85
hash_md5,c7090fd6b0e62a6b2efcc508947b04a6,malwarebazaar,elf,upx,2026-09-18 16:00:13,2026-09-18 17:41:14,85
hash_md5,c7fba7ad22d6caf37c66ba4abdb58338,malwarebazaar,Mirai,Mirai,2026-09-18 16:00:13,2026-09-18 17:41:14,85
hash_md5,c92fe9621f7f98fa048303bf5cd90b89,malwarebazaar,exe,"5a4378fb90db39f09c7b18d1f314e645,dropped-by-remus,exe",2026-09-18 16:00:13,2026-09-18 17:41:14,85
hash_md5,cbbb77819d67a2436fb5a7adbed7eed0,malwarebazaar,elf,elf,2026-09-18 16:00:13,2026-09-18 17:41:14,85
hash_md5,cbff9f8caf0a703e79812431ff54c27c,malwarebazaar,elf,elf,2026-09-18 16:00:13,2026-09-18 17:41:14,85
hash_md5,cc8f4a84bea19ab7fd4e11a67b57362d,malwarebazaar,exe,exe,2026-09-18 16:00:13,2026-09-18 17:41:14,85
hash_md5,ce1968195df04d7c7dff4210c9beb372,malwarebazaar,Mirai,"elf,Mirai,upx-dec",2026-09-18 16:00:13,2026-09-18 17:41:14,85
hash_md5,d2ba2da68e2d178a08057b70c5920324,malwarebazaar,elf,elf,2026-09-18 16:00:13,2026-09-18 17:41:14,85
hash_md5,d55877f44cd3a93f7f31a5437a615f6e,malwarebazaar,exe,exe,2026-09-18 16:00:13,2026-09-18 17:41:14,85
hash_md5,d68dad4b3a29d5bf103ef2d7862bbb01,malwarebazaar,Mirai,"elf,Mirai,upx-dec",2026-09-18 16:00:13,2026-09-18 17:41:14,85
hash_md5,d6e55761dbfa2cdaac8be5ba22e39847,malwarebazaar,exe,"exe,SilverFox,ValleyRAT",2026-09-18 16:00:13,2026-09-18 17:41:14,85
hash_md5,dbde9974779d936a529a68bf96ac3c1b,malwarebazaar,elf,elf,2026-09-18 16:00:13,2026-09-18 17:41:14,85
hash_md5,dda67b033eb94d8a6226d679ccdce62c,malwarebazaar,Mirai,Mirai,2026-09-18 16:00:13,2026-09-18 17:41:14,85
hash_md5,e2add8a175de577beca0fd96d2eb7466,malwarebazaar,elf,upx,2026-09-18 16:00:13,2026-09-18 17:41:14,85
hash_md5,e4af26495ed4dcd0aeaffeab4ef41cd0,malwarebazaar,VShell,exe,2026-09-18 16:00:13,2026-09-18 17:41:14,85
hash_md5,e4ffbfa33db4be76e608d783a92edd8d,malwarebazaar,Mirai,"Mirai,upx",2026-09-18 16:00:13,2026-09-18 17:41:14,85
hash_md5,e5fed9b65ca8f59458d2546271939562,malwarebazaar,elf,elf,2026-09-18 16:00:13,2026-09-18 17:41:14,85
hash_md5,e9db2761c8cff9d4f1996ade4925c5b0,malwarebazaar,elf,elf,2026-09-18 16:00:13,2026-09-18 17:41:14,85
hash_md5,eadd0199f24a23ca11617a84ac4f1983,malwarebazaar,exe,exe,2026-09-18 16:00:13,2026-09-18 17:41:14,85
hash_md5,eb70c36f40950b84e194c2ad3690bbe9,malwarebazaar,elf,"elf,upx-dec",2026-09-18 16:00:13,2026-09-18 17:41:14,85
hash_md5,ed6f905462c7aefa7a40a0ba8b01a8b6,malwarebazaar,exe,"exe,SilverFox,ValleyRAT",2026-09-18 16:00:13,2026-09-18 17:41:14,85
hash_md5,ef9fa90294a3cb487c0e54864bea7722,malwarebazaar,VShell,exe,2026-09-18 16:00:13,2026-09-18 17:41:14,85
hash_md5,f0909e1be291e358d97a3b58e1620ef9,malwarebazaar,Mirai,"elf,Mirai,upx-dec",2026-09-18 16:00:13,2026-09-18 17:41:14,85
hash_md5,f31987b4520dd34fbc683f57423a14ee,malwarebazaar,exe,exe,2026-09-18 16:00:13,2026-09-18 17:41:14,85
hash_md5,f69a08e276889aefa638806cbfcba8fb,malwarebazaar,elf,"elf,upx-dec",2026-09-18 16:00:13,2026-09-18 17:41:14,85
hash_md5,f89ed9250192ffe1e3971aab7d7852f5,malwarebazaar,VShell,exe,2026-09-18 16:00:13,2026-09-18 17:41:14,85
hash_md5,fdd144d91afd66526f7ec1de3444241e,malwarebazaar,VShell,exe,2026-09-18 16:00:13,2026-09-18 17:41:14,85
hash_sha256,0101bfc69092f627f1b67232c71aa83a9aef00793a12bcbb0362f60e76962c49,malwarebazaar,Mirai,"elf,Mirai,upx-dec",2026-09-18 16:00:13,2026-09-18 17:41:14,85
hash_sha256,011cdd15e68b1c3b2c346bf52193081a518b92a68c588d7fbc238f08c2c9b3b9,malwarebazaar,VShell,exe,2026-09-18 16:00:13,2026-09-18 17:41:14,85
hash_sha256,0242e4675a8c55d179341a617c074e6d8c5752ac4158f73cdbec8a400a9e306a,malwarebazaar,VShell,exe,2026-09-18 16:00:13,2026-09-18 17:41:14,85
hash_sha256,057232df3a0be6ef11231bb103238632e63a6f3e4ac0498c0782025fd07eba3a,malwarebazaar,Mirai,Mirai,2026-09-18 16:00:13,2026-09-18 17:41:14,85
hash_sha256,05945e6c919b862623907d44bdd3576ba79c4687b0dbc809ffa7e1e21fa6fa4f,malwarebazaar,Mirai,"elf,Mirai",2026-09-18 16:00:13,2026-09-18 17:41:14,85
hash_sha256,06c79dc02d9eb318a7e6f5c7cc7028aacb57c4f1daa16fc0ddcd62fd231a531c,malwarebazaar,Mirai,Mirai,2026-09-18 16:00:13,2026-09-18 17:41:14,85
hash_sha256,08041fe58fe8a6333f61b77e72d939b3c2c85775aa4b9d4f7639ed87e4073958,threatfox,Unknown malware,"threatfox,cowrie,elf,ssh-honeypot",2026-09-18 16:06:42,2026-09-18 17:41:14,85
hash_sha256,0a724e2facc73cf9f572b934ac22937a6e6c40c6291dc13ae7b06c3033b947c8,malwarebazaar,elf,elf,2026-09-18 16:00:13,2026-09-18 17:41:14,85
hash_sha256,0c64ec96309ae9f85e685b0447c3999c69c5fbbe751d93180a3a5841a410c9c4,malwarebazaar,Mirai,Mirai,2026-09-18 16:00:13,2026-09-18 17:41:14,85
hash_sha256,0ce8828acc59233bfbfbd0f47f58319910f253a7a09e4a43c83458ca15c25b84,malwarebazaar,VShell,exe,2026-09-18 16:00:13,2026-09-18 17:41:14,85
hash_sha256,0d9298fbbd8569fb4a7944e002b69b3af0863f33297a541c9edd3c2c84b29b60,malwarebazaar,JOMANGY,sh,2026-09-18 16:00:13,2026-09-18 17:41:14,85
hash_sha256,0de198c1d6d7290e0f4174000a26bbe4b7c489afde15e3c843a7ccc95db0b812,malwarebazaar,Mirai,"elf,Mirai",2026-09-18 16:00:13,2026-09-18 17:41:14,85
hash_sha256,1044423044e74dd7865db0b3c9f1e01175aa526faa2923d66b6419ab4f831dc9,malwarebazaar,Mirai,Mirai,2026-09-18 16:00:13,2026-09-18 17:41:14,85
hash_sha256,11a05a883616f90ccac1d26f7f663b77d4cae974e3bac6d4abc3a45b9485ab50,malwarebazaar,Mirai,Mirai,2026-09-18 16:00:13,2026-09-18 17:41:14,85
hash_sha256,125c7ffc9bb233e96bfb34c2de3140652bbe110ac08bf35b1316b65281d49781,malwarebazaar,Mirai,Mirai,2026-09-18 16:00:13,2026-09-18 17:41:14,85
hash_sha256,158e11946bf88b2de4cabca7ea6b07dde9232c903a3925a60a3fd947bf1017b2,threatfox,AMOS,"threatfox,AMOS,apph4,ClickFix,Foxveil,macOS",2026-09-18 16:06:42,2026-09-18 17:41:14,85
hash_sha256,15c488a330362ce5dd621b40a057f8ee98d9f1a962e3f440acec53e34874dbeb,malwarebazaar,Mirai,elf,2026-09-18 16:00:13,2026-09-18 17:41:14,85
hash_sha256,17e7f0170795c2e704077570333a1f0985b190c016d372d6b70a41e170302cdb,threatfox,Coinminer,"threatfox,54e64e,Coinminer,dropped-by-Amadey,exe",2026-09-18 16:06:41,2026-09-18 17:41:14,85
hash_sha256,184b82f5a097527c71f59dd42650e78c4536c3972fc8f55bfda2be4fd1143a64,malwarebazaar,zip,zip,2026-09-18 16:00:13,2026-09-18 17:41:14,85
hash_sha256,1a43ad4c37cfb77ee467344fc6cf17503d9d07375089cd9753b41f488cdff74f,malwarebazaar,elf,elf,2026-09-18 16:00:13,2026-09-18 17:41:14,85
hash_sha256,1b9fe96a6c44d1fd74221d8d3a6b2d01370d881230547c2874d0ceaf6e0d5c11,malwarebazaar,elf,"elf,upx-dec",2026-09-18 16:00:13,2026-09-18 17:41:14,85
hash_sha256,1ee385688a98938d311a0e20e4a10c6288a53e653a2676abe021f6d15df8c7e2,malwarebazaar,exe,"5a4378fb90db39f09c7b18d1f314e645,dropped-by-remus,exe",2026-09-18 16:00:13,2026-09-18 17:41:14,85
hash_sha256,1f423c42e631e5b57350566821bc0561f9105ec4e9eb055f29f44d0cb5d9aff3,malwarebazaar,Stealc,exe,2026-09-18 16:00:13,2026-09-18 17:41:14,85
hash_sha256,1fbb5d8c24f8b39ba2176b40806c8c1276202dedae74cdce559c99c529c28b3f,malwarebazaar,Mirai,Mirai,2026-09-18 16:00:13,2026-09-18 17:41:14,85
hash_sha256,1fdcac457a1d26dbf62f5822c5b325ca8180f7719ab894b0bca09022409040be,malwarebazaar,elf,upx,2026-09-18 16:00:13,2026-09-18 17:41:14,85
hash_sha256,22005ebe32dcacec244100c4e819a1b35376e76c377522784398e87eae3c6326,malwarebazaar,exe,"5a4378fb90db39f09c7b18d1f314e645,dropped-by-remus,exe",2026-09-18 16:00:13,2026-09-18 17:41:14,85
hash_sha256,23a95cb8c5cbd8abd8b1f97cd1251d1ad194635eddd61362cb1c6d15da6270d8,malwarebazaar,elf,"elf,upx-dec",2026-09-18 16:00:13,2026-09-18 17:41:14,85
hash_sha256,241f7c2223c295477a2a8b09e087e50b6eff70241000a0c90d634642771df4f9,malwarebazaar,elf,"elf,upx-dec",2026-09-18 16:00:13,2026-09-18 17:41:14,85
hash_sha256,248cdcb6008da5e198c4ee92ec38ba3a0c716b8f2e2ff41c1cab9b0ab4bb5bc2,malwarebazaar,Mirai,Mirai,2026-09-18 16:00:13,2026-09-18 17:41:14,85
hash_sha256,28472bb3a3fb84f7f8168ceb4eaaf59240cb59bbdf6c325a4b576ccdf7092d12,malwarebazaar,exe,"5a4378fb90db39f09c7b18d1f314e645,dropped-by-remus,exe",2026-09-18 16:00:13,2026-09-18 17:41:14,85
hash_sha256,2ab881d764f3d7c1d1a1f4f895bb41b6668964e24061e6ad730d0ed03468768d,malwarebazaar,Mirai,"elf,Mirai,upx-dec",2026-09-18 16:00:13,2026-09-18 17:41:14,85
hash_sha256,2da6fbb632bfb762c720df4a2c4adbfee44f597c405484f39c0dc6eeb8360639,malwarebazaar,Mirai,upx,2026-09-18 16:00:13,2026-09-18 17:41:14,85
hash_sha256,34f3038181e3c30ca53cd67760586f6b4a17d00b95aa47fcf9c34339298092ea,malwarebazaar,elf,"elf,upx-dec",2026-09-18 16:00:13,2026-09-18 17:41:14,85
hash_sha256,37f1750c4858a0e0cacf98dc41c2ad13b0c48dc7754dbb5680f69235c16080f5,malwarebazaar,elf,"elf,upx-dec",2026-09-18 16:00:13,2026-09-18 17:41:14,85
hash_sha256,38a220fcd0c94b35fd92ea86ec59141e712ed077f980565ec70b8dc993bd992c,malwarebazaar,exe,"5a4378fb90db39f09c7b18d1f314e645,dropped-by-remus,exe",2026-09-18 16:00:13,2026-09-18 17:41:14,85
hash_sha256,38e91dcc7897f17d9f01c99a0671c80a32ac2991d0160361701fbadb0271f54f,malwarebazaar,Mirai,"elf,Mirai,upx-dec",2026-09-18 16:00:13,2026-09-18 17:41:14,85
hash_sha256,3ab39013d61b0b242eedf6038bbc62e101391a3b9524f2b6a62e3b38b5398c76,malwarebazaar,exe,exe,2026-09-18 16:00:13,2026-09-18 17:41:14,85
hash_sha256,3b320e47796818fbb5e70506e20449145ea926e95f4934dfa67c7ed7a198afea,malwarebazaar,Mirai,elf,2026-09-18 16:00:13,2026-09-18 17:41:14,85
hash_sha256,3b4e867bc4f1e4501965427d7796d4f71846bc1121d6eec18aff10dd6b73fcae,malwarebazaar,elf,elf,2026-09-18 16:00:13,2026-09-18 17:41:14,85
hash_sha256,3c1c3b5905671d0488f9b04b566070cfb803018986cf83888fe10bf49ee67d2c,malwarebazaar,Mirai,"elf,Mirai",2026-09-18 16:00:13,2026-09-18 17:41:14,85
hash_sha256,3e7b2c38144d2e1cce913cd2dd6efbb0117f2bcdd9dbdcb99136cfba0417a370,malwarebazaar,elf,elf,2026-09-18 16:00:13,2026-09-18 17:41:14,85
hash_sha256,3eb918001e159714ee816e1baae79f6868dfa475f4def27cb6768b5561cef900,malwarebazaar,elf,elf,2026-09-18 16:00:13,2026-09-18 17:41:14,85
hash_sha256,3f0c5c130178b7ec78be927395a7c58c8ecc5d003c80a54340b8c0616c3795d3,malwarebazaar,VShell,exe,2026-09-18 16:00:13,2026-09-18 17:41:14,85
hash_sha256,426975802d1dfcddf5bc1f728a5f7558448c13700ba7ec0fe3083354443ad99c,malwarebazaar,Mirai,Mirai,2026-09-18 16:00:13,2026-09-18 17:41:14,85
hash_sha256,453f5e2398426631b474813ffb618ebe15d3b47e30cd89b2b6bfb886616fb870,malwarebazaar,elf,"cowrie,elf,honeypot,mips",2026-09-18 16:00:13,2026-09-18 17:41:14,85
hash_sha256,4548941fc985f95023dba823bc13a786224b83897697eb571fd77d12ab168d3c,malwarebazaar,Mirai,Mirai,2026-09-18 16:00:13,2026-09-18 17:41:14,85
hash_sha256,4cfee114431b8716cd3fc396225a00d566b25f35474c291f3ae202b80f3cbcd2,malwarebazaar,elf,"elf,upx-dec",2026-09-18 16:00:13,2026-09-18 17:41:14,85
hash_sha256,5779bb14280397fd7a5d8d76bcf3c3597232c3ddefbcf23681fa917c0c63c381,malwarebazaar,exe,"5a4378fb90db39f09c7b18d1f314e645,dropped-by-remus,exe",2026-09-18 16:00:13,2026-09-18 17:41:14,85
hash_sha256,57f109b031489a0401fbfa07c9817edd10300c77baf00ee86e260c153cf60ab2,malwarebazaar,elf,upx,2026-09-18 16:00:13,2026-09-18 17:41:14,85
hash_sha256,58b4c2c7dc6ddb8f2925f7db6bbb80e59cf8e22eb11f7590eb77e6439ae60b27,malwarebazaar,elf,elf,2026-09-18 16:00:13,2026-09-18 17:41:14,85
hash_sha256,5a5cc960ddc325907e084b33cb13b68616fc8c82d98da6cc5f202b60c4261455,malwarebazaar,exe,"5a4378fb90db39f09c7b18d1f314e645,dropped-by-remus,exe",2026-09-18 16:00:13,2026-09-18 17:41:14,85
hash_sha256,5f7fb19ed766c787c4689073a828044eca1c1306405c6e7cf808641522dda8b5,malwarebazaar,Mirai,"elf,Mirai,upx-dec",2026-09-18 16:00:13,2026-09-18 17:41:14,85
hash_sha256,601fbbf493f3978f4b38cbc071c01fedb6348a4f18417c383e229e9493c2b22e,malwarebazaar,elf,elf,2026-09-18 16:00:13,2026-09-18 17:41:14,85
hash_sha256,60c044c15dc980921c355f9190a9122ed28594791b3ce537080c4f0c3bfacc29,malwarebazaar,exe,"5a4378fb90db39f09c7b18d1f314e645,dropped-by-remus,exe",2026-09-18 16:00:13,2026-09-18 17:41:14,85
hash_sha256,60e7bbb5cbb5bdf626f21569c1e0c4fa1c1734eba62139a14c1e37434f2b4f0a,malwarebazaar,exe,exe,2026-09-18 16:00:13,2026-09-18 17:41:14,85
hash_sha256,63b0475bd58c48b4fe32f23515816550b6bb20455725b703e12d3428b3e7bedf,malwarebazaar,VShell,"exe,VShell",2026-09-18 16:00:13,2026-09-18 17:41:14,85
hash_sha256,6418292ceba6e5b67c061bbcfc2a58e6114a55311f9ef0df21ee9f2a36abe222,malwarebazaar,Mirai,"Mirai,upx",2026-09-18 16:00:13,2026-09-18 17:41:14,85
hash_sha256,678eb32323f179056c77d5e46266e077012ccce278876dd7195004f2a96370f5,malwarebazaar,Mirai,Mirai,2026-09-18 16:00:13,2026-09-18 17:41:14,85
hash_sha256,679e77441ebbc7b3b5747ae2744a97052e147cc591c44c63c0391bb37700794e,malwarebazaar,exe,"5a4378fb90db39f09c7b18d1f314e645,dropped-by-remus,exe",2026-09-18 16:00:13,2026-09-18 17:41:14,85
hash_sha256,6da323abe9e855c187a37b1ea798fa50dbc29959dc0862323a6087ef70373f98,malwarebazaar,exe,"5a4378fb90db39f09c7b18d1f314e645,dropped-by-remus,exe",2026-09-18 16:00:13,2026-09-18 17:41:14,85
hash_sha256,6f102146c656ffdc9a31fbbbeb8e319b00898e485f93b76c5ad04a964bfd4fdc,malwarebazaar,VShell,exe,2026-09-18 16:00:13,2026-09-18 17:41:14,85
hash_sha256,6fa80698d7268f6e88aa88c06fb27ee99e1bcee747c2e76911e6206a5b1aeeb3,malwarebazaar,exe,exe,2026-09-18 16:00:13,2026-09-18 17:41:14,85
hash_sha256,70e1fc237fd3202bd525aa381874758d72fed7264146a008c1d69735e04daa42,malwarebazaar,exe,exe,2026-09-18 16:00:13,2026-09-18 17:41:14,85
hash_sha256,7340e79ce442b5b4c49312e821ecdbc54772557375997a5a0867f4e2b26c0505,malwarebazaar,Mirai,"elf,Mirai,upx-dec",2026-09-18 16:00:13,2026-09-18 17:41:14,85
hash_sha256,73d7484fd0180d0d04799318d93ad2b44096749fe4a6be8889b71e75c55f937e,malwarebazaar,exe,"5a4378fb90db39f09c7b18d1f314e645,dropped-by-remus,exe",2026-09-18 16:00:13,2026-09-18 17:41:14,85
hash_sha256,74618859aef1592970154106d86fefa2dd393fd75490187a6d6991a56795a3b1,malwarebazaar,Mirai,Mirai,2026-09-18 16:00:13,2026-09-18 17:41:14,85
hash_sha256,7465ab84be78c3770f1378b5ab98a7fc5fab420b4a84cbf1a0e77deca3a25ad1,malwarebazaar,Mirai,Mirai,2026-09-18 16:00:13,2026-09-18 17:41:14,85
hash_sha256,75442883389d98c60504f7b837d4fae3734b8f296b62139aad3e1a77d4d08a8b,malwarebazaar,ConnectWise,zip,2026-09-18 16:00:13,2026-09-18 17:41:14,85
hash_sha256,75977e82d651ab675bbc9398844737cf921da6943073f77dbab1b6d15dfb3156,malwarebazaar,elf,elf,2026-09-18 16:00:13,2026-09-18 17:41:14,85
hash_sha256,768b72f8fc3ba488c7227c2a21da6b30bf89153b45f06533afd8c09aa4fc7cfd,malwarebazaar,exe,"5a4378fb90db39f09c7b18d1f314e645,dropped-by-remus,exe",2026-09-18 16:00:13,2026-09-18 17:41:14,85
hash_sha256,77a90a2dd2aeef925b0198b39a788c9ff5183044bdfa398c75889c74750fe407,malwarebazaar,VShell,exe,2026-09-18 16:00:13,2026-09-18 17:41:14,85
hash_sha256,782aaee2ae756aedfff5fc402d64fc510220ce76205552b5e35b904f21e0ea69,malwarebazaar,elf,elf,2026-09-18 16:00:13,2026-09-18 17:41:14,85
hash_sha256,78671a238a6cb3affc52d4572a0dd232b3a52e47be02a1077aec2750a303b438,malwarebazaar,elf,elf,2026-09-18 16:00:13,2026-09-18 17:41:14,85
hash_sha256,78acead8a6a4f2bababf2ca0d747dcfa673f6c6fbf8ae514220e1a98d69f307b,malwarebazaar,exe,exe,2026-09-18 16:00:13,2026-09-18 17:41:14,85
hash_sha256,7a25f507c23c12928569224a4dc7636615cd1dce633d3ca70b8902a5c1ce952f,malwarebazaar,JOMANGY,"JOMANGY,sh",2026-09-18 16:00:13,2026-09-18 17:41:14,85
hash_sha256,7b08f5cc5f06bb8019310967d1b4ad103e72720e2d165b9ed2f9bd503f513697,malwarebazaar,exe,"exe,SilverFox,ValleyRAT",2026-09-18 16:00:13,2026-09-18 17:41:14,85
hash_sha256,7da191c3d8b15e0c19d6913f884daee5d8fd358622647cdd1814ba14da493877,malwarebazaar,exe,"exe,SilverFox,ValleyRAT",2026-09-18 16:00:13,2026-09-18 17:41:14,85
hash_sha256,832e3c40bb74c638477556205a69addb2f773ef2ae887ac26e0418dcc90ac2fa,malwarebazaar,exe,"exe,SilverFox,ValleyRAT",2026-09-18 16:00:13,2026-09-18 17:41:14,85
hash_sha256,86a2f41d5710782d68dbccf6c5eb63a3229648cbc373a18640bd1ede74db4dd5,malwarebazaar,exe,exe,2026-09-18 16:00:13,2026-09-18 17:41:14,85
hash_sha256,89d0f591a743900b2b3922b63d223de7347f909c3ebfa4deb47b9ac5b073070c,malwarebazaar,Stealc,exe,2026-09-18 16:00:13,2026-09-18 17:41:14,85
hash_sha256,91c8498add9ef05e7b20983dff07eff8d23a70bad7093990b23761f89a4800eb,malwarebazaar,VShell,exe,2026-09-18 16:00:13,2026-09-18 17:41:14,85
hash_sha256,922a5f0ab2a4b022e619084f1d9893677cfb330bf0c816c29c97baed8b5be0bc,malwarebazaar,exe,"5a4378fb90db39f09c7b18d1f314e645,dropped-by-remus,exe",2026-09-18 16:00:13,2026-09-18 17:41:14,85
hash_sha256,928a12d27645e92b92bed11c845834ad6720b3d729c310d12dee6e1fea2b5bc8,malwarebazaar,Mirai,Mirai,2026-09-18 16:00:13,2026-09-18 17:41:14,85
hash_sha256,93eecf323bd5d1eff0f3cad06805658f847729870f6f8577f42cffc78959176d,malwarebazaar,exe,exe,2026-09-18 16:00:13,2026-09-18 17:41:14,85
hash_sha256,985ead812b8b99573d2567169d73968a3754b4fbea16447bea2ac878974e6110,threatfox,Unknown Loader,"threatfox,dropper,exe",2026-09-18 16:06:41,2026-09-18 17:41:14,85
hash_sha256,99fd35433b0a82db4ac64e1e8dadad6b8fbbe732cdff74b2a0b1ecf6484ff020,malwarebazaar,Mirai,"Mirai,upx",2026-09-18 16:00:13,2026-09-18 17:41:14,85
hash_sha256,9d3a63c180c91e768c70305c1ac499839230c457b01e5c287051e4374fbce8d0,malwarebazaar,ConnectWise,msi,2026-09-18 16:00:13,2026-09-18 17:41:14,85
hash_sha256,9e1c9560046c4d82acd0c1cb6fa6db72dce5ab5b1d4f64a502737a5407a7a184,malwarebazaar,exe,"5a4378fb90db39f09c7b18d1f314e645,dropped-by-remus,exe",2026-09-18 16:00:13,2026-09-18 17:41:14,85
hash_sha256,9e87924efde28d47a4314b82c6f366efa58ae9665b8d27dbe714c1209e207e4e,malwarebazaar,Mirai,"elf,Mirai,upx-dec",2026-09-18 16:00:13,2026-09-18 17:41:14,85
hash_sha256,9eb7a6a0199d37909f2d682d9dff839cc6e335d173680e8f056c0bf606d3351d,malwarebazaar,Stealc,exe,2026-09-18 16:00:13,2026-09-18 17:41:14,85
hash_sha256,9f6cdcee5bbf73014d93e7cd0e09d65777ed078d90d6be4a450af35911b8f87b,malwarebazaar,elf,upx,2026-09-18 16:00:13,2026-09-18 17:41:14,85
hash_sha256,a1699ef38c892f6e1cced46c6dab1b4cd2736c3e6e8fc04b670a6c88af1bb966,malwarebazaar,Mirai,"Mirai,upx",2026-09-18 16:00:13,2026-09-18 17:41:14,85
hash_sha256,a33181af9e44bf83c799f1fcf422f2b9145c41d49b20cca569e33243476056c4,malwarebazaar,VShell,exe,2026-09-18 16:00:13,2026-09-18 17:41:14,85
hash_sha256,a5546c6b666db740156a344e3599a8bab2af7cbc57b4cb22c9c980f6576009ea,malwarebazaar,Mirai,"Mirai,upx",2026-09-18 16:00:13,2026-09-18 17:41:14,85
hash_sha256,a6b9e11dd7457c49ef440964ef625cb34762d94b894e05925f92fc14d1e2b714,malwarebazaar,VShell,exe,2026-09-18 16:00:13,2026-09-18 17:41:14,85
hash_sha256,a6e250048b077fea87a1c5e5b3fca2f7edb6b4c6c4f6f422415afc4c24e4a922,malwarebazaar,elf,elf,2026-09-18 16:00:13,2026-09-18 17:41:14,85
hash_sha256,a8c5d743b348ac542036ab7439ec5e40150eb5cfbc06494e9d46c0b4d798bedf,malwarebazaar,Mirai,"Mirai,upx",2026-09-18 16:00:13,2026-09-18 17:41:14,85
hash_sha256,a93bd30f775d9e02ea64a50f0c654b01e79df796b79e8887231768ee9a5cc29f,malwarebazaar,elf,upx,2026-09-18 16:00:13,2026-09-18 17:41:14,85
hash_sha256,aaa2332239867048d28a693803438a51a28cfd5cd33059977a36a3d5565a73f5,malwarebazaar,exe,"exe,SilverFox,ValleyRAT",2026-09-18 16:00:13,2026-09-18 17:41:14,85
hash_sha256,ace72cef5f0071249f9d74648f6c1d7667c7badee2f46d715a18ca0b0d630d40,malwarebazaar,elf,elf,2026-09-18 16:00:13,2026-09-18 17:41:14,85
hash_sha256,ae5b932bf6c817383f09e669bd553b7f4a731814dc42093ea2ae00dcb61f675f,malwarebazaar,elf,upx,2026-09-18 16:00:13,2026-09-18 17:41:14,85
hash_sha256,aeedfc2ccefd82ddb3854277e0dac4839e260bd380871f1c30ace052c4b80ee9,malwarebazaar,WannaCry,"dionaea,exe,WannaCry",2026-09-18 16:00:13,2026-09-18 17:41:14,85
hash_sha256,af23e31dddd570b2747feff467157e265c1a6627be0649d51ed9b71383053eea,malwarebazaar,Stealc,exe,2026-09-18 16:00:13,2026-09-18 17:41:14,85
hash_sha256,b14185a9b1b8add3bad9e60de273295402b2f7c2cca51bcb46acce99ccbe2c3c,malwarebazaar,elf,elf,2026-09-18 16:00:13,2026-09-18 17:41:14,85
hash_sha256,b16cc916e03569d81ad30983a1b2be8a707ee056fd25e2db4b454fabd097a41a,malwarebazaar,elf,"elf,upx-dec",2026-09-18 16:00:13,2026-09-18 17:41:14,85
hash_sha256,b3a3e929f0f765f206fa0aade9d0f6ec8a353a6172bc1edd22a97d73de7c0b5a,malwarebazaar,elf,"elf,wraith",2026-09-18 16:00:13,2026-09-18 17:41:14,85
hash_sha256,b659aea8be65b89f3579b7e8f2941b1a481f4c8c72db7c17c30ad929dc87a28d,malwarebazaar,VShell,exe,2026-09-18 16:00:13,2026-09-18 17:41:14,85
hash_sha256,b723ff8969d2fbaddef30020146132054ecf7f2ddfc96608460e86f008248ff1,malwarebazaar,elf,elf,2026-09-18 16:00:13,2026-09-18 17:41:14,85
hash_sha256,b893efe6b086c7e6c2ee74a1e9683553ceb1e5da3fd7a33703af3cffb4b86514,malwarebazaar,Mirai,"elf,Mirai,upx-dec",2026-09-18 16:00:13,2026-09-18 17:41:14,85
hash_sha256,bd68a4142fc74bbb03497d65a887d007f78748cd6d438321876acc9c3b990f7f,malwarebazaar,elf,"elf,upx-dec",2026-09-18 16:00:13,2026-09-18 17:41:14,85
hash_sha256,beccb2cbc29a0c839af07e7f6e29473f6aa9b162960447a5c19733e19757e0b8,malwarebazaar,VShell,exe,2026-09-18 16:00:13,2026-09-18 17:41:14,85
hash_sha256,bf0e3abf99059fbfd7987858eb7cd6ba656667ac83ad3a008f66da602aad3d94,malwarebazaar,Mirai,"elf,Mirai",2026-09-18 16:00:13,2026-09-18 17:41:14,85
hash_sha256,bf22312e3e995c77f4f8234f230bf5bb4ba5c609d9e8f68c303d5a5cd0503cce,malwarebazaar,VShell,exe,2026-09-18 16:00:13,2026-09-18 17:41:14,85
hash_sha256,c302d091a1d13d1599df882ca1fbd86c6d2dc6bb284075439310c89c444e90de,malwarebazaar,exe,exe,2026-09-18 16:00:13,2026-09-18 17:41:14,85
hash_sha256,c66096943a9082373e478a0e8743f44c090fbc5172e160cd9c9f35dc004314a1,malwarebazaar,VShell,exe,2026-09-18 16:00:13,2026-09-18 17:41:14,85
hash_sha256,c9abb98ad4dbf67c8f936135c58737f736bd55802c2c905dc3a085ead9aafee3,malwarebazaar,Mirai,Mirai,2026-09-18 16:00:13,2026-09-18 17:41:14,85
hash_sha256,c9b9c20fd7ef5a898dbcfe72dbff0cfead360cf68e61d55680b517e6298ceadb,malwarebazaar,exe,"exe,SilverFox,Trojan/SilverFox.bm[lddel],ValleyRAT",2026-09-18 16:00:13,2026-09-18 17:41:14,85
hash_sha256,cae21230bb48b0c70dd51f7b7825c8a0cdfba87382626aa1452f7c23089bb2dc,malwarebazaar,Mirai,"elf,Mirai,upx-dec",2026-09-18 16:00:13,2026-09-18 17:41:14,85
hash_sha256,cccfc7ef71caea5b4b41ff177a441ce057b16cc28878ecfdd3c3bb04f109c186,malwarebazaar,Mirai,"elf,Mirai,upx-dec",2026-09-18 16:00:13,2026-09-18 17:41:14,85
hash_sha256,cdaaddf9899b75756836a48718b71652e03b9e31b07152e59913613b749deec5,malwarebazaar,Mirai,Mirai,2026-09-18 16:00:13,2026-09-18 17:41:14,85
hash_sha256,cddb59e83724f3ada2c1d53c027520fb45eba28568289fbe7ae2443a0970663a,malwarebazaar,Mirai,"Mirai,upx",2026-09-18 16:00:13,2026-09-18 17:41:14,85
hash_sha256,ce42c08064c698387a88ee4708ea1adda707d216ab3477be3ffa26c8416577dc,malwarebazaar,elf,upx,2026-09-18 16:00:13,2026-09-18 17:41:14,85
hash_sha256,d16de669c1802906c643af8889e2c4ba1bcb2cd5bcf5a8fc7ae8c64b5ed9cfa9,malwarebazaar,Mirai,"cowrie,elf,honeypot,mips,Mirai",2026-09-18 16:00:13,2026-09-18 17:41:14,85
hash_sha256,d1935497d72bfc639d09292574abd1d4e79e7a9b1ce994ab473309fed5c29f2f,malwarebazaar,elf,elf,2026-09-18 16:00:13,2026-09-18 17:41:14,85
hash_sha256,d5634b7f71b704851628e6a8e93e31a6044f0cffea2316f454cf0efd8f640de8,malwarebazaar,VShell,exe,2026-09-18 16:00:13,2026-09-18 17:41:14,85
hash_sha256,d80ecff0318e21b5d6448d901a3b2423dc9121ef35e48ddeb79683499efc7163,malwarebazaar,Mirai,upx,2026-09-18 16:00:13,2026-09-18 17:41:14,85
hash_sha256,d8278308e124ab693e3c457ad3e78c3162c5ef99822a3dc2f89faaff97486a59,malwarebazaar,VShell,exe,2026-09-18 16:00:13,2026-09-18 17:41:14,85
hash_sha256,dc22fb6ff35ba7de7e576f0dc4dcd545d59bbfb60ada017320bfbaa6a713da58,malwarebazaar,Mirai,Mirai,2026-09-18 16:00:13,2026-09-18 17:41:14,85
hash_sha256,dd831a6128fcaed1e68af3c42f57c07030ed75e7d4b2484e8c7a244a60cc61a0,malwarebazaar,elf,upx,2026-09-18 16:00:13,2026-09-18 17:41:14,85
hash_sha256,e2203289b4c2d77db4ef3adbf25195316b89f77ec8c43f0262361f065e8bf0ce,malwarebazaar,VShell,exe,2026-09-18 16:00:13,2026-09-18 17:41:14,85
hash_sha256,e3e511856550c7504f7bc56ba56b46f18f9b41efe8d9be3a9abb957ea3b9d7a9,malwarebazaar,RemusStealer,exe,2026-09-18 16:00:13,2026-09-18 17:41:14,85
hash_sha256,e401bb0221be358e9639b552e367cf7cc2d6ce9b9c8cf2721a0ac877fbd2ecaa,malwarebazaar,VShell,exe,2026-09-18 16:00:13,2026-09-18 17:41:14,85
hash_sha256,e4256c42e42944157c8b0a122128335c22513879fc0fc7cc7e6ba44eaf822b3d,malwarebazaar,Mirai,"elf,Mirai,upx-dec",2026-09-18 16:00:13,2026-09-18 17:41:14,85
hash_sha256,e69c64eb41a580a0a2881b6058e61362c2c35d0753c49f5d4e548931f52ba397,malwarebazaar,Mirai,"elf,Mirai,upx-dec",2026-09-18 16:00:13,2026-09-18 17:41:14,85
hash_sha256,e6ca23f6d9adb7435f5bb497527615f4bab09e861fc2bcb903839a2e43d35174,malwarebazaar,Mirai,"Mirai,upx",2026-09-18 16:00:13,2026-09-18 17:41:14,85
hash_sha256,ec9c8658d36d1933a5a2eb0e7a34a05f6cc95807961313587d83a4e18320175e,malwarebazaar,Mirai,"Mirai,upx",2026-09-18 16:00:13,2026-09-18 17:41:14,85
hash_sha256,edf0f7ff9654f2f19f8c0f268230ccdd5ab2b981aad1414ded153084429f2aec,malwarebazaar,elf,elf,2026-09-18 16:00:13,2026-09-18 17:41:14,85
hash_sha256,f3da00518107bc53893f4ac65d9fa9f1572eddf87b9708687e17492dc673afd0,malwarebazaar,elf,elf,2026-09-18 16:00:13,2026-09-18 17:41:14,85
hash_sha256,f59ec1b0e7bb413a3c17413949d2040bd1e18c919def4b93e452d7b1784a3640,malwarebazaar,elf,elf,2026-09-18 16:00:13,2026-09-18 17:41:14,85
hash_sha256,f63ba0d00c4e1c9e184489751181871e0749aef460bebe2d2f4bbba1f0498adb,malwarebazaar,exe,"5a4378fb90db39f09c7b18d1f314e645,dropped-by-remus,exe",2026-09-18 16:00:13,2026-09-18 17:41:14,85
hash_sha256,f7ad9f105b61a16c1fd8be7dc786b29233b976de13f8d3dceab17e1aa23796b5,malwarebazaar,Mirai,"arm,cowrie,elf,honeypot,Mirai",2026-09-18 16:00:13,2026-09-18 17:41:14,85
hash_sha256,fa0dcaa524daeac2f1a5957dad8ac961879002776381e3b6bc3f0baf0068805f,malwarebazaar,MeshAgent,zip,2026-09-18 16:00:13,2026-09-18 17:41:14,85
hash_sha256,fbeacb39ee1a04ed3a734852feb2161fecd9caf018509d1e84a8f2e39543c022,malwarebazaar,Mirai,Mirai,2026-09-18 16:00:13,2026-09-18 17:41:14,85
hash_sha256,fe6c540c57cc17b28c6f26bde4cf06d7b1f2d274953ba9fbc76f8cbcc9aabe8d,malwarebazaar,Mirai,"Mirai,upx",2026-09-18 16:00:13,2026-09-18 17:41:14,85
ip,103.101.85.26,threatfox,Unknown malware,threatfox,2026-09-18 16:06:41,2026-09-18 17:41:14,85
ip,106.54.201.103,threatfox,Cobalt Strike,"threatfox,CobaltStrike,cs-watermark-1234567890",2026-09-18 16:06:42,2026-09-18 17:41:14,85
ip,107.148.78.97,threatfox,VShell,"threatfox,vshell",2026-09-17 04:06:34,2026-09-18 17:41:14,85
ip,109.205.212.241,threatfox,Havoc,"threatfox,drb-ra,Havoc",2026-09-17 16:07:21,2026-09-18 17:41:14,85
ip,112.126.27.96,threatfox,Cobalt Strike,"threatfox,CobaltStrike",2026-09-18 16:06:42,2026-09-18 17:41:14,85
ip,115.159.101.177,threatfox,Cobalt Strike,"threatfox,cobaltstrike",2026-09-18 04:06:29,2026-09-18 17:41:14,85
ip,117.50.214.223,threatfox,VShell,"threatfox,vshell",2026-09-18 16:06:42,2026-09-18 17:41:14,85
ip,117.72.202.154,threatfox,Cobalt Strike,"threatfox,cobaltstrike",2026-09-18 16:06:42,2026-09-18 17:41:14,85
ip,124.222.77.67,threatfox,VShell,"threatfox,vshell",2026-09-18 04:06:29,2026-09-18 17:41:14,85
ip,130.12.181.199,threatfox,CECbot,"threatfox,android,botnet,cecbot,ddos",2026-09-13 16:06:35,2026-09-18 17:41:14,85
ip,130.94.30.47,threatfox,Cobalt Strike,"threatfox,cobaltstrike",2026-09-18 04:06:29,2026-09-18 17:41:14,85
ip,134.122.202.217,threatfox,Unknown malware,"threatfox,supershell",2026-09-18 16:06:41,2026-09-18 17:41:14,85
ip,138.226.247.152,threatfox,OtterCookie,"threatfox,c2,contagious-interview,NodeJS,OtterCookie",2026-09-18 16:06:42,2026-09-18 17:41:14,85
ip,141.11.139.233,threatfox,VShell,"threatfox,vshell",2026-09-17 16:07:21,2026-09-18 17:41:14,85
ip,141.98.10.26,threatfox,CECbot,"threatfox,android,botnet,cecbot,ddos",2026-09-13 16:06:35,2026-09-18 17:41:14,85
ip,144.31.148.132,threatfox,Hook,"threatfox,drb-ra,Hook",2026-09-18 16:06:42,2026-09-18 17:41:14,85
ip,154.219.101.56,threatfox,Cobalt Strike,"threatfox,cobaltstrike",2026-09-17 16:07:21,2026-09-18 17:41:14,85
ip,154.91.56.100,threatfox,VShell,"threatfox,vshell",2026-09-09 16:06:21,2026-09-18 17:41:14,85
ip,154.91.56.106,threatfox,VShell,"threatfox,vshell",2026-09-07 16:06:33,2026-09-18 17:41:14,85
ip,154.91.56.113,threatfox,VShell,"threatfox,vshell",2026-09-07 16:06:33,2026-09-18 17:41:14,85
ip,154.91.56.116,threatfox,VShell,"threatfox,vshell",2026-09-07 16:06:33,2026-09-18 17:41:14,85
ip,154.91.57.105,threatfox,VShell,"threatfox,vshell",2026-09-08 04:06:28,2026-09-18 17:41:14,85
ip,154.91.57.110,threatfox,VShell,"threatfox,vshell",2026-09-07 16:06:33,2026-09-18 17:41:14,85
ip,154.91.57.115,threatfox,VShell,"threatfox,vshell",2026-09-09 04:06:20,2026-09-18 17:41:14,85
ip,154.91.57.118,threatfox,VShell,"threatfox,vshell",2026-09-07 16:06:33,2026-09-18 17:41:14,85
ip,154.91.62.107,threatfox,VShell,"threatfox,vshell",2026-09-08 04:06:28,2026-09-18 17:41:14,85
ip,154.91.62.108,threatfox,VShell,"threatfox,vshell",2026-09-08 04:06:28,2026-09-18 17:41:14,85
ip,154.91.62.109,threatfox,VShell,"threatfox,vshell",2026-09-08 04:06:28,2026-09-18 17:41:14,85
ip,154.91.62.110,threatfox,VShell,"threatfox,vshell",2026-09-11 04:07:05,2026-09-18 17:41:14,85
ip,154.91.62.122,threatfox,VShell,"threatfox,vshell",2026-09-12 04:07:43,2026-09-18 17:41:14,85
ip,154.91.62.99,threatfox,VShell,"threatfox,vshell",2026-09-12 16:06:49,2026-09-18 17:41:14,85
ip,154.91.63.101,threatfox,VShell,"threatfox,vshell",2026-09-09 04:06:20,2026-09-18 17:41:14,85
ip,154.91.63.107,threatfox,VShell,"threatfox,vshell",2026-09-09 16:06:21,2026-09-18 17:41:14,85
ip,154.91.63.108,threatfox,VShell,"threatfox,vshell",2026-09-08 16:06:38,2026-09-18 17:41:14,85
ip,154.91.63.110,threatfox,VShell,"threatfox,vshell",2026-09-07 04:07:00,2026-09-18 17:41:14,85
ip,154.91.63.111,threatfox,VShell,"threatfox,vshell",2026-09-07 04:07:00,2026-09-18 17:41:14,85
ip,154.91.63.119,threatfox,VShell,"threatfox,vshell",2026-09-18 16:06:41,2026-09-18 17:41:14,85
ip,154.91.63.122,threatfox,VShell,"threatfox,vshell",2026-09-08 16:06:38,2026-09-18 17:41:14,85
ip,154.91.63.98,threatfox,VShell,"threatfox,vshell",2026-09-07 04:07:00,2026-09-18 17:41:14,85
ip,155.254.99.109,threatfox,Unknown RAT,"threatfox,ConnectWise,RMM,ScreenConnect",2026-09-18 16:06:41,2026-09-18 17:41:14,85
ip,162.243.103.246,feodotracker,Emotet,"c2,botnet,port:8080",2026-04-11 03:35:43,2026-09-18 17:41:14,90
ip,164.92.207.173,threatfox,Aisuru,"threatfox,Aisuru,c2",2026-09-09 16:06:21,2026-09-18 17:41:14,85
ip,167.172.133.4,threatfox,Remus,"threatfox,remus",2026-09-18 04:06:29,2026-09-18 17:41:14,85
ip,172.86.126.227,threatfox,Unknown malware,"threatfox,c2,contagious-interview,NodeJS",2026-09-18 16:06:42,2026-09-18 17:41:14,85
ip,176.65.139.219,threatfox,Mirai,"threatfox,Mirai",2026-09-18 16:06:42,2026-09-18 17:41:14,85
ip,178.16.54.195,threatfox,Quasar RAT,"threatfox,quasarrat",2026-09-18 16:06:42,2026-09-18 17:41:14,85
ip,178.62.3.223,feodotracker,QakBot,"c2,botnet,port:443",2026-04-11 03:35:43,2026-09-18 17:41:14,90
ip,179.199.143.63,threatfox,Unknown malware,"threatfox,mythic",2026-09-18 16:06:42,2026-09-18 17:41:14,85
ip,185.173.38.47,threatfox,Jackskid,"threatfox,botnet,ddos,jackskid,mirai,rctea",2026-09-18 16:06:42,2026-09-18 17:41:14,85
ip,185.173.39.2,threatfox,Jackskid,"threatfox,botnet,ddos,jackskid,mirai,rctea",2026-09-18 16:06:42,2026-09-18 17:41:14,85
ip,185.193.126.143,threatfox,VShell,"threatfox,vshell",2026-09-18 04:06:29,2026-09-18 17:41:14,85
ip,185.215.151.15,threatfox,Remcos,"threatfox,c2,Remcos,Social Security Report 2026",2026-09-18 16:06:42,2026-09-18 17:41:14,85
ip,187.52.119.59,threatfox,Cobalt Strike,"threatfox,cobaltstrike",2026-09-18 16:06:42,2026-09-18 17:41:14,85
ip,191.107.92.58,threatfox,DCRat,"threatfox,DCRat,drb-ra,RAT",2026-09-18 16:06:42,2026-09-18 17:41:14,85
ip,192.210.197.13,threatfox,VShell,"threatfox,vshell",2026-08-01 17:35:26,2026-09-18 17:41:14,85
ip,2.56.97.65,threatfox,Unknown malware,"threatfox,drb-ra,Mythic",2026-09-18 16:06:42,2026-09-18 17:41:14,85
ip,206.123.137.132,threatfox,Remcos,"threatfox,c2,Port$$,Remcos",2026-09-07 16:06:33,2026-09-18 17:41:14,85
ip,217.60.103.96,threatfox,CECbot,"threatfox,android,botnet,cecbot,ddos",2026-09-13 16:06:35,2026-09-18 17:41:14,85
ip,27.133.154.218,feodotracker,QakBot,"c2,botnet,port:443",2026-03-10 22:13:04,2026-09-18 17:41:14,90
ip,31.220.89.57,threatfox,Quasar RAT,"threatfox,quasar",2026-09-18 04:06:29,2026-09-18 17:41:14,85
ip,31.57.97.111,threatfox,XWorm,"threatfox,XWorm",2026-09-18 04:06:29,2026-09-18 17:41:14,85
ip,34.204.119.63,feodotracker,QakBot,"c2,botnet,port:443",2026-04-11 03:35:43,2026-09-18 17:41:14,90
ip,36.255.97.162,threatfox,Cobalt Strike,"threatfox,CobaltStrike,drb-ra",2026-09-18 16:06:41,2026-09-18 17:41:14,85
ip,36.255.97.7,threatfox,XWorm,"threatfox,XWorm",2026-09-18 04:06:29,2026-09-18 17:41:14,85
ip,38.22.88.155,threatfox,DCRat,"threatfox,dcrat",2026-09-18 04:06:29,2026-09-18 17:41:14,85
ip,38.242.209.29,threatfox,Havoc,"threatfox,drb-ra,Havoc",2026-09-18 16:06:42,2026-09-18 17:41:14,85
ip,39.107.139.26,threatfox,VShell,"threatfox,vshell",2026-08-26 16:06:11,2026-09-18 17:41:14,85
ip,42.192.54.109,threatfox,VShell,"threatfox,vshell",2026-09-18 04:06:29,2026-09-18 17:41:14,85
ip,43.136.93.107,threatfox,Cobalt Strike,"threatfox,45090,c2,censys,cobalt strike",2026-09-18 16:06:42,2026-09-18 17:41:14,85
ip,43.157.63.92,threatfox,Aisuru,"threatfox,Aisuru,c2",2026-09-17 16:07:21,2026-09-18 17:41:14,85
ip,43.226.39.138,threatfox,Cobalt Strike,"threatfox,cobaltstrike",2026-09-18 16:06:42,2026-09-18 17:41:14,85
ip,45.137.81.207,threatfox,Quasar RAT,"threatfox,quasar",2026-09-18 04:06:29,2026-09-18 17:41:14,85
ip,45.139.104.222,threatfox,PureRAT,"threatfox,drb-ra,PureHVNC,PureRAT,RAT",2026-09-18 16:06:41,2026-09-18 17:41:14,85
ip,45.139.104.26,threatfox,PureRAT,"threatfox,drb-ra,PureHVNC,PureRAT,RAT",2026-09-13 16:06:35,2026-09-18 17:41:14,85
ip,45.153.34.146,threatfox,Quasar RAT,"threatfox,quasar",2026-09-18 04:06:29,2026-09-18 17:41:14,85
ip,45.194.92.41,threatfox,Mirai,"threatfox,mirai",2026-09-18 16:06:41,2026-09-18 17:41:14,85
ip,45.202.0.48,threatfox,DCRat,"threatfox,DCRat,drb-ra,RAT",2026-09-18 16:06:41,2026-09-18 17:41:14,85
ip,45.202.0.55,threatfox,DCRat,"threatfox,DCRat,drb-ra,RAT",2026-09-18 16:06:41,2026-09-18 17:41:14,85
ip,45.207.219.134,threatfox,Cobalt Strike,"threatfox,cobaltstrike",2026-09-18 16:06:42,2026-09-18 17:41:14,85
ip,45.76.165.219,threatfox,SystemBC,"threatfox,SystemBC",2026-09-18 04:06:29,2026-09-18 17:41:14,85
ip,46.151.182.200,threatfox,Bashlite,"threatfox,Gafgyt",2026-08-10 12:42:40,2026-09-18 17:41:14,85
ip,46.246.6.18,threatfox,DCRat,"threatfox,DCRat,drb-ra,RAT",2026-09-18 16:06:41,2026-09-18 17:41:14,85
ip,47.129.3.232,threatfox,VShell,"threatfox,vshell",2026-09-18 04:06:29,2026-09-18 17:41:14,85
ip,47.98.177.11,threatfox,VShell,"threatfox,vshell",2026-09-18 04:06:29,2026-09-18 17:41:14,85
ip,47.99.109.10,threatfox,Cobalt Strike,"threatfox,CobaltStrike,cs-watermark-391144938",2026-09-18 16:06:42,2026-09-18 17:41:14,85
ip,49.232.21.222,threatfox,Cobalt Strike,"threatfox,cobaltstrike",2026-09-17 16:07:21,2026-09-18 17:41:14,85
ip,5.163.239.119,threatfox,Havoc,"threatfox,drb-ra,Havoc",2026-09-18 16:06:41,2026-09-18 17:41:14,85
ip,50.16.16.211,feodotracker,QakBot,"c2,botnet,port:443",2026-04-11 03:35:43,2026-09-18 17:41:14,90
ip,51.210.52.212,threatfox,BeaverTail,"threatfox,c2,contagious-interview,NodeJS",2026-09-18 16:06:42,2026-09-18 17:41:14,85
ip,60.204.248.97,threatfox,Cobalt Strike,"threatfox,cobaltstrike",2026-09-18 16:06:41,2026-09-18 17:41:14,85
ip,62.60.226.111,threatfox,CECbot,"threatfox,android,botnet,cecbot,ddos",2026-07-14 19:40:35,2026-09-18 17:41:14,85
ip,62.60.226.173,threatfox,CECbot,"threatfox,android,botnet,cecbot,ddos",2026-09-18 16:06:41,2026-09-18 17:41:14,85
ip,64.89.160.15,threatfox,CECbot,"threatfox,android,botnet,cecbot,ddos",2026-09-13 16:06:35,2026-09-18 17:41:14,85
ip,77.232.37.55,threatfox,Jackskid,"threatfox,botnet,ddos,jackskid,mirai,rctea",2026-09-18 16:06:42,2026-09-18 17:41:14,85
ip,77.232.41.119,threatfox,Jackskid,"threatfox,botnet,ddos,jackskid,mirai,rctea",2026-09-18 16:06:42,2026-09-18 17:41:14,85
ip,77.232.42.76,threatfox,Jackskid,"threatfox,botnet,ddos,jackskid,mirai,rctea",2026-09-18 16:06:42,2026-09-18 17:41:14,85
ip,8.160.168.147,threatfox,Cobalt Strike,"threatfox,cobaltstrike",2026-09-18 16:06:41,2026-09-18 17:41:14,85
ip,80.76.49.209,threatfox,PureRAT,"threatfox,drb-ra,PureHVNC,PureRAT,RAT",2026-09-18 16:06:41,2026-09-18 17:41:14,85
ip,81.70.21.163,threatfox,Cobalt Strike,"threatfox,CobaltStrike,cs-watermark-305419896",2026-09-18 16:06:42,2026-09-18 17:41:14,85
ip,82.22.62.195,threatfox,XWorm,"threatfox,XWorm",2026-09-18 04:06:29,2026-09-18 17:41:14,85
ip,82.47.102.179,threatfox,XWorm,"threatfox,XWorm",2026-09-18 04:06:29,2026-09-18 17:41:14,85
ip,85.203.4.161,threatfox,XWorm,"threatfox,XWorm",2026-09-18 04:06:29,2026-09-18 17:41:14,85
ip,85.203.4.222,threatfox,XWorm,"threatfox,XWorm",2026-09-18 04:06:29,2026-09-18 17:41:14,85
ip,94.154.43.235,threatfox,CECbot,"threatfox,android,botnet,cecbot,ddos",2026-09-18 16:06:41,2026-09-18 17:41:14,85
ssl_sha1,00095e3cd5dfc929d16036132665d7e3e9ef7cd6,sslbl,Vidar C&C,"sslbl,2026-09-12",2026-09-12 16:06:49,2026-09-18 17:41:14,88
ssl_sha1,0034d3f66acca402e4ae3d683e435f10d513006a,sslbl,ACRStealer C&C,"sslbl,2026-08-08",2026-08-09 00:42:39,2026-09-18 17:41:14,88
ssl_sha1,009a05eaf082d20ae13a65abda12afd959cd76de,sslbl,VenomRAT C&C,"sslbl,2026-09-13",2026-09-14 04:06:32,2026-09-18 17:41:14,88
ssl_sha1,01162aa2c2be7f9d16f646b94a1245726c68b110,sslbl,PureRAT C&C,"sslbl,2026-08-22",2026-08-22 16:06:16,2026-09-18 17:41:14,88
ssl_sha1,0141dfae0d4426123aa2fbdd759162fa82d0f8e1,sslbl,PureLogsStealer C&C,"sslbl,2026-08-04",2026-08-05 12:42:46,2026-09-18 17:41:14,88
ssl_sha1,014d51d79c5a5c80042abedb35231581ff07c2e7,sslbl,Vidar C&C,"sslbl,2026-07-30",2026-07-31 05:35:34,2026-09-18 17:41:14,88
ssl_sha1,01b9a51320b270b527c744a7ebc9f9bc68a94f81,sslbl,ConnectWise C&C,"sslbl,2026-08-19",2026-08-19 16:06:13,2026-09-18 17:41:14,88
ssl_sha1,01cc79c660e1677fc17665e6d8169b5fdad75668,sslbl,PureLogsStealer C&C,"sslbl,2026-08-05",2026-08-06 00:43:27,2026-09-18 17:41:14,88
ssl_sha1,02df529de5d2da5b01c0b557b02b289b060f344b,sslbl,PureRAT C&C,"sslbl,2026-08-08",2026-08-09 00:42:39,2026-09-18 17:41:14,88
ssl_sha1,030279988932ee4115de7e6e8cdeb91927c078db,sslbl,OffLoader C&C,"sslbl,2026-08-19",2026-08-19 16:06:13,2026-09-18 17:41:14,88
ssl_sha1,031491e9d9e07391f330aef5bbdce9febbf1fe90,sslbl,OffLoader C&C,"sslbl,2026-09-11",2026-09-11 16:06:11,2026-09-18 17:41:14,88
ssl_sha1,03cdb8ba1363fb90f77ab53b6fc78d58a5340c35,sslbl,PureRAT C&C,"sslbl,2026-08-20",2026-08-20 16:06:17,2026-09-18 17:41:14,88
ssl_sha1,048bd151ab0a9c0add6d5bba9dc73521e42d9a20,sslbl,AsyncRAT C&C,"sslbl,2026-09-10",2026-09-10 16:06:38,2026-09-18 17:41:14,88
ssl_sha1,057b2084f877c8737e60de6c07ad829ea411b9c6,sslbl,Vidar C&C,"sslbl,2026-08-15",2026-08-15 20:13:12,2026-09-18 17:41:14,88
ssl_sha1,059e425acfe2753d135e1b7ba39e30f0b00dbbb3,sslbl,PureLogsStealer C&C,"sslbl,2026-08-06",2026-08-06 12:43:05,2026-09-18 17:41:14,88
ssl_sha1,05b215b1710e56a14f4742b10586af2750da866a,sslbl,OffLoader C&C,"sslbl,2026-08-13",2026-08-13 08:13:02,2026-09-18 17:41:14,88
ssl_sha1,05ba9d18bc4c00bec6bb5ed461fd889259929709,sslbl,Vidar C&C,"sslbl,2026-08-02",2026-08-02 17:36:31,2026-09-18 17:41:14,88
ssl_sha1,05fb6a6fa12c1638063b36498703b24fbbc2df43,sslbl,ACRStealer C&C,"sslbl,2026-09-06",2026-09-06 16:06:16,2026-09-18 17:41:14,88
ssl_sha1,06c6a1e29b1948ac47c0fee2e8652a07fcde1f9e,sslbl,Vidar C&C,"sslbl,2026-08-27",2026-08-27 16:06:11,2026-09-18 17:41:14,88
ssl_sha1,070aa492d4afcb841457f33f366206805947160f,sslbl,Socks5Systemz C&C,"sslbl,2026-09-06",2026-09-06 16:06:16,2026-09-18 17:41:14,88
ssl_sha1,077be211823898ed4eb3d3faf920781321f7ca5c,sslbl,PureLogsStealer C&C,"sslbl,2026-09-09",2026-09-09 16:06:20,2026-09-18 17:41:14,88
ssl_sha1,08d8ee8314ace61bcc0481fe9c0e2bfaaccf34e0,sslbl,Vidar C&C,"sslbl,2026-08-12",2026-08-12 12:42:52,2026-09-18 17:41:14,88
ssl_sha1,096f890e1d8d4220a1c0501a50fd6037804412c4,sslbl,Vidar C&C,"sslbl,2026-07-23",2026-07-23 18:30:39,2026-09-18 17:41:14,88
ssl_sha1,097cee540020aa1e282dcf5afefebcb5a6a1dae4,sslbl,PureLogsStealer C&C,"sslbl,2026-08-06",2026-08-06 12:43:05,2026-09-18 17:41:14,88
ssl_sha1,09cc432d307b2b2d67a102c9a579f24b511cfea2,sslbl,Vidar C&C,"sslbl,2026-09-04",2026-09-04 16:06:41,2026-09-18 17:41:14,88
ssl_sha1,09f261bec38f8f17f3aba55d8f24e0c11236de40,sslbl,PureLogsStealer C&C,"sslbl,2026-08-19",2026-08-19 16:06:13,2026-09-18 17:41:14,88
ssl_sha1,0a1192b7efc4408315bb36a29eaa149bf2306e0c,sslbl,PureLogsStealer C&C,"sslbl,2026-09-11",2026-09-11 16:06:11,2026-09-18 17:41:14,88
ssl_sha1,0a2f52fe0e41f4fa2154a7a42134187aa23b6289,sslbl,ConnectWise C&C,"sslbl,2026-08-19",2026-08-19 16:06:13,2026-09-18 17:41:14,88
ssl_sha1,0ad6076cb27bcdd5dd26fe56c022f4ab61ea00be,sslbl,Meterpreter C&C,"sslbl,2026-08-20",2026-08-20 16:06:17,2026-09-18 17:41:14,88
ssl_sha1,0b260881d660a14c3c0b2e61a6685839c8053bc9,sslbl,KongTuke C&C,"sslbl,2026-07-29",2026-07-29 17:37:13,2026-09-18 17:41:14,88
ssl_sha1,0b7abd7fefffcfe53a7ae01594e23d9488a214b4,sslbl,ConnectWise C&C,"sslbl,2026-08-19",2026-08-19 16:06:13,2026-09-18 17:41:14,88
ssl_sha1,0b92ba05df90855d90170858ba91680d33f76e0f,sslbl,ConnectWise C&C,"sslbl,2026-08-19",2026-08-19 16:06:13,2026-09-18 17:41:14,88
ssl_sha1,0bb977bf9e0950a1a818660dde009ac9934bd1e2,sslbl,Vidar C&C,"sslbl,2026-08-21",2026-08-21 16:09:28,2026-09-18 17:41:14,88
ssl_sha1,0c587f31dc58c33ef2e3632bb161f4d52231b7c1,sslbl,ConnectWise C&C,"sslbl,2026-08-22",2026-08-22 16:06:16,2026-09-18 17:41:14,88
ssl_sha1,0e764db7ce91a22898f0083832b93da4d3b5d19e,sslbl,PureLogsStealer C&C,"sslbl,2026-09-17",2026-09-17 16:07:21,2026-09-18 17:41:14,88
ssl_sha1,0f1b05653c3b3ab3bb4ecd772dd024668cbe8df1,sslbl,QuasarRAT C&C,"sslbl,2026-08-13",2026-08-13 20:13:53,2026-09-18 17:41:14,88
ssl_sha1,0f4085482fb0664e22b9dc962bd87184a2048e28,sslbl,ACRStealer C&C,"sslbl,2026-08-26",2026-08-26 16:06:11,2026-09-18 17:41:14,88
ssl_sha1,0f47d296ca2a764238bfd644c7b716cffafa1352,sslbl,Vidar C&C,"sslbl,2026-08-21",2026-08-21 16:09:28,2026-09-18 17:41:14,88
ssl_sha1,10444531944b9b521661ef3bd8d9848d70902bbd,sslbl,PureLogsStealer C&C,"sslbl,2026-08-10",2026-08-10 12:42:40,2026-09-18 17:41:14,88
ssl_sha1,11a907f87c27b67e87f201281797b95f53508752,sslbl,OffLoader C&C,"sslbl,2026-08-10",2026-08-10 12:42:40,2026-09-18 17:41:14,88
ssl_sha1,11a9b0c571e681f4f9e7780e3aff1fe8c2f3d676,sslbl,KongTuke C&C,"sslbl,2026-07-29",2026-07-29 17:37:13,2026-09-18 17:41:14,88
ssl_sha1,12b3a868314cd43aa8d304a7e529bbd498ee74ee,sslbl,Vidar C&C,"sslbl,2026-07-23",2026-07-24 05:35:19,2026-09-18 17:41:14,88
ssl_sha1,12c42acde116383d7b75ae10fc47d5f369f5633e,sslbl,RemusStealer C&C,"sslbl,2026-08-06",2026-08-06 12:43:05,2026-09-18 17:41:14,88
ssl_sha1,131d534087149d0095a326dcb33e77afcbec308c,sslbl,AnimateClipper C&C,"sslbl,2026-07-26",2026-07-26 17:35:20,2026-09-18 17:41:14,88
ssl_sha1,131e6cb931dd908cdf9fc5bdd6f8245c9b399ea9,sslbl,ConnectWise C&C,"sslbl,2026-08-07",2026-08-07 12:43:25,2026-09-18 17:41:14,88
ssl_sha1,1389c26fb7ce71a7aa1514e86879daf6b373325a,sslbl,OffLoader C&C,"sslbl,2026-08-28",2026-08-29 04:06:17,2026-09-18 17:41:14,88
ssl_sha1,13f40ae70a0fe1ae9e727ad329583635cf8090be,sslbl,PureLogsStealer C&C,"sslbl,2026-08-10",2026-08-11 00:42:33,2026-09-18 17:41:14,88
ssl_sha1,14333675b09013c7299af764816b152b90d29952,sslbl,Vidar C&C,"sslbl,2026-08-14",2026-08-14 08:13:11,2026-09-18 17:41:14,88
ssl_sha1,145f0fa0f6134e66fa5c80989c13987baf799bda,sslbl,Vidar C&C,"sslbl,2026-09-02",2026-09-02 16:07:20,2026-09-18 17:41:14,88
ssl_sha1,147ca23505c924119036d7e4942ddc0737f39adf,sslbl,PureLogsStealer C&C,"sslbl,2026-08-07",2026-08-07 12:43:25,2026-09-18 17:41:14,88
ssl_sha1,14bc0ce6c63bf1c1554b4cd1772c60b57c38ab09,sslbl,Vidar C&C,"sslbl,2026-09-14",2026-09-14 16:06:31,2026-09-18 17:41:14,88
ssl_sha1,150e9fffc913a1c87bf94e7f2ad0354d4b6afea1,sslbl,Malware distribution,"sslbl,2026-08-22",2026-08-22 16:06:16,2026-09-18 17:41:14,88
ssl_sha1,16237ea9476a99f34c740649ccb7119db3af5df0,sslbl,PureRAT C&C,"sslbl,2026-08-08",2026-08-09 00:42:39,2026-09-18 17:41:14,88
ssl_sha1,16508580f31edaaf4cbe08f9c417840fa4f918d0,sslbl,ACRStealer C&C,"sslbl,2026-07-23",2026-07-23 18:30:39,2026-09-18 17:41:14,88
ssl_sha1,16545697d78cbada6dac236b73dbeff19c9035d1,sslbl,PureLogsStealer C&C,"sslbl,2026-08-19",2026-08-20 04:06:14,2026-09-18 17:41:14,88
ssl_sha1,1674f349ec288a75ac123a1752d433a21ceddcef,sslbl,Vidar C&C,"sslbl,2026-08-11",2026-08-11 12:42:27,2026-09-18 17:41:14,88
ssl_sha1,16fbb45457a2d8e67c556db46e051893917e2104,sslbl,KongTuke C&C,"sslbl,2026-07-30",2026-07-30 17:35:22,2026-09-18 17:41:14,88
ssl_sha1,1727143583fd38bc4b6b5986f5c7b2c919f885af,sslbl,KongTuke C&C,"sslbl,2026-07-30",2026-07-30 17:35:22,2026-09-18 17:41:14,88
ssl_sha1,173cb58c2538a3e2fccf3f3ae72b5713e4f810a3,sslbl,ACRStealer C&C,"sslbl,2026-08-19",2026-08-19 16:06:13,2026-09-18 17:41:14,88
ssl_sha1,17d881f02866b9e629d39d16bdf43ca953b38d5c,sslbl,OffLoader C&C,"sslbl,2026-09-01",2026-09-01 16:06:06,2026-09-18 17:41:14,88
ssl_sha1,17ee516f7e99548d2b4d735f2100f2754d814288,sslbl,OffLoader C&C,"sslbl,2026-09-04",2026-09-04 16:06:41,2026-09-18 17:41:14,88
ssl_sha1,183d02c077142b8701d1a719cc8cee3f8fb76072,sslbl,OffLoader C&C,"sslbl,2026-08-14",2026-08-14 08:13:11,2026-09-18 17:41:14,88
ssl_sha1,1869a727516b162905ef9df32d1ad3fe6ceea9f0,sslbl,PureLogsStealer C&C,"sslbl,2026-08-13",2026-08-13 08:13:02,2026-09-18 17:41:14,88
ssl_sha1,1888b7695f250f9d18e89b7c2da95e4979b65044,sslbl,ConnectWise C&C,"sslbl,2026-09-17",2026-09-17 16:07:21,2026-09-18 17:41:14,88
ssl_sha1,1955a3ce0e4bb011e3e667a51be5f42fb02d769f,sslbl,OffLoader C&C,"sslbl,2026-09-09",2026-09-10 04:07:18,2026-09-18 17:41:14,88
ssl_sha1,199e1fd0a2f1c805aae75b33803d0e27b874b892,sslbl,OffLoader C&C,"sslbl,2026-09-10",2026-09-10 16:06:38,2026-09-18 17:41:14,88
ssl_sha1,19cf66baa4727b080e283d10284993170c9b462b,sslbl,Vidar C&C,"sslbl,2026-08-22",2026-08-22 16:06:16,2026-09-18 17:41:14,88
ssl_sha1,19d7b8b5842177ba762fb0b30fd1368e953e73e9,sslbl,ACRStealer C&C,"sslbl,2026-08-11",2026-08-11 12:42:27,2026-09-18 17:41:14,88
ssl_sha1,1ab7aaf074b1e925322cd328b4d1343f46f4f91b,sslbl,PureLogsStealer C&C,"sslbl,2026-08-08",2026-08-09 00:42:39,2026-09-18 17:41:14,88
ssl_sha1,1b48b0bd62383ba8f49d25e8584a290016730f3d,sslbl,Vidar C&C,"sslbl,2026-08-11",2026-08-11 12:42:27,2026-09-18 17:41:14,88
ssl_sha1,1baea4f8295715f075d3c0510b61017840047ae3,sslbl,Vidar C&C,"sslbl,2026-09-06",2026-09-06 16:06:16,2026-09-18 17:41:14,88
ssl_sha1,1bf12565f5b66f9f938f92411d31aea37d9676e8,sslbl,Vidar C&C,"sslbl,2026-09-04",2026-09-04 16:06:41,2026-09-18 17:41:14,88
ssl_sha1,1cdb18c33da65a40adad7b51808edf66f3e180e5,sslbl,PureLogsStealer C&C,"sslbl,2026-08-21",2026-08-21 16:09:28,2026-09-18 17:41:14,88
ssl_sha1,1d6ef2caa8acc4b05edcbf2e8b1e6ee9c7217eb9,sslbl,Vidar C&C,"sslbl,2026-08-12",2026-08-12 12:42:52,2026-09-18 17:41:14,88
ssl_sha1,1dc516de96cd73ff7a4040ec3b4927988d1a0049,sslbl,ConnectWise C&C,"sslbl,2026-08-04",2026-08-04 07:49:13,2026-09-18 17:41:14,88
ssl_sha1,1e5bfc073ee72f5ae99507c87f2479ec1d5f43b7,sslbl,PureLogsStealer C&C,"sslbl,2026-09-15",2026-09-16 06:55:33,2026-09-18 17:41:14,88
ssl_sha1,1e7d6c983d80311dcecc580135dcc216732fd478,sslbl,Vidar C&C,"sslbl,2026-08-19",2026-08-19 16:06:13,2026-09-18 17:41:14,88
ssl_sha1,1ea9baef6f12a280c50e7f473298f326272516d4,sslbl,ACRStealer C&C,"sslbl,2026-09-15",2026-09-16 06:55:33,2026-09-18 17:41:14,88
ssl_sha1,1edaae5bb268c6ec2f90076a7c47b7bfbc531a15,sslbl,Vidar C&C,"sslbl,2026-09-09",2026-09-09 16:06:20,2026-09-18 17:41:14,88
ssl_sha1,1f494cd829ce4d2c465b8e981a0c7f9288354328,sslbl,Vidar C&C,"sslbl,2026-08-30",2026-08-30 16:06:18,2026-09-18 17:41:14,88
ssl_sha1,206850b799a53982b73accdefec94083f2094a6e,sslbl,PureRAT C&C,"sslbl,2026-09-07",2026-09-07 16:06:32,2026-09-18 17:41:14,88
ssl_sha1,2125bebc5912c9fb523a668daf7d116999488493,sslbl,Koadic C&C,"sslbl,2026-08-27",2026-08-27 16:06:11,2026-09-18 17:41:14,88
ssl_sha1,22bedd3b6ea141fbe9b50681baa395909e014ad0,sslbl,PureLogsStealer C&C,"sslbl,2026-08-06",2026-08-06 12:43:05,2026-09-18 17:41:14,88
ssl_sha1,22d945ac6c7c00fb7bb5d0dc3618a82d46cfd1e2,sslbl,QuasarRAT C&C,"sslbl,2026-09-06",2026-09-06 16:06:16,2026-09-18 17:41:14,88
ssl_sha1,240ce6287e5ee63adc65bde38ca08a7132f5b08b,sslbl,RatonRAT C&C,"sslbl,2026-08-27",2026-08-27 16:06:11,2026-09-18 17:41:14,88
ssl_sha1,25042ea148aa7ccb23ebabb701cacca1d2fbd1d4,sslbl,HypeAgent C&C,"sslbl,2026-08-25",2026-08-25 16:07:37,2026-09-18 17:41:14,88
ssl_sha1,25828f9462f9998c2be7214d5db7e092e3878945,sslbl,Vidar C&C,"sslbl,2026-08-12",2026-08-12 12:42:52,2026-09-18 17:41:14,88
ssl_sha1,261044d91561eedea17eac730254426b193e27fe,sslbl,PureRAT C&C,"sslbl,2026-08-13",2026-08-13 08:13:02,2026-09-18 17:41:14,88
ssl_sha1,263a7098595232fb1c9536d18a903858431212c0,sslbl,MeshAgent C&C,"sslbl,2026-08-10",2026-08-11 00:42:33,2026-09-18 17:41:14,88
ssl_sha1,26d708c6ce4554e9fed0ae35556501faf8d0b01c,sslbl,ZigClipper C&C,"sslbl,2026-08-08",2026-08-09 00:42:39,2026-09-18 17:41:14,88
ssl_sha1,26edae2d62f7008d9a3ea68999f41316f4cdf762,sslbl,PureLogsStealer C&C,"sslbl,2026-09-02",2026-09-02 16:07:20,2026-09-18 17:41:14,88
ssl_sha1,277cf8e1227351964ba2a8e57b49b26f8f8e353a,sslbl,Vidar C&C,"sslbl,2026-08-24",2026-08-24 16:06:10,2026-09-18 17:41:14,88
ssl_sha1,283042355c89f2c59e260246d1488a73a8bef7b2,sslbl,PureLogsStealer C&C,"sslbl,2026-07-27",2026-07-27 17:35:21,2026-09-18 17:41:14,88
ssl_sha1,28db945e3beaf15a6f6d7fdf2dfc06a5f0319fc3,sslbl,Malware C&C,"sslbl,2026-08-06",2026-08-06 12:43:05,2026-09-18 17:41:14,88
ssl_sha1,28f2252914fd660fb663fae3995bfa2202285cfe,sslbl,PureLogsStealer C&C,"sslbl,2026-09-10",2026-09-10 16:06:38,2026-09-18 17:41:14,88
ssl_sha1,29e434f384fe91188ce4c8a3f607a781e5c5e5d1,sslbl,PureRAT C&C,"sslbl,2026-08-06",2026-08-06 12:43:05,2026-09-18 17:41:14,88
ssl_sha1,2a2c44f91a961c0b573d1e823f314fb4ffbc88dd,sslbl,OffLoader C&C,"sslbl,2026-09-07",2026-09-07 16:06:32,2026-09-18 17:41:14,88
ssl_sha1,2a68cf483216956f8162c0334a75dac483bfaac6,sslbl,Vidar C&C,"sslbl,2026-08-13",2026-08-13 20:13:53,2026-09-18 17:41:14,88
ssl_sha1,2b05666e08e41d03ae03a5f282434e36229ea962,sslbl,ConnectWise C&C,"sslbl,2026-08-14",2026-08-14 08:13:11,2026-09-18 17:41:14,88
ssl_sha1,2b7ffb92a05fe5f22a0f26d9c76a3155f04fdd45,sslbl,PureLogsStealer C&C,"sslbl,2026-08-04",2026-08-05 12:42:46,2026-09-18 17:41:14,88
ssl_sha1,2be2964d2711f536de55aa929fa612ba69ebc405,sslbl,Vidar C&C,"sslbl,2026-09-09",2026-09-09 16:06:20,2026-09-18 17:41:14,88
ssl_sha1,2d410f6e2daaf4665a958610ce94242145c714e3,sslbl,PureLogsStealer C&C,"sslbl,2026-08-08",2026-08-09 00:42:39,2026-09-18 17:41:14,88
ssl_sha1,2e5d32f48396874bdbf9e30cbf56d9d5440f24ec,sslbl,ConnectWise C&C,"sslbl,2026-08-31",2026-08-31 16:06:17,2026-09-18 17:41:14,88
ssl_sha1,304062e0d9d93dad14b84554abb56fd3af8266ff,sslbl,Vidar C&C,"sslbl,2026-08-19",2026-08-19 16:06:13,2026-09-18 17:41:14,88
ssl_sha1,30ae51f106a573be769968e15c0a6f56a2878a16,sslbl,Vidar C&C,"sslbl,2026-08-05",2026-08-05 12:42:46,2026-09-18 17:41:14,88
ssl_sha1,3141245c066d71ef08936296ffea7ea15082f7fd,sslbl,ConnectWise C&C,"sslbl,2026-08-14",2026-08-14 08:13:11,2026-09-18 17:41:14,88
ssl_sha1,328089d815eb8db2dcb741cd603fc451295636d4,sslbl,PureRAT C&C,"sslbl,2026-08-31",2026-08-31 16:06:17,2026-09-18 17:41:14,88
ssl_sha1,32a8651489a0a5fb3fb0679514bed1e86c0c576c,sslbl,ACRStealer C&C,"sslbl,2026-08-10",2026-08-10 12:42:40,2026-09-18 17:41:14,88
ssl_sha1,32c779b627c28c168bcf744948c35f45462e9307,sslbl,PureRAT C&C,"sslbl,2026-09-08",2026-09-08 16:06:37,2026-09-18 17:41:14,88
ssl_sha1,3595cb507d47314a6749679e4217ec993c5c3691,sslbl,DCAgentRMM C&C,"sslbl,2026-08-25",2026-08-25 16:07:37,2026-09-18 17:41:14,88
ssl_sha1,35c361f9688643bd7cd6a7057178d869bcd6ea7b,sslbl,ConnectWise C&C,"sslbl,2026-08-04",2026-08-04 07:49:13,2026-09-18 17:41:14,88
ssl_sha1,35f9f438c4787030939c64cb858a48b7bed8c69d,sslbl,PureLogsStealer C&C,"sslbl,2026-09-17",2026-09-17 16:07:21,2026-09-18 17:41:14,88
ssl_sha1,361864879b9712b391b7d1af733e24168f67c419,sslbl,Malware C&C,"sslbl,2026-08-04",2026-08-05 12:42:46,2026-09-18 17:41:14,88
ssl_sha1,369b439f1afec9b1ae1d5de29a603f6ba34a3039,sslbl,PureRAT C&C,"sslbl,2026-08-04",2026-08-04 07:49:13,2026-09-18 17:41:14,88
ssl_sha1,3712fb1d824e230a43660016e4e305e623dad067,sslbl,Malware C&C,"sslbl,2026-08-12",2026-08-12 12:42:52,2026-09-18 17:41:14,88
ssl_sha1,3992dd5edcdf2ce5d143f933e2657640e00a58d4,sslbl,OffLoader C&C,"sslbl,2026-08-20",2026-08-20 16:06:17,2026-09-18 17:41:14,88
ssl_sha1,3a62153757fc44e7a948a9c289a08798ea8e8487,sslbl,OffLoader C&C,"sslbl,2026-09-09",2026-09-09 16:06:20,2026-09-18 17:41:14,88
ssl_sha1,3b0855807c94981dca90ba6eb15e94087c91fb52,sslbl,PureRAT C&C,"sslbl,2026-08-08",2026-08-09 00:42:39,2026-09-18 17:41:14,88
ssl_sha1,3c286904e96ada2549fe774aa6eb2d39920219ec,sslbl,Malware C&C,"sslbl,2026-08-13",2026-08-13 08:13:02,2026-09-18 17:41:14,88
ssl_sha1,3ddf56dd624309d956cccb6c41eb6fcfbb3c6364,sslbl,ZigClipper C&C,"sslbl,2026-08-05",2026-08-06 00:43:27,2026-09-18 17:41:14,88
ssl_sha1,3e3c44169f96771a93af70cef73772afc6530f39,sslbl,Vidar C&C,"sslbl,2026-08-10",2026-08-10 12:42:40,2026-09-18 17:41:14,88
ssl_sha1,401d739effc60f0ddbfc096d8b7a64625744824a,sslbl,OffLoader C&C,"sslbl,2026-09-09",2026-09-09 16:06:20,2026-09-18 17:41:14,88
ssl_sha1,407df66ac87ceb177c560e82df9521c8003b5f0d,sslbl,ConnectWise C&C,"sslbl,2026-08-28",2026-08-29 04:06:17,2026-09-18 17:41:14,88
ssl_sha1,40ab2a74848e4b409900153beb94a6977de80d4a,sslbl,PureRAT C&C,"sslbl,2026-08-04",2026-08-04 07:49:13,2026-09-18 17:41:14,88
ssl_sha1,40d55bdf808d31690157cc7865a3161d6f44f073,sslbl,Vidar C&C,"sslbl,2026-08-17",2026-08-17 08:13:04,2026-09-18 17:41:14,88
ssl_sha1,4157992dbca11ebbe0938db99c79c0769ff4e1b1,sslbl,PureRAT C&C,"sslbl,2026-09-03",2026-09-03 16:06:37,2026-09-18 17:41:14,88
ssl_sha1,41f8e81a4f9b3e7e70353a84e4bf87d687ddc79e,sslbl,ConnectWise C&C,"sslbl,2026-08-28",2026-08-29 04:06:17,2026-09-18 17:41:14,88
ssl_sha1,42412a6aee2a4ff0234fc0afe142d5a2bf8f1e92,sslbl,HypeAgent C&C,"sslbl,2026-08-27",2026-08-27 16:06:11,2026-09-18 17:41:14,88
ssl_sha1,441b920d869b1e83fe18a2d86d4b6be20099c145,sslbl,ConnectWise C&C,"sslbl,2026-08-07",2026-08-07 12:43:25,2026-09-18 17:41:14,88
ssl_sha1,4442db8ed5780616c630362ab45b8e59f40a2e5a,sslbl,Vidar C&C,"sslbl,2026-08-19",2026-08-19 16:06:13,2026-09-18 17:41:14,88
ssl_sha1,4454daf3ef7f7d71cf8e4ce8067c880f9976c952,sslbl,Vidar C&C,"sslbl,2026-09-06",2026-09-06 16:06:16,2026-09-18 17:41:14,88
ssl_sha1,448bf34943609cd5dcadf4b1dc58512df0718e57,sslbl,PureLogsStealer C&C,"sslbl,2026-08-06",2026-08-06 12:43:05,2026-09-18 17:41:14,88
ssl_sha1,44c6dc94a23e05350af1ff687fef8b78cb089b8b,sslbl,ConnectWise C&C,"sslbl,2026-09-08",2026-09-08 16:06:37,2026-09-18 17:41:14,88
ssl_sha1,45082929b125b5fb1336345d27ace6b7b85d1f77,sslbl,MiniRMM C&C,"sslbl,2026-09-17",2026-09-17 16:07:21,2026-09-18 17:41:14,88
ssl_sha1,450a46fca2ded0fb7231080b7ec1fef089aa6abe,sslbl,Stealc C&C,"sslbl,2026-08-27",2026-08-27 16:06:11,2026-09-18 17:41:14,88
ssl_sha1,45152caa36a93f2aa9dab483d4c57531221c431d,sslbl,DCRat C&C,"sslbl,2026-08-20",2026-08-20 16:06:17,2026-09-18 17:41:14,88
ssl_sha1,45bbc5ebc131cca9663c35c95459564007049d07,sslbl,Vidar C&C,"sslbl,2026-07-25",2026-07-25 17:35:24,2026-09-18 17:41:14,88
ssl_sha1,4672fba181056b9df706573af71ad6462ea3df67,sslbl,PureLogsStealer C&C,"sslbl,2026-08-11",2026-08-11 12:42:27,2026-09-18 17:41:14,88
ssl_sha1,46a2a90c5813eda22263c058742902faf1def5a6,sslbl,ConnectWise C&C,"sslbl,2026-08-14",2026-08-14 08:13:11,2026-09-18 17:41:14,88
ssl_sha1,46b898af8e29cb2fe186de2bfdf60bc01d617720,sslbl,PureLogsStealer C&C,"sslbl,2026-09-15",2026-09-16 06:55:33,2026-09-18 17:41:14,88
ssl_sha1,472239fd43cdfe3b960245672b183c4be200ed7a,sslbl,Vidar C&C,"sslbl,2026-07-23",2026-07-24 05:35:19,2026-09-18 17:41:14,88
ssl_sha1,481d7383aaeec383beb3012d8dfd20548837e42b,sslbl,PureRAT C&C,"sslbl,2026-08-20",2026-08-20 16:06:17,2026-09-18 17:41:14,88
ssl_sha1,4a5cf0f4e8da154ed1c60ba064f0e733ce9c373e,sslbl,Vidar C&C,"sslbl,2026-09-10",2026-09-10 16:06:38,2026-09-18 17:41:14,88
ssl_sha1,4a67cf0297c6308d31cbd2e89cd5246817bb1330,sslbl,ACRStealer C&C,"sslbl,2026-08-28",2026-08-28 16:06:18,2026-09-18 17:41:14,88
ssl_sha1,4a6e8bfafdb4754d3fbc09a01e52a88d9d4dd57c,sslbl,OffLoader C&C,"sslbl,2026-08-19",2026-08-19 16:06:13,2026-09-18 17:41:14,88
ssl_sha1,4af902fc388e5b848db1767a6c708e2ada0ad99a,sslbl,Vidar C&C,"sslbl,2026-08-31",2026-08-31 16:06:17,2026-09-18 17:41:14,88
ssl_sha1,4bd9fa1c2cefa0f68b276923d33e9989e2fd0031,sslbl,PureRAT C&C,"sslbl,2026-08-04",2026-08-04 07:49:13,2026-09-18 17:41:14,88
ssl_sha1,4bf18cb50cb5bca46aff5785c1ba96a248d1e9fd,sslbl,Vidar C&C,"sslbl,2026-09-01",2026-09-01 16:06:06,2026-09-18 17:41:14,88
ssl_sha1,4c12b6aa784f92a3c50fb7d99289ca32fe21ad4c,sslbl,PureLogsStealer C&C,"sslbl,2026-09-08",2026-09-08 16:06:37,2026-09-18 17:41:14,88
ssl_sha1,4c7132f9c8bfa60751049644820c6f3a90884ff2,sslbl,RatonRAT C&C,"sslbl,2026-08-19",2026-08-19 16:06:13,2026-09-18 17:41:14,88
ssl_sha1,4cad5fa297a09de48d002bf034f543fd7a9384ed,sslbl,Vidar C&C,"sslbl,2026-08-12",2026-08-12 12:42:52,2026-09-18 17:41:14,88
ssl_sha1,4cc4e635af94a219c0c1eaa78c7c1eebdda49e1f,sslbl,PureRAT C&C,"sslbl,2026-09-01",2026-09-01 16:06:06,2026-09-18 17:41:14,88
ssl_sha1,4e1d76e094c1a61d2e1ed367f67545fabe9bc074,sslbl,Malware C&C,"sslbl,2026-09-01",2026-09-01 16:06:06,2026-09-18 17:41:14,88
ssl_sha1,4ee6cf96fce286a8e41faa52626ccf484c72a772,sslbl,Vidar C&C,"sslbl,2026-08-14",2026-08-14 08:13:11,2026-09-18 17:41:14,88
ssl_sha1,4f6db5622e97cb304f7a739d60c8c3acba13f260,sslbl,Stealc C&C,"sslbl,2026-08-19",2026-08-19 16:06:13,2026-09-18 17:41:14,88
ssl_sha1,5017bd59caaf4a057c724b366aa9530e5cc19931,sslbl,ConnectWise C&C,"sslbl,2026-08-04",2026-08-04 07:49:13,2026-09-18 17:41:14,88
ssl_sha1,508ab3696a27249abc7ea437ee1b8bcb8a999d65,sslbl,OverlordRAT C&C,"sslbl,2026-08-08",2026-08-09 00:42:39,2026-09-18 17:41:14,88
ssl_sha1,50c542ca788f012319a8f72453ae5431e0213a4f,sslbl,PureLogsStealer C&C,"sslbl,2026-08-19",2026-08-19 16:06:13,2026-09-18 17:41:14,88
ssl_sha1,513c67627217e9e62bf86dad646acdccca6bae7d,sslbl,Vidar C&C,"sslbl,2026-09-17",2026-09-17 16:07:21,2026-09-18 17:41:14,88
ssl_sha1,52a61a5bae1d5d4fb771c4d8ab668c3570c77283,sslbl,PureRAT C&C,"sslbl,2026-08-31",2026-08-31 16:06:17,2026-09-18 17:41:14,88
ssl_sha1,52b3c657964c5ac626f54446cbfb75165d215d65,sslbl,PureLogsStealer C&C,"sslbl,2026-08-04",2026-08-04 07:49:13,2026-09-18 17:41:14,88
ssl_sha1,53e5a73e14b16d4140421466795a2196a53e2bbc,sslbl,PureRAT C&C,"sslbl,2026-08-27",2026-08-27 16:06:11,2026-09-18 17:41:14,88
ssl_sha1,544c1e86e02e5ac18fabe17fff152e4c7e370990,sslbl,ACRStealer C&C,"sslbl,2026-07-23",2026-07-23 18:30:39,2026-09-18 17:41:14,88
ssl_sha1,55828dc9278fe7cc50514d9e95e64422804a0b84,sslbl,OffLoader C&C,"sslbl,2026-08-10",2026-08-10 12:42:40,2026-09-18 17:41:14,88
ssl_sha1,559a55c8c7779e0037429794a8836a1039dbcdc3,sslbl,AsyncRAT C&C,"sslbl,2026-09-09",2026-09-10 04:07:18,2026-09-18 17:41:14,88
ssl_sha1,56054f201f4b39e290583877f7cc026f0649605f,sslbl,Malware C&C,"sslbl,2026-09-17",2026-09-17 16:07:21,2026-09-18 17:41:14,88
ssl_sha1,5750697f5e734c9105b89e13cc68fa51ae35e726,sslbl,Vidar C&C,"sslbl,2026-09-06",2026-09-06 16:06:16,2026-09-18 17:41:14,88
ssl_sha1,57dd505a5d745deaa32411f3f7e247e6795164a5,sslbl,Vidar C&C,"sslbl,2026-08-19",2026-08-19 16:06:13,2026-09-18 17:41:14,88
ssl_sha1,58243e4728cadacb308dfa0b964571e374ac3c1c,sslbl,Vidar C&C,"sslbl,2026-08-04",2026-08-04 07:49:13,2026-09-18 17:41:14,88
ssl_sha1,5b0334a2bc768aa1fef1eb0d10bf52edb071bf1c,sslbl,Vidar C&C,"sslbl,2026-08-10",2026-08-10 12:42:40,2026-09-18 17:41:14,88
ssl_sha1,5b276d28106cb7d91dd5f810e61d9523d34c7804,sslbl,PureLogsStealer C&C,"sslbl,2026-08-21",2026-08-21 16:09:28,2026-09-18 17:41:14,88
ssl_sha1,5b3c4900b63eb2ca8d0d174ef9e989324bc58c0d,sslbl,TELEPUZ C&C,"sslbl,2026-08-21",2026-08-21 16:09:28,2026-09-18 17:41:14,88
ssl_sha1,5b86c194e3e28190e76652c7a39e9acbf849ada2,sslbl,Vidar C&C,"sslbl,2026-08-13",2026-08-13 08:13:02,2026-09-18 17:41:14,88
ssl_sha1,5d801efeb2e22aa0da901ffbce45db05a80a7b0b,sslbl,Vidar C&C,"sslbl,2026-08-25",2026-08-25 16:07:37,2026-09-18 17:41:14,88
ssl_sha1,5dcd3232fc9873ebedca38f8ba5992fce6dccb61,sslbl,PureLogsStealer C&C,"sslbl,2026-08-05",2026-08-06 00:43:27,2026-09-18 17:41:14,88
ssl_sha1,5df1d8183a0c35eed21884c00e84299ded6ece0c,sslbl,PureLogsStealer C&C,"sslbl,2026-09-10",2026-09-10 16:06:38,2026-09-18 17:41:14,88
ssl_sha1,5df6480942779ca755ba42db5446f6492a3bb99b,sslbl,PureLogsStealer C&C,"sslbl,2026-08-26",2026-08-26 16:06:11,2026-09-18 17:41:14,88
ssl_sha1,5e06eaa686adc5ca8fd118752c6667e826bbcad0,sslbl,ConnectWise C&C,"sslbl,2026-08-28",2026-08-29 04:06:17,2026-09-18 17:41:14,88
ssl_sha1,5e7110d4c25e3aef153d9d38610550ad510f23cf,sslbl,Vidar C&C,"sslbl,2026-08-19",2026-08-19 16:06:13,2026-09-18 17:41:14,88
ssl_sha1,5e9de84aab8968d3a10710904a0844d0c360d2a8,sslbl,Vidar C&C,"sslbl,2026-09-03",2026-09-03 16:06:37,2026-09-18 17:41:14,88
ssl_sha1,5efdc565e73e10756c6962ebadd15cf4b1075ea9,sslbl,OffLoader C&C,"sslbl,2026-09-06",2026-09-06 16:06:16,2026-09-18 17:41:14,88
ssl_sha1,60d55d4ff506bc654814ba6b26308f999766054a,sslbl,Vidar C&C,"sslbl,2026-09-12",2026-09-12 16:06:49,2026-09-18 17:41:14,88
ssl_sha1,60df0e327f3736946e966b453ef233da0c42b927,sslbl,Havoc C&C,"sslbl,2026-08-10",2026-08-10 12:42:40,2026-09-18 17:41:14,88
ssl_sha1,61042420cd71b5edcdd9ef7ff070deef7398a725,sslbl,Vidar C&C,"sslbl,2026-08-04",2026-08-04 07:49:13,2026-09-18 17:41:14,88
ssl_sha1,629ea8772f7b1e8bf216dfc3b2170eb903ee8faa,sslbl,PureLogsStealer C&C,"sslbl,2026-09-09",2026-09-09 16:06:20,2026-09-18 17:41:14,88
ssl_sha1,633df5171fe70f3fed9d56136ebfa187879b4fb6,sslbl,OffLoader C&C,"sslbl,2026-09-17",2026-09-18 04:06:28,2026-09-18 17:41:14,88
ssl_sha1,64ba3430f767ced74b2828509a653187e9553971,sslbl,Vidar C&C,"sslbl,2026-08-11",2026-08-12 00:43:15,2026-09-18 17:41:14,88
ssl_sha1,64e6fe29e84ea3ecaaef08920d8ceb9567240166,sslbl,Vidar C&C,"sslbl,2026-08-25",2026-08-25 16:07:37,2026-09-18 17:41:14,88
ssl_sha1,655b8a9e32dd444d708ab21eb8604f89332db8ab,sslbl,Vidar C&C,"sslbl,2026-08-27",2026-08-27 16:06:11,2026-09-18 17:41:14,88
ssl_sha1,664729bef77ee9c9f2f523fc1305ef65fa05dbae,sslbl,Vidar C&C,"sslbl,2026-08-11",2026-08-11 12:42:27,2026-09-18 17:41:14,88
ssl_sha1,6647f9e4a2e273d7b78ff02be7114b0e9e2a719f,sslbl,AsyncRAT C&C,"sslbl,2026-08-04",2026-08-04 07:49:13,2026-09-18 17:41:14,88
ssl_sha1,66e45265f8da905b7538b0a81f1ec9b54ea12dd9,sslbl,Vidar C&C,"sslbl,2026-09-17",2026-09-17 16:07:21,2026-09-18 17:41:14,88
ssl_sha1,67044f9079f804d4a6217093c679897fec1f90e2,sslbl,AsyncRAT C&C,"sslbl,2026-07-23",2026-07-24 05:35:19,2026-09-18 17:41:14,88
ssl_sha1,6712d3901855387b6d4f3d29576f04df40fa30c1,sslbl,BoratRAT C&C,"sslbl,2026-09-02",2026-09-02 16:07:20,2026-09-18 17:41:14,88
ssl_sha1,674a11078348ede85c2e978063a1eb6ea1dbfd81,sslbl,OffLoader C&C,"sslbl,2026-08-26",2026-08-26 16:06:11,2026-09-18 17:41:14,88
ssl_sha1,680cfafa3541d8bdf18c8725016b0d987b9a7dbc,sslbl,DCRat C&C,"sslbl,2026-08-13",2026-08-13 08:13:02,2026-09-18 17:41:14,88
ssl_sha1,687928f5bd90cb243f29760de8d299236de2cadf,sslbl,PureRAT C&C,"sslbl,2026-08-19",2026-08-20 04:06:14,2026-09-18 17:41:14,88
ssl_sha1,696ef14e986d01e7d9186a690a06849c9cc49c4b,sslbl,ConnectWise C&C,"sslbl,2026-09-01",2026-09-01 16:06:06,2026-09-18 17:41:14,88
ssl_sha1,6c6027c8ff18b0f79bd3c40848c2b189a18b49ac,sslbl,QuasarRAT C&C,"sslbl,2026-09-02",2026-09-02 16:07:20,2026-09-18 17:41:14,88
ssl_sha1,6ca71f241dad148aaee6ea4a345e1ef1adaa0ffb,sslbl,KongTuke C&C,"sslbl,2026-07-23",2026-07-23 18:30:39,2026-09-18 17:41:14,88
ssl_sha1,6cac7b4801a4e5b675050769d90bb1da5306d537,sslbl,ConnectWise C&C,"sslbl,2026-08-04",2026-08-04 07:49:13,2026-09-18 17:41:14,88
ssl_sha1,6d92d180394761c59cc1455cf6a7c773fb4efabe,sslbl,PureRAT C&C,"sslbl,2026-08-20",2026-08-20 16:06:17,2026-09-18 17:41:14,88
ssl_sha1,6ddb71e5a27eccf80773188066ac92d9d39506d7,sslbl,Vidar C&C,"sslbl,2026-09-02",2026-09-02 16:07:20,2026-09-18 17:41:14,88
ssl_sha1,6e35a76a571969f0e27a8c8c1c11c8aa21330887,sslbl,Vidar C&C,"sslbl,2026-09-18",2026-09-18 16:06:41,2026-09-18 17:41:14,88
ssl_sha1,6e64e6fafd7922f1100ce4f5334fef6dd75b2e66,sslbl,PureLogsStealer C&C,"sslbl,2026-08-06",2026-08-06 12:43:05,2026-09-18 17:41:14,88
ssl_sha1,711c3a7bd15ae5377f4c395e23b3d8b8f1327ced,sslbl,Vidar C&C,"sslbl,2026-08-30",2026-08-30 16:06:18,2026-09-18 17:41:14,88
ssl_sha1,714c56e9e207d5c8e08e1ca28cd9ba85f079d061,sslbl,AsyncRAT C&C,"sslbl,2026-08-08",2026-08-09 00:42:39,2026-09-18 17:41:14,88
ssl_sha1,73202d8d2ac9a9e04c2bdefa6ea8db2860d779a9,sslbl,Vidar C&C,"sslbl,2026-07-23",2026-07-24 05:35:19,2026-09-18 17:41:14,88
ssl_sha1,732c7efa7d624c30b074e78df6595f54fde9188d,sslbl,Vidar C&C,"sslbl,2026-08-20",2026-08-20 16:06:17,2026-09-18 17:41:14,88
ssl_sha1,742d693a2a83e70088711c99db5db56b1aa4b9da,sslbl,Malware distribution,"sslbl,2026-07-23",2026-07-24 05:35:19,2026-09-18 17:41:14,88
ssl_sha1,74afa65e38769e7e58835fd799e353c2fea3a209,sslbl,ACRStealer C&C,"sslbl,2026-09-12",2026-09-12 16:06:49,2026-09-18 17:41:14,88
ssl_sha1,755c81877937861388f42dc73d5a6bf24c96e13b,sslbl,PureRAT C&C,"sslbl,2026-09-04",2026-09-04 16:06:41,2026-09-18 17:41:14,88
ssl_sha1,769a6310d3d9533c1b3e0ddee3c1b6ebbda60891,sslbl,OffLoader C&C,"sslbl,2026-08-07",2026-08-07 12:43:25,2026-09-18 17:41:14,88
ssl_sha1,7767913e33fac1ed9c448460267ca0e6cbe627b4,sslbl,Vidar C&C,"sslbl,2026-07-30",2026-07-31 05:35:34,2026-09-18 17:41:14,88
ssl_sha1,77b9903c538d045e266bd4d6cf40ede0b040b403,sslbl,ConnectWise C&C,"sslbl,2026-08-27",2026-08-27 16:06:11,2026-09-18 17:41:14,88
ssl_sha1,7841dc140c85781e29108109b73ab67c276a8eed,sslbl,OffLoader C&C,"sslbl,2026-09-15",2026-09-16 06:55:33,2026-09-18 17:41:14,88
ssl_sha1,78527fc92bcf8d188b3bcab1b35ac5881e2aaa43,sslbl,AsyncRAT C&C,"sslbl,2026-09-06",2026-09-06 16:06:16,2026-09-18 17:41:14,88
ssl_sha1,78dc4f50971751cbf98b96219dd56f099095a717,sslbl,Vidar C&C,"sslbl,2026-08-13",2026-08-13 08:13:02,2026-09-18 17:41:14,88
ssl_sha1,793ccba0eaedcd1a87bb5200cde5a1c9f21ad4ad,sslbl,Vidar C&C,"sslbl,2026-08-12",2026-08-12 12:42:52,2026-09-18 17:41:14,88
ssl_sha1,79e9e22d16866b1126c524c08afda88a225d6545,sslbl,ACRStealer C&C,"sslbl,2026-08-19",2026-08-19 16:06:13,2026-09-18 17:41:14,88
ssl_sha1,7a9be497f84c09e7591ba7c7d69539a6e0468302,sslbl,Vidar C&C,"sslbl,2026-08-24",2026-08-24 16:06:10,2026-09-18 17:41:14,88
ssl_sha1,7b5604ee44715ba0b4e92c2281f30c5a3416ca41,sslbl,ACRStealer C&C,"sslbl,2026-07-24",2026-07-24 17:35:21,2026-09-18 17:41:14,88
ssl_sha1,7bbac2b67988c36fa1dbd3a75dc06629f766ccaf,sslbl,Vidar C&C,"sslbl,2026-08-13",2026-08-13 20:13:53,2026-09-18 17:41:14,88
ssl_sha1,7bc298ef18b49cfd44b5b429209035207250e25e,sslbl,Vidar C&C,"sslbl,2026-09-14",2026-09-14 16:06:31,2026-09-18 17:41:14,88
ssl_sha1,7bdeed30f5501a30f6aecc3f3cc372f7e52d6ce0,sslbl,ConnectWise C&C,"sslbl,2026-08-07",2026-08-07 12:43:25,2026-09-18 17:41:14,88
ssl_sha1,7bf6011a10ea612968ea925608fa67b5d599863a,sslbl,Vidar C&C,"sslbl,2026-08-12",2026-08-12 12:42:52,2026-09-18 17:41:14,88
ssl_sha1,7bf78d44f61a05e919479a1cf3e0ce158a50a0c6,sslbl,AsyncRAT C&C,"sslbl,2026-08-18",2026-08-18 22:07:31,2026-09-18 17:41:14,88
ssl_sha1,7c3a6c14032bce06d59bd68a7b61a8b88fe222ac,sslbl,OffLoader C&C,"sslbl,2026-08-11",2026-08-11 12:42:27,2026-09-18 17:41:14,88
ssl_sha1,7d5d941b4a1e4732fad44cce2a4ded87a20d5508,sslbl,Vidar C&C,"sslbl,2026-09-06",2026-09-06 16:06:16,2026-09-18 17:41:14,88
ssl_sha1,7d7d8f52b3aee2d5233b2f8cc838cd08a6036c1d,sslbl,OffLoader C&C,"sslbl,2026-09-07",2026-09-07 16:06:32,2026-09-18 17:41:14,88
ssl_sha1,7f111c69f42266b474927156f103d70843e7f82b,sslbl,RatonRAT C&C,"sslbl,2026-08-27",2026-08-27 16:06:11,2026-09-18 17:41:14,88
ssl_sha1,7f1ed4a13d8a2ba6e690ecaf66a9dfa42dd8d9d1,sslbl,ValleyRAT C&C,"sslbl,2026-08-25",2026-08-25 16:07:37,2026-09-18 17:41:14,88
ssl_sha1,7f350973861d149efb83b0a1f51d0e0db0329dda,sslbl,Malware distribution,"sslbl,2026-09-09",2026-09-10 04:07:18,2026-09-18 17:41:14,88
ssl_sha1,7f44d36f1f6bd375ba4e4a7866328a76047ce498,sslbl,AsyncRAT C&C,"sslbl,2026-08-19",2026-08-19 16:06:13,2026-09-18 17:41:14,88
ssl_sha1,7f73eeb03e7df441484d4610c5a0c3a02f166989,sslbl,PureLogsStealer C&C,"sslbl,2026-08-20",2026-08-20 16:06:17,2026-09-18 17:41:14,88
ssl_sha1,7f87bd5bde3e0a713e8554f419f7c80768c5ea60,sslbl,Vidar C&C,"sslbl,2026-09-17",2026-09-17 16:07:21,2026-09-18 17:41:14,88
ssl_sha1,7fa3afaafe3b7c5eab63712e58c9414a86d559ec,sslbl,AsyncRAT C&C,"sslbl,2026-09-06",2026-09-06 16:06:16,2026-09-18 17:41:14,88
ssl_sha1,80c36e681125d92c8edfbf7adce71d3bda48d1f9,sslbl,Malware distribution,"sslbl,2026-07-23",2026-07-24 05:35:19,2026-09-18 17:41:14,88
ssl_sha1,81b9727d11b0493a919a8faa01815430a0dddef2,sslbl,OffLoader C&C,"sslbl,2026-09-17",2026-09-17 16:07:21,2026-09-18 17:41:14,88
ssl_sha1,820cd09994b3e76f6e89926a4b94ec0ccacd888c,sslbl,OffLoader C&C,"sslbl,2026-07-23",2026-07-24 05:35:19,2026-09-18 17:41:14,88
ssl_sha1,841672d728070f0e4519a650a9c8618f9b80c502,sslbl,PureLogsStealer C&C,"sslbl,2026-08-28",2026-08-28 16:06:18,2026-09-18 17:41:14,88
ssl_sha1,847e013a4d337babfdf203eba82d2d32717b9d2d,sslbl,PureLogsStealer C&C,"sslbl,2026-08-10",2026-08-11 00:42:33,2026-09-18 17:41:14,88
ssl_sha1,8508e14457ad7de321edddf3688e124d5f1d652c,sslbl,Vidar C&C,"sslbl,2026-08-28",2026-08-28 16:06:18,2026-09-18 17:41:14,88
ssl_sha1,851e9888eda6290dc6d0c817ac0c82488a9e0bd8,sslbl,Vidar C&C,"sslbl,2026-09-01",2026-09-01 16:06:06,2026-09-18 17:41:14,88
ssl_sha1,865a8d01e86bcf06890c09c7b3e9f2c786d7e600,sslbl,PureRAT C&C,"sslbl,2026-08-20",2026-08-20 16:06:17,2026-09-18 17:41:14,88
ssl_sha1,87feeb825ed6c63616f07bcc03b76454c7e1612f,sslbl,Vidar C&C,"sslbl,2026-08-12",2026-08-12 12:42:52,2026-09-18 17:41:14,88
ssl_sha1,88b2180ded8f8a30de34b4dc84c2328bbd0af49f,sslbl,PureRAT C&C,"sslbl,2026-08-10",2026-08-10 12:42:40,2026-09-18 17:41:14,88
ssl_sha1,894348a13bd989cadc0e7dab223b2d98dd2a2a8f,sslbl,Vidar C&C,"sslbl,2026-09-17",2026-09-18 04:06:28,2026-09-18 17:41:14,88
ssl_sha1,89bbec947a91917d4676037abb417ceb72770851,sslbl,Vidar C&C,"sslbl,2026-08-17",2026-08-17 08:13:04,2026-09-18 17:41:14,88
ssl_sha1,8a6a82fdb53374bd62b62120a007ceb19d4ad827,sslbl,OffLoader C&C,"sslbl,2026-08-11",2026-08-11 12:42:27,2026-09-18 17:41:14,88
ssl_sha1,8a6c4a35948fff86f02ab87ac8ea353ddc3f8a8e,sslbl,Vidar C&C,"sslbl,2026-09-17",2026-09-17 16:07:21,2026-09-18 17:41:14,88
ssl_sha1,8b41b8741c4d2a24de0aba241f742f043f1014d1,sslbl,Vidar C&C,"sslbl,2026-08-27",2026-08-27 16:06:11,2026-09-18 17:41:14,88
ssl_sha1,8bdf129211692888e48d0970e49a8559450974dc,sslbl,AdaptixC2 C&C,"sslbl,2026-08-07",2026-08-07 12:43:25,2026-09-18 17:41:14,88
ssl_sha1,8befa0033eaaa1693777be12aa7d9236a9caf188,sslbl,Vidar C&C,"sslbl,2026-08-11",2026-08-11 12:42:27,2026-09-18 17:41:14,88
ssl_sha1,8c2a430246ca36ca14885fe1a101c61eaab4a96c,sslbl,AsyncRAT C&C,"sslbl,2026-08-31",2026-08-31 16:06:17,2026-09-18 17:41:14,88
ssl_sha1,8c6132e27eb7bfe859029b583c55243baf3f3029,sslbl,PureRAT C&C,"sslbl,2026-08-20",2026-08-20 16:06:17,2026-09-18 17:41:14,88
ssl_sha1,8c798a5e27290e239890509e6b0c08c214664a87,sslbl,Vidar C&C,"sslbl,2026-08-12",2026-08-12 12:42:52,2026-09-18 17:41:14,88
ssl_sha1,8cbedfb429f0d39039f26e2ce229191f21723e88,sslbl,RatonRAT C&C,"sslbl,2026-09-01",2026-09-01 16:06:06,2026-09-18 17:41:14,88
ssl_sha1,8cffe4fa8f624cb4c15790c414e04acde61e3651,sslbl,QuasarRAT C&C,"sslbl,2026-09-12",2026-09-12 16:06:49,2026-09-18 17:41:14,88
ssl_sha1,8d2a3d5cb72fac2e04ef51b3e056ab6b75e3f408,sslbl,PureLogsStealer C&C,"sslbl,2026-09-09",2026-09-09 16:06:20,2026-09-18 17:41:14,88
ssl_sha1,8d6fdff168340e954aad4f0f924276cd5b6e31b2,sslbl,Vidar C&C,"sslbl,2026-08-18",2026-08-18 10:07:25,2026-09-18 17:41:14,88
ssl_sha1,8d8f084ddf2729d1f4747f2a428dd8d9b13e1cfa,sslbl,OffLoader C&C,"sslbl,2026-08-22",2026-08-22 16:06:16,2026-09-18 17:41:14,88
ssl_sha1,8e492f36b0c1412f2d872dc9d51c974d27733d47,sslbl,AsyncRAT C&C,"sslbl,2026-09-09",2026-09-10 04:07:18,2026-09-18 17:41:14,88
ssl_sha1,8f0bfca0ab1d555a035d5b498c9e26acdab3d7aa,sslbl,ACRStealer C&C,"sslbl,2026-08-10",2026-08-10 12:42:40,2026-09-18 17:41:14,88
ssl_sha1,8f0de55e89d97b4f3581f77805955a2b719563b8,sslbl,PureRAT C&C,"sslbl,2026-07-23",2026-07-24 05:35:19,2026-09-18 17:41:14,88
ssl_sha1,8f154a9a3584398eb6be34b0e2f05c79c63cea6a,sslbl,OffLoader C&C,"sslbl,2026-08-28",2026-08-29 04:06:17,2026-09-18 17:41:14,88
ssl_sha1,8f57a784420cc1f07ffc8b9e462edf468963834e,sslbl,ACRStealer C&C,"sslbl,2026-09-15",2026-09-16 06:55:33,2026-09-18 17:41:14,88
ssl_sha1,90bbe9f7eacacb9bff89bbe1345a2cb4a30d2eed,sslbl,Vidar C&C,"sslbl,2026-09-15",2026-09-16 06:55:33,2026-09-18 17:41:14,88
ssl_sha1,919d5be1da2b1383786286d0fb199f4575db0d59,sslbl,Vidar C&C,"sslbl,2026-08-12",2026-08-12 12:42:52,2026-09-18 17:41:14,88
ssl_sha1,92bebc09af464e669c68d95052916e76f989e043,sslbl,Malware C&C,"sslbl,2026-08-04",2026-08-05 12:42:46,2026-09-18 17:41:14,88
ssl_sha1,930851db267db9c407bc5adaa9d49f5c994abece,sslbl,PureRAT C&C,"sslbl,2026-08-10",2026-08-10 12:42:40,2026-09-18 17:41:14,88
ssl_sha1,93edc2f5b2504b5700af766157b2aa96d1edd20f,sslbl,Malware C&C,"sslbl,2026-09-12",2026-09-12 16:06:49,2026-09-18 17:41:14,88
ssl_sha1,940df23eebede1e1e33a4c521ba05b4b37d04d68,sslbl,Vidar C&C,"sslbl,2026-08-11",2026-08-12 00:43:15,2026-09-18 17:41:14,88
ssl_sha1,942c595db95914eb4987a1e7ddd6f728fbc674ec,sslbl,PureLogsStealer C&C,"sslbl,2026-08-04",2026-08-05 12:42:46,2026-09-18 17:41:14,88
ssl_sha1,94711c109335059bb2dc4d338f33d3083004d6fa,sslbl,ACRStealer C&C,"sslbl,2026-08-28",2026-08-28 16:06:18,2026-09-18 17:41:14,88
ssl_sha1,94c2c17d919e1560dca7d4980e7f9c6eb5a402a0,sslbl,Vidar C&C,"sslbl,2026-08-14",2026-08-14 08:13:11,2026-09-18 17:41:14,88
ssl_sha1,9523fa2cadc7c0e46d0f22350939737b8a85d3e6,sslbl,OffLoader C&C,"sslbl,2026-09-17",2026-09-17 16:07:21,2026-09-18 17:41:14,88
ssl_sha1,952bcdeea03ea702626a30069c949581bf2d1b05,sslbl,Vidar C&C,"sslbl,2026-08-18",2026-08-18 22:07:31,2026-09-18 17:41:14,88
ssl_sha1,95a5eea4198c93663802a9ea047164b5497ea27f,sslbl,Malware C&C,"sslbl,2026-08-14",2026-08-14 08:13:11,2026-09-18 17:41:14,88
ssl_sha1,95fcb5ff7bd5e1d06b1e585af4ba3ceb95f01164,sslbl,Vidar C&C,"sslbl,2026-08-11",2026-08-11 12:42:27,2026-09-18 17:41:14,88
ssl_sha1,964d86f575c50b29d2b7157331d556859dd43e5e,sslbl,Vidar C&C,"sslbl,2026-08-05",2026-08-05 12:42:46,2026-09-18 17:41:14,88
ssl_sha1,969b40a4fd2fb579a29aed9b2f81a7cf5cc0b1db,sslbl,PureLogsStealer C&C,"sslbl,2026-08-27",2026-08-27 16:06:11,2026-09-18 17:41:14,88
ssl_sha1,96d6ce0654736e23138f54e29acbdb72ed65b5c2,sslbl,XWorm C&C,"sslbl,2026-09-17",2026-09-18 04:06:28,2026-09-18 17:41:14,88
ssl_sha1,9700462dfd419d0295b2753079208e939a853dce,sslbl,AsyncRAT C&C,"sslbl,2026-09-17",2026-09-17 16:07:21,2026-09-18 17:41:14,88
ssl_sha1,971af46c861e6f88e60b7c07a4850e76423c5c4a,sslbl,ConnectWise C&C,"sslbl,2026-08-07",2026-08-07 12:43:25,2026-09-18 17:41:14,88
ssl_sha1,972c98978e420c02a8d8c5f87930dadc70adbbd8,sslbl,ConnectWise C&C,"sslbl,2026-09-04",2026-09-04 16:06:41,2026-09-18 17:41:14,88
ssl_sha1,97cceb2f57c3b60f9d94b4603ac55860aaa9e03d,sslbl,ConnectWise C&C,"sslbl,2026-08-04",2026-08-04 07:49:13,2026-09-18 17:41:14,88
ssl_sha1,97dd1d6a2bc5769af6e0a7999bfaf2aeaf5452a1,sslbl,Vidar C&C,"sslbl,2026-08-05",2026-08-05 12:42:46,2026-09-18 17:41:14,88
ssl_sha1,9959475fe7721d2c7ebb55e3d5b61ca1c79939f0,sslbl,ACRStealer C&C,"sslbl,2026-09-15",2026-09-16 06:55:33,2026-09-18 17:41:14,88
ssl_sha1,99e8e296eae361f7ddeb6ce7cc6d4bd521ee24b3,sslbl,Vidar C&C,"sslbl,2026-08-11",2026-08-11 12:42:27,2026-09-18 17:41:14,88
ssl_sha1,9a7e2e73f967101d75a3cb425b8980d50ca5c001,sslbl,ConnectWise C&C,"sslbl,2026-08-04",2026-08-04 07:49:13,2026-09-18 17:41:14,88
ssl_sha1,9aba7caceb4b84b49aaa4285d73183a94f4a50d5,sslbl,PureRAT C&C,"sslbl,2026-08-08",2026-08-09 00:42:39,2026-09-18 17:41:14,88
ssl_sha1,9b1d8ac99d61fbc0ba58655538c457db69c459e7,sslbl,PureLogsStealer C&C,"sslbl,2026-08-06",2026-08-06 12:43:05,2026-09-18 17:41:14,88
ssl_sha1,9b422835f6e86dcb59e08f1bb9a47576d98fff81,sslbl,Vidar C&C,"sslbl,2026-08-12",2026-08-12 12:42:52,2026-09-18 17:41:14,88
ssl_sha1,9b4c3ff8dc5891693f443320e3c1167c7cebe2b7,sslbl,QuasarRAT C&C,"sslbl,2026-08-13",2026-08-13 20:13:53,2026-09-18 17:41:14,88
ssl_sha1,9b5e0b2f2acb07fb226b8805b3a5fb5a28035e6e,sslbl,PureLogsStealer C&C,"sslbl,2026-08-04",2026-08-05 12:42:46,2026-09-18 17:41:14,88
ssl_sha1,9ba597b7a850fe598927a226f6ab2efd3050ff95,sslbl,Vidar C&C,"sslbl,2026-08-19",2026-08-20 04:06:14,2026-09-18 17:41:14,88
ssl_sha1,9bfa1f9e8d990faec4c91c5b9eaeb15898aff2e7,sslbl,ConnectWise C&C,"sslbl,2026-08-04",2026-08-04 07:49:13,2026-09-18 17:41:14,88
ssl_sha1,9c0a9291be46e42b67835dff9e6c767fd6660287,sslbl,Malware C&C,"sslbl,2026-08-22",2026-08-22 16:06:16,2026-09-18 17:41:14,88
ssl_sha1,9cd7f02e5bd6f0cb16141c3205aa9b00b0fce027,sslbl,PureLogsStealer C&C,"sslbl,2026-08-13",2026-08-13 20:13:53,2026-09-18 17:41:14,88
ssl_sha1,9d11e28c5eacd4bd250c9015c9dd1ba40e7e138b,sslbl,ConnectWise C&C,"sslbl,2026-09-17",2026-09-17 16:07:21,2026-09-18 17:41:14,88
ssl_sha1,9d495a9c646e3962ac5445e9b4da6832164dc4ee,sslbl,OffLoader C&C,"sslbl,2026-08-28",2026-08-28 16:06:18,2026-09-18 17:41:14,88
ssl_sha1,9df53aa0bf7a64882c66ee9c8122b4eae9cf79a6,sslbl,HypeAgent C&C,"sslbl,2026-08-31",2026-08-31 16:06:17,2026-09-18 17:41:14,88
ssl_sha1,9ea13ee5065114aee007c91c941ac3f8483c4326,sslbl,Vidar C&C,"sslbl,2026-08-13",2026-08-13 08:13:02,2026-09-18 17:41:14,88
ssl_sha1,9ed32abf115bfd4fd041c03a567c44579db4ed4a,sslbl,ConnectWise C&C,"sslbl,2026-09-17",2026-09-17 16:07:21,2026-09-18 17:41:14,88
ssl_sha1,9f0464e29fb94333e1ad31740bf4d4bff89cbd28,sslbl,Vidar C&C,"sslbl,2026-08-28",2026-08-28 16:06:18,2026-09-18 17:41:14,88
ssl_sha1,9f7f53410f881c40adf0d4e16a67fd8c4446452a,sslbl,OffLoader C&C,"sslbl,2026-09-09",2026-09-09 16:06:20,2026-09-18 17:41:14,88
ssl_sha1,a0b782d798a48e117c995c9deb013c5cffb0ac58,sslbl,PureLogsStealer C&C,"sslbl,2026-08-11",2026-08-11 12:42:27,2026-09-18 17:41:14,88
ssl_sha1,a0d553e2a130766628359bea489166c63b9892d7,sslbl,Vidar C&C,"sslbl,2026-08-30",2026-08-30 16:06:18,2026-09-18 17:41:14,88
ssl_sha1,a1146ac98390794517ff821a3377458555100eb3,sslbl,PureLogsStealer C&C,"sslbl,2026-08-04",2026-08-05 12:42:46,2026-09-18 17:41:14,88
ssl_sha1,a18ccdbee8a145ba523641dc63189ad51cd04064,sslbl,PureRAT C&C,"sslbl,2026-08-21",2026-08-21 16:09:28,2026-09-18 17:41:14,88
ssl_sha1,a1f081f8dbb13e90a644017441c648053495a708,sslbl,VenomRAT C&C,"sslbl,2026-09-06",2026-09-06 16:06:16,2026-09-18 17:41:14,88
ssl_sha1,a2ff80e27a773bd7505ce4ecad1b5bb136b78e30,sslbl,OffLoader C&C,"sslbl,2026-09-17",2026-09-17 16:07:21,2026-09-18 17:41:14,88
ssl_sha1,a45080c92a0b2314966517a4643ebf280e88a11b,sslbl,LummaStealer C&C,"sslbl,2026-08-14",2026-08-14 08:13:11,2026-09-18 17:41:14,88
ssl_sha1,a4a31d169043dc65fd2b36a0352564244c820b1d,sslbl,Malware C&C,"sslbl,2026-08-26",2026-08-26 16:06:11,2026-09-18 17:41:14,88
ssl_sha1,a52e17fe607d1e562e0cb67c6f2342e6b4dbf191,sslbl,Vidar C&C,"sslbl,2026-08-18",2026-08-18 10:07:25,2026-09-18 17:41:14,88
ssl_sha1,a5930d8e37f9f2874a281294d8508dd79df36b98,sslbl,ConnectWise C&C,"sslbl,2026-08-04",2026-08-04 07:49:13,2026-09-18 17:41:14,88
ssl_sha1,a5b119da03c543fa703dcf1f1470b547c88bc0ef,sslbl,Vidar C&C,"sslbl,2026-09-06",2026-09-06 16:06:16,2026-09-18 17:41:14,88
ssl_sha1,a5d4974f89b3751853ea918b1dea7564c7cb8185,sslbl,Vidar C&C,"sslbl,2026-08-27",2026-08-27 16:06:11,2026-09-18 17:41:14,88
ssl_sha1,a6268e092f3de555c67dac2f9e52eae979b3d8e3,sslbl,Vidar C&C,"sslbl,2026-08-17",2026-08-17 08:13:04,2026-09-18 17:41:14,88
ssl_sha1,a66308a1fb09c8345228ca00335e633b2dabde53,sslbl,Malware C&C,"sslbl,2026-09-06",2026-09-06 16:06:16,2026-09-18 17:41:14,88
ssl_sha1,a6849935d34ec88563267dcc290945712a22a382,sslbl,OffLoader C&C,"sslbl,2026-09-17",2026-09-17 16:07:21,2026-09-18 17:41:14,88
ssl_sha1,a6e6aa58bac84e56b868f5f618ef227b75d7208e,sslbl,QuasarRAT C&C,"sslbl,2026-08-29",2026-08-29 16:10:47,2026-09-18 17:41:14,88
ssl_sha1,a7a6a1125d19a58e8b9ca2c7d187915e06c0adce,sslbl,OffLoader C&C,"sslbl,2026-08-31",2026-08-31 16:06:17,2026-09-18 17:41:14,88
ssl_sha1,a7fa6117a38135c4d9c26ec7e37f15b361535edf,sslbl,Vidar C&C,"sslbl,2026-08-30",2026-08-30 16:06:18,2026-09-18 17:41:14,88
ssl_sha1,a974b9d90161d8c5221961c65a975d81959cdb40,sslbl,Vidar C&C,"sslbl,2026-08-30",2026-08-31 04:06:19,2026-09-18 17:41:14,88
ssl_sha1,a9ebd28ce7e4ac020e6d263e228b8547e1914bfa,sslbl,Vidar C&C,"sslbl,2026-08-06",2026-08-07 00:43:03,2026-09-18 17:41:14,88
ssl_sha1,aa50e1b4a6e7c66ba2ce4c1c82e62f8d74cd7202,sslbl,Vidar C&C,"sslbl,2026-08-21",2026-08-21 16:09:28,2026-09-18 17:41:14,88
ssl_sha1,aaaa57850472f7c23d75d9470b1f98655d5c3655,sslbl,OffLoader C&C,"sslbl,2026-08-08",2026-08-09 00:42:39,2026-09-18 17:41:14,88
ssl_sha1,aaf31b3f7acfe6dc859d1b6269c7e17337a61fd7,sslbl,OffLoader C&C,"sslbl,2026-08-26",2026-08-26 16:06:11,2026-09-18 17:41:14,88
ssl_sha1,ab273c45f00b156514b5b6be664484911dbed547,sslbl,PureRAT C&C,"sslbl,2026-08-20",2026-08-20 16:06:17,2026-09-18 17:41:14,88
ssl_sha1,ab43d834686476fef1094bb0f9c5eef7d0bcd2f9,sslbl,SparkRAT C&C,"sslbl,2026-08-19",2026-08-19 16:06:13,2026-09-18 17:41:14,88
ssl_sha1,ab53f86d2ce32d9306f431e8e82f39cb31f48a53,sslbl,Vidar C&C,"sslbl,2026-08-19",2026-08-19 16:06:13,2026-09-18 17:41:14,88
ssl_sha1,abacd13c43005d6868d9b586e029a1d6a74e1470,sslbl,ConnectWise C&C,"sslbl,2026-08-19",2026-08-19 16:06:13,2026-09-18 17:41:14,88
ssl_sha1,abe57abc8722c69494113060260ba340cd897744,sslbl,ShellterLoader C&C,"sslbl,2026-08-17",2026-08-17 18:44:22,2026-09-18 17:41:14,88
ssl_sha1,ad1e251a18db0657b238f75305b312593a6276a4,sslbl,PureLogsStealer C&C,"sslbl,2026-09-10",2026-09-10 16:06:38,2026-09-18 17:41:14,88
ssl_sha1,ad3cd2a04112f9ffec395649d537dc68bceb3754,sslbl,PureRAT C&C,"sslbl,2026-08-07",2026-08-07 12:43:25,2026-09-18 17:41:14,88
ssl_sha1,adfc8dd0c5e99a8e33b1df7d5c10fc9653342491,sslbl,ConnectWise C&C,"sslbl,2026-08-22",2026-08-22 16:06:16,2026-09-18 17:41:14,88
ssl_sha1,ae2744e9ad9fb574cb79ceff176cbfc982e4fddb,sslbl,ConnectWise C&C,"sslbl,2026-08-11",2026-08-11 12:42:27,2026-09-18 17:41:14,88
ssl_sha1,aec890965f808398c124d16d25255ac4ed1ce6ca,sslbl,Vidar C&C,"sslbl,2026-08-11",2026-08-11 12:42:27,2026-09-18 17:41:14,88
ssl_sha1,aee6dc1596aba77bde72f0b66a8c32785c6b8e18,sslbl,ConnectWise C&C,"sslbl,2026-09-17",2026-09-17 16:07:21,2026-09-18 17:41:14,88
ssl_sha1,af1a7c59f98298c9d3542e306d0292bdf30b4388,sslbl,PureRAT C&C,"sslbl,2026-08-20",2026-08-20 16:06:17,2026-09-18 17:41:14,88
ssl_sha1,b00aa24dc7459e8a0a8f5fbb3d2a27bd646de1e3,sslbl,HypeAgent C&C,"sslbl,2026-08-18",2026-08-18 10:07:25,2026-09-18 17:41:14,88
ssl_sha1,b0cf2650da454ed5cc67102d95f8b9ba00602ead,sslbl,OffLoader C&C,"sslbl,2026-08-25",2026-08-25 16:07:37,2026-09-18 17:41:14,88
ssl_sha1,b0dfb9c6353dc65a3b503bcb2258db457c5b5947,sslbl,Malware C&C,"sslbl,2026-08-26",2026-08-26 16:06:11,2026-09-18 17:41:14,88
ssl_sha1,b1382377a32ee6c85e47edf264f1f6ef5b49e2a3,sslbl,PureLogsStealer C&C,"sslbl,2026-08-31",2026-08-31 16:06:17,2026-09-18 17:41:14,88
ssl_sha1,b14379b3743c37a26289499aca921c99998649f1,sslbl,QuasarRAT C&C,"sslbl,2026-08-04",2026-08-04 07:49:13,2026-09-18 17:41:14,88
ssl_sha1,b1709ae370ca3fb7ddb3fb49b6c1fca1303a4a97,sslbl,Vidar C&C,"sslbl,2026-09-06",2026-09-07 04:07:00,2026-09-18 17:41:14,88
ssl_sha1,b23101487158938dc99bd731fe372634ad768a0f,sslbl,PureRAT C&C,"sslbl,2026-08-13",2026-08-13 08:13:02,2026-09-18 17:41:14,88
ssl_sha1,b26d3f583556acab11cbfa864f596c143b15f32d,sslbl,Vidar C&C,"sslbl,2026-08-17",2026-08-17 08:13:04,2026-09-18 17:41:14,88
ssl_sha1,b28f42ca50cfb259dfc8dfe16e13631da75d6397,sslbl,PureLogsStealer C&C,"sslbl,2026-08-20",2026-08-20 16:06:17,2026-09-18 17:41:14,88
ssl_sha1,b2b4ba87b84f146bbd2f8baa34ea5d555945af28,sslbl,Vidar C&C,"sslbl,2026-09-06",2026-09-06 16:06:16,2026-09-18 17:41:14,88
ssl_sha1,b2e42b1a036329fa6fef4477d35887b1d357711e,sslbl,Vidar C&C,"sslbl,2026-08-04",2026-08-04 07:49:13,2026-09-18 17:41:14,88
ssl_sha1,b34240912bc1f09b2e2342363647616b1088a1b0,sslbl,PureRAT C&C,"sslbl,2026-08-29",2026-08-29 16:10:47,2026-09-18 17:41:14,88
ssl_sha1,b364395fee8c2e4c9eaf9a2531f6f7ac7bf8e4ae,sslbl,QuasarRAT C&C,"sslbl,2026-08-10",2026-08-10 12:42:40,2026-09-18 17:41:14,88
ssl_sha1,b3cbb7925cba0c91ef00f0208b35cfffc96614c7,sslbl,PureRAT C&C,"sslbl,2026-09-06",2026-09-06 16:06:16,2026-09-18 17:41:14,88
ssl_sha1,b43fde87eccd529d630ac6c5aa28931a3e6d52bf,sslbl,OffLoader C&C,"sslbl,2026-09-11",2026-09-11 16:06:11,2026-09-18 17:41:14,88
ssl_sha1,b5b8bebd73d8e8aec88ccc17b1e27c34921667ae,sslbl,Vidar C&C,"sslbl,2026-08-08",2026-08-09 00:42:39,2026-09-18 17:41:14,88
ssl_sha1,b5daf66c6f8a99f2d6fe3fc678264598ec140049,sslbl,PureRAT C&C,"sslbl,2026-09-07",2026-09-07 16:06:32,2026-09-18 17:41:14,88
ssl_sha1,b5f071dd28b511f0b4b067507602a779feb4301f,sslbl,AsyncRAT C&C,"sslbl,2026-08-11",2026-08-11 12:42:27,2026-09-18 17:41:14,88
ssl_sha1,b637337f25fe0290aaa04de866605bd70748c263,sslbl,Vidar C&C,"sslbl,2026-09-06",2026-09-06 16:06:16,2026-09-18 17:41:14,88
ssl_sha1,b72b8c162f5b2fe045e0445f9be1937d98279092,sslbl,OffLoader C&C,"sslbl,2026-08-19",2026-08-19 16:06:13,2026-09-18 17:41:14,88
ssl_sha1,b73835be5d6f7dbb40f9df1347745bbb0963783c,sslbl,PureLogsStealer C&C,"sslbl,2026-08-26",2026-08-26 16:06:11,2026-09-18 17:41:14,88
ssl_sha1,b7c32dab3a4cd691ddcfee4bc1fed6d1d6f81c18,sslbl,AsyncRAT C&C,"sslbl,2026-09-07",2026-09-07 16:06:32,2026-09-18 17:41:14,88
ssl_sha1,b8b347f5d18be90876c3d3a5458b6e60598246bd,sslbl,PureLogsStealer C&C,"sslbl,2026-08-04",2026-08-05 12:42:46,2026-09-18 17:41:14,88
ssl_sha1,b8b410c62bcb320c20cfee554f472df3fa5734e4,sslbl,PureLogsStealer C&C,"sslbl,2026-08-06",2026-08-06 12:43:05,2026-09-18 17:41:14,88
ssl_sha1,b94eb3bcd4a57442c30e14dd2067b0c6c46d9619,sslbl,ConnectWise C&C,"sslbl,2026-08-21",2026-08-21 16:09:28,2026-09-18 17:41:14,88
ssl_sha1,b95285b6b061fd0acf6a5ae95433d703f52d1872,sslbl,PureLogsStealer C&C,"sslbl,2026-08-21",2026-08-21 16:09:28,2026-09-18 17:41:14,88
ssl_sha1,b9e2100c0408138edfedb92704bfc57ef9fb59f0,sslbl,PureLogsStealer C&C,"sslbl,2026-08-10",2026-08-10 12:42:40,2026-09-18 17:41:14,88
ssl_sha1,ba3714d484afb75fd03911c59aa096cee9595955,sslbl,QuasarRAT C&C,"sslbl,2026-09-15",2026-09-16 06:55:33,2026-09-18 17:41:14,88
ssl_sha1,ba98762c6eadc76480a1a97ec9c8b54a3002bc10,sslbl,PureLogsStealer C&C,"sslbl,2026-09-09",2026-09-09 16:06:20,2026-09-18 17:41:14,88
ssl_sha1,bd12ed0d3f8dac14cb7de27202b10331831dc8c7,sslbl,OffLoader C&C,"sslbl,2026-09-08",2026-09-08 16:06:37,2026-09-18 17:41:14,88
ssl_sha1,bdf0b04d7bb20782260ab2c2340da6b85e9f63c0,sslbl,PureRAT C&C,"sslbl,2026-07-23",2026-07-24 05:35:19,2026-09-18 17:41:14,88
ssl_sha1,be12aa485facf3375cc2416e1f8fb28541136b83,sslbl,ConnectWise C&C,"sslbl,2026-08-29",2026-08-29 16:10:47,2026-09-18 17:41:14,88
ssl_sha1,be5b37f69a9cf825cca6d9b0e27e3aeaf0903721,sslbl,ACRStealer C&C,"sslbl,2026-08-27",2026-08-27 16:06:11,2026-09-18 17:41:14,88
ssl_sha1,bf192adc3dcaba7412e15b567de22e3f3150bbf7,sslbl,PureLogsStealer C&C,"sslbl,2026-08-21",2026-08-21 16:09:28,2026-09-18 17:41:14,88
ssl_sha1,bfb6503c7c6ce8af43c41197a7fcaec491baa810,sslbl,Vidar C&C,"sslbl,2026-09-01",2026-09-01 16:06:06,2026-09-18 17:41:14,88
ssl_sha1,bfbcd2802186b6c5707f7ff6341b87c12b97f4a4,sslbl,PureRAT C&C,"sslbl,2026-08-30",2026-08-30 16:06:18,2026-09-18 17:41:14,88
ssl_sha1,c0b1920e3d73babea5c2ef2af7ba72977e65586b,sslbl,Vidar C&C,"sslbl,2026-08-12",2026-08-12 12:42:52,2026-09-18 17:41:14,88
ssl_sha1,c0cd4ac67f8a4febf1c340eb0c914252e8ebf881,sslbl,PureLogsStealer C&C,"sslbl,2026-07-23",2026-07-24 05:35:19,2026-09-18 17:41:14,88
ssl_sha1,c2826e64fffde42b99ba86c30055eb2dbd064319,sslbl,OffLoader C&C,"sslbl,2026-08-05",2026-08-05 12:42:46,2026-09-18 17:41:14,88
ssl_sha1,c3e6df2402e57af3e0b7c66f8282efec4a387ac6,sslbl,OffLoader C&C,"sslbl,2026-09-15",2026-09-16 06:55:33,2026-09-18 17:41:14,88
ssl_sha1,c625552b0cc88337be1533622d895a90d8f2d227,sslbl,Malware C&C,"sslbl,2026-09-18",2026-09-18 16:06:41,2026-09-18 17:41:14,88
ssl_sha1,c6d367c9312830fbe81f12e8be9f1d56d2e10b13,sslbl,PureRAT C&C,"sslbl,2026-08-20",2026-08-20 16:06:17,2026-09-18 17:41:14,88
ssl_sha1,c78af78d930e82506823c8ececf1140c7035d8ef,sslbl,OffLoader C&C,"sslbl,2026-09-12",2026-09-12 16:06:49,2026-09-18 17:41:14,88
ssl_sha1,c7abcfeba6d01d0b78b8c690ab1d8d06078ddf11,sslbl,ConnectWise C&C,"sslbl,2026-08-07",2026-08-07 12:43:25,2026-09-18 17:41:14,88
ssl_sha1,c7ec4c2fa1678702ae684a069cf37a4eef16ef27,sslbl,AsyncRAT C&C,"sslbl,2026-07-23",2026-07-24 05:35:19,2026-09-18 17:41:14,88
ssl_sha1,c877ab2eec4efcc42bae4819dce27744bd41c0ef,sslbl,HypeAgent C&C,"sslbl,2026-09-01",2026-09-01 16:06:06,2026-09-18 17:41:14,88
ssl_sha1,c8f25096d3b14521a804d30fb8d618f4f0b33950,sslbl,OffLoader C&C,"sslbl,2026-09-18",2026-09-18 16:06:41,2026-09-18 17:41:14,88
ssl_sha1,ca8a5bbb1e6b22fa9ad9757c50f1bdaf2c22011d,sslbl,OffLoader C&C,"sslbl,2026-08-30",2026-08-30 16:06:18,2026-09-18 17:41:14,88
ssl_sha1,ca9e642c1028f3a7fa79947493c34a981705a05d,sslbl,DonutLoader C&C,"sslbl,2026-08-04",2026-08-05 12:42:46,2026-09-18 17:41:14,88
ssl_sha1,cab93f3d490ed168600f08e5cc4a55d4e8c503c8,sslbl,ConnectWise C&C,"sslbl,2026-09-01",2026-09-01 16:06:06,2026-09-18 17:41:14,88
ssl_sha1,cb2d6049ca9e2a20d92f8ee6ae28060d9d460b85,sslbl,OffLoader C&C,"sslbl,2026-09-08",2026-09-08 16:06:37,2026-09-18 17:41:14,88
ssl_sha1,cb4e3c26f38c41dee4cbb27b77f46221e71821d1,sslbl,ACRStealer C&C,"sslbl,2026-09-15",2026-09-16 06:55:33,2026-09-18 17:41:14,88
ssl_sha1,cbde10c2baa3d573791b7e6044ba4e8f15094cd2,sslbl,PureRAT C&C,"sslbl,2026-08-08",2026-08-09 00:42:39,2026-09-18 17:41:14,88
ssl_sha1,cc7d79ea8261997821ca3c8ad44b61023ad5af89,sslbl,Vidar C&C,"sslbl,2026-08-11",2026-08-11 12:42:27,2026-09-18 17:41:14,88
ssl_sha1,ccc880d541544fedae179d9adcff6f8c74741aed,sslbl,PureRAT C&C,"sslbl,2026-08-04",2026-08-04 07:49:13,2026-09-18 17:41:14,88
ssl_sha1,cd07a2a4c9a93703dc8d1d4e72a12e1cec7f41c7,sslbl,ACRStealer C&C,"sslbl,2026-07-23",2026-07-24 05:35:19,2026-09-18 17:41:14,88
ssl_sha1,cd4fbb7112546836c61911e6b3a09770b6aebf29,sslbl,DCAgentRMM C&C,"sslbl,2026-09-04",2026-09-04 16:06:41,2026-09-18 17:41:14,88
ssl_sha1,cede10451532b072c7017c49ef4fcd273301a826,sslbl,ConnectWise C&C,"sslbl,2026-08-07",2026-08-07 12:43:25,2026-09-18 17:41:14,88
ssl_sha1,cfe6dcd7527099d525ffa8cec0bd1ab5020d47a7,sslbl,Vidar C&C,"sslbl,2026-08-08",2026-08-09 00:42:39,2026-09-18 17:41:14,88
ssl_sha1,d08e16884011f6910fe8087a74dac507ff7d2a6a,sslbl,ACRStealer C&C,"sslbl,2026-07-24",2026-07-24 17:35:21,2026-09-18 17:41:14,88
ssl_sha1,d0944e5765a9b5767d3cf02e3bdd9f466c5391b7,sslbl,Vidar C&C,"sslbl,2026-08-14",2026-08-14 08:13:11,2026-09-18 17:41:14,88
ssl_sha1,d0e596efec703d8645be9af9f1ab51b27714d9ec,sslbl,ConnectWise C&C,"sslbl,2026-08-19",2026-08-19 16:06:13,2026-09-18 17:41:14,88
ssl_sha1,d0eec27b6184ec84b6c3274869667f608e30de16,sslbl,PureRAT C&C,"sslbl,2026-08-20",2026-08-20 16:06:17,2026-09-18 17:41:14,88
ssl_sha1,d123d7f43d63545c7a8f643acbe73e81f35c3f14,sslbl,QuasarRAT C&C,"sslbl,2026-08-28",2026-08-28 16:06:18,2026-09-18 17:41:14,88
ssl_sha1,d18f8b968bd5981971d6699bdc4ed7b96a3e7248,sslbl,Vidar C&C,"sslbl,2026-08-14",2026-08-14 08:13:11,2026-09-18 17:41:14,88
ssl_sha1,d260d414670f40733184875b60bb353632e73fcc,sslbl,OffLoader C&C,"sslbl,2026-09-18",2026-09-18 16:06:41,2026-09-18 17:41:14,88
ssl_sha1,d268bd42f68634bb226be6b56dc4b7c13e930d2a,sslbl,PureLogsStealer C&C,"sslbl,2026-08-31",2026-08-31 16:06:17,2026-09-18 17:41:14,88
ssl_sha1,d2ea1d53e2027b0378fa9346965edbcc0215e251,sslbl,DCRat C&C,"sslbl,2026-09-02",2026-09-02 16:07:20,2026-09-18 17:41:14,88
ssl_sha1,d31628ba7beba86d4beecc67ae79fea667c1a11e,sslbl,OffLoader C&C,"sslbl,2026-08-12",2026-08-12 12:42:52,2026-09-18 17:41:14,88
ssl_sha1,d359f356ed88b04089b7afe53f13a913382bd4da,sslbl,PureRAT C&C,"sslbl,2026-09-09",2026-09-09 16:06:20,2026-09-18 17:41:14,88
ssl_sha1,d35b4be8b535918a0656df6b58c8ed8fb23692e0,sslbl,PureRAT C&C,"sslbl,2026-08-06",2026-08-06 12:43:05,2026-09-18 17:41:14,88
ssl_sha1,d43c9f366658adf98f67c12dd8fcb3bca52db900,sslbl,Vidar C&C,"sslbl,2026-08-29",2026-08-29 16:10:47,2026-09-18 17:41:14,88
ssl_sha1,d447d27a879fe80420dc54244870f3f7d25993bb,sslbl,PureLogsStealer C&C,"sslbl,2026-07-23",2026-07-24 05:35:19,2026-09-18 17:41:14,88
ssl_sha1,d45abb7b4fc7a67b785708f4ba88c080b3d0207c,sslbl,ConnectWise C&C,"sslbl,2026-08-19",2026-08-19 16:06:13,2026-09-18 17:41:14,88
ssl_sha1,d538bd18d7e63dfe3a67c02c253cc277e2b9733a,sslbl,DCAgentRMM C&C,"sslbl,2026-09-06",2026-09-06 16:06:16,2026-09-18 17:41:14,88
ssl_sha1,d55545d9e23fbf6f6b667d4e055454de1108a627,sslbl,Malware C&C,"sslbl,2026-09-01",2026-09-01 16:06:06,2026-09-18 17:41:14,88
ssl_sha1,d5fdf320afff16aee74bb14f25ef245ea75928ad,sslbl,ACRStealer C&C,"sslbl,2026-08-12",2026-08-12 12:42:52,2026-09-18 17:41:14,88
ssl_sha1,d7c3d38e27ab758c908f81b72a6fea1cd1af7369,sslbl,PureLogsStealer C&C,"sslbl,2026-08-04",2026-08-04 07:49:13,2026-09-18 17:41:14,88
ssl_sha1,d7d3f678f9b63334375db11eecc81be2db4db6f0,sslbl,ConnectWise C&C,"sslbl,2026-08-07",2026-08-07 12:43:25,2026-09-18 17:41:14,88
ssl_sha1,d8614f6c4127ebeaf66a898a8e7ce3801cf03c30,sslbl,PureLogsStealer C&C,"sslbl,2026-08-12",2026-08-12 12:42:52,2026-09-18 17:41:14,88
ssl_sha1,d8bdc29b8e9cdd5a849185ca6042d9c6f90d12e7,sslbl,Malware C&C,"sslbl,2026-08-22",2026-08-22 16:06:16,2026-09-18 17:41:14,88
ssl_sha1,d8f9205907b3bd3de4fb0513e5c53f167064a452,sslbl,OffLoader C&C,"sslbl,2026-09-14",2026-09-14 16:06:31,2026-09-18 17:41:14,88
ssl_sha1,d962e722e22971c6b81f89befbbe949241b8c2ec,sslbl,OffLoader C&C,"sslbl,2026-08-21",2026-08-21 16:09:28,2026-09-18 17:41:14,88
ssl_sha1,d9da2988d90a2479eb45e1fc66ff46b04f2289f2,sslbl,ACRStealer C&C,"sslbl,2026-08-28",2026-08-28 16:06:18,2026-09-18 17:41:14,88
ssl_sha1,da016d8c7ef2176f549cd35927d92a6d9cc9e253,sslbl,PureLogsStealer C&C,"sslbl,2026-09-10",2026-09-10 16:06:38,2026-09-18 17:41:14,88
ssl_sha1,da841f680c2699118b0f96b74c16b0625e03f180,sslbl,Amadey C&C,"sslbl,2026-08-10",2026-08-10 12:42:40,2026-09-18 17:41:14,88
ssl_sha1,dac0432f5f74d7d465966420968c96166217923f,sslbl,Vidar C&C,"sslbl,2026-08-31",2026-08-31 16:06:17,2026-09-18 17:41:14,88
ssl_sha1,db7000ad8c148580941840ce41d8efb95f478854,sslbl,ACRStealer C&C,"sslbl,2026-09-12",2026-09-12 16:06:49,2026-09-18 17:41:14,88
ssl_sha1,db767b560efd2f6811b4c4adf2b0fdaee18fdad5,sslbl,PureLogsStealer C&C,"sslbl,2026-08-04",2026-08-05 12:42:46,2026-09-18 17:41:14,88
ssl_sha1,db787c8625b794b3d2385274bfdf8f34d731d7d9,sslbl,Vidar C&C,"sslbl,2026-08-27",2026-08-27 16:06:11,2026-09-18 17:41:14,88
ssl_sha1,dbb503055e3d10fa9d7c07f445e1cf6e5959f038,sslbl,PureRAT C&C,"sslbl,2026-08-25",2026-08-25 16:07:37,2026-09-18 17:41:14,88
ssl_sha1,dcd0ddb2675731126703bc235532e2fe60457b2a,sslbl,PureRAT C&C,"sslbl,2026-09-02",2026-09-02 16:07:20,2026-09-18 17:41:14,88
ssl_sha1,dce637479f61ac7c43c869dcce6b6a050ee29917,sslbl,ACRStealer C&C,"sslbl,2026-08-12",2026-08-12 12:42:52,2026-09-18 17:41:14,88
ssl_sha1,dcf9b87b04998fde1fa03e83bfb8fec67ab1e1e1,sslbl,ConnectWise C&C,"sslbl,2026-08-04",2026-08-04 07:49:13,2026-09-18 17:41:14,88
ssl_sha1,dd7323e5437c503d3b0f4bc1d268dfffd58b80ab,sslbl,Malware C&C,"sslbl,2026-08-11",2026-08-11 12:42:27,2026-09-18 17:41:14,88
ssl_sha1,dd95dacb4419bad92d3d39fa274af4acc1cb6988,sslbl,ConnectWise C&C,"sslbl,2026-08-04",2026-08-04 07:49:13,2026-09-18 17:41:14,88
ssl_sha1,ddac606a1cf89b62cad44ca59ae7986378f191e7,sslbl,OffLoader C&C,"sslbl,2026-08-27",2026-08-27 16:06:11,2026-09-18 17:41:14,88
ssl_sha1,ddfdf0aa1923b91144b9886e63430e063ad115a8,sslbl,OffLoader C&C,"sslbl,2026-08-29",2026-08-29 16:10:47,2026-09-18 17:41:14,88
ssl_sha1,de0a287fb9997f0ffbd36df79b13cfda63f0bfcd,sslbl,QuasarRAT C&C,"sslbl,2026-09-06",2026-09-06 16:06:16,2026-09-18 17:41:14,88
ssl_sha1,de7567aa2ce367cb0915ffd8eb55b1e320e726c9,sslbl,PureLogsStealer C&C,"sslbl,2026-08-21",2026-08-21 16:09:28,2026-09-18 17:41:14,88
ssl_sha1,de7a6af567763e1b73a97ed52a1b2166807d8ffc,sslbl,ConnectWise C&C,"sslbl,2026-07-23",2026-07-23 18:30:39,2026-09-18 17:41:14,88
ssl_sha1,ded1fe95801f3c3fd8a1c73360fbaef6697bcf34,sslbl,Malware distribution,"sslbl,2026-08-05",2026-08-05 12:42:46,2026-09-18 17:41:14,88
ssl_sha1,dfde6725130631a83b3d0dc221736bad3db16918,sslbl,OffLoader C&C,"sslbl,2026-08-14",2026-08-14 08:13:11,2026-09-18 17:41:14,88
ssl_sha1,e00005ae100b2af24cf6d7f71b7cd123f8b916be,sslbl,DCRat C&C,"sslbl,2026-09-07",2026-09-07 16:06:32,2026-09-18 17:41:14,88
ssl_sha1,e0ffdffb5d9bf9216ea5e70d4fe2bae919f5a6ca,sslbl,OffLoader C&C,"sslbl,2026-08-20",2026-08-20 16:06:17,2026-09-18 17:41:14,88
ssl_sha1,e11c9cfa144ec7da0f1b77838fd02cfb7e897eaa,sslbl,Vidar C&C,"sslbl,2026-08-11",2026-08-11 12:42:27,2026-09-18 17:41:14,88
ssl_sha1,e129189e0ed0545baad30c054b5f51301d766516,sslbl,OffLoader C&C,"sslbl,2026-09-13",2026-09-14 04:06:32,2026-09-18 17:41:14,88
ssl_sha1,e15c7bdeb747a9fff47c514a10229a2a59d1157d,sslbl,AnimateClipper C&C,"sslbl,2026-07-29",2026-07-29 17:37:13,2026-09-18 17:41:14,88
ssl_sha1,e1fadee899789d8e802b8b88dcf67e4cae82ccf1,sslbl,Vidar C&C,"sslbl,2026-08-20",2026-08-20 16:06:17,2026-09-18 17:41:14,88
ssl_sha1,e265df346af246b4a57b638872957cacce04f289,sslbl,DumplingsRAT C&C,"sslbl,2026-08-26",2026-08-26 16:06:11,2026-09-18 17:41:14,88
ssl_sha1,e39fdf1800919f6dd77d89bcdbc0b1fe8a9352eb,sslbl,Vidar C&C,"sslbl,2026-08-18",2026-08-18 22:07:31,2026-09-18 17:41:14,88
ssl_sha1,e458b2ccf8647aee41d64e46d1baadfc49e9e853,sslbl,OffLoader C&C,"sslbl,2026-09-14",2026-09-14 16:06:31,2026-09-18 17:41:14,88
ssl_sha1,e481c58f5012d5d8a5177bf84b055fc93c06e32e,sslbl,NetSupport C&C,"sslbl,2026-08-29",2026-08-29 16:10:47,2026-09-18 17:41:14,88
ssl_sha1,e61c15649184bdcdb39ae1fee964f8681677da35,sslbl,Vidar C&C,"sslbl,2026-09-06",2026-09-06 16:06:16,2026-09-18 17:41:14,88
ssl_sha1,e61c2fca353a70e5eef94a7a6a0d72fa1fcd2df2,sslbl,Amadey C&C,"sslbl,2026-08-10",2026-08-10 12:42:40,2026-09-18 17:41:14,88
ssl_sha1,e63b53c2c26b9bff8f20e018efe7c166ec3c4acd,sslbl,ConnectWise C&C,"sslbl,2026-08-07",2026-08-07 12:43:25,2026-09-18 17:41:14,88
ssl_sha1,e649d5c0e33423531f5404ed8f985a3fc42fb934,sslbl,OffLoader C&C,"sslbl,2026-09-06",2026-09-06 16:06:16,2026-09-18 17:41:14,88
ssl_sha1,e6b44935f6416b11d4ec5d51bbcae9e6f2ab5ce7,sslbl,OffLoader C&C,"sslbl,2026-08-08",2026-08-09 00:42:39,2026-09-18 17:41:14,88
ssl_sha1,e6cc4eebe2d73c7174be4be73bc00d4642122ac4,sslbl,ACRStealer C&C,"sslbl,2026-07-27",2026-07-27 17:35:21,2026-09-18 17:41:14,88
ssl_sha1,e85536b156e0cd96f57d1925fb4f9fadaf825b9a,sslbl,Malware C&C,"sslbl,2026-09-03",2026-09-03 16:06:37,2026-09-18 17:41:14,88
ssl_sha1,e953a8c7f135a5b8867b9dfcfc2a1b402f1e289e,sslbl,PureLogsStealer C&C,"sslbl,2026-08-13",2026-08-13 20:13:53,2026-09-18 17:41:14,88
ssl_sha1,ec70fdbbd715a57474807302b27f3eb124b05049,sslbl,Vidar C&C,"sslbl,2026-08-12",2026-08-12 12:42:52,2026-09-18 17:41:14,88
ssl_sha1,ecae976f3eabcaad996e0a431d47bcead61dfb5e,sslbl,RatonRAT C&C,"sslbl,2026-08-21",2026-08-21 16:09:28,2026-09-18 17:41:14,88
ssl_sha1,ece1b6bdc8e62d35188aab274bdb0be28d84c43f,sslbl,QuasarRAT C&C,"sslbl,2026-08-06",2026-08-07 00:43:03,2026-09-18 17:41:14,88
ssl_sha1,ed0d4b2a9c090b6af6c99fd5b899831da206d835,sslbl,Vidar C&C,"sslbl,2026-07-30",2026-07-31 05:35:34,2026-09-18 17:41:14,88
ssl_sha1,ed312f7ad58a9faec6d3c93aabf598335fdf494c,sslbl,Vidar C&C,"sslbl,2026-08-31",2026-08-31 16:06:17,2026-09-18 17:41:14,88
ssl_sha1,edbd45e54859ad7082efb79465ba938bb2581132,sslbl,OffLoader C&C,"sslbl,2026-08-18",2026-08-18 22:07:31,2026-09-18 17:41:14,88
ssl_sha1,edd934290c1a24e425d4d6f6c82a08ebc392b89f,sslbl,OffLoader C&C,"sslbl,2026-08-25",2026-08-25 16:07:37,2026-09-18 17:41:14,88
ssl_sha1,eedeb11bc67df6c7b7a714512a59dc346c1b4271,sslbl,Socks5Systemz C&C,"sslbl,2026-08-26",2026-08-26 16:06:11,2026-09-18 17:41:14,88
ssl_sha1,ef5c2a4999763064e2213dbe1c8ed696c0e8914b,sslbl,Vidar C&C,"sslbl,2026-08-29",2026-08-29 16:10:47,2026-09-18 17:41:14,88
ssl_sha1,ef74c5ab92e15e7226ba84cce3a45522c74ba902,sslbl,PureLogsStealer C&C,"sslbl,2026-08-06",2026-08-06 12:43:05,2026-09-18 17:41:14,88
ssl_sha1,ef771150284da548676c603f5a4e1cd2763fd27f,sslbl,PureLogsStealer C&C,"sslbl,2026-08-04",2026-08-04 07:49:13,2026-09-18 17:41:14,88
ssl_sha1,efed7c2a381b7d580caf89354c93991ac2de65b3,sslbl,OffLoader C&C,"sslbl,2026-08-26",2026-08-26 16:06:11,2026-09-18 17:41:14,88
ssl_sha1,f0e6af342ccf5fe1beb177e2bf3cb2cac4aa1fa6,sslbl,RatonRAT C&C,"sslbl,2026-08-31",2026-08-31 16:06:17,2026-09-18 17:41:14,88
ssl_sha1,f166dfb0e185cab2e7bfdfff50edc67f238195c3,sslbl,Vidar C&C,"sslbl,2026-09-15",2026-09-16 06:55:33,2026-09-18 17:41:14,88
ssl_sha1,f351f7dbe9c583f75758b39cd307f5359d110c73,sslbl,AsyncRAT C&C,"sslbl,2026-08-18",2026-08-18 22:07:31,2026-09-18 17:41:14,88
ssl_sha1,f3a38c4fa9a59b250a0a2d351af061fce6a21995,sslbl,ConnectWise C&C,"sslbl,2026-08-11",2026-08-11 12:42:27,2026-09-18 17:41:14,88
ssl_sha1,f3ba11a6cb8be921ee0fbd326de9a66220bcc82f,sslbl,Vidar C&C,"sslbl,2026-08-15",2026-08-15 20:13:12,2026-09-18 17:41:14,88
ssl_sha1,f419fdfce448a7313ebd93fe4d93ea7d07a1e56d,sslbl,PureLogsStealer C&C,"sslbl,2026-09-17",2026-09-17 16:07:21,2026-09-18 17:41:14,88
ssl_sha1,f4bcfdf7f5ae1e7732a26da5135223f3ef8ebcde,sslbl,ACRStealer C&C,"sslbl,2026-09-15",2026-09-16 06:55:33,2026-09-18 17:41:14,88
ssl_sha1,f50e245dc1e4a89d6cf5e07e31ae1392a3f9ad20,sslbl,AsyncRAT C&C,"sslbl,2026-08-14",2026-08-14 08:13:11,2026-09-18 17:41:14,88
ssl_sha1,f52ace7c91f1ad88a78ea62eab06e000e2f88f16,sslbl,PureRAT C&C,"sslbl,2026-08-20",2026-08-20 16:06:17,2026-09-18 17:41:14,88
ssl_sha1,f567b9fc86b00e059bdfea261466360804fbdb38,sslbl,Vidar C&C,"sslbl,2026-09-12",2026-09-12 16:06:49,2026-09-18 17:41:14,88
ssl_sha1,f5c8ee530b1fd817432a4bafad12126d1ae744d4,sslbl,PureLogsStealer C&C,"sslbl,2026-08-04",2026-08-05 12:42:46,2026-09-18 17:41:14,88
ssl_sha1,fa62c7ce7b7ec943d8853832560bc5a386aaf17e,sslbl,HypeAgent C&C,"sslbl,2026-08-18",2026-08-18 10:07:25,2026-09-18 17:41:14,88
ssl_sha1,fa9ce5456e315652b1373bf913ac45ae7bb4358a,sslbl,Vidar C&C,"sslbl,2026-08-12",2026-08-12 12:42:52,2026-09-18 17:41:14,88
ssl_sha1,fabe6574c3ef1f4a4782c88475755b7b97f1410d,sslbl,HypeAgent C&C,"sslbl,2026-08-31",2026-08-31 16:06:17,2026-09-18 17:41:14,88
ssl_sha1,fb23354c98647902b717bbcc68657256a5dddd37,sslbl,ACRStealer C&C,"sslbl,2026-08-19",2026-08-19 16:06:13,2026-09-18 17:41:14,88
ssl_sha1,fba4408cd54abbe1ba49117ceab8a90335b03217,sslbl,Vidar C&C,"sslbl,2026-08-31",2026-08-31 16:06:17,2026-09-18 17:41:14,88
ssl_sha1,fc5d9dddb01c263a67e7c485e04277afa82fbabf,sslbl,Vidar C&C,"sslbl,2026-08-17",2026-08-17 08:13:04,2026-09-18 17:41:14,88
ssl_sha1,fca24c810592604f11de7dc12dc790c91cc118df,sslbl,ConnectWise C&C,"sslbl,2026-08-19",2026-08-19 16:06:13,2026-09-18 17:41:14,88
ssl_sha1,fcfc3b257b12e4c699e343f4c415b60f642d88f6,sslbl,Vidar C&C,"sslbl,2026-09-13",2026-09-14 04:06:32,2026-09-18 17:41:14,88
ssl_sha1,fd6a25dcc16de5e9b0a4563f8d8c94a5941bf437,sslbl,ConnectWise C&C,"sslbl,2026-08-19",2026-08-19 16:06:13,2026-09-18 17:41:14,88
ssl_sha1,fd78e771cab22c3afad8a5d5c448ff05268f20dd,sslbl,Vidar C&C,"sslbl,2026-08-27",2026-08-27 16:06:11,2026-09-18 17:41:14,88
ssl_sha1,fe50e363165e3e8d789daf4dc378f50a70f35a8a,sslbl,Vidar C&C,"sslbl,2026-07-30",2026-07-31 05:35:34,2026-09-18 17:41:14,88
ssl_sha1,ff4362ad98a2821b067bc4ae0624b7da832aad83,sslbl,OffLoader C&C,"sslbl,2026-08-19",2026-08-19 16:06:13,2026-09-18 17:41:14,88
ssl_sha1,ffa6be04fe2e9c6b79776dcfc7ad3f41a403a64d,sslbl,PureRAT C&C,"sslbl,2026-08-18",2026-08-18 22:07:31,2026-09-18 17:41:14,88
ssl_sha1,ffc71a7ba96b8801333ea2b9e7cd05d4cc2f718d,sslbl,Malware C&C,"sslbl,2026-08-11",2026-08-12 00:43:15,2026-09-18 17:41:14,88
url,http://105.184.7.6:49853/Mozi.m,threatfox,Mozi,"threatfox,elf,iot,Mozi",2026-09-18 16:06:42,2026-09-18 17:41:14,85
url,http://105.186.118.54:40687/i,urlhaus,malware_download,"32-bit,arm,elf,mirai,Mozi",2026-09-18 16:00:13,2026-09-18 17:41:14,85
url,http://111.184.208.168:54288/Mozi.m,threatfox,Mozi,"threatfox,elf,iot,Mozi",2026-09-18 16:06:42,2026-09-18 17:41:14,85
url,http://112.239.101.210:52848/bin.sh,urlhaus,malware_download,"32-bit,elf,mips,Mozi",2026-09-18 16:00:13,2026-09-18 17:41:14,85
url,http://112.239.101.210:52848/i,urlhaus,malware_download,"32-bit,elf,mips,Mozi",2026-09-18 16:00:13,2026-09-18 17:41:14,85
url,http://112.248.247.253:50048/bin.sh,urlhaus,malware_download,Mozi,2026-09-18 16:00:13,2026-09-18 17:41:14,85
url,http://112.248.247.253:50048/i,urlhaus,malware_download,Mozi,2026-09-18 16:00:13,2026-09-18 17:41:14,85
url,http://113.230.65.104:46052/bin.sh,urlhaus,malware_download,"32-bit,elf,mips,Mozi",2026-09-18 16:00:13,2026-09-18 17:41:14,85
url,http://113.230.65.104:46052/i,urlhaus,malware_download,"32-bit,elf,mips,Mozi",2026-09-18 16:00:13,2026-09-18 17:41:14,85
url,http://115.61.118.230:46482/bin.sh,urlhaus,malware_download,Mozi,2026-09-18 16:00:13,2026-09-18 17:41:14,85
url,http://115.61.17.43:36475/bin.sh,urlhaus,malware_download,Mozi,2026-09-18 16:00:13,2026-09-18 17:41:14,85
url,http://115.61.17.43:36475/i,urlhaus,malware_download,Mozi,2026-09-18 16:00:13,2026-09-18 17:41:14,85
url,http://119.166.68.97:43910/bin.sh,urlhaus,malware_download,"32-bit,elf,mips,Mozi",2026-09-18 16:00:13,2026-09-18 17:41:14,85
url,http://119.166.68.97:43910/i,urlhaus,malware_download,"32-bit,elf,mips,Mozi",2026-09-18 16:00:13,2026-09-18 17:41:14,85
url,http://119.186.205.186:38781/i,urlhaus,malware_download,"32-bit,elf,mips,Mozi",2026-09-18 16:00:13,2026-09-18 17:41:14,85
url,http://123.14.192.80:44348/i,urlhaus,malware_download,"32-bit,elf,mips,Mozi",2026-09-18 16:00:13,2026-09-18 17:41:14,85
url,http://123.189.140.235:40664/bin.sh,urlhaus,malware_download,"32-bit,elf,mips,Mozi",2026-09-18 16:00:13,2026-09-18 17:41:14,85
url,http://123.189.140.235:40664/i,urlhaus,malware_download,"32-bit,elf,mips,Mozi",2026-09-18 16:00:13,2026-09-18 17:41:14,85
url,http://138.226.247.152:80/session/0f2a3fba69d29493,threatfox,OtterCookie,"threatfox,c2,contagious-interview,NodeJS,OtterCookie",2026-09-18 16:06:42,2026-09-18 17:41:14,85
url,http://153.117.34.135:48306/Mozi.a,threatfox,Mozi,"threatfox,elf,iot,Mozi",2026-09-18 16:06:41,2026-09-18 17:41:14,85
url,http://170.238.123.135:33318/i,urlhaus,malware_download,"32-bit,arm,elf,mirai,Mozi",2026-09-18 16:00:13,2026-09-18 17:41:14,85
url,http://175.175.36.192:38792/bin.sh,urlhaus,malware_download,"32-bit,elf,mips,Mozi",2026-09-18 16:00:13,2026-09-18 17:41:14,85
url,http://175.175.36.192:38792/i,urlhaus,malware_download,"32-bit,elf,mips,Mozi",2026-09-18 16:00:13,2026-09-18 17:41:14,85
url,http://176.65.139.157/1.sh,urlhaus,malware_download,"176-65-139-157,sh,ua-wget",2026-09-18 16:00:13,2026-09-18 17:41:14,85
url,http://176.65.139.157/fvbig/sever1078.arc,urlhaus,malware_download,"176-65-139-157,elf,mirai,ua-wget",2026-09-18 16:00:13,2026-09-18 17:41:14,85
url,http://176.65.139.157/fvbig/sever1078.arm,urlhaus,malware_download,"176-65-139-157,elf,mirai,ua-wget",2026-09-18 16:00:13,2026-09-18 17:41:14,85
url,http://176.65.139.157/fvbig/sever1078.arm5,urlhaus,malware_download,"176-65-139-157,elf,mirai,ua-wget",2026-09-18 16:00:13,2026-09-18 17:41:14,85
url,http://176.65.139.157/fvbig/sever1078.arm6,urlhaus,malware_download,"176-65-139-157,elf,mirai,ua-wget",2026-09-18 16:00:13,2026-09-18 17:41:14,85
url,http://176.65.139.157/fvbig/sever1078.arm64,urlhaus,malware_download,"176-65-139-157,elf,mirai,ua-wget",2026-09-18 16:00:13,2026-09-18 17:41:14,85
url,http://176.65.139.157/fvbig/sever1078.arm6l,urlhaus,malware_download,"176-65-139-157,elf,mirai,ua-wget",2026-09-18 16:00:13,2026-09-18 17:41:14,85
url,http://176.65.139.157/fvbig/sever1078.arm7,urlhaus,malware_download,"176-65-139-157,elf,mirai,ua-wget",2026-09-18 16:00:13,2026-09-18 17:41:14,85
url,http://176.65.139.157/fvbig/sever1078.armeabi-v7a,urlhaus,malware_download,"176-65-139-157,elf,mirai,ua-wget",2026-09-18 16:00:13,2026-09-18 17:41:14,85
url,http://176.65.139.157/fvbig/sever1078.i686,urlhaus,malware_download,"176-65-139-157,elf,mirai,ua-wget",2026-09-18 16:00:13,2026-09-18 17:41:14,85
url,http://176.65.139.157/fvbig/sever1078.m68k,urlhaus,malware_download,"176-65-139-157,elf,mirai,ua-wget",2026-09-18 16:00:13,2026-09-18 17:41:14,85
url,http://176.65.139.157/fvbig/sever1078.mips,urlhaus,malware_download,"176-65-139-157,elf,mirai,ua-wget",2026-09-18 16:00:13,2026-09-18 17:41:14,85
url,http://176.65.139.157/fvbig/sever1078.mpsl,urlhaus,malware_download,"176-65-139-157,elf,mirai,ua-wget",2026-09-18 16:00:13,2026-09-18 17:41:14,85
url,http://176.65.139.157/fvbig/sever1078.ppc,urlhaus,malware_download,"176-65-139-157,elf,mirai,ua-wget",2026-09-18 16:00:13,2026-09-18 17:41:14,85
url,http://176.65.139.157/fvbig/sever1078.sh4,urlhaus,malware_download,"176-65-139-157,elf,mirai,ua-wget",2026-09-18 16:00:13,2026-09-18 17:41:14,85
url,http://176.65.139.157/fvbig/sever1078.spc,urlhaus,malware_download,"176-65-139-157,elf,mirai,ua-wget",2026-09-18 16:00:13,2026-09-18 17:41:14,85
url,http://176.65.139.157/fvbig/sever1078.x86,urlhaus,malware_download,"176-65-139-157,elf,mirai,ua-wget",2026-09-18 16:00:13,2026-09-18 17:41:14,85
url,http://176.65.139.157/fvbig/sever1078.x86_64,urlhaus,malware_download,"176-65-139-157,elf,mirai,ua-wget",2026-09-18 16:00:13,2026-09-18 17:41:14,85
url,http://176.65.139.157/wawan.sh,urlhaus,malware_download,"176-65-139-157,sh,ua-wget",2026-09-18 16:00:13,2026-09-18 17:41:14,85
url,http://176.65.139.206/main_arm,urlhaus,malware_download,"elf,ua-wget",2026-09-18 16:00:13,2026-09-18 17:41:14,85
url,http://176.65.139.206/main_arm6,urlhaus,malware_download,"elf,ua-wget",2026-09-18 16:00:13,2026-09-18 17:41:14,85
url,http://176.65.139.206/main_arm7,urlhaus,malware_download,"elf,mirai,ua-wget",2026-09-18 16:00:13,2026-09-18 17:41:14,85
url,http://176.65.139.206/main_m68k,urlhaus,malware_download,"elf,ua-wget",2026-09-18 16:00:13,2026-09-18 17:41:14,85
url,http://176.65.139.206/main_mips,urlhaus,malware_download,"elf,mirai,ua-wget",2026-09-18 16:00:13,2026-09-18 17:41:14,85
url,http://176.65.139.206/main_mpsl,urlhaus,malware_download,"elf,ua-wget",2026-09-18 16:00:13,2026-09-18 17:41:14,85
url,http://176.65.139.206/main_ppc,urlhaus,malware_download,"elf,mirai,ua-wget",2026-09-18 16:00:13,2026-09-18 17:41:14,85
url,http://176.65.139.206/main_sh4,urlhaus,malware_download,"elf,ua-wget",2026-09-18 16:00:13,2026-09-18 17:41:14,85
url,http://176.65.139.206/main_x86,urlhaus,malware_download,"elf,ua-wget",2026-09-18 16:00:13,2026-09-18 17:41:14,85
url,http://176.65.139.206/main_x86_64,urlhaus,malware_download,"elf,mirai,ua-wget",2026-09-18 16:00:13,2026-09-18 17:41:14,85
url,http://176.65.139.208/bins/arm5,urlhaus,malware_download,"176-65-139-208,elf,ua-wget",2026-09-18 16:00:13,2026-09-18 17:41:14,85
url,http://176.65.139.208/bins/arm6,urlhaus,malware_download,"176-65-139-208,elf,ua-wget",2026-09-18 16:00:13,2026-09-18 17:41:14,85
url,http://176.65.139.208/bins/arm7,urlhaus,malware_download,"176-65-139-208,elf,ua-wget",2026-09-18 16:00:13,2026-09-18 17:41:14,85
url,http://176.65.139.208/bins/mips,urlhaus,malware_download,"176-65-139-208,elf,ua-wget",2026-09-18 16:00:13,2026-09-18 17:41:14,85
url,http://176.65.139.208/bins/mpsl,urlhaus,malware_download,"176-65-139-208,elf,ua-wget",2026-09-18 16:00:13,2026-09-18 17:41:14,85
url,http://176.65.139.234/main_arm5,urlhaus,malware_download,"176-65-139-234,elf,mirai,ua-wget",2026-09-18 16:00:13,2026-09-18 17:41:14,85
url,http://176.65.139.234/main_ppc,urlhaus,malware_download,"176-65-139-234,elf,mirai,ua-wget",2026-09-18 16:00:13,2026-09-18 17:41:14,85
url,http://178.128.253.92/api/metrics/run,threatfox,AMOS,"threatfox,AMOS,apph4,ClickFix,Foxveil,macOS",2026-09-18 16:06:42,2026-09-18 17:41:14,85
url,http://178.35.81.8:42063/i,urlhaus,malware_download,"32-bit,elf,mips,Mozi",2026-09-18 16:00:13,2026-09-18 17:41:14,85
url,http://182.113.212.56:33107/bin.sh,urlhaus,malware_download,"32-bit,elf,mips,Mozi",2026-09-18 16:00:13,2026-09-18 17:41:14,85
url,http://182.113.212.56:33107/i,urlhaus,malware_download,"32-bit,elf,mips,Mozi",2026-09-18 16:00:13,2026-09-18 17:41:14,85
url,http://190.196.253.126:11853/Mozi.m,threatfox,Mozi,"threatfox,elf,iot,Mozi",2026-09-18 16:06:42,2026-09-18 17:41:14,85
url,http://196.190.105.170:39910/i,urlhaus,malware_download,"32-bit,arm,elf,mirai,Mozi",2026-09-18 16:00:13,2026-09-18 17:41:14,85
url,http://202.1.26.70:59283/bin.sh,urlhaus,malware_download,"32-bit,elf,mips,Mozi",2026-09-18 16:00:13,2026-09-18 17:41:14,85
url,http://217.60.97.40/r/up.txt,urlhaus,malware_download,,2026-09-18 16:00:13,2026-09-18 17:41:14,85
url,http://27.220.80.126:49696/i,urlhaus,malware_download,"32-bit,elf,mips,Mozi",2026-09-18 16:00:13,2026-09-18 17:41:14,85
url,http://39.59.57.253:43968/bin.sh,urlhaus,malware_download,"32-bit,elf,mips,Mozi",2026-09-18 16:00:13,2026-09-18 17:41:14,85
url,http://39.59.57.253:43968/i,urlhaus,malware_download,"32-bit,elf,mips,Mozi",2026-09-18 16:00:13,2026-09-18 17:41:14,85
url,http://42.230.33.233:54464/bin.sh,urlhaus,malware_download,"32-bit,elf,mips,Mozi",2026-09-18 16:00:13,2026-09-18 17:41:14,85
url,http://42.239.232.244:39023/bin.sh,urlhaus,malware_download,"32-bit,elf,mips,Mozi",2026-09-18 16:00:13,2026-09-18 17:41:14,85
url,http://42.239.232.244:39023/i,urlhaus,malware_download,"32-bit,elf,mips,Mozi",2026-09-18 16:00:13,2026-09-18 17:41:14,85
url,http://42.239.238.31:49751/bin.sh,urlhaus,malware_download,"32-bit,elf,mips,Mozi",2026-09-18 16:00:13,2026-09-18 17:41:14,85
url,http://42.7.119.110:43491/Mozi.m,threatfox,Mozi,"threatfox,elf,iot,Mozi",2026-09-18 16:06:42,2026-09-18 17:41:14,85
url,http://43.230.94.186:58162/Mozi.m,threatfox,Mozi,"threatfox,elf,iot,Mozi",2026-09-18 16:06:41,2026-09-18 17:41:14,85
url,http://46.151.182.200/arc,urlhaus,malware_download,"elf,ua-wget",2026-09-18 16:00:13,2026-09-18 17:41:14,85
url,http://46.151.182.200/arm4,urlhaus,malware_download,"elf,ua-wget",2026-09-18 16:00:13,2026-09-18 17:41:14,85
url,http://46.151.182.200/arm5,urlhaus,malware_download,"elf,ua-wget",2026-09-18 16:00:13,2026-09-18 17:41:14,85
url,http://46.151.182.200/arm6,urlhaus,malware_download,"elf,ua-wget",2026-09-18 16:00:13,2026-09-18 17:41:14,85
url,http://46.151.182.200/i586,urlhaus,malware_download,"elf,ua-wget",2026-09-18 16:00:13,2026-09-18 17:41:14,85
url,http://46.151.182.200/i686,urlhaus,malware_download,"elf,ua-wget",2026-09-18 16:00:13,2026-09-18 17:41:14,85
url,http://46.151.182.200/m68k,urlhaus,malware_download,"elf,ua-wget",2026-09-18 16:00:13,2026-09-18 17:41:14,85
url,http://46.151.182.200/mips,urlhaus,malware_download,"elf,ua-wget",2026-09-18 16:00:13,2026-09-18 17:41:14,85
url,http://46.151.182.200/mipsel,urlhaus,malware_download,"elf,ua-wget",2026-09-18 16:00:13,2026-09-18 17:41:14,85
url,http://46.151.182.200/ppc,urlhaus,malware_download,"elf,ua-wget",2026-09-18 16:00:13,2026-09-18 17:41:14,85
url,http://46.151.182.200/sparc,urlhaus,malware_download,"elf,ua-wget",2026-09-18 16:00:13,2026-09-18 17:41:14,85
url,http://51.210.52.212:1224/api/checkStatus,threatfox,BeaverTail,"threatfox,c2,contagious-interview,NodeJS",2026-09-18 16:06:42,2026-09-18 17:41:14,85
url,http://91.92.242.236/files-129312398/files/file_76557ad9a956049b.exe,urlhaus,malware_download,"c2-monitor-auto,dropped-by-amadey,Stealc",2026-09-18 16:00:13,2026-09-18 17:41:14,85
url,http://91.92.242.236/files-129312398/files/file_c2ac581522120018.exe,urlhaus,malware_download,"c2-monitor-auto,dropped-by-amadey",2026-09-18 16:00:13,2026-09-18 17:41:14,85
url,http://94.154.43.241/bins/arm,urlhaus,malware_download,"94-154-43-241,elf,ua-wget",2026-09-18 16:00:13,2026-09-18 17:41:14,85
url,http://94.154.43.241/bins/arm5,urlhaus,malware_download,"94-154-43-241,elf,ua-wget",2026-09-18 16:00:13,2026-09-18 17:41:14,85
url,http://94.154.43.241/bins/arm6,urlhaus,malware_download,"94-154-43-241,elf,ua-wget",2026-09-18 16:00:13,2026-09-18 17:41:14,85
url,http://94.154.43.241/bins/arm7,urlhaus,malware_download,"94-154-43-241,elf,ua-wget",2026-09-18 16:00:13,2026-09-18 17:41:14,85
url,http://94.154.43.241/bins/dbg,urlhaus,malware_download,"94-154-43-241,elf,mirai,ua-wget",2026-09-18 16:00:13,2026-09-18 17:41:14,85
url,http://94.154.43.241/bins/i686,urlhaus,malware_download,"94-154-43-241,elf,ua-wget",2026-09-18 16:00:13,2026-09-18 17:41:14,85
url,http://94.154.43.241/bins/m68k,urlhaus,malware_download,"94-154-43-241,elf,ua-wget",2026-09-18 16:00:13,2026-09-18 17:41:14,85
url,http://94.154.43.241/bins/mips,urlhaus,malware_download,"94-154-43-241,elf,ua-wget",2026-09-18 16:00:13,2026-09-18 17:41:14,85
url,http://94.154.43.241/bins/mpsl,urlhaus,malware_download,"94-154-43-241,elf,ua-wget",2026-09-18 16:00:13,2026-09-18 17:41:14,85
url,http://94.154.43.241/bins/musl,urlhaus,malware_download,"94-154-43-241,elf,ua-wget",2026-09-18 16:00:13,2026-09-18 17:41:14,85
url,http://94.154.43.241/bins/ppc,urlhaus,malware_download,"94-154-43-241,elf,ua-wget",2026-09-18 16:00:13,2026-09-18 17:41:14,85
url,http://94.154.43.241/bins/sh4,urlhaus,malware_download,"94-154-43-241,elf,ua-wget",2026-09-18 16:00:13,2026-09-18 17:41:14,85
url,http://94.154.43.241/bins/spc,urlhaus,malware_download,"94-154-43-241,elf,ua-wget",2026-09-18 16:00:13,2026-09-18 17:41:14,85
url,http://94.154.43.241/bins/x86,urlhaus,malware_download,"94-154-43-241,elf,ua-wget",2026-09-18 16:00:13,2026-09-18 17:41:14,85
url,http://94.154.43.241/bins/x86_64,urlhaus,malware_download,"94-154-43-241,elf,ua-wget",2026-09-18 16:00:13,2026-09-18 17:41:14,85
url,http://94.241.30.16:52465/i,urlhaus,malware_download,,2026-09-18 16:00:13,2026-09-18 17:41:14,85
url,http://bilininimail.com/goreceiver,threatfox,Unknown Stealer,"threatfox,credential-stealer,CVE-2026-76581,fake-wordfence,mu-plugin,wordpress",2026-09-18 16:06:42,2026-09-18 17:41:14,85
url,http://cryptovectorhub3.lol:5478/articles,threatfox,Remus,"threatfox,remus",2026-09-18 04:06:29,2026-09-18 17:41:14,85
url,http://cryptovectorhub3.lol:5478/invoices,threatfox,Remus,"threatfox,remus",2026-09-18 04:06:29,2026-09-18 17:41:14,85
url,http://fresok.top:9048/categories,threatfox,Remus,"threatfox,remus",2026-09-18 04:06:29,2026-09-18 17:41:14,85
url,http://fuarnpp.shop:5627/exports,threatfox,Remus,"threatfox,remus",2026-09-18 04:06:29,2026-09-18 17:41:14,85
url,http://fuarnpp.shop:5627/files,threatfox,Remus,"threatfox,remus",2026-09-18 16:06:42,2026-09-18 17:41:14,85
url,http://fuarnpp.shop:5627/tasks,threatfox,Remus,"threatfox,remus",2026-09-18 16:06:42,2026-09-18 17:41:14,85
url,http://fuarnpp.shop:5627/teams,threatfox,Remus,"threatfox,stealer",2026-09-18 16:06:42,2026-09-18 17:41:14,85
url,http://fuarnpp.shop:5627/workspaces,threatfox,Remus,"threatfox,remus",2026-09-18 16:06:42,2026-09-18 17:41:14,85
url,http://genovaw.com/curl/001e07c934e19b9d10f621c6b7546b43b2fb1c7b8fce2625fc7b767dfb626336,threatfox,Unknown malware,"threatfox,clickfix",2026-09-18 16:06:42,2026-09-18 17:41:14,85
url,http://homecor.click:6527/folders,threatfox,Remus,"threatfox,remus",2026-09-18 04:06:29,2026-09-18 17:41:14,85
url,http://homecor.click:6527/permissions,threatfox,Remus,"threatfox,remus",2026-09-18 04:06:29,2026-09-18 17:41:14,85
url,http://homecor.click:6527/projects,threatfox,Remus,"threatfox,remus",2026-09-18 16:06:42,2026-09-18 17:41:14,85
url,http://homecor.click:6527/subscriptions,threatfox,Remus,"threatfox,remus",2026-09-18 16:06:41,2026-09-18 17:41:14,85
url,http://homecor.click:6527/transactions,threatfox,Remus,"threatfox,stealer",2026-09-18 16:06:42,2026-09-18 17:41:14,85
url,http://kipthen.shop:9932/addresses,threatfox,Remus,"threatfox,remus",2026-09-18 16:06:41,2026-09-18 17:41:14,85
url,http://kipthen.shop:9932/categories,threatfox,Remus,"threatfox,remus",2026-09-18 16:06:42,2026-09-18 17:41:14,85
url,http://kipthen.shop:9932/events,threatfox,Remus,"threatfox,remus",2026-09-18 16:06:42,2026-09-18 17:41:14,85
url,http://kipthen.shop:9932/folders,threatfox,Remus,"threatfox,remus",2026-09-18 04:06:29,2026-09-18 17:41:14,85
url,http://kipthen.shop:9932/reviews,threatfox,Remus,"threatfox,remus",2026-09-18 16:06:42,2026-09-18 17:41:14,85
url,http://kipthen.shop:9932/webhooks,threatfox,Remus,"threatfox,remus",2026-09-18 16:06:41,2026-09-18 17:41:14,85
url,http://smaring.shop:9895/articles,threatfox,Remus,"threatfox,remus",2026-09-18 16:06:42,2026-09-18 17:41:14,85
url,http://teculse.click:9210/payments,threatfox,Remus,"threatfox,remus",2026-09-18 16:06:42,2026-09-18 17:41:14,85
url,http://tfoyses.shop:3452/imports,threatfox,Remus,"threatfox,remus",2026-09-18 16:06:41,2026-09-18 17:41:14,85
url,http://trencts.shop:8592/images,threatfox,Remus,"threatfox,remus",2026-09-18 16:06:42,2026-09-18 17:41:14,85
url,https://103.101.85.26/gate,threatfox,Unknown malware,threatfox,2026-09-18 16:06:41,2026-09-18 17:41:14,85
url,https://aspentraverse.co/status/version-sessionstore.js,threatfox,SmartApeSG,"threatfox,SmartApeSG",2026-09-18 04:06:29,2026-09-18 17:41:14,85
url,https://autoescolalp.com.br/,threatfox,Unknown malware,"threatfox,ClickFix",2026-09-18 16:06:41,2026-09-18 17:41:14,85
url,https://c1.dstatbots.win/dstat/,urlhaus,malware_download,,2026-09-18 16:00:13,2026-09-18 17:41:14,85
url,https://cybercoinslab.com/,threatfox,Unknown malware,"threatfox,ClickFix",2026-09-18 16:06:41,2026-09-18 17:41:14,85
url,https://gamboracle.vercel.app/api,threatfox,BeaverTail,"threatfox,contagious-interview,NodeJS",2026-09-18 16:06:42,2026-09-18 17:41:14,85
url,https://get.whitelllshop.icu/landers/tzt.php,threatfox,Unknown malware,"threatfox,balada,ClickFix",2026-09-18 16:06:42,2026-09-18 17:41:14,85
url,https://github.com/flyingman11/Monero/releases/download/v1.0.0/Monero-installer-v1.0.0.bat,urlhaus,malware_download,"bat,connectwise",2026-09-18 16:00:13,2026-09-18 17:41:14,85
url,https://ip-vm.vercel.app/api/settings/env,threatfox,BeaverTail,"threatfox,contagious-interview,NodeJS",2026-09-18 16:06:42,2026-09-18 17:41:14,85
url,https://ip-vm.vercel.app/api/settings/linux,threatfox,BeaverTail,"threatfox,contagious-interview,NodeJS",2026-09-18 16:06:42,2026-09-18 17:41:14,85
url,https://ip-vm.vercel.app/api/settings/mac,threatfox,BeaverTail,"threatfox,contagious-interview,NodeJS",2026-09-18 16:06:42,2026-09-18 17:41:14,85
url,https://ip-vm.vercel.app/api/settings/windows,threatfox,BeaverTail,"threatfox,contagious-interview,NodeJS",2026-09-18 16:06:42,2026-09-18 17:41:14,85
url,https://jadeleap15.com/contact,threatfox,AMOS,"threatfox,AMOS,apph4,ClickFix,Foxveil,macOS",2026-09-18 16:06:42,2026-09-18 17:41:14,85
url,https://jsonkeeper.com/b/J0VBJ,threatfox,Unknown malware,"threatfox,contagious-interview,NodeJS",2026-09-18 16:06:42,2026-09-18 17:41:14,85
url,https://kz.199cuan.org/,threatfox,Vidar,"threatfox,vidar",2026-09-18 16:06:41,2026-09-18 17:41:14,85
url,https://kz.zk89.net,threatfox,Vidar,"threatfox,8dbad9a375e8878a31856816a5750204,c2,loader,stealer,Vidar",2026-09-18 16:06:41,2026-09-18 17:41:14,85
url,https://leaf-core.com/api/metrics/run?event=pasted,threatfox,AMOS,"threatfox,AMOS,ClickFix,Foxveil,macOS",2026-09-18 16:06:42,2026-09-18 17:41:14,85
url,https://leaf-core.com/api/metrics/run?event=stager,threatfox,AMOS,"threatfox,AMOS,ClickFix,Foxveil,macOS",2026-09-18 16:06:42,2026-09-18 17:41:14,85
url,https://ma.199cuan.org/,threatfox,Vidar,"threatfox,vidar",2026-09-18 16:06:41,2026-09-18 17:41:14,85
url,https://postaspen18.com/2kqYRM0DCrnyJgoS4gVLl_FHJRRdTUhGCbjyuYwpZ6c/apph4/update,threatfox,AMOS,"threatfox,AMOS,ClickFix,Foxveil,macOS",2026-09-18 16:06:42,2026-09-18 17:41:14,85
url,https://postaspen18.com/curl/vopt4gbk1/ov19v1sg6oxsfg536m.json,threatfox,AMOS,"threatfox,AMOS,ClickFix,Foxveil,macOS",2026-09-18 16:06:42,2026-09-18 17:41:14,85
url,https://republika-srpska-stuttgart.de/,threatfox,Unknown malware,"threatfox,ClickFix",2026-09-18 04:06:29,2026-09-18 17:41:14,85
url,https://rudder-moss.com/zxc/app.zip,threatfox,AMOS,"threatfox,AMOS,apph4,ClickFix,Foxveil,macOS",2026-09-18 16:06:42,2026-09-18 17:41:14,85
url,https://rudder-moss.com/zxc/appex.zip,threatfox,AMOS,"threatfox,AMOS,apph4,ClickFix,Foxveil,macOS",2026-09-18 16:06:42,2026-09-18 17:41:14,85
url,https://rudder-moss.com/zxc/apptwo.zip,threatfox,AMOS,"threatfox,AMOS,apph4,ClickFix,Foxveil,macOS",2026-09-18 16:06:42,2026-09-18 17:41:14,85
url,https://rudder-moss.com/zxc/kito,threatfox,AMOS,"threatfox,AMOS,apph4,ClickFix,Foxveil,macOS",2026-09-18 16:06:42,2026-09-18 17:41:14,85
url,https://rudder-moss.com/zxc/mdw,threatfox,AMOS,"threatfox,AMOS,apph4,ClickFix,Foxveil,macOS",2026-09-18 16:06:42,2026-09-18 17:41:14,85
url,https://sallowcloister.co/settings/secure-script.js,threatfox,SmartApeSG,"threatfox,SmartApeSG",2026-09-18 16:06:41,2026-09-18 17:41:14,85
url,https://se.zk89.net,threatfox,Vidar,"threatfox,c2,d11f5c04051e332b9cfaabcb37c2ada9,loader,stealer,Vidar",2026-09-18 16:06:42,2026-09-18 17:41:14,85
url,https://sh.199cuan.org/,threatfox,Vidar,"threatfox,vidar",2026-09-18 04:06:29,2026-09-18 17:41:14,85
url,https://sh.zk89.net,threatfox,Vidar,"threatfox,8dbad9a375e8878a31856816a5750204,c2,loader,stealer,Vidar",2026-09-18 16:06:42,2026-09-18 17:41:14,85
url,https://testingcf.jsdelivr.net/gh/989A-A-3fF2465495760-2B3a/dhfgr657399876/44563893876402336,threatfox,ClearFake,"threatfox,ClearFake",2026-09-18 16:06:41,2026-09-18 17:41:14,85
url,https://update.googlecert.help/Installer%20GoogleCert.scpt,urlhaus,malware_download,"AppleScript,ClickFix,infostealer,macOS,scpt",2026-09-18 16:00:13,2026-09-18 17:41:14,85
url,https://vernonsu.com/,threatfox,Unknown malware,"threatfox,ClickFix",2026-09-18 04:06:29,2026-09-18 17:41:14,85
url,https://wordpresslogin.kinsta.cloud,threatfox,Unknown malware,"threatfox,balada,ClickFix",2026-09-18 16:06:42,2026-09-18 17:41:14,85
url,https://www.jsonkeeper.com/b/7EBZP,threatfox,OtterCookie,"threatfox,c2,contagious-interview,NodeJS,OtterCookie",2026-09-18 16:06:42,2026-09-18 17:41:14,85
url,https://www.jsonkeeper.com/b/PAB1R,threatfox,OtterCookie,"threatfox,c2,contagious-interview,NodeJS,OtterCookie",2026-09-18 16:06:42,2026-09-18 17:41:14,85
domain,13win5y.com,threatfox,IClickFix,"threatfox,ClickFix,etherhiding,Polygon",2026-09-17 16:07:21,2026-09-18 04:49:44,85
domain,3jrj8nat.americaeaglependant.com,threatfox,ClearFake,"threatfox,ClearFake,mac-0xdcf2,macos",2026-09-18 04:06:29,2026-09-18 04:49:44,85
domain,4i1yrtc2.shop-genesis-revival.com,threatfox,ClearFake,"threatfox,ClearFake,mac-0x68dc,macos",2026-09-17 16:07:21,2026-09-18 04:49:44,85
domain,5x6qtzvz.shop-geniusbrainsignal.com,threatfox,ClearFake,"threatfox,ClearFake,mac-0x68dc,macos",2026-09-17 16:07:21,2026-09-18 04:49:44,85
domain,a7.199cuan.org,threatfox,Vidar,"threatfox,vidar",2026-09-17 16:07:21,2026-09-18 04:49:44,85
domain,a7.zk89.net,threatfox,Vidar,"threatfox,vidar",2026-09-17 16:07:21,2026-09-18 04:49:44,85
domain,agostinobruno.com,threatfox,ClearFake,"threatfox,compromised,EtherHide",2026-09-18 04:06:29,2026-09-18 04:49:44,85
domain,akuwin138slot.com,threatfox,Remcos,"threatfox,Remcos",2026-09-18 04:06:29,2026-09-18 04:49:44,85
domain,alolaiya.com,threatfox,IClickFix,"threatfox,ClickFix,etherhiding,Polygon",2026-09-17 16:07:21,2026-09-18 04:49:44,85
domain,avbs.in,threatfox,Remcos,"threatfox,Remcos",2026-09-18 04:06:29,2026-09-18 04:49:44,85
domain,badana.me,threatfox,Remcos,"threatfox,Remcos",2026-09-18 04:06:29,2026-09-18 04:49:44,85
domain,bayaslimo.com,threatfox,IClickFix,"threatfox,ClickFix,etherhiding,Polygon",2026-09-17 16:07:21,2026-09-18 04:49:44,85
domain,bioscolombia.com.co,threatfox,Remcos,"threatfox,Remcos",2026-09-18 04:06:29,2026-09-18 04:49:44,85
domain,brendastarrbooks.com,threatfox,IClickFix,"threatfox,ClickFix,etherhiding,Polygon",2026-09-17 16:07:21,2026-09-18 04:49:44,85
domain,bytetixa.workers.dev,threatfox,php.shin_webshell,"threatfox,Cloudflare,GIF,PHP,webshell,WordPress,workers.dev,wp-admin",2026-09-17 16:07:21,2026-09-18 04:49:44,85
domain,cavendish.co,threatfox,IClickFix,"threatfox,ClickFix,etherhiding,Polygon",2026-09-17 16:07:21,2026-09-18 04:49:44,85
domain,cofevins.com,threatfox,IClickFix,"threatfox,ClickFix,etherhiding,Polygon",2026-09-17 16:07:21,2026-09-18 04:49:44,85
domain,condominiovilares.com.br,threatfox,IClickFix,"threatfox,ClickFix,etherhiding,Polygon",2026-09-17 16:07:21,2026-09-18 04:49:44,85
domain,darebinsulation.co.uk,threatfox,IClickFix,"threatfox,ClickFix,etherhiding,Polygon",2026-09-17 16:07:21,2026-09-18 04:49:44,85
domain,dnqj.my,threatfox,Remcos,"threatfox,Remcos",2026-09-18 04:06:29,2026-09-18 04:49:44,85
domain,dortovestudiodecin.cz,threatfox,IClickFix,"threatfox,ClickFix,etherhiding,Polygon",2026-09-17 16:07:21,2026-09-18 04:49:44,85
domain,elitetourist.vn,threatfox,ClearFake,"threatfox,compromised,EtherHide",2026-09-17 16:07:21,2026-09-18 04:49:44,85
domain,emphasis.co.in,threatfox,Remcos,"threatfox,Remcos",2026-09-18 04:06:29,2026-09-18 04:49:44,85
domain,engine.commdistinc.com,threatfox,FAKEUPDATES,"threatfox,SocGholish",2026-09-18 04:06:29,2026-09-18 04:49:44,85
domain,evwb5jgip6.workers.dev,threatfox,php.shin_webshell,"threatfox,Cloudflare,GIF,PHP,webshell,WordPress,workers.dev,wp-admin",2026-09-18 04:06:29,2026-09-18 04:49:44,85
domain,expo-tortas.com,threatfox,IClickFix,"threatfox,ClickFix,etherhiding,Polygon",2026-09-17 16:07:21,2026-09-18 04:49:44,85
domain,fincoadvance.com,threatfox,MacSync,"threatfox,ClickFix,macOS,MacSync",2026-09-18 04:06:29,2026-09-18 04:49:44,85
domain,foldlodge.xyz,threatfox,Unknown Loader,"threatfox,OffLoader",2026-09-17 16:07:21,2026-09-18 04:49:44,85
domain,gowiteji.workers.dev,threatfox,php.shin_webshell,"threatfox,Cloudflare,GIF,PHP,webshell,WordPress,workers.dev,wp-admin",2026-09-17 16:07:21,2026-09-18 04:49:44,85
domain,gusanacoating.com,threatfox,IClickFix,"threatfox,ClickFix,etherhiding,Polygon",2026-09-17 16:07:21,2026-09-18 04:49:44,85
domain,h3tnyjph.vuhw.store,threatfox,ClearFake,"threatfox,ClearFake,mac-0x0f14,macos",2026-09-18 04:06:29,2026-09-18 04:49:44,85
domain,hollywoodcarpetinc.com,threatfox,IClickFix,"threatfox,ClickFix,etherhiding,Polygon",2026-09-17 16:07:21,2026-09-18 04:49:44,85
domain,hrwsflkxka.workers.dev,threatfox,php.shin_webshell,"threatfox,Cloudflare,GIF,PHP,webshell,WordPress,workers.dev,wp-admin",2026-09-17 16:07:21,2026-09-18 04:49:44,85
domain,hsdxm.buzz,threatfox,Remcos,"threatfox,Remcos",2026-09-18 04:06:29,2026-09-18 04:49:44,85
domain,hwxcm702c8.workers.dev,threatfox,php.shin_webshell,"threatfox,Cloudflare,GIF,PHP,webshell,WordPress,workers.dev,wp-admin",2026-09-18 04:06:29,2026-09-18 04:49:44,85
domain,hyperluxe.gg,threatfox,Remcos,"threatfox,Remcos",2026-09-18 04:06:29,2026-09-18 04:49:44,85
domain,j-88.co,threatfox,Remcos,"threatfox,Remcos",2026-09-18 04:06:29,2026-09-18 04:49:44,85
domain,j88viet.com,threatfox,Remcos,"threatfox,Remcos",2026-09-18 04:06:29,2026-09-18 04:49:44,85
domain,jetmed.co.zw,threatfox,IClickFix,"threatfox,ClickFix,etherhiding,Polygon",2026-09-17 16:07:21,2026-09-18 04:49:44,85
domain,jurismilitaris.com.br,threatfox,IClickFix,"threatfox,ClickFix,etherhiding,Polygon",2026-09-17 16:07:21,2026-09-18 04:49:44,85
domain,kaiangelsystems.rest,threatfox,Unknown Stealer,"threatfox,c2",2026-09-18 04:06:29,2026-09-18 04:49:44,85
domain,kanissaimmo.com,threatfox,IClickFix,"threatfox,ClickFix,etherhiding,Polygon",2026-09-17 16:07:21,2026-09-18 04:49:44,85
domain,kingstrategicsolutions.com,threatfox,IClickFix,"threatfox,ClickFix,etherhiding,Polygon",2026-09-17 16:07:21,2026-09-18 04:49:44,85
domain,kmjzholdings.com,threatfox,IClickFix,"threatfox,ClickFix,etherhiding,Polygon",2026-09-17 16:07:21,2026-09-18 04:49:44,85
domain,kq36oivv.eng-cardioslim.com,threatfox,ClearFake,"threatfox,ClearFake,mac-0x76c7,macos",2026-09-18 04:06:29,2026-09-18 04:49:44,85
domain,littlebitcleaning.com,threatfox,IClickFix,"threatfox,ClickFix,etherhiding,Polygon",2026-09-17 16:07:21,2026-09-18 04:49:44,85
domain,mat-part.pl,threatfox,IClickFix,"threatfox,ClickFix,etherhiding,Polygon",2026-09-17 16:07:21,2026-09-18 04:49:44,85
domain,me7wszz7.usalo.store,threatfox,ClearFake,"threatfox,ClearFake,mac-0x0f14,macos",2026-09-17 16:07:21,2026-09-18 04:49:44,85
domain,monokreatif.com,threatfox,IClickFix,"threatfox,ClickFix,etherhiding,Polygon",2026-09-17 16:07:21,2026-09-18 04:49:44,85
domain,mosinytu.workers.dev,threatfox,php.shin_webshell,"threatfox,Cloudflare,GIF,PHP,webshell,WordPress,workers.dev,wp-admin",2026-09-17 16:07:21,2026-09-18 04:49:44,85
domain,oklahoma-occitania.com,threatfox,IClickFix,"threatfox,ClickFix,etherhiding,Polygon",2026-09-17 16:07:21,2026-09-18 04:49:44,85
domain,ovusb96472.workers.dev,threatfox,php.shin_webshell,"threatfox,Cloudflare,GIF,PHP,webshell,WordPress,workers.dev,wp-admin",2026-09-17 16:07:21,2026-09-18 04:49:44,85
domain,pokogili.workers.dev,threatfox,php.shin_webshell,"threatfox,Cloudflare,GIF,PHP,webshell,WordPress,workers.dev,wp-admin",2026-09-17 16:07:21,2026-09-18 04:49:44,85
domain,procontractorsmn.co,threatfox,IClickFix,"threatfox,ClickFix,etherhiding,Polygon",2026-09-17 16:07:21,2026-09-18 04:49:44,85
domain,pv8jpfri.alldayslimtea.uk,threatfox,ClearFake,"threatfox,ClearFake,mac-0xdcf2,macos",2026-09-17 16:07:21,2026-09-18 04:49:44,85
domain,pylabe.workers.dev,threatfox,php.shin_webshell,"threatfox,Cloudflare,GIF,PHP,webshell,WordPress,workers.dev,wp-admin",2026-09-18 04:06:29,2026-09-18 04:49:44,85
domain,queue.fastclimate.click,threatfox,Unknown malware,threatfox,2026-09-17 16:07:21,2026-09-18 04:49:44,85
domain,rasimy.workers.dev,threatfox,php.shin_webshell,"threatfox,Cloudflare,GIF,PHP,webshell,WordPress,workers.dev,wp-admin",2026-09-18 04:06:29,2026-09-18 04:49:44,85
domain,raymondemi.ca,threatfox,IClickFix,"threatfox,ClickFix,etherhiding,Polygon",2026-09-17 16:07:21,2026-09-18 04:49:44,85
domain,redsissy.workers.dev,threatfox,php.shin_webshell,"threatfox,Cloudflare,GIF,PHP,webshell,WordPress,workers.dev,wp-admin",2026-09-17 16:07:21,2026-09-18 04:49:44,85
domain,rental-lodge.ch,threatfox,ClearFake,"threatfox,compromised,EtherHide",2026-09-17 16:07:21,2026-09-18 04:49:44,85
domain,republika-srpska-stuttgart.de,threatfox,IClickFix,"threatfox,ClickFix,etherhiding,Polygon",2026-09-17 16:07:21,2026-09-18 04:49:44,85
domain,rmm.smartscreen.lifestyle,threatfox,Unknown RAT,"threatfox,MiniRMM,RMM",2026-09-17 16:07:21,2026-09-18 04:49:44,85
domain,roptik.com,threatfox,MacSync,"threatfox,ClickFix,macOS,MacSync",2026-09-18 04:06:29,2026-09-18 04:49:44,85
domain,rotonexpert.com,threatfox,IClickFix,"threatfox,ClickFix,etherhiding,Polygon",2026-09-17 16:07:21,2026-09-18 04:49:44,85
domain,sabersaude.com.pt,threatfox,IClickFix,"threatfox,ClickFix,etherhiding,Polygon",2026-09-17 16:07:21,2026-09-18 04:49:44,85
domain,se.199cuan.org,threatfox,Vidar,"threatfox,vidar",2026-09-18 04:06:29,2026-09-18 04:49:44,85
domain,se.zk89.net,threatfox,Vidar,"threatfox,vidar",2026-09-18 04:06:29,2026-09-18 04:49:44,85
domain,sensa138pg.it.com,threatfox,ClearFake,"threatfox,17September2026,ClearFake,Commandline,MacOS",2026-09-17 16:07:21,2026-09-18 04:49:44,85
domain,shop-genesis-revival.com,threatfox,ClearFake,"threatfox,ClearFake",2026-09-17 16:07:21,2026-09-18 04:49:44,85
domain,shop-geniusbrainsignal.com,threatfox,ClearFake,"threatfox,17September2026,ClearFake,Commandline,MacOS",2026-09-17 16:07:21,2026-09-18 04:49:44,85
domain,shop-glpro.com,threatfox,ClearFake,"threatfox,ClearFake",2026-09-18 04:06:29,2026-09-18 04:49:44,85
domain,shop-zensulin.us,threatfox,ClearFake,"threatfox,17September2026,ClearFake,Commandline,MacOS",2026-09-18 04:06:29,2026-09-18 04:49:44,85
domain,siteborg.com,threatfox,IClickFix,"threatfox,ClickFix,etherhiding,Polygon",2026-09-17 16:07:21,2026-09-18 04:49:44,85
domain,suxedure.workers.dev,threatfox,php.shin_webshell,"threatfox,Cloudflare,GIF,PHP,webshell,WordPress,workers.dev,wp-admin",2026-09-18 04:06:29,2026-09-18 04:49:44,85
domain,taylorfamilyenterprisesllc.com,threatfox,IClickFix,"threatfox,ClickFix,etherhiding,Polygon",2026-09-17 16:07:21,2026-09-18 04:49:44,85
domain,tharposts.com,threatfox,IClickFix,"threatfox,ClickFix,etherhiding,Polygon",2026-09-17 16:07:21,2026-09-18 04:49:44,85
domain,thecareerpath.net,threatfox,IClickFix,"threatfox,ClickFix,etherhiding,Polygon",2026-09-17 16:07:21,2026-09-18 04:49:44,85
domain,thinness-minceur.com,threatfox,IClickFix,"threatfox,ClickFix,etherhiding,Polygon",2026-09-17 16:07:21,2026-09-18 04:49:44,85
domain,tndr-panel.online,threatfox,Unknown malware,threatfox,2026-09-17 16:07:21,2026-09-18 04:49:44,85
domain,tudfpifq.shop-glpro.com,threatfox,ClearFake,"threatfox,ClearFake,mac-0x68dc,macos",2026-09-18 04:06:29,2026-09-18 04:49:44,85
domain,tunewuso.workers.dev,threatfox,php.shin_webshell,"threatfox,Cloudflare,GIF,PHP,webshell,WordPress,workers.dev,wp-admin",2026-09-18 04:06:29,2026-09-18 04:49:44,85
domain,ty.199cuan.org,threatfox,Vidar,"threatfox,vidar",2026-09-18 04:06:29,2026-09-18 04:49:44,85
domain,ty.zk89.net,threatfox,Vidar,"threatfox,vidar",2026-09-18 04:06:29,2026-09-18 04:49:44,85
domain,tycoonorganics.com,threatfox,IClickFix,"threatfox,ClickFix,etherhiding,Polygon",2026-09-17 16:07:21,2026-09-18 04:49:44,85
domain,up3c3qqw.shop-zensulin.us,threatfox,ClearFake,"threatfox,ClearFake,mac-0x68dc,macos",2026-09-18 04:06:29,2026-09-18 04:49:44,85
domain,usalo.store,threatfox,ClearFake,"threatfox,17September2026,ClearFake,Commandline,MacOS",2026-09-17 16:07:21,2026-09-18 04:49:44,85
domain,uwc26lb6.wisma138cyno.net,threatfox,ClearFake,"threatfox,ClearFake,mac-0x76c7,macos",2026-09-17 16:07:21,2026-09-18 04:49:44,85
domain,vernonsu.com,threatfox,IClickFix,"threatfox,ClickFix,etherhiding,Polygon",2026-09-17 16:07:21,2026-09-18 04:49:44,85
domain,vitalityhealthservices.com,threatfox,IClickFix,"threatfox,ClickFix,etherhiding,Polygon",2026-09-17 16:07:21,2026-09-18 04:49:44,85
domain,vuhw.store,threatfox,ClearFake,"threatfox,17September2026,ClearFake,Commandline,MacOS",2026-09-18 04:06:29,2026-09-18 04:49:44,85
domain,wagners123.duckdns.org,threatfox,Remcos,"threatfox,remcos",2026-09-18 04:06:29,2026-09-18 04:49:44,85
domain,wisma138ayaka.com,threatfox,ClearFake,"threatfox,17September2026,ClearFake,Commandline,DomainShadowing,Windows",2026-09-17 16:07:21,2026-09-18 04:49:44,85
domain,wisma138cyno.net,threatfox,ClearFake,"threatfox,ClearFake",2026-09-17 16:07:21,2026-09-18 04:49:44,85
domain,wlc.v-panel.asia,threatfox,Vidar,threatfox,2026-09-18 04:06:29,2026-09-18 04:49:44,85
domain,wrdn.rest,threatfox,Unknown Stealer,"threatfox,c2,warden stealer",2026-09-17 16:07:21,2026-09-18 04:49:44,85
domain,www.allltrucks.com,threatfox,Remcos,"threatfox,remcos",2026-09-17 16:07:21,2026-09-18 04:49:44,85
domain,www.gatewayresearchcenter.com,threatfox,ClearFake,"threatfox,compromised,EtherHide",2026-09-17 16:07:21,2026-09-18 04:49:44,85
domain,www.neelgirlchemicals.com,threatfox,Remcos,"threatfox,remcos",2026-09-17 16:07:21,2026-09-18 04:49:44,85
domain,www.neelgirlchemicalsbackup.com,threatfox,Remcos,"threatfox,remcos",2026-09-17 16:07:21,2026-09-18 04:49:44,85
domain,xisefopa.workers.dev,threatfox,php.shin_webshell,"threatfox,Cloudflare,GIF,PHP,webshell,WordPress,workers.dev,wp-admin",2026-09-17 16:07:21,2026-09-18 04:49:44,85
domain,xn--gp-bja.hu,threatfox,IClickFix,"threatfox,ClickFix,etherhiding,Polygon",2026-09-17 16:07:21,2026-09-18 04:49:44,85
domain,ygr3wbty.prosta--fense.com,threatfox,ClearFake,"threatfox,ClearFake,mac-0x68dc,macos",2026-09-17 16:07:21,2026-09-18 04:49:44,85
domain,ymemes.noip.at,threatfox,Remcos,"threatfox,remcos",2026-09-18 04:06:29,2026-09-18 04:49:44,85
domain,zarbari.com,threatfox,IClickFix,"threatfox,ClickFix,etherhiding,Polygon",2026-09-17 16:07:21,2026-09-18 04:49:44,85
hash_md5,00184e02be5a3b928176628af505bc40,malwarebazaar,Gafgyt,"elf,Gafgyt",2026-09-18 04:00:06,2026-09-18 04:49:44,85
hash_md5,01f30d9c158536e2ca5181c080015eb4,malwarebazaar,Gafgyt,"elf,Gafgyt",2026-09-18 04:00:06,2026-09-18 04:49:44,85
hash_md5,0379c0eea08a2c2c98be3bb74e477d46,malwarebazaar,exe,"5a4378fb90db39f09c7b18d1f314e645,dropped-by-remus,exe",2026-09-18 04:00:06,2026-09-18 04:49:44,85
hash_md5,0442857867c0d5ea52faf77a5640e172,malwarebazaar,Gafgyt,"elf,Gafgyt",2026-09-18 04:00:06,2026-09-18 04:49:44,85
hash_md5,06573dd9a2cec38ab6496d5d29756704,malwarebazaar,exe,"exe,stealer",2026-09-18 04:00:06,2026-09-18 04:49:44,85
hash_md5,0740937ab067ed5abec7c74952de935c,malwarebazaar,exe,"5a4378fb90db39f09c7b18d1f314e645,dropped-by-remus,exe",2026-09-18 04:00:06,2026-09-18 04:49:44,85
hash_md5,081b282d3ae3f5e6659c5775fc19c167,malwarebazaar,exe,"16660bde630116f363f759a4ac9d08fb,dropped-by-remus,exe",2026-09-18 04:00:06,2026-09-18 04:49:44,85
hash_md5,087e86c8ff2931cf793e6d3837e30c15,malwarebazaar,Gafgyt,elf,2026-09-18 04:00:06,2026-09-18 04:49:44,85
hash_md5,0958ba3a7e13502ab3582b76c42b0af3,threatfox,CrossRAT,threatfox,2026-09-17 16:07:21,2026-09-18 04:49:44,85
hash_md5,09f1709d2b6ef921ba1b90e638a37080,threatfox,Ghost RAT,threatfox,2026-09-17 16:07:21,2026-09-18 04:49:44,85
hash_md5,0ddd372ff33e2f8af859eec5c783f827,malwarebazaar,exe,"5a4378fb90db39f09c7b18d1f314e645,dropped-by-remus,exe",2026-09-18 04:00:06,2026-09-18 04:49:44,85
hash_md5,0e0ddf430c0a06a27de68570a07cff21,malwarebazaar,exe,"5a4378fb90db39f09c7b18d1f314e645,dropped-by-remus,exe",2026-09-18 04:00:06,2026-09-18 04:49:44,85
hash_md5,0f0813c1e7e1787d105f8904243200f6,threatfox,Arkei Stealer,threatfox,2026-09-17 16:07:21,2026-09-18 04:49:44,85
hash_md5,113a7f0c492babbd0450e7b6da970292,threatfox,Vidar,threatfox,2026-09-17 16:07:21,2026-09-18 04:49:44,85
hash_md5,1166411eac9ecbef1f2bc2a7ed6c51e4,malwarebazaar,exe,"7fb9ce94a5b4ca72f31a746cc2c6134d,dropped-by-remus,exe",2026-09-18 04:00:06,2026-09-18 04:49:44,85
hash_md5,11d89d85c7b2d24ac4ca4d7cc0d9ecab,malwarebazaar,exe,"5a4378fb90db39f09c7b18d1f314e645,dropped-by-remus,exe",2026-09-18 04:00:06,2026-09-18 04:49:44,85
hash_md5,1257d893c92aa388cd0d308763f45b1b,malwarebazaar,exe,"7fb9ce94a5b4ca72f31a746cc2c6134d,dropped-by-remus,exe",2026-09-18 04:00:06,2026-09-18 04:49:44,85
hash_md5,147300d8f993b5c034bb38ad7de65bf2,malwarebazaar,exe,"5a4378fb90db39f09c7b18d1f314e645,dropped-by-remus,exe",2026-09-18 04:00:06,2026-09-18 04:49:44,85
hash_md5,15f10ed5fc677e7141964459c6987e0c,malwarebazaar,exe,"5a4378fb90db39f09c7b18d1f314e645,dropped-by-remus,exe",2026-09-18 04:00:06,2026-09-18 04:49:44,85
hash_md5,19f5f88ecd47c940729aaa7067ec452c,malwarebazaar,jar,jar,2026-09-18 04:00:06,2026-09-18 04:49:44,85
hash_md5,1a018faf219dd912f728d0293d85486a,malwarebazaar,elf,"cowrie,elf,honeypot,mips",2026-09-18 04:00:06,2026-09-18 04:49:44,85
hash_md5,1b8155a20f71952cf3c0fefa4db1bebf,threatfox,Nanocore RAT,threatfox,2026-09-17 16:07:21,2026-09-18 04:49:44,85
hash_md5,219abeb37923d6d4b299dd24bda92edc,threatfox,ValleyRAT,threatfox,2026-09-17 16:07:21,2026-09-18 04:49:44,85
hash_md5,22409f6d3e087c7fd31d48f4da11e405,malwarebazaar,Gafgyt,elf,2026-09-18 04:00:06,2026-09-18 04:49:44,85
hash_md5,26d7593704f777a0bbd1f719460df4d6,malwarebazaar,exe,"0f81469cc7638ba7c82eaddbd6b3c20a,dropped-by-remus,exe",2026-09-18 04:00:06,2026-09-18 04:49:44,85
hash_md5,277ed20b7ad7f6c3c8c5285f386e46b4,threatfox,Nanocore RAT,threatfox,2026-09-17 16:07:21,2026-09-18 04:49:44,85
hash_md5,27ddb2a579f66a1c10eced8684b12474,malwarebazaar,exe,"5a4378fb90db39f09c7b18d1f314e645,dropped-by-remus,exe",2026-09-18 04:00:06,2026-09-18 04:49:44,85
hash_md5,28baaf2707ec92396fe38b2caf451c94,threatfox,Vidar,threatfox,2026-09-17 16:07:21,2026-09-18 04:49:44,85
hash_md5,2a3d94121e5ffa782cccedda093f1e4e,threatfox,ValleyRAT,threatfox,2026-09-17 16:07:21,2026-09-18 04:49:44,85
hash_md5,2a69a5f0d9ea27dab7dfbfd796a69f67,malwarebazaar,Mirai,"arm,cowrie,elf,honeypot,Mirai",2026-09-18 04:00:06,2026-09-18 04:49:44,85
hash_md5,2ad23ece156ef6e38abee39df8f7cc8b,malwarebazaar,exe,"5a4378fb90db39f09c7b18d1f314e645,dropped-by-remus,exe",2026-09-18 04:00:06,2026-09-18 04:49:44,85
hash_md5,2af6c08adc887c602f2799dd06769310,malwarebazaar,exe,"exe,golang,signed,stealer",2026-09-18 04:00:06,2026-09-18 04:49:44,85
hash_md5,2c6e68a53aa2c7277ed6611e50e8e01e,malwarebazaar,exe,"5a4378fb90db39f09c7b18d1f314e645,dropped-by-remus,exe",2026-09-18 04:00:06,2026-09-18 04:49:44,85
hash_md5,2c87ce41fccd56958dfbdb6463f93626,malwarebazaar,unknown,"dropped-by-StealC,worker",2026-09-18 04:00:06,2026-09-18 04:49:44,85
hash_md5,2e11978aa87c30d7541051f98f9019e6,malwarebazaar,exe,exe,2026-09-18 04:00:06,2026-09-18 04:49:44,85
hash_md5,309ee21b05da4e684de79540bb25b330,threatfox,ValleyRAT,threatfox,2026-09-17 16:07:21,2026-09-18 04:49:44,85
hash_md5,3349bb91ee4404d4c911a826806e41fb,malwarebazaar,exe,"5a4378fb90db39f09c7b18d1f314e645,dropped-by-remus,exe",2026-09-18 04:00:06,2026-09-18 04:49:44,85
hash_md5,33a174ef3a03cecf208495d8d5ae1da0,malwarebazaar,exe,"5a4378fb90db39f09c7b18d1f314e645,dropped-by-remus,exe",2026-09-18 04:00:06,2026-09-18 04:49:44,85
hash_md5,33a1e84a6647a47bbd12b89d855d37a1,malwarebazaar,exe,"7fb9ce94a5b4ca72f31a746cc2c6134d,dropped-by-remus,exe",2026-09-18 04:00:06,2026-09-18 04:49:44,85
hash_md5,3414907070d1d0c6356fc70d4ffc42f1,malwarebazaar,exe,"368eb34be1e7e495c94952b194824099,dropped-by-remus,exe",2026-09-18 04:00:06,2026-09-18 04:49:44,85
hash_md5,34199a886b0d95e1d46361f7d4f70b5e,malwarebazaar,Gafgyt,"elf,Gafgyt",2026-09-18 04:00:06,2026-09-18 04:49:44,85
hash_md5,364e81db581c349d85b4d3d8dcd7092a,malwarebazaar,Vidar,"exe,signed,Vidar",2026-09-18 04:00:06,2026-09-18 04:49:44,85
hash_md5,367fb5138fa3f33f37090d425e097d14,malwarebazaar,exe,"5a4378fb90db39f09c7b18d1f314e645,dropped-by-remus,exe",2026-09-18 04:00:06,2026-09-18 04:49:44,85
hash_md5,3a9a55b6669f56bc6ed97d08cf8785ed,threatfox,ValleyRAT,threatfox,2026-09-17 16:07:21,2026-09-18 04:49:44,85
hash_md5,3c1dc55aec7d98bc9d22bfb12b1e1f7f,malwarebazaar,exe,"5a4378fb90db39f09c7b18d1f314e645,dropped-by-remus,exe",2026-09-18 04:00:06,2026-09-18 04:49:44,85
hash_md5,3d0a0d73b21fded59970567f131b59e1,malwarebazaar,elf,"aarch64,cowrie,elf,honeypot",2026-09-18 04:00:06,2026-09-18 04:49:44,85
hash_md5,42474c66889beb61c05b6eca9195e27f,malwarebazaar,exe,"5a4378fb90db39f09c7b18d1f314e645,dropped-by-remus,exe",2026-09-18 04:00:06,2026-09-18 04:49:44,85
hash_md5,447ad50cac3c923553a964614155e96b,malwarebazaar,Mirai,elf,2026-09-18 04:00:06,2026-09-18 04:49:44,85
hash_md5,44947dae4b585c3de9af704aba747e75,malwarebazaar,exe,"5a4378fb90db39f09c7b18d1f314e645,dropped-by-remus,exe",2026-09-18 04:00:06,2026-09-18 04:49:44,85
hash_md5,47e71c9eaa42013bf0633877fa1ca987,malwarebazaar,Gafgyt,"elf,Gafgyt",2026-09-18 04:00:06,2026-09-18 04:49:44,85
hash_md5,48264648f9c57c41ce1dda7262bf7cad,malwarebazaar,ConnectWise,"ConnectWise,msi,signed",2026-09-18 04:00:06,2026-09-18 04:49:44,85
hash_md5,4cf535fc718204349ddd921fae6bcb11,malwarebazaar,Gafgyt,"elf,Gafgyt,Mirai",2026-09-18 04:00:06,2026-09-18 04:49:44,85
hash_md5,4fc0f88f0c13ab1007b95390ec9bf715,malwarebazaar,exe,"16660bde630116f363f759a4ac9d08fb,dropped-by-remus,exe",2026-09-18 04:00:06,2026-09-18 04:49:44,85
hash_md5,55b7682fd9f2212161d255c8c6d04c3b,malwarebazaar,exe,exe,2026-09-18 04:00:06,2026-09-18 04:49:44,85
hash_md5,57257856fd3e4051da561d13aaaba855,malwarebazaar,Mozi,elf,2026-09-18 04:00:06,2026-09-18 04:49:44,85
hash_md5,5728f99beeb74b7b4046f73ffa343b21,malwarebazaar,exe,"5a4378fb90db39f09c7b18d1f314e645,dropped-by-remus,exe",2026-09-18 04:00:06,2026-09-18 04:49:44,85
hash_md5,586d67e8525d3dd8151df956a0cf8550,malwarebazaar,Mirai,elf,2026-09-18 04:00:06,2026-09-18 04:49:44,85
hash_md5,58d6b34e0269a5f7b2e76be2c1d8f0f4,malwarebazaar,unknown,"aes,AMOS,ClickFix,dropper,Foxveil,macOS,zsh",2026-09-18 04:00:06,2026-09-18 04:49:44,85
hash_md5,5949e9b0d2db9dd6ed2a13d18ec0322a,malwarebazaar,Mirai,"cowrie,elf,honeypot,mips,Mirai",2026-09-18 04:00:06,2026-09-18 04:49:44,85
hash_md5,598b6021047bbf1763e86794e82c4fd4,malwarebazaar,exe,"5a4378fb90db39f09c7b18d1f314e645,dropped-by-remus,exe",2026-09-18 04:00:06,2026-09-18 04:49:44,85
hash_md5,5c1a60995b1c3956c92753d49c698515,malwarebazaar,exe,"5a4378fb90db39f09c7b18d1f314e645,dropped-by-remus,exe",2026-09-18 04:00:06,2026-09-18 04:49:44,85
hash_md5,5e12233da87890d12a36cb6f7a46baa6,malwarebazaar,Gafgyt,elf,2026-09-18 04:00:06,2026-09-18 04:49:44,85
hash_md5,62e40c84b616b564e220c1d4558f4f75,malwarebazaar,exe,exe,2026-09-18 04:00:06,2026-09-18 04:49:44,85
hash_md5,6357ea4830260cc8ee8009b9ea53ee70,malwarebazaar,Gafgyt,"elf,Gafgyt",2026-09-18 04:00:06,2026-09-18 04:49:44,85
hash_md5,687d667d5f4c1d351af8a9ee20a37c90,malwarebazaar,elf,"cowrie,elf,honeypot,mips",2026-09-18 04:00:06,2026-09-18 04:49:44,85
hash_md5,6fbe8303b5cfb6b435ba02255320f0fb,malwarebazaar,exe,exe,2026-09-18 04:00:06,2026-09-18 04:49:44,85
hash_md5,735617b3f0b78a6086c7589328a2ebcf,malwarebazaar,Mirai,elf,2026-09-18 04:00:06,2026-09-18 04:49:44,85
hash_md5,7449b12561772204b39d0a10ab16a111,malwarebazaar,exe,"5a4378fb90db39f09c7b18d1f314e645,dropped-by-remus,exe",2026-09-18 04:00:06,2026-09-18 04:49:44,85
hash_md5,74bc9cd9d4a288006fd8ffbfeae372cf,malwarebazaar,exe,"5a4378fb90db39f09c7b18d1f314e645,dropped-by-remus,exe",2026-09-18 04:00:06,2026-09-18 04:49:44,85
hash_md5,77d43bc4d7020a20d9ff1db9c3caee54,malwarebazaar,exe,"5a4378fb90db39f09c7b18d1f314e645,dropped-by-remus,exe",2026-09-18 04:00:06,2026-09-18 04:49:44,85
hash_md5,781ef00a56ae4b52ccdffabd8e5f27d6,malwarebazaar,Mirai,"arm,cowrie,elf,honeypot,Mirai",2026-09-18 04:00:06,2026-09-18 04:49:44,85
hash_md5,7a416d2770eddffb30f4a91380b0f40d,malwarebazaar,exe,"5a4378fb90db39f09c7b18d1f314e645,dropped-by-remus,exe",2026-09-18 04:00:06,2026-09-18 04:49:44,85
hash_md5,7c9bf92f3740579191920212ba083083,malwarebazaar,elf,"cowrie,elf,honeypot,mips",2026-09-18 04:00:06,2026-09-18 04:49:44,85
hash_md5,7d0e28245af52c793585e2934968df11,malwarebazaar,DDoSAgent,elf,2026-09-18 04:00:06,2026-09-18 04:49:44,85
hash_md5,7d28765ab460a26e699fce1a1d396f6f,malwarebazaar,exe,"368eb34be1e7e495c94952b194824099,dropped-by-remus,exe",2026-09-18 04:00:06,2026-09-18 04:49:44,85
hash_md5,7eb0a4316053549ae591f3654fe20d4c,malwarebazaar,exe,"5a4378fb90db39f09c7b18d1f314e645,dropped-by-remus,exe",2026-09-18 04:00:06,2026-09-18 04:49:44,85
hash_md5,7ed2ff5b7b0f0c6c4ba8cf5463921872,malwarebazaar,RemusStealer,exe,2026-09-18 04:00:06,2026-09-18 04:49:44,85
hash_md5,7fc9ecdd2a43d2cf211917d6d19642ec,malwarebazaar,unknown,"dropped-by-StealC,worker",2026-09-18 04:00:06,2026-09-18 04:49:44,85
hash_md5,809484f32334bd9fbe1ac0bad9fba597,malwarebazaar,unknown,unknown,2026-09-18 04:00:06,2026-09-18 04:49:44,85
hash_md5,84b156b4a62c777b833958494cac5b2e,malwarebazaar,Gafgyt,"elf,Gafgyt,Mirai",2026-09-18 04:00:06,2026-09-18 04:49:44,85
hash_md5,8652a758d112815979d679d3909b5e01,malwarebazaar,exe,"5a4378fb90db39f09c7b18d1f314e645,dropped-by-remus,exe",2026-09-18 04:00:06,2026-09-18 04:49:44,85
hash_md5,876fc321d965ee4773c99426968694ef,malwarebazaar,elf,"cowrie,elf,honeypot,mips",2026-09-18 04:00:06,2026-09-18 04:49:44,85
hash_md5,8f4cea5ee1fa470abc5479849474a961,malwarebazaar,exe,"5a4378fb90db39f09c7b18d1f314e645,dropped-by-remus,exe",2026-09-18 04:00:06,2026-09-18 04:49:44,85
hash_md5,8f9608d9e94cdab9e4c370b2965ac23f,malwarebazaar,Gafgyt,"elf,Gafgyt",2026-09-18 04:00:06,2026-09-18 04:49:44,85
hash_md5,90051510c86515bd346955feff47919e,malwarebazaar,elf,elf,2026-09-18 04:00:06,2026-09-18 04:49:44,85
hash_md5,944a6d5c95af3236c7eb6b218648752b,malwarebazaar,Gafgyt,"elf,Gafgyt",2026-09-18 04:00:06,2026-09-18 04:49:44,85
hash_md5,95f0c240bffe4b476e2cffc3e1479b99,malwarebazaar,exe,"5a4378fb90db39f09c7b18d1f314e645,dropped-by-remus,exe",2026-09-18 04:00:06,2026-09-18 04:49:44,85
hash_md5,96a115e8f76ba2a8b1cd11666d9e2d4b,malwarebazaar,exe,"5a4378fb90db39f09c7b18d1f314e645,dropped-by-remus,exe",2026-09-18 04:00:06,2026-09-18 04:49:44,85
hash_md5,97d37135220d891a54c70fc11a8b3207,malwarebazaar,Mirai,elf,2026-09-18 04:00:06,2026-09-18 04:49:44,85
hash_md5,982025da15bfcfbf3a782d10ab1bebb4,malwarebazaar,Mirai,elf,2026-09-18 04:00:06,2026-09-18 04:49:44,85
hash_md5,9905cb6e295c26abccc8970121528289,malwarebazaar,macho,"AMOS,apph4,ClickFix,Foxveil,loader,Mach-O,macho,macOS",2026-09-18 04:00:06,2026-09-18 04:49:44,85
hash_md5,993abbf5a552c590cc4ec4ae80559247,malwarebazaar,exe,"0f81469cc7638ba7c82eaddbd6b3c20a,dropped-by-remus,exe",2026-09-18 04:00:06,2026-09-18 04:49:44,85
hash_md5,9b1de73672f6c7a5803a5631930b45d1,malwarebazaar,exe,exe,2026-09-18 04:00:06,2026-09-18 04:49:44,85
hash_md5,9b66c46d5bb3083aef03ed6d02962d94,malwarebazaar,iso,"iso,SreenConnect",2026-09-18 04:00:06,2026-09-18 04:49:44,85
hash_md5,9c2cc87c3d71210e4f3d413d1df8599b,malwarebazaar,Mirai,elf,2026-09-18 04:00:06,2026-09-18 04:49:44,85
hash_md5,9d36d52a9d1f6e260e67f3532141fae3,malwarebazaar,exe,"5a4378fb90db39f09c7b18d1f314e645,dropped-by-remus,exe",2026-09-18 04:00:06,2026-09-18 04:49:44,85
hash_md5,9da3d7db2604a3f09380e5e91839b5d8,malwarebazaar,exe,exe,2026-09-18 04:00:06,2026-09-18 04:49:44,85
hash_md5,9e69fa273fbc0603b621e6d9cbb84b0e,malwarebazaar,exe,"5a4378fb90db39f09c7b18d1f314e645,dropped-by-remus,exe",2026-09-18 04:00:06,2026-09-18 04:49:44,85
hash_md5,9e6eae049fbe4ca22b5980d604bd37ea,malwarebazaar,Gafgyt,"elf,Gafgyt,Mirai",2026-09-18 04:00:06,2026-09-18 04:49:44,85
hash_md5,9ef210d019b47dc40a9719003e373bf4,malwarebazaar,exe,"5a4378fb90db39f09c7b18d1f314e645,dropped-by-remus,exe",2026-09-18 04:00:06,2026-09-18 04:49:44,85
hash_md5,a4d5c28a9c945361b715c97b9a663758,malwarebazaar,exe,exe,2026-09-18 04:00:06,2026-09-18 04:49:44,85
hash_md5,a4d82d842f1b42e49b1809c574385789,threatfox,ValleyRAT,threatfox,2026-09-17 16:07:21,2026-09-18 04:49:44,85
hash_md5,a9f3ecd70e3b3de60eab5292c6942945,malwarebazaar,FleetDeck,"exe,FleetDeck,signed",2026-09-18 04:00:06,2026-09-18 04:49:44,85
hash_md5,aaa55d5c516e18e8d785f7dde08dd3c8,threatfox,ValleyRAT,threatfox,2026-09-17 16:07:21,2026-09-18 04:49:44,85
hash_md5,ae26928df8ab313b5040563ac373b0e7,threatfox,ValleyRAT,threatfox,2026-09-17 16:07:21,2026-09-18 04:49:44,85
hash_md5,ae382c1d94883b71524b431ccd8bf19d,malwarebazaar,exe,"5a4378fb90db39f09c7b18d1f314e645,dropped-by-remus,exe",2026-09-18 04:00:06,2026-09-18 04:49:44,85
hash_md5,b214556a27a516c10e9129b0b80393dd,malwarebazaar,exe,"0f81469cc7638ba7c82eaddbd6b3c20a,dropped-by-remus,exe",2026-09-18 04:00:06,2026-09-18 04:49:44,85
hash_md5,b2b91e093023c485d8c59af98fc293a1,threatfox,Vidar,threatfox,2026-09-17 16:07:21,2026-09-18 04:49:44,85
hash_md5,b2c46ec64094d7a82a6daf3b93724f8a,malwarebazaar,exe,"5a4378fb90db39f09c7b18d1f314e645,dropped-by-remus,exe",2026-09-18 04:00:06,2026-09-18 04:49:44,85
hash_md5,b69f59c453a3fa6b3b32fffcb731b2d8,threatfox,Stealc,threatfox,2026-09-17 16:07:21,2026-09-18 04:49:44,85
hash_md5,b7e7e9814a504aa78681821edd9915ce,malwarebazaar,elf,"cowrie,elf,honeypot,x64",2026-09-18 04:00:06,2026-09-18 04:49:44,85
hash_md5,b896ecba382de48b055b81eac41faac9,malwarebazaar,Mirai,elf,2026-09-18 04:00:06,2026-09-18 04:49:44,85
hash_md5,ba53c4d7ccb43b428fa868740d0654f8,malwarebazaar,Mirai,"arm,cowrie,elf,honeypot,mirai,mozi,torii",2026-09-18 04:00:06,2026-09-18 04:49:44,85
hash_md5,bb3c47fc035775ee13f5026b60b59817,malwarebazaar,exe,"5a4378fb90db39f09c7b18d1f314e645,dropped-by-remus,exe",2026-09-18 04:00:06,2026-09-18 04:49:44,85
hash_md5,bca97cdabccc772eda721e6f9b39fb36,malwarebazaar,exe,"368eb34be1e7e495c94952b194824099,dropped-by-remus,exe",2026-09-18 04:00:06,2026-09-18 04:49:44,85
hash_md5,bd44a6617c3d5b5a8bcdea18d1b8bc0f,threatfox,Vidar,threatfox,2026-09-17 16:07:21,2026-09-18 04:49:44,85
hash_md5,bf549e04eec008624d22bf0d83a4e766,malwarebazaar,exe,exe,2026-09-18 04:00:06,2026-09-18 04:49:44,85
hash_md5,bf9f581fdc6b31ff7e5de3c56cd10619,threatfox,ValleyRAT,threatfox,2026-09-17 16:07:21,2026-09-18 04:49:44,85
hash_md5,c056bb2fcc033aebed5783607117a19d,malwarebazaar,elf,"cowrie,elf,honeypot,mips",2026-09-18 04:00:06,2026-09-18 04:49:44,85
hash_md5,c1a201b1122ed4cbd920e9636aef5625,malwarebazaar,exe,"5a4378fb90db39f09c7b18d1f314e645,dropped-by-remus,exe",2026-09-18 04:00:06,2026-09-18 04:49:44,85
hash_md5,c25aa100c3419f9c81bd10dd574f9d39,malwarebazaar,exe,"5a4378fb90db39f09c7b18d1f314e645,dropped-by-remus,exe",2026-09-18 04:00:06,2026-09-18 04:49:44,85
hash_md5,c2c7b32b2c38a2d7f80ee7e0b5616ec4,threatfox,ValleyRAT,threatfox,2026-09-17 16:07:21,2026-09-18 04:49:44,85
hash_md5,c2e1f682e48557c3dd177645feac7f36,malwarebazaar,Gafgyt,elf,2026-09-18 04:00:06,2026-09-18 04:49:44,85
hash_md5,c53e5ba7bf326573ed227ba04b1ed843,malwarebazaar,Mirai,elf,2026-09-18 04:00:06,2026-09-18 04:49:44,85
hash_md5,c7111316deffa2019aa2c46ae1fce0f7,malwarebazaar,Gafgyt,"elf,Gafgyt",2026-09-18 04:00:06,2026-09-18 04:49:44,85
hash_md5,c94aad39878d0b1a1a78ef31916208f8,malwarebazaar,RemusStealer,"exe,golang,RemusStealer,signed,stealer",2026-09-18 04:00:06,2026-09-18 04:49:44,85
hash_md5,c9cf484f6dd5817ed37b1ef43b2fefaf,malwarebazaar,exe,"exe,Vidar",2026-09-18 04:00:06,2026-09-18 04:49:44,85
hash_md5,cb0a84b0a62247fc4a710ab9705d12a1,malwarebazaar,exe,"5a4378fb90db39f09c7b18d1f314e645,dropped-by-remus,exe",2026-09-18 04:00:06,2026-09-18 04:49:44,85
hash_md5,ccc9a66b5e5bf02d8554fa3deebae642,malwarebazaar,JOMANGY,"JOMANGY,sh",2026-09-18 04:00:06,2026-09-18 04:49:44,85
hash_md5,cd27e639a169c0f4d421a0ec6f780407,malwarebazaar,exe,"5a4378fb90db39f09c7b18d1f314e645,dropped-by-remus,exe",2026-09-18 04:00:06,2026-09-18 04:49:44,85
hash_md5,cf3b4884fbdd114d080b331971f94f8e,threatfox,Vidar,threatfox,2026-09-17 16:07:21,2026-09-18 04:49:44,85
hash_md5,cf736f505376454b36d7dba77ad898d4,threatfox,Vidar,threatfox,2026-09-17 16:07:21,2026-09-18 04:49:44,85
hash_md5,cf7c9c3a1a7804cc0a3574c3d0c4836a,malwarebazaar,exe,"5a4378fb90db39f09c7b18d1f314e645,dropped-by-remus,exe",2026-09-18 04:00:06,2026-09-18 04:49:44,85
hash_md5,cfb1ce7f985aacbaac7df227351714c7,malwarebazaar,exe,"5a4378fb90db39f09c7b18d1f314e645,dropped-by-remus,exe",2026-09-18 04:00:06,2026-09-18 04:49:44,85
hash_md5,d03a8db5507dfff3538bc0711c3d45d1,malwarebazaar,Gafgyt,"elf,Gafgyt",2026-09-18 04:00:06,2026-09-18 04:49:44,85
hash_md5,d10758dfe63b53428795ff54200cc546,malwarebazaar,js,js,2026-09-18 04:00:06,2026-09-18 04:49:44,85
hash_md5,d374264d74b1892fcc5d4b046dfbe218,malwarebazaar,Gafgyt,"elf,Gafgyt,Mirai",2026-09-18 04:00:06,2026-09-18 04:49:44,85
hash_md5,d65b47190c647880b6118ec37272d690,malwarebazaar,Mirai,elf,2026-09-18 04:00:06,2026-09-18 04:49:44,85
hash_md5,d764750cbd8f125f4ee4b05e57390ed6,malwarebazaar,elf,"cowrie,elf,honeypot,mips",2026-09-18 04:00:06,2026-09-18 04:49:44,85
hash_md5,dd9e8f376fbf650c01598a93872d4993,malwarebazaar,Vidar,"exe,signed,Vidar",2026-09-18 04:00:06,2026-09-18 04:49:44,85
hash_md5,e1ada36f2469421f44a26025c85acdcc,malwarebazaar,exe,"16660bde630116f363f759a4ac9d08fb,dropped-by-remus,exe",2026-09-18 04:00:06,2026-09-18 04:49:44,85
hash_md5,e527a147adc2d3700e52994ee842cbd5,malwarebazaar,exe,"5a4378fb90db39f09c7b18d1f314e645,dropped-by-remus,exe",2026-09-18 04:00:06,2026-09-18 04:49:44,85
hash_md5,f059dc979105c8604067425e1ab8b9e9,malwarebazaar,Mirai,"arm,cowrie,elf,honeypot,Mirai",2026-09-18 04:00:06,2026-09-18 04:49:44,85
hash_md5,f09ab67954ed45ce31c5e5d735da928f,malwarebazaar,exe,"5a4378fb90db39f09c7b18d1f314e645,dropped-by-remus,exe",2026-09-18 04:00:06,2026-09-18 04:49:44,85
hash_md5,f2719ab750bcafe04a15d5e4b814e155,threatfox,Vidar,threatfox,2026-09-17 16:07:21,2026-09-18 04:49:44,85
hash_md5,f5faa85465594d7ed3304d83e2f020bc,malwarebazaar,exe,"5a4378fb90db39f09c7b18d1f314e645,dropped-by-remus,exe",2026-09-18 04:00:06,2026-09-18 04:49:44,85
hash_md5,f895b573b03d052a0b3ae4e0c53c222d,threatfox,Vidar,threatfox,2026-09-17 16:07:21,2026-09-18 04:49:44,85
hash_md5,fd394ba65cfb8a27f29eb6e44b0fe20b,malwarebazaar,exe,"5a4378fb90db39f09c7b18d1f314e645,dropped-by-remus,exe",2026-09-18 04:00:06,2026-09-18 04:49:44,85
hash_sha256,021d369e929769603851acade92af051024192b69a28dca96569a4327449a005,malwarebazaar,js,js,2026-09-18 04:00:06,2026-09-18 04:49:44,85
hash_sha256,02ea8e93290607629f567f75458e4d03a2b3f9e047604e24b967dd7d38fe945a,threatfox,MacSync,"threatfox,ClickFix,macOS,MacSync",2026-09-18 04:06:29,2026-09-18 04:49:44,85
hash_sha256,04e7fdea2b3b477690916242f19bd5f772b5fb7f622b69588c885f68d693e898,malwarebazaar,Gafgyt,"elf,Gafgyt",2026-09-18 04:00:06,2026-09-18 04:49:44,85
hash_sha256,0784f8fca86a833a0c35b2173d39dd72120d6192916fae34ded186892293b28a,malwarebazaar,exe,exe,2026-09-18 04:00:06,2026-09-18 04:49:44,85
hash_sha256,08041fe58fe8a6333f61b77e72d939b3c2c85775aa4b9d4f7639ed87e4073958,malwarebazaar,Mirai,elf,2026-09-18 04:00:06,2026-09-18 04:49:44,85
hash_sha256,08877bbceb3707d89a0a1945ab86b46d35cc4418a667e07e3405fe8031c49e58,malwarebazaar,exe,"5a4378fb90db39f09c7b18d1f314e645,dropped-by-remus,exe",2026-09-18 04:00:06,2026-09-18 04:49:44,85
hash_sha256,0e8aa7f4ea5020141b57f52438bcaf8e46c004e38b7a7de1f8527e8cdfb937bd,malwarebazaar,exe,"5a4378fb90db39f09c7b18d1f314e645,dropped-by-remus,exe",2026-09-18 04:00:06,2026-09-18 04:49:44,85
hash_sha256,10cf2e3f52b5daee5ee47fb639a17003f019a3d8f9d0c0fc8fdfbcc71ff88453,threatfox,Unknown malware,"threatfox,adminlin,cmsmap,php,webshell,wordpress",2026-09-18 04:06:29,2026-09-18 04:49:44,85
hash_sha256,10d34be7098171c16e2d7b23a1c567150a9a4e6eb820d8798e12258720f224df,malwarebazaar,unknown,unknown,2026-09-18 04:00:06,2026-09-18 04:49:44,85
hash_sha256,126a096e0e6a6c157fec7fe12ec37a93aba07b84118dcb60ec0693baab1deee3,malwarebazaar,exe,"368eb34be1e7e495c94952b194824099,dropped-by-remus,exe",2026-09-18 04:00:06,2026-09-18 04:49:44,85
hash_sha256,13df107e0549aaa781f0bd23cf64dedeefad302e479ab8b91212e4d84629c5ec,malwarebazaar,exe,"5a4378fb90db39f09c7b18d1f314e645,dropped-by-remus,exe",2026-09-18 04:00:06,2026-09-18 04:49:44,85
hash_sha256,144e1a620a7d257e7b17ae16da658d015ebca4336dc603d67e0f2c80f9cdafcd,malwarebazaar,unknown,"dropped-by-StealC,worker",2026-09-18 04:00:06,2026-09-18 04:49:44,85
hash_sha256,14f2f0266e4f480e2a38bb3f5ac46fe9f3662a07c59a499378527b348cd40019,malwarebazaar,exe,"5a4378fb90db39f09c7b18d1f314e645,dropped-by-remus,exe",2026-09-18 04:00:06,2026-09-18 04:49:44,85
hash_sha256,151721bb03beeb2b71e002d0100f37efefe6ed58a34756cbe73aa86016d981a7,malwarebazaar,elf,elf,2026-09-18 04:00:06,2026-09-18 04:49:44,85
hash_sha256,16def544b709273b2c6f6bae2f90b5768544ddd8bec10ecdf3bc9fc3bde29c53,malwarebazaar,exe,"5a4378fb90db39f09c7b18d1f314e645,dropped-by-remus,exe",2026-09-18 04:00:06,2026-09-18 04:49:44,85
hash_sha256,19334979afe2d89b6a494f25af129048de7c228cda2f266b4356da20ae7b4d5c,malwarebazaar,exe,"5a4378fb90db39f09c7b18d1f314e645,dropped-by-remus,exe",2026-09-18 04:00:06,2026-09-18 04:49:44,85
hash_sha256,19f3a7bb2abbe04186ee6123b79f2984e042e35f4ca31210955ec6cb69dc2155,malwarebazaar,Mirai,elf,2026-09-18 04:00:06,2026-09-18 04:49:44,85
hash_sha256,1b868a83ec744b14e86ddefdb98f1ec177a7edcf96c28207df80180978092c43,threatfox,Unknown Loader,"threatfox,exe,loader",2026-09-18 04:06:29,2026-09-18 04:49:44,85
hash_sha256,1bf756538fa9bffc9ddef216959184bea242d1ebbefa3dad78bacf48c92f999d,malwarebazaar,Mirai,"arm,cowrie,elf,honeypot,Mirai",2026-09-18 04:00:06,2026-09-18 04:49:44,85
hash_sha256,1dab32c614e9a97a25f8f04841b4ba9fe780369da1b043871b936e8f3c834891,malwarebazaar,exe,"5a4378fb90db39f09c7b18d1f314e645,dropped-by-remus,exe",2026-09-18 04:00:06,2026-09-18 04:49:44,85
hash_sha256,1dc37e8413a51944538b79eb66ccefe9d79265faa1d3c61a2d43f218a45633bd,malwarebazaar,Gafgyt,"elf,Gafgyt",2026-09-18 04:00:06,2026-09-18 04:49:44,85
hash_sha256,234ad2f768609e8f29b94d4fecce70236a59af8de7462877c08cede57075fb6f,threatfox,MacSync,"threatfox,ClickFix,macOS,MacSync",2026-09-18 04:06:29,2026-09-18 04:49:44,85
hash_sha256,25adb48419bdf28da15fa043c5c2473ffade5853e0efa7922165ff18614fd527,malwarebazaar,exe,"5a4378fb90db39f09c7b18d1f314e645,dropped-by-remus,exe",2026-09-18 04:00:06,2026-09-18 04:49:44,85
hash_sha256,2b7d1106e7f8c2d0bd11dc879e7fe585d040b8f095f08bc43159bc679a0000d0,malwarebazaar,exe,"5a4378fb90db39f09c7b18d1f314e645,dropped-by-remus,exe",2026-09-18 04:00:06,2026-09-18 04:49:44,85
hash_sha256,2d176f7c7efa92ec6abb362deb95cb25fa857394c7e08f48a3d3c3dae488d7d5,malwarebazaar,elf,"cowrie,elf,honeypot,x64",2026-09-18 04:00:06,2026-09-18 04:49:44,85
hash_sha256,2f093f8d688bec29b1944ece953d4b60c428388152ddf12d973343750db93aa3,malwarebazaar,ConnectWise,"ConnectWise,msi,signed",2026-09-18 04:00:06,2026-09-18 04:49:44,85
hash_sha256,32d160e6f6c628b3abf63646826f563590fe09d55b6519d4fc527f8817f5666a,malwarebazaar,exe,"0f81469cc7638ba7c82eaddbd6b3c20a,dropped-by-remus,exe",2026-09-18 04:00:06,2026-09-18 04:49:44,85
hash_sha256,36122302ffb5502ddaccfb01d7c87ca2aacf570e2be41ead200cb17e2ae0f08e,malwarebazaar,unknown,"dropped-by-StealC,worker",2026-09-18 04:00:06,2026-09-18 04:49:44,85
hash_sha256,365583e0613b4e68379d2a3e897b6e01d681184335fcdbc6c980e7357ecf04bf,malwarebazaar,iso,"iso,SreenConnect",2026-09-18 04:00:06,2026-09-18 04:49:44,85
hash_sha256,37120116cd20436fe7b14bc1b10214dde7e45feab9d2e1df8b34b324631b1b70,malwarebazaar,Gafgyt,"elf,Gafgyt,Mirai",2026-09-18 04:00:06,2026-09-18 04:49:44,85
hash_sha256,39e38e0e5365d490cd105e5e814aa9af6503f8ebf90c6cfa24fb43ad77b2431b,malwarebazaar,Mirai,"arm,cowrie,elf,honeypot,mirai,mozi,torii",2026-09-18 04:00:06,2026-09-18 04:49:44,85
hash_sha256,3a2d59a1f90b7a74d2d358266e88e21c148f2c2979eabbeb64d23569e887545e,malwarebazaar,exe,"5a4378fb90db39f09c7b18d1f314e645,dropped-by-remus,exe",2026-09-18 04:00:06,2026-09-18 04:49:44,85
hash_sha256,3a37758233921a3022659d0e1dfc62d61c990cd8e787512939dad90bb443203b,malwarebazaar,Gafgyt,"elf,Gafgyt",2026-09-18 04:00:06,2026-09-18 04:49:44,85
hash_sha256,3d092dbefd730679b28eba8d0fa5e480d6a17acae9dd082c61827af393e59c54,malwarebazaar,exe,"5a4378fb90db39f09c7b18d1f314e645,dropped-by-remus,exe",2026-09-18 04:00:06,2026-09-18 04:49:44,85
hash_sha256,42d48936eb179cb91603d60922eab7e5b2bd7981e96578d8460651b96a6c8bf9,malwarebazaar,Mozi,elf,2026-09-18 04:00:06,2026-09-18 04:49:44,85
hash_sha256,4392d2d87c57a9e1d0ef0e3e1b6a4fe113be9a7e2e30009392196a8c487f4946,malwarebazaar,exe,exe,2026-09-18 04:00:06,2026-09-18 04:49:44,85
hash_sha256,47247191db3a3c7128582d8228f6545045f16d46a32e0a39a65fb933e4229dc0,malwarebazaar,elf,"cowrie,elf,honeypot,mips",2026-09-18 04:00:06,2026-09-18 04:49:44,85
hash_sha256,47556c4f7e9a40ed785d97a2e781008894f1361bf0971f13a449677812e9c200,malwarebazaar,exe,exe,2026-09-18 04:00:06,2026-09-18 04:49:44,85
hash_sha256,4b4ad532ad81d4c07f7de4b68007c7f569b972515b61304037feef29c06b2a22,malwarebazaar,exe,"5a4378fb90db39f09c7b18d1f314e645,dropped-by-remus,exe",2026-09-18 04:00:06,2026-09-18 04:49:44,85
hash_sha256,4f375117095db078e4fa3828bbfb82e686f69574ee8802a4b1daab9e7e031dd2,malwarebazaar,exe,"5a4378fb90db39f09c7b18d1f314e645,dropped-by-remus,exe",2026-09-18 04:00:06,2026-09-18 04:49:44,85
hash_sha256,522ffc84be58937e53190363ba1534a31af19d75fe62ad6e56cccff0f9dfc401,malwarebazaar,DDoSAgent,elf,2026-09-18 04:00:06,2026-09-18 04:49:44,85
hash_sha256,525d26995e33a51239499d755f02a84a01e5ec662d564336952012693da4949b,malwarebazaar,exe,"5a4378fb90db39f09c7b18d1f314e645,dropped-by-remus,exe",2026-09-18 04:00:06,2026-09-18 04:49:44,85
hash_sha256,54c7c2a37cc2bd52274855235cf84d9cbc4a5e4b8d5cfdc1dbd07f9b38bb33f8,malwarebazaar,Mirai,"arm,cowrie,elf,honeypot,Mirai",2026-09-18 04:00:06,2026-09-18 04:49:44,85
hash_sha256,55349c98e334d002fbb5f12e272bcd48d27bf95fc4265708e325e147707c5da9,malwarebazaar,Mirai,elf,2026-09-18 04:00:06,2026-09-18 04:49:44,85
hash_sha256,562213c03718da01eae8b9d186ead28b62a3f6ebbca7cd8d148b49ea26bc236a,threatfox,MacSync,"threatfox,ClickFix,macOS,MacSync",2026-09-18 04:06:29,2026-09-18 04:49:44,85
hash_sha256,566dc1c62f279ed4af40add0f5e23651475b4a039c0653f64c1ff96733035505,threatfox,MacSync,"threatfox,ClickFix,macOS,MacSync",2026-09-18 04:06:29,2026-09-18 04:49:44,85
hash_sha256,5699b1aa0a9dba16e7a319685d5b68dc0bcab9aa0e631d1ba32de5aee4445ac9,malwarebazaar,exe,exe,2026-09-18 04:00:06,2026-09-18 04:49:44,85
hash_sha256,57a767685d062e064e47012f45b242ced8dbd7e8417ef42c19fd685f7c5791d7,threatfox,ValleyRAT,threatfox,2026-09-17 16:07:21,2026-09-18 04:49:44,85
hash_sha256,59653f10e35db9aa30f0a720a05c3c0da79511da422cec85be558b1d223e8a03,malwarebazaar,elf,"cowrie,elf,honeypot,mips",2026-09-18 04:00:06,2026-09-18 04:49:44,85
hash_sha256,5ad7af9f466a0cf1955fb1243103f5662285295abaaafcbe222ee691b99f5914,malwarebazaar,Gafgyt,"elf,Gafgyt,Mirai",2026-09-18 04:00:06,2026-09-18 04:49:44,85
hash_sha256,5b9c569ed427882d17d347ed511ce60e1a20f5876609e14eba6e44423ccc33d9,malwarebazaar,Gafgyt,"elf,Gafgyt",2026-09-18 04:00:06,2026-09-18 04:49:44,85
hash_sha256,5bae05459ea65a55a7d5fe94b19ef14297ea7ba589a35bdaca79a04934657724,threatfox,Nanocore RAT,threatfox,2026-09-17 16:07:21,2026-09-18 04:49:44,85
hash_sha256,5d233ea4a1e9fac145a562d07b0c5f0c6afa8997d7790bff6deff9ba16d52422,threatfox,MacSync,"threatfox,ClickFix,macOS,MacSync",2026-09-18 04:06:29,2026-09-18 04:49:44,85
hash_sha256,5d7a5af64d1939c33baa8569e27a270649776bbd82423259f436af80a0132b95,malwarebazaar,RemusStealer,"exe,golang,RemusStealer,signed,stealer",2026-09-18 04:00:06,2026-09-18 04:49:44,85
hash_sha256,609e10aa8909102d1db865d05cff93fafa5f590079541a9c73d7959a56ab6667,threatfox,ValleyRAT,threatfox,2026-09-17 16:07:21,2026-09-18 04:49:44,85
hash_sha256,60e381525afa1ec5e234ab33e62ea94be7c53a602f0e96d2af9e0912dc62ac2d,threatfox,ValleyRAT,threatfox,2026-09-17 16:07:21,2026-09-18 04:49:44,85
hash_sha256,61a36d4ff07091d061ed569eef0fad3e4ca16b6fbde7d687a73ece2beb6389b4,malwarebazaar,exe,"5a4378fb90db39f09c7b18d1f314e645,dropped-by-remus,exe",2026-09-18 04:00:06,2026-09-18 04:49:44,85
hash_sha256,61ff97114baf276c23f2d4ea0bc0847e2c6b08ce17a0f0e62c494ccd3fd2c9a9,malwarebazaar,Mirai,"arm,cowrie,elf,honeypot,Mirai",2026-09-18 04:00:06,2026-09-18 04:49:44,85
hash_sha256,6355afe62d41d5394b208bf7d0baab11b99fded70837264f95d314b61b63f4c0,threatfox,Vidar,threatfox,2026-09-17 16:07:21,2026-09-18 04:49:44,85
hash_sha256,64a88cfc1298f0b1133d0406c886b785353354229351fa3f682d37bf7ea004e3,malwarebazaar,Gafgyt,elf,2026-09-18 04:00:06,2026-09-18 04:49:44,85
hash_sha256,66ce7417ec72d3536f62b609bb9a05e7d2515a2194a027e39fa79d20a429d077,threatfox,ValleyRAT,threatfox,2026-09-17 16:07:21,2026-09-18 04:49:44,85
hash_sha256,69725001be9a372fcd6036b03a48f162005ec7eb3003b07bcf94a190e07c6f7f,malwarebazaar,Gafgyt,elf,2026-09-18 04:00:06,2026-09-18 04:49:44,85
hash_sha256,6b74f08a084510ecc7862fc3ff26b6f02209933be2239bbbe279dab2536d0421,malwarebazaar,exe,"5a4378fb90db39f09c7b18d1f314e645,dropped-by-remus,exe",2026-09-18 04:00:06,2026-09-18 04:49:44,85
hash_sha256,6da1bef272609f25a135f01241a0d2360f6507401ab0ddfa2687e0cd1e465e65,threatfox,MacSync,"threatfox,ClickFix,macOS,MacSync",2026-09-18 04:06:29,2026-09-18 04:49:44,85
hash_sha256,70c2fa845ac0791b6281ef1107e9f0c6bc33c582e8c36087f8d3e921ad8ac772,malwarebazaar,exe,"16660bde630116f363f759a4ac9d08fb,dropped-by-remus,exe",2026-09-18 04:00:06,2026-09-18 04:49:44,85
hash_sha256,70e6b909f8850bbfcd0915af762f97eb9315ad11bb9abf77ef0bde400ea09d38,malwarebazaar,exe,"5a4378fb90db39f09c7b18d1f314e645,dropped-by-remus,exe",2026-09-18 04:00:06,2026-09-18 04:49:44,85
hash_sha256,72e4b18a842191ce7087bed05fc4106364f99280c4e7c27859e11e79f9781963,malwarebazaar,exe,"5a4378fb90db39f09c7b18d1f314e645,dropped-by-remus,exe",2026-09-18 04:00:06,2026-09-18 04:49:44,85
hash_sha256,732a83978a9b322507a7311121bc64000117f41beb3989089277d0dc1aea7515,malwarebazaar,Mirai,elf,2026-09-18 04:00:06,2026-09-18 04:49:44,85
hash_sha256,75c3b612e533e9d4b3773398dfe342f71014527385d9a16bff8ac7bc4bb236af,malwarebazaar,Mirai,"cowrie,elf,honeypot,mips,Mirai",2026-09-18 04:00:06,2026-09-18 04:49:44,85
hash_sha256,76753bdffb071b3cc77c3b7edad8693910f4682448325d0bbd84db96fc04e16f,malwarebazaar,exe,"exe,stealer",2026-09-18 04:00:06,2026-09-18 04:49:44,85
hash_sha256,76c41326a6855285032201a638c7b40b0b388a625cda077cb5c062b09ede31bb,malwarebazaar,exe,exe,2026-09-18 04:00:06,2026-09-18 04:49:44,85
hash_sha256,77a084844c142fe493a266eb5436463a58372c349618dc4d47d4974d81ae60b0,malwarebazaar,exe,"5a4378fb90db39f09c7b18d1f314e645,dropped-by-remus,exe",2026-09-18 04:00:06,2026-09-18 04:49:44,85
hash_sha256,786987cc846d9698385890c0c5ba0d02fc36e3b7fb75b257c939a943dcc21a95,malwarebazaar,Gafgyt,"elf,Gafgyt,Mirai",2026-09-18 04:00:06,2026-09-18 04:49:44,85
hash_sha256,798f72019b2b81afe2d797e6b33cf3422c8227ba5908a54b58a75791a1be32f2,malwarebazaar,elf,"aarch64,cowrie,elf,honeypot",2026-09-18 04:00:06,2026-09-18 04:49:44,85
hash_sha256,799a1a163336fe71ae4d743a4e1547b9bf2b7112fbc23dfdaa1f41f5a477b379,malwarebazaar,Vidar,"exe,signed,Vidar",2026-09-18 04:00:06,2026-09-18 04:49:44,85
hash_sha256,79a40766ab58027817db28412d600be9f3e64f8e24133562cc3aacb500ec720a,threatfox,Unknown malware,"threatfox,adminlin,cmsmap,php,webshell,wordpress",2026-09-18 04:06:29,2026-09-18 04:49:44,85
hash_sha256,7aac36e30a811f7463cfb882ee6ff76834a60428c436b0b3fa15ff8f94b8db51,malwarebazaar,Gafgyt,"elf,Gafgyt",2026-09-18 04:00:06,2026-09-18 04:49:44,85
hash_sha256,7e383b920652b95b476a8021657086cb1dd01204d1f5771b5e010e4150827c08,malwarebazaar,exe,"exe,golang,signed,stealer",2026-09-18 04:00:06,2026-09-18 04:49:44,85
hash_sha256,7eeab7b7912bd2548f48078191eced8133d40c73ab68ed28862de6116870707c,threatfox,Vidar,threatfox,2026-09-17 16:07:21,2026-09-18 04:49:44,85
hash_sha256,845ed2ec2c004bb7984cfd378401d6733a49b5b3a377498d2e900b86a8bc17ef,malwarebazaar,Gafgyt,"elf,Gafgyt",2026-09-18 04:00:06,2026-09-18 04:49:44,85
hash_sha256,86d14b7117314c67d14ef83cfd993e043dc338eccb0d9e44d84cd76b628807f4,threatfox,Vidar,threatfox,2026-09-17 16:07:21,2026-09-18 04:49:44,85
hash_sha256,8b7ec973dc5f5b1123c0ffaea513f54727120b86baf70871380b59871dfa60ef,malwarebazaar,elf,"cowrie,elf,honeypot,mips",2026-09-18 04:00:06,2026-09-18 04:49:44,85
hash_sha256,8ec88910ab11d3a2e7ed3a9aa1e111d503ddfc5e77065a41383936f015ea6f77,malwarebazaar,elf,"cowrie,elf,honeypot,mips",2026-09-18 04:00:06,2026-09-18 04:49:44,85
hash_sha256,8f1854b77c4d9fada6a3bfaa792e080bdb838f4b27b5709371089a6931e102b6,threatfox,MacSync,"threatfox,ClickFix,macOS,MacSync",2026-09-18 04:06:29,2026-09-18 04:49:44,85
hash_sha256,8fa2284e9c0597bcb7f9688a9c1da0d3270966e9dc693fbdc9efe7de161ade33,threatfox,Vidar,threatfox,2026-09-17 16:07:21,2026-09-18 04:49:44,85
hash_sha256,91e67fca08e396560a20bee126f9b6c8241f8521cbc0e8b2e7b31ffed0d31537,malwarebazaar,Mirai,elf,2026-09-18 04:00:06,2026-09-18 04:49:44,85
hash_sha256,92161fd217f9c765c955caedd74d478cf0f163db3ce8c804099ef91f2db7c4e9,malwarebazaar,exe,"5a4378fb90db39f09c7b18d1f314e645,dropped-by-remus,exe",2026-09-18 04:00:06,2026-09-18 04:49:44,85
hash_sha256,97eaa49999cbcc866fc30ca2ba20f2a1d4e9b01d1c824d3924a185683d2b87c5,malwarebazaar,Gafgyt,elf,2026-09-18 04:00:06,2026-09-18 04:49:44,85
hash_sha256,987c42d48e9a78ed2ebc33b4d3b8dd6c1c17d01cd911ff6287fa5d878451b38d,malwarebazaar,exe,"368eb34be1e7e495c94952b194824099,dropped-by-remus,exe",2026-09-18 04:00:06,2026-09-18 04:49:44,85
hash_sha256,990d9914843669dbf47e67b57456d5b81e9639f561b4c21f2ec74906840ec7a4,malwarebazaar,exe,"5a4378fb90db39f09c7b18d1f314e645,dropped-by-remus,exe",2026-09-18 04:00:06,2026-09-18 04:49:44,85
hash_sha256,9b172ea8b49013979cb3205f70cb9c974e49f7998ed468296021ca59b8407131,threatfox,ValleyRAT,threatfox,2026-09-17 16:07:21,2026-09-18 04:49:44,85
hash_sha256,9b36220ec911778359a9cd5cfe13e3798f67bdaf93da307dff4a443ea6e1cb40,malwarebazaar,elf,"cowrie,elf,honeypot,mips",2026-09-18 04:00:06,2026-09-18 04:49:44,85
hash_sha256,9b7382cf25d7d7459166276de94c21439eb0dae47babaf08b7f6115b1e5fc8b7,malwarebazaar,exe,"5a4378fb90db39f09c7b18d1f314e645,dropped-by-remus,exe",2026-09-18 04:00:06,2026-09-18 04:49:44,85
hash_sha256,9d0444f496a57b73dd27e4c384c89871d0534b0fdd84a3743727013899ff67ee,malwarebazaar,exe,"5a4378fb90db39f09c7b18d1f314e645,dropped-by-remus,exe",2026-09-18 04:00:06,2026-09-18 04:49:44,85
hash_sha256,9db1f0f3fbaabb644021c1d872619ad53ade664f8b9794bb9b64fda013f93798,threatfox,Unknown malware,"threatfox,adminlin,cmsmap,php,webshell,wordpress",2026-09-18 04:06:29,2026-09-18 04:49:44,85
hash_sha256,a0821fb6aa72d6d7d7c2b55010c6418c0d5eb1036a9a775a788f54356738e06d,malwarebazaar,exe,"5a4378fb90db39f09c7b18d1f314e645,dropped-by-remus,exe",2026-09-18 04:00:06,2026-09-18 04:49:44,85
hash_sha256,a14fb55db0c9ba8c61603e6935a47f2d6d71c4856981532327eb36aae4b30809,malwarebazaar,exe,"5a4378fb90db39f09c7b18d1f314e645,dropped-by-remus,exe",2026-09-18 04:00:06,2026-09-18 04:49:44,85
hash_sha256,a23686eecb67c17371393bfd7dd5480ee1b07f5f07a061c1d71f8c5f49d84c67,malwarebazaar,Gafgyt,"elf,Gafgyt",2026-09-18 04:00:06,2026-09-18 04:49:44,85
hash_sha256,a7487d01ab276b2817463cdb4bb8547c0fa0b750d3a123cf770a2db63ba82e00,malwarebazaar,exe,"5a4378fb90db39f09c7b18d1f314e645,dropped-by-remus,exe",2026-09-18 04:00:06,2026-09-18 04:49:44,85
hash_sha256,ab5fa95c81e6e464ff673cf7eb4d22d1e0d51ee77b6a23a67b353d91f3ec17a7,malwarebazaar,jar,jar,2026-09-18 04:00:06,2026-09-18 04:49:44,85
hash_sha256,aba4d4dd7ab62fea1849a1ef348bce68d68ce1f28e3b518436a46b8228940461,malwarebazaar,exe,"5a4378fb90db39f09c7b18d1f314e645,dropped-by-remus,exe",2026-09-18 04:00:06,2026-09-18 04:49:44,85
hash_sha256,abb77466a571a697451f01586b798e242d63a0b26ec09a6c64fb1fe622464751,malwarebazaar,Mirai,elf,2026-09-18 04:00:06,2026-09-18 04:49:44,85
hash_sha256,acea2c08fdeb1e84ab024b981cddfdb43d8a741ae64f27e69ae857ed755aea3e,malwarebazaar,exe,"5a4378fb90db39f09c7b18d1f314e645,dropped-by-remus,exe",2026-09-18 04:00:06,2026-09-18 04:49:44,85
hash_sha256,ad4b190c09f0f71961551b9eeeb96d53672f199dbaaf4244cbad40f48d1e447e,threatfox,MacSync,"threatfox,ClickFix,macOS,MacSync",2026-09-18 04:06:29,2026-09-18 04:49:44,85
hash_sha256,ad733ae1b12eca7dca5058a99520bbb179548d61cadb7ac87c5d76c9c2a4ff71,malwarebazaar,JOMANGY,"JOMANGY,sh",2026-09-18 04:00:06,2026-09-18 04:49:44,85
hash_sha256,ae97ff9829f22e4fc5439e6d4c6221d23de1116556cad458824e168d71bc940f,threatfox,ValleyRAT,threatfox,2026-09-17 16:07:21,2026-09-18 04:49:44,85
hash_sha256,b07c47d2ff7ac6425434b6a9ba200823b9a104a4f614c3b5326528d4b0d8c221,malwarebazaar,exe,"5a4378fb90db39f09c7b18d1f314e645,dropped-by-remus,exe",2026-09-18 04:00:06,2026-09-18 04:49:44,85
hash_sha256,b28bdb3846a844a25300d1f595da9339cc8e5f830312d55bc15ffed6e2c0bd88,threatfox,Unknown Loader,"threatfox,a47659cdad283e9dcd10da78ff795967,dropped-by-remus,dropper,exe",2026-09-17 16:07:21,2026-09-18 04:49:44,85
hash_sha256,b2af257d26f292ff762621c34b81e51d16e97bab046fcfd1d2abf7a5eb99a17f,threatfox,MacSync,"threatfox,ClickFix,macOS,MacSync",2026-09-18 04:06:29,2026-09-18 04:49:44,85
hash_sha256,b40a92b3295857f9433298530a8c9e7e3af13e6ef2ce3f5e6b46454071fe9672,threatfox,Unknown Loader,"threatfox,54e64e,dropped-by-Amadey,dropper,exe",2026-09-18 04:06:29,2026-09-18 04:49:44,85
hash_sha256,b410d33efc86ced799284522e3bebfe020e00f6203977a055225680b045856b9,malwarebazaar,exe,"5a4378fb90db39f09c7b18d1f314e645,dropped-by-remus,exe",2026-09-18 04:00:06,2026-09-18 04:49:44,85
hash_sha256,b6abd2ecd767bc7239a699a89be078aec85d8f680c54f3a2c5068494c57d4ae1,threatfox,Nanocore RAT,threatfox,2026-09-17 16:07:21,2026-09-18 04:49:44,85
hash_sha256,b9fcea96ad78d54d4b937c08518064b66866763f23000bbdbd8c383b16e6e461,malwarebazaar,exe,"0f81469cc7638ba7c82eaddbd6b3c20a,dropped-by-remus,exe",2026-09-18 04:00:06,2026-09-18 04:49:44,85
hash_sha256,ba9f20f074d5385224db8f0c114147a21cee9a8c327223230c97cf80b262f505,malwarebazaar,exe,"16660bde630116f363f759a4ac9d08fb,dropped-by-remus,exe",2026-09-18 04:00:06,2026-09-18 04:49:44,85
hash_sha256,bb235a6362fcfa8c29211dd988f114db355a5c5025cdcb21cb26bce82d28cf55,malwarebazaar,Vidar,"exe,signed,Vidar",2026-09-18 04:00:06,2026-09-18 04:49:44,85
hash_sha256,bbbcf6bb205f7e65744c08ba2fd237f390f0fe07790b3bcea8eba13d4a577f67,malwarebazaar,exe,"5a4378fb90db39f09c7b18d1f314e645,dropped-by-remus,exe",2026-09-18 04:00:06,2026-09-18 04:49:44,85
hash_sha256,bbd9b532605bbf6fa55a23d2d4e452bec5a58b8a1e830ac9e5e6c8fdea256ddc,malwarebazaar,exe,"5a4378fb90db39f09c7b18d1f314e645,dropped-by-remus,exe",2026-09-18 04:00:06,2026-09-18 04:49:44,85
hash_sha256,bcd1d32f1f89f3fd6a107874fe525c8536509f993921948c929ae24aeb870054,malwarebazaar,exe,"16660bde630116f363f759a4ac9d08fb,dropped-by-remus,exe",2026-09-18 04:00:06,2026-09-18 04:49:44,85
hash_sha256,bd244d809b1adb130f75e2d167642e63e5669683b2e276e46a4ff0236552f3af,malwarebazaar,exe,"5a4378fb90db39f09c7b18d1f314e645,dropped-by-remus,exe",2026-09-18 04:00:06,2026-09-18 04:49:44,85
hash_sha256,bf9e5087058e453cdb78e463a26ae2d059cd7a0d66bc7db8b2c8b4a479111326,malwarebazaar,Gafgyt,"elf,Gafgyt",2026-09-18 04:00:06,2026-09-18 04:49:44,85
hash_sha256,c07fc51b54d37857ee131eb9a698fff42dbb9460abc9b0103e04a20d51851d15,threatfox,CrossRAT,threatfox,2026-09-17 16:07:21,2026-09-18 04:49:44,85
hash_sha256,c236fd87c35536b97847053cc2bca74e71306568470f91b5153a2685fdf803ac,malwarebazaar,Mirai,elf,2026-09-18 04:00:06,2026-09-18 04:49:44,85
hash_sha256,c260fed0e917ffcc68bba5e842f8cc2bd2c58666127f98659c2bc0fdf2763f98,malwarebazaar,exe,exe,2026-09-18 04:00:06,2026-09-18 04:49:44,85
hash_sha256,c3df8dfb912fc17fb564a11c918a4ca19c36d2b7df0efb8efb76e6851699352c,malwarebazaar,exe,"7fb9ce94a5b4ca72f31a746cc2c6134d,dropped-by-remus,exe",2026-09-18 04:00:06,2026-09-18 04:49:44,85
hash_sha256,c44357bdf4d3608c1c76eadb27efb89254c3385e33a1660633f449242388c679,malwarebazaar,exe,exe,2026-09-18 04:00:06,2026-09-18 04:49:44,85
hash_sha256,c556be826963de2d9c75ef07cb15cdd54c8ae081cd23699b38c53a6eb93df89e,malwarebazaar,exe,"5a4378fb90db39f09c7b18d1f314e645,dropped-by-remus,exe",2026-09-18 04:00:06,2026-09-18 04:49:44,85
hash_sha256,c72c17b0abc3b8c184eafed3e983985016a4b201844425e7009eb00faf96cfbd,threatfox,Unknown Stealer,"threatfox,54e64e,dropped-by-Amadey,exe,RustyStealer,stealer",2026-09-17 16:07:21,2026-09-18 04:49:44,85
hash_sha256,c80124620c8b09a43486b15b30d7af8180d4aeb98147c7f427cf48587a57f737,threatfox,Vidar,threatfox,2026-09-17 16:07:21,2026-09-18 04:49:44,85
hash_sha256,c8d8e9c628e0690b0ed9f6744b8f0d0f6bb5ef2b8f6c64b686792308d7668c86,threatfox,Vidar,threatfox,2026-09-17 16:07:21,2026-09-18 04:49:44,85
hash_sha256,cc922fb8fe4d86f2cf1f3cfea0e45fbed8f5982c5a7ba26405d3ad6b5af2a7c0,malwarebazaar,unknown,"aes,AMOS,ClickFix,dropper,Foxveil,macOS,zsh",2026-09-18 04:00:06,2026-09-18 04:49:44,85
hash_sha256,cecc81f8830b3ca7b39a967be79e16bdccc113f2bde6e40f0a235e67e7e6af22,malwarebazaar,FleetDeck,"exe,FleetDeck,signed",2026-09-18 04:00:06,2026-09-18 04:49:44,85
hash_sha256,cefa3f258164e6680c6c8f9c728d9dac1a429777f31ed5b2a14e39d6c9329e0f,malwarebazaar,exe,"5a4378fb90db39f09c7b18d1f314e645,dropped-by-remus,exe",2026-09-18 04:00:06,2026-09-18 04:49:44,85
hash_sha256,d0577b1ed38ab7fe3ba4594c58232fd3f413232f6a40e23b86dfc3eeb39c5cd8,threatfox,Arkei Stealer,threatfox,2026-09-17 16:07:21,2026-09-18 04:49:44,85
hash_sha256,d0a4469ea7ecdb54bcd5aacb200a82e68b4596e4ff1f0dda016149ca04e3bb32,threatfox,ValleyRAT,threatfox,2026-09-17 16:07:21,2026-09-18 04:49:44,85
hash_sha256,d13606b6d2f3a9625d4c2294b5cb517c6250b9a9b7b0f40ac4fcc73ca3005c78,threatfox,ValleyRAT,threatfox,2026-09-17 16:07:21,2026-09-18 04:49:44,85
hash_sha256,d1512d32e201a11a71e0dfde80d53794992925a8886065d1fd44aeb46bd0a653,malwarebazaar,Gafgyt,"elf,Gafgyt",2026-09-18 04:00:06,2026-09-18 04:49:44,85
hash_sha256,d4137be5ad4d79301a66b4e756ec8c0f8cb481e016e5c3075dcdac5096691ba4,malwarebazaar,exe,"5a4378fb90db39f09c7b18d1f314e645,dropped-by-remus,exe",2026-09-18 04:00:06,2026-09-18 04:49:44,85
hash_sha256,d4cee6760bf8b0420f3e49ac68e1a14f4ab804dbe317873901dcd734ca93f8af,malwarebazaar,exe,"368eb34be1e7e495c94952b194824099,dropped-by-remus,exe",2026-09-18 04:00:06,2026-09-18 04:49:44,85
hash_sha256,d4cf1106adbcc42206bcb0081962671fe255bc247b2d9fb07c48fe150d9818a1,malwarebazaar,exe,exe,2026-09-18 04:00:06,2026-09-18 04:49:44,85
hash_sha256,d7194f37d79c9cab3807f66fbc7d9256aac67760acefb5c326c67215dcaacdbb,malwarebazaar,Gafgyt,"elf,Gafgyt",2026-09-18 04:00:06,2026-09-18 04:49:44,85
hash_sha256,dcdf5d22f008a72622dd1bebf29dcd0652e58296030bfc274b6331a85d276b2b,malwarebazaar,exe,"exe,Vidar",2026-09-18 04:00:06,2026-09-18 04:49:44,85
hash_sha256,dd9d85265cc6ebcd449731ca971d37bafd6382c41ceeea083bdbb00e693122e4,malwarebazaar,exe,"5a4378fb90db39f09c7b18d1f314e645,dropped-by-remus,exe",2026-09-18 04:00:06,2026-09-18 04:49:44,85
hash_sha256,dddef12b126dc995cba706ca84c3f0f79ec1eacc61a5fc05ab0b564cadc76e3e,malwarebazaar,exe,"5a4378fb90db39f09c7b18d1f314e645,dropped-by-remus,exe",2026-09-18 04:00:06,2026-09-18 04:49:44,85
hash_sha256,de9afebebe189478ff118e9391fe15582ea1cd5e2deee97b3eb85f4bffabac95,threatfox,Stealc,threatfox,2026-09-17 16:07:21,2026-09-18 04:49:44,85
hash_sha256,df02d9888c01438bb1a04671ef7de46c6be4a54263af2f3bc0433a5d581d06eb,threatfox,Ghost RAT,threatfox,2026-09-17 16:07:21,2026-09-18 04:49:44,85
hash_sha256,e08b76509c1bc5f335514d60b800cdc377628580926f1706182e9365ce101acc,malwarebazaar,exe,"5a4378fb90db39f09c7b18d1f314e645,dropped-by-remus,exe",2026-09-18 04:00:06,2026-09-18 04:49:44,85
hash_sha256,e0b9f7ed09792f94b2787762fe7e5857b57f177b5f950a88b094bb99445e9501,malwarebazaar,elf,"cowrie,elf,honeypot,mips",2026-09-18 04:00:06,2026-09-18 04:49:44,85
hash_sha256,e29932e6656a0a80456a84fe90b3622cf9d66e66fca86cfe8c06dccd830ad2b2,malwarebazaar,exe,"0f81469cc7638ba7c82eaddbd6b3c20a,dropped-by-remus,exe",2026-09-18 04:00:06,2026-09-18 04:49:44,85
hash_sha256,e3b92a7a862b5dff786e1884368b1cf2b27d7ecefe47176a81e43ea21f61dc06,malwarebazaar,Gafgyt,elf,2026-09-18 04:00:06,2026-09-18 04:49:44,85
hash_sha256,e3db3c627ef4cc7c69baf35bed761e23549ae19b989fc38e988df2e1664776e5,malwarebazaar,Mirai,elf,2026-09-18 04:00:06,2026-09-18 04:49:44,85
hash_sha256,e433b61491ac9db00a0701863ff678bc010d8e380ce09f20034f80df02e301b8,malwarebazaar,exe,"5a4378fb90db39f09c7b18d1f314e645,dropped-by-remus,exe",2026-09-18 04:00:06,2026-09-18 04:49:44,85
hash_sha256,e44a7fd90005029364d47c05ed98240082bb91e769d8f2c2fa0c1b2be284cfe7,malwarebazaar,Mirai,elf,2026-09-18 04:00:06,2026-09-18 04:49:44,85
hash_sha256,e4d3dc8b9788d5c91b87ed785c1eb69b3113aa6dc7842b408ba03091cc15345a,threatfox,ValleyRAT,threatfox,2026-09-17 16:07:21,2026-09-18 04:49:44,85
hash_sha256,e696334a71375d10625a19fd8ceb269c5503db069d0ff0ac8d9c5854ffa2bbfc,malwarebazaar,exe,"7fb9ce94a5b4ca72f31a746cc2c6134d,dropped-by-remus,exe",2026-09-18 04:00:06,2026-09-18 04:49:44,85
hash_sha256,e6a30157716ade1afb50b8c891089d0250a753e9117e7cc452546f41ff3c8439,threatfox,MacSync,"threatfox,ClickFix,macOS,MacSync",2026-09-18 04:06:29,2026-09-18 04:49:44,85
hash_sha256,e9e328bdef27c1cfea4939140024f87ca909541222bf0d2ed1f56019295b764b,malwarebazaar,exe,"5a4378fb90db39f09c7b18d1f314e645,dropped-by-remus,exe",2026-09-18 04:00:06,2026-09-18 04:49:44,85
hash_sha256,ea7010ab863c15d2690780a5b2c8052b7cd654000d5a714f12c7d5b97440dae0,malwarebazaar,exe,"5a4378fb90db39f09c7b18d1f314e645,dropped-by-remus,exe",2026-09-18 04:00:06,2026-09-18 04:49:44,85
hash_sha256,ef934adf694468560d1c78ec13639dbe21bc5cb93cefee0d1949043479dff61a,threatfox,Unknown Loader,"threatfox,dropper,exe",2026-09-18 04:06:29,2026-09-18 04:49:44,85
hash_sha256,efab7a78200c75cfb7ef529bdebfd2356cff03c24c0b49541abd6c12e6eb013b,threatfox,Vidar,threatfox,2026-09-17 16:07:21,2026-09-18 04:49:44,85
hash_sha256,f190633ec16ecb1f0f070c26f258a278d51bb86842dbe0f75c00d0ff0f178300,malwarebazaar,exe,"7fb9ce94a5b4ca72f31a746cc2c6134d,dropped-by-remus,exe",2026-09-18 04:00:06,2026-09-18 04:49:44,85
hash_sha256,f3b6962c49b361c63fe9d0af9a83e10a52133360117e4c8ac68272160a60edac,malwarebazaar,macho,"AMOS,apph4,ClickFix,Foxveil,loader,Mach-O,macho,macOS",2026-09-18 04:00:06,2026-09-18 04:49:44,85
hash_sha256,f407f10ce043dce0f4a8aeed21912f20f21f613ec0fe495394451097dc8ced0b,malwarebazaar,Gafgyt,"elf,Gafgyt,Mirai",2026-09-18 04:00:06,2026-09-18 04:49:44,85
hash_sha256,f4a49077d3be62752dda798b4d0eb8260a8dc787fc5d3b764929a93b9acff2bb,threatfox,Vidar,threatfox,2026-09-17 16:07:21,2026-09-18 04:49:44,85
hash_sha256,f526c366d758781f0185c788e2a6d52780b83bda3c3e5bf9c4c5938a05338685,malwarebazaar,exe,"5a4378fb90db39f09c7b18d1f314e645,dropped-by-remus,exe",2026-09-18 04:00:06,2026-09-18 04:49:44,85
hash_sha256,f5acc9d1c5a24f37acb0d27430bdb102e7ae07c4ba2b43d400010be9ca0cedb5,malwarebazaar,RemusStealer,exe,2026-09-18 04:00:06,2026-09-18 04:49:44,85
hash_sha256,f6aceea08cc263030f0f4233076308602239b3cb19527fa3372dfec5b785ddbc,malwarebazaar,exe,"5a4378fb90db39f09c7b18d1f314e645,dropped-by-remus,exe",2026-09-18 04:00:06,2026-09-18 04:49:44,85
hash_sha256,ffc676cd3329b5c1ccc9b875f5248a618fd26e58daabf1c17553166c76ff47e5,threatfox,MacSync,"threatfox,ClickFix,macOS,MacSync",2026-09-18 04:06:29,2026-09-18 04:49:44,85
ip,101.43.31.60,threatfox,Cobalt Strike,"threatfox,cobaltstrike",2026-09-18 04:06:29,2026-09-18 04:49:44,85
ip,102.117.163.68,threatfox,Unknown malware,"threatfox,drb-ra,Mythic",2026-09-18 04:06:29,2026-09-18 04:49:44,85
ip,102.220.163.36,threatfox,AsyncRAT,"threatfox,AsyncRAT,drb-ra,RAT",2026-09-16 06:55:34,2026-09-18 04:49:44,85
ip,104.245.107.22,threatfox,Remcos,"threatfox,c2,Remcos,RemoteHost",2026-09-11 16:06:12,2026-09-18 04:49:44,85
ip,107.172.13.250,threatfox,Remcos,"threatfox,RAT,RemcosRAT",2026-09-18 04:06:29,2026-09-18 04:49:44,85
ip,119.29.98.15,threatfox,Cobalt Strike,"threatfox,CobaltStrike,drb-ra",2026-09-17 16:07:21,2026-09-18 04:49:44,85
ip,119.3.156.192,threatfox,VShell,"threatfox,vshell",2026-09-17 16:07:21,2026-09-18 04:49:44,85
ip,124.221.4.84,threatfox,Cobalt Strike,"threatfox,cobaltstrike",2026-09-17 16:07:21,2026-09-18 04:49:44,85
ip,128.90.122.140,threatfox,Remcos,"threatfox,c2,CK-099,Remcos",2026-09-18 04:06:29,2026-09-18 04:49:44,85
ip,128.90.136.246,threatfox,AsyncRAT,"threatfox,AsyncRAT,drb-ra,RAT",2026-09-18 04:06:29,2026-09-18 04:49:44,85
ip,129.226.82.94,threatfox,Jackskid,"threatfox,botnet,ddos,jackskid,mirai,rctea",2026-09-17 16:07:21,2026-09-18 04:49:44,85
ip,132.243.221.34,threatfox,PureRAT,"threatfox,drb-ra,PureHVNC,PureRAT,RAT",2026-09-18 04:06:29,2026-09-18 04:49:44,85
ip,132.243.235.146,threatfox,Unknown malware,threatfox,2026-09-17 16:07:21,2026-09-18 04:49:44,85
ip,143.244.130.3,threatfox,Remus,"threatfox,0f81469cc7638ba7c82eaddbd6b3c20a,c2,remus",2026-09-17 16:07:21,2026-09-18 04:49:44,85
ip,144.172.117.212,threatfox,Unknown RAT,"threatfox,ConnectWise,RMM,ScreenConnect",2026-09-17 16:07:21,2026-09-18 04:49:44,85
ip,146.56.245.187,threatfox,VShell,"threatfox,vshell",2026-09-17 16:07:21,2026-09-18 04:49:44,85
ip,147.124.199.248,threatfox,PureRAT,"threatfox,drb-ra,PureHVNC,PureRAT,RAT",2026-09-18 04:06:29,2026-09-18 04:49:44,85
ip,147.224.179.31,threatfox,DanaBot,"threatfox,DanBot,drb-ra",2026-09-18 04:06:29,2026-09-18 04:49:44,85
ip,149.88.76.74,threatfox,PureRAT,"threatfox,drb-ra,PureHVNC,PureRAT,RAT",2026-09-18 04:06:29,2026-09-18 04:49:44,85
ip,156.239.224.131,threatfox,Cobalt Strike,"threatfox,cobaltstrike",2026-09-16 06:55:34,2026-09-18 04:49:44,85
ip,16.162.108.128,threatfox,ValleyRAT,"threatfox,RAT,ValleyRAT",2026-09-17 16:07:21,2026-09-18 04:49:44,85
ip,16.163.175.60,threatfox,ValleyRAT,"threatfox,RAT,ValleyRAT",2026-09-17 16:07:21,2026-09-18 04:49:44,85
ip,172.169.251.53,threatfox,AdaptixC2,"threatfox,AdaptixC2,drb-ra",2026-09-18 04:06:29,2026-09-18 04:49:44,85
ip,172.86.123.51,threatfox,Unknown RAT,"threatfox,ConnectWise,RMM,ScreenConnect",2026-09-17 16:07:21,2026-09-18 04:49:44,85
ip,176.65.139.231,threatfox,SparkRAT,"threatfox,RAT,SparkRAT",2026-09-17 16:07:21,2026-09-18 04:49:44,85
ip,176.96.137.11,threatfox,PureRAT,"threatfox,drb-ra,PureHVNC,PureRAT,RAT",2026-09-18 04:06:29,2026-09-18 04:49:44,85
ip,18.162.174.63,threatfox,ValleyRAT,"threatfox,RAT,ValleyRAT",2026-09-17 16:07:21,2026-09-18 04:49:44,85
ip,18.166.189.193,threatfox,ValleyRAT,"threatfox,RAT,ValleyRAT",2026-08-21 16:09:29,2026-09-18 04:49:44,85
ip,18.166.206.182,threatfox,ValleyRAT,"threatfox,RAT,ValleyRAT",2026-09-17 16:07:21,2026-09-18 04:49:44,85
ip,18.166.222.99,threatfox,ValleyRAT,"threatfox,RAT,ValleyRAT",2026-09-17 16:07:21,2026-09-18 04:49:44,85
ip,18.167.107.230,threatfox,ValleyRAT,"threatfox,RAT,ValleyRAT",2026-08-21 16:09:29,2026-09-18 04:49:44,85
ip,18.167.189.134,threatfox,ValleyRAT,"threatfox,RAT,ValleyRAT",2026-09-17 16:07:21,2026-09-18 04:49:44,85
ip,181.235.13.254,threatfox,Quasar RAT,"threatfox,quasarrat",2026-09-17 16:07:21,2026-09-18 04:49:44,85
ip,185.247.211.21,threatfox,PureRAT,"threatfox,drb-ra,PureHVNC,PureRAT,RAT",2026-09-18 04:06:29,2026-09-18 04:49:44,85
ip,188.166.254.199,threatfox,Havoc,"threatfox,havoc",2026-09-17 16:07:21,2026-09-18 04:49:44,85
ip,189.141.53.203,threatfox,Unknown malware,"threatfox,mythic",2026-09-17 16:07:21,2026-09-18 04:49:44,85
ip,191.101.130.75,threatfox,XWorm,"threatfox,xworm",2026-09-17 16:07:21,2026-09-18 04:49:44,85
ip,192.162.199.188,threatfox,PureRAT,"threatfox,drb-ra,PureHVNC,PureRAT,RAT",2026-09-18 04:06:29,2026-09-18 04:49:44,85
ip,193.160.32.138,threatfox,Cobalt Strike,"threatfox,cobaltstrike",2026-08-26 16:06:11,2026-09-18 04:49:44,85
ip,20.175.26.173,threatfox,Evilginx,"threatfox,drb-ra,Evilginx,EvilGoPhish",2026-09-18 04:06:29,2026-09-18 04:49:44,85
ip,209.38.100.69,threatfox,Havoc,"threatfox,havoc",2026-09-17 16:07:21,2026-09-18 04:49:44,85
ip,216.9.225.24,threatfox,Remcos,threatfox,2026-09-18 04:06:29,2026-09-18 04:49:44,85
ip,217.156.66.203,threatfox,PureRAT,"threatfox,drb-ra,PureHVNC,PureRAT,RAT",2026-09-17 04:06:34,2026-09-18 04:49:44,85
ip,217.216.34.133,threatfox,Unknown malware,"threatfox,drb-ra,Mythic",2026-09-18 04:06:29,2026-09-18 04:49:44,85
ip,217.60.195.160,threatfox,PureRAT,"threatfox,drb-ra,PureHVNC,PureRAT,RAT",2026-06-21 07:42:06,2026-09-18 04:49:44,85
ip,217.60.195.161,threatfox,Aisuru,"threatfox,Aisuru,c2",2026-09-17 16:07:21,2026-09-18 04:49:44,85
ip,217.60.195.50,threatfox,PureRAT,"threatfox,drb-ra,PureHVNC,PureRAT,RAT",2026-09-18 04:06:29,2026-09-18 04:49:44,85
ip,23.94.197.128,threatfox,DCRat,"threatfox,DCRat,drb-ra,RAT",2026-09-18 04:06:29,2026-09-18 04:49:44,85
ip,3.110.54.253,threatfox,Unknown malware,"threatfox,mythic",2026-09-18 04:06:29,2026-09-18 04:49:44,85
ip,31.56.36.214,threatfox,LxBase RAT,"threatfox,LxBaseRAT,RAT",2026-09-17 16:07:21,2026-09-18 04:49:44,85
ip,39.100.66.238,threatfox,Cobalt Strike,"threatfox,cobaltstrike",2026-09-17 16:07:21,2026-09-18 04:49:44,85
ip,43.130.251.228,threatfox,Jackskid,"threatfox,botnet,ddos,jackskid,mirai,rctea",2026-09-17 16:07:21,2026-09-18 04:49:44,85
ip,43.155.204.228,threatfox,Jackskid,"threatfox,botnet,ddos,jackskid,mirai,rctea",2026-09-17 16:07:21,2026-09-18 04:49:44,85
ip,43.156.47.240,threatfox,Jackskid,"threatfox,botnet,ddos,jackskid,mirai,rctea",2026-09-17 16:07:21,2026-09-18 04:49:44,85
ip,43.156.82.233,threatfox,Jackskid,"threatfox,botnet,ddos,jackskid,mirai,rctea",2026-09-17 16:07:21,2026-09-18 04:49:44,85
ip,43.157.142.78,threatfox,Jackskid,"threatfox,botnet,ddos,jackskid,mirai,rctea",2026-09-17 16:07:21,2026-09-18 04:49:44,85
ip,43.157.181.156,threatfox,Jackskid,"threatfox,botnet,ddos,jackskid,mirai,rctea",2026-09-17 16:07:21,2026-09-18 04:49:44,85
ip,43.157.198.200,threatfox,Jackskid,"threatfox,botnet,ddos,jackskid,mirai,rctea",2026-09-17 16:07:21,2026-09-18 04:49:44,85
ip,43.157.78.243,threatfox,Jackskid,"threatfox,botnet,ddos,jackskid,mirai,rctea",2026-09-17 16:07:21,2026-09-18 04:49:44,85
ip,43.166.153.58,threatfox,Jackskid,"threatfox,botnet,ddos,jackskid,mirai,rctea",2026-09-17 16:07:21,2026-09-18 04:49:44,85
ip,43.166.68.17,threatfox,Jackskid,"threatfox,botnet,ddos,jackskid,mirai,rctea",2026-09-17 16:07:21,2026-09-18 04:49:44,85
ip,43.173.124.27,threatfox,Jackskid,"threatfox,botnet,ddos,jackskid,mirai,rctea",2026-09-17 16:07:21,2026-09-18 04:49:44,85
ip,43.198.123.255,threatfox,ValleyRAT,"threatfox,RAT,ValleyRAT",2026-09-17 16:07:21,2026-09-18 04:49:44,85
ip,43.198.213.132,threatfox,ValleyRAT,"threatfox,RAT,ValleyRAT",2026-09-17 16:07:21,2026-09-18 04:49:44,85
ip,43.199.50.206,threatfox,ValleyRAT,"threatfox,RAT,ValleyRAT",2026-09-17 16:07:21,2026-09-18 04:49:44,85
ip,43.251.227.131,threatfox,VShell,"threatfox,vshell",2026-09-17 16:07:21,2026-09-18 04:49:44,85
ip,45.156.87.134,threatfox,PureRAT,"threatfox,drb-ra,PureHVNC,PureRAT,RAT",2026-09-18 04:06:29,2026-09-18 04:49:44,85
ip,45.192.248.45,threatfox,Cobalt Strike,"threatfox,cobaltstrike",2026-09-17 04:06:34,2026-09-18 04:49:44,85
ip,74.50.123.47,threatfox,Remcos,"threatfox,c2,Remcos,RemoteHost",2026-09-17 16:07:21,2026-09-18 04:49:44,85
ip,8.148.187.55,threatfox,Cobalt Strike,"threatfox,cobaltstrike",2026-09-17 16:07:21,2026-09-18 04:49:44,85
ip,89.126.221.170,threatfox,AdaptixC2,"threatfox,AdaptixC2,drb-ra",2026-09-18 04:06:29,2026-09-18 04:49:44,85
ip,89.126.221.216,threatfox,AdaptixC2,"threatfox,AdaptixC2,drb-ra",2026-09-18 04:06:29,2026-09-18 04:49:44,85
ip,92.118.126.165,threatfox,PureRAT,"threatfox,drb-ra,PureHVNC,PureRAT,RAT",2026-09-18 04:06:29,2026-09-18 04:49:44,85
ip,95.40.173.114,threatfox,ValleyRAT,"threatfox,RAT,ValleyRAT",2026-09-17 16:07:21,2026-09-18 04:49:44,85
ip,95.40.197.134,threatfox,ValleyRAT,"threatfox,RAT,ValleyRAT",2026-09-17 16:07:21,2026-09-18 04:49:44,85
ip,95.40.252.4,threatfox,ValleyRAT,"threatfox,RAT,ValleyRAT",2026-09-17 16:07:21,2026-09-18 04:49:44,85
ssl_sha1,632061b26a93455e9c4f0ac413deae710c920216,sslbl,PureLogsStealer C&C,"sslbl,2026-07-21",2026-07-21 17:20:42,2026-09-18 04:49:44,88
ssl_sha1,9000e46cabc64219fb1447d59d5443afcb412e36,sslbl,Vidar C&C,"sslbl,2026-07-21",2026-07-21 17:20:42,2026-09-18 04:49:44,88
ssl_sha1,b8b339de5ea80d17fb5ce2eb144d7ba28b33337a,sslbl,RatonRAT C&C,"sslbl,2026-07-21",2026-07-21 17:20:42,2026-09-18 04:49:44,88
ssl_sha1,cfce3aaff2ad3eae49b37a60d606984bd1492e16,sslbl,PureLogsStealer C&C,"sslbl,2026-07-22",2026-07-22 17:20:46,2026-09-18 04:49:44,88
url,http://103.160.130.109:52338/bin.sh,urlhaus,malware_download,"32-bit,elf,mips,Mozi",2026-09-18 04:00:06,2026-09-18 04:49:44,85
url,http://105.184.7.6:49853/i,urlhaus,malware_download,mirai,2026-09-18 04:00:06,2026-09-18 04:49:44,85
url,http://105.184.72.17:47163/i,urlhaus,malware_download,"32-bit,arm,elf,mirai,Mozi",2026-09-18 04:00:06,2026-09-18 04:49:44,85
url,http://107.175.148.115/60/givingbestthings.hta,urlhaus,malware_download,hta,2026-09-18 04:00:06,2026-09-18 04:49:44,85
url,http://112.248.163.165:55998/bin.sh,urlhaus,malware_download,"32-bit,elf,mips,Mozi",2026-09-18 04:00:06,2026-09-18 04:49:44,85
url,http://113.236.70.214:42403/bin.sh,urlhaus,malware_download,"32-bit,elf,mips,Mozi",2026-09-18 04:00:06,2026-09-18 04:49:44,85
url,http://113.236.70.214:42403/i,urlhaus,malware_download,"32-bit,elf,mips,Mozi",2026-09-18 04:00:06,2026-09-18 04:49:44,85
url,http://115.42.71.239:59734/i,urlhaus,malware_download,"32-bit,elf,mips,Mozi",2026-09-18 04:00:06,2026-09-18 04:49:44,85
url,http://115.50.7.47:48396/i,urlhaus,malware_download,"32-bit,elf,mips,Mozi",2026-09-18 04:00:06,2026-09-18 04:49:44,85
url,http://115.55.171.65:34943/i,urlhaus,malware_download,Mozi,2026-09-18 04:00:06,2026-09-18 04:49:44,85
url,http://115.55.189.90:53629/bin.sh,urlhaus,malware_download,"32-bit,elf,mips,Mozi",2026-09-18 04:00:06,2026-09-18 04:49:44,85
url,http://115.55.63.87:59639/bin.sh,urlhaus,malware_download,"32-bit,elf,mips,Mozi",2026-09-18 04:00:06,2026-09-18 04:49:44,85
url,http://115.56.111.183:33633/i,urlhaus,malware_download,"32-bit,elf,mips,Mozi",2026-09-18 04:00:06,2026-09-18 04:49:44,85
url,http://115.63.189.198:36990/i,urlhaus,malware_download,"32-bit,elf,mips,Mozi",2026-09-18 04:00:06,2026-09-18 04:49:44,85
url,http://119.115.65.183:53858/bin.sh,urlhaus,malware_download,"32-bit,elf,mips,Mozi",2026-09-18 04:00:06,2026-09-18 04:49:44,85
url,http://119.115.65.183:53858/i,urlhaus,malware_download,"32-bit,elf,mips,Mozi",2026-09-18 04:00:06,2026-09-18 04:49:44,85
url,http://119.116.87.232:48737/i,urlhaus,malware_download,,2026-09-18 04:00:06,2026-09-18 04:49:44,85
url,http://119.118.15.202:46901/bin.sh,urlhaus,malware_download,"32-bit,elf,mips,Mozi",2026-09-18 04:00:06,2026-09-18 04:49:44,85
url,http://120.28.189.248:52467/bin.sh,urlhaus,malware_download,"32-bit,arm,elf,mirai,Mozi",2026-09-18 04:00:06,2026-09-18 04:49:44,85
url,http://120.28.189.248:52467/i,urlhaus,malware_download,"32-bit,arm,elf,mirai,Mozi",2026-09-18 04:00:06,2026-09-18 04:49:44,85
url,http://123.10.153.208:54004/bin.sh,urlhaus,malware_download,"32-bit,elf,mips,Mozi",2026-09-18 04:00:06,2026-09-18 04:49:44,85
url,http://123.10.153.208:54004/i,urlhaus,malware_download,"32-bit,elf,mips,Mozi",2026-09-18 04:00:06,2026-09-18 04:49:44,85
url,http://123.10.240.49:57187/i,urlhaus,malware_download,Mozi,2026-09-18 04:00:06,2026-09-18 04:49:44,85
url,http://123.135.157.215:38284/bin.sh,urlhaus,malware_download,"32-bit,arm,elf,mirai,Mozi",2026-09-18 04:00:06,2026-09-18 04:49:44,85
url,http://123.135.157.215:38284/i,urlhaus,malware_download,"32-bit,arm,elf,mirai,Mozi",2026-09-18 04:00:06,2026-09-18 04:49:44,85
url,http://123.190.73.22:38059/bin.sh,urlhaus,malware_download,,2026-09-18 04:00:06,2026-09-18 04:49:44,85
url,http://123.190.73.22:38059/i,urlhaus,malware_download,,2026-09-18 04:00:06,2026-09-18 04:49:44,85
url,http://125.24.167.30:34045/bin.sh,urlhaus,malware_download,"32-bit,arm,elf,mirai,Mozi",2026-09-18 04:00:06,2026-09-18 04:49:44,85
url,http://125.24.82.234:44386/bin.sh,urlhaus,malware_download,mirai,2026-09-18 04:00:06,2026-09-18 04:49:44,85
url,http://125.24.82.234:44386/i,urlhaus,malware_download,mirai,2026-09-18 04:00:06,2026-09-18 04:49:44,85
url,http://125.43.224.175:47417/bin.sh,urlhaus,malware_download,"32-bit,elf,mips,Mozi",2026-09-18 04:00:06,2026-09-18 04:49:44,85
url,http://125.43.224.175:47417/i,urlhaus,malware_download,"32-bit,elf,mips,Mozi",2026-09-18 04:00:06,2026-09-18 04:49:44,85
url,http://138.204.196.244:50726/bin.sh,urlhaus,malware_download,"32-bit,arm,elf,mirai,Mozi",2026-09-18 04:00:06,2026-09-18 04:49:44,85
url,http://138.204.196.244:50726/i,urlhaus,malware_download,"32-bit,arm,elf,mirai,Mozi",2026-09-18 04:00:06,2026-09-18 04:49:44,85
url,http://146.19.198.131/apache2,urlhaus,malware_download,"elf,gafgyt,ua-wget",2026-09-18 04:00:06,2026-09-18 04:49:44,85
url,http://146.19.198.131/bash,urlhaus,malware_download,"elf,gafgyt,ua-wget",2026-09-18 04:00:06,2026-09-18 04:49:44,85
url,http://146.19.198.131/cron,urlhaus,malware_download,"elf,gafgyt,ua-wget",2026-09-18 04:00:06,2026-09-18 04:49:44,85
url,http://146.19.198.131/ftp,urlhaus,malware_download,"elf,gafgyt,ua-wget",2026-09-18 04:00:06,2026-09-18 04:49:44,85
url,http://146.19.198.131/ntpd,urlhaus,malware_download,"elf,gafgyt,ua-wget",2026-09-18 04:00:06,2026-09-18 04:49:44,85
url,http://146.19.198.131/openssh,urlhaus,malware_download,"elf,gafgyt,ua-wget",2026-09-18 04:00:06,2026-09-18 04:49:44,85
url,http://146.19.198.131/pftp,urlhaus,malware_download,"elf,gafgyt,ua-wget",2026-09-18 04:00:06,2026-09-18 04:49:44,85
url,http://146.19.198.131/sh,urlhaus,malware_download,"elf,gafgyt,ua-wget",2026-09-18 04:00:06,2026-09-18 04:49:44,85
url,http://146.19.198.131/sshd,urlhaus,malware_download,"elf,gafgyt,ua-wget",2026-09-18 04:00:06,2026-09-18 04:49:44,85
url,http://146.19.198.131/wget,urlhaus,malware_download,"elf,gafgyt,ua-wget",2026-09-18 04:00:06,2026-09-18 04:49:44,85
url,http://175.107.2.57:40845/Mozi.a,threatfox,Mozi,"threatfox,elf,iot,Mozi",2026-09-17 16:07:21,2026-09-18 04:49:44,85
url,http://175.107.215.0:42369/Mozi.m,threatfox,Mozi,"threatfox,elf,iot,Mozi",2026-09-18 04:06:29,2026-09-18 04:49:44,85
url,http://175.148.117.80:41461/bin.sh,urlhaus,malware_download,"32-bit,elf,mips,Mozi",2026-09-18 04:00:06,2026-09-18 04:49:44,85
url,http://175.148.117.80:41461/i,urlhaus,malware_download,"32-bit,elf,mips,Mozi",2026-09-18 04:00:06,2026-09-18 04:49:44,85
url,http://175.165.84.229:40004/i,urlhaus,malware_download,"32-bit,elf,mips,Mozi",2026-09-18 04:00:06,2026-09-18 04:49:44,85
url,http://176.65.139.131/bins/i686,urlhaus,malware_download,"elf,mirai,ua-wget",2026-09-18 04:00:06,2026-09-18 04:49:44,85
url,http://176.65.139.131/bins/mpsl,urlhaus,malware_download,"elf,mirai,ua-wget",2026-09-18 04:00:06,2026-09-18 04:49:44,85
url,http://180.252.219.2:38828/bin.sh,urlhaus,malware_download,"32-bit,arm,elf,mirai,Mozi",2026-09-18 04:00:06,2026-09-18 04:49:44,85
url,http://180.252.219.2:38828/i,urlhaus,malware_download,"32-bit,arm,elf,mirai,Mozi",2026-09-18 04:00:06,2026-09-18 04:49:44,85
url,http://182.116.51.230:38010/i,urlhaus,malware_download,"32-bit,elf,mips,Mozi",2026-09-18 04:00:06,2026-09-18 04:49:44,85
url,http://182.117.70.32:36403/bin.sh,urlhaus,malware_download,Mozi,2026-09-18 04:00:06,2026-09-18 04:49:44,85
url,http://182.117.70.32:36403/i,urlhaus,malware_download,Mozi,2026-09-18 04:00:06,2026-09-18 04:49:44,85
url,http://182.119.165.88:43098/bin.sh,urlhaus,malware_download,"32-bit,elf,mips,Mozi",2026-09-18 04:00:06,2026-09-18 04:49:44,85
url,http://182.119.165.88:43098/i,urlhaus,malware_download,"32-bit,elf,mips,Mozi",2026-09-18 04:00:06,2026-09-18 04:49:44,85
url,http://182.127.7.247:60965/bin.sh,urlhaus,malware_download,"32-bit,elf,mips,Mozi",2026-09-18 04:00:06,2026-09-18 04:49:44,85
url,http://182.127.7.247:60965/i,urlhaus,malware_download,"32-bit,elf,mips,Mozi",2026-09-18 04:00:06,2026-09-18 04:49:44,85
url,http://216.129.184.213:37015/bin.sh,urlhaus,malware_download,"32-bit,elf,mips,Mozi",2026-09-18 04:00:06,2026-09-18 04:49:44,85
url,http://216.129.184.213:37015/i,urlhaus,malware_download,"32-bit,elf,mips,Mozi",2026-09-18 04:00:06,2026-09-18 04:49:44,85
url,http://220.158.234.65/a-r.m-5.Sakura,urlhaus,malware_download,"elf,gafgyt,ua-wget",2026-09-18 04:00:06,2026-09-18 04:49:44,85
url,http://220.158.234.65/a-r.m-6.Sakura,urlhaus,malware_download,"elf,gafgyt,ua-wget",2026-09-18 04:00:06,2026-09-18 04:49:44,85
url,http://220.158.234.65/a-r.m-7.Sakura,urlhaus,malware_download,"elf,gafgyt,ua-wget",2026-09-18 04:00:06,2026-09-18 04:49:44,85
url,http://220.158.234.65/i-5.8-6.Sakura,urlhaus,malware_download,"elf,gafgyt,ua-wget",2026-09-18 04:00:06,2026-09-18 04:49:44,85
url,http://220.158.234.65/m-i.p-s.Sakura,urlhaus,malware_download,"elf,gafgyt,ua-wget",2026-09-18 04:00:06,2026-09-18 04:49:44,85
url,http://220.158.234.65/m-p.s-l.Sakura,urlhaus,malware_download,"elf,gafgyt,ua-wget",2026-09-18 04:00:06,2026-09-18 04:49:44,85
url,http://220.158.234.65/p-p.c-.Sakura,urlhaus,malware_download,"elf,gafgyt,ua-wget",2026-09-18 04:00:06,2026-09-18 04:49:44,85
url,http://220.158.234.65/x-3.2-.Sakura,urlhaus,malware_download,"elf,gafgyt,ua-wget",2026-09-18 04:00:06,2026-09-18 04:49:44,85
url,http://221.0.56.130:49220/i,urlhaus,malware_download,"32-bit,elf,mips,Mozi",2026-09-18 04:00:06,2026-09-18 04:49:44,85
url,http://222.140.159.192:48083/i,urlhaus,malware_download,"32-bit,elf,mips,Mozi",2026-09-18 04:00:06,2026-09-18 04:49:44,85
url,http://222.141.76.173:51351/bin.sh,urlhaus,malware_download,"32-bit,elf,mips,Mozi",2026-09-18 04:00:06,2026-09-18 04:49:44,85
url,http://222.141.76.173:51351/i,urlhaus,malware_download,"32-bit,elf,mips,Mozi",2026-09-18 04:00:06,2026-09-18 04:49:44,85
url,http://223.123.43.5:52544/Mozi.m,urlhaus,malware_download,,2026-09-18 04:00:06,2026-09-18 04:49:44,85
url,http://36.88.136.194:54521/i,urlhaus,malware_download,"32-bit,arm,elf,mirai,Mozi",2026-09-18 04:00:06,2026-09-18 04:49:44,85
url,http://42.231.73.143:48507/bin.sh,urlhaus,malware_download,"32-bit,elf,mips,Mozi",2026-09-18 04:00:06,2026-09-18 04:49:44,85
url,http://42.231.73.143:48507/i,urlhaus,malware_download,"32-bit,elf,mips,Mozi",2026-09-18 04:00:06,2026-09-18 04:49:44,85
url,http://42.234.72.213:55509/i,urlhaus,malware_download,"32-bit,arm,elf,mirai,Mozi",2026-09-18 04:00:06,2026-09-18 04:49:44,85
url,http://42.239.189.92:49081/bin.sh,urlhaus,malware_download,"32-bit,elf,mips,Mozi",2026-09-18 04:00:06,2026-09-18 04:49:44,85
url,http://42.239.189.92:49081/i,urlhaus,malware_download,"32-bit,elf,mips,Mozi",2026-09-18 04:00:06,2026-09-18 04:49:44,85
url,http://5.175.169.207/img_113727.png,urlhaus,malware_download,"MassLogger,stego",2026-09-18 04:00:06,2026-09-18 04:49:44,85
url,http://59.180.148.101:44426/bin.sh,urlhaus,malware_download,"32-bit,elf,mips,Mozi",2026-09-18 04:00:06,2026-09-18 04:49:44,85
url,http://59.97.248.180:36849/bin.sh,urlhaus,malware_download,"32-bit,elf,mips,Mozi",2026-09-18 04:00:06,2026-09-18 04:49:44,85
url,http://62.60.226.140/files/7782139129/TZbZCwk.exe,urlhaus,malware_download,"d52f85,dropped-by-amadey",2026-09-18 04:00:06,2026-09-18 04:49:44,85
url,http://77.79.160.210:40029/i,urlhaus,malware_download,"32-bit,elf,mips,Mozi",2026-09-18 04:00:06,2026-09-18 04:49:44,85
url,http://83.228.109.209:38568/bin.sh,urlhaus,malware_download,"32-bit,elf,mips,Mozi",2026-09-18 04:00:06,2026-09-18 04:49:44,85
url,http://83.228.109.209:38568/i,urlhaus,malware_download,"32-bit,elf,mips,Mozi",2026-09-18 04:00:06,2026-09-18 04:49:44,85
url,http://94.154.43.227:8080/bins/cirqueira.sh,urlhaus,malware_download,"ascii,bash,sh,ua-wget",2026-09-18 04:00:06,2026-09-18 04:49:44,85
url,http://94.241.35.237:52465/bin.sh,urlhaus,malware_download,"32-bit,elf,mips,Mozi",2026-09-18 04:00:06,2026-09-18 04:49:44,85
url,http://94.241.35.237:52465/i,urlhaus,malware_download,"32-bit,elf,mips,Mozi",2026-09-18 04:00:06,2026-09-18 04:49:44,85
url,http://96.44.167.210/18/bcc.hta,urlhaus,malware_download,hta,2026-09-18 04:00:06,2026-09-18 04:49:44,85
url,http://beautck.click:8291/orders,threatfox,Remus,"threatfox,remus",2026-09-17 16:07:21,2026-09-18 04:49:44,85
url,http://bteahop.shop:9932/messages,threatfox,Remus,"threatfox,remus",2026-09-18 04:06:29,2026-09-18 04:49:44,85
url,http://cruahop.shop:8213/articles,threatfox,Remus,"threatfox,remus",2026-09-17 16:07:21,2026-09-18 04:49:44,85
url,http://drepace.click:7289/users,threatfox,Remus,"threatfox,remus",2026-09-17 16:07:21,2026-09-18 04:49:44,85
url,http://fuarnpp.shop:5627/accounts,threatfox,Remus,"threatfox,remus",2026-09-17 16:07:21,2026-09-18 04:49:44,85
url,http://fuarnpp.shop:5627/addresses,threatfox,Remus,"threatfox,remus",2026-09-18 04:06:29,2026-09-18 04:49:44,85
url,http://fuarnpp.shop:5627/collections,threatfox,Remus,"threatfox,remus",2026-09-17 16:07:21,2026-09-18 04:49:44,85
url,http://fuarnpp.shop:5627/profiles,threatfox,Remus,"threatfox,remus",2026-09-18 04:06:29,2026-09-18 04:49:44,85
url,http://fuarnpp.shop:5627/projects,threatfox,Remus,"threatfox,remus",2026-09-17 16:07:21,2026-09-18 04:49:44,85
url,http://fuarnpp.shop:5627/subscriptions,threatfox,Remus,"threatfox,remus",2026-09-17 16:07:21,2026-09-18 04:49:44,85
url,http://kipthen.shop:9932/accounts,threatfox,Remus,"threatfox,remus",2026-09-17 16:07:21,2026-09-18 04:49:44,85
url,http://kipthen.shop:9932/profiles,threatfox,Remus,"threatfox,remus",2026-09-17 16:07:21,2026-09-18 04:49:44,85
url,http://kipthen.shop:9932/tokens,threatfox,Remus,"threatfox,remus",2026-09-17 16:07:21,2026-09-18 04:49:44,85
url,http://kipthen.shop:9932/transactions,threatfox,Remus,"threatfox,remus",2026-09-18 04:06:29,2026-09-18 04:49:44,85
url,http://signageinsignia.co.za/kizzy/ch.jpg,urlhaus,malware_download,,2026-09-18 04:00:06,2026-09-18 04:49:44,85
url,http://spiohop.shop:9932/contacts,threatfox,Remus,"threatfox,remus",2026-09-17 16:07:21,2026-09-18 04:49:44,85
url,http://srtylab.shop:8213/tags,threatfox,Remus,"threatfox,remus",2026-09-18 04:06:29,2026-09-18 04:49:44,85
url,http://teculse.click:9210/addresses,threatfox,Remus,"threatfox,remus",2026-09-18 04:06:29,2026-09-18 04:49:44,85
url,http://teculse.click:9210/users,threatfox,Remus,"threatfox,remus",2026-09-17 16:07:21,2026-09-18 04:49:44,85
url,http://tfoyses.shop:3452/reports,threatfox,Remus,"threatfox,remus",2026-09-18 04:06:29,2026-09-18 04:49:44,85
url,http://tfoyses.shop:3452/tags,threatfox,Remus,"threatfox,remus",2026-09-17 16:07:21,2026-09-18 04:49:44,85
url,https://2.29.59.97,threatfox,Vidar,"threatfox,5309e205df3520e147a2278edef66ef4,c2,loader,stealer,Vidar",2026-09-17 16:07:21,2026-09-18 04:49:44,85
url,https://a7.199cuan.org/,threatfox,Vidar,"threatfox,vidar",2026-09-17 16:07:21,2026-09-18 04:49:44,85
url,https://a7.zk89.net,threatfox,Vidar,"threatfox,8dbad9a375e8878a31856816a5750204,c2,loader,stealer,Vidar",2026-09-17 16:07:21,2026-09-18 04:49:44,85
url,https://aidevmaster.com/curl/5b7250991558c1089d217b180d9418df77886996c22f8f319d7f640895e03381,threatfox,MacSync,"threatfox,ClickFix,macOS,MacSync",2026-09-18 04:06:29,2026-09-18 04:49:44,85
url,https://alabamarecoverycenter.com/curl/b42a0ed9d1ecb72e42d6034502c304845d98805481d99cea4e259359f9ab206e,threatfox,MacSync,"threatfox,ClickFix,macOS,MacSync",2026-09-18 04:06:29,2026-09-18 04:49:44,85
url,https://alluringsites.com/curl/d3a55738ee5c03c285567bd1e424bf9f731ca05150e69d3ed631f01eb0d0e521,threatfox,MacSync,"threatfox,ClickFix,macOS,MacSync",2026-09-18 04:06:29,2026-09-18 04:49:44,85
url,https://atlantaairporttaxiservice.com/curl/8e92ee3f0bccc8211145e3aee82c34e9ae67058e9abf154e4b335a6575f97833,threatfox,MacSync,"threatfox,ClickFix,macOS,MacSync",2026-09-18 04:06:29,2026-09-18 04:49:44,85
url,https://atlantaairporttaxiservice.com/curl/b42a0ed9d1ecb72e42d6034502c304845d98805481d99cea4e259359f9ab206e,threatfox,MacSync,"threatfox,ClickFix,macOS,MacSync",2026-09-18 04:06:29,2026-09-18 04:49:44,85
url,https://atlantaairporttaxiservice.com/curl/fa90319c89e7a0272c859f9f1403c6c2f12793281d3a295ce283d6018d5dd1c3,threatfox,MacSync,"threatfox,ClickFix,macOS,MacSync",2026-09-18 04:06:29,2026-09-18 04:49:44,85
url,https://bestbuydomain.com/curl/5b7250991558c1089d217b180d9418df77886996c22f8f319d7f640895e03381,threatfox,MacSync,"threatfox,ClickFix,macOS,MacSync",2026-09-18 04:06:29,2026-09-18 04:49:44,85
url,https://byrnewealthmanagement.com/curl/1fb7b78a1dd8d2ae0b78c34784bad25d3fb0f13aad55e1e6e51c6c7b23bac23a,threatfox,MacSync,"threatfox,ClickFix,macOS,MacSync",2026-09-18 04:06:29,2026-09-18 04:49:44,85
url,https://byrnewealthmanagement.com/curl/5b7250991558c1089d217b180d9418df77886996c22f8f319d7f640895e03381,threatfox,MacSync,"threatfox,ClickFix,macOS,MacSync",2026-09-18 04:06:29,2026-09-18 04:49:44,85
url,https://cincycarpetcleaning.com/curl/6e2d25066bc1db68a10d55189c7c0bae6443d5178fd4310808270e261236ce30,threatfox,MacSync,"threatfox,ClickFix,macOS,MacSync",2026-09-18 04:06:29,2026-09-18 04:49:44,85
url,https://criminallawyerpr.com/curl/720e1e04c2690ac14874d54823354d6bd06336b23e8458debaffeb2b18f5be6a,threatfox,MacSync,"threatfox,ClickFix,macOS,MacSync",2026-09-18 04:06:29,2026-09-18 04:49:44,85
url,https://criminallawyerpr.com/curl/85cb26206d920216eee0c5f67e8de516b4d55bd1752025bb3c08a069a44fdbdf,threatfox,MacSync,"threatfox,ClickFix,macOS,MacSync",2026-09-18 04:06:29,2026-09-18 04:49:44,85
url,https://criminallawyerpr.com/curl/8e92ee3f0bccc8211145e3aee82c34e9ae67058e9abf154e4b335a6575f97833,threatfox,MacSync,"threatfox,ClickFix,macOS,MacSync",2026-09-18 04:06:29,2026-09-18 04:49:44,85
url,https://customroofingcontractors.com/curl/b42a0ed9d1ecb72e42d6034502c304845d98805481d99cea4e259359f9ab206e,threatfox,MacSync,"threatfox,ClickFix,macOS,MacSync",2026-09-18 04:06:29,2026-09-18 04:49:44,85
url,https://dallasirrigationservices.com/curl/fa90319c89e7a0272c859f9f1403c6c2f12793281d3a295ce283d6018d5dd1c3,threatfox,MacSync,"threatfox,ClickFix,macOS,MacSync",2026-09-18 04:06:29,2026-09-18 04:49:44,85
url,https://detroitconcretecontractor.com/curl/720e1e04c2690ac14874d54823354d6bd06336b23e8458debaffeb2b18f5be6a,threatfox,MacSync,"threatfox,ClickFix,macOS,MacSync",2026-09-18 04:06:29,2026-09-18 04:49:44,85
url,https://elitefenceanddeck.com/curl/5b7250991558c1089d217b180d9418df77886996c22f8f319d7f640895e03381,threatfox,MacSync,"threatfox,ClickFix,macOS,MacSync",2026-09-18 04:06:29,2026-09-18 04:49:44,85
url,https://fincoadvance.com/curl/899e38e42680fe273eeda8f62382dc988907196817db5bc06e374df6c8a6dfa9,threatfox,MacSync,"threatfox,ClickFix,macOS,MacSync",2026-09-18 04:06:29,2026-09-18 04:49:44,85
url,https://firebasestorage.googleapis.com/v0/b/julyendingapama.firebasestorage.app/o/kingjoo.png?alt=media&token=36145a21-d722-4709-9287-f8d67e90830a,urlhaus,malware_download,"Formbook,stego",2026-09-18 04:00:06,2026-09-18 04:49:44,85
url,https://hybridcustomhomes.com/curl/720e1e04c2690ac14874d54823354d6bd06336b23e8458debaffeb2b18f5be6a,threatfox,MacSync,"threatfox,ClickFix,macOS,MacSync",2026-09-18 04:06:29,2026-09-18 04:49:44,85
url,https://kaiangelsystems.rest/,threatfox,Unknown Stealer,"threatfox,c2",2026-09-18 04:06:29,2026-09-18 04:49:44,85
url,https://kong07.s3.us-east-1.amazonaws.com/88fb64728be7/sched/163112/sch_c19fd227d1b4eb1a/latest.apk,urlhaus,malware_download,"android,apk ",2026-09-18 04:00:06,2026-09-18 04:49:44,85
url,https://legacybuilderscolorado.com/curl/499a828191d39ffd2cf302b35184c87696d5e1325bc40406a88bc7d213ec83df,threatfox,MacSync,"threatfox,ClickFix,macOS,MacSync",2026-09-18 04:06:29,2026-09-18 04:49:44,85
url,https://legacybuilderscolorado.com/curl/720e1e04c2690ac14874d54823354d6bd06336b23e8458debaffeb2b18f5be6a,threatfox,MacSync,"threatfox,ClickFix,macOS,MacSync",2026-09-18 04:06:29,2026-09-18 04:49:44,85
url,https://legacybuilderscolorado.com/curl/eaed253ce468efe4a95d739c882b9694ad635169136238a4a5849734f5fd1bb8,threatfox,MacSync,"threatfox,ClickFix,macOS,MacSync",2026-09-18 04:06:29,2026-09-18 04:49:44,85
url,https://miamipcsupport.com/curl/57133df069b129caa0380eff96eb60ccfb5c58eb19f2d9dc8447618a1898b76a,threatfox,MacSync,"threatfox,ClickFix,macOS,MacSync",2026-09-18 04:06:29,2026-09-18 04:49:44,85
url,https://monokreatif.com/,threatfox,Unknown malware,"threatfox,ClickFix",2026-09-17 16:07:21,2026-09-18 04:49:44,85
url,https://olympiapetemergency.com/curl/5b7250991558c1089d217b180d9418df77886996c22f8f319d7f640895e03381,threatfox,MacSync,"threatfox,ClickFix,macOS,MacSync",2026-09-18 04:06:29,2026-09-18 04:49:44,85
url,https://oregoninteriors.com/curl/85cb26206d920216eee0c5f67e8de516b4d55bd1752025bb3c08a069a44fdbdf,threatfox,MacSync,"threatfox,ClickFix,macOS,MacSync",2026-09-18 04:06:29,2026-09-18 04:49:44,85
url,https://premierrentalpurchase.com/curl/5b7250991558c1089d217b180d9418df77886996c22f8f319d7f640895e03381,threatfox,MacSync,"threatfox,ClickFix,macOS,MacSync",2026-09-18 04:06:29,2026-09-18 04:49:44,85
url,https://proxy.mailverifycenter.com,threatfox,Stealc,"threatfox,stealc",2026-09-17 16:07:21,2026-09-18 04:49:44,85
url,https://pub-e95a23a0e3944ef49a26647f1ec168e0.r2.dev/Docusign_Install_file.zip,urlhaus,malware_download,,2026-09-18 04:00:06,2026-09-18 04:49:44,85
url,https://raw.githubusercontent.com/DindaPutriFN/Autoscript/main/chisel.sh,urlhaus,malware_download,,2026-09-18 04:00:06,2026-09-18 04:49:44,85
url,https://raw.githubusercontent.com/DindaPutriFN/DindaPutriFN/main/api/xray.zip,urlhaus,malware_download,,2026-09-18 04:00:06,2026-09-18 04:49:44,85
url,https://raw.githubusercontent.com/DindaPutriFN/FN-API/main/ohp,urlhaus,malware_download,,2026-09-18 04:00:06,2026-09-18 04:49:44,85
url,https://raw.githubusercontent.com/DindaPutriFN/sslh/main/http.json,urlhaus,malware_download,,2026-09-18 04:00:06,2026-09-18 04:49:44,85
url,https://roptik.com/curl/b54cc90c9143f757e0ac59356414f14447d5f9cbbae0b0e61cf6b4e8ced28f42,threatfox,MacSync,"threatfox,ClickFix,macOS,MacSync",2026-09-18 04:06:29,2026-09-18 04:49:44,85
url,https://roptik.com/curl/b54cc90c9143f757e0ac59356414f14447d5f9cbbae0b0e61cf6b4e8ced28f42,urlhaus,malware_download,"Amos,ClickFix,macOS,MacSync,stealer,token-b54cc90c,UnstoppableDomains,zsh",2026-09-18 04:00:06,2026-09-18 04:49:44,85
url,https://roptik.com/dynamic?txd=b54cc90c9143f757e0ac59356414f14447d5f9cbbae0b0e61cf6b4e8ced28f42,threatfox,MacSync,"threatfox,ClickFix,macOS,MacSync",2026-09-18 04:06:29,2026-09-18 04:49:44,85
url,https://roptik.com/dynamic?txd=b54cc90c9143f757e0ac59356414f14447d5f9cbbae0b0e61cf6b4e8ced28f42,urlhaus,malware_download,"Amos,AppleScript,ClickFix,macOS,MacSync,stealer,token-b54cc90c,UnstoppableDomains,zsh",2026-09-18 04:00:06,2026-09-18 04:49:44,85
url,https://rotonexpert.com/,threatfox,Unknown malware,"threatfox,ClickFix",2026-09-17 16:07:21,2026-09-18 04:49:44,85
url,https://se.199cuan.org/,threatfox,Vidar,"threatfox,vidar",2026-09-18 04:06:29,2026-09-18 04:49:44,85
url,https://studiokasa.com.br/,threatfox,Unknown malware,"threatfox,ClickFix",2026-09-18 04:06:29,2026-09-18 04:49:44,85
url,https://taylorfamilyenterprisesllc.com/,threatfox,Unknown malware,"threatfox,ClickFix",2026-09-17 16:07:21,2026-09-18 04:49:44,85
url,https://terporten.nl/,threatfox,Unknown malware,"threatfox,ClickFix",2026-09-17 16:07:21,2026-09-18 04:49:44,85
url,https://testingcf.jsdelivr.net/gh/989A-A-3fF2465495760-2B3a/248A-2-3A-1d2290-BC-416-6DbA/Bc28-54673384617Ab9-A3E5,threatfox,ClearFake,"threatfox,ClearFake",2026-09-17 16:07:21,2026-09-18 04:49:44,85
url,https://tndr-panel.online/api.php,threatfox,Unknown malware,threatfox,2026-09-17 16:07:21,2026-09-18 04:49:44,85
url,https://ty.199cuan.org/,threatfox,Vidar,"threatfox,vidar",2026-09-18 04:06:29,2026-09-18 04:49:44,85
url,https://ty.zk89.net,threatfox,Vidar,"threatfox,c2,fa77cf3e42d5fa799429aa24c7f70a45,loader,stealer,Vidar",2026-09-18 04:06:29,2026-09-18 04:49:44,85
url,https://wlc.v-panel.asia/,threatfox,Vidar,threatfox,2026-09-18 04:06:29,2026-09-18 04:49:44,85
url,https://wrdn.rest/,threatfox,Unknown Stealer,"threatfox,c2,warden stealer",2026-09-17 16:07:21,2026-09-18 04:49:44,85
url,https://www.motorway.nl,threatfox,IClickFix,"threatfox,clickfix,etherhiding",2026-09-18 04:06:29,2026-09-18 04:49:44,85
url,https://www.motorway.nl/nochain-sw.js,threatfox,IClickFix,"threatfox,clickfix,etherhiding",2026-09-18 04:06:29,2026-09-18 04:49:44,85
url,https://zarbari.com/,threatfox,Unknown malware,"threatfox,ClickFix",2026-09-18 04:06:29,2026-09-18 04:49:44,85
