type,value,source,threat_type,tags,first_seen,last_seen,confidence
domain,12tecpfu9b.workers.dev,threatfox,php.shin_webshell,"threatfox,Cloudflare,GIF,PHP,webshell,WordPress,workers.dev,wp-admin",2026-09-24 16:06:45,2026-09-24 16:28:41,85
domain,178-128-196-79.sslip.io,threatfox,Cobalt Strike,"threatfox,CobaltStrike,drb-ra",2026-09-24 16:06:45,2026-09-24 16:28:41,85
domain,2il2x7ac.artenadigital.com,threatfox,ClearFake,"threatfox,ClearFake,mac-0x68dc,macos",2026-09-24 16:06:45,2026-09-24 16:28:41,85
domain,61ymhkmp.axee.net,threatfox,ClearFake,"threatfox,ClearFake,mac-0x68dc,macos",2026-09-24 16:06:45,2026-09-24 16:28:41,85
domain,853vs3ju.honargrafi.com,threatfox,ClearFake,"threatfox,ClearFake,mac-0x0f14,macos",2026-09-24 16:06:45,2026-09-24 16:28:41,85
domain,9xagists.iranwordpres.com,threatfox,ClearFake,"threatfox,ClearFake,mac-0x0f14,macos",2026-09-24 16:06:45,2026-09-24 16:28:41,85
domain,alphasolar-lb.com,threatfox,IClickFix,"threatfox,ClickFix,GeoGated",2026-09-24 16:06:45,2026-09-24 16:28:41,85
domain,alwesam.org,threatfox,IClickFix,"threatfox,ClickFix,GeoGated",2026-09-24 16:06:45,2026-09-24 16:28:41,85
domain,apttechservices.com,threatfox,IClickFix,"threatfox,ClickFix,GeoGated",2026-09-24 16:06:45,2026-09-24 16:28:41,85
domain,aquaticlamps.com,threatfox,ClearFake,"threatfox,24September2026,ClearFake,Commandline,DomainShadowing,Windows",2026-09-24 16:06:45,2026-09-24 16:28:41,85
domain,atladeshellenicdivers.com,threatfox,IClickFix,"threatfox,ClickFix,GeoGated",2026-09-24 16:06:45,2026-09-24 16:28:41,85
domain,bakry.me,threatfox,IClickFix,"threatfox,ClickFix,GeoGated",2026-09-24 16:06:45,2026-09-24 16:28:41,85
domain,barn.blinqueofficial.com,threatfox,IClickFix,"threatfox,ClickFix",2026-09-24 16:06:45,2026-09-24 16:28:41,85
domain,blancharl.icu,threatfox,KongTuke,"threatfox,KongTuke",2026-09-24 16:06:45,2026-09-24 16:28:41,85
domain,cedipay.cash,threatfox,IClickFix,"threatfox,ClickFix,GeoGated",2026-09-24 16:06:45,2026-09-24 16:28:41,85
domain,courtoos.icu,threatfox,KongTuke,"threatfox,KongTuke",2026-09-24 16:06:45,2026-09-24 16:28:41,85
domain,cowboytrick.dk,threatfox,IClickFix,"threatfox,ClickFix,GeoGated",2026-09-24 16:06:45,2026-09-24 16:28:41,85
domain,cyculuwy.workers.dev,threatfox,php.shin_webshell,"threatfox,Cloudflare,GIF,PHP,webshell,WordPress,workers.dev,wp-admin",2026-09-24 16:06:45,2026-09-24 16:28:41,85
domain,delta-canvas.com,threatfox,AMOS,"threatfox,AMOS,cc2,ClickFix,Foxveil,macOS",2026-09-24 16:06:45,2026-09-24 16:28:41,85
domain,earl.blinqueofficial.com,threatfox,ClearFake,"threatfox,ClearFake,ClickFix,EtherHiding",2026-09-24 16:06:45,2026-09-24 16:28:41,85
domain,ebutic.com,threatfox,IClickFix,"threatfox,ClickFix,GeoGated",2026-09-24 16:06:45,2026-09-24 16:28:41,85
domain,eduteka.co,threatfox,IClickFix,"threatfox,ClickFix,GeoGated",2026-09-24 16:06:45,2026-09-24 16:28:41,85
domain,ferdinandcumberbatchx3.duckdns.org,threatfox,Remcos,"threatfox,remcos",2026-09-24 16:06:45,2026-09-24 16:28:41,85
domain,for88.fun,threatfox,IClickFix,"threatfox,ClickFix,GeoGated",2026-09-24 16:06:45,2026-09-24 16:28:41,85
domain,foresightfinances.com,threatfox,Unknown malware,"threatfox,google,phishing,websocket",2026-09-24 16:06:45,2026-09-24 16:28:41,85
domain,foropyqa.workers.dev,threatfox,php.shin_webshell,"threatfox,Cloudflare,GIF,PHP,webshell,WordPress,workers.dev,wp-admin",2026-09-24 16:06:45,2026-09-24 16:28:41,85
domain,fqoei06069.workers.dev,threatfox,php.shin_webshell,"threatfox,Cloudflare,GIF,PHP,webshell,WordPress,workers.dev,wp-admin",2026-09-24 16:06:45,2026-09-24 16:28:41,85
domain,gorsegazette.co,threatfox,SmartApeSG,"threatfox,SmartApeSG",2026-09-24 16:06:45,2026-09-24 16:28:41,85
domain,h58pc9mi.bahisbey90.com,threatfox,ClearFake,"threatfox,ClearFake,mac-0x68dc,macos",2026-09-24 16:06:45,2026-09-24 16:28:41,85
domain,helycygu.workers.dev,threatfox,php.shin_webshell,"threatfox,Cloudflare,GIF,PHP,webshell,WordPress,workers.dev,wp-admin",2026-09-24 16:06:45,2026-09-24 16:28:41,85
domain,hielosnorteonline.com,threatfox,IClickFix,"threatfox,ClickFix,GeoGated",2026-09-24 16:06:45,2026-09-24 16:28:41,85
domain,honargrafi.com,threatfox,ClearFake,"threatfox,24September2026,ClearFake,Commandline,MacOS",2026-09-24 16:06:45,2026-09-24 16:28:41,85
domain,inquisitive8184.workers.dev,threatfox,php.shin_webshell,"threatfox,Cloudflare,GIF,PHP,webshell,WordPress,workers.dev,wp-admin",2026-09-24 16:06:45,2026-09-24 16:28:41,85
domain,iranmillions.bet,threatfox,ClearFake,"threatfox,24September2026,ClearFake,Commandline,MacOS",2026-09-24 16:06:45,2026-09-24 16:28:41,85
domain,iranwordpres.com,threatfox,ClearFake,"threatfox,24September2026,ClearFake,Commandline,MacOS",2026-09-24 16:06:45,2026-09-24 16:28:41,85
domain,iriskw.com,threatfox,IClickFix,"threatfox,ClickFix,GeoGated",2026-09-24 16:06:45,2026-09-24 16:28:41,85
domain,jackpot168.uk.com,threatfox,ClearFake,"threatfox,24September2026,ClearFake,Commandline,DomainShadowing,Windows",2026-09-24 16:06:45,2026-09-24 16:28:41,85
domain,leivamosetasdecadiz.es,threatfox,IClickFix,"threatfox,ClickFix,GeoGated",2026-09-24 16:06:45,2026-09-24 16:28:41,85
domain,media.hazelnook.cc,threatfox,ACR Stealer,"threatfox,ACRStealer",2026-09-24 16:06:45,2026-09-24 16:28:41,85
domain,mediaworld-lb.com,threatfox,IClickFix,"threatfox,ClickFix,GeoGated",2026-09-24 16:06:45,2026-09-24 16:28:41,85
domain,multiservicios.limpiezasmartin.es,threatfox,IClickFix,"threatfox,ClickFix,GeoGated",2026-09-24 16:06:45,2026-09-24 16:28:41,85
domain,newspanther.co.za,threatfox,Unknown Loader,"threatfox,etherhiding,victim",2026-09-24 16:06:45,2026-09-24 16:28:41,85
domain,nfty.pro,threatfox,Unknown Loader,"threatfox,etherhiding,victim",2026-09-24 16:06:45,2026-09-24 16:28:41,85
domain,nhdiamond.com,threatfox,Unknown Loader,"threatfox,etherhiding,victim",2026-09-24 16:06:45,2026-09-24 16:28:41,85
domain,nickermannstailor.com,threatfox,Unknown Loader,"threatfox,etherhiding,victim",2026-09-24 16:06:45,2026-09-24 16:28:41,85
domain,nicolewegg.com,threatfox,Unknown Loader,"threatfox,etherhiding,victim",2026-09-24 16:06:45,2026-09-24 16:28:41,85
domain,nicom-ukraine.com,threatfox,IClickFix,"threatfox,ClickFix,GeoGated",2026-09-24 16:06:45,2026-09-24 16:28:41,85
domain,nicomukraine.com,threatfox,IClickFix,"threatfox,ClickFix,GeoGated",2026-09-24 16:06:45,2026-09-24 16:28:41,85
domain,nightlighttutor.com,threatfox,Unknown Loader,"threatfox,etherhiding,victim",2026-09-24 16:06:45,2026-09-24 16:28:41,85
domain,niroosalamat.com,threatfox,IClickFix,"threatfox,ClickFix,GeoGated",2026-09-24 16:06:45,2026-09-24 16:28:41,85
domain,northernnavetta.com,threatfox,Unknown Loader,"threatfox,etherhiding,victim",2026-09-24 16:06:45,2026-09-24 16:28:41,85
domain,novelproperties.co.uk,threatfox,Unknown Loader,"threatfox,etherhiding,victim",2026-09-24 16:06:45,2026-09-24 16:28:41,85
domain,nuventic.com,threatfox,Unknown Loader,"threatfox,etherhiding,victim",2026-09-24 16:06:45,2026-09-24 16:28:41,85
domain,nytenymalagasy.com,threatfox,Unknown Loader,"threatfox,etherhiding,victim",2026-09-24 16:06:45,2026-09-24 16:28:41,85
domain,ocean012.duckdns.org,threatfox,Remcos,"threatfox,remcos",2026-09-24 16:06:45,2026-09-24 16:28:41,85
domain,oceanbiggi907.duckdns.org,threatfox,Remcos,"threatfox,remcos",2026-09-24 16:06:45,2026-09-24 16:28:41,85
domain,oceandriveshipchandlers.com,threatfox,IClickFix,"threatfox,ClickFix,GeoGated",2026-09-24 16:06:45,2026-09-24 16:28:41,85
domain,oceanpromarineservices.com,threatfox,IClickFix,"threatfox,ClickFix,GeoGated",2026-09-24 16:06:45,2026-09-24 16:28:41,85
domain,omgarden-shop.com,threatfox,Unknown Loader,"threatfox,etherhiding,victim",2026-09-24 16:06:45,2026-09-24 16:28:41,85
domain,opticaantofagasta.cl,threatfox,Unknown Loader,"threatfox,etherhiding,victim",2026-09-24 16:06:45,2026-09-24 16:28:41,85
domain,optimal.com.ng,threatfox,Unknown Loader,"threatfox,etherhiding,victim",2026-09-24 16:06:45,2026-09-24 16:28:41,85
domain,optinet-dresden.de,threatfox,Unknown Loader,"threatfox,etherhiding,victim",2026-09-24 16:06:45,2026-09-24 16:28:41,85
domain,oranjeverenigingenter.nl,threatfox,IClickFix,"threatfox,ClickFix,GeoGated",2026-09-24 16:06:45,2026-09-24 16:28:41,85
domain,orbitinformatics.com,threatfox,Unknown Loader,"threatfox,etherhiding,victim",2026-09-24 16:06:45,2026-09-24 16:28:41,85
domain,orgaanix.com,threatfox,Unknown Loader,"threatfox,etherhiding,victim",2026-09-24 16:06:45,2026-09-24 16:28:41,85
domain,pabygg.forfatterskolen.no,threatfox,Unknown Loader,"threatfox,etherhiding,victim",2026-09-24 16:06:45,2026-09-24 16:28:41,85
domain,padjadjaransuitesresort.com,threatfox,Unknown Loader,"threatfox,etherhiding,victim",2026-09-24 16:06:45,2026-09-24 16:28:41,85
domain,paniprints.in,threatfox,Unknown Loader,"threatfox,etherhiding,victim",2026-09-24 16:06:45,2026-09-24 16:28:41,85
domain,papaglobal.in,threatfox,Unknown Loader,"threatfox,etherhiding,victim",2026-09-24 16:06:45,2026-09-24 16:28:41,85
domain,parsalstore.com,threatfox,Unknown Loader,"threatfox,etherhiding,victim",2026-09-24 16:06:45,2026-09-24 16:28:41,85
domain,parsans.com,threatfox,Unknown Loader,"threatfox,etherhiding,victim",2026-09-24 16:06:45,2026-09-24 16:28:41,85
domain,partymagicnmore.com,threatfox,Unknown Loader,"threatfox,etherhiding,victim",2026-09-24 16:06:45,2026-09-24 16:28:41,85
domain,partystimmung.de,threatfox,Unknown Loader,"threatfox,etherhiding,victim",2026-09-24 16:06:45,2026-09-24 16:28:41,85
domain,patidarinfoworld.com,threatfox,Unknown Loader,"threatfox,etherhiding,victim",2026-09-24 16:06:45,2026-09-24 16:28:41,85
domain,patricepiersaintphotography.com,threatfox,Unknown Loader,"threatfox,etherhiding,victim",2026-09-24 16:06:45,2026-09-24 16:28:41,85
domain,patrikwestli.com,threatfox,Unknown Loader,"threatfox,etherhiding,victim",2026-09-24 16:06:45,2026-09-24 16:28:41,85
domain,patyson.club,threatfox,Unknown Loader,"threatfox,etherhiding,victim",2026-09-24 16:06:45,2026-09-24 16:28:41,85
domain,paxskin.com,threatfox,Unknown Loader,"threatfox,etherhiding,victim",2026-09-24 16:06:45,2026-09-24 16:28:41,85
domain,pc-netz.de,threatfox,Unknown Loader,"threatfox,etherhiding,victim",2026-09-24 16:06:45,2026-09-24 16:28:41,85
domain,pdtacademy.vn,threatfox,Unknown Loader,"threatfox,etherhiding,victim",2026-09-24 16:06:45,2026-09-24 16:28:41,85
domain,pegasusturismo.com.br,threatfox,Unknown Loader,"threatfox,etherhiding,victim",2026-09-24 16:06:45,2026-09-24 16:28:41,85
domain,pensandoconflow.com,threatfox,Unknown Loader,"threatfox,etherhiding,victim",2026-09-24 16:06:45,2026-09-24 16:28:41,85
domain,pepeshop.net,threatfox,IClickFix,"threatfox,ClickFix,GeoGated",2026-09-24 16:06:45,2026-09-24 16:28:41,85
domain,peregrinandoqueremosverjesus.com,threatfox,Unknown Loader,"threatfox,etherhiding,victim",2026-09-24 16:06:45,2026-09-24 16:28:41,85
domain,permis.sn,threatfox,Unknown Loader,"threatfox,etherhiding,victim",2026-09-24 16:06:45,2026-09-24 16:28:41,85
domain,perpetualcarellc.com,threatfox,Unknown Loader,"threatfox,etherhiding,victim",2026-09-24 16:06:45,2026-09-24 16:28:41,85
domain,petjoymall.com,threatfox,Unknown Loader,"threatfox,etherhiding,victim",2026-09-24 16:06:45,2026-09-24 16:28:41,85
domain,philhome.ph,threatfox,Unknown Loader,"threatfox,etherhiding,victim",2026-09-24 16:06:45,2026-09-24 16:28:41,85
domain,phronesis.it,threatfox,Unknown Loader,"threatfox,etherhiding,victim",2026-09-24 16:06:45,2026-09-24 16:28:41,85
domain,phrpneus.com.br,threatfox,Unknown Loader,"threatfox,etherhiding,victim",2026-09-24 16:06:45,2026-09-24 16:28:41,85
domain,phyto-logic.com,threatfox,Unknown Loader,"threatfox,etherhiding,victim",2026-09-24 16:06:45,2026-09-24 16:28:41,85
domain,piergiorgiopirani.it,threatfox,Unknown Loader,"threatfox,etherhiding,victim",2026-09-24 16:06:45,2026-09-24 16:28:41,85
domain,pierso.co.uk,threatfox,Unknown Loader,"threatfox,etherhiding,victim",2026-09-24 16:06:45,2026-09-24 16:28:41,85
domain,pinbahis.page,threatfox,ClearFake,"threatfox,24September2026,ClearFake,Commandline,MacOS",2026-09-24 16:06:45,2026-09-24 16:28:41,85
domain,pish-bini.bet,threatfox,ClearFake,"threatfox,24September2026,ClearFake,Commandline,DomainShadowing,Windows",2026-09-24 16:06:45,2026-09-24 16:28:41,85
domain,planneditperfectly.com,threatfox,Unknown Loader,"threatfox,etherhiding,victim",2026-09-24 16:06:45,2026-09-24 16:28:41,85
domain,platobaratomadrid.com,threatfox,Unknown Loader,"threatfox,etherhiding,victim",2026-09-24 16:06:45,2026-09-24 16:28:41,85
domain,ples.krenka.cz,threatfox,Unknown Loader,"threatfox,etherhiding,victim",2026-09-24 16:06:45,2026-09-24 16:28:41,85
domain,plombierstoulouse.com,threatfox,Unknown Loader,"threatfox,etherhiding,victim",2026-09-24 16:06:45,2026-09-24 16:28:41,85
domain,plusair-ac.com,threatfox,Unknown Loader,"threatfox,etherhiding,victim",2026-09-24 16:06:45,2026-09-24 16:28:41,85
domain,plusair-centralac.com,threatfox,Unknown Loader,"threatfox,etherhiding,victim",2026-09-24 16:06:45,2026-09-24 16:28:41,85
domain,plusair-eg.com,threatfox,Unknown Loader,"threatfox,etherhiding,victim",2026-09-24 16:06:45,2026-09-24 16:28:41,85
domain,polarbearuae.com,threatfox,Unknown Loader,"threatfox,etherhiding,victim",2026-09-24 16:06:45,2026-09-24 16:28:41,85
domain,poolservice.re,threatfox,Unknown Loader,"threatfox,etherhiding,victim",2026-09-24 16:06:45,2026-09-24 16:28:41,85
domain,portcomp.hu,threatfox,Unknown Loader,"threatfox,etherhiding,victim",2026-09-24 16:06:45,2026-09-24 16:28:41,85
domain,pousadaroyal.com.br,threatfox,Unknown Loader,"threatfox,etherhiding,victim",2026-09-24 16:06:45,2026-09-24 16:28:41,85
domain,powerlive.com.mx,threatfox,Unknown Loader,"threatfox,etherhiding,victim",2026-09-24 16:06:45,2026-09-24 16:28:41,85
domain,pratheksha.com,threatfox,Unknown Loader,"threatfox,etherhiding,victim",2026-09-24 16:06:45,2026-09-24 16:28:41,85
domain,praxit.am,threatfox,Unknown Loader,"threatfox,etherhiding,victim",2026-09-24 16:06:45,2026-09-24 16:28:41,85
domain,precisionicare.com.au,threatfox,Unknown Loader,"threatfox,etherhiding,victim",2026-09-24 16:06:45,2026-09-24 16:28:41,85
domain,premierprintpack.in,threatfox,Unknown Loader,"threatfox,etherhiding,victim",2026-09-24 16:06:45,2026-09-24 16:28:41,85
domain,premiertsinc.com,threatfox,Unknown Loader,"threatfox,etherhiding,victim",2026-09-24 16:06:45,2026-09-24 16:28:41,85
domain,prepbuddies.com,threatfox,Unknown Loader,"threatfox,etherhiding,victim",2026-09-24 16:06:45,2026-09-24 16:28:41,85
domain,primedinsurance.com,threatfox,Unknown Loader,"threatfox,etherhiding,victim",2026-09-24 16:06:45,2026-09-24 16:28:41,85
domain,printetiq.com,threatfox,Unknown Loader,"threatfox,etherhiding,victim",2026-09-24 16:06:45,2026-09-24 16:28:41,85
domain,procogni.com.br,threatfox,Unknown Loader,"threatfox,etherhiding,victim",2026-09-24 16:06:45,2026-09-24 16:28:41,85
domain,prodesarrollo.cl,threatfox,Unknown Loader,"threatfox,etherhiding,victim",2026-09-24 16:06:45,2026-09-24 16:28:41,85
domain,proostbeer.com,threatfox,Unknown Loader,"threatfox,etherhiding,victim",2026-09-24 16:06:45,2026-09-24 16:28:41,85
domain,propsim.co.za,threatfox,Unknown Loader,"threatfox,etherhiding,victim",2026-09-24 16:06:45,2026-09-24 16:28:41,85
domain,protectaboriginalheritagewa.org.au,threatfox,Unknown Loader,"threatfox,etherhiding,victim",2026-09-24 16:06:45,2026-09-24 16:28:41,85
domain,protemaxepi.com.br,threatfox,Unknown Loader,"threatfox,etherhiding,victim",2026-09-24 16:06:45,2026-09-24 16:28:41,85
domain,przychodniawkole.pl,threatfox,Unknown Loader,"threatfox,etherhiding,victim",2026-09-24 16:06:45,2026-09-24 16:28:41,85
domain,pspfinancials.com,threatfox,Unknown Loader,"threatfox,etherhiding,victim",2026-09-24 16:06:45,2026-09-24 16:28:41,85
domain,ptdistrima.co.id,threatfox,Unknown Loader,"threatfox,etherhiding,victim",2026-09-24 16:06:45,2026-09-24 16:28:41,85
domain,publident.cl,threatfox,Unknown Loader,"threatfox,etherhiding,victim",2026-09-24 16:06:45,2026-09-24 16:28:41,85
domain,purejuice.tn,threatfox,Unknown Loader,"threatfox,etherhiding,victim",2026-09-24 16:06:45,2026-09-24 16:28:41,85
domain,pv9o9ukf.pinbahis.page,threatfox,ClearFake,"threatfox,ClearFake,mac-0x76c7,macos",2026-09-24 16:06:45,2026-09-24 16:28:41,85
domain,q1plumbing.com,threatfox,Unknown Loader,"threatfox,etherhiding,victim",2026-09-24 16:06:45,2026-09-24 16:28:41,85
domain,qacconformity.com,threatfox,Unknown Loader,"threatfox,etherhiding,victim",2026-09-24 16:06:45,2026-09-24 16:28:41,85
domain,qsi.eng.br,threatfox,Unknown Loader,"threatfox,etherhiding,victim",2026-09-24 16:06:45,2026-09-24 16:28:41,85
domain,qualityoilgroup.com,threatfox,Unknown Loader,"threatfox,etherhiding,victim",2026-09-24 16:06:45,2026-09-24 16:28:41,85
domain,racuncharlot.com,threatfox,Unknown Loader,"threatfox,etherhiding,victim",2026-09-24 16:06:45,2026-09-24 16:28:41,85
domain,radio-mix.fr,threatfox,Unknown Loader,"threatfox,etherhiding,victim",2026-09-24 16:06:45,2026-09-24 16:28:41,85
domain,rafaelalcala.com,threatfox,Unknown Loader,"threatfox,etherhiding,victim",2026-09-24 16:06:45,2026-09-24 16:28:41,85
domain,rafamecanicamultimarcas.com.br,threatfox,Unknown Loader,"threatfox,etherhiding,victim",2026-09-24 16:06:45,2026-09-24 16:28:41,85
domain,raideurs.eu,threatfox,IClickFix,"threatfox,ClickFix,GeoGated",2026-09-24 16:06:45,2026-09-24 16:28:41,85
domain,ramadaencorezomin.com,threatfox,IClickFix,"threatfox,ClickFix,GeoGated",2026-09-24 16:06:45,2026-09-24 16:28:41,85
domain,ramstudiollc.cloud,threatfox,Unknown Loader,"threatfox,etherhiding,victim",2026-09-24 16:06:45,2026-09-24 16:28:41,85
domain,rangerbuildings.com,threatfox,Unknown Loader,"threatfox,etherhiding,victim",2026-09-24 16:06:45,2026-09-24 16:28:41,85
domain,ratchets.co.nz,threatfox,Unknown Loader,"threatfox,etherhiding,victim",2026-09-24 16:06:45,2026-09-24 16:28:41,85
domain,ravikakkepadavucharitytrust.org,threatfox,Unknown Loader,"threatfox,etherhiding,victim",2026-09-24 16:06:45,2026-09-24 16:28:41,85
domain,rckirinyaga.org,threatfox,Unknown Loader,"threatfox,etherhiding,victim",2026-09-24 16:06:45,2026-09-24 16:28:41,85
domain,receitasbolonopote.com,threatfox,Unknown Loader,"threatfox,etherhiding,victim",2026-09-24 16:06:45,2026-09-24 16:28:41,85
domain,redesnac.org,threatfox,Unknown Loader,"threatfox,etherhiding,victim",2026-09-24 16:06:45,2026-09-24 16:28:41,85
domain,redoninfrapower.com,threatfox,Unknown Loader,"threatfox,etherhiding,victim",2026-09-24 16:06:45,2026-09-24 16:28:41,85
domain,reformaute.usach.cl,threatfox,Unknown Loader,"threatfox,etherhiding,victim",2026-09-24 16:06:45,2026-09-24 16:28:41,85
domain,regularizabr.com.br,threatfox,Unknown Loader,"threatfox,etherhiding,victim",2026-09-24 16:06:45,2026-09-24 16:28:41,85
domain,rehago.eu,threatfox,Unknown Loader,"threatfox,etherhiding,victim",2026-09-24 16:06:45,2026-09-24 16:28:41,85
domain,relais.me,threatfox,Unknown Loader,"threatfox,etherhiding,victim",2026-09-24 16:06:45,2026-09-24 16:28:41,85
domain,relaisone.ch,threatfox,Unknown Loader,"threatfox,etherhiding,victim",2026-09-24 16:06:45,2026-09-24 16:28:41,85
domain,renolpolychem.com,threatfox,Unknown Loader,"threatfox,etherhiding,victim",2026-09-24 16:06:45,2026-09-24 16:28:41,85
domain,rentadetorresdeiluminacion.com,threatfox,Unknown Loader,"threatfox,etherhiding,victim",2026-09-24 16:06:45,2026-09-24 16:28:41,85
domain,renwakai.it,threatfox,Unknown Loader,"threatfox,etherhiding,victim",2026-09-24 16:06:45,2026-09-24 16:28:41,85
domain,replacementwindowsmesa.net,threatfox,Unknown Loader,"threatfox,etherhiding,victim",2026-09-24 16:06:45,2026-09-24 16:28:41,85
domain,resolutewebdesign.com,threatfox,Unknown Loader,"threatfox,etherhiding,victim",2026-09-24 16:06:45,2026-09-24 16:28:41,85
domain,retrowood.nz,threatfox,Unknown Loader,"threatfox,etherhiding,victim",2026-09-24 16:06:45,2026-09-24 16:28:41,85
domain,revivart.fr,threatfox,Unknown Loader,"threatfox,etherhiding,victim",2026-09-24 16:06:45,2026-09-24 16:28:41,85
domain,rhconseil-travaux.com,threatfox,Unknown Loader,"threatfox,etherhiding,victim",2026-09-24 16:06:45,2026-09-24 16:28:41,85
domain,ricie.org,threatfox,Unknown Loader,"threatfox,etherhiding,victim",2026-09-24 16:06:45,2026-09-24 16:28:41,85
domain,rijndersskincare.nl,threatfox,Unknown Loader,"threatfox,etherhiding,victim",2026-09-24 16:06:45,2026-09-24 16:28:41,85
domain,ristorante-teatro.it,threatfox,Unknown Loader,"threatfox,etherhiding,victim",2026-09-24 16:06:45,2026-09-24 16:28:41,85
domain,rivacold.co.th,threatfox,Unknown Loader,"threatfox,etherhiding,victim",2026-09-24 16:06:45,2026-09-24 16:28:41,85
domain,rivendell.nz,threatfox,Unknown Loader,"threatfox,etherhiding,victim",2026-09-24 16:06:45,2026-09-24 16:28:41,85
domain,riversuntravel.com,threatfox,Unknown Loader,"threatfox,etherhiding,victim",2026-09-24 16:06:45,2026-09-24 16:28:41,85
domain,rkymtnlncn.com,threatfox,Unknown Loader,"threatfox,etherhiding,victim",2026-09-24 16:06:45,2026-09-24 16:28:41,85
domain,robertsautopartswarehouse.com,threatfox,Unknown Loader,"threatfox,etherhiding,victim",2026-09-24 16:06:45,2026-09-24 16:28:41,85
domain,rocketnegocios.com.mx,threatfox,Unknown Loader,"threatfox,etherhiding,victim",2026-09-24 16:06:45,2026-09-24 16:28:41,85
domain,rodimet.net,threatfox,Unknown Loader,"threatfox,etherhiding,victim",2026-09-24 16:06:45,2026-09-24 16:28:41,85
domain,ronburman.com,threatfox,Unknown Loader,"threatfox,etherhiding,victim",2026-09-24 16:06:45,2026-09-24 16:28:41,85
domain,ronil.com.br,threatfox,Unknown Loader,"threatfox,etherhiding,victim",2026-09-24 16:06:45,2026-09-24 16:28:41,85
domain,roobooks.com,threatfox,Unknown Loader,"threatfox,etherhiding,victim",2026-09-24 16:06:45,2026-09-24 16:28:41,85
domain,roswen.com,threatfox,Unknown Loader,"threatfox,etherhiding,victim",2026-09-24 16:06:45,2026-09-24 16:28:41,85
domain,rozannamadylus.com,threatfox,Unknown Loader,"threatfox,etherhiding,victim",2026-09-24 16:06:45,2026-09-24 16:28:41,85
domain,rrtautocenter.com.br,threatfox,Unknown Loader,"threatfox,etherhiding,victim",2026-09-24 16:06:45,2026-09-24 16:28:41,85
domain,rsmc-construction.com,threatfox,Unknown Loader,"threatfox,etherhiding,victim",2026-09-24 16:06:45,2026-09-24 16:28:41,85
domain,rssradio.fr,threatfox,Unknown Loader,"threatfox,etherhiding,victim",2026-09-24 16:06:45,2026-09-24 16:28:41,85
domain,rtpdemo.com,threatfox,Unknown Loader,"threatfox,etherhiding,victim",2026-09-24 16:06:45,2026-09-24 16:28:41,85
domain,ru.berrylact.com,threatfox,Unknown Loader,"threatfox,etherhiding,victim",2026-09-24 16:06:45,2026-09-24 16:28:41,85
domain,ru.cvetox.com,threatfox,Unknown Loader,"threatfox,etherhiding,victim",2026-09-24 16:06:45,2026-09-24 16:28:41,85
domain,rutdaohan360.com,threatfox,Unknown Loader,"threatfox,etherhiding,victim",2026-09-24 16:06:45,2026-09-24 16:28:41,85
domain,rx777.xyz,threatfox,Unknown Loader,"threatfox,etherhiding,victim",2026-09-24 16:06:45,2026-09-24 16:28:41,85
domain,sacredheartbhikhiwind.com,threatfox,Unknown Loader,"threatfox,etherhiding,victim",2026-09-24 16:06:45,2026-09-24 16:28:41,85
domain,sacree-jule.fr,threatfox,Unknown Loader,"threatfox,etherhiding,victim",2026-09-24 16:06:45,2026-09-24 16:28:41,85
domain,salusmedclinica.com,threatfox,Unknown Loader,"threatfox,etherhiding,victim",2026-09-24 16:06:45,2026-09-24 16:28:41,85
domain,sandysstaffings.com,threatfox,Unknown Loader,"threatfox,etherhiding,victim",2026-09-24 16:06:45,2026-09-24 16:28:41,85
domain,saninds.com,threatfox,Unknown Loader,"threatfox,etherhiding,victim",2026-09-24 16:06:45,2026-09-24 16:28:41,85
domain,sapetrol.net,threatfox,Unknown Loader,"threatfox,etherhiding,victim",2026-09-24 16:06:45,2026-09-24 16:28:41,85
domain,sasakiadvogados.com.br,threatfox,Unknown Loader,"threatfox,etherhiding,victim",2026-09-24 16:06:45,2026-09-24 16:28:41,85
domain,schupp-kfz.de,threatfox,Unknown Loader,"threatfox,etherhiding,victim",2026-09-24 16:06:45,2026-09-24 16:28:41,85
domain,sdlemon.com,threatfox,Unknown Loader,"threatfox,etherhiding,victim",2026-09-24 16:06:45,2026-09-24 16:28:41,85
domain,seahub.me,threatfox,Unknown Loader,"threatfox,etherhiding,victim",2026-09-24 16:06:45,2026-09-24 16:28:41,85
domain,sealseng.com,threatfox,Unknown Loader,"threatfox,etherhiding,victim",2026-09-24 16:06:45,2026-09-24 16:28:41,85
domain,sedlacek-dirigent.cz,threatfox,Unknown Loader,"threatfox,etherhiding,victim",2026-09-24 16:06:45,2026-09-24 16:28:41,85
domain,seemzfashion.com,threatfox,Unknown Loader,"threatfox,etherhiding,victim",2026-09-24 16:06:45,2026-09-24 16:28:41,85
domain,selfiman.com,threatfox,Unknown Loader,"threatfox,etherhiding,victim",2026-09-24 16:06:45,2026-09-24 16:28:41,85
domain,sema-tunisie.com,threatfox,Unknown Loader,"threatfox,etherhiding,victim",2026-09-24 16:06:45,2026-09-24 16:28:41,85
domain,sempiternodelgolfo.com,threatfox,Unknown Loader,"threatfox,etherhiding,victim",2026-09-24 16:06:45,2026-09-24 16:28:41,85
domain,seolocalpro.es,threatfox,Unknown Loader,"threatfox,etherhiding,victim",2026-09-24 16:06:45,2026-09-24 16:28:41,85
domain,seotools.es,threatfox,Unknown Loader,"threatfox,etherhiding,victim",2026-09-24 16:06:45,2026-09-24 16:28:41,85
domain,sesva.co.uk,threatfox,Unknown Loader,"threatfox,etherhiding,victim",2026-09-24 16:06:45,2026-09-24 16:28:41,85
domain,sfbayxlencylimo.com,threatfox,Unknown Loader,"threatfox,etherhiding,victim",2026-09-24 16:06:45,2026-09-24 16:28:41,85
domain,sferrazza.net,threatfox,Unknown Loader,"threatfox,etherhiding,victim",2026-09-24 16:06:45,2026-09-24 16:28:41,85
domain,shahrukhkhan-sa.com,threatfox,Unknown Loader,"threatfox,etherhiding,victim",2026-09-24 16:06:45,2026-09-24 16:28:41,85
domain,shcsbeas.org,threatfox,Unknown Loader,"threatfox,etherhiding,victim",2026-09-24 16:06:45,2026-09-24 16:28:41,85
domain,sheikhjameel.com,threatfox,Unknown Loader,"threatfox,etherhiding,victim",2026-09-24 16:06:45,2026-09-24 16:28:41,85
domain,shnurki.in.ua,threatfox,Unknown Loader,"threatfox,etherhiding,victim",2026-09-24 16:06:45,2026-09-24 16:28:41,85
domain,shoetime.us,threatfox,Unknown Loader,"threatfox,etherhiding,victim",2026-09-24 16:06:45,2026-09-24 16:28:41,85
domain,signaturewindowwashing.com,threatfox,Unknown Loader,"threatfox,etherhiding,victim",2026-09-24 16:06:45,2026-09-24 16:28:41,85
domain,signsbyaz.com,threatfox,Unknown Loader,"threatfox,etherhiding,victim",2026-09-24 16:06:45,2026-09-24 16:28:41,85
domain,simplesinstituto.com,threatfox,Unknown Loader,"threatfox,etherhiding,victim",2026-09-24 16:06:45,2026-09-24 16:28:41,85
domain,siogj96381.workers.dev,threatfox,php.shin_webshell,"threatfox,Cloudflare,GIF,PHP,webshell,WordPress,workers.dev,wp-admin",2026-09-24 16:06:45,2026-09-24 16:28:41,85
domain,skybedhk.com,threatfox,Unknown Loader,"threatfox,etherhiding,victim",2026-09-24 16:06:45,2026-09-24 16:28:41,85
domain,slotresmijaya38.com,threatfox,Unknown Loader,"threatfox,etherhiding,victim",2026-09-24 16:06:45,2026-09-24 16:28:41,85
domain,slyouthempowerment.org,threatfox,Unknown Loader,"threatfox,etherhiding,victim",2026-09-24 16:06:45,2026-09-24 16:28:41,85
domain,smilebylee.com,threatfox,Unknown Loader,"threatfox,etherhiding,victim",2026-09-24 16:06:45,2026-09-24 16:28:41,85
domain,smileforabby.org,threatfox,Unknown Loader,"threatfox,etherhiding,victim",2026-09-24 16:06:45,2026-09-24 16:28:41,85
domain,smppgri1bululawang.sch.id,threatfox,Unknown Loader,"threatfox,etherhiding,victim",2026-09-24 16:06:45,2026-09-24 16:28:41,85
domain,snap4solutions.org,threatfox,Unknown Loader,"threatfox,etherhiding,victim",2026-09-24 16:06:45,2026-09-24 16:28:41,85
domain,sneakycleanco.com,threatfox,Unknown Loader,"threatfox,etherhiding,victim",2026-09-24 16:06:45,2026-09-24 16:28:41,85
domain,snururitextile.ro,threatfox,Unknown Loader,"threatfox,etherhiding,victim",2026-09-24 16:06:45,2026-09-24 16:28:41,85
domain,soderbergsweddingsandevents.com,threatfox,Unknown Loader,"threatfox,etherhiding,victim",2026-09-24 16:06:45,2026-09-24 16:28:41,85
domain,sofrekhane-sadabad.com,threatfox,Unknown Loader,"threatfox,etherhiding,victim",2026-09-24 16:06:45,2026-09-24 16:28:41,85
domain,softconduite78.fr,threatfox,Unknown Loader,"threatfox,etherhiding,victim",2026-09-24 16:06:45,2026-09-24 16:28:41,85
domain,soleresult.com,threatfox,Unknown Loader,"threatfox,etherhiding,victim",2026-09-24 16:06:45,2026-09-24 16:28:41,85
domain,solvoconsultingservices.com,threatfox,Unknown Loader,"threatfox,etherhiding,victim",2026-09-24 16:06:45,2026-09-24 16:28:41,85
domain,sommelierdeideias.com.br,threatfox,Unknown Loader,"threatfox,etherhiding,victim",2026-09-24 16:06:45,2026-09-24 16:28:41,85
domain,soon-sy.com,threatfox,Unknown Loader,"threatfox,etherhiding,victim",2026-09-24 16:06:45,2026-09-24 16:28:41,85
domain,southernoregonmovers.com,threatfox,Unknown Loader,"threatfox,etherhiding,victim",2026-09-24 16:06:45,2026-09-24 16:28:41,85
domain,souzacortes.com,threatfox,Unknown Loader,"threatfox,etherhiding,victim",2026-09-24 16:06:45,2026-09-24 16:28:41,85
domain,spestismen.com,threatfox,Unknown Loader,"threatfox,etherhiding,victim",2026-09-24 16:06:45,2026-09-24 16:28:41,85
domain,spiceguruindian.com.au,threatfox,Unknown Loader,"threatfox,etherhiding,victim",2026-09-24 16:06:45,2026-09-24 16:28:41,85
domain,spiritmediumlaura.com,threatfox,Unknown Loader,"threatfox,etherhiding,victim",2026-09-24 16:06:45,2026-09-24 16:28:41,85
domain,sportday.ir,threatfox,ClearFake,"threatfox,24September2026,ClearFake,Commandline,MacOS",2026-09-24 16:06:45,2026-09-24 16:28:41,85
domain,sports-revive.com,threatfox,Unknown Loader,"threatfox,etherhiding,victim",2026-09-24 16:06:45,2026-09-24 16:28:41,85
domain,spytechservices.com,threatfox,Unknown Loader,"threatfox,etherhiding,victim",2026-09-24 16:06:45,2026-09-24 16:28:41,85
domain,sriveereswarasaisadan.com,threatfox,Unknown Loader,"threatfox,etherhiding,victim",2026-09-24 16:06:45,2026-09-24 16:28:41,85
domain,ssssecurity.co.uk,threatfox,Unknown Loader,"threatfox,etherhiding,victim",2026-09-24 16:06:45,2026-09-24 16:28:41,85
domain,stabilityisland.net,threatfox,Unknown Loader,"threatfox,etherhiding,victim",2026-09-24 16:06:45,2026-09-24 16:28:41,85
domain,staccatomoveis.com.br,threatfox,Unknown Loader,"threatfox,etherhiding,victim",2026-09-24 16:06:45,2026-09-24 16:28:41,85
domain,stadplusevents.com,threatfox,Unknown Loader,"threatfox,etherhiding,victim",2026-09-24 16:06:45,2026-09-24 16:28:41,85
domain,stamppot-festival.nl,threatfox,Unknown Loader,"threatfox,etherhiding,victim",2026-09-24 16:06:45,2026-09-24 16:28:41,85
domain,starbrightinformationtechnology.com,threatfox,Unknown Loader,"threatfox,etherhiding,victim",2026-09-24 16:06:45,2026-09-24 16:28:41,85
domain,starsav.org,threatfox,Unknown Loader,"threatfox,etherhiding,victim",2026-09-24 16:06:45,2026-09-24 16:28:41,85
domain,stephaniestevensshow.com,threatfox,Unknown Loader,"threatfox,etherhiding,victim",2026-09-24 16:06:45,2026-09-24 16:28:41,85
domain,stevenparr.net,threatfox,Unknown Loader,"threatfox,etherhiding,victim",2026-09-24 16:06:45,2026-09-24 16:28:41,85
domain,stfrancistarntaran.com,threatfox,Unknown Loader,"threatfox,etherhiding,victim",2026-09-24 16:06:45,2026-09-24 16:28:41,85
domain,stilospeluqueriayestetica.es,threatfox,Unknown Loader,"threatfox,etherhiding,victim",2026-09-24 16:06:45,2026-09-24 16:28:41,85
domain,stock-cartel.com,threatfox,Unknown Loader,"threatfox,etherhiding,victim",2026-09-24 16:06:45,2026-09-24 16:28:41,85
domain,stopworkorderpinellas.com,threatfox,Unknown Loader,"threatfox,etherhiding,victim",2026-09-24 16:06:45,2026-09-24 16:28:41,85
domain,stpaulrawan.org,threatfox,Unknown Loader,"threatfox,etherhiding,victim",2026-09-24 16:06:45,2026-09-24 16:28:41,85
domain,strawmansion.co.nz,threatfox,Unknown Loader,"threatfox,etherhiding,victim",2026-09-24 16:06:45,2026-09-24 16:28:41,85
domain,stritabhojian.org,threatfox,Unknown Loader,"threatfox,etherhiding,victim",2026-09-24 16:06:45,2026-09-24 16:28:41,85
domain,strobelguimaraes.com,threatfox,Unknown Loader,"threatfox,etherhiding,victim",2026-09-24 16:06:45,2026-09-24 16:28:41,85
domain,stthomasschoolrajasansi.org,threatfox,Unknown Loader,"threatfox,etherhiding,victim",2026-09-24 16:06:45,2026-09-24 16:28:41,85
domain,stuckateur-reinhard.de,threatfox,Unknown Loader,"threatfox,etherhiding,victim",2026-09-24 16:06:45,2026-09-24 16:28:41,85
domain,studiogiordaninalin.it,threatfox,Unknown Loader,"threatfox,etherhiding,victim",2026-09-24 16:06:45,2026-09-24 16:28:41,85
domain,studiolesser.com,threatfox,Unknown Loader,"threatfox,etherhiding,victim",2026-09-24 16:06:45,2026-09-24 16:28:41,85
domain,stylive.net,threatfox,Unknown Loader,"threatfox,etherhiding,victim",2026-09-24 16:06:45,2026-09-24 16:28:41,85
domain,sudattiepereira.com.br,threatfox,Unknown Loader,"threatfox,etherhiding,victim",2026-09-24 16:06:45,2026-09-24 16:28:41,85
domain,suma.com,threatfox,Unknown Loader,"threatfox,etherhiding,victim",2026-09-24 16:06:45,2026-09-24 16:28:41,85
domain,sunsetridgechalet.com,threatfox,Unknown Loader,"threatfox,etherhiding,victim",2026-09-24 16:06:45,2026-09-24 16:28:41,85
domain,svdetectiveagency.com,threatfox,Unknown Loader,"threatfox,etherhiding,victim",2026-09-24 16:06:45,2026-09-24 16:28:41,85
domain,svl.in,threatfox,Unknown Loader,"threatfox,etherhiding,victim",2026-09-24 16:06:45,2026-09-24 16:28:41,85
domain,swisscuttools.com,threatfox,Unknown Loader,"threatfox,etherhiding,victim",2026-09-24 16:06:45,2026-09-24 16:28:41,85
domain,swkengenharia.com.br,threatfox,Unknown Loader,"threatfox,etherhiding,victim",2026-09-24 16:06:45,2026-09-24 16:28:41,85
domain,sydneyaustraliatours.com.au,threatfox,Unknown Loader,"threatfox,etherhiding,victim",2026-09-24 16:06:45,2026-09-24 16:28:41,85
domain,sync-dejavu.de,threatfox,IClickFix,"threatfox,ClickFix,GeoGated",2026-09-24 16:06:45,2026-09-24 16:28:41,85
domain,szkolamuzyczna.bobowa.pl,threatfox,Unknown Loader,"threatfox,etherhiding,victim",2026-09-24 16:06:45,2026-09-24 16:28:41,85
domain,tagseguros.com.br,threatfox,Unknown Loader,"threatfox,etherhiding,victim",2026-09-24 16:06:45,2026-09-24 16:28:41,85
domain,tajmahalmartigues.com,threatfox,Unknown Loader,"threatfox,etherhiding,victim",2026-09-24 16:06:45,2026-09-24 16:28:41,85
domain,talenthubadvisory.com,threatfox,Unknown Loader,"threatfox,etherhiding,victim",2026-09-24 16:06:45,2026-09-24 16:28:41,85
domain,tankhwa.pk,threatfox,Unknown Loader,"threatfox,etherhiding,victim",2026-09-24 16:06:45,2026-09-24 16:28:41,85
domain,tapsncorks.us,threatfox,Unknown Loader,"threatfox,etherhiding,victim",2026-09-24 16:06:45,2026-09-24 16:28:41,85
domain,taraezell.com,threatfox,Unknown Loader,"threatfox,etherhiding,victim",2026-09-24 16:06:45,2026-09-24 16:28:41,85
domain,tarantothinktank.it,threatfox,Unknown Loader,"threatfox,etherhiding,victim",2026-09-24 16:06:45,2026-09-24 16:28:41,85
domain,taskham.ir,threatfox,Unknown Loader,"threatfox,etherhiding,victim",2026-09-24 16:06:45,2026-09-24 16:28:41,85
domain,taxilinares20.com,threatfox,Unknown Loader,"threatfox,etherhiding,victim",2026-09-24 16:06:45,2026-09-24 16:28:41,85
domain,taximotopremium.fr,threatfox,Unknown Loader,"threatfox,etherhiding,victim",2026-09-24 16:06:45,2026-09-24 16:28:41,85
domain,taxwizsolutions.com,threatfox,Unknown Loader,"threatfox,etherhiding,victim",2026-09-24 16:06:45,2026-09-24 16:28:41,85
domain,tayseerulquran.net,threatfox,Unknown Loader,"threatfox,etherhiding,victim",2026-09-24 16:06:45,2026-09-24 16:28:41,85
domain,tckscholarship.org,threatfox,Unknown Loader,"threatfox,etherhiding,victim",2026-09-24 16:06:45,2026-09-24 16:28:41,85
domain,tcsd.at,threatfox,Unknown Loader,"threatfox,etherhiding,victim",2026-09-24 16:06:45,2026-09-24 16:28:41,85
domain,teamprovements.co,threatfox,Unknown Loader,"threatfox,etherhiding,victim",2026-09-24 16:06:45,2026-09-24 16:28:41,85
domain,teamtechresources.com,threatfox,Unknown Loader,"threatfox,etherhiding,victim",2026-09-24 16:06:45,2026-09-24 16:28:41,85
domain,techcloudltd.com,threatfox,Unknown Loader,"threatfox,etherhiding,victim",2026-09-24 16:06:45,2026-09-24 16:28:41,85
domain,techcloudltd.work,threatfox,IClickFix,"threatfox,ClickFix,GeoGated",2026-09-24 16:06:45,2026-09-24 16:28:41,85
domain,technofee.com,threatfox,Unknown Loader,"threatfox,etherhiding,victim",2026-09-24 16:06:45,2026-09-24 16:28:41,85
domain,technologymiles.com,threatfox,Unknown Loader,"threatfox,etherhiding,victim",2026-09-24 16:06:45,2026-09-24 16:28:41,85
domain,techscription.us,threatfox,Unknown Loader,"threatfox,etherhiding,victim",2026-09-24 16:06:45,2026-09-24 16:28:41,85
domain,techyuniversity.com,threatfox,Unknown Loader,"threatfox,etherhiding,victim",2026-09-24 16:06:45,2026-09-24 16:28:41,85
domain,techzinfinity.com,threatfox,Unknown Loader,"threatfox,etherhiding,victim",2026-09-24 16:06:45,2026-09-24 16:28:41,85
domain,teluricaestudio.com,threatfox,Unknown Loader,"threatfox,etherhiding,victim",2026-09-24 16:06:45,2026-09-24 16:28:41,85
domain,tep-limousin.fr,threatfox,Unknown Loader,"threatfox,etherhiding,victim",2026-09-24 16:06:45,2026-09-24 16:28:41,85
domain,thaivillaboutique.com,threatfox,Unknown Loader,"threatfox,etherhiding,victim",2026-09-24 16:06:45,2026-09-24 16:28:41,85
domain,theaffinitysalon.com,threatfox,Unknown Loader,"threatfox,etherhiding,victim",2026-09-24 16:06:45,2026-09-24 16:28:41,85
domain,theagendathai.com,threatfox,Unknown Loader,"threatfox,etherhiding,victim",2026-09-24 16:06:45,2026-09-24 16:28:41,85
domain,theamericancause.org,threatfox,Unknown Loader,"threatfox,etherhiding,victim",2026-09-24 16:06:45,2026-09-24 16:28:41,85
domain,thebiznessmusic.com,threatfox,Unknown Loader,"threatfox,etherhiding,victim",2026-09-24 16:06:45,2026-09-24 16:28:41,85
domain,theeventstudio.co.in,threatfox,Unknown Loader,"threatfox,etherhiding,victim",2026-09-24 16:06:45,2026-09-24 16:28:41,85
domain,thefepsiantorch.com,threatfox,Unknown Loader,"threatfox,etherhiding,victim",2026-09-24 16:06:45,2026-09-24 16:28:41,85
domain,thegita.net,threatfox,Unknown Loader,"threatfox,etherhiding,victim",2026-09-24 16:06:45,2026-09-24 16:28:41,85
domain,theofficialwebsite.top,threatfox,Unknown Loader,"threatfox,etherhiding,victim",2026-09-24 16:06:45,2026-09-24 16:28:41,85
domain,theomahalawyers.com,threatfox,Unknown Loader,"threatfox,etherhiding,victim",2026-09-24 16:06:45,2026-09-24 16:28:41,85
domain,therdtuniverse.com,threatfox,Unknown Loader,"threatfox,etherhiding,victim",2026-09-24 16:06:45,2026-09-24 16:28:41,85
domain,therec.co.th,threatfox,Unknown Loader,"threatfox,etherhiding,victim",2026-09-24 16:06:45,2026-09-24 16:28:41,85
domain,thereccorp.com,threatfox,Unknown Loader,"threatfox,etherhiding,victim",2026-09-24 16:06:45,2026-09-24 16:28:41,85
domain,thetuffmonkey.com,threatfox,Unknown Loader,"threatfox,etherhiding,victim",2026-09-24 16:06:45,2026-09-24 16:28:41,85
domain,theworldzooming.com,threatfox,Unknown Loader,"threatfox,etherhiding,victim",2026-09-24 16:06:45,2026-09-24 16:28:41,85
domain,thietkecokhi.vn,threatfox,Unknown Loader,"threatfox,etherhiding,victim",2026-09-24 16:06:45,2026-09-24 16:28:41,85
domain,thinktankamc.com,threatfox,Unknown Loader,"threatfox,etherhiding,victim",2026-09-24 16:06:45,2026-09-24 16:28:41,85
domain,thokhoabienhoa.com,threatfox,Unknown Loader,"threatfox,etherhiding,victim",2026-09-24 16:06:45,2026-09-24 16:28:41,85
domain,threebrothersram.com,threatfox,Unknown Loader,"threatfox,etherhiding,victim",2026-09-24 16:06:45,2026-09-24 16:28:41,85
domain,throughthelines.com,threatfox,Unknown Loader,"threatfox,etherhiding,victim",2026-09-24 16:06:45,2026-09-24 16:28:41,85
domain,tigabudakgemok.com.my,threatfox,Unknown Loader,"threatfox,etherhiding,victim",2026-09-24 16:06:45,2026-09-24 16:28:41,85
domain,tobiasregell.com,threatfox,Unknown Loader,"threatfox,etherhiding,victim",2026-09-24 16:06:45,2026-09-24 16:28:41,85
domain,tokai-yokosuka.co.jp,threatfox,IClickFix,"threatfox,ClickFix,GeoGated",2026-09-24 16:06:45,2026-09-24 16:28:41,85
domain,tokorara.com,threatfox,Unknown Loader,"threatfox,etherhiding,victim",2026-09-24 16:06:45,2026-09-24 16:28:41,85
domain,tomorealestate.nl,threatfox,Unknown Loader,"threatfox,etherhiding,victim",2026-09-24 16:06:45,2026-09-24 16:28:41,85
domain,topspacemanagement.com,threatfox,Unknown Loader,"threatfox,etherhiding,victim",2026-09-24 16:06:45,2026-09-24 16:28:41,85
domain,tradingriser.com,threatfox,Unknown Loader,"threatfox,etherhiding,victim",2026-09-24 16:06:45,2026-09-24 16:28:41,85
domain,transpau.com.br,threatfox,IClickFix,"threatfox,ClickFix,GeoGated",2026-09-24 16:06:45,2026-09-24 16:28:41,85
domain,transportecatalina.com,threatfox,Unknown Loader,"threatfox,etherhiding,victim",2026-09-24 16:06:45,2026-09-24 16:28:41,85
domain,trestinarezidence.cz,threatfox,Unknown Loader,"threatfox,etherhiding,victim",2026-09-24 16:06:45,2026-09-24 16:28:41,85
domain,triplehelixconferencebrazil.com,threatfox,Unknown Loader,"threatfox,etherhiding,victim",2026-09-24 16:06:45,2026-09-24 16:28:41,85
domain,tritonetransport.com,threatfox,Unknown Loader,"threatfox,etherhiding,victim",2026-09-24 16:06:45,2026-09-24 16:28:41,85
domain,trustagainps.org,threatfox,Unknown Loader,"threatfox,etherhiding,victim",2026-09-24 16:06:45,2026-09-24 16:28:41,85
domain,trypzomin.com,threatfox,IClickFix,"threatfox,ClickFix,GeoGated",2026-09-24 16:06:45,2026-09-24 16:28:41,85
domain,tudosobrepnl.com,threatfox,Unknown Loader,"threatfox,etherhiding,victim",2026-09-24 16:06:45,2026-09-24 16:28:41,85
domain,tureserva.com.mx,threatfox,Unknown Loader,"threatfox,etherhiding,victim",2026-09-24 16:06:45,2026-09-24 16:28:41,85
domain,tvsulcatarinense.com.br,threatfox,Unknown Loader,"threatfox,etherhiding,victim",2026-09-24 16:06:45,2026-09-24 16:28:41,85
domain,twizz-digital.com,threatfox,Unknown Loader,"threatfox,etherhiding,victim",2026-09-24 16:06:45,2026-09-24 16:28:41,85
domain,ufabet168.enterprises,threatfox,Unknown Loader,"threatfox,etherhiding,victim",2026-09-24 16:06:45,2026-09-24 16:28:41,85
domain,uniformes.agtex.com.br,threatfox,Unknown Loader,"threatfox,etherhiding,victim",2026-09-24 16:06:45,2026-09-24 16:28:41,85
domain,unitedinvstments.com,threatfox,Unknown Loader,"threatfox,etherhiding,victim",2026-09-24 16:06:45,2026-09-24 16:28:41,85
domain,universaltornillos.com,threatfox,Unknown Loader,"threatfox,etherhiding,victim",2026-09-24 16:06:45,2026-09-24 16:28:41,85
domain,usaimmersion.org,threatfox,Unknown Loader,"threatfox,etherhiding,victim",2026-09-24 16:06:45,2026-09-24 16:28:41,85
domain,vakantiewoning-vresse-sur-semois.be,threatfox,Unknown Loader,"threatfox,etherhiding,victim",2026-09-24 16:06:45,2026-09-24 16:28:41,85
domain,valura.in,threatfox,Unknown Loader,"threatfox,etherhiding,victim",2026-09-24 16:06:45,2026-09-24 16:28:41,85
domain,vanessaveloni.com.br,threatfox,Unknown Loader,"threatfox,etherhiding,victim",2026-09-24 16:06:45,2026-09-24 16:28:41,85
domain,vanremoorterebv.be,threatfox,IClickFix,"threatfox,ClickFix,GeoGated",2026-09-24 16:06:45,2026-09-24 16:28:41,85
domain,variideas.com,threatfox,Unknown Loader,"threatfox,etherhiding,victim",2026-09-24 16:06:45,2026-09-24 16:28:41,85
domain,vasitservis.cz,threatfox,Unknown Loader,"threatfox,etherhiding,victim",2026-09-24 16:06:45,2026-09-24 16:28:41,85
domain,verbainternat.com.ua,threatfox,Unknown Loader,"threatfox,etherhiding,victim",2026-09-24 16:06:45,2026-09-24 16:28:41,85
domain,versemua.com,threatfox,Unknown Loader,"threatfox,etherhiding,victim",2026-09-24 16:06:45,2026-09-24 16:28:41,85
domain,verzinoadventure.it,threatfox,Unknown Loader,"threatfox,etherhiding,victim",2026-09-24 16:06:45,2026-09-24 16:28:41,85
domain,victoriamoyle.com,threatfox,Unknown Loader,"threatfox,etherhiding,victim",2026-09-24 16:06:45,2026-09-24 16:28:41,85
domain,vidafit.fit,threatfox,Unknown Loader,"threatfox,etherhiding,victim",2026-09-24 16:06:45,2026-09-24 16:28:41,85
domain,videobuddyapk.com.in,threatfox,IClickFix,"threatfox,ClickFix,GeoGated",2026-09-24 16:06:45,2026-09-24 16:28:41,85
domain,vidracariakingglass.com.br,threatfox,Unknown Loader,"threatfox,etherhiding,victim",2026-09-24 16:06:45,2026-09-24 16:28:41,85
domain,villalesoliviers.fr,threatfox,Unknown Loader,"threatfox,etherhiding,victim",2026-09-24 16:06:45,2026-09-24 16:28:41,85
domain,violetfleur.com,threatfox,Unknown Loader,"threatfox,etherhiding,victim",2026-09-24 16:06:45,2026-09-24 16:28:41,85
domain,vivalaskinandlashes.com,threatfox,Unknown Loader,"threatfox,etherhiding,victim",2026-09-24 16:06:45,2026-09-24 16:28:41,85
domain,vlijmenseboys.nl,threatfox,Unknown Loader,"threatfox,etherhiding,victim",2026-09-24 16:06:45,2026-09-24 16:28:41,85
domain,vodanza.com,threatfox,Unknown Loader,"threatfox,etherhiding,victim",2026-09-24 16:06:45,2026-09-24 16:28:41,85
domain,vpanel.v-panel.asia,threatfox,Vidar,threatfox,2026-09-24 16:06:45,2026-09-24 16:28:41,85
domain,vppolytechnic.org,threatfox,Unknown Loader,"threatfox,etherhiding,victim",2026-09-24 16:06:45,2026-09-24 16:28:41,85
domain,vutanale.workers.dev,threatfox,php.shin_webshell,"threatfox,Cloudflare,GIF,PHP,webshell,WordPress,workers.dev,wp-admin",2026-09-24 16:06:45,2026-09-24 16:28:41,85
domain,vysqdcm6.sportday.ir,threatfox,ClearFake,"threatfox,ClearFake,mac-0xdcf2,macos",2026-09-24 16:06:45,2026-09-24 16:28:41,85
domain,vzlastreaming.com,threatfox,Unknown Loader,"threatfox,etherhiding,victim",2026-09-24 16:06:45,2026-09-24 16:28:41,85
domain,wagyujc.com,threatfox,Unknown Loader,"threatfox,etherhiding,victim",2026-09-24 16:06:45,2026-09-24 16:28:41,85
domain,wajahsulsel.id,threatfox,Unknown Loader,"threatfox,etherhiding,victim",2026-09-24 16:06:45,2026-09-24 16:28:41,85
domain,walldecorstore.in,threatfox,Unknown Loader,"threatfox,etherhiding,victim",2026-09-24 16:06:45,2026-09-24 16:28:41,85
domain,wandel-inge.nl,threatfox,Unknown Loader,"threatfox,etherhiding,victim",2026-09-24 16:06:45,2026-09-24 16:28:41,85
domain,wbhenterprises.com,threatfox,Unknown Loader,"threatfox,etherhiding,victim",2026-09-24 16:06:45,2026-09-24 16:28:41,85
domain,webenglishcenter.com,threatfox,Unknown Loader,"threatfox,etherhiding,victim",2026-09-24 16:06:45,2026-09-24 16:28:41,85
domain,webrapi.com,threatfox,Unknown Loader,"threatfox,etherhiding,victim",2026-09-24 16:06:45,2026-09-24 16:28:41,85
domain,weeklycitizen.co.ke,threatfox,Unknown Loader,"threatfox,etherhiding,victim",2026-09-24 16:06:45,2026-09-24 16:28:41,85
domain,wefixhailforfree.com,threatfox,Unknown Loader,"threatfox,etherhiding,victim",2026-09-24 16:06:45,2026-09-24 16:28:41,85
domain,wellbeingforhealth.com,threatfox,Unknown Loader,"threatfox,etherhiding,victim",2026-09-24 16:06:45,2026-09-24 16:28:41,85
domain,weltladen-aurich.de,threatfox,Unknown Loader,"threatfox,etherhiding,victim",2026-09-24 16:06:45,2026-09-24 16:28:41,85
domain,westzoneapp.com,threatfox,Unknown Loader,"threatfox,etherhiding,victim",2026-09-24 16:06:45,2026-09-24 16:28:41,85
domain,wfmxj53595.workers.dev,threatfox,php.shin_webshell,"threatfox,Cloudflare,GIF,PHP,webshell,WordPress,workers.dev,wp-admin",2026-09-24 16:06:45,2026-09-24 16:28:41,85
domain,windoweaze.com,threatfox,Unknown Loader,"threatfox,etherhiding,victim",2026-09-24 16:06:45,2026-09-24 16:28:41,85
domain,winsochacoon.com,threatfox,IClickFix,"threatfox,ClickFix,GeoGated",2026-09-24 16:06:45,2026-09-24 16:28:41,85
domain,wkupaachen.de,threatfox,Unknown Loader,"threatfox,etherhiding,victim",2026-09-24 16:06:45,2026-09-24 16:28:41,85
domain,wolfserviceco.hu,threatfox,Unknown Loader,"threatfox,etherhiding,victim",2026-09-24 16:06:45,2026-09-24 16:28:41,85
domain,wooshopapp.com,threatfox,Unknown Loader,"threatfox,etherhiding,victim",2026-09-24 16:06:45,2026-09-24 16:28:41,85
domain,worldbookies.org,threatfox,Unknown Loader,"threatfox,etherhiding,victim",2026-09-24 16:06:45,2026-09-24 16:28:41,85
domain,wvhindutemple.org,threatfox,Unknown Loader,"threatfox,etherhiding,victim",2026-09-24 16:06:45,2026-09-24 16:28:41,85
domain,www-reddybook.club,threatfox,Unknown Loader,"threatfox,etherhiding,victim",2026-09-24 16:06:45,2026-09-24 16:28:41,85
domain,wyndhamgardenzomin.com,threatfox,IClickFix,"threatfox,ClickFix,GeoGated",2026-09-24 16:06:45,2026-09-24 16:28:41,85
domain,x-airlsa.com,threatfox,Unknown Loader,"threatfox,etherhiding,victim",2026-09-24 16:06:45,2026-09-24 16:28:41,85
domain,x666gamee.com.pk,threatfox,Unknown Loader,"threatfox,etherhiding,victim",2026-09-24 16:06:45,2026-09-24 16:28:41,85
domain,xifinetworks.com,threatfox,Unknown Loader,"threatfox,etherhiding,victim",2026-09-24 16:06:45,2026-09-24 16:28:41,85
domain,xn----twfbm8fm7csmhb7drd2b9ctk4i0k.com,threatfox,Unknown Loader,"threatfox,etherhiding,victim",2026-09-24 16:06:45,2026-09-24 16:28:41,85
domain,xn--viasonrie-m6a.cl,threatfox,Unknown Loader,"threatfox,etherhiding,victim",2026-09-24 16:06:45,2026-09-24 16:28:41,85
domain,xnjwhp5s.arayemek.com,threatfox,ClearFake,"threatfox,ClearFake,mac-0x68dc,macos",2026-09-24 16:06:45,2026-09-24 16:28:41,85
domain,xudevylo.workers.dev,threatfox,php.shin_webshell,"threatfox,Cloudflare,GIF,PHP,webshell,WordPress,workers.dev,wp-admin",2026-09-24 16:06:45,2026-09-24 16:28:41,85
domain,yas-news.net,threatfox,Unknown Loader,"threatfox,etherhiding,victim",2026-09-24 16:06:45,2026-09-24 16:28:41,85
domain,yellowboximmigration.com,threatfox,Unknown Loader,"threatfox,etherhiding,victim",2026-09-24 16:06:45,2026-09-24 16:28:41,85
domain,youngpropertypartners.com,threatfox,Unknown Loader,"threatfox,etherhiding,victim",2026-09-24 16:06:45,2026-09-24 16:28:41,85
domain,yrmok.com,threatfox,Unknown Loader,"threatfox,etherhiding,victim",2026-09-24 16:06:45,2026-09-24 16:28:41,85
domain,zaminu.com,threatfox,Unknown Loader,"threatfox,etherhiding,victim",2026-09-24 16:06:45,2026-09-24 16:28:41,85
domain,zaura.cy,threatfox,Unknown Loader,"threatfox,etherhiding,victim",2026-09-24 16:06:45,2026-09-24 16:28:41,85
domain,zofia.co.za,threatfox,Unknown Loader,"threatfox,etherhiding,victim",2026-09-24 16:06:45,2026-09-24 16:28:41,85
domain,zomnotho.org.za,threatfox,Unknown Loader,"threatfox,etherhiding,victim",2026-09-24 16:06:45,2026-09-24 16:28:41,85
domain,zwavhudianimalfeeds.co.za,threatfox,Unknown Loader,"threatfox,etherhiding,victim",2026-09-24 16:06:45,2026-09-24 16:28:41,85
hash_md5,018be297f512f38da950f3d580e76be6,malwarebazaar,exe,exe,2026-09-24 16:00:25,2026-09-24 16:28:41,85
hash_md5,02b5be9f17e2a9cf486010c4b6f8ee5f,malwarebazaar,Mirai,elf,2026-09-24 16:00:25,2026-09-24 16:28:41,85
hash_md5,03a01fd1e5cb070f925459585e1e9281,malwarebazaar,Formbook,"Formbook,js",2026-09-24 16:00:25,2026-09-24 16:28:41,85
hash_md5,041f411f951449913d6fcab559086ab0,malwarebazaar,VenomRAT,"exe,VenomRAT",2026-09-24 16:00:25,2026-09-24 16:28:41,85
hash_md5,04fd4098ce4fe07ee8e6ad3c86233119,malwarebazaar,MassLogger,"geo,MassLogger,TUR,vbe",2026-09-24 16:00:25,2026-09-24 16:28:41,85
hash_md5,08bf425354c05c4033727cf40d44378f,malwarebazaar,VShell,"exe,VShell",2026-09-24 16:00:25,2026-09-24 16:28:41,85
hash_md5,0c7dd3b979c3fdeba56c6ae312345548,threatfox,CrossRAT,threatfox,2026-09-24 16:06:45,2026-09-24 16:28:41,85
hash_md5,0c7dd3b979c3fdeba56c6ae312345548,malwarebazaar,RemcosRAT,"exe,RemcosRAT",2026-09-24 16:00:25,2026-09-24 16:28:41,85
hash_md5,0dd15c1210bf0a988ab46e21a9f7be29,malwarebazaar,Mirai,"elf,Mirai",2026-09-24 16:00:25,2026-09-24 16:28:41,85
hash_md5,1013462e1b92e4c48ef9386ca83c3032,malwarebazaar,Mirai,"elf,Mirai,upx",2026-09-24 16:00:25,2026-09-24 16:28:41,85
hash_md5,103cb7c64690ddf4081767bda68b42c6,malwarebazaar,unknown,"jpg,stego",2026-09-24 16:00:26,2026-09-24 16:28:41,85
hash_md5,160c67baa52840ddaa24c5588ca3005b,malwarebazaar,Mirai,"elf,Mirai",2026-09-24 16:00:25,2026-09-24 16:28:41,85
hash_md5,170d91e51036ad54f3cc8c7fcf86f3e1,malwarebazaar,exe,exe,2026-09-24 16:00:25,2026-09-24 16:28:41,85
hash_md5,190360df863997631c718fab8c282fb7,malwarebazaar,Mirai,"arm,cowrie,elf,honeypot,Mirai",2026-09-24 16:00:25,2026-09-24 16:28:41,85
hash_md5,1a2eb4add748ffbe552d2bbc9d289bab,malwarebazaar,vbs,vbs,2026-09-24 16:00:25,2026-09-24 16:28:41,85
hash_md5,1ca26b57598f79603d7e4da730c98965,threatfox,DBoxAgent,threatfox,2026-09-24 16:06:45,2026-09-24 16:28:41,85
hash_md5,1d7f767949c8b93aae39fc36ff7971af,malwarebazaar,SVCStealer,"579cd0,clip64.dll,dll,dropped-by-Amadey,plugin,SVCStealer",2026-09-24 16:00:25,2026-09-24 16:28:41,85
hash_md5,1e5dc1aad3f445c5185d73c747ddcaaa,malwarebazaar,exe,"B,dropped-by-GCleaner,exe,PPMIX0.file",2026-09-24 16:00:25,2026-09-24 16:28:41,85
hash_md5,1ee2558559d5278a665f161d1bb352a3,malwarebazaar,Mirai,elf,2026-09-24 16:00:25,2026-09-24 16:28:41,85
hash_md5,246f5efae99590b3ee068cc93f211224,malwarebazaar,Mirai,"elf,Mirai,upx-dec",2026-09-24 16:00:25,2026-09-24 16:28:41,85
hash_md5,25063c91ed3038badcf8048d085c8372,malwarebazaar,RemcosRAT,"js,RemcosRAT",2026-09-24 16:00:25,2026-09-24 16:28:41,85
hash_md5,25ab92ee82ade84a25afec680f055e3c,malwarebazaar,Mirai,"elf,Mirai",2026-09-24 16:00:25,2026-09-24 16:28:41,85
hash_md5,28b2e5b18428cea167fff1452467a4e8,malwarebazaar,AveMariaRAT,"AveMariaRAT,js",2026-09-24 16:00:25,2026-09-24 16:28:41,85
hash_md5,2cae780aa3a8a32cc5ece8e8780a95d1,malwarebazaar,Mirai,"elf,Mirai",2026-09-24 16:00:26,2026-09-24 16:28:41,85
hash_md5,2dad8ac5d2ac6141afaf2912bfb4c366,malwarebazaar,js,js,2026-09-24 16:00:25,2026-09-24 16:28:41,85
hash_md5,2f7be547efff1195fc907e95c30c14b2,malwarebazaar,VIPKeylogger,"js,VIPKeylogger",2026-09-24 16:00:25,2026-09-24 16:28:41,85
hash_md5,308efe3b630214c631dc034bad29649b,malwarebazaar,LxBaseRAT,"js,LxBaseRAT",2026-09-24 16:00:25,2026-09-24 16:28:41,85
hash_md5,31edc1eef538fdb429601d26422834b3,threatfox,Nanocore RAT,threatfox,2026-09-24 16:06:45,2026-09-24 16:28:41,85
hash_md5,31edc1eef538fdb429601d26422834b3,malwarebazaar,NanoCore,exe,2026-09-24 16:00:25,2026-09-24 16:28:41,85
hash_md5,32f0a7c31e7abe553b798687a76080fd,malwarebazaar,exe,"579cd0,dropped-by-Amadey,exe",2026-09-24 16:00:25,2026-09-24 16:28:41,85
hash_md5,330122a06ff07116214ee6e544a4da67,malwarebazaar,exe,exe,2026-09-24 16:00:25,2026-09-24 16:28:41,85
hash_md5,332d9ebb9a94b203c7f7cc9ffe7d193d,malwarebazaar,RemcosRAT,"FedEx,js,RemcosRAT",2026-09-24 16:00:25,2026-09-24 16:28:41,85
hash_md5,359837078402250ac4f95e1154fdb76a,malwarebazaar,vbs,vbs,2026-09-24 16:00:25,2026-09-24 16:28:41,85
hash_md5,37bacf90b7973fcf74f53812310219b8,malwarebazaar,exe,exe,2026-09-24 16:00:25,2026-09-24 16:28:41,85
hash_md5,3b892cf45c0a6842fe7e5e1742154505,malwarebazaar,PureLogsStealer,js,2026-09-24 16:00:25,2026-09-24 16:28:41,85
hash_md5,3d4db6b2938392e754068a90e405753b,malwarebazaar,PhantomStealer,"js,PhantomStealer",2026-09-24 16:00:25,2026-09-24 16:28:41,85
hash_md5,3d5024134ce11a1847367c6fdd680a26,malwarebazaar,GuLoader,"GuLoader,js",2026-09-24 16:00:25,2026-09-24 16:28:41,85
hash_md5,40e450a6dba587d58fe4f7bf4f07020c,malwarebazaar,exe,"579cd0,dropped-by-Amadey,exe",2026-09-24 16:00:25,2026-09-24 16:28:41,85
hash_md5,43195059a14e84a7f3344a59c7e3432a,malwarebazaar,VShell,"exe,VShell",2026-09-24 16:00:25,2026-09-24 16:28:41,85
hash_md5,47ed7361739846e6a1881554030fb413,malwarebazaar,MassLogger,"exe,MassLogger",2026-09-24 16:00:25,2026-09-24 16:28:41,85
hash_md5,497031be7e5189b3dfd1db1b48dfbcd6,malwarebazaar,Mirai,"elf,Gafgyt,Mirai",2026-09-24 16:00:25,2026-09-24 16:28:41,85
hash_md5,49dda0d952a5fd590903a62b9e73695a,malwarebazaar,Formbook,"Formbook,js",2026-09-24 16:00:25,2026-09-24 16:28:41,85
hash_md5,4c63f2a5e99b663d4ae7957de78876c4,malwarebazaar,Mirai,elf,2026-09-24 16:00:25,2026-09-24 16:28:41,85
hash_md5,4ea1687c540ef232cf4e458302b782b6,malwarebazaar,Mirai,elf,2026-09-24 16:00:25,2026-09-24 16:28:41,85
hash_md5,537fb80015790e31d1815dd53be225e9,malwarebazaar,RemcosRAT,"geo,js,POL,RemcosRAT",2026-09-24 16:00:25,2026-09-24 16:28:41,85
hash_md5,546ceb7c675e080464c8e798a830ace5,malwarebazaar,RemcosRAT,"FedEx,js,RemcosRAT",2026-09-24 16:00:25,2026-09-24 16:28:41,85
hash_md5,5537348d4f97ce42a56601b16374fbd4,malwarebazaar,unknown,"jpg,stego",2026-09-24 16:00:26,2026-09-24 16:28:41,85
hash_md5,553c4f250880c9a4f5ff0d5971f3e2dc,malwarebazaar,GuLoader,js,2026-09-24 16:00:25,2026-09-24 16:28:41,85
hash_md5,55d635733571cf404f3af64646dc97e9,threatfox,GCleaner,threatfox,2026-09-24 16:06:45,2026-09-24 16:28:41,85
hash_md5,55d635733571cf404f3af64646dc97e9,malwarebazaar,GCleaner,exe,2026-09-24 16:00:25,2026-09-24 16:28:41,85
hash_md5,57c834f445dbbd5d56aa16fa2a083b19,malwarebazaar,iso,iso,2026-09-24 16:00:25,2026-09-24 16:28:41,85
hash_md5,5c26a7a340a91f560e1f981cd5543555,malwarebazaar,js,js,2026-09-24 16:00:25,2026-09-24 16:28:41,85
hash_md5,5deefdbdbc54eb8fa9f886b5c7030beb,malwarebazaar,Formbook,"Formbook,js",2026-09-24 16:00:25,2026-09-24 16:28:41,85
hash_md5,5dfc22521e1e0ab0309918a0a2a630f6,malwarebazaar,AgentTesla,"AgentTesla,js",2026-09-24 16:00:25,2026-09-24 16:28:41,85
hash_md5,6140d1eb546f0672c97443e69d2b20f7,malwarebazaar,apk,apk,2026-09-24 16:00:25,2026-09-24 16:28:41,85
hash_md5,6200240443329003bc9e2b3ddfbe34da,threatfox,ValleyRAT,threatfox,2026-09-24 16:06:45,2026-09-24 16:28:41,85
hash_md5,645b44be7d9e6462e0e5bbd2fd9e137f,malwarebazaar,js,js,2026-09-24 16:00:25,2026-09-24 16:28:41,85
hash_md5,6515783650e67fc9f0f57f2846bef5ff,malwarebazaar,RemcosRAT,"js,RemcosRAT",2026-09-24 16:00:25,2026-09-24 16:28:41,85
hash_md5,6858776324ac64f3b648efb95acb4e31,malwarebazaar,RemcosRAT,"js,RemcosRAT",2026-09-24 16:00:25,2026-09-24 16:28:41,85
hash_md5,69476f438ae977969c723acf74d4feb9,malwarebazaar,Mirai,"elf,Mirai,upx-dec",2026-09-24 16:00:26,2026-09-24 16:28:41,85
hash_md5,69e78397eb70ac733a9ecba8192ae096,malwarebazaar,VIPKeylogger,"js,VIPKeylogger",2026-09-24 16:00:25,2026-09-24 16:28:41,85
hash_md5,69f4bb659c8eeb1f85734e4e17a0fd6b,malwarebazaar,Stealc,"exe,Stealc",2026-09-24 16:00:25,2026-09-24 16:28:41,85
hash_md5,6b916c806ce9e53423941fb83d559bf5,malwarebazaar,Mirai,"elf,Gafgyt,Mirai",2026-09-24 16:00:26,2026-09-24 16:28:41,85
hash_md5,6be52cff9e9299b323c98ded7eb30bfa,malwarebazaar,AgentTesla,"AgentTesla,js",2026-09-24 16:00:25,2026-09-24 16:28:41,85
hash_md5,6c2780b60fa96cda7ed3e117bbf40d54,malwarebazaar,js,js,2026-09-24 16:00:25,2026-09-24 16:28:41,85
hash_md5,6f52ba3798fcb4bf71501245ce85b9f7,malwarebazaar,Mirai,"elf,Mirai,upx-dec",2026-09-24 16:00:25,2026-09-24 16:28:41,85
hash_md5,71a5f6f74bca9fe338ccc2daca9517a5,malwarebazaar,RemcosRAT,"js,RemcosRAT",2026-09-24 16:00:25,2026-09-24 16:28:41,85
hash_md5,749a9fe410557b7608382a35ba3f4073,malwarebazaar,VShell,"exe,VShell",2026-09-24 16:00:25,2026-09-24 16:28:41,85
hash_md5,76103889a4219e2e0335a60eb1c903bd,malwarebazaar,RemcosRAT,"js,RAT,RemcosRAT",2026-09-24 16:00:25,2026-09-24 16:28:41,85
hash_md5,78ad2cce134fd6e9819489fabdfeffa1,threatfox,Coinminer,threatfox,2026-09-24 16:06:45,2026-09-24 16:28:41,85
hash_md5,78ad2cce134fd6e9819489fabdfeffa1,malwarebazaar,CoinMiner,"CoinMiner,exe",2026-09-24 16:00:25,2026-09-24 16:28:41,85
hash_md5,79a5bae0e0cedfea6e7e90249363cb18,malwarebazaar,js,js,2026-09-24 16:00:25,2026-09-24 16:28:41,85
hash_md5,7b8ab524ee94507bdedef566dec68556,malwarebazaar,apk,apk,2026-09-24 16:00:25,2026-09-24 16:28:41,85
hash_md5,7e1584b3e65622091fcea9a4465a248e,malwarebazaar,VShell,"exe,VShell",2026-09-24 16:00:25,2026-09-24 16:28:41,85
hash_md5,833cdd365d2dd29832a711dc2da5a584,threatfox,Logedrut,threatfox,2026-09-24 16:06:45,2026-09-24 16:28:41,85
hash_md5,84a2136b8495133387c6d279a98953ee,malwarebazaar,Formbook,"Formbook,js",2026-09-24 16:00:25,2026-09-24 16:28:41,85
hash_md5,87e9bbf8e3d424168f47fd09d802a213,malwarebazaar,Mirai,"elf,Gafgyt,Mirai",2026-09-24 16:00:25,2026-09-24 16:28:41,85
hash_md5,8825e7aaf02d7f7b3cd25f13cb2e287e,malwarebazaar,Mirai,"elf,Gafgyt,Mirai",2026-09-24 16:00:26,2026-09-24 16:28:41,85
hash_md5,89b6dacb5cd23188e335183095e78217,malwarebazaar,Mirai,"elf,Mirai",2026-09-24 16:00:25,2026-09-24 16:28:41,85
hash_md5,8bf246731e4ec754b1ad74969534056f,malwarebazaar,unknown,"jpg,stego",2026-09-24 16:00:26,2026-09-24 16:28:41,85
hash_md5,8c8968066197448ff896641b8e83a447,malwarebazaar,Mirai,"elf,Gafgyt,Mirai",2026-09-24 16:00:25,2026-09-24 16:28:41,85
hash_md5,8efaf1924bf61d6d67c1bb7bfea26bd9,malwarebazaar,sh,"script,sh",2026-09-24 16:00:25,2026-09-24 16:28:41,85
hash_md5,9357e6d54fe7482f40977cfb4215afb1,malwarebazaar,jar,"jar,java,Python,SilentNet",2026-09-24 16:00:25,2026-09-24 16:28:41,85
hash_md5,9542bf82499adf3d5bd96a3ce9dc0f42,malwarebazaar,Mirai,"arm,cowrie,elf,honeypot,mirai,mozi,torii",2026-09-24 16:00:25,2026-09-24 16:28:41,85
hash_md5,95aa45083fb194a8609d09422856d09a,malwarebazaar,vbs,vbs,2026-09-24 16:00:25,2026-09-24 16:28:41,85
hash_md5,96066fc61ecd5e99c60d71be1976adff,malwarebazaar,AgentTesla,"AgentTesla,js",2026-09-24 16:00:25,2026-09-24 16:28:41,85
hash_md5,9bb509c72b671cc06446c0e81eb5b0a0,malwarebazaar,Mirai,"elf,Mirai,upx",2026-09-24 16:00:26,2026-09-24 16:28:41,85
hash_md5,9bfe7a4872a34a2610631c06d5e6415d,malwarebazaar,GuLoader,"GuLoader,js",2026-09-24 16:00:25,2026-09-24 16:28:41,85
hash_md5,9c72ca08387e51b4a245c7bbf2dc7a9b,malwarebazaar,elf,elf,2026-09-24 16:00:25,2026-09-24 16:28:41,85
hash_md5,9cd23af2fab502a74ea65aa1e6793f32,malwarebazaar,Mirai,elf,2026-09-24 16:00:25,2026-09-24 16:28:41,85
hash_md5,a2733f52cb33e3199845f7d072384231,malwarebazaar,VShell,"exe,VShell",2026-09-24 16:00:25,2026-09-24 16:28:41,85
hash_md5,a354d623478aa9dacca433f806f52853,malwarebazaar,RemcosRAT,"js,RemcosRAT",2026-09-24 16:00:25,2026-09-24 16:28:41,85
hash_md5,a3ee57d15febe85ea83e8ea2e483ba5c,malwarebazaar,Formbook,"Formbook,js",2026-09-24 16:00:25,2026-09-24 16:28:41,85
hash_md5,a52952017cabc908b77e13fa0534d38a,malwarebazaar,GuLoader,js,2026-09-24 16:00:25,2026-09-24 16:28:41,85
hash_md5,a950920fc3f225f01686de31ccd7f98e,malwarebazaar,RemcosRAT,"js,RemcosRAT",2026-09-24 16:00:25,2026-09-24 16:28:41,85
hash_md5,aa08ca067767b666a54ea0abf3618b69,malwarebazaar,Mirai,"elf,Mirai,upx-dec",2026-09-24 16:00:25,2026-09-24 16:28:41,85
hash_md5,aaa81ac7dd1c4f955a2f064452fd4b17,malwarebazaar,exe,"B,BB5.file,dropped-by-GCleaner,exe",2026-09-24 16:00:25,2026-09-24 16:28:41,85
hash_md5,afe25a96b4447c005de4653d79b18bc7,malwarebazaar,VShell,"exe,VShell",2026-09-24 16:00:25,2026-09-24 16:28:41,85
hash_md5,b0ef9aa5a1abf1e7a106656c7e09b25f,malwarebazaar,Formbook,"Formbook,js",2026-09-24 16:00:25,2026-09-24 16:28:41,85
hash_md5,b115026cbb666fc5782a19660838dc85,malwarebazaar,exe,"54e64e,dropped-by-Amadey,exe,signed",2026-09-24 16:00:25,2026-09-24 16:28:41,85
hash_md5,b8f815740b89f9ba3416a6e97d496202,malwarebazaar,lnk,lnk,2026-09-24 16:00:25,2026-09-24 16:28:41,85
hash_md5,bb871f672b35009b379eab8deece9db1,malwarebazaar,Mirai,"elf,Gafgyt,Mirai",2026-09-24 16:00:25,2026-09-24 16:28:41,85
hash_md5,c63252b9da49e7c2d84124c0a097c522,malwarebazaar,Mirai,"elf,Mirai,upx",2026-09-24 16:00:25,2026-09-24 16:28:41,85
hash_md5,c705fea2fd2e6c119c1138f1b74cd798,threatfox,SVCStealer,threatfox,2026-09-24 16:06:45,2026-09-24 16:28:41,85
hash_md5,c705fea2fd2e6c119c1138f1b74cd798,malwarebazaar,SVCStealer,"579cd0,cred64.dll,dropped-by-Amadey,exe,plugin,SVCStealer",2026-09-24 16:00:25,2026-09-24 16:28:41,85
hash_md5,c87cdff96cf2f30bd7665a151e6ee3a5,threatfox,ValleyRAT,threatfox,2026-09-24 16:06:45,2026-09-24 16:28:41,85
hash_md5,c9dd06b54122a3c7b27299720b403a92,threatfox,ValleyRAT,threatfox,2026-09-24 16:06:45,2026-09-24 16:28:41,85
hash_md5,cd4247e33148b91be70282885447f757,threatfox,ValleyRAT,threatfox,2026-09-24 16:06:45,2026-09-24 16:28:41,85
hash_md5,d00cf49ad9aa8ae2a4fded9a3302b614,malwarebazaar,RemcosRAT,"js,RemcosRAT",2026-09-24 16:00:25,2026-09-24 16:28:41,85
hash_md5,d2941564cf332139c49ef0b5a63e0fda,malwarebazaar,SVCStealer,"579cd0,cred.dll,dll,dropped-by-Amadey,plugin,SVCStealer",2026-09-24 16:00:25,2026-09-24 16:28:41,85
hash_md5,d4bdc5e060fcbe18e7b2b9042f739751,malwarebazaar,VShell,"exe,VShell",2026-09-24 16:00:25,2026-09-24 16:28:41,85
hash_md5,d55563573516bf75ed02d317d9060787,malwarebazaar,Formbook,"Formbook,js",2026-09-24 16:00:25,2026-09-24 16:28:41,85
hash_md5,d70ef924fd1a5ca1ad53c0e7ae39e16a,malwarebazaar,Mirai,elf,2026-09-24 16:00:25,2026-09-24 16:28:41,85
hash_md5,d91e778e3fa9391dc321b4236a8adb3a,malwarebazaar,vbs,vbs,2026-09-24 16:00:25,2026-09-24 16:28:41,85
hash_md5,dc250c5005f2c30c9c5d2a2de175dfbf,malwarebazaar,elf,elf,2026-09-24 16:00:25,2026-09-24 16:28:41,85
hash_md5,dd603edf7cff33af51f940032ed81fb1,malwarebazaar,unknown,"jpg,stego",2026-09-24 16:00:26,2026-09-24 16:28:41,85
hash_md5,dd61c39c786309006212b05a930258da,malwarebazaar,Formbook,"Formbook,js",2026-09-24 16:00:25,2026-09-24 16:28:41,85
hash_md5,dd6920d9209ea1cdcbb9be9e2e605d57,threatfox,ValleyRAT,threatfox,2026-09-24 16:06:45,2026-09-24 16:28:41,85
hash_md5,dda557dc194562fbfebe6de5688dd59b,malwarebazaar,Mirai,"elf,Mirai,upx",2026-09-24 16:00:25,2026-09-24 16:28:41,85
hash_md5,e05956d5156e92bcfa84f676d0a1dd1c,malwarebazaar,AgentTesla,"AgentTesla,js",2026-09-24 16:00:25,2026-09-24 16:28:41,85
hash_md5,e16399d81fd3f056dd4b9d8dd2750868,malwarebazaar,MassLogger,"MassLogger,vbe",2026-09-24 16:00:25,2026-09-24 16:28:41,85
hash_md5,e1863850d14c7fe5110c66146d941568,malwarebazaar,apk,apk,2026-09-24 16:00:25,2026-09-24 16:28:41,85
hash_md5,e2967cbefb3587afa58a4e83ac798792,malwarebazaar,Mirai,"elf,Gafgyt,Mirai",2026-09-24 16:00:25,2026-09-24 16:28:41,85
hash_md5,e4a8a9b853b86aeb9d46a0153f5b6046,malwarebazaar,Mirai,"elf,Mirai",2026-09-24 16:00:25,2026-09-24 16:28:41,85
hash_md5,e629a420112f2bcb593f5467a362a91a,threatfox,Shim RAT,threatfox,2026-09-24 16:06:45,2026-09-24 16:28:41,85
hash_md5,e6365d9226891da772733500d23f4a8a,malwarebazaar,VShell,"exe,VShell",2026-09-24 16:00:25,2026-09-24 16:28:41,85
hash_md5,ea36c6cfea8819d5fdc5a6c1efe9b735,malwarebazaar,RemcosRAT,"geo,js,POL,RemcosRAT",2026-09-24 16:00:25,2026-09-24 16:28:41,85
hash_md5,ee2f2102de5a288fc601010cedead408,malwarebazaar,Mirai,"elf,Mirai",2026-09-24 16:00:25,2026-09-24 16:28:41,85
hash_md5,f5ec29d01c9adb0ecabb2da6bc8fb81a,threatfox,WannaCryptor,threatfox,2026-09-24 16:06:45,2026-09-24 16:28:41,85
hash_md5,f5ec29d01c9adb0ecabb2da6bc8fb81a,malwarebazaar,WannaCry,"dionaea,exe,WannaCry",2026-09-24 16:00:25,2026-09-24 16:28:41,85
hash_md5,f997ffec6c91d1632ce3a732dbe12ba4,malwarebazaar,Gafgyt,elf,2026-09-24 16:00:25,2026-09-24 16:28:41,85
hash_md5,fd7deec517a08db8508cc24642c1d943,malwarebazaar,js,"geo,js,POL",2026-09-24 16:00:25,2026-09-24 16:28:41,85
hash_sha256,052a691d4e3c39308800971071ab45f8e5ab07bcea86ff64a5dc175763e23236,malwarebazaar,LxBaseRAT,"js,LxBaseRAT",2026-09-24 16:00:25,2026-09-24 16:28:41,85
hash_sha256,089cd5a891a8f212df5f54a6b08205e06e85eacbe6ff9bfcfcb5fd6e51d1813b,threatfox,ValleyRAT,threatfox,2026-09-24 16:06:45,2026-09-24 16:28:41,85
hash_sha256,0a0c931f6a7b4d4d66389dab1c83cb4f7355f627399a040e79ce34ae2ab02957,threatfox,Unknown malware,"threatfox,cowrie,script,ssh-honeypot",2026-09-24 16:06:45,2026-09-24 16:28:41,85
hash_sha256,0c0de3e0ddad3300bb1e3b17fe4ea48e3cfa7e5d0d313f355a6d25e230b796ff,threatfox,AMOS,"threatfox,AMOS,ClickFix,DANTE,Foxveil,macOS",2026-09-24 16:06:45,2026-09-24 16:28:41,85
hash_sha256,0d7abf4cfeabb9378134799d455bc6cd6b1ecf8182eaebdb2f265c31deb4d616,malwarebazaar,exe,exe,2026-09-24 16:00:25,2026-09-24 16:28:41,85
hash_sha256,0e18546e4bb94058d38b7c67698639e1736f14016b77a27223dc7d1bcb678587,malwarebazaar,unknown,"jpg,stego",2026-09-24 16:00:26,2026-09-24 16:28:41,85
hash_sha256,0ff994bf390a01995f22fd6bdb11abb142fe89d39c481f699a891db9acfd34df,malwarebazaar,Mirai,elf,2026-09-24 16:00:25,2026-09-24 16:28:41,85
hash_sha256,13bec1be9bb8fd07849116fab7500f27cf9c3891914c35867441cd7a2c67f810,malwarebazaar,vbs,vbs,2026-09-24 16:00:25,2026-09-24 16:28:41,85
hash_sha256,1693e4d8fe1855a07cce9660551b24350e44aa0e378d7ac4ff3806daa292e39a,malwarebazaar,AgentTesla,"AgentTesla,js",2026-09-24 16:00:25,2026-09-24 16:28:41,85
hash_sha256,169c9bf9b39b667f0d7e1d019de513781a067acde5b1ed8601b356c543d8cf48,malwarebazaar,VShell,"exe,VShell",2026-09-24 16:00:25,2026-09-24 16:28:41,85
hash_sha256,174f7305954fe96b8fa9989208519100d75b3d1b2dc8e0f0d36d5cf696cca704,malwarebazaar,PureLogsStealer,js,2026-09-24 16:00:25,2026-09-24 16:28:41,85
hash_sha256,17c1ee62d4a950fed1b4a9d74947cb958159b5f59bd5e96233e5fbc5391e4112,malwarebazaar,exe,"54e64e,dropped-by-Amadey,exe,signed",2026-09-24 16:00:25,2026-09-24 16:28:41,85
hash_sha256,17cbd74a87eec34c951c244af116ebdaa0db6fb9f997acbd50b8b581217bbef9,malwarebazaar,Mirai,elf,2026-09-24 16:00:25,2026-09-24 16:28:41,85
hash_sha256,17edc76597fb81ec98d7bf857346c6df0e3a9958ae61c8a48abaabf269b48493,malwarebazaar,Mirai,"elf,Gafgyt,Mirai",2026-09-24 16:00:26,2026-09-24 16:28:41,85
hash_sha256,17f99c347607bdc506be5f204afe1d03c0c09a9f1aceaf11019b2941413d59e4,malwarebazaar,Stealc,"exe,Stealc",2026-09-24 16:00:25,2026-09-24 16:28:41,85
hash_sha256,1907be92bfb56439610fce9fa7be748c0e424b4c07ab1a163704a30d56b94f53,threatfox,AMOS,"threatfox,AMOS,cc2,ClickFix,Foxveil,macOS",2026-09-24 16:06:45,2026-09-24 16:28:41,85
hash_sha256,1998fe80cb598df29d97bab9a098f37ee9ad52fadc4403594b79dcbd1e37bd60,malwarebazaar,Mirai,"elf,Mirai",2026-09-24 16:00:25,2026-09-24 16:28:41,85
hash_sha256,19bfd268aa09bb8d5130e65fc04554735c672c803274874fbae0e86b665c5e1f,malwarebazaar,unknown,"jpg,stego",2026-09-24 16:00:26,2026-09-24 16:28:41,85
hash_sha256,1da61dc1c549d503d9b12685a87c5a9d5491005f57e186d9041882a191851690,malwarebazaar,GuLoader,"GuLoader,js",2026-09-24 16:00:25,2026-09-24 16:28:41,85
hash_sha256,1e3edeedec4ad242ed9faf8cb370df96aabe95c1d706d0b1b67cf4042da25fb3,malwarebazaar,VShell,"exe,VShell",2026-09-24 16:00:25,2026-09-24 16:28:41,85
hash_sha256,2113df6dcbc5b7ec63ea4e50609dd5d210ffcaafe7d0f76ae99fe63ea970fbe6,malwarebazaar,exe,"B,dropped-by-GCleaner,exe,PPMIX0.file",2026-09-24 16:00:25,2026-09-24 16:28:41,85
hash_sha256,221e2c855e78d5cc7fb84738effb88bb11a47be6ce10530c909534e15f47e0b4,threatfox,SVCStealer,threatfox,2026-09-24 16:06:45,2026-09-24 16:28:41,85
hash_sha256,221e2c855e78d5cc7fb84738effb88bb11a47be6ce10530c909534e15f47e0b4,malwarebazaar,SVCStealer,"579cd0,cred64.dll,dropped-by-Amadey,exe,plugin,SVCStealer",2026-09-24 16:00:25,2026-09-24 16:28:41,85
hash_sha256,24db809b9408a7c78be7947efe3bab4cd31ff104e6cf1d8a65c893b24857109c,malwarebazaar,lnk,lnk,2026-09-24 16:00:25,2026-09-24 16:28:41,85
hash_sha256,26f4fd7217794560c9cf8dae6f9230e35b13f0471bd4d03f3cc372e6a2fd2f40,malwarebazaar,MassLogger,"exe,MassLogger",2026-09-24 16:00:25,2026-09-24 16:28:41,85
hash_sha256,275e4c275faa5135d2bb26006bc1e7f76f9f53286bf00e82c08b4a27050d66db,malwarebazaar,Mirai,"elf,Gafgyt,Mirai",2026-09-24 16:00:25,2026-09-24 16:28:41,85
hash_sha256,279f2ebeeb69b1da67560b0fdf8043e4eb5b20843114a0d7e700dca96707ba2a,malwarebazaar,Mirai,"elf,Mirai",2026-09-24 16:00:25,2026-09-24 16:28:41,85
hash_sha256,320dd1e4d5d148e6c9e0ae203be9ae7b564aa8b4e5f7e9c02eeae1aa7901988b,malwarebazaar,elf,elf,2026-09-24 16:00:25,2026-09-24 16:28:41,85
hash_sha256,3333c086ee774f33a8556ea29399da105c23a69bb03d5544b5879e980c68964f,malwarebazaar,GuLoader,js,2026-09-24 16:00:25,2026-09-24 16:28:41,85
hash_sha256,33688e62e693720ec04bd6caf2d36d110717b565be68e4a2ca41f07e6535005a,malwarebazaar,vbs,vbs,2026-09-24 16:00:25,2026-09-24 16:28:41,85
hash_sha256,36bcadfb4ec48f22b12f034a5d3567f976860c4dc7f970514a958f0030992e56,malwarebazaar,PhantomStealer,"js,PhantomStealer",2026-09-24 16:00:25,2026-09-24 16:28:41,85
hash_sha256,371e6d2922394ea752e5a49edb07d7e5ea5a455dfa3fa2c257ba54a45c44cc94,malwarebazaar,Gafgyt,elf,2026-09-24 16:00:25,2026-09-24 16:28:41,85
hash_sha256,3869a6db2eb45b318d995f3a034fbe0f7c962a30e9620c980c53f60039ae4a5c,malwarebazaar,Mirai,"elf,Mirai,upx",2026-09-24 16:00:25,2026-09-24 16:28:41,85
hash_sha256,39e5875573d0bcd3fd29c680ff0081b52b6c38e01edea4a2bd718b22884a4307,threatfox,ValleyRAT,threatfox,2026-09-24 16:06:45,2026-09-24 16:28:41,85
hash_sha256,3a1de15078dbd1da3c895f6d31576d469f28ae66663efd6aab8d013809da4461,malwarebazaar,VShell,"exe,VShell",2026-09-24 16:00:25,2026-09-24 16:28:41,85
hash_sha256,3a28e4b9e2354b47a4989d28a6fdb39911f4276b6eb03833dedfeaade0681032,malwarebazaar,RemcosRAT,"js,RemcosRAT",2026-09-24 16:00:25,2026-09-24 16:28:41,85
hash_sha256,3c1e4904a926e68bd58b3d9558d1f352948cf253fdb679cf7f8b20950e60871d,malwarebazaar,vbs,vbs,2026-09-24 16:00:25,2026-09-24 16:28:41,85
hash_sha256,3cf3059340d3a24ea0c7e6109775603b257263f56fe40d1381bd1c21881f0f55,malwarebazaar,Formbook,"Formbook,js",2026-09-24 16:00:25,2026-09-24 16:28:41,85
hash_sha256,3e6c9b6f61e5cb0c9e95f43ad28cf7ee3bdcd993a7f2a7dd8adf5c5919401d5c,malwarebazaar,VShell,"exe,VShell",2026-09-24 16:00:25,2026-09-24 16:28:41,85
hash_sha256,418c63bee3b1ffdc417a31ec87c3b1158128976ba189f45fd9a45864f86e6826,malwarebazaar,js,js,2026-09-24 16:00:25,2026-09-24 16:28:41,85
hash_sha256,46709c861e383a0e0f266ca90b6f9ae822cf4d0953f1da1424baef9c38166854,malwarebazaar,Formbook,"Formbook,js",2026-09-24 16:00:25,2026-09-24 16:28:41,85
hash_sha256,4777ba53b4e1781e5923738dd2818fe0ef86adbced1a6f81d8f59444990f7c35,malwarebazaar,VIPKeylogger,"js,VIPKeylogger",2026-09-24 16:00:25,2026-09-24 16:28:41,85
hash_sha256,480616f69e7ca6d70edb6eb7639121b4548d5b9856c23e117be5344d39c8a7dd,malwarebazaar,apk,apk,2026-09-24 16:00:25,2026-09-24 16:28:41,85
hash_sha256,516fd692ec7ce2776ab585acc263375f4bb6aceea432d4f7b2dc8db083ce0c15,malwarebazaar,Mirai,"elf,Mirai,upx-dec",2026-09-24 16:00:25,2026-09-24 16:28:41,85
hash_sha256,52d2fcbdd59d0beae12c03c5ae13adeffc39f50cec436d6071890a3c1b971d5e,threatfox,AMOS,"threatfox,AMOS,cc2,ClickFix,Foxveil,macOS",2026-09-24 16:06:45,2026-09-24 16:28:41,85
hash_sha256,541677c2ce44edbb6241907c36463e6ded77a9d7cdb48ceb4113f1111ad2f9e8,threatfox,WannaCryptor,threatfox,2026-09-24 16:06:45,2026-09-24 16:28:41,85
hash_sha256,541677c2ce44edbb6241907c36463e6ded77a9d7cdb48ceb4113f1111ad2f9e8,malwarebazaar,WannaCry,"dionaea,exe,WannaCry",2026-09-24 16:00:25,2026-09-24 16:28:41,85
hash_sha256,57fc974927b70736976b88fd369e7547892d8f227e7aa1a322e5b61aa562a93a,threatfox,AMOS,"threatfox,AMOS,ClickFix,DANTE,Foxveil,macOS",2026-09-24 16:06:45,2026-09-24 16:28:41,85
hash_sha256,58ba45905e3dfd484fc8a36163aeba9227d7022ea9bec19d55c3729bc7db781e,malwarebazaar,exe,"579cd0,dropped-by-Amadey,exe",2026-09-24 16:00:25,2026-09-24 16:28:41,85
hash_sha256,5a116004b960392df666639ca7dfdbfe5765fe38a60028e3dbe10c96b742031a,malwarebazaar,js,js,2026-09-24 16:00:25,2026-09-24 16:28:41,85
hash_sha256,5ac7d7f057a9fcecf3e6754ec20e67a48e0ecdce39a7a62e1857bf9119bcf1f0,malwarebazaar,Mirai,elf,2026-09-24 16:00:25,2026-09-24 16:28:41,85
hash_sha256,5b3a81a89f578c2459f8fc9c0fe473d224bf6d4b45e2239b6436398b59372eda,malwarebazaar,RemcosRAT,"js,RemcosRAT",2026-09-24 16:00:25,2026-09-24 16:28:41,85
hash_sha256,5b7487d9528a49f6b83d41c772529b4d02d08a363c4501a60a3c8f9a3eeb53fa,threatfox,AMOS,"threatfox,AMOS,cc2,ClickFix,Foxveil,macOS",2026-09-24 16:06:45,2026-09-24 16:28:41,85
hash_sha256,5d73b00bd37e96853bcb1f2cba845ce806b3c0dd8b83be3aaa58d0f42a235152,threatfox,AMOS,"threatfox,AMOS,ClickFix,DANTE,Foxveil,macOS",2026-09-24 16:06:45,2026-09-24 16:28:41,85
hash_sha256,5e4ce0a8fa2b4282fbe5303af4cdce3e49e78b93f431e1b7b67e48af831d7efb,malwarebazaar,GuLoader,js,2026-09-24 16:00:25,2026-09-24 16:28:41,85
hash_sha256,5f8422a667491d7480ee9ab608a07b817f49f2b26ee5e21a09645bae2f10efe4,malwarebazaar,Formbook,"Formbook,js",2026-09-24 16:00:25,2026-09-24 16:28:41,85
hash_sha256,60599a44b7e09c5b7d83f513b42d6d59422660c5c89333628d2589ab870e3a92,malwarebazaar,RemcosRAT,"geo,js,POL,RemcosRAT",2026-09-24 16:00:25,2026-09-24 16:28:41,85
hash_sha256,61581375db7fb8abde1708ffacfb29a97e11de9ff3fb66763560be764fb21458,malwarebazaar,vbs,vbs,2026-09-24 16:00:25,2026-09-24 16:28:41,85
hash_sha256,6161c1e746b8e29297917c72f93652a137691a3b9d4c6d6fbce38f80f7732d34,threatfox,DBoxAgent,threatfox,2026-09-24 16:06:45,2026-09-24 16:28:41,85
hash_sha256,62cac1aceceb10d22ffb1543673b70f40142782010f5e18bd0fd17e250bff080,malwarebazaar,js,js,2026-09-24 16:00:25,2026-09-24 16:28:41,85
hash_sha256,644b6c7e709235141bd95c6f27d59f9775e5a4e9a8991e93e54451c0b6d76e3e,malwarebazaar,RemcosRAT,"FedEx,js,RemcosRAT",2026-09-24 16:00:25,2026-09-24 16:28:41,85
hash_sha256,65c9bd3aaffc80f4415ccb279ea03e3418e34a6108852fc43ead4063993715ff,malwarebazaar,AveMariaRAT,"AveMariaRAT,js",2026-09-24 16:00:25,2026-09-24 16:28:41,85
hash_sha256,68c0b18bdb49ef3b6eeadea4a6f266500a1ccd41b094e0701a04ec037e9f541b,malwarebazaar,RemcosRAT,"js,RemcosRAT",2026-09-24 16:00:25,2026-09-24 16:28:41,85
hash_sha256,6b2d6f5334c2e72143c6ae6ce02f615922d554fb4535b55079ba544bf933ce6b,malwarebazaar,Formbook,"Formbook,js",2026-09-24 16:00:25,2026-09-24 16:28:41,85
hash_sha256,70b451df67cbe97c68c1f15ef28c5f40a7252d79e0c8a0e0a0ee6c6518ec2614,malwarebazaar,RemcosRAT,"js,RemcosRAT",2026-09-24 16:00:25,2026-09-24 16:28:41,85
hash_sha256,70b99871e391adece1d32a736a9227e5371649df46c11e6abd7f253e812c0457,malwarebazaar,jar,"jar,java,Python,SilentNet",2026-09-24 16:00:25,2026-09-24 16:28:41,85
hash_sha256,78eda3158bc47d7d0982c476486b12faaf6e46195e0bfc457c8ed43690f0de82,malwarebazaar,SVCStealer,"579cd0,cred.dll,dll,dropped-by-Amadey,plugin,SVCStealer",2026-09-24 16:00:25,2026-09-24 16:28:41,85
hash_sha256,7c2a428c057812a2b1a505727a8b27572fe7893ef7d28442f814dc150d5224b5,malwarebazaar,Mirai,"elf,Mirai",2026-09-24 16:00:25,2026-09-24 16:28:41,85
hash_sha256,8062431b887e6992fcbc09a82ec22bc705d499cc76d279638453080c76d22faf,malwarebazaar,Mirai,elf,2026-09-24 16:00:25,2026-09-24 16:28:41,85
hash_sha256,8419c99bfc114d9d3bdcc0165ab4f1c53dd7852a84b12eb9c9e84a77a245cbb9,malwarebazaar,Mirai,"elf,Mirai,upx",2026-09-24 16:00:25,2026-09-24 16:28:41,85
hash_sha256,84f4626d2e929200c7bef5f68dc1d1a6dd0d7b9758488c1ff8713b5b4822da47,malwarebazaar,VShell,"exe,VShell",2026-09-24 16:00:25,2026-09-24 16:28:41,85
hash_sha256,89db6de9efcfab137245305c68326b6106a08850afba4cc20fa4d435d6ca96d8,malwarebazaar,VShell,"exe,VShell",2026-09-24 16:00:25,2026-09-24 16:28:41,85
hash_sha256,8a4ef80cf6dbce39425c82d90953189e14ff8fc4c69627a6f06d24565c3421ec,threatfox,AMOS,"threatfox,AMOS,cc2,ClickFix,Foxveil,macOS",2026-09-24 16:06:45,2026-09-24 16:28:41,85
hash_sha256,8d3d8bcf667955e619b2f3fe837bb30e0e368c9bbede0454c7f8e94334360dde,malwarebazaar,Mirai,"arm,cowrie,elf,honeypot,mirai,mozi,torii",2026-09-24 16:00:25,2026-09-24 16:28:41,85
hash_sha256,8d529b42c38673c68f5d8ff752eea96d30e7d807cae45acc810afcbfc085b898,malwarebazaar,elf,elf,2026-09-24 16:00:25,2026-09-24 16:28:41,85
hash_sha256,8f64802237d484eb45bda626da5f5501209a36384acc88950e3f5f79c86cc938,malwarebazaar,exe,exe,2026-09-24 16:00:25,2026-09-24 16:28:41,85
hash_sha256,919f9a20b675968f038bf43c009611a697f11119e037ad577bca4bb2fe746f1c,threatfox,Nanocore RAT,threatfox,2026-09-24 16:06:45,2026-09-24 16:28:41,85
hash_sha256,919f9a20b675968f038bf43c009611a697f11119e037ad577bca4bb2fe746f1c,malwarebazaar,NanoCore,exe,2026-09-24 16:00:25,2026-09-24 16:28:41,85
hash_sha256,91c4d5b9ad9ce96e5e9987d8c4337de995b7e45820bfaf982b57a3a6dd7ccdb3,malwarebazaar,Mirai,"arm,cowrie,elf,honeypot,Mirai",2026-09-24 16:00:25,2026-09-24 16:28:41,85
hash_sha256,94ffe61fb9619a00d8c1066dc8728df2af733f0b9ca8783a93ecbe1e52e59562,threatfox,Shim RAT,threatfox,2026-09-24 16:06:45,2026-09-24 16:28:41,85
hash_sha256,95ffc74949d06fc600360f3dce44274c25afef9adaf7c9841c0cc6bb411d4c48,malwarebazaar,Mirai,elf,2026-09-24 16:00:25,2026-09-24 16:28:41,85
hash_sha256,9604c38c1ad0f95c269710fd9dd54f077c7e49645d86827d5d3c03d2ab3ea233,malwarebazaar,Formbook,"Formbook,js",2026-09-24 16:00:25,2026-09-24 16:28:41,85
hash_sha256,98f7517ca49d191dd187fc3f0090e167b46c29eb839c0897a6326ec39e5fad34,malwarebazaar,unknown,"jpg,stego",2026-09-24 16:00:26,2026-09-24 16:28:41,85
hash_sha256,9c72a742096ee7727cc5bc3ed1965557b2a269676142fa57546dd98b77190726,malwarebazaar,AgentTesla,"AgentTesla,js",2026-09-24 16:00:25,2026-09-24 16:28:41,85
hash_sha256,9cc8551a8e4be7fe2317ce2f9221043e4bea356a42ad3cc815599d964baefb40,malwarebazaar,VShell,"exe,VShell",2026-09-24 16:00:25,2026-09-24 16:28:41,85
hash_sha256,9fea2f302e9bec5f967f8d9d441747530e76863fd74c10d0462c10234e0afcab,malwarebazaar,Mirai,"elf,Mirai,upx",2026-09-24 16:00:25,2026-09-24 16:28:41,85
hash_sha256,a262114dc86a55d4cb5c7b175b83d63008d777b90cda51772bd6f9013c7cc5d3,malwarebazaar,Mirai,"elf,Gafgyt,Mirai",2026-09-24 16:00:25,2026-09-24 16:28:41,85
hash_sha256,a3948d4628c764bd1408883bfc2990bb4432ce014455ff31ed5d47eecb8ef57e,threatfox,Coinminer,threatfox,2026-09-24 16:06:45,2026-09-24 16:28:41,85
hash_sha256,a3948d4628c764bd1408883bfc2990bb4432ce014455ff31ed5d47eecb8ef57e,malwarebazaar,CoinMiner,"CoinMiner,exe",2026-09-24 16:00:25,2026-09-24 16:28:41,85
hash_sha256,a52e38000528fb3c60e7325db46f43c66120b61446024edcd9f7ebbf069a67f8,malwarebazaar,MassLogger,"geo,MassLogger,TUR,vbe",2026-09-24 16:00:25,2026-09-24 16:28:41,85
hash_sha256,a58f5fe338e416dbc8cf88b0b3cabebc5ba2f6ae632e50e703127519331660fc,threatfox,ValleyRAT,threatfox,2026-09-24 16:06:45,2026-09-24 16:28:41,85
hash_sha256,a5f577a4efb54b5642cdc079aa4d3906ae79d0b2543b83dd3c2e312775caa2af,malwarebazaar,SVCStealer,"579cd0,clip64.dll,dll,dropped-by-Amadey,plugin,SVCStealer",2026-09-24 16:00:25,2026-09-24 16:28:41,85
hash_sha256,a80272f531ce46aeb34408b922ab5437ba885a4bf535e36167217a0b7a51bb9c,malwarebazaar,RemcosRAT,"FedEx,js,RemcosRAT",2026-09-24 16:00:25,2026-09-24 16:28:41,85
hash_sha256,ab0ca703cede3064f3e441002cf8298c7fd2ad6d7040c1023568b58db0bf1a07,malwarebazaar,apk,apk,2026-09-24 16:00:25,2026-09-24 16:28:41,85
hash_sha256,abc542c7bd5223d22664dbd4b2ba3fc6506a28c5d61026f06a8b8ab3bc3e8232,malwarebazaar,Mirai,"elf,Gafgyt,Mirai",2026-09-24 16:00:25,2026-09-24 16:28:41,85
hash_sha256,aebadd8428599a54d484a9b41e64ad840819f1c98418e2416fc27825ba11e794,malwarebazaar,RemcosRAT,"geo,js,POL,RemcosRAT",2026-09-24 16:00:25,2026-09-24 16:28:41,85
hash_sha256,aee76e739eaa6eba8e1110326dd4bccd6e4f2980d57660631030592da65c0fdb,malwarebazaar,js,js,2026-09-24 16:00:25,2026-09-24 16:28:41,85
hash_sha256,b0b129efb159826d34fa439301677101de06dd20a2fb04428619a05dde864d26,malwarebazaar,VenomRAT,"exe,VenomRAT",2026-09-24 16:00:25,2026-09-24 16:28:41,85
hash_sha256,b14b737c48708235edb9035cc09b35a9e0e888b25c8ee6959919fb6123810c81,threatfox,ValleyRAT,threatfox,2026-09-24 16:06:45,2026-09-24 16:28:41,85
hash_sha256,b192a0e6bea225147fffd5d823ec5d28fc4a3528ed1883a9860a3fb0196a586c,malwarebazaar,VIPKeylogger,"js,VIPKeylogger",2026-09-24 16:00:25,2026-09-24 16:28:41,85
hash_sha256,b30450f0db56652e2652318b24f9a36fb04786af99c22995584766923bebec1e,threatfox,AMOS,"threatfox,AMOS,ClickFix,DANTE,Foxveil,macOS",2026-09-24 16:06:45,2026-09-24 16:28:41,85
hash_sha256,b4f036f8df3e7d9b03b6de90e87a3a726b8da2fd12d226ae3b2ab4bdc4ac60bd,malwarebazaar,Mirai,"elf,Gafgyt,Mirai",2026-09-24 16:00:25,2026-09-24 16:28:41,85
hash_sha256,b66b65aceb7c668a0eb824041237a109ade33610b969165d58988ad6741e5d8b,malwarebazaar,RemcosRAT,"js,RemcosRAT",2026-09-24 16:00:25,2026-09-24 16:28:41,85
hash_sha256,b7074f9c8b5aca5ffb926f01187ebc59d76c672fa38ddf73b31c4699946c59c1,malwarebazaar,sh,"script,sh",2026-09-24 16:00:25,2026-09-24 16:28:41,85
hash_sha256,b709d2521e36fb30edbddffff27e7a09a0aa2766cd98c6aea38c92bd1f953176,threatfox,ValleyRAT,threatfox,2026-09-24 16:06:45,2026-09-24 16:28:41,85
hash_sha256,bcf409b7ff1296595849bd8029adf9afea8c780b38b29cb22186b3a0aa1d6998,malwarebazaar,Mirai,"elf,Mirai,upx-dec",2026-09-24 16:00:25,2026-09-24 16:28:41,85
hash_sha256,bedc5ef2bc2ad17fd0d627b2539a47e6ad55f9b83cfe3febaf8de2ee32e9c9af,threatfox,AMOS,"threatfox,AMOS,cc2,ClickFix,Foxveil,macOS",2026-09-24 16:06:45,2026-09-24 16:28:41,85
hash_sha256,bef5fe6bc07ea7c53d5e9bc0282da26226049d880de286f6a11b38b3d31baa07,malwarebazaar,js,js,2026-09-24 16:00:25,2026-09-24 16:28:41,85
hash_sha256,bf522f8e9d02593ed83635eb731108438a3c0fa126d8751b3abe721318e1253e,malwarebazaar,exe,"579cd0,dropped-by-Amadey,exe",2026-09-24 16:00:25,2026-09-24 16:28:41,85
hash_sha256,c13cea04f598e2b0c248d603a6e31bd13aabb64d8149c1b6a77b64e0b983a86f,threatfox,Logedrut,threatfox,2026-09-24 16:06:45,2026-09-24 16:28:41,85
hash_sha256,c394abd48d034890a34db0c2781f7f63f94d0eb18e0ff389959bc810382bd703,malwarebazaar,Formbook,"Formbook,js",2026-09-24 16:00:25,2026-09-24 16:28:41,85
hash_sha256,c414e803ff7fed5f71cc895400b583267ed2165688eb5a37c403091192dbe3cc,malwarebazaar,Mirai,"elf,Mirai",2026-09-24 16:00:25,2026-09-24 16:28:41,85
hash_sha256,c4dd190f68e115ba0525d8f69e6627beca384fcbb2ea67d589cc59d70811b43e,malwarebazaar,GuLoader,"GuLoader,js",2026-09-24 16:00:25,2026-09-24 16:28:41,85
hash_sha256,c4dd7fd5a8b377213768aef02b25f8fbadb9ff33433f16626b174609a29dd61a,malwarebazaar,Mirai,"elf,Mirai",2026-09-24 16:00:25,2026-09-24 16:28:41,85
hash_sha256,c4f6b85484d4c26655d3226dbe18e9ed2f8463cff82a428a7106b311ff6255a6,malwarebazaar,MassLogger,"MassLogger,vbe",2026-09-24 16:00:25,2026-09-24 16:28:41,85
hash_sha256,c5c71b7b68dce37ee063819c8a8c35effbea803bba953829d01c39a4b2c5997e,malwarebazaar,RemcosRAT,"js,RemcosRAT",2026-09-24 16:00:25,2026-09-24 16:28:41,85
hash_sha256,c708dc414f7ad7714637fd5d0c98de52d2cf01608188c9bbfd3cc9a2ae4f4772,malwarebazaar,RemcosRAT,"js,RAT,RemcosRAT",2026-09-24 16:00:25,2026-09-24 16:28:41,85
hash_sha256,c88d0d658abfc215720eb649babd7d2622e89dd8faa1ab085aaca714605475c4,malwarebazaar,iso,iso,2026-09-24 16:00:25,2026-09-24 16:28:41,85
hash_sha256,ca630b5ad96602cd6e52df2e57dbe78d90f3acebb51b38850bf412cbc9ced182,malwarebazaar,Mirai,"elf,Mirai",2026-09-24 16:00:26,2026-09-24 16:28:41,85
hash_sha256,cb23c0b932a4a01624f84d36eaa0074d64831d4844d1fd8e84080c266798672b,malwarebazaar,Mirai,"elf,Mirai,upx-dec",2026-09-24 16:00:26,2026-09-24 16:28:41,85
hash_sha256,ccdfe35e50578e7b82671466154cdfae207455b4139b26bd93016c0144c857fd,malwarebazaar,exe,exe,2026-09-24 16:00:25,2026-09-24 16:28:41,85
hash_sha256,cdbebe827bfa83dc5c5cc6941827a9b0a954b6637dd80bccef86fad5b5ec4599,malwarebazaar,exe,"B,BB5.file,dropped-by-GCleaner,exe",2026-09-24 16:00:25,2026-09-24 16:28:41,85
hash_sha256,cdc89db3e28be5e16e6ca5cc635fbb479a4e5564357f66240a9c5b191ed51b9a,malwarebazaar,exe,exe,2026-09-24 16:00:25,2026-09-24 16:28:41,85
hash_sha256,ce3d16f1bcb319135a99b10d4daa2a680c2cadadb8d8082b39d3696b7016e096,threatfox,GCleaner,threatfox,2026-09-24 16:06:45,2026-09-24 16:28:41,85
hash_sha256,ce3d16f1bcb319135a99b10d4daa2a680c2cadadb8d8082b39d3696b7016e096,malwarebazaar,GCleaner,exe,2026-09-24 16:00:25,2026-09-24 16:28:41,85
hash_sha256,d3bc17cbd338569ac29dc4444c43e15897c53a023ad180b69e92eec49d63f5a1,malwarebazaar,Formbook,"Formbook,js",2026-09-24 16:00:25,2026-09-24 16:28:41,85
hash_sha256,de0e418cb48a0577716e654fdebea93b004fe320216425063d6ef29e55ad9ad3,malwarebazaar,Mirai,"elf,Gafgyt,Mirai",2026-09-24 16:00:26,2026-09-24 16:28:41,85
hash_sha256,ded5cf3059a90f863f894ba9e1814c73769e3b4c622441b6ad123b01b6a78dae,malwarebazaar,unknown,"jpg,stego",2026-09-24 16:00:26,2026-09-24 16:28:41,85
hash_sha256,dfd8c63ef700316ec8b91a7906f4ebe0f95dff20eac0081ecc93e521737292bc,malwarebazaar,Mirai,"elf,Mirai,upx",2026-09-24 16:00:26,2026-09-24 16:28:41,85
hash_sha256,e4159d0e23a845210780d42ff437bf19ea235e538a6462dc37df0805ee4f399c,malwarebazaar,RemcosRAT,"js,RemcosRAT",2026-09-24 16:00:25,2026-09-24 16:28:41,85
hash_sha256,ea8c53dc21b201ea24052a266f1be858e77ec34b682a17747d2e2bd452040fab,malwarebazaar,AgentTesla,"AgentTesla,js",2026-09-24 16:00:25,2026-09-24 16:28:41,85
hash_sha256,ed780b1afe60dcd2c329aaceacccb099c3b799b6c6a8d0c835a7f67be92b746a,malwarebazaar,apk,apk,2026-09-24 16:00:25,2026-09-24 16:28:41,85
hash_sha256,ee085d530299079ffc65ded854604a2c7ef2effd4789f053117e3bf3a122ecd7,malwarebazaar,Mirai,elf,2026-09-24 16:00:25,2026-09-24 16:28:41,85
hash_sha256,eed05702591c8cf76080963ebf57cb92f2d26916f80f48d8c98cc89b297198ca,malwarebazaar,Mirai,"elf,Mirai,upx-dec",2026-09-24 16:00:25,2026-09-24 16:28:41,85
hash_sha256,efa2cea2f962e7a0f160cc6c88caae6cd2861ca3a9adcc97ee7c50bfe96d0a1c,malwarebazaar,AgentTesla,"AgentTesla,js",2026-09-24 16:00:25,2026-09-24 16:28:41,85
hash_sha256,f30fe4e03d4f4af878247f942e0db4382f507bbea035ac868b27235274180441,malwarebazaar,js,"geo,js,POL",2026-09-24 16:00:25,2026-09-24 16:28:41,85
hash_sha256,f332222a51a997bc9312926d8cfdd1d8ed7fd44b30184c855699e6b101c2dbce,malwarebazaar,Mirai,"elf,Gafgyt,Mirai",2026-09-24 16:00:25,2026-09-24 16:28:41,85
hash_sha256,f58c7e2a30cb8a5f1b92049cbeb1a0cf4e1818998d963dbec111f3519129d573,malwarebazaar,Formbook,"Formbook,js",2026-09-24 16:00:25,2026-09-24 16:28:41,85
hash_sha256,f8c955715ff9a57f515446b80c43c49ce181fd3f52cfe4c4bccc7d111019a83b,malwarebazaar,VShell,"exe,VShell",2026-09-24 16:00:25,2026-09-24 16:28:41,85
hash_sha256,fb48f55e9e2b1ef2d904b0f06547ce698bcb151b43dd032fc7257a7c0f940bd4,threatfox,CrossRAT,threatfox,2026-09-24 16:06:45,2026-09-24 16:28:41,85
hash_sha256,fb48f55e9e2b1ef2d904b0f06547ce698bcb151b43dd032fc7257a7c0f940bd4,malwarebazaar,RemcosRAT,"exe,RemcosRAT",2026-09-24 16:00:25,2026-09-24 16:28:41,85
hash_sha256,fc97d364fadebe23ada3c2b596647f6036f6ffb98ccca9dee91f0019f89d00f3,malwarebazaar,Mirai,"elf,Mirai",2026-09-24 16:00:25,2026-09-24 16:28:41,85
ip,102.220.163.36,threatfox,AsyncRAT,"threatfox,AsyncRAT,drb-ra,RAT",2026-09-16 06:55:34,2026-09-24 16:28:41,85
ip,104.243.248.63,threatfox,AsyncRAT,"threatfox,AsyncRAT,drb-ra,RAT",2026-05-08 10:32:02,2026-09-24 16:28:41,85
ip,104.248.194.193,threatfox,AMOS,"threatfox,AMOS,cc2,ClickFix,Foxveil,macOS",2026-09-24 16:06:45,2026-09-24 16:28:41,85
ip,134.122.204.169,threatfox,Unknown malware,threatfox,2026-09-04 16:06:41,2026-09-24 16:28:41,85
ip,138.124.14.35,threatfox,Evilginx,"threatfox,drb-ra,Evilginx,EvilGoPhish",2026-09-24 16:06:45,2026-09-24 16:28:41,85
ip,138.197.31.70,threatfox,Unknown malware,"threatfox,drb-ra,Mythic",2026-09-24 16:06:45,2026-09-24 16:28:41,85
ip,155.103.69.57,threatfox,Remcos,"threatfox,c2,NewTrollxz,Remcos",2026-09-24 16:06:45,2026-09-24 16:28:41,85
ip,155.103.69.85,threatfox,Remcos,"threatfox,c2,Remcos,RemHost",2026-09-14 16:06:31,2026-09-24 16:28:41,85
ip,155.103.71.242,threatfox,Remcos,"threatfox,c2,Dragxcall00,Remcos",2026-09-24 16:06:45,2026-09-24 16:28:41,85
ip,161.35.197.52,threatfox,Aisuru,"threatfox,Aisuru,c2",2026-09-24 16:06:45,2026-09-24 16:28:41,85
ip,162.243.103.246,feodotracker,Emotet,"c2,botnet,port:8080",2026-04-11 03:35:43,2026-09-24 16:28:41,90
ip,178.62.3.223,feodotracker,QakBot,"c2,botnet,port:443",2026-04-11 03:35:43,2026-09-24 16:28:41,90
ip,178.92.163.217,threatfox,Unknown malware,threatfox,2026-09-24 16:06:45,2026-09-24 16:28:41,85
ip,185.112.59.102,threatfox,AsyncRAT,"threatfox,AsyncRAT,drb-ra,RAT",2026-09-24 16:06:45,2026-09-24 16:28:41,85
ip,185.127.94.179,threatfox,PureRAT,"threatfox,drb-ra,PureHVNC,PureRAT,RAT",2026-09-24 16:06:45,2026-09-24 16:28:41,85
ip,188.212.158.203,threatfox,AsyncRAT,"threatfox,AsyncRAT,drb-ra,RAT",2026-08-30 16:06:18,2026-09-24 16:28:41,85
ip,195.177.94.253,threatfox,Remcos,"threatfox,c2,Remcos,tor25t",2026-09-24 16:06:45,2026-09-24 16:28:41,85
ip,196.251.107.252,threatfox,Remcos,"threatfox,22063,c2,Remcos",2026-08-19 04:06:18,2026-09-24 16:28:41,85
ip,2.27.160.141,threatfox,AdaptixC2,"threatfox,AdaptixC2,drb-ra",2026-09-24 16:06:45,2026-09-24 16:28:41,85
ip,209.38.82.85,threatfox,Cobalt Strike,"threatfox,CobaltStrike,drb-ra",2026-09-24 16:06:45,2026-09-24 16:28:41,85
ip,23.132.164.72,threatfox,AsyncRAT,"threatfox,asyncrat",2026-09-24 16:06:45,2026-09-24 16:28:41,85
ip,27.133.154.218,feodotracker,QakBot,"c2,botnet,port:443",2026-03-10 22:13:04,2026-09-24 16:28:41,90
ip,27.14.2.173,threatfox,Unknown malware,"threatfox,supershell",2026-09-24 16:06:45,2026-09-24 16:28:41,85
ip,31.76.45.234,threatfox,Tsundere,"threatfox,DinDoor,drb-ra",2026-09-24 16:06:45,2026-09-24 16:28:41,85
ip,34.204.119.63,feodotracker,QakBot,"c2,botnet,port:443",2026-04-11 03:35:43,2026-09-24 16:28:41,90
ip,39.105.16.200,threatfox,AdaptixC2,"threatfox,AdaptixC2,drb-ra",2026-08-27 16:06:12,2026-09-24 16:28:41,85
ip,43.228.157.233,threatfox,AsyncRAT,"threatfox,asyncrat",2026-09-24 16:06:45,2026-09-24 16:28:41,85
ip,45.139.104.194,threatfox,Remcos,"threatfox,c2,Remcos,RemoteHost",2026-09-24 16:06:45,2026-09-24 16:28:41,85
ip,45.207.211.207,threatfox,AdaptixC2,"threatfox,AdaptixC2,drb-ra",2026-08-09 00:42:39,2026-09-24 16:28:41,85
ip,47.96.137.72,threatfox,VShell,"threatfox,vshell",2026-09-24 16:06:45,2026-09-24 16:28:41,85
ip,50.16.16.211,feodotracker,QakBot,"c2,botnet,port:443",2026-04-11 03:35:43,2026-09-24 16:28:41,90
ip,66.179.29.5,threatfox,PureRAT,"threatfox,drb-ra,PureHVNC,PureRAT,RAT",2026-08-26 04:10:01,2026-09-24 16:28:41,85
ip,81.70.21.163,threatfox,Cobalt Strike,"threatfox,cobaltstrike",2026-09-18 16:06:42,2026-09-24 16:28:41,85
ip,82.156.186.185,threatfox,Cobalt Strike,"threatfox,CobaltStrike,drb-ra",2026-09-24 16:06:45,2026-09-24 16:28:41,85
ip,82.23.246.136,threatfox,Unknown malware,threatfox,2026-09-24 16:06:45,2026-09-24 16:28:41,85
ip,84.38.133.167,threatfox,Remcos,"threatfox,c2,Remcos,RemoteHost",2026-09-24 16:06:45,2026-09-24 16:28:41,85
ip,91.92.242.3,threatfox,VShell,"threatfox,vshell",2026-06-14 18:27:49,2026-09-24 16:28:41,85
ssl_sha1,00095e3cd5dfc929d16036132665d7e3e9ef7cd6,sslbl,Vidar C&C,"sslbl,2026-09-12",2026-09-12 16:06:49,2026-09-24 16:28:41,88
ssl_sha1,0034d3f66acca402e4ae3d683e435f10d513006a,sslbl,ACRStealer C&C,"sslbl,2026-08-08",2026-08-09 00:42:39,2026-09-24 16:28:41,88
ssl_sha1,009a05eaf082d20ae13a65abda12afd959cd76de,sslbl,VenomRAT C&C,"sslbl,2026-09-13",2026-09-14 04:06:32,2026-09-24 16:28:41,88
ssl_sha1,01162aa2c2be7f9d16f646b94a1245726c68b110,sslbl,PureRAT C&C,"sslbl,2026-08-22",2026-08-22 16:06:16,2026-09-24 16:28:41,88
ssl_sha1,01b9a51320b270b527c744a7ebc9f9bc68a94f81,sslbl,ConnectWise C&C,"sslbl,2026-08-19",2026-08-19 16:06:13,2026-09-24 16:28:41,88
ssl_sha1,01cc79c660e1677fc17665e6d8169b5fdad75668,sslbl,PureLogsStealer C&C,"sslbl,2026-08-05",2026-08-06 00:43:27,2026-09-24 16:28:41,88
ssl_sha1,0217bf61b7498d77ca6ba321aefd3cd7b47310c0,sslbl,ACRStealer C&C,"sslbl,2026-09-23",2026-09-23 16:06:24,2026-09-24 16:28:41,88
ssl_sha1,02df529de5d2da5b01c0b557b02b289b060f344b,sslbl,PureRAT C&C,"sslbl,2026-08-08",2026-08-09 00:42:39,2026-09-24 16:28:41,88
ssl_sha1,030279988932ee4115de7e6e8cdeb91927c078db,sslbl,OffLoader C&C,"sslbl,2026-08-19",2026-08-19 16:06:13,2026-09-24 16:28:41,88
ssl_sha1,031491e9d9e07391f330aef5bbdce9febbf1fe90,sslbl,OffLoader C&C,"sslbl,2026-09-11",2026-09-11 16:06:11,2026-09-24 16:28:41,88
ssl_sha1,03cdb8ba1363fb90f77ab53b6fc78d58a5340c35,sslbl,PureRAT C&C,"sslbl,2026-08-20",2026-08-20 16:06:17,2026-09-24 16:28:41,88
ssl_sha1,048bd151ab0a9c0add6d5bba9dc73521e42d9a20,sslbl,AsyncRAT C&C,"sslbl,2026-09-10",2026-09-10 16:06:38,2026-09-24 16:28:41,88
ssl_sha1,057b2084f877c8737e60de6c07ad829ea411b9c6,sslbl,Vidar C&C,"sslbl,2026-08-15",2026-08-15 20:13:12,2026-09-24 16:28:41,88
ssl_sha1,059e425acfe2753d135e1b7ba39e30f0b00dbbb3,sslbl,PureLogsStealer C&C,"sslbl,2026-08-06",2026-08-06 12:43:05,2026-09-24 16:28:41,88
ssl_sha1,05b215b1710e56a14f4742b10586af2750da866a,sslbl,OffLoader C&C,"sslbl,2026-08-13",2026-08-13 08:13:02,2026-09-24 16:28:41,88
ssl_sha1,05fb6a6fa12c1638063b36498703b24fbbc2df43,sslbl,ACRStealer C&C,"sslbl,2026-09-06",2026-09-06 16:06:16,2026-09-24 16:28:41,88
ssl_sha1,06ba62804f9d40f0ffb38ecd4c42b0229921cbde,sslbl,Vidar C&C,"sslbl,2026-09-24",2026-09-24 16:06:45,2026-09-24 16:28:41,88
ssl_sha1,06c6a1e29b1948ac47c0fee2e8652a07fcde1f9e,sslbl,Vidar C&C,"sslbl,2026-08-27",2026-08-27 16:06:11,2026-09-24 16:28:41,88
ssl_sha1,070aa492d4afcb841457f33f366206805947160f,sslbl,Socks5Systemz C&C,"sslbl,2026-09-06",2026-09-06 16:06:16,2026-09-24 16:28:41,88
ssl_sha1,077be211823898ed4eb3d3faf920781321f7ca5c,sslbl,PureLogsStealer C&C,"sslbl,2026-09-09",2026-09-09 16:06:20,2026-09-24 16:28:41,88
ssl_sha1,08d8ee8314ace61bcc0481fe9c0e2bfaaccf34e0,sslbl,Vidar C&C,"sslbl,2026-08-12",2026-08-12 12:42:52,2026-09-24 16:28:41,88
ssl_sha1,097cee540020aa1e282dcf5afefebcb5a6a1dae4,sslbl,PureLogsStealer C&C,"sslbl,2026-08-06",2026-08-06 12:43:05,2026-09-24 16:28:41,88
ssl_sha1,09cc432d307b2b2d67a102c9a579f24b511cfea2,sslbl,Vidar C&C,"sslbl,2026-09-04",2026-09-04 16:06:41,2026-09-24 16:28:41,88
ssl_sha1,09f261bec38f8f17f3aba55d8f24e0c11236de40,sslbl,PureLogsStealer C&C,"sslbl,2026-08-19",2026-08-19 16:06:13,2026-09-24 16:28:41,88
ssl_sha1,0a1192b7efc4408315bb36a29eaa149bf2306e0c,sslbl,PureLogsStealer C&C,"sslbl,2026-09-11",2026-09-11 16:06:11,2026-09-24 16:28:41,88
ssl_sha1,0a2f52fe0e41f4fa2154a7a42134187aa23b6289,sslbl,ConnectWise C&C,"sslbl,2026-08-19",2026-08-19 16:06:13,2026-09-24 16:28:41,88
ssl_sha1,0ad6076cb27bcdd5dd26fe56c022f4ab61ea00be,sslbl,Meterpreter C&C,"sslbl,2026-08-20",2026-08-20 16:06:17,2026-09-24 16:28:41,88
ssl_sha1,0b7abd7fefffcfe53a7ae01594e23d9488a214b4,sslbl,ConnectWise C&C,"sslbl,2026-08-19",2026-08-19 16:06:13,2026-09-24 16:28:41,88
ssl_sha1,0b92ba05df90855d90170858ba91680d33f76e0f,sslbl,ConnectWise C&C,"sslbl,2026-08-19",2026-08-19 16:06:13,2026-09-24 16:28:41,88
ssl_sha1,0bb977bf9e0950a1a818660dde009ac9934bd1e2,sslbl,Vidar C&C,"sslbl,2026-08-21",2026-08-21 16:09:28,2026-09-24 16:28:41,88
ssl_sha1,0bf61cf448206d51a0b7a0cdece647df3ea1196f,sslbl,Vidar C&C,"sslbl,2026-09-21",2026-09-21 16:06:43,2026-09-24 16:28:41,88
ssl_sha1,0c587f31dc58c33ef2e3632bb161f4d52231b7c1,sslbl,ConnectWise C&C,"sslbl,2026-08-22",2026-08-22 16:06:16,2026-09-24 16:28:41,88
ssl_sha1,0ce212056f34e68b2912a643dc8488d63512b4a5,sslbl,Vidar C&C,"sslbl,2026-09-24",2026-09-24 16:06:45,2026-09-24 16:28:41,88
ssl_sha1,0db74536080bbf99f4e8e8b53efd477d1ccaf3e0,sslbl,Malware C&C,"sslbl,2026-09-20",2026-09-20 16:08:22,2026-09-24 16:28:41,88
ssl_sha1,0e764db7ce91a22898f0083832b93da4d3b5d19e,sslbl,PureLogsStealer C&C,"sslbl,2026-09-17",2026-09-17 16:07:21,2026-09-24 16:28:41,88
ssl_sha1,0f1b05653c3b3ab3bb4ecd772dd024668cbe8df1,sslbl,QuasarRAT C&C,"sslbl,2026-08-13",2026-08-13 20:13:53,2026-09-24 16:28:41,88
ssl_sha1,0f3b052836a1071f9f929ad3516358185d5e078e,sslbl,Malware C&C,"sslbl,2026-09-22",2026-09-23 04:06:35,2026-09-24 16:28:41,88
ssl_sha1,0f4085482fb0664e22b9dc962bd87184a2048e28,sslbl,ACRStealer C&C,"sslbl,2026-08-26",2026-08-26 16:06:11,2026-09-24 16:28:41,88
ssl_sha1,0f47d296ca2a764238bfd644c7b716cffafa1352,sslbl,Vidar C&C,"sslbl,2026-08-21",2026-08-21 16:09:28,2026-09-24 16:28:41,88
ssl_sha1,10444531944b9b521661ef3bd8d9848d70902bbd,sslbl,PureLogsStealer C&C,"sslbl,2026-08-10",2026-08-10 12:42:40,2026-09-24 16:28:41,88
ssl_sha1,11a907f87c27b67e87f201281797b95f53508752,sslbl,OffLoader C&C,"sslbl,2026-08-10",2026-08-10 12:42:40,2026-09-24 16:28:41,88
ssl_sha1,12c42acde116383d7b75ae10fc47d5f369f5633e,sslbl,RemusStealer C&C,"sslbl,2026-08-06",2026-08-06 12:43:05,2026-09-24 16:28:41,88
ssl_sha1,131e6cb931dd908cdf9fc5bdd6f8245c9b399ea9,sslbl,ConnectWise C&C,"sslbl,2026-08-07",2026-08-07 12:43:25,2026-09-24 16:28:41,88
ssl_sha1,1389c26fb7ce71a7aa1514e86879daf6b373325a,sslbl,OffLoader C&C,"sslbl,2026-08-28",2026-08-29 04:06:17,2026-09-24 16:28:41,88
ssl_sha1,13f40ae70a0fe1ae9e727ad329583635cf8090be,sslbl,PureLogsStealer C&C,"sslbl,2026-08-10",2026-08-11 00:42:33,2026-09-24 16:28:41,88
ssl_sha1,14333675b09013c7299af764816b152b90d29952,sslbl,Vidar C&C,"sslbl,2026-08-14",2026-08-14 08:13:11,2026-09-24 16:28:41,88
ssl_sha1,145f0fa0f6134e66fa5c80989c13987baf799bda,sslbl,Vidar C&C,"sslbl,2026-09-02",2026-09-02 16:07:20,2026-09-24 16:28:41,88
ssl_sha1,147ca23505c924119036d7e4942ddc0737f39adf,sslbl,PureLogsStealer C&C,"sslbl,2026-08-07",2026-08-07 12:43:25,2026-09-24 16:28:41,88
ssl_sha1,14bc0ce6c63bf1c1554b4cd1772c60b57c38ab09,sslbl,Vidar C&C,"sslbl,2026-09-14",2026-09-14 16:06:31,2026-09-24 16:28:41,88
ssl_sha1,150e9fffc913a1c87bf94e7f2ad0354d4b6afea1,sslbl,Malware distribution,"sslbl,2026-08-22",2026-08-22 16:06:16,2026-09-24 16:28:41,88
ssl_sha1,15a05c644b5ec4ed5c0ba785992c3a4410fbef2a,sslbl,OffLoader C&C,"sslbl,2026-09-20",2026-09-20 16:08:22,2026-09-24 16:28:41,88
ssl_sha1,16237ea9476a99f34c740649ccb7119db3af5df0,sslbl,PureRAT C&C,"sslbl,2026-08-08",2026-08-09 00:42:39,2026-09-24 16:28:41,88
ssl_sha1,16545697d78cbada6dac236b73dbeff19c9035d1,sslbl,PureLogsStealer C&C,"sslbl,2026-08-19",2026-08-20 04:06:14,2026-09-24 16:28:41,88
ssl_sha1,1674f349ec288a75ac123a1752d433a21ceddcef,sslbl,Vidar C&C,"sslbl,2026-08-11",2026-08-11 12:42:27,2026-09-24 16:28:41,88
ssl_sha1,173cb58c2538a3e2fccf3f3ae72b5713e4f810a3,sslbl,ACRStealer C&C,"sslbl,2026-08-19",2026-08-19 16:06:13,2026-09-24 16:28:41,88
ssl_sha1,17d881f02866b9e629d39d16bdf43ca953b38d5c,sslbl,OffLoader C&C,"sslbl,2026-09-01",2026-09-01 16:06:06,2026-09-24 16:28:41,88
ssl_sha1,17ee516f7e99548d2b4d735f2100f2754d814288,sslbl,OffLoader C&C,"sslbl,2026-09-04",2026-09-04 16:06:41,2026-09-24 16:28:41,88
ssl_sha1,180512bde178c27cef6b8597f301558d88f853e2,sslbl,SeroRAT C&C,"sslbl,2026-09-23",2026-09-23 16:06:24,2026-09-24 16:28:41,88
ssl_sha1,183d02c077142b8701d1a719cc8cee3f8fb76072,sslbl,OffLoader C&C,"sslbl,2026-08-14",2026-08-14 08:13:11,2026-09-24 16:28:41,88
ssl_sha1,1869a727516b162905ef9df32d1ad3fe6ceea9f0,sslbl,PureLogsStealer C&C,"sslbl,2026-08-13",2026-08-13 08:13:02,2026-09-24 16:28:41,88
ssl_sha1,1888b7695f250f9d18e89b7c2da95e4979b65044,sslbl,ConnectWise C&C,"sslbl,2026-09-17",2026-09-17 16:07:21,2026-09-24 16:28:41,88
ssl_sha1,1955a3ce0e4bb011e3e667a51be5f42fb02d769f,sslbl,OffLoader C&C,"sslbl,2026-09-09",2026-09-10 04:07:18,2026-09-24 16:28:41,88
ssl_sha1,198fea94392f134f8578e6057c3b6679243e58c3,sslbl,OffLoader C&C,"sslbl,2026-09-21",2026-09-21 16:06:43,2026-09-24 16:28:41,88
ssl_sha1,199e1fd0a2f1c805aae75b33803d0e27b874b892,sslbl,OffLoader C&C,"sslbl,2026-09-10",2026-09-10 16:06:38,2026-09-24 16:28:41,88
ssl_sha1,19cf66baa4727b080e283d10284993170c9b462b,sslbl,Vidar C&C,"sslbl,2026-08-22",2026-08-22 16:06:16,2026-09-24 16:28:41,88
ssl_sha1,19d7b8b5842177ba762fb0b30fd1368e953e73e9,sslbl,ACRStealer C&C,"sslbl,2026-08-11",2026-08-11 12:42:27,2026-09-24 16:28:41,88
ssl_sha1,1ab7aaf074b1e925322cd328b4d1343f46f4f91b,sslbl,PureLogsStealer C&C,"sslbl,2026-08-08",2026-08-09 00:42:39,2026-09-24 16:28:41,88
ssl_sha1,1b48b0bd62383ba8f49d25e8584a290016730f3d,sslbl,Vidar C&C,"sslbl,2026-08-11",2026-08-11 12:42:27,2026-09-24 16:28:41,88
ssl_sha1,1baea4f8295715f075d3c0510b61017840047ae3,sslbl,Vidar C&C,"sslbl,2026-09-06",2026-09-06 16:06:16,2026-09-24 16:28:41,88
ssl_sha1,1bf12565f5b66f9f938f92411d31aea37d9676e8,sslbl,Vidar C&C,"sslbl,2026-09-04",2026-09-04 16:06:41,2026-09-24 16:28:41,88
ssl_sha1,1cdb18c33da65a40adad7b51808edf66f3e180e5,sslbl,PureLogsStealer C&C,"sslbl,2026-08-21",2026-08-21 16:09:28,2026-09-24 16:28:41,88
ssl_sha1,1d6ef2caa8acc4b05edcbf2e8b1e6ee9c7217eb9,sslbl,Vidar C&C,"sslbl,2026-08-12",2026-08-12 12:42:52,2026-09-24 16:28:41,88
ssl_sha1,1e5bfc073ee72f5ae99507c87f2479ec1d5f43b7,sslbl,PureLogsStealer C&C,"sslbl,2026-09-15",2026-09-16 06:55:33,2026-09-24 16:28:41,88
ssl_sha1,1e7d6c983d80311dcecc580135dcc216732fd478,sslbl,Vidar C&C,"sslbl,2026-08-19",2026-08-19 16:06:13,2026-09-24 16:28:41,88
ssl_sha1,1ea9baef6f12a280c50e7f473298f326272516d4,sslbl,ACRStealer C&C,"sslbl,2026-09-15",2026-09-16 06:55:33,2026-09-24 16:28:41,88
ssl_sha1,1edaae5bb268c6ec2f90076a7c47b7bfbc531a15,sslbl,Vidar C&C,"sslbl,2026-09-09",2026-09-09 16:06:20,2026-09-24 16:28:41,88
ssl_sha1,1f494cd829ce4d2c465b8e981a0c7f9288354328,sslbl,Vidar C&C,"sslbl,2026-08-30",2026-08-30 16:06:18,2026-09-24 16:28:41,88
ssl_sha1,206850b799a53982b73accdefec94083f2094a6e,sslbl,PureRAT C&C,"sslbl,2026-09-07",2026-09-07 16:06:32,2026-09-24 16:28:41,88
ssl_sha1,2125bebc5912c9fb523a668daf7d116999488493,sslbl,Koadic C&C,"sslbl,2026-08-27",2026-08-27 16:06:11,2026-09-24 16:28:41,88
ssl_sha1,22bedd3b6ea141fbe9b50681baa395909e014ad0,sslbl,PureLogsStealer C&C,"sslbl,2026-08-06",2026-08-06 12:43:05,2026-09-24 16:28:41,88
ssl_sha1,22d945ac6c7c00fb7bb5d0dc3618a82d46cfd1e2,sslbl,QuasarRAT C&C,"sslbl,2026-09-06",2026-09-06 16:06:16,2026-09-24 16:28:41,88
ssl_sha1,240ce6287e5ee63adc65bde38ca08a7132f5b08b,sslbl,RatonRAT C&C,"sslbl,2026-08-27",2026-08-27 16:06:11,2026-09-24 16:28:41,88
ssl_sha1,25042ea148aa7ccb23ebabb701cacca1d2fbd1d4,sslbl,HypeAgent C&C,"sslbl,2026-08-25",2026-08-25 16:07:37,2026-09-24 16:28:41,88
ssl_sha1,25828f9462f9998c2be7214d5db7e092e3878945,sslbl,Vidar C&C,"sslbl,2026-08-12",2026-08-12 12:42:52,2026-09-24 16:28:41,88
ssl_sha1,261044d91561eedea17eac730254426b193e27fe,sslbl,PureRAT C&C,"sslbl,2026-08-13",2026-08-13 08:13:02,2026-09-24 16:28:41,88
ssl_sha1,263a7098595232fb1c9536d18a903858431212c0,sslbl,MeshAgent C&C,"sslbl,2026-08-10",2026-08-11 00:42:33,2026-09-24 16:28:41,88
ssl_sha1,26d708c6ce4554e9fed0ae35556501faf8d0b01c,sslbl,ZigClipper C&C,"sslbl,2026-08-08",2026-08-09 00:42:39,2026-09-24 16:28:41,88
ssl_sha1,26edae2d62f7008d9a3ea68999f41316f4cdf762,sslbl,PureLogsStealer C&C,"sslbl,2026-09-02",2026-09-02 16:07:20,2026-09-24 16:28:41,88
ssl_sha1,277cf8e1227351964ba2a8e57b49b26f8f8e353a,sslbl,Vidar C&C,"sslbl,2026-08-24",2026-08-24 16:06:10,2026-09-24 16:28:41,88
ssl_sha1,28db945e3beaf15a6f6d7fdf2dfc06a5f0319fc3,sslbl,Malware C&C,"sslbl,2026-08-06",2026-08-06 12:43:05,2026-09-24 16:28:41,88
ssl_sha1,28f2252914fd660fb663fae3995bfa2202285cfe,sslbl,PureLogsStealer C&C,"sslbl,2026-09-10",2026-09-10 16:06:38,2026-09-24 16:28:41,88
ssl_sha1,29e434f384fe91188ce4c8a3f607a781e5c5e5d1,sslbl,PureRAT C&C,"sslbl,2026-08-06",2026-08-06 12:43:05,2026-09-24 16:28:41,88
ssl_sha1,2a2c44f91a961c0b573d1e823f314fb4ffbc88dd,sslbl,OffLoader C&C,"sslbl,2026-09-07",2026-09-07 16:06:32,2026-09-24 16:28:41,88
ssl_sha1,2a68cf483216956f8162c0334a75dac483bfaac6,sslbl,Vidar C&C,"sslbl,2026-08-13",2026-08-13 20:13:53,2026-09-24 16:28:41,88
ssl_sha1,2b05666e08e41d03ae03a5f282434e36229ea962,sslbl,ConnectWise C&C,"sslbl,2026-08-14",2026-08-14 08:13:11,2026-09-24 16:28:41,88
ssl_sha1,2be2964d2711f536de55aa929fa612ba69ebc405,sslbl,Vidar C&C,"sslbl,2026-09-09",2026-09-09 16:06:20,2026-09-24 16:28:41,88
ssl_sha1,2c718d1d6454ad663cf963baecf3a1c81495716a,sslbl,SeroRAT C&C,"sslbl,2026-09-23",2026-09-23 16:06:24,2026-09-24 16:28:41,88
ssl_sha1,2d410f6e2daaf4665a958610ce94242145c714e3,sslbl,PureLogsStealer C&C,"sslbl,2026-08-08",2026-08-09 00:42:39,2026-09-24 16:28:41,88
ssl_sha1,2d55d1a98da553c64dca5168488b90de1ac2b6dc,sslbl,Vidar C&C,"sslbl,2026-09-23",2026-09-23 16:06:24,2026-09-24 16:28:41,88
ssl_sha1,2e57d619d591a232e8f11d850822531b3bda29a4,sslbl,Malware C&C,"sslbl,2026-09-22",2026-09-23 04:06:35,2026-09-24 16:28:41,88
ssl_sha1,2e5d32f48396874bdbf9e30cbf56d9d5440f24ec,sslbl,ConnectWise C&C,"sslbl,2026-08-31",2026-08-31 16:06:17,2026-09-24 16:28:41,88
ssl_sha1,304062e0d9d93dad14b84554abb56fd3af8266ff,sslbl,Vidar C&C,"sslbl,2026-08-19",2026-08-19 16:06:13,2026-09-24 16:28:41,88
ssl_sha1,30ae51f106a573be769968e15c0a6f56a2878a16,sslbl,Vidar C&C,"sslbl,2026-08-05",2026-08-05 12:42:46,2026-09-24 16:28:41,88
ssl_sha1,3141245c066d71ef08936296ffea7ea15082f7fd,sslbl,ConnectWise C&C,"sslbl,2026-08-14",2026-08-14 08:13:11,2026-09-24 16:28:41,88
ssl_sha1,31ce37e696cdff32d3042b1f9be493c1e43b4b6e,sslbl,OffLoader C&C,"sslbl,2026-09-21",2026-09-21 16:06:43,2026-09-24 16:28:41,88
ssl_sha1,328089d815eb8db2dcb741cd603fc451295636d4,sslbl,PureRAT C&C,"sslbl,2026-08-31",2026-08-31 16:06:17,2026-09-24 16:28:41,88
ssl_sha1,32a8651489a0a5fb3fb0679514bed1e86c0c576c,sslbl,ACRStealer C&C,"sslbl,2026-08-10",2026-08-10 12:42:40,2026-09-24 16:28:41,88
ssl_sha1,32c779b627c28c168bcf744948c35f45462e9307,sslbl,PureRAT C&C,"sslbl,2026-09-08",2026-09-08 16:06:37,2026-09-24 16:28:41,88
ssl_sha1,3595cb507d47314a6749679e4217ec993c5c3691,sslbl,DCAgentRMM C&C,"sslbl,2026-08-25",2026-08-25 16:07:37,2026-09-24 16:28:41,88
ssl_sha1,35a0137a8428cd4eed7271f69f576e22389c2718,sslbl,PureLogsStealer C&C,"sslbl,2026-09-23",2026-09-23 16:06:24,2026-09-24 16:28:41,88
ssl_sha1,35f9f438c4787030939c64cb858a48b7bed8c69d,sslbl,PureLogsStealer C&C,"sslbl,2026-09-17",2026-09-17 16:07:21,2026-09-24 16:28:41,88
ssl_sha1,3712fb1d824e230a43660016e4e305e623dad067,sslbl,Malware C&C,"sslbl,2026-08-12",2026-08-12 12:42:52,2026-09-24 16:28:41,88
ssl_sha1,372b91c0d31a75b4e1765af998d984881e34dab1,sslbl,AsyncRAT C&C,"sslbl,2026-09-20",2026-09-20 16:08:22,2026-09-24 16:28:41,88
ssl_sha1,3992dd5edcdf2ce5d143f933e2657640e00a58d4,sslbl,OffLoader C&C,"sslbl,2026-08-20",2026-08-20 16:06:17,2026-09-24 16:28:41,88
ssl_sha1,3a62153757fc44e7a948a9c289a08798ea8e8487,sslbl,OffLoader C&C,"sslbl,2026-09-09",2026-09-09 16:06:20,2026-09-24 16:28:41,88
ssl_sha1,3a91a4aef42d019cf22e2f7a7ee737cff41012cf,sslbl,OffLoader C&C,"sslbl,2026-09-20",2026-09-20 16:08:22,2026-09-24 16:28:41,88
ssl_sha1,3b0855807c94981dca90ba6eb15e94087c91fb52,sslbl,PureRAT C&C,"sslbl,2026-08-08",2026-08-09 00:42:39,2026-09-24 16:28:41,88
ssl_sha1,3c286904e96ada2549fe774aa6eb2d39920219ec,sslbl,Malware C&C,"sslbl,2026-08-13",2026-08-13 08:13:02,2026-09-24 16:28:41,88
ssl_sha1,3ddf56dd624309d956cccb6c41eb6fcfbb3c6364,sslbl,ZigClipper C&C,"sslbl,2026-08-05",2026-08-06 00:43:27,2026-09-24 16:28:41,88
ssl_sha1,3e3c44169f96771a93af70cef73772afc6530f39,sslbl,Vidar C&C,"sslbl,2026-08-10",2026-08-10 12:42:40,2026-09-24 16:28:41,88
ssl_sha1,401d739effc60f0ddbfc096d8b7a64625744824a,sslbl,OffLoader C&C,"sslbl,2026-09-09",2026-09-09 16:06:20,2026-09-24 16:28:41,88
ssl_sha1,407df66ac87ceb177c560e82df9521c8003b5f0d,sslbl,ConnectWise C&C,"sslbl,2026-08-28",2026-08-29 04:06:17,2026-09-24 16:28:41,88
ssl_sha1,40d55bdf808d31690157cc7865a3161d6f44f073,sslbl,Vidar C&C,"sslbl,2026-08-17",2026-08-17 08:13:04,2026-09-24 16:28:41,88
ssl_sha1,4157992dbca11ebbe0938db99c79c0769ff4e1b1,sslbl,PureRAT C&C,"sslbl,2026-09-03",2026-09-03 16:06:37,2026-09-24 16:28:41,88
ssl_sha1,41f8e81a4f9b3e7e70353a84e4bf87d687ddc79e,sslbl,ConnectWise C&C,"sslbl,2026-08-28",2026-08-29 04:06:17,2026-09-24 16:28:41,88
ssl_sha1,42412a6aee2a4ff0234fc0afe142d5a2bf8f1e92,sslbl,HypeAgent C&C,"sslbl,2026-08-27",2026-08-27 16:06:11,2026-09-24 16:28:41,88
ssl_sha1,4385dfcee56c1ede34b61cbc84666afe4946cf2a,sslbl,PureRAT C&C,"sslbl,2026-09-21",2026-09-21 16:06:43,2026-09-24 16:28:41,88
ssl_sha1,441b920d869b1e83fe18a2d86d4b6be20099c145,sslbl,ConnectWise C&C,"sslbl,2026-08-07",2026-08-07 12:43:25,2026-09-24 16:28:41,88
ssl_sha1,4442db8ed5780616c630362ab45b8e59f40a2e5a,sslbl,Vidar C&C,"sslbl,2026-08-19",2026-08-19 16:06:13,2026-09-24 16:28:41,88
ssl_sha1,4454daf3ef7f7d71cf8e4ce8067c880f9976c952,sslbl,Vidar C&C,"sslbl,2026-09-06",2026-09-06 16:06:16,2026-09-24 16:28:41,88
ssl_sha1,448bf34943609cd5dcadf4b1dc58512df0718e57,sslbl,PureLogsStealer C&C,"sslbl,2026-08-06",2026-08-06 12:43:05,2026-09-24 16:28:41,88
ssl_sha1,44c6dc94a23e05350af1ff687fef8b78cb089b8b,sslbl,ConnectWise C&C,"sslbl,2026-09-08",2026-09-08 16:06:37,2026-09-24 16:28:41,88
ssl_sha1,45082929b125b5fb1336345d27ace6b7b85d1f77,sslbl,MiniRMM C&C,"sslbl,2026-09-17",2026-09-17 16:07:21,2026-09-24 16:28:41,88
ssl_sha1,450a46fca2ded0fb7231080b7ec1fef089aa6abe,sslbl,Stealc C&C,"sslbl,2026-08-27",2026-08-27 16:06:11,2026-09-24 16:28:41,88
ssl_sha1,45152caa36a93f2aa9dab483d4c57531221c431d,sslbl,DCRat C&C,"sslbl,2026-08-20",2026-08-20 16:06:17,2026-09-24 16:28:41,88
ssl_sha1,4672fba181056b9df706573af71ad6462ea3df67,sslbl,PureLogsStealer C&C,"sslbl,2026-08-11",2026-08-11 12:42:27,2026-09-24 16:28:41,88
ssl_sha1,46a2a90c5813eda22263c058742902faf1def5a6,sslbl,ConnectWise C&C,"sslbl,2026-08-14",2026-08-14 08:13:11,2026-09-24 16:28:41,88
ssl_sha1,46b898af8e29cb2fe186de2bfdf60bc01d617720,sslbl,PureLogsStealer C&C,"sslbl,2026-09-15",2026-09-16 06:55:33,2026-09-24 16:28:41,88
ssl_sha1,481d7383aaeec383beb3012d8dfd20548837e42b,sslbl,PureRAT C&C,"sslbl,2026-08-20",2026-08-20 16:06:17,2026-09-24 16:28:41,88
ssl_sha1,4a5cf0f4e8da154ed1c60ba064f0e733ce9c373e,sslbl,Vidar C&C,"sslbl,2026-09-10",2026-09-10 16:06:38,2026-09-24 16:28:41,88
ssl_sha1,4a67cf0297c6308d31cbd2e89cd5246817bb1330,sslbl,ACRStealer C&C,"sslbl,2026-08-28",2026-08-28 16:06:18,2026-09-24 16:28:41,88
ssl_sha1,4a6e8bfafdb4754d3fbc09a01e52a88d9d4dd57c,sslbl,OffLoader C&C,"sslbl,2026-08-19",2026-08-19 16:06:13,2026-09-24 16:28:41,88
ssl_sha1,4af902fc388e5b848db1767a6c708e2ada0ad99a,sslbl,Vidar C&C,"sslbl,2026-08-31",2026-08-31 16:06:17,2026-09-24 16:28:41,88
ssl_sha1,4bf18cb50cb5bca46aff5785c1ba96a248d1e9fd,sslbl,Vidar C&C,"sslbl,2026-09-01",2026-09-01 16:06:06,2026-09-24 16:28:41,88
ssl_sha1,4c12b6aa784f92a3c50fb7d99289ca32fe21ad4c,sslbl,PureLogsStealer C&C,"sslbl,2026-09-08",2026-09-08 16:06:37,2026-09-24 16:28:41,88
ssl_sha1,4c48cf2aee29c6b3dd9aceb27ae6674b27cec999,sslbl,Vidar C&C,"sslbl,2026-09-20",2026-09-20 16:08:22,2026-09-24 16:28:41,88
ssl_sha1,4c7132f9c8bfa60751049644820c6f3a90884ff2,sslbl,RatonRAT C&C,"sslbl,2026-08-19",2026-08-19 16:06:13,2026-09-24 16:28:41,88
ssl_sha1,4cad5fa297a09de48d002bf034f543fd7a9384ed,sslbl,Vidar C&C,"sslbl,2026-08-12",2026-08-12 12:42:52,2026-09-24 16:28:41,88
ssl_sha1,4cc4e635af94a219c0c1eaa78c7c1eebdda49e1f,sslbl,PureRAT C&C,"sslbl,2026-09-01",2026-09-01 16:06:06,2026-09-24 16:28:41,88
ssl_sha1,4e1d76e094c1a61d2e1ed367f67545fabe9bc074,sslbl,Malware C&C,"sslbl,2026-09-01",2026-09-01 16:06:06,2026-09-24 16:28:41,88
ssl_sha1,4ee6cf96fce286a8e41faa52626ccf484c72a772,sslbl,Vidar C&C,"sslbl,2026-08-14",2026-08-14 08:13:11,2026-09-24 16:28:41,88
ssl_sha1,4eff1368d9a8d33c6d638153e20b4a5ee7e541a7,sslbl,PureRAT C&C,"sslbl,2026-09-22",2026-09-22 16:06:14,2026-09-24 16:28:41,88
ssl_sha1,4f6db5622e97cb304f7a739d60c8c3acba13f260,sslbl,Stealc C&C,"sslbl,2026-08-19",2026-08-19 16:06:13,2026-09-24 16:28:41,88
ssl_sha1,508ab3696a27249abc7ea437ee1b8bcb8a999d65,sslbl,OverlordRAT C&C,"sslbl,2026-08-08",2026-08-09 00:42:39,2026-09-24 16:28:41,88
ssl_sha1,50c542ca788f012319a8f72453ae5431e0213a4f,sslbl,PureLogsStealer C&C,"sslbl,2026-08-19",2026-08-19 16:06:13,2026-09-24 16:28:41,88
ssl_sha1,513c67627217e9e62bf86dad646acdccca6bae7d,sslbl,Vidar C&C,"sslbl,2026-09-17",2026-09-17 16:07:21,2026-09-24 16:28:41,88
ssl_sha1,52a61a5bae1d5d4fb771c4d8ab668c3570c77283,sslbl,PureRAT C&C,"sslbl,2026-08-31",2026-08-31 16:06:17,2026-09-24 16:28:41,88
ssl_sha1,53e5a73e14b16d4140421466795a2196a53e2bbc,sslbl,PureRAT C&C,"sslbl,2026-08-27",2026-08-27 16:06:11,2026-09-24 16:28:41,88
ssl_sha1,54e1ddda090bff894e88ccc2a784f0e9f4c46d97,sslbl,OffLoader C&C,"sslbl,2026-09-21",2026-09-21 16:06:43,2026-09-24 16:28:41,88
ssl_sha1,55828dc9278fe7cc50514d9e95e64422804a0b84,sslbl,OffLoader C&C,"sslbl,2026-08-10",2026-08-10 12:42:40,2026-09-24 16:28:41,88
ssl_sha1,559a55c8c7779e0037429794a8836a1039dbcdc3,sslbl,AsyncRAT C&C,"sslbl,2026-09-09",2026-09-10 04:07:18,2026-09-24 16:28:41,88
ssl_sha1,56054f201f4b39e290583877f7cc026f0649605f,sslbl,Malware C&C,"sslbl,2026-09-17",2026-09-17 16:07:21,2026-09-24 16:28:41,88
ssl_sha1,5750697f5e734c9105b89e13cc68fa51ae35e726,sslbl,Vidar C&C,"sslbl,2026-09-06",2026-09-06 16:06:16,2026-09-24 16:28:41,88
ssl_sha1,57dd505a5d745deaa32411f3f7e247e6795164a5,sslbl,Vidar C&C,"sslbl,2026-08-19",2026-08-19 16:06:13,2026-09-24 16:28:41,88
ssl_sha1,5b0334a2bc768aa1fef1eb0d10bf52edb071bf1c,sslbl,Vidar C&C,"sslbl,2026-08-10",2026-08-10 12:42:40,2026-09-24 16:28:41,88
ssl_sha1,5b276d28106cb7d91dd5f810e61d9523d34c7804,sslbl,PureLogsStealer C&C,"sslbl,2026-08-21",2026-08-21 16:09:28,2026-09-24 16:28:41,88
ssl_sha1,5b3c4900b63eb2ca8d0d174ef9e989324bc58c0d,sslbl,TELEPUZ C&C,"sslbl,2026-08-21",2026-08-21 16:09:28,2026-09-24 16:28:41,88
ssl_sha1,5b86c194e3e28190e76652c7a39e9acbf849ada2,sslbl,Vidar C&C,"sslbl,2026-08-13",2026-08-13 08:13:02,2026-09-24 16:28:41,88
ssl_sha1,5d801efeb2e22aa0da901ffbce45db05a80a7b0b,sslbl,Vidar C&C,"sslbl,2026-08-25",2026-08-25 16:07:37,2026-09-24 16:28:41,88
ssl_sha1,5dcd3232fc9873ebedca38f8ba5992fce6dccb61,sslbl,PureLogsStealer C&C,"sslbl,2026-08-05",2026-08-06 00:43:27,2026-09-24 16:28:41,88
ssl_sha1,5df1d8183a0c35eed21884c00e84299ded6ece0c,sslbl,PureLogsStealer C&C,"sslbl,2026-09-10",2026-09-10 16:06:38,2026-09-24 16:28:41,88
ssl_sha1,5df6480942779ca755ba42db5446f6492a3bb99b,sslbl,PureLogsStealer C&C,"sslbl,2026-08-26",2026-08-26 16:06:11,2026-09-24 16:28:41,88
ssl_sha1,5e06eaa686adc5ca8fd118752c6667e826bbcad0,sslbl,ConnectWise C&C,"sslbl,2026-08-28",2026-08-29 04:06:17,2026-09-24 16:28:41,88
ssl_sha1,5e7110d4c25e3aef153d9d38610550ad510f23cf,sslbl,Vidar C&C,"sslbl,2026-08-19",2026-08-19 16:06:13,2026-09-24 16:28:41,88
ssl_sha1,5e9de84aab8968d3a10710904a0844d0c360d2a8,sslbl,Vidar C&C,"sslbl,2026-09-03",2026-09-03 16:06:37,2026-09-24 16:28:41,88
ssl_sha1,5efdc565e73e10756c6962ebadd15cf4b1075ea9,sslbl,OffLoader C&C,"sslbl,2026-09-06",2026-09-06 16:06:16,2026-09-24 16:28:41,88
ssl_sha1,5f1f3725db5f77872c27b2d4b1a6c8c32e4ee257,sslbl,SeroRAT C&C,"sslbl,2026-09-23",2026-09-23 16:06:24,2026-09-24 16:28:41,88
ssl_sha1,60d55d4ff506bc654814ba6b26308f999766054a,sslbl,Vidar C&C,"sslbl,2026-09-12",2026-09-12 16:06:49,2026-09-24 16:28:41,88
ssl_sha1,60df0e327f3736946e966b453ef233da0c42b927,sslbl,Havoc C&C,"sslbl,2026-08-10",2026-08-10 12:42:40,2026-09-24 16:28:41,88
ssl_sha1,629ea8772f7b1e8bf216dfc3b2170eb903ee8faa,sslbl,PureLogsStealer C&C,"sslbl,2026-09-09",2026-09-09 16:06:20,2026-09-24 16:28:41,88
ssl_sha1,633df5171fe70f3fed9d56136ebfa187879b4fb6,sslbl,OffLoader C&C,"sslbl,2026-09-17",2026-09-18 04:06:28,2026-09-24 16:28:41,88
ssl_sha1,64ba3430f767ced74b2828509a653187e9553971,sslbl,Vidar C&C,"sslbl,2026-08-11",2026-08-12 00:43:15,2026-09-24 16:28:41,88
ssl_sha1,64e6fe29e84ea3ecaaef08920d8ceb9567240166,sslbl,Vidar C&C,"sslbl,2026-08-25",2026-08-25 16:07:37,2026-09-24 16:28:41,88
ssl_sha1,655b8a9e32dd444d708ab21eb8604f89332db8ab,sslbl,Vidar C&C,"sslbl,2026-08-27",2026-08-27 16:06:11,2026-09-24 16:28:41,88
ssl_sha1,664729bef77ee9c9f2f523fc1305ef65fa05dbae,sslbl,Vidar C&C,"sslbl,2026-08-11",2026-08-11 12:42:27,2026-09-24 16:28:41,88
ssl_sha1,66e45265f8da905b7538b0a81f1ec9b54ea12dd9,sslbl,Vidar C&C,"sslbl,2026-09-17",2026-09-17 16:07:21,2026-09-24 16:28:41,88
ssl_sha1,6712d3901855387b6d4f3d29576f04df40fa30c1,sslbl,BoratRAT C&C,"sslbl,2026-09-02",2026-09-02 16:07:20,2026-09-24 16:28:41,88
ssl_sha1,674a11078348ede85c2e978063a1eb6ea1dbfd81,sslbl,OffLoader C&C,"sslbl,2026-08-26",2026-08-26 16:06:11,2026-09-24 16:28:41,88
ssl_sha1,680cfafa3541d8bdf18c8725016b0d987b9a7dbc,sslbl,DCRat C&C,"sslbl,2026-08-13",2026-08-13 08:13:02,2026-09-24 16:28:41,88
ssl_sha1,687928f5bd90cb243f29760de8d299236de2cadf,sslbl,PureRAT C&C,"sslbl,2026-08-19",2026-08-20 04:06:14,2026-09-24 16:28:41,88
ssl_sha1,696ef14e986d01e7d9186a690a06849c9cc49c4b,sslbl,ConnectWise C&C,"sslbl,2026-09-01",2026-09-01 16:06:06,2026-09-24 16:28:41,88
ssl_sha1,6c6027c8ff18b0f79bd3c40848c2b189a18b49ac,sslbl,QuasarRAT C&C,"sslbl,2026-09-02",2026-09-02 16:07:20,2026-09-24 16:28:41,88
ssl_sha1,6d92d180394761c59cc1455cf6a7c773fb4efabe,sslbl,PureRAT C&C,"sslbl,2026-08-20",2026-08-20 16:06:17,2026-09-24 16:28:41,88
ssl_sha1,6ddb71e5a27eccf80773188066ac92d9d39506d7,sslbl,Vidar C&C,"sslbl,2026-09-02",2026-09-02 16:07:20,2026-09-24 16:28:41,88
ssl_sha1,6e35a76a571969f0e27a8c8c1c11c8aa21330887,sslbl,Vidar C&C,"sslbl,2026-09-18",2026-09-18 16:06:41,2026-09-24 16:28:41,88
ssl_sha1,6e64e6fafd7922f1100ce4f5334fef6dd75b2e66,sslbl,PureLogsStealer C&C,"sslbl,2026-08-06",2026-08-06 12:43:05,2026-09-24 16:28:41,88
ssl_sha1,711c3a7bd15ae5377f4c395e23b3d8b8f1327ced,sslbl,Vidar C&C,"sslbl,2026-08-30",2026-08-30 16:06:18,2026-09-24 16:28:41,88
ssl_sha1,714c56e9e207d5c8e08e1ca28cd9ba85f079d061,sslbl,AsyncRAT C&C,"sslbl,2026-08-08",2026-08-09 00:42:39,2026-09-24 16:28:41,88
ssl_sha1,732c7efa7d624c30b074e78df6595f54fde9188d,sslbl,Vidar C&C,"sslbl,2026-08-20",2026-08-20 16:06:17,2026-09-24 16:28:41,88
ssl_sha1,74afa65e38769e7e58835fd799e353c2fea3a209,sslbl,ACRStealer C&C,"sslbl,2026-09-12",2026-09-12 16:06:49,2026-09-24 16:28:41,88
ssl_sha1,755c81877937861388f42dc73d5a6bf24c96e13b,sslbl,PureRAT C&C,"sslbl,2026-09-04",2026-09-04 16:06:41,2026-09-24 16:28:41,88
ssl_sha1,75fa04b2a1f77a646a0839d5239fe330a41cd551,sslbl,OffLoader C&C,"sslbl,2026-09-24",2026-09-24 16:06:45,2026-09-24 16:28:41,88
ssl_sha1,769a6310d3d9533c1b3e0ddee3c1b6ebbda60891,sslbl,OffLoader C&C,"sslbl,2026-08-07",2026-08-07 12:43:25,2026-09-24 16:28:41,88
ssl_sha1,7704ef9bd99fb57c8f194fdf7fdc950d4bcd26af,sslbl,DCAgentRMM C&C,"sslbl,2026-09-20",2026-09-20 16:08:22,2026-09-24 16:28:41,88
ssl_sha1,77b9903c538d045e266bd4d6cf40ede0b040b403,sslbl,ConnectWise C&C,"sslbl,2026-08-27",2026-08-27 16:06:11,2026-09-24 16:28:41,88
ssl_sha1,7841dc140c85781e29108109b73ab67c276a8eed,sslbl,OffLoader C&C,"sslbl,2026-09-15",2026-09-16 06:55:33,2026-09-24 16:28:41,88
ssl_sha1,78527fc92bcf8d188b3bcab1b35ac5881e2aaa43,sslbl,AsyncRAT C&C,"sslbl,2026-09-06",2026-09-06 16:06:16,2026-09-24 16:28:41,88
ssl_sha1,78dc4f50971751cbf98b96219dd56f099095a717,sslbl,Vidar C&C,"sslbl,2026-08-13",2026-08-13 08:13:02,2026-09-24 16:28:41,88
ssl_sha1,793ccba0eaedcd1a87bb5200cde5a1c9f21ad4ad,sslbl,Vidar C&C,"sslbl,2026-08-12",2026-08-12 12:42:52,2026-09-24 16:28:41,88
ssl_sha1,79e9e22d16866b1126c524c08afda88a225d6545,sslbl,ACRStealer C&C,"sslbl,2026-08-19",2026-08-19 16:06:13,2026-09-24 16:28:41,88
ssl_sha1,7a9be497f84c09e7591ba7c7d69539a6e0468302,sslbl,Vidar C&C,"sslbl,2026-08-24",2026-08-24 16:06:10,2026-09-24 16:28:41,88
ssl_sha1,7bbac2b67988c36fa1dbd3a75dc06629f766ccaf,sslbl,Vidar C&C,"sslbl,2026-08-13",2026-08-13 20:13:53,2026-09-24 16:28:41,88
ssl_sha1,7bc298ef18b49cfd44b5b429209035207250e25e,sslbl,Vidar C&C,"sslbl,2026-09-14",2026-09-14 16:06:31,2026-09-24 16:28:41,88
ssl_sha1,7bdeed30f5501a30f6aecc3f3cc372f7e52d6ce0,sslbl,ConnectWise C&C,"sslbl,2026-08-07",2026-08-07 12:43:25,2026-09-24 16:28:41,88
ssl_sha1,7bf6011a10ea612968ea925608fa67b5d599863a,sslbl,Vidar C&C,"sslbl,2026-08-12",2026-08-12 12:42:52,2026-09-24 16:28:41,88
ssl_sha1,7bf78d44f61a05e919479a1cf3e0ce158a50a0c6,sslbl,AsyncRAT C&C,"sslbl,2026-08-18",2026-08-18 22:07:31,2026-09-24 16:28:41,88
ssl_sha1,7c3a6c14032bce06d59bd68a7b61a8b88fe222ac,sslbl,OffLoader C&C,"sslbl,2026-08-11",2026-08-11 12:42:27,2026-09-24 16:28:41,88
ssl_sha1,7d5d941b4a1e4732fad44cce2a4ded87a20d5508,sslbl,Vidar C&C,"sslbl,2026-09-06",2026-09-06 16:06:16,2026-09-24 16:28:41,88
ssl_sha1,7d7d8f52b3aee2d5233b2f8cc838cd08a6036c1d,sslbl,OffLoader C&C,"sslbl,2026-09-07",2026-09-07 16:06:32,2026-09-24 16:28:41,88
ssl_sha1,7e5a601afffb3c09f07faa53d0aa0e138444f02a,sslbl,PureLogsStealer C&C,"sslbl,2026-09-22",2026-09-22 16:06:14,2026-09-24 16:28:41,88
ssl_sha1,7f111c69f42266b474927156f103d70843e7f82b,sslbl,RatonRAT C&C,"sslbl,2026-08-27",2026-08-27 16:06:11,2026-09-24 16:28:41,88
ssl_sha1,7f1ed4a13d8a2ba6e690ecaf66a9dfa42dd8d9d1,sslbl,ValleyRAT C&C,"sslbl,2026-08-25",2026-08-25 16:07:37,2026-09-24 16:28:41,88
ssl_sha1,7f350973861d149efb83b0a1f51d0e0db0329dda,sslbl,Malware distribution,"sslbl,2026-09-09",2026-09-10 04:07:18,2026-09-24 16:28:41,88
ssl_sha1,7f44d36f1f6bd375ba4e4a7866328a76047ce498,sslbl,AsyncRAT C&C,"sslbl,2026-08-19",2026-08-19 16:06:13,2026-09-24 16:28:41,88
ssl_sha1,7f73eeb03e7df441484d4610c5a0c3a02f166989,sslbl,PureLogsStealer C&C,"sslbl,2026-08-20",2026-08-20 16:06:17,2026-09-24 16:28:41,88
ssl_sha1,7f87bd5bde3e0a713e8554f419f7c80768c5ea60,sslbl,Vidar C&C,"sslbl,2026-09-17",2026-09-17 16:07:21,2026-09-24 16:28:41,88
ssl_sha1,7fa3afaafe3b7c5eab63712e58c9414a86d559ec,sslbl,AsyncRAT C&C,"sslbl,2026-09-06",2026-09-06 16:06:16,2026-09-24 16:28:41,88
ssl_sha1,81b9727d11b0493a919a8faa01815430a0dddef2,sslbl,OffLoader C&C,"sslbl,2026-09-17",2026-09-17 16:07:21,2026-09-24 16:28:41,88
ssl_sha1,82ad60b5fe3e77f88effbb586db3795a41e5f60b,sslbl,QuasarRAT C&C,"sslbl,2026-09-23",2026-09-23 16:06:24,2026-09-24 16:28:41,88
ssl_sha1,841672d728070f0e4519a650a9c8618f9b80c502,sslbl,PureLogsStealer C&C,"sslbl,2026-08-28",2026-08-28 16:06:18,2026-09-24 16:28:41,88
ssl_sha1,847e013a4d337babfdf203eba82d2d32717b9d2d,sslbl,PureLogsStealer C&C,"sslbl,2026-08-10",2026-08-11 00:42:33,2026-09-24 16:28:41,88
ssl_sha1,8508e14457ad7de321edddf3688e124d5f1d652c,sslbl,Vidar C&C,"sslbl,2026-08-28",2026-08-28 16:06:18,2026-09-24 16:28:41,88
ssl_sha1,851e9888eda6290dc6d0c817ac0c82488a9e0bd8,sslbl,Vidar C&C,"sslbl,2026-09-01",2026-09-01 16:06:06,2026-09-24 16:28:41,88
ssl_sha1,865a8d01e86bcf06890c09c7b3e9f2c786d7e600,sslbl,PureRAT C&C,"sslbl,2026-08-20",2026-08-20 16:06:17,2026-09-24 16:28:41,88
ssl_sha1,87feeb825ed6c63616f07bcc03b76454c7e1612f,sslbl,Vidar C&C,"sslbl,2026-08-12",2026-08-12 12:42:52,2026-09-24 16:28:41,88
ssl_sha1,88b2180ded8f8a30de34b4dc84c2328bbd0af49f,sslbl,PureRAT C&C,"sslbl,2026-08-10",2026-08-10 12:42:40,2026-09-24 16:28:41,88
ssl_sha1,894348a13bd989cadc0e7dab223b2d98dd2a2a8f,sslbl,Vidar C&C,"sslbl,2026-09-17",2026-09-18 04:06:28,2026-09-24 16:28:41,88
ssl_sha1,89bbec947a91917d4676037abb417ceb72770851,sslbl,Vidar C&C,"sslbl,2026-08-17",2026-08-17 08:13:04,2026-09-24 16:28:41,88
ssl_sha1,8a6a82fdb53374bd62b62120a007ceb19d4ad827,sslbl,OffLoader C&C,"sslbl,2026-08-11",2026-08-11 12:42:27,2026-09-24 16:28:41,88
ssl_sha1,8a6c4a35948fff86f02ab87ac8ea353ddc3f8a8e,sslbl,Vidar C&C,"sslbl,2026-09-17",2026-09-17 16:07:21,2026-09-24 16:28:41,88
ssl_sha1,8b41b8741c4d2a24de0aba241f742f043f1014d1,sslbl,Vidar C&C,"sslbl,2026-08-27",2026-08-27 16:06:11,2026-09-24 16:28:41,88
ssl_sha1,8bdf129211692888e48d0970e49a8559450974dc,sslbl,AdaptixC2 C&C,"sslbl,2026-08-07",2026-08-07 12:43:25,2026-09-24 16:28:41,88
ssl_sha1,8befa0033eaaa1693777be12aa7d9236a9caf188,sslbl,Vidar C&C,"sslbl,2026-08-11",2026-08-11 12:42:27,2026-09-24 16:28:41,88
ssl_sha1,8c2a430246ca36ca14885fe1a101c61eaab4a96c,sslbl,AsyncRAT C&C,"sslbl,2026-08-31",2026-08-31 16:06:17,2026-09-24 16:28:41,88
ssl_sha1,8c6132e27eb7bfe859029b583c55243baf3f3029,sslbl,PureRAT C&C,"sslbl,2026-08-20",2026-08-20 16:06:17,2026-09-24 16:28:41,88
ssl_sha1,8c798a5e27290e239890509e6b0c08c214664a87,sslbl,Vidar C&C,"sslbl,2026-08-12",2026-08-12 12:42:52,2026-09-24 16:28:41,88
ssl_sha1,8cbedfb429f0d39039f26e2ce229191f21723e88,sslbl,RatonRAT C&C,"sslbl,2026-09-01",2026-09-01 16:06:06,2026-09-24 16:28:41,88
ssl_sha1,8cffe4fa8f624cb4c15790c414e04acde61e3651,sslbl,QuasarRAT C&C,"sslbl,2026-09-12",2026-09-12 16:06:49,2026-09-24 16:28:41,88
ssl_sha1,8d2a3d5cb72fac2e04ef51b3e056ab6b75e3f408,sslbl,PureLogsStealer C&C,"sslbl,2026-09-09",2026-09-09 16:06:20,2026-09-24 16:28:41,88
ssl_sha1,8d6fdff168340e954aad4f0f924276cd5b6e31b2,sslbl,Vidar C&C,"sslbl,2026-08-18",2026-08-18 10:07:25,2026-09-24 16:28:41,88
ssl_sha1,8d8f084ddf2729d1f4747f2a428dd8d9b13e1cfa,sslbl,OffLoader C&C,"sslbl,2026-08-22",2026-08-22 16:06:16,2026-09-24 16:28:41,88
ssl_sha1,8daac8268eaa54e2c2d1aef6108fba9ba29eaa36,sslbl,PureRAT C&C,"sslbl,2026-09-20",2026-09-20 16:08:22,2026-09-24 16:28:41,88
ssl_sha1,8e492f36b0c1412f2d872dc9d51c974d27733d47,sslbl,AsyncRAT C&C,"sslbl,2026-09-09",2026-09-10 04:07:18,2026-09-24 16:28:41,88
ssl_sha1,8ebcb44e692f32d2a4894ada4a06079a48bdf1a6,sslbl,Vidar C&C,"sslbl,2026-09-23",2026-09-23 16:06:24,2026-09-24 16:28:41,88
ssl_sha1,8f0bfca0ab1d555a035d5b498c9e26acdab3d7aa,sslbl,ACRStealer C&C,"sslbl,2026-08-10",2026-08-10 12:42:40,2026-09-24 16:28:41,88
ssl_sha1,8f154a9a3584398eb6be34b0e2f05c79c63cea6a,sslbl,OffLoader C&C,"sslbl,2026-08-28",2026-08-29 04:06:17,2026-09-24 16:28:41,88
ssl_sha1,8f57a784420cc1f07ffc8b9e462edf468963834e,sslbl,ACRStealer C&C,"sslbl,2026-09-15",2026-09-16 06:55:33,2026-09-24 16:28:41,88
ssl_sha1,9028baa7a4f17d812e2c497cdc6dbe5594780325,sslbl,OffLoader C&C,"sslbl,2026-09-21",2026-09-21 16:06:43,2026-09-24 16:28:41,88
ssl_sha1,90bbe9f7eacacb9bff89bbe1345a2cb4a30d2eed,sslbl,Vidar C&C,"sslbl,2026-09-15",2026-09-16 06:55:33,2026-09-24 16:28:41,88
ssl_sha1,919d5be1da2b1383786286d0fb199f4575db0d59,sslbl,Vidar C&C,"sslbl,2026-08-12",2026-08-12 12:42:52,2026-09-24 16:28:41,88
ssl_sha1,92bebc09af464e669c68d95052916e76f989e043,sslbl,Malware C&C,"sslbl,2026-08-04",2026-08-05 12:42:46,2026-09-24 16:28:41,88
ssl_sha1,930851db267db9c407bc5adaa9d49f5c994abece,sslbl,PureRAT C&C,"sslbl,2026-08-10",2026-08-10 12:42:40,2026-09-24 16:28:41,88
ssl_sha1,93edc2f5b2504b5700af766157b2aa96d1edd20f,sslbl,Malware C&C,"sslbl,2026-09-12",2026-09-12 16:06:49,2026-09-24 16:28:41,88
ssl_sha1,940df23eebede1e1e33a4c521ba05b4b37d04d68,sslbl,Vidar C&C,"sslbl,2026-08-11",2026-08-12 00:43:15,2026-09-24 16:28:41,88
ssl_sha1,942c595db95914eb4987a1e7ddd6f728fbc674ec,sslbl,PureLogsStealer C&C,"sslbl,2026-08-04",2026-08-05 12:42:46,2026-09-24 16:28:41,88
ssl_sha1,94711c109335059bb2dc4d338f33d3083004d6fa,sslbl,ACRStealer C&C,"sslbl,2026-08-28",2026-08-28 16:06:18,2026-09-24 16:28:41,88
ssl_sha1,94c2c17d919e1560dca7d4980e7f9c6eb5a402a0,sslbl,Vidar C&C,"sslbl,2026-08-14",2026-08-14 08:13:11,2026-09-24 16:28:41,88
ssl_sha1,9523fa2cadc7c0e46d0f22350939737b8a85d3e6,sslbl,OffLoader C&C,"sslbl,2026-09-17",2026-09-17 16:07:21,2026-09-24 16:28:41,88
ssl_sha1,952bcdeea03ea702626a30069c949581bf2d1b05,sslbl,Vidar C&C,"sslbl,2026-08-18",2026-08-18 22:07:31,2026-09-24 16:28:41,88
ssl_sha1,95688000a5176c85f77eb00ba69faef202ae6c24,sslbl,SeroRAT C&C,"sslbl,2026-09-23",2026-09-23 16:06:24,2026-09-24 16:28:41,88
ssl_sha1,95a5eea4198c93663802a9ea047164b5497ea27f,sslbl,Malware C&C,"sslbl,2026-08-14",2026-08-14 08:13:11,2026-09-24 16:28:41,88
ssl_sha1,95fcb5ff7bd5e1d06b1e585af4ba3ceb95f01164,sslbl,Vidar C&C,"sslbl,2026-08-11",2026-08-11 12:42:27,2026-09-24 16:28:41,88
ssl_sha1,964d86f575c50b29d2b7157331d556859dd43e5e,sslbl,Vidar C&C,"sslbl,2026-08-05",2026-08-05 12:42:46,2026-09-24 16:28:41,88
ssl_sha1,969b40a4fd2fb579a29aed9b2f81a7cf5cc0b1db,sslbl,PureLogsStealer C&C,"sslbl,2026-08-27",2026-08-27 16:06:11,2026-09-24 16:28:41,88
ssl_sha1,96d6ce0654736e23138f54e29acbdb72ed65b5c2,sslbl,XWorm C&C,"sslbl,2026-09-17",2026-09-18 04:06:28,2026-09-24 16:28:41,88
ssl_sha1,9700462dfd419d0295b2753079208e939a853dce,sslbl,AsyncRAT C&C,"sslbl,2026-09-17",2026-09-17 16:07:21,2026-09-24 16:28:41,88
ssl_sha1,971af46c861e6f88e60b7c07a4850e76423c5c4a,sslbl,ConnectWise C&C,"sslbl,2026-08-07",2026-08-07 12:43:25,2026-09-24 16:28:41,88
ssl_sha1,972c98978e420c02a8d8c5f87930dadc70adbbd8,sslbl,ConnectWise C&C,"sslbl,2026-09-04",2026-09-04 16:06:41,2026-09-24 16:28:41,88
ssl_sha1,9780ed18b0a63e77e19611e7f46f640a64c1ad5e,sslbl,Vidar C&C,"sslbl,2026-09-24",2026-09-24 16:06:45,2026-09-24 16:28:41,88
ssl_sha1,97dd1d6a2bc5769af6e0a7999bfaf2aeaf5452a1,sslbl,Vidar C&C,"sslbl,2026-08-05",2026-08-05 12:42:46,2026-09-24 16:28:41,88
ssl_sha1,988b6a8c9ba5ac709116cdd1950189d031d508a6,sslbl,OffLoader C&C,"sslbl,2026-09-22",2026-09-22 16:06:14,2026-09-24 16:28:41,88
ssl_sha1,990472ad57a4d7dcb13689a21b0c84252f5cf0a5,sslbl,AsyncRAT C&C,"sslbl,2026-09-23",2026-09-23 16:06:24,2026-09-24 16:28:41,88
ssl_sha1,99500e5de097a58d95775e1f9da85597851bdb71,sslbl,AsyncRAT C&C,"sslbl,2026-09-21",2026-09-21 16:06:43,2026-09-24 16:28:41,88
ssl_sha1,9959475fe7721d2c7ebb55e3d5b61ca1c79939f0,sslbl,ACRStealer C&C,"sslbl,2026-09-15",2026-09-16 06:55:33,2026-09-24 16:28:41,88
ssl_sha1,99e8e296eae361f7ddeb6ce7cc6d4bd521ee24b3,sslbl,Vidar C&C,"sslbl,2026-08-11",2026-08-11 12:42:27,2026-09-24 16:28:41,88
ssl_sha1,9aba7caceb4b84b49aaa4285d73183a94f4a50d5,sslbl,PureRAT C&C,"sslbl,2026-08-08",2026-08-09 00:42:39,2026-09-24 16:28:41,88
ssl_sha1,9b1d8ac99d61fbc0ba58655538c457db69c459e7,sslbl,PureLogsStealer C&C,"sslbl,2026-08-06",2026-08-06 12:43:05,2026-09-24 16:28:41,88
ssl_sha1,9b422835f6e86dcb59e08f1bb9a47576d98fff81,sslbl,Vidar C&C,"sslbl,2026-08-12",2026-08-12 12:42:52,2026-09-24 16:28:41,88
ssl_sha1,9b4c3ff8dc5891693f443320e3c1167c7cebe2b7,sslbl,QuasarRAT C&C,"sslbl,2026-08-13",2026-08-13 20:13:53,2026-09-24 16:28:41,88
ssl_sha1,9b5e0b2f2acb07fb226b8805b3a5fb5a28035e6e,sslbl,PureLogsStealer C&C,"sslbl,2026-08-04",2026-08-05 12:42:46,2026-09-24 16:28:41,88
ssl_sha1,9b798f7d87edcf42680454660f593afd696ef8ca,sslbl,QuasarRAT C&C,"sslbl,2026-09-21",2026-09-21 16:06:43,2026-09-24 16:28:41,88
ssl_sha1,9ba597b7a850fe598927a226f6ab2efd3050ff95,sslbl,Vidar C&C,"sslbl,2026-08-19",2026-08-20 04:06:14,2026-09-24 16:28:41,88
ssl_sha1,9c041662f67bfc6c80fb45353b0d8689858eac3c,sslbl,SeroRAT C&C,"sslbl,2026-09-23",2026-09-23 16:06:24,2026-09-24 16:28:41,88
ssl_sha1,9c0a9291be46e42b67835dff9e6c767fd6660287,sslbl,Malware C&C,"sslbl,2026-08-22",2026-08-22 16:06:16,2026-09-24 16:28:41,88
ssl_sha1,9c6bff6fdc543dd366ea35f536945acd7177853a,sslbl,QuasarRAT C&C,"sslbl,2026-09-24",2026-09-24 16:06:45,2026-09-24 16:28:41,88
ssl_sha1,9cd7f02e5bd6f0cb16141c3205aa9b00b0fce027,sslbl,PureLogsStealer C&C,"sslbl,2026-08-13",2026-08-13 20:13:53,2026-09-24 16:28:41,88
ssl_sha1,9d11e28c5eacd4bd250c9015c9dd1ba40e7e138b,sslbl,ConnectWise C&C,"sslbl,2026-09-17",2026-09-17 16:07:21,2026-09-24 16:28:41,88
ssl_sha1,9d495a9c646e3962ac5445e9b4da6832164dc4ee,sslbl,OffLoader C&C,"sslbl,2026-08-28",2026-08-28 16:06:18,2026-09-24 16:28:41,88
ssl_sha1,9df53aa0bf7a64882c66ee9c8122b4eae9cf79a6,sslbl,HypeAgent C&C,"sslbl,2026-08-31",2026-08-31 16:06:17,2026-09-24 16:28:41,88
ssl_sha1,9ea13ee5065114aee007c91c941ac3f8483c4326,sslbl,Vidar C&C,"sslbl,2026-08-13",2026-08-13 08:13:02,2026-09-24 16:28:41,88
ssl_sha1,9ed32abf115bfd4fd041c03a567c44579db4ed4a,sslbl,ConnectWise C&C,"sslbl,2026-09-17",2026-09-17 16:07:21,2026-09-24 16:28:41,88
ssl_sha1,9f0464e29fb94333e1ad31740bf4d4bff89cbd28,sslbl,Vidar C&C,"sslbl,2026-08-28",2026-08-28 16:06:18,2026-09-24 16:28:41,88
ssl_sha1,9f7f53410f881c40adf0d4e16a67fd8c4446452a,sslbl,OffLoader C&C,"sslbl,2026-09-09",2026-09-09 16:06:20,2026-09-24 16:28:41,88
ssl_sha1,a0b782d798a48e117c995c9deb013c5cffb0ac58,sslbl,PureLogsStealer C&C,"sslbl,2026-08-11",2026-08-11 12:42:27,2026-09-24 16:28:41,88
ssl_sha1,a0d553e2a130766628359bea489166c63b9892d7,sslbl,Vidar C&C,"sslbl,2026-08-30",2026-08-30 16:06:18,2026-09-24 16:28:41,88
ssl_sha1,a18ccdbee8a145ba523641dc63189ad51cd04064,sslbl,PureRAT C&C,"sslbl,2026-08-21",2026-08-21 16:09:28,2026-09-24 16:28:41,88
ssl_sha1,a1f081f8dbb13e90a644017441c648053495a708,sslbl,VenomRAT C&C,"sslbl,2026-09-06",2026-09-06 16:06:16,2026-09-24 16:28:41,88
ssl_sha1,a2ff80e27a773bd7505ce4ecad1b5bb136b78e30,sslbl,OffLoader C&C,"sslbl,2026-09-17",2026-09-17 16:07:21,2026-09-24 16:28:41,88
ssl_sha1,a45080c92a0b2314966517a4643ebf280e88a11b,sslbl,LummaStealer C&C,"sslbl,2026-08-14",2026-08-14 08:13:11,2026-09-24 16:28:41,88
ssl_sha1,a4a31d169043dc65fd2b36a0352564244c820b1d,sslbl,Malware C&C,"sslbl,2026-08-26",2026-08-26 16:06:11,2026-09-24 16:28:41,88
ssl_sha1,a52e17fe607d1e562e0cb67c6f2342e6b4dbf191,sslbl,Vidar C&C,"sslbl,2026-08-18",2026-08-18 10:07:25,2026-09-24 16:28:41,88
ssl_sha1,a5b119da03c543fa703dcf1f1470b547c88bc0ef,sslbl,Vidar C&C,"sslbl,2026-09-06",2026-09-06 16:06:16,2026-09-24 16:28:41,88
ssl_sha1,a5d4974f89b3751853ea918b1dea7564c7cb8185,sslbl,Vidar C&C,"sslbl,2026-08-27",2026-08-27 16:06:11,2026-09-24 16:28:41,88
ssl_sha1,a6268e092f3de555c67dac2f9e52eae979b3d8e3,sslbl,Vidar C&C,"sslbl,2026-08-17",2026-08-17 08:13:04,2026-09-24 16:28:41,88
ssl_sha1,a66308a1fb09c8345228ca00335e633b2dabde53,sslbl,Malware C&C,"sslbl,2026-09-06",2026-09-06 16:06:16,2026-09-24 16:28:41,88
ssl_sha1,a6849935d34ec88563267dcc290945712a22a382,sslbl,OffLoader C&C,"sslbl,2026-09-17",2026-09-17 16:07:21,2026-09-24 16:28:41,88
ssl_sha1,a6e6aa58bac84e56b868f5f618ef227b75d7208e,sslbl,QuasarRAT C&C,"sslbl,2026-08-29",2026-08-29 16:10:47,2026-09-24 16:28:41,88
ssl_sha1,a7a6a1125d19a58e8b9ca2c7d187915e06c0adce,sslbl,OffLoader C&C,"sslbl,2026-08-31",2026-08-31 16:06:17,2026-09-24 16:28:41,88
ssl_sha1,a7a833e979de1f4883108c9756fac1100dcc6fd8,sslbl,PureRAT C&C,"sslbl,2026-09-22",2026-09-22 16:06:14,2026-09-24 16:28:41,88
ssl_sha1,a7bc5bdb50a33449b1f9c6037a703e58caa406bf,sslbl,Vidar C&C,"sslbl,2026-09-21",2026-09-21 16:06:43,2026-09-24 16:28:41,88
ssl_sha1,a7fa6117a38135c4d9c26ec7e37f15b361535edf,sslbl,Vidar C&C,"sslbl,2026-08-30",2026-08-30 16:06:18,2026-09-24 16:28:41,88
ssl_sha1,a88b5b3ce1ac1236c2739396319f187df0f601f3,sslbl,Vidar C&C,"sslbl,2026-09-22",2026-09-22 16:06:14,2026-09-24 16:28:41,88
ssl_sha1,a974b9d90161d8c5221961c65a975d81959cdb40,sslbl,Vidar C&C,"sslbl,2026-08-30",2026-08-31 04:06:19,2026-09-24 16:28:41,88
ssl_sha1,a9952734015af670f5fc0a62357e4cf5b16ac0ce,sslbl,SeroRAT C&C,"sslbl,2026-09-22",2026-09-22 16:06:14,2026-09-24 16:28:41,88
ssl_sha1,a9ebd28ce7e4ac020e6d263e228b8547e1914bfa,sslbl,Vidar C&C,"sslbl,2026-08-06",2026-08-07 00:43:03,2026-09-24 16:28:41,88
ssl_sha1,aa50e1b4a6e7c66ba2ce4c1c82e62f8d74cd7202,sslbl,Vidar C&C,"sslbl,2026-08-21",2026-08-21 16:09:28,2026-09-24 16:28:41,88
ssl_sha1,aaaa57850472f7c23d75d9470b1f98655d5c3655,sslbl,OffLoader C&C,"sslbl,2026-08-08",2026-08-09 00:42:39,2026-09-24 16:28:41,88
ssl_sha1,aaf31b3f7acfe6dc859d1b6269c7e17337a61fd7,sslbl,OffLoader C&C,"sslbl,2026-08-26",2026-08-26 16:06:11,2026-09-24 16:28:41,88
ssl_sha1,ab273c45f00b156514b5b6be664484911dbed547,sslbl,PureRAT C&C,"sslbl,2026-08-20",2026-08-20 16:06:17,2026-09-24 16:28:41,88
ssl_sha1,ab43d834686476fef1094bb0f9c5eef7d0bcd2f9,sslbl,SparkRAT C&C,"sslbl,2026-08-19",2026-08-19 16:06:13,2026-09-24 16:28:41,88
ssl_sha1,ab53f86d2ce32d9306f431e8e82f39cb31f48a53,sslbl,Vidar C&C,"sslbl,2026-08-19",2026-08-19 16:06:13,2026-09-24 16:28:41,88
ssl_sha1,abacd13c43005d6868d9b586e029a1d6a74e1470,sslbl,ConnectWise C&C,"sslbl,2026-08-19",2026-08-19 16:06:13,2026-09-24 16:28:41,88
ssl_sha1,abe57abc8722c69494113060260ba340cd897744,sslbl,ShellterLoader C&C,"sslbl,2026-08-17",2026-08-17 18:44:22,2026-09-24 16:28:41,88
ssl_sha1,ac6a2ca4f02ca05caa9149b46edb37fc84344d37,sslbl,PureRAT C&C,"sslbl,2026-09-22",2026-09-22 16:06:14,2026-09-24 16:28:41,88
ssl_sha1,aca5d4a8d82ba3feb8e85cd90158efba0d02f03f,sslbl,ACRStealer C&C,"sslbl,2026-09-24",2026-09-24 16:06:45,2026-09-24 16:28:41,88
ssl_sha1,ad1e251a18db0657b238f75305b312593a6276a4,sslbl,PureLogsStealer C&C,"sslbl,2026-09-10",2026-09-10 16:06:38,2026-09-24 16:28:41,88
ssl_sha1,ad3cd2a04112f9ffec395649d537dc68bceb3754,sslbl,PureRAT C&C,"sslbl,2026-08-07",2026-08-07 12:43:25,2026-09-24 16:28:41,88
ssl_sha1,adcff1c66a3ba1c9446886eb9f6efdbec4f17688,sslbl,ACRStealer C&C,"sslbl,2026-09-21",2026-09-22 04:06:10,2026-09-24 16:28:41,88
ssl_sha1,adfc8dd0c5e99a8e33b1df7d5c10fc9653342491,sslbl,ConnectWise C&C,"sslbl,2026-08-22",2026-08-22 16:06:16,2026-09-24 16:28:41,88
ssl_sha1,ae2744e9ad9fb574cb79ceff176cbfc982e4fddb,sslbl,ConnectWise C&C,"sslbl,2026-08-11",2026-08-11 12:42:27,2026-09-24 16:28:41,88
ssl_sha1,aec890965f808398c124d16d25255ac4ed1ce6ca,sslbl,Vidar C&C,"sslbl,2026-08-11",2026-08-11 12:42:27,2026-09-24 16:28:41,88
ssl_sha1,aee6dc1596aba77bde72f0b66a8c32785c6b8e18,sslbl,ConnectWise C&C,"sslbl,2026-09-17",2026-09-17 16:07:21,2026-09-24 16:28:41,88
ssl_sha1,af1a7c59f98298c9d3542e306d0292bdf30b4388,sslbl,PureRAT C&C,"sslbl,2026-08-20",2026-08-20 16:06:17,2026-09-24 16:28:41,88
ssl_sha1,b00aa24dc7459e8a0a8f5fbb3d2a27bd646de1e3,sslbl,HypeAgent C&C,"sslbl,2026-08-18",2026-08-18 10:07:25,2026-09-24 16:28:41,88
ssl_sha1,b0cf2650da454ed5cc67102d95f8b9ba00602ead,sslbl,OffLoader C&C,"sslbl,2026-08-25",2026-08-25 16:07:37,2026-09-24 16:28:41,88
ssl_sha1,b0dfb9c6353dc65a3b503bcb2258db457c5b5947,sslbl,Malware C&C,"sslbl,2026-08-26",2026-08-26 16:06:11,2026-09-24 16:28:41,88
ssl_sha1,b1382377a32ee6c85e47edf264f1f6ef5b49e2a3,sslbl,PureLogsStealer C&C,"sslbl,2026-08-31",2026-08-31 16:06:17,2026-09-24 16:28:41,88
ssl_sha1,b1709ae370ca3fb7ddb3fb49b6c1fca1303a4a97,sslbl,Vidar C&C,"sslbl,2026-09-06",2026-09-07 04:07:00,2026-09-24 16:28:41,88
ssl_sha1,b23101487158938dc99bd731fe372634ad768a0f,sslbl,PureRAT C&C,"sslbl,2026-08-13",2026-08-13 08:13:02,2026-09-24 16:28:41,88
ssl_sha1,b26d3f583556acab11cbfa864f596c143b15f32d,sslbl,Vidar C&C,"sslbl,2026-08-17",2026-08-17 08:13:04,2026-09-24 16:28:41,88
ssl_sha1,b28f42ca50cfb259dfc8dfe16e13631da75d6397,sslbl,PureLogsStealer C&C,"sslbl,2026-08-20",2026-08-20 16:06:17,2026-09-24 16:28:41,88
ssl_sha1,b29e88da94c7ec5eac25efc49b444efcfb61b7de,sslbl,SeroRAT C&C,"sslbl,2026-09-23",2026-09-23 16:06:24,2026-09-24 16:28:41,88
ssl_sha1,b2b4ba87b84f146bbd2f8baa34ea5d555945af28,sslbl,Vidar C&C,"sslbl,2026-09-06",2026-09-06 16:06:16,2026-09-24 16:28:41,88
ssl_sha1,b34240912bc1f09b2e2342363647616b1088a1b0,sslbl,PureRAT C&C,"sslbl,2026-08-29",2026-08-29 16:10:47,2026-09-24 16:28:41,88
ssl_sha1,b364395fee8c2e4c9eaf9a2531f6f7ac7bf8e4ae,sslbl,QuasarRAT C&C,"sslbl,2026-08-10",2026-08-10 12:42:40,2026-09-24 16:28:41,88
ssl_sha1,b3cbb7925cba0c91ef00f0208b35cfffc96614c7,sslbl,PureRAT C&C,"sslbl,2026-09-06",2026-09-06 16:06:16,2026-09-24 16:28:41,88
ssl_sha1,b43fde87eccd529d630ac6c5aa28931a3e6d52bf,sslbl,OffLoader C&C,"sslbl,2026-09-11",2026-09-11 16:06:11,2026-09-24 16:28:41,88
ssl_sha1,b5b8bebd73d8e8aec88ccc17b1e27c34921667ae,sslbl,Vidar C&C,"sslbl,2026-08-08",2026-08-09 00:42:39,2026-09-24 16:28:41,88
ssl_sha1,b5daf66c6f8a99f2d6fe3fc678264598ec140049,sslbl,PureRAT C&C,"sslbl,2026-09-07",2026-09-07 16:06:32,2026-09-24 16:28:41,88
ssl_sha1,b5f071dd28b511f0b4b067507602a779feb4301f,sslbl,AsyncRAT C&C,"sslbl,2026-08-11",2026-08-11 12:42:27,2026-09-24 16:28:41,88
ssl_sha1,b637337f25fe0290aaa04de866605bd70748c263,sslbl,Vidar C&C,"sslbl,2026-09-06",2026-09-06 16:06:16,2026-09-24 16:28:41,88
ssl_sha1,b72b8c162f5b2fe045e0445f9be1937d98279092,sslbl,OffLoader C&C,"sslbl,2026-08-19",2026-08-19 16:06:13,2026-09-24 16:28:41,88
ssl_sha1,b73835be5d6f7dbb40f9df1347745bbb0963783c,sslbl,PureLogsStealer C&C,"sslbl,2026-08-26",2026-08-26 16:06:11,2026-09-24 16:28:41,88
ssl_sha1,b7c32dab3a4cd691ddcfee4bc1fed6d1d6f81c18,sslbl,AsyncRAT C&C,"sslbl,2026-09-07",2026-09-07 16:06:32,2026-09-24 16:28:41,88
ssl_sha1,b85ab05112c6848ccf2dd6889903e1268cdc6a75,sslbl,QuasarRAT C&C,"sslbl,2026-09-23",2026-09-23 16:06:24,2026-09-24 16:28:41,88
ssl_sha1,b8b410c62bcb320c20cfee554f472df3fa5734e4,sslbl,PureLogsStealer C&C,"sslbl,2026-08-06",2026-08-06 12:43:05,2026-09-24 16:28:41,88
ssl_sha1,b94eb3bcd4a57442c30e14dd2067b0c6c46d9619,sslbl,ConnectWise C&C,"sslbl,2026-08-21",2026-08-21 16:09:28,2026-09-24 16:28:41,88
ssl_sha1,b95285b6b061fd0acf6a5ae95433d703f52d1872,sslbl,PureLogsStealer C&C,"sslbl,2026-08-21",2026-08-21 16:09:28,2026-09-24 16:28:41,88
ssl_sha1,b9e2100c0408138edfedb92704bfc57ef9fb59f0,sslbl,PureLogsStealer C&C,"sslbl,2026-08-10",2026-08-10 12:42:40,2026-09-24 16:28:41,88
ssl_sha1,ba3714d484afb75fd03911c59aa096cee9595955,sslbl,QuasarRAT C&C,"sslbl,2026-09-15",2026-09-16 06:55:33,2026-09-24 16:28:41,88
ssl_sha1,ba98762c6eadc76480a1a97ec9c8b54a3002bc10,sslbl,PureLogsStealer C&C,"sslbl,2026-09-09",2026-09-09 16:06:20,2026-09-24 16:28:41,88
ssl_sha1,bd12ed0d3f8dac14cb7de27202b10331831dc8c7,sslbl,OffLoader C&C,"sslbl,2026-09-08",2026-09-08 16:06:37,2026-09-24 16:28:41,88
ssl_sha1,be12aa485facf3375cc2416e1f8fb28541136b83,sslbl,ConnectWise C&C,"sslbl,2026-08-29",2026-08-29 16:10:47,2026-09-24 16:28:41,88
ssl_sha1,be5b37f69a9cf825cca6d9b0e27e3aeaf0903721,sslbl,ACRStealer C&C,"sslbl,2026-08-27",2026-08-27 16:06:11,2026-09-24 16:28:41,88
ssl_sha1,bf192adc3dcaba7412e15b567de22e3f3150bbf7,sslbl,PureLogsStealer C&C,"sslbl,2026-08-21",2026-08-21 16:09:28,2026-09-24 16:28:41,88
ssl_sha1,bfb6503c7c6ce8af43c41197a7fcaec491baa810,sslbl,Vidar C&C,"sslbl,2026-09-01",2026-09-01 16:06:06,2026-09-24 16:28:41,88
ssl_sha1,bfbcd2802186b6c5707f7ff6341b87c12b97f4a4,sslbl,PureRAT C&C,"sslbl,2026-08-30",2026-08-30 16:06:18,2026-09-24 16:28:41,88
ssl_sha1,c0b1920e3d73babea5c2ef2af7ba72977e65586b,sslbl,Vidar C&C,"sslbl,2026-08-12",2026-08-12 12:42:52,2026-09-24 16:28:41,88
ssl_sha1,c2826e64fffde42b99ba86c30055eb2dbd064319,sslbl,OffLoader C&C,"sslbl,2026-08-05",2026-08-05 12:42:46,2026-09-24 16:28:41,88
ssl_sha1,c3e6df2402e57af3e0b7c66f8282efec4a387ac6,sslbl,OffLoader C&C,"sslbl,2026-09-15",2026-09-16 06:55:33,2026-09-24 16:28:41,88
ssl_sha1,c625552b0cc88337be1533622d895a90d8f2d227,sslbl,Malware C&C,"sslbl,2026-09-18",2026-09-18 16:06:41,2026-09-24 16:28:41,88
ssl_sha1,c6d367c9312830fbe81f12e8be9f1d56d2e10b13,sslbl,PureRAT C&C,"sslbl,2026-08-20",2026-08-20 16:06:17,2026-09-24 16:28:41,88
ssl_sha1,c78af78d930e82506823c8ececf1140c7035d8ef,sslbl,OffLoader C&C,"sslbl,2026-09-12",2026-09-12 16:06:49,2026-09-24 16:28:41,88
ssl_sha1,c7abcfeba6d01d0b78b8c690ab1d8d06078ddf11,sslbl,ConnectWise C&C,"sslbl,2026-08-07",2026-08-07 12:43:25,2026-09-24 16:28:41,88
ssl_sha1,c877ab2eec4efcc42bae4819dce27744bd41c0ef,sslbl,HypeAgent C&C,"sslbl,2026-09-01",2026-09-01 16:06:06,2026-09-24 16:28:41,88
ssl_sha1,c8f25096d3b14521a804d30fb8d618f4f0b33950,sslbl,OffLoader C&C,"sslbl,2026-09-18",2026-09-18 16:06:41,2026-09-24 16:28:41,88
ssl_sha1,ca37313c6e61b15e4027fe2609233851a70e572e,sslbl,PureRAT C&C,"sslbl,2026-09-23",2026-09-23 16:06:24,2026-09-24 16:28:41,88
ssl_sha1,ca488616709ba9b2d92517094a073d4b6c6849f1,sslbl,PureRAT C&C,"sslbl,2026-09-20",2026-09-20 16:08:22,2026-09-24 16:28:41,88
ssl_sha1,ca8a5bbb1e6b22fa9ad9757c50f1bdaf2c22011d,sslbl,OffLoader C&C,"sslbl,2026-08-30",2026-08-30 16:06:18,2026-09-24 16:28:41,88
ssl_sha1,ca9e642c1028f3a7fa79947493c34a981705a05d,sslbl,DonutLoader C&C,"sslbl,2026-08-04",2026-08-05 12:42:46,2026-09-24 16:28:41,88
ssl_sha1,cab93f3d490ed168600f08e5cc4a55d4e8c503c8,sslbl,ConnectWise C&C,"sslbl,2026-09-01",2026-09-01 16:06:06,2026-09-24 16:28:41,88
ssl_sha1,cadf6b3f7ceb64de2253e8c0734b867a2762987a,sslbl,Vidar C&C,"sslbl,2026-09-24",2026-09-24 16:06:45,2026-09-24 16:28:41,88
ssl_sha1,cb2d6049ca9e2a20d92f8ee6ae28060d9d460b85,sslbl,OffLoader C&C,"sslbl,2026-09-08",2026-09-08 16:06:37,2026-09-24 16:28:41,88
ssl_sha1,cb4e3c26f38c41dee4cbb27b77f46221e71821d1,sslbl,ACRStealer C&C,"sslbl,2026-09-15",2026-09-16 06:55:33,2026-09-24 16:28:41,88
ssl_sha1,cb7fcaede3c6bb75e73ee72b8de7c23de2953dd4,sslbl,AsyncRAT C&C,"sslbl,2026-09-23",2026-09-23 16:06:24,2026-09-24 16:28:41,88
ssl_sha1,cbde10c2baa3d573791b7e6044ba4e8f15094cd2,sslbl,PureRAT C&C,"sslbl,2026-08-08",2026-08-09 00:42:39,2026-09-24 16:28:41,88
ssl_sha1,cc50b31d95b1d87ac2b597a84544d9368780978a,sslbl,OrcusRAT C&C,"sslbl,2026-09-20",2026-09-20 16:08:22,2026-09-24 16:28:41,88
ssl_sha1,cc7d79ea8261997821ca3c8ad44b61023ad5af89,sslbl,Vidar C&C,"sslbl,2026-08-11",2026-08-11 12:42:27,2026-09-24 16:28:41,88
ssl_sha1,cd4fbb7112546836c61911e6b3a09770b6aebf29,sslbl,DCAgentRMM C&C,"sslbl,2026-09-04",2026-09-04 16:06:41,2026-09-24 16:28:41,88
ssl_sha1,cede10451532b072c7017c49ef4fcd273301a826,sslbl,ConnectWise C&C,"sslbl,2026-08-07",2026-08-07 12:43:25,2026-09-24 16:28:41,88
ssl_sha1,cf52101dfe4779d6d145fe111b5bd69043c0a667,sslbl,Vidar C&C,"sslbl,2026-09-22",2026-09-22 16:06:14,2026-09-24 16:28:41,88
ssl_sha1,cfe6dcd7527099d525ffa8cec0bd1ab5020d47a7,sslbl,Vidar C&C,"sslbl,2026-08-08",2026-08-09 00:42:39,2026-09-24 16:28:41,88
ssl_sha1,d0944e5765a9b5767d3cf02e3bdd9f466c5391b7,sslbl,Vidar C&C,"sslbl,2026-08-14",2026-08-14 08:13:11,2026-09-24 16:28:41,88
ssl_sha1,d0e596efec703d8645be9af9f1ab51b27714d9ec,sslbl,ConnectWise C&C,"sslbl,2026-08-19",2026-08-19 16:06:13,2026-09-24 16:28:41,88
ssl_sha1,d0eec27b6184ec84b6c3274869667f608e30de16,sslbl,PureRAT C&C,"sslbl,2026-08-20",2026-08-20 16:06:17,2026-09-24 16:28:41,88
ssl_sha1,d123d7f43d63545c7a8f643acbe73e81f35c3f14,sslbl,QuasarRAT C&C,"sslbl,2026-08-28",2026-08-28 16:06:18,2026-09-24 16:28:41,88
ssl_sha1,d18f8b968bd5981971d6699bdc4ed7b96a3e7248,sslbl,Vidar C&C,"sslbl,2026-08-14",2026-08-14 08:13:11,2026-09-24 16:28:41,88
ssl_sha1,d260d414670f40733184875b60bb353632e73fcc,sslbl,OffLoader C&C,"sslbl,2026-09-18",2026-09-18 16:06:41,2026-09-24 16:28:41,88
ssl_sha1,d268bd42f68634bb226be6b56dc4b7c13e930d2a,sslbl,PureLogsStealer C&C,"sslbl,2026-08-31",2026-08-31 16:06:17,2026-09-24 16:28:41,88
ssl_sha1,d2ea1d53e2027b0378fa9346965edbcc0215e251,sslbl,DCRat C&C,"sslbl,2026-09-02",2026-09-02 16:07:20,2026-09-24 16:28:41,88
ssl_sha1,d31628ba7beba86d4beecc67ae79fea667c1a11e,sslbl,OffLoader C&C,"sslbl,2026-08-12",2026-08-12 12:42:52,2026-09-24 16:28:41,88
ssl_sha1,d359f356ed88b04089b7afe53f13a913382bd4da,sslbl,PureRAT C&C,"sslbl,2026-09-09",2026-09-09 16:06:20,2026-09-24 16:28:41,88
ssl_sha1,d35b4be8b535918a0656df6b58c8ed8fb23692e0,sslbl,PureRAT C&C,"sslbl,2026-08-06",2026-08-06 12:43:05,2026-09-24 16:28:41,88
ssl_sha1,d43c9f366658adf98f67c12dd8fcb3bca52db900,sslbl,Vidar C&C,"sslbl,2026-08-29",2026-08-29 16:10:47,2026-09-24 16:28:41,88
ssl_sha1,d45abb7b4fc7a67b785708f4ba88c080b3d0207c,sslbl,ConnectWise C&C,"sslbl,2026-08-19",2026-08-19 16:06:13,2026-09-24 16:28:41,88
ssl_sha1,d538bd18d7e63dfe3a67c02c253cc277e2b9733a,sslbl,DCAgentRMM C&C,"sslbl,2026-09-06",2026-09-06 16:06:16,2026-09-24 16:28:41,88
ssl_sha1,d55545d9e23fbf6f6b667d4e055454de1108a627,sslbl,Malware C&C,"sslbl,2026-09-01",2026-09-01 16:06:06,2026-09-24 16:28:41,88
ssl_sha1,d5fdf320afff16aee74bb14f25ef245ea75928ad,sslbl,ACRStealer C&C,"sslbl,2026-08-12",2026-08-12 12:42:52,2026-09-24 16:28:41,88
ssl_sha1,d7d3f678f9b63334375db11eecc81be2db4db6f0,sslbl,ConnectWise C&C,"sslbl,2026-08-07",2026-08-07 12:43:25,2026-09-24 16:28:41,88
ssl_sha1,d8614f6c4127ebeaf66a898a8e7ce3801cf03c30,sslbl,PureLogsStealer C&C,"sslbl,2026-08-12",2026-08-12 12:42:52,2026-09-24 16:28:41,88
ssl_sha1,d8bdc29b8e9cdd5a849185ca6042d9c6f90d12e7,sslbl,Malware C&C,"sslbl,2026-08-22",2026-08-22 16:06:16,2026-09-24 16:28:41,88
ssl_sha1,d8f9205907b3bd3de4fb0513e5c53f167064a452,sslbl,OffLoader C&C,"sslbl,2026-09-14",2026-09-14 16:06:31,2026-09-24 16:28:41,88
ssl_sha1,d962e722e22971c6b81f89befbbe949241b8c2ec,sslbl,OffLoader C&C,"sslbl,2026-08-21",2026-08-21 16:09:28,2026-09-24 16:28:41,88
ssl_sha1,d9da2988d90a2479eb45e1fc66ff46b04f2289f2,sslbl,ACRStealer C&C,"sslbl,2026-08-28",2026-08-28 16:06:18,2026-09-24 16:28:41,88
ssl_sha1,da016d8c7ef2176f549cd35927d92a6d9cc9e253,sslbl,PureLogsStealer C&C,"sslbl,2026-09-10",2026-09-10 16:06:38,2026-09-24 16:28:41,88
ssl_sha1,da841f680c2699118b0f96b74c16b0625e03f180,sslbl,Amadey C&C,"sslbl,2026-08-10",2026-08-10 12:42:40,2026-09-24 16:28:41,88
ssl_sha1,dac0432f5f74d7d465966420968c96166217923f,sslbl,Vidar C&C,"sslbl,2026-08-31",2026-08-31 16:06:17,2026-09-24 16:28:41,88
ssl_sha1,db7000ad8c148580941840ce41d8efb95f478854,sslbl,ACRStealer C&C,"sslbl,2026-09-12",2026-09-12 16:06:49,2026-09-24 16:28:41,88
ssl_sha1,db787c8625b794b3d2385274bfdf8f34d731d7d9,sslbl,Vidar C&C,"sslbl,2026-08-27",2026-08-27 16:06:11,2026-09-24 16:28:41,88
ssl_sha1,dbb503055e3d10fa9d7c07f445e1cf6e5959f038,sslbl,PureRAT C&C,"sslbl,2026-08-25",2026-08-25 16:07:37,2026-09-24 16:28:41,88
ssl_sha1,dcd0ddb2675731126703bc235532e2fe60457b2a,sslbl,PureRAT C&C,"sslbl,2026-09-02",2026-09-02 16:07:20,2026-09-24 16:28:41,88
ssl_sha1,dce637479f61ac7c43c869dcce6b6a050ee29917,sslbl,ACRStealer C&C,"sslbl,2026-08-12",2026-08-12 12:42:52,2026-09-24 16:28:41,88
ssl_sha1,dd7323e5437c503d3b0f4bc1d268dfffd58b80ab,sslbl,Malware C&C,"sslbl,2026-08-11",2026-08-11 12:42:27,2026-09-24 16:28:41,88
ssl_sha1,ddac606a1cf89b62cad44ca59ae7986378f191e7,sslbl,OffLoader C&C,"sslbl,2026-08-27",2026-08-27 16:06:11,2026-09-24 16:28:41,88
ssl_sha1,ddfdf0aa1923b91144b9886e63430e063ad115a8,sslbl,OffLoader C&C,"sslbl,2026-08-29",2026-08-29 16:10:47,2026-09-24 16:28:41,88
ssl_sha1,de0a287fb9997f0ffbd36df79b13cfda63f0bfcd,sslbl,QuasarRAT C&C,"sslbl,2026-09-06",2026-09-06 16:06:16,2026-09-24 16:28:41,88
ssl_sha1,de58e571469c72f26cfb59884e06e2aa5db7d6ff,sslbl,OffLoader C&C,"sslbl,2026-09-23",2026-09-23 16:06:24,2026-09-24 16:28:41,88
ssl_sha1,de7567aa2ce367cb0915ffd8eb55b1e320e726c9,sslbl,PureLogsStealer C&C,"sslbl,2026-08-21",2026-08-21 16:09:28,2026-09-24 16:28:41,88
ssl_sha1,deb92b7c7be8b03d76c63ea02419b82e6e573f97,sslbl,Malware C&C,"sslbl,2026-09-22",2026-09-23 04:06:35,2026-09-24 16:28:41,88
ssl_sha1,dec7517543aba8ea73a1b336a0e72230bdfab6cc,sslbl,Vidar C&C,"sslbl,2026-09-20",2026-09-20 16:08:22,2026-09-24 16:28:41,88
ssl_sha1,ded1fe95801f3c3fd8a1c73360fbaef6697bcf34,sslbl,Malware distribution,"sslbl,2026-08-05",2026-08-05 12:42:46,2026-09-24 16:28:41,88
ssl_sha1,dfde6725130631a83b3d0dc221736bad3db16918,sslbl,OffLoader C&C,"sslbl,2026-08-14",2026-08-14 08:13:11,2026-09-24 16:28:41,88
ssl_sha1,e00005ae100b2af24cf6d7f71b7cd123f8b916be,sslbl,DCRat C&C,"sslbl,2026-09-07",2026-09-07 16:06:32,2026-09-24 16:28:41,88
ssl_sha1,e0fdfb5fb34b59f3d9d4999eecec5cdfdd47be13,sslbl,OffLoader C&C,"sslbl,2026-09-24",2026-09-24 16:06:45,2026-09-24 16:28:41,88
ssl_sha1,e0ffdffb5d9bf9216ea5e70d4fe2bae919f5a6ca,sslbl,OffLoader C&C,"sslbl,2026-08-20",2026-08-20 16:06:17,2026-09-24 16:28:41,88
ssl_sha1,e11c9cfa144ec7da0f1b77838fd02cfb7e897eaa,sslbl,Vidar C&C,"sslbl,2026-08-11",2026-08-11 12:42:27,2026-09-24 16:28:41,88
ssl_sha1,e129189e0ed0545baad30c054b5f51301d766516,sslbl,OffLoader C&C,"sslbl,2026-09-13",2026-09-14 04:06:32,2026-09-24 16:28:41,88
ssl_sha1,e1fadee899789d8e802b8b88dcf67e4cae82ccf1,sslbl,Vidar C&C,"sslbl,2026-08-20",2026-08-20 16:06:17,2026-09-24 16:28:41,88
ssl_sha1,e20ecba521fd923644d154963d32d5cd29f4c0b1,sslbl,PureLogsStealer C&C,"sslbl,2026-09-21",2026-09-21 16:06:43,2026-09-24 16:28:41,88
ssl_sha1,e265df346af246b4a57b638872957cacce04f289,sslbl,DumplingsRAT C&C,"sslbl,2026-08-26",2026-08-26 16:06:11,2026-09-24 16:28:41,88
ssl_sha1,e368d5f28111dd2b577e949c59b254f7de1dae2b,sslbl,Vidar C&C,"sslbl,2026-09-23",2026-09-23 16:06:24,2026-09-24 16:28:41,88
ssl_sha1,e39fdf1800919f6dd77d89bcdbc0b1fe8a9352eb,sslbl,Vidar C&C,"sslbl,2026-08-18",2026-08-18 22:07:31,2026-09-24 16:28:41,88
ssl_sha1,e458b2ccf8647aee41d64e46d1baadfc49e9e853,sslbl,OffLoader C&C,"sslbl,2026-09-14",2026-09-14 16:06:31,2026-09-24 16:28:41,88
ssl_sha1,e481c58f5012d5d8a5177bf84b055fc93c06e32e,sslbl,NetSupport C&C,"sslbl,2026-08-29",2026-08-29 16:10:47,2026-09-24 16:28:41,88
ssl_sha1,e5c15371e2640fdbbed13f9a3d4128f84fe32c9b,sslbl,Malware C&C,"sslbl,2026-09-22",2026-09-23 04:06:35,2026-09-24 16:28:41,88
ssl_sha1,e61c15649184bdcdb39ae1fee964f8681677da35,sslbl,Vidar C&C,"sslbl,2026-09-06",2026-09-06 16:06:16,2026-09-24 16:28:41,88
ssl_sha1,e61c2fca353a70e5eef94a7a6a0d72fa1fcd2df2,sslbl,Amadey C&C,"sslbl,2026-08-10",2026-08-10 12:42:40,2026-09-24 16:28:41,88
ssl_sha1,e63b53c2c26b9bff8f20e018efe7c166ec3c4acd,sslbl,ConnectWise C&C,"sslbl,2026-08-07",2026-08-07 12:43:25,2026-09-24 16:28:41,88
ssl_sha1,e649d5c0e33423531f5404ed8f985a3fc42fb934,sslbl,OffLoader C&C,"sslbl,2026-09-06",2026-09-06 16:06:16,2026-09-24 16:28:41,88
ssl_sha1,e6b44935f6416b11d4ec5d51bbcae9e6f2ab5ce7,sslbl,OffLoader C&C,"sslbl,2026-08-08",2026-08-09 00:42:39,2026-09-24 16:28:41,88
ssl_sha1,e85536b156e0cd96f57d1925fb4f9fadaf825b9a,sslbl,Malware C&C,"sslbl,2026-09-03",2026-09-03 16:06:37,2026-09-24 16:28:41,88
ssl_sha1,e953a8c7f135a5b8867b9dfcfc2a1b402f1e289e,sslbl,PureLogsStealer C&C,"sslbl,2026-08-13",2026-08-13 20:13:53,2026-09-24 16:28:41,88
ssl_sha1,ea74c0bba5834a0445661f91c3a220811eb965a3,sslbl,PureLogsStealer C&C,"sslbl,2026-09-21",2026-09-21 16:06:43,2026-09-24 16:28:41,88
ssl_sha1,ec70fdbbd715a57474807302b27f3eb124b05049,sslbl,Vidar C&C,"sslbl,2026-08-12",2026-08-12 12:42:52,2026-09-24 16:28:41,88
ssl_sha1,ecae976f3eabcaad996e0a431d47bcead61dfb5e,sslbl,RatonRAT C&C,"sslbl,2026-08-21",2026-08-21 16:09:28,2026-09-24 16:28:41,88
ssl_sha1,ece1b6bdc8e62d35188aab274bdb0be28d84c43f,sslbl,QuasarRAT C&C,"sslbl,2026-08-06",2026-08-07 00:43:03,2026-09-24 16:28:41,88
ssl_sha1,ed312f7ad58a9faec6d3c93aabf598335fdf494c,sslbl,Vidar C&C,"sslbl,2026-08-31",2026-08-31 16:06:17,2026-09-24 16:28:41,88
ssl_sha1,ed64fe5bf9ba187fb8b7a54fce4a986d6681f4f2,sslbl,Vidar C&C,"sslbl,2026-09-20",2026-09-20 16:08:22,2026-09-24 16:28:41,88
ssl_sha1,edbd45e54859ad7082efb79465ba938bb2581132,sslbl,OffLoader C&C,"sslbl,2026-08-18",2026-08-18 22:07:31,2026-09-24 16:28:41,88
ssl_sha1,edd934290c1a24e425d4d6f6c82a08ebc392b89f,sslbl,OffLoader C&C,"sslbl,2026-08-25",2026-08-25 16:07:37,2026-09-24 16:28:41,88
ssl_sha1,eedeb11bc67df6c7b7a714512a59dc346c1b4271,sslbl,Socks5Systemz C&C,"sslbl,2026-08-26",2026-08-26 16:06:11,2026-09-24 16:28:41,88
ssl_sha1,ef5c2a4999763064e2213dbe1c8ed696c0e8914b,sslbl,Vidar C&C,"sslbl,2026-08-29",2026-08-29 16:10:47,2026-09-24 16:28:41,88
ssl_sha1,ef74c5ab92e15e7226ba84cce3a45522c74ba902,sslbl,PureLogsStealer C&C,"sslbl,2026-08-06",2026-08-06 12:43:05,2026-09-24 16:28:41,88
ssl_sha1,efdc9593038f9c5962ec9529b7dd02ce4b40f6c9,sslbl,OffLoader C&C,"sslbl,2026-09-20",2026-09-20 16:08:22,2026-09-24 16:28:41,88
ssl_sha1,efed7c2a381b7d580caf89354c93991ac2de65b3,sslbl,OffLoader C&C,"sslbl,2026-08-26",2026-08-26 16:06:11,2026-09-24 16:28:41,88
ssl_sha1,f0e6af342ccf5fe1beb177e2bf3cb2cac4aa1fa6,sslbl,RatonRAT C&C,"sslbl,2026-08-31",2026-08-31 16:06:17,2026-09-24 16:28:41,88
ssl_sha1,f166dfb0e185cab2e7bfdfff50edc67f238195c3,sslbl,Vidar C&C,"sslbl,2026-09-15",2026-09-16 06:55:33,2026-09-24 16:28:41,88
ssl_sha1,f351f7dbe9c583f75758b39cd307f5359d110c73,sslbl,AsyncRAT C&C,"sslbl,2026-08-18",2026-08-18 22:07:31,2026-09-24 16:28:41,88
ssl_sha1,f3a38c4fa9a59b250a0a2d351af061fce6a21995,sslbl,ConnectWise C&C,"sslbl,2026-08-11",2026-08-11 12:42:27,2026-09-24 16:28:41,88
ssl_sha1,f3ba11a6cb8be921ee0fbd326de9a66220bcc82f,sslbl,Vidar C&C,"sslbl,2026-08-15",2026-08-15 20:13:12,2026-09-24 16:28:41,88
ssl_sha1,f419fdfce448a7313ebd93fe4d93ea7d07a1e56d,sslbl,PureLogsStealer C&C,"sslbl,2026-09-17",2026-09-17 16:07:21,2026-09-24 16:28:41,88
ssl_sha1,f4bcfdf7f5ae1e7732a26da5135223f3ef8ebcde,sslbl,ACRStealer C&C,"sslbl,2026-09-15",2026-09-16 06:55:33,2026-09-24 16:28:41,88
ssl_sha1,f50e245dc1e4a89d6cf5e07e31ae1392a3f9ad20,sslbl,AsyncRAT C&C,"sslbl,2026-08-14",2026-08-14 08:13:11,2026-09-24 16:28:41,88
ssl_sha1,f52ace7c91f1ad88a78ea62eab06e000e2f88f16,sslbl,PureRAT C&C,"sslbl,2026-08-20",2026-08-20 16:06:17,2026-09-24 16:28:41,88
ssl_sha1,f567b9fc86b00e059bdfea261466360804fbdb38,sslbl,Vidar C&C,"sslbl,2026-09-12",2026-09-12 16:06:49,2026-09-24 16:28:41,88
ssl_sha1,f5c8ee530b1fd817432a4bafad12126d1ae744d4,sslbl,PureLogsStealer C&C,"sslbl,2026-08-04",2026-08-05 12:42:46,2026-09-24 16:28:41,88
ssl_sha1,fa62c7ce7b7ec943d8853832560bc5a386aaf17e,sslbl,HypeAgent C&C,"sslbl,2026-08-18",2026-08-18 10:07:25,2026-09-24 16:28:41,88
ssl_sha1,fa9ce5456e315652b1373bf913ac45ae7bb4358a,sslbl,Vidar C&C,"sslbl,2026-08-12",2026-08-12 12:42:52,2026-09-24 16:28:41,88
ssl_sha1,fabe6574c3ef1f4a4782c88475755b7b97f1410d,sslbl,HypeAgent C&C,"sslbl,2026-08-31",2026-08-31 16:06:17,2026-09-24 16:28:41,88
ssl_sha1,fb23354c98647902b717bbcc68657256a5dddd37,sslbl,ACRStealer C&C,"sslbl,2026-08-19",2026-08-19 16:06:13,2026-09-24 16:28:41,88
ssl_sha1,fba4408cd54abbe1ba49117ceab8a90335b03217,sslbl,Vidar C&C,"sslbl,2026-08-31",2026-08-31 16:06:17,2026-09-24 16:28:41,88
ssl_sha1,fc5d9dddb01c263a67e7c485e04277afa82fbabf,sslbl,Vidar C&C,"sslbl,2026-08-17",2026-08-17 08:13:04,2026-09-24 16:28:41,88
ssl_sha1,fca24c810592604f11de7dc12dc790c91cc118df,sslbl,ConnectWise C&C,"sslbl,2026-08-19",2026-08-19 16:06:13,2026-09-24 16:28:41,88
ssl_sha1,fcfc3b257b12e4c699e343f4c415b60f642d88f6,sslbl,Vidar C&C,"sslbl,2026-09-13",2026-09-14 04:06:32,2026-09-24 16:28:41,88
ssl_sha1,fd081cbaf79596b443b9d591f9dd1390268db7f0,sslbl,Vidar C&C,"sslbl,2026-09-24",2026-09-24 16:06:45,2026-09-24 16:28:41,88
ssl_sha1,fd6a25dcc16de5e9b0a4563f8d8c94a5941bf437,sslbl,ConnectWise C&C,"sslbl,2026-08-19",2026-08-19 16:06:13,2026-09-24 16:28:41,88
ssl_sha1,fd78e771cab22c3afad8a5d5c448ff05268f20dd,sslbl,Vidar C&C,"sslbl,2026-08-27",2026-08-27 16:06:11,2026-09-24 16:28:41,88
ssl_sha1,ff4362ad98a2821b067bc4ae0624b7da832aad83,sslbl,OffLoader C&C,"sslbl,2026-08-19",2026-08-19 16:06:13,2026-09-24 16:28:41,88
ssl_sha1,ffa6be04fe2e9c6b79776dcfc7ad3f41a403a64d,sslbl,PureRAT C&C,"sslbl,2026-08-18",2026-08-18 22:07:31,2026-09-24 16:28:41,88
ssl_sha1,ffc71a7ba96b8801333ea2b9e7cd05d4cc2f718d,sslbl,Malware C&C,"sslbl,2026-08-11",2026-08-12 00:43:15,2026-09-24 16:28:41,88
url,http://104.168.70.171/w4RVHQN7,urlhaus,malware_download,"ascii,Formbook",2026-09-24 16:00:25,2026-09-24 16:28:41,85
url,http://104.248.194.193/api/metrics/run,threatfox,AMOS,"threatfox,AMOS,cc2,ClickFix,Foxveil,macOS",2026-09-24 16:06:45,2026-09-24 16:28:41,85
url,http://104.248.194.193/contact,threatfox,AMOS,"threatfox,AMOS,cc2,ClickFix,Foxveil,macOS",2026-09-24 16:06:45,2026-09-24 16:28:41,85
url,http://105.184.161.165:34661/i,urlhaus,malware_download,mirai,2026-09-24 16:00:25,2026-09-24 16:28:41,85
url,http://107.175.148.115/img/2.jpg,urlhaus,malware_download,stego,2026-09-24 16:00:25,2026-09-24 16:28:41,85
url,http://115.199.196.35:51207/Mozi.a,urlhaus,malware_download,,2026-09-24 16:00:25,2026-09-24 16:28:41,85
url,http://115.42.71.239:40004/bin.sh,urlhaus,malware_download,Mozi,2026-09-24 16:00:25,2026-09-24 16:28:41,85
url,http://115.50.252.33:57378/bin.sh,urlhaus,malware_download,,2026-09-24 16:00:25,2026-09-24 16:28:41,85
url,http://115.50.252.33:57378/i,urlhaus,malware_download,,2026-09-24 16:00:25,2026-09-24 16:28:41,85
url,http://115.55.23.202:51878/bin.sh,urlhaus,malware_download,Mozi,2026-09-24 16:00:25,2026-09-24 16:28:41,85
url,http://115.55.23.202:51878/i,urlhaus,malware_download,Mozi,2026-09-24 16:00:25,2026-09-24 16:28:41,85
url,http://115.63.150.61:47176/i,urlhaus,malware_download,Mozi,2026-09-24 16:00:25,2026-09-24 16:28:41,85
url,http://119.152.228.80:36317/Mozi.m,threatfox,Mozi,"threatfox,elf,iot,Mozi",2026-09-24 16:06:45,2026-09-24 16:28:41,85
url,http://120.28.163.1:37046/i,urlhaus,malware_download,mirai,2026-09-24 16:00:25,2026-09-24 16:28:41,85
url,http://120.28.164.12:44124/i,urlhaus,malware_download,mirai,2026-09-24 16:00:25,2026-09-24 16:28:41,85
url,http://120.28.189.218:60682/i,urlhaus,malware_download,mirai,2026-09-24 16:00:25,2026-09-24 16:28:41,85
url,http://120.28.194.92:57910/bin.sh,urlhaus,malware_download,mirai,2026-09-24 16:00:25,2026-09-24 16:28:41,85
url,http://120.28.194.92:57910/i,urlhaus,malware_download,mirai,2026-09-24 16:00:25,2026-09-24 16:28:41,85
url,http://123.185.244.205:43701/bin.sh,urlhaus,malware_download,mirai,2026-09-24 16:00:25,2026-09-24 16:28:41,85
url,http://123.7.226.60:33827/bin.sh,urlhaus,malware_download,Mozi,2026-09-24 16:00:25,2026-09-24 16:28:41,85
url,http://125.41.6.81:50550/bin.sh,urlhaus,malware_download,Mozi,2026-09-24 16:00:25,2026-09-24 16:28:41,85
url,http://134.122.204.169:7858/dcd,urlhaus,malware_download,,2026-09-24 16:00:25,2026-09-24 16:28:41,85
url,http://158.94.210.129/GMT/1CRYPTED_STUB.ps1,urlhaus,malware_download,"ascii,opendir,powershell,ps1",2026-09-24 16:00:25,2026-09-24 16:28:41,85
url,http://158.94.210.129/GMT/FiCRYPTED_STUB.ps1,urlhaus,malware_download,"ascii,opendir,powershell,ps1",2026-09-24 16:00:25,2026-09-24 16:28:41,85
url,http://158.94.210.129/GMT/GCRYPTED_STUB.ps1,urlhaus,malware_download,"Formbook,opendir,powershell,ps1,sacii",2026-09-24 16:00:25,2026-09-24 16:28:41,85
url,http://158.94.210.129/ID/CRYPTED_STUB.ps1,urlhaus,malware_download,"ascii,Formbook,powershell,ps1",2026-09-24 16:00:25,2026-09-24 16:28:41,85
url,http://158.94.210.129/ID/KMCRYPTED_STUB.ps1,urlhaus,malware_download,"asciii,opendir,powershell,ps1",2026-09-24 16:00:25,2026-09-24 16:28:41,85
url,http://158.94.210.129/IP/CRYPTED_STUB.ps1,urlhaus,malware_download,"ascii,Formbook,opendir,powershell,ps1",2026-09-24 16:00:25,2026-09-24 16:28:41,85
url,http://170.254.10.219:34692/bin.sh,urlhaus,malware_download,mirai,2026-09-24 16:00:25,2026-09-24 16:28:41,85
url,http://170.254.10.219:34692/i,urlhaus,malware_download,mirai,2026-09-24 16:00:25,2026-09-24 16:28:41,85
url,http://170.64.142.108/arm,urlhaus,malware_download,"elf,ua-wget",2026-09-24 16:00:25,2026-09-24 16:28:41,85
url,http://170.64.142.108/armv5l,urlhaus,malware_download,"elf,ua-wget",2026-09-24 16:00:25,2026-09-24 16:28:41,85
url,http://170.64.142.108/i686,urlhaus,malware_download,"elf,ua-wget",2026-09-24 16:00:25,2026-09-24 16:28:41,85
url,http://170.64.142.108/m68k,urlhaus,malware_download,"elf,ua-wget",2026-09-24 16:00:25,2026-09-24 16:28:41,85
url,http://170.64.142.108/mips,urlhaus,malware_download,"elf,ua-wget",2026-09-24 16:00:25,2026-09-24 16:28:41,85
url,http://170.64.142.108/mipsel,urlhaus,malware_download,"elf,ua-wget",2026-09-24 16:00:25,2026-09-24 16:28:41,85
url,http://175.107.217.82:48392/Mozi.a,threatfox,Mozi,"threatfox,elf,iot,Mozi",2026-09-24 16:06:45,2026-09-24 16:28:41,85
url,http://175.165.84.115:52406/bin.sh,urlhaus,malware_download,,2026-09-24 16:00:25,2026-09-24 16:28:41,85
url,http://175.165.84.115:52406/i,urlhaus,malware_download,,2026-09-24 16:00:25,2026-09-24 16:28:41,85
url,http://175.165.87.86:41708/i,urlhaus,malware_download,,2026-09-24 16:00:25,2026-09-24 16:28:41,85
url,http://181.174.231.21:45689/i,urlhaus,malware_download,mirai,2026-09-24 16:00:25,2026-09-24 16:28:41,85
url,http://182.121.114.85:50001/bin.sh,urlhaus,malware_download,Mozi,2026-09-24 16:00:25,2026-09-24 16:28:41,85
url,http://182.127.167.39:34749/i,urlhaus,malware_download,Mozi,2026-09-24 16:00:25,2026-09-24 16:28:41,85
url,http://182.240.197.143:56323/i,urlhaus,malware_download,mirai,2026-09-24 16:00:25,2026-09-24 16:28:41,85
url,http://193.178.158.107/Bjsw3DlG1/Plugins/clip.dll,urlhaus,malware_download,"579cd0,clip.dll,dropped-by-amadey,plugin,SVCStealer",2026-09-24 16:00:25,2026-09-24 16:28:41,85
url,http://193.178.158.107/Bjsw3DlG1/Plugins/clip64.dll,urlhaus,malware_download,"579cd0,clip64.dll,dropped-by-amadey,plugin,SVCStealer",2026-09-24 16:00:25,2026-09-24 16:28:41,85
url,http://193.178.158.107/Bjsw3DlG1/Plugins/cred.dll,urlhaus,malware_download,"579cd0,cred.dll,dropped-by-amadey,plugin,SVCStealer",2026-09-24 16:00:25,2026-09-24 16:28:41,85
url,http://193.178.158.107/Bjsw3DlG1/Plugins/cred64.dll,urlhaus,malware_download,"579cd0,cred64.dll,dropped-by-amadey,plugin,SVCStealer",2026-09-24 16:00:25,2026-09-24 16:28:41,85
url,http://193.178.158.107/bin/6d8a0b064d16bd18_syshost_loader.exe,urlhaus,malware_download,"579cd0,dropped-by-amadey",2026-09-24 16:00:25,2026-09-24 16:28:41,85
url,http://193.178.158.107/bin/b1d4c9a66b32c67e_CryptoClipper.exe,urlhaus,malware_download,"579cd0,dropped-by-amadey",2026-09-24 16:00:25,2026-09-24 16:28:41,85
url,http://2.184.46.165:55108/bin.sh,urlhaus,malware_download,Mozi,2026-09-24 16:00:25,2026-09-24 16:28:41,85
url,http://202.1.26.70:40385/bin.sh,urlhaus,malware_download,Mozi,2026-09-24 16:00:25,2026-09-24 16:28:41,85
url,http://203.99.56.135:39928/Mozi.m,threatfox,Mozi,"threatfox,elf,iot,Mozi",2026-09-24 16:06:45,2026-09-24 16:28:41,85
url,http://219.155.201.20:54198/bin.sh,urlhaus,malware_download,Mozi,2026-09-24 16:00:25,2026-09-24 16:28:41,85
url,http://219.155.201.20:54198/i,urlhaus,malware_download,Mozi,2026-09-24 16:00:25,2026-09-24 16:28:41,85
url,http://220.198.113.253:44069/i,urlhaus,malware_download,,2026-09-24 16:00:25,2026-09-24 16:28:41,85
url,http://222.127.68.176:38452/i,urlhaus,malware_download,mirai,2026-09-24 16:00:25,2026-09-24 16:28:41,85
url,http://222.137.135.85:58023/bin.sh,urlhaus,malware_download,Mozi,2026-09-24 16:00:25,2026-09-24 16:28:41,85
url,http://222.137.135.85:58023/i,urlhaus,malware_download,Mozi,2026-09-24 16:00:25,2026-09-24 16:28:41,85
url,http://222.137.141.71:45552/i,urlhaus,malware_download,Mozi,2026-09-24 16:00:25,2026-09-24 16:28:41,85
url,http://222.140.195.133:48095/bin.sh,urlhaus,malware_download,Mozi,2026-09-24 16:00:25,2026-09-24 16:28:41,85
url,http://222.140.195.133:48095/i,urlhaus,malware_download,Mozi,2026-09-24 16:00:25,2026-09-24 16:28:41,85
url,http://223.151.255.165:47591/i,urlhaus,malware_download,mirai,2026-09-24 16:00:25,2026-09-24 16:28:41,85
url,http://27.156.176.249:46074/bin.sh,urlhaus,malware_download,"32-bit,arm,elf,mirai,Mozi",2026-09-24 16:00:25,2026-09-24 16:28:41,85
url,http://27.44.145.91:42447/bin.sh,urlhaus,malware_download,"32-bit,elf,mips,Mozi",2026-09-24 16:00:25,2026-09-24 16:28:41,85
url,http://31.56.19.29,threatfox,Stealc,"threatfox,stealc",2026-09-24 16:06:45,2026-09-24 16:28:41,85
url,http://38.43.193.232:45146/bin.sh,urlhaus,malware_download,Mozi,2026-09-24 16:00:25,2026-09-24 16:28:41,85
url,http://38.56.21.66:59755/i,urlhaus,malware_download,mirai,2026-09-24 16:00:25,2026-09-24 16:28:41,85
url,http://39.187.82.150:42316/i,urlhaus,malware_download,Mozi,2026-09-24 16:00:25,2026-09-24 16:28:41,85
url,http://42.224.120.144:33549/i,urlhaus,malware_download,,2026-09-24 16:00:25,2026-09-24 16:28:41,85
url,http://42.231.207.126:47584/bin.sh,urlhaus,malware_download,Mozi,2026-09-24 16:00:25,2026-09-24 16:28:41,85
url,http://42.231.207.126:47584/i,urlhaus,malware_download,Mozi,2026-09-24 16:00:25,2026-09-24 16:28:41,85
url,http://42.239.237.186:34901/bin.sh,urlhaus,malware_download,"32-bit,elf,mips,Mozi",2026-09-24 16:00:25,2026-09-24 16:28:41,85
url,http://42.239.237.186:34901/i,urlhaus,malware_download,"32-bit,elf,mips,Mozi",2026-09-24 16:00:25,2026-09-24 16:28:41,85
url,http://42.58.125.100:51234/bin.sh,urlhaus,malware_download,,2026-09-24 16:00:25,2026-09-24 16:28:41,85
url,http://42.58.125.100:51234/i,urlhaus,malware_download,,2026-09-24 16:00:25,2026-09-24 16:28:41,85
url,http://45.198.224.188/arc,urlhaus,malware_download,"elf,mirai,ua-wget",2026-09-24 16:00:25,2026-09-24 16:28:41,85
url,http://45.198.224.188/i686,urlhaus,malware_download,"elf,mirai,ua-wget",2026-09-24 16:00:25,2026-09-24 16:28:41,85
url,http://45.198.224.188/m68k,urlhaus,malware_download,"elf,ua-wget",2026-09-24 16:00:25,2026-09-24 16:28:41,85
url,http://45.198.224.188/mips,urlhaus,malware_download,"elf,ua-wget",2026-09-24 16:00:25,2026-09-24 16:28:41,85
url,http://45.198.224.188/ppc,urlhaus,malware_download,"elf,ua-wget",2026-09-24 16:00:25,2026-09-24 16:28:41,85
url,http://45.198.224.188/spc,urlhaus,malware_download,"elf,ua-wget",2026-09-24 16:00:25,2026-09-24 16:28:41,85
url,http://45.198.224.188/x86_64,urlhaus,malware_download,"elf,mirai,ua-wget",2026-09-24 16:00:25,2026-09-24 16:28:41,85
url,http://51.255.9.163/images/2.jpg,urlhaus,malware_download,stego,2026-09-24 16:00:25,2026-09-24 16:28:41,85
url,http://59.180.151.121:55956/i,urlhaus,malware_download,"32-bit,elf,mips,Mozi",2026-09-24 16:00:25,2026-09-24 16:28:41,85
url,http://60.23.232.35:51211/bin.sh,urlhaus,malware_download,"32-bit,elf,mips,Mozi",2026-09-24 16:00:25,2026-09-24 16:28:41,85
url,http://60.23.232.35:51211/i,urlhaus,malware_download,"32-bit,elf,mips,Mozi",2026-09-24 16:00:25,2026-09-24 16:28:41,85
url,http://61.54.253.20:34905/i,urlhaus,malware_download,Mozi,2026-09-24 16:00:25,2026-09-24 16:28:41,85
url,http://64.224.17.115/pictures/2.jpg,urlhaus,malware_download,stego,2026-09-24 16:00:25,2026-09-24 16:28:41,85
url,http://72.255.32.109:53235/Mozi.m,threatfox,Mozi,"threatfox,elf,iot,Mozi",2026-09-24 16:06:45,2026-09-24 16:28:41,85
url,http://82.23.246.136:7858/dcd,urlhaus,malware_download,,2026-09-24 16:00:25,2026-09-24 16:28:41,85
url,http://91.92.242.236/files-129312398/files/file_c74eb35f31fcda24.exe,urlhaus,malware_download,"54e64e,dropped-by-amadey",2026-09-24 16:00:25,2026-09-24 16:28:41,85
url,http://armoniamiddleeast.ae/Chrome.exe,urlhaus,malware_download,,2026-09-24 16:00:25,2026-09-24 16:28:41,85
url,http://armoniamiddleeast.ae/ChromeSetup.exe,urlhaus,malware_download,,2026-09-24 16:00:25,2026-09-24 16:28:41,85
url,http://armoniamiddleeast.ae/google.exe,urlhaus,malware_download,,2026-09-24 16:00:25,2026-09-24 16:28:41,85
url,http://jxewele.shop:4262/imports,threatfox,Remus,"threatfox,remus",2026-09-24 16:06:45,2026-09-24 16:28:41,85
url,http://kipthen.shop:9932/teams,threatfox,Remus,"threatfox,remus",2026-09-24 16:06:45,2026-09-24 16:28:41,85
url,http://petcarv.click:8239/users,threatfox,Remus,"threatfox,remus",2026-09-24 16:06:45,2026-09-24 16:28:41,85
url,http://quiunch.click:6271/events,threatfox,Remus,"threatfox,remus",2026-09-24 16:06:45,2026-09-24 16:28:41,85
url,http://quiunch.click:6271/files,threatfox,Remus,"threatfox,remus",2026-09-24 16:06:45,2026-09-24 16:28:41,85
url,http://spiohop.shop:9932/categories,threatfox,Remus,"threatfox,remus",2026-09-24 16:06:45,2026-09-24 16:28:41,85
url,http://tfoyses.shop:3452/events,threatfox,Remus,"threatfox,remus",2026-09-24 16:06:45,2026-09-24 16:28:41,85
url,http://urbanpro.mycpanel.rs/Ringeklokkes.aaf,urlhaus,malware_download,"AgentTesla,ascii,Encoded,GuLoader",2026-09-24 16:00:25,2026-09-24 16:28:41,85
url,http://urbanpro.mycpanel.rs/ucPNX9.bin,urlhaus,malware_download,"AgentTesla,encrypted,GuLoader",2026-09-24 16:00:25,2026-09-24 16:28:41,85
url,https://10.185.202.64.host.secureserver.net/?r=1&s=20c67a3f-934d-d622-b972-240c6791ecfc&u=,urlhaus,malware_download,"hta,ua-curl",2026-09-24 16:00:25,2026-09-24 16:28:41,85
url,https://cablewireltd.site/frndmass244/Crypted.ps1,urlhaus,malware_download,"ascii,opendir,powershell,ps1,VIPKeylogger",2026-09-24 16:00:25,2026-09-24 16:28:41,85
url,https://d2z54pvih3anpa.cloudfront.net/ajax/libs/jquery/3.7.1/jquery.min.js,threatfox,Cobalt Strike,"threatfox,CobaltStrike",2026-09-24 16:06:45,2026-09-24 16:28:41,85
url,https://darkroute.mypi.co/file/pnckdSm.txt,urlhaus,malware_download,"ascii,Encoded,opendir,rat,RemcosRAT",2026-09-24 16:00:25,2026-09-24 16:28:41,85
url,https://delta-canvas.com/zxc/kito,threatfox,AMOS,"threatfox,AMOS,cc2,ClickFix,Foxveil,macOS",2026-09-24 16:06:45,2026-09-24 16:28:41,85
url,https://delta-canvas.com/zxc/mdw,threatfox,AMOS,"threatfox,AMOS,cc2,ClickFix,Foxveil,macOS",2026-09-24 16:06:45,2026-09-24 16:28:41,85
url,https://elrneba.com/nc_assets/img/TRUE.zip,urlhaus,malware_download,"opendir,zip",2026-09-24 16:00:25,2026-09-24 16:28:41,85
url,https://elrneba.com/nc_assets/img/env.zip,urlhaus,malware_download,"opendir,zip",2026-09-24 16:00:25,2026-09-24 16:28:41,85
url,https://ficus.in/img/img_212442.png,urlhaus,malware_download,"rat,RemcosRAT,stego",2026-09-24 16:00:25,2026-09-24 16:28:41,85
url,https://gorsegazette.co/profile/router-validator.js,threatfox,SmartApeSG,"threatfox,SmartApeSG",2026-09-24 16:06:45,2026-09-24 16:28:41,85
url,https://gt.234-e.com,threatfox,Vidar,"threatfox,c2,e1b6418988f8ba8c0f55f99490d0591a,loader,stealer,Vidar",2026-09-24 16:06:45,2026-09-24 16:28:41,85
url,https://myauroracare.com/,threatfox,Unknown malware,"threatfox,ClickFix",2026-09-24 16:06:45,2026-09-24 16:28:41,85
url,https://pub-0216fa08b2b94e129cb9e002cf7cb1f4.r2.dev/img_095017.png,urlhaus,malware_download,"rat,RemcosRAT,stego",2026-09-24 16:00:25,2026-09-24 16:28:41,85
url,https://res.cloudinary.com/rpfuztjy/image/upload/v1790227182/img_011832.jpg,urlhaus,malware_download,"rat,RemcosRAT,stego",2026-09-24 16:00:25,2026-09-24 16:28:41,85
url,https://rough-truth-e072.publicftpresend.workers.dev/cruyu,urlhaus,malware_download,"ascii,rat,RemcosRAT",2026-09-24 16:00:25,2026-09-24 16:28:41,85
url,https://royalcuts.co.uk/google.exe,urlhaus,malware_download,,2026-09-24 16:00:25,2026-09-24 16:28:41,85
url,https://t.me/jj43w,threatfox,Vidar,"threatfox,vidar",2026-09-24 16:06:45,2026-09-24 16:28:41,85
url,https://testingcf.jsdelivr.net/gh/dsteru3421/djjghryer46657l/gffdj5643,threatfox,ClearFake,"threatfox,ClearFake",2026-09-24 16:06:45,2026-09-24 16:28:41,85
url,https://testingcf.jsdelivr.net/gh/retwiry2536/8615c4a4bb56/ea21e91342e4,threatfox,ClearFake,"threatfox,ClearFake",2026-09-24 16:06:45,2026-09-24 16:28:41,85
url,https://testingcf.jsdelivr.net/gh/retwiry2536/djhgrgfd375654/hfgd645j,threatfox,ClearFake,"threatfox,ClearFake",2026-09-24 16:06:45,2026-09-24 16:28:41,85
url,https://vpanel.v-panel.asia/,threatfox,Vidar,threatfox,2026-09-24 16:06:45,2026-09-24 16:28:41,85
url,https://www.cedipay.cash/,threatfox,Unknown malware,"threatfox,ClickFix",2026-09-24 16:06:45,2026-09-24 16:28:41,85
url,https://www.raideurs.eu/,threatfox,Unknown malware,"threatfox,ClickFix",2026-09-24 16:06:45,2026-09-24 16:28:41,85
domain,1stclassautodetail.com,threatfox,Unknown Loader,"threatfox,etherhiding,victim",2026-09-24 04:06:10,2026-09-24 04:31:50,85
domain,326adrian.workers.dev,threatfox,php.shin_webshell,"threatfox,Cloudflare,GIF,PHP,webshell,WordPress,workers.dev,wp-admin",2026-09-24 04:06:10,2026-09-24 04:31:50,85
domain,4lb3banh.ace9bet.net,threatfox,ClearFake,"threatfox,ClearFake,mac-0x68dc,macos",2026-09-24 04:06:10,2026-09-24 04:31:50,85
domain,60kxdwop.al303.com,threatfox,ClearFake,"threatfox,ClearFake,mac-0x68dc,macos",2026-09-24 04:06:10,2026-09-24 04:31:50,85
domain,911cm.com,threatfox,ClearFake,"threatfox,ClearFake",2026-09-24 04:06:10,2026-09-24 04:31:50,85
domain,a-casabianca.fr,threatfox,Unknown Loader,"threatfox,etherhiding,victim",2026-09-24 04:06:10,2026-09-24 04:31:50,85
domain,absolutesound.co.za,threatfox,Unknown Loader,"threatfox,etherhiding,victim",2026-09-24 04:06:10,2026-09-24 04:31:50,85
domain,activatedcarbon.in,threatfox,Unknown Loader,"threatfox,etherhiding,victim",2026-09-24 04:06:10,2026-09-24 04:31:50,85
domain,africansbeautycenter.com,threatfox,Unknown Loader,"threatfox,etherhiding,victim",2026-09-24 04:06:10,2026-09-24 04:31:50,85
domain,agenciaotimize.com,threatfox,Unknown Loader,"threatfox,etherhiding,victim",2026-09-24 04:06:10,2026-09-24 04:31:50,85
domain,akademiavm.sk,threatfox,Unknown Loader,"threatfox,etherhiding,victim",2026-09-24 04:06:10,2026-09-24 04:31:50,85
domain,akademie-fuer-mensch-und-tier.de,threatfox,Unknown Loader,"threatfox,etherhiding,victim",2026-09-24 04:06:10,2026-09-24 04:31:50,85
domain,al303.com,threatfox,ClearFake,"threatfox,24September2026,ClearFake,Commandline,MacOS",2026-09-24 04:06:10,2026-09-24 04:31:50,85
domain,alanabrayboy.com,threatfox,Unknown Loader,"threatfox,etherhiding,victim",2026-09-24 04:06:10,2026-09-24 04:31:50,85
domain,albareq-trucks.com,threatfox,Unknown Loader,"threatfox,etherhiding,victim",2026-09-24 04:06:10,2026-09-24 04:31:50,85
domain,alfredotorrejon.com,threatfox,Unknown Loader,"threatfox,etherhiding,victim",2026-09-24 04:06:10,2026-09-24 04:31:50,85
domain,alglala.com,threatfox,Unknown Loader,"threatfox,etherhiding,victim",2026-09-24 04:06:10,2026-09-24 04:31:50,85
domain,ambikgroup.com,threatfox,Unknown Loader,"threatfox,etherhiding,victim",2026-09-24 04:06:10,2026-09-24 04:31:50,85
domain,annievegas.com,threatfox,Unknown Loader,"threatfox,etherhiding,victim",2026-09-24 04:06:10,2026-09-24 04:31:50,85
domain,anonnanawshin.com,threatfox,Unknown Loader,"threatfox,etherhiding,victim",2026-09-24 04:06:10,2026-09-24 04:31:50,85
domain,apmedia.asia,threatfox,Unknown Loader,"threatfox,etherhiding",2026-09-24 04:06:10,2026-09-24 04:31:50,85
domain,aroundwrld.com,threatfox,Unknown Loader,"threatfox,etherhiding,victim",2026-09-24 04:06:10,2026-09-24 04:31:50,85
domain,ashen-trace-zephyr-draeix.life,threatfox,IClickFix,"threatfox,ClickFix,Mac,MacFinger",2026-09-24 04:06:10,2026-09-24 04:31:50,85
domain,asiavoila.cn,threatfox,Unknown Loader,"threatfox,etherhiding,victim",2026-09-24 04:06:10,2026-09-24 04:31:50,85
domain,autoricambigalluzzi.it,threatfox,Unknown Loader,"threatfox,etherhiding,victim",2026-09-24 04:06:10,2026-09-24 04:31:50,85
domain,avhew86963.workers.dev,threatfox,php.shin_webshell,"threatfox,Cloudflare,GIF,PHP,webshell,WordPress,workers.dev,wp-admin",2026-09-24 04:06:10,2026-09-24 04:31:50,85
domain,axseven.com,threatfox,Unknown Loader,"threatfox,etherhiding,victim",2026-09-24 04:06:10,2026-09-24 04:31:50,85
domain,aydenlincoln.org,threatfox,Unknown Loader,"threatfox,etherhiding,victim",2026-09-24 04:06:10,2026-09-24 04:31:50,85
domain,baligraphsolutions.com,threatfox,Unknown Loader,"threatfox,etherhiding,victim",2026-09-24 04:06:10,2026-09-24 04:31:50,85
domain,baynemedia.ca,threatfox,Unknown Loader,"threatfox,etherhiding,victim",2026-09-24 04:06:10,2026-09-24 04:31:50,85
domain,beachlineproperty.com,threatfox,Unknown Loader,"threatfox,etherhiding,victim",2026-09-24 04:06:10,2026-09-24 04:31:50,85
domain,beatrizmontes.com,threatfox,Unknown Loader,"threatfox,etherhiding,victim",2026-09-24 04:06:10,2026-09-24 04:31:50,85
domain,bellagiointeriors.it,threatfox,Unknown Loader,"threatfox,etherhiding,victim",2026-09-24 04:06:10,2026-09-24 04:31:50,85
domain,benpickering.com,threatfox,Unknown Loader,"threatfox,etherhiding,victim",2026-09-24 04:06:10,2026-09-24 04:31:50,85
domain,benzina.com.au,threatfox,Unknown Loader,"threatfox,etherhiding",2026-09-24 04:06:10,2026-09-24 04:31:50,85
domain,bertulino.com.br,threatfox,Unknown Loader,"threatfox,etherhiding,victim",2026-09-24 04:06:10,2026-09-24 04:31:50,85
domain,bettr-projects.be,threatfox,Unknown Loader,"threatfox,etherhiding,victim",2026-09-24 04:06:10,2026-09-24 04:31:50,85
domain,bezopasnost-hik.ru,threatfox,Unknown Loader,"threatfox,etherhiding",2026-09-24 04:06:10,2026-09-24 04:31:50,85
domain,bf0bqd76.hiwino.net,threatfox,ClearFake,"threatfox,ClearFake,mac-0x0f14,macos",2026-09-24 04:06:10,2026-09-24 04:31:50,85
domain,bigtime-entertainment.co.za,threatfox,Unknown Loader,"threatfox,etherhiding,victim",2026-09-24 04:06:10,2026-09-24 04:31:50,85
domain,bitgeyser.com,threatfox,Unknown Loader,"threatfox,etherhiding,victim",2026-09-24 04:06:10,2026-09-24 04:31:50,85
domain,blog.netzmensch.com,threatfox,IClickFix,"threatfox,ClickFix",2026-09-24 04:06:10,2026-09-24 04:31:50,85
domain,bluvision.ph,threatfox,Unknown Loader,"threatfox,etherhiding",2026-09-24 04:06:10,2026-09-24 04:31:50,85
domain,bowie2001.com,threatfox,Unknown Loader,"threatfox,etherhiding,victim",2026-09-24 04:06:10,2026-09-24 04:31:50,85
domain,boxtelcustompackaging.com,threatfox,Unknown Loader,"threatfox,etherhiding,victim",2026-09-24 04:06:10,2026-09-24 04:31:50,85
domain,bremse-hupe-licht.de,threatfox,Unknown Loader,"threatfox,etherhiding,victim",2026-09-24 04:06:10,2026-09-24 04:31:50,85
domain,c4secure.co.uk,threatfox,Unknown Loader,"threatfox,etherhiding,victim",2026-09-24 04:06:10,2026-09-24 04:31:50,85
domain,cameronpinegar.com,threatfox,Unknown Loader,"threatfox,etherhiding,victim",2026-09-24 04:06:10,2026-09-24 04:31:50,85
domain,careernation.com,threatfox,Unknown Loader,"threatfox,etherhiding,victim",2026-09-24 04:06:10,2026-09-24 04:31:50,85
domain,carmartec.de,threatfox,Unknown Loader,"threatfox,etherhiding,victim",2026-09-24 04:06:10,2026-09-24 04:31:50,85
domain,cautre.vn,threatfox,Unknown Loader,"threatfox,etherhiding",2026-09-24 04:06:10,2026-09-24 04:31:50,85
domain,ccc.0101011010010111001.com,threatfox,Cobalt Strike,"threatfox,CobaltStrike,drb-ra",2026-09-24 04:06:10,2026-09-24 04:31:50,85
domain,cccoworking.com,threatfox,IClickFix,"threatfox,ClickFix",2026-09-24 04:06:10,2026-09-24 04:31:50,85
domain,ccvrtw.com,threatfox,Unknown Loader,"threatfox,etherhiding,victim",2026-09-24 04:06:10,2026-09-24 04:31:50,85
domain,cedarlakecamp.org,threatfox,Unknown Loader,"threatfox,etherhiding",2026-09-24 04:06:10,2026-09-24 04:31:50,85
domain,citycirca.com,threatfox,Unknown Loader,"threatfox,etherhiding",2026-09-24 04:06:10,2026-09-24 04:31:50,85
domain,citygraph.cz,threatfox,Unknown Loader,"threatfox,etherhiding,victim",2026-09-24 04:06:10,2026-09-24 04:31:50,85
domain,claudefit.com,threatfox,Unknown Loader,"threatfox,etherhiding,victim",2026-09-24 04:06:10,2026-09-24 04:31:50,85
domain,cleanthumbs.co.uk,threatfox,Unknown Loader,"threatfox,etherhiding",2026-09-24 04:06:10,2026-09-24 04:31:50,85
domain,cmacare.shop,threatfox,Unknown Loader,"threatfox,etherhiding,victim",2026-09-24 04:06:10,2026-09-24 04:31:50,85
domain,collectlabsworks.com,threatfox,Unknown malware,"threatfox,ClickFix,Etherhide",2026-09-24 04:06:10,2026-09-24 04:31:50,85
domain,communityofimmanuel.net,threatfox,Unknown Loader,"threatfox,etherhiding,victim",2026-09-24 04:06:10,2026-09-24 04:31:50,85
domain,cookwithlina.com,threatfox,ClearFake,"threatfox,compromised,EtherHide",2026-09-24 04:06:10,2026-09-24 04:31:50,85
domain,coretechagile.com,threatfox,ClearFake,"threatfox,compromised,EtherHide",2026-09-24 04:06:10,2026-09-24 04:31:50,85
domain,cosadesidera.it,threatfox,Unknown Loader,"threatfox,etherhiding",2026-09-24 04:06:10,2026-09-24 04:31:50,85
domain,cottages4u.ca,threatfox,ClearFake,"threatfox,compromised,EtherHide",2026-09-24 04:06:10,2026-09-24 04:31:50,85
domain,courseplanet.org,threatfox,Unknown Loader,"threatfox,etherhiding,victim",2026-09-24 04:06:10,2026-09-24 04:31:50,85
domain,ctestateshots.com,threatfox,Unknown Loader,"threatfox,etherhiding,victim",2026-09-24 04:06:10,2026-09-24 04:31:50,85
domain,cyanloise.workers.dev,threatfox,php.shin_webshell,"threatfox,Cloudflare,GIF,PHP,webshell,WordPress,workers.dev,wp-admin",2026-09-24 04:06:10,2026-09-24 04:31:50,85
domain,cyryzine.workers.dev,threatfox,php.shin_webshell,"threatfox,Cloudflare,GIF,PHP,webshell,WordPress,workers.dev,wp-admin",2026-09-24 04:06:10,2026-09-24 04:31:50,85
domain,dacxyxfc.pazarlamasi.com,threatfox,ClearFake,"threatfox,ClearFake,mac-0x76c7,macos",2026-09-24 04:06:10,2026-09-24 04:31:50,85
domain,dalisdergisi.com,threatfox,Unknown Loader,"threatfox,etherhiding,victim",2026-09-24 04:06:10,2026-09-24 04:31:50,85
domain,danilessa.com.br,threatfox,Unknown Loader,"threatfox,etherhiding,victim",2026-09-24 04:06:10,2026-09-24 04:31:50,85
domain,degazage-cuve-fioul.fr,threatfox,Unknown Loader,"threatfox,etherhiding,victim",2026-09-24 04:06:10,2026-09-24 04:31:50,85
domain,desarrollosurbanos.com.ar,threatfox,Unknown Loader,"threatfox,etherhiding",2026-09-24 04:06:10,2026-09-24 04:31:50,85
domain,designer-mailbox.com,threatfox,Unknown Loader,"threatfox,etherhiding",2026-09-24 04:06:10,2026-09-24 04:31:50,85
domain,directsourcetaxsolutions.com,threatfox,Unknown Loader,"threatfox,etherhiding,victim",2026-09-24 04:06:10,2026-09-24 04:31:50,85
domain,disaster-consult.com,threatfox,Unknown Loader,"threatfox,etherhiding,victim",2026-09-24 04:06:10,2026-09-24 04:31:50,85
domain,distritamaperkasa.com,threatfox,IClickFix,"threatfox,ClickFix",2026-09-24 04:06:10,2026-09-24 04:31:50,85
domain,divyagokulnath.com,threatfox,Unknown Loader,"threatfox,etherhiding,victim",2026-09-24 04:06:10,2026-09-24 04:31:50,85
domain,dkprestige.fr,threatfox,Unknown Loader,"threatfox,etherhiding,victim",2026-09-24 04:06:10,2026-09-24 04:31:50,85
domain,dksb-oschatz.de,threatfox,Unknown Loader,"threatfox,etherhiding",2026-09-24 04:06:10,2026-09-24 04:31:50,85
domain,dlekonomi.se,threatfox,Unknown Loader,"threatfox,etherhiding,victim",2026-09-24 04:06:10,2026-09-24 04:31:50,85
domain,dopyculo.workers.dev,threatfox,php.shin_webshell,"threatfox,Cloudflare,GIF,PHP,webshell,WordPress,workers.dev,wp-admin",2026-09-24 04:06:10,2026-09-24 04:31:50,85
domain,dozentlms.com,threatfox,IClickFix,"threatfox,ClickFix",2026-09-24 04:06:10,2026-09-24 04:31:50,85
domain,drcourtneyjones.com,threatfox,Unknown Loader,"threatfox,etherhiding,victim",2026-09-24 04:06:10,2026-09-24 04:31:50,85
domain,drecruitment.com,threatfox,IClickFix,"threatfox,ClickFix",2026-09-24 04:06:10,2026-09-24 04:31:50,85
domain,drevovyroba-zahradka.cz,threatfox,IClickFix,"threatfox,ClickFix",2026-09-24 04:06:10,2026-09-24 04:31:50,85
domain,drivelegit.com,threatfox,Unknown Loader,"threatfox,etherhiding",2026-09-24 04:06:10,2026-09-24 04:31:50,85
domain,drjaviervelasquez.com,threatfox,IClickFix,"threatfox,ClickFix",2026-09-24 04:06:10,2026-09-24 04:31:50,85
domain,drmorelorthodontiechelles.com,threatfox,Unknown Loader,"threatfox,etherhiding,victim",2026-09-24 04:06:10,2026-09-24 04:31:50,85
domain,duansunthanhhoa.com,threatfox,IClickFix,"threatfox,ClickFix",2026-09-24 04:06:10,2026-09-24 04:31:50,85
domain,dulajweerasinghe.com,threatfox,Unknown Loader,"threatfox,etherhiding,victim",2026-09-24 04:06:10,2026-09-24 04:31:50,85
domain,dutchdev.co.za,threatfox,IClickFix,"threatfox,ClickFix",2026-09-24 04:06:10,2026-09-24 04:31:50,85
domain,dutry.be,threatfox,IClickFix,"threatfox,ClickFix",2026-09-24 04:06:10,2026-09-24 04:31:50,85
domain,dv-renting.be,threatfox,IClickFix,"threatfox,ClickFix",2026-09-24 04:06:10,2026-09-24 04:31:50,85
domain,dwishatabdi.com,threatfox,IClickFix,"threatfox,ClickFix",2026-09-24 04:06:10,2026-09-24 04:31:50,85
domain,dziendobra.pl,threatfox,IClickFix,"threatfox,ClickFix",2026-09-24 04:06:10,2026-09-24 04:31:50,85
domain,e-clicproject.eu,threatfox,IClickFix,"threatfox,ClickFix",2026-09-24 04:06:10,2026-09-24 04:31:50,85
domain,eainfospa.cl,threatfox,IClickFix,"threatfox,ClickFix",2026-09-24 04:06:10,2026-09-24 04:31:50,85
domain,earthrefill.com,threatfox,IClickFix,"threatfox,ClickFix",2026-09-24 04:06:10,2026-09-24 04:31:50,85
domain,easterndata.ie,threatfox,IClickFix,"threatfox,ClickFix",2026-09-24 04:06:10,2026-09-24 04:31:50,85
domain,eastpointland.com,threatfox,Unknown Loader,"threatfox,etherhiding",2026-09-24 04:06:10,2026-09-24 04:31:50,85
domain,ebrahimqasemi.ir,threatfox,IClickFix,"threatfox,ClickFix",2026-09-24 04:06:10,2026-09-24 04:31:50,85
domain,ecouteexchange.com,threatfox,IClickFix,"threatfox,ClickFix",2026-09-24 04:06:10,2026-09-24 04:31:50,85
domain,ecovita.life,threatfox,Unknown Loader,"threatfox,etherhiding,victim",2026-09-24 04:06:10,2026-09-24 04:31:50,85
domain,ecs.ie,threatfox,Unknown Loader,"threatfox,etherhiding,victim",2026-09-24 04:06:10,2026-09-24 04:31:50,85
domain,eduardopineda.online,threatfox,IClickFix,"threatfox,ClickFix",2026-09-24 04:06:10,2026-09-24 04:31:50,85
domain,eettitech.com,threatfox,Unknown Loader,"threatfox,etherhiding,victim",2026-09-24 04:06:10,2026-09-24 04:31:50,85
domain,el-soto-de-marbella.com,threatfox,Unknown Loader,"threatfox,etherhiding,victim",2026-09-24 04:06:10,2026-09-24 04:31:50,85
domain,elbierestaurant.com,threatfox,IClickFix,"threatfox,ClickFix",2026-09-24 04:06:10,2026-09-24 04:31:50,85
domain,elclubdelosseisceros.com,threatfox,IClickFix,"threatfox,ClickFix",2026-09-24 04:06:10,2026-09-24 04:31:50,85
domain,elden.cl,threatfox,IClickFix,"threatfox,ClickFix",2026-09-24 04:06:10,2026-09-24 04:31:50,85
domain,electropollutions.eu,threatfox,IClickFix,"threatfox,ClickFix",2026-09-24 04:06:10,2026-09-24 04:31:50,85
domain,eleganthomesbedding.com,threatfox,Unknown Loader,"threatfox,etherhiding,victim",2026-09-24 04:06:10,2026-09-24 04:31:50,85
domain,element-cle.fr,threatfox,Unknown Loader,"threatfox,etherhiding,victim",2026-09-24 04:06:10,2026-09-24 04:31:50,85
domain,elencuentrosl.com,threatfox,Unknown Loader,"threatfox,etherhiding,victim",2026-09-24 04:06:10,2026-09-24 04:31:50,85
domain,elmoh-modern.com,threatfox,Unknown Loader,"threatfox,etherhiding,victim",2026-09-24 04:06:10,2026-09-24 04:31:50,85
domain,elpoderdedios.org,threatfox,Unknown Loader,"threatfox,etherhiding,victim",2026-09-24 04:06:10,2026-09-24 04:31:50,85
domain,elraehan.com,threatfox,IClickFix,"threatfox,ClickFix",2026-09-24 04:06:10,2026-09-24 04:31:50,85
domain,emara-afrilight.com,threatfox,IClickFix,"threatfox,ClickFix",2026-09-24 04:06:10,2026-09-24 04:31:50,85
domain,emilc.org,threatfox,IClickFix,"threatfox,ClickFix",2026-09-24 04:06:10,2026-09-24 04:31:50,85
domain,engelocandaimes.com.br,threatfox,IClickFix,"threatfox,ClickFix",2026-09-24 04:06:10,2026-09-24 04:31:50,85
domain,enjoy-nicaragua.com,threatfox,IClickFix,"threatfox,ClickFix",2026-09-24 04:06:10,2026-09-24 04:31:50,85
domain,enroporra.es,threatfox,IClickFix,"threatfox,ClickFix",2026-09-24 04:06:10,2026-09-24 04:31:50,85
domain,eo-dent.com,threatfox,IClickFix,"threatfox,ClickFix",2026-09-24 04:06:10,2026-09-24 04:31:50,85
domain,epcca-assistance.com,threatfox,Unknown Loader,"threatfox,etherhiding,victim",2026-09-24 04:06:10,2026-09-24 04:31:50,85
domain,epicconstructionnj.com,threatfox,IClickFix,"threatfox,ClickFix",2026-09-24 04:06:10,2026-09-24 04:31:50,85
domain,eprpourbtp.com,threatfox,Unknown Loader,"threatfox,etherhiding,victim",2026-09-24 04:06:10,2026-09-24 04:31:50,85
domain,erakb.com,threatfox,IClickFix,"threatfox,ClickFix",2026-09-24 04:06:10,2026-09-24 04:31:50,85
domain,erazer-kleenerz.com,threatfox,IClickFix,"threatfox,ClickFix",2026-09-24 04:06:10,2026-09-24 04:31:50,85
domain,eriksmustonen.com,threatfox,IClickFix,"threatfox,ClickFix",2026-09-24 04:06:10,2026-09-24 04:31:50,85
domain,esbjerg1kreds.dk,threatfox,IClickFix,"threatfox,ClickFix",2026-09-24 04:06:10,2026-09-24 04:31:50,85
domain,euromartuna.com,threatfox,IClickFix,"threatfox,ClickFix",2026-09-24 04:06:10,2026-09-24 04:31:50,85
domain,european-temporary-work-campaign.eu,threatfox,IClickFix,"threatfox,ClickFix",2026-09-24 04:06:10,2026-09-24 04:31:50,85
domain,eurotubes-uk.com,threatfox,IClickFix,"threatfox,ClickFix",2026-09-24 04:06:10,2026-09-24 04:31:50,85
domain,ev-insight.com,threatfox,IClickFix,"threatfox,ClickFix",2026-09-24 04:06:10,2026-09-24 04:31:50,85
domain,evastottler.com,threatfox,IClickFix,"threatfox,ClickFix",2026-09-24 04:06:10,2026-09-24 04:31:50,85
domain,evolutionaryflooring.co.za,threatfox,IClickFix,"threatfox,ClickFix",2026-09-24 04:06:10,2026-09-24 04:31:50,85
domain,evuoos85.adabiyat.org,threatfox,ClearFake,"threatfox,ClearFake,mac-0x68dc,macos",2026-09-24 04:06:10,2026-09-24 04:31:50,85
domain,exclusivepanjabishop.xyz,threatfox,IClickFix,"threatfox,ClickFix",2026-09-24 04:06:10,2026-09-24 04:31:50,85
domain,exclusivescentsgh.com,threatfox,Unknown Loader,"threatfox,etherhiding,victim",2026-09-24 04:06:10,2026-09-24 04:31:50,85
domain,exique.de,threatfox,IClickFix,"threatfox,ClickFix",2026-09-24 04:06:10,2026-09-24 04:31:50,85
domain,expresslimousa.com,threatfox,IClickFix,"threatfox,ClickFix",2026-09-24 04:06:10,2026-09-24 04:31:50,85
domain,ext31.com,threatfox,IClickFix,"threatfox,ClickFix",2026-09-24 04:06:10,2026-09-24 04:31:50,85
domain,fabbri.info,threatfox,IClickFix,"threatfox,ClickFix",2026-09-24 04:06:10,2026-09-24 04:31:50,85
domain,farkteknoloji.com,threatfox,IClickFix,"threatfox,ClickFix",2026-09-24 04:06:10,2026-09-24 04:31:50,85
domain,farm-fest.org,threatfox,IClickFix,"threatfox,ClickFix",2026-09-24 04:06:10,2026-09-24 04:31:50,85
domain,fashionistaforge.com,threatfox,IClickFix,"threatfox,ClickFix",2026-09-24 04:06:10,2026-09-24 04:31:50,85
domain,fdcreditmanagement.com,threatfox,IClickFix,"threatfox,ClickFix",2026-09-24 04:06:10,2026-09-24 04:31:50,85
domain,fembodystudiobackup.com,threatfox,Unknown Loader,"threatfox,etherhiding,victim",2026-09-24 04:06:10,2026-09-24 04:31:50,85
domain,femrev.com,threatfox,IClickFix,"threatfox,ClickFix",2026-09-24 04:06:10,2026-09-24 04:31:50,85
domain,festivalsell.com,threatfox,IClickFix,"threatfox,ClickFix",2026-09-24 04:06:10,2026-09-24 04:31:50,85
domain,fetahi.com,threatfox,Unknown Loader,"threatfox,etherhiding,victim",2026-09-24 04:06:10,2026-09-24 04:31:50,85
domain,fetingas.lt,threatfox,IClickFix,"threatfox,ClickFix",2026-09-24 04:06:10,2026-09-24 04:31:50,85
domain,fetishexpo.net,threatfox,IClickFix,"threatfox,ClickFix",2026-09-24 04:06:10,2026-09-24 04:31:50,85
domain,ffgames2024.com,threatfox,IClickFix,"threatfox,ClickFix",2026-09-24 04:06:10,2026-09-24 04:31:50,85
domain,fgsagricolasementi.com,threatfox,IClickFix,"threatfox,ClickFix",2026-09-24 04:06:10,2026-09-24 04:31:50,85
domain,ficam.usfx.bo,threatfox,IClickFix,"threatfox,ClickFix",2026-09-24 04:06:10,2026-09-24 04:31:50,85
domain,financetus.com,threatfox,Unknown Loader,"threatfox,etherhiding,victim",2026-09-24 04:06:10,2026-09-24 04:31:50,85
domain,fine-air.com,threatfox,IClickFix,"threatfox,ClickFix",2026-09-24 04:06:10,2026-09-24 04:31:50,85
domain,finishmove.com,threatfox,Unknown Loader,"threatfox,etherhiding,victim",2026-09-24 04:06:10,2026-09-24 04:31:50,85
domain,fintryafc.co.uk,threatfox,IClickFix,"threatfox,ClickFix",2026-09-24 04:06:10,2026-09-24 04:31:50,85
domain,fireandicesunpeaks.com,threatfox,IClickFix,"threatfox,ClickFix",2026-09-24 04:06:10,2026-09-24 04:31:50,85
domain,fishinsupply.com,threatfox,Unknown Loader,"threatfox,etherhiding,victim",2026-09-24 04:06:10,2026-09-24 04:31:50,85
domain,fjallproduktioner.se,threatfox,Unknown Loader,"threatfox,etherhiding",2026-09-24 04:06:10,2026-09-24 04:31:50,85
domain,fktlomas.com,threatfox,IClickFix,"threatfox,ClickFix",2026-09-24 04:06:10,2026-09-24 04:31:50,85
domain,fl-foundation.org,threatfox,IClickFix,"threatfox,ClickFix",2026-09-24 04:06:10,2026-09-24 04:31:50,85
domain,flagship.hospital,threatfox,IClickFix,"threatfox,ClickFix",2026-09-24 04:06:10,2026-09-24 04:31:50,85
domain,flamarlegno.it,threatfox,IClickFix,"threatfox,ClickFix",2026-09-24 04:06:10,2026-09-24 04:31:50,85
domain,flamenapoli.com,threatfox,IClickFix,"threatfox,ClickFix",2026-09-24 04:06:10,2026-09-24 04:31:50,85
domain,flamenapoli.it,threatfox,IClickFix,"threatfox,ClickFix",2026-09-24 04:06:10,2026-09-24 04:31:50,85
domain,fnb-furniture.com,threatfox,IClickFix,"threatfox,ClickFix",2026-09-24 04:06:10,2026-09-24 04:31:50,85
domain,fnconsultancy.com,threatfox,IClickFix,"threatfox,ClickFix",2026-09-24 04:06:10,2026-09-24 04:31:50,85
domain,forsitycenter.org,threatfox,IClickFix,"threatfox,ClickFix",2026-09-24 04:06:10,2026-09-24 04:31:50,85
domain,fortcustergolfclub.com,threatfox,IClickFix,"threatfox,ClickFix",2026-09-24 04:06:10,2026-09-24 04:31:50,85
domain,forumjoveterresdelebre.cat,threatfox,IClickFix,"threatfox,ClickFix",2026-09-24 04:06:10,2026-09-24 04:31:50,85
domain,fourcornersreality.com,threatfox,Unknown Loader,"threatfox,etherhiding,victim",2026-09-24 04:06:10,2026-09-24 04:31:50,85
domain,fundacioncasasdelossuenos.org,threatfox,IClickFix,"threatfox,ClickFix",2026-09-24 04:06:10,2026-09-24 04:31:50,85
domain,fundacioncosmos.cl,threatfox,IClickFix,"threatfox,ClickFix",2026-09-24 04:06:10,2026-09-24 04:31:50,85
domain,futurabox.it,threatfox,IClickFix,"threatfox,ClickFix",2026-09-24 04:06:10,2026-09-24 04:31:50,85
domain,futurenewz.co.uk,threatfox,IClickFix,"threatfox,ClickFix",2026-09-24 04:06:10,2026-09-24 04:31:50,85
domain,gabbydigitizing.com,threatfox,Unknown Loader,"threatfox,etherhiding,victim",2026-09-24 04:06:10,2026-09-24 04:31:50,85
domain,gabisteiner.de,threatfox,IClickFix,"threatfox,ClickFix",2026-09-24 04:06:10,2026-09-24 04:31:50,85
domain,gabrielayarnaldo.com,threatfox,IClickFix,"threatfox,ClickFix",2026-09-24 04:06:10,2026-09-24 04:31:50,85
domain,gabrielemontagni.com,threatfox,IClickFix,"threatfox,ClickFix",2026-09-24 04:06:10,2026-09-24 04:31:50,85
domain,gainops.com,threatfox,IClickFix,"threatfox,ClickFix",2026-09-24 04:06:10,2026-09-24 04:31:50,85
domain,gaiusjulius.com,threatfox,IClickFix,"threatfox,ClickFix",2026-09-24 04:06:10,2026-09-24 04:31:50,85
domain,galipmobilya.com.tr,threatfox,IClickFix,"threatfox,ClickFix",2026-09-24 04:06:10,2026-09-24 04:31:50,85
domain,galleryart.eu,threatfox,IClickFix,"threatfox,ClickFix",2026-09-24 04:06:10,2026-09-24 04:31:50,85
domain,gamemilitia.com,threatfox,IClickFix,"threatfox,ClickFix",2026-09-24 04:06:10,2026-09-24 04:31:50,85
domain,gamesbasedcoach.com,threatfox,ClearFake,"threatfox,compromised,EtherHide",2026-09-24 04:06:10,2026-09-24 04:31:50,85
domain,gangavilas.com,threatfox,IClickFix,"threatfox,ClickFix",2026-09-24 04:06:10,2026-09-24 04:31:50,85
domain,garrisonstorage.ca,threatfox,IClickFix,"threatfox,ClickFix",2026-09-24 04:06:10,2026-09-24 04:31:50,85
domain,gdgoenkapatelnagar.com,threatfox,Unknown Loader,"threatfox,etherhiding,victim",2026-09-24 04:06:10,2026-09-24 04:31:50,85
domain,genesispickups.com,threatfox,IClickFix,"threatfox,ClickFix",2026-09-24 04:06:10,2026-09-24 04:31:50,85
domain,gennaroscarpetta.com,threatfox,IClickFix,"threatfox,ClickFix",2026-09-24 04:06:10,2026-09-24 04:31:50,85
domain,genovahealthcare.in,threatfox,IClickFix,"threatfox,ClickFix",2026-09-24 04:06:10,2026-09-24 04:31:50,85
domain,geoff1912.com,threatfox,IClickFix,"threatfox,ClickFix",2026-09-24 04:06:10,2026-09-24 04:31:50,85
domain,gerakaceh.id,threatfox,IClickFix,"threatfox,ClickFix",2026-09-24 04:06:10,2026-09-24 04:31:50,85
domain,gerrardgreek.com,threatfox,IClickFix,"threatfox,ClickFix",2026-09-24 04:06:10,2026-09-24 04:31:50,85
domain,gertlerlawoffice.com,threatfox,Unknown Loader,"threatfox,etherhiding",2026-09-24 04:06:10,2026-09-24 04:31:50,85
domain,getloveseries.com,threatfox,IClickFix,"threatfox,ClickFix",2026-09-24 04:06:10,2026-09-24 04:31:50,85
domain,gfc-conference.eu,threatfox,IClickFix,"threatfox,ClickFix",2026-09-24 04:06:10,2026-09-24 04:31:50,85
domain,gffworks.com,threatfox,IClickFix,"threatfox,ClickFix",2026-09-24 04:06:10,2026-09-24 04:31:50,85
domain,ghapro.be,threatfox,IClickFix,"threatfox,ClickFix",2026-09-24 04:06:10,2026-09-24 04:31:50,85
domain,gharbethay.com,threatfox,IClickFix,"threatfox,ClickFix",2026-09-24 04:06:10,2026-09-24 04:31:50,85
domain,giefbsa.com,threatfox,IClickFix,"threatfox,ClickFix",2026-09-24 04:06:10,2026-09-24 04:31:50,85
domain,ginaguddat.com,threatfox,Unknown Loader,"threatfox,etherhiding,victim",2026-09-24 04:06:10,2026-09-24 04:31:50,85
domain,gipoja.workers.dev,threatfox,php.shin_webshell,"threatfox,Cloudflare,GIF,PHP,webshell,WordPress,workers.dev,wp-admin",2026-09-24 04:06:10,2026-09-24 04:31:50,85
domain,gislina.is,threatfox,IClickFix,"threatfox,ClickFix",2026-09-24 04:06:10,2026-09-24 04:31:50,85
domain,gk6kxq0mrk.workers.dev,threatfox,php.shin_webshell,"threatfox,Cloudflare,GIF,PHP,webshell,WordPress,workers.dev,wp-admin",2026-09-24 04:06:10,2026-09-24 04:31:50,85
domain,glazenwasserij-quintyn.be,threatfox,IClickFix,"threatfox,ClickFix",2026-09-24 04:06:10,2026-09-24 04:31:50,85
domain,globaltransportlines.com,threatfox,Unknown Loader,"threatfox,etherhiding,victim",2026-09-24 04:06:10,2026-09-24 04:31:50,85
domain,gloryvisa.com,threatfox,IClickFix,"threatfox,ClickFix",2026-09-24 04:06:10,2026-09-24 04:31:50,85
domain,gmtelecom.es,threatfox,IClickFix,"threatfox,ClickFix",2026-09-24 04:06:10,2026-09-24 04:31:50,85
domain,goalix.space,threatfox,IClickFix,"threatfox,ClickFix",2026-09-24 04:06:10,2026-09-24 04:31:50,85
domain,goldenhouseuae.com,threatfox,Unknown Loader,"threatfox,etherhiding,victim",2026-09-24 04:06:10,2026-09-24 04:31:50,85
domain,goldenstackher.com,threatfox,Unknown Loader,"threatfox,etherhiding,victim",2026-09-24 04:06:10,2026-09-24 04:31:50,85
domain,goldrateuae.ae,threatfox,IClickFix,"threatfox,ClickFix",2026-09-24 04:06:10,2026-09-24 04:31:50,85
domain,gone303.com,threatfox,ClearFake,"threatfox,23September2026,ClearFake,Commandline,MacOS",2026-09-24 04:06:10,2026-09-24 04:31:50,85
domain,gopbacademy.com,threatfox,IClickFix,"threatfox,ClickFix",2026-09-24 04:06:10,2026-09-24 04:31:50,85
domain,gpfestas.com.br,threatfox,Unknown Loader,"threatfox,etherhiding",2026-09-24 04:06:10,2026-09-24 04:31:50,85
domain,gpsdc.org,threatfox,Unknown Loader,"threatfox,etherhiding",2026-09-24 04:06:10,2026-09-24 04:31:50,85
domain,graceonthemoon.com,threatfox,Unknown Loader,"threatfox,etherhiding,victim",2026-09-24 04:06:10,2026-09-24 04:31:50,85
domain,granadaloft.com,threatfox,IClickFix,"threatfox,ClickFix",2026-09-24 04:06:10,2026-09-24 04:31:50,85
domain,granfuocobraceria.it,threatfox,IClickFix,"threatfox,ClickFix",2026-09-24 04:06:10,2026-09-24 04:31:50,85
domain,granite4less.info,threatfox,Unknown Loader,"threatfox,etherhiding,victim",2026-09-24 04:06:10,2026-09-24 04:31:50,85
domain,gratec-gmbh.de,threatfox,Unknown Loader,"threatfox,etherhiding,victim",2026-09-24 04:06:10,2026-09-24 04:31:50,85
domain,gravalos.net,threatfox,IClickFix,"threatfox,ClickFix",2026-09-24 04:06:10,2026-09-24 04:31:50,85
domain,gray-mccoy.com,threatfox,IClickFix,"threatfox,ClickFix",2026-09-24 04:06:10,2026-09-24 04:31:50,85
domain,green-ard.com,threatfox,IClickFix,"threatfox,ClickFix",2026-09-24 04:06:10,2026-09-24 04:31:50,85
domain,greencloudsimpex.com,threatfox,IClickFix,"threatfox,ClickFix",2026-09-24 04:06:10,2026-09-24 04:31:50,85
domain,greenwoodhome.org,threatfox,IClickFix,"threatfox,ClickFix",2026-09-24 04:06:10,2026-09-24 04:31:50,85
domain,grishiv.com,threatfox,IClickFix,"threatfox,ClickFix",2026-09-24 04:06:10,2026-09-24 04:31:50,85
domain,grivettirestauri.it,threatfox,IClickFix,"threatfox,ClickFix",2026-09-24 04:06:10,2026-09-24 04:31:50,85
domain,groeinaarverlichting.be,threatfox,IClickFix,"threatfox,ClickFix",2026-09-24 04:06:10,2026-09-24 04:31:50,85
domain,groupeglobalenergy.com,threatfox,IClickFix,"threatfox,ClickFix",2026-09-24 04:06:10,2026-09-24 04:31:50,85
domain,grupometrocolombia.com,threatfox,IClickFix,"threatfox,ClickFix",2026-09-24 04:06:10,2026-09-24 04:31:50,85
domain,grupotrevisan.com.br,threatfox,IClickFix,"threatfox,ClickFix",2026-09-24 04:06:10,2026-09-24 04:31:50,85
domain,gslreview.com,threatfox,IClickFix,"threatfox,ClickFix",2026-09-24 04:06:10,2026-09-24 04:31:50,85
domain,gta-zero.netlify.app,threatfox,Unknown Loader,"threatfox,etherhiding",2026-09-24 04:06:10,2026-09-24 04:31:50,85
domain,guardiancesecurityservices.com,threatfox,IClickFix,"threatfox,ClickFix",2026-09-24 04:06:10,2026-09-24 04:31:50,85
domain,guides.coffee,threatfox,IClickFix,"threatfox,ClickFix",2026-09-24 04:06:10,2026-09-24 04:31:50,85
domain,gusgrillasca.com,threatfox,IClickFix,"threatfox,ClickFix",2026-09-24 04:06:10,2026-09-24 04:31:50,85
domain,gzmyosuj.aftabsport.ir,threatfox,ClearFake,"threatfox,ClearFake,mac-0x68dc,macos",2026-09-24 04:06:10,2026-09-24 04:31:50,85
domain,h2onero.com,threatfox,IClickFix,"threatfox,ClickFix",2026-09-24 04:06:10,2026-09-24 04:31:50,85
domain,haarsalon-tonina.de,threatfox,IClickFix,"threatfox,ClickFix",2026-09-24 04:06:10,2026-09-24 04:31:50,85
domain,haberinolsunaydin.com,threatfox,IClickFix,"threatfox,ClickFix",2026-09-24 04:06:10,2026-09-24 04:31:50,85
domain,hairexty.com,threatfox,Unknown Loader,"threatfox,etherhiding,victim",2026-09-24 04:06:10,2026-09-24 04:31:50,85
domain,hairsystem4men.com,threatfox,Unknown Loader,"threatfox,etherhiding,victim",2026-09-24 04:06:10,2026-09-24 04:31:50,85
domain,haivenu-vietnam.com,threatfox,Unknown Loader,"threatfox,etherhiding,victim",2026-09-24 04:06:10,2026-09-24 04:31:50,85
domain,halicenneti.com,threatfox,IClickFix,"threatfox,ClickFix",2026-09-24 04:06:10,2026-09-24 04:31:50,85
domain,hamvarzesh.bet,threatfox,ClearFake,"threatfox,23September2026,ClearFake,Commandline,MacOS",2026-09-24 04:06:10,2026-09-24 04:31:50,85
domain,happyhour.fitness,threatfox,IClickFix,"threatfox,ClickFix",2026-09-24 04:06:10,2026-09-24 04:31:50,85
domain,hardchoco.com,threatfox,IClickFix,"threatfox,ClickFix",2026-09-24 04:06:10,2026-09-24 04:31:50,85
domain,harmonyandharvest.org,threatfox,Unknown Loader,"threatfox,etherhiding,victim",2026-09-24 04:06:10,2026-09-24 04:31:50,85
domain,harrabycommunitycentre.co.uk,threatfox,IClickFix,"threatfox,ClickFix",2026-09-24 04:06:10,2026-09-24 04:31:50,85
domain,harrabytheatre.co.uk,threatfox,IClickFix,"threatfox,ClickFix",2026-09-24 04:06:10,2026-09-24 04:31:50,85
domain,haverhillplumber.co.uk,threatfox,Unknown Loader,"threatfox,etherhiding,victim",2026-09-24 04:06:10,2026-09-24 04:31:50,85
domain,healthybeautylogic.com,threatfox,Unknown Loader,"threatfox,etherhiding",2026-09-24 04:06:10,2026-09-24 04:31:50,85
domain,healthybee.top,threatfox,IClickFix,"threatfox,ClickFix",2026-09-24 04:06:10,2026-09-24 04:31:50,85
domain,heatingsolutionsni.com,threatfox,IClickFix,"threatfox,ClickFix",2026-09-24 04:06:10,2026-09-24 04:31:50,85
domain,helivision.no,threatfox,IClickFix,"threatfox,ClickFix",2026-09-24 04:06:10,2026-09-24 04:31:50,85
domain,helixperfect.com,threatfox,IClickFix,"threatfox,ClickFix",2026-09-24 04:06:10,2026-09-24 04:31:50,85
domain,hengcenet.com,threatfox,ClearFake,"threatfox,24September2026,ClearFake,Commandline,MacOS",2026-09-24 04:06:10,2026-09-24 04:31:50,85
domain,heritageassembly.net,threatfox,IClickFix,"threatfox,ClickFix",2026-09-24 04:06:10,2026-09-24 04:31:50,85
domain,hibccpakistan.org,threatfox,IClickFix,"threatfox,ClickFix",2026-09-24 04:06:10,2026-09-24 04:31:50,85
domain,hidrafilter.com,threatfox,Unknown Loader,"threatfox,etherhiding,victim",2026-09-24 04:06:10,2026-09-24 04:31:50,85
domain,hikarie.lk,threatfox,IClickFix,"threatfox,ClickFix",2026-09-24 04:06:10,2026-09-24 04:31:50,85
domain,hiramossiel.com,threatfox,Unknown Loader,"threatfox,etherhiding,victim",2026-09-24 04:06:10,2026-09-24 04:31:50,85
domain,hirearky.com,threatfox,IClickFix,"threatfox,ClickFix",2026-09-24 04:06:10,2026-09-24 04:31:50,85
domain,hirnerai.at,threatfox,IClickFix,"threatfox,ClickFix",2026-09-24 04:06:10,2026-09-24 04:31:50,85
domain,hno-silberhorn.de,threatfox,IClickFix,"threatfox,ClickFix",2026-09-24 04:06:10,2026-09-24 04:31:50,85
domain,holtiga.pl,threatfox,IClickFix,"threatfox,ClickFix",2026-09-24 04:06:10,2026-09-24 04:31:50,85
domain,home-fix-solutions.space,threatfox,IClickFix,"threatfox,ClickFix",2026-09-24 04:06:10,2026-09-24 04:31:50,85
domain,home-service-fix.site,threatfox,IClickFix,"threatfox,ClickFix",2026-09-24 04:06:10,2026-09-24 04:31:50,85
domain,hometrustservice.com,threatfox,Unknown Loader,"threatfox,etherhiding,victim",2026-09-24 04:06:10,2026-09-24 04:31:50,85
domain,homeza-fix.website,threatfox,IClickFix,"threatfox,ClickFix",2026-09-24 04:06:10,2026-09-24 04:31:50,85
domain,homix-repair.website,threatfox,IClickFix,"threatfox,ClickFix",2026-09-24 04:06:10,2026-09-24 04:31:50,85
domain,honorroofingok.com,threatfox,Unknown Loader,"threatfox,etherhiding,victim",2026-09-24 04:06:10,2026-09-24 04:31:50,85
domain,horeb.cl,threatfox,IClickFix,"threatfox,ClickFix",2026-09-24 04:06:10,2026-09-24 04:31:50,85
domain,hotelvalaska.cz,threatfox,IClickFix,"threatfox,ClickFix",2026-09-24 04:06:10,2026-09-24 04:31:50,85
domain,hr12vlogs.com,threatfox,Unknown Loader,"threatfox,etherhiding,victim",2026-09-24 04:06:10,2026-09-24 04:31:50,85
domain,hsmolds.net,threatfox,Unknown Loader,"threatfox,etherhiding",2026-09-24 04:06:10,2026-09-24 04:31:50,85
domain,huanarpomacho.com,threatfox,IClickFix,"threatfox,ClickFix",2026-09-24 04:06:10,2026-09-24 04:31:50,85
domain,huggyandhutch.com,threatfox,Unknown Loader,"threatfox,etherhiding,victim",2026-09-24 04:06:10,2026-09-24 04:31:50,85
domain,hunglongarowanatech.com,threatfox,Unknown Loader,"threatfox,etherhiding,victim",2026-09-24 04:06:10,2026-09-24 04:31:50,85
domain,huub-stapel.nl,threatfox,IClickFix,"threatfox,ClickFix",2026-09-24 04:06:10,2026-09-24 04:31:50,85
domain,hydraworks.co,threatfox,IClickFix,"threatfox,ClickFix",2026-09-24 04:06:10,2026-09-24 04:31:50,85
domain,hyprathletics.com,threatfox,Unknown Loader,"threatfox,etherhiding,victim",2026-09-24 04:06:10,2026-09-24 04:31:50,85
domain,hyvalor.com,threatfox,IClickFix,"threatfox,ClickFix",2026-09-24 04:06:10,2026-09-24 04:31:50,85
domain,iceido.com,threatfox,IClickFix,"threatfox,ClickFix",2026-09-24 04:06:10,2026-09-24 04:31:50,85
domain,icercasa.es,threatfox,IClickFix,"threatfox,ClickFix",2026-09-24 04:06:10,2026-09-24 04:31:50,85
domain,icreateuk.com,threatfox,IClickFix,"threatfox,ClickFix",2026-09-24 04:06:10,2026-09-24 04:31:50,85
domain,ictnetteam.com,threatfox,Unknown Loader,"threatfox,etherhiding,victim",2026-09-24 04:06:10,2026-09-24 04:31:50,85
domain,idosotthon-gyula.hu,threatfox,IClickFix,"threatfox,ClickFix",2026-09-24 04:06:10,2026-09-24 04:31:50,85
domain,igorguidotti.it,threatfox,IClickFix,"threatfox,ClickFix",2026-09-24 04:06:10,2026-09-24 04:31:50,85
domain,ikeokolifc.com,threatfox,IClickFix,"threatfox,ClickFix",2026-09-24 04:06:10,2026-09-24 04:31:50,85
domain,iliketofu.eu,threatfox,IClickFix,"threatfox,ClickFix",2026-09-24 04:06:10,2026-09-24 04:31:50,85
domain,ilithalelanga.com,threatfox,Unknown Loader,"threatfox,etherhiding,victim",2026-09-24 04:06:10,2026-09-24 04:31:50,85
domain,immobiliareimpicciatore.it,threatfox,IClickFix,"threatfox,ClickFix",2026-09-24 04:06:10,2026-09-24 04:31:50,85
domain,immobilien-eder.at,threatfox,IClickFix,"threatfox,ClickFix",2026-09-24 04:06:10,2026-09-24 04:31:50,85
domain,imoriwellness.com,threatfox,IClickFix,"threatfox,ClickFix",2026-09-24 04:06:10,2026-09-24 04:31:50,85
domain,impactchurchgso.com,threatfox,IClickFix,"threatfox,ClickFix",2026-09-24 04:06:10,2026-09-24 04:31:50,85
domain,imprentaensevilla.es,threatfox,IClickFix,"threatfox,ClickFix",2026-09-24 04:06:10,2026-09-24 04:31:50,85
domain,improntasostenibile.it,threatfox,IClickFix,"threatfox,ClickFix",2026-09-24 04:06:10,2026-09-24 04:31:50,85
domain,in2it-homeopathy.com,threatfox,IClickFix,"threatfox,ClickFix",2026-09-24 04:06:10,2026-09-24 04:31:50,85
domain,inclean.sk,threatfox,IClickFix,"threatfox,ClickFix",2026-09-24 04:06:10,2026-09-24 04:31:50,85
domain,indodrama.my.id,threatfox,IClickFix,"threatfox,ClickFix",2026-09-24 04:06:10,2026-09-24 04:31:50,85
domain,industrialwonders.com,threatfox,IClickFix,"threatfox,ClickFix",2026-09-24 04:06:10,2026-09-24 04:31:50,85
domain,infidu.com,threatfox,Unknown Loader,"threatfox,etherhiding,victim",2026-09-24 04:06:10,2026-09-24 04:31:50,85
domain,infini.es,threatfox,IClickFix,"threatfox,ClickFix",2026-09-24 04:06:10,2026-09-24 04:31:50,85
domain,infinite-acres.com,threatfox,IClickFix,"threatfox,ClickFix",2026-09-24 04:06:10,2026-09-24 04:31:50,85
domain,infinitygrouprealtyllc.com,threatfox,IClickFix,"threatfox,ClickFix",2026-09-24 04:06:10,2026-09-24 04:31:50,85
domain,influxjuice.com,threatfox,IClickFix,"threatfox,ClickFix",2026-09-24 04:06:10,2026-09-24 04:31:50,85
domain,infohost.cl,threatfox,Unknown Loader,"threatfox,etherhiding",2026-09-24 04:06:10,2026-09-24 04:31:50,85
domain,infusionnotes.com,threatfox,Unknown Loader,"threatfox,etherhiding,victim",2026-09-24 04:06:10,2026-09-24 04:31:50,85
domain,initiumventures.com,threatfox,Unknown Loader,"threatfox,etherhiding,victim",2026-09-24 04:06:10,2026-09-24 04:31:50,85
domain,insitu-hotel.com,threatfox,IClickFix,"threatfox,ClickFix",2026-09-24 04:06:10,2026-09-24 04:31:50,85
domain,instinctsoftware.co.uk,threatfox,IClickFix,"threatfox,ClickFix",2026-09-24 04:06:10,2026-09-24 04:31:50,85
domain,instructionandformation.ie,threatfox,IClickFix,"threatfox,ClickFix",2026-09-24 04:06:10,2026-09-24 04:31:50,85
domain,integralrisk.global,threatfox,IClickFix,"threatfox,ClickFix",2026-09-24 04:06:10,2026-09-24 04:31:50,85
domain,inteleccorporate.com,threatfox,Unknown Loader,"threatfox,etherhiding,victim",2026-09-24 04:06:10,2026-09-24 04:31:50,85
domain,intelligenes.com,threatfox,IClickFix,"threatfox,ClickFix",2026-09-24 04:06:10,2026-09-24 04:31:50,85
domain,ioelche.com,threatfox,IClickFix,"threatfox,ClickFix",2026-09-24 04:06:10,2026-09-24 04:31:50,85
domain,ioninsurance.com.tr,threatfox,IClickFix,"threatfox,ClickFix",2026-09-24 04:06:10,2026-09-24 04:31:50,85
domain,iptvdk.net,threatfox,Unknown Loader,"threatfox,etherhiding,victim",2026-09-24 04:06:10,2026-09-24 04:31:50,85
domain,ironwynd.com,threatfox,IClickFix,"threatfox,ClickFix",2026-09-24 04:06:10,2026-09-24 04:31:50,85
domain,irsproblems.com,threatfox,Unknown Loader,"threatfox,etherhiding,victim",2026-09-24 04:06:10,2026-09-24 04:31:50,85
domain,islam-info.be,threatfox,IClickFix,"threatfox,ClickFix",2026-09-24 04:06:10,2026-09-24 04:31:50,85
domain,israel-carrom.com,threatfox,IClickFix,"threatfox,ClickFix",2026-09-24 04:06:10,2026-09-24 04:31:50,85
domain,jefyfyne.workers.dev,threatfox,php.shin_webshell,"threatfox,Cloudflare,GIF,PHP,webshell,WordPress,workers.dev,wp-admin",2026-09-24 04:06:10,2026-09-24 04:31:50,85
domain,journeylake11.com,threatfox,AMOS,"threatfox,ClearFake,ClickFix",2026-09-24 04:06:10,2026-09-24 04:31:50,85
domain,kl.1betasia.org,threatfox,Vidar,"threatfox,vidar",2026-09-24 04:06:10,2026-09-24 04:31:50,85
domain,kl.hg77.org,threatfox,Vidar,"threatfox,vidar",2026-09-24 04:06:10,2026-09-24 04:31:50,85
domain,krestmoais-reed.life,threatfox,IClickFix,"threatfox,ClickFix,Mac,MacFinger",2026-09-24 04:06:10,2026-09-24 04:31:50,85
domain,kuxofeqi.workers.dev,threatfox,php.shin_webshell,"threatfox,Cloudflare,GIF,PHP,webshell,WordPress,workers.dev,wp-admin",2026-09-24 04:06:10,2026-09-24 04:31:50,85
domain,mesa-braior-k3w3b.life,threatfox,IClickFix,"threatfox,ClickFix,Mac,MacFinger",2026-09-24 04:06:10,2026-09-24 04:31:50,85
domain,misty-whirl-beacon-doa.life,threatfox,IClickFix,"threatfox,ClickFix,Mac,MacFinger",2026-09-24 04:06:10,2026-09-24 04:31:50,85
domain,nx3vcqkx.persiandiet.com,threatfox,ClearFake,"threatfox,ClearFake,mac-0x76c7,macos",2026-09-24 04:06:10,2026-09-24 04:31:50,85
domain,opalcraftsmp.com,threatfox,Unknown RAT,"threatfox,defense evasion,spyware,stealer",2026-09-24 04:06:10,2026-09-24 04:31:50,85
domain,pamoqybe.workers.dev,threatfox,php.shin_webshell,"threatfox,Cloudflare,GIF,PHP,webshell,WordPress,workers.dev,wp-admin",2026-09-24 04:06:10,2026-09-24 04:31:50,85
domain,pazarlamasi.com,threatfox,ClearFake,"threatfox,ClearFake",2026-09-24 04:06:10,2026-09-24 04:31:50,85
domain,persiandiet.com,threatfox,ClearFake,"threatfox,ClearFake",2026-09-24 04:06:10,2026-09-24 04:31:50,85
domain,pwy0h4uk.akharinbama.ir,threatfox,ClearFake,"threatfox,ClearFake,mac-0x68dc,macos",2026-09-24 04:06:10,2026-09-24 04:31:50,85
domain,qowolyti.workers.dev,threatfox,php.shin_webshell,"threatfox,Cloudflare,GIF,PHP,webshell,WordPress,workers.dev,wp-admin",2026-09-24 04:06:10,2026-09-24 04:31:50,85
domain,r20pgeh1.qlaneturnstiles.com,threatfox,ClearFake,"threatfox,ClearFake,mac-0xdcf2,macos",2026-09-24 04:06:10,2026-09-24 04:31:50,85
domain,runtimeringnow.com,threatfox,Unknown malware,"threatfox,ClickFix,Etherhide",2026-09-24 04:06:10,2026-09-24 04:31:50,85
domain,sd.1jp88.org,threatfox,Vidar,"threatfox,vidar",2026-09-24 04:06:10,2026-09-24 04:31:50,85
domain,sd.234-e.com,threatfox,Vidar,"threatfox,vidar",2026-09-24 04:06:10,2026-09-24 04:31:50,85
domain,tracerwiresoft.com,threatfox,Unknown malware,"threatfox,ClickFix,Etherhide",2026-09-24 04:06:10,2026-09-24 04:31:50,85
domain,us-clio.com,threatfox,Unknown malware,"threatfox,ClickFix,Etherhide",2026-09-24 04:06:10,2026-09-24 04:31:50,85
domain,wlx9bsjd.gone303.com,threatfox,ClearFake,"threatfox,ClearFake,mac-0x0f14,macos",2026-09-24 04:06:10,2026-09-24 04:31:50,85
domain,www.castlenegotiations.com,threatfox,ClearFake,"threatfox,compromised,EtherHide",2026-09-24 04:06:10,2026-09-24 04:31:50,85
domain,www.msartprinters.in,threatfox,Unknown malware,"threatfox,ClickFix,compromised",2026-09-24 04:06:10,2026-09-24 04:31:50,85
domain,y0h2qv6p.oralsurgeontintonfalls.com,threatfox,ClearFake,"threatfox,ClearFake,mac-0xdcf2,macos",2026-09-24 04:06:10,2026-09-24 04:31:50,85
domain,zitiqe.workers.dev,threatfox,php.shin_webshell,"threatfox,Cloudflare,GIF,PHP,webshell,WordPress,workers.dev,wp-admin",2026-09-24 04:06:10,2026-09-24 04:31:50,85
hash_md5,00518f276855e48c56165649b0826ecf,malwarebazaar,Mirai,"elf,Gafgyt,Mirai",2026-09-24 04:00:09,2026-09-24 04:31:50,85
hash_md5,0160865ce6e273408eb9a0cba12989bc,malwarebazaar,Mirai,"elf,Gafgyt,Mirai",2026-09-24 04:00:09,2026-09-24 04:31:50,85
hash_md5,0499926eb64156d707e5ebf93e2cb91b,malwarebazaar,exe,exe,2026-09-24 04:00:09,2026-09-24 04:31:50,85
hash_md5,04e265dfc89834e0a1592303b98ac4ca,malwarebazaar,Mirai,"elf,Gafgyt,Mirai",2026-09-24 04:00:09,2026-09-24 04:31:50,85
hash_md5,05241d1d9a3e81e219a041209daba606,malwarebazaar,exe,"exe,upx-dec",2026-09-24 04:00:09,2026-09-24 04:31:50,85
hash_md5,06502a4657f7c6aa204b7f57772c5330,malwarebazaar,Mirai,"elf,Gafgyt,Mirai",2026-09-24 04:00:09,2026-09-24 04:31:50,85
hash_md5,07b15c77f56c0ceaf71e70d505536133,malwarebazaar,Mirai,elf,2026-09-24 04:00:09,2026-09-24 04:31:50,85
hash_md5,08dbbb373d5595957cd3664b56adb7e1,malwarebazaar,Mirai,"elf,Gafgyt,Mirai",2026-09-24 04:00:09,2026-09-24 04:31:50,85
hash_md5,0a671edf7470d83d9ffac74f066cd4c7,malwarebazaar,Mirai,"elf,Gafgyt,Mirai",2026-09-24 04:00:09,2026-09-24 04:31:50,85
hash_md5,0e5eaa27f04db8f6f3627db70e451cd9,malwarebazaar,unknown,unknown,2026-09-24 04:00:09,2026-09-24 04:31:50,85
hash_md5,1121224ae826596e85d1d4cf9a8f4c47,malwarebazaar,Mirai,"elf,Mirai,upx-dec",2026-09-24 04:00:09,2026-09-24 04:31:50,85
hash_md5,12d715bc09b2ca4553422f5b1e061bd1,malwarebazaar,elf,elf,2026-09-24 04:00:09,2026-09-24 04:31:50,85
hash_md5,12f66aaf7d0ec0698007fc9d56663376,malwarebazaar,Mirai,"arm,cowrie,elf,honeypot,Mirai",2026-09-24 04:00:09,2026-09-24 04:31:50,85
hash_md5,139dcfb1f2cc26264c0513015317eed5,malwarebazaar,macho,"ClickFix,Foxveil,loader,Mach-O,macho,macOS",2026-09-24 04:00:09,2026-09-24 04:31:50,85
hash_md5,1432149d0ce7695c0a9fadc74a2ec309,malwarebazaar,Mirai,"elf,Mirai",2026-09-24 04:00:09,2026-09-24 04:31:50,85
hash_md5,190d090ba6c879454dacfd65a7e5d8f7,malwarebazaar,Mirai,"arm,cowrie,elf,honeypot,Mirai",2026-09-24 04:00:09,2026-09-24 04:31:50,85
hash_md5,1a2a0ad73bd262a94c7cc5d3778f05b4,malwarebazaar,Mirai,"elf,Gafgyt,Mirai",2026-09-24 04:00:09,2026-09-24 04:31:50,85
hash_md5,1de36cfc726f61d52027ff8653b9e8d9,malwarebazaar,Dakkatoni,"cowrie,Dakkatoni,elf,honeypot,mips",2026-09-24 04:00:09,2026-09-24 04:31:50,85
hash_md5,1e684149908a87e6b4d92436a87b9359,malwarebazaar,Mirai,"elf,Gafgyt,Mirai",2026-09-24 04:00:09,2026-09-24 04:31:50,85
hash_md5,20b194606c8b256b287a2484ed1e2e30,malwarebazaar,Mirai,"elf,Gafgyt,Mirai",2026-09-24 04:00:09,2026-09-24 04:31:50,85
hash_md5,23d567a1d531e3686633d54d8668cb2a,malwarebazaar,Mirai,"elf,Gafgyt,Mirai",2026-09-24 04:00:09,2026-09-24 04:31:50,85
hash_md5,2ad62f0dc90b6585c77125cc2d69c3e7,malwarebazaar,macho,"ClickFix,Foxveil,loader,Mach-O,macho,macOS",2026-09-24 04:00:09,2026-09-24 04:31:50,85
hash_md5,2af3453287058a4c255f1031458e7540,malwarebazaar,Mirai,"elf,Mirai",2026-09-24 04:00:09,2026-09-24 04:31:50,85
hash_md5,320764ef6adccc0ef3409fda4a53a814,malwarebazaar,Mirai,"elf,Mirai",2026-09-24 04:00:09,2026-09-24 04:31:50,85
hash_md5,3426e05c0551d2622dd77e346a62da86,malwarebazaar,Mirai,"elf,Gafgyt,Mirai",2026-09-24 04:00:09,2026-09-24 04:31:50,85
hash_md5,35d34c93ab55ceaa79e3b341d42a6227,malwarebazaar,Mirai,"elf,Gafgyt,Mirai",2026-09-24 04:00:09,2026-09-24 04:31:50,85
hash_md5,3f5835b7362129e81ea81adca8f0fbfa,malwarebazaar,Mirai,"elf,Mirai,upx",2026-09-24 04:00:09,2026-09-24 04:31:50,85
hash_md5,4047f8bf99859db88e88a19d8dc61757,malwarebazaar,Mirai,"elf,Mirai",2026-09-24 04:00:09,2026-09-24 04:31:50,85
hash_md5,434fc21e9335376583fa86e9ee7e4db6,malwarebazaar,SalatStealer,"exe,SalatStealer,upx",2026-09-24 04:00:09,2026-09-24 04:31:50,85
hash_md5,4406d4401d1adbcfc805379f3040c010,malwarebazaar,Mirai,"elf,Gafgyt,Mirai",2026-09-24 04:00:09,2026-09-24 04:31:50,85
hash_md5,445d0bd29981e47952327338116cba75,malwarebazaar,exe,"5a4378fb90db39f09c7b18d1f314e645,dropped-by-remus,exe",2026-09-24 04:00:09,2026-09-24 04:31:50,85
hash_md5,482e8531b1b6e09dd77f610dfc9520a7,malwarebazaar,Mirai,"elf,Gafgyt,Mirai",2026-09-24 04:00:09,2026-09-24 04:31:50,85
hash_md5,4a2d1679317aaf298e2b7c102ba3fb8a,malwarebazaar,Mirai,"elf,Gafgyt,Mirai",2026-09-24 04:00:09,2026-09-24 04:31:50,85
hash_md5,4d0495283c8ba01afafd643f38c4917d,malwarebazaar,elf,elf,2026-09-24 04:00:09,2026-09-24 04:31:50,85
hash_md5,51f78f7b316465edba7de1ef3dd765e5,malwarebazaar,Mirai,"elf,Gafgyt,Mirai",2026-09-24 04:00:09,2026-09-24 04:31:50,85
hash_md5,5268adb7780a0d079dde0cdb0aa3853b,malwarebazaar,Mirai,"elf,Gafgyt,Mirai",2026-09-24 04:00:09,2026-09-24 04:31:50,85
hash_md5,5645cd3027b460f61830d553f1d12534,malwarebazaar,Mirai,"elf,Gafgyt,Mirai",2026-09-24 04:00:09,2026-09-24 04:31:50,85
hash_md5,58923ee4b173fab3636314f76a618ffe,malwarebazaar,WannaCry,"dionaea,exe,WannaCry",2026-09-24 04:00:09,2026-09-24 04:31:50,85
hash_md5,58bcd6e99c983e31f4dbcf84b19b5fe3,malwarebazaar,elf,elf,2026-09-24 04:00:09,2026-09-24 04:31:50,85
hash_md5,5a0c974ebdeadc7c7b14d2db9fd9bd98,malwarebazaar,Mirai,"elf,Gafgyt,Mirai",2026-09-24 04:00:09,2026-09-24 04:31:50,85
hash_md5,5af527ba26b4da13ec2f0bd97ecf8533,malwarebazaar,Mirai,"elf,Gafgyt,Mirai",2026-09-24 04:00:09,2026-09-24 04:31:50,85
hash_md5,5caf570c51fc15192940e06d4b54e442,malwarebazaar,elf,elf,2026-09-24 04:00:09,2026-09-24 04:31:50,85
hash_md5,5dd5cc33691a419fb22f8f8f64c26ce9,malwarebazaar,Mirai,"elf,Mirai",2026-09-24 04:00:09,2026-09-24 04:31:50,85
hash_md5,5de6d22a95dd2a16e611747cd68474e0,malwarebazaar,Mirai,"elf,Mirai",2026-09-24 04:00:09,2026-09-24 04:31:50,85
hash_md5,66625c5be1753b862bd487e34537ac55,malwarebazaar,Mirai,"elf,Gafgyt,Mirai",2026-09-24 04:00:09,2026-09-24 04:31:50,85
hash_md5,7103af2007e80b4596248a255eb1d256,malwarebazaar,elf,elf,2026-09-24 04:00:09,2026-09-24 04:31:50,85
hash_md5,750b662dc3e48efa5d630b422c04b92d,malwarebazaar,Mirai,"elf,Mirai",2026-09-24 04:00:09,2026-09-24 04:31:50,85
hash_md5,77866cf68795f053adfd931a5ae028f2,malwarebazaar,elf,elf,2026-09-24 04:00:09,2026-09-24 04:31:50,85
hash_md5,7ae4ac30984a7e5570ebbf7b96e46484,malwarebazaar,Mirai,"elf,Gafgyt,Mirai",2026-09-24 04:00:09,2026-09-24 04:31:50,85
hash_md5,7b38a15b738e5a4d3c13c5efac807e63,malwarebazaar,unknown,unknown,2026-09-24 04:00:09,2026-09-24 04:31:50,85
hash_md5,7cf28bec5cec87d7125d3fefc8468106,malwarebazaar,Mirai,elf,2026-09-24 04:00:09,2026-09-24 04:31:50,85
hash_md5,7dd1e8e63a4690f6cbfa863acacdf754,malwarebazaar,Mirai,"elf,Gafgyt,Mirai",2026-09-24 04:00:09,2026-09-24 04:31:50,85
hash_md5,8374a1d89cd438cb2c1b405acb4a3842,malwarebazaar,Mirai,"elf,Gafgyt,Mirai",2026-09-24 04:00:09,2026-09-24 04:31:50,85
hash_md5,87682a4223132ad13841147e724cc0b5,malwarebazaar,exe,"exe,signed,Vidar",2026-09-24 04:00:09,2026-09-24 04:31:50,85
hash_md5,89991273f124c4a7d9cc0a50cbed3892,malwarebazaar,Mirai,"elf,Mirai",2026-09-24 04:00:09,2026-09-24 04:31:50,85
hash_md5,89f4ab5065ddf0207ddcebc3d8373e07,malwarebazaar,elf,elf,2026-09-24 04:00:09,2026-09-24 04:31:50,85
hash_md5,8b04b9390dd255c2f2640801a8cd2ca7,malwarebazaar,Mirai,"elf,Gafgyt,Mirai",2026-09-24 04:00:09,2026-09-24 04:31:50,85
hash_md5,8b93271b59bd646982569f2d68c62bb0,malwarebazaar,Mirai,elf,2026-09-24 04:00:09,2026-09-24 04:31:50,85
hash_md5,8de59c9cc2dd2ec9eb87ee8a62905c46,malwarebazaar,elf,elf,2026-09-24 04:00:09,2026-09-24 04:31:50,85
hash_md5,8fe8fbb251162c3805d3aea53e1bbd8a,malwarebazaar,Mirai,"elf,Gafgyt,Mirai",2026-09-24 04:00:09,2026-09-24 04:31:50,85
hash_md5,931ced77de5e4e03def7047722258c9a,malwarebazaar,Mirai,"elf,Gafgyt,Mirai",2026-09-24 04:00:09,2026-09-24 04:31:50,85
hash_md5,9bd89073738ad0cd62aa1f3da96b8926,malwarebazaar,Mirai,"elf,Gafgyt,Mirai",2026-09-24 04:00:09,2026-09-24 04:31:50,85
hash_md5,9d2f20846f74323016b7430c9c7fe141,malwarebazaar,Mirai,"elf,Gafgyt,Mirai",2026-09-24 04:00:09,2026-09-24 04:31:50,85
hash_md5,9f01792370834c5f832e4b0cc8c477ac,malwarebazaar,elf,elf,2026-09-24 04:00:09,2026-09-24 04:31:50,85
hash_md5,9f4c2d1aec365af25a881b44c1baea7a,malwarebazaar,Mirai,elf,2026-09-24 04:00:09,2026-09-24 04:31:50,85
hash_md5,9fa3840585b072ebcfb29ed0c4a3a80f,malwarebazaar,Mirai,"elf,Gafgyt,Mirai",2026-09-24 04:00:09,2026-09-24 04:31:50,85
hash_md5,a8869e56b23b7d60774043b44cdae66e,malwarebazaar,Mirai,"elf,Mirai",2026-09-24 04:00:09,2026-09-24 04:31:50,85
hash_md5,aa90bc531d0f3ad002375efe2dc8fca1,malwarebazaar,Mirai,"elf,Mirai",2026-09-24 04:00:09,2026-09-24 04:31:50,85
hash_md5,ab294935c5dd534687eb618c648855e0,malwarebazaar,Mirai,"elf,Mirai",2026-09-24 04:00:09,2026-09-24 04:31:50,85
hash_md5,ae484a726fb07cef9c16ad9ba72135e4,malwarebazaar,elf,elf,2026-09-24 04:00:09,2026-09-24 04:31:50,85
hash_md5,ae8198f0235b06dcbdf64d1e88965dcb,malwarebazaar,Mirai,"elf,Gafgyt,Mirai",2026-09-24 04:00:09,2026-09-24 04:31:50,85
hash_md5,af58a67f560883bb40f804fa3f2512f6,malwarebazaar,Mirai,"elf,Mirai",2026-09-24 04:00:09,2026-09-24 04:31:50,85
hash_md5,af8f4256d9382c9da5cb421da5e2fae8,malwarebazaar,elf,elf,2026-09-24 04:00:09,2026-09-24 04:31:50,85
hash_md5,b395721ea81a0c84bb8ad9e7ce83c953,malwarebazaar,Mirai,"elf,Gafgyt,Mirai",2026-09-24 04:00:09,2026-09-24 04:31:50,85
hash_md5,b4e9185ce374715c1fe0d5b281b36105,malwarebazaar,Mirai,"elf,Gafgyt,Mirai",2026-09-24 04:00:09,2026-09-24 04:31:50,85
hash_md5,b54e1b95dd65cd1b42ef05b774e3cc41,malwarebazaar,Mirai,"arm,cowrie,elf,honeypot,mirai,mozi,torii",2026-09-24 04:00:09,2026-09-24 04:31:50,85
hash_md5,b8e0a32d1ac8ef97714eedc523388e40,malwarebazaar,unknown,unknown,2026-09-24 04:00:09,2026-09-24 04:31:50,85
hash_md5,ba3a9a3181c8e7711d46b512d31aa564,malwarebazaar,Mirai,"elf,Gafgyt,Mirai",2026-09-24 04:00:09,2026-09-24 04:31:50,85
hash_md5,ba4ef9c05114b2a2e7d9db9e84803aa7,malwarebazaar,elf,elf,2026-09-24 04:00:09,2026-09-24 04:31:50,85
hash_md5,ba581c003df49acf4e810c313b11989d,malwarebazaar,Mirai,"arm,cowrie,elf,honeypot,Mirai",2026-09-24 04:00:09,2026-09-24 04:31:50,85
hash_md5,bbf485d00380a0585f75315aceb2dc2e,malwarebazaar,exe,exe,2026-09-24 04:00:09,2026-09-24 04:31:50,85
hash_md5,bf22a7734a18f1ea0c6763db24afa012,malwarebazaar,macho,"ClickFix,Foxveil,loader,Mach-O,macho,macOS",2026-09-24 04:00:09,2026-09-24 04:31:50,85
hash_md5,c4017fe0d0489d774f6f44a20c52c3d5,malwarebazaar,exe,"dionaea,exe",2026-09-24 04:00:09,2026-09-24 04:31:50,85
hash_md5,c401f7d7670da7154ce309a0919caf1f,malwarebazaar,Mirai,"arm,cowrie,elf,honeypot,Mirai",2026-09-24 04:00:09,2026-09-24 04:31:50,85
hash_md5,c6eee4d4c33e4dff13400e38b76b8e98,malwarebazaar,Mirai,"elf,Gafgyt,Mirai",2026-09-24 04:00:09,2026-09-24 04:31:50,85
hash_md5,c7a91c092d5120c44b99dc0b0300047d,malwarebazaar,Mirai,elf,2026-09-24 04:00:09,2026-09-24 04:31:50,85
hash_md5,ccc8e082826e5ef4c346489e5e80323f,malwarebazaar,unknown,unknown,2026-09-24 04:00:09,2026-09-24 04:31:50,85
hash_md5,cdb313dd60bafc83068eb204263494b8,malwarebazaar,exe,exe,2026-09-24 04:00:09,2026-09-24 04:31:50,85
hash_md5,d0532ba2a5f77e7531b2f1a6913a14c4,malwarebazaar,KoiLoader,"exe,KoiLoader",2026-09-24 04:00:09,2026-09-24 04:31:50,85
hash_md5,d1619ee6b1cc419dda7df22a9c06342d,malwarebazaar,Mirai,"elf,Gafgyt,Mirai",2026-09-24 04:00:09,2026-09-24 04:31:50,85
hash_md5,d4bfb13d6c25ff5073db8f5b890fa1c5,malwarebazaar,Mirai,"arm,cowrie,elf,honeypot,Mirai",2026-09-24 04:00:09,2026-09-24 04:31:50,85
hash_md5,d56db429b05d8ef2a32f0049f18fa8b6,malwarebazaar,Mirai,"elf,Gafgyt,Mirai",2026-09-24 04:00:09,2026-09-24 04:31:50,85
hash_md5,d8101affe4dd044565b96c5c97bfb1a1,malwarebazaar,Mirai,elf,2026-09-24 04:00:09,2026-09-24 04:31:50,85
hash_md5,db6404c9ef00dc139c7b4152253e2a3c,malwarebazaar,Mirai,"elf,Mirai",2026-09-24 04:00:09,2026-09-24 04:31:50,85
hash_md5,db9a4733d32ab4f092c2dcf925e84f91,malwarebazaar,Mirai,"arm,cowrie,elf,honeypot,Mirai",2026-09-24 04:00:09,2026-09-24 04:31:50,85
hash_md5,dc09d0e7c70add99774c125ed5ed2529,malwarebazaar,elf,elf,2026-09-24 04:00:09,2026-09-24 04:31:50,85
hash_md5,df29988df4ed1eaefe6a80cad5d69d76,malwarebazaar,exe,"dropped-by-GCleaner,exe,F,PMIX0.file",2026-09-24 04:00:09,2026-09-24 04:31:50,85
hash_md5,e8ef3b44a1d22a12321fabc04f4e6500,malwarebazaar,exe,"5a4378fb90db39f09c7b18d1f314e645,dropped-by-remus,exe",2026-09-24 04:00:09,2026-09-24 04:31:50,85
hash_md5,e9e793d34a89d3fefcd4d91ee5bfc5d0,malwarebazaar,Mirai,"elf,Gafgyt,Mirai",2026-09-24 04:00:09,2026-09-24 04:31:50,85
hash_md5,ea822bd67f2de781a8a8adbad8932cd2,malwarebazaar,elf,elf,2026-09-24 04:00:09,2026-09-24 04:31:50,85
hash_md5,ea83d0de12cce90ee2164d9293162165,malwarebazaar,Mirai,"elf,Gafgyt,Mirai",2026-09-24 04:00:09,2026-09-24 04:31:50,85
hash_md5,eb80b773f9fc10e2fc0322074539ebfe,malwarebazaar,Mirai,"elf,Gafgyt,Mirai",2026-09-24 04:00:09,2026-09-24 04:31:50,85
hash_md5,efa3663db572fe62c58699629aa73a43,malwarebazaar,Mirai,"elf,Gafgyt,Mirai",2026-09-24 04:00:09,2026-09-24 04:31:50,85
hash_md5,f0bd15faa9e3b6222df1a5ce0435d915,malwarebazaar,Mirai,"elf,Gafgyt,Mirai",2026-09-24 04:00:09,2026-09-24 04:31:50,85
hash_md5,f49b9bf97a673c37796a2b79e068f4d8,malwarebazaar,Mirai,"elf,Gafgyt,Mirai",2026-09-24 04:00:09,2026-09-24 04:31:50,85
hash_md5,f8973b50e2107a52089a4d23208e7c59,malwarebazaar,Mirai,"elf,Mirai",2026-09-24 04:00:09,2026-09-24 04:31:50,85
hash_md5,fed1cd4617d54c7e7d6ab2972403f894,malwarebazaar,Mirai,"elf,Mirai",2026-09-24 04:00:09,2026-09-24 04:31:50,85
hash_sha256,01e37208a38d6e3cd9695729f0d6bff3363676bdb5b8b9812688c667570a0ac7,malwarebazaar,Mirai,elf,2026-09-24 04:00:09,2026-09-24 04:31:50,85
hash_sha256,03e05bd6dbc2d12457a30dc04ab1a046dd999fd5c0b009a3c38764ce51fddf0e,malwarebazaar,Mirai,"elf,Gafgyt,Mirai",2026-09-24 04:00:09,2026-09-24 04:31:50,85
hash_sha256,03ef1c73b295685214210429f2feb7c3dc54b5828bb8a626718c919132b375af,malwarebazaar,Mirai,"elf,Gafgyt,Mirai",2026-09-24 04:00:09,2026-09-24 04:31:50,85
hash_sha256,07da114031ff6a04cda7673615bf12fca62bbc82b63e428a7e0ec8f02c005627,malwarebazaar,Mirai,"elf,Mirai",2026-09-24 04:00:09,2026-09-24 04:31:50,85
hash_sha256,0918159216b732cfdb3bf5fb971db9110cf9a1dc77e19527424dc024d4227acd,malwarebazaar,Mirai,"arm,cowrie,elf,honeypot,Mirai",2026-09-24 04:00:09,2026-09-24 04:31:50,85
hash_sha256,093a07c0ccfda1228beba7aa42911ebb3cbf725ae8c74558822ebdaa01d4dc48,malwarebazaar,Mirai,"elf,Mirai",2026-09-24 04:00:09,2026-09-24 04:31:50,85
hash_sha256,0c7bd1de7106d0cdd98c69241e253edaf7fd6ce43013cb31e0d98394fc0b9dfb,malwarebazaar,Mirai,elf,2026-09-24 04:00:09,2026-09-24 04:31:50,85
hash_sha256,0cefd06518aaf895ad9875d756847053e1942196e2a0d549d19123f3bb55022f,malwarebazaar,Mirai,"elf,Gafgyt,Mirai",2026-09-24 04:00:09,2026-09-24 04:31:50,85
hash_sha256,1372bd813d55606cab0ff84c1b0d220ef5562b0b5c3c06e5a2929a8d2f18c302,malwarebazaar,Mirai,"elf,Mirai",2026-09-24 04:00:09,2026-09-24 04:31:50,85
hash_sha256,1395ecea5470f468462ee4e430d97468f4f52863c70c0b7c2f9765c9fad5f4dd,malwarebazaar,Mirai,"elf,Gafgyt,Mirai",2026-09-24 04:00:09,2026-09-24 04:31:50,85
hash_sha256,14fcc9eb7f25a9218ae92546b9607f4bb101b04135e95eb4cb82ea185c9b2094,malwarebazaar,Mirai,"elf,Mirai",2026-09-24 04:00:09,2026-09-24 04:31:50,85
hash_sha256,176a1c79c638bc091c57efefefea8b20cd6b1a2ab093ad5ddd859b4810391a98,malwarebazaar,Mirai,"elf,Gafgyt,Mirai",2026-09-24 04:00:09,2026-09-24 04:31:50,85
hash_sha256,1cb1ed2cc89958c76c64107e157ff9dcea23f1f1c9c9d0d535b1dc496ce6902f,malwarebazaar,Mirai,"elf,Gafgyt,Mirai",2026-09-24 04:00:09,2026-09-24 04:31:50,85
hash_sha256,215d4190b32b707e737abd732120eb1bb6c51ee7af5ee21cb9fb970fb86b239a,malwarebazaar,Mirai,"elf,Gafgyt,Mirai",2026-09-24 04:00:09,2026-09-24 04:31:50,85
hash_sha256,22217b6034a841487aa2635fea5805f79344b617c20abe412fc95fd03a1c9f61,malwarebazaar,exe,"5a4378fb90db39f09c7b18d1f314e645,dropped-by-remus,exe",2026-09-24 04:00:09,2026-09-24 04:31:50,85
hash_sha256,24b1d4b18923351db58d1a92ccf121d673d00fdbbc3698dbd77bd849919f2e6a,malwarebazaar,Mirai,"elf,Mirai",2026-09-24 04:00:09,2026-09-24 04:31:50,85
hash_sha256,2a018987d8fb348a3e5e05595afbcd4bfa5631b6e0df83219390cca2e5ea758a,malwarebazaar,KoiLoader,"exe,KoiLoader",2026-09-24 04:00:09,2026-09-24 04:31:50,85
hash_sha256,30340e7be5979a14f2e55bbd30fb6be8b968463cb2ef158ef058db1987bf8145,malwarebazaar,Mirai,"elf,Gafgyt,Mirai",2026-09-24 04:00:09,2026-09-24 04:31:50,85
hash_sha256,32e167e167c82f04b203c220b56edb95bbc3869254c7b792521a490c97e9507a,malwarebazaar,exe,exe,2026-09-24 04:00:09,2026-09-24 04:31:50,85
hash_sha256,33808b9f42db8919e8666e34e77c28ee2d3f40efa091523f57afe1e78aa8b43b,malwarebazaar,exe,exe,2026-09-24 04:00:09,2026-09-24 04:31:50,85
hash_sha256,33f074770e617dd2a02a7864d46553df62199c805b6149d1c03bd50f5761111e,malwarebazaar,elf,elf,2026-09-24 04:00:09,2026-09-24 04:31:50,85
hash_sha256,3566724a440c208034a7ba904ff130a8c6ba9cc06ef58a7a9b17d7fc82d45730,malwarebazaar,elf,elf,2026-09-24 04:00:09,2026-09-24 04:31:50,85
hash_sha256,3924393e1c9ad19fb01496eff7953243269a96ad386d5747d8ad485a213cb299,malwarebazaar,Mirai,"elf,Gafgyt,Mirai",2026-09-24 04:00:09,2026-09-24 04:31:50,85
hash_sha256,39e3b9134f5edf604d12e8ccf502d5af62947e4b7770d32682db53ab114925b5,malwarebazaar,elf,elf,2026-09-24 04:00:09,2026-09-24 04:31:50,85
hash_sha256,3b4f42d6d24652a2f86db06f2abb9c6bdd76a64e601147a5699851703ec5faa5,malwarebazaar,Mirai,"elf,Gafgyt,Mirai",2026-09-24 04:00:09,2026-09-24 04:31:50,85
hash_sha256,3dfaec66f7547ecc52a3413f438def105060e097097457eee8ff7df2ada88514,malwarebazaar,exe,"5a4378fb90db39f09c7b18d1f314e645,dropped-by-remus,exe",2026-09-24 04:00:09,2026-09-24 04:31:50,85
hash_sha256,42afac8ed879ac5e9175a3caedfcb55c4032e0aeaeb348d3e31fd271ead701ef,malwarebazaar,Mirai,"elf,Gafgyt,Mirai",2026-09-24 04:00:09,2026-09-24 04:31:50,85
hash_sha256,46a3ae9d7eabdcf9ec4d02c7121ca03a8f6e643e27bbf592fb90a60fd6c566a3,malwarebazaar,Mirai,"elf,Gafgyt,Mirai",2026-09-24 04:00:09,2026-09-24 04:31:50,85
hash_sha256,48f41175de8ef593af1a188c83b3ea8eed425d5b2caaee80c97952f063e0c66c,malwarebazaar,Mirai,"elf,Mirai",2026-09-24 04:00:09,2026-09-24 04:31:50,85
hash_sha256,497931da8d0054b933be135c68a200b6e4a2f42bc514d99ec60f2f633076f276,malwarebazaar,exe,"dropped-by-GCleaner,exe,F,PMIX0.file",2026-09-24 04:00:09,2026-09-24 04:31:50,85
hash_sha256,4a2de657fd7a3697d65a13817b452802c41de177e170ee2279f35534b622e298,malwarebazaar,Mirai,"elf,Gafgyt,Mirai",2026-09-24 04:00:09,2026-09-24 04:31:50,85
hash_sha256,4bbb7c2d9342109a6b12a2c144aa49c19688aedf3c5fb4f46eec828b47a65045,malwarebazaar,Mirai,"elf,Gafgyt,Mirai",2026-09-24 04:00:09,2026-09-24 04:31:50,85
hash_sha256,5182eb02d625322be4577dfdfb0c37c9318492b5ff05f942194c1713bf7caa14,malwarebazaar,elf,elf,2026-09-24 04:00:09,2026-09-24 04:31:50,85
hash_sha256,565e8f5df51db5368bd78124457415d410bfc52b69ef30cc127cbad47e818a18,malwarebazaar,Mirai,"elf,Mirai",2026-09-24 04:00:09,2026-09-24 04:31:50,85
hash_sha256,56a12aacebb66d795009950425fc7109ce9d91e83538021a8605e6f3460c6c12,malwarebazaar,elf,elf,2026-09-24 04:00:09,2026-09-24 04:31:50,85
hash_sha256,5e5679e75aab1342ed448e1a0b2255f65362029b97f14fb55cfee02863c4acf5,malwarebazaar,unknown,unknown,2026-09-24 04:00:09,2026-09-24 04:31:50,85
hash_sha256,5e7ef4217c8f36fea804d6871d9d4c10410d36402f6aa081bb05688b727a8ab8,malwarebazaar,Mirai,"elf,Mirai",2026-09-24 04:00:09,2026-09-24 04:31:50,85
hash_sha256,5f05e5979aa31a5f342e88483454a5f1add0f381dab62d6204358c8bd83de91c,malwarebazaar,Mirai,"elf,Mirai",2026-09-24 04:00:09,2026-09-24 04:31:50,85
hash_sha256,5f1a3507e06e5c238cec9070f5e408e76ad4c8b0d485d445cd40e46f563b73ff,malwarebazaar,exe,exe,2026-09-24 04:00:09,2026-09-24 04:31:50,85
hash_sha256,66676fc2f8a2432b9545457d44d0ca4860c2e30affd375420ac8dede00b8b1e8,malwarebazaar,Mirai,"elf,Gafgyt,Mirai",2026-09-24 04:00:09,2026-09-24 04:31:50,85
hash_sha256,6a621d18166761d2c1f3a559eeda6f831044eaaca754ca3045ab8d17ffc498ed,malwarebazaar,exe,"exe,signed,Vidar",2026-09-24 04:00:09,2026-09-24 04:31:50,85
hash_sha256,6b647d6e50401a6050bd885162a2ab474065a63097ee857e2077ce4504e8effb,malwarebazaar,Mirai,"elf,Gafgyt,Mirai",2026-09-24 04:00:09,2026-09-24 04:31:50,85
hash_sha256,6f552e6a9d66594e5e921f715b20ad2c8a5e4ef76277a3eda3e7f36bb99d457d,malwarebazaar,WannaCry,"dionaea,exe,WannaCry",2026-09-24 04:00:09,2026-09-24 04:31:50,85
hash_sha256,6faf1f252acb210ebc48374e41fdfbaf5d50353d2dee84f809037084cd1a9386,malwarebazaar,Mirai,"elf,Gafgyt,Mirai",2026-09-24 04:00:09,2026-09-24 04:31:50,85
hash_sha256,70fae95cd462447c94b3520653bdee4aaa66096cef840e5b74bd1bd25cf22097,malwarebazaar,elf,elf,2026-09-24 04:00:09,2026-09-24 04:31:50,85
hash_sha256,750a7143886ee07c71842cfed4fac932c0fa400b2c078988aea35c6fd369cd18,malwarebazaar,unknown,unknown,2026-09-24 04:00:09,2026-09-24 04:31:50,85
hash_sha256,7682c6d628f6b383820304f9182a7e6f2cca8c47e39d56d1e876e4b3c3858078,malwarebazaar,Mirai,"elf,Gafgyt,Mirai",2026-09-24 04:00:09,2026-09-24 04:31:50,85
hash_sha256,77f309df341e5fb04487b89709d8ad00b97b28988b34c1f5b674f95003f929ac,malwarebazaar,Mirai,"arm,cowrie,elf,honeypot,Mirai",2026-09-24 04:00:09,2026-09-24 04:31:50,85
hash_sha256,77fe748f078f9c04997063712dd9d8498f52bb910cea09c6840a42f25a12a607,malwarebazaar,Mirai,"arm,cowrie,elf,honeypot,Mirai",2026-09-24 04:00:09,2026-09-24 04:31:50,85
hash_sha256,7920569240359760b6707e2d0a5ccdc8ed04b7c5044e8c457e14d99c5803f808,malwarebazaar,Mirai,"elf,Mirai",2026-09-24 04:00:09,2026-09-24 04:31:50,85
hash_sha256,7c04a11b72485957f38a65a92666de7d0a6f80fee78e45638a5db5505ae318e1,malwarebazaar,SalatStealer,"exe,SalatStealer,upx",2026-09-24 04:00:09,2026-09-24 04:31:50,85
hash_sha256,83dfc0747f424408264c779245cf09bff34a2aec808075a4968ee645ccb3f98c,malwarebazaar,Mirai,"elf,Gafgyt,Mirai",2026-09-24 04:00:09,2026-09-24 04:31:50,85
hash_sha256,841d99ecb0265809d2c8231d5587d64e846dccad09bcb83906bbd37938cc9112,malwarebazaar,Mirai,"elf,Mirai",2026-09-24 04:00:09,2026-09-24 04:31:50,85
hash_sha256,85046d7e95286d68e70cb7583c8d6756c8e5fb32f5b615d2e708676544146c5c,malwarebazaar,Mirai,"elf,Gafgyt,Mirai",2026-09-24 04:00:09,2026-09-24 04:31:50,85
hash_sha256,85ba1d7244200fd02bd0e80d2e97432513d7e634279052fe364e107c7f6e9453,malwarebazaar,Mirai,"elf,Gafgyt,Mirai",2026-09-24 04:00:09,2026-09-24 04:31:50,85
hash_sha256,860932ed9d256e4eb0003292915120d1eb8f62f5a86df9846b4b9dee792d12f8,malwarebazaar,Mirai,"elf,Mirai",2026-09-24 04:00:09,2026-09-24 04:31:50,85
hash_sha256,88f967c94e8deb463909dac0e8da1f40ddddedd0824358da9fcebbe29ca3f9b9,malwarebazaar,Mirai,"elf,Gafgyt,Mirai",2026-09-24 04:00:09,2026-09-24 04:31:50,85
hash_sha256,89b8d366db47d9bc11c1eea44d59bb7e7953a9650cf8ff1007c227dc80513449,malwarebazaar,Mirai,elf,2026-09-24 04:00:09,2026-09-24 04:31:50,85
hash_sha256,8dce1ba3353a68bcad21ca774902ef4fb5063c5fbc7216d9564e4f62dbcf26cd,malwarebazaar,Mirai,"elf,Gafgyt,Mirai",2026-09-24 04:00:09,2026-09-24 04:31:50,85
hash_sha256,8f377e6f2b41ea283c82fad2f3682692fd69df1866a924a285800d48eb4f3714,malwarebazaar,Mirai,"elf,Mirai",2026-09-24 04:00:09,2026-09-24 04:31:50,85
hash_sha256,984154b2fe7ff4fae1bfa0136041b4d9605044042e12037d7de168098f07f0b4,malwarebazaar,macho,"ClickFix,Foxveil,loader,Mach-O,macho,macOS",2026-09-24 04:00:09,2026-09-24 04:31:50,85
hash_sha256,9b0050d44e7ea5b1d612ce396c70e7c789342f00b07980e5f8dfed4506516b2f,malwarebazaar,exe,"exe,upx-dec",2026-09-24 04:00:09,2026-09-24 04:31:50,85
hash_sha256,9b5ec34cd1703e2f1fbb46bc9eee10a9ffb11982fde9b77637d34dc31e84064d,malwarebazaar,Mirai,"elf,Gafgyt,Mirai",2026-09-24 04:00:09,2026-09-24 04:31:50,85
hash_sha256,9fc4a1fdd74c8681c460a222eaef20be2a650d9ca273a0feb3317096c8b82491,malwarebazaar,Mirai,"elf,Gafgyt,Mirai",2026-09-24 04:00:09,2026-09-24 04:31:50,85
hash_sha256,a013e15318f2561412cd66e156cea28b4e37a2524375620c92054b61fc039519,malwarebazaar,Mirai,"elf,Gafgyt,Mirai",2026-09-24 04:00:09,2026-09-24 04:31:50,85
hash_sha256,a16da87ab840f692b48909a9664700965e0309b2830952e3e58b361eafc83c7c,malwarebazaar,elf,elf,2026-09-24 04:00:09,2026-09-24 04:31:50,85
hash_sha256,a2d57a52b1922d64829ab4c8913c57db1063be8438d6b149d3e75dd01c266291,malwarebazaar,Mirai,"elf,Gafgyt,Mirai",2026-09-24 04:00:09,2026-09-24 04:31:50,85
hash_sha256,a386c3666f529ec462fd4bfb2fe11ee25924ef4c0bd8a09836479cb900d8eac4,malwarebazaar,macho,"ClickFix,Foxveil,loader,Mach-O,macho,macOS",2026-09-24 04:00:09,2026-09-24 04:31:50,85
hash_sha256,a6bc16edd4fb1862097be566efa0767a8a57ccbac4ca897bd381daeeb0a5c0fc,malwarebazaar,Mirai,"elf,Gafgyt,Mirai",2026-09-24 04:00:09,2026-09-24 04:31:50,85
hash_sha256,ad56d2df3c9614af56f49ee645989ccea45591c2c0c1a565e48f6a94cf75beab,threatfox,AMOS,"threatfox,AMOS,ClickFix,Foxveil,macOS",2026-09-24 04:06:10,2026-09-24 04:31:50,85
hash_sha256,b1bad7159b38124910e10926635889455fb38a4aea9e46dd351c42f666f947b0,malwarebazaar,Mirai,"elf,Gafgyt,Mirai",2026-09-24 04:00:09,2026-09-24 04:31:50,85
hash_sha256,b507655ae627029dcd4ecfdcc8b73cc6b85b93c3cb44beec1ffdf28b6fe1adb1,malwarebazaar,Mirai,"elf,Mirai,upx-dec",2026-09-24 04:00:09,2026-09-24 04:31:50,85
hash_sha256,b65abc027cd97f6b5db74bc3359a9de52a9a9fb55a954e5a4303765c55639b5d,malwarebazaar,Mirai,"elf,Gafgyt,Mirai",2026-09-24 04:00:09,2026-09-24 04:31:50,85
hash_sha256,bd0a20202e9e9b77c83b1747817e7ad2cf59bb0d677c2ccd6df1f5cbb0e003e0,malwarebazaar,Mirai,"elf,Gafgyt,Mirai",2026-09-24 04:00:09,2026-09-24 04:31:50,85
hash_sha256,be1f98f0fb99e73190b66d4fbcdae30ae7d42773a2a2647f4d81e7b6bb495127,malwarebazaar,elf,elf,2026-09-24 04:00:09,2026-09-24 04:31:50,85
hash_sha256,bf9d21ea1d3bc39f340b5c93848516143df8d90cc0a7acfaf91e5126ee6d4919,malwarebazaar,elf,elf,2026-09-24 04:00:09,2026-09-24 04:31:50,85
hash_sha256,c7b0845649719ff0a507d4a016275292c7f86c997a8b52883cfc083c36523248,malwarebazaar,Mirai,"elf,Gafgyt,Mirai",2026-09-24 04:00:09,2026-09-24 04:31:50,85
hash_sha256,c7b9ca8987d5892f9eb64b584811a72451c14ebac1e1c1ee651bd9255178f9b2,malwarebazaar,Dakkatoni,"cowrie,Dakkatoni,elf,honeypot,mips",2026-09-24 04:00:09,2026-09-24 04:31:50,85
hash_sha256,ccc077952930a669cf235c7a7aa92abe8e6b26bd922979df27d72b27ae8c4785,malwarebazaar,elf,elf,2026-09-24 04:00:09,2026-09-24 04:31:50,85
hash_sha256,ce1de114f37a26e89a6e4474fdb47d4a9f2f2bb58692d4b5e10ed6717dbfe0db,malwarebazaar,Mirai,"elf,Gafgyt,Mirai",2026-09-24 04:00:09,2026-09-24 04:31:50,85
hash_sha256,d0b03825da58905cdc421c69be2a2c2d6eab58d9a943aebb6435b0d33486beee,malwarebazaar,Mirai,"elf,Mirai",2026-09-24 04:00:09,2026-09-24 04:31:50,85
hash_sha256,d13ae5e65d18ac01e3d3a0812ccce5d41dde6c2651830df9082ffa3bff34861e,malwarebazaar,Mirai,"elf,Gafgyt,Mirai",2026-09-24 04:00:09,2026-09-24 04:31:50,85
hash_sha256,d3226cc7690af1f68aa49f653853445b401a9c3e84061fed0e74e44d291bfade,malwarebazaar,exe,"dionaea,exe",2026-09-24 04:00:09,2026-09-24 04:31:50,85
hash_sha256,d5806b6a75b4f1611fa2add28150c7edab432422a683b6c6bf54b28b87cc9912,malwarebazaar,elf,elf,2026-09-24 04:00:09,2026-09-24 04:31:50,85
hash_sha256,d5b113bd8897893d2a9d3d422809c22484909b54a774a5ea3bd0c008b3ec9c92,malwarebazaar,unknown,unknown,2026-09-24 04:00:09,2026-09-24 04:31:50,85
hash_sha256,d91e8d31a486f92d76003f384dab23b4295e322f9b50fd364215ede575d026ab,malwarebazaar,Mirai,"arm,cowrie,elf,honeypot,Mirai",2026-09-24 04:00:09,2026-09-24 04:31:50,85
hash_sha256,d9ec29da13d670682f81f6bfb172bd3eea79486a0856578126889a8ed1a61db4,malwarebazaar,macho,"ClickFix,Foxveil,loader,Mach-O,macho,macOS",2026-09-24 04:00:09,2026-09-24 04:31:50,85
hash_sha256,dbc73417cbc079e9d5e6088228c6e728bf555f71feb6b98dc093141e43731dc9,malwarebazaar,Mirai,"elf,Gafgyt,Mirai",2026-09-24 04:00:09,2026-09-24 04:31:50,85
hash_sha256,dbfe7b95a0d9b7cc0604a2730bcfd6aa5f976cd3843b5561cbc1c1ab26ca0d84,malwarebazaar,elf,elf,2026-09-24 04:00:09,2026-09-24 04:31:50,85
hash_sha256,dcf44d83431630baf381f1d6bb1a6a7854995c6e563b42e47d84e9363b37d999,malwarebazaar,Mirai,"elf,Gafgyt,Mirai",2026-09-24 04:00:09,2026-09-24 04:31:50,85
hash_sha256,dd6d4209f835141fb83ec5899edc31f680ddb223f0be1b3a54faf8ef7fb6e9fd,malwarebazaar,Mirai,"elf,Gafgyt,Mirai",2026-09-24 04:00:09,2026-09-24 04:31:50,85
hash_sha256,e238b9827f45d285e0125dd5c7dc9073d91004a04a957f78f7009b2bb7950add,malwarebazaar,elf,elf,2026-09-24 04:00:09,2026-09-24 04:31:50,85
hash_sha256,e4fa5166eb66713fcc6e2ebc346c49fc7259777ade5470a89d5bad700a44ab48,malwarebazaar,Mirai,"elf,Gafgyt,Mirai",2026-09-24 04:00:09,2026-09-24 04:31:50,85
hash_sha256,e66f5ae7d3b2684685ba5bfc1ae64cb0f26fd8431259775dc27e417fe0fe78ca,malwarebazaar,Mirai,"elf,Gafgyt,Mirai",2026-09-24 04:00:09,2026-09-24 04:31:50,85
hash_sha256,e77f5a626b576647c5daefd2fa0002ab273b1173d9ad7cf39abd7f1144e6ec86,malwarebazaar,Mirai,"elf,Gafgyt,Mirai",2026-09-24 04:00:09,2026-09-24 04:31:50,85
hash_sha256,e830b1fc6649f4a1906edaee9a3a8642e61d59fa5cd7d9da06b955de1b3328ea,malwarebazaar,unknown,unknown,2026-09-24 04:00:09,2026-09-24 04:31:50,85
hash_sha256,e8c7373c3aaef58ce5396434b56edeb0c53673b0ae1dfd278600cb926f5b20ff,malwarebazaar,Mirai,"arm,cowrie,elf,honeypot,Mirai",2026-09-24 04:00:09,2026-09-24 04:31:50,85
hash_sha256,ea05e5613d2403dd369eb5f3db6c9ac9f77978a4053df893cbd06add80ab8a23,malwarebazaar,Mirai,elf,2026-09-24 04:00:09,2026-09-24 04:31:50,85
hash_sha256,eadaa2aefcef09d31456e730055f1806c13f253d1214838c7f57af795b163e7a,malwarebazaar,Mirai,"elf,Gafgyt,Mirai",2026-09-24 04:00:09,2026-09-24 04:31:50,85
hash_sha256,ec4ab0286dc2c6150b9f97debce892cdaf2cb78e19fb8df2e46d970739485cf0,malwarebazaar,elf,elf,2026-09-24 04:00:09,2026-09-24 04:31:50,85
hash_sha256,ed864b03430377a40fe348951708de77555304a09fea75018cdb9bb33df1f9ee,malwarebazaar,Mirai,"elf,Gafgyt,Mirai",2026-09-24 04:00:09,2026-09-24 04:31:50,85
hash_sha256,ee247e26917c6055c238f6046ccba307512ca790183006fc4e342492c93ab3da,malwarebazaar,Mirai,"arm,cowrie,elf,honeypot,mirai,mozi,torii",2026-09-24 04:00:09,2026-09-24 04:31:50,85
hash_sha256,efb69317428044a237f945e60c7383e6969db82a94144213b38f734d611a3e6e,malwarebazaar,Mirai,elf,2026-09-24 04:00:09,2026-09-24 04:31:50,85
hash_sha256,f20d92d70467796f06db7d7aa05c155b1db889b4f4267e7a5fa11c2eb19a1221,malwarebazaar,Mirai,"elf,Gafgyt,Mirai",2026-09-24 04:00:09,2026-09-24 04:31:50,85
hash_sha256,f35316ab9b90f6a25d2e399130430107caf8e75b79e5bec68d2d0958ab882377,malwarebazaar,Mirai,"elf,Mirai",2026-09-24 04:00:09,2026-09-24 04:31:50,85
hash_sha256,f4ab659f21704cd76931de75dff3c4e955ed47405b40a15a7be43f3a81cc7fa2,malwarebazaar,Mirai,"elf,Mirai,upx",2026-09-24 04:00:09,2026-09-24 04:31:50,85
hash_sha256,f6af4cf628efc51e6373e8822dfdb01704b4539ef6a5bc7d4c3fe47d0556d3f7,malwarebazaar,Mirai,"arm,cowrie,elf,honeypot,Mirai",2026-09-24 04:00:09,2026-09-24 04:31:50,85
hash_sha256,fa024040dffa3cd7afae3ce7f6e9e5b7a33ebffe41b394cd918978d867b1677a,malwarebazaar,Mirai,elf,2026-09-24 04:00:09,2026-09-24 04:31:50,85
ip,103.36.223.45,threatfox,VShell,"threatfox,vshell",2026-09-24 04:06:10,2026-09-24 04:31:50,85
ip,107.148.78.97,threatfox,VShell,"threatfox,vshell",2026-09-17 04:06:34,2026-09-24 04:31:50,85
ip,111.229.248.198,threatfox,VShell,"threatfox,vshell",2026-07-05 14:36:07,2026-09-24 04:31:50,85
ip,117.72.32.75,threatfox,Unknown malware,"threatfox,viper",2026-07-24 05:35:19,2026-09-24 04:31:50,85
ip,120.27.20.98,threatfox,Cobalt Strike,"threatfox,CobaltStrike,drb-ra",2026-09-24 04:06:10,2026-09-24 04:31:50,85
ip,128.90.112.84,threatfox,AsyncRAT,"threatfox,AsyncRAT,drb-ra,RAT",2026-09-24 04:06:10,2026-09-24 04:31:50,85
ip,128.90.59.124,threatfox,AsyncRAT,"threatfox,AsyncRAT,drb-ra,RAT",2026-09-24 04:06:10,2026-09-24 04:31:50,85
ip,130.61.85.204,threatfox,DanaBot,"threatfox,DanBot,drb-ra",2026-09-24 04:06:10,2026-09-24 04:31:50,85
ip,139.129.18.13,threatfox,VShell,"threatfox,vshell",2026-09-24 04:06:10,2026-09-24 04:31:50,85
ip,152.136.119.249,threatfox,VShell,"threatfox,vshell",2026-09-24 04:06:10,2026-09-24 04:31:50,85
ip,156.254.20.47,threatfox,Cobalt Strike,"threatfox,CobaltStrike,drb-ra",2026-09-24 04:06:10,2026-09-24 04:31:50,85
ip,156.254.20.48,threatfox,Cobalt Strike,"threatfox,CobaltStrike,drb-ra",2026-09-24 04:06:10,2026-09-24 04:31:50,85
ip,177.22.117.74,threatfox,DanaBot,"threatfox,DanBot,drb-ra",2026-09-24 04:06:10,2026-09-24 04:31:50,85
ip,184.75.208.66,threatfox,PureRAT,"threatfox,drb-ra,PureHVNC,PureRAT,RAT",2026-09-24 04:06:10,2026-09-24 04:31:50,85
ip,185.241.211.244,threatfox,PureRAT,"threatfox,drb-ra,PureHVNC,PureRAT,RAT",2026-09-24 04:06:10,2026-09-24 04:31:50,85
ip,187.77.30.227,threatfox,AdaptixC2,"threatfox,adaptixc2",2026-09-24 04:06:10,2026-09-24 04:31:50,85
ip,192.159.99.211,threatfox,PureRAT,"threatfox,drb-ra,PureHVNC,PureRAT,RAT",2026-09-24 04:06:10,2026-09-24 04:31:50,85
ip,192.177.26.195,threatfox,PureRAT,"threatfox,drb-ra,PureHVNC,PureRAT,RAT",2026-09-13 04:06:42,2026-09-24 04:31:50,85
ip,192.253.229.23,threatfox,PureRAT,"threatfox,drb-ra,PureHVNC,PureRAT,RAT",2026-09-24 04:06:10,2026-09-24 04:31:50,85
ip,195.177.94.16,threatfox,AsyncRAT,"threatfox,AsyncRAT,drb-ra,RAT",2026-07-14 19:40:35,2026-09-24 04:31:50,85
ip,195.177.94.29,threatfox,PureRAT,"threatfox,drb-ra,PureHVNC,PureRAT,RAT",2026-09-24 04:06:10,2026-09-24 04:31:50,85
ip,2.26.29.7,threatfox,Tsundere,"threatfox,DinDoor,drb-ra",2026-09-24 04:06:10,2026-09-24 04:31:50,85
ip,2.59.134.119,threatfox,PureRAT,"threatfox,drb-ra,PureHVNC,PureRAT,RAT",2026-09-24 04:06:10,2026-09-24 04:31:50,85
ip,202.146.222.156,threatfox,PureRAT,"threatfox,drb-ra,PureHVNC,PureRAT,RAT",2026-09-24 04:06:10,2026-09-24 04:31:50,85
ip,23.160.168.167,threatfox,PureRAT,"threatfox,drb-ra,PureHVNC,PureRAT,RAT",2026-09-24 04:06:10,2026-09-24 04:31:50,85
ip,23.94.66.124,threatfox,Cobalt Strike,"threatfox,cobaltstrike",2026-09-24 04:06:10,2026-09-24 04:31:50,85
ip,3.70.2.18,threatfox,Cobalt Strike,"threatfox,cobaltstrike",2026-09-24 04:06:10,2026-09-24 04:31:50,85
ip,31.56.209.155,threatfox,Remcos,"threatfox,c2,Remcos,RIOTMEDIC2026CRYPTOSCREENSHOT",2026-09-24 04:06:10,2026-09-24 04:31:50,85
ip,31.77.220.78,threatfox,PureRAT,"threatfox,drb-ra,PureHVNC,PureRAT,RAT",2026-09-23 04:06:36,2026-09-24 04:31:50,85
ip,37.244.231.39,threatfox,DanaBot,"threatfox,DanBot,drb-ra",2026-09-24 04:06:10,2026-09-24 04:31:50,85
ip,47.116.175.227,threatfox,VShell,"threatfox,vshell",2026-09-24 04:06:10,2026-09-24 04:31:50,85
ip,47.118.26.230,threatfox,VShell,"threatfox,vshell",2026-09-13 04:06:42,2026-09-24 04:31:50,85
ip,65.108.207.22,threatfox,AsyncRAT,"threatfox,asyncrat",2026-09-24 04:06:10,2026-09-24 04:31:50,85
ip,74.208.146.77,threatfox,AsyncRAT,"threatfox,AsyncRAT,drb-ra,RAT",2026-09-24 04:06:10,2026-09-24 04:31:50,85
ip,82.158.89.214,threatfox,Cobalt Strike,"threatfox,CobaltStrike,drb-ra",2026-09-24 04:06:10,2026-09-24 04:31:50,85
ip,82.47.101.16,threatfox,AsyncRAT,"threatfox,AsyncRAT,drb-ra,RAT",2026-09-24 04:06:10,2026-09-24 04:31:50,85
ip,84.247.187.47,threatfox,AsyncRAT,"threatfox,AsyncRAT,drb-ra,RAT",2026-09-10 04:07:18,2026-09-24 04:31:50,85
ip,91.92.241.149,threatfox,AsyncRAT,"threatfox,AsyncRAT,drb-ra,RAT",2026-09-19 16:06:23,2026-09-24 04:31:50,85
ssl_sha1,0141dfae0d4426123aa2fbdd759162fa82d0f8e1,sslbl,PureLogsStealer C&C,"sslbl,2026-08-04",2026-08-05 12:42:46,2026-09-24 04:31:50,88
ssl_sha1,2b7ffb92a05fe5f22a0f26d9c76a3155f04fdd45,sslbl,PureLogsStealer C&C,"sslbl,2026-08-04",2026-08-05 12:42:46,2026-09-24 04:31:50,88
ssl_sha1,361864879b9712b391b7d1af733e24168f67c419,sslbl,Malware C&C,"sslbl,2026-08-04",2026-08-05 12:42:46,2026-09-24 04:31:50,88
ssl_sha1,52b3c657964c5ac626f54446cbfb75165d215d65,sslbl,PureLogsStealer C&C,"sslbl,2026-08-04",2026-08-04 07:49:13,2026-09-24 04:31:50,88
ssl_sha1,a1146ac98390794517ff821a3377458555100eb3,sslbl,PureLogsStealer C&C,"sslbl,2026-08-04",2026-08-05 12:42:46,2026-09-24 04:31:50,88
ssl_sha1,b8b347f5d18be90876c3d3a5458b6e60598246bd,sslbl,PureLogsStealer C&C,"sslbl,2026-08-04",2026-08-05 12:42:46,2026-09-24 04:31:50,88
ssl_sha1,d7c3d38e27ab758c908f81b72a6fea1cd1af7369,sslbl,PureLogsStealer C&C,"sslbl,2026-08-04",2026-08-04 07:49:13,2026-09-24 04:31:50,88
ssl_sha1,db767b560efd2f6811b4c4adf2b0fdaee18fdad5,sslbl,PureLogsStealer C&C,"sslbl,2026-08-04",2026-08-05 12:42:46,2026-09-24 04:31:50,88
ssl_sha1,ef771150284da548676c603f5a4e1cd2763fd27f,sslbl,PureLogsStealer C&C,"sslbl,2026-08-04",2026-08-04 07:49:13,2026-09-24 04:31:50,88
url,http://102.182.212.12:52243/i,urlhaus,malware_download,,2026-09-24 04:00:09,2026-09-24 04:31:50,85
url,http://103.157.210.26:57474/i,urlhaus,malware_download,Mozi,2026-09-24 04:00:09,2026-09-24 04:31:50,85
url,http://112.198.130.112:55872/i,urlhaus,malware_download,mirai,2026-09-24 04:00:09,2026-09-24 04:31:50,85
url,http://112.230.155.183:59130/bin.sh,urlhaus,malware_download,,2026-09-24 04:00:09,2026-09-24 04:31:50,85
url,http://114.228.123.115:51491/i,urlhaus,malware_download,mirai,2026-09-24 04:00:09,2026-09-24 04:31:50,85
url,http://115.54.145.93:54885/bin.sh,urlhaus,malware_download,Mozi,2026-09-24 04:00:09,2026-09-24 04:31:50,85
url,http://115.54.145.93:54885/i,urlhaus,malware_download,Mozi,2026-09-24 04:00:09,2026-09-24 04:31:50,85
url,http://115.54.158.84:44731/bin.sh,urlhaus,malware_download,Mozi,2026-09-24 04:00:09,2026-09-24 04:31:50,85
url,http://115.54.158.84:44731/i,urlhaus,malware_download,Mozi,2026-09-24 04:00:09,2026-09-24 04:31:50,85
url,http://115.55.37.173:33590/bin.sh,urlhaus,malware_download,Mozi,2026-09-24 04:00:09,2026-09-24 04:31:50,85
url,http://115.55.37.173:33590/i,urlhaus,malware_download,Mozi,2026-09-24 04:00:09,2026-09-24 04:31:50,85
url,http://115.56.11.227:55989/bin.sh,urlhaus,malware_download,Mozi,2026-09-24 04:00:09,2026-09-24 04:31:50,85
url,http://115.56.11.227:55989/i,urlhaus,malware_download,Mozi,2026-09-24 04:00:09,2026-09-24 04:31:50,85
url,http://116.10.133.138:48435/i,urlhaus,malware_download,mirai,2026-09-24 04:00:09,2026-09-24 04:31:50,85
url,http://117.223.143.128:36154/bin.sh,urlhaus,malware_download,Mozi,2026-09-24 04:00:09,2026-09-24 04:31:50,85
url,http://117.223.143.128:36154/i,urlhaus,malware_download,Mozi,2026-09-24 04:00:09,2026-09-24 04:31:50,85
url,http://119.115.182.135:56383/bin.sh,urlhaus,malware_download,,2026-09-24 04:00:09,2026-09-24 04:31:50,85
url,http://119.115.182.135:56383/i,urlhaus,malware_download,,2026-09-24 04:00:09,2026-09-24 04:31:50,85
url,http://119.117.132.30:41461/bin.sh,urlhaus,malware_download,,2026-09-24 04:00:09,2026-09-24 04:31:50,85
url,http://119.117.132.30:41461/i,urlhaus,malware_download,,2026-09-24 04:00:09,2026-09-24 04:31:50,85
url,http://120.28.214.81:47681/bin.sh,urlhaus,malware_download,mirai,2026-09-24 04:00:09,2026-09-24 04:31:50,85
url,http://120.28.214.81:47681/i,urlhaus,malware_download,mirai,2026-09-24 04:00:09,2026-09-24 04:31:50,85
url,http://120.28.215.136:51460/bin.sh,urlhaus,malware_download,mirai,2026-09-24 04:00:09,2026-09-24 04:31:50,85
url,http://120.28.215.136:51460/i,urlhaus,malware_download,mirai,2026-09-24 04:00:09,2026-09-24 04:31:50,85
url,http://120.28.222.39:43231/bin.sh,urlhaus,malware_download,mirai,2026-09-24 04:00:09,2026-09-24 04:31:50,85
url,http://121.202.213.247:42797/bin.sh,urlhaus,malware_download,,2026-09-24 04:00:09,2026-09-24 04:31:50,85
url,http://122.175.34.10:35467/i,urlhaus,malware_download,mirai,2026-09-24 04:00:09,2026-09-24 04:31:50,85
url,http://123.133.246.35:36617/i,urlhaus,malware_download,mirai,2026-09-24 04:00:09,2026-09-24 04:31:50,85
url,http://123.190.224.2:46623/i,urlhaus,malware_download,,2026-09-24 04:00:09,2026-09-24 04:31:50,85
url,http://123.5.152.210:33629/bin.sh,urlhaus,malware_download,Mozi,2026-09-24 04:00:09,2026-09-24 04:31:50,85
url,http://123.9.68.65:55624/i,urlhaus,malware_download,Mozi,2026-09-24 04:00:09,2026-09-24 04:31:50,85
url,http://125.40.86.108:50506/bin.sh,urlhaus,malware_download,Mozi,2026-09-24 04:00:09,2026-09-24 04:31:50,85
url,http://125.40.86.108:50506/i,urlhaus,malware_download,Mozi,2026-09-24 04:00:09,2026-09-24 04:31:50,85
url,http://125.47.23.202:55548/bin.sh,urlhaus,malware_download,,2026-09-24 04:00:09,2026-09-24 04:31:50,85
url,http://175.107.16.92:33963/i,urlhaus,malware_download,Mozi,2026-09-24 04:00:09,2026-09-24 04:31:50,85
url,http://175.146.243.119:38059/bin.sh,urlhaus,malware_download,,2026-09-24 04:00:09,2026-09-24 04:31:50,85
url,http://175.146.5.76:47521/bin.sh,urlhaus,malware_download,,2026-09-24 04:00:09,2026-09-24 04:31:50,85
url,http://175.165.82.46:57745/bin.sh,urlhaus,malware_download,,2026-09-24 04:00:09,2026-09-24 04:31:50,85
url,http://175.165.82.46:57745/i,urlhaus,malware_download,,2026-09-24 04:00:09,2026-09-24 04:31:50,85
url,http://175.165.86.61:53953/i,urlhaus,malware_download,,2026-09-24 04:00:09,2026-09-24 04:31:50,85
url,http://175.173.86.162:56232/i,urlhaus,malware_download,,2026-09-24 04:00:09,2026-09-24 04:31:50,85
url,http://180.116.96.34:54146/i,urlhaus,malware_download,mirai,2026-09-24 04:00:09,2026-09-24 04:31:50,85
url,http://182.113.35.67:44974/bin.sh,urlhaus,malware_download,Mozi,2026-09-24 04:00:09,2026-09-24 04:31:50,85
url,http://182.113.35.67:44974/i,urlhaus,malware_download,Mozi,2026-09-24 04:00:09,2026-09-24 04:31:50,85
url,http://182.113.37.110:60859/bin.sh,urlhaus,malware_download,Mozi,2026-09-24 04:00:09,2026-09-24 04:31:50,85
url,http://182.113.40.6:36317/i,urlhaus,malware_download,Mozi,2026-09-24 04:00:09,2026-09-24 04:31:50,85
url,http://182.116.115.198:41907/bin.sh,urlhaus,malware_download,,2026-09-24 04:00:09,2026-09-24 04:31:50,85
url,http://182.116.115.198:41907/i,urlhaus,malware_download,,2026-09-24 04:00:09,2026-09-24 04:31:50,85
url,http://182.116.84.186:34407/i,urlhaus,malware_download,Mozi,2026-09-24 04:00:09,2026-09-24 04:31:50,85
url,http://182.117.40.65:56284/bin.sh,urlhaus,malware_download,"32-bit,elf,mips,Mozi",2026-09-24 04:00:09,2026-09-24 04:31:50,85
url,http://182.120.148.13:49700/i,urlhaus,malware_download,,2026-09-24 04:00:09,2026-09-24 04:31:50,85
url,http://182.122.54.46:45263/i,urlhaus,malware_download,mirai,2026-09-24 04:00:09,2026-09-24 04:31:50,85
url,http://182.123.211.154:42555/i,urlhaus,malware_download,"32-bit,elf,mips,Mozi",2026-09-24 04:00:09,2026-09-24 04:31:50,85
url,http://182.126.112.241:36847/i,urlhaus,malware_download,Mozi,2026-09-24 04:00:09,2026-09-24 04:31:50,85
url,http://193.148.56.160,threatfox,Stealc,"threatfox,stealc",2026-09-24 04:06:10,2026-09-24 04:31:50,85
url,http://196.189.46.69:47093/bin.sh,urlhaus,malware_download,"32-bit,arm,elf,mirai,Mozi",2026-09-24 04:00:09,2026-09-24 04:31:50,85
url,http://196.189.98.77:60043/i,urlhaus,malware_download,mirai,2026-09-24 04:00:09,2026-09-24 04:31:50,85
url,http://196.190.10.252:40024/i,urlhaus,malware_download,"32-bit,arm,elf,mirai,Mozi",2026-09-24 04:00:09,2026-09-24 04:31:50,85
url,http://196.190.105.170:58682/i,urlhaus,malware_download,mirai,2026-09-24 04:00:09,2026-09-24 04:31:50,85
url,http://196.217.112.249:48331/i,urlhaus,malware_download,Mozi,2026-09-24 04:00:09,2026-09-24 04:31:50,85
url,http://217.60.195.161/m68k,urlhaus,malware_download,"elf,ua-wget",2026-09-24 04:00:09,2026-09-24 04:31:50,85
url,http://217.60.195.161/x86_64,urlhaus,malware_download,"elf,ua-wget",2026-09-24 04:00:09,2026-09-24 04:31:50,85
url,http://218.59.14.244:48083/i,urlhaus,malware_download,mirai,2026-09-24 04:00:09,2026-09-24 04:31:50,85
url,http://218.74.35.98:56008/i,urlhaus,malware_download,mirai,2026-09-24 04:00:09,2026-09-24 04:31:50,85
url,http://219.155.231.16:41703/i,urlhaus,malware_download,Mozi,2026-09-24 04:00:09,2026-09-24 04:31:50,85
url,http://219.157.188.171:39761/bin.sh,urlhaus,malware_download,Mozi,2026-09-24 04:00:09,2026-09-24 04:31:50,85
url,http://222.134.174.13:46633/bin.sh,urlhaus,malware_download,Mozi,2026-09-24 04:00:09,2026-09-24 04:31:50,85
url,http://222.140.184.254:56574/bin.sh,urlhaus,malware_download,Mozi,2026-09-24 04:00:09,2026-09-24 04:31:50,85
url,http://222.140.184.254:56574/i,urlhaus,malware_download,Mozi,2026-09-24 04:00:09,2026-09-24 04:31:50,85
url,http://222.140.185.241:48416/i,urlhaus,malware_download,"32-bit,elf,mips,Mozi",2026-09-24 04:00:09,2026-09-24 04:31:50,85
url,http://27.215.141.140:36964/bin.sh,urlhaus,malware_download,Mozi,2026-09-24 04:00:09,2026-09-24 04:31:50,85
url,http://27.215.209.3:48524/bin.sh,urlhaus,malware_download,Mozi,2026-09-24 04:00:09,2026-09-24 04:31:50,85
url,http://27.215.209.3:48524/i,urlhaus,malware_download,Mozi,2026-09-24 04:00:09,2026-09-24 04:31:50,85
url,http://27.23.64.85:54544/bin.sh,urlhaus,malware_download,mirai,2026-09-24 04:00:09,2026-09-24 04:31:50,85
url,http://27.37.224.114:33664/i,urlhaus,malware_download,,2026-09-24 04:00:09,2026-09-24 04:31:50,85
url,http://39.75.161.67:49209/bin.sh,urlhaus,malware_download,"32-bit,arm,elf,mirai,Mozi",2026-09-24 04:00:09,2026-09-24 04:31:50,85
url,http://41.63.163.119:35998/i,urlhaus,malware_download,,2026-09-24 04:00:09,2026-09-24 04:31:50,85
url,http://42.224.123.185:41746/bin.sh,urlhaus,malware_download,Mozi,2026-09-24 04:00:09,2026-09-24 04:31:50,85
url,http://42.228.101.127:50284/bin.sh,urlhaus,malware_download,Mozi,2026-09-24 04:00:09,2026-09-24 04:31:50,85
url,http://42.230.46.104:35965/bin.sh,urlhaus,malware_download,Mozi,2026-09-24 04:00:09,2026-09-24 04:31:50,85
url,http://42.232.224.224:46084/bin.sh,urlhaus,malware_download,Mozi,2026-09-24 04:00:09,2026-09-24 04:31:50,85
url,http://42.232.224.224:46084/i,urlhaus,malware_download,Mozi,2026-09-24 04:00:09,2026-09-24 04:31:50,85
url,http://42.235.78.20:55746/i,urlhaus,malware_download,Mozi,2026-09-24 04:00:09,2026-09-24 04:31:50,85
url,http://42.237.52.30:49186/i,urlhaus,malware_download,Mozi,2026-09-24 04:00:09,2026-09-24 04:31:50,85
url,http://42.238.169.2:41696/i,urlhaus,malware_download,,2026-09-24 04:00:09,2026-09-24 04:31:50,85
url,http://42.54.67.120:36921/i,urlhaus,malware_download,,2026-09-24 04:00:09,2026-09-24 04:31:50,85
url,http://42.58.187.167:37885/i,urlhaus,malware_download,,2026-09-24 04:00:09,2026-09-24 04:31:50,85
url,http://42.6.74.84:58006/bin.sh,urlhaus,malware_download,"32-bit,elf,mips,Mozi",2026-09-24 04:00:09,2026-09-24 04:31:50,85
url,http://42.6.74.84:58006/i,urlhaus,malware_download,"32-bit,elf,mips,Mozi",2026-09-24 04:00:09,2026-09-24 04:31:50,85
url,http://45.224.83.130:54008/i,urlhaus,malware_download,mirai,2026-09-24 04:00:09,2026-09-24 04:31:50,85
url,http://46.158.71.165:50492/i,urlhaus,malware_download,mirai,2026-09-24 04:00:09,2026-09-24 04:31:50,85
url,http://59.180.152.198:45403/i,urlhaus,malware_download,Mozi,2026-09-24 04:00:09,2026-09-24 04:31:50,85
url,http://59.180.155.133:55956/i,urlhaus,malware_download,"32-bit,elf,mips,Mozi",2026-09-24 04:00:09,2026-09-24 04:31:50,85
url,http://59.96.137.154:35181/bin.sh,urlhaus,malware_download,Mozi,2026-09-24 04:00:09,2026-09-24 04:31:50,85
url,http://60.24.121.218:58872/i,urlhaus,malware_download,mirai,2026-09-24 04:00:09,2026-09-24 04:31:50,85
url,http://61.52.104.104:33746/i,urlhaus,malware_download,Mozi,2026-09-24 04:00:09,2026-09-24 04:31:50,85
url,http://78.153.29.33:56377/i,urlhaus,malware_download,,2026-09-24 04:00:09,2026-09-24 04:31:50,85
url,http://85.15.114.111:41807/bin.sh,urlhaus,malware_download,"32-bit,elf,mips,Mozi",2026-09-24 04:00:09,2026-09-24 04:31:50,85
url,http://85.15.114.111:41807/i,urlhaus,malware_download,,2026-09-24 04:00:09,2026-09-24 04:31:50,85
url,http://85.95.191.148:46429/bin.sh,urlhaus,malware_download,Mozi,2026-09-24 04:00:09,2026-09-24 04:31:50,85
url,http://92.243.113.232:63714/bin.sh,urlhaus,malware_download,,2026-09-24 04:00:09,2026-09-24 04:31:50,85
url,http://fgashub.shop:9932/articles,threatfox,Remus,"threatfox,remus",2026-09-24 04:06:10,2026-09-24 04:31:50,85
url,http://foxacus.click:8531/tasks,threatfox,Remus,"threatfox,remus",2026-09-24 04:06:10,2026-09-24 04:31:50,85
url,http://homecor.click:6527/teams,threatfox,Remus,"threatfox,remus",2026-09-24 04:06:10,2026-09-24 04:31:50,85
url,http://jxewele.shop:4262/collections,threatfox,Remus,"threatfox,remus",2026-09-24 04:06:10,2026-09-24 04:31:50,85
url,http://jxewele.shop:4262/tags,threatfox,Remus,"threatfox,remus",2026-09-24 04:06:10,2026-09-24 04:31:50,85
url,http://jxewele.shop:4262/videos,threatfox,Remus,"threatfox,remus",2026-09-24 04:06:10,2026-09-24 04:31:50,85
url,http://mustore.click:7892/sessions,threatfox,Remus,"threatfox,remus",2026-09-24 04:06:10,2026-09-24 04:31:50,85
url,http://obutdor.shop:5003/accounts,threatfox,Remus,"threatfox,remus",2026-09-24 04:06:10,2026-09-24 04:31:50,85
url,http://obutdor.shop:5003/exports,threatfox,Remus,"threatfox,remus",2026-09-24 04:06:10,2026-09-24 04:31:50,85
url,http://obutdor.shop:5003/reports,threatfox,Remus,"threatfox,remus",2026-09-24 04:06:10,2026-09-24 04:31:50,85
url,http://petcarv.click:8239/categories,threatfox,Remus,"threatfox,remus",2026-09-24 04:06:10,2026-09-24 04:31:50,85
url,http://petcarv.click:8239/exports,threatfox,Remus,"threatfox,remus",2026-09-24 04:06:10,2026-09-24 04:31:50,85
url,http://petcarv.click:8239/imports,threatfox,Remus,"threatfox,remus",2026-09-24 04:06:10,2026-09-24 04:31:50,85
url,http://phetsre.shop:3452/products,threatfox,Remus,"threatfox,remus",2026-09-24 04:06:10,2026-09-24 04:31:50,85
url,http://spiohop.shop:9932/images,threatfox,Remus,"threatfox,remus",2026-09-24 04:06:10,2026-09-24 04:31:50,85
url,http://toytore.click:5621/workspaces,threatfox,Remus,"threatfox,remus",2026-09-24 04:06:10,2026-09-24 04:31:50,85
url,http://trsries.click:7289/subscriptions,threatfox,Remus,"threatfox,remus",2026-09-24 04:06:10,2026-09-24 04:31:50,85
url,http://vgfeden.shop:7728/customers,threatfox,Remus,"threatfox,remus",2026-09-24 04:06:10,2026-09-24 04:31:50,85
url,http://vgfeden.shop:7728/files,threatfox,Remus,"threatfox,remus",2026-09-24 04:06:10,2026-09-24 04:31:50,85
url,http://vgfeden.shop:7728/profiles,threatfox,Remus,"threatfox,remus",2026-09-24 04:06:10,2026-09-24 04:31:50,85
url,http://vgfeden.shop:7728/reviews,threatfox,Remus,"threatfox,remus",2026-09-24 04:06:10,2026-09-24 04:31:50,85
url,http://vgfeden.shop:7728/sessions,threatfox,Remus,"threatfox,remus",2026-09-24 04:06:10,2026-09-24 04:31:50,85
url,http://vgfeden.shop:7728/tasks,threatfox,Remus,"threatfox,remus",2026-09-24 04:06:10,2026-09-24 04:31:50,85
url,https://65.109.8.10,threatfox,Vidar,"threatfox,vidar",2026-09-24 04:06:10,2026-09-24 04:31:50,85
url,https://chrismikasport.com/,threatfox,Unknown malware,"threatfox,ClickFix",2026-09-24 04:06:10,2026-09-24 04:31:50,85
url,https://collectlabsworks.com,threatfox,Unknown malware,"threatfox,ClickFix,Etherhide",2026-09-24 04:06:10,2026-09-24 04:31:50,85
url,https://collectlabsworks.com/first_allow_host,threatfox,Unknown malware,"threatfox,ClickFix,Etherhide",2026-09-24 04:06:10,2026-09-24 04:31:50,85
url,https://collectlabsworks.com/get_verify,threatfox,Unknown malware,"threatfox,ClickFix,Etherhide",2026-09-24 04:06:10,2026-09-24 04:31:50,85
url,https://collectlabsworks.com/js/all.min.js,threatfox,Unknown malware,"threatfox,ClickFix,Etherhide",2026-09-24 04:06:10,2026-09-24 04:31:50,85
url,https://foltambiental.eco.br/,threatfox,Unknown malware,"threatfox,ClickFix",2026-09-24 04:06:10,2026-09-24 04:31:50,85
url,https://gerrardgreek.com/,threatfox,Unknown malware,"threatfox,ClickFix",2026-09-24 04:06:10,2026-09-24 04:31:50,85
url,https://gffworks.com/,threatfox,Unknown malware,"threatfox,ClickFix",2026-09-24 04:06:10,2026-09-24 04:31:50,85
url,https://gislina.is/,threatfox,Unknown malware,"threatfox,ClickFix",2026-09-24 04:06:10,2026-09-24 04:31:50,85
url,https://gopbacademy.com/,threatfox,Unknown malware,"threatfox,ClickFix",2026-09-24 04:06:10,2026-09-24 04:31:50,85
url,https://gray-mccoy.com/,threatfox,Unknown malware,"threatfox,ClickFix",2026-09-24 04:06:10,2026-09-24 04:31:50,85
url,https://greencloudsimpex.com/,threatfox,Unknown malware,"threatfox,ClickFix",2026-09-24 04:06:10,2026-09-24 04:31:50,85
url,https://grishiv.com/,threatfox,Unknown malware,"threatfox,ClickFix",2026-09-24 04:06:10,2026-09-24 04:31:50,85
url,https://groupeglobalenergy.com/,threatfox,Unknown malware,"threatfox,ClickFix",2026-09-24 04:06:10,2026-09-24 04:31:50,85
url,https://grupotrevisan.com.br/,threatfox,Unknown malware,"threatfox,ClickFix",2026-09-24 04:06:10,2026-09-24 04:31:50,85
url,https://h2onero.com/,threatfox,Unknown malware,"threatfox,ClickFix",2026-09-24 04:06:10,2026-09-24 04:31:50,85
url,https://haarsalon-tonina.de/,threatfox,Unknown malware,"threatfox,ClickFix",2026-09-24 04:06:10,2026-09-24 04:31:50,85
url,https://haberinolsunaydin.com/,threatfox,Unknown malware,"threatfox,ClickFix",2026-09-24 04:06:10,2026-09-24 04:31:50,85
url,https://harrabycommunitycentre.co.uk/,threatfox,Unknown malware,"threatfox,ClickFix",2026-09-24 04:06:10,2026-09-24 04:31:50,85
url,https://healthybee.top/,threatfox,Unknown malware,"threatfox,ClickFix",2026-09-24 04:06:10,2026-09-24 04:31:50,85
url,https://heatingsolutionsni.com/,threatfox,Unknown malware,"threatfox,ClickFix",2026-09-24 04:06:10,2026-09-24 04:31:50,85
url,https://helixperfect.com/,threatfox,Unknown malware,"threatfox,ClickFix",2026-09-24 04:06:10,2026-09-24 04:31:50,85
url,https://hibccpakistan.org/,threatfox,Unknown malware,"threatfox,ClickFix",2026-09-24 04:06:10,2026-09-24 04:31:50,85
url,https://hno-silberhorn.de/,threatfox,Unknown malware,"threatfox,ClickFix",2026-09-24 04:06:10,2026-09-24 04:31:50,85
url,https://home-fix-solutions.space/,threatfox,Unknown malware,"threatfox,ClickFix",2026-09-24 04:06:10,2026-09-24 04:31:50,85
url,https://homeza-fix.website/,threatfox,Unknown malware,"threatfox,ClickFix",2026-09-24 04:06:10,2026-09-24 04:31:50,85
url,https://hotelvalaska.cz/,threatfox,Unknown malware,"threatfox,ClickFix",2026-09-24 04:06:10,2026-09-24 04:31:50,85
url,https://huub-stapel.nl/,threatfox,Unknown malware,"threatfox,ClickFix",2026-09-24 04:06:10,2026-09-24 04:31:50,85
url,https://hydraworks.co/,threatfox,Unknown malware,"threatfox,ClickFix",2026-09-24 04:06:10,2026-09-24 04:31:50,85
url,https://iceido.com/,threatfox,Unknown malware,"threatfox,ClickFix",2026-09-24 04:06:10,2026-09-24 04:31:50,85
url,https://icercasa.es/,threatfox,Unknown malware,"threatfox,ClickFix",2026-09-24 04:06:10,2026-09-24 04:31:50,85
url,https://immobiliareimpicciatore.it/,threatfox,Unknown malware,"threatfox,ClickFix",2026-09-24 04:06:10,2026-09-24 04:31:50,85
url,https://impactchurchgso.com/,threatfox,Unknown malware,"threatfox,ClickFix",2026-09-24 04:06:10,2026-09-24 04:31:50,85
url,https://indodrama.my.id/,threatfox,Unknown malware,"threatfox,ClickFix",2026-09-24 04:06:10,2026-09-24 04:31:50,85
url,https://industrialwonders.com/,threatfox,Unknown malware,"threatfox,ClickFix",2026-09-24 04:06:10,2026-09-24 04:31:50,85
url,https://intelligenes.com/,threatfox,Unknown malware,"threatfox,ClickFix",2026-09-24 04:06:10,2026-09-24 04:31:50,85
url,https://ioninsurance.com.tr/,threatfox,Unknown malware,"threatfox,ClickFix",2026-09-24 04:06:10,2026-09-24 04:31:50,85
url,https://journeylake11.com/2kqYRM0DCrnyJgoS4gVLl_FHJRRdTUhGCbjyuYwpZ6c/DANTE/update,threatfox,AMOS,"threatfox,ClearFake,ClickFix,EtherHiding",2026-09-24 04:06:10,2026-09-24 04:31:50,85
url,https://journeylake11.com/curl/fh3ddf2xv6k/hilhg0wgie4tsjo9vi.txt,threatfox,AMOS,"threatfox,ClearFake,ClickFix,EtherHiding",2026-09-24 04:06:10,2026-09-24 04:31:50,85
url,https://kl.1betasia.org/,threatfox,Vidar,"threatfox,vidar",2026-09-24 04:06:10,2026-09-24 04:31:50,85
url,https://kl.hg77.org/,threatfox,Vidar,"threatfox,vidar",2026-09-24 04:06:10,2026-09-24 04:31:50,85
url,https://korexnode.duckdns.org/api/inject,threatfox,Unknown malware,"threatfox,discord,rat,token stealer",2026-09-24 04:06:10,2026-09-24 04:31:50,85
url,https://lafriqueenbeaute.com/,threatfox,Unknown malware,"threatfox,ClickFix",2026-09-24 04:06:10,2026-09-24 04:31:50,85
url,https://legacyncc.com/,threatfox,Unknown malware,"threatfox,ClickFix",2026-09-24 04:06:10,2026-09-24 04:31:50,85
url,https://mkt4.com.br/,threatfox,Unknown malware,"threatfox,ClickFix",2026-09-24 04:06:10,2026-09-24 04:31:50,85
url,https://mosmed.su/,threatfox,Unknown malware,"threatfox,ClickFix",2026-09-24 04:06:10,2026-09-24 04:31:50,85
url,https://nahobra.com/,threatfox,Unknown malware,"threatfox,ClickFix",2026-09-24 04:06:10,2026-09-24 04:31:50,85
url,https://runtimeringnow.com,threatfox,Unknown malware,"threatfox,ClickFix,Etherhide",2026-09-24 04:06:10,2026-09-24 04:31:50,85
url,https://runtimeringnow.com/first_allow_host,threatfox,Unknown malware,"threatfox,ClickFix,Etherhide",2026-09-24 04:06:10,2026-09-24 04:31:50,85
url,https://runtimeringnow.com/get_verify,threatfox,Unknown malware,"threatfox,ClickFix,Etherhide",2026-09-24 04:06:10,2026-09-24 04:31:50,85
url,https://runtimeringnow.com/js/all.min.js,threatfox,Unknown malware,"threatfox,ClickFix,Etherhide",2026-09-24 04:06:10,2026-09-24 04:31:50,85
url,https://sd.1jp88.org/,threatfox,Vidar,"threatfox,vidar",2026-09-24 04:06:10,2026-09-24 04:31:50,85
url,https://sd.234-e.com/,threatfox,Vidar,"threatfox,vidar",2026-09-24 04:06:10,2026-09-24 04:31:50,85
url,https://sfbayxlencylimo.com/,threatfox,Unknown malware,"threatfox,ClickFix",2026-09-24 04:06:10,2026-09-24 04:31:50,85
url,https://tajmahalmartigues.com/,threatfox,Unknown malware,"threatfox,ClickFix",2026-09-24 04:06:10,2026-09-24 04:31:50,85
url,https://testingcf.jsdelivr.net/gh/e438e-1E-4/486De-dCc03Da8-C-9e7b-eAe/1-bAcEd2b4-6-3,threatfox,ClearFake,"threatfox,ClearFake",2026-09-24 04:06:10,2026-09-24 04:31:50,85
url,https://theaffinitysalon.com/,threatfox,Unknown malware,"threatfox,ClickFix",2026-09-24 04:06:10,2026-09-24 04:31:50,85
url,https://tracerwiresoft.com/first_allow_host,threatfox,Unknown malware,"threatfox,ClickFix,Etherhide",2026-09-24 04:06:10,2026-09-24 04:31:50,85
url,https://tracerwiresoft.com/get_verify,threatfox,Unknown malware,"threatfox,ClickFix,Etherhide",2026-09-24 04:06:10,2026-09-24 04:31:50,85
url,https://tracerwiresoft.com/js/all.min.js,threatfox,Unknown malware,"threatfox,ClickFix,Etherhide",2026-09-24 04:06:10,2026-09-24 04:31:50,85
url,https://triplehelixconferencebrazil.com/,threatfox,Unknown malware,"threatfox,ClickFix",2026-09-24 04:06:10,2026-09-24 04:31:50,85
url,https://us-clio.com,threatfox,Unknown malware,"threatfox,ClickFix,Etherhide",2026-09-24 04:06:10,2026-09-24 04:31:50,85
url,https://www.granfuocobraceria.it/,threatfox,Unknown malware,"threatfox,ClickFix",2026-09-24 04:06:10,2026-09-24 04:31:50,85
url,https://www.green-ard.com/,threatfox,Unknown malware,"threatfox,ClickFix",2026-09-24 04:06:10,2026-09-24 04:31:50,85
url,https://www.groeinaarverlichting.be/,threatfox,Unknown malware,"threatfox,ClickFix",2026-09-24 04:06:10,2026-09-24 04:31:50,85
url,https://www.halicenneti.com/,threatfox,Unknown malware,"threatfox,ClickFix",2026-09-24 04:06:10,2026-09-24 04:31:50,85
url,https://www.igorguidotti.it/,threatfox,Unknown malware,"threatfox,ClickFix",2026-09-24 04:06:10,2026-09-24 04:31:50,85
url,https://www.immobilien-eder.at/,threatfox,Unknown malware,"threatfox,ClickFix",2026-09-24 04:06:10,2026-09-24 04:31:50,85
url,https://www.inclean.sk/,threatfox,Unknown malware,"threatfox,ClickFix",2026-09-24 04:06:10,2026-09-24 04:31:50,85
url,https://www.integralrisk.global/,threatfox,Unknown malware,"threatfox,ClickFix",2026-09-24 04:06:10,2026-09-24 04:31:50,85
url,https://www.ironwynd.com/,threatfox,Unknown malware,"threatfox,ClickFix",2026-09-24 04:06:10,2026-09-24 04:31:50,85
url,https://www.nytenymalagasy.com/,threatfox,Unknown malware,"threatfox,ClickFix",2026-09-24 04:06:10,2026-09-24 04:31:50,85
