type,value,source,threat_type,tags,first_seen,last_seen,confidence
domain,1dpxqjxq.larize.store,threatfox,ClearFake,"threatfox,ClearFake,mac-0x0f14,macos",2026-09-14 16:06:31,2026-09-14 16:19:23,85
domain,1khihj5o.bizne.store,threatfox,ClearFake,"threatfox,ClearFake,mac-0x68dc,macos",2026-09-14 16:06:31,2026-09-14 16:19:23,85
domain,3c-solutions-finance.fr,threatfox,ClearFake,"threatfox,compromised,EtherHide",2026-09-14 16:06:31,2026-09-14 16:19:23,85
domain,789bet.wbsub.org,threatfox,Quasar RAT,"threatfox,quasar",2026-09-14 16:06:31,2026-09-14 16:19:23,85
domain,8888xx.xyz,threatfox,Remcos,"threatfox,Remcos",2026-09-14 16:06:31,2026-09-14 16:19:23,85
domain,aistf.org,threatfox,Quasar RAT,"threatfox,quasar",2026-09-14 16:06:31,2026-09-14 16:19:23,85
domain,anzo11rikasha22b.pw,threatfox,SystemBC,"threatfox,SystemBC",2026-09-14 16:06:31,2026-09-14 16:19:23,85
domain,api.8888xx.xyz,threatfox,Remcos,"threatfox,Remcos",2026-09-14 16:06:31,2026-09-14 16:19:23,85
domain,asynclient21.duckdns.org,threatfox,Remcos,"threatfox,c2,remcos",2026-09-14 16:06:31,2026-09-14 16:19:23,85
domain,backdoor.8888xx.xyz,threatfox,Remcos,"threatfox,Remcos",2026-09-14 16:06:31,2026-09-14 16:19:23,85
domain,booktook.sa.com,threatfox,Quasar RAT,"threatfox,quasar",2026-09-14 16:06:31,2026-09-14 16:19:23,85
domain,bostonplone.org,threatfox,Quasar RAT,"threatfox,quasar",2026-09-14 16:06:31,2026-09-14 16:19:23,85
domain,brucebaner2031.duckdns.org,threatfox,Remcos,"threatfox,c2,remcos",2026-09-14 16:06:31,2026-09-14 16:19:23,85
domain,c168.design,threatfox,Remcos,"threatfox,Remcos",2026-09-14 16:06:31,2026-09-14 16:19:23,85
domain,c2.8888xx.xyz,threatfox,Remcos,"threatfox,Remcos",2026-09-14 16:06:31,2026-09-14 16:19:23,85
domain,chanbomaydi.devs.surf,threatfox,Mirai,"threatfox,c2,mirai",2026-09-14 16:06:31,2026-09-14 16:19:23,85
domain,coid-60336.portmap.host,threatfox,Quasar RAT,"threatfox,quasar",2026-09-14 16:06:31,2026-09-14 16:19:23,85
domain,copiose.org,threatfox,IClickFix,"threatfox,ClickFix",2026-09-14 16:06:31,2026-09-14 16:19:23,85
domain,csfail.org,threatfox,Quasar RAT,"threatfox,quasar",2026-09-14 16:06:31,2026-09-14 16:19:23,85
domain,dadc.noip.at,threatfox,Remcos,"threatfox,c2,remcos",2026-09-14 16:06:31,2026-09-14 16:19:23,85
domain,dianaamore.ch,threatfox,ClearFake,"threatfox,compromised,EtherHide",2026-09-14 16:06:31,2026-09-14 16:19:23,85
domain,e88-ee88.com,threatfox,Remcos,"threatfox,Remcos",2026-09-14 16:06:31,2026-09-14 16:19:23,85
domain,eaprxz3ugi.workers.dev,threatfox,php.shin_webshell,"threatfox,Cloudflare,GIF,PHP,webshell,WordPress,workers.dev,wp-admin",2026-09-14 16:06:31,2026-09-14 16:19:23,85
domain,emperor8.mytunnel.org,threatfox,Remcos,"threatfox,c2,remcos",2026-09-14 16:06:31,2026-09-14 16:19:23,85
domain,employeenotifierdevice-cha9g0g9g4hebmea.z02.azurefd.net,threatfox,Cobalt Strike,"threatfox,c2,cobaltstrike",2026-09-14 16:06:31,2026-09-14 16:19:23,85
domain,enf.com.mx,threatfox,Nanocore RAT,"threatfox,c2,nanocore",2026-09-14 16:06:31,2026-09-14 16:19:23,85
domain,fabricplume8.com,threatfox,IClickFix,"threatfox,ClickFix",2026-09-14 16:06:31,2026-09-14 16:19:23,85
domain,faresahmedkuwait-52119.portmap.host,threatfox,XWorm,"threatfox,c2,xworm",2026-09-14 16:06:31,2026-09-14 16:19:23,85
domain,fl.177betwin.org,threatfox,Vidar,"threatfox,vidar",2026-09-14 16:06:31,2026-09-14 16:19:23,85
domain,fl.qq1x.org,threatfox,Vidar,"threatfox,vidar",2026-09-14 16:06:31,2026-09-14 16:19:23,85
domain,fouad-94.myq-see.com,threatfox,NjRAT,"threatfox,c2,njrat",2026-09-14 16:06:31,2026-09-14 16:19:23,85
domain,ftp.phimsexxxx.net,threatfox,AsyncRAT,"threatfox,asyncrat,c2",2026-09-14 16:06:31,2026-09-14 16:19:23,85
domain,fv3y26cp.bfun.store,threatfox,ClearFake,"threatfox,ClearFake,mac-0x68dc,macos",2026-09-14 16:06:31,2026-09-14 16:19:23,85
domain,ga888.bingo,threatfox,Quasar RAT,"threatfox,quasar",2026-09-14 16:06:31,2026-09-14 16:19:23,85
domain,gdgregergedrge.ddns.net,threatfox,XWorm,"threatfox,c2,xworm",2026-09-14 16:06:31,2026-09-14 16:19:23,85
domain,gingeronsol.co,threatfox,Remcos,"threatfox,Remcos",2026-09-14 16:06:31,2026-09-14 16:19:23,85
domain,googlecloud.exfrp.zip,threatfox,XWorm,"threatfox,c2,xworm",2026-09-14 16:06:31,2026-09-14 16:19:23,85
domain,gro.runtimeforge.cc,threatfox,RedLine Stealer,"threatfox,RedLineStealer",2026-09-14 16:06:31,2026-09-14 16:19:23,85
domain,hixavec547-37489.portmap.host,threatfox,XWorm,"threatfox,c2,xworm",2026-09-14 16:06:31,2026-09-14 16:19:23,85
domain,houmakoskg.com,threatfox,Remcos,"threatfox,c2,remcos",2026-09-14 16:06:31,2026-09-14 16:19:23,85
domain,hurtom.top,threatfox,Remcos,"threatfox,c2,remcos",2026-09-14 16:06:31,2026-09-14 16:19:23,85
domain,j88.ro,threatfox,Quasar RAT,"threatfox,quasar",2026-09-14 16:06:31,2026-09-14 16:19:23,85
domain,j88bm.com,threatfox,Quasar RAT,"threatfox,quasar",2026-09-14 16:06:31,2026-09-14 16:19:23,85
domain,j88vip2.dev,threatfox,Quasar RAT,"threatfox,quasar",2026-09-14 16:06:31,2026-09-14 16:19:23,85
domain,ja00.duckdns.org,threatfox,Remcos,"threatfox,c2,remcos",2026-09-14 16:06:31,2026-09-14 16:19:23,85
domain,jalegesu.workers.dev,threatfox,php.shin_webshell,"threatfox,Cloudflare,GIF,PHP,webshell,WordPress,workers.dev,wp-admin",2026-09-14 16:06:31,2026-09-14 16:19:23,85
domain,jasmrjbynyk3jp-50520.portmap.host,threatfox,XWorm,"threatfox,c2,xworm",2026-09-14 16:06:31,2026-09-14 16:19:23,85
domain,joaoszr3.ddns.net,threatfox,NjRAT,"threatfox,c2,njrat",2026-09-14 16:06:31,2026-09-14 16:19:23,85
domain,kall4234ribk3assa.pw,threatfox,SystemBC,"threatfox,SystemBC",2026-09-14 16:06:31,2026-09-14 16:19:23,85
domain,labestiadelport-44237.portmap.host,threatfox,XWorm,"threatfox,XWorm",2026-09-14 16:06:31,2026-09-14 16:19:23,85
domain,larize.store,threatfox,ClearFake,"threatfox,14September2026,ClearFake,Commandline,MacOS",2026-09-14 16:06:31,2026-09-14 16:19:23,85
domain,legraridiculous.workers.dev,threatfox,php.shin_webshell,"threatfox,Cloudflare,GIF,PHP,webshell,WordPress,workers.dev,wp-admin",2026-09-14 16:06:31,2026-09-14 16:19:23,85
domain,login.uu88.fashion,threatfox,Nanocore RAT,"threatfox,c2,nanocore",2026-09-14 16:06:31,2026-09-14 16:19:23,85
domain,malware.goldieslot.co,threatfox,Quasar RAT,"threatfox,quasar",2026-09-14 16:06:31,2026-09-14 16:19:23,85
domain,malware.j88bm.com,threatfox,Quasar RAT,"threatfox,quasar",2026-09-14 16:06:31,2026-09-14 16:19:23,85
domain,malware.j88vip2.dev,threatfox,Quasar RAT,"threatfox,quasar",2026-09-14 16:06:31,2026-09-14 16:19:23,85
domain,malware.linksexvn.com,threatfox,AsyncRAT,"threatfox,asyncrat,c2",2026-09-14 16:06:31,2026-09-14 16:19:23,85
domain,malware.phimsexxxx.net,threatfox,AsyncRAT,"threatfox,asyncrat,c2",2026-09-14 16:06:31,2026-09-14 16:19:23,85
domain,malware.phimsexz.pro,threatfox,AsyncRAT,"threatfox,asyncrat,c2",2026-09-14 16:06:31,2026-09-14 16:19:23,85
domain,malware.sj88.quest,threatfox,Quasar RAT,"threatfox,quasar",2026-09-14 16:06:31,2026-09-14 16:19:23,85
domain,malware.xemphim3x.tv,threatfox,AsyncRAT,"threatfox,asyncrat,c2",2026-09-14 16:06:31,2026-09-14 16:19:23,85
domain,mb6688.vip,threatfox,Quasar RAT,"threatfox,quasar",2026-09-14 16:06:31,2026-09-14 16:19:23,85
domain,mb66b.pro,threatfox,Quasar RAT,"threatfox,quasar",2026-09-14 16:06:31,2026-09-14 16:19:23,85
domain,melanieroytherapy.stagetime.ca,threatfox,ClearFake,"threatfox,compromised,EtherHide",2026-09-14 16:06:31,2026-09-14 16:19:23,85
domain,mm.tgoodluck.xyz,threatfox,Ghost RAT,"threatfox,GHOST",2026-09-14 16:06:31,2026-09-14 16:19:23,85
domain,moth.betweenthebunz.co,threatfox,IClickFix,"threatfox,ClickFix",2026-09-14 16:06:31,2026-09-14 16:19:23,85
domain,mrt18wh0m9.workers.dev,threatfox,php.shin_webshell,"threatfox,Cloudflare,GIF,PHP,webshell,WordPress,workers.dev,wp-admin",2026-09-14 16:06:31,2026-09-14 16:19:23,85
domain,ok8386.mba,threatfox,Quasar RAT,"threatfox,quasar",2026-09-14 16:06:31,2026-09-14 16:19:23,85
domain,ok8386app.net,threatfox,Quasar RAT,"threatfox,quasar",2026-09-14 16:06:31,2026-09-14 16:19:23,85
domain,or3k-51808.portmap.host,threatfox,XWorm,"threatfox,XWorm",2026-09-14 16:06:31,2026-09-14 16:19:23,85
domain,paladin5.com,threatfox,SystemBC,"threatfox,SystemBC",2026-09-14 16:06:31,2026-09-14 16:19:23,85
domain,pctechservices.myftp.biz,threatfox,Nanocore RAT,"threatfox,c2,nanocore",2026-09-14 16:06:31,2026-09-14 16:19:23,85
domain,player.gamesstatusfun.com,threatfox,Unknown RAT,"threatfox,c2,meshagent",2026-09-14 16:06:31,2026-09-14 16:19:23,85
domain,pontosido.info,threatfox,Quasar RAT,"threatfox,quasar",2026-09-14 16:06:31,2026-09-14 16:19:23,85
domain,porrt.ddns.net,threatfox,XWorm,"threatfox,c2,xworm",2026-09-14 16:06:31,2026-09-14 16:19:23,85
domain,qstresser.work,threatfox,Mirai,"threatfox,c2,mirai",2026-09-14 16:06:31,2026-09-14 16:19:23,85
domain,rem2026.duckdns.org,threatfox,Remcos,"threatfox,c2,remcos",2026-09-14 16:06:31,2026-09-14 16:19:23,85
domain,s8-games.ink,threatfox,Remcos,"threatfox,Remcos",2026-09-14 16:06:31,2026-09-14 16:19:23,85
domain,s8-s8.com,threatfox,Remcos,"threatfox,Remcos",2026-09-14 16:06:31,2026-09-14 16:19:23,85
domain,s8.business,threatfox,Remcos,"threatfox,Remcos",2026-09-14 16:06:31,2026-09-14 16:19:23,85
domain,s8.immo,threatfox,Remcos,"threatfox,Remcos",2026-09-14 16:06:31,2026-09-14 16:19:23,85
domain,s8.moda,threatfox,Remcos,"threatfox,Remcos",2026-09-14 16:06:31,2026-09-14 16:19:23,85
domain,s88.coach,threatfox,Remcos,"threatfox,Remcos",2026-09-14 16:06:31,2026-09-14 16:19:23,85
domain,s88.red,threatfox,Remcos,"threatfox,Remcos",2026-09-14 16:06:31,2026-09-14 16:19:23,85
domain,s8net3.live,threatfox,Remcos,"threatfox,Remcos",2026-09-14 16:06:31,2026-09-14 16:19:23,85
domain,sbconsultant.online,threatfox,Remcos,"threatfox,c2,remcos",2026-09-14 16:06:31,2026-09-14 16:19:23,85
domain,serverloginapi.duckdns.org,threatfox,DCRat,"threatfox,c2,dcrat",2026-09-14 16:06:31,2026-09-14 16:19:23,85
domain,sh56a-57180.portmap.host,threatfox,XWorm,"threatfox,XWorm",2026-09-14 16:06:31,2026-09-14 16:19:23,85
domain,ssh.linksexvn.com,threatfox,AsyncRAT,"threatfox,asyncrat,c2",2026-09-14 16:06:31,2026-09-14 16:19:23,85
domain,ssh.phimsexz.pro,threatfox,AsyncRAT,"threatfox,asyncrat,c2",2026-09-14 16:06:31,2026-09-14 16:19:23,85
domain,statsduckcoderq.dynuddns.net,threatfox,DCRat,"threatfox,c2,dcrat",2026-09-14 16:06:31,2026-09-14 16:19:23,85
domain,tcwine.us,threatfox,Quasar RAT,"threatfox,quasar",2026-09-14 16:06:31,2026-09-14 16:19:23,85
domain,thoroughnananne.workers.dev,threatfox,php.shin_webshell,"threatfox,Cloudflare,GIF,PHP,webshell,WordPress,workers.dev,wp-admin",2026-09-14 16:06:31,2026-09-14 16:19:23,85
domain,tr308gf-36294.portmap.host,threatfox,XWorm,"threatfox,c2,xworm",2026-09-14 16:06:31,2026-09-14 16:19:23,85
domain,u014toh8.noug.store,threatfox,ClearFake,"threatfox,ClearFake,mac-0x76c7,macos",2026-09-14 16:06:31,2026-09-14 16:19:23,85
domain,vcb.bz,threatfox,Remcos,"threatfox,Remcos",2026-09-14 16:06:31,2026-09-14 16:19:23,85
domain,wdw343244323e3d-60296.portmap.host,threatfox,XWorm,"threatfox,XWorm",2026-09-14 16:06:31,2026-09-14 16:19:23,85
domain,willowbox.xyz,threatfox,Unknown Loader,"threatfox,OffLoader",2026-09-14 16:06:31,2026-09-14 16:19:23,85
domain,witchelmlexicon.org,threatfox,SmartApeSG,"threatfox,SmartApeSG",2026-09-14 16:06:31,2026-09-14 16:19:23,85
domain,www.remoteiconnect.com,threatfox,Remcos,"threatfox,c2,remcos",2026-09-14 16:06:31,2026-09-14 16:19:23,85
domain,www.remoteiconnectbackup.com,threatfox,Remcos,"threatfox,c2,remcos",2026-09-14 16:06:31,2026-09-14 16:19:23,85
domain,www.remoteiconnectbackup1.com,threatfox,Remcos,"threatfox,c2,remcos",2026-09-14 16:06:31,2026-09-14 16:19:23,85
domain,www.remoteiconnectbackup2.com,threatfox,Remcos,"threatfox,c2,remcos",2026-09-14 16:06:31,2026-09-14 16:19:23,85
domain,www.sourceforgemediastream.com,threatfox,Remcos,"threatfox,c2,remcos",2026-09-14 16:06:31,2026-09-14 16:19:23,85
domain,www.xoso66.cruises,threatfox,Nanocore RAT,"threatfox,c2,nanocore",2026-09-14 16:06:31,2026-09-14 16:19:23,85
domain,www.xoso66.fitness,threatfox,Nanocore RAT,"threatfox,c2,nanocore",2026-09-14 16:06:31,2026-09-14 16:19:23,85
domain,x656wum4.us-us-us-zensulin.com,threatfox,ClearFake,"threatfox,ClearFake,mac-0xdcf2,macos",2026-09-14 16:06:31,2026-09-14 16:19:23,85
domain,xazavo.workers.dev,threatfox,php.shin_webshell,"threatfox,Cloudflare,GIF,PHP,webshell,WordPress,workers.dev,wp-admin",2026-09-14 16:06:31,2026-09-14 16:19:23,85
domain,xk22cqwr.boano.store,threatfox,ClearFake,"threatfox,ClearFake,mac-0x68dc,macos",2026-09-14 16:06:31,2026-09-14 16:19:23,85
domain,za7fmrh-63387.portmap.host,threatfox,XWorm,"threatfox,c2,xworm",2026-09-14 16:06:31,2026-09-14 16:19:23,85
domain,zenvyus.ddns.net,threatfox,NjRAT,"threatfox,c2,njrat",2026-09-14 16:06:31,2026-09-14 16:19:23,85
hash_md5,0042feca5787f695bbff9ddcbb4862dc,malwarebazaar,Gh0stRAT,"exe,Gh0stRAT,RAT",2026-09-14 16:00:31,2026-09-14 16:19:23,85
hash_md5,00f1ede49e8ae76db97ee19e3a05652b,malwarebazaar,ConnectWise,"bat,ConnectWise",2026-09-14 16:00:31,2026-09-14 16:19:23,85
hash_md5,03b1a679e1e40da1f07d88f45d03e651,threatfox,GCleaner,threatfox,2026-09-14 16:06:31,2026-09-14 16:19:23,85
hash_md5,04315abece031e88b063528447cf72b3,threatfox,MASS Logger,threatfox,2026-09-14 16:06:31,2026-09-14 16:19:23,85
hash_md5,04315abece031e88b063528447cf72b3,malwarebazaar,MassLogger,"exe,MassLogger",2026-09-14 16:00:31,2026-09-14 16:19:23,85
hash_md5,068f2504d458e7e713ae006c168fdaa5,malwarebazaar,exe,"evilai,exe,nightscreenshot,tamperedchef",2026-09-14 16:00:31,2026-09-14 16:19:23,85
hash_md5,072f6456054ee849cf8dcb3570dd13b8,malwarebazaar,exe,"dropped-by-GCleaner,exe,F,MIX2.file",2026-09-14 16:00:31,2026-09-14 16:19:23,85
hash_md5,08b503c9326f553f5d799cdb084dc5eb,malwarebazaar,apk,"apk,SHAPARAK",2026-09-14 16:00:31,2026-09-14 16:19:23,85
hash_md5,0ad6ff48415f7a59ae4a9b2f2684713d,malwarebazaar,VShell,"149&p=8084&t=ws&a=w32&stage=true,exe,VShell",2026-09-14 16:00:31,2026-09-14 16:19:23,85
hash_md5,0d297952981be99902221e2466c503f5,malwarebazaar,unknown,"dropped-by-StealC,trickbox_v1_proxy",2026-09-14 16:00:31,2026-09-14 16:19:23,85
hash_md5,0ec5c9d3db89de00830cd917920d6ff6,malwarebazaar,CoinMiner,"CoinMiner,exe",2026-09-14 16:00:31,2026-09-14 16:19:23,85
hash_md5,0f476bb19d0ccbe9488541993ef8dd3a,malwarebazaar,AsyncRAT,"AsyncRAT,exe,js",2026-09-14 16:00:31,2026-09-14 16:19:23,85
hash_md5,0f906a7d2fc2b0bb73edcad8bc45bbdb,malwarebazaar,bat,bat,2026-09-14 16:00:31,2026-09-14 16:19:23,85
hash_md5,1133fa4604787c457d7f58ab1847e0b9,malwarebazaar,elf,elf,2026-09-14 16:00:31,2026-09-14 16:19:23,85
hash_md5,1200af24e30fd662314796a632356aba,malwarebazaar,js,"FedEx,js",2026-09-14 16:00:31,2026-09-14 16:19:23,85
hash_md5,1285d7f328244182615864e2834c3c7e,malwarebazaar,unknown,bin,2026-09-14 16:00:31,2026-09-14 16:19:23,85
hash_md5,134457bd54de12fd7639337143991ebb,malwarebazaar,Formbook,"Formbook,js",2026-09-14 16:00:31,2026-09-14 16:19:23,85
hash_md5,146e4a2f79bce93d913464cce041a010,threatfox,ValleyRAT,threatfox,2026-09-14 16:06:31,2026-09-14 16:19:23,85
hash_md5,14f3e9dd56087f4e93d2435eaa8e8372,threatfox,Vidar,threatfox,2026-09-14 16:06:31,2026-09-14 16:19:23,85
hash_md5,15526762d170bb1fc108dfc84e00e9a3,threatfox,ValleyRAT,threatfox,2026-09-14 16:06:31,2026-09-14 16:19:23,85
hash_md5,16c0c1353f228f7b02d748dba0c88d74,threatfox,Vidar,threatfox,2026-09-14 16:06:31,2026-09-14 16:19:23,85
hash_md5,1ca089a1c143c56fb078381f8a8afe10,threatfox,ValleyRAT,threatfox,2026-09-14 16:06:31,2026-09-14 16:19:23,85
hash_md5,1d6cc7df1d3b5d1687c05d5ea0538f76,malwarebazaar,exe,exe,2026-09-14 16:00:31,2026-09-14 16:19:23,85
hash_md5,20644ebfe4b7c4b1e1bdc46563d39af4,malwarebazaar,Gh0stRAT,"exe,Gh0stRAT,SilverFox,ValleyRAT",2026-09-14 16:00:31,2026-09-14 16:19:23,85
hash_md5,22b95e19770740187724a86bea324cd8,malwarebazaar,unknown,"cowrie,hermes-noc,honeypot",2026-09-14 16:00:31,2026-09-14 16:19:23,85
hash_md5,234d14bae89bc9710f135a5907b16c90,malwarebazaar,exe,"dll,dropper,exe,trojan",2026-09-14 16:00:31,2026-09-14 16:19:23,85
hash_md5,25c3a2d5cbf3764bb7858bd14a8452a3,malwarebazaar,unknown,"dropped-by-StealC,loader_proxy_v1",2026-09-14 16:00:31,2026-09-14 16:19:23,85
hash_md5,2ed69cb385a1337d5ea227cb6e5d9abc,malwarebazaar,Formbook,"bat,exe,Formbook",2026-09-14 16:00:31,2026-09-14 16:19:23,85
hash_md5,356200e5b16d1e257ce9aa5adbc54c29,malwarebazaar,dll,"crp2026-pro,dll,latam",2026-09-14 16:00:31,2026-09-14 16:19:23,85
hash_md5,35b9678533be0c126c53b76245b86229,malwarebazaar,AgentTesla,"AgentTesla,js",2026-09-14 16:00:31,2026-09-14 16:19:23,85
hash_md5,3955f4e829063edadd0196a578a88d4e,malwarebazaar,Gafgyt,"Gafgyt,Mirai",2026-09-14 16:00:31,2026-09-14 16:19:23,85
hash_md5,3d2f32365557c4418b67448656ae2ac4,malwarebazaar,ConnectWise,"ConnectWise,msi,msi?e=access&y=guest",2026-09-14 16:00:31,2026-09-14 16:19:23,85
hash_md5,435e7c73b4ccb6e5b1621bfdd4283caa,malwarebazaar,Gh0stRAT,"dll,Gh0stRAT,RAT",2026-09-14 16:00:31,2026-09-14 16:19:23,85
hash_md5,44328227d08e98f507960a6867440646,malwarebazaar,unknown,"dropped-by-StealC,loader_proxy_v1",2026-09-14 16:00:31,2026-09-14 16:19:23,85
hash_md5,4c67e21baee732cd8a98d35f3d5b4a0c,malwarebazaar,zip,zip,2026-09-14 16:00:31,2026-09-14 16:19:23,85
hash_md5,52440897a9cfbd263fed12dc2d4370aa,malwarebazaar,Mirai,Mirai,2026-09-14 16:00:31,2026-09-14 16:19:23,85
hash_md5,5464eddefa38da1f0a69d9d34d8a1fe9,malwarebazaar,AgentTesla,"AgentTesla,js",2026-09-14 16:00:31,2026-09-14 16:19:23,85
hash_md5,566391196949eb4d3c829b008df2fd0d,malwarebazaar,PhantomStealer,"js,PhantomStealer",2026-09-14 16:00:31,2026-09-14 16:19:23,85
hash_md5,56909d3bf61a8ea21bb97307de902dae,malwarebazaar,OverlordRAT,"exe,OverlordRAT",2026-09-14 16:00:31,2026-09-14 16:19:23,85
hash_md5,57f688fbf8b27eb442325d9a86d2f9dc,malwarebazaar,Mirai,elf,2026-09-14 16:00:31,2026-09-14 16:19:23,85
hash_md5,5b5c173657ad1baa068e171eac5be389,malwarebazaar,sh,sh,2026-09-14 16:00:31,2026-09-14 16:19:23,85
hash_md5,5d9b56e2e7b0d155eaea9602c8db7358,malwarebazaar,VShell,"exe,VShell",2026-09-14 16:00:31,2026-09-14 16:19:23,85
hash_md5,5eb77496326fceda193b5efd402542d2,malwarebazaar,exe,exe,2026-09-14 16:00:31,2026-09-14 16:19:23,85
hash_md5,611c7d4373cab816bfe897528e90b885,malwarebazaar,Formbook,"Formbook,js",2026-09-14 16:00:31,2026-09-14 16:19:23,85
hash_md5,622d610c1833e0f63a9292ad2f7668fc,threatfox,XWorm,threatfox,2026-09-14 16:06:31,2026-09-14 16:19:23,85
hash_md5,622d610c1833e0f63a9292ad2f7668fc,malwarebazaar,XWorm,exe,2026-09-14 16:00:31,2026-09-14 16:19:23,85
hash_md5,63a449ad781b0cd273f9ecb6509319a9,malwarebazaar,apk,"179-0-179-195,apk,banker,GANGSTAR,signed",2026-09-14 16:00:31,2026-09-14 16:19:23,85
hash_md5,6876ae63fabcc020345002c3db68dd8c,malwarebazaar,AgentTesla,"AgentTesla,js",2026-09-14 16:00:31,2026-09-14 16:19:23,85
hash_md5,69fd8eb317cb6d63fe13969c0538c858,malwarebazaar,sh,sh,2026-09-14 16:00:31,2026-09-14 16:19:23,85
hash_md5,6e89c26c85659475f6115d056b70cf28,malwarebazaar,Mirai,elf,2026-09-14 16:00:31,2026-09-14 16:19:23,85
hash_md5,71b98686e02e0f5317cbe2b1e2856d69,threatfox,Venus Stealer,threatfox,2026-09-14 16:06:31,2026-09-14 16:19:23,85
hash_md5,72561f2127a8623764b6e1dbcebc5479,malwarebazaar,Mirai,"elf,Mirai",2026-09-14 16:00:31,2026-09-14 16:19:23,85
hash_md5,734d56f69a247ae1297e49e6384f9171,malwarebazaar,exe,"exe,Loader",2026-09-14 16:00:31,2026-09-14 16:19:23,85
hash_md5,74fb9a5fb1b57653ff2fd3dbc6e425f0,malwarebazaar,unknown,"cowrie,hermes-noc,honeypot",2026-09-14 16:00:31,2026-09-14 16:19:23,85
hash_md5,777aba41b88f1c78110fd3f7461dac51,malwarebazaar,RemcosRAT,"RemcosRAT,vbs",2026-09-14 16:00:31,2026-09-14 16:19:23,85
hash_md5,77c2dfdfa9c181fcd63027b6b0f22f2b,malwarebazaar,unknown,"cowrie,hermes-noc,honeypot",2026-09-14 16:00:31,2026-09-14 16:19:23,85
hash_md5,77dfca7cb08e33ce725759ab155d6700,malwarebazaar,SnappyClient,"C,dropped-by-GCleaner,exe,MIX7.file,SnappyClient",2026-09-14 16:00:31,2026-09-14 16:19:23,85
hash_md5,78e7ccf9bdadcc25ee42f806326ee993,malwarebazaar,elf,elf,2026-09-14 16:00:31,2026-09-14 16:19:23,85
hash_md5,797c92b39d9064e8ba8bc751a7364ba0,malwarebazaar,ConnectWise,"1,ConnectWise,msi",2026-09-14 16:00:31,2026-09-14 16:19:23,85
hash_md5,7a2f8f30c1dd493da5e41cfb79217907,malwarebazaar,exe,"dropped-by-GCleaner,exe,F,MIX4.file",2026-09-14 16:00:31,2026-09-14 16:19:23,85
hash_md5,7db7dcf61746d520d1cab7bee32c15f1,malwarebazaar,js,js,2026-09-14 16:00:31,2026-09-14 16:19:23,85
hash_md5,7f131d83fbcd502c65cd05e9e07af7ba,malwarebazaar,exe,exe,2026-09-14 16:00:31,2026-09-14 16:19:23,85
hash_md5,81ec99a36143393cadb25bfe7e712d6d,malwarebazaar,AgentTesla,"AgentTesla,js",2026-09-14 16:00:31,2026-09-14 16:19:23,85
hash_md5,82cd65fb519ed3d453f9469b73e7f867,malwarebazaar,exe,exe,2026-09-14 16:00:31,2026-09-14 16:19:23,85
hash_md5,8318c164628a062724c634faebb06b3a,malwarebazaar,Mirai,"elf,Mirai",2026-09-14 16:00:31,2026-09-14 16:19:23,85
hash_md5,83d5bbbf8257fda571582bbf88db0fc1,malwarebazaar,Mirai,elf,2026-09-14 16:00:31,2026-09-14 16:19:23,85
hash_md5,84144ad71c8a290c729961d583bae4c1,malwarebazaar,bat,bat,2026-09-14 16:00:31,2026-09-14 16:19:23,85
hash_md5,8607d9d2da2f828ecea0bdebf74cff20,malwarebazaar,ConnectWise,"ConnectWise,msi",2026-09-14 16:00:31,2026-09-14 16:19:23,85
hash_md5,8638366e9bf35c54ea9dbbc8814c8b3f,threatfox,GCleaner,threatfox,2026-09-14 16:06:31,2026-09-14 16:19:23,85
hash_md5,885394178d8b8077da0b0f51e0324b52,malwarebazaar,unknown,"dropped-by-StealC,trickbox_v1_proxy",2026-09-14 16:00:31,2026-09-14 16:19:23,85
hash_md5,88f300d8f1dc3658321d6c302b251aa5,malwarebazaar,exe,"exe,signed",2026-09-14 16:00:31,2026-09-14 16:19:23,85
hash_md5,895e427449556e15d357670e9e499dcb,malwarebazaar,RemcosRAT,"exe,RemcosRAT,signed",2026-09-14 16:00:31,2026-09-14 16:19:23,85
hash_md5,8b397f25fb15c88b9116f65480016699,malwarebazaar,ConnectWise,"ConnectWise,msi,msi?e=access&y=guest&c=goodvibe&c=&c=&c=&c=&c=&c=&c=",2026-09-14 16:00:31,2026-09-14 16:19:23,85
hash_md5,8bfa0e05567ed6d70b52749ca49e10e1,malwarebazaar,sh,sh,2026-09-14 16:00:31,2026-09-14 16:19:23,85
hash_md5,8de1c95f6f1bf861817b4db51712e11d,malwarebazaar,exe,exe,2026-09-14 16:00:31,2026-09-14 16:19:23,85
hash_md5,91df901ad82a903012aedf9009a88892,malwarebazaar,ConnectWise,"ConnectWise,msi,signed",2026-09-14 16:00:31,2026-09-14 16:19:23,85
hash_md5,93dca0494d4674cd0f74476f12d773cf,malwarebazaar,CoinMiner,"CoinMiner,dropped-by-phorpiex,exe",2026-09-14 16:00:31,2026-09-14 16:19:23,85
hash_md5,954587e88a061ef6fa88982a825004ae,malwarebazaar,Mirai,elf,2026-09-14 16:00:31,2026-09-14 16:19:23,85
hash_md5,97b4fabbadc4b5656662bce3c5fd3700,malwarebazaar,DonutLoader,"DonutLoader,js",2026-09-14 16:00:31,2026-09-14 16:19:23,85
hash_md5,9a1d148b7e27ae5eb84dfc697c7b6b26,malwarebazaar,exe,exe,2026-09-14 16:00:31,2026-09-14 16:19:23,85
hash_md5,9fdb24226fb9c26e2032d51e503d9314,malwarebazaar,exe,"exe,Vidar",2026-09-14 16:00:31,2026-09-14 16:19:23,85
hash_md5,a24fa837bf8d247cc8ef84e45fd12f38,malwarebazaar,Mirai,Mirai,2026-09-14 16:00:31,2026-09-14 16:19:23,85
hash_md5,a4f4aa29e5eebbdb1e86466b1c55976a,threatfox,Agent Tesla,threatfox,2026-09-14 16:06:31,2026-09-14 16:19:23,85
hash_md5,a4fd682a4f64803b6843c67bb94c3407,malwarebazaar,msi,msi,2026-09-14 16:00:31,2026-09-14 16:19:23,85
hash_md5,a74355027834437e41755c239219dffa,malwarebazaar,sh,sh,2026-09-14 16:00:31,2026-09-14 16:19:23,85
hash_md5,a76b91a52a2d4c132bb803fa2acd7529,malwarebazaar,PhantomStealer,"js,PhantomStealer",2026-09-14 16:00:31,2026-09-14 16:19:23,85
hash_md5,aa6ea17bdf3fda67abd1217dfe1b2073,malwarebazaar,exe,"ClickFix,exe",2026-09-14 16:00:31,2026-09-14 16:19:23,85
hash_md5,aaa8b625f12a840742c176deb65bb3c3,malwarebazaar,PhantomStealer,"js,PhantomStealer",2026-09-14 16:00:31,2026-09-14 16:19:23,85
hash_md5,ab29bfab5c4bfb8fcf88883a73019338,malwarebazaar,exe,exe,2026-09-14 16:00:31,2026-09-14 16:19:23,85
hash_md5,ac1dc94e6836fa3060b6fdf41485b8d2,malwarebazaar,unknown,png,2026-09-14 16:00:31,2026-09-14 16:19:23,85
hash_md5,acd3229d434a1f6f013e68e3b83404d9,threatfox,Vidar,threatfox,2026-09-14 16:06:31,2026-09-14 16:19:23,85
hash_md5,b04a0512b3b003f04337809e6e7394e6,malwarebazaar,hta,hta,2026-09-14 16:00:31,2026-09-14 16:19:23,85
hash_md5,b11a1297e9d38b34c75a16739c366876,malwarebazaar,js,js,2026-09-14 16:00:31,2026-09-14 16:19:23,85
hash_md5,b270b3ef6bde434a9d9569654ca24df5,malwarebazaar,DonutLoader,"DonutLoader,lnk",2026-09-14 16:00:31,2026-09-14 16:19:23,85
hash_md5,b4cd9f770baa3a61d2dc1d352a267ec9,malwarebazaar,elf,"elf,enthec",2026-09-14 16:00:31,2026-09-14 16:19:23,85
hash_md5,b532e959871fa9a704242ba1bab97a16,malwarebazaar,VIPKeylogger,"js,VIPKeylogger",2026-09-14 16:00:31,2026-09-14 16:19:23,85
hash_md5,b5809ec44ee214e73f690f3984bb8baa,malwarebazaar,Formbook,"Formbook,js",2026-09-14 16:00:31,2026-09-14 16:19:23,85
hash_md5,b5deb9696b0fa8c850553e388636ceaa,malwarebazaar,AgentTesla,rar,2026-09-14 16:00:31,2026-09-14 16:19:23,85
hash_md5,b63c7bff23cbbde6c98971012fe4202a,threatfox,YiBackdoor,threatfox,2026-09-14 16:06:31,2026-09-14 16:19:23,85
hash_md5,bb96f56f4c020fcb42b234d040ecbdae,malwarebazaar,DonutLoader,"DonutLoader,js",2026-09-14 16:00:31,2026-09-14 16:19:23,85
hash_md5,bf5c5f5d641d7755fad25368d0f8cd36,malwarebazaar,unknown,"dropped-by-StealC,loader_proxy_v1",2026-09-14 16:00:31,2026-09-14 16:19:23,85
hash_md5,bf6c7445d653b6b9020d638d4a87fe37,malwarebazaar,CoinMiner,"CoinMiner,exe",2026-09-14 16:00:31,2026-09-14 16:19:23,85
hash_md5,c28958389efb0b7eb96bd63d36e234a3,malwarebazaar,OverlordRAT,"OverlordRAT,ps1",2026-09-14 16:00:31,2026-09-14 16:19:23,85
hash_md5,c4a71f9069d8c2bda3776b2fc9bc80ad,malwarebazaar,Mirai,"elf,Mirai,upx-dec",2026-09-14 16:00:31,2026-09-14 16:19:23,85
hash_md5,c4a7865d5765edfc56744f6a38db1f74,malwarebazaar,exe,exe,2026-09-14 16:00:31,2026-09-14 16:19:23,85
hash_md5,c76e4ac6eb94f6625134c69c2f8284c0,malwarebazaar,Formbook,"Formbook,js",2026-09-14 16:00:31,2026-09-14 16:19:23,85
hash_md5,c9e024fa97e1551e3808405b7112207e,threatfox,ValleyRAT,threatfox,2026-09-14 16:06:31,2026-09-14 16:19:23,85
hash_md5,c9fa0af33e676367a0ddf4c20d766483,threatfox,Vidar,threatfox,2026-09-14 16:06:31,2026-09-14 16:19:23,85
hash_md5,ca3090a6ea422c691b6454fc2ac64cc1,threatfox,GHOSTBLADE,threatfox,2026-09-14 16:06:31,2026-09-14 16:19:23,85
hash_md5,ca3090a6ea422c691b6454fc2ac64cc1,malwarebazaar,GhostPulse,exe,2026-09-14 16:00:31,2026-09-14 16:19:23,85
hash_md5,cbf7cc2ec7f0221a48329441517add09,malwarebazaar,unknown,"dropped-by-StealC,loader_proxy_v1",2026-09-14 16:00:31,2026-09-14 16:19:23,85
hash_md5,cdb4149387a5d75429ab9c9339261fc2,malwarebazaar,Mirai,elf,2026-09-14 16:00:31,2026-09-14 16:19:23,85
hash_md5,d248e4074eb08761dd6e42a81f9378b9,malwarebazaar,ValleyRAT,"exe,SilverFox,ValleyRAT",2026-09-14 16:00:31,2026-09-14 16:19:23,85
hash_md5,d70303b0b7f80fe7226570f322c80ff3,malwarebazaar,RemcosRAT,"RemcosRAT,vbs",2026-09-14 16:00:31,2026-09-14 16:19:23,85
hash_md5,d7d0826662c493382886ba2835b93818,malwarebazaar,ps1,ps1,2026-09-14 16:00:31,2026-09-14 16:19:23,85
hash_md5,dc408ce65830e306a812c7c58bf58d31,malwarebazaar,jar,"Irahook,jar,RAT,Stealer",2026-09-14 16:00:31,2026-09-14 16:19:23,85
hash_md5,ddc559ab995e489f7ad9c37d3203f0cf,malwarebazaar,exe,"exe,signed",2026-09-14 16:00:31,2026-09-14 16:19:23,85
hash_md5,dea2fd9e6b4e0cf268cbfb10297f737f,malwarebazaar,Mirai,upx,2026-09-14 16:00:31,2026-09-14 16:19:23,85
hash_md5,e18c7b014cd54af8f5680e6be5a84875,malwarebazaar,ValleyRAT,"exe,SilverFox,Trojan/SilverFox.bg[qtsc],ValleyRAT",2026-09-14 16:00:31,2026-09-14 16:19:23,85
hash_md5,e21db23cf163b98899ba49d81602f542,malwarebazaar,exe,"ClickFix,exe",2026-09-14 16:00:31,2026-09-14 16:19:23,85
hash_md5,e6701dbbf54980650e63ebdca855d9e7,malwarebazaar,unknown,"dropped-by-StealC,loader_proxy_v1",2026-09-14 16:00:31,2026-09-14 16:19:23,85
hash_md5,e69a14e476bc0aca1b5274726f0fdb7a,malwarebazaar,unknown,"cowrie,hermes-noc,honeypot",2026-09-14 16:00:31,2026-09-14 16:19:23,85
hash_md5,e847743b66dddcfc3afe248a42a71928,malwarebazaar,AgentTesla,js,2026-09-14 16:00:31,2026-09-14 16:19:23,85
hash_md5,e86acc076667270fa5acc61037a69101,malwarebazaar,unknown,"dropped-by-StealC,trickbox_v1_proxy",2026-09-14 16:00:31,2026-09-14 16:19:23,85
hash_md5,e8fc32457be0bcd73ceb98313dbbb163,malwarebazaar,XWorm,"js,XWorm",2026-09-14 16:00:31,2026-09-14 16:19:23,85
hash_md5,e9983f2389fc3b48da48a1c0e6fdc971,malwarebazaar,sh,sh,2026-09-14 16:00:31,2026-09-14 16:19:23,85
hash_md5,ea46f80ffa98ff829d08f8e5580ff41b,malwarebazaar,Formbook,"Formbook,js",2026-09-14 16:00:31,2026-09-14 16:19:23,85
hash_md5,f48b8b24098fba7a727fb29d4d7e781b,malwarebazaar,sh,sh,2026-09-14 16:00:31,2026-09-14 16:19:23,85
hash_md5,f7aafac5af849f6c5a2d372aee0828f6,malwarebazaar,unknown,unknown,2026-09-14 16:00:31,2026-09-14 16:19:23,85
hash_md5,f85b2919a00c2f87b6e1a1205d85cf4d,malwarebazaar,unknown,"dropped-by-StealC,loader_proxy_v1",2026-09-14 16:00:31,2026-09-14 16:19:23,85
hash_md5,f956c70d7fd1463e2cf717682bcffe56,malwarebazaar,msi,"msi,ScreenConnect,signed",2026-09-14 16:00:31,2026-09-14 16:19:23,85
hash_md5,fabf180793191c469eae455a3e01f7dd,malwarebazaar,sh,sh,2026-09-14 16:00:31,2026-09-14 16:19:23,85
hash_sha256,06514535057c6911220cfbd1b2084cd0aeb940bdb4d90f8c717a57095de1bc14,malwarebazaar,exe,"evilai,exe,nightscreenshot,tamperedchef",2026-09-14 16:00:31,2026-09-14 16:19:23,85
hash_sha256,06a37e40e42e7dc05988582222f2b016fea607e4d0087ca97a91aaa059a70b71,malwarebazaar,Mirai,elf,2026-09-14 16:00:31,2026-09-14 16:19:23,85
hash_sha256,08088145cbe6cdf461020a955ea4a314735b4359f85577ef86865fd19f20f29c,malwarebazaar,unknown,"cowrie,hermes-noc,honeypot",2026-09-14 16:00:31,2026-09-14 16:19:23,85
hash_sha256,0a6c19386e6b4be03aaa818cd44de5f0ddeaee1a0e7a4d2d28055a72a1468c41,malwarebazaar,sh,sh,2026-09-14 16:00:31,2026-09-14 16:19:23,85
hash_sha256,0bb593e4bd1913df2e29d7c39c15fe1042cd1e65f401f9778eb76ca14b5f9464,malwarebazaar,OverlordRAT,"OverlordRAT,ps1",2026-09-14 16:00:31,2026-09-14 16:19:23,85
hash_sha256,0f4e1d970ff0ed32a1262acf5547fe8f8a682d09fa531393f86677caa9ebaaf5,malwarebazaar,elf,elf,2026-09-14 16:00:31,2026-09-14 16:19:23,85
hash_sha256,0fb0a35004b87346dbad9346ae487037a62a8dca77fbe6714ce2d2562588703f,malwarebazaar,unknown,"dropped-by-StealC,loader_proxy_v1",2026-09-14 16:00:31,2026-09-14 16:19:23,85
hash_sha256,11a44b1a227a702bdef562c1d10251a42285b88d2156fe2b1888c175bf06dc2f,malwarebazaar,apk,"apk,SHAPARAK",2026-09-14 16:00:31,2026-09-14 16:19:23,85
hash_sha256,1311ae8e548f86f6405abe44a331b85d9232cf7b123d1f0e3fd6f141a544d9bb,malwarebazaar,ValleyRAT,"exe,SilverFox,Trojan/SilverFox.bg[qtsc],ValleyRAT",2026-09-14 16:00:31,2026-09-14 16:19:23,85
hash_sha256,1416311c9b4dcca5932d23a190bb3cade73281903dd571d0a850ea2fea00e71f,malwarebazaar,exe,"ClickFix,exe",2026-09-14 16:00:31,2026-09-14 16:19:23,85
hash_sha256,1c3c00f2ca4f344d0d21aa1ca2a25e1080a2b30f4df6555a0ca442bade3780a1,malwarebazaar,Mirai,Mirai,2026-09-14 16:00:31,2026-09-14 16:19:23,85
hash_sha256,1e2ec7fe31a9d30d8253645e1bd3b0eee5bfdb07c3af763f83ea2c27ab662fc0,malwarebazaar,msi,msi,2026-09-14 16:00:31,2026-09-14 16:19:23,85
hash_sha256,1ec9d1a86ed00a6f067a5e90af9d1a430ef52c4408e7ab8c1f962888f8efbab1,malwarebazaar,js,js,2026-09-14 16:00:31,2026-09-14 16:19:23,85
hash_sha256,1f41f11398bf08fdb738a826cfe41fba3b82ccc56c4a1dea4dd413ee403ee00a,malwarebazaar,unknown,"dropped-by-StealC,loader_proxy_v1",2026-09-14 16:00:31,2026-09-14 16:19:23,85
hash_sha256,210cad74cdf928b53c9bd5aae45d01954ce8fbb346e7a754f247b416e3f57cc6,threatfox,Vidar,threatfox,2026-09-14 16:06:31,2026-09-14 16:19:23,85
hash_sha256,23f09c77447e4242cdefc3eae73f8d55eda927bdc77a38ff3b111b58b6c9ad80,malwarebazaar,ConnectWise,"1,ConnectWise,msi",2026-09-14 16:00:31,2026-09-14 16:19:23,85
hash_sha256,2697cd5d035561838236857de90fb7cc2031c0e23a6dd8f5ff4350f9e89ea40d,malwarebazaar,Formbook,"Formbook,js",2026-09-14 16:00:31,2026-09-14 16:19:23,85
hash_sha256,28ff45d4937f4fcab39a51c95cf06f6ac30d8a3022b3b8ad4be7be5b4c8dcf11,malwarebazaar,unknown,"dropped-by-StealC,loader_proxy_v1",2026-09-14 16:00:31,2026-09-14 16:19:23,85
hash_sha256,29211a78e1fb420bc9f5de8920ca678313bd466ca6863cfcc478890b973ed3ac,malwarebazaar,VIPKeylogger,"js,VIPKeylogger",2026-09-14 16:00:31,2026-09-14 16:19:23,85
hash_sha256,2b1db5c7238cb34eb887f63fdd19f34794a795070f9645a047bdc4e5d69dc26c,malwarebazaar,exe,"dropped-by-GCleaner,exe,F,MIX2.file",2026-09-14 16:00:31,2026-09-14 16:19:23,85
hash_sha256,2cb9fd63bea08664c5e9c9b3b72f31e98dbc37a723a868f6cbfa68fd552acedf,malwarebazaar,exe,exe,2026-09-14 16:00:31,2026-09-14 16:19:23,85
hash_sha256,2f4f3bce4e588901683edc36575b14e829d70007673a001e13ab9d7d18c6fa8f,malwarebazaar,Gh0stRAT,"dll,Gh0stRAT,RAT",2026-09-14 16:00:31,2026-09-14 16:19:23,85
hash_sha256,30e51d0fe64f7c7d82afa9a2997962eeb28e72b11e3939116183915487fdecb6,malwarebazaar,elf,"elf,enthec",2026-09-14 16:00:31,2026-09-14 16:19:23,85
hash_sha256,31d3c40fd1e057e3d51d0ddd8286c68018da8d2fcc8fa45c2c6ec8cac0ec9398,malwarebazaar,ValleyRAT,"exe,SilverFox,ValleyRAT",2026-09-14 16:00:31,2026-09-14 16:19:23,85
hash_sha256,32d97190dff8cdbf3abf079bad58a162f212a98c8f23c56433f63d43adb2a11d,malwarebazaar,hta,hta,2026-09-14 16:00:31,2026-09-14 16:19:23,85
hash_sha256,34161e40704872c378443e309b7c7265ab9a96046f2baf4d4bd3679277eaf1b7,threatfox,Vidar,threatfox,2026-09-14 16:06:31,2026-09-14 16:19:23,85
hash_sha256,349317949537c97f68db4aa2c576e250f10e0113d732065a0a5486fa16a2ad68,malwarebazaar,DonutLoader,"DonutLoader,js",2026-09-14 16:00:31,2026-09-14 16:19:23,85
hash_sha256,3c862b01ba317317f884602db4044a3bac4b1de829a6068264bcdd9cc0836688,malwarebazaar,exe,"exe,Loader",2026-09-14 16:00:31,2026-09-14 16:19:23,85
hash_sha256,3fcc07382f02047b246345315e955a028acb1f35bc4ff97e03584eee04cc6ee7,malwarebazaar,ConnectWise,"ConnectWise,msi,signed",2026-09-14 16:00:31,2026-09-14 16:19:23,85
hash_sha256,41cd01acf841aba52ed613f8bd8b4d40ff883e188aa32211e56d78376340b5e6,malwarebazaar,Formbook,"Formbook,js",2026-09-14 16:00:31,2026-09-14 16:19:23,85
hash_sha256,456897ca44ef3b8050125b5ad4bfd19f337faea5f7c232145f760c30df775c47,malwarebazaar,AgentTesla,js,2026-09-14 16:00:31,2026-09-14 16:19:23,85
hash_sha256,4846e54e581e459b78142b5f07d81ece677c2108b37018d4c015e586d1adfc31,malwarebazaar,Mirai,upx,2026-09-14 16:00:31,2026-09-14 16:19:23,85
hash_sha256,4a94d0efe1ede995401513f9bc07e3231a54b55808103082369142fdd732e31e,malwarebazaar,Mirai,elf,2026-09-14 16:00:31,2026-09-14 16:19:23,85
hash_sha256,4ded5c06368d5df19da23d940f09e0eaa314e278f196dca685521ad89c5f55d0,malwarebazaar,SnappyClient,"C,dropped-by-GCleaner,exe,MIX7.file,SnappyClient",2026-09-14 16:00:31,2026-09-14 16:19:23,85
hash_sha256,4f01de797e6042899c2e76778d9c43f4ec6b8b590c49bfe4f553816e5075632d,malwarebazaar,elf,elf,2026-09-14 16:00:31,2026-09-14 16:19:23,85
hash_sha256,4f5ce73065d63ac57c34c2c24282caeee737b0790036da4dbab19d90c4c379dc,malwarebazaar,bat,bat,2026-09-14 16:00:31,2026-09-14 16:19:23,85
hash_sha256,520356aeba042e45c38895485769d92293ec2072abe8188dee1fb3f995ced3e2,malwarebazaar,CoinMiner,"CoinMiner,exe",2026-09-14 16:00:31,2026-09-14 16:19:23,85
hash_sha256,52a0d6ec69d8f3b98c240157e5679df2bfbf9123cf2a9abb078567a6e369bfec,malwarebazaar,VShell,"149&p=8084&t=ws&a=w32&stage=true,exe,VShell",2026-09-14 16:00:31,2026-09-14 16:19:23,85
hash_sha256,57bd7f469168e8d6ba473258d49723b594533a31c01fcdf6af43d790e935e27b,malwarebazaar,AgentTesla,"AgentTesla,js",2026-09-14 16:00:31,2026-09-14 16:19:23,85
hash_sha256,5be608a563a02c94dbf3b1812b3aa0685a6f8228b5dc74c773cc3c912adef7ba,malwarebazaar,apk,"179-0-179-195,apk,banker,GANGSTAR,signed",2026-09-14 16:00:31,2026-09-14 16:19:23,85
hash_sha256,5cbb1d7ab165e888e31ed595357a20fd7119f3c70afe066fabafced1b1b28ea0,malwarebazaar,exe,exe,2026-09-14 16:00:31,2026-09-14 16:19:23,85
hash_sha256,5e07cd71686f0c160189d32b9fb44409314250f8358d8bc7941f82923fc3dceb,malwarebazaar,AsyncRAT,"AsyncRAT,exe,js",2026-09-14 16:00:31,2026-09-14 16:19:23,85
hash_sha256,6067c7f994be804add87d7d4a8ed139e480ba093276126773c1763cba598aff8,malwarebazaar,Mirai,"elf,Mirai",2026-09-14 16:00:31,2026-09-14 16:19:23,85
hash_sha256,63b8c28736a5e5d39700333345dac2423bde079271369838669c78c1b7f19a1c,malwarebazaar,ConnectWise,"ConnectWise,msi,msi?e=access&y=guest&c=goodvibe&c=&c=&c=&c=&c=&c=&c=",2026-09-14 16:00:31,2026-09-14 16:19:23,85
hash_sha256,6413f8681087402683d64074a7ff58d4f555566edb7a404634190c92b071a080,malwarebazaar,bat,bat,2026-09-14 16:00:31,2026-09-14 16:19:23,85
hash_sha256,658fc8b2caf56d7572f065bdc7bcf248f1ba3e96901ba6ed3eee4291e524d46e,threatfox,ValleyRAT,threatfox,2026-09-14 16:06:31,2026-09-14 16:19:23,85
hash_sha256,68adadd3b1a798926b2f603a154d8128189993f4872243678c1b9f3fa53ff382,malwarebazaar,exe,exe,2026-09-14 16:00:31,2026-09-14 16:19:23,85
hash_sha256,69354b41e10daf03d3f3af881b32d5c0fec56b1cfe96629fd4c5263413a42854,malwarebazaar,exe,exe,2026-09-14 16:00:31,2026-09-14 16:19:23,85
hash_sha256,6d841927232e2a2bab9fca5be3d961f3f56f72a50c49f32aaaa3fa8b1366624d,malwarebazaar,sh,sh,2026-09-14 16:00:31,2026-09-14 16:19:23,85
hash_sha256,6e3adcfdd203b22fd7c7159f6fae97275ec12160d7ead6401c8550cda9cac85a,malwarebazaar,unknown,"dropped-by-StealC,loader_proxy_v1",2026-09-14 16:00:31,2026-09-14 16:19:23,85
hash_sha256,6f8d02156eb67b7503d5e1b48191e730901018d925bace25142cae175ebcf29c,malwarebazaar,AgentTesla,"AgentTesla,js",2026-09-14 16:00:31,2026-09-14 16:19:23,85
hash_sha256,700f22038c8a730a16e3b41f72fc448f531946b145d9a2640516c8a9bf2d93a3,malwarebazaar,Formbook,"Formbook,js",2026-09-14 16:00:31,2026-09-14 16:19:23,85
hash_sha256,744437d93633c87382f9d1a1fdf0c1a3a908c5f9e0435bb480771dbdc0282fae,malwarebazaar,RemcosRAT,"exe,RemcosRAT,signed",2026-09-14 16:00:31,2026-09-14 16:19:23,85
hash_sha256,7472d3ed0af6a2a48f704504d4d89a9c1d998c28fd1330a75b742b327d8f7935,malwarebazaar,unknown,"dropped-by-StealC,trickbox_v1_proxy",2026-09-14 16:00:31,2026-09-14 16:19:23,85
hash_sha256,76d27e4fe46c4ff85e17e7b03332da0710d93570d11397cfe243f8e3210fafd2,malwarebazaar,PhantomStealer,"js,PhantomStealer",2026-09-14 16:00:31,2026-09-14 16:19:23,85
hash_sha256,7ef394068c4bfd09b84ee4385e2ff43816ec49644037273fc8071c4c15498565,threatfox,ValleyRAT,threatfox,2026-09-14 16:06:31,2026-09-14 16:19:23,85
hash_sha256,8644822a3f0e5323125f15ea8d98f970ad27de996a3cd798d9f0fc1cf41328a9,malwarebazaar,unknown,"dropped-by-StealC,loader_proxy_v1",2026-09-14 16:00:31,2026-09-14 16:19:23,85
hash_sha256,8697f257197dc0a0f2727d5b59d93d8633cbcdb8c1618ca70fbfcada0ab964fa,malwarebazaar,sh,sh,2026-09-14 16:00:31,2026-09-14 16:19:23,85
hash_sha256,8923aca5091d95b50052efcafe757a243462be44bb17f0c6323db74cdb59ae07,threatfox,Venus Stealer,threatfox,2026-09-14 16:06:31,2026-09-14 16:19:23,85
hash_sha256,8991ddb8c2b33c95e6205118834c63467facea996ee5dfeebf3532e4ce95291e,malwarebazaar,Mirai,Mirai,2026-09-14 16:00:31,2026-09-14 16:19:23,85
hash_sha256,8ce2b7991a970c2a52e6d600f08e9717b9a46889c885db0413db8a0d572a5215,malwarebazaar,js,js,2026-09-14 16:00:31,2026-09-14 16:19:23,85
hash_sha256,8d9082ff172dba7446ef850678ac7c4bf0f636ff3b1ee00fa0bfa86ce934d03d,malwarebazaar,Mirai,"elf,Mirai",2026-09-14 16:00:31,2026-09-14 16:19:23,85
hash_sha256,92aa0e8f464457467bcce7232a96de0ba9d56b4d57956c2e69d3d64adf6f976c,malwarebazaar,unknown,"cowrie,hermes-noc,honeypot",2026-09-14 16:00:31,2026-09-14 16:19:23,85
hash_sha256,93b3f5f50dc730eb7a872657405d65139379979620c83b57ae08c7543c37d169,malwarebazaar,Formbook,"Formbook,js",2026-09-14 16:00:31,2026-09-14 16:19:23,85
hash_sha256,9756d35bfaf89fb465ac208aac29706e86bbdbc8db257454b7e05b0be33f0c8d,malwarebazaar,DonutLoader,"DonutLoader,js",2026-09-14 16:00:31,2026-09-14 16:19:23,85
hash_sha256,98b65a19078b72d7f746243a6cac118ec0d6128b2511a7d8a246c1136e95c929,malwarebazaar,dll,"crp2026-pro,dll,latam",2026-09-14 16:00:31,2026-09-14 16:19:23,85
hash_sha256,98f47f9d835386aebcefd4e2c6edfb994692894a53423d3601fd108c75cbb588,threatfox,XWorm,threatfox,2026-09-14 16:06:31,2026-09-14 16:19:23,85
hash_sha256,98f47f9d835386aebcefd4e2c6edfb994692894a53423d3601fd108c75cbb588,malwarebazaar,XWorm,exe,2026-09-14 16:00:31,2026-09-14 16:19:23,85
hash_sha256,99f44a63608b4137b417066d9f001bb455e11366f7889c98d93245335fba9009,malwarebazaar,exe,exe,2026-09-14 16:00:31,2026-09-14 16:19:23,85
hash_sha256,9b872bed4e69890c9f92a95f624e29fd813371729fe65996a8989e977be93a44,malwarebazaar,Mirai,"elf,Mirai,upx-dec",2026-09-14 16:00:31,2026-09-14 16:19:23,85
hash_sha256,9d9dd44c508af2fe864a8264ba5833d7c47fd21fe1b4c72ff6e05f7da94c288f,malwarebazaar,exe,"exe,signed",2026-09-14 16:00:31,2026-09-14 16:19:23,85
hash_sha256,9fe8758e098df62d6ad2da7b3343390107754fa2f1ce106056f1153c74f5b280,malwarebazaar,Gafgyt,"Gafgyt,Mirai",2026-09-14 16:00:31,2026-09-14 16:19:23,85
hash_sha256,a0909b5a4798f8d9a26c77248b182d6b8072cd2b5d81e1faec9eb112ac65f4c2,malwarebazaar,exe,"ClickFix,exe",2026-09-14 16:00:31,2026-09-14 16:19:23,85
hash_sha256,a289e1661fee6dd7acc4b0876df7dce1b4dd997c5eecda7eabc537f5f9ada024,malwarebazaar,CoinMiner,"CoinMiner,exe",2026-09-14 16:00:31,2026-09-14 16:19:23,85
hash_sha256,a3a01f953e9bfcc90c1fab2358fad6cfccf81d13c4d2640d13af75ca3730ee11,malwarebazaar,exe,exe,2026-09-14 16:00:31,2026-09-14 16:19:23,85
hash_sha256,a3cb131224ba2ecde3aa936ef4eaac4c664bb037e006c1a7681e65ac6e14e65d,malwarebazaar,exe,"dropped-by-GCleaner,exe,F,MIX4.file",2026-09-14 16:00:31,2026-09-14 16:19:23,85
hash_sha256,a4c4f0a300ce5aad85f93edd5c07b9d11947b97a3a9b3da51d024310bfe2d7de,threatfox,Agent Tesla,threatfox,2026-09-14 16:06:31,2026-09-14 16:19:23,85
hash_sha256,a5941df2bbe68acd086890dbe82eec9dfc522ab3c8ee99f78ee6458c2fe09527,malwarebazaar,unknown,"cowrie,hermes-noc,honeypot",2026-09-14 16:00:31,2026-09-14 16:19:23,85
hash_sha256,a5cf1fbd87c68d3f2c8bcca8c13c95117379d8c46771f1d70b0e9a6760d40f93,malwarebazaar,sh,sh,2026-09-14 16:00:31,2026-09-14 16:19:23,85
hash_sha256,a8060c606deb923c0e64e42d671f59a3c480d654eed03573a22df61162c6b941,malwarebazaar,sh,sh,2026-09-14 16:00:31,2026-09-14 16:19:23,85
hash_sha256,a98ee9b73ce89a1ab19ef55c3c63c618cab0070a75a3efe6349a05fe756cc5f1,malwarebazaar,XWorm,"js,XWorm",2026-09-14 16:00:31,2026-09-14 16:19:23,85
hash_sha256,addc12610e8926bf90c5e9bdfcc3c30a3a02fb1c0d239b8437789aad0cdca8df,malwarebazaar,Mirai,elf,2026-09-14 16:00:31,2026-09-14 16:19:23,85
hash_sha256,b00e6e12c798f5e3277d7347188b06ee0604af471a21070c89f54be592c5a181,malwarebazaar,exe,exe,2026-09-14 16:00:31,2026-09-14 16:19:23,85
hash_sha256,b34f8ed4309df8e677fbc21e2a42aa4e6b2713eff2ecc17ae5ad2cbd07baad82,malwarebazaar,exe,"dll,dropper,exe,trojan",2026-09-14 16:00:31,2026-09-14 16:19:23,85
hash_sha256,b3d5a1cc7eae4730a736b333b8a5b9092be7063bafbb637bc9977c6efd3e5312,malwarebazaar,zip,zip,2026-09-14 16:00:31,2026-09-14 16:19:23,85
hash_sha256,b412f2f6d19da325d7475829f7df16dc86092773d46edaeb4df10b816d390e3a,malwarebazaar,exe,"exe,signed",2026-09-14 16:00:31,2026-09-14 16:19:23,85
hash_sha256,b56cdf8e6080074fb1592e96e0bd2caa90a391c0933fae58e1e7f986986fd8ee,malwarebazaar,unknown,"cowrie,hermes-noc,honeypot",2026-09-14 16:00:31,2026-09-14 16:19:23,85
hash_sha256,b5b27e217831c3a329d7570a919db389bdcadf4fcbbcb3c108c6165f29240d93,malwarebazaar,CoinMiner,"CoinMiner,dropped-by-phorpiex,exe",2026-09-14 16:00:31,2026-09-14 16:19:23,85
hash_sha256,b82d28bbdc0012d2ca01005b9d152ad6b53c29c0f6dd9a3896f8c32086b3870d,malwarebazaar,ConnectWise,"bat,ConnectWise",2026-09-14 16:00:31,2026-09-14 16:19:23,85
hash_sha256,b955dacf2f84de99e2655e5cafb7550dcdb1403d9f4b653bf301be6efb045624,malwarebazaar,Mirai,elf,2026-09-14 16:00:31,2026-09-14 16:19:23,85
hash_sha256,ba0db3bfecb94ae8dd1f486ad5a8e23a6d59d76ee7fbe11f3487df4336342e9c,threatfox,GCleaner,threatfox,2026-09-14 16:06:31,2026-09-14 16:19:23,85
hash_sha256,bcc464e1f28a7219c4a30f2f72ba8f58786911072772922a40e44716e3794d2a,malwarebazaar,PhantomStealer,"js,PhantomStealer",2026-09-14 16:00:31,2026-09-14 16:19:23,85
hash_sha256,be3fcf5f0aec0ca27980c61100af0946244662dbb91d757eee2fab8ea47717ad,malwarebazaar,msi,"msi,ScreenConnect,signed",2026-09-14 16:00:31,2026-09-14 16:19:23,85
hash_sha256,be9569ababf86b08921c3cf070c8bcbd31f872daca43cb9c772163e04402b0eb,malwarebazaar,OverlordRAT,"exe,OverlordRAT",2026-09-14 16:00:31,2026-09-14 16:19:23,85
hash_sha256,c2bd45c96cdf7faf05f3180ecc74e23ef60d1eea86850178d653d7a265381d99,threatfox,Vidar,threatfox,2026-09-14 16:06:31,2026-09-14 16:19:23,85
hash_sha256,c5ccc13fd57b59d1f3044151d06c715a65610329ba567c748a745cee52457bfa,malwarebazaar,unknown,bin,2026-09-14 16:00:31,2026-09-14 16:19:23,85
hash_sha256,c81dcc9c90e35181f966fca2e0d213b4d912cba06e9f9fea3c07820ee57ebfd3,malwarebazaar,Mirai,elf,2026-09-14 16:00:31,2026-09-14 16:19:23,85
hash_sha256,ca14d7297d6aee40a4460de9144e6de352df28746722d5b7b48f5ebeb7ff7291,malwarebazaar,exe,exe,2026-09-14 16:00:31,2026-09-14 16:19:23,85
hash_sha256,ca2d35c8731c89176fb82eaff4bb65981ee321b34a746eba8db7477ba55d8de1,malwarebazaar,RemcosRAT,"RemcosRAT,vbs",2026-09-14 16:00:31,2026-09-14 16:19:23,85
hash_sha256,cd69825ca962118955811a023d3f6b130eb70696b532b96bbf1a893be00a7c35,malwarebazaar,ConnectWise,"ConnectWise,msi,msi?e=access&y=guest",2026-09-14 16:00:31,2026-09-14 16:19:23,85
hash_sha256,cdb4d801da65b00621a14e5e4a984bfb32d2ea31c06c2a9576a78b3a0842be19,malwarebazaar,jar,"Irahook,jar,RAT,Stealer",2026-09-14 16:00:31,2026-09-14 16:19:23,85
hash_sha256,ce896b6779c755140098c807d10a11605f7c2fc849bc17a031631e5de44d9ba3,threatfox,MASS Logger,threatfox,2026-09-14 16:06:31,2026-09-14 16:19:23,85
hash_sha256,ce896b6779c755140098c807d10a11605f7c2fc849bc17a031631e5de44d9ba3,malwarebazaar,MassLogger,"exe,MassLogger",2026-09-14 16:00:31,2026-09-14 16:19:23,85
hash_sha256,d019021b688b5589ad8a45fe2541967649b2cd9c89fdd49074c844f518887fff,threatfox,Vidar,threatfox,2026-09-14 16:06:31,2026-09-14 16:19:23,85
hash_sha256,d0cf22b787a1688e0b19308f516b3e775ff47d1d2cdf13db26ba9825707357c7,malwarebazaar,sh,sh,2026-09-14 16:00:31,2026-09-14 16:19:23,85
hash_sha256,d11fccb3e9bf5a656ed6fb81b364a4f6460d0b2cf05ec60c5d7b7a7e7075d439,malwarebazaar,AgentTesla,"AgentTesla,js",2026-09-14 16:00:31,2026-09-14 16:19:23,85
hash_sha256,d1a6f93ba2ca7025ff4c173da66ee4a59665e966667567a71c47829820cb64a7,malwarebazaar,Formbook,"bat,exe,Formbook",2026-09-14 16:00:31,2026-09-14 16:19:23,85
hash_sha256,d1ab754415972d89e5b17baca0906c3ccab59ad61eec55988688ee1daf08e122,threatfox,ValleyRAT,threatfox,2026-09-14 16:06:31,2026-09-14 16:19:23,85
hash_sha256,d20de1e6ace9860426adff0d63fd8f84e3b5aff6bf2bc29dd2fe68178938d149,threatfox,YiBackdoor,threatfox,2026-09-14 16:06:31,2026-09-14 16:19:23,85
hash_sha256,d2f5c40128718130f164c3e2423bd2fb346c8c6ba7b7e0d08caf2b0f77840308,malwarebazaar,VShell,"exe,VShell",2026-09-14 16:00:31,2026-09-14 16:19:23,85
hash_sha256,d7ed1edbd38258715d7b7b9326f23721c05161a11c73ce291c3744e697f95a0a,malwarebazaar,AgentTesla,"AgentTesla,js",2026-09-14 16:00:31,2026-09-14 16:19:23,85
hash_sha256,d7ef43fc5e665d8d6779b60a3436468442d0e0aebffcbc76c0092e9cc6283771,malwarebazaar,js,"FedEx,js",2026-09-14 16:00:31,2026-09-14 16:19:23,85
hash_sha256,dac15847b53207649ae2992c5b639f6646624ec3ff3a96bafce6b6952516fb90,malwarebazaar,sh,sh,2026-09-14 16:00:31,2026-09-14 16:19:23,85
hash_sha256,e2b6a15d23df0f4f3836d84f68e3c2dabd0abad9c2c0d69dea64917b6f6c1d84,threatfox,ValleyRAT,threatfox,2026-09-14 16:06:31,2026-09-14 16:19:23,85
hash_sha256,e3367efa1ac5fafd5fc6bf740f7413522315cda8e4e4d0f60cf38ac344a27edb,malwarebazaar,unknown,"dropped-by-StealC,trickbox_v1_proxy",2026-09-14 16:00:31,2026-09-14 16:19:23,85
hash_sha256,e437af70b43964dc83760bdabcc63fd5ef5dc44b91f52fa12951bf7fa58133dd,malwarebazaar,DonutLoader,"DonutLoader,lnk",2026-09-14 16:00:31,2026-09-14 16:19:23,85
hash_sha256,e4452c248159c57608a0cbf75cd795b5c597156725fab13b83bf3a9eaa467ea1,threatfox,GCleaner,threatfox,2026-09-14 16:06:31,2026-09-14 16:19:23,85
hash_sha256,e6b3f57b478e6b667d558d0c104cc424743968c1e3fdbc131e32b7d26fa6cd17,malwarebazaar,Formbook,"Formbook,js",2026-09-14 16:00:31,2026-09-14 16:19:23,85
hash_sha256,e9b1cb9f5fa0e45f254fd89cc3d5da63e8aba62e78ac66bb17cc3b69e124a595,malwarebazaar,Gh0stRAT,"exe,Gh0stRAT,SilverFox,ValleyRAT",2026-09-14 16:00:31,2026-09-14 16:19:23,85
hash_sha256,ea7cd59c0105f693f6d4ba662f901bb509912a4b9ce9fb24cb03983f494abdfb,malwarebazaar,Gh0stRAT,"exe,Gh0stRAT,RAT",2026-09-14 16:00:31,2026-09-14 16:19:23,85
hash_sha256,ed343f78fac90a8c05df28d2b2ac47fc3a8b62c968597f6de15112565916e97f,malwarebazaar,AgentTesla,rar,2026-09-14 16:00:31,2026-09-14 16:19:23,85
hash_sha256,ef294f49fde43aee30db4a2c46ee33ae85c43acb0a5d1b084525b929f8a8a9fa,malwarebazaar,unknown,"dropped-by-StealC,trickbox_v1_proxy",2026-09-14 16:00:31,2026-09-14 16:19:23,85
hash_sha256,f1d3758ff1acd3f910fa37af14119f3f8cbc8762490e70626cdb164c1e5e1ab5,malwarebazaar,unknown,unknown,2026-09-14 16:00:31,2026-09-14 16:19:23,85
hash_sha256,f424039f141ac422b9cfd178f317be9e773c2c95d6c72b0af0fcf7e57ca52cb3,threatfox,GHOSTBLADE,threatfox,2026-09-14 16:06:31,2026-09-14 16:19:23,85
hash_sha256,f424039f141ac422b9cfd178f317be9e773c2c95d6c72b0af0fcf7e57ca52cb3,malwarebazaar,GhostPulse,exe,2026-09-14 16:00:31,2026-09-14 16:19:23,85
hash_sha256,f5bef0133690e2d49500dc13fc0688ce8def3265d05a42d9794c773d006f7b67,malwarebazaar,unknown,"dropped-by-StealC,loader_proxy_v1",2026-09-14 16:00:31,2026-09-14 16:19:23,85
hash_sha256,f65d4ddf2d769eb6dd9cc7021845458f7cb49be01f1859328f62407924a7d7ac,malwarebazaar,exe,"exe,Vidar",2026-09-14 16:00:31,2026-09-14 16:19:23,85
hash_sha256,f873c11f02438676c4b18cb71588083910d52c5a13fa1967b93fce95f2737e2a,malwarebazaar,ps1,ps1,2026-09-14 16:00:31,2026-09-14 16:19:23,85
hash_sha256,f9bce90a810fa00980699f3a44dcb39af59b4ce1a34cc8468ef9acddcb79ca86,malwarebazaar,PhantomStealer,"js,PhantomStealer",2026-09-14 16:00:31,2026-09-14 16:19:23,85
hash_sha256,fd3f7ca50c67a0965f31ce4e4b40d3484d41c9eda7d89bc704fb83f281b12ea4,malwarebazaar,unknown,png,2026-09-14 16:00:31,2026-09-14 16:19:23,85
hash_sha256,fe5777b53bb7a50b7a0b71a4fa27f8df83dbef4b4734122776353ded97b5ca81,malwarebazaar,RemcosRAT,"RemcosRAT,vbs",2026-09-14 16:00:31,2026-09-14 16:19:23,85
hash_sha256,fe65336c1d8881147c8883e08da171221d6c25beb285a70e83766c7d23ffdae3,malwarebazaar,ConnectWise,"ConnectWise,msi",2026-09-14 16:00:31,2026-09-14 16:19:23,85
ip,1.14.76.115,threatfox,VShell,"threatfox,vshell",2026-09-14 16:06:31,2026-09-14 16:19:23,85
ip,101.201.103.158,threatfox,Cobalt Strike,"threatfox,CobaltStrike,drb-ra",2026-09-14 16:06:31,2026-09-14 16:19:23,85
ip,101.34.22.241,threatfox,Unknown malware,"threatfox,c2,gophish,phishing,shodan",2026-09-14 16:06:31,2026-09-14 16:19:23,85
ip,101.35.129.174,threatfox,Empire Downloader,"threatfox,c2,shodan,StarKillerC2",2026-08-11 00:42:33,2026-09-14 16:19:23,85
ip,101.47.40.1,threatfox,Unknown malware,"threatfox,c2,gophish,phishing,shodan",2026-09-14 16:06:31,2026-09-14 16:19:23,85
ip,102.117.165.202,threatfox,Unknown malware,"threatfox,c2,mythic,shodan",2026-09-14 16:06:31,2026-09-14 16:19:23,85
ip,102.203.116.201,threatfox,Cobalt Strike,"threatfox,c2,cobaltstrike,shodan",2026-09-14 16:06:31,2026-09-14 16:19:23,85
ip,103.124.101.68,threatfox,Ghost RAT,"threatfox,Gh0stRAT,RAT",2026-09-14 16:06:31,2026-09-14 16:19:23,85
ip,103.127.139.58,threatfox,Unknown malware,"threatfox,c2,gophish,phishing,shodan",2026-09-14 16:06:31,2026-09-14 16:19:23,85
ip,103.213.248.40,threatfox,Cobalt Strike,"threatfox,c2,cobaltstrike,shodan",2026-09-14 16:06:31,2026-09-14 16:19:23,85
ip,103.227.225.194,threatfox,Sliver,"threatfox,c2,shodan,sliver",2026-09-14 16:06:31,2026-09-14 16:19:23,85
ip,103.253.212.216,threatfox,AdaptixC2,"threatfox,adaptixc2,c2,shodan",2026-09-14 16:06:31,2026-09-14 16:19:23,85
ip,103.253.42.61,threatfox,Sliver,"threatfox,c2,shodan,sliver",2026-09-14 16:06:31,2026-09-14 16:19:23,85
ip,103.39.79.216,threatfox,Unknown malware,"threatfox,c2,gophish,phishing,shodan",2026-09-14 16:06:31,2026-09-14 16:19:23,85
ip,103.73.68.61,threatfox,Unknown malware,"threatfox,c2,gophish,phishing,shodan",2026-09-14 16:06:31,2026-09-14 16:19:23,85
ip,103.75.188.171,threatfox,Cobalt Strike,"threatfox,c2,cobaltstrike,shodan",2026-09-14 16:06:31,2026-09-14 16:19:23,85
ip,104.207.82.105,threatfox,Unknown malware,"threatfox,c2,gophish,phishing,shodan",2026-09-14 16:06:31,2026-09-14 16:19:23,85
ip,104.253.79.117,threatfox,Sliver,"threatfox,c2,shodan,sliver",2026-08-01 17:35:26,2026-09-14 16:19:23,85
ip,106.15.10.2,threatfox,Cobalt Strike,"threatfox,c2,cobaltstrike,shodan",2026-06-23 19:10:53,2026-09-14 16:19:23,85
ip,106.54.28.9,threatfox,Unknown malware,"threatfox,c2,gophish,phishing,shodan",2026-09-14 16:06:31,2026-09-14 16:19:23,85
ip,109.206.240.95,threatfox,XWorm,"threatfox,XWorm",2026-09-14 16:06:31,2026-09-14 16:19:23,85
ip,109.236.50.145,threatfox,Sliver,"threatfox,c2,shodan,sliver",2026-08-31 04:06:19,2026-09-14 16:19:23,85
ip,111.231.116.164,threatfox,Cobalt Strike,"threatfox,c2,cobaltstrike,shodan",2026-09-06 04:07:37,2026-09-14 16:19:23,85
ip,113.44.88.182,threatfox,Unknown malware,"threatfox,c2,gophish,phishing,shodan",2026-09-14 16:06:31,2026-09-14 16:19:23,85
ip,114.215.188.153,threatfox,Cobalt Strike,"threatfox,cobaltstrike",2026-09-14 16:06:31,2026-09-14 16:19:23,85
ip,115.159.72.17,threatfox,VShell,"threatfox,vshell",2026-09-14 16:06:31,2026-09-14 16:19:23,85
ip,115.190.149.134,threatfox,Unknown malware,"threatfox,c2,gophish,phishing,shodan",2026-09-14 16:06:31,2026-09-14 16:19:23,85
ip,118.126.92.123,threatfox,Unknown malware,"threatfox,c2,gophish,phishing,shodan",2026-09-14 16:06:31,2026-09-14 16:19:23,85
ip,118.195.163.227,threatfox,Sliver,"threatfox,c2,shodan,sliver",2026-09-14 16:06:31,2026-09-14 16:19:23,85
ip,118.89.79.131,threatfox,Cobalt Strike,"threatfox,c2,cobaltstrike,shodan",2026-09-14 16:06:31,2026-09-14 16:19:23,85
ip,119.45.187.210,threatfox,Unknown malware,"threatfox,c2,panda,shodan",2026-09-14 16:06:31,2026-09-14 16:19:23,85
ip,120.53.19.157,threatfox,Cobalt Strike,"threatfox,CobaltStrike,drb-ra",2026-09-14 16:06:31,2026-09-14 16:19:23,85
ip,122.51.48.49,threatfox,Cobalt Strike,"threatfox,c2,cobaltstrike,shodan",2026-08-16 20:13:09,2026-09-14 16:19:23,85
ip,124.222.209.39,threatfox,Cobalt Strike,"threatfox,c2,cobaltstrike,shodan",2026-09-14 16:06:31,2026-09-14 16:19:23,85
ip,124.70.52.39,threatfox,Unknown malware,"threatfox,c2,gophish,phishing,shodan",2026-09-14 16:06:31,2026-09-14 16:19:23,85
ip,124.72.180.167,threatfox,DCRat,"threatfox,c2,dcrat",2026-09-14 16:06:31,2026-09-14 16:19:23,85
ip,129.226.150.240,threatfox,Sliver,"threatfox,c2,shodan,sliver",2026-09-14 16:06:31,2026-09-14 16:19:23,85
ip,130.12.181.118,threatfox,XWorm,"threatfox,XWorm",2026-09-14 16:06:31,2026-09-14 16:19:23,85
ip,130.213.149.42,threatfox,Unknown malware,"threatfox,c2,gophish,phishing,shodan",2026-09-14 16:06:31,2026-09-14 16:19:23,85
ip,130.94.1.159,threatfox,Unknown malware,"threatfox,c2,gophish,phishing,shodan",2026-09-14 16:06:31,2026-09-14 16:19:23,85
ip,130.94.105.104,threatfox,Sliver,"threatfox,c2,shodan,sliver",2026-09-14 16:06:31,2026-09-14 16:19:23,85
ip,130.94.92.169,threatfox,Sliver,"threatfox,c2,shodan,sliver",2026-06-18 07:29:21,2026-09-14 16:19:23,85
ip,132.145.126.82,threatfox,Cobalt Strike,"threatfox,c2,cobaltstrike,shodan",2026-09-14 16:06:31,2026-09-14 16:19:23,85
ip,134.209.153.96,threatfox,Unknown malware,"threatfox,c2,gophish,phishing,shodan",2026-09-14 16:06:31,2026-09-14 16:19:23,85
ip,135.181.138.114,threatfox,SectopRAT,"threatfox,c2,sectop,shodan",2026-09-14 16:06:31,2026-09-14 16:19:23,85
ip,136.110.51.183,threatfox,Sliver,"threatfox,c2,shodan,sliver",2026-09-14 16:06:31,2026-09-14 16:19:23,85
ip,136.244.80.220,threatfox,Unknown malware,"threatfox,c2,gophish,phishing,shodan",2026-09-14 16:06:31,2026-09-14 16:19:23,85
ip,136.248.245.36,threatfox,Unknown malware,"threatfox,c2,gophish,phishing,shodan",2026-09-14 16:06:31,2026-09-14 16:19:23,85
ip,137.184.94.30,threatfox,Unknown malware,"threatfox,c2,gophish,phishing,shodan",2026-09-14 16:06:31,2026-09-14 16:19:23,85
ip,137.220.151.95,threatfox,Unknown malware,"threatfox,c2,gophish,phishing,shodan",2026-08-26 16:06:11,2026-09-14 16:19:23,85
ip,139.190.96.65,threatfox,Unknown malware,"threatfox,c2,gophish,phishing,shodan",2026-09-14 16:06:31,2026-09-14 16:19:23,85
ip,139.196.174.152,threatfox,Cobalt Strike,"threatfox,cobaltstrike",2026-09-14 16:06:31,2026-09-14 16:19:23,85
ip,139.59.43.130,threatfox,Unknown malware,"threatfox,c2,locust,shodan",2026-09-14 16:06:31,2026-09-14 16:19:23,85
ip,14.192.1.248,threatfox,Cobalt Strike,"threatfox,c2,cobaltstrike,shodan",2026-09-14 16:06:31,2026-09-14 16:19:23,85
ip,14.224.174.98,threatfox,Unknown malware,"threatfox,c2,gophish,phishing,shodan",2026-09-14 16:06:31,2026-09-14 16:19:23,85
ip,140.82.38.147,threatfox,Unknown malware,"threatfox,c2,gophish,phishing,shodan",2026-09-14 16:06:31,2026-09-14 16:19:23,85
ip,141.98.80.155,threatfox,SectopRAT,"threatfox,c2,sectop,shodan",2026-08-16 20:13:09,2026-09-14 16:19:23,85
ip,142.93.51.224,threatfox,Cobalt Strike,"threatfox,c2,cobaltstrike,shodan",2026-09-14 16:06:31,2026-09-14 16:19:23,85
ip,144.217.87.74,threatfox,Unknown malware,"threatfox,c2,gophish,phishing,shodan",2026-09-14 16:06:31,2026-09-14 16:19:23,85
ip,144.31.89.11,threatfox,Sliver,"threatfox,c2,shodan,sliver",2026-09-14 16:06:31,2026-09-14 16:19:23,85
ip,147.124.212.137,threatfox,Remcos,"threatfox,c2,FMT,Remcos",2026-09-14 16:06:31,2026-09-14 16:19:23,85
ip,147.124.219.70,threatfox,Unknown malware,"threatfox,c2,gophish,phishing,shodan",2026-09-14 16:06:31,2026-09-14 16:19:23,85
ip,147.125.241.34,threatfox,Unknown malware,"threatfox,c2,gophish,phishing,shodan",2026-09-14 16:06:31,2026-09-14 16:19:23,85
ip,148.251.113.37,threatfox,Unknown malware,"threatfox,c2,locust,shodan",2026-09-14 16:06:31,2026-09-14 16:19:23,85
ip,15.188.168.125,threatfox,Unknown malware,"threatfox,c2,gophish,phishing,shodan",2026-09-14 16:06:31,2026-09-14 16:19:23,85
ip,15.204.66.40,threatfox,Sliver,"threatfox,c2,shodan,sliver",2026-09-14 16:06:31,2026-09-14 16:19:23,85
ip,151.243.126.22,threatfox,Sliver,"threatfox,c2,shodan,sliver",2026-09-14 16:06:31,2026-09-14 16:19:23,85
ip,151.244.228.91,threatfox,Cobalt Strike,"threatfox,c2,cobaltstrike,shodan",2026-09-14 16:06:31,2026-09-14 16:19:23,85
ip,151.59.105.88,threatfox,SectopRAT,"threatfox,c2,sectop,shodan",2026-09-14 16:06:31,2026-09-14 16:19:23,85
ip,151.59.109.221,threatfox,SectopRAT,"threatfox,c2,sectop,shodan",2026-09-14 16:06:31,2026-09-14 16:19:23,85
ip,152.42.182.175,threatfox,Remus,"threatfox,1df60ba477f3af01b8adc920ea2d006e,c2,remus",2026-09-14 16:06:31,2026-09-14 16:19:23,85
ip,153.122.86.49,threatfox,Unknown malware,"threatfox,c2,gophish,phishing,shodan",2026-09-14 16:06:31,2026-09-14 16:19:23,85
ip,154.222.16.38,threatfox,Unknown malware,"threatfox,c2,gophish,phishing,shodan",2026-06-26 05:25:58,2026-09-14 16:19:23,85
ip,154.37.218.73,threatfox,Unknown malware,"threatfox,c2,redguard,shodan",2026-08-29 16:10:47,2026-09-14 16:19:23,85
ip,155.103.69.85,threatfox,Remcos,"threatfox,c2,Rem1,Remcos",2026-09-14 16:06:31,2026-09-14 16:19:23,85
ip,155.94.154.152,threatfox,Cobalt Strike,"threatfox,c2,cobaltstrike,shodan",2026-09-14 16:06:31,2026-09-14 16:19:23,85
ip,156.225.18.45,threatfox,Cobalt Strike,"threatfox,c2,cobaltstrike,shodan",2026-08-21 16:09:29,2026-09-14 16:19:23,85
ip,157.66.26.124,threatfox,Cobalt Strike,"threatfox,c2,cobaltstrike,shodan",2026-08-29 16:10:47,2026-09-14 16:19:23,85
ip,158.101.136.18,threatfox,Cobalt Strike,"threatfox,c2,cobaltstrike,shodan",2026-09-14 16:06:31,2026-09-14 16:19:23,85
ip,158.94.209.216,threatfox,Remcos,"threatfox,remcos",2026-09-14 16:06:31,2026-09-14 16:19:23,85
ip,159.195.194.98,threatfox,Unknown malware,"threatfox,c2,gophish,phishing,shodan",2026-09-14 16:06:31,2026-09-14 16:19:23,85
ip,159.195.240.236,threatfox,Unknown malware,"threatfox,c2,powersploit,shodan",2026-09-14 16:06:31,2026-09-14 16:19:23,85
ip,159.223.90.22,threatfox,Unknown malware,"threatfox,c2,gophish,phishing,shodan",2026-09-14 16:06:31,2026-09-14 16:19:23,85
ip,161.153.76.241,threatfox,Sliver,"threatfox,c2,shodan,sliver",2026-09-14 16:06:31,2026-09-14 16:19:23,85
ip,162.19.254.208,threatfox,Unknown malware,"threatfox,c2,mythic,shodan",2026-09-14 16:06:31,2026-09-14 16:19:23,85
ip,162.243.103.246,feodotracker,Emotet,"c2,botnet,port:8080",2026-04-11 03:35:43,2026-09-14 16:19:23,90
ip,162.35.172.146,threatfox,AdaptixC2,"threatfox,adaptixc2,c2,shodan",2026-09-13 16:06:35,2026-09-14 16:19:23,85
ip,163.176.60.81,threatfox,Unknown malware,"threatfox,c2,gophish,phishing,shodan",2026-09-14 16:06:31,2026-09-14 16:19:23,85
ip,163.44.121.178,threatfox,Unknown malware,"threatfox,c2,gophish,phishing,shodan",2026-09-14 16:06:31,2026-09-14 16:19:23,85
ip,165.154.6.188,threatfox,Sliver,"threatfox,c2,shodan,sliver",2026-09-14 16:06:31,2026-09-14 16:19:23,85
ip,165.22.223.246,threatfox,Unknown malware,"threatfox,c2,gophish,phishing,shodan",2026-09-14 16:06:31,2026-09-14 16:19:23,85
ip,165.227.142.229,threatfox,Aisuru,"threatfox,Aisuru,c2",2026-09-09 16:06:21,2026-09-14 16:19:23,85
ip,165.227.248.212,threatfox,Unknown malware,"threatfox,c2,gophish,phishing,shodan",2026-09-14 16:06:31,2026-09-14 16:19:23,85
ip,165.227.32.223,threatfox,Sliver,"threatfox,c2,shodan,sliver",2026-09-14 16:06:31,2026-09-14 16:19:23,85
ip,165.227.97.240,threatfox,Unknown malware,"threatfox,c2,gophish,phishing,shodan",2026-09-14 16:06:31,2026-09-14 16:19:23,85
ip,165.99.43.101,threatfox,Cobalt Strike,"threatfox,c2,cobaltstrike,shodan",2026-09-03 04:06:19,2026-09-14 16:19:23,85
ip,167.17.47.121,threatfox,AdaptixC2,"threatfox,adaptixc2,c2,shodan",2026-09-14 16:06:31,2026-09-14 16:19:23,85
ip,167.17.47.252,threatfox,Cobalt Strike,"threatfox,c2,cobaltstrike,shodan",2026-09-14 16:06:31,2026-09-14 16:19:23,85
ip,167.172.142.69,threatfox,Havoc,"threatfox,havoc",2026-08-01 05:35:22,2026-09-14 16:19:23,85
ip,167.172.226.242,threatfox,Unknown malware,"threatfox,c2,gophish,phishing,shodan",2026-09-14 16:06:31,2026-09-14 16:19:23,85
ip,167.71.140.130,threatfox,Unknown malware,"threatfox,c2,gophish,phishing,shodan",2026-09-14 16:06:31,2026-09-14 16:19:23,85
ip,168.93.198.201,threatfox,Cobalt Strike,"threatfox,c2,cobaltstrike,shodan",2026-09-14 16:06:31,2026-09-14 16:19:23,85
ip,169.58.128.13,threatfox,Unknown malware,"threatfox,c2,gophish,phishing,shodan",2026-09-14 16:06:31,2026-09-14 16:19:23,85
ip,169.58.252.86,threatfox,Sliver,"threatfox,c2,shodan,sliver",2026-09-14 16:06:31,2026-09-14 16:19:23,85
ip,172.232.196.108,threatfox,Unknown malware,"threatfox,c2,locust,shodan",2026-09-14 16:06:31,2026-09-14 16:19:23,85
ip,172.232.87.244,threatfox,Unknown malware,"threatfox,c2,locust,shodan",2026-09-14 16:06:31,2026-09-14 16:19:23,85
ip,172.237.69.60,threatfox,Unknown malware,"threatfox,c2,gophish,phishing,shodan",2026-09-14 16:06:31,2026-09-14 16:19:23,85
ip,172.241.229.199,threatfox,Unknown malware,"threatfox,c2,gophish,phishing,shodan",2026-09-14 16:06:31,2026-09-14 16:19:23,85
ip,172.245.240.168,threatfox,Unknown malware,"threatfox,c2,gophish,phishing,shodan",2026-09-14 16:06:31,2026-09-14 16:19:23,85
ip,173.249.23.17,threatfox,Empire Downloader,"threatfox,c2,shodan,StarKillerC2",2026-09-14 16:06:31,2026-09-14 16:19:23,85
ip,173.95.114.157,threatfox,Unknown malware,"threatfox,c2,powersploit,shodan",2026-09-14 16:06:31,2026-09-14 16:19:23,85
ip,175.143.5.145,threatfox,Unknown malware,"threatfox,c2,gophish,phishing,shodan",2026-09-14 16:06:31,2026-09-14 16:19:23,85
ip,175.178.12.127,threatfox,Unknown malware,"threatfox,c2,gophish,phishing,shodan",2026-09-14 16:06:31,2026-09-14 16:19:23,85
ip,177.136.225.160,threatfox,Sliver,"threatfox,c2,shodan,sliver",2026-09-14 16:06:31,2026-09-14 16:19:23,85
ip,178.128.21.54,threatfox,Sliver,"threatfox,c2,shodan,sliver",2026-09-14 16:06:31,2026-09-14 16:19:23,85
ip,178.162.245.155,threatfox,Unknown malware,"threatfox,c2,gophish,phishing,shodan",2026-09-14 16:06:31,2026-09-14 16:19:23,85
ip,178.62.3.223,feodotracker,QakBot,"c2,botnet,port:443",2026-04-11 03:35:43,2026-09-14 16:19:23,90
ip,179.199.198.208,threatfox,Unknown malware,"threatfox,c2,gophish,phishing,shodan",2026-09-14 16:06:31,2026-09-14 16:19:23,85
ip,18.188.15.218,threatfox,Unknown malware,"threatfox,c2,gophish,phishing,shodan",2026-09-14 16:06:31,2026-09-14 16:19:23,85
ip,180.184.46.116,threatfox,Cobalt Strike,"threatfox,CobaltStrike,drb-ra",2026-09-14 16:06:31,2026-09-14 16:19:23,85
ip,182.255.91.197,threatfox,Cobalt Strike,"threatfox,c2,cobaltstrike,shodan",2026-09-14 16:06:31,2026-09-14 16:19:23,85
ip,185.104.183.59,threatfox,Empire Downloader,"threatfox,c2,shodan,StarKillerC2",2026-09-14 16:06:31,2026-09-14 16:19:23,85
ip,185.112.59.221,threatfox,Sliver,"threatfox,c2,shodan,sliver",2026-09-14 16:06:31,2026-09-14 16:19:23,85
ip,185.229.90.106,threatfox,Unknown malware,"threatfox,c2,gophish,phishing,shodan",2026-09-14 16:06:31,2026-09-14 16:19:23,85
ip,185.255.93.201,threatfox,Quasar RAT,"threatfox,quasar",2026-09-14 16:06:31,2026-09-14 16:19:23,85
ip,185.98.170.23,threatfox,Remcos,"threatfox,c2,remcos",2026-09-14 16:06:31,2026-09-14 16:19:23,85
ip,187.72.104.68,threatfox,Unknown malware,"threatfox,c2,gophish,phishing,shodan",2026-09-14 16:06:31,2026-09-14 16:19:23,85
ip,188.137.255.18,threatfox,XWorm,"threatfox,XWorm",2026-09-14 16:06:31,2026-09-14 16:19:23,85
ip,188.161.25.8,threatfox,AsyncRAT,"threatfox,asyncrat,c2",2026-09-14 16:06:31,2026-09-14 16:19:23,85
ip,188.245.188.180,threatfox,Unknown malware,"threatfox,c2,locust,shodan",2026-09-14 16:06:31,2026-09-14 16:19:23,85
ip,188.253.125.176,threatfox,Cobalt Strike,"threatfox,c2,cobaltstrike,shodan",2026-09-14 16:06:31,2026-09-14 16:19:23,85
ip,192.110.167.180,threatfox,Sliver,"threatfox,c2,shodan,sliver",2026-09-14 16:06:31,2026-09-14 16:19:23,85
ip,192.110.167.181,threatfox,Sliver,"threatfox,c2,shodan,sliver",2026-09-14 16:06:31,2026-09-14 16:19:23,85
ip,192.144.146.191,threatfox,Cobalt Strike,"threatfox,c2,cobaltstrike,shodan",2026-09-14 16:06:31,2026-09-14 16:19:23,85
ip,192.155.92.211,threatfox,Sliver,"threatfox,c2,shodan,sliver",2026-09-14 16:06:31,2026-09-14 16:19:23,85
ip,192.162.199.242,threatfox,Remcos,"threatfox,5000,c2,Remcos",2026-09-14 16:06:31,2026-09-14 16:19:23,85
ip,192.226.192.160,threatfox,Cobalt Strike,"threatfox,c2,cobaltstrike,shodan",2026-09-14 16:06:31,2026-09-14 16:19:23,85
ip,192.236.229.110,threatfox,AsyncRAT,"threatfox,asyncrat,c2",2026-09-14 16:06:31,2026-09-14 16:19:23,85
ip,193.162.135.3,threatfox,Unknown malware,"threatfox,c2,powersploit,shodan",2026-09-14 16:06:31,2026-09-14 16:19:23,85
ip,194.249.0.24,threatfox,Unknown malware,"threatfox,c2,locust,shodan",2026-09-14 16:06:31,2026-09-14 16:19:23,85
ip,194.38.21.222,threatfox,Unknown malware,"threatfox,c2,gophish,phishing,shodan",2026-09-14 16:06:31,2026-09-14 16:19:23,85
ip,195.171.40.178,threatfox,Unknown malware,"threatfox,c2,powersploit,shodan",2026-09-14 16:06:31,2026-09-14 16:19:23,85
ip,195.187.97.3,threatfox,Unknown malware,"threatfox,c2,powersploit,shodan",2026-09-14 16:06:31,2026-09-14 16:19:23,85
ip,195.224.134.107,threatfox,Unknown malware,"threatfox,c2,powersploit,shodan",2026-09-14 16:06:31,2026-09-14 16:19:23,85
ip,195.231.72.94,threatfox,Unknown malware,"threatfox,c2,locust,shodan",2026-09-14 16:06:31,2026-09-14 16:19:23,85
ip,198.23.185.239,threatfox,Ghost RAT,"threatfox,Gh0stRAT,RAT",2026-09-14 16:06:31,2026-09-14 16:19:23,85
ip,198.251.91.17,threatfox,Sliver,"threatfox,c2,shodan,sliver",2026-09-14 16:06:31,2026-09-14 16:19:23,85
ip,2.27.204.21,threatfox,Sliver,"threatfox,c2,shodan,sliver",2026-09-14 16:06:31,2026-09-14 16:19:23,85
ip,2.88.205.77,threatfox,Unknown malware,"threatfox,c2,powersploit,shodan",2026-09-14 16:06:31,2026-09-14 16:19:23,85
ip,20.127.244.233,threatfox,Sliver,"threatfox,c2,shodan,sliver",2026-09-14 16:06:31,2026-09-14 16:19:23,85
ip,20.87.5.112,threatfox,Unknown malware,"threatfox,c2,gophish,phishing,shodan",2026-09-14 16:06:31,2026-09-14 16:19:23,85
ip,200.45.252.82,threatfox,Unknown malware,"threatfox,c2,gophish,phishing,shodan",2026-09-14 16:06:31,2026-09-14 16:19:23,85
ip,203.121.100.34,threatfox,Unknown malware,"threatfox,c2,powersploit,shodan",2026-09-14 16:06:31,2026-09-14 16:19:23,85
ip,205.213.166.9,threatfox,Unknown malware,"threatfox,c2,powersploit,shodan",2026-09-14 16:06:31,2026-09-14 16:19:23,85
ip,206.123.137.141,threatfox,Remcos,"threatfox,c2,Remcos,Wini$$",2026-09-14 16:06:31,2026-09-14 16:19:23,85
ip,207.157.16.29,threatfox,Unknown malware,"threatfox,c2,powersploit,shodan",2026-09-14 16:06:31,2026-09-14 16:19:23,85
ip,207.190.175.34,threatfox,Unknown malware,"threatfox,c2,powersploit,shodan",2026-09-14 16:06:31,2026-09-14 16:19:23,85
ip,209.50.54.252,threatfox,Unknown malware,"threatfox,c2,gophish,phishing,shodan",2026-09-14 16:06:31,2026-09-14 16:19:23,85
ip,209.74.72.248,threatfox,Sliver,"threatfox,c2,shodan,sliver",2026-09-14 16:06:31,2026-09-14 16:19:23,85
ip,210.245.3.114,threatfox,Unknown malware,"threatfox,c2,gophish,phishing,shodan",2026-09-14 16:06:31,2026-09-14 16:19:23,85
ip,211.154.24.247,threatfox,DCRat,"threatfox,c2,dcrat",2026-09-14 16:06:31,2026-09-14 16:19:23,85
ip,211.33.134.107,threatfox,Unknown malware,"threatfox,c2,gophish,phishing,shodan",2026-09-14 16:06:31,2026-09-14 16:19:23,85
ip,212.189.21.191,threatfox,Unknown malware,"threatfox,c2,gophish,phishing,shodan",2026-09-14 16:06:31,2026-09-14 16:19:23,85
ip,212.86.114.98,threatfox,SectopRAT,"threatfox,c2,sectop,shodan",2026-09-14 16:06:31,2026-09-14 16:19:23,85
ip,213.218.160.174,threatfox,Sliver,"threatfox,c2,shodan,sliver",2026-09-14 16:06:31,2026-09-14 16:19:23,85
ip,217.115.114.115,threatfox,Unknown malware,"threatfox,c2,gophish,phishing,shodan",2026-09-14 16:06:31,2026-09-14 16:19:23,85
ip,217.154.212.25,threatfox,Cobalt Strike,"threatfox,c2,cobaltstrike,shodan",2026-04-29 18:24:41,2026-09-14 16:19:23,85
ip,217.154.244.221,threatfox,Unknown malware,"threatfox,c2,gophish,phishing,shodan",2026-09-14 16:06:31,2026-09-14 16:19:23,85
ip,217.60.102.6,threatfox,AdaptixC2,"threatfox,adaptixc2,c2,shodan",2026-09-14 16:06:31,2026-09-14 16:19:23,85
ip,218.4.145.125,threatfox,Unknown malware,"threatfox,c2,gophish,phishing,shodan",2026-09-14 16:06:31,2026-09-14 16:19:23,85
ip,222.255.215.42,threatfox,Cobalt Strike,"threatfox,c2,cobaltstrike,shodan",2026-08-05 12:42:48,2026-09-14 16:19:23,85
ip,26.6.214.74,threatfox,AsyncRAT,"threatfox,asyncrat,c2",2026-09-14 16:06:31,2026-09-14 16:19:23,85
ip,27.133.154.218,feodotracker,QakBot,"c2,botnet,port:443",2026-03-10 22:13:04,2026-09-14 16:19:23,90
ip,3.131.159.180,threatfox,Unknown malware,"threatfox,c2,gophish,phishing,shodan",2026-09-14 16:06:31,2026-09-14 16:19:23,85
ip,3.140.95.228,threatfox,Unknown malware,"threatfox,c2,powersploit,shodan",2026-09-14 16:06:31,2026-09-14 16:19:23,85
ip,3.17.220.102,threatfox,Unknown malware,"threatfox,c2,powersploit,shodan",2026-09-14 16:06:31,2026-09-14 16:19:23,85
ip,3.38.184.253,threatfox,Unknown malware,"threatfox,c2,panda,shodan",2026-09-14 16:06:31,2026-09-14 16:19:23,85
ip,31.156.181.5,threatfox,Brute Ratel C4,"threatfox,bruteratel,c2,shodan",2026-09-14 16:06:31,2026-09-14 16:19:23,85
ip,31.57.184.6,threatfox,Remcos,"threatfox,Remcos",2026-09-14 16:06:31,2026-09-14 16:19:23,85
ip,31.6.50.206,threatfox,XWorm,"threatfox,c2,xworm",2026-09-14 16:06:31,2026-09-14 16:19:23,85
ip,34.101.122.157,threatfox,Unknown malware,"threatfox,c2,gophish,phishing,shodan",2026-09-14 16:06:31,2026-09-14 16:19:23,85
ip,34.13.70.208,threatfox,Unknown malware,"threatfox,c2,gophish,phishing,shodan",2026-09-14 16:06:31,2026-09-14 16:19:23,85
ip,34.132.198.100,threatfox,Unknown malware,"threatfox,c2,locust,shodan",2026-09-14 16:06:31,2026-09-14 16:19:23,85
ip,34.158.213.1,threatfox,Unknown malware,"threatfox,c2,gophish,phishing,shodan",2026-09-14 16:06:31,2026-09-14 16:19:23,85
ip,34.173.45.243,threatfox,Unknown malware,"threatfox,c2,gophish,phishing,shodan",2026-09-14 16:06:31,2026-09-14 16:19:23,85
ip,34.182.240.166,threatfox,Unknown malware,"threatfox,c2,locust,shodan",2026-09-14 16:06:31,2026-09-14 16:19:23,85
ip,34.204.119.63,feodotracker,QakBot,"c2,botnet,port:443",2026-04-11 03:35:43,2026-09-14 16:19:23,90
ip,34.27.89.90,threatfox,Unknown malware,"threatfox,c2,locust,shodan",2026-09-14 16:06:31,2026-09-14 16:19:23,85
ip,34.31.75.23,threatfox,Unknown malware,"threatfox,c2,locust,shodan",2026-09-14 16:06:31,2026-09-14 16:19:23,85
ip,34.41.250.186,threatfox,Unknown malware,"threatfox,c2,gophish,phishing,shodan",2026-09-14 16:06:31,2026-09-14 16:19:23,85
ip,34.44.231.26,threatfox,Unknown malware,"threatfox,c2,locust,shodan",2026-09-14 16:06:31,2026-09-14 16:19:23,85
ip,34.63.215.22,threatfox,Unknown malware,"threatfox,c2,locust,shodan",2026-09-14 16:06:31,2026-09-14 16:19:23,85
ip,34.65.112.94,threatfox,Unknown malware,"threatfox,c2,gophish,phishing,shodan",2026-09-14 16:06:31,2026-09-14 16:19:23,85
ip,34.77.78.101,threatfox,Unknown malware,"threatfox,c2,gophish,phishing,shodan",2026-09-14 16:06:31,2026-09-14 16:19:23,85
ip,35.154.112.68,threatfox,Unknown malware,"threatfox,c2,gophish,phishing,shodan",2026-09-14 16:06:31,2026-09-14 16:19:23,85
ip,35.238.237.8,threatfox,Unknown malware,"threatfox,c2,locust,shodan",2026-09-14 16:06:31,2026-09-14 16:19:23,85
ip,37.60.241.141,threatfox,Sliver,"threatfox,c2,shodan,sliver",2026-09-14 16:06:31,2026-09-14 16:19:23,85
ip,38.147.185.54,threatfox,Cobalt Strike,"threatfox,c2,cobaltstrike,shodan",2026-09-14 16:06:31,2026-09-14 16:19:23,85
ip,38.60.241.251,threatfox,Sliver,"threatfox,c2,shodan,sliver",2026-07-16 05:21:38,2026-09-14 16:19:23,85
ip,4.154.203.165,threatfox,Sliver,"threatfox,c2,shodan,sliver",2026-09-14 16:06:31,2026-09-14 16:19:23,85
ip,4.231.128.167,threatfox,Unknown malware,"threatfox,c2,gophish,phishing,shodan",2026-09-14 16:06:31,2026-09-14 16:19:23,85
ip,4.231.237.55,threatfox,Unknown malware,"threatfox,c2,gophish,phishing,shodan",2026-09-14 16:06:31,2026-09-14 16:19:23,85
ip,40.81.201.131,threatfox,Unknown malware,"threatfox,c2,gophish,phishing,shodan",2026-09-14 16:06:31,2026-09-14 16:19:23,85
ip,40.90.235.75,threatfox,Sliver,"threatfox,c2,shodan,sliver",2026-09-14 16:06:31,2026-09-14 16:19:23,85
ip,41.231.54.240,threatfox,Unknown malware,"threatfox,c2,gophish,phishing,shodan",2026-09-14 16:06:31,2026-09-14 16:19:23,85
ip,42.193.108.41,threatfox,Unknown malware,"threatfox,c2,gophish,phishing,shodan",2026-09-14 16:06:31,2026-09-14 16:19:23,85
ip,42.194.241.92,threatfox,Cobalt Strike,"threatfox,c2,cobaltstrike,shodan",2026-09-08 16:06:38,2026-09-14 16:19:23,85
ip,43.130.127.89,threatfox,Sliver,"threatfox,c2,shodan,sliver",2026-09-14 16:06:31,2026-09-14 16:19:23,85
ip,43.153.106.17,threatfox,Unknown malware,"threatfox,c2,panda,shodan",2026-09-14 16:06:31,2026-09-14 16:19:23,85
ip,43.155.182.120,threatfox,Unknown malware,"threatfox,c2,panda,shodan",2026-09-14 16:06:31,2026-09-14 16:19:23,85
ip,43.155.208.21,threatfox,Cobalt Strike,"threatfox,c2,cobaltstrike,shodan",2026-09-14 16:06:31,2026-09-14 16:19:23,85
ip,43.156.184.213,threatfox,Sliver,"threatfox,c2,shodan,sliver",2026-09-14 16:06:31,2026-09-14 16:19:23,85
ip,43.157.204.73,threatfox,Sliver,"threatfox,c2,shodan,sliver",2026-09-14 16:06:31,2026-09-14 16:19:23,85
ip,43.200.42.237,threatfox,Unknown malware,"threatfox,c2,panda,shodan",2026-09-14 16:06:31,2026-09-14 16:19:23,85
ip,45.125.32.79,threatfox,VShell,"threatfox,vshell",2026-09-14 16:06:31,2026-09-14 16:19:23,85
ip,45.136.13.196,threatfox,Unknown malware,"threatfox,c2,gophish,phishing,shodan",2026-09-14 16:06:31,2026-09-14 16:19:23,85
ip,45.154.98.150,threatfox,Remcos,"threatfox,c2,remcos",2026-09-14 16:06:31,2026-09-14 16:19:23,85
ip,45.154.98.226,threatfox,Sliver,"threatfox,c2,shodan,sliver",2026-09-14 16:06:31,2026-09-14 16:19:23,85
ip,45.192.202.36,threatfox,Cobalt Strike,"threatfox,c2,cobaltstrike,shodan",2026-09-14 16:06:31,2026-09-14 16:19:23,85
ip,45.227.255.104,threatfox,SectopRAT,"threatfox,c2,sectop,shodan",2026-09-14 16:06:31,2026-09-14 16:19:23,85
ip,45.32.165.7,threatfox,Sliver,"threatfox,c2,shodan,sliver",2026-09-14 16:06:31,2026-09-14 16:19:23,85
ip,45.38.20.151,threatfox,Sliver,"threatfox,c2,shodan,sliver",2026-09-14 16:06:31,2026-09-14 16:19:23,85
ip,45.76.191.22,threatfox,AdaptixC2,"threatfox,adaptixc2,c2,shodan",2026-09-14 16:06:31,2026-09-14 16:19:23,85
ip,45.86.230.112,threatfox,SystemBC,"threatfox,SystemBC",2026-09-14 16:06:31,2026-09-14 16:19:23,85
ip,45.86.64.228,threatfox,Cobalt Strike,"threatfox,c2,cobaltstrike,shodan",2026-09-14 16:06:31,2026-09-14 16:19:23,85
ip,46.101.191.125,threatfox,Unknown malware,"threatfox,c2,gophish,phishing,shodan",2026-09-14 16:06:31,2026-09-14 16:19:23,85
ip,46.235.168.54,threatfox,Cobalt Strike,"threatfox,c2,cobaltstrike,shodan",2026-09-14 16:06:31,2026-09-14 16:19:23,85
ip,46.235.168.58,threatfox,Cobalt Strike,"threatfox,c2,cobaltstrike,shodan",2026-09-14 16:06:31,2026-09-14 16:19:23,85
ip,47.114.43.18,threatfox,Unknown malware,"threatfox,c2,gophish,phishing,shodan",2026-09-14 16:06:31,2026-09-14 16:19:23,85
ip,47.121.130.18,threatfox,Cobalt Strike,"threatfox,cobaltstrike",2026-09-12 16:06:49,2026-09-14 16:19:23,85
ip,47.236.83.240,threatfox,Cobalt Strike,"threatfox,c2,cobaltstrike,shodan",2026-08-04 07:49:13,2026-09-14 16:19:23,85
ip,47.84.125.171,threatfox,Sliver,"threatfox,c2,shodan,sliver",2026-09-14 16:06:31,2026-09-14 16:19:23,85
ip,47.93.159.68,threatfox,Sliver,"threatfox,c2,shodan,sliver",2026-08-23 16:06:16,2026-09-14 16:19:23,85
ip,49.13.51.178,threatfox,Unknown malware,"threatfox,c2,gophish,phishing,shodan",2026-09-14 16:06:31,2026-09-14 16:19:23,85
ip,49.235.97.199,threatfox,Unknown malware,"threatfox,c2,gophish,phishing,shodan",2026-09-14 16:06:31,2026-09-14 16:19:23,85
ip,5.175.189.139,threatfox,Unknown malware,"threatfox,c2,gophish,phishing,shodan",2026-09-14 16:06:31,2026-09-14 16:19:23,85
ip,5.32.21.58,threatfox,Unknown malware,"threatfox,c2,powersploit,shodan",2026-09-14 16:06:31,2026-09-14 16:19:23,85
ip,5.61.208.88,threatfox,AsyncRAT,"threatfox,asyncrat,c2",2026-09-14 16:06:31,2026-09-14 16:19:23,85
ip,50.114.115.192,threatfox,Unknown malware,"threatfox,c2,gophish,phishing,shodan",2026-09-14 16:06:31,2026-09-14 16:19:23,85
ip,50.16.16.211,feodotracker,QakBot,"c2,botnet,port:443",2026-04-11 03:35:43,2026-09-14 16:19:23,90
ip,50.212.108.73,threatfox,Unknown malware,"threatfox,c2,powersploit,shodan",2026-09-14 16:06:31,2026-09-14 16:19:23,85
ip,51.15.236.75,threatfox,Unknown malware,"threatfox,c2,gophish,phishing,shodan",2026-09-14 16:06:31,2026-09-14 16:19:23,85
ip,51.159.164.254,threatfox,Unknown malware,"threatfox,c2,gophish,phishing,shodan",2026-09-14 16:06:31,2026-09-14 16:19:23,85
ip,51.178.106.131,threatfox,Unknown malware,"threatfox,c2,gophish,phishing,shodan",2026-09-14 16:06:31,2026-09-14 16:19:23,85
ip,51.195.41.45,threatfox,Sliver,"threatfox,c2,shodan,sliver",2026-09-14 16:06:31,2026-09-14 16:19:23,85
ip,51.195.45.187,threatfox,Unknown malware,"threatfox,c2,locust,shodan",2026-09-14 16:06:31,2026-09-14 16:19:23,85
ip,51.75.47.14,threatfox,Unknown malware,"threatfox,c2,gophish,phishing,shodan",2026-09-14 16:06:31,2026-09-14 16:19:23,85
ip,51.79.86.125,threatfox,Unknown malware,"threatfox,c2,gophish,phishing,shodan",2026-09-14 16:06:31,2026-09-14 16:19:23,85
ip,51.83.76.255,threatfox,Unknown malware,"threatfox,c2,gophish,phishing,shodan",2026-09-14 16:06:31,2026-09-14 16:19:23,85
ip,52.149.13.67,threatfox,Unknown malware,"threatfox,c2,gophish,phishing,shodan",2026-09-14 16:06:31,2026-09-14 16:19:23,85
ip,52.15.97.37,threatfox,Unknown malware,"threatfox,c2,powersploit,shodan",2026-09-14 16:06:31,2026-09-14 16:19:23,85
ip,52.175.50.182,threatfox,Sliver,"threatfox,c2,shodan,sliver",2026-09-14 16:06:31,2026-09-14 16:19:23,85
ip,52.195.44.206,threatfox,Unknown malware,"threatfox,c2,panda,shodan",2026-09-14 16:06:31,2026-09-14 16:19:23,85
ip,52.252.74.100,threatfox,Unknown malware,"threatfox,c2,gophish,phishing,shodan",2026-09-14 16:06:31,2026-09-14 16:19:23,85
ip,52.45.100.81,threatfox,Unknown malware,"threatfox,c2,powersploit,shodan",2026-09-14 16:06:31,2026-09-14 16:19:23,85
ip,52.52.173.17,threatfox,Unknown malware,"threatfox,c2,gophish,phishing,shodan",2026-09-14 16:06:31,2026-09-14 16:19:23,85
ip,54.36.28.241,threatfox,Unknown malware,"threatfox,c2,gophish,phishing,shodan",2026-09-14 16:06:31,2026-09-14 16:19:23,85
ip,54.38.203.26,threatfox,Unknown malware,"threatfox,c2,gophish,phishing,shodan",2026-09-14 16:06:31,2026-09-14 16:19:23,85
ip,57.129.121.177,threatfox,Unknown malware,"threatfox,c2,gophish,phishing,shodan",2026-09-14 16:06:31,2026-09-14 16:19:23,85
ip,57.129.137.54,threatfox,Unknown malware,"threatfox,c2,gophish,phishing,shodan",2026-09-14 16:06:31,2026-09-14 16:19:23,85
ip,57.182.211.200,threatfox,Brute Ratel C4,"threatfox,bruteratel,c2,shodan",2026-09-14 16:06:31,2026-09-14 16:19:23,85
ip,62.141.50.40,threatfox,Unknown malware,"threatfox,c2,gophish,phishing,shodan",2026-09-14 16:06:31,2026-09-14 16:19:23,85
ip,62.141.51.40,threatfox,Unknown malware,"threatfox,c2,gophish,phishing,shodan",2026-09-14 16:06:31,2026-09-14 16:19:23,85
ip,62.60.159.153,threatfox,Sliver,"threatfox,c2,shodan,sliver",2026-09-14 16:06:31,2026-09-14 16:19:23,85
ip,64.118.153.106,threatfox,Cobalt Strike,"threatfox,c2,cobaltstrike,shodan",2026-09-14 16:06:31,2026-09-14 16:19:23,85
ip,64.177.65.0,threatfox,Unknown malware,"threatfox,c2,gophish,phishing,shodan",2026-09-14 16:06:31,2026-09-14 16:19:23,85
ip,64.227.1.44,threatfox,Unknown malware,"threatfox,c2,gophish,phishing,shodan",2026-09-14 16:06:31,2026-09-14 16:19:23,85
ip,64.89.163.63,threatfox,Overlord RAT,"threatfox,c2,overlord",2026-09-14 16:06:31,2026-09-14 16:19:23,85
ip,64.90.10.227,threatfox,Unknown malware,"threatfox,c2,redguard,shodan",2026-09-14 16:06:31,2026-09-14 16:19:23,85
ip,65.21.185.111,threatfox,Unknown malware,"threatfox,c2,gophish,phishing,shodan",2026-09-14 16:06:31,2026-09-14 16:19:23,85
ip,69.40.43.85,threatfox,DarkComet,"threatfox,c2,darkcomet,shodan",2026-09-14 16:06:31,2026-09-14 16:19:23,85
ip,74.162.154.113,threatfox,DarkComet,"threatfox,c2,darkcomet,shodan",2026-09-14 16:06:31,2026-09-14 16:19:23,85
ip,78.12.19.218,threatfox,Cobalt Strike,"threatfox,c2,cobaltstrike,shodan",2026-09-14 16:06:31,2026-09-14 16:19:23,85
ip,78.141.201.52,threatfox,Unknown malware,"threatfox,c2,gophish,phishing,shodan",2026-09-14 16:06:31,2026-09-14 16:19:23,85
ip,79.76.103.68,threatfox,Unknown malware,"threatfox,c2,gophish,phishing,shodan",2026-09-14 16:06:31,2026-09-14 16:19:23,85
ip,79.76.112.179,threatfox,Unknown malware,"threatfox,c2,gophish,phishing,shodan",2026-09-14 16:06:31,2026-09-14 16:19:23,85
ip,8.135.35.212,threatfox,Unknown malware,"threatfox,c2,gophish,phishing,shodan",2026-09-14 16:06:31,2026-09-14 16:19:23,85
ip,8.156.70.173,threatfox,Unknown malware,"threatfox,c2,panda,shodan",2026-09-14 16:06:31,2026-09-14 16:19:23,85
ip,8.213.20.252,threatfox,Unknown malware,"threatfox,c2,locust,shodan",2026-09-14 16:06:31,2026-09-14 16:19:23,85
ip,8.222.147.42,threatfox,Cobalt Strike,"threatfox,c2,cobaltstrike,shodan",2026-09-14 16:06:31,2026-09-14 16:19:23,85
ip,8.38.115.20,threatfox,Unknown malware,"threatfox,c2,powersploit,shodan",2026-09-14 16:06:31,2026-09-14 16:19:23,85
ip,84.131.61.171,threatfox,Ghost RAT,"threatfox,c2,gh0st,shodan",2026-09-14 16:06:31,2026-09-14 16:19:23,85
ip,84.247.164.236,threatfox,Unknown malware,"threatfox,c2,gophish,phishing,shodan",2026-09-14 16:06:31,2026-09-14 16:19:23,85
ip,85.120.253.113,threatfox,SectopRAT,"threatfox,c2,sectop,shodan",2026-08-21 16:09:29,2026-09-14 16:19:23,85
ip,87.243.97.168,threatfox,DarkComet,"threatfox,c2,darkcomet,shodan",2026-09-14 16:06:31,2026-09-14 16:19:23,85
ip,87.58.154.223,threatfox,Unknown malware,"threatfox,c2,gophish,phishing,shodan",2026-09-14 16:06:31,2026-09-14 16:19:23,85
ip,89.124.114.130,threatfox,SectopRAT,"threatfox,c2,sectop,shodan",2026-09-14 16:06:31,2026-09-14 16:19:23,85
ip,89.167.2.249,threatfox,Unknown malware,"threatfox,c2,gophish,phishing,shodan",2026-09-14 16:06:31,2026-09-14 16:19:23,85
ip,89.23.110.250,threatfox,AdaptixC2,"threatfox,adaptixc2,c2,shodan",2026-09-14 16:06:31,2026-09-14 16:19:23,85
ip,89.242.2.146,threatfox,Unknown malware,"threatfox,c2,powersploit,shodan",2026-09-14 16:06:31,2026-09-14 16:19:23,85
ip,91.103.107.169,threatfox,Unknown malware,"threatfox,c2,gophish,phishing,shodan",2026-09-14 16:06:31,2026-09-14 16:19:23,85
ip,91.107.230.99,threatfox,Unknown malware,"threatfox,c2,locust,shodan",2026-09-14 16:06:31,2026-09-14 16:19:23,85
ip,91.242.163.201,threatfox,Sliver,"threatfox,c2,shodan,sliver",2026-09-14 16:06:31,2026-09-14 16:19:23,85
ip,91.92.153.119,threatfox,Unknown malware,"threatfox,c2,gophish,phishing,shodan",2026-09-14 16:06:31,2026-09-14 16:19:23,85
ip,91.92.35.7,threatfox,Bashlite,"threatfox,Gafgyt",2026-09-14 16:06:31,2026-09-14 16:19:23,85
ip,92.223.85.43,threatfox,Sliver,"threatfox,c2,shodan,sliver",2026-09-11 16:06:12,2026-09-14 16:19:23,85
ip,92.5.166.15,threatfox,Sliver,"threatfox,c2,shodan,sliver",2026-09-14 16:06:31,2026-09-14 16:19:23,85
ip,94.232.46.202,threatfox,SystemBC,"threatfox,SystemBC",2026-09-14 16:06:31,2026-09-14 16:19:23,85
ip,95.133.253.22,threatfox,Unknown malware,"threatfox,c2,locust,shodan",2026-09-14 16:06:31,2026-09-14 16:19:23,85
ip,95.182.114.29,threatfox,Cobalt Strike,"threatfox,c2,cobaltstrike,shodan",2026-06-12 17:05:31,2026-09-14 16:19:23,85
ip,95.38.176.143,threatfox,Sliver,"threatfox,c2,shodan,sliver",2026-09-14 16:06:31,2026-09-14 16:19:23,85
ip,96.244.108.74,threatfox,Cobalt Strike,"threatfox,c2,cobaltstrike,shodan",2026-09-14 16:06:31,2026-09-14 16:19:23,85
ssl_sha1,00095e3cd5dfc929d16036132665d7e3e9ef7cd6,sslbl,Vidar C&C,"sslbl,2026-09-12",2026-09-12 16:06:49,2026-09-14 16:19:23,88
ssl_sha1,0034d3f66acca402e4ae3d683e435f10d513006a,sslbl,ACRStealer C&C,"sslbl,2026-08-08",2026-08-09 00:42:39,2026-09-14 16:19:23,88
ssl_sha1,009a05eaf082d20ae13a65abda12afd959cd76de,sslbl,VenomRAT C&C,"sslbl,2026-09-13",2026-09-14 04:06:32,2026-09-14 16:19:23,88
ssl_sha1,01162aa2c2be7f9d16f646b94a1245726c68b110,sslbl,PureRAT C&C,"sslbl,2026-08-22",2026-08-22 16:06:16,2026-09-14 16:19:23,88
ssl_sha1,0141dfae0d4426123aa2fbdd759162fa82d0f8e1,sslbl,PureLogsStealer C&C,"sslbl,2026-08-04",2026-08-05 12:42:46,2026-09-14 16:19:23,88
ssl_sha1,014d51d79c5a5c80042abedb35231581ff07c2e7,sslbl,Vidar C&C,"sslbl,2026-07-30",2026-07-31 05:35:34,2026-09-14 16:19:23,88
ssl_sha1,01b9a51320b270b527c744a7ebc9f9bc68a94f81,sslbl,ConnectWise C&C,"sslbl,2026-08-19",2026-08-19 16:06:13,2026-09-14 16:19:23,88
ssl_sha1,01cc79c660e1677fc17665e6d8169b5fdad75668,sslbl,PureLogsStealer C&C,"sslbl,2026-08-05",2026-08-06 00:43:27,2026-09-14 16:19:23,88
ssl_sha1,02df529de5d2da5b01c0b557b02b289b060f344b,sslbl,PureRAT C&C,"sslbl,2026-08-08",2026-08-09 00:42:39,2026-09-14 16:19:23,88
ssl_sha1,030279988932ee4115de7e6e8cdeb91927c078db,sslbl,OffLoader C&C,"sslbl,2026-08-19",2026-08-19 16:06:13,2026-09-14 16:19:23,88
ssl_sha1,031491e9d9e07391f330aef5bbdce9febbf1fe90,sslbl,OffLoader C&C,"sslbl,2026-09-11",2026-09-11 16:06:11,2026-09-14 16:19:23,88
ssl_sha1,03cdb8ba1363fb90f77ab53b6fc78d58a5340c35,sslbl,PureRAT C&C,"sslbl,2026-08-20",2026-08-20 16:06:17,2026-09-14 16:19:23,88
ssl_sha1,048bd151ab0a9c0add6d5bba9dc73521e42d9a20,sslbl,AsyncRAT C&C,"sslbl,2026-09-10",2026-09-10 16:06:38,2026-09-14 16:19:23,88
ssl_sha1,057b2084f877c8737e60de6c07ad829ea411b9c6,sslbl,Vidar C&C,"sslbl,2026-08-15",2026-08-15 20:13:12,2026-09-14 16:19:23,88
ssl_sha1,059e425acfe2753d135e1b7ba39e30f0b00dbbb3,sslbl,PureLogsStealer C&C,"sslbl,2026-08-06",2026-08-06 12:43:05,2026-09-14 16:19:23,88
ssl_sha1,05b215b1710e56a14f4742b10586af2750da866a,sslbl,OffLoader C&C,"sslbl,2026-08-13",2026-08-13 08:13:02,2026-09-14 16:19:23,88
ssl_sha1,05ba9d18bc4c00bec6bb5ed461fd889259929709,sslbl,Vidar C&C,"sslbl,2026-08-02",2026-08-02 17:36:31,2026-09-14 16:19:23,88
ssl_sha1,05fb6a6fa12c1638063b36498703b24fbbc2df43,sslbl,ACRStealer C&C,"sslbl,2026-09-06",2026-09-06 16:06:16,2026-09-14 16:19:23,88
ssl_sha1,06c6a1e29b1948ac47c0fee2e8652a07fcde1f9e,sslbl,Vidar C&C,"sslbl,2026-08-27",2026-08-27 16:06:11,2026-09-14 16:19:23,88
ssl_sha1,070aa492d4afcb841457f33f366206805947160f,sslbl,Socks5Systemz C&C,"sslbl,2026-09-06",2026-09-06 16:06:16,2026-09-14 16:19:23,88
ssl_sha1,077be211823898ed4eb3d3faf920781321f7ca5c,sslbl,PureLogsStealer C&C,"sslbl,2026-09-09",2026-09-09 16:06:20,2026-09-14 16:19:23,88
ssl_sha1,08d8ee8314ace61bcc0481fe9c0e2bfaaccf34e0,sslbl,Vidar C&C,"sslbl,2026-08-12",2026-08-12 12:42:52,2026-09-14 16:19:23,88
ssl_sha1,096f890e1d8d4220a1c0501a50fd6037804412c4,sslbl,Vidar C&C,"sslbl,2026-07-23",2026-07-23 18:30:39,2026-09-14 16:19:23,88
ssl_sha1,097cee540020aa1e282dcf5afefebcb5a6a1dae4,sslbl,PureLogsStealer C&C,"sslbl,2026-08-06",2026-08-06 12:43:05,2026-09-14 16:19:23,88
ssl_sha1,09cc432d307b2b2d67a102c9a579f24b511cfea2,sslbl,Vidar C&C,"sslbl,2026-09-04",2026-09-04 16:06:41,2026-09-14 16:19:23,88
ssl_sha1,09f261bec38f8f17f3aba55d8f24e0c11236de40,sslbl,PureLogsStealer C&C,"sslbl,2026-08-19",2026-08-19 16:06:13,2026-09-14 16:19:23,88
ssl_sha1,0a1192b7efc4408315bb36a29eaa149bf2306e0c,sslbl,PureLogsStealer C&C,"sslbl,2026-09-11",2026-09-11 16:06:11,2026-09-14 16:19:23,88
ssl_sha1,0a2f52fe0e41f4fa2154a7a42134187aa23b6289,sslbl,ConnectWise C&C,"sslbl,2026-08-19",2026-08-19 16:06:13,2026-09-14 16:19:23,88
ssl_sha1,0ad6076cb27bcdd5dd26fe56c022f4ab61ea00be,sslbl,Meterpreter C&C,"sslbl,2026-08-20",2026-08-20 16:06:17,2026-09-14 16:19:23,88
ssl_sha1,0b260881d660a14c3c0b2e61a6685839c8053bc9,sslbl,KongTuke C&C,"sslbl,2026-07-29",2026-07-29 17:37:13,2026-09-14 16:19:23,88
ssl_sha1,0b7abd7fefffcfe53a7ae01594e23d9488a214b4,sslbl,ConnectWise C&C,"sslbl,2026-08-19",2026-08-19 16:06:13,2026-09-14 16:19:23,88
ssl_sha1,0b92ba05df90855d90170858ba91680d33f76e0f,sslbl,ConnectWise C&C,"sslbl,2026-08-19",2026-08-19 16:06:13,2026-09-14 16:19:23,88
ssl_sha1,0bb977bf9e0950a1a818660dde009ac9934bd1e2,sslbl,Vidar C&C,"sslbl,2026-08-21",2026-08-21 16:09:28,2026-09-14 16:19:23,88
ssl_sha1,0c587f31dc58c33ef2e3632bb161f4d52231b7c1,sslbl,ConnectWise C&C,"sslbl,2026-08-22",2026-08-22 16:06:16,2026-09-14 16:19:23,88
ssl_sha1,0f1b05653c3b3ab3bb4ecd772dd024668cbe8df1,sslbl,QuasarRAT C&C,"sslbl,2026-08-13",2026-08-13 20:13:53,2026-09-14 16:19:23,88
ssl_sha1,0f4085482fb0664e22b9dc962bd87184a2048e28,sslbl,ACRStealer C&C,"sslbl,2026-08-26",2026-08-26 16:06:11,2026-09-14 16:19:23,88
ssl_sha1,0f47d296ca2a764238bfd644c7b716cffafa1352,sslbl,Vidar C&C,"sslbl,2026-08-21",2026-08-21 16:09:28,2026-09-14 16:19:23,88
ssl_sha1,0f50074c5489b97def2d220b8cd70bada3361220,sslbl,PureRAT C&C,"sslbl,2026-07-15",2026-07-16 05:21:37,2026-09-14 16:19:23,88
ssl_sha1,10444531944b9b521661ef3bd8d9848d70902bbd,sslbl,PureLogsStealer C&C,"sslbl,2026-08-10",2026-08-10 12:42:40,2026-09-14 16:19:23,88
ssl_sha1,11a907f87c27b67e87f201281797b95f53508752,sslbl,OffLoader C&C,"sslbl,2026-08-10",2026-08-10 12:42:40,2026-09-14 16:19:23,88
ssl_sha1,11a9b0c571e681f4f9e7780e3aff1fe8c2f3d676,sslbl,KongTuke C&C,"sslbl,2026-07-29",2026-07-29 17:37:13,2026-09-14 16:19:23,88
ssl_sha1,12b3a868314cd43aa8d304a7e529bbd498ee74ee,sslbl,Vidar C&C,"sslbl,2026-07-23",2026-07-24 05:35:19,2026-09-14 16:19:23,88
ssl_sha1,12c42acde116383d7b75ae10fc47d5f369f5633e,sslbl,RemusStealer C&C,"sslbl,2026-08-06",2026-08-06 12:43:05,2026-09-14 16:19:23,88
ssl_sha1,131d534087149d0095a326dcb33e77afcbec308c,sslbl,AnimateClipper C&C,"sslbl,2026-07-26",2026-07-26 17:35:20,2026-09-14 16:19:23,88
ssl_sha1,131e6cb931dd908cdf9fc5bdd6f8245c9b399ea9,sslbl,ConnectWise C&C,"sslbl,2026-08-07",2026-08-07 12:43:25,2026-09-14 16:19:23,88
ssl_sha1,1389c26fb7ce71a7aa1514e86879daf6b373325a,sslbl,OffLoader C&C,"sslbl,2026-08-28",2026-08-29 04:06:17,2026-09-14 16:19:23,88
ssl_sha1,13f40ae70a0fe1ae9e727ad329583635cf8090be,sslbl,PureLogsStealer C&C,"sslbl,2026-08-10",2026-08-11 00:42:33,2026-09-14 16:19:23,88
ssl_sha1,14333675b09013c7299af764816b152b90d29952,sslbl,Vidar C&C,"sslbl,2026-08-14",2026-08-14 08:13:11,2026-09-14 16:19:23,88
ssl_sha1,145f0fa0f6134e66fa5c80989c13987baf799bda,sslbl,Vidar C&C,"sslbl,2026-09-02",2026-09-02 16:07:20,2026-09-14 16:19:23,88
ssl_sha1,147ca23505c924119036d7e4942ddc0737f39adf,sslbl,PureLogsStealer C&C,"sslbl,2026-08-07",2026-08-07 12:43:25,2026-09-14 16:19:23,88
ssl_sha1,14bc0ce6c63bf1c1554b4cd1772c60b57c38ab09,sslbl,Vidar C&C,"sslbl,2026-09-14",2026-09-14 16:06:31,2026-09-14 16:19:23,88
ssl_sha1,150e9fffc913a1c87bf94e7f2ad0354d4b6afea1,sslbl,Malware distribution,"sslbl,2026-08-22",2026-08-22 16:06:16,2026-09-14 16:19:23,88
ssl_sha1,16237ea9476a99f34c740649ccb7119db3af5df0,sslbl,PureRAT C&C,"sslbl,2026-08-08",2026-08-09 00:42:39,2026-09-14 16:19:23,88
ssl_sha1,16508580f31edaaf4cbe08f9c417840fa4f918d0,sslbl,ACRStealer C&C,"sslbl,2026-07-23",2026-07-23 18:30:39,2026-09-14 16:19:23,88
ssl_sha1,16545697d78cbada6dac236b73dbeff19c9035d1,sslbl,PureLogsStealer C&C,"sslbl,2026-08-19",2026-08-20 04:06:14,2026-09-14 16:19:23,88
ssl_sha1,1674f349ec288a75ac123a1752d433a21ceddcef,sslbl,Vidar C&C,"sslbl,2026-08-11",2026-08-11 12:42:27,2026-09-14 16:19:23,88
ssl_sha1,16fbb45457a2d8e67c556db46e051893917e2104,sslbl,KongTuke C&C,"sslbl,2026-07-30",2026-07-30 17:35:22,2026-09-14 16:19:23,88
ssl_sha1,1727143583fd38bc4b6b5986f5c7b2c919f885af,sslbl,KongTuke C&C,"sslbl,2026-07-30",2026-07-30 17:35:22,2026-09-14 16:19:23,88
ssl_sha1,173cb58c2538a3e2fccf3f3ae72b5713e4f810a3,sslbl,ACRStealer C&C,"sslbl,2026-08-19",2026-08-19 16:06:13,2026-09-14 16:19:23,88
ssl_sha1,17d881f02866b9e629d39d16bdf43ca953b38d5c,sslbl,OffLoader C&C,"sslbl,2026-09-01",2026-09-01 16:06:06,2026-09-14 16:19:23,88
ssl_sha1,17ee516f7e99548d2b4d735f2100f2754d814288,sslbl,OffLoader C&C,"sslbl,2026-09-04",2026-09-04 16:06:41,2026-09-14 16:19:23,88
ssl_sha1,183d02c077142b8701d1a719cc8cee3f8fb76072,sslbl,OffLoader C&C,"sslbl,2026-08-14",2026-08-14 08:13:11,2026-09-14 16:19:23,88
ssl_sha1,1869a727516b162905ef9df32d1ad3fe6ceea9f0,sslbl,PureLogsStealer C&C,"sslbl,2026-08-13",2026-08-13 08:13:02,2026-09-14 16:19:23,88
ssl_sha1,1955a3ce0e4bb011e3e667a51be5f42fb02d769f,sslbl,OffLoader C&C,"sslbl,2026-09-09",2026-09-10 04:07:18,2026-09-14 16:19:23,88
ssl_sha1,199e1fd0a2f1c805aae75b33803d0e27b874b892,sslbl,OffLoader C&C,"sslbl,2026-09-10",2026-09-10 16:06:38,2026-09-14 16:19:23,88
ssl_sha1,19cf66baa4727b080e283d10284993170c9b462b,sslbl,Vidar C&C,"sslbl,2026-08-22",2026-08-22 16:06:16,2026-09-14 16:19:23,88
ssl_sha1,19d7b8b5842177ba762fb0b30fd1368e953e73e9,sslbl,ACRStealer C&C,"sslbl,2026-08-11",2026-08-11 12:42:27,2026-09-14 16:19:23,88
ssl_sha1,1ab7aaf074b1e925322cd328b4d1343f46f4f91b,sslbl,PureLogsStealer C&C,"sslbl,2026-08-08",2026-08-09 00:42:39,2026-09-14 16:19:23,88
ssl_sha1,1b48b0bd62383ba8f49d25e8584a290016730f3d,sslbl,Vidar C&C,"sslbl,2026-08-11",2026-08-11 12:42:27,2026-09-14 16:19:23,88
ssl_sha1,1baea4f8295715f075d3c0510b61017840047ae3,sslbl,Vidar C&C,"sslbl,2026-09-06",2026-09-06 16:06:16,2026-09-14 16:19:23,88
ssl_sha1,1bf12565f5b66f9f938f92411d31aea37d9676e8,sslbl,Vidar C&C,"sslbl,2026-09-04",2026-09-04 16:06:41,2026-09-14 16:19:23,88
ssl_sha1,1cdb18c33da65a40adad7b51808edf66f3e180e5,sslbl,PureLogsStealer C&C,"sslbl,2026-08-21",2026-08-21 16:09:28,2026-09-14 16:19:23,88
ssl_sha1,1d6ef2caa8acc4b05edcbf2e8b1e6ee9c7217eb9,sslbl,Vidar C&C,"sslbl,2026-08-12",2026-08-12 12:42:52,2026-09-14 16:19:23,88
ssl_sha1,1db0412338ca7c2407e54aeb6791beeedd146c4c,sslbl,PureRAT C&C,"sslbl,2026-07-16",2026-07-16 17:20:54,2026-09-14 16:19:23,88
ssl_sha1,1dc516de96cd73ff7a4040ec3b4927988d1a0049,sslbl,ConnectWise C&C,"sslbl,2026-08-04",2026-08-04 07:49:13,2026-09-14 16:19:23,88
ssl_sha1,1dedacf3710f30c15b9e73c9d719a969eec755e5,sslbl,Vidar C&C,"sslbl,2026-07-15",2026-07-16 05:21:37,2026-09-14 16:19:23,88
ssl_sha1,1e5253b44aa68a4b31f0dfc07df48b31798debca,sslbl,ACRStealer C&C,"sslbl,2026-07-18",2026-07-19 05:20:40,2026-09-14 16:19:23,88
ssl_sha1,1e7d6c983d80311dcecc580135dcc216732fd478,sslbl,Vidar C&C,"sslbl,2026-08-19",2026-08-19 16:06:13,2026-09-14 16:19:23,88
ssl_sha1,1edaae5bb268c6ec2f90076a7c47b7bfbc531a15,sslbl,Vidar C&C,"sslbl,2026-09-09",2026-09-09 16:06:20,2026-09-14 16:19:23,88
ssl_sha1,1f494cd829ce4d2c465b8e981a0c7f9288354328,sslbl,Vidar C&C,"sslbl,2026-08-30",2026-08-30 16:06:18,2026-09-14 16:19:23,88
ssl_sha1,206850b799a53982b73accdefec94083f2094a6e,sslbl,PureRAT C&C,"sslbl,2026-09-07",2026-09-07 16:06:32,2026-09-14 16:19:23,88
ssl_sha1,2125bebc5912c9fb523a668daf7d116999488493,sslbl,Koadic C&C,"sslbl,2026-08-27",2026-08-27 16:06:11,2026-09-14 16:19:23,88
ssl_sha1,22bedd3b6ea141fbe9b50681baa395909e014ad0,sslbl,PureLogsStealer C&C,"sslbl,2026-08-06",2026-08-06 12:43:05,2026-09-14 16:19:23,88
ssl_sha1,22d945ac6c7c00fb7bb5d0dc3618a82d46cfd1e2,sslbl,QuasarRAT C&C,"sslbl,2026-09-06",2026-09-06 16:06:16,2026-09-14 16:19:23,88
ssl_sha1,240ce6287e5ee63adc65bde38ca08a7132f5b08b,sslbl,RatonRAT C&C,"sslbl,2026-08-27",2026-08-27 16:06:11,2026-09-14 16:19:23,88
ssl_sha1,25042ea148aa7ccb23ebabb701cacca1d2fbd1d4,sslbl,HypeAgent C&C,"sslbl,2026-08-25",2026-08-25 16:07:37,2026-09-14 16:19:23,88
ssl_sha1,25828f9462f9998c2be7214d5db7e092e3878945,sslbl,Vidar C&C,"sslbl,2026-08-12",2026-08-12 12:42:52,2026-09-14 16:19:23,88
ssl_sha1,261044d91561eedea17eac730254426b193e27fe,sslbl,PureRAT C&C,"sslbl,2026-08-13",2026-08-13 08:13:02,2026-09-14 16:19:23,88
ssl_sha1,263a7098595232fb1c9536d18a903858431212c0,sslbl,MeshAgent C&C,"sslbl,2026-08-10",2026-08-11 00:42:33,2026-09-14 16:19:23,88
ssl_sha1,26d708c6ce4554e9fed0ae35556501faf8d0b01c,sslbl,ZigClipper C&C,"sslbl,2026-08-08",2026-08-09 00:42:39,2026-09-14 16:19:23,88
ssl_sha1,26edae2d62f7008d9a3ea68999f41316f4cdf762,sslbl,PureLogsStealer C&C,"sslbl,2026-09-02",2026-09-02 16:07:20,2026-09-14 16:19:23,88
ssl_sha1,277cf8e1227351964ba2a8e57b49b26f8f8e353a,sslbl,Vidar C&C,"sslbl,2026-08-24",2026-08-24 16:06:10,2026-09-14 16:19:23,88
ssl_sha1,283042355c89f2c59e260246d1488a73a8bef7b2,sslbl,PureLogsStealer C&C,"sslbl,2026-07-27",2026-07-27 17:35:21,2026-09-14 16:19:23,88
ssl_sha1,28db945e3beaf15a6f6d7fdf2dfc06a5f0319fc3,sslbl,Malware C&C,"sslbl,2026-08-06",2026-08-06 12:43:05,2026-09-14 16:19:23,88
ssl_sha1,28f2252914fd660fb663fae3995bfa2202285cfe,sslbl,PureLogsStealer C&C,"sslbl,2026-09-10",2026-09-10 16:06:38,2026-09-14 16:19:23,88
ssl_sha1,29e434f384fe91188ce4c8a3f607a781e5c5e5d1,sslbl,PureRAT C&C,"sslbl,2026-08-06",2026-08-06 12:43:05,2026-09-14 16:19:23,88
ssl_sha1,2a2c44f91a961c0b573d1e823f314fb4ffbc88dd,sslbl,OffLoader C&C,"sslbl,2026-09-07",2026-09-07 16:06:32,2026-09-14 16:19:23,88
ssl_sha1,2a68cf483216956f8162c0334a75dac483bfaac6,sslbl,Vidar C&C,"sslbl,2026-08-13",2026-08-13 20:13:53,2026-09-14 16:19:23,88
ssl_sha1,2b05666e08e41d03ae03a5f282434e36229ea962,sslbl,ConnectWise C&C,"sslbl,2026-08-14",2026-08-14 08:13:11,2026-09-14 16:19:23,88
ssl_sha1,2b7ffb92a05fe5f22a0f26d9c76a3155f04fdd45,sslbl,PureLogsStealer C&C,"sslbl,2026-08-04",2026-08-05 12:42:46,2026-09-14 16:19:23,88
ssl_sha1,2be2964d2711f536de55aa929fa612ba69ebc405,sslbl,Vidar C&C,"sslbl,2026-09-09",2026-09-09 16:06:20,2026-09-14 16:19:23,88
ssl_sha1,2d410f6e2daaf4665a958610ce94242145c714e3,sslbl,PureLogsStealer C&C,"sslbl,2026-08-08",2026-08-09 00:42:39,2026-09-14 16:19:23,88
ssl_sha1,2e5d32f48396874bdbf9e30cbf56d9d5440f24ec,sslbl,ConnectWise C&C,"sslbl,2026-08-31",2026-08-31 16:06:17,2026-09-14 16:19:23,88
ssl_sha1,304062e0d9d93dad14b84554abb56fd3af8266ff,sslbl,Vidar C&C,"sslbl,2026-08-19",2026-08-19 16:06:13,2026-09-14 16:19:23,88
ssl_sha1,30ae51f106a573be769968e15c0a6f56a2878a16,sslbl,Vidar C&C,"sslbl,2026-08-05",2026-08-05 12:42:46,2026-09-14 16:19:23,88
ssl_sha1,3141245c066d71ef08936296ffea7ea15082f7fd,sslbl,ConnectWise C&C,"sslbl,2026-08-14",2026-08-14 08:13:11,2026-09-14 16:19:23,88
ssl_sha1,328089d815eb8db2dcb741cd603fc451295636d4,sslbl,PureRAT C&C,"sslbl,2026-08-31",2026-08-31 16:06:17,2026-09-14 16:19:23,88
ssl_sha1,32a8651489a0a5fb3fb0679514bed1e86c0c576c,sslbl,ACRStealer C&C,"sslbl,2026-08-10",2026-08-10 12:42:40,2026-09-14 16:19:23,88
ssl_sha1,32c779b627c28c168bcf744948c35f45462e9307,sslbl,PureRAT C&C,"sslbl,2026-09-08",2026-09-08 16:06:37,2026-09-14 16:19:23,88
ssl_sha1,3595cb507d47314a6749679e4217ec993c5c3691,sslbl,DCAgentRMM C&C,"sslbl,2026-08-25",2026-08-25 16:07:37,2026-09-14 16:19:23,88
ssl_sha1,3599615abff24cd9b7801d4ee3263d66ab320867,sslbl,PureLogsStealer C&C,"sslbl,2026-07-15",2026-07-16 05:21:37,2026-09-14 16:19:23,88
ssl_sha1,35c361f9688643bd7cd6a7057178d869bcd6ea7b,sslbl,ConnectWise C&C,"sslbl,2026-08-04",2026-08-04 07:49:13,2026-09-14 16:19:23,88
ssl_sha1,361864879b9712b391b7d1af733e24168f67c419,sslbl,Malware C&C,"sslbl,2026-08-04",2026-08-05 12:42:46,2026-09-14 16:19:23,88
ssl_sha1,369b439f1afec9b1ae1d5de29a603f6ba34a3039,sslbl,PureRAT C&C,"sslbl,2026-08-04",2026-08-04 07:49:13,2026-09-14 16:19:23,88
ssl_sha1,3712fb1d824e230a43660016e4e305e623dad067,sslbl,Malware C&C,"sslbl,2026-08-12",2026-08-12 12:42:52,2026-09-14 16:19:23,88
ssl_sha1,3992dd5edcdf2ce5d143f933e2657640e00a58d4,sslbl,OffLoader C&C,"sslbl,2026-08-20",2026-08-20 16:06:17,2026-09-14 16:19:23,88
ssl_sha1,3a62153757fc44e7a948a9c289a08798ea8e8487,sslbl,OffLoader C&C,"sslbl,2026-09-09",2026-09-09 16:06:20,2026-09-14 16:19:23,88
ssl_sha1,3b0855807c94981dca90ba6eb15e94087c91fb52,sslbl,PureRAT C&C,"sslbl,2026-08-08",2026-08-09 00:42:39,2026-09-14 16:19:23,88
ssl_sha1,3c286904e96ada2549fe774aa6eb2d39920219ec,sslbl,Malware C&C,"sslbl,2026-08-13",2026-08-13 08:13:02,2026-09-14 16:19:23,88
ssl_sha1,3cf6a282d22b606bce0ba5ad74526257eff4cf81,sslbl,PureRAT C&C,"sslbl,2026-07-17",2026-07-17 17:21:06,2026-09-14 16:19:23,88
ssl_sha1,3ddf56dd624309d956cccb6c41eb6fcfbb3c6364,sslbl,ZigClipper C&C,"sslbl,2026-08-05",2026-08-06 00:43:27,2026-09-14 16:19:23,88
ssl_sha1,3e3c44169f96771a93af70cef73772afc6530f39,sslbl,Vidar C&C,"sslbl,2026-08-10",2026-08-10 12:42:40,2026-09-14 16:19:23,88
ssl_sha1,3fb1dbcabe3bab0eb06fefe295821bff1007fb25,sslbl,PureRAT C&C,"sslbl,2026-07-17",2026-07-17 17:21:06,2026-09-14 16:19:23,88
ssl_sha1,401d739effc60f0ddbfc096d8b7a64625744824a,sslbl,OffLoader C&C,"sslbl,2026-09-09",2026-09-09 16:06:20,2026-09-14 16:19:23,88
ssl_sha1,407df66ac87ceb177c560e82df9521c8003b5f0d,sslbl,ConnectWise C&C,"sslbl,2026-08-28",2026-08-29 04:06:17,2026-09-14 16:19:23,88
ssl_sha1,40ab2a74848e4b409900153beb94a6977de80d4a,sslbl,PureRAT C&C,"sslbl,2026-08-04",2026-08-04 07:49:13,2026-09-14 16:19:23,88
ssl_sha1,40d55bdf808d31690157cc7865a3161d6f44f073,sslbl,Vidar C&C,"sslbl,2026-08-17",2026-08-17 08:13:04,2026-09-14 16:19:23,88
ssl_sha1,4157992dbca11ebbe0938db99c79c0769ff4e1b1,sslbl,PureRAT C&C,"sslbl,2026-09-03",2026-09-03 16:06:37,2026-09-14 16:19:23,88
ssl_sha1,41f8e81a4f9b3e7e70353a84e4bf87d687ddc79e,sslbl,ConnectWise C&C,"sslbl,2026-08-28",2026-08-29 04:06:17,2026-09-14 16:19:23,88
ssl_sha1,42412a6aee2a4ff0234fc0afe142d5a2bf8f1e92,sslbl,HypeAgent C&C,"sslbl,2026-08-27",2026-08-27 16:06:11,2026-09-14 16:19:23,88
ssl_sha1,4264b1c47eac055ce604ef3509d23cd7e3bd584b,sslbl,Vidar C&C,"sslbl,2026-07-16",2026-07-16 17:20:54,2026-09-14 16:19:23,88
ssl_sha1,441b920d869b1e83fe18a2d86d4b6be20099c145,sslbl,ConnectWise C&C,"sslbl,2026-08-07",2026-08-07 12:43:25,2026-09-14 16:19:23,88
ssl_sha1,4442db8ed5780616c630362ab45b8e59f40a2e5a,sslbl,Vidar C&C,"sslbl,2026-08-19",2026-08-19 16:06:13,2026-09-14 16:19:23,88
ssl_sha1,4454daf3ef7f7d71cf8e4ce8067c880f9976c952,sslbl,Vidar C&C,"sslbl,2026-09-06",2026-09-06 16:06:16,2026-09-14 16:19:23,88
ssl_sha1,448bf34943609cd5dcadf4b1dc58512df0718e57,sslbl,PureLogsStealer C&C,"sslbl,2026-08-06",2026-08-06 12:43:05,2026-09-14 16:19:23,88
ssl_sha1,44c6dc94a23e05350af1ff687fef8b78cb089b8b,sslbl,ConnectWise C&C,"sslbl,2026-09-08",2026-09-08 16:06:37,2026-09-14 16:19:23,88
ssl_sha1,450a46fca2ded0fb7231080b7ec1fef089aa6abe,sslbl,Stealc C&C,"sslbl,2026-08-27",2026-08-27 16:06:11,2026-09-14 16:19:23,88
ssl_sha1,45152caa36a93f2aa9dab483d4c57531221c431d,sslbl,DCRat C&C,"sslbl,2026-08-20",2026-08-20 16:06:17,2026-09-14 16:19:23,88
ssl_sha1,45bbc5ebc131cca9663c35c95459564007049d07,sslbl,Vidar C&C,"sslbl,2026-07-25",2026-07-25 17:35:24,2026-09-14 16:19:23,88
ssl_sha1,4672fba181056b9df706573af71ad6462ea3df67,sslbl,PureLogsStealer C&C,"sslbl,2026-08-11",2026-08-11 12:42:27,2026-09-14 16:19:23,88
ssl_sha1,46a2a90c5813eda22263c058742902faf1def5a6,sslbl,ConnectWise C&C,"sslbl,2026-08-14",2026-08-14 08:13:11,2026-09-14 16:19:23,88
ssl_sha1,472239fd43cdfe3b960245672b183c4be200ed7a,sslbl,Vidar C&C,"sslbl,2026-07-23",2026-07-24 05:35:19,2026-09-14 16:19:23,88
ssl_sha1,47a42b7e960e081fb973d80964554f4dea813c9d,sslbl,PureLogsStealer C&C,"sslbl,2026-07-15",2026-07-16 05:21:37,2026-09-14 16:19:23,88
ssl_sha1,481d7383aaeec383beb3012d8dfd20548837e42b,sslbl,PureRAT C&C,"sslbl,2026-08-20",2026-08-20 16:06:17,2026-09-14 16:19:23,88
ssl_sha1,48381652ae3e124b686c25282dac3858a5f2de3e,sslbl,PureRAT C&C,"sslbl,2026-07-21",2026-07-21 17:20:42,2026-09-14 16:19:23,88
ssl_sha1,4a5cf0f4e8da154ed1c60ba064f0e733ce9c373e,sslbl,Vidar C&C,"sslbl,2026-09-10",2026-09-10 16:06:38,2026-09-14 16:19:23,88
ssl_sha1,4a67cf0297c6308d31cbd2e89cd5246817bb1330,sslbl,ACRStealer C&C,"sslbl,2026-08-28",2026-08-28 16:06:18,2026-09-14 16:19:23,88
ssl_sha1,4a6e8bfafdb4754d3fbc09a01e52a88d9d4dd57c,sslbl,OffLoader C&C,"sslbl,2026-08-19",2026-08-19 16:06:13,2026-09-14 16:19:23,88
ssl_sha1,4af902fc388e5b848db1767a6c708e2ada0ad99a,sslbl,Vidar C&C,"sslbl,2026-08-31",2026-08-31 16:06:17,2026-09-14 16:19:23,88
ssl_sha1,4b75d1218c87bc4192b6be37dbd990c11859fef8,sslbl,Metasploit C&C,"sslbl,2026-07-16",2026-07-16 17:20:54,2026-09-14 16:19:23,88
ssl_sha1,4bd9fa1c2cefa0f68b276923d33e9989e2fd0031,sslbl,PureRAT C&C,"sslbl,2026-08-04",2026-08-04 07:49:13,2026-09-14 16:19:23,88
ssl_sha1,4bf18cb50cb5bca46aff5785c1ba96a248d1e9fd,sslbl,Vidar C&C,"sslbl,2026-09-01",2026-09-01 16:06:06,2026-09-14 16:19:23,88
ssl_sha1,4c12b6aa784f92a3c50fb7d99289ca32fe21ad4c,sslbl,PureLogsStealer C&C,"sslbl,2026-09-08",2026-09-08 16:06:37,2026-09-14 16:19:23,88
ssl_sha1,4c7132f9c8bfa60751049644820c6f3a90884ff2,sslbl,RatonRAT C&C,"sslbl,2026-08-19",2026-08-19 16:06:13,2026-09-14 16:19:23,88
ssl_sha1,4cad5fa297a09de48d002bf034f543fd7a9384ed,sslbl,Vidar C&C,"sslbl,2026-08-12",2026-08-12 12:42:52,2026-09-14 16:19:23,88
ssl_sha1,4cc4e635af94a219c0c1eaa78c7c1eebdda49e1f,sslbl,PureRAT C&C,"sslbl,2026-09-01",2026-09-01 16:06:06,2026-09-14 16:19:23,88
ssl_sha1,4e1d76e094c1a61d2e1ed367f67545fabe9bc074,sslbl,Malware C&C,"sslbl,2026-09-01",2026-09-01 16:06:06,2026-09-14 16:19:23,88
ssl_sha1,4e5b7b186ad51a93d4e1ba0e2b5ca006b62571be,sslbl,AsyncRAT C&C,"sslbl,2026-07-21",2026-07-21 17:20:42,2026-09-14 16:19:23,88
ssl_sha1,4ee6cf96fce286a8e41faa52626ccf484c72a772,sslbl,Vidar C&C,"sslbl,2026-08-14",2026-08-14 08:13:11,2026-09-14 16:19:23,88
ssl_sha1,4f6db5622e97cb304f7a739d60c8c3acba13f260,sslbl,Stealc C&C,"sslbl,2026-08-19",2026-08-19 16:06:13,2026-09-14 16:19:23,88
ssl_sha1,5017bd59caaf4a057c724b366aa9530e5cc19931,sslbl,ConnectWise C&C,"sslbl,2026-08-04",2026-08-04 07:49:13,2026-09-14 16:19:23,88
ssl_sha1,508ab3696a27249abc7ea437ee1b8bcb8a999d65,sslbl,OverlordRAT C&C,"sslbl,2026-08-08",2026-08-09 00:42:39,2026-09-14 16:19:23,88
ssl_sha1,50c542ca788f012319a8f72453ae5431e0213a4f,sslbl,PureLogsStealer C&C,"sslbl,2026-08-19",2026-08-19 16:06:13,2026-09-14 16:19:23,88
ssl_sha1,50cad154b9d5fdd19c3f67162257de03d3a6afcd,sslbl,OffLoader C&C,"sslbl,2026-07-17",2026-07-17 17:21:06,2026-09-14 16:19:23,88
ssl_sha1,52a61a5bae1d5d4fb771c4d8ab668c3570c77283,sslbl,PureRAT C&C,"sslbl,2026-08-31",2026-08-31 16:06:17,2026-09-14 16:19:23,88
ssl_sha1,52b3c657964c5ac626f54446cbfb75165d215d65,sslbl,PureLogsStealer C&C,"sslbl,2026-08-04",2026-08-04 07:49:13,2026-09-14 16:19:23,88
ssl_sha1,53e5a73e14b16d4140421466795a2196a53e2bbc,sslbl,PureRAT C&C,"sslbl,2026-08-27",2026-08-27 16:06:11,2026-09-14 16:19:23,88
ssl_sha1,544c1e86e02e5ac18fabe17fff152e4c7e370990,sslbl,ACRStealer C&C,"sslbl,2026-07-23",2026-07-23 18:30:39,2026-09-14 16:19:23,88
ssl_sha1,55828dc9278fe7cc50514d9e95e64422804a0b84,sslbl,OffLoader C&C,"sslbl,2026-08-10",2026-08-10 12:42:40,2026-09-14 16:19:23,88
ssl_sha1,559a55c8c7779e0037429794a8836a1039dbcdc3,sslbl,AsyncRAT C&C,"sslbl,2026-09-09",2026-09-10 04:07:18,2026-09-14 16:19:23,88
ssl_sha1,572029fec2909ba613cee3c3698b8a49af83b428,sslbl,OffLoader C&C,"sslbl,2026-07-15",2026-07-16 05:21:37,2026-09-14 16:19:23,88
ssl_sha1,573ff46149f8feb36cd0dbf80427b88aa156ed7b,sslbl,KongTuke C&C,"sslbl,2026-07-17",2026-07-17 17:21:06,2026-09-14 16:19:23,88
ssl_sha1,5750697f5e734c9105b89e13cc68fa51ae35e726,sslbl,Vidar C&C,"sslbl,2026-09-06",2026-09-06 16:06:16,2026-09-14 16:19:23,88
ssl_sha1,57dd505a5d745deaa32411f3f7e247e6795164a5,sslbl,Vidar C&C,"sslbl,2026-08-19",2026-08-19 16:06:13,2026-09-14 16:19:23,88
ssl_sha1,58243e4728cadacb308dfa0b964571e374ac3c1c,sslbl,Vidar C&C,"sslbl,2026-08-04",2026-08-04 07:49:13,2026-09-14 16:19:23,88
ssl_sha1,58a5ded84c93621d72ecc14b386e0e6bea5d103a,sslbl,Vidar C&C,"sslbl,2026-07-15",2026-07-16 05:21:37,2026-09-14 16:19:23,88
ssl_sha1,5b0334a2bc768aa1fef1eb0d10bf52edb071bf1c,sslbl,Vidar C&C,"sslbl,2026-08-10",2026-08-10 12:42:40,2026-09-14 16:19:23,88
ssl_sha1,5b276d28106cb7d91dd5f810e61d9523d34c7804,sslbl,PureLogsStealer C&C,"sslbl,2026-08-21",2026-08-21 16:09:28,2026-09-14 16:19:23,88
ssl_sha1,5b3c4900b63eb2ca8d0d174ef9e989324bc58c0d,sslbl,TELEPUZ C&C,"sslbl,2026-08-21",2026-08-21 16:09:28,2026-09-14 16:19:23,88
ssl_sha1,5b86c194e3e28190e76652c7a39e9acbf849ada2,sslbl,Vidar C&C,"sslbl,2026-08-13",2026-08-13 08:13:02,2026-09-14 16:19:23,88
ssl_sha1,5d801efeb2e22aa0da901ffbce45db05a80a7b0b,sslbl,Vidar C&C,"sslbl,2026-08-25",2026-08-25 16:07:37,2026-09-14 16:19:23,88
ssl_sha1,5dc598df9a1f9cf893ce86b54f8be517475d1ff9,sslbl,OffLoader C&C,"sslbl,2026-07-21",2026-07-21 17:20:42,2026-09-14 16:19:23,88
ssl_sha1,5dcd3232fc9873ebedca38f8ba5992fce6dccb61,sslbl,PureLogsStealer C&C,"sslbl,2026-08-05",2026-08-06 00:43:27,2026-09-14 16:19:23,88
ssl_sha1,5df1d8183a0c35eed21884c00e84299ded6ece0c,sslbl,PureLogsStealer C&C,"sslbl,2026-09-10",2026-09-10 16:06:38,2026-09-14 16:19:23,88
ssl_sha1,5df6480942779ca755ba42db5446f6492a3bb99b,sslbl,PureLogsStealer C&C,"sslbl,2026-08-26",2026-08-26 16:06:11,2026-09-14 16:19:23,88
ssl_sha1,5e06eaa686adc5ca8fd118752c6667e826bbcad0,sslbl,ConnectWise C&C,"sslbl,2026-08-28",2026-08-29 04:06:17,2026-09-14 16:19:23,88
ssl_sha1,5e7110d4c25e3aef153d9d38610550ad510f23cf,sslbl,Vidar C&C,"sslbl,2026-08-19",2026-08-19 16:06:13,2026-09-14 16:19:23,88
ssl_sha1,5e9de84aab8968d3a10710904a0844d0c360d2a8,sslbl,Vidar C&C,"sslbl,2026-09-03",2026-09-03 16:06:37,2026-09-14 16:19:23,88
ssl_sha1,5efdc565e73e10756c6962ebadd15cf4b1075ea9,sslbl,OffLoader C&C,"sslbl,2026-09-06",2026-09-06 16:06:16,2026-09-14 16:19:23,88
ssl_sha1,60d55d4ff506bc654814ba6b26308f999766054a,sslbl,Vidar C&C,"sslbl,2026-09-12",2026-09-12 16:06:49,2026-09-14 16:19:23,88
ssl_sha1,60df0e327f3736946e966b453ef233da0c42b927,sslbl,Havoc C&C,"sslbl,2026-08-10",2026-08-10 12:42:40,2026-09-14 16:19:23,88
ssl_sha1,61042420cd71b5edcdd9ef7ff070deef7398a725,sslbl,Vidar C&C,"sslbl,2026-08-04",2026-08-04 07:49:13,2026-09-14 16:19:23,88
ssl_sha1,629ea8772f7b1e8bf216dfc3b2170eb903ee8faa,sslbl,PureLogsStealer C&C,"sslbl,2026-09-09",2026-09-09 16:06:20,2026-09-14 16:19:23,88
ssl_sha1,632061b26a93455e9c4f0ac413deae710c920216,sslbl,PureLogsStealer C&C,"sslbl,2026-07-21",2026-07-21 17:20:42,2026-09-14 16:19:23,88
ssl_sha1,64ba3430f767ced74b2828509a653187e9553971,sslbl,Vidar C&C,"sslbl,2026-08-11",2026-08-12 00:43:15,2026-09-14 16:19:23,88
ssl_sha1,64e6fe29e84ea3ecaaef08920d8ceb9567240166,sslbl,Vidar C&C,"sslbl,2026-08-25",2026-08-25 16:07:37,2026-09-14 16:19:23,88
ssl_sha1,655b8a9e32dd444d708ab21eb8604f89332db8ab,sslbl,Vidar C&C,"sslbl,2026-08-27",2026-08-27 16:06:11,2026-09-14 16:19:23,88
ssl_sha1,664729bef77ee9c9f2f523fc1305ef65fa05dbae,sslbl,Vidar C&C,"sslbl,2026-08-11",2026-08-11 12:42:27,2026-09-14 16:19:23,88
ssl_sha1,6647f9e4a2e273d7b78ff02be7114b0e9e2a719f,sslbl,AsyncRAT C&C,"sslbl,2026-08-04",2026-08-04 07:49:13,2026-09-14 16:19:23,88
ssl_sha1,67044f9079f804d4a6217093c679897fec1f90e2,sslbl,AsyncRAT C&C,"sslbl,2026-07-23",2026-07-24 05:35:19,2026-09-14 16:19:23,88
ssl_sha1,6712d3901855387b6d4f3d29576f04df40fa30c1,sslbl,BoratRAT C&C,"sslbl,2026-09-02",2026-09-02 16:07:20,2026-09-14 16:19:23,88
ssl_sha1,674a11078348ede85c2e978063a1eb6ea1dbfd81,sslbl,OffLoader C&C,"sslbl,2026-08-26",2026-08-26 16:06:11,2026-09-14 16:19:23,88
ssl_sha1,680cfafa3541d8bdf18c8725016b0d987b9a7dbc,sslbl,DCRat C&C,"sslbl,2026-08-13",2026-08-13 08:13:02,2026-09-14 16:19:23,88
ssl_sha1,687928f5bd90cb243f29760de8d299236de2cadf,sslbl,PureRAT C&C,"sslbl,2026-08-19",2026-08-20 04:06:14,2026-09-14 16:19:23,88
ssl_sha1,696ef14e986d01e7d9186a690a06849c9cc49c4b,sslbl,ConnectWise C&C,"sslbl,2026-09-01",2026-09-01 16:06:06,2026-09-14 16:19:23,88
ssl_sha1,6c6027c8ff18b0f79bd3c40848c2b189a18b49ac,sslbl,QuasarRAT C&C,"sslbl,2026-09-02",2026-09-02 16:07:20,2026-09-14 16:19:23,88
ssl_sha1,6ca71f241dad148aaee6ea4a345e1ef1adaa0ffb,sslbl,KongTuke C&C,"sslbl,2026-07-23",2026-07-23 18:30:39,2026-09-14 16:19:23,88
ssl_sha1,6cac7b4801a4e5b675050769d90bb1da5306d537,sslbl,ConnectWise C&C,"sslbl,2026-08-04",2026-08-04 07:49:13,2026-09-14 16:19:23,88
ssl_sha1,6d92d180394761c59cc1455cf6a7c773fb4efabe,sslbl,PureRAT C&C,"sslbl,2026-08-20",2026-08-20 16:06:17,2026-09-14 16:19:23,88
ssl_sha1,6ddb71e5a27eccf80773188066ac92d9d39506d7,sslbl,Vidar C&C,"sslbl,2026-09-02",2026-09-02 16:07:20,2026-09-14 16:19:23,88
ssl_sha1,6e64e6fafd7922f1100ce4f5334fef6dd75b2e66,sslbl,PureLogsStealer C&C,"sslbl,2026-08-06",2026-08-06 12:43:05,2026-09-14 16:19:23,88
ssl_sha1,711c3a7bd15ae5377f4c395e23b3d8b8f1327ced,sslbl,Vidar C&C,"sslbl,2026-08-30",2026-08-30 16:06:18,2026-09-14 16:19:23,88
ssl_sha1,714c56e9e207d5c8e08e1ca28cd9ba85f079d061,sslbl,AsyncRAT C&C,"sslbl,2026-08-08",2026-08-09 00:42:39,2026-09-14 16:19:23,88
ssl_sha1,73202d8d2ac9a9e04c2bdefa6ea8db2860d779a9,sslbl,Vidar C&C,"sslbl,2026-07-23",2026-07-24 05:35:19,2026-09-14 16:19:23,88
ssl_sha1,732c7efa7d624c30b074e78df6595f54fde9188d,sslbl,Vidar C&C,"sslbl,2026-08-20",2026-08-20 16:06:17,2026-09-14 16:19:23,88
ssl_sha1,742d693a2a83e70088711c99db5db56b1aa4b9da,sslbl,Malware distribution,"sslbl,2026-07-23",2026-07-24 05:35:19,2026-09-14 16:19:23,88
ssl_sha1,74afa65e38769e7e58835fd799e353c2fea3a209,sslbl,ACRStealer C&C,"sslbl,2026-09-12",2026-09-12 16:06:49,2026-09-14 16:19:23,88
ssl_sha1,755c81877937861388f42dc73d5a6bf24c96e13b,sslbl,PureRAT C&C,"sslbl,2026-09-04",2026-09-04 16:06:41,2026-09-14 16:19:23,88
ssl_sha1,769a6310d3d9533c1b3e0ddee3c1b6ebbda60891,sslbl,OffLoader C&C,"sslbl,2026-08-07",2026-08-07 12:43:25,2026-09-14 16:19:23,88
ssl_sha1,7767913e33fac1ed9c448460267ca0e6cbe627b4,sslbl,Vidar C&C,"sslbl,2026-07-30",2026-07-31 05:35:34,2026-09-14 16:19:23,88
ssl_sha1,77b9903c538d045e266bd4d6cf40ede0b040b403,sslbl,ConnectWise C&C,"sslbl,2026-08-27",2026-08-27 16:06:11,2026-09-14 16:19:23,88
ssl_sha1,78527fc92bcf8d188b3bcab1b35ac5881e2aaa43,sslbl,AsyncRAT C&C,"sslbl,2026-09-06",2026-09-06 16:06:16,2026-09-14 16:19:23,88
ssl_sha1,78dc4f50971751cbf98b96219dd56f099095a717,sslbl,Vidar C&C,"sslbl,2026-08-13",2026-08-13 08:13:02,2026-09-14 16:19:23,88
ssl_sha1,793ccba0eaedcd1a87bb5200cde5a1c9f21ad4ad,sslbl,Vidar C&C,"sslbl,2026-08-12",2026-08-12 12:42:52,2026-09-14 16:19:23,88
ssl_sha1,79e9e22d16866b1126c524c08afda88a225d6545,sslbl,ACRStealer C&C,"sslbl,2026-08-19",2026-08-19 16:06:13,2026-09-14 16:19:23,88
ssl_sha1,7a9be497f84c09e7591ba7c7d69539a6e0468302,sslbl,Vidar C&C,"sslbl,2026-08-24",2026-08-24 16:06:10,2026-09-14 16:19:23,88
ssl_sha1,7b5604ee44715ba0b4e92c2281f30c5a3416ca41,sslbl,ACRStealer C&C,"sslbl,2026-07-24",2026-07-24 17:35:21,2026-09-14 16:19:23,88
ssl_sha1,7bbac2b67988c36fa1dbd3a75dc06629f766ccaf,sslbl,Vidar C&C,"sslbl,2026-08-13",2026-08-13 20:13:53,2026-09-14 16:19:23,88
ssl_sha1,7bc298ef18b49cfd44b5b429209035207250e25e,sslbl,Vidar C&C,"sslbl,2026-09-14",2026-09-14 16:06:31,2026-09-14 16:19:23,88
ssl_sha1,7bdeed30f5501a30f6aecc3f3cc372f7e52d6ce0,sslbl,ConnectWise C&C,"sslbl,2026-08-07",2026-08-07 12:43:25,2026-09-14 16:19:23,88
ssl_sha1,7bf6011a10ea612968ea925608fa67b5d599863a,sslbl,Vidar C&C,"sslbl,2026-08-12",2026-08-12 12:42:52,2026-09-14 16:19:23,88
ssl_sha1,7bf78d44f61a05e919479a1cf3e0ce158a50a0c6,sslbl,AsyncRAT C&C,"sslbl,2026-08-18",2026-08-18 22:07:31,2026-09-14 16:19:23,88
ssl_sha1,7c3a6c14032bce06d59bd68a7b61a8b88fe222ac,sslbl,OffLoader C&C,"sslbl,2026-08-11",2026-08-11 12:42:27,2026-09-14 16:19:23,88
ssl_sha1,7d5d941b4a1e4732fad44cce2a4ded87a20d5508,sslbl,Vidar C&C,"sslbl,2026-09-06",2026-09-06 16:06:16,2026-09-14 16:19:23,88
ssl_sha1,7d7d8f52b3aee2d5233b2f8cc838cd08a6036c1d,sslbl,OffLoader C&C,"sslbl,2026-09-07",2026-09-07 16:06:32,2026-09-14 16:19:23,88
ssl_sha1,7f111c69f42266b474927156f103d70843e7f82b,sslbl,RatonRAT C&C,"sslbl,2026-08-27",2026-08-27 16:06:11,2026-09-14 16:19:23,88
ssl_sha1,7f1ed4a13d8a2ba6e690ecaf66a9dfa42dd8d9d1,sslbl,ValleyRAT C&C,"sslbl,2026-08-25",2026-08-25 16:07:37,2026-09-14 16:19:23,88
ssl_sha1,7f350973861d149efb83b0a1f51d0e0db0329dda,sslbl,Malware distribution,"sslbl,2026-09-09",2026-09-10 04:07:18,2026-09-14 16:19:23,88
ssl_sha1,7f44d36f1f6bd375ba4e4a7866328a76047ce498,sslbl,AsyncRAT C&C,"sslbl,2026-08-19",2026-08-19 16:06:13,2026-09-14 16:19:23,88
ssl_sha1,7f563e6df9b87f615f2d492ba68d5df373a6ca26,sslbl,ACRStealer C&C,"sslbl,2026-07-18",2026-07-19 05:20:40,2026-09-14 16:19:23,88
ssl_sha1,7f73eeb03e7df441484d4610c5a0c3a02f166989,sslbl,PureLogsStealer C&C,"sslbl,2026-08-20",2026-08-20 16:06:17,2026-09-14 16:19:23,88
ssl_sha1,7fa3afaafe3b7c5eab63712e58c9414a86d559ec,sslbl,AsyncRAT C&C,"sslbl,2026-09-06",2026-09-06 16:06:16,2026-09-14 16:19:23,88
ssl_sha1,80c36e681125d92c8edfbf7adce71d3bda48d1f9,sslbl,Malware distribution,"sslbl,2026-07-23",2026-07-24 05:35:19,2026-09-14 16:19:23,88
ssl_sha1,820cd09994b3e76f6e89926a4b94ec0ccacd888c,sslbl,OffLoader C&C,"sslbl,2026-07-23",2026-07-24 05:35:19,2026-09-14 16:19:23,88
ssl_sha1,83424f01b8b7262f3a3cd61048d3337afdcca58a,sslbl,KongTuke C&C,"sslbl,2026-07-16",2026-07-16 17:20:54,2026-09-14 16:19:23,88
ssl_sha1,841672d728070f0e4519a650a9c8618f9b80c502,sslbl,PureLogsStealer C&C,"sslbl,2026-08-28",2026-08-28 16:06:18,2026-09-14 16:19:23,88
ssl_sha1,847e013a4d337babfdf203eba82d2d32717b9d2d,sslbl,PureLogsStealer C&C,"sslbl,2026-08-10",2026-08-11 00:42:33,2026-09-14 16:19:23,88
ssl_sha1,8508e14457ad7de321edddf3688e124d5f1d652c,sslbl,Vidar C&C,"sslbl,2026-08-28",2026-08-28 16:06:18,2026-09-14 16:19:23,88
ssl_sha1,851e9888eda6290dc6d0c817ac0c82488a9e0bd8,sslbl,Vidar C&C,"sslbl,2026-09-01",2026-09-01 16:06:06,2026-09-14 16:19:23,88
ssl_sha1,865a8d01e86bcf06890c09c7b3e9f2c786d7e600,sslbl,PureRAT C&C,"sslbl,2026-08-20",2026-08-20 16:06:17,2026-09-14 16:19:23,88
ssl_sha1,87feeb825ed6c63616f07bcc03b76454c7e1612f,sslbl,Vidar C&C,"sslbl,2026-08-12",2026-08-12 12:42:52,2026-09-14 16:19:23,88
ssl_sha1,88b2180ded8f8a30de34b4dc84c2328bbd0af49f,sslbl,PureRAT C&C,"sslbl,2026-08-10",2026-08-10 12:42:40,2026-09-14 16:19:23,88
ssl_sha1,89bbec947a91917d4676037abb417ceb72770851,sslbl,Vidar C&C,"sslbl,2026-08-17",2026-08-17 08:13:04,2026-09-14 16:19:23,88
ssl_sha1,8a6a82fdb53374bd62b62120a007ceb19d4ad827,sslbl,OffLoader C&C,"sslbl,2026-08-11",2026-08-11 12:42:27,2026-09-14 16:19:23,88
ssl_sha1,8b41b8741c4d2a24de0aba241f742f043f1014d1,sslbl,Vidar C&C,"sslbl,2026-08-27",2026-08-27 16:06:11,2026-09-14 16:19:23,88
ssl_sha1,8bdf129211692888e48d0970e49a8559450974dc,sslbl,AdaptixC2 C&C,"sslbl,2026-08-07",2026-08-07 12:43:25,2026-09-14 16:19:23,88
ssl_sha1,8befa0033eaaa1693777be12aa7d9236a9caf188,sslbl,Vidar C&C,"sslbl,2026-08-11",2026-08-11 12:42:27,2026-09-14 16:19:23,88
ssl_sha1,8c2a430246ca36ca14885fe1a101c61eaab4a96c,sslbl,AsyncRAT C&C,"sslbl,2026-08-31",2026-08-31 16:06:17,2026-09-14 16:19:23,88
ssl_sha1,8c6132e27eb7bfe859029b583c55243baf3f3029,sslbl,PureRAT C&C,"sslbl,2026-08-20",2026-08-20 16:06:17,2026-09-14 16:19:23,88
ssl_sha1,8c798a5e27290e239890509e6b0c08c214664a87,sslbl,Vidar C&C,"sslbl,2026-08-12",2026-08-12 12:42:52,2026-09-14 16:19:23,88
ssl_sha1,8cbedfb429f0d39039f26e2ce229191f21723e88,sslbl,RatonRAT C&C,"sslbl,2026-09-01",2026-09-01 16:06:06,2026-09-14 16:19:23,88
ssl_sha1,8cffe4fa8f624cb4c15790c414e04acde61e3651,sslbl,QuasarRAT C&C,"sslbl,2026-09-12",2026-09-12 16:06:49,2026-09-14 16:19:23,88
ssl_sha1,8d2a3d5cb72fac2e04ef51b3e056ab6b75e3f408,sslbl,PureLogsStealer C&C,"sslbl,2026-09-09",2026-09-09 16:06:20,2026-09-14 16:19:23,88
ssl_sha1,8d6fdff168340e954aad4f0f924276cd5b6e31b2,sslbl,Vidar C&C,"sslbl,2026-08-18",2026-08-18 10:07:25,2026-09-14 16:19:23,88
ssl_sha1,8d8f084ddf2729d1f4747f2a428dd8d9b13e1cfa,sslbl,OffLoader C&C,"sslbl,2026-08-22",2026-08-22 16:06:16,2026-09-14 16:19:23,88
ssl_sha1,8e492f36b0c1412f2d872dc9d51c974d27733d47,sslbl,AsyncRAT C&C,"sslbl,2026-09-09",2026-09-10 04:07:18,2026-09-14 16:19:23,88
ssl_sha1,8ef5bc8cb7d00d8b89bacbd4f9405f402d1a002e,sslbl,SheetRAT C&C,"sslbl,2026-07-15",2026-07-16 05:21:37,2026-09-14 16:19:23,88
ssl_sha1,8f0bfca0ab1d555a035d5b498c9e26acdab3d7aa,sslbl,ACRStealer C&C,"sslbl,2026-08-10",2026-08-10 12:42:40,2026-09-14 16:19:23,88
ssl_sha1,8f0de55e89d97b4f3581f77805955a2b719563b8,sslbl,PureRAT C&C,"sslbl,2026-07-23",2026-07-24 05:35:19,2026-09-14 16:19:23,88
ssl_sha1,8f154a9a3584398eb6be34b0e2f05c79c63cea6a,sslbl,OffLoader C&C,"sslbl,2026-08-28",2026-08-29 04:06:17,2026-09-14 16:19:23,88
ssl_sha1,9000e46cabc64219fb1447d59d5443afcb412e36,sslbl,Vidar C&C,"sslbl,2026-07-21",2026-07-21 17:20:42,2026-09-14 16:19:23,88
ssl_sha1,919d5be1da2b1383786286d0fb199f4575db0d59,sslbl,Vidar C&C,"sslbl,2026-08-12",2026-08-12 12:42:52,2026-09-14 16:19:23,88
ssl_sha1,92bebc09af464e669c68d95052916e76f989e043,sslbl,Malware C&C,"sslbl,2026-08-04",2026-08-05 12:42:46,2026-09-14 16:19:23,88
ssl_sha1,930851db267db9c407bc5adaa9d49f5c994abece,sslbl,PureRAT C&C,"sslbl,2026-08-10",2026-08-10 12:42:40,2026-09-14 16:19:23,88
ssl_sha1,93edc2f5b2504b5700af766157b2aa96d1edd20f,sslbl,Malware C&C,"sslbl,2026-09-12",2026-09-12 16:06:49,2026-09-14 16:19:23,88
ssl_sha1,940df23eebede1e1e33a4c521ba05b4b37d04d68,sslbl,Vidar C&C,"sslbl,2026-08-11",2026-08-12 00:43:15,2026-09-14 16:19:23,88
ssl_sha1,942c595db95914eb4987a1e7ddd6f728fbc674ec,sslbl,PureLogsStealer C&C,"sslbl,2026-08-04",2026-08-05 12:42:46,2026-09-14 16:19:23,88
ssl_sha1,94711c109335059bb2dc4d338f33d3083004d6fa,sslbl,ACRStealer C&C,"sslbl,2026-08-28",2026-08-28 16:06:18,2026-09-14 16:19:23,88
ssl_sha1,94c2c17d919e1560dca7d4980e7f9c6eb5a402a0,sslbl,Vidar C&C,"sslbl,2026-08-14",2026-08-14 08:13:11,2026-09-14 16:19:23,88
ssl_sha1,952bcdeea03ea702626a30069c949581bf2d1b05,sslbl,Vidar C&C,"sslbl,2026-08-18",2026-08-18 22:07:31,2026-09-14 16:19:23,88
ssl_sha1,95a5eea4198c93663802a9ea047164b5497ea27f,sslbl,Malware C&C,"sslbl,2026-08-14",2026-08-14 08:13:11,2026-09-14 16:19:23,88
ssl_sha1,95fcb5ff7bd5e1d06b1e585af4ba3ceb95f01164,sslbl,Vidar C&C,"sslbl,2026-08-11",2026-08-11 12:42:27,2026-09-14 16:19:23,88
ssl_sha1,964d86f575c50b29d2b7157331d556859dd43e5e,sslbl,Vidar C&C,"sslbl,2026-08-05",2026-08-05 12:42:46,2026-09-14 16:19:23,88
ssl_sha1,969b40a4fd2fb579a29aed9b2f81a7cf5cc0b1db,sslbl,PureLogsStealer C&C,"sslbl,2026-08-27",2026-08-27 16:06:11,2026-09-14 16:19:23,88
ssl_sha1,971af46c861e6f88e60b7c07a4850e76423c5c4a,sslbl,ConnectWise C&C,"sslbl,2026-08-07",2026-08-07 12:43:25,2026-09-14 16:19:23,88
ssl_sha1,972c98978e420c02a8d8c5f87930dadc70adbbd8,sslbl,ConnectWise C&C,"sslbl,2026-09-04",2026-09-04 16:06:41,2026-09-14 16:19:23,88
ssl_sha1,97cceb2f57c3b60f9d94b4603ac55860aaa9e03d,sslbl,ConnectWise C&C,"sslbl,2026-08-04",2026-08-04 07:49:13,2026-09-14 16:19:23,88
ssl_sha1,97dd1d6a2bc5769af6e0a7999bfaf2aeaf5452a1,sslbl,Vidar C&C,"sslbl,2026-08-05",2026-08-05 12:42:46,2026-09-14 16:19:23,88
ssl_sha1,991bf55fc47c006b3eedf6b348296f9f7aba20eb,sslbl,PureLogsStealer C&C,"sslbl,2026-07-21",2026-07-21 17:20:42,2026-09-14 16:19:23,88
ssl_sha1,99e8e296eae361f7ddeb6ce7cc6d4bd521ee24b3,sslbl,Vidar C&C,"sslbl,2026-08-11",2026-08-11 12:42:27,2026-09-14 16:19:23,88
ssl_sha1,9a7e2e73f967101d75a3cb425b8980d50ca5c001,sslbl,ConnectWise C&C,"sslbl,2026-08-04",2026-08-04 07:49:13,2026-09-14 16:19:23,88
ssl_sha1,9aba7caceb4b84b49aaa4285d73183a94f4a50d5,sslbl,PureRAT C&C,"sslbl,2026-08-08",2026-08-09 00:42:39,2026-09-14 16:19:23,88
ssl_sha1,9b1d8ac99d61fbc0ba58655538c457db69c459e7,sslbl,PureLogsStealer C&C,"sslbl,2026-08-06",2026-08-06 12:43:05,2026-09-14 16:19:23,88
ssl_sha1,9b422835f6e86dcb59e08f1bb9a47576d98fff81,sslbl,Vidar C&C,"sslbl,2026-08-12",2026-08-12 12:42:52,2026-09-14 16:19:23,88
ssl_sha1,9b4c3ff8dc5891693f443320e3c1167c7cebe2b7,sslbl,QuasarRAT C&C,"sslbl,2026-08-13",2026-08-13 20:13:53,2026-09-14 16:19:23,88
ssl_sha1,9b5e0b2f2acb07fb226b8805b3a5fb5a28035e6e,sslbl,PureLogsStealer C&C,"sslbl,2026-08-04",2026-08-05 12:42:46,2026-09-14 16:19:23,88
ssl_sha1,9ba597b7a850fe598927a226f6ab2efd3050ff95,sslbl,Vidar C&C,"sslbl,2026-08-19",2026-08-20 04:06:14,2026-09-14 16:19:23,88
ssl_sha1,9bfa1f9e8d990faec4c91c5b9eaeb15898aff2e7,sslbl,ConnectWise C&C,"sslbl,2026-08-04",2026-08-04 07:49:13,2026-09-14 16:19:23,88
ssl_sha1,9c0a9291be46e42b67835dff9e6c767fd6660287,sslbl,Malware C&C,"sslbl,2026-08-22",2026-08-22 16:06:16,2026-09-14 16:19:23,88
ssl_sha1,9c124d9fc4b10c04767b554f02b92d6591175e8a,sslbl,PureRAT C&C,"sslbl,2026-07-21",2026-07-21 17:20:42,2026-09-14 16:19:23,88
ssl_sha1,9cd7f02e5bd6f0cb16141c3205aa9b00b0fce027,sslbl,PureLogsStealer C&C,"sslbl,2026-08-13",2026-08-13 20:13:53,2026-09-14 16:19:23,88
ssl_sha1,9d495a9c646e3962ac5445e9b4da6832164dc4ee,sslbl,OffLoader C&C,"sslbl,2026-08-28",2026-08-28 16:06:18,2026-09-14 16:19:23,88
ssl_sha1,9df53aa0bf7a64882c66ee9c8122b4eae9cf79a6,sslbl,HypeAgent C&C,"sslbl,2026-08-31",2026-08-31 16:06:17,2026-09-14 16:19:23,88
ssl_sha1,9ea13ee5065114aee007c91c941ac3f8483c4326,sslbl,Vidar C&C,"sslbl,2026-08-13",2026-08-13 08:13:02,2026-09-14 16:19:23,88
ssl_sha1,9f0464e29fb94333e1ad31740bf4d4bff89cbd28,sslbl,Vidar C&C,"sslbl,2026-08-28",2026-08-28 16:06:18,2026-09-14 16:19:23,88
ssl_sha1,9f7f53410f881c40adf0d4e16a67fd8c4446452a,sslbl,OffLoader C&C,"sslbl,2026-09-09",2026-09-09 16:06:20,2026-09-14 16:19:23,88
ssl_sha1,a0b782d798a48e117c995c9deb013c5cffb0ac58,sslbl,PureLogsStealer C&C,"sslbl,2026-08-11",2026-08-11 12:42:27,2026-09-14 16:19:23,88
ssl_sha1,a0d553e2a130766628359bea489166c63b9892d7,sslbl,Vidar C&C,"sslbl,2026-08-30",2026-08-30 16:06:18,2026-09-14 16:19:23,88
ssl_sha1,a1146ac98390794517ff821a3377458555100eb3,sslbl,PureLogsStealer C&C,"sslbl,2026-08-04",2026-08-05 12:42:46,2026-09-14 16:19:23,88
ssl_sha1,a18ccdbee8a145ba523641dc63189ad51cd04064,sslbl,PureRAT C&C,"sslbl,2026-08-21",2026-08-21 16:09:28,2026-09-14 16:19:23,88
ssl_sha1,a1f081f8dbb13e90a644017441c648053495a708,sslbl,VenomRAT C&C,"sslbl,2026-09-06",2026-09-06 16:06:16,2026-09-14 16:19:23,88
ssl_sha1,a45080c92a0b2314966517a4643ebf280e88a11b,sslbl,LummaStealer C&C,"sslbl,2026-08-14",2026-08-14 08:13:11,2026-09-14 16:19:23,88
ssl_sha1,a4a31d169043dc65fd2b36a0352564244c820b1d,sslbl,Malware C&C,"sslbl,2026-08-26",2026-08-26 16:06:11,2026-09-14 16:19:23,88
ssl_sha1,a52e17fe607d1e562e0cb67c6f2342e6b4dbf191,sslbl,Vidar C&C,"sslbl,2026-08-18",2026-08-18 10:07:25,2026-09-14 16:19:23,88
ssl_sha1,a5930d8e37f9f2874a281294d8508dd79df36b98,sslbl,ConnectWise C&C,"sslbl,2026-08-04",2026-08-04 07:49:13,2026-09-14 16:19:23,88
ssl_sha1,a5b119da03c543fa703dcf1f1470b547c88bc0ef,sslbl,Vidar C&C,"sslbl,2026-09-06",2026-09-06 16:06:16,2026-09-14 16:19:23,88
ssl_sha1,a5d4974f89b3751853ea918b1dea7564c7cb8185,sslbl,Vidar C&C,"sslbl,2026-08-27",2026-08-27 16:06:11,2026-09-14 16:19:23,88
ssl_sha1,a6268e092f3de555c67dac2f9e52eae979b3d8e3,sslbl,Vidar C&C,"sslbl,2026-08-17",2026-08-17 08:13:04,2026-09-14 16:19:23,88
ssl_sha1,a66308a1fb09c8345228ca00335e633b2dabde53,sslbl,Malware C&C,"sslbl,2026-09-06",2026-09-06 16:06:16,2026-09-14 16:19:23,88
ssl_sha1,a6df6eca49e13a8c5ebba1f86ca4c5766b1c1b97,sslbl,KongTuke C&C,"sslbl,2026-07-17",2026-07-17 17:21:06,2026-09-14 16:19:23,88
ssl_sha1,a6e6aa58bac84e56b868f5f618ef227b75d7208e,sslbl,QuasarRAT C&C,"sslbl,2026-08-29",2026-08-29 16:10:47,2026-09-14 16:19:23,88
ssl_sha1,a7a6a1125d19a58e8b9ca2c7d187915e06c0adce,sslbl,OffLoader C&C,"sslbl,2026-08-31",2026-08-31 16:06:17,2026-09-14 16:19:23,88
ssl_sha1,a7fa6117a38135c4d9c26ec7e37f15b361535edf,sslbl,Vidar C&C,"sslbl,2026-08-30",2026-08-30 16:06:18,2026-09-14 16:19:23,88
ssl_sha1,a974b9d90161d8c5221961c65a975d81959cdb40,sslbl,Vidar C&C,"sslbl,2026-08-30",2026-08-31 04:06:19,2026-09-14 16:19:23,88
ssl_sha1,a9ebd28ce7e4ac020e6d263e228b8547e1914bfa,sslbl,Vidar C&C,"sslbl,2026-08-06",2026-08-07 00:43:03,2026-09-14 16:19:23,88
ssl_sha1,aa50e1b4a6e7c66ba2ce4c1c82e62f8d74cd7202,sslbl,Vidar C&C,"sslbl,2026-08-21",2026-08-21 16:09:28,2026-09-14 16:19:23,88
ssl_sha1,aaaa57850472f7c23d75d9470b1f98655d5c3655,sslbl,OffLoader C&C,"sslbl,2026-08-08",2026-08-09 00:42:39,2026-09-14 16:19:23,88
ssl_sha1,aaf31b3f7acfe6dc859d1b6269c7e17337a61fd7,sslbl,OffLoader C&C,"sslbl,2026-08-26",2026-08-26 16:06:11,2026-09-14 16:19:23,88
ssl_sha1,ab273c45f00b156514b5b6be664484911dbed547,sslbl,PureRAT C&C,"sslbl,2026-08-20",2026-08-20 16:06:17,2026-09-14 16:19:23,88
ssl_sha1,ab43d834686476fef1094bb0f9c5eef7d0bcd2f9,sslbl,SparkRAT C&C,"sslbl,2026-08-19",2026-08-19 16:06:13,2026-09-14 16:19:23,88
ssl_sha1,ab53f86d2ce32d9306f431e8e82f39cb31f48a53,sslbl,Vidar C&C,"sslbl,2026-08-19",2026-08-19 16:06:13,2026-09-14 16:19:23,88
ssl_sha1,abacd13c43005d6868d9b586e029a1d6a74e1470,sslbl,ConnectWise C&C,"sslbl,2026-08-19",2026-08-19 16:06:13,2026-09-14 16:19:23,88
ssl_sha1,abe57abc8722c69494113060260ba340cd897744,sslbl,ShellterLoader C&C,"sslbl,2026-08-17",2026-08-17 18:44:22,2026-09-14 16:19:23,88
ssl_sha1,ad1e251a18db0657b238f75305b312593a6276a4,sslbl,PureLogsStealer C&C,"sslbl,2026-09-10",2026-09-10 16:06:38,2026-09-14 16:19:23,88
ssl_sha1,ad3cd2a04112f9ffec395649d537dc68bceb3754,sslbl,PureRAT C&C,"sslbl,2026-08-07",2026-08-07 12:43:25,2026-09-14 16:19:23,88
ssl_sha1,adfc8dd0c5e99a8e33b1df7d5c10fc9653342491,sslbl,ConnectWise C&C,"sslbl,2026-08-22",2026-08-22 16:06:16,2026-09-14 16:19:23,88
ssl_sha1,ae2744e9ad9fb574cb79ceff176cbfc982e4fddb,sslbl,ConnectWise C&C,"sslbl,2026-08-11",2026-08-11 12:42:27,2026-09-14 16:19:23,88
ssl_sha1,aec890965f808398c124d16d25255ac4ed1ce6ca,sslbl,Vidar C&C,"sslbl,2026-08-11",2026-08-11 12:42:27,2026-09-14 16:19:23,88
ssl_sha1,af1a7c59f98298c9d3542e306d0292bdf30b4388,sslbl,PureRAT C&C,"sslbl,2026-08-20",2026-08-20 16:06:17,2026-09-14 16:19:23,88
ssl_sha1,b00aa24dc7459e8a0a8f5fbb3d2a27bd646de1e3,sslbl,HypeAgent C&C,"sslbl,2026-08-18",2026-08-18 10:07:25,2026-09-14 16:19:23,88
ssl_sha1,b0cf2650da454ed5cc67102d95f8b9ba00602ead,sslbl,OffLoader C&C,"sslbl,2026-08-25",2026-08-25 16:07:37,2026-09-14 16:19:23,88
ssl_sha1,b0dfb9c6353dc65a3b503bcb2258db457c5b5947,sslbl,Malware C&C,"sslbl,2026-08-26",2026-08-26 16:06:11,2026-09-14 16:19:23,88
ssl_sha1,b1382377a32ee6c85e47edf264f1f6ef5b49e2a3,sslbl,PureLogsStealer C&C,"sslbl,2026-08-31",2026-08-31 16:06:17,2026-09-14 16:19:23,88
ssl_sha1,b14379b3743c37a26289499aca921c99998649f1,sslbl,QuasarRAT C&C,"sslbl,2026-08-04",2026-08-04 07:49:13,2026-09-14 16:19:23,88
ssl_sha1,b1709ae370ca3fb7ddb3fb49b6c1fca1303a4a97,sslbl,Vidar C&C,"sslbl,2026-09-06",2026-09-07 04:07:00,2026-09-14 16:19:23,88
ssl_sha1,b23101487158938dc99bd731fe372634ad768a0f,sslbl,PureRAT C&C,"sslbl,2026-08-13",2026-08-13 08:13:02,2026-09-14 16:19:23,88
ssl_sha1,b26d3f583556acab11cbfa864f596c143b15f32d,sslbl,Vidar C&C,"sslbl,2026-08-17",2026-08-17 08:13:04,2026-09-14 16:19:23,88
ssl_sha1,b28f42ca50cfb259dfc8dfe16e13631da75d6397,sslbl,PureLogsStealer C&C,"sslbl,2026-08-20",2026-08-20 16:06:17,2026-09-14 16:19:23,88
ssl_sha1,b2b4ba87b84f146bbd2f8baa34ea5d555945af28,sslbl,Vidar C&C,"sslbl,2026-09-06",2026-09-06 16:06:16,2026-09-14 16:19:23,88
ssl_sha1,b2e42b1a036329fa6fef4477d35887b1d357711e,sslbl,Vidar C&C,"sslbl,2026-08-04",2026-08-04 07:49:13,2026-09-14 16:19:23,88
ssl_sha1,b34240912bc1f09b2e2342363647616b1088a1b0,sslbl,PureRAT C&C,"sslbl,2026-08-29",2026-08-29 16:10:47,2026-09-14 16:19:23,88
ssl_sha1,b364395fee8c2e4c9eaf9a2531f6f7ac7bf8e4ae,sslbl,QuasarRAT C&C,"sslbl,2026-08-10",2026-08-10 12:42:40,2026-09-14 16:19:23,88
ssl_sha1,b3cbb7925cba0c91ef00f0208b35cfffc96614c7,sslbl,PureRAT C&C,"sslbl,2026-09-06",2026-09-06 16:06:16,2026-09-14 16:19:23,88
ssl_sha1,b43fde87eccd529d630ac6c5aa28931a3e6d52bf,sslbl,OffLoader C&C,"sslbl,2026-09-11",2026-09-11 16:06:11,2026-09-14 16:19:23,88
ssl_sha1,b5b8bebd73d8e8aec88ccc17b1e27c34921667ae,sslbl,Vidar C&C,"sslbl,2026-08-08",2026-08-09 00:42:39,2026-09-14 16:19:23,88
ssl_sha1,b5daf66c6f8a99f2d6fe3fc678264598ec140049,sslbl,PureRAT C&C,"sslbl,2026-09-07",2026-09-07 16:06:32,2026-09-14 16:19:23,88
ssl_sha1,b5f071dd28b511f0b4b067507602a779feb4301f,sslbl,AsyncRAT C&C,"sslbl,2026-08-11",2026-08-11 12:42:27,2026-09-14 16:19:23,88
ssl_sha1,b637337f25fe0290aaa04de866605bd70748c263,sslbl,Vidar C&C,"sslbl,2026-09-06",2026-09-06 16:06:16,2026-09-14 16:19:23,88
ssl_sha1,b72b8c162f5b2fe045e0445f9be1937d98279092,sslbl,OffLoader C&C,"sslbl,2026-08-19",2026-08-19 16:06:13,2026-09-14 16:19:23,88
ssl_sha1,b73835be5d6f7dbb40f9df1347745bbb0963783c,sslbl,PureLogsStealer C&C,"sslbl,2026-08-26",2026-08-26 16:06:11,2026-09-14 16:19:23,88
ssl_sha1,b7c2e44b35ac1ac31efad28747f2bc44f5d28de8,sslbl,PureRAT C&C,"sslbl,2026-07-21",2026-07-21 17:20:42,2026-09-14 16:19:23,88
ssl_sha1,b7c32dab3a4cd691ddcfee4bc1fed6d1d6f81c18,sslbl,AsyncRAT C&C,"sslbl,2026-09-07",2026-09-07 16:06:32,2026-09-14 16:19:23,88
ssl_sha1,b8b339de5ea80d17fb5ce2eb144d7ba28b33337a,sslbl,RatonRAT C&C,"sslbl,2026-07-21",2026-07-21 17:20:42,2026-09-14 16:19:23,88
ssl_sha1,b8b347f5d18be90876c3d3a5458b6e60598246bd,sslbl,PureLogsStealer C&C,"sslbl,2026-08-04",2026-08-05 12:42:46,2026-09-14 16:19:23,88
ssl_sha1,b8b410c62bcb320c20cfee554f472df3fa5734e4,sslbl,PureLogsStealer C&C,"sslbl,2026-08-06",2026-08-06 12:43:05,2026-09-14 16:19:23,88
ssl_sha1,b94eb3bcd4a57442c30e14dd2067b0c6c46d9619,sslbl,ConnectWise C&C,"sslbl,2026-08-21",2026-08-21 16:09:28,2026-09-14 16:19:23,88
ssl_sha1,b95285b6b061fd0acf6a5ae95433d703f52d1872,sslbl,PureLogsStealer C&C,"sslbl,2026-08-21",2026-08-21 16:09:28,2026-09-14 16:19:23,88
ssl_sha1,b9e2100c0408138edfedb92704bfc57ef9fb59f0,sslbl,PureLogsStealer C&C,"sslbl,2026-08-10",2026-08-10 12:42:40,2026-09-14 16:19:23,88
ssl_sha1,ba98762c6eadc76480a1a97ec9c8b54a3002bc10,sslbl,PureLogsStealer C&C,"sslbl,2026-09-09",2026-09-09 16:06:20,2026-09-14 16:19:23,88
ssl_sha1,bd12ed0d3f8dac14cb7de27202b10331831dc8c7,sslbl,OffLoader C&C,"sslbl,2026-09-08",2026-09-08 16:06:37,2026-09-14 16:19:23,88
ssl_sha1,bdf0b04d7bb20782260ab2c2340da6b85e9f63c0,sslbl,PureRAT C&C,"sslbl,2026-07-23",2026-07-24 05:35:19,2026-09-14 16:19:23,88
ssl_sha1,be12aa485facf3375cc2416e1f8fb28541136b83,sslbl,ConnectWise C&C,"sslbl,2026-08-29",2026-08-29 16:10:47,2026-09-14 16:19:23,88
ssl_sha1,be5b37f69a9cf825cca6d9b0e27e3aeaf0903721,sslbl,ACRStealer C&C,"sslbl,2026-08-27",2026-08-27 16:06:11,2026-09-14 16:19:23,88
ssl_sha1,bf192adc3dcaba7412e15b567de22e3f3150bbf7,sslbl,PureLogsStealer C&C,"sslbl,2026-08-21",2026-08-21 16:09:28,2026-09-14 16:19:23,88
ssl_sha1,bfb6503c7c6ce8af43c41197a7fcaec491baa810,sslbl,Vidar C&C,"sslbl,2026-09-01",2026-09-01 16:06:06,2026-09-14 16:19:23,88
ssl_sha1,bfbcd2802186b6c5707f7ff6341b87c12b97f4a4,sslbl,PureRAT C&C,"sslbl,2026-08-30",2026-08-30 16:06:18,2026-09-14 16:19:23,88
ssl_sha1,c0b1920e3d73babea5c2ef2af7ba72977e65586b,sslbl,Vidar C&C,"sslbl,2026-08-12",2026-08-12 12:42:52,2026-09-14 16:19:23,88
ssl_sha1,c0cd4ac67f8a4febf1c340eb0c914252e8ebf881,sslbl,PureLogsStealer C&C,"sslbl,2026-07-23",2026-07-24 05:35:19,2026-09-14 16:19:23,88
ssl_sha1,c11fd105f60ade90dc2611391ee6aa93e6c73375,sslbl,AsyncRAT C&C,"sslbl,2026-07-15",2026-07-16 05:21:37,2026-09-14 16:19:23,88
ssl_sha1,c2826e64fffde42b99ba86c30055eb2dbd064319,sslbl,OffLoader C&C,"sslbl,2026-08-05",2026-08-05 12:42:46,2026-09-14 16:19:23,88
ssl_sha1,c31650da58712771ad83fd5c6cef97905a255cc5,sslbl,AsyncRAT C&C,"sslbl,2026-07-17",2026-07-17 17:21:06,2026-09-14 16:19:23,88
ssl_sha1,c4e9396a3a0543fa79cc0a8f23395f90a15e03b0,sslbl,AsyncRAT C&C,"sslbl,2026-07-16",2026-07-16 17:20:54,2026-09-14 16:19:23,88
ssl_sha1,c6d367c9312830fbe81f12e8be9f1d56d2e10b13,sslbl,PureRAT C&C,"sslbl,2026-08-20",2026-08-20 16:06:17,2026-09-14 16:19:23,88
ssl_sha1,c78af78d930e82506823c8ececf1140c7035d8ef,sslbl,OffLoader C&C,"sslbl,2026-09-12",2026-09-12 16:06:49,2026-09-14 16:19:23,88
ssl_sha1,c7abcfeba6d01d0b78b8c690ab1d8d06078ddf11,sslbl,ConnectWise C&C,"sslbl,2026-08-07",2026-08-07 12:43:25,2026-09-14 16:19:23,88
ssl_sha1,c7ec4c2fa1678702ae684a069cf37a4eef16ef27,sslbl,AsyncRAT C&C,"sslbl,2026-07-23",2026-07-24 05:35:19,2026-09-14 16:19:23,88
ssl_sha1,c877ab2eec4efcc42bae4819dce27744bd41c0ef,sslbl,HypeAgent C&C,"sslbl,2026-09-01",2026-09-01 16:06:06,2026-09-14 16:19:23,88
ssl_sha1,ca49f3e687d1e1559ffcd877d6292f9997d7782b,sslbl,Malware C&C,"sslbl,2026-07-21",2026-07-21 17:20:42,2026-09-14 16:19:23,88
ssl_sha1,ca8a5bbb1e6b22fa9ad9757c50f1bdaf2c22011d,sslbl,OffLoader C&C,"sslbl,2026-08-30",2026-08-30 16:06:18,2026-09-14 16:19:23,88
ssl_sha1,ca9e642c1028f3a7fa79947493c34a981705a05d,sslbl,DonutLoader C&C,"sslbl,2026-08-04",2026-08-05 12:42:46,2026-09-14 16:19:23,88
ssl_sha1,cab93f3d490ed168600f08e5cc4a55d4e8c503c8,sslbl,ConnectWise C&C,"sslbl,2026-09-01",2026-09-01 16:06:06,2026-09-14 16:19:23,88
ssl_sha1,cb2d6049ca9e2a20d92f8ee6ae28060d9d460b85,sslbl,OffLoader C&C,"sslbl,2026-09-08",2026-09-08 16:06:37,2026-09-14 16:19:23,88
ssl_sha1,cbde10c2baa3d573791b7e6044ba4e8f15094cd2,sslbl,PureRAT C&C,"sslbl,2026-08-08",2026-08-09 00:42:39,2026-09-14 16:19:23,88
ssl_sha1,cc7d79ea8261997821ca3c8ad44b61023ad5af89,sslbl,Vidar C&C,"sslbl,2026-08-11",2026-08-11 12:42:27,2026-09-14 16:19:23,88
ssl_sha1,ccc880d541544fedae179d9adcff6f8c74741aed,sslbl,PureRAT C&C,"sslbl,2026-08-04",2026-08-04 07:49:13,2026-09-14 16:19:23,88
ssl_sha1,cd07a2a4c9a93703dc8d1d4e72a12e1cec7f41c7,sslbl,ACRStealer C&C,"sslbl,2026-07-23",2026-07-24 05:35:19,2026-09-14 16:19:23,88
ssl_sha1,cd4fbb7112546836c61911e6b3a09770b6aebf29,sslbl,DCAgentRMM C&C,"sslbl,2026-09-04",2026-09-04 16:06:41,2026-09-14 16:19:23,88
ssl_sha1,cede10451532b072c7017c49ef4fcd273301a826,sslbl,ConnectWise C&C,"sslbl,2026-08-07",2026-08-07 12:43:25,2026-09-14 16:19:23,88
ssl_sha1,cfce3aaff2ad3eae49b37a60d606984bd1492e16,sslbl,PureLogsStealer C&C,"sslbl,2026-07-22",2026-07-22 17:20:46,2026-09-14 16:19:23,88
ssl_sha1,cfe6dcd7527099d525ffa8cec0bd1ab5020d47a7,sslbl,Vidar C&C,"sslbl,2026-08-08",2026-08-09 00:42:39,2026-09-14 16:19:23,88
ssl_sha1,d08e16884011f6910fe8087a74dac507ff7d2a6a,sslbl,ACRStealer C&C,"sslbl,2026-07-24",2026-07-24 17:35:21,2026-09-14 16:19:23,88
ssl_sha1,d0944e5765a9b5767d3cf02e3bdd9f466c5391b7,sslbl,Vidar C&C,"sslbl,2026-08-14",2026-08-14 08:13:11,2026-09-14 16:19:23,88
ssl_sha1,d0e596efec703d8645be9af9f1ab51b27714d9ec,sslbl,ConnectWise C&C,"sslbl,2026-08-19",2026-08-19 16:06:13,2026-09-14 16:19:23,88
ssl_sha1,d0eec27b6184ec84b6c3274869667f608e30de16,sslbl,PureRAT C&C,"sslbl,2026-08-20",2026-08-20 16:06:17,2026-09-14 16:19:23,88
ssl_sha1,d123d7f43d63545c7a8f643acbe73e81f35c3f14,sslbl,QuasarRAT C&C,"sslbl,2026-08-28",2026-08-28 16:06:18,2026-09-14 16:19:23,88
ssl_sha1,d18f8b968bd5981971d6699bdc4ed7b96a3e7248,sslbl,Vidar C&C,"sslbl,2026-08-14",2026-08-14 08:13:11,2026-09-14 16:19:23,88
ssl_sha1,d268bd42f68634bb226be6b56dc4b7c13e930d2a,sslbl,PureLogsStealer C&C,"sslbl,2026-08-31",2026-08-31 16:06:17,2026-09-14 16:19:23,88
ssl_sha1,d2ea1d53e2027b0378fa9346965edbcc0215e251,sslbl,DCRat C&C,"sslbl,2026-09-02",2026-09-02 16:07:20,2026-09-14 16:19:23,88
ssl_sha1,d31628ba7beba86d4beecc67ae79fea667c1a11e,sslbl,OffLoader C&C,"sslbl,2026-08-12",2026-08-12 12:42:52,2026-09-14 16:19:23,88
ssl_sha1,d359f356ed88b04089b7afe53f13a913382bd4da,sslbl,PureRAT C&C,"sslbl,2026-09-09",2026-09-09 16:06:20,2026-09-14 16:19:23,88
ssl_sha1,d35b4be8b535918a0656df6b58c8ed8fb23692e0,sslbl,PureRAT C&C,"sslbl,2026-08-06",2026-08-06 12:43:05,2026-09-14 16:19:23,88
ssl_sha1,d43c9f366658adf98f67c12dd8fcb3bca52db900,sslbl,Vidar C&C,"sslbl,2026-08-29",2026-08-29 16:10:47,2026-09-14 16:19:23,88
ssl_sha1,d447d27a879fe80420dc54244870f3f7d25993bb,sslbl,PureLogsStealer C&C,"sslbl,2026-07-23",2026-07-24 05:35:19,2026-09-14 16:19:23,88
ssl_sha1,d45abb7b4fc7a67b785708f4ba88c080b3d0207c,sslbl,ConnectWise C&C,"sslbl,2026-08-19",2026-08-19 16:06:13,2026-09-14 16:19:23,88
ssl_sha1,d490abc2eba705abb1b6391b9be0a12f1e75331b,sslbl,PureLogsStealer C&C,"sslbl,2026-07-16",2026-07-16 17:20:54,2026-09-14 16:19:23,88
ssl_sha1,d538bd18d7e63dfe3a67c02c253cc277e2b9733a,sslbl,DCAgentRMM C&C,"sslbl,2026-09-06",2026-09-06 16:06:16,2026-09-14 16:19:23,88
ssl_sha1,d55545d9e23fbf6f6b667d4e055454de1108a627,sslbl,Malware C&C,"sslbl,2026-09-01",2026-09-01 16:06:06,2026-09-14 16:19:23,88
ssl_sha1,d5fdf320afff16aee74bb14f25ef245ea75928ad,sslbl,ACRStealer C&C,"sslbl,2026-08-12",2026-08-12 12:42:52,2026-09-14 16:19:23,88
ssl_sha1,d7c3d38e27ab758c908f81b72a6fea1cd1af7369,sslbl,PureLogsStealer C&C,"sslbl,2026-08-04",2026-08-04 07:49:13,2026-09-14 16:19:23,88
ssl_sha1,d7d3f678f9b63334375db11eecc81be2db4db6f0,sslbl,ConnectWise C&C,"sslbl,2026-08-07",2026-08-07 12:43:25,2026-09-14 16:19:23,88
ssl_sha1,d8614f6c4127ebeaf66a898a8e7ce3801cf03c30,sslbl,PureLogsStealer C&C,"sslbl,2026-08-12",2026-08-12 12:42:52,2026-09-14 16:19:23,88
ssl_sha1,d8bdc29b8e9cdd5a849185ca6042d9c6f90d12e7,sslbl,Malware C&C,"sslbl,2026-08-22",2026-08-22 16:06:16,2026-09-14 16:19:23,88
ssl_sha1,d8f9205907b3bd3de4fb0513e5c53f167064a452,sslbl,OffLoader C&C,"sslbl,2026-09-14",2026-09-14 16:06:31,2026-09-14 16:19:23,88
ssl_sha1,d962e722e22971c6b81f89befbbe949241b8c2ec,sslbl,OffLoader C&C,"sslbl,2026-08-21",2026-08-21 16:09:28,2026-09-14 16:19:23,88
ssl_sha1,d9da2988d90a2479eb45e1fc66ff46b04f2289f2,sslbl,ACRStealer C&C,"sslbl,2026-08-28",2026-08-28 16:06:18,2026-09-14 16:19:23,88
ssl_sha1,da016d8c7ef2176f549cd35927d92a6d9cc9e253,sslbl,PureLogsStealer C&C,"sslbl,2026-09-10",2026-09-10 16:06:38,2026-09-14 16:19:23,88
ssl_sha1,da841f680c2699118b0f96b74c16b0625e03f180,sslbl,Amadey C&C,"sslbl,2026-08-10",2026-08-10 12:42:40,2026-09-14 16:19:23,88
ssl_sha1,dac0432f5f74d7d465966420968c96166217923f,sslbl,Vidar C&C,"sslbl,2026-08-31",2026-08-31 16:06:17,2026-09-14 16:19:23,88
ssl_sha1,db7000ad8c148580941840ce41d8efb95f478854,sslbl,ACRStealer C&C,"sslbl,2026-09-12",2026-09-12 16:06:49,2026-09-14 16:19:23,88
ssl_sha1,db767b560efd2f6811b4c4adf2b0fdaee18fdad5,sslbl,PureLogsStealer C&C,"sslbl,2026-08-04",2026-08-05 12:42:46,2026-09-14 16:19:23,88
ssl_sha1,db787c8625b794b3d2385274bfdf8f34d731d7d9,sslbl,Vidar C&C,"sslbl,2026-08-27",2026-08-27 16:06:11,2026-09-14 16:19:23,88
ssl_sha1,dbb503055e3d10fa9d7c07f445e1cf6e5959f038,sslbl,PureRAT C&C,"sslbl,2026-08-25",2026-08-25 16:07:37,2026-09-14 16:19:23,88
ssl_sha1,dcd0ddb2675731126703bc235532e2fe60457b2a,sslbl,PureRAT C&C,"sslbl,2026-09-02",2026-09-02 16:07:20,2026-09-14 16:19:23,88
ssl_sha1,dce637479f61ac7c43c869dcce6b6a050ee29917,sslbl,ACRStealer C&C,"sslbl,2026-08-12",2026-08-12 12:42:52,2026-09-14 16:19:23,88
ssl_sha1,dcf9b87b04998fde1fa03e83bfb8fec67ab1e1e1,sslbl,ConnectWise C&C,"sslbl,2026-08-04",2026-08-04 07:49:13,2026-09-14 16:19:23,88
ssl_sha1,dd7323e5437c503d3b0f4bc1d268dfffd58b80ab,sslbl,Malware C&C,"sslbl,2026-08-11",2026-08-11 12:42:27,2026-09-14 16:19:23,88
ssl_sha1,dd95dacb4419bad92d3d39fa274af4acc1cb6988,sslbl,ConnectWise C&C,"sslbl,2026-08-04",2026-08-04 07:49:13,2026-09-14 16:19:23,88
ssl_sha1,ddac606a1cf89b62cad44ca59ae7986378f191e7,sslbl,OffLoader C&C,"sslbl,2026-08-27",2026-08-27 16:06:11,2026-09-14 16:19:23,88
ssl_sha1,ddfdf0aa1923b91144b9886e63430e063ad115a8,sslbl,OffLoader C&C,"sslbl,2026-08-29",2026-08-29 16:10:47,2026-09-14 16:19:23,88
ssl_sha1,de0a287fb9997f0ffbd36df79b13cfda63f0bfcd,sslbl,QuasarRAT C&C,"sslbl,2026-09-06",2026-09-06 16:06:16,2026-09-14 16:19:23,88
ssl_sha1,de7567aa2ce367cb0915ffd8eb55b1e320e726c9,sslbl,PureLogsStealer C&C,"sslbl,2026-08-21",2026-08-21 16:09:28,2026-09-14 16:19:23,88
ssl_sha1,de7a6af567763e1b73a97ed52a1b2166807d8ffc,sslbl,ConnectWise C&C,"sslbl,2026-07-23",2026-07-23 18:30:39,2026-09-14 16:19:23,88
ssl_sha1,ded1fe95801f3c3fd8a1c73360fbaef6697bcf34,sslbl,Malware distribution,"sslbl,2026-08-05",2026-08-05 12:42:46,2026-09-14 16:19:23,88
ssl_sha1,dfde6725130631a83b3d0dc221736bad3db16918,sslbl,OffLoader C&C,"sslbl,2026-08-14",2026-08-14 08:13:11,2026-09-14 16:19:23,88
ssl_sha1,dfefdeb13f78e83fe980b5f8cea29436df4d7ade,sslbl,SheetRAT C&C,"sslbl,2026-07-16",2026-07-16 17:20:54,2026-09-14 16:19:23,88
ssl_sha1,e00005ae100b2af24cf6d7f71b7cd123f8b916be,sslbl,DCRat C&C,"sslbl,2026-09-07",2026-09-07 16:06:32,2026-09-14 16:19:23,88
ssl_sha1,e05145a93b7b5def1ca6c0e356cc4cdba3cbed9f,sslbl,Vidar C&C,"sslbl,2026-07-21",2026-07-21 17:20:42,2026-09-14 16:19:23,88
ssl_sha1,e0ffdffb5d9bf9216ea5e70d4fe2bae919f5a6ca,sslbl,OffLoader C&C,"sslbl,2026-08-20",2026-08-20 16:06:17,2026-09-14 16:19:23,88
ssl_sha1,e11c9cfa144ec7da0f1b77838fd02cfb7e897eaa,sslbl,Vidar C&C,"sslbl,2026-08-11",2026-08-11 12:42:27,2026-09-14 16:19:23,88
ssl_sha1,e129189e0ed0545baad30c054b5f51301d766516,sslbl,OffLoader C&C,"sslbl,2026-09-13",2026-09-14 04:06:32,2026-09-14 16:19:23,88
ssl_sha1,e15c7bdeb747a9fff47c514a10229a2a59d1157d,sslbl,AnimateClipper C&C,"sslbl,2026-07-29",2026-07-29 17:37:13,2026-09-14 16:19:23,88
ssl_sha1,e1fadee899789d8e802b8b88dcf67e4cae82ccf1,sslbl,Vidar C&C,"sslbl,2026-08-20",2026-08-20 16:06:17,2026-09-14 16:19:23,88
ssl_sha1,e265df346af246b4a57b638872957cacce04f289,sslbl,DumplingsRAT C&C,"sslbl,2026-08-26",2026-08-26 16:06:11,2026-09-14 16:19:23,88
ssl_sha1,e39fdf1800919f6dd77d89bcdbc0b1fe8a9352eb,sslbl,Vidar C&C,"sslbl,2026-08-18",2026-08-18 22:07:31,2026-09-14 16:19:23,88
ssl_sha1,e458b2ccf8647aee41d64e46d1baadfc49e9e853,sslbl,OffLoader C&C,"sslbl,2026-09-14",2026-09-14 16:06:31,2026-09-14 16:19:23,88
ssl_sha1,e481c58f5012d5d8a5177bf84b055fc93c06e32e,sslbl,NetSupport C&C,"sslbl,2026-08-29",2026-08-29 16:10:47,2026-09-14 16:19:23,88
ssl_sha1,e61c15649184bdcdb39ae1fee964f8681677da35,sslbl,Vidar C&C,"sslbl,2026-09-06",2026-09-06 16:06:16,2026-09-14 16:19:23,88
ssl_sha1,e61c2fca353a70e5eef94a7a6a0d72fa1fcd2df2,sslbl,Amadey C&C,"sslbl,2026-08-10",2026-08-10 12:42:40,2026-09-14 16:19:23,88
ssl_sha1,e63b53c2c26b9bff8f20e018efe7c166ec3c4acd,sslbl,ConnectWise C&C,"sslbl,2026-08-07",2026-08-07 12:43:25,2026-09-14 16:19:23,88
ssl_sha1,e649d5c0e33423531f5404ed8f985a3fc42fb934,sslbl,OffLoader C&C,"sslbl,2026-09-06",2026-09-06 16:06:16,2026-09-14 16:19:23,88
ssl_sha1,e6b44935f6416b11d4ec5d51bbcae9e6f2ab5ce7,sslbl,OffLoader C&C,"sslbl,2026-08-08",2026-08-09 00:42:39,2026-09-14 16:19:23,88
ssl_sha1,e6cc4eebe2d73c7174be4be73bc00d4642122ac4,sslbl,ACRStealer C&C,"sslbl,2026-07-27",2026-07-27 17:35:21,2026-09-14 16:19:23,88
ssl_sha1,e85536b156e0cd96f57d1925fb4f9fadaf825b9a,sslbl,Malware C&C,"sslbl,2026-09-03",2026-09-03 16:06:37,2026-09-14 16:19:23,88
ssl_sha1,e86cb30b97c8af13b305fa5cdc7357e23f633447,sslbl,AsyncRAT C&C,"sslbl,2026-07-16",2026-07-16 17:20:54,2026-09-14 16:19:23,88
ssl_sha1,e953a8c7f135a5b8867b9dfcfc2a1b402f1e289e,sslbl,PureLogsStealer C&C,"sslbl,2026-08-13",2026-08-13 20:13:53,2026-09-14 16:19:23,88
ssl_sha1,ec70fdbbd715a57474807302b27f3eb124b05049,sslbl,Vidar C&C,"sslbl,2026-08-12",2026-08-12 12:42:52,2026-09-14 16:19:23,88
ssl_sha1,ecae976f3eabcaad996e0a431d47bcead61dfb5e,sslbl,RatonRAT C&C,"sslbl,2026-08-21",2026-08-21 16:09:28,2026-09-14 16:19:23,88
ssl_sha1,ece1b6bdc8e62d35188aab274bdb0be28d84c43f,sslbl,QuasarRAT C&C,"sslbl,2026-08-06",2026-08-07 00:43:03,2026-09-14 16:19:23,88
ssl_sha1,ed0d4b2a9c090b6af6c99fd5b899831da206d835,sslbl,Vidar C&C,"sslbl,2026-07-30",2026-07-31 05:35:34,2026-09-14 16:19:23,88
ssl_sha1,ed312f7ad58a9faec6d3c93aabf598335fdf494c,sslbl,Vidar C&C,"sslbl,2026-08-31",2026-08-31 16:06:17,2026-09-14 16:19:23,88
ssl_sha1,edbd45e54859ad7082efb79465ba938bb2581132,sslbl,OffLoader C&C,"sslbl,2026-08-18",2026-08-18 22:07:31,2026-09-14 16:19:23,88
ssl_sha1,edd934290c1a24e425d4d6f6c82a08ebc392b89f,sslbl,OffLoader C&C,"sslbl,2026-08-25",2026-08-25 16:07:37,2026-09-14 16:19:23,88
ssl_sha1,eedeb11bc67df6c7b7a714512a59dc346c1b4271,sslbl,Socks5Systemz C&C,"sslbl,2026-08-26",2026-08-26 16:06:11,2026-09-14 16:19:23,88
ssl_sha1,ef5c2a4999763064e2213dbe1c8ed696c0e8914b,sslbl,Vidar C&C,"sslbl,2026-08-29",2026-08-29 16:10:47,2026-09-14 16:19:23,88
ssl_sha1,ef74c5ab92e15e7226ba84cce3a45522c74ba902,sslbl,PureLogsStealer C&C,"sslbl,2026-08-06",2026-08-06 12:43:05,2026-09-14 16:19:23,88
ssl_sha1,ef771150284da548676c603f5a4e1cd2763fd27f,sslbl,PureLogsStealer C&C,"sslbl,2026-08-04",2026-08-04 07:49:13,2026-09-14 16:19:23,88
ssl_sha1,efed7c2a381b7d580caf89354c93991ac2de65b3,sslbl,OffLoader C&C,"sslbl,2026-08-26",2026-08-26 16:06:11,2026-09-14 16:19:23,88
ssl_sha1,f0e6af342ccf5fe1beb177e2bf3cb2cac4aa1fa6,sslbl,RatonRAT C&C,"sslbl,2026-08-31",2026-08-31 16:06:17,2026-09-14 16:19:23,88
ssl_sha1,f351f7dbe9c583f75758b39cd307f5359d110c73,sslbl,AsyncRAT C&C,"sslbl,2026-08-18",2026-08-18 22:07:31,2026-09-14 16:19:23,88
ssl_sha1,f3a38c4fa9a59b250a0a2d351af061fce6a21995,sslbl,ConnectWise C&C,"sslbl,2026-08-11",2026-08-11 12:42:27,2026-09-14 16:19:23,88
ssl_sha1,f3ba11a6cb8be921ee0fbd326de9a66220bcc82f,sslbl,Vidar C&C,"sslbl,2026-08-15",2026-08-15 20:13:12,2026-09-14 16:19:23,88
ssl_sha1,f50e245dc1e4a89d6cf5e07e31ae1392a3f9ad20,sslbl,AsyncRAT C&C,"sslbl,2026-08-14",2026-08-14 08:13:11,2026-09-14 16:19:23,88
ssl_sha1,f52ace7c91f1ad88a78ea62eab06e000e2f88f16,sslbl,PureRAT C&C,"sslbl,2026-08-20",2026-08-20 16:06:17,2026-09-14 16:19:23,88
ssl_sha1,f567b9fc86b00e059bdfea261466360804fbdb38,sslbl,Vidar C&C,"sslbl,2026-09-12",2026-09-12 16:06:49,2026-09-14 16:19:23,88
ssl_sha1,f5c8ee530b1fd817432a4bafad12126d1ae744d4,sslbl,PureLogsStealer C&C,"sslbl,2026-08-04",2026-08-05 12:42:46,2026-09-14 16:19:23,88
ssl_sha1,f9a55e7a59b0fcbd7df9f5a445475480368598ce,sslbl,PureLogsStealer C&C,"sslbl,2026-07-17",2026-07-17 17:21:06,2026-09-14 16:19:23,88
ssl_sha1,fa62c7ce7b7ec943d8853832560bc5a386aaf17e,sslbl,HypeAgent C&C,"sslbl,2026-08-18",2026-08-18 10:07:25,2026-09-14 16:19:23,88
ssl_sha1,fa9ce5456e315652b1373bf913ac45ae7bb4358a,sslbl,Vidar C&C,"sslbl,2026-08-12",2026-08-12 12:42:52,2026-09-14 16:19:23,88
ssl_sha1,fabe6574c3ef1f4a4782c88475755b7b97f1410d,sslbl,HypeAgent C&C,"sslbl,2026-08-31",2026-08-31 16:06:17,2026-09-14 16:19:23,88
ssl_sha1,fb23354c98647902b717bbcc68657256a5dddd37,sslbl,ACRStealer C&C,"sslbl,2026-08-19",2026-08-19 16:06:13,2026-09-14 16:19:23,88
ssl_sha1,fba4408cd54abbe1ba49117ceab8a90335b03217,sslbl,Vidar C&C,"sslbl,2026-08-31",2026-08-31 16:06:17,2026-09-14 16:19:23,88
ssl_sha1,fc5d9dddb01c263a67e7c485e04277afa82fbabf,sslbl,Vidar C&C,"sslbl,2026-08-17",2026-08-17 08:13:04,2026-09-14 16:19:23,88
ssl_sha1,fca24c810592604f11de7dc12dc790c91cc118df,sslbl,ConnectWise C&C,"sslbl,2026-08-19",2026-08-19 16:06:13,2026-09-14 16:19:23,88
ssl_sha1,fcfc3b257b12e4c699e343f4c415b60f642d88f6,sslbl,Vidar C&C,"sslbl,2026-09-13",2026-09-14 04:06:32,2026-09-14 16:19:23,88
ssl_sha1,fd6a25dcc16de5e9b0a4563f8d8c94a5941bf437,sslbl,ConnectWise C&C,"sslbl,2026-08-19",2026-08-19 16:06:13,2026-09-14 16:19:23,88
ssl_sha1,fd78e771cab22c3afad8a5d5c448ff05268f20dd,sslbl,Vidar C&C,"sslbl,2026-08-27",2026-08-27 16:06:11,2026-09-14 16:19:23,88
ssl_sha1,fe50e363165e3e8d789daf4dc378f50a70f35a8a,sslbl,Vidar C&C,"sslbl,2026-07-30",2026-07-31 05:35:34,2026-09-14 16:19:23,88
ssl_sha1,ff4362ad98a2821b067bc4ae0624b7da832aad83,sslbl,OffLoader C&C,"sslbl,2026-08-19",2026-08-19 16:06:13,2026-09-14 16:19:23,88
ssl_sha1,ffa6be04fe2e9c6b79776dcfc7ad3f41a403a64d,sslbl,PureRAT C&C,"sslbl,2026-08-18",2026-08-18 22:07:31,2026-09-14 16:19:23,88
ssl_sha1,ffc71a7ba96b8801333ea2b9e7cd05d4cc2f718d,sslbl,Malware C&C,"sslbl,2026-08-11",2026-08-12 00:43:15,2026-09-14 16:19:23,88
url,http://103.186.77.94:38668/Mozi.m,threatfox,Mozi,"threatfox,elf,iot,Mozi",2026-09-14 16:06:31,2026-09-14 16:19:23,85
url,http://103.86.86.244:800/Gateway/deploy_silent1.Ps1,urlhaus,malware_download,,2026-09-14 16:00:31,2026-09-14 16:19:23,85
url,http://103.86.86.244:800/Gateway/r.Zip,urlhaus,malware_download,Worm.Ramnit,2026-09-14 16:00:31,2026-09-14 16:19:23,85
url,http://103.86.86.244:800/V/deploy.Ps1,urlhaus,malware_download,,2026-09-14 16:00:31,2026-09-14 16:19:23,85
url,http://112.248.155.16:37235/bin.sh,urlhaus,malware_download,Mozi,2026-09-14 16:00:31,2026-09-14 16:19:23,85
url,http://112.248.155.16:37235/i,urlhaus,malware_download,Mozi,2026-09-14 16:00:31,2026-09-14 16:19:23,85
url,http://112.254.26.64:51093/i,urlhaus,malware_download,mirai,2026-09-14 16:00:31,2026-09-14 16:19:23,85
url,http://113.221.27.47:39578/bin.sh,urlhaus,malware_download,"32-bit,arm,elf,mirai,Mozi",2026-09-14 16:00:31,2026-09-14 16:19:23,85
url,http://113.221.27.47:39578/i,urlhaus,malware_download,"32-bit,arm,elf,mirai,Mozi",2026-09-14 16:00:31,2026-09-14 16:19:23,85
url,http://113.238.219.180:47690/bin.sh,urlhaus,malware_download,"32-bit,elf,mips,Mozi",2026-09-14 16:00:31,2026-09-14 16:19:23,85
url,http://120.28.167.203:51577/bin.sh,urlhaus,malware_download,mirai,2026-09-14 16:00:31,2026-09-14 16:19:23,85
url,http://121.231.116.192:38256/i,urlhaus,malware_download,mirai,2026-09-14 16:00:31,2026-09-14 16:19:23,85
url,http://123.9.83.217:45001/i,urlhaus,malware_download,"32-bit,elf,mips,Mozi",2026-09-14 16:00:31,2026-09-14 16:19:23,85
url,http://130.12.209.147:59643/bin.sh,urlhaus,malware_download,"32-bit,arm,elf,mirai,Mozi",2026-09-14 16:00:31,2026-09-14 16:19:23,85
url,http://139.135.60.188:53589/Mozi.m,threatfox,Mozi,"threatfox,elf,iot,Mozi",2026-09-14 16:06:31,2026-09-14 16:19:23,85
url,http://139.95.24.51:8081/?h=139.95.24.51&p=8081&t=tcp&a=w64&stage=true,urlhaus,malware_download,vshell,2026-09-14 16:00:31,2026-09-14 16:19:23,85
url,http://163.245.215.154:8040/Bin/ScreenConnect.ClientSetup.msi,urlhaus,malware_download,connectwise,2026-09-14 16:00:31,2026-09-14 16:19:23,85
url,http://163.245.215.154:8040/Bin/ScreenConnect.ClientSetup.msi?e=Access&y=Guest,urlhaus,malware_download,connectwise,2026-09-14 16:00:31,2026-09-14 16:19:23,85
url,http://175.27.140.230:8888/?a=w32&h=175.27.140.230&p=8888&stage=true&t=ws,urlhaus,malware_download,vshell,2026-09-14 16:00:31,2026-09-14 16:19:23,85
url,http://176.65.139.136/spread.sh,urlhaus,malware_download,,2026-09-14 16:00:31,2026-09-14 16:19:23,85
url,http://182.120.183.186:37440/bin.sh,urlhaus,malware_download,"32-bit,elf,mips,Mozi",2026-09-14 16:00:31,2026-09-14 16:19:23,85
url,http://182.122.233.74:49867/bin.sh,urlhaus,malware_download,"32-bit,elf,mips,Mozi",2026-09-14 16:00:31,2026-09-14 16:19:23,85
url,http://182.122.233.74:49867/i,urlhaus,malware_download,"32-bit,elf,mips,Mozi",2026-09-14 16:00:31,2026-09-14 16:19:23,85
url,http://182.235.148.10:53753/Mozi.m,threatfox,Mozi,"threatfox,elf,iot,Mozi",2026-09-14 16:06:31,2026-09-14 16:19:23,85
url,http://185.177.239.241:5001/renas.bin,urlhaus,malware_download,,2026-09-14 16:00:31,2026-09-14 16:19:23,85
url,http://192.162.199.246/m2/6eq5gvOfRvNmCi54.exe,urlhaus,malware_download,,2026-09-14 16:00:31,2026-09-14 16:19:23,85
url,http://192.162.199.246/m2/9z7BGnRGpgs8cZv7.exe,urlhaus,malware_download,,2026-09-14 16:00:31,2026-09-14 16:19:23,85
url,http://192.162.199.246/m2/gM9anpOuZNKX8zHj.exe,urlhaus,malware_download,,2026-09-14 16:00:31,2026-09-14 16:19:23,85
url,http://192.162.199.246/m2/mKM65Cf6QNqeOVw9.exe,urlhaus,malware_download,CoinMiner,2026-09-14 16:00:31,2026-09-14 16:19:23,85
url,http://192.162.199.246/m3/controller.exe,urlhaus,malware_download,CoinMiner,2026-09-14 16:00:31,2026-09-14 16:19:23,85
url,http://194.102.105.70/8jdjZhdf7/Login.php,threatfox,Amadey,"threatfox,amadey,c2,urlscan",2026-09-14 16:06:31,2026-09-14 16:19:23,85
url,http://196.188.75.58:41382/i,urlhaus,malware_download,"32-bit,arm,elf,mirai,Mozi",2026-09-14 16:00:31,2026-09-14 16:19:23,85
url,http://210.208.116.107:56842/bin.sh,urlhaus,malware_download,mirai,2026-09-14 16:00:31,2026-09-14 16:19:23,85
url,http://210.208.116.107:56842/i,urlhaus,malware_download,mirai,2026-09-14 16:00:31,2026-09-14 16:19:23,85
url,http://221.1.226.101:54476/bin.sh,urlhaus,malware_download,Mozi,2026-09-14 16:00:31,2026-09-14 16:19:23,85
url,http://221.13.249.38:40896/i,urlhaus,malware_download,Mozi,2026-09-14 16:00:31,2026-09-14 16:19:23,85
url,http://221.15.14.221:57481/bin.sh,urlhaus,malware_download,Mozi,2026-09-14 16:00:31,2026-09-14 16:19:23,85
url,http://221.15.145.135:55618/i,urlhaus,malware_download,Mozi,2026-09-14 16:00:31,2026-09-14 16:19:23,85
url,http://222.112.70.149:8084/?h=222.112.70.149&p=8084&t=ws&a=w32&stage=true,urlhaus,malware_download,vshell,2026-09-14 16:00:31,2026-09-14 16:19:23,85
url,http://222.127.63.144:37956/bin.sh,urlhaus,malware_download,"32-bit,arm,elf,mirai,Mozi",2026-09-14 16:00:31,2026-09-14 16:19:23,85
url,http://222.140.186.92:44887/i,urlhaus,malware_download,Mozi,2026-09-14 16:00:31,2026-09-14 16:19:23,85
url,http://23.94.53.109:8888/supershell/login,threatfox,Unknown malware,"threatfox,c2,supershell,urlscan",2026-09-14 16:06:31,2026-09-14 16:19:23,85
url,http://27.29.62.26:51681/bin.sh,urlhaus,malware_download,,2026-09-14 16:00:31,2026-09-14 16:19:23,85
url,http://27.29.62.26:51681/i,urlhaus,malware_download,,2026-09-14 16:00:31,2026-09-14 16:19:23,85
url,http://27.44.144.94:51450/bin.sh,urlhaus,malware_download,,2026-09-14 16:00:31,2026-09-14 16:19:23,85
url,http://27.44.147.16:59517/i,urlhaus,malware_download,"32-bit,elf,mips,Mozi",2026-09-14 16:00:31,2026-09-14 16:19:23,85
url,http://31.4.254.241:45840/bin.sh,urlhaus,malware_download,,2026-09-14 16:00:31,2026-09-14 16:19:23,85
url,http://42.179.149.98:46495/bin.sh,urlhaus,malware_download,,2026-09-14 16:00:31,2026-09-14 16:19:23,85
url,http://42.179.149.98:46495/i,urlhaus,malware_download,,2026-09-14 16:00:31,2026-09-14 16:19:23,85
url,http://42.180.66.153:37510/bin.sh,urlhaus,malware_download,,2026-09-14 16:00:31,2026-09-14 16:19:23,85
url,http://42.227.159.175:54532/bin.sh,urlhaus,malware_download,"32-bit,elf,mips,Mozi",2026-09-14 16:00:31,2026-09-14 16:19:23,85
url,http://42.228.100.168:59474/i,urlhaus,malware_download,Mozi,2026-09-14 16:00:31,2026-09-14 16:19:23,85
url,http://42.232.231.31:57343/bin.sh,urlhaus,malware_download,"32-bit,elf,mips,Mozi",2026-09-14 16:00:31,2026-09-14 16:19:23,85
url,http://42.232.231.31:57343/i,urlhaus,malware_download,"32-bit,elf,mips,Mozi",2026-09-14 16:00:31,2026-09-14 16:19:23,85
url,http://42.239.176.28:56546/bin.sh,urlhaus,malware_download,"32-bit,elf,mips,Mozi",2026-09-14 16:00:31,2026-09-14 16:19:23,85
url,http://42.239.176.28:56546/i,urlhaus,malware_download,"32-bit,elf,mips,Mozi",2026-09-14 16:00:31,2026-09-14 16:19:23,85
url,http://42.243.138.63:36995/bin.sh,urlhaus,malware_download,mirai,2026-09-14 16:00:31,2026-09-14 16:19:23,85
url,http://42.243.138.63:36995/i,urlhaus,malware_download,mirai,2026-09-14 16:00:31,2026-09-14 16:19:23,85
url,http://42.57.36.196:51916/bin.sh,urlhaus,malware_download,,2026-09-14 16:00:31,2026-09-14 16:19:23,85
url,http://42.57.36.196:51916/i,urlhaus,malware_download,,2026-09-14 16:00:31,2026-09-14 16:19:23,85
url,http://42.6.60.211:40465/bin.sh,urlhaus,malware_download,,2026-09-14 16:00:31,2026-09-14 16:19:23,85
url,http://43.134.100.72:4444/?h=43.134.100.72&p=4444&t=ws&a=w64&stage=true,urlhaus,malware_download,vshell,2026-09-14 16:00:31,2026-09-14 16:19:23,85
url,http://59.96.143.54:59412/i,urlhaus,malware_download,"32-bit,elf,mips,Mozi",2026-09-14 16:00:31,2026-09-14 16:19:23,85
url,http://60.19.240.247:53768/bin.sh,urlhaus,malware_download,"32-bit,elf,mips,Mozi",2026-09-14 16:00:31,2026-09-14 16:19:23,85
url,http://60.19.240.247:53768/i,urlhaus,malware_download,"32-bit,elf,mips,Mozi",2026-09-14 16:00:31,2026-09-14 16:19:23,85
url,http://60.22.194.98:38744/i,urlhaus,malware_download,,2026-09-14 16:00:31,2026-09-14 16:19:23,85
url,http://64.89.163.63/agent-windows-amd64-6862efbb.exe,urlhaus,malware_download,OverlordRAT,2026-09-14 16:00:31,2026-09-14 16:19:23,85
url,http://64.89.163.63/u.ps1,urlhaus,malware_download,,2026-09-14 16:00:31,2026-09-14 16:19:23,85
url,http://65.108.62.224/bot.x86,urlhaus,malware_download,"65-108-62-224,elf,gafgyt,ua-wget",2026-09-14 16:00:31,2026-09-14 16:19:23,85
url,http://65.108.62.224/flutter.x86,urlhaus,malware_download,"65-108-62-224,elf,mirai,ua-wget",2026-09-14 16:00:31,2026-09-14 16:19:23,85
url,http://65.108.62.224/xd.mips,urlhaus,malware_download,"65-108-62-224,elf,mirai,ua-wget",2026-09-14 16:00:31,2026-09-14 16:19:23,85
url,http://65.108.62.224/xd.x86,urlhaus,malware_download,"65-108-62-224,elf,mirai,ua-wget",2026-09-14 16:00:31,2026-09-14 16:19:23,85
url,http://66.205.236.147:42536/i,urlhaus,malware_download,mirai,2026-09-14 16:00:31,2026-09-14 16:19:23,85
url,http://69.12.83.176/img/MSI_PRO_Latest.png,urlhaus,malware_download,,2026-09-14 16:00:31,2026-09-14 16:19:23,85
url,http://83.233.56.26:42116/bin.sh,urlhaus,malware_download,mirai,2026-09-14 16:00:31,2026-09-14 16:19:23,85
url,http://91.92.35.7/SBIDIOT/x86,urlhaus,malware_download,"32-bit,elf,mirai,x86-32",2026-09-14 16:00:31,2026-09-14 16:19:23,85
url,http://96.245.232.155:44492/i,urlhaus,malware_download,,2026-09-14 16:00:31,2026-09-14 16:19:23,85
url,http://content.lifecycle.varrysections.digital/,threatfox,Evilginx,"threatfox,c2,evilginx,urlscan",2026-09-14 16:06:31,2026-09-14 16:19:23,85
url,http://m365.varrysections.digital/,threatfox,Evilginx,"threatfox,c2,evilginx,urlscan",2026-09-14 16:06:31,2026-09-14 16:19:23,85
url,http://okta-dot.varrysections.digital/,threatfox,Evilginx,"threatfox,c2,evilginx,urlscan",2026-09-14 16:06:31,2026-09-14 16:19:23,85
url,http://okta-login.varrysections.digital/,threatfox,Evilginx,"threatfox,c2,evilginx,urlscan",2026-09-14 16:06:31,2026-09-14 16:19:23,85
url,http://okta-o.varrysections.digital/,threatfox,Evilginx,"threatfox,c2,evilginx,urlscan",2026-09-14 16:06:31,2026-09-14 16:19:23,85
url,http://okta-sci.varrysections.digital/,threatfox,Evilginx,"threatfox,c2,evilginx,urlscan",2026-09-14 16:06:31,2026-09-14 16:19:23,85
url,http://wir.consultingics.com/Bin/ScreenConnect.ClientSetup.msi?e=Access&y=Guest&c=GOODVIBE&c=&c=&c=&c=&c=&c=&c=,urlhaus,malware_download,connectwise,2026-09-14 16:00:31,2026-09-14 16:19:23,85
url,https://155.103.69.104/13/verygreatansweriamthinking.hta,urlhaus,malware_download,,2026-09-14 16:00:31,2026-09-14 16:19:23,85
url,https://23.94.148.56/99/mfasgood.hta,urlhaus,malware_download,,2026-09-14 16:00:31,2026-09-14 16:19:23,85
url,https://admin.microsoft-identities.us/login?next=%2F,threatfox,Unknown malware,"threatfox,c2,gophish,phishing,urlscan",2026-09-14 16:06:31,2026-09-14 16:19:23,85
url,https://angefundsu.sbs/Bin/ScreenConnect.ClientSetup.msi?e=Access&y=Guest,urlhaus,malware_download,connectwise,2026-09-14 16:00:31,2026-09-14 16:19:23,85
url,https://bunnyview.b-cdn.net/img_093703.png,urlhaus,malware_download,"rat,RemcosRAT,stego",2026-09-14 16:00:31,2026-09-14 16:19:23,85
url,https://digitalisonesapps.com/,threatfox,Unknown RAT,"threatfox,meshagent",2026-09-14 16:06:31,2026-09-14 16:19:23,85
url,https://digitalisonesapps.com/savess/downloads.php,threatfox,Unknown RAT,"threatfox,meshagent",2026-09-14 16:06:31,2026-09-14 16:19:23,85
url,https://digitalisonesapps.com/savess/downloads.php,urlhaus,malware_download,,2026-09-14 16:00:31,2026-09-14 16:19:23,85
url,https://drive.google.com/uc?export=download&id=14Fhk0XQAHCjpKWyKD3xmOWs7QV3FTVLq,urlhaus,malware_download,"ascii,Encoded,GuLoader,rat,RemcosRAT",2026-09-14 16:00:31,2026-09-14 16:19:23,85
url,https://drive.google.com/uc?export=download&id=1WIYybnkPqHNqdz55Z2pFr-Tp66L-EfvQ,urlhaus,malware_download,"encrypted,GuLoader,rat,RemcosRAT",2026-09-14 16:00:31,2026-09-14 16:19:23,85
url,https://fl.177betwin.org/,threatfox,Vidar,"threatfox,vidar",2026-09-14 16:06:31,2026-09-14 16:19:23,85
url,https://fl.qq1x.org/,threatfox,Vidar,"threatfox,vidar",2026-09-14 16:06:31,2026-09-14 16:19:23,85
url,https://gophish.ac-system.jp/login?next=%2F,threatfox,Unknown malware,"threatfox,c2,gophish,phishing,urlscan",2026-09-14 16:06:31,2026-09-14 16:19:23,85
url,https://gophish.rsecure.lu/login?next=%2F,threatfox,Unknown malware,"threatfox,c2,gophish,phishing,urlscan",2026-09-14 16:06:31,2026-09-14 16:19:23,85
url,https://gophish.security-verify.com/login?next=%2F,threatfox,Unknown malware,"threatfox,c2,gophish,phishing,urlscan",2026-09-14 16:06:31,2026-09-14 16:19:23,85
url,https://ip-check-api.vercel.app/api/ipcheck-encrypted/3aeb34a334834,threatfox,BeaverTail,"threatfox,c2,contagious-interview,NodeJS",2026-09-14 16:06:31,2026-09-14 16:19:23,85
url,https://ip-check-server.vercel.app/api/ip-check-encrypted/3aeb34a35,threatfox,BeaverTail,"threatfox,c2,contagious-interview,NodeJS",2026-09-14 16:06:31,2026-09-14 16:19:23,85
url,https://jokely.icu/download_invitee.php,urlhaus,malware_download,,2026-09-14 16:00:31,2026-09-14 16:19:23,85
url,https://lai-1451610695.cos.ap-guangzhou.myqcloud.com/lai.y,urlhaus,malware_download,donutloader,2026-09-14 16:00:31,2026-09-14 16:19:23,85
url,https://mhqn.pages.dev/download/%E6%B2%90%E9%B8%BF%E6%A0%96%E6%A5%A0%E6%B8%85%E7%90%86%E5%B7%A5%E5%85%B7_%E5%AE%89%E8%A3%85%E7%A8%8B%E5%BA%8F.exe,urlhaus,malware_download,,2026-09-14 16:00:31,2026-09-14 16:19:23,85
url,https://pastebin.com/raw/Zsds1pcW,threatfox,XWorm,"threatfox,c2,xworm",2026-09-14 16:06:31,2026-09-14 16:19:23,85
url,https://pic.li/images/MSI_PRO_Latest.jpeg,urlhaus,malware_download,,2026-09-14 16:00:31,2026-09-14 16:19:23,85
url,https://portal.onepansol.site/Bin/ScreenConnect.ClientService.exe,urlhaus,malware_download,,2026-09-14 16:00:31,2026-09-14 16:19:23,85
url,https://portal.onepansol.site/Bin/ScreenConnect.WindowsClient.exe,urlhaus,malware_download,connectwise,2026-09-14 16:00:31,2026-09-14 16:19:23,85
url,https://portal.onepansol.site/Bin/ScreenConnect.WindowsFileManager.exe,urlhaus,malware_download,connectwise,2026-09-14 16:00:31,2026-09-14 16:19:23,85
url,https://pub-3e3889b5442b4ed4ab5f97beec5959ea.r2.dev/SSA%20_Document%20Viewer.bat,urlhaus,malware_download,connectwise,2026-09-14 16:00:31,2026-09-14 16:19:23,85
url,https://pub-4cf232026b854c1e8bb06b595c8f7587.r2.dev/special%20invitation.msi,urlhaus,malware_download,AteraAgent,2026-09-14 16:00:31,2026-09-14 16:19:23,85
url,https://pub-5590b15da27f4f219811312b19a8df05.r2.dev/ScreenConnect.ClientSetup.msi,urlhaus,malware_download,connectwise,2026-09-14 16:00:31,2026-09-14 16:19:23,85
url,https://pub-d21b4190a47f45628c828456f23dd66e.r2.dev/38-146-219-200.msi,urlhaus,malware_download,connectwise,2026-09-14 16:00:31,2026-09-14 16:19:23,85
url,https://quest-hz-preds-mod.pages.dev/Hz&PredsMod_HYLODevGX.v1.0.0.exe,urlhaus,malware_download,,2026-09-14 16:00:31,2026-09-14 16:19:23,85
url,https://serve-cookie.vercel.app/api/ipcheck-encrypted/602074,threatfox,BeaverTail,"threatfox,c2,contagious-interview,NodeJS",2026-09-14 16:06:31,2026-09-14 16:19:23,85
url,https://talkandtypeapp.com/static/reciever1.exe,urlhaus,malware_download,,2026-09-14 16:00:31,2026-09-14 16:19:23,85
url,https://teamapp.pages.dev/Microsoft_Team%20_Update.exe,urlhaus,malware_download,connectwise,2026-09-14 16:00:31,2026-09-14 16:19:23,85
url,https://thankful-cliff-01dfec010.7.azurestaticapps.net/Adobe_Updater%20.msi,urlhaus,malware_download,connectwise,2026-09-14 16:00:31,2026-09-14 16:19:23,85
url,https://themaintechnician.us/Bin/ScreenConnect.ClientSetup.msi?e=Access&y=Guest,urlhaus,malware_download,,2026-09-14 16:00:31,2026-09-14 16:19:23,85
url,https://tweakz-dream-launcher.lovable.app/__l5e/assets-v1/f9eec8e0-95ce-4178-b709-6136c6e6321b/V4MP-Tweakz-Launcher.exe,urlhaus,malware_download,SilentNet,2026-09-14 16:00:31,2026-09-14 16:19:23,85
url,https://weroll-byte-welcome-bob-the-builder.pages.dev/pd_documents_upd.vbs,urlhaus,malware_download,,2026-09-14 16:00:31,2026-09-14 16:19:23,85
url,https://wir.consultingics.com/Bin/ScreenConnect.ClientSetup.msi?e=Access&y=Guest&c=GOODVIBE&c=&c=&c=&c=&c=&c=&c=,urlhaus,malware_download,connectwise,2026-09-14 16:00:31,2026-09-14 16:19:23,85
url,https://www.gibkerr.com/,threatfox,Unknown malware,"threatfox,ClickFix",2026-09-14 16:06:31,2026-09-14 16:19:23,85
url,https://www.kammwv.cc/LocalOffice.zip,urlhaus,malware_download,,2026-09-14 16:00:31,2026-09-14 16:19:23,85
domain,0doro4y0.www-genesisrevival.com,threatfox,ClearFake,"threatfox,ClearFake,mac-0x68dc,macos",2026-09-14 04:06:33,2026-09-14 04:28:31,85
domain,1rlnt3t6.kiper.store,threatfox,ClearFake,"threatfox,ClearFake,mac-0x0f14,macos",2026-09-14 04:06:33,2026-09-14 04:28:31,85
domain,8jrr9i8e.kqua.store,threatfox,ClearFake,"threatfox,ClearFake,mac-0x0f14,macos",2026-09-14 04:06:33,2026-09-14 04:28:31,85
domain,api.ketoriloxisd.com,threatfox,Unknown malware,"threatfox,ClickFix,macOS",2026-09-13 16:06:35,2026-09-14 04:28:31,85
domain,api.riklicidufiorai.com,threatfox,Unknown malware,"threatfox,ClickFix,macOS",2026-09-13 16:06:35,2026-09-14 04:28:31,85
domain,athenarose.ch,threatfox,ClearFake,"threatfox,compromised,EtherHide",2026-09-13 16:06:35,2026-09-14 04:28:31,85
domain,berare.store,threatfox,ClearFake,"threatfox,14September2026,ClearFake,Commandline,DomainShadowing,Windows",2026-09-14 04:06:33,2026-09-14 04:28:31,85
domain,bhgs361d.venoplus.us,threatfox,ClearFake,"threatfox,ClearFake,mac-0x68dc,macos",2026-09-14 04:06:33,2026-09-14 04:28:31,85
domain,bro.v-panel.asia,threatfox,Vidar,threatfox,2026-09-13 16:06:35,2026-09-14 04:28:31,85
domain,bvr3nwx8.kapkan.store,threatfox,ClearFake,"threatfox,ClearFake,mac-0x0f14,macos",2026-09-13 16:06:35,2026-09-14 04:28:31,85
domain,campingcavresc.ch,threatfox,ClearFake,"threatfox,compromised,EtherHide",2026-09-13 16:06:35,2026-09-14 04:28:31,85
domain,cdn.tulipstone.cc,threatfox,ACR Stealer,"threatfox,ACRStealer",2026-09-13 16:06:35,2026-09-14 04:28:31,85
domain,cevahine.workers.dev,threatfox,php.shin_webshell,"threatfox,Cloudflare,GIF,PHP,webshell,WordPress,workers.dev,wp-admin",2026-09-14 04:06:33,2026-09-14 04:28:31,85
domain,dev.hamiltonetfs.com,threatfox,IClickFix,"threatfox,ClickFix,Mac",2026-09-14 04:06:33,2026-09-14 04:28:31,85
domain,dnsrecordsarepowerful.com,threatfox,CECbot,threatfox,2026-09-13 16:06:35,2026-09-14 04:28:31,85
domain,dontworry.su,threatfox,CECbot,threatfox,2026-09-13 16:06:35,2026-09-14 04:28:31,85
domain,electromovement.gr,threatfox,IClickFix,"threatfox,ClickFix,Mac",2026-09-13 16:06:35,2026-09-14 04:28:31,85
domain,elitegrouplosangeles.com,threatfox,IClickFix,"threatfox,ClickFix,Mac",2026-09-13 16:06:35,2026-09-14 04:28:31,85
domain,ernaehrung-und-therapie.de,threatfox,IClickFix,"threatfox,ClickFix,Mac",2026-09-13 16:06:35,2026-09-14 04:28:31,85
domain,ervasigorta.com,threatfox,IClickFix,"threatfox,ClickFix,Mac",2026-09-13 16:06:35,2026-09-14 04:28:31,85
domain,esmaeilbagheridoust.info,threatfox,IClickFix,"threatfox,ClickFix,Mac",2026-09-13 16:06:35,2026-09-14 04:28:31,85
domain,f89c1f1n.www-bellyflush.com,threatfox,ClearFake,"threatfox,ClearFake,mac-0x76c7,macos",2026-09-14 04:06:33,2026-09-14 04:28:31,85
domain,farnostprerov.cz,threatfox,IClickFix,"threatfox,ClickFix,Mac",2026-09-13 16:06:35,2026-09-14 04:28:31,85
domain,fkoigx5czu.workers.dev,threatfox,php.shin_webshell,"threatfox,Cloudflare,GIF,PHP,webshell,WordPress,workers.dev,wp-admin",2026-09-14 04:06:33,2026-09-14 04:28:31,85
domain,fombord.com,threatfox,IClickFix,"threatfox,ClickFix,Mac",2026-09-13 16:06:35,2026-09-14 04:28:31,85
domain,formazione.agriservizi-castellana.it,threatfox,IClickFix,"threatfox,ClickFix,Mac",2026-09-13 16:06:35,2026-09-14 04:28:31,85
domain,fosterhealthco.com,threatfox,IClickFix,"threatfox,ClickFix,Mac",2026-09-13 16:06:35,2026-09-14 04:28:31,85
domain,freebets.io,threatfox,IClickFix,"threatfox,ClickFix,Mac",2026-09-13 16:06:35,2026-09-14 04:28:31,85
domain,ftp.sequences.digital,threatfox,Agent Tesla,"threatfox,AgentTesla",2026-09-14 04:06:33,2026-09-14 04:28:31,85
domain,funchal.consulado.gob.ve,threatfox,IClickFix,"threatfox,ClickFix,Mac",2026-09-13 16:06:35,2026-09-14 04:28:31,85
domain,fusionise.co.uk,threatfox,IClickFix,"threatfox,ClickFix,Mac",2026-09-13 16:06:35,2026-09-14 04:28:31,85
domain,fusunoli.workers.dev,threatfox,php.shin_webshell,"threatfox,Cloudflare,GIF,PHP,webshell,WordPress,workers.dev,wp-admin",2026-09-14 04:06:33,2026-09-14 04:28:31,85
domain,g40nqhhih6.workers.dev,threatfox,php.shin_webshell,"threatfox,Cloudflare,GIF,PHP,webshell,WordPress,workers.dev,wp-admin",2026-09-14 04:06:33,2026-09-14 04:28:31,85
domain,gandclandscaping.com,threatfox,IClickFix,"threatfox,ClickFix,Mac",2026-09-13 16:06:35,2026-09-14 04:28:31,85
domain,geafilms.com,threatfox,IClickFix,"threatfox,ClickFix,Mac",2026-09-13 16:06:35,2026-09-14 04:28:31,85
domain,gigapixelgaming.com,threatfox,IClickFix,"threatfox,ClickFix,Mac",2026-09-13 16:06:35,2026-09-14 04:28:31,85
domain,globexpharma.com.bd,threatfox,IClickFix,"threatfox,ClickFix,Mac",2026-09-13 16:06:35,2026-09-14 04:28:31,85
domain,grata83.workers.dev,threatfox,php.shin_webshell,"threatfox,Cloudflare,GIF,PHP,webshell,WordPress,workers.dev,wp-admin",2026-09-14 04:06:33,2026-09-14 04:28:31,85
domain,greenpaintingco.com,threatfox,IClickFix,"threatfox,ClickFix,Mac",2026-09-13 16:06:35,2026-09-14 04:28:31,85
domain,gvcak87364.workers.dev,threatfox,php.shin_webshell,"threatfox,Cloudflare,GIF,PHP,webshell,WordPress,workers.dev,wp-admin",2026-09-14 04:06:33,2026-09-14 04:28:31,85
domain,haartransplantationmannheim.com,threatfox,IClickFix,"threatfox,ClickFix,Mac",2026-09-13 16:06:35,2026-09-14 04:28:31,85
domain,havistaventures.com,threatfox,IClickFix,"threatfox,ClickFix,Mac",2026-09-13 16:06:35,2026-09-14 04:28:31,85
domain,healthpharmmedia.com,threatfox,IClickFix,"threatfox,ClickFix,Mac",2026-09-13 16:06:35,2026-09-14 04:28:31,85
domain,hebequwe.workers.dev,threatfox,php.shin_webshell,"threatfox,Cloudflare,GIF,PHP,webshell,WordPress,workers.dev,wp-admin",2026-09-13 16:06:35,2026-09-14 04:28:31,85
domain,helpme.one,threatfox,IClickFix,"threatfox,ClickFix,Mac",2026-09-13 16:06:35,2026-09-14 04:28:31,85
domain,imajenme.com,threatfox,IClickFix,"threatfox,ClickFix,Mac",2026-09-13 16:06:35,2026-09-14 04:28:31,85
domain,ipkemindosulsel.com,threatfox,IClickFix,"threatfox,ClickFix,Mac",2026-09-13 16:06:35,2026-09-14 04:28:31,85
domain,jadebrush.ca,threatfox,IClickFix,"threatfox,ClickFix,Mac",2026-09-13 16:06:35,2026-09-14 04:28:31,85
domain,jayratnaindsol.com,threatfox,IClickFix,"threatfox,ClickFix,Mac",2026-09-13 16:06:35,2026-09-14 04:28:31,85
domain,jornadadosescritores.com,threatfox,IClickFix,"threatfox,ClickFix,Mac",2026-09-13 16:06:35,2026-09-14 04:28:31,85
domain,k94qbs8lmd.workers.dev,threatfox,php.shin_webshell,"threatfox,Cloudflare,GIF,PHP,webshell,WordPress,workers.dev,wp-admin",2026-09-13 16:06:35,2026-09-14 04:28:31,85
domain,kaliop-weda.club,threatfox,ACR Stealer,"threatfox,ACRStealer",2026-09-14 04:06:33,2026-09-14 04:28:31,85
domain,kamaks.store,threatfox,ClearFake,"threatfox,13September2026,ClearFake,Commandline,MacOS",2026-09-13 16:06:35,2026-09-14 04:28:31,85
domain,kapkan.store,threatfox,ClearFake,"threatfox,13September2026,ClearFake,Commandline,MacOS",2026-09-13 16:06:35,2026-09-14 04:28:31,85
domain,karakocsystem.xyz,threatfox,Agent Tesla,threatfox,2026-09-14 04:06:33,2026-09-14 04:28:31,85
domain,karyangroups.com,threatfox,IClickFix,"threatfox,ClickFix,Mac",2026-09-13 16:06:35,2026-09-14 04:28:31,85
domain,khive.store,threatfox,ClearFake,"threatfox,13September2026,ClearFake,Commandline,MacOS",2026-09-14 04:06:33,2026-09-14 04:28:31,85
domain,kimgendata.kimgen.cl,threatfox,IClickFix,"threatfox,ClickFix,Mac",2026-09-13 16:06:35,2026-09-14 04:28:31,85
domain,kiper.store,threatfox,ClearFake,"threatfox,13September2026,ClearFake,Commandline,MacOS",2026-09-14 04:06:33,2026-09-14 04:28:31,85
domain,kqua.store,threatfox,ClearFake,"threatfox,14September2026,ClearFake,Commandline,MacOS",2026-09-14 04:06:33,2026-09-14 04:28:31,85
domain,kumyy.com,threatfox,IClickFix,"threatfox,ClickFix,Mac",2026-09-13 16:06:35,2026-09-14 04:28:31,85
domain,lambertconsultinggroup.com,threatfox,ClearFake,"threatfox,14September2026,ClearFake,Commandline,DomainShadowing,Windows",2026-09-14 04:06:33,2026-09-14 04:28:31,85
domain,lermonia.fr,threatfox,IClickFix,"threatfox,ClickFix,Mac",2026-09-13 16:06:35,2026-09-14 04:28:31,85
domain,liv360.com.br,threatfox,IClickFix,"threatfox,ClickFix,Mac",2026-09-13 16:06:35,2026-09-14 04:28:31,85
domain,lokibyra.workers.dev,threatfox,php.shin_webshell,"threatfox,Cloudflare,GIF,PHP,webshell,WordPress,workers.dev,wp-admin",2026-09-14 04:06:33,2026-09-14 04:28:31,85
domain,lydigital.com.br,threatfox,IClickFix,"threatfox,ClickFix,Mac",2026-09-13 16:06:35,2026-09-14 04:28:31,85
domain,ma-nova.de,threatfox,IClickFix,"threatfox,ClickFix,Mac",2026-09-13 16:06:35,2026-09-14 04:28:31,85
domain,martamero.es,threatfox,IClickFix,"threatfox,ClickFix,Mac",2026-09-13 16:06:35,2026-09-14 04:28:31,85
domain,medax-group.com,threatfox,IClickFix,"threatfox,ClickFix,Mac",2026-09-13 16:06:35,2026-09-14 04:28:31,85
domain,medellin.consulado.gob.ve,threatfox,IClickFix,"threatfox,ClickFix,Mac",2026-09-13 16:06:35,2026-09-14 04:28:31,85
domain,medisums.com,threatfox,IClickFix,"threatfox,ClickFix,Mac",2026-09-13 16:06:35,2026-09-14 04:28:31,85
domain,miraclehandshomecare.com,threatfox,IClickFix,"threatfox,ClickFix,Mac",2026-09-13 16:06:35,2026-09-14 04:28:31,85
domain,misshoustonpageant.com,threatfox,IClickFix,"threatfox,ClickFix,Mac",2026-09-13 16:06:35,2026-09-14 04:28:31,85
domain,mostlyopera.org,threatfox,IClickFix,"threatfox,ClickFix,Mac",2026-09-13 16:06:35,2026-09-14 04:28:31,85
domain,movementtowardchange.org,threatfox,ClearFake,"threatfox,compromised,EtherHide",2026-09-14 04:06:33,2026-09-14 04:28:31,85
domain,mxgrupoperusac.com,threatfox,IClickFix,"threatfox,ClickFix,Mac",2026-09-13 16:06:35,2026-09-14 04:28:31,85
domain,naturfotografie-roman-vitt.de,threatfox,IClickFix,"threatfox,ClickFix,Mac",2026-09-13 16:06:35,2026-09-14 04:28:31,85
domain,nvhstudios.com,threatfox,IClickFix,"threatfox,ClickFix,Mac",2026-09-13 16:06:35,2026-09-14 04:28:31,85
domain,nwibouncehouse.com,threatfox,IClickFix,"threatfox,ClickFix,Mac",2026-09-13 16:06:35,2026-09-14 04:28:31,85
domain,oaklanecapital.com,threatfox,IClickFix,"threatfox,ClickFix,Mac",2026-09-13 16:06:35,2026-09-14 04:28:31,85
domain,oasispark.gr,threatfox,IClickFix,"threatfox,ClickFix,Mac",2026-09-13 16:06:35,2026-09-14 04:28:31,85
domain,obor.no,threatfox,IClickFix,"threatfox,ClickFix,Mac",2026-09-13 16:06:35,2026-09-14 04:28:31,85
domain,off98by7.www-cardioslim.com,threatfox,ClearFake,"threatfox,ClearFake,mac-0xdcf2,macos",2026-09-14 04:06:33,2026-09-14 04:28:31,85
domain,ombwnn9g6z.workers.dev,threatfox,php.shin_webshell,"threatfox,Cloudflare,GIF,PHP,webshell,WordPress,workers.dev,wp-admin",2026-09-14 04:06:33,2026-09-14 04:28:31,85
domain,optica-oftalmika.com,threatfox,IClickFix,"threatfox,ClickFix,Mac",2026-09-13 16:06:35,2026-09-14 04:28:31,85
domain,ortodonciagonzalezaleman.com,threatfox,IClickFix,"threatfox,ClickFix,Mac",2026-09-13 16:06:35,2026-09-14 04:28:31,85
domain,otomobilrehber.com,threatfox,IClickFix,"threatfox,ClickFix,Mac",2026-09-13 16:06:35,2026-09-14 04:28:31,85
domain,owwyt4xqrs.workers.dev,threatfox,php.shin_webshell,"threatfox,Cloudflare,GIF,PHP,webshell,WordPress,workers.dev,wp-admin",2026-09-14 04:06:33,2026-09-14 04:28:31,85
domain,paisesbajos.embajada.gob.ve,threatfox,IClickFix,"threatfox,ClickFix,Mac",2026-09-13 16:06:35,2026-09-14 04:28:31,85
domain,panama.embajada.gob.ve,threatfox,IClickFix,"threatfox,ClickFix,Mac",2026-09-13 16:06:35,2026-09-14 04:28:31,85
domain,peachylub.com,threatfox,IClickFix,"threatfox,ClickFix,Mac",2026-09-13 16:06:35,2026-09-14 04:28:31,85
domain,portercontabilidade.com.br,threatfox,IClickFix,"threatfox,ClickFix,Mac",2026-09-13 16:06:35,2026-09-14 04:28:31,85
domain,possum.immo,threatfox,IClickFix,"threatfox,ClickFix,Mac",2026-09-13 16:06:35,2026-09-14 04:28:31,85
domain,prairielink.cfd,threatfox,Unknown Loader,"threatfox,OffLoader",2026-09-14 04:06:33,2026-09-14 04:28:31,85
domain,prema.agr.br,threatfox,IClickFix,"threatfox,ClickFix,Mac",2026-09-13 16:06:35,2026-09-14 04:28:31,85
domain,pronetergy.com,threatfox,IClickFix,"threatfox,ClickFix,Mac",2026-09-13 16:06:35,2026-09-14 04:28:31,85
domain,proswpppstg.wpenginepowered.com,threatfox,IClickFix,"threatfox,ClickFix,Mac",2026-09-13 16:06:35,2026-09-14 04:28:31,85
domain,psicologabegohermida.com,threatfox,IClickFix,"threatfox,ClickFix,Mac",2026-09-13 16:06:35,2026-09-14 04:28:31,85
domain,purushottamhambarde.com,threatfox,IClickFix,"threatfox,ClickFix,Mac",2026-09-13 16:06:35,2026-09-14 04:28:31,85
domain,puvepa.workers.dev,threatfox,php.shin_webshell,"threatfox,Cloudflare,GIF,PHP,webshell,WordPress,workers.dev,wp-admin",2026-09-13 16:06:35,2026-09-14 04:28:31,85
domain,pwphotoclub.org,threatfox,IClickFix,"threatfox,ClickFix,Mac",2026-09-13 16:06:35,2026-09-14 04:28:31,85
domain,reddyannabookpro.com,threatfox,IClickFix,"threatfox,ClickFix,Mac",2026-09-13 16:06:35,2026-09-14 04:28:31,85
domain,relay.miranarts-top.cc,threatfox,Unknown RAT,"threatfox,ConnectWise,RMM,ScreenConnect",2026-09-14 04:06:33,2026-09-14 04:28:31,85
domain,remoteteambuild.com,threatfox,ClearFake,"threatfox,compromised,EtherHide",2026-09-14 04:06:33,2026-09-14 04:28:31,85
domain,renewmanhealth.com,threatfox,IClickFix,"threatfox,ClickFix,Mac",2026-09-13 16:06:35,2026-09-14 04:28:31,85
domain,reveltio.com,threatfox,IClickFix,"threatfox,ClickFix,Mac",2026-09-13 16:06:35,2026-09-14 04:28:31,85
domain,riliev.com,threatfox,IClickFix,"threatfox,ClickFix,Mac",2026-09-13 16:06:35,2026-09-14 04:28:31,85
domain,rogerioaraujo.com.br,threatfox,IClickFix,"threatfox,ClickFix,Mac",2026-09-13 16:06:35,2026-09-14 04:28:31,85
domain,romanchassis.com,threatfox,IClickFix,"threatfox,ClickFix,Mac",2026-09-13 16:06:35,2026-09-14 04:28:31,85
domain,romanquenin.com,threatfox,IClickFix,"threatfox,ClickFix,Mac",2026-09-13 16:06:35,2026-09-14 04:28:31,85
domain,rsol.info,threatfox,IClickFix,"threatfox,ClickFix,Mac",2026-09-13 16:06:35,2026-09-14 04:28:31,85
domain,rzmi7dyf.khive.store,threatfox,ClearFake,"threatfox,ClearFake,mac-0x0f14,macos",2026-09-14 04:06:33,2026-09-14 04:28:31,85
domain,sapnaacapturesstudio.com,threatfox,IClickFix,"threatfox,ClickFix,Mac",2026-09-13 16:06:35,2026-09-14 04:28:31,85
domain,sarahbir.com,threatfox,IClickFix,"threatfox,ClickFix,Mac",2026-09-13 16:06:35,2026-09-14 04:28:31,85
domain,sayyesinparis.com,threatfox,IClickFix,"threatfox,ClickFix,Mac",2026-09-13 16:06:35,2026-09-14 04:28:31,85
domain,sbobrand.com,threatfox,IClickFix,"threatfox,ClickFix,Mac",2026-09-13 16:06:35,2026-09-14 04:28:31,85
domain,sdsantoaloysiussemarang.sch.id,threatfox,IClickFix,"threatfox,ClickFix,Mac",2026-09-13 16:06:35,2026-09-14 04:28:31,85
domain,sedesenelextranjero.unam.mx,threatfox,IClickFix,"threatfox,ClickFix,Mac",2026-09-13 16:06:35,2026-09-14 04:28:31,85
domain,shahjee.org,threatfox,IClickFix,"threatfox,ClickFix,Mac",2026-09-13 16:06:35,2026-09-14 04:28:31,85
domain,siimportados.com,threatfox,IClickFix,"threatfox,ClickFix,Mac",2026-09-13 16:06:35,2026-09-14 04:28:31,85
domain,sindhucollections.com,threatfox,IClickFix,"threatfox,ClickFix,Mac",2026-09-13 16:06:35,2026-09-14 04:28:31,85
domain,sjrfootball.com,threatfox,IClickFix,"threatfox,ClickFix,Mac",2026-09-13 16:06:35,2026-09-14 04:28:31,85
domain,skrpmart.com,threatfox,IClickFix,"threatfox,ClickFix,Mac",2026-09-13 16:06:35,2026-09-14 04:28:31,85
domain,skrupamenterprise.com,threatfox,IClickFix,"threatfox,ClickFix,Mac",2026-09-13 16:06:35,2026-09-14 04:28:31,85
domain,softqom.com,threatfox,IClickFix,"threatfox,ClickFix,Mac",2026-09-13 16:06:35,2026-09-14 04:28:31,85
domain,soulinthekitchen.com,threatfox,IClickFix,"threatfox,ClickFix,Mac",2026-09-13 16:06:35,2026-09-14 04:28:31,85
domain,spamhaushackers.at,threatfox,CECbot,threatfox,2026-09-13 16:06:35,2026-09-14 04:28:31,85
domain,startrakinvestments.com,threatfox,IClickFix,"threatfox,ClickFix,Mac",2026-09-13 16:06:35,2026-09-14 04:28:31,85
domain,steelwireropeindia.com,threatfox,IClickFix,"threatfox,ClickFix,Mac",2026-09-13 16:06:35,2026-09-14 04:28:31,85
domain,streetevilstudios.com,threatfox,IClickFix,"threatfox,ClickFix,Mac",2026-09-13 16:06:35,2026-09-14 04:28:31,85
domain,summitx.org,threatfox,IClickFix,"threatfox,ClickFix,Mac",2026-09-13 16:06:35,2026-09-14 04:28:31,85
domain,tao.eco.br,threatfox,ClearFake,"threatfox,compromised,EtherHide",2026-09-14 04:06:33,2026-09-14 04:28:31,85
domain,tasteoflouisianautah.com,threatfox,IClickFix,"threatfox,ClickFix,Mac",2026-09-13 16:06:35,2026-09-14 04:28:31,85
domain,tcblounge.com,threatfox,IClickFix,"threatfox,ClickFix,Mac",2026-09-13 16:06:35,2026-09-14 04:28:31,85
domain,tcgstaffingagency.com,threatfox,IClickFix,"threatfox,ClickFix,Mac",2026-09-13 16:06:35,2026-09-14 04:28:31,85
domain,telugufunda.com,threatfox,IClickFix,"threatfox,ClickFix,Mac",2026-09-13 16:06:35,2026-09-14 04:28:31,85
domain,thegioioptuong.com,threatfox,IClickFix,"threatfox,ClickFix,Mac",2026-09-13 16:06:35,2026-09-14 04:28:31,85
domain,tobiasemanuel.org,threatfox,IClickFix,"threatfox,ClickFix,Mac",2026-09-13 16:06:35,2026-09-14 04:28:31,85
domain,toutabaskouta.com,threatfox,IClickFix,"threatfox,ClickFix,Mac",2026-09-13 16:06:35,2026-09-14 04:28:31,85
domain,transharbour.com,threatfox,IClickFix,"threatfox,ClickFix,Mac",2026-09-13 16:06:35,2026-09-14 04:28:31,85
domain,tulipstone.cc,threatfox,ACR Stealer,"threatfox,ACRStealer",2026-09-13 16:06:35,2026-09-14 04:28:31,85
domain,twealthcorporate.com,threatfox,IClickFix,"threatfox,ClickFix,Mac",2026-09-13 16:06:35,2026-09-14 04:28:31,85
domain,tyxti71182.workers.dev,threatfox,php.shin_webshell,"threatfox,Cloudflare,GIF,PHP,webshell,WordPress,workers.dev,wp-admin",2026-09-14 04:06:33,2026-09-14 04:28:31,85
domain,ukcvl78288.workers.dev,threatfox,php.shin_webshell,"threatfox,Cloudflare,GIF,PHP,webshell,WordPress,workers.dev,wp-admin",2026-09-14 04:06:33,2026-09-14 04:28:31,85
domain,ultimatebodyrecovery.com,threatfox,IClickFix,"threatfox,ClickFix,Mac",2026-09-13 16:06:35,2026-09-14 04:28:31,85
domain,unlumarkiz.com.tr,threatfox,IClickFix,"threatfox,ClickFix,Mac",2026-09-13 16:06:35,2026-09-14 04:28:31,85
domain,verbierlanguageschool.com,threatfox,ClearFake,"threatfox,compromised,EtherHide",2026-09-14 04:06:33,2026-09-14 04:28:31,85
domain,verborgenparel.com,threatfox,IClickFix,"threatfox,ClickFix,Mac",2026-09-13 16:06:35,2026-09-14 04:28:31,85
domain,visimir.com,threatfox,IClickFix,"threatfox,ClickFix,Mac",2026-09-13 16:06:35,2026-09-14 04:28:31,85
domain,vyvexusu.workers.dev,threatfox,php.shin_webshell,"threatfox,Cloudflare,GIF,PHP,webshell,WordPress,workers.dev,wp-admin",2026-09-13 16:06:35,2026-09-14 04:28:31,85
domain,w3foru.net,threatfox,IClickFix,"threatfox,ClickFix,Mac",2026-09-13 16:06:35,2026-09-14 04:28:31,85
domain,web.aloha-hk.com,threatfox,IClickFix,"threatfox,ClickFix,Mac",2026-09-13 16:06:35,2026-09-14 04:28:31,85
domain,wellbeingaddicts.com,threatfox,IClickFix,"threatfox,ClickFix,Mac",2026-09-13 16:06:35,2026-09-14 04:28:31,85
domain,wivahu.workers.dev,threatfox,php.shin_webshell,"threatfox,Cloudflare,GIF,PHP,webshell,WordPress,workers.dev,wp-admin",2026-09-14 04:06:33,2026-09-14 04:28:31,85
domain,wpqcy51616.workers.dev,threatfox,php.shin_webshell,"threatfox,Cloudflare,GIF,PHP,webshell,WordPress,workers.dev,wp-admin",2026-09-14 04:06:33,2026-09-14 04:28:31,85
domain,wrdn.lol,threatfox,Unknown Stealer,"threatfox,c2",2026-09-14 04:06:33,2026-09-14 04:28:31,85
domain,writersghana.com,threatfox,IClickFix,"threatfox,ClickFix,Mac",2026-09-13 16:06:35,2026-09-14 04:28:31,85
domain,wsiwebenhancers.com,threatfox,IClickFix,"threatfox,ClickFix,Mac",2026-09-13 16:06:35,2026-09-14 04:28:31,85
domain,www.amksport.com,threatfox,ClearFake,"threatfox,compromised,EtherHide",2026-09-14 04:06:33,2026-09-14 04:28:31,85
domain,www.arvoad.org,threatfox,IClickFix,"threatfox,ClickFix,Mac",2026-09-13 16:06:35,2026-09-14 04:28:31,85
domain,www.atbiopower.co.th,threatfox,IClickFix,"threatfox,ClickFix,Mac",2026-09-13 16:06:35,2026-09-14 04:28:31,85
domain,www.bridge-seven.net,threatfox,IClickFix,"threatfox,ClickFix,Mac",2026-09-13 16:06:35,2026-09-14 04:28:31,85
domain,www.brpautodemontage.nl,threatfox,IClickFix,"threatfox,ClickFix,Mac",2026-09-13 16:06:35,2026-09-14 04:28:31,85
domain,www.cmi4u.com,threatfox,IClickFix,"threatfox,ClickFix,Mac",2026-09-13 16:06:35,2026-09-14 04:28:31,85
domain,www.cursoenfermeriaarritmiasfjd.es,threatfox,IClickFix,"threatfox,ClickFix,Mac",2026-09-13 16:06:35,2026-09-14 04:28:31,85
domain,www.debourg-joaillerie.fr,threatfox,IClickFix,"threatfox,ClickFix,Mac",2026-09-13 16:06:35,2026-09-14 04:28:31,85
domain,www.digitalisierung-schule.ch,threatfox,ClearFake,"threatfox,compromised,EtherHide",2026-09-14 04:06:33,2026-09-14 04:28:31,85
domain,www.esmere.com.br,threatfox,IClickFix,"threatfox,ClickFix,Mac",2026-09-13 16:06:35,2026-09-14 04:28:31,85
domain,www.famesaexplosivos.com,threatfox,IClickFix,"threatfox,ClickFix,Mac",2026-09-13 16:06:35,2026-09-14 04:28:31,85
domain,www.findmyperfecthome.co.uk,threatfox,IClickFix,"threatfox,ClickFix,Mac",2026-09-13 16:06:35,2026-09-14 04:28:31,85
domain,www.firehousechicago.com,threatfox,IClickFix,"threatfox,ClickFix,Mac",2026-09-13 16:06:35,2026-09-14 04:28:31,85
domain,www.h24news.it,threatfox,IClickFix,"threatfox,ClickFix,Mac",2026-09-13 16:06:35,2026-09-14 04:28:31,85
domain,www.igneoingenieria.com,threatfox,IClickFix,"threatfox,ClickFix,Mac",2026-09-13 16:06:35,2026-09-14 04:28:31,85
domain,www.italiangusto.it,threatfox,IClickFix,"threatfox,ClickFix,Mac",2026-09-13 16:06:35,2026-09-14 04:28:31,85
domain,www.librainsbrokers.com,threatfox,IClickFix,"threatfox,ClickFix,Mac",2026-09-13 16:06:35,2026-09-14 04:28:31,85
domain,www.makmigroup.com,threatfox,IClickFix,"threatfox,ClickFix,Mac",2026-09-13 16:06:35,2026-09-14 04:28:31,85
domain,www.marriagebook.org,threatfox,IClickFix,"threatfox,ClickFix,Mac",2026-09-13 16:06:35,2026-09-14 04:28:31,85
domain,www.mimay.it,threatfox,IClickFix,"threatfox,ClickFix,Mac",2026-09-13 16:06:35,2026-09-14 04:28:31,85
domain,www.mirandaschool.org,threatfox,IClickFix,"threatfox,ClickFix,Mac",2026-09-13 16:06:35,2026-09-14 04:28:31,85
domain,www.obele.com.br,threatfox,IClickFix,"threatfox,ClickFix,Mac",2026-09-13 16:06:35,2026-09-14 04:28:31,85
domain,www.organicsurgical.com,threatfox,IClickFix,"threatfox,ClickFix,Mac",2026-09-13 16:06:35,2026-09-14 04:28:31,85
domain,www.productionskc.com,threatfox,IClickFix,"threatfox,ClickFix,Mac",2026-09-13 16:06:35,2026-09-14 04:28:31,85
domain,www.rdlgroup.it,threatfox,IClickFix,"threatfox,ClickFix,Mac",2026-09-13 16:06:35,2026-09-14 04:28:31,85
domain,www.safehandspro.care,threatfox,IClickFix,"threatfox,ClickFix,Mac",2026-09-13 16:06:35,2026-09-14 04:28:31,85
domain,www.scaleyoursales.de,threatfox,IClickFix,"threatfox,ClickFix,Mac",2026-09-13 16:06:35,2026-09-14 04:28:31,85
domain,www.siarboga.se,threatfox,IClickFix,"threatfox,ClickFix,Mac",2026-09-13 16:06:35,2026-09-14 04:28:31,85
domain,www.sioutsider.com,threatfox,IClickFix,"threatfox,ClickFix,Mac",2026-09-13 16:06:35,2026-09-14 04:28:31,85
domain,www.sitecnasnc.it,threatfox,IClickFix,"threatfox,ClickFix,Mac",2026-09-13 16:06:35,2026-09-14 04:28:31,85
domain,www.teesstation.com,threatfox,IClickFix,"threatfox,ClickFix,Mac",2026-09-13 16:06:35,2026-09-14 04:28:31,85
domain,www.telegraphspace.com,threatfox,IClickFix,"threatfox,ClickFix,Mac",2026-09-13 16:06:35,2026-09-14 04:28:31,85
domain,www.tixi.it,threatfox,IClickFix,"threatfox,ClickFix,Mac",2026-09-13 16:06:35,2026-09-14 04:28:31,85
domain,www.vipautopa.com,threatfox,IClickFix,"threatfox,ClickFix,Mac",2026-09-13 16:06:35,2026-09-14 04:28:31,85
domain,www.volder.dk,threatfox,IClickFix,"threatfox,ClickFix,Mac",2026-09-13 16:06:35,2026-09-14 04:28:31,85
domain,x-son.com,threatfox,IClickFix,"threatfox,ClickFix,Mac",2026-09-13 16:06:35,2026-09-14 04:28:31,85
domain,xvqot9dc.us-theeloncode.com,threatfox,ClearFake,"threatfox,ClearFake,mac-0x68dc,macos",2026-09-14 04:06:33,2026-09-14 04:28:31,85
domain,yahyatours.com,threatfox,IClickFix,"threatfox,ClickFix,Mac",2026-09-13 16:06:35,2026-09-14 04:28:31,85
domain,youareafagifyoufoundthis.com,threatfox,CECbot,threatfox,2026-09-13 16:06:35,2026-09-14 04:28:31,85
domain,youngpinksisters.org.au,threatfox,IClickFix,"threatfox,ClickFix,Mac",2026-09-13 16:06:35,2026-09-14 04:28:31,85
domain,zouwemmig.cfd,threatfox,Unknown Loader,"threatfox,PavinLoader",2026-09-14 04:06:33,2026-09-14 04:28:31,85
hash_md5,002df6d51a82df7b95da78c2f732b9cc,malwarebazaar,js,js,2026-09-14 04:00:07,2026-09-14 04:28:31,85
hash_md5,017d1815c562d887c711c3d5f9ca3cfa,threatfox,Agent Tesla,threatfox,2026-09-14 04:06:33,2026-09-14 04:28:31,85
hash_md5,01af93c099eda51a2b46fb2108fc1e2a,threatfox,NjRAT,threatfox,2026-09-14 04:06:33,2026-09-14 04:28:31,85
hash_md5,0296131ff41eb0893cedd4a2f810df0e,malwarebazaar,VShell,"exe,VShell",2026-09-14 04:00:07,2026-09-14 04:28:31,85
hash_md5,02c01ee13f002aff0e967e42f034a712,malwarebazaar,Snowlight,"elf,Snowlight",2026-09-14 04:00:07,2026-09-14 04:28:31,85
hash_md5,056681587b8a1879c23808f71f11132f,malwarebazaar,VShell,"exe,VShell",2026-09-14 04:00:07,2026-09-14 04:28:31,85
hash_md5,0619ea92183c0295e38c50812013d42d,malwarebazaar,Mirai,"elf,Mirai,upx",2026-09-14 04:00:07,2026-09-14 04:28:31,85
hash_md5,07ec2f69e49c8403f0f8de7261248506,malwarebazaar,exe,exe,2026-09-14 04:00:07,2026-09-14 04:28:31,85
hash_md5,081358e7d4586ef57208d63dfa194b97,threatfox,Prometei,threatfox,2026-09-14 04:06:33,2026-09-14 04:28:31,85
hash_md5,0ae04c09372bb6d53d08b847205b9f74,malwarebazaar,exe,"exe,upx-dec",2026-09-14 04:00:07,2026-09-14 04:28:31,85
hash_md5,0c05c484663630a36cf29e6015e40bf1,malwarebazaar,Mirai,"elf,Mirai",2026-09-14 04:00:07,2026-09-14 04:28:31,85
hash_md5,0c60c4e3b440722e963303121ad6a1ab,malwarebazaar,Mirai,"elf,Mirai",2026-09-14 04:00:07,2026-09-14 04:28:31,85
hash_md5,0e7aff8379dc7f112dfece7d3cf1a668,malwarebazaar,Snowlight,"elf,Snowlight",2026-09-14 04:00:07,2026-09-14 04:28:31,85
hash_md5,115a1aafb4fcab45d56972de88c55e4e,threatfox,AsyncRAT,threatfox,2026-09-14 04:06:33,2026-09-14 04:28:31,85
hash_md5,15d5b98040322e38a63a37618f149a59,malwarebazaar,VShell,"exe,VShell",2026-09-14 04:00:07,2026-09-14 04:28:31,85
hash_md5,161cffce699888fd263578084a863522,threatfox,AsyncRAT,threatfox,2026-09-14 04:06:33,2026-09-14 04:28:31,85
hash_md5,16c1fd7f1586fd61c657e51d34102bca,malwarebazaar,js,js,2026-09-14 04:00:07,2026-09-14 04:28:31,85
hash_md5,1b30edac65ecd6a8d500598bd91f233f,malwarebazaar,unknown,unknown,2026-09-14 04:00:07,2026-09-14 04:28:31,85
hash_md5,1c4843c4e0f83601f80071fb76996cfe,malwarebazaar,VShell,"exe,VShell",2026-09-14 04:00:07,2026-09-14 04:28:31,85
hash_md5,1def5d2a15d27047c9fd8e27e39bcb5b,malwarebazaar,Mirai,"elf,Mirai",2026-09-14 04:00:07,2026-09-14 04:28:31,85
hash_md5,1e6554b354c80d2206444e71567bc9b2,threatfox,SigLoader,threatfox,2026-09-14 04:06:33,2026-09-14 04:28:31,85
hash_md5,1f643c6723e6e989724c39ec3457e18d,malwarebazaar,exe,"dropped-by-GCleaner,exe,G,US0.file",2026-09-14 04:00:07,2026-09-14 04:28:31,85
hash_md5,1f655924f90d0dd0e7a53d905f153221,threatfox,SigLoader,threatfox,2026-09-14 04:06:33,2026-09-14 04:28:31,85
hash_md5,210dec80108947825532a4d552b2c871,threatfox,Vidar,threatfox,2026-09-14 04:06:33,2026-09-14 04:28:31,85
hash_md5,2135f5ae38032c8e2c05b2837a4294df,malwarebazaar,Vidar,"ClickFix,exe,Vidar",2026-09-14 04:00:07,2026-09-14 04:28:31,85
hash_md5,22cebd3ccdd8efab543383d38df54381,threatfox,Phorpiex,threatfox,2026-09-14 04:06:33,2026-09-14 04:28:31,85
hash_md5,255790d927a0f6e078497a30558842b9,malwarebazaar,sh,sh,2026-09-14 04:00:07,2026-09-14 04:28:31,85
hash_md5,2802ea1cdae9c7fa53102624db92edb3,threatfox,ValleyRAT,threatfox,2026-09-14 04:06:33,2026-09-14 04:28:31,85
hash_md5,284a89ed1463b727dfc3d638f2686e48,malwarebazaar,exe,"exe,signed",2026-09-14 04:00:07,2026-09-14 04:28:31,85
hash_md5,284ad6b6c0c24e56c56b681f4492a1e3,malwarebazaar,njrat,"exe,njrat,RAT",2026-09-14 04:00:07,2026-09-14 04:28:31,85
hash_md5,2c6ac74d011f00176a521d60358007b6,malwarebazaar,Mirai,elf,2026-09-14 04:00:07,2026-09-14 04:28:31,85
hash_md5,2d2cda8d6b822eafda1929feacde6292,malwarebazaar,elf,elf,2026-09-14 04:00:07,2026-09-14 04:28:31,85
hash_md5,2d4df1e836f58ff7b1c3d0ce203f44cd,malwarebazaar,sh,sh,2026-09-14 04:00:07,2026-09-14 04:28:31,85
hash_md5,2db76c5b95869ab829c92e20f4ff7c47,malwarebazaar,Mirai,"elf,Gafgyt,Mirai",2026-09-14 04:00:07,2026-09-14 04:28:31,85
hash_md5,2df08b445585f5db43736868b4bc8428,malwarebazaar,ValleyRAT,"exe,RAT,ValleyRAT",2026-09-14 04:00:07,2026-09-14 04:28:31,85
hash_md5,2f142ac7959a2abdd836de4d78cac59c,threatfox,Formbook,threatfox,2026-09-14 04:06:33,2026-09-14 04:28:31,85
hash_md5,30d160e0091c9ce5501eb3ad7653ce8e,malwarebazaar,Mirai,elf,2026-09-14 04:00:07,2026-09-14 04:28:31,85
hash_md5,33a9111246dc6841eec76ea657c1f7e8,malwarebazaar,RemusStealer,exe,2026-09-14 04:00:07,2026-09-14 04:28:31,85
hash_md5,3620e07031ad40b31d4a0d8e2d34fb13,malwarebazaar,Snowlight,elf,2026-09-14 04:00:07,2026-09-14 04:28:31,85
hash_md5,3638e23d5a94ceaf66a65af2d3b69a75,threatfox,Phorpiex,threatfox,2026-09-14 04:06:33,2026-09-14 04:28:31,85
hash_md5,388636d04a2e5f85c93f67db34fd7722,malwarebazaar,ps1,"fakemas,ps1",2026-09-14 04:00:07,2026-09-14 04:28:31,85
hash_md5,38c21490db338b434bc57d3f90d0acae,malwarebazaar,Mirai,elf,2026-09-14 04:00:07,2026-09-14 04:28:31,85
hash_md5,390b35e39dd659cdfc59900f820b7d40,malwarebazaar,Mirai,elf,2026-09-14 04:00:07,2026-09-14 04:28:31,85
hash_md5,3a243fe8d6d02416e33d62248c25f40f,malwarebazaar,zip,"fakemas,zip",2026-09-14 04:00:07,2026-09-14 04:28:31,85
hash_md5,3a422da1c7a6d1e70cf066b71d4c5544,threatfox,Stealc,threatfox,2026-09-14 04:06:33,2026-09-14 04:28:31,85
hash_md5,3b67d2d139b757bb034d118aed17a7e1,malwarebazaar,Snowlight,"elf,Snowlight",2026-09-14 04:00:07,2026-09-14 04:28:31,85
hash_md5,3b6ae9c4a76297dd054cf709746f2d7b,malwarebazaar,VShell,"exe,VShell",2026-09-14 04:00:07,2026-09-14 04:28:31,85
hash_md5,3b70e8b70be76d2449980147e9cb8584,malwarebazaar,VShell,"exe,VShell",2026-09-14 04:00:07,2026-09-14 04:28:31,85
hash_md5,400d8e0397ae74edd5d3462c21cc82fd,threatfox,WannaCryptor,threatfox,2026-09-14 04:06:33,2026-09-14 04:28:31,85
hash_md5,4211f5d4d9264c88206fe09564fb41c5,threatfox,SigLoader,threatfox,2026-09-14 04:06:33,2026-09-14 04:28:31,85
hash_md5,42418e61eb3496cfc66c15efb1a9ce42,threatfox,SigLoader,threatfox,2026-09-14 04:06:33,2026-09-14 04:28:31,85
hash_md5,4253c06a84fc8b932c0307cdb8d4e280,malwarebazaar,sh,sh,2026-09-14 04:00:07,2026-09-14 04:28:31,85
hash_md5,42e46e8061d99236dd687b3c4489d856,malwarebazaar,Mirai,"elf,Mirai",2026-09-14 04:00:07,2026-09-14 04:28:31,85
hash_md5,43f40c6b5f12c82e6017ddb3af33d3ac,threatfox,SigLoader,threatfox,2026-09-14 04:06:33,2026-09-14 04:28:31,85
hash_md5,4461e5f60246a55d3388173bba071d81,threatfox,SigLoader,threatfox,2026-09-14 04:06:33,2026-09-14 04:28:31,85
hash_md5,452c133b1daee499382e42a9cc7d9231,malwarebazaar,unknown,"dropped-by-StealC,loader_proxy_v1",2026-09-14 04:00:07,2026-09-14 04:28:31,85
hash_md5,46d7925d69f2204358772d2c216f8965,malwarebazaar,unknown,"dropped-by-StealC,worker",2026-09-14 04:00:07,2026-09-14 04:28:31,85
hash_md5,47f3ce7738a7a1e5bfdd668a3f4e4b77,threatfox,Agent Tesla,threatfox,2026-09-14 04:06:33,2026-09-14 04:28:31,85
hash_md5,484aac99b11953b6dc9d01d01ddc3e06,malwarebazaar,VShell,"exe,VShell",2026-09-14 04:00:07,2026-09-14 04:28:31,85
hash_md5,49fcc8e6da43194c34114fa0785ad5a8,threatfox,X-Agent,threatfox,2026-09-14 04:06:33,2026-09-14 04:28:31,85
hash_md5,4a07fc0fb701129e93bebd00a230ed6a,malwarebazaar,Snowlight,"elf,Snowlight",2026-09-14 04:00:07,2026-09-14 04:28:31,85
hash_md5,4ace9833c0e88c6a7470fdd06a5b68d9,malwarebazaar,zip,"EtherHiding,jar,SilentNet,stealer,zip",2026-09-14 04:00:07,2026-09-14 04:28:31,85
hash_md5,4b1d7ab7018baaf8b65a3b7dda8a636d,malwarebazaar,Mirai,"elf,Mirai",2026-09-14 04:00:07,2026-09-14 04:28:31,85
hash_md5,4e1365060f2d61d3683ca44b9694c07b,malwarebazaar,Snowlight,"elf,Snowlight",2026-09-14 04:00:07,2026-09-14 04:28:31,85
hash_md5,5297d2a177b3f632ff3c8e81555beb56,threatfox,SigLoader,threatfox,2026-09-14 04:06:33,2026-09-14 04:28:31,85
hash_md5,5411fa5970b362c4f8de9d337ad0e0c2,malwarebazaar,sh,sh,2026-09-14 04:00:07,2026-09-14 04:28:31,85
hash_md5,554f0bfc33349ffe1ef6908ebafcf6b9,malwarebazaar,Mirai,elf,2026-09-14 04:00:07,2026-09-14 04:28:31,85
hash_md5,569eee59870595f82727f28e7e217298,malwarebazaar,VShell,"exe,VShell",2026-09-14 04:00:07,2026-09-14 04:28:31,85
hash_md5,582d0bf303a87b4b1c0c06b9af1c0fb3,malwarebazaar,RemusStealer,"A,dropped-by-GCleaner,exe,MIX3.file,RemusStealer",2026-09-14 04:00:07,2026-09-14 04:28:31,85
hash_md5,58eadcc3e89bed96bdc171d7ce9d36df,threatfox,ACR Stealer,threatfox,2026-09-14 04:06:33,2026-09-14 04:28:31,85
hash_md5,5a71e6c07c13f03c7839b0631013d91f,threatfox,Agent Tesla,threatfox,2026-09-14 04:06:33,2026-09-14 04:28:31,85
hash_md5,5ad1b2748b02c7d9e65b4f990bdacb29,threatfox,Formbook,threatfox,2026-09-14 04:06:33,2026-09-14 04:28:31,85
hash_md5,5c6b8057dd1fdfea17bb3803074df160,malwarebazaar,Mirai,"elf,Mirai",2026-09-14 04:00:07,2026-09-14 04:28:31,85
hash_md5,610869ca82861f9dd8148f57e607d566,threatfox,Creal Stealer,threatfox,2026-09-14 04:06:33,2026-09-14 04:28:31,85
hash_md5,63ce92a29a9b5ac973d914acdba26162,malwarebazaar,VShell,"exe,VShell",2026-09-14 04:00:07,2026-09-14 04:28:31,85
hash_md5,65422e418eaa185f9e3666285c7a19fb,malwarebazaar,Mirai,"elf,Mirai",2026-09-14 04:00:07,2026-09-14 04:28:31,85
hash_md5,65f23aadb5ef431fc71cae0c2c01701e,threatfox,ValleyRAT,threatfox,2026-09-14 04:06:33,2026-09-14 04:28:31,85
hash_md5,68d9d1fafb5beeeda1e47ba880142c6a,threatfox,ACR Stealer,threatfox,2026-09-14 04:06:33,2026-09-14 04:28:31,85
hash_md5,6d1a9175ccf66181ea98a127467d8049,malwarebazaar,Mirai,elf,2026-09-14 04:00:07,2026-09-14 04:28:31,85
hash_md5,6d1edb3a65fc022cfa90f9c00eb2629d,threatfox,WannaCryptor,threatfox,2026-09-14 04:06:33,2026-09-14 04:28:31,85
hash_md5,6fc0f852c5aad2df0bbacb406447b10e,threatfox,XWorm,threatfox,2026-09-14 04:06:33,2026-09-14 04:28:31,85
hash_md5,6ff26b74fc9ec8a190966a9caa97ae39,threatfox,Formbook,threatfox,2026-09-14 04:06:33,2026-09-14 04:28:31,85
hash_md5,6ff3cc67b35a5caed0468ea9352506e9,threatfox,XWorm,threatfox,2026-09-14 04:06:33,2026-09-14 04:28:31,85
hash_md5,7143db771d9cd4cc578cd3117368cbbb,threatfox,Phorpiex,threatfox,2026-09-14 04:06:33,2026-09-14 04:28:31,85
hash_md5,72206f3447aceba7ae1a1bc553523b83,malwarebazaar,Mirai,"elf,Mirai,Snowlight",2026-09-14 04:00:07,2026-09-14 04:28:31,85
hash_md5,72b4cbacd5e0f967cda3a9adfd04a136,threatfox,SnappyClient,threatfox,2026-09-14 04:06:33,2026-09-14 04:28:31,85
hash_md5,74aafcae56a21581c61978458f7d39e2,malwarebazaar,VShell,"exe,VShell",2026-09-14 04:00:07,2026-09-14 04:28:31,85
hash_md5,75617aa59603c611d94bc21202da0de7,malwarebazaar,VShell,"exe,VShell",2026-09-14 04:00:07,2026-09-14 04:28:31,85
hash_md5,75cfecbb3316ad279ac4e7fd6dadaa76,threatfox,SalatStealer,threatfox,2026-09-14 04:06:33,2026-09-14 04:28:31,85
hash_md5,766f1a35753cd48d1372eca3a14a43ea,malwarebazaar,Mirai,"elf,Mirai",2026-09-14 04:00:07,2026-09-14 04:28:31,85
hash_md5,774ef6bc2f8625205611ced30bb4eee4,threatfox,Coinminer,threatfox,2026-09-14 04:06:33,2026-09-14 04:28:31,85
hash_md5,7868f2ac2276680a3ddcc0ef9f886650,threatfox,Phorpiex,threatfox,2026-09-14 04:06:33,2026-09-14 04:28:31,85
hash_md5,7af911f1df0aa7d4d4571362738448b5,malwarebazaar,VShell,"exe,VShell",2026-09-14 04:00:07,2026-09-14 04:28:31,85
hash_md5,7bcf228c5f9acc5fce436dd87d6cfff7,threatfox,SigLoader,threatfox,2026-09-14 04:06:33,2026-09-14 04:28:31,85
hash_md5,7c874b7cc3c552bfb1c3a11d10b84513,malwarebazaar,VShell,"exe,VShell",2026-09-14 04:00:07,2026-09-14 04:28:31,85
hash_md5,7d416b5043b39130e356bd387d565f99,threatfox,AsyncRAT,threatfox,2026-09-14 04:06:33,2026-09-14 04:28:31,85
hash_md5,7d6b669825e4acf7f396811107e2c912,malwarebazaar,Snowlight,"elf,Snowlight",2026-09-14 04:00:07,2026-09-14 04:28:31,85
hash_md5,7feadd4cc0844a7f69205e2d86a37dc1,malwarebazaar,VShell,"exe,VShell",2026-09-14 04:00:07,2026-09-14 04:28:31,85
hash_md5,8123734f08c12a79753504b5e15d56ad,malwarebazaar,unknown,unknown,2026-09-14 04:00:07,2026-09-14 04:28:31,85
hash_md5,82bbc9eb600a2c9b13ca9cd19bb29158,threatfox,SigLoader,threatfox,2026-09-14 04:06:33,2026-09-14 04:28:31,85
hash_md5,82d292d3aa843215ad8a6e56a7f05727,malwarebazaar,Mirai,"elf,Mirai",2026-09-14 04:00:07,2026-09-14 04:28:31,85
hash_md5,8321ee3ed60ccf7c4fa84d1c8e95be0c,malwarebazaar,VShell,"exe,VShell",2026-09-14 04:00:07,2026-09-14 04:28:31,85
hash_md5,8409fb4eb2c25721555a20bb5b11f6e1,threatfox,Vidar,threatfox,2026-09-14 04:06:33,2026-09-14 04:28:31,85
hash_md5,840abe9e2ea2991c762c897d1a1fa17d,malwarebazaar,exe,exe,2026-09-14 04:00:07,2026-09-14 04:28:31,85
hash_md5,853694dba542b9b75fe7d4466c45e28e,malwarebazaar,VShell,"exe,VShell",2026-09-14 04:00:07,2026-09-14 04:28:31,85
hash_md5,871d6eab90f50428b74f6e289dfb4925,malwarebazaar,ConnectWise,vbs,2026-09-14 04:00:07,2026-09-14 04:28:31,85
hash_md5,8959ece56fb657fe76c8060a287d483e,malwarebazaar,Snowlight,"elf,Snowlight",2026-09-14 04:00:07,2026-09-14 04:28:31,85
hash_md5,89e8142db77ae78017d70bee910bf37c,threatfox,SigLoader,threatfox,2026-09-14 04:06:33,2026-09-14 04:28:31,85
hash_md5,8a02db9970b1ad68467573f11fc514ee,malwarebazaar,Mirai,"elf,Mirai",2026-09-14 04:00:07,2026-09-14 04:28:31,85
hash_md5,8aa9ffd94d818a7f4f6fe5d6180c385f,malwarebazaar,unknown,unknown,2026-09-14 04:00:07,2026-09-14 04:28:31,85
hash_md5,905ca98775cb833bc54c4c69e9313ca4,malwarebazaar,elf,"elf,upx-dec",2026-09-14 04:00:07,2026-09-14 04:28:31,85
hash_md5,91426044643a216874087ebca1a71d10,malwarebazaar,Mirai,elf,2026-09-14 04:00:07,2026-09-14 04:28:31,85
hash_md5,916cd4b89a4acc29868203956103173e,malwarebazaar,Mirai,elf,2026-09-14 04:00:07,2026-09-14 04:28:31,85
hash_md5,95f15b2bb39901645985addaf2b596b5,threatfox,Formbook,threatfox,2026-09-14 04:06:33,2026-09-14 04:28:31,85
hash_md5,9874138960d507fd71ba8fa59f1250c0,malwarebazaar,unknown,"dropped-by-StealC,loader_proxy_v1",2026-09-14 04:00:07,2026-09-14 04:28:31,85
hash_md5,9b8e765efa5ec8ec2929102723b3f754,threatfox,Formbook,threatfox,2026-09-14 04:06:33,2026-09-14 04:28:31,85
hash_md5,9d56be0a712cfcf3dd4338156269acb0,threatfox,ValleyRAT,threatfox,2026-09-14 04:06:33,2026-09-14 04:28:31,85
hash_md5,9dec70452ff18da2864430e1ab25b645,threatfox,MASS Logger,threatfox,2026-09-14 04:06:33,2026-09-14 04:28:31,85
hash_md5,9e3b46f7626b0408ec194c37d7dd9c06,malwarebazaar,Mirai,sh,2026-09-14 04:00:07,2026-09-14 04:28:31,85
hash_md5,9e68f8d5e235ba07f491dff13b7288ba,threatfox,Vidar,threatfox,2026-09-14 04:06:33,2026-09-14 04:28:31,85
hash_md5,9f0fcbfed9560d89c1d3ba22ffd31ca7,malwarebazaar,Mirai,elf,2026-09-14 04:00:07,2026-09-14 04:28:31,85
hash_md5,9f987de2d727ed26dde4fc094f64bf8d,threatfox,HijackLoader,threatfox,2026-09-14 04:06:33,2026-09-14 04:28:31,85
hash_md5,a3c77141d07b9c01db06191a3fa0382b,threatfox,SigLoader,threatfox,2026-09-14 04:06:33,2026-09-14 04:28:31,85
hash_md5,a3d781b345281e22a0b20a614e324f6e,malwarebazaar,RemcosRAT,"RemcosRAT,vbs",2026-09-14 04:00:07,2026-09-14 04:28:31,85
hash_md5,a408b814a64621c15f42b4ddfa92540b,threatfox,Phorpiex,threatfox,2026-09-14 04:06:33,2026-09-14 04:28:31,85
hash_md5,a5e3e0fd0ae598fc88f0a600596162d8,malwarebazaar,VShell,"exe,VShell",2026-09-14 04:00:07,2026-09-14 04:28:31,85
hash_md5,a849d6700e67c5cd15af974771f6a72a,malwarebazaar,Mirai,"elf,Mirai",2026-09-14 04:00:07,2026-09-14 04:28:31,85
hash_md5,aca7c39c5104d3ce16117e040783f853,threatfox,Phorpiex,threatfox,2026-09-14 04:06:33,2026-09-14 04:28:31,85
hash_md5,acb5f196ab3ebc87125ede7396ab9579,malwarebazaar,unknown,unknown,2026-09-14 04:00:07,2026-09-14 04:28:31,85
hash_md5,ade728b0cb639b612376ca8938c8f997,threatfox,SigLoader,threatfox,2026-09-14 04:06:33,2026-09-14 04:28:31,85
hash_md5,b0fdb40d42afdc880bec986cd6544f3e,threatfox,SigLoader,threatfox,2026-09-14 04:06:33,2026-09-14 04:28:31,85
hash_md5,b17a4b16ce5f983562114afe7a8194cc,malwarebazaar,Mirai,"elf,Mirai,upx-dec",2026-09-14 04:00:07,2026-09-14 04:28:31,85
hash_md5,b53c45d1527067539acd08a5ca08b973,malwarebazaar,unknown,"dropped-by-StealC,loader_proxy_v1",2026-09-14 04:00:07,2026-09-14 04:28:31,85
hash_md5,b6cef2b07579654b2b52221f43d467cb,malwarebazaar,Mirai,"elf,Mirai",2026-09-14 04:00:07,2026-09-14 04:28:31,85
hash_md5,b82bc571bf628d692482af7b38cd16aa,threatfox,WannaCryptor,threatfox,2026-09-14 04:06:33,2026-09-14 04:28:31,85
hash_md5,b98605e011d192ae414588870af2bbd1,threatfox,ValleyRAT,threatfox,2026-09-14 04:06:33,2026-09-14 04:28:31,85
hash_md5,ba345a7feefcb0de8776f41d0aa7f4fd,malwarebazaar,VShell,"exe,VShell",2026-09-14 04:00:07,2026-09-14 04:28:31,85
hash_md5,ba390cbf46c5122029cef0fb3856ad06,malwarebazaar,VShell,"exe,VShell",2026-09-14 04:00:07,2026-09-14 04:28:31,85
hash_md5,bdf5ca897321346c56d5e18c69fe64eb,malwarebazaar,unknown,"dropped-by-StealC,loader_proxy_v1",2026-09-14 04:00:07,2026-09-14 04:28:31,85
hash_md5,be27e7f9638ffdb00fea6153fb7e5c87,threatfox,SigLoader,threatfox,2026-09-14 04:06:33,2026-09-14 04:28:31,85
hash_md5,be41cf7a1e6f096175aae247e48cb98c,threatfox,Coinminer,threatfox,2026-09-14 04:06:33,2026-09-14 04:28:31,85
hash_md5,bf317fe017ab368277408580de80a48b,malwarebazaar,VShell,"exe,VShell",2026-09-14 04:00:07,2026-09-14 04:28:31,85
hash_md5,bf37c9919b35a2dfb460dc07f2e03f90,threatfox,WannaCryptor,threatfox,2026-09-14 04:06:33,2026-09-14 04:28:31,85
hash_md5,c173936dfee19dd117c155fcaa07d040,malwarebazaar,exe,exe,2026-09-14 04:00:07,2026-09-14 04:28:31,85
hash_md5,c2c63147e280abe9fde6efa535c13ce5,malwarebazaar,RemusStealer,"exe,RemusStealer",2026-09-14 04:00:07,2026-09-14 04:28:31,85
hash_md5,c3a9a58d2cf4420197ebcf473a2006a2,threatfox,SigLoader,threatfox,2026-09-14 04:06:33,2026-09-14 04:28:31,85
hash_md5,c44c1362f1afd034b7f7dc32ab0b6b07,threatfox,Vidar,threatfox,2026-09-14 04:06:33,2026-09-14 04:28:31,85
hash_md5,c56c7a09161a18b00c88205f7ccce106,malwarebazaar,unknown,unknown,2026-09-14 04:00:07,2026-09-14 04:28:31,85
hash_md5,c59668df723acb991fbc44c4b03fac3e,malwarebazaar,SilentNet,exe,2026-09-14 04:00:07,2026-09-14 04:28:31,85
hash_md5,c642d0778e65f7def72a724dbddae63e,malwarebazaar,VShell,"exe,VShell",2026-09-14 04:00:07,2026-09-14 04:28:31,85
hash_md5,c652ac58a7c263d2221d114400ae6cea,malwarebazaar,Mirai,"elf,Mirai",2026-09-14 04:00:07,2026-09-14 04:28:31,85
hash_md5,c6d73a5e5de76c744285516d9e9b7e02,malwarebazaar,VShell,"exe,VShell",2026-09-14 04:00:07,2026-09-14 04:28:31,85
hash_md5,c6ef1aaa4b41469d83ae2ffdbda1c04c,malwarebazaar,Snowlight,"elf,Snowlight",2026-09-14 04:00:07,2026-09-14 04:28:31,85
hash_md5,c78c6e50bc4e464f7efcaa03a1dc2a6f,malwarebazaar,unknown,"dropped-by-StealC,loader_proxy_v1",2026-09-14 04:00:07,2026-09-14 04:28:31,85
hash_md5,c84c69a22fd6021eb59dad72cfb593a1,malwarebazaar,unknown,unknown,2026-09-14 04:00:07,2026-09-14 04:28:31,85
hash_md5,c8f92e3d3e2e5285aa93b1ccaf9f4788,malwarebazaar,VShell,"exe,VShell",2026-09-14 04:00:07,2026-09-14 04:28:31,85
hash_md5,c9728efa849979820dd1172ac7b90776,threatfox,WannaCryptor,threatfox,2026-09-14 04:06:33,2026-09-14 04:28:31,85
hash_md5,caf9ec27db2d2a7659205193f829ac83,malwarebazaar,Mirai,elf,2026-09-14 04:00:07,2026-09-14 04:28:31,85
hash_md5,cc4ee7a96e87e5313e8aa208e2b3c3ea,threatfox,BlackMatter,threatfox,2026-09-14 04:06:33,2026-09-14 04:28:31,85
hash_md5,cfa99128b0e7c7fd7fda58db532f7079,malwarebazaar,Mirai,"elf,Mirai,wraith",2026-09-14 04:00:07,2026-09-14 04:28:31,85
hash_md5,d17056a751c6548b0b4a540794d84c10,malwarebazaar,exe,"exe,signed",2026-09-14 04:00:07,2026-09-14 04:28:31,85
hash_md5,d4bd8e16e2c9b4d5257705d6cf547121,malwarebazaar,VShell,"exe,VShell",2026-09-14 04:00:07,2026-09-14 04:28:31,85
hash_md5,d6288a50cdc13a38003eb28e1ebf81c6,malwarebazaar,sh,sh,2026-09-14 04:00:07,2026-09-14 04:28:31,85
hash_md5,d6348eba3fd21ce57c3dc080e793cd1e,malwarebazaar,VShell,"exe,VShell",2026-09-14 04:00:07,2026-09-14 04:28:31,85
hash_md5,d9debefbcf7a77436bb62a9af5dd19bd,threatfox,SigLoader,threatfox,2026-09-14 04:06:33,2026-09-14 04:28:31,85
hash_md5,dbe0fe86b1330aef78da4983d2a4bd30,malwarebazaar,Mirai,elf,2026-09-14 04:00:07,2026-09-14 04:28:31,85
hash_md5,dc144374ec964585b6b9a1623626af99,threatfox,MASS Logger,threatfox,2026-09-14 04:06:33,2026-09-14 04:28:31,85
hash_md5,dcc4438ba59845701fd330588c7a8e5a,malwarebazaar,elf,"elf,upx",2026-09-14 04:00:07,2026-09-14 04:28:31,85
hash_md5,dfb3cccf389b73c970f4c3a9e4eb0937,threatfox,WannaCryptor,threatfox,2026-09-14 04:06:33,2026-09-14 04:28:31,85
hash_md5,e3488e71fcaaf830f678e1ddb6978954,malwarebazaar,Mirai,"elf,Mirai",2026-09-14 04:00:07,2026-09-14 04:28:31,85
hash_md5,e3af80ce717bdb1789839e3e8a8c7bde,malwarebazaar,Snowlight,"elf,Snowlight",2026-09-14 04:00:07,2026-09-14 04:28:31,85
hash_md5,eab950b418810a1ad8c313ea5da1cbfd,malwarebazaar,unknown,unknown,2026-09-14 04:00:07,2026-09-14 04:28:31,85
hash_md5,eb7a1925f00c98509a6ab98f71ac7f69,malwarebazaar,exe,"exe,upx",2026-09-14 04:00:07,2026-09-14 04:28:31,85
hash_md5,eb90ca6f855fcfd82e3fed4d65fa1e19,malwarebazaar,Snowlight,"elf,Snowlight",2026-09-14 04:00:07,2026-09-14 04:28:31,85
hash_md5,ecbe908227806271221254ce5dd73a09,threatfox,WannaCryptor,threatfox,2026-09-14 04:06:33,2026-09-14 04:28:31,85
hash_md5,eeebf896fa3a946fa088f349b0fb0393,malwarebazaar,exe,exe,2026-09-14 04:00:07,2026-09-14 04:28:31,85
hash_md5,f06123222129e8092bda3ab9035a4fb2,threatfox,WannaCryptor,threatfox,2026-09-14 04:06:33,2026-09-14 04:28:31,85
hash_md5,f063a9d3c6c29935c10ee62824c0c7bf,malwarebazaar,elf,"elf,wraith",2026-09-14 04:00:07,2026-09-14 04:28:31,85
hash_md5,f0e0c233b6385030953a8cdd31dfd928,threatfox,WannaCryptor,threatfox,2026-09-14 04:06:33,2026-09-14 04:28:31,85
hash_md5,f3740260ab372434a4ffaabf975081de,malwarebazaar,unknown,unknown,2026-09-14 04:00:07,2026-09-14 04:28:31,85
hash_md5,f37fcb39c7eb4a45ef02d1065a481347,malwarebazaar,VShell,"exe,VShell",2026-09-14 04:00:07,2026-09-14 04:28:31,85
hash_md5,f4a21c6c2dbc446fadce7744a112cb14,threatfox,CrossRAT,threatfox,2026-09-14 04:06:33,2026-09-14 04:28:31,85
hash_md5,f4cb26da786b7dcf513ef3386086b566,threatfox,ValleyRAT,threatfox,2026-09-14 04:06:33,2026-09-14 04:28:31,85
hash_md5,f6bf21922104deed719c09ca0ad4fa0f,malwarebazaar,VShell,"exe,VShell",2026-09-14 04:00:07,2026-09-14 04:28:31,85
hash_md5,f6ef5013e88a66230a1d12cadef38109,malwarebazaar,Snowlight,"elf,Snowlight",2026-09-14 04:00:07,2026-09-14 04:28:31,85
hash_md5,f956def1f761946ea00203df56cd1828,threatfox,AsyncRAT,threatfox,2026-09-14 04:06:33,2026-09-14 04:28:31,85
hash_md5,fa846b3ca1ca587ba616e98eca7fd0e1,malwarebazaar,VShell,exe,2026-09-14 04:00:07,2026-09-14 04:28:31,85
hash_md5,fddf5fbbbaf877759591d58064153a05,malwarebazaar,Mirai,elf,2026-09-14 04:00:07,2026-09-14 04:28:31,85
hash_md5,fded524b169474de18e6614c05e5b435,malwarebazaar,VShell,"exe,VShell",2026-09-14 04:00:07,2026-09-14 04:28:31,85
hash_sha256,015b2f5ff28e4d6c8e242cc909f381544f5e0687df65700e65180045bc088ea0,malwarebazaar,Mirai,"elf,Mirai",2026-09-14 04:00:07,2026-09-14 04:28:31,85
hash_sha256,02298b94b0729f263f3dfa55d5692cdc88ffa3a41727ca09c2a3ee22318a0aa9,malwarebazaar,unknown,"dropped-by-StealC,loader_proxy_v1",2026-09-14 04:00:07,2026-09-14 04:28:31,85
hash_sha256,02c7d7ffc279d2d791fac163ce8252bfb9f4fff406266fb69a4d381ab6e315e4,threatfox,Phorpiex,threatfox,2026-09-14 04:06:33,2026-09-14 04:28:31,85
hash_sha256,03115f6c0b387cc021c61632006b57859e65b25abc48923369d5caba71481544,threatfox,Formbook,threatfox,2026-09-14 04:06:33,2026-09-14 04:28:31,85
hash_sha256,07a7511ea03bea008d1b3f92db12e3bf654c6c2fd8383ab607bd3704230823b9,malwarebazaar,unknown,unknown,2026-09-14 04:00:07,2026-09-14 04:28:31,85
hash_sha256,07a7afd2a891cbd8b1600d0327a6832d596b655011b9fc79265c7e068bc8fc85,malwarebazaar,VShell,"exe,VShell",2026-09-14 04:00:07,2026-09-14 04:28:31,85
hash_sha256,07ad858076dfac1967b2f7ec8112a434c73e5f510b71cdf4c6786f4d0c6dd430,malwarebazaar,Mirai,"elf,Mirai",2026-09-14 04:00:07,2026-09-14 04:28:31,85
hash_sha256,08f2c963906b126c0a10b47aa28eccebf8e209f3885c54489f771e948dc89b1a,malwarebazaar,ValleyRAT,"exe,RAT,ValleyRAT",2026-09-14 04:00:07,2026-09-14 04:28:31,85
hash_sha256,0a7daa19d18fd62cabf0529e84f7eb126f8b1060313cbe11279e19087705ad20,malwarebazaar,Mirai,"elf,Mirai,upx",2026-09-14 04:00:07,2026-09-14 04:28:31,85
hash_sha256,0b8333640232545d97f1fe98f9939147db5c1043613786e3c207d8dd54c8697b,malwarebazaar,Mirai,"elf,Mirai",2026-09-14 04:00:07,2026-09-14 04:28:31,85
hash_sha256,0d32c25410242c6c30a4714e9366c29a4e1496e4862a00b02fd1267bf5c24fea,malwarebazaar,unknown,"dropped-by-StealC,loader_proxy_v1",2026-09-14 04:00:07,2026-09-14 04:28:31,85
hash_sha256,0e418f44c6737bc220340d074c3ad7d842bf4a5875c581c08341c340033fb128,malwarebazaar,Snowlight,"elf,Snowlight",2026-09-14 04:00:07,2026-09-14 04:28:31,85
hash_sha256,14bc3a778e14a6eef9eaec220b8902af61f153efef037280a7ce21af47ddfc3f,threatfox,Phorpiex,threatfox,2026-09-14 04:06:33,2026-09-14 04:28:31,85
hash_sha256,17ad3b76cf99eb60d1a47c70ffc1076c68a07ed7292253389b4ebc760bbce430,threatfox,Formbook,threatfox,2026-09-14 04:06:33,2026-09-14 04:28:31,85
hash_sha256,1b77d3f9e71c57cd5a3bf17f9fa4fbb051d1571d63c3223e3201f82ef7be9b14,threatfox,Formbook,threatfox,2026-09-14 04:06:33,2026-09-14 04:28:31,85
hash_sha256,1bbf752e3f82b21cbc035fc23de08d0b2539fde3c83cc27c257764a18788cff4,malwarebazaar,Mirai,elf,2026-09-14 04:00:07,2026-09-14 04:28:31,85
hash_sha256,1be5de7ba4ca6634b97708a6aeaff3879cbba37a706a2e9618ae97332556e834,malwarebazaar,elf,elf,2026-09-14 04:00:07,2026-09-14 04:28:31,85
hash_sha256,1dfa69826e4ac3ec19da8e653ea207232e2814029d7ed6699ee3aeb28998216a,malwarebazaar,Snowlight,"elf,Snowlight",2026-09-14 04:00:07,2026-09-14 04:28:31,85
hash_sha256,1ebacc785bde14b8dbed50ed85d7dd64edbbb3c5ace23fc4a5008ad2d8529ba5,malwarebazaar,exe,"exe,signed",2026-09-14 04:00:07,2026-09-14 04:28:31,85
hash_sha256,2136980fc01c33fcd1f5cf0541ebfce02093eec928921654dc35c17d69205946,malwarebazaar,Mirai,elf,2026-09-14 04:00:07,2026-09-14 04:28:31,85
hash_sha256,213a0320b76bf702583ffd25754609124847c67527b3855b2321b1f8fd3b12e2,malwarebazaar,exe,"dropped-by-GCleaner,exe,G,US0.file",2026-09-14 04:00:07,2026-09-14 04:28:31,85
hash_sha256,2155ee0755c0daa58c70d6532db297aa06c473a3779617e56bc154da2974524e,malwarebazaar,VShell,"exe,VShell",2026-09-14 04:00:07,2026-09-14 04:28:31,85
hash_sha256,21a9c0f4749b6f3338c32d321c3fcc7234782a855f1af9d4cc272aff1a5a1112,malwarebazaar,unknown,unknown,2026-09-14 04:00:07,2026-09-14 04:28:31,85
hash_sha256,2595487dc6b82f6a9a7ef88dcb826fefcdca5a32323b840f7248796dd2461220,malwarebazaar,exe,"exe,upx-dec",2026-09-14 04:00:07,2026-09-14 04:28:31,85
hash_sha256,25f946d5bebb35015546c90f6256716e4283f8540aaf31773d06098fbf645801,malwarebazaar,VShell,"exe,VShell",2026-09-14 04:00:07,2026-09-14 04:28:31,85
hash_sha256,27bcc30e9cb698c20bed734237dc3d929c34c70415ab79b90610ac698d768bf0,malwarebazaar,VShell,"exe,VShell",2026-09-14 04:00:07,2026-09-14 04:28:31,85
hash_sha256,2921c54b7d2c0a8a9dd0789cce72cdc55e58366d1fa064d44c059a2cb87d5657,malwarebazaar,VShell,"exe,VShell",2026-09-14 04:00:07,2026-09-14 04:28:31,85
hash_sha256,29c7ee41d0cc9e07d981e451df56d0c3d37c41ac4ec10c7b516cc033ee397a63,threatfox,GRAYRABBIT,threatfox,2026-09-14 04:06:33,2026-09-14 04:28:31,85
hash_sha256,2d5f05106b2cd88b2d6eabc7813f30a60c95823af166548c804be3e128028bf1,malwarebazaar,VShell,"exe,VShell",2026-09-14 04:00:07,2026-09-14 04:28:31,85
hash_sha256,2de286380ae7740ea882bcb12e8c8bf2bc8c24e3cad117cee7458009e888d79c,threatfox,ValleyRAT,threatfox,2026-09-14 04:06:33,2026-09-14 04:28:31,85
hash_sha256,31b05e1365291fe2486c3fa4e68e17ce11a07b4d97e419604f0fbbb2b137f49e,malwarebazaar,Vidar,"ClickFix,exe,Vidar",2026-09-14 04:00:07,2026-09-14 04:28:31,85
hash_sha256,33808f4224a8260786123b1a662fbf6fef738031e03c6b47128c64f125e68f8b,malwarebazaar,VShell,"exe,VShell",2026-09-14 04:00:07,2026-09-14 04:28:31,85
hash_sha256,361b1d72f6f2736e82ed9390924c0aeaf49644683f7cb871b82797ba6da20c5d,malwarebazaar,exe,exe,2026-09-14 04:00:07,2026-09-14 04:28:31,85
hash_sha256,373719fd972b2b4e2def326b7b0a7174ce476770767da0c54db1bcd8be9a1bfb,threatfox,WannaCryptor,threatfox,2026-09-14 04:06:33,2026-09-14 04:28:31,85
hash_sha256,37a3d7f47dfaff63354658895d972008f6f5020c4b0936b49d76afdf1f2ad3c8,malwarebazaar,RemusStealer,"A,dropped-by-GCleaner,exe,MIX3.file,RemusStealer",2026-09-14 04:00:07,2026-09-14 04:28:31,85
hash_sha256,39be6853a8204ce6455a373a6ffb4cb4672d4a62d90be69f7d6eeb66cda10b96,malwarebazaar,Mirai,sh,2026-09-14 04:00:07,2026-09-14 04:28:31,85
hash_sha256,3ad1bdbba40ea98cc2a89e0e13ec9632cbbbc11306bc04e1203dee1513b95ce9,threatfox,Agent Tesla,threatfox,2026-09-14 04:06:33,2026-09-14 04:28:31,85
hash_sha256,3f4545a5f15fe892f21df9ee911af2ed27a8e0fff9084c6b32b5056d9d18c187,malwarebazaar,RemusStealer,"exe,RemusStealer",2026-09-14 04:00:07,2026-09-14 04:28:31,85
hash_sha256,3f4cf598411686071c8d89cbc0e20aab908543887207ac2e8ace4664d0da78fb,malwarebazaar,unknown,"dropped-by-StealC,loader_proxy_v1",2026-09-14 04:00:07,2026-09-14 04:28:31,85
hash_sha256,43473c2ee7dc5543f3ce568a80b3cc372e8b395206e73b6da222bbe15569faf3,threatfox,WannaCryptor,threatfox,2026-09-14 04:06:33,2026-09-14 04:28:31,85
hash_sha256,4401bf9ce29018b259f30045b825d2e3c68dbb50ca2875fa06255aecf5ba1e30,threatfox,WannaCryptor,threatfox,2026-09-14 04:06:33,2026-09-14 04:28:31,85
hash_sha256,45bee2b10761884f47fac2f515056d15569d85ecfafc662573bf915dbcb8f943,malwarebazaar,Mirai,elf,2026-09-14 04:00:07,2026-09-14 04:28:31,85
hash_sha256,46c75a86d2493710bd827e4ff84f7d6412d53ba9d8c4fc8e844de8af338c88ee,malwarebazaar,VShell,"exe,VShell",2026-09-14 04:00:07,2026-09-14 04:28:31,85
hash_sha256,46dcb2cbab575cb8a4a8d608c70c6acdc34b18e7ffbf0c479e177a48c6822a08,malwarebazaar,VShell,"exe,VShell",2026-09-14 04:00:07,2026-09-14 04:28:31,85
hash_sha256,46f4cd435ca39c8fc2f1814fd9740a7ee9716207f5351d21008672ab466149eb,malwarebazaar,VShell,"exe,VShell",2026-09-14 04:00:07,2026-09-14 04:28:31,85
hash_sha256,48139ce0c5abb601cca6a634ef33579b63c3cc109cc3aa7439c6d2e415e4b504,threatfox,Stealc,threatfox,2026-09-14 04:06:33,2026-09-14 04:28:31,85
hash_sha256,4979c83681a310a8d3789fb8728b1c291c93babc2883edbebd5f470d45d618fe,malwarebazaar,Mirai,elf,2026-09-14 04:00:07,2026-09-14 04:28:31,85
hash_sha256,4ba17752a7fa6fb2afb70124ea1e8651999487d1f4ece5196ab1c37beee75718,malwarebazaar,elf,"elf,upx-dec",2026-09-14 04:00:07,2026-09-14 04:28:31,85
hash_sha256,4ed90b3becfb26ff25459808b80390aff3380445534b3aa8e3bb01998aea9347,malwarebazaar,unknown,"dropped-by-StealC,loader_proxy_v1",2026-09-14 04:00:07,2026-09-14 04:28:31,85
hash_sha256,4fd414da4fbb509545a7cc2322ceef048b345b1dea3fa3ec2d49c4abaad3430d,malwarebazaar,unknown,unknown,2026-09-14 04:00:07,2026-09-14 04:28:31,85
hash_sha256,50e90fe8ef4ebc412e361a409a043eae382c087adce8aaaf38ec8d1c03ba65ec,malwarebazaar,sh,sh,2026-09-14 04:00:07,2026-09-14 04:28:31,85
hash_sha256,52b70540c5bb90fa31db0b4f68bff5becd3e56a45e19aebc7ca18cd26a81b815,threatfox,SigLoader,threatfox,2026-09-14 04:06:33,2026-09-14 04:28:31,85
hash_sha256,52d3d20a7a6f3be3b1c17ef52d7586c6be663770dfe908e1a2c30516d99ac05b,threatfox,XWorm,threatfox,2026-09-14 04:06:33,2026-09-14 04:28:31,85
hash_sha256,5307abb737f2a578602f15e35060d8e83cd9063417e745d1cc138bf421c1141f,malwarebazaar,Snowlight,"elf,Snowlight",2026-09-14 04:00:07,2026-09-14 04:28:31,85
hash_sha256,5462d0338800b440fec5b6a6133cd943c9ef5c05883859c70fbd5326a8e54ccc,threatfox,Phorpiex,threatfox,2026-09-14 04:06:33,2026-09-14 04:28:31,85
hash_sha256,54e27f31669d1d0c56514ceb76cf62bfa5c606ad3ec24cfef430837d2a01f071,malwarebazaar,VShell,"exe,VShell",2026-09-14 04:00:07,2026-09-14 04:28:31,85
hash_sha256,557a4ec413f17193cc6a04d47d1caf3b2a8f16bac616684fecafab47e3161cbb,malwarebazaar,Mirai,elf,2026-09-14 04:00:07,2026-09-14 04:28:31,85
hash_sha256,55cd3d36fdcc58016a64398357b2c9724a060da9f0d09266e537a61ec9552e4f,threatfox,ACR Stealer,threatfox,2026-09-14 04:06:33,2026-09-14 04:28:31,85
hash_sha256,56377c8e1746c4f368fc1408cfa1f18557ec0fb281de3c9236b280aba346be51,malwarebazaar,VShell,"exe,VShell",2026-09-14 04:00:07,2026-09-14 04:28:31,85
hash_sha256,56b6a194031b8403b7ff166187783d51acc7fe66cf930d9a0777ab1d9bb592c3,threatfox,SigLoader,threatfox,2026-09-14 04:06:33,2026-09-14 04:28:31,85
hash_sha256,57a4487a6f882b2448048164a1b0ea71c104aa94e9ad6aca8d3f8d2c60401ed4,malwarebazaar,Mirai,"elf,Gafgyt,Mirai",2026-09-14 04:00:07,2026-09-14 04:28:31,85
hash_sha256,57f5d6a0f4ba2b5db7c32af655a63a62b82e83f8bc03650f953eed6a6f0e1fa2,threatfox,XWorm,threatfox,2026-09-14 04:06:33,2026-09-14 04:28:31,85
hash_sha256,5b48a3bf7827e461849c3b29b96775dc7e5e38766f51d0562ed73d352d082e41,malwarebazaar,exe,exe,2026-09-14 04:00:07,2026-09-14 04:28:31,85
hash_sha256,5ca5ff4d4e479a7e6069b77df839af9d5d4fc2bbd26fcddb99dd27307f045f3e,malwarebazaar,Mirai,"elf,Mirai,wraith",2026-09-14 04:00:07,2026-09-14 04:28:31,85
hash_sha256,5d43f472743ec596067f96a143e0058a8bd27b119f59e2705293334c21fd05f4,threatfox,SnappyClient,threatfox,2026-09-14 04:06:33,2026-09-14 04:28:31,85
hash_sha256,5e89cb6636cce0d51af8ad82990ab860652459312c0456684346b7004dda38ef,malwarebazaar,Mirai,"elf,Mirai",2026-09-14 04:00:07,2026-09-14 04:28:31,85
hash_sha256,5fe315609f09970c936310dea43318c2c5aca71da236c7f890c72e61f7696b5f,threatfox,SigLoader,threatfox,2026-09-14 04:06:33,2026-09-14 04:28:31,85
hash_sha256,603264cbf503d230902ee89324431bf3b81aebbdb31ca3cafe2deef0652405fc,threatfox,SigLoader,threatfox,2026-09-14 04:06:33,2026-09-14 04:28:31,85
hash_sha256,604495eeedb9f4124706a35b0907213716f43af17e7662e15e8c15eb41c13c46,malwarebazaar,js,js,2026-09-14 04:00:07,2026-09-14 04:28:31,85
hash_sha256,61317fa3019a3a2c66142ebb0e76bcca6374bde0e5b330f04bcb81b366923533,malwarebazaar,Mirai,elf,2026-09-14 04:00:07,2026-09-14 04:28:31,85
hash_sha256,637f57ed440b7e9e080cbe29776764e7403ee67f200bf133b393bab181ed6e6b,malwarebazaar,unknown,"dropped-by-StealC,loader_proxy_v1",2026-09-14 04:00:07,2026-09-14 04:28:31,85
hash_sha256,63d87d4569a491553e14757dc267aa29ae8b606b0396dd16acc5c642f629fc7e,threatfox,Coinminer,threatfox,2026-09-14 04:06:33,2026-09-14 04:28:31,85
hash_sha256,660f1a38bb5772fd54838a3d86d17fbe9b223f31f768eb1b1519e35f5f3f1684,threatfox,SigLoader,threatfox,2026-09-14 04:06:33,2026-09-14 04:28:31,85
hash_sha256,663692f0502786a59fd4d30bc0d552cc9dffadb008ff1c5079191eb2ffdb2f57,threatfox,X-Agent,threatfox,2026-09-14 04:06:33,2026-09-14 04:28:31,85
hash_sha256,666c4c426bb64bdc5ecbd03826b3d8cd495b452d23985bdae13e35f187ac56ab,malwarebazaar,Mirai,"elf,Mirai,Snowlight",2026-09-14 04:00:07,2026-09-14 04:28:31,85
hash_sha256,67d2cf32ba9cd0005efd57c1224360875c8c4ce69b8dec37af85c690c16c568e,malwarebazaar,zip,"EtherHiding,jar,SilentNet,stealer,zip",2026-09-14 04:00:07,2026-09-14 04:28:31,85
hash_sha256,683a3f7c5992c013d4cd71eeaf2d0d3b5a781261fa19a30e4d073ddf712c5ea4,malwarebazaar,Mirai,elf,2026-09-14 04:00:07,2026-09-14 04:28:31,85
hash_sha256,6ba4c44f01eb298223b7ecd25f0a2a0a248341638932b4f139c58009e0f49891,malwarebazaar,Snowlight,"elf,Snowlight",2026-09-14 04:00:07,2026-09-14 04:28:31,85
hash_sha256,6d22eee58d714dd3eb9551deca209a2b2ac232dc55aa6700da31a7b2e495d089,malwarebazaar,exe,"exe,signed",2026-09-14 04:00:07,2026-09-14 04:28:31,85
hash_sha256,6df8cea94aa168c770b87e09590a1ddc9736bf25f6f8f13287d6581a3088fb58,malwarebazaar,elf,"elf,upx",2026-09-14 04:00:07,2026-09-14 04:28:31,85
hash_sha256,6fbe2a1d1229aad5b33ee951d7cfdb4a4870e8ee342464742812d2e0c2b3c082,malwarebazaar,VShell,"exe,VShell",2026-09-14 04:00:07,2026-09-14 04:28:31,85
hash_sha256,73297baf09544ba19037911c2a5352069622ebdbccae2ae15d7150c718dd81f4,threatfox,CrossRAT,threatfox,2026-09-14 04:06:33,2026-09-14 04:28:31,85
hash_sha256,7352f6d206a1aa92c316b0384979fb021fc75a5c2458210455da586a125f7c4c,malwarebazaar,Mirai,elf,2026-09-14 04:00:07,2026-09-14 04:28:31,85
hash_sha256,7386686dd98bb774d352990a5f84fa210aff26ac6ecd5858857d2f54d8a04c07,malwarebazaar,Snowlight,"elf,Snowlight",2026-09-14 04:00:07,2026-09-14 04:28:31,85
hash_sha256,749160a2f20f82744026719cf72e483595c6aad718efa74d675a98662e02422e,threatfox,GRAYRABBIT,threatfox,2026-09-14 04:06:33,2026-09-14 04:28:31,85
hash_sha256,76248563dc3fbd1a539d6bcc4275c843695ed08872b8794fe738e3b1657eafbf,threatfox,Vidar,threatfox,2026-09-14 04:06:33,2026-09-14 04:28:31,85
hash_sha256,76dc6cd13100f369d4926d28ffb9cb1a0771d211bb36a9ab02b93fa857452149,malwarebazaar,Mirai,"elf,Mirai",2026-09-14 04:00:07,2026-09-14 04:28:31,85
hash_sha256,77f879691310d233621ec53a68290d28e4aa83334e36a2069e91074cbe3dcfeb,malwarebazaar,VShell,"exe,VShell",2026-09-14 04:00:07,2026-09-14 04:28:31,85
hash_sha256,78fd3dae64a7a450838f0b3b7dc78fbd92362122d0b1722bc136f74ffd1545c2,malwarebazaar,VShell,exe,2026-09-14 04:00:07,2026-09-14 04:28:31,85
hash_sha256,7b1a084f020776a1b1b701b009e659be46aa6f7b7dacab92fdc5b13fe260fb2b,threatfox,Prometei,threatfox,2026-09-14 04:06:33,2026-09-14 04:28:31,85
hash_sha256,7cbfb885fe31b0c9c67a92a8fcfc8b194d250809ac98ebca526b51534bdb94c2,threatfox,ValleyRAT,threatfox,2026-09-14 04:06:33,2026-09-14 04:28:31,85
hash_sha256,7ec862eeff86921c9f7c591820ca0780576d6ce13f4ddc1e690cc8342e0145cc,threatfox,Phorpiex,threatfox,2026-09-14 04:06:33,2026-09-14 04:28:31,85
hash_sha256,7ff2e43032d97935091c5f5a9e3a83446cc4971e3451bdb78fc3ce25faaa52b5,malwarebazaar,Mirai,"elf,Mirai",2026-09-14 04:00:07,2026-09-14 04:28:31,85
hash_sha256,804111c64e49ef400093f53e16f65a8607de9489e1d052c2e6bdda2cfa7fcf77,malwarebazaar,VShell,"exe,VShell",2026-09-14 04:00:07,2026-09-14 04:28:31,85
hash_sha256,8066d7da3ea0439109de27acd56c86f6300a280d2126883ade57ae78070d3ab3,malwarebazaar,sh,sh,2026-09-14 04:00:07,2026-09-14 04:28:31,85
hash_sha256,80ce21bc93c140f81aae1424e42af866991d4b4cb27f75bab8bde32985810b81,threatfox,ValleyRAT,threatfox,2026-09-14 04:06:33,2026-09-14 04:28:31,85
hash_sha256,813407349f7cdce84985a19a38f8f138c1ff8ab8d2dbde71392873beb9881685,malwarebazaar,Snowlight,"elf,Snowlight",2026-09-14 04:00:07,2026-09-14 04:28:31,85
hash_sha256,81541906f6dce59ade5c332112ef2d2f1f5861b1d855dfb2d1a5e2b52335bddc,threatfox,Vidar,threatfox,2026-09-14 04:06:33,2026-09-14 04:28:31,85
hash_sha256,81591d89a7283bb11e05ce80e00256bea9218acbfcec5542cd9ffda9bd18db8a,malwarebazaar,sh,sh,2026-09-14 04:00:07,2026-09-14 04:28:31,85
hash_sha256,81f570ea4d714e3b7a01981c311a83b5a60684ab21c3b3352c8905543f42519f,malwarebazaar,VShell,"exe,VShell",2026-09-14 04:00:07,2026-09-14 04:28:31,85
hash_sha256,8312133009b0f8051bd53a403a561a898c55f714d6ea16af63b6e5f54d6010f1,malwarebazaar,sh,sh,2026-09-14 04:00:07,2026-09-14 04:28:31,85
hash_sha256,837f3b41488599ff02ffc32a795c073a32143349088c97f786b910c0cbe46503,threatfox,Phorpiex,threatfox,2026-09-14 04:06:33,2026-09-14 04:28:31,85
hash_sha256,83c3b0789133e767350a3fbb1010851546473a0726bf876cd70e9d40f7f4bcf6,malwarebazaar,Snowlight,"elf,Snowlight",2026-09-14 04:00:07,2026-09-14 04:28:31,85
hash_sha256,83c94b0406576b73e86d3c086f386986f8a95e0a5dab90c3e0a4bf4cf95e7327,threatfox,ValleyRAT,threatfox,2026-09-14 04:06:33,2026-09-14 04:28:31,85
hash_sha256,84596497251e3847ce4389cb389a56fe87e08944474ffd4019ec315d306f449e,threatfox,SalatStealer,threatfox,2026-09-14 04:06:33,2026-09-14 04:28:31,85
hash_sha256,860fc154444167d8411d3796d047093ad242fcb071eb645e845ea9e048c15cb5,threatfox,SigLoader,threatfox,2026-09-14 04:06:33,2026-09-14 04:28:31,85
hash_sha256,86b9ddeb528f6f6452d5b6eb209055f6c0378b5a2c2217e257209395e1d3a09a,malwarebazaar,Snowlight,"elf,Snowlight",2026-09-14 04:00:07,2026-09-14 04:28:31,85
hash_sha256,89c1bb04e296b0084b118a07f80316b5f694d7460ab13afc216c5bacc787d236,threatfox,SigLoader,threatfox,2026-09-14 04:06:33,2026-09-14 04:28:31,85
hash_sha256,89ea7049eae2af35ebbd64531a11d50f9364992db0dc8960b8961551289779cd,threatfox,Coinminer,threatfox,2026-09-14 04:06:33,2026-09-14 04:28:31,85
hash_sha256,8bff2ade47175af18f41e33559a6bb4f46295e3e780f4c92b2a765da5604e7a5,malwarebazaar,VShell,"exe,VShell",2026-09-14 04:00:07,2026-09-14 04:28:31,85
hash_sha256,8f87c47d2cd49eb5d0cc2dbcedf9822c74dcb8e87670ed3f1ec9f5a0d0a74844,threatfox,BlackMatter,threatfox,2026-09-14 04:06:33,2026-09-14 04:28:31,85
hash_sha256,90e2c6ef2062148c89b4b66d3cfbf75012a273ff9ec5bc1a6a88215ac4b340fd,threatfox,Vidar,threatfox,2026-09-14 04:06:33,2026-09-14 04:28:31,85
hash_sha256,91410536fbaa9a8d9e9e13f3019e70ce93cae0f13ed8ef68f4234fa7a2b09f56,threatfox,ACR Stealer,threatfox,2026-09-14 04:06:33,2026-09-14 04:28:31,85
hash_sha256,9460a12535d2aefed73c82a5b7fd7bcf0bb966610adeeda1e779d34348240440,threatfox,SigLoader,threatfox,2026-09-14 04:06:33,2026-09-14 04:28:31,85
hash_sha256,94eb3e7e60a010665022d1d8cd9fd38a3c9e4d08a535f4384b63b95441de2630,malwarebazaar,Snowlight,"elf,Snowlight",2026-09-14 04:00:07,2026-09-14 04:28:31,85
hash_sha256,9741e24cffbf4549bf5f5d3aa20ee691c1bcb1b5fbe45274cee257b310c70257,threatfox,SigLoader,threatfox,2026-09-14 04:06:33,2026-09-14 04:28:31,85
hash_sha256,98441442de4f74b035af7044472d762d7ee9bf013573c881b3b8d3cfdca46bbb,malwarebazaar,exe,exe,2026-09-14 04:00:07,2026-09-14 04:28:31,85
hash_sha256,9924976d221c0003bee515bf23bdfdd003fdc3be04d827588b2bcdac5c034ead,malwarebazaar,Snowlight,"elf,Snowlight",2026-09-14 04:00:07,2026-09-14 04:28:31,85
hash_sha256,994b914dc77a84a9adbe5ba1c49cd6bab320924c4d0938134d5c47ce9cedee8b,malwarebazaar,VShell,"exe,VShell",2026-09-14 04:00:07,2026-09-14 04:28:31,85
hash_sha256,9991d9987da7f9be952fba8199baa69237c42d10a66eb60a52bf77143145111e,malwarebazaar,Mirai,"elf,Mirai",2026-09-14 04:00:07,2026-09-14 04:28:31,85
hash_sha256,9bce93a6ea7f1cc1e49f93f0d21bc41d8c065f19a5d9c42f8fb93e0c6e081ebc,malwarebazaar,Mirai,"elf,Mirai",2026-09-14 04:00:07,2026-09-14 04:28:31,85
hash_sha256,9c013b9a4f2568f88e075dd3bcbee8c8fcf468b0a99d51c167d54806600fc633,malwarebazaar,VShell,"exe,VShell",2026-09-14 04:00:07,2026-09-14 04:28:31,85
hash_sha256,9cce9b23ed561bb603f4be736d7d280b0f0660c7aacca33281dd105b4c3bc166,malwarebazaar,Mirai,"elf,Mirai",2026-09-14 04:00:07,2026-09-14 04:28:31,85
hash_sha256,9d24316bd0f8af89c590f6c37070f905cb60a15745fbe748b525e67d2a05b640,malwarebazaar,VShell,"exe,VShell",2026-09-14 04:00:07,2026-09-14 04:28:31,85
hash_sha256,a0be1c01913ee53e6ea5fe2af57aec9024c5a02573e78b87ee10a8222f464b3f,malwarebazaar,Mirai,"elf,Mirai",2026-09-14 04:00:07,2026-09-14 04:28:31,85
hash_sha256,a2718a829cf311f77dc8d9fdbd50246921b7783c8192827e79e007acf96ea6ca,malwarebazaar,elf,"elf,wraith",2026-09-14 04:00:07,2026-09-14 04:28:31,85
hash_sha256,a2a067ca282f9034391e2cf1b4d2fe681cbe0326588d507b3cff5b2fab70bc7e,malwarebazaar,VShell,"exe,VShell",2026-09-14 04:00:07,2026-09-14 04:28:31,85
hash_sha256,a383685ca53827674ae3c34d1f51e33a7973126199f1743936eda7b8d0f22785,malwarebazaar,unknown,"dropped-by-StealC,worker",2026-09-14 04:00:07,2026-09-14 04:28:31,85
hash_sha256,a3c4caa69e343fc4f9d4cd12d62db2d8d35f492cab32eb3bd656217fbb5a2aeb,threatfox,MASS Logger,threatfox,2026-09-14 04:06:33,2026-09-14 04:28:31,85
hash_sha256,a7246d705df5e6b324d167f9caf965f2ff52696bb5e5a60ad65cccc6a2ac14de,malwarebazaar,unknown,unknown,2026-09-14 04:00:07,2026-09-14 04:28:31,85
hash_sha256,ab42877d03155a4b5a5cc662e1d86df4c00201281b357fae9d2463827bf0de61,malwarebazaar,VShell,"exe,VShell",2026-09-14 04:00:07,2026-09-14 04:28:31,85
hash_sha256,ab456fcf30eea0dfadf5cde1ebe81dd692adbb0330660ab3d5eb9314bd292dd5,threatfox,Formbook,threatfox,2026-09-14 04:06:33,2026-09-14 04:28:31,85
hash_sha256,ad7829bf9fbc471369b48b47703ba4e7dbc58769a4f38285404c5c7ec6bdce16,malwarebazaar,VShell,"exe,VShell",2026-09-14 04:00:07,2026-09-14 04:28:31,85
hash_sha256,ae372be0ba4977a6b72832e32a79663196ab90a1d0398c804502b4cd9e32109a,malwarebazaar,Mirai,"elf,Mirai,upx-dec",2026-09-14 04:00:07,2026-09-14 04:28:31,85
hash_sha256,aeaba0d82035fa8fd834bb88735c6f00d4c46ffbac13b746d1640eb91ce389ee,malwarebazaar,RemusStealer,exe,2026-09-14 04:00:07,2026-09-14 04:28:31,85
hash_sha256,af44a80e5b05d59894b0970c46eea3b489f7e936e1e834531f1652a4eeb66fe5,threatfox,Formbook,threatfox,2026-09-14 04:06:33,2026-09-14 04:28:31,85
hash_sha256,b1bb369c12b3c9576d2178f448cfc174387aad27a90b34f678574b6b6c41471e,malwarebazaar,exe,"exe,upx",2026-09-14 04:00:07,2026-09-14 04:28:31,85
hash_sha256,b23943dc5ab42e339bbc5a83bb1fa95b2bae70e7b00a8070d0de489ba9731b7b,threatfox,Phorpiex,threatfox,2026-09-14 04:06:33,2026-09-14 04:28:31,85
hash_sha256,b2bdb2a4e93fb7d4e2d6f87fc27e8016f64b31a53d373bf34c1ceeec02875041,malwarebazaar,ps1,"fakemas,ps1",2026-09-14 04:00:07,2026-09-14 04:28:31,85
hash_sha256,b36d30ad0a646eeed5f02b48ac6b02f2cd2c125df298252dc1070aeff80de3e3,malwarebazaar,Snowlight,"elf,Snowlight",2026-09-14 04:00:07,2026-09-14 04:28:31,85
hash_sha256,b4340ceb494626014fc86a0cd1c59bb0c0ccff460b1c3e6c03f6d6a54c7ea1f7,threatfox,WannaCryptor,threatfox,2026-09-14 04:06:33,2026-09-14 04:28:31,85
hash_sha256,b436638170cdd9ceabe7d1049c26c6740887cda128aab9f4860957c90ea61420,threatfox,WannaCryptor,threatfox,2026-09-14 04:06:33,2026-09-14 04:28:31,85
hash_sha256,b4bb50abcc77b1760cd355884d25cb7f29e13d7cf7524905bbef9a25cd058876,threatfox,MASS Logger,threatfox,2026-09-14 04:06:33,2026-09-14 04:28:31,85
hash_sha256,b680dd93e62b2b59831e0bd17721693f40af3697ca01054fba1d2318329a7dd6,malwarebazaar,Mirai,"elf,Mirai",2026-09-14 04:00:07,2026-09-14 04:28:31,85
hash_sha256,b7b4d20f7c9e6f568e5970da8b8fa558aa0462ba9a2065003b3d6c18b592176a,threatfox,SigLoader,threatfox,2026-09-14 04:06:33,2026-09-14 04:28:31,85
hash_sha256,b8e53dbb3d23570d3739c880c8e31a76c804dfcbdfac4defd726aba1ed9928bc,threatfox,Vidar,threatfox,2026-09-14 04:06:33,2026-09-14 04:28:31,85
hash_sha256,bb66063453efe9e93235121be7bbdbf8b38cbeae66c6163b8e2c101e9689e843,malwarebazaar,Mirai,"elf,Mirai",2026-09-14 04:00:07,2026-09-14 04:28:31,85
hash_sha256,bd2c0f97b36cb7deecd7039bef3ce34302355d0cc8ef57422d5ac5f81b739b36,malwarebazaar,unknown,unknown,2026-09-14 04:00:07,2026-09-14 04:28:31,85
hash_sha256,bd9db280ad4f24a879d8bd1a8d37c18b28de4b12523c4b1e6d224a4370ed55dc,malwarebazaar,SilentNet,exe,2026-09-14 04:00:07,2026-09-14 04:28:31,85
hash_sha256,c057475b4c991df80b524e27f264bf8982f2fe6f6925c2cdcbe99eb9978fc28b,malwarebazaar,unknown,unknown,2026-09-14 04:00:07,2026-09-14 04:28:31,85
hash_sha256,c0dc629d5ef691bd5e086bbeab9bda1ec7317795119075b3a7b0162a8806a5eb,threatfox,WannaCryptor,threatfox,2026-09-14 04:06:33,2026-09-14 04:28:31,85
hash_sha256,c11473d154b0e18791a5befe375768beed8e93fe0eb6ed71ed6ea642bead7626,malwarebazaar,Mirai,elf,2026-09-14 04:00:07,2026-09-14 04:28:31,85
hash_sha256,c1e2ba7b65d7e8611f83d0ffbef4412083bcbdb8d26a496d82c98c635f64fddd,threatfox,AsyncRAT,threatfox,2026-09-14 04:06:33,2026-09-14 04:28:31,85
hash_sha256,c1fed7ca6574f4705efddac6d028554da5b0b0c905d61fc9083f60b577ce6a80,malwarebazaar,VShell,"exe,VShell",2026-09-14 04:00:07,2026-09-14 04:28:31,85
hash_sha256,c2575cfd4b69d58ff625346a1f10c30e006fc94fd24fcc131b47eb5f1e533f0e,threatfox,WannaCryptor,threatfox,2026-09-14 04:06:33,2026-09-14 04:28:31,85
hash_sha256,c2da9df79fc5442fc83eb97152e4ac1727df182ed8023b4ccff8ea4138e02918,threatfox,WannaCryptor,threatfox,2026-09-14 04:06:33,2026-09-14 04:28:31,85
hash_sha256,c4057d8222ea5eef7529ea1c01727b939443a6501dcb18504ff8097b5ce476eb,threatfox,ValleyRAT,threatfox,2026-09-14 04:06:33,2026-09-14 04:28:31,85
hash_sha256,c48688e58baebab464a87519cc98b0184f1368977429891f3b3b08ce4afa5eea,threatfox,AsyncRAT,threatfox,2026-09-14 04:06:33,2026-09-14 04:28:31,85
hash_sha256,c64bc9489e1711e146a6705470f5065094853bc15840ea02f0f0e38fd2552b5d,threatfox,SigLoader,threatfox,2026-09-14 04:06:33,2026-09-14 04:28:31,85
hash_sha256,c66e9d85ddd7bb98a60b1823e1cc7cb27035da727744c03735317f2106da80e8,malwarebazaar,VShell,"exe,VShell",2026-09-14 04:00:07,2026-09-14 04:28:31,85
hash_sha256,c706cda57bdedcba57008dba259b9c4e12564b7b4cc70c4b27fecd07ccaa8f51,threatfox,HijackLoader,threatfox,2026-09-14 04:06:33,2026-09-14 04:28:31,85
hash_sha256,c8ef459350bca905aa1576c61090ac8f30cdc675a14fb81e07913b072da6fb9a,threatfox,Agent Tesla,threatfox,2026-09-14 04:06:33,2026-09-14 04:28:31,85
hash_sha256,c9a14a9e0aff3962cb73e48a76d91a3743001e3da6d5376c75b56d8dd02b176f,malwarebazaar,exe,exe,2026-09-14 04:00:07,2026-09-14 04:28:31,85
hash_sha256,cb70ad8eaba6aae7bb80244ae9cc265988841bcf120ed865af8091290490cf66,threatfox,WannaCryptor,threatfox,2026-09-14 04:06:33,2026-09-14 04:28:31,85
hash_sha256,cb7f90012d79865f44643eee1a44f458f4ce3ac1dcd722f288b8b211a21b227c,malwarebazaar,sh,sh,2026-09-14 04:00:07,2026-09-14 04:28:31,85
hash_sha256,cc049286a66056a4a80331b3c08494f8c7c73b4cc6e26328d3e6fb31deef729f,malwarebazaar,Mirai,elf,2026-09-14 04:00:07,2026-09-14 04:28:31,85
hash_sha256,cd6ccc5dabe85309a938e43c9508998bb0f52a9264fa9ba9276956f7fa42f48d,malwarebazaar,Mirai,elf,2026-09-14 04:00:07,2026-09-14 04:28:31,85
hash_sha256,d1585ac714ef2f5bd01e2a782c1442b188b5b0c5c068abc91ef484434bbbe8f6,threatfox,SigLoader,threatfox,2026-09-14 04:06:33,2026-09-14 04:28:31,85
hash_sha256,d3d877e529792a6e07756c840fd62598599f096ae7d4c296f5f5025b4501050d,malwarebazaar,ConnectWise,vbs,2026-09-14 04:00:07,2026-09-14 04:28:31,85
hash_sha256,d5e8fa1f1a4b3e2aabb4f7b8e2c795b380703474be49e27928b69778153e274f,threatfox,Agent Tesla,threatfox,2026-09-14 04:06:33,2026-09-14 04:28:31,85
hash_sha256,d65cddbdda4284ee9585156779256627606757d29665b6339cd9083c64973c5f,malwarebazaar,Snowlight,elf,2026-09-14 04:00:07,2026-09-14 04:28:31,85
hash_sha256,d7289acbe0802584dcc549dc3be603f628502ad0f97be943c45d46ee6a63ed59,malwarebazaar,unknown,unknown,2026-09-14 04:00:07,2026-09-14 04:28:31,85
hash_sha256,d7a3c7eb94edc0e020f74c678743d71d61e944634aade4a67a96c3589e828b3a,threatfox,GRAYRABBIT,threatfox,2026-09-14 04:06:33,2026-09-14 04:28:31,85
hash_sha256,d7d42055585aaf602b8a00d8d62afe4150da70b6063d6b1e671cd39845d0b5ab,malwarebazaar,njrat,"exe,njrat,RAT",2026-09-14 04:00:07,2026-09-14 04:28:31,85
hash_sha256,d89ba5767848eb5597d03a1d0ae30cc451050859fbc3b9fd3095a9474dd7d86b,malwarebazaar,zip,"fakemas,zip",2026-09-14 04:00:07,2026-09-14 04:28:31,85
hash_sha256,dd225f82614fbe9734a58b04c77858a2491a9ad5071c5988ec8b9896135ec17d,malwarebazaar,Mirai,"elf,Mirai",2026-09-14 04:00:07,2026-09-14 04:28:31,85
hash_sha256,e203208abae204c1168a27fec04c5cf7ead97777855c36be04b8df35e1ad8df9,threatfox,SigLoader,threatfox,2026-09-14 04:06:33,2026-09-14 04:28:31,85
hash_sha256,e4955c3c33a1363472dffa0cbac8505fc443d4d4228a6dd5ab569fd194f9d918,malwarebazaar,VShell,"exe,VShell",2026-09-14 04:00:07,2026-09-14 04:28:31,85
hash_sha256,e51ee5140bead9c974f22988b80899cc2d10ab9efe6301853f2babe552c330f3,malwarebazaar,RemcosRAT,"RemcosRAT,vbs",2026-09-14 04:00:07,2026-09-14 04:28:31,85
hash_sha256,e5c7b3d6dec0c89701fa8c94cdc5d1353770a04edd5eeaf987c45630647e74d8,malwarebazaar,VShell,"exe,VShell",2026-09-14 04:00:07,2026-09-14 04:28:31,85
hash_sha256,e78d873a275cb56ace7042e6bb1c734d84545a08baf4f789712fba37280267e3,malwarebazaar,js,js,2026-09-14 04:00:07,2026-09-14 04:28:31,85
hash_sha256,e9c9827d41d12feb1ccc270cba9f82b08da359999fb95fdaa59f45015bcc90b1,threatfox,AsyncRAT,threatfox,2026-09-14 04:06:33,2026-09-14 04:28:31,85
hash_sha256,edae3ddf216afd22d3b9774ed4f3b2b71b9da9810457791723d4982da87260e2,threatfox,Creal Stealer,threatfox,2026-09-14 04:06:33,2026-09-14 04:28:31,85
hash_sha256,eec6fb4f124564fea83670faf7b61140347020a3ca3eef052d4dc6bad4097893,threatfox,SigLoader,threatfox,2026-09-14 04:06:33,2026-09-14 04:28:31,85
hash_sha256,f1711b816466428b20ece9ebaa81ca377fd758771a33c959f46be582b1f4404d,threatfox,SigLoader,threatfox,2026-09-14 04:06:33,2026-09-14 04:28:31,85
hash_sha256,f24f459b6526c8583f40a62a3c97485f4c80b812e81c926bf832a67c208fbbfc,malwarebazaar,Mirai,elf,2026-09-14 04:00:07,2026-09-14 04:28:31,85
hash_sha256,f48cd2db9e47caf70aca8cd3465509365248586d319e2b09a12d4354743746de,threatfox,SigLoader,threatfox,2026-09-14 04:06:33,2026-09-14 04:28:31,85
hash_sha256,f50d920a6bd6b6c12fd4f6ffb828b5528a14c6f371c08ac43b213291bf2937a7,malwarebazaar,Mirai,"elf,Mirai",2026-09-14 04:00:07,2026-09-14 04:28:31,85
hash_sha256,f9ac08dc0d9d265ba44e7b256cc554cd9a741ca2a7e4dc01807376a90f8b1024,threatfox,NjRAT,threatfox,2026-09-14 04:06:33,2026-09-14 04:28:31,85
hash_sha256,fc04b7b1134f7c2f1d7e9fb71294d9c623e4c5455284ceb562af3b22b06fb0d0,malwarebazaar,VShell,"exe,VShell",2026-09-14 04:00:07,2026-09-14 04:28:31,85
hash_sha256,fc793d318114b01eec8ab9673fdb4c643b130627106e64de6e21fdcb2dd00e01,threatfox,AsyncRAT,threatfox,2026-09-14 04:06:33,2026-09-14 04:28:31,85
hash_sha256,fd5a365ce5ad86c6e0bf6356237f11c2c6ae8f0a350bf2a4c209f99e1d527f5e,malwarebazaar,unknown,unknown,2026-09-14 04:00:07,2026-09-14 04:28:31,85
ip,102.117.168.128,threatfox,Unknown malware,"threatfox,drb-ra,Mythic",2026-09-14 04:06:33,2026-09-14 04:28:31,85
ip,104.248.156.16,threatfox,Havoc,"threatfox,havoc",2026-09-11 16:06:12,2026-09-14 04:28:31,85
ip,107.152.44.169,threatfox,DCRat,"threatfox,dcrat",2026-09-14 04:06:33,2026-09-14 04:28:31,85
ip,112.124.22.77,threatfox,Cobalt Strike,"threatfox,cobaltstrike",2026-09-14 04:06:33,2026-09-14 04:28:31,85
ip,118.175.159.92,threatfox,Remus,"threatfox,RemusStealer",2026-09-14 04:06:33,2026-09-14 04:28:31,85
ip,120.27.228.231,threatfox,VShell,"threatfox,vshell",2026-09-14 04:06:33,2026-09-14 04:28:31,85
ip,121.43.152.104,threatfox,Cobalt Strike,"threatfox,CobaltStrike,drb-ra",2026-09-13 16:06:35,2026-09-14 04:28:31,85
ip,124.222.147.241,threatfox,VShell,"threatfox,vshell",2026-09-14 04:06:33,2026-09-14 04:28:31,85
ip,134.122.130.202,threatfox,ValleyRAT,"threatfox,valleyrat_s2",2026-09-13 16:06:35,2026-09-14 04:28:31,85
ip,137.184.75.185,threatfox,Aisuru,"threatfox,airashi,aisuru,botnet,ddos,mirai",2026-09-07 16:06:33,2026-09-14 04:28:31,85
ip,137.220.205.181,threatfox,Cobalt Strike,"threatfox,CobaltStrike,drb-ra",2026-09-13 16:06:35,2026-09-14 04:28:31,85
ip,137.220.205.193,threatfox,Cobalt Strike,"threatfox,CobaltStrike,drb-ra",2026-09-14 04:06:33,2026-09-14 04:28:31,85
ip,137.220.205.196,threatfox,Cobalt Strike,"threatfox,CobaltStrike,drb-ra",2026-09-13 16:06:35,2026-09-14 04:28:31,85
ip,143.246.217.103,threatfox,AdaptixC2,"threatfox,adaptix",2026-09-14 04:06:33,2026-09-14 04:28:31,85
ip,144.172.65.54,threatfox,VShell,"threatfox,vshell",2026-09-14 04:06:33,2026-09-14 04:28:31,85
ip,152.136.253.101,threatfox,Cobalt Strike,"threatfox,cobaltstrike",2026-07-21 17:20:43,2026-09-14 04:28:31,85
ip,152.136.56.105,threatfox,Unknown malware,"threatfox,supershell",2026-09-02 04:06:01,2026-09-14 04:28:31,85
ip,153.56.180.134,threatfox,PureRAT,"threatfox,drb-ra,PureHVNC,PureRAT,RAT",2026-09-11 04:07:05,2026-09-14 04:28:31,85
ip,154.91.56.104,threatfox,VShell,"threatfox,vshell",2026-09-05 16:06:50,2026-09-14 04:28:31,85
ip,154.91.56.117,threatfox,VShell,"threatfox,vshell",2026-09-05 16:06:50,2026-09-14 04:28:31,85
ip,154.91.56.118,threatfox,VShell,"threatfox,vshell",2026-09-05 16:06:50,2026-09-14 04:28:31,85
ip,154.91.56.119,threatfox,VShell,"threatfox,vshell",2026-09-05 16:06:50,2026-09-14 04:28:31,85
ip,154.91.56.121,threatfox,VShell,"threatfox,vshell",2026-09-04 04:06:11,2026-09-14 04:28:31,85
ip,154.91.56.122,threatfox,VShell,"threatfox,vshell",2026-09-05 16:06:50,2026-09-14 04:28:31,85
ip,154.91.56.123,threatfox,VShell,"threatfox,vshell",2026-09-05 16:06:50,2026-09-14 04:28:31,85
ip,154.91.56.124,threatfox,VShell,"threatfox,vshell",2026-09-05 16:06:50,2026-09-14 04:28:31,85
ip,155.2.192.251,threatfox,PureRAT,"threatfox,drb-ra,PureHVNC,PureRAT,RAT",2026-07-30 05:35:25,2026-09-14 04:28:31,85
ip,159.65.1.67,threatfox,Aisuru,"threatfox,airashi,aisuru,botnet,ddos,mirai",2026-09-12 16:06:49,2026-09-14 04:28:31,85
ip,160.119.66.206,threatfox,Mirai,"threatfox,cowrie,honeypot",2026-09-14 04:06:33,2026-09-14 04:28:31,85
ip,167.172.147.77,threatfox,Aisuru,"threatfox,airashi,aisuru,botnet,ddos,mirai",2026-09-07 16:06:33,2026-09-14 04:28:31,85
ip,167.99.164.108,threatfox,Aisuru,"threatfox,Aisuru,c2",2026-09-12 16:06:49,2026-09-14 04:28:31,85
ip,176.65.132.103,threatfox,Mirai,"threatfox,Mirai",2026-09-14 04:06:33,2026-09-14 04:28:31,85
ip,178.128.196.79,threatfox,Cobalt Strike,"threatfox,cobaltstrike",2026-09-13 16:06:35,2026-09-14 04:28:31,85
ip,183.60.226.2,threatfox,Cobalt Strike,"threatfox,CobaltStrike,drb-ra",2026-07-29 05:35:21,2026-09-14 04:28:31,85
ip,185.92.223.45,threatfox,Remus,"threatfox,RemusStealer",2026-09-14 04:06:33,2026-09-14 04:28:31,85
ip,187.101.57.177,threatfox,NjRAT,"threatfox,NjRAT",2026-09-14 04:06:33,2026-09-14 04:28:31,85
ip,188.166.249.116,threatfox,Aisuru,"threatfox,airashi,aisuru,botnet,ddos,mirai",2026-09-12 16:06:49,2026-09-14 04:28:31,85
ip,191.101.130.73,threatfox,Unknown RAT,"threatfox,ConnectWise,RMM,ScreenConnect",2026-09-14 04:06:33,2026-09-14 04:28:31,85
ip,192.162.199.179,threatfox,AsyncRAT,"threatfox,AsyncRAT,drb-ra,RAT",2026-09-10 04:07:18,2026-09-14 04:28:31,85
ip,192.187.118.180,threatfox,VShell,"threatfox,vshell",2026-09-14 04:06:33,2026-09-14 04:28:31,85
ip,192.3.73.139,threatfox,Remcos,"threatfox,aloma001,c2,Remcos",2026-09-14 04:06:33,2026-09-14 04:28:31,85
ip,193.112.28.215,threatfox,VShell,"threatfox,vshell",2026-08-25 04:06:50,2026-09-14 04:28:31,85
ip,195.177.94.23,threatfox,PureRAT,"threatfox,drb-ra,PureHVNC,PureRAT,RAT",2026-09-14 04:06:33,2026-09-14 04:28:31,85
ip,198.13.158.57,threatfox,Havoc,"threatfox,havoc",2026-09-12 04:07:43,2026-09-14 04:28:31,85
ip,2.27.248.149,threatfox,Mirai,"threatfox,Mirai",2026-09-14 04:06:33,2026-09-14 04:28:31,85
ip,209.200.246.80,threatfox,Cobalt Strike,"threatfox,cobaltstrike",2026-09-13 16:06:35,2026-09-14 04:28:31,85
ip,212.87.199.197,threatfox,Cobalt Strike,"threatfox,cobaltstrike",2026-08-14 08:13:11,2026-09-14 04:28:31,85
ip,217.217.97.65,threatfox,PureRAT,"threatfox,drb-ra,PureHVNC,PureRAT,RAT",2026-09-14 04:06:33,2026-09-14 04:28:31,85
ip,217.60.195.160,threatfox,PureRAT,"threatfox,drb-ra,PureHVNC,PureRAT,RAT",2026-06-21 07:42:06,2026-09-14 04:28:31,85
ip,217.60.195.25,threatfox,PureRAT,"threatfox,drb-ra,PureHVNC,PureRAT,RAT",2026-09-14 04:06:33,2026-09-14 04:28:31,85
ip,217.60.77.60,threatfox,PureRAT,"threatfox,drb-ra,PureHVNC,PureRAT,RAT",2026-08-02 05:35:21,2026-09-14 04:28:31,85
ip,23.94.53.109,threatfox,Unknown malware,"threatfox,supershell",2026-09-14 04:06:33,2026-09-14 04:28:31,85
ip,31.56.209.53,threatfox,PureRAT,"threatfox,drb-ra,PureHVNC,PureRAT,RAT",2026-09-14 04:06:33,2026-09-14 04:28:31,85
ip,34.222.23.196,threatfox,DeimosC2,"threatfox,Deimos,drb-ra",2026-09-14 04:06:33,2026-09-14 04:28:31,85
ip,38.180.146.89,threatfox,PureRAT,"threatfox,drb-ra,PureHVNC,PureRAT,RAT",2026-09-13 16:06:35,2026-09-14 04:28:31,85
ip,38.54.13.48,threatfox,Unknown malware,"threatfox,drb-ra,Mythic",2026-09-14 04:06:33,2026-09-14 04:28:31,85
ip,39.107.118.55,threatfox,VShell,"threatfox,vshell",2026-09-13 16:06:35,2026-09-14 04:28:31,85
ip,43.155.246.58,threatfox,Cobalt Strike,"threatfox,cobaltstrike",2026-09-12 16:06:49,2026-09-14 04:28:31,85
ip,43.228.157.171,threatfox,Remcos,"threatfox,RAT,RemcosRAT",2026-09-13 16:06:35,2026-09-14 04:28:31,85
ip,43.229.114.114,threatfox,ValleyRAT,"threatfox,RAT,ValleyRAT",2026-09-14 04:06:33,2026-09-14 04:28:31,85
ip,45.139.104.26,threatfox,PureRAT,"threatfox,drb-ra,PureHVNC,PureRAT,RAT",2026-09-13 16:06:35,2026-09-14 04:28:31,85
ip,45.144.136.97,threatfox,Cobalt Strike,"threatfox,cobaltstrike",2026-09-11 04:07:05,2026-09-14 04:28:31,85
ip,45.74.7.153,threatfox,Remcos,"threatfox,c2,Remcos,tor05g",2026-09-13 16:06:35,2026-09-14 04:28:31,85
ip,46.151.182.6,threatfox,Remcos,"threatfox,remcos",2026-09-14 04:06:33,2026-09-14 04:28:31,85
ip,47.108.225.4,threatfox,VShell,"threatfox,vshell",2026-09-14 04:06:33,2026-09-14 04:28:31,85
ip,49.233.70.168,threatfox,VShell,"threatfox,vshell",2026-09-04 04:06:11,2026-09-14 04:28:31,85
ip,59.110.153.133,threatfox,Cobalt Strike,"threatfox,cobaltstrike",2026-09-13 04:06:42,2026-09-14 04:28:31,85
ip,66.179.29.5,threatfox,PureRAT,"threatfox,drb-ra,PureHVNC,PureRAT,RAT",2026-08-26 04:10:01,2026-09-14 04:28:31,85
ip,77.92.144.251,threatfox,Quasar RAT,"threatfox,quasarrat",2026-09-13 16:06:35,2026-09-14 04:28:31,85
ip,8.145.61.81,threatfox,Cobalt Strike,"threatfox,cobaltstrike",2026-09-09 16:06:21,2026-09-14 04:28:31,85
ip,8.148.13.91,threatfox,VShell,"threatfox,vshell",2026-08-27 04:06:21,2026-09-14 04:28:31,85
ip,8.148.23.144,threatfox,NjRAT,"threatfox,NjRAT",2026-09-14 04:06:33,2026-09-14 04:28:31,85
ip,8.163.10.60,threatfox,VShell,"threatfox,vshell",2026-09-14 04:06:33,2026-09-14 04:28:31,85
ip,8.210.192.128,threatfox,ValleyRAT,"threatfox,RAT,ValleyRAT",2026-09-13 16:06:35,2026-09-14 04:28:31,85
ip,83.229.123.249,threatfox,Cobalt Strike,"threatfox,cobaltstrike",2026-09-10 04:07:18,2026-09-14 04:28:31,85
ip,84.247.187.47,threatfox,AsyncRAT,"threatfox,AsyncRAT,drb-ra,RAT",2026-09-10 04:07:18,2026-09-14 04:28:31,85
ip,94.154.32.24,threatfox,PureRAT,"threatfox,drb-ra,PureHVNC,PureRAT,RAT",2026-09-14 04:06:33,2026-09-14 04:28:31,85
ip,94.237.62.102,threatfox,AdaptixC2,"threatfox,AdaptixC2,drb-ra",2026-09-14 04:06:33,2026-09-14 04:28:31,85
ssl_sha1,046fe4e19fe44c7c3a76e7e8651879c4edd9851d,sslbl,PureRAT C&C,"sslbl,2026-07-15",2026-07-16 05:21:37,2026-09-14 04:28:31,88
ssl_sha1,287c688acd02bd779c6315eacc15e3d25145b616,sslbl,ConnectWise C&C,"sslbl,2026-07-15",2026-07-16 05:21:37,2026-09-14 04:28:31,88
ssl_sha1,44319377ae94a257a0c081e5fdcb97d1d93b127d,sslbl,ConnectWise C&C,"sslbl,2026-07-15",2026-07-16 05:21:37,2026-09-14 04:28:31,88
ssl_sha1,68ffb512bc3f1f544502736127d3bdbd6ece390b,sslbl,OffLoader C&C,"sslbl,2026-07-15",2026-07-16 05:21:37,2026-09-14 04:28:31,88
url,http://103.203.210.102:33314/bin.sh,urlhaus,malware_download,"32-bit,elf,mips,Mozi",2026-09-14 04:00:07,2026-09-14 04:28:31,85
url,http://103.203.210.102:33314/i,urlhaus,malware_download,"32-bit,elf,mips,Mozi",2026-09-14 04:00:07,2026-09-14 04:28:31,85
url,http://103.213.112.228:57480/Mozi.m,threatfox,Mozi,"threatfox,elf,iot,Mozi",2026-09-14 04:06:33,2026-09-14 04:28:31,85
url,http://103.249.199.3:36625/i,urlhaus,malware_download,"32-bit,arm,elf,mirai,Mozi",2026-09-14 04:00:07,2026-09-14 04:28:31,85
url,http://103.249.199.5:36391/bin.sh,urlhaus,malware_download,"32-bit,arm,elf,mirai,Mozi",2026-09-14 04:00:07,2026-09-14 04:28:31,85
url,http://103.249.199.5:36391/i,urlhaus,malware_download,"32-bit,arm,elf,mirai,Mozi",2026-09-14 04:00:07,2026-09-14 04:28:31,85
url,http://105.184.11.78:56927/bin.sh,urlhaus,malware_download,"32-bit,arm,elf,mirai,Mozi",2026-09-14 04:00:07,2026-09-14 04:28:31,85
url,http://105.186.143.114:35689/bin.sh,urlhaus,malware_download,"32-bit,arm,elf,mirai,Mozi",2026-09-14 04:00:07,2026-09-14 04:28:31,85
url,http://105.186.143.114:35689/i,urlhaus,malware_download,"32-bit,arm,elf,mirai,Mozi",2026-09-14 04:00:07,2026-09-14 04:28:31,85
url,http://105.186.213.188:57309/i,urlhaus,malware_download,"32-bit,arm,elf,mirai,Mozi",2026-09-14 04:00:07,2026-09-14 04:28:31,85
url,http://112.93.139.83:48371/i,urlhaus,malware_download,"32-bit,elf,mips,Mozi",2026-09-14 04:00:07,2026-09-14 04:28:31,85
url,http://113.238.226.27:41846/bin.sh,urlhaus,malware_download,"32-bit,elf,mips,Mozi",2026-09-14 04:00:07,2026-09-14 04:28:31,85
url,http://113.238.226.27:41846/i,urlhaus,malware_download,"32-bit,elf,mips,Mozi",2026-09-14 04:00:07,2026-09-14 04:28:31,85
url,http://114.226.168.195:56431/bin.sh,urlhaus,malware_download,"32-bit,arm,elf,mirai,Mozi",2026-09-14 04:00:07,2026-09-14 04:28:31,85
url,http://114.226.168.195:56431/i,urlhaus,malware_download,"32-bit,arm,elf,mirai,Mozi",2026-09-14 04:00:07,2026-09-14 04:28:31,85
url,http://115.42.71.239:59657/bin.sh,urlhaus,malware_download,"32-bit,elf,mips,Mozi",2026-09-14 04:00:07,2026-09-14 04:28:31,85
url,http://115.49.232.50:33070/i,urlhaus,malware_download,"32-bit,elf,mips,Mozi",2026-09-14 04:00:07,2026-09-14 04:28:31,85
url,http://115.55.193.192:43094/bin.sh,urlhaus,malware_download,"32-bit,elf,mips,Mozi",2026-09-14 04:00:07,2026-09-14 04:28:31,85
url,http://115.55.193.192:43094/i,urlhaus,malware_download,"32-bit,elf,mips,Mozi",2026-09-14 04:00:07,2026-09-14 04:28:31,85
url,http://115.58.121.22:46152/bin.sh,urlhaus,malware_download,"32-bit,elf,mips,Mozi",2026-09-14 04:00:07,2026-09-14 04:28:31,85
url,http://115.58.121.22:46152/i,urlhaus,malware_download,"32-bit,elf,mips,Mozi",2026-09-14 04:00:07,2026-09-14 04:28:31,85
url,http://119.115.144.69:46446/i,urlhaus,malware_download,"32-bit,elf,mips,Mozi",2026-09-14 04:00:07,2026-09-14 04:28:31,85
url,http://120.28.164.12:57075/i,urlhaus,malware_download,"32-bit,arm,elf,mirai,Mozi",2026-09-14 04:00:07,2026-09-14 04:28:31,85
url,http://123.13.82.251:58053/bin.sh,urlhaus,malware_download,"32-bit,elf,mips,Mozi",2026-09-14 04:00:07,2026-09-14 04:28:31,85
url,http://123.13.82.251:58053/i,urlhaus,malware_download,"32-bit,elf,mips,Mozi",2026-09-14 04:00:07,2026-09-14 04:28:31,85
url,http://124.6.169.54:33204/bin.sh,urlhaus,malware_download,"32-bit,arm,elf,mirai,Mozi",2026-09-14 04:00:07,2026-09-14 04:28:31,85
url,http://124.6.169.54:33204/i,urlhaus,malware_download,"32-bit,arm,elf,mirai,Mozi",2026-09-14 04:00:07,2026-09-14 04:28:31,85
url,http://124.95.45.62:51036/bin.sh,urlhaus,malware_download,"32-bit,elf,mips,Mozi",2026-09-14 04:00:07,2026-09-14 04:28:31,85
url,http://124.95.45.62:51036/i,urlhaus,malware_download,"32-bit,elf,mips,Mozi",2026-09-14 04:00:07,2026-09-14 04:28:31,85
url,http://125.47.114.215:40666/bin.sh,urlhaus,malware_download,"32-bit,elf,mips,Mozi",2026-09-14 04:00:07,2026-09-14 04:28:31,85
url,http://125.47.114.215:40666/i,urlhaus,malware_download,"32-bit,elf,mips,Mozi",2026-09-14 04:00:07,2026-09-14 04:28:31,85
url,http://139.135.40.99:36040/Mozi.m,threatfox,Mozi,"threatfox,elf,iot,Mozi",2026-09-13 16:06:35,2026-09-14 04:28:31,85
url,http://144.124.251.171/cms.msi,urlhaus,malware_download,"msi,PavinLoader",2026-09-14 04:00:07,2026-09-14 04:28:31,85
url,http://160.119.66.206/bins/kla.sh,urlhaus,malware_download,"cowrie,honeypot,mirai",2026-09-14 04:00:07,2026-09-14 04:28:31,85
url,http://160.119.66.206/bins/net.arc,urlhaus,malware_download,"elf,mirai,ua-wget",2026-09-14 04:00:07,2026-09-14 04:28:31,85
url,http://160.119.66.206/bins/net.arm,urlhaus,malware_download,"elf,mirai,ua-wget",2026-09-14 04:00:07,2026-09-14 04:28:31,85
url,http://160.119.66.206/bins/net.arm5,urlhaus,malware_download,"elf,mirai,ua-wget",2026-09-14 04:00:07,2026-09-14 04:28:31,85
url,http://160.119.66.206/bins/net.arm6,urlhaus,malware_download,"elf,mirai,ua-wget",2026-09-14 04:00:07,2026-09-14 04:28:31,85
url,http://160.119.66.206/bins/net.arm7,urlhaus,malware_download,"elf,mirai,ua-wget",2026-09-14 04:00:07,2026-09-14 04:28:31,85
url,http://160.119.66.206/bins/net.i486,urlhaus,malware_download,"elf,mirai,ua-wget",2026-09-14 04:00:07,2026-09-14 04:28:31,85
url,http://160.119.66.206/bins/net.i686,urlhaus,malware_download,"elf,mirai,ua-wget",2026-09-14 04:00:07,2026-09-14 04:28:31,85
url,http://160.119.66.206/bins/net.m68k,urlhaus,malware_download,"elf,mirai,ua-wget",2026-09-14 04:00:07,2026-09-14 04:28:31,85
url,http://160.119.66.206/bins/net.mips,urlhaus,malware_download,"elf,mirai,ua-wget",2026-09-14 04:00:07,2026-09-14 04:28:31,85
url,http://160.119.66.206/bins/net.mpsl,urlhaus,malware_download,"elf,mirai,ua-wget",2026-09-14 04:00:07,2026-09-14 04:28:31,85
url,http://160.119.66.206/bins/net.ppc,urlhaus,malware_download,"elf,mirai,ua-wget",2026-09-14 04:00:07,2026-09-14 04:28:31,85
url,http://160.119.66.206/bins/net.sh4,urlhaus,malware_download,"elf,mirai,ua-wget",2026-09-14 04:00:07,2026-09-14 04:28:31,85
url,http://160.119.66.206/bins/net.spc,urlhaus,malware_download,"elf,ua-wget",2026-09-14 04:00:07,2026-09-14 04:28:31,85
url,http://160.119.66.206/bins/net.x86,urlhaus,malware_download,"elf,mirai,ua-wget",2026-09-14 04:00:07,2026-09-14 04:28:31,85
url,http://160.119.66.206/bins/net.x86_64,urlhaus,malware_download,"elf,mirai,ua-wget",2026-09-14 04:00:07,2026-09-14 04:28:31,85
url,http://160.250.181.123/arm5,urlhaus,malware_download,"elf,mirai,ua-wget",2026-09-14 04:00:07,2026-09-14 04:28:31,85
url,http://160.250.181.123/nhanbeo.apk,urlhaus,malware_download,"elf,iot",2026-09-14 04:00:07,2026-09-14 04:28:31,85
url,http://175.146.5.1:44723/bin.sh,urlhaus,malware_download,"32-bit,elf,mips,Mozi",2026-09-14 04:00:07,2026-09-14 04:28:31,85
url,http://175.148.71.5:43235/bin.sh,urlhaus,malware_download,"32-bit,elf,mips,Mozi",2026-09-14 04:00:07,2026-09-14 04:28:31,85
url,http://176.65.132.103/bins/i686,urlhaus,malware_download,"elf,ua-wget",2026-09-14 04:00:07,2026-09-14 04:28:31,85
url,http://176.65.132.103/bins/mips,urlhaus,malware_download,"elf,ua-wget",2026-09-14 04:00:07,2026-09-14 04:28:31,85
url,http://180.190.238.223:35108/bin.sh,urlhaus,malware_download,"32-bit,arm,elf,mirai,Mozi",2026-09-14 04:00:07,2026-09-14 04:28:31,85
url,http://180.190.238.223:35108/i,urlhaus,malware_download,"32-bit,arm,elf,mirai,Mozi",2026-09-14 04:00:07,2026-09-14 04:28:31,85
url,http://182.116.116.237:50764/bin.sh,urlhaus,malware_download,"32-bit,elf,mips,Mozi",2026-09-14 04:00:07,2026-09-14 04:28:31,85
url,http://182.116.116.237:50764/i,urlhaus,malware_download,"32-bit,elf,mips,Mozi",2026-09-14 04:00:07,2026-09-14 04:28:31,85
url,http://182.116.48.4:52963/bin.sh,urlhaus,malware_download,"32-bit,elf,mips,Mozi",2026-09-14 04:00:07,2026-09-14 04:28:31,85
url,http://182.121.107.59:43712/i,urlhaus,malware_download,Mozi,2026-09-14 04:00:07,2026-09-14 04:28:31,85
url,http://182.121.59.52:33634/bin.sh,urlhaus,malware_download,"32-bit,elf,mips,Mozi",2026-09-14 04:00:07,2026-09-14 04:28:31,85
url,http://182.126.119.104:53515/i,urlhaus,malware_download,"32-bit,elf,mips,Mozi",2026-09-14 04:00:07,2026-09-14 04:28:31,85
url,http://190.109.227.236:33009/bin.sh,urlhaus,malware_download,"32-bit,arm,elf,mirai,Mozi",2026-09-14 04:00:07,2026-09-14 04:28:31,85
url,http://190.109.227.236:33009/i,urlhaus,malware_download,"32-bit,arm,elf,mirai,Mozi",2026-09-14 04:00:07,2026-09-14 04:28:31,85
url,http://196.190.10.252:36061/bin.sh,urlhaus,malware_download,"32-bit,arm,elf,mirai,Mozi",2026-09-14 04:00:07,2026-09-14 04:28:31,85
url,http://196.190.10.252:36061/i,urlhaus,malware_download,"32-bit,arm,elf,mirai,Mozi",2026-09-14 04:00:07,2026-09-14 04:28:31,85
url,http://196.191.137.44:37406/bin.sh,urlhaus,malware_download,"32-bit,arm,elf,mirai,Mozi",2026-09-14 04:00:07,2026-09-14 04:28:31,85
url,http://196.191.137.44:37406/i,urlhaus,malware_download,"32-bit,arm,elf,mirai,Mozi",2026-09-14 04:00:07,2026-09-14 04:28:31,85
url,http://2.27.248.149/bins/arm7,urlhaus,malware_download,"elf,mirai,ua-wget",2026-09-14 04:00:07,2026-09-14 04:28:31,85
url,http://2.27.248.149/bins/i686,urlhaus,malware_download,"elf,ua-wget",2026-09-14 04:00:07,2026-09-14 04:28:31,85
url,http://2.27.248.149/bins/mpsl,urlhaus,malware_download,"elf,ua-wget",2026-09-14 04:00:07,2026-09-14 04:28:31,85
url,http://2.27.248.149/bins/spc,urlhaus,malware_download,"elf,ua-wget",2026-09-14 04:00:07,2026-09-14 04:28:31,85
url,http://222.127.208.141:49815/i,urlhaus,malware_download,mirai,2026-09-14 04:00:07,2026-09-14 04:28:31,85
url,http://222.141.107.89:48751/bin.sh,urlhaus,malware_download,"32-bit,elf,mips,Mozi",2026-09-14 04:00:07,2026-09-14 04:28:31,85
url,http://222.141.107.89:48751/i,urlhaus,malware_download,"32-bit,elf,mips,Mozi",2026-09-14 04:00:07,2026-09-14 04:28:31,85
url,http://223.154.81.223:34274/i,urlhaus,malware_download,"32-bit,arm,elf,mirai,Mozi",2026-09-14 04:00:07,2026-09-14 04:28:31,85
url,http://31.59.40.122/arm6,urlhaus,malware_download,"elf,mirai,ua-wget",2026-09-14 04:00:07,2026-09-14 04:28:31,85
url,http://31.59.40.122/mips64,urlhaus,malware_download,"elf,mirai,ua-wget",2026-09-14 04:00:07,2026-09-14 04:28:31,85
url,http://39.74.115.234:54244/bin.sh,urlhaus,malware_download,"32-bit,elf,mips,Mozi",2026-09-14 04:00:07,2026-09-14 04:28:31,85
url,http://39.74.115.234:54244/i,urlhaus,malware_download,"32-bit,elf,mips,Mozi",2026-09-14 04:00:07,2026-09-14 04:28:31,85
url,http://42.229.169.27:32848/Mozi.m,threatfox,Mozi,"threatfox,elf,iot,Mozi",2026-09-13 16:06:35,2026-09-14 04:28:31,85
url,http://42.56.161.20:38561/i,urlhaus,malware_download,,2026-09-14 04:00:07,2026-09-14 04:28:31,85
url,http://59.96.138.143:60598/bin.sh,urlhaus,malware_download,"32-bit,elf,mips,Mozi",2026-09-14 04:00:07,2026-09-14 04:28:31,85
url,http://61.137.203.189:34496/bin.sh,urlhaus,malware_download,"32-bit,elf,mips,Mozi",2026-09-14 04:00:07,2026-09-14 04:28:31,85
url,http://66.212.187.214:58335/bin.sh,urlhaus,malware_download,"32-bit,arm,elf,mirai,Mozi",2026-09-14 04:00:07,2026-09-14 04:28:31,85
url,http://66.212.187.214:58335/i,urlhaus,malware_download,mirai,2026-09-14 04:00:07,2026-09-14 04:28:31,85
url,http://72.255.3.252:42908/Mozi.a,threatfox,Mozi,"threatfox,elf,iot,Mozi",2026-09-13 16:06:35,2026-09-14 04:28:31,85
url,http://72.255.30.244:41037/i,urlhaus,malware_download,"32-bit,elf,mips,Mozi",2026-09-14 04:00:07,2026-09-14 04:28:31,85
url,http://91.92.242.236/files-129312398/files/file_6cb8a2bb126b7bfc.exe,urlhaus,malware_download,"c2-monitor-auto,dropped-by-amadey",2026-09-14 04:00:07,2026-09-14 04:28:31,85
url,http://91.92.242.236/files-129312398/files/file_f5a8871443e98731.exe,urlhaus,malware_download,"c2-monitor-auto,dropped-by-amadey",2026-09-14 04:00:07,2026-09-14 04:28:31,85
url,http://91.92.40.165/bins/dlr.arm5,urlhaus,malware_download,"elf,mirai,ua-wget",2026-09-14 04:00:07,2026-09-14 04:28:31,85
url,http://94.156.166.167:50958/bin.sh,urlhaus,malware_download,"32-bit,arm,elf,mirai,Mozi",2026-09-14 04:00:07,2026-09-14 04:28:31,85
url,http://94.156.166.167:50958/i,urlhaus,malware_download,"32-bit,arm,elf,mirai,Mozi",2026-09-14 04:00:07,2026-09-14 04:28:31,85
url,http://94.233.15.145:59216/bin.sh,urlhaus,malware_download,"32-bit,elf,mips,Mozi",2026-09-14 04:00:07,2026-09-14 04:28:31,85
url,http://94.233.15.145:59216/i,urlhaus,malware_download,"32-bit,elf,mips,Mozi",2026-09-14 04:00:07,2026-09-14 04:28:31,85
url,http://94.244.36.34:46285/bin.sh,urlhaus,malware_download,"32-bit,arm,elf,mirai,Mozi",2026-09-14 04:00:07,2026-09-14 04:28:31,85
url,http://arqtsop.shop:9932/sessions,threatfox,Remus,"threatfox,remus",2026-09-14 04:06:33,2026-09-14 04:28:31,85
url,http://brimind.click:5892/notifications,threatfox,Remus,"threatfox,remus",2026-09-14 04:06:33,2026-09-14 04:28:31,85
url,http://bteahop.shop:9932/profiles,threatfox,Remus,"threatfox,remus",2026-09-14 04:06:33,2026-09-14 04:28:31,85
url,http://bteahop.shop:9932/tokens,threatfox,Remus,"threatfox,remus",2026-09-13 16:06:35,2026-09-14 04:28:31,85
url,http://gyadazs.shop:5627/teams,threatfox,Remus,"threatfox,remus",2026-09-14 04:06:33,2026-09-14 04:28:31,85
url,http://newtter.click:8271/permissions,threatfox,Remus,"threatfox,remus",2026-09-14 04:06:33,2026-09-14 04:28:31,85
url,http://quicbud.shop:7647/tokens,threatfox,Remus,"threatfox,remus",2026-09-14 04:06:33,2026-09-14 04:28:31,85
url,http://srtylab.shop:8213/comments,threatfox,Remus,"threatfox,remus",2026-09-14 04:06:33,2026-09-14 04:28:31,85
url,http://srtylab.shop:8213/users,threatfox,Remus,"threatfox,remus",2026-09-13 16:06:35,2026-09-14 04:28:31,85
url,http://teculse.click:9210/customers,threatfox,Remus,"threatfox,remus",2026-09-13 16:06:35,2026-09-14 04:28:31,85
url,http://teculse.click:9210/messages,threatfox,Remus,"threatfox,remus",2026-09-13 16:06:35,2026-09-14 04:28:31,85
url,http://teculse.click:9210/subscriptions,threatfox,Remus,"threatfox,remus",2026-09-14 04:06:33,2026-09-14 04:28:31,85
url,http://teechop.shop:8213/addresses,threatfox,Remus,"threatfox,remus",2026-09-13 16:06:35,2026-09-14 04:28:31,85
url,http://teechop.shop:8213/images,threatfox,Remus,"threatfox,remus",2026-09-14 04:06:33,2026-09-14 04:28:31,85
url,http://trwehop.shop:5627/messages,threatfox,Remus,"threatfox,remus",2026-09-14 04:06:33,2026-09-14 04:28:31,85
url,http://trwehop.shop:5627/products,threatfox,Remus,"threatfox,remus",2026-09-14 04:06:33,2026-09-14 04:28:31,85
url,https://178.104.123.110,threatfox,Vidar,"threatfox,Vidar",2026-09-14 04:06:33,2026-09-14 04:28:31,85
url,https://31.59.44.136,threatfox,Vidar,"threatfox,Vidar",2026-09-14 04:06:33,2026-09-14 04:28:31,85
url,https://62.238.25.40,threatfox,Vidar,"threatfox,7475be643c56dd8ea8a0d0f96c4fc477,c2,loader,stealer,Vidar",2026-09-14 04:06:33,2026-09-14 04:28:31,85
url,https://62.238.35.49,threatfox,Vidar,"threatfox,vidar",2026-09-13 16:06:35,2026-09-14 04:28:31,85
url,https://api-server-mocha.vercel.app/api/ipcheck-encrypted/607,threatfox,BeaverTail,"threatfox,c2,contagious-interview,NodeJS",2026-09-13 16:06:35,2026-09-14 04:28:31,85
url,https://bro.v-panel.asia/,threatfox,Vidar,threatfox,2026-09-13 16:06:35,2026-09-14 04:28:31,85
url,https://cdn.jsdelivr.net/gh/19875567137/0C-21-ED-097-4480-3E21-D48-4E/34-19-08-3C-5D-F10C21,threatfox,ClearFake,"threatfox,ClearFake",2026-09-13 16:06:35,2026-09-14 04:28:31,85
url,https://cdn.jsdelivr.net/gh/19875567137/FCCC8F-62-3C-61D48-4E/80-7314,threatfox,ClearFake,"threatfox,ClearFake",2026-09-14 04:06:33,2026-09-14 04:28:31,85
url,https://cdn.jsdelivr.net/gh/orcall7634/7C-DF-CD-C1-77-38/84-62-B4r,threatfox,ClearFake,"threatfox,ClearFake",2026-09-14 04:06:33,2026-09-14 04:28:31,85
url,https://cdn.jsdelivr.net/gh/orcall7634/A0-95-49C5C-A790-2C-17-A137EC/902C17,threatfox,ClearFake,"threatfox,ClearFake",2026-09-14 04:06:33,2026-09-14 04:28:31,85
url,https://gd.tracelic.com/api/ipcheck-encrypted/606,threatfox,BeaverTail,"threatfox,c2,contagious-interview,NodeJS",2026-09-13 16:06:35,2026-09-14 04:28:31,85
url,https://pub-72295f71e45d431995028c79cf261dae.r2.dev/dfghrth.png,urlhaus,malware_download,"AgentTesla,stego",2026-09-14 04:00:07,2026-09-14 04:28:31,85
url,https://pub-72295f71e45d431995028c79cf261dae.r2.dev/tyjtyujtyuj.png,urlhaus,malware_download,"AgentTesla,stego",2026-09-14 04:00:07,2026-09-14 04:28:31,85
url,https://pub-c6d653e19fd545129fdfd7d6f8cd8b17.r2.dev/fyhty.hta,urlhaus,malware_download,"AgentTesla,hta",2026-09-14 04:00:07,2026-09-14 04:28:31,85
url,https://qbsad.pages.dev/,threatfox,ClearFake,"threatfox,ClearFake,ClickFix,EtherHide,EtherHiding",2026-09-14 04:06:33,2026-09-14 04:28:31,85
url,https://raw.githubusercontent.com/34-19-44r/80-FCF8F2-DD98/refs/heads/main/48-D0-4E-DE-7,threatfox,ClearFake,"threatfox,ClearFake",2026-09-13 16:06:35,2026-09-14 04:28:31,85
url,https://serve-cookie.vercel.app/api/ipcheck-encrypted/453532,threatfox,BeaverTail,"threatfox,c2,contagious-interview,NodeJS",2026-09-13 16:06:35,2026-09-14 04:28:31,85
url,https://serve-cookie.vercel.app/api/ipcheck-encrypted/602076,threatfox,BeaverTail,"threatfox,c2,contagious-interview,NodeJS",2026-09-13 16:06:35,2026-09-14 04:28:31,85
url,https://serve-cookie.vercel.app/api/ipcheck-encrypted/987991,threatfox,BeaverTail,"threatfox,c2,contagious-interview,NodeJS",2026-09-13 16:06:35,2026-09-14 04:28:31,85
url,https://server-azure-tau.vercel.app/api/ipcheck-encrypted/606,threatfox,BeaverTail,"threatfox,c2,contagious-interview,NodeJS",2026-09-13 16:06:35,2026-09-14 04:28:31,85
url,https://server.miranarts-top.cc/Bin/ScreenConnect.ClientSetup.msi,urlhaus,malware_download,"connectwise,msi,rmm,screenconnect",2026-09-14 04:00:07,2026-09-14 04:28:31,85
url,https://startvsgame.com/secondfast.exe,urlhaus,malware_download,"ACRStealer,exe",2026-09-14 04:00:07,2026-09-14 04:28:31,85
url,https://steamcommunity.com/profiles/76561198641923678,threatfox,Vidar,"threatfox,Vidar",2026-09-14 04:06:33,2026-09-14 04:28:31,85
url,https://tapped.top/downloads/delta-executor.zip?dl=1789318573398,urlhaus,malware_download,"malware,pw-tapped,stealer",2026-09-14 04:00:07,2026-09-14 04:28:31,85
url,https://telegram.me/jj43w,threatfox,Vidar,"threatfox,Vidar",2026-09-14 04:06:33,2026-09-14 04:28:31,85
url,https://walter-server.vercel.app/api/ipcheck-encrypted/606,threatfox,BeaverTail,"threatfox,c2,contagious-interview,NodeJS",2026-09-13 16:06:35,2026-09-14 04:28:31,85
url,https://wellbeingaddicts.com/,threatfox,Unknown malware,"threatfox,ClickFix",2026-09-13 16:06:35,2026-09-14 04:28:31,85
url,https://www.ipregionchecker.org/api/ip-check-encrypted/3aeb34a30,threatfox,BeaverTail,"threatfox,c2,contagious-interview,NodeJS",2026-09-13 16:06:35,2026-09-14 04:28:31,85
url,https://www.mediafire.com/file/p3mfnlwgzn6rl90/DeltaExecutor.zip/file,urlhaus,malware_download,"malware,pw-deltaexecutor,stealer",2026-09-14 04:00:07,2026-09-14 04:28:31,85
url,https://www.organicsurgical.com/,threatfox,Unknown malware,"threatfox,ClickFix",2026-09-13 16:06:35,2026-09-14 04:28:31,85
url,https://www.sitecnasnc.it/,threatfox,Unknown malware,"threatfox,ClickFix",2026-09-13 16:06:35,2026-09-14 04:28:31,85
url,https://y-lilac-sigma.vercel.app/api/ipcheck-encrypted/607,threatfox,BeaverTail,"threatfox,c2,contagious-interview,NodeJS",2026-09-13 16:06:35,2026-09-14 04:28:31,85
