type,value,source,threat_type,tags,first_seen,last_seen,confidence
domain,0ooc3n3eid.workers.dev,threatfox,php.shin_webshell,"threatfox,Cloudflare,GIF,PHP,webshell,WordPress,workers.dev,wp-admin",2026-09-21 16:06:44,2026-09-21 16:33:05,85
domain,12cscmg1.enus-tupitea.com,threatfox,ClearFake,"threatfox,ClearFake,mac-0x68dc,macos",2026-09-21 16:06:44,2026-09-21 16:33:05,85
domain,2n37l2e6.us-tupitea.com,threatfox,ClearFake,"threatfox,ClearFake,mac-0x76c7,macos",2026-09-21 16:06:44,2026-09-21 16:33:05,85
domain,3f0pppyh.impressiveaudiotint.com,threatfox,ClearFake,"threatfox,ClearFake,mac-0x68dc,macos",2026-09-21 04:06:30,2026-09-21 16:33:05,85
domain,3pe140d4.www-glycofree.com,threatfox,ClearFake,"threatfox,ClearFake,mac-0x0f14,macos",2026-09-21 16:06:44,2026-09-21 16:33:05,85
domain,542b1els96.workers.dev,threatfox,php.shin_webshell,"threatfox,Cloudflare,GIF,PHP,webshell,WordPress,workers.dev,wp-admin",2026-09-21 16:06:44,2026-09-21 16:33:05,85
domain,6x45taub7u.workers.dev,threatfox,php.shin_webshell,"threatfox,Cloudflare,GIF,PHP,webshell,WordPress,workers.dev,wp-admin",2026-09-21 04:06:30,2026-09-21 16:33:05,85
domain,71t3btzj.zcode--system.com,threatfox,ClearFake,"threatfox,ClearFake,mac-0xdcf2,macos",2026-09-21 16:06:44,2026-09-21 16:33:05,85
domain,76ocm7az.en-us-glycofree.com,threatfox,ClearFake,"threatfox,ClearFake,mac-0x68dc,macos",2026-09-21 16:06:44,2026-09-21 16:33:05,85
domain,850cm.net,threatfox,ClearFake,"threatfox,compromised,EtherHide",2026-09-21 16:06:44,2026-09-21 16:33:05,85
domain,87x94lk6.en-en--enerflow.com,threatfox,ClearFake,"threatfox,ClearFake,mac-0x0f14,macos",2026-09-21 16:06:44,2026-09-21 16:33:05,85
domain,953k25jr.kcmotorsllc.com,threatfox,ClearFake,"threatfox,ClearFake,mac-0x68dc,macos",2026-09-21 04:06:30,2026-09-21 16:33:05,85
domain,aasmaworld.com,threatfox,IClickFix,"threatfox,ClickFix,Mac",2026-09-21 16:06:44,2026-09-21 16:33:05,85
domain,advantus.es,threatfox,IClickFix,"threatfox,ClickFix,Mac",2026-09-21 16:06:44,2026-09-21 16:33:05,85
domain,alchimistgrid.com,threatfox,IClickFix,"threatfox,ClickFix,Mac",2026-09-21 16:06:44,2026-09-21 16:33:05,85
domain,alsowise.com,threatfox,IClickFix,"threatfox,ClickFix,Mac",2026-09-21 16:06:44,2026-09-21 16:33:05,85
domain,artistchrisgreene.com,threatfox,IClickFix,"threatfox,ClickFix,Mac",2026-09-21 16:06:44,2026-09-21 16:33:05,85
domain,autogel.ca,threatfox,IClickFix,"threatfox,ClickFix,Mac",2026-09-21 16:06:44,2026-09-21 16:33:05,85
domain,bbeln.com,threatfox,IClickFix,"threatfox,ClickFix,Mac",2026-09-21 16:06:44,2026-09-21 16:33:05,85
domain,bc4ksk87.en-xenburn.com,threatfox,ClearFake,"threatfox,ClearFake,mac-0x0f14,macos",2026-09-21 16:06:44,2026-09-21 16:33:05,85
domain,be6-extranet.cfd,threatfox,TonRAT,threatfox,2026-09-21 16:06:44,2026-09-21 16:33:05,85
domain,beinhauer-gastro.de,threatfox,IClickFix,"threatfox,ClickFix,Mac",2026-09-21 16:06:44,2026-09-21 16:33:05,85
domain,bigrockbronze.com,threatfox,ClearFake,"threatfox,compromised,EtherHide",2026-09-21 04:06:30,2026-09-21 16:33:05,85
domain,biuronatalia.pl,threatfox,IClickFix,"threatfox,ClickFix,Mac",2026-09-21 16:06:44,2026-09-21 16:33:05,85
domain,bookphotohotel.info,threatfox,TonRAT,threatfox,2026-09-21 16:06:44,2026-09-21 16:33:05,85
domain,boss.noip.at,threatfox,Remcos,"threatfox,remcos",2026-09-21 16:06:44,2026-09-21 16:33:05,85
domain,bts-limited.com,threatfox,IClickFix,"threatfox,ClickFix,Mac",2026-09-21 16:06:44,2026-09-21 16:33:05,85
domain,cabskaiyn-crane.life,threatfox,IClickFix,"threatfox,BananaCluster,ClickFix,FakeUpdates",2026-09-21 16:06:44,2026-09-21 16:33:05,85
domain,cahokeco.workers.dev,threatfox,php.shin_webshell,"threatfox,Cloudflare,GIF,PHP,webshell,WordPress,workers.dev,wp-admin",2026-09-21 04:06:30,2026-09-21 16:33:05,85
domain,cancredit.com,threatfox,IClickFix,"threatfox,ClickFix,Mac",2026-09-21 16:06:44,2026-09-21 16:33:05,85
domain,canyongreens.in,threatfox,IClickFix,"threatfox,ClickFix,Mac",2026-09-21 16:06:44,2026-09-21 16:33:05,85
domain,checlappart.help,threatfox,TonRAT,threatfox,2026-09-21 16:06:44,2026-09-21 16:33:05,85
domain,citybnb.ca,threatfox,IClickFix,"threatfox,ClickFix,Mac",2026-09-21 16:06:44,2026-09-21 16:33:05,85
domain,cloudflare.bot,threatfox,IClickFix,"threatfox,ClickFix",2026-09-21 16:06:44,2026-09-21 16:33:05,85
domain,colombiacocajo.cc,threatfox,Unknown malware,"threatfox,ZigClipper",2026-09-21 16:06:44,2026-09-21 16:33:05,85
domain,consultaventine.com,threatfox,IClickFix,"threatfox,ClickFix,Mac",2026-09-21 16:06:44,2026-09-21 16:33:05,85
domain,data-recovery-melbourne.com.au,threatfox,Unknown malware,"threatfox,ClickFix",2026-09-21 16:06:44,2026-09-21 16:33:05,85
domain,dewaaromfabriek.nl,threatfox,IClickFix,"threatfox,ClickFix,Mac",2026-09-21 16:06:44,2026-09-21 16:33:05,85
domain,download0596.com,threatfox,TonRAT,threatfox,2026-09-21 16:06:44,2026-09-21 16:33:05,85
domain,download0644.com,threatfox,TonRAT,threatfox,2026-09-21 16:06:44,2026-09-21 16:33:05,85
domain,dreamzfashion.co.in,threatfox,IClickFix,"threatfox,ClickFix,Mac",2026-09-21 16:06:44,2026-09-21 16:33:05,85
domain,dropfilesbox.com,threatfox,TonRAT,threatfox,2026-09-21 16:06:44,2026-09-21 16:33:05,85
domain,dydamy.workers.dev,threatfox,php.shin_webshell,"threatfox,Cloudflare,GIF,PHP,webshell,WordPress,workers.dev,wp-admin",2026-09-21 04:06:30,2026-09-21 16:33:05,85
domain,emorocho.com,threatfox,IClickFix,"threatfox,ClickFix,Mac",2026-09-21 16:06:44,2026-09-21 16:33:05,85
domain,endowafrica.net,threatfox,IClickFix,"threatfox,ClickFix,Mac",2026-09-21 16:06:44,2026-09-21 16:33:05,85
domain,entry-code-cdn.codes,threatfox,ClearFake,"threatfox,ClearFake,ClickFix,ErrTraffic,EtherHiding",2026-09-21 04:06:30,2026-09-21 16:33:05,85
domain,etigroup.in,threatfox,IClickFix,"threatfox,ClickFix,Mac",2026-09-21 16:06:44,2026-09-21 16:33:05,85
domain,exclusive-offer.co.uk,threatfox,Unknown Loader,"threatfox,etherhiding,Sepolia",2026-09-21 04:06:30,2026-09-21 16:33:05,85
domain,exprorich.com,threatfox,IClickFix,"threatfox,ClickFix,Mac",2026-09-21 16:06:44,2026-09-21 16:33:05,85
domain,farabiakademi.com,threatfox,Unknown Loader,"threatfox,etherhiding,Sepolia",2026-09-21 04:06:30,2026-09-21 16:33:05,85
domain,fayyazfayzi.com,threatfox,IClickFix,"threatfox,ClickFix,Mac",2026-09-21 16:06:44,2026-09-21 16:33:05,85
domain,fekydi.workers.dev,threatfox,php.shin_webshell,"threatfox,Cloudflare,GIF,PHP,webshell,WordPress,workers.dev,wp-admin",2026-09-21 16:06:44,2026-09-21 16:33:05,85
domain,filecheck-drive-photo.icu,threatfox,TonRAT,threatfox,2026-09-21 16:06:44,2026-09-21 16:33:05,85
domain,finch-strategy.com,threatfox,Unknown Loader,"threatfox,etherhiding,Sepolia",2026-09-21 04:06:30,2026-09-21 16:33:05,85
domain,fr.1betasia.org,threatfox,Vidar,"threatfox,Vidar",2026-09-21 16:06:44,2026-09-21 16:33:05,85
domain,fr.hg77.org,threatfox,Vidar,"threatfox,Vidar",2026-09-21 16:06:44,2026-09-21 16:33:05,85
domain,freedomwellnessphysiatry.com,threatfox,Unknown Loader,"threatfox,etherhiding,Sepolia",2026-09-21 04:06:30,2026-09-21 16:33:05,85
domain,fuckingmoles.com,threatfox,Unknown Loader,"threatfox,etherhiding,Sepolia",2026-09-21 04:06:30,2026-09-21 16:33:05,85
domain,ge.1betasia.org,threatfox,Vidar,"threatfox,Vidar",2026-09-21 16:06:44,2026-09-21 16:33:05,85
domain,ge.hg77.org,threatfox,Vidar,"threatfox,Vidar",2026-09-21 16:06:44,2026-09-21 16:33:05,85
domain,geeksville.co,threatfox,Unknown Loader,"threatfox,etherhiding,Sepolia",2026-09-21 04:06:30,2026-09-21 16:33:05,85
domain,globalmedicalaccess.com,threatfox,Unknown Loader,"threatfox,etherhiding,Sepolia",2026-09-21 04:06:30,2026-09-21 16:33:05,85
domain,go.hg77.org,threatfox,Vidar,"threatfox,Vidar",2026-09-21 16:06:44,2026-09-21 16:33:05,85
domain,grove-kaee-j4jgh.lol,threatfox,IClickFix,"threatfox,ClickFix,Mac",2026-09-21 16:06:44,2026-09-21 16:33:05,85
domain,gulbaharsanatatolyesi.com,threatfox,IClickFix,"threatfox,ClickFix,Mac",2026-09-21 16:06:44,2026-09-21 16:33:05,85
domain,happyweddings.in,threatfox,IClickFix,"threatfox,ClickFix,Mac",2026-09-21 16:06:44,2026-09-21 16:33:05,85
domain,hausmeisterservice-scholl.de,threatfox,Unknown Loader,"threatfox,etherhiding,Sepolia",2026-09-21 04:06:30,2026-09-21 16:33:05,85
domain,hehn-immobilien.de,threatfox,Unknown Loader,"threatfox,etherhiding,Sepolia",2026-09-21 04:06:30,2026-09-21 16:33:05,85
domain,help-desk0926.com,threatfox,TonRAT,threatfox,2026-09-21 16:06:44,2026-09-21 16:33:05,85
domain,helpdesk-0826.com,threatfox,TonRAT,threatfox,2026-09-21 16:06:44,2026-09-21 16:33:05,85
domain,helpdesk-0926.com,threatfox,TonRAT,threatfox,2026-09-21 16:06:44,2026-09-21 16:33:05,85
domain,helpdesk09-26.com,threatfox,TonRAT,threatfox,2026-09-21 16:06:44,2026-09-21 16:33:05,85
domain,helpdesk1026.com,threatfox,TonRAT,threatfox,2026-09-21 16:06:44,2026-09-21 16:33:05,85
domain,helpdesk1509.com,threatfox,TonRAT,threatfox,2026-09-21 16:06:44,2026-09-21 16:33:05,85
domain,hhccpas.com,threatfox,ClearFake,"threatfox,compromised,EtherHide",2026-09-21 16:06:44,2026-09-21 16:33:05,85
domain,hikmafoundation.org,threatfox,IClickFix,"threatfox,ClickFix,Mac",2026-09-21 16:06:44,2026-09-21 16:33:05,85
domain,htnurdu.com,threatfox,IClickFix,"threatfox,ClickFix,Mac",2026-09-21 16:06:44,2026-09-21 16:33:05,85
domain,i.131422.com,threatfox,Unknown malware,"threatfox,ClickFix",2026-09-21 16:06:44,2026-09-21 16:33:05,85
domain,impressiveaudiotint.com,threatfox,ClearFake,"threatfox,ClearFake",2026-09-21 04:06:30,2026-09-21 16:33:05,85
domain,infoshouse.com,threatfox,Unknown Loader,"threatfox,etherhiding,Sepolia",2026-09-21 04:06:30,2026-09-21 16:33:05,85
domain,instavirus.shop,threatfox,IClickFix,"threatfox,ClickFix,Mac",2026-09-21 16:06:44,2026-09-21 16:33:05,85
domain,ivory951.workers.dev,threatfox,php.shin_webshell,"threatfox,Cloudflare,GIF,PHP,webshell,WordPress,workers.dev,wp-admin",2026-09-21 16:06:44,2026-09-21 16:33:05,85
domain,j5hbvp9a.gideonconstructioninc.com,threatfox,ClearFake,"threatfox,ClearFake,mac-0xdcf2,macos",2026-09-21 04:06:30,2026-09-21 16:33:05,85
domain,jursakulturu.nl,threatfox,Unknown Loader,"threatfox,etherhiding,Sepolia",2026-09-21 04:06:30,2026-09-21 16:33:05,85
domain,jycolano.workers.dev,threatfox,php.shin_webshell,"threatfox,Cloudflare,GIF,PHP,webshell,WordPress,workers.dev,wp-admin",2026-09-21 16:06:44,2026-09-21 16:33:05,85
domain,k2demo.in,threatfox,IClickFix,"threatfox,ClickFix,Mac",2026-09-21 16:06:44,2026-09-21 16:33:05,85
domain,kcmotorsllc.com,threatfox,ClearFake,"threatfox,ClearFake",2026-09-21 04:06:30,2026-09-21 16:33:05,85
domain,keirachenergy.com,threatfox,ClearFake,"threatfox,compromised,EtherHide",2026-09-21 04:06:30,2026-09-21 16:33:05,85
domain,khounkham.com.la,threatfox,IClickFix,"threatfox,ClickFix,Mac",2026-09-21 16:06:44,2026-09-21 16:33:05,85
domain,kickoffkingdom.com,threatfox,ClearFake,"threatfox,ClearFake",2026-09-21 16:06:44,2026-09-21 16:33:05,85
domain,kongfoos.de,threatfox,Unknown Loader,"threatfox,etherhiding,Sepolia",2026-09-21 04:06:30,2026-09-21 16:33:05,85
domain,koskaslaw.co.il,threatfox,Unknown Loader,"threatfox,etherhiding,Sepolia",2026-09-21 04:06:30,2026-09-21 16:33:05,85
domain,laasiasalon.com,threatfox,IClickFix,"threatfox,ClickFix,Mac",2026-09-21 16:06:44,2026-09-21 16:33:05,85
domain,lagigiri.workers.dev,threatfox,php.shin_webshell,"threatfox,Cloudflare,GIF,PHP,webshell,WordPress,workers.dev,wp-admin",2026-09-21 16:06:44,2026-09-21 16:33:05,85
domain,lalibelahomestay.com,threatfox,IClickFix,"threatfox,ClickFix,Mac",2026-09-21 16:06:44,2026-09-21 16:33:05,85
domain,lanette592.workers.dev,threatfox,php.shin_webshell,"threatfox,Cloudflare,GIF,PHP,webshell,WordPress,workers.dev,wp-admin",2026-09-21 16:06:44,2026-09-21 16:33:05,85
domain,laridon.co.uk,threatfox,Unknown Loader,"threatfox,etherhiding,Sepolia",2026-09-21 04:06:30,2026-09-21 16:33:05,85
domain,laroverestore.com,threatfox,IClickFix,threatfox,2026-09-21 16:06:44,2026-09-21 16:33:05,85
domain,lokkiutrading.online,threatfox,Unknown Loader,"threatfox,etherhiding,Sepolia",2026-09-21 04:06:30,2026-09-21 16:33:05,85
domain,mail.techstac.cc,threatfox,AnimateClipper,"threatfox,AnimateClipper,ClearFake,ClickFix",2026-09-21 16:06:44,2026-09-21 16:33:05,85
domain,maravillasdachshund.com,threatfox,Unknown Loader,"threatfox,etherhiding,Sepolia",2026-09-21 04:06:30,2026-09-21 16:33:05,85
domain,meetcincoo.com,threatfox,Unknown Loader,"threatfox,etherhiding,Sepolia",2026-09-21 04:06:30,2026-09-21 16:33:05,85
domain,midlifewellnessinstitute.com,threatfox,IClickFix,"threatfox,ClickFix,Mac",2026-09-21 16:06:44,2026-09-21 16:33:05,85
domain,mindandbodyhealing.in,threatfox,ClearFake,"threatfox,compromised,EtherHide",2026-09-21 16:06:44,2026-09-21 16:33:05,85
domain,moneyhub-avogotasoqi.click,threatfox,IClickFix,"threatfox,ClickFix,FakeUpdates,MoneyHub,Phishing,TDS",2026-09-21 16:06:44,2026-09-21 16:33:05,85
domain,moneyhub-billloom.click,threatfox,IClickFix,"threatfox,ClickFix,FakeUpdates,MoneyHub,Phishing,TDS",2026-09-21 16:06:44,2026-09-21 16:33:05,85
domain,moneyhub-budgetmatrix.click,threatfox,IClickFix,"threatfox,ClickFix,FakeUpdates,MoneyHub,Phishing,TDS",2026-09-21 16:06:44,2026-09-21 16:33:05,85
domain,moneyhub-cashbase.click,threatfox,IClickFix,"threatfox,ClickFix,FakeUpdates,MoneyHub,Phishing,TDS",2026-09-21 16:06:44,2026-09-21 16:33:05,85
domain,moneyhub-cashbloom.click,threatfox,IClickFix,"threatfox,ClickFix,FakeUpdates,MoneyHub,Phishing,TDS",2026-09-21 16:06:44,2026-09-21 16:33:05,85
domain,moneyhub-cashburst.click,threatfox,IClickFix,"threatfox,ClickFix,FakeUpdates,MoneyHub,Phishing,TDS",2026-09-21 16:06:44,2026-09-21 16:33:05,85
domain,moneyhub-cashchart.click,threatfox,IClickFix,"threatfox,ClickFix,FakeUpdates,MoneyHub,Phishing,TDS",2026-09-21 16:06:44,2026-09-21 16:33:05,85
domain,moneyhub-cashmatrix.click,threatfox,IClickFix,"threatfox,ClickFix,FakeUpdates,MoneyHub,Phishing,TDS",2026-09-21 16:06:44,2026-09-21 16:33:05,85
domain,moneyhub-cashportal.click,threatfox,IClickFix,"threatfox,ClickFix,FakeUpdates,MoneyHub,Phishing,TDS",2026-09-21 16:06:44,2026-09-21 16:33:05,85
domain,moneyhub-clearpartner.click,threatfox,IClickFix,"threatfox,ClickFix,FakeUpdates,MoneyHub,Phishing,TDS",2026-09-21 16:06:44,2026-09-21 16:33:05,85
domain,moneyhub-clearroute.click,threatfox,IClickFix,"threatfox,ClickFix,FakeUpdates,MoneyHub,Phishing,TDS",2026-09-21 16:06:44,2026-09-21 16:33:05,85
domain,moneyhub-debitmerge.click,threatfox,IClickFix,"threatfox,ClickFix,FakeUpdates,MoneyHub,Phishing,TDS",2026-09-21 16:06:44,2026-09-21 16:33:05,85
domain,moneyhub-economyflow.click,threatfox,IClickFix,"threatfox,ClickFix,FakeUpdates,MoneyHub,Phishing,TDS",2026-09-21 16:06:44,2026-09-21 16:33:05,85
domain,moneyhub-ejadazulaba.click,threatfox,IClickFix,"threatfox,ClickFix,FakeUpdates,MoneyHub,Phishing,TDS",2026-09-21 16:06:44,2026-09-21 16:33:05,85
domain,moneyhub-frugalportal.click,threatfox,IClickFix,"threatfox,ClickFix,FakeUpdates,MoneyHub,Phishing,TDS",2026-09-21 16:06:44,2026-09-21 16:33:05,85
domain,moneyhub-fundstream.click,threatfox,IClickFix,"threatfox,ClickFix,FakeUpdates,MoneyHub,Phishing,TDS",2026-09-21 16:06:44,2026-09-21 16:33:05,85
domain,moneyhub-jifejaguwuy.click,threatfox,IClickFix,"threatfox,ClickFix,FakeUpdates,MoneyHub,Phishing,TDS",2026-09-21 16:06:44,2026-09-21 16:33:05,85
domain,moneyhub-ledgerbloom.click,threatfox,IClickFix,"threatfox,ClickFix,FakeUpdates,MoneyHub,Phishing,TDS",2026-09-21 16:06:44,2026-09-21 16:33:05,85
domain,moneyhub-ledgerplanner.click,threatfox,IClickFix,"threatfox,ClickFix,FakeUpdates,MoneyHub,Phishing,TDS",2026-09-21 16:06:44,2026-09-21 16:33:05,85
domain,moneyhub-ledgerpulse.click,threatfox,IClickFix,"threatfox,ClickFix,FakeUpdates,MoneyHub,Phishing,TDS",2026-09-21 16:06:44,2026-09-21 16:33:05,85
domain,moneyhub-marketvalue.click,threatfox,IClickFix,"threatfox,ClickFix,FakeUpdates,MoneyHub,Phishing,TDS",2026-09-21 16:06:44,2026-09-21 16:33:05,85
domain,moneyhub-nestcrew.click,threatfox,IClickFix,"threatfox,ClickFix,FakeUpdates,MoneyHub,Phishing,TDS",2026-09-21 16:06:44,2026-09-21 16:33:05,85
domain,moneyhub-nestmap.click,threatfox,IClickFix,"threatfox,ClickFix,FakeUpdates,MoneyHub,Phishing,TDS",2026-09-21 16:06:44,2026-09-21 16:33:05,85
domain,moneyhub-ohajizenayi.click,threatfox,IClickFix,"threatfox,ClickFix,FakeUpdates,MoneyHub,Phishing,TDS",2026-09-21 16:06:44,2026-09-21 16:33:05,85
domain,moneyhub-oqepimuqiti.click,threatfox,IClickFix,"threatfox,ClickFix,FakeUpdates,MoneyHub,Phishing,TDS",2026-09-21 16:06:44,2026-09-21 16:33:05,85
domain,moneyhub-pennycloud.click,threatfox,IClickFix,"threatfox,ClickFix,FakeUpdates,MoneyHub,Phishing,TDS",2026-09-21 16:06:44,2026-09-21 16:33:05,85
domain,moneyhub-pennycraft.click,threatfox,IClickFix,"threatfox,ClickFix,FakeUpdates,MoneyHub,Phishing,TDS",2026-09-21 16:06:44,2026-09-21 16:33:05,85
domain,moneyhub-pennyportal.click,threatfox,IClickFix,"threatfox,ClickFix,FakeUpdates,MoneyHub,Phishing,TDS",2026-09-21 16:06:44,2026-09-21 16:33:05,85
domain,moneyhub-primeworks.click,threatfox,IClickFix,"threatfox,ClickFix,FakeUpdates,MoneyHub,Phishing,TDS",2026-09-21 16:06:44,2026-09-21 16:33:05,85
domain,moneyhub-ruzicukasuy.click,threatfox,IClickFix,"threatfox,ClickFix,FakeUpdates,MoneyHub,Phishing,TDS",2026-09-21 16:06:44,2026-09-21 16:33:05,85
domain,moneyhub-smartfactory.click,threatfox,IClickFix,"threatfox,ClickFix,FakeUpdates,MoneyHub,Phishing,TDS",2026-09-21 16:06:44,2026-09-21 16:33:05,85
domain,moneyhub-smarttracker.click,threatfox,IClickFix,"threatfox,ClickFix,FakeUpdates,MoneyHub,Phishing,TDS",2026-09-21 16:06:44,2026-09-21 16:33:05,85
domain,moneyhub-taweduvuray.click,threatfox,IClickFix,"threatfox,ClickFix,FakeUpdates,MoneyHub,Phishing,TDS",2026-09-21 16:06:44,2026-09-21 16:33:05,85
domain,moneyhub-uhiqasiyawu.click,threatfox,IClickFix,"threatfox,ClickFix,FakeUpdates,MoneyHub,Phishing,TDS",2026-09-21 16:06:44,2026-09-21 16:33:05,85
domain,moneyhub-vaultforge.click,threatfox,IClickFix,"threatfox,ClickFix,FakeUpdates,MoneyHub,Phishing,TDS",2026-09-21 16:06:44,2026-09-21 16:33:05,85
domain,moneyhub-vaultpoint.click,threatfox,IClickFix,"threatfox,ClickFix,FakeUpdates,MoneyHub,Phishing,TDS",2026-09-21 16:06:44,2026-09-21 16:33:05,85
domain,moneyhub-walletdrive.click,threatfox,IClickFix,"threatfox,ClickFix,FakeUpdates,MoneyHub,Phishing,TDS",2026-09-21 16:06:44,2026-09-21 16:33:05,85
domain,moneyhub-walletmatrix.click,threatfox,IClickFix,"threatfox,ClickFix,FakeUpdates,MoneyHub,Phishing,TDS",2026-09-21 16:06:44,2026-09-21 16:33:05,85
domain,moneyhub-walletnest.click,threatfox,IClickFix,"threatfox,ClickFix,FakeUpdates,MoneyHub,Phishing,TDS",2026-09-21 16:06:44,2026-09-21 16:33:05,85
domain,moneyhub-wealthanalyst.click,threatfox,IClickFix,"threatfox,ClickFix,FakeUpdates,MoneyHub,Phishing,TDS",2026-09-21 16:06:44,2026-09-21 16:33:05,85
domain,mujiapbnktest.lol,threatfox,TonRAT,threatfox,2026-09-21 16:06:44,2026-09-21 16:33:05,85
domain,nazirsons.pk,threatfox,IClickFix,"threatfox,ClickFix,Mac",2026-09-21 16:06:44,2026-09-21 16:33:05,85
domain,norcom.com.ar,threatfox,IClickFix,"threatfox,ClickFix,Mac",2026-09-21 16:06:44,2026-09-21 16:33:05,85
domain,nw.1betasia.org,threatfox,Vidar,"threatfox,vidar",2026-09-21 16:06:44,2026-09-21 16:33:05,85
domain,nw.hg77.org,threatfox,Vidar,"threatfox,vidar",2026-09-21 16:06:44,2026-09-21 16:33:05,85
domain,obranuevaenvigo.com,threatfox,ClearFake,"threatfox,compromised,EtherHide",2026-09-21 04:06:30,2026-09-21 16:33:05,85
domain,ogins74273.workers.dev,threatfox,php.shin_webshell,"threatfox,Cloudflare,GIF,PHP,webshell,WordPress,workers.dev,wp-admin",2026-09-21 04:06:30,2026-09-21 16:33:05,85
domain,oi.1betasia.org,threatfox,Vidar,"threatfox,Vidar",2026-09-21 16:06:44,2026-09-21 16:33:05,85
domain,oi.hg77.org,threatfox,Vidar,"threatfox,Vidar",2026-09-21 16:06:44,2026-09-21 16:33:05,85
domain,okakademi.com,threatfox,IClickFix,"threatfox,ClickFix,Mac",2026-09-21 16:06:44,2026-09-21 16:33:05,85
domain,parsifal21.com.br,threatfox,IClickFix,"threatfox,ClickFix,Mac",2026-09-21 16:06:44,2026-09-21 16:33:05,85
domain,photo0826jpg.com,threatfox,TonRAT,threatfox,2026-09-21 16:06:44,2026-09-21 16:33:05,85
domain,photo0926jpg.com,threatfox,TonRAT,threatfox,2026-09-21 16:06:44,2026-09-21 16:33:05,85
domain,photolink-checkzip.com,threatfox,TonRAT,threatfox,2026-09-21 16:06:44,2026-09-21 16:33:05,85
domain,praxis-harmonie.ch,threatfox,ClearFake,"threatfox,compromised,EtherHide",2026-09-21 16:06:44,2026-09-21 16:33:05,85
domain,procarautobodyshop.com,threatfox,IClickFix,"threatfox,ClickFix,Mac",2026-09-21 16:06:44,2026-09-21 16:33:05,85
domain,promopixelstudio.com,threatfox,IClickFix,"threatfox,ClickFix,Mac",2026-09-21 16:06:44,2026-09-21 16:33:05,85
domain,property-onlines.com,threatfox,TonRAT,threatfox,2026-09-21 16:06:44,2026-09-21 16:33:05,85
domain,res.gridstack.cc,threatfox,AnimateClipper,"threatfox,AnimateClipper,ClearFake,ClickFix",2026-09-21 16:06:44,2026-09-21 16:33:05,85
domain,rq5ic3bf.usa-lipogummy.com,threatfox,ClearFake,"threatfox,ClearFake,mac-0x76c7,macos",2026-09-21 16:06:44,2026-09-21 16:33:05,85
domain,saegsrl.com,threatfox,Unknown Loader,"threatfox,etherhiding,Sepolia",2026-09-21 04:06:30,2026-09-21 16:33:05,85
domain,sejdats.com,threatfox,IClickFix,"threatfox,ClickFix,Mac",2026-09-21 16:06:44,2026-09-21 16:33:05,85
domain,seniorhelpinghandsmi.com,threatfox,IClickFix,"threatfox,ClickFix,Mac",2026-09-21 16:06:44,2026-09-21 16:33:05,85
domain,seshegodigitalhub.co.za,threatfox,Unknown Loader,"threatfox,etherhiding,Sepolia",2026-09-21 04:06:30,2026-09-21 16:33:05,85
domain,sgn.v-panel.asia,threatfox,Vidar,threatfox,2026-09-21 16:06:44,2026-09-21 16:33:05,85
domain,sicred.com.al,threatfox,IClickFix,"threatfox,ClickFix,Mac",2026-09-21 16:06:44,2026-09-21 16:33:05,85
domain,site.i-bsi.com,threatfox,ClearFake,"threatfox,compromised,EtherHide",2026-09-21 04:06:30,2026-09-21 16:33:05,85
domain,sivasiroll.com.br,threatfox,IClickFix,"threatfox,ClickFix,Mac",2026-09-21 16:06:44,2026-09-21 16:33:05,85
domain,skaedbraearaquiet.life,threatfox,IClickFix,"threatfox,Amos,ClickFix,Mac",2026-09-21 04:06:30,2026-09-21 16:33:05,85
domain,skytopsteakhouse.com,threatfox,IClickFix,"threatfox,ClickFix,Mac",2026-09-21 16:06:44,2026-09-21 16:33:05,85
domain,sm.1betasia.org,threatfox,Vidar,"threatfox,vidar",2026-09-21 16:06:44,2026-09-21 16:33:05,85
domain,sm.hg77.org,threatfox,Vidar,"threatfox,vidar",2026-09-21 16:06:44,2026-09-21 16:33:05,85
domain,smgjamat.in,threatfox,IClickFix,"threatfox,ClickFix,Mac",2026-09-21 16:06:44,2026-09-21 16:33:05,85
domain,snalspisa.com,threatfox,ClearFake,"threatfox,compromised,EtherHide",2026-09-21 04:06:30,2026-09-21 16:33:05,85
domain,status.creek-place.one,threatfox,RevStealer,"threatfox,revstealer",2026-09-21 16:06:44,2026-09-21 16:33:05,85
domain,stayreportdesk.life,threatfox,TonRAT,threatfox,2026-09-21 16:06:44,2026-09-21 16:33:05,85
domain,sundownersailors.com,threatfox,Unknown Loader,"threatfox,etherhiding,Sepolia",2026-09-21 04:06:30,2026-09-21 16:33:05,85
domain,supermarcadigital.com,threatfox,IClickFix,"threatfox,ClickFix,Mac",2026-09-21 16:06:44,2026-09-21 16:33:05,85
domain,syrawilu.workers.dev,threatfox,php.shin_webshell,"threatfox,Cloudflare,GIF,PHP,webshell,WordPress,workers.dev,wp-admin",2026-09-21 16:06:44,2026-09-21 16:33:05,85
domain,takeactioncanada.ca,threatfox,ClearFake,"threatfox,compromised,EtherHide",2026-09-21 04:06:30,2026-09-21 16:33:05,85
domain,techbooking.shop,threatfox,IClickFix,"threatfox,ClickFix,Mac",2026-09-21 16:06:44,2026-09-21 16:33:05,85
domain,tegel-zetter.be,threatfox,Unknown Loader,"threatfox,etherhiding,Sepolia",2026-09-21 04:06:30,2026-09-21 16:33:05,85
domain,termasdemariagrande.com,threatfox,Unknown Loader,"threatfox,etherhiding,Sepolia",2026-09-21 04:06:30,2026-09-21 16:33:05,85
domain,thematchtheory.com,threatfox,IClickFix,"threatfox,ClickFix,Mac",2026-09-21 16:06:44,2026-09-21 16:33:05,85
domain,themetabolicclinic.com.sg,threatfox,IClickFix,"threatfox,ClickFix,Mac",2026-09-21 16:06:44,2026-09-21 16:33:05,85
domain,thetaxipoint.co.uk,threatfox,IClickFix,"threatfox,ClickFix,Mac",2026-09-21 16:06:44,2026-09-21 16:33:05,85
domain,theterracesouthall.com,threatfox,IClickFix,"threatfox,ClickFix,Mac",2026-09-21 16:06:44,2026-09-21 16:33:05,85
domain,tissuehubco.com,threatfox,IClickFix,"threatfox,ClickFix,Mac",2026-09-21 16:06:44,2026-09-21 16:33:05,85
domain,totsutd.co.uk,threatfox,Unknown Loader,"threatfox,etherhiding,Sepolia",2026-09-21 04:06:30,2026-09-21 16:33:05,85
domain,transterminal.ch,threatfox,ClearFake,"threatfox,compromised,EtherHide",2026-09-21 16:06:44,2026-09-21 16:33:05,85
domain,trocandosaberes.com.br,threatfox,IClickFix,"threatfox,ClickFix,Mac",2026-09-21 16:06:44,2026-09-21 16:33:05,85
domain,tryggcollective.com,threatfox,Unknown Loader,"threatfox,etherhiding,Sepolia",2026-09-21 04:06:30,2026-09-21 16:33:05,85
domain,twinbeanscoffee.com,threatfox,Unknown Loader,"threatfox,etherhiding,Sepolia",2026-09-21 04:06:30,2026-09-21 16:33:05,85
domain,udef.org.tr,threatfox,IClickFix,"threatfox,ClickFix,Mac",2026-09-21 16:06:44,2026-09-21 16:33:05,85
domain,uhcjxoth.infinityjoespizzaclearwater.com,threatfox,ClearFake,"threatfox,ClearFake,mac-0x68dc,macos",2026-09-21 04:06:30,2026-09-21 16:33:05,85
domain,ulgdmdtp.en-en--cardioslim.com,threatfox,ClearFake,"threatfox,ClearFake,mac-0x0f14,macos",2026-09-21 04:06:30,2026-09-21 16:33:05,85
domain,upnq65dj.kaarenorge.com,threatfox,ClearFake,"threatfox,ClearFake,mac-0x68dc,macos",2026-09-21 16:06:44,2026-09-21 16:33:05,85
domain,uttarkashi.in,threatfox,IClickFix,"threatfox,ClickFix,Mac",2026-09-21 16:06:44,2026-09-21 16:33:05,85
domain,vcom911.com,threatfox,Unknown Loader,"threatfox,etherhiding,Sepolia",2026-09-21 04:06:30,2026-09-21 16:33:05,85
domain,veilig-holtenbroek.nl,threatfox,Unknown Loader,"threatfox,etherhiding,Sepolia",2026-09-21 04:06:30,2026-09-21 16:33:05,85
domain,verbontours.com,threatfox,IClickFix,"threatfox,ClickFix,Mac",2026-09-21 16:06:44,2026-09-21 16:33:05,85
domain,wgiqn27255.workers.dev,threatfox,php.shin_webshell,"threatfox,Cloudflare,GIF,PHP,webshell,WordPress,workers.dev,wp-admin",2026-09-21 16:06:44,2026-09-21 16:33:05,85
domain,wimanamo.workers.dev,threatfox,php.shin_webshell,"threatfox,Cloudflare,GIF,PHP,webshell,WordPress,workers.dev,wp-admin",2026-09-21 04:06:30,2026-09-21 16:33:05,85
domain,wipeoutpestcontrol.co.nz,threatfox,ClearFake,"threatfox,compromised,EtherHide",2026-09-21 16:06:44,2026-09-21 16:33:05,85
domain,wisdomwriting.org,threatfox,Unknown Loader,"threatfox,etherhiding,Sepolia",2026-09-21 04:06:30,2026-09-21 16:33:05,85
domain,wishcourt.cfd,threatfox,Unknown Loader,"threatfox,OffLoader",2026-09-21 16:06:44,2026-09-21 16:33:05,85
domain,www.beppepicaro.com,threatfox,IClickFix,"threatfox,ClickFix,Mac",2026-09-21 16:06:44,2026-09-21 16:33:05,85
domain,www.ezziaidi.fr,threatfox,IClickFix,"threatfox,ClickFix,Mac",2026-09-21 16:06:44,2026-09-21 16:33:05,85
domain,www.laboratorioborzi.it,threatfox,IClickFix,"threatfox,ClickFix,Mac",2026-09-21 16:06:44,2026-09-21 16:33:05,85
domain,www.marblearchschool.org,threatfox,IClickFix,"threatfox,ClickFix,Mac",2026-09-21 16:06:44,2026-09-21 16:33:05,85
domain,www.midahitech.com,threatfox,IClickFix,"threatfox,ClickFix,Mac",2026-09-21 16:06:44,2026-09-21 16:33:05,85
domain,x4227u7g.ewagajewskamd.com,threatfox,ClearFake,"threatfox,ClearFake,mac-0x76c7,macos",2026-09-21 04:06:30,2026-09-21 16:33:05,85
domain,xd.1betasia.org,threatfox,Vidar,"threatfox,Vidar",2026-09-21 16:06:44,2026-09-21 16:33:05,85
domain,xd.hg77.org,threatfox,Vidar,"threatfox,Vidar",2026-09-21 16:06:44,2026-09-21 16:33:05,85
domain,xn--kteispalautus-bfb.com,threatfox,Unknown Loader,"threatfox,etherhiding,Sepolia",2026-09-21 04:06:30,2026-09-21 16:33:05,85
domain,xperanza.nl,threatfox,Unknown Loader,"threatfox,etherhiding,Sepolia",2026-09-21 04:06:30,2026-09-21 16:33:05,85
domain,y7muyebir6.workers.dev,threatfox,php.shin_webshell,"threatfox,Cloudflare,GIF,PHP,webshell,WordPress,workers.dev,wp-admin",2026-09-21 16:06:44,2026-09-21 16:33:05,85
domain,yd2s-extranet.cfd,threatfox,TonRAT,threatfox,2026-09-21 16:06:44,2026-09-21 16:33:05,85
domain,yfpdz41265.workers.dev,threatfox,php.shin_webshell,"threatfox,Cloudflare,GIF,PHP,webshell,WordPress,workers.dev,wp-admin",2026-09-21 16:06:44,2026-09-21 16:33:05,85
domain,yhwxp26020.workers.dev,threatfox,php.shin_webshell,"threatfox,Cloudflare,GIF,PHP,webshell,WordPress,workers.dev,wp-admin",2026-09-21 16:06:44,2026-09-21 16:33:05,85
domain,yjkm9tsv.libertytokan.com,threatfox,ClearFake,"threatfox,ClearFake,mac-0x68dc,macos",2026-09-21 16:06:44,2026-09-21 16:33:05,85
domain,yp1f3wpv.kickoffkingdom.com,threatfox,ClearFake,"threatfox,ClearFake,mac-0x68dc,macos",2026-09-21 16:06:44,2026-09-21 16:33:05,85
domain,yznhb65256.workers.dev,threatfox,php.shin_webshell,"threatfox,Cloudflare,GIF,PHP,webshell,WordPress,workers.dev,wp-admin",2026-09-21 16:06:44,2026-09-21 16:33:05,85
domain,z514sw28.paripalse.com,threatfox,ClearFake,"threatfox,ClearFake,mac-0xdcf2,macos",2026-09-21 16:06:44,2026-09-21 16:33:05,85
domain,zigelpi12.life,threatfox,IClickFix,"threatfox,BananaCluster,ClickFix,DGA",2026-09-21 16:06:44,2026-09-21 16:33:05,85
domain,zonagame.net,threatfox,IClickFix,"threatfox,ClickFix,Mac",2026-09-21 16:06:44,2026-09-21 16:33:05,85
domain,zuffereypartner.ch,threatfox,ClearFake,"threatfox,compromised,EtherHide",2026-09-21 04:06:30,2026-09-21 16:33:05,85
domain,zulybefy.workers.dev,threatfox,php.shin_webshell,"threatfox,Cloudflare,GIF,PHP,webshell,WordPress,workers.dev,wp-admin",2026-09-21 16:06:44,2026-09-21 16:33:05,85
hash_md5,025cc7a7edaec9c5530fb61254ab6394,malwarebazaar,Mirai,"elf,Mirai",2026-09-21 16:00:38,2026-09-21 16:33:05,85
hash_md5,04f5fdfac670ae1f057a4ce8e494cea1,malwarebazaar,DarkTortilla,exe,2026-09-21 16:00:38,2026-09-21 16:33:05,85
hash_md5,051d931d5724f7ac4429ccd056936567,malwarebazaar,exe,exe,2026-09-21 16:00:38,2026-09-21 16:33:05,85
hash_md5,05f6fc6322f1f4b8417a022674f8b2a1,malwarebazaar,exe,exe,2026-09-21 16:00:38,2026-09-21 16:33:05,85
hash_md5,0726dbbe1ba96f36ca233e1985cdc0ee,malwarebazaar,exe,"5a4378fb90db39f09c7b18d1f314e645,dropped-by-remus,exe",2026-09-21 16:00:38,2026-09-21 16:33:05,85
hash_md5,0c00c7c915e7b67a58eef4ee050acaf1,malwarebazaar,exe,exe,2026-09-21 16:00:38,2026-09-21 16:33:05,85
hash_md5,137ce92053ba81fb406fd00dc86abbf6,malwarebazaar,CoinMiner,"A,CoinMiner,dropped-by-GCleaner,exe,MIX2.file",2026-09-21 16:00:38,2026-09-21 16:33:05,85
hash_md5,17b9ee21ff9d5653980926061c2fb99e,malwarebazaar,sh,sh,2026-09-21 16:00:38,2026-09-21 16:33:05,85
hash_md5,17f8e064d4a3836c3be1fd86afa47f07,malwarebazaar,exe,"5a4378fb90db39f09c7b18d1f314e645,dropped-by-remus,exe",2026-09-21 16:00:38,2026-09-21 16:33:05,85
hash_md5,1b70ea489407d6449b951757b80f0429,threatfox,Nanocore RAT,threatfox,2026-09-21 04:06:30,2026-09-21 16:33:05,85
hash_md5,1c84b0eecc2890cd358449ef84b32858,malwarebazaar,JOMANGY,"JOMANGY,sh",2026-09-21 16:00:38,2026-09-21 16:33:05,85
hash_md5,1ca26b57598f79603d7e4da730c98965,malwarebazaar,exe,"dll,exe,signed",2026-09-21 16:00:38,2026-09-21 16:33:05,85
hash_md5,1ca68ab4e23c747fe835624bd26df7c5,malwarebazaar,Mirai,"elf,Mirai",2026-09-21 16:00:38,2026-09-21 16:33:05,85
hash_md5,1d270dc2a79f789ea95699952542ef57,malwarebazaar,exe,"5a4378fb90db39f09c7b18d1f314e645,dropped-by-remus,exe",2026-09-21 16:00:38,2026-09-21 16:33:05,85
hash_md5,204d2a41920c68f78e996daaf069c722,malwarebazaar,Formbook,"exe,Formbook",2026-09-21 16:00:38,2026-09-21 16:33:05,85
hash_md5,21415970e147eadf140c5a1f39ce3ae3,threatfox,Nanocore RAT,threatfox,2026-09-21 04:06:30,2026-09-21 16:33:05,85
hash_md5,21c9e42eb3096ccf48c28bc285d12a80,malwarebazaar,Mirai,"elf,Mirai",2026-09-21 16:00:38,2026-09-21 16:33:05,85
hash_md5,21e6e4bdf108d2c5d99b13e566761a81,malwarebazaar,Mirai,"arm,cowrie,elf,honeypot,Mirai",2026-09-21 16:00:38,2026-09-21 16:33:05,85
hash_md5,251fe3edc70c5983825e8dbcfd9c3837,malwarebazaar,exe,"5a4378fb90db39f09c7b18d1f314e645,dropped-by-remus,exe",2026-09-21 16:00:38,2026-09-21 16:33:05,85
hash_md5,26c0130537d14afcacdde5779d049d84,malwarebazaar,MassLogger,"exe,MassLogger",2026-09-21 16:00:38,2026-09-21 16:33:05,85
hash_md5,285bdb7ea0aa15c64c689e320f36e356,malwarebazaar,RemcosRAT,"js,RAT,RemcosRAT",2026-09-21 16:00:38,2026-09-21 16:33:05,85
hash_md5,2cd323138d365dc2f20d67eca0b2ac44,malwarebazaar,exe,"54e64e,dropped-by-Amadey,exe,signed",2026-09-21 16:00:38,2026-09-21 16:33:05,85
hash_md5,2ffbff3ff5b561d0f54504feb5727546,malwarebazaar,exe,"5a4378fb90db39f09c7b18d1f314e645,dropped-by-remus,exe",2026-09-21 16:00:38,2026-09-21 16:33:05,85
hash_md5,346b55f990da9bb14e90507979f07f07,malwarebazaar,Mirai,"elf,Mirai",2026-09-21 16:00:38,2026-09-21 16:33:05,85
hash_md5,351eed6919adf842104ec8a51528c795,malwarebazaar,exe,"exe,SilverFox,ValleyRAT",2026-09-21 16:00:38,2026-09-21 16:33:05,85
hash_md5,354fe136fa5a2f1b0061bdae51030cd5,malwarebazaar,Mirai,"elf,Mirai",2026-09-21 16:00:38,2026-09-21 16:33:05,85
hash_md5,36a531c3cb3962ecf078434e9e4ae31a,malwarebazaar,elf,elf,2026-09-21 16:00:38,2026-09-21 16:33:05,85
hash_md5,395e089ba913a66d184fa03b2936262b,malwarebazaar,hta,hta,2026-09-21 16:00:38,2026-09-21 16:33:05,85
hash_md5,3bac388c6f1d1e79944780454f5482f4,malwarebazaar,exe,exe,2026-09-21 16:00:38,2026-09-21 16:33:05,85
hash_md5,3d2debbfcd7317c0f8fb17a87107165b,malwarebazaar,exe,"exe,upx-dec",2026-09-21 16:00:38,2026-09-21 16:33:05,85
hash_md5,3e26157a7c88e34cfed41c1e0ee85c93,malwarebazaar,exe,"exe,upx",2026-09-21 16:00:38,2026-09-21 16:33:05,85
hash_md5,4058bbc45f1fc137272c558cf95e4739,malwarebazaar,AgentTesla,"AgentTesla,exe,js",2026-09-21 16:00:38,2026-09-21 16:33:05,85
hash_md5,41c6ac86e7b4a124a590059b0b22b531,malwarebazaar,exe,"5a4378fb90db39f09c7b18d1f314e645,dropped-by-remus,exe",2026-09-21 16:00:38,2026-09-21 16:33:05,85
hash_md5,43207846c6043f062d68739a95b8d016,malwarebazaar,AgentTesla,js,2026-09-21 16:00:38,2026-09-21 16:33:05,85
hash_md5,44bc8d16c5a49d6c82350c161bd94227,malwarebazaar,vbs,vbs,2026-09-21 16:00:38,2026-09-21 16:33:05,85
hash_md5,4729d2eb5d04baebd30f88a84a5b7f07,malwarebazaar,ValleyRAT,"exe,SilverFox,ValleyRAT",2026-09-21 16:00:38,2026-09-21 16:33:05,85
hash_md5,484ea754e451bb6d3956ea56db78d743,malwarebazaar,exe,exe,2026-09-21 16:00:38,2026-09-21 16:33:05,85
hash_md5,4994d05372e22b712d52142de44172f0,malwarebazaar,exe,"5a4378fb90db39f09c7b18d1f314e645,dropped-by-remus,exe",2026-09-21 16:00:38,2026-09-21 16:33:05,85
hash_md5,4a71af9646b7d26a6132d3987663212c,malwarebazaar,iso,"iso,WinosStager",2026-09-21 16:00:38,2026-09-21 16:33:05,85
hash_md5,4ac6d58f026ac7600436638b1c204129,malwarebazaar,exe,"5a4378fb90db39f09c7b18d1f314e645,dropped-by-remus,exe",2026-09-21 16:00:38,2026-09-21 16:33:05,85
hash_md5,516b08cb26fcb9a5471c52e4a0f84748,malwarebazaar,exe,"5a4378fb90db39f09c7b18d1f314e645,dropped-by-remus,exe",2026-09-21 16:00:38,2026-09-21 16:33:05,85
hash_md5,52924fe766055fbb3b58e1978076e2e6,malwarebazaar,Formbook,"exe,Formbook",2026-09-21 16:00:38,2026-09-21 16:33:05,85
hash_md5,52eeb5b501e095b6e1b8f398bf71cd09,malwarebazaar,js,"exe,js",2026-09-21 16:00:38,2026-09-21 16:33:05,85
hash_md5,5395d02944c8a772316499b75d62a25e,malwarebazaar,AgentTesla,"AgentTesla,exe",2026-09-21 16:00:38,2026-09-21 16:33:05,85
hash_md5,53bd61dde8424ada7166d4cad976bd41,malwarebazaar,Mirai,"arm,cowrie,elf,honeypot,Mirai",2026-09-21 16:00:38,2026-09-21 16:33:05,85
hash_md5,53f7c85ad24a6a2c1ddec23c8e517c25,malwarebazaar,Mirai,"arm,cowrie,elf,honeypot,mirai,mozi,torii",2026-09-21 16:00:38,2026-09-21 16:33:05,85
hash_md5,55fbde8193dd5d30e7f367809f45f886,malwarebazaar,exe,"exe,signed",2026-09-21 16:00:38,2026-09-21 16:33:05,85
hash_md5,5ac60a7ae01eb945facb9c09820d1a31,threatfox,Clipper,threatfox,2026-09-21 04:06:30,2026-09-21 16:33:05,85
hash_md5,6173ee4b0bbd953067fd60ccdbe7c3ee,malwarebazaar,macho,"ClickFix,Foxveil,loader,Mach-O,macho,macOS",2026-09-21 16:00:38,2026-09-21 16:33:05,85
hash_md5,6209cd587e25901f352623f2d27cc515,malwarebazaar,Mirai,"elf,Mirai",2026-09-21 16:00:38,2026-09-21 16:33:05,85
hash_md5,6214f3fcc00cd747d244f0e2ab635618,malwarebazaar,AgentTesla,"AgentTesla,exe,signed",2026-09-21 16:00:38,2026-09-21 16:33:05,85
hash_md5,638710f083a82c1831f87394af5bd836,malwarebazaar,exe,exe,2026-09-21 16:00:38,2026-09-21 16:33:05,85
hash_md5,6570639620dcf03012a8a2181c153564,malwarebazaar,elf,elf,2026-09-21 16:00:38,2026-09-21 16:33:05,85
hash_md5,665472a661b7bac10f339bcda0f450bc,malwarebazaar,Mirai,Mirai,2026-09-21 16:00:38,2026-09-21 16:33:05,85
hash_md5,69a028e3d78d5e48947245bd57f1cb13,malwarebazaar,exe,exe,2026-09-21 16:00:38,2026-09-21 16:33:05,85
hash_md5,6c37140a74a009e89229a8f669469060,malwarebazaar,exe,"5a4378fb90db39f09c7b18d1f314e645,dropped-by-remus,exe",2026-09-21 16:00:38,2026-09-21 16:33:05,85
hash_md5,6e1537ef6c60c9ce941883e6f0eb6168,malwarebazaar,JOMANGY,"JOMANGY,sh",2026-09-21 16:00:38,2026-09-21 16:33:05,85
hash_md5,7062cc4d436c2e744e9aa321f469104e,threatfox,SNOWLIGHT,threatfox,2026-09-21 04:06:30,2026-09-21 16:33:05,85
hash_md5,72244faceb9d7b1fe82e426a64efe3fb,malwarebazaar,exe,"5a4378fb90db39f09c7b18d1f314e645,dropped-by-remus,exe",2026-09-21 16:00:38,2026-09-21 16:33:05,85
hash_md5,750982fbe12927c7374b27e0ee0660fc,threatfox,VShell,threatfox,2026-09-21 04:06:30,2026-09-21 16:33:05,85
hash_md5,784b133746547af60241c34f2baa4221,malwarebazaar,exe,exe,2026-09-21 16:00:38,2026-09-21 16:33:05,85
hash_md5,7aa6c815f5dfa313399fc8c1b8bb966e,malwarebazaar,exe,"5a4378fb90db39f09c7b18d1f314e645,dropped-by-remus,exe",2026-09-21 16:00:38,2026-09-21 16:33:05,85
hash_md5,7ca1916e942ea0e29c7d618ddd5be178,malwarebazaar,Mirai,"arm,cowrie,elf,honeypot,Mirai",2026-09-21 16:00:38,2026-09-21 16:33:05,85
hash_md5,7cc1bd83d32e117bd0ef78d73647c144,malwarebazaar,Gh0stRAT,"exe,Gh0stRAT",2026-09-21 16:00:38,2026-09-21 16:33:05,85
hash_md5,7d77a284bdb849329d461fb86f640423,malwarebazaar,exe,"5a4378fb90db39f09c7b18d1f314e645,dropped-by-remus,exe",2026-09-21 16:00:38,2026-09-21 16:33:05,85
hash_md5,7e0f0130b7f919b2069f52f949b4878b,malwarebazaar,exe,exe,2026-09-21 16:00:38,2026-09-21 16:33:05,85
hash_md5,81368a6d0c7b26d3488dfd0d4bba6390,malwarebazaar,bat,bat,2026-09-21 16:00:38,2026-09-21 16:33:05,85
hash_md5,8224428601c772093ebe608f8839fba2,malwarebazaar,exe,"5a4378fb90db39f09c7b18d1f314e645,dropped-by-remus,exe",2026-09-21 16:00:38,2026-09-21 16:33:05,85
hash_md5,876b3d66a85a25b1cdb566ab0454ad1e,malwarebazaar,AsyncRAT,"AsyncRAT,exe",2026-09-21 16:00:38,2026-09-21 16:33:05,85
hash_md5,893b6fa880d19754b1e9d0e820730a6a,malwarebazaar,exe,"5a4378fb90db39f09c7b18d1f314e645,dropped-by-remus,exe",2026-09-21 16:00:38,2026-09-21 16:33:05,85
hash_md5,8b412017ea27ddf94c4bd31b70588969,malwarebazaar,Formbook,"exe,Formbook",2026-09-21 16:00:38,2026-09-21 16:33:05,85
hash_md5,8b4a83d48ce86d697e3349e9f7e1ceb3,malwarebazaar,exe,exe,2026-09-21 16:00:38,2026-09-21 16:33:05,85
hash_md5,8fee84d6ea90fa8aa56838964500baa7,malwarebazaar,ps1,"AnimateClipper,ClearFake,clipper,loader,ps1,WebDAV,ZigClipper",2026-09-21 16:00:38,2026-09-21 16:33:05,85
hash_md5,9752d750677d322cccb815afd054cb96,malwarebazaar,exe,exe,2026-09-21 16:00:38,2026-09-21 16:33:05,85
hash_md5,978d89575db96b5fab1fcd7dca36cb21,malwarebazaar,exe,"exe,signed",2026-09-21 16:00:38,2026-09-21 16:33:05,85
hash_md5,979f739837fc904f64adf00d785f30d8,malwarebazaar,Mirai,"elf,Hajime,Mirai",2026-09-21 16:00:38,2026-09-21 16:33:05,85
hash_md5,981449f4d8bc44d995e076092d2763f6,malwarebazaar,Mirai,elf,2026-09-21 16:00:38,2026-09-21 16:33:05,85
hash_md5,99f5be9f0047403db9afcda21b33ad3e,malwarebazaar,exe,"exe,signed",2026-09-21 16:00:38,2026-09-21 16:33:05,85
hash_md5,9a3d0e61430550fc5f788c7cef6c1644,malwarebazaar,AgentTesla,"AgentTesla,exe",2026-09-21 16:00:38,2026-09-21 16:33:05,85
hash_md5,9b9f5b4800241761adea8f086d9eaa6f,malwarebazaar,Mirai,"elf,Mirai",2026-09-21 16:00:38,2026-09-21 16:33:05,85
hash_md5,9d51764db28b55bac6ad8c7293cd5602,malwarebazaar,exe,"5a4378fb90db39f09c7b18d1f314e645,dropped-by-remus,exe",2026-09-21 16:00:38,2026-09-21 16:33:05,85
hash_md5,a0c089ff50d6752ae0ed74d11ae35290,malwarebazaar,JOMANGY,"JOMANGY,sh",2026-09-21 16:00:38,2026-09-21 16:33:05,85
hash_md5,a0f7216f5e89ddaedd85b88c8bdf0d26,malwarebazaar,exe,"5a4378fb90db39f09c7b18d1f314e645,dropped-by-remus,exe",2026-09-21 16:00:38,2026-09-21 16:33:05,85
hash_md5,a191b256faf386bd9b32e9d826e856fc,malwarebazaar,exe,exe,2026-09-21 16:00:38,2026-09-21 16:33:05,85
hash_md5,aad6c0ce480a5c2fba6d56a58ac6eb05,threatfox,WannaCryptor,threatfox,2026-09-21 04:06:30,2026-09-21 16:33:05,85
hash_md5,ab21d2b6129276da2e3884d6a86f7630,threatfox,SalatStealer,threatfox,2026-09-21 04:06:30,2026-09-21 16:33:05,85
hash_md5,af67a08210159092ce5162dd32a6e892,threatfox,YiBackdoor,threatfox,2026-09-21 04:06:30,2026-09-21 16:33:05,85
hash_md5,b0df398b5457a15972b2625d16a21319,threatfox,Cobalt Strike,threatfox,2026-09-21 04:06:30,2026-09-21 16:33:05,85
hash_md5,b1408b7d021a2068e59890ec97109b20,malwarebazaar,Mirai,"elf,Mirai",2026-09-21 16:00:38,2026-09-21 16:33:05,85
hash_md5,b22f4529298513597f41a1ca0686d7f9,malwarebazaar,exe,"exe,SilverFox,Trojan/SilverFox.bg[qtsc],ValleyRAT",2026-09-21 16:00:38,2026-09-21 16:33:05,85
hash_md5,b27a6bee3b698829ca290fdfa981d3f7,malwarebazaar,exe,"exe,SilverFox,Trojan/SilverFox.bg[qtsc],ValleyRAT",2026-09-21 16:00:38,2026-09-21 16:33:05,85
hash_md5,b27ac0dce6305486520cb81a45449bea,malwarebazaar,vbs,"exe,vbs",2026-09-21 16:00:38,2026-09-21 16:33:05,85
hash_md5,b36749bbb29d4b89aba8e9fc1fb4f076,malwarebazaar,JOMANGY,"JOMANGY,sh",2026-09-21 16:00:38,2026-09-21 16:33:05,85
hash_md5,b470fddc4e970b6a2196f79bb5433356,malwarebazaar,Mirai,"elf,Hajime,Mirai",2026-09-21 16:00:38,2026-09-21 16:33:05,85
hash_md5,b50d7a72d109141f4e3cc1dfb7d7fcb8,malwarebazaar,ps1,"AnimateClipper,ClearFake,clipper,loader,ps1,WebDAV,ZigClipper",2026-09-21 16:00:38,2026-09-21 16:33:05,85
hash_md5,bba3d59c24eec278884d94af91cf10e5,malwarebazaar,exe,exe,2026-09-21 16:00:38,2026-09-21 16:33:05,85
hash_md5,bdfec1d07d530534abb8f3e0aee8c65c,malwarebazaar,zip,zip,2026-09-21 16:00:38,2026-09-21 16:33:05,85
hash_md5,bf54870ab74aa045ae53ce05535fcb53,malwarebazaar,elf,"elf,wraith",2026-09-21 16:00:38,2026-09-21 16:33:05,85
hash_md5,c21dcaf301888d6ed44a418bed84d2d2,malwarebazaar,exe,"5a4378fb90db39f09c7b18d1f314e645,dropped-by-remus,exe",2026-09-21 16:00:38,2026-09-21 16:33:05,85
hash_md5,c83859511f606470f0adae36db0cbc77,malwarebazaar,exe,"5a4378fb90db39f09c7b18d1f314e645,dropped-by-remus,exe",2026-09-21 16:00:38,2026-09-21 16:33:05,85
hash_md5,cb3fa42e888c0740a944d52f6b7f94e7,malwarebazaar,hta,hta,2026-09-21 16:00:38,2026-09-21 16:33:05,85
hash_md5,cba5d54230e862787080f0b881f38b2f,malwarebazaar,QuasarRAT,"exe,QuasarRAT",2026-09-21 16:00:38,2026-09-21 16:33:05,85
hash_md5,cc221201364d024cd332a628eec17284,malwarebazaar,rar,"CVE-2025-8088,rar,UKR",2026-09-21 16:00:38,2026-09-21 16:33:05,85
hash_md5,cc558808dc2f52638f3d36e635f088eb,malwarebazaar,Hajime,"cowrie,elf,Hajime,honeypot,mips",2026-09-21 16:00:38,2026-09-21 16:33:05,85
hash_md5,cfa1c609d1596ca066c6c6e9fce1ad44,malwarebazaar,exe,"54e64e,dropped-by-Amadey,exe",2026-09-21 16:00:38,2026-09-21 16:33:05,85
hash_md5,cfb8448fad2a644340de1bde6eed889e,malwarebazaar,macho,"ClickFix,Foxveil,loader,Mach-O,macho,macOS",2026-09-21 16:00:38,2026-09-21 16:33:05,85
hash_md5,d8a6527b0f2fca4da4c3c8b47271d136,malwarebazaar,JOMANGY,"JOMANGY,sh",2026-09-21 16:00:38,2026-09-21 16:33:05,85
hash_md5,df31c4b967940efba4a16015628edb17,malwarebazaar,AsyncRAT,"Async,AsyncRAT,msi,RAT,SilverFox",2026-09-21 16:00:38,2026-09-21 16:33:05,85
hash_md5,e0cee01f0387179a8a9cb85323c56fe5,malwarebazaar,RemusStealer,"9d2ca3,dropped-by-Amadey,exe,RemusStealer",2026-09-21 16:00:38,2026-09-21 16:33:05,85
hash_md5,e6fe6e8375876ff77c3fbaa40651f409,malwarebazaar,exe,"5a4378fb90db39f09c7b18d1f314e645,dropped-by-remus,exe",2026-09-21 16:00:38,2026-09-21 16:33:05,85
hash_md5,e7912c9baea51601216149f34ed40796,malwarebazaar,xlsx,"CVE-2017-11882,xlam,xlsx",2026-09-21 16:00:38,2026-09-21 16:33:05,85
hash_md5,e7b918320c08c51bf439c7cf7d052968,malwarebazaar,exe,"exe,SilverFox,ValleyRAT",2026-09-21 16:00:38,2026-09-21 16:33:05,85
hash_md5,ea13d9766c7a9fa5440c517893bbdd7f,malwarebazaar,iso,iso,2026-09-21 16:00:38,2026-09-21 16:33:05,85
hash_md5,eb8187969e04d2d6abc6b979a498ffc6,malwarebazaar,exe,exe,2026-09-21 16:00:38,2026-09-21 16:33:05,85
hash_md5,ee80f6462e667eaedac1d1303aa44192,malwarebazaar,PureLogsStealer,exe,2026-09-21 16:00:38,2026-09-21 16:33:05,85
hash_md5,f36470988e158b8a6d70fd333b63f90a,malwarebazaar,exe,"5a4378fb90db39f09c7b18d1f314e645,dropped-by-remus,exe",2026-09-21 16:00:38,2026-09-21 16:33:05,85
hash_md5,f43cf0f98d3721262efb13743e55c5e8,malwarebazaar,exe,"5a4378fb90db39f09c7b18d1f314e645,dropped-by-remus,exe",2026-09-21 16:00:38,2026-09-21 16:33:05,85
hash_md5,fa02c783061b979419a4fa42adb8234b,malwarebazaar,FleetDeck,"exe,FleetDeck,signed",2026-09-21 16:00:38,2026-09-21 16:33:05,85
hash_md5,fbbf78209372dd09d0beb28b9158e4c0,malwarebazaar,exe,"5a4378fb90db39f09c7b18d1f314e645,dropped-by-remus,exe",2026-09-21 16:00:38,2026-09-21 16:33:05,85
hash_md5,feaff473d5458aacc8d6f7bc20945ef5,malwarebazaar,exe,"5a4378fb90db39f09c7b18d1f314e645,dropped-by-remus,exe",2026-09-21 16:00:38,2026-09-21 16:33:05,85
hash_sha256,024571e4e56d8d82128f55cfe2cf558b4e89fe88904896dfbb4b58721f5ff5f9,malwarebazaar,RemcosRAT,"js,RAT,RemcosRAT",2026-09-21 16:00:38,2026-09-21 16:33:05,85
hash_sha256,03e4735802d23007e8e35bc333744466fafb3f21b760f1fa89e01d046d2c3fd9,malwarebazaar,hta,hta,2026-09-21 16:00:38,2026-09-21 16:33:05,85
hash_sha256,04bf2417f7325812c50c78a11238aee8a4f8c3315c59f4a1e2ce637b95352839,malwarebazaar,Mirai,"arm,cowrie,elf,honeypot,Mirai",2026-09-21 16:00:38,2026-09-21 16:33:05,85
hash_sha256,0590f8a627d644b364ddfe7e9c227f1ef464303bee42406b96bdc443fbf4eb0a,malwarebazaar,exe,exe,2026-09-21 16:00:38,2026-09-21 16:33:05,85
hash_sha256,063c765c5e4059b64df6ad71ba77412c6d9756f09b2b39cf8a68996eb5ee2e54,malwarebazaar,Mirai,"elf,Mirai",2026-09-21 16:00:38,2026-09-21 16:33:05,85
hash_sha256,07623448429a02c23d568207e8ff42f08578bdc7fc626d0aa1ad5a56f880853d,threatfox,Unknown malware,"threatfox,cowrie,elf,ssh-honeypot",2026-09-21 16:06:44,2026-09-21 16:33:05,85
hash_sha256,087c26bbf6d9a2e48dfcc1fd62cae2143e877d6f75d42a608c140a25f77c304a,malwarebazaar,xlsx,"CVE-2017-11882,xlam,xlsx",2026-09-21 16:00:38,2026-09-21 16:33:05,85
hash_sha256,09710f936607bd3d1a1bc98f2117da196c55f6aed502f956eb0d915e960dacd5,threatfox,Mirai,"threatfox,elf,Mirai",2026-09-21 16:06:44,2026-09-21 16:33:05,85
hash_sha256,0b515bfb93a79a57a7fe58437b040cc43cc86374d2c15439bb5d2f7401143a18,malwarebazaar,exe,"5a4378fb90db39f09c7b18d1f314e645,dropped-by-remus,exe",2026-09-21 16:00:38,2026-09-21 16:33:05,85
hash_sha256,0eeb0c1e899f2a6a6da0b1050c295ec899075d373302994675d71ecb2c087a4e,threatfox,Mirai,"threatfox,elf,Mirai",2026-09-21 16:06:44,2026-09-21 16:33:05,85
hash_sha256,0f194acc818eeb866a234dcac360a346af6be26e7c703921d9d5e448425ac6ca,malwarebazaar,AsyncRAT,"Async,AsyncRAT,msi,RAT,SilverFox",2026-09-21 16:00:38,2026-09-21 16:33:05,85
hash_sha256,13780881bc2e0adda3cb1b686259c963d41537a4797971c80dade56a2eebeb4b,threatfox,VShell,threatfox,2026-09-21 04:06:30,2026-09-21 16:33:05,85
hash_sha256,137bf467e6e97d3780f3f75b3c44c89c222c738cce38f4a0e69f42a440ba6fd9,threatfox,Mirai,"threatfox,elf,Mirai",2026-09-21 16:06:44,2026-09-21 16:33:05,85
hash_sha256,13ebbfd63fbaff6689a033692c9b99b88042020c81f7b872cd1e2142f9fb83fd,threatfox,Mirai,"threatfox,elf,Mirai",2026-09-21 16:06:44,2026-09-21 16:33:05,85
hash_sha256,13ef56abdc373ffa0761004b7c2d680f6d06b15d761642cc5538bafd8560d826,threatfox,Mirai,"threatfox,elf,Mirai",2026-09-21 16:06:44,2026-09-21 16:33:05,85
hash_sha256,1414af67bb30e2c5da4d6de8aa64cafc661c9fff7b7c23fb8750fbfeca08ab0c,malwarebazaar,exe,"54e64e,dropped-by-Amadey,exe,signed",2026-09-21 16:00:38,2026-09-21 16:33:05,85
hash_sha256,15531624bc94fe22d9197148447c48d907a75a2c2d2974cca953d4143e99ff62,threatfox,Mirai,"threatfox,elf,Mirai",2026-09-21 16:06:44,2026-09-21 16:33:05,85
hash_sha256,1ac4fbe7468e63ebad262328dc62433adddcc719c2b2d536c121e4becf733606,malwarebazaar,exe,"5a4378fb90db39f09c7b18d1f314e645,dropped-by-remus,exe",2026-09-21 16:00:38,2026-09-21 16:33:05,85
hash_sha256,1b271a22c4816a74b34239d0f1e941035c4c927d74253760947ea34c23ba65d6,threatfox,Mirai,"threatfox,elf,Mirai,upx",2026-09-21 16:06:44,2026-09-21 16:33:05,85
hash_sha256,1b3853fbc14bcb7fb70414a6e8720a92fca773394ac31956a881da52ff5e5763,malwarebazaar,exe,exe,2026-09-21 16:00:38,2026-09-21 16:33:05,85
hash_sha256,1f0d2646b13115bf979993874dc8c09a09950e1ed89b58b1410061bad51063ff,threatfox,Mirai,"threatfox,elf,Mirai,upx",2026-09-21 16:06:44,2026-09-21 16:33:05,85
hash_sha256,2160cb4c1e91b49e5328e4129520abee3b60c37ebec75fb88c9b28983ecdc142,threatfox,Mirai,"threatfox,elf,iot",2026-09-21 16:06:44,2026-09-21 16:33:05,85
hash_sha256,26f2d0bdea514f00b43c373a0f26d440b9c19d18b4e98f807537f5ecae8213b0,threatfox,Bashlite,"threatfox,Bashlite,elf,Gafgyt",2026-09-21 16:06:44,2026-09-21 16:33:05,85
hash_sha256,27831a5b95bbc1fab82732019109d94feefcb31fa4c4815eeb7500ba702c174d,malwarebazaar,exe,"54e64e,dropped-by-Amadey,exe",2026-09-21 16:00:38,2026-09-21 16:33:05,85
hash_sha256,2ab69a4ccb50354c271b887c951c7628ec8183c478462dd816acffa316e21313,threatfox,Mirai,"threatfox,elf,Mirai",2026-09-21 16:06:44,2026-09-21 16:33:05,85
hash_sha256,2b08a2d856b1611e827bb9adc3bec0c46757d362494068eafe0bd1c6c8398019,threatfox,Mirai,"threatfox,elf,Mirai",2026-09-21 16:06:44,2026-09-21 16:33:05,85
hash_sha256,2c7b182b19b4dd99edc3c7272abbdc0cf73df6ccdf5ca3d852d2fcf7cd8f2e05,malwarebazaar,exe,"exe,upx-dec",2026-09-21 16:00:38,2026-09-21 16:33:05,85
hash_sha256,2df5084ae76cb1ed6ad44febbc7dee9e3dc77afe4299e4013c9c4a38fc8cac0c,threatfox,Mirai,"threatfox,elf,Mirai",2026-09-21 16:06:44,2026-09-21 16:33:05,85
hash_sha256,31d7d60595772d7f77d2c5bc7ec5467e57c9c9d7c559f0d79a99dfc4c881f329,malwarebazaar,Mirai,"elf,Hajime,Mirai",2026-09-21 16:00:38,2026-09-21 16:33:05,85
hash_sha256,382a3e22d91b93c67de463fde451870620e661b8e96f40a4ece80a2d3543a03f,threatfox,AMOS,"threatfox,AMOS,cc2,ClickFix,Foxveil,macOS",2026-09-21 16:06:44,2026-09-21 16:33:05,85
hash_sha256,38ddb2197fcf8690f6e5334bb28382b82806f211a337a71a5d12d2db905a1420,malwarebazaar,exe,"5a4378fb90db39f09c7b18d1f314e645,dropped-by-remus,exe",2026-09-21 16:00:38,2026-09-21 16:33:05,85
hash_sha256,395ecdbc40162950840207c0ed5514ad6c74547634ad43bf6bec220442727aa6,malwarebazaar,exe,exe,2026-09-21 16:00:38,2026-09-21 16:33:05,85
hash_sha256,3d219efe6dd1214c4b087b501ec98c2f476c51c07f93a1ebc430f497c9885c16,threatfox,Mirai,"threatfox,elf,Mirai",2026-09-21 16:06:44,2026-09-21 16:33:05,85
hash_sha256,41403cab56d69722096be9052c4715c3ff04e631b9c3084e6be62b2f09318611,malwarebazaar,exe,"5a4378fb90db39f09c7b18d1f314e645,dropped-by-remus,exe",2026-09-21 16:00:38,2026-09-21 16:33:05,85
hash_sha256,46407ed93cc6d2564ba5e8a8153b8b8eba117a0cad6bcf483c0c77a26dccb4fe,threatfox,Nanocore RAT,threatfox,2026-09-21 04:06:30,2026-09-21 16:33:05,85
hash_sha256,466003c41f98118bf63c78670428cf1edaafe5b8f24e6103ee9c142a92a4a980,threatfox,Mirai,"threatfox,elf,Mirai",2026-09-21 16:06:44,2026-09-21 16:33:05,85
hash_sha256,4a494030bcfbd104ce4563e93afd257500e188d0eb9b242be52b82737756c57d,malwarebazaar,Mirai,"elf,Mirai",2026-09-21 16:00:38,2026-09-21 16:33:05,85
hash_sha256,4a728d67e157fc010c7eb1b4d0de0815163d63183f0a083f6fe6485b5d747039,threatfox,Mirai,"threatfox,elf,Mirai",2026-09-21 16:06:44,2026-09-21 16:33:05,85
hash_sha256,4e278ef31f83894d66424e155d10b698be8806bc8a5d92e6688e65f34c870b26,threatfox,Mirai,"threatfox,elf,Mirai",2026-09-21 16:06:44,2026-09-21 16:33:05,85
hash_sha256,4e9898bbc47a12fefe7cb4840f73da779b9958799f3496fc9ce8d6a69240305f,threatfox,Mirai,"threatfox,elf,Mirai",2026-09-21 16:06:44,2026-09-21 16:33:05,85
hash_sha256,50c4cf3e50f7d712515290f7d32149422e7a0c2d469d516f6e921e7af3565f2f,threatfox,Mirai,"threatfox,elf,Mirai",2026-09-21 16:06:44,2026-09-21 16:33:05,85
hash_sha256,51b2b0a8e16780beb0a4b87a073644d1c8c3b08932890a354c20bbba5612cfbd,threatfox,Mirai,"threatfox,elf,Mirai",2026-09-21 16:06:44,2026-09-21 16:33:05,85
hash_sha256,534b55b6772e5c2669f325bc877056c874a180650253e4bd5844ffaf69c384b6,threatfox,AMOS,"threatfox,AMOS,cc2,ClickFix,Foxveil,macOS",2026-09-21 16:06:44,2026-09-21 16:33:05,85
hash_sha256,53ed214fd5f899b5d3e54e41b22dab4340dae96a241e7032504515a5cc65cd48,threatfox,Mirai,"threatfox,elf,Mirai",2026-09-21 16:06:44,2026-09-21 16:33:05,85
hash_sha256,5427f53a405e408772f4c0bd1272e5e4da0c9b7c5c3880a73e3b9922b6edf2b7,malwarebazaar,exe,"5a4378fb90db39f09c7b18d1f314e645,dropped-by-remus,exe",2026-09-21 16:00:38,2026-09-21 16:33:05,85
hash_sha256,56377c8e1746c4f368fc1408cfa1f18557ec0fb281de3c9236b280aba346be51,threatfox,VShell,"threatfox,exe,VShell",2026-09-21 16:06:44,2026-09-21 16:33:05,85
hash_sha256,56e8c7cca9f7c749a2229efe049702c48e7eed8849ea9c8e05d49d345d4d7143,threatfox,Mirai,"threatfox,elf,exe,Mirai",2026-09-21 16:06:44,2026-09-21 16:33:05,85
hash_sha256,579f6321bc4b7db08932c8e3b84f8ec54cf898d35c3dda976b062a923d377190,threatfox,Mirai,"threatfox,elf,Mirai",2026-09-21 16:06:44,2026-09-21 16:33:05,85
hash_sha256,59807a32874118a4232ed71d5dcebef59602104abd3931f0827d31cf48830b2a,threatfox,Mirai,"threatfox,elf,Mirai",2026-09-21 16:06:44,2026-09-21 16:33:05,85
hash_sha256,5be98e845575a282fe9a2e04202741a38614e34e1d59a030acc92b2cb942b5e5,malwarebazaar,exe,"5a4378fb90db39f09c7b18d1f314e645,dropped-by-remus,exe",2026-09-21 16:00:38,2026-09-21 16:33:05,85
hash_sha256,5cd10544926cb1de8402d968b174e6929067a02ce48433e57da869bc7d22444b,threatfox,WannaCryptor,threatfox,2026-09-21 04:06:30,2026-09-21 16:33:05,85
hash_sha256,5e4df9e7bf7a62bf89113ad80955479da1c2377f82c66b9839e63144aec93e31,malwarebazaar,iso,iso,2026-09-21 16:00:38,2026-09-21 16:33:05,85
hash_sha256,5eb1d41c7e28aea2312c5ec543849eae99443c66a089f58a15ae49020b44ef9a,threatfox,Mirai,"threatfox,elf,Gafgyt,Mirai",2026-09-21 16:06:44,2026-09-21 16:33:05,85
hash_sha256,5fabab3dc7f8b73ee1343b01ea9e3d7802a41d12e9a03b1c80f66b72b98fd3fa,threatfox,AMOS,"threatfox,AMOS,cc2,ClickFix,Foxveil,macOS",2026-09-21 16:06:44,2026-09-21 16:33:05,85
hash_sha256,5ff753b070e7f44223920d9f2b33db3c99875b2b9d442469275521ce9ff7a5cb,threatfox,Cobalt Strike,threatfox,2026-09-21 04:06:30,2026-09-21 16:33:05,85
hash_sha256,612a28ec3fd4b0900c4b4eea29a87964ffa760f019af18a3b430fb5d5556164d,threatfox,Mirai,"threatfox,elf,Mirai",2026-09-21 16:06:44,2026-09-21 16:33:05,85
hash_sha256,6161c1e746b8e29297917c72f93652a137691a3b9d4c6d6fbce38f80f7732d34,malwarebazaar,exe,"dll,exe,signed",2026-09-21 16:00:38,2026-09-21 16:33:05,85
hash_sha256,629a707fae7233d34016e9af8e8008a254ffc3f480494c290b9a1eff2109aba0,malwarebazaar,exe,exe,2026-09-21 16:00:38,2026-09-21 16:33:05,85
hash_sha256,634ee94b03b59107d28e593cdf46b0d2d6347d44440b8a011952154c470775e5,malwarebazaar,exe,exe,2026-09-21 16:00:38,2026-09-21 16:33:05,85
hash_sha256,65150332a09a957c811ab774f08db876e51c8b1c0d146c3762d6aaaa5824ac9a,threatfox,Mirai,"threatfox,elf,Mirai",2026-09-21 16:06:44,2026-09-21 16:33:05,85
hash_sha256,669c60e23a1c3839b0617bc2db2ead350293af17a7e741fa057b7b48041ec2ea,malwarebazaar,exe,"5a4378fb90db39f09c7b18d1f314e645,dropped-by-remus,exe",2026-09-21 16:00:38,2026-09-21 16:33:05,85
hash_sha256,699fa283e313c4ac5a5f366923201c20c75380c6f4dff1e87598e858f090d95c,threatfox,Mirai,"threatfox,elf,Mirai",2026-09-21 16:06:44,2026-09-21 16:33:05,85
hash_sha256,6d4e4232e215e9013126af745e04004a8360988da80f94ae3d0c59c321ab7811,malwarebazaar,Mirai,elf,2026-09-21 16:00:38,2026-09-21 16:33:05,85
hash_sha256,6e28295986b317521826a50d0136330154761d352b96b818400b26f98a6a6785,malwarebazaar,exe,exe,2026-09-21 16:00:38,2026-09-21 16:33:05,85
hash_sha256,6e81b7f584f9bf03977a97fa1eed6deb1494f4a46a8ce65035a0e4a12e01172b,malwarebazaar,MassLogger,"exe,MassLogger",2026-09-21 16:00:38,2026-09-21 16:33:05,85
hash_sha256,7075663c5ad183c4cec1b791c73870ffdad652ba40693a06e43bf711a1e149bb,malwarebazaar,js,"exe,js",2026-09-21 16:00:38,2026-09-21 16:33:05,85
hash_sha256,72b9d89cc4a407dee238dcf11171abdd93e198040ca8e4eb7059e5efdc2d1d7e,malwarebazaar,exe,"5a4378fb90db39f09c7b18d1f314e645,dropped-by-remus,exe",2026-09-21 16:00:38,2026-09-21 16:33:05,85
hash_sha256,741d395290b73a723eae8e9a4283c89a7425c6e0712ea94ebfcbb220c6577fa6,malwarebazaar,Mirai,"arm,cowrie,elf,honeypot,Mirai",2026-09-21 16:00:38,2026-09-21 16:33:05,85
hash_sha256,757a51e4be8276d00d11abe70ef12e4b9a822a6de88b61bca77c0c24bc510833,malwarebazaar,Mirai,"elf,Mirai",2026-09-21 16:00:38,2026-09-21 16:33:05,85
hash_sha256,7618324f0ee19ea02ac6dd84246501c3de6a4e10d529c63a3a2ce224efd11f24,malwarebazaar,exe,"exe,signed",2026-09-21 16:00:38,2026-09-21 16:33:05,85
hash_sha256,762b709a8230032e93d73ce43761d71d24c6d3dbc35763dfd342d07cb4ee90c3,threatfox,Bashlite,"threatfox,Bashlite,elf,Gafgyt",2026-09-21 16:06:44,2026-09-21 16:33:05,85
hash_sha256,7656ff1c8b9460450225453d8210d394579b0cd02bdad5f1e7be399cc6c06d34,malwarebazaar,Gh0stRAT,"exe,Gh0stRAT",2026-09-21 16:00:38,2026-09-21 16:33:05,85
hash_sha256,782b0015e50842e695bf8fd33038baf4d01e1a12d95b57555f4bd329349a4cfd,malwarebazaar,exe,"exe,SilverFox,ValleyRAT",2026-09-21 16:00:38,2026-09-21 16:33:05,85
hash_sha256,7852432eec2d4779acabd9ef4905ced29c4bd74f48e4054e594dc007d92aac4e,malwarebazaar,JOMANGY,"JOMANGY,sh",2026-09-21 16:00:38,2026-09-21 16:33:05,85
hash_sha256,7a509ae3e73d8e9839c985039993efaaf07a39e1367dd65c035020d875c6406a,malwarebazaar,zip,zip,2026-09-21 16:00:38,2026-09-21 16:33:05,85
hash_sha256,7a9a1e1b81067fd714d273f8826d57375dfcbf4300d1a3927ce3364e93f53633,threatfox,Mirai,"threatfox,elf,Mirai",2026-09-21 16:06:44,2026-09-21 16:33:05,85
hash_sha256,7ab6fdc92626e0f55f4496f1310b75908c2ac3b79db097b4802f514006bc72d2,malwarebazaar,exe,"exe,SilverFox,Trojan/SilverFox.bg[qtsc],ValleyRAT",2026-09-21 16:00:38,2026-09-21 16:33:05,85
hash_sha256,7cf2024df87ba1cb23e2db17b154ecd693318dd167a935467c86f57e57c88897,malwarebazaar,exe,exe,2026-09-21 16:00:38,2026-09-21 16:33:05,85
hash_sha256,7de772085a6413e69e1fbc18612bebf5dd8d7cdafbedf41b631e495097450830,threatfox,Mirai,"threatfox,elf,exe,Mirai",2026-09-21 16:06:44,2026-09-21 16:33:05,85
hash_sha256,8015140e122ae353ca1866be74e36b67146c8ad80f9834b051b4eb293e3f1e1b,malwarebazaar,sh,sh,2026-09-21 16:00:38,2026-09-21 16:33:05,85
hash_sha256,811f38be94c6bdc5e68db0a84364de86295a3dc5067103dee90492d6381f58c2,malwarebazaar,hta,hta,2026-09-21 16:00:38,2026-09-21 16:33:05,85
hash_sha256,8175a605125bce3e2a31bba5ebd9211d88cb05d2fbd448474db9aac56fea63e0,threatfox,YiBackdoor,threatfox,2026-09-21 04:06:30,2026-09-21 16:33:05,85
hash_sha256,818afa5a764dc5011d9fa2e7372846c763e574a1ea312ae7ad258b2150e7ad5a,malwarebazaar,elf,elf,2026-09-21 16:00:38,2026-09-21 16:33:05,85
hash_sha256,82d16a631297bdfde2b55177d15ca38c742ca677369e92ae4000c4c93350dffb,threatfox,Mirai,"threatfox,elf,Mirai",2026-09-21 16:06:44,2026-09-21 16:33:05,85
hash_sha256,83bb719af1f95c3bafdc06b6e100406731a6c983adaf28694b196f9360d1362a,malwarebazaar,exe,exe,2026-09-21 16:00:38,2026-09-21 16:33:05,85
hash_sha256,83fb8edc16b1c955fd226dd3b1a649b6a96250ac5802ace060bfcdc233fff617,threatfox,Mirai,"threatfox,elf,Mirai",2026-09-21 16:06:44,2026-09-21 16:33:05,85
hash_sha256,867bc3bed72d224a629f1895e774b575998b0f0eba013ca54f745d0d628f4259,malwarebazaar,exe,"5a4378fb90db39f09c7b18d1f314e645,dropped-by-remus,exe",2026-09-21 16:00:38,2026-09-21 16:33:05,85
hash_sha256,881cfbdf9bdd614ec1728059c6aaf9468b3471f38e03df234d0bf28ed1c1de15,threatfox,Clipper,threatfox,2026-09-21 04:06:30,2026-09-21 16:33:05,85
hash_sha256,89ab7c1ae6dc1958d16133f4fd95caa9bcdbfbbdf785fdff7b79f45595d11522,threatfox,Mirai,"threatfox,elf,Mirai",2026-09-21 16:06:44,2026-09-21 16:33:05,85
hash_sha256,89c1a2c27470e898513e95d6175c382cd5a33fd6a509cde700b213214ecf0b80,malwarebazaar,AgentTesla,"AgentTesla,exe",2026-09-21 16:00:38,2026-09-21 16:33:05,85
hash_sha256,8a5a71d459fa12a3a04be9cf1acb488dd1afe8948f422f97658cc8952bf57fc2,malwarebazaar,elf,"elf,wraith",2026-09-21 16:00:38,2026-09-21 16:33:05,85
hash_sha256,8bab169e12ad4302d5eb429114b74c0a8a9a7e2a1f80fe50af1c158d081e0c02,malwarebazaar,exe,"5a4378fb90db39f09c7b18d1f314e645,dropped-by-remus,exe",2026-09-21 16:00:38,2026-09-21 16:33:05,85
hash_sha256,8c0836ba86270b6c2aea0f21abbc0241b887cf1547bbcb668d9f00c9f4bc0faa,threatfox,Bashlite,"threatfox,Bashlite,elf,Gafgyt",2026-09-21 16:06:44,2026-09-21 16:33:05,85
hash_sha256,8df3cf9643063b8d46896c70813de93deaaa4aeac7f3e78b51db9b11bee33ecd,malwarebazaar,exe,"5a4378fb90db39f09c7b18d1f314e645,dropped-by-remus,exe",2026-09-21 16:00:38,2026-09-21 16:33:05,85
hash_sha256,8e2f41943f49dd2329466de1726ee97f15e0dbc2c91ac1b561e5a2d203e3a961,malwarebazaar,exe,"5a4378fb90db39f09c7b18d1f314e645,dropped-by-remus,exe",2026-09-21 16:00:38,2026-09-21 16:33:05,85
hash_sha256,8f72fb281b388cbaa7ecdfaf6b16bf80247bf0e6a92daf5077ad7cd4f3aaeff2,malwarebazaar,FleetDeck,"exe,FleetDeck,signed",2026-09-21 16:00:38,2026-09-21 16:33:05,85
hash_sha256,906bfba39450f926de1d5bd118cb802f1a10c0da675712483fefd8c8920b44eb,malwarebazaar,PureLogsStealer,exe,2026-09-21 16:00:38,2026-09-21 16:33:05,85
hash_sha256,907a497563d049d2516255ef71ef8f909dd6637f489d2e91f786b3d90b0984bd,malwarebazaar,Mirai,"elf,Mirai",2026-09-21 16:00:38,2026-09-21 16:33:05,85
hash_sha256,911a07820efbe6b7bd996c86574a0aa53554b64457a923cb665e783793970a43,malwarebazaar,JOMANGY,"JOMANGY,sh",2026-09-21 16:00:38,2026-09-21 16:33:05,85
hash_sha256,93288d6d993cd4dcd8f6f5c9fa0e7f7f4fe2af07d4f112ee91fd6f0ea27832f3,malwarebazaar,vbs,vbs,2026-09-21 16:00:38,2026-09-21 16:33:05,85
hash_sha256,9572479ba34ee697424f84bcf7ea4c5079750acc72a0ae53a6550eb73e386a1f,malwarebazaar,Formbook,"exe,Formbook",2026-09-21 16:00:38,2026-09-21 16:33:05,85
hash_sha256,957ab1d3f12d2259f1d9042b2ff86db74db330f255bb14fd1922cb85d516d04c,malwarebazaar,exe,"5a4378fb90db39f09c7b18d1f314e645,dropped-by-remus,exe",2026-09-21 16:00:38,2026-09-21 16:33:05,85
hash_sha256,958d673e4aa911702d7a539d65e444b977d7c519a3f7d18b508c6a0bb4d1f2f0,threatfox,Mirai,"threatfox,elf,Mirai",2026-09-21 16:06:44,2026-09-21 16:33:05,85
hash_sha256,9b8f75b3758536e5b79092411b979e5a9617e8f04f1c60f000cb99d603b46134,threatfox,Mirai,"threatfox,elf,Mirai",2026-09-21 16:06:44,2026-09-21 16:33:05,85
hash_sha256,9c1ff6f698d75d710303a2a8727f8c3c15c2a87eae513268f9eb14ca502bfdfd,threatfox,Bashlite,"threatfox,Bashlite,elf,exe,Gafgyt",2026-09-21 16:06:44,2026-09-21 16:33:05,85
hash_sha256,9c65254164709d57c329416517f0b68fc10a125bcd472421fb099acf158b9539,threatfox,Mirai,"threatfox,elf,Mirai",2026-09-21 16:06:44,2026-09-21 16:33:05,85
hash_sha256,9d90ed4b688734ac75f6975832ecd6431b6f1b9b4f80e3611b7d37968833d493,malwarebazaar,exe,"5a4378fb90db39f09c7b18d1f314e645,dropped-by-remus,exe",2026-09-21 16:00:38,2026-09-21 16:33:05,85
hash_sha256,9f43563f43983d9e9a889b73290f3c0f2a0b61bab252a4889ef0df3df18aad38,malwarebazaar,ps1,"AnimateClipper,ClearFake,clipper,loader,ps1,WebDAV,ZigClipper",2026-09-21 16:00:38,2026-09-21 16:33:05,85
hash_sha256,9f52d99305ad85a9c8603587d7741a1c3f299387cfb4157cbf970cfa546d47bd,malwarebazaar,Mirai,"arm,cowrie,elf,honeypot,mirai,mozi,torii",2026-09-21 16:00:38,2026-09-21 16:33:05,85
hash_sha256,9f7bfdbf82d08d21fd6e9f31dc5f5e9e9b541bb39f94fa32992281a463e73173,threatfox,AMOS,"threatfox,AMOS,cc2,ClickFix,Foxveil,macOS",2026-09-21 16:06:44,2026-09-21 16:33:05,85
hash_sha256,9fd297bcff5d46de4015289e27f7fdb0fcad5fdcbf81848581791320ba4a4d17,malwarebazaar,Mirai,"elf,Hajime,Mirai",2026-09-21 16:00:38,2026-09-21 16:33:05,85
hash_sha256,a1388b624bb5dde9d26dfe68b4c2d4d9741861a13c4f6d4e85c48b9283c52b80,threatfox,Mirai,"threatfox,elf,Mirai",2026-09-21 16:06:44,2026-09-21 16:33:05,85
hash_sha256,a19d679dcf48919a9485a7417e615c39ba2fe7ac0fc6daf3e47401ef5aac0e67,malwarebazaar,exe,"5a4378fb90db39f09c7b18d1f314e645,dropped-by-remus,exe",2026-09-21 16:00:38,2026-09-21 16:33:05,85
hash_sha256,a2b599c3503eab5d873835fb569006171f10cab73eab638a87077d50ca326e9e,malwarebazaar,exe,exe,2026-09-21 16:00:38,2026-09-21 16:33:05,85
hash_sha256,a2da9aba412172006b2ba30e2168ec030dabcdf8c46e6895ffba1c26834251a6,threatfox,AMOS,"threatfox,AMOS,cc2,ClickFix,Foxveil,macOS",2026-09-21 16:06:44,2026-09-21 16:33:05,85
hash_sha256,a44471e167475620ec48123c0cff7acd03588ce17c9f5995f313955e7c7f56dd,threatfox,Unknown Loader,"threatfox,dropper,exe",2026-09-21 16:06:44,2026-09-21 16:33:05,85
hash_sha256,a4f3da9e28b795649434c2e2d0a44fb76c8bd48781b01ff3f058eb394d1f2637,threatfox,Mirai,"threatfox,elf,Mirai",2026-09-21 16:06:44,2026-09-21 16:33:05,85
hash_sha256,a5c5757d2e319e1801735a6a94c64736f5fde0d920f3e31af5d1823282099313,malwarebazaar,exe,"5a4378fb90db39f09c7b18d1f314e645,dropped-by-remus,exe",2026-09-21 16:00:38,2026-09-21 16:33:05,85
hash_sha256,a90b6b91692ba6a20175f122bca4adb17492ce364ed976f3962814267387b493,malwarebazaar,exe,"exe,signed",2026-09-21 16:00:38,2026-09-21 16:33:05,85
hash_sha256,aacf8388643245011a2b5edc472fafa48277e33b7b7e4de23ba62b1a8e919558,threatfox,AMOS,"threatfox,AMOS,cc2,ClickFix,Foxveil,macOS",2026-09-21 16:06:44,2026-09-21 16:33:05,85
hash_sha256,aacf8388643245011a2b5edc472fafa48277e33b7b7e4de23ba62b1a8e919558,malwarebazaar,macho,"ClickFix,Foxveil,loader,Mach-O,macho,macOS",2026-09-21 16:00:38,2026-09-21 16:33:05,85
hash_sha256,ab7dd786b5c8746a10aab91d021f17e0045248c4b809ae4d33185ea46ddde02b,malwarebazaar,exe,"5a4378fb90db39f09c7b18d1f314e645,dropped-by-remus,exe",2026-09-21 16:00:38,2026-09-21 16:33:05,85
hash_sha256,acbee935f62700c1a758a166789368933edfd54b7e6a93a022143b59eb6ecf70,malwarebazaar,Formbook,"exe,Formbook",2026-09-21 16:00:38,2026-09-21 16:33:05,85
hash_sha256,ad0e92ef0a0e5be102819c951ddd0adcd668cf2592521bc170fd2f639cca621b,malwarebazaar,ps1,"AnimateClipper,ClearFake,clipper,loader,ps1,WebDAV,ZigClipper",2026-09-21 16:00:38,2026-09-21 16:33:05,85
hash_sha256,ad3e04db8bbee9ccc9a5f1ff92da82227292050e7a3bdec6c5288a6030fe19fc,malwarebazaar,elf,elf,2026-09-21 16:00:38,2026-09-21 16:33:05,85
hash_sha256,af94109f16e8e3967f70fe46f755a7f494b2a39c558fd7e759b7fa5496c3b4a1,threatfox,Bashlite,"threatfox,Bashlite,elf,Gafgyt",2026-09-21 16:06:44,2026-09-21 16:33:05,85
hash_sha256,b08eac623be9440c5afeba2e2383d98d1fe2665d3978167bef4b757172a2f9ae,malwarebazaar,exe,exe,2026-09-21 16:00:38,2026-09-21 16:33:05,85
hash_sha256,b1f1b197882e2b6547bd2bea358bf949a12724fb024bbe8899e912e066ce2e16,threatfox,Mirai,"threatfox,elf,Mirai",2026-09-21 16:06:44,2026-09-21 16:33:05,85
hash_sha256,b259b5ecfe861a338440f3909f4560295464d2203f657ac457ea750d69395b71,malwarebazaar,exe,"5a4378fb90db39f09c7b18d1f314e645,dropped-by-remus,exe",2026-09-21 16:00:38,2026-09-21 16:33:05,85
hash_sha256,b26c37434671d62ad1e1396db886d0419bf778d4ca5b3b54cf46319c40c277e0,malwarebazaar,Formbook,"exe,Formbook",2026-09-21 16:00:38,2026-09-21 16:33:05,85
hash_sha256,b85166c9e23be5f1397489ba1380dd853116b38e5b5b1915ad6b313bd4c62958,malwarebazaar,iso,"iso,WinosStager",2026-09-21 16:00:38,2026-09-21 16:33:05,85
hash_sha256,b86b1fe034f2190599b171e79fa03b49d48fe4875cef2f8e1f665c345000619c,malwarebazaar,rar,"CVE-2025-8088,rar,UKR",2026-09-21 16:00:38,2026-09-21 16:33:05,85
hash_sha256,b9fb7c4d7b12e27879677890d06c6fa3c3a406fe3b135636037682f92354b960,malwarebazaar,CoinMiner,"A,CoinMiner,dropped-by-GCleaner,exe,MIX2.file",2026-09-21 16:00:38,2026-09-21 16:33:05,85
hash_sha256,bcf547a43be9edb22c9c21b43331118e5124c9a297e4422913a5a3cf30a4580c,malwarebazaar,Hajime,"cowrie,elf,Hajime,honeypot,mips",2026-09-21 16:00:38,2026-09-21 16:33:05,85
hash_sha256,bdc8b81d95d240aa941337fab341507b3c6b09778ed9918bb6edfc725c75bcb3,malwarebazaar,AgentTesla,"AgentTesla,exe,js",2026-09-21 16:00:38,2026-09-21 16:33:05,85
hash_sha256,bdeeb6376f243f3a0081013593fdff3c2db1b5c4b6885fd761bd3906c18673ba,malwarebazaar,RemusStealer,"9d2ca3,dropped-by-Amadey,exe,RemusStealer",2026-09-21 16:00:38,2026-09-21 16:33:05,85
hash_sha256,beaa56e4a956e2d42d48ce0a156a6e17179b638c990eb577268b26f1e343143b,malwarebazaar,exe,"exe,SilverFox,ValleyRAT",2026-09-21 16:00:38,2026-09-21 16:33:05,85
hash_sha256,bf164c9b26e8ce157cc2e0d4b446a078f7b3f0f98d20b8a41037f83085a74839,malwarebazaar,exe,exe,2026-09-21 16:00:38,2026-09-21 16:33:05,85
hash_sha256,c0045ffea20c3bc643c7b83728d61841c7e9c5019f95ac115e169a569591b728,threatfox,VShell,"threatfox,exe,VShell",2026-09-21 16:06:44,2026-09-21 16:33:05,85
hash_sha256,c0a728159db3b0ae20d09c4ef2074ed7dcb0176726c29590f82a6ef28f15f81c,malwarebazaar,bat,bat,2026-09-21 16:00:38,2026-09-21 16:33:05,85
hash_sha256,c10942b40f6b30aaa61882b9a54ecb569058da6c7dc433ea96bc67d4c3ffa536,malwarebazaar,JOMANGY,"JOMANGY,sh",2026-09-21 16:00:38,2026-09-21 16:33:05,85
hash_sha256,c16923aa6b647fe1b8e8b2879fc251e48d1f09b34351056d7afe83b18efcdbf6,malwarebazaar,QuasarRAT,"exe,QuasarRAT",2026-09-21 16:00:38,2026-09-21 16:33:05,85
hash_sha256,c1fed7ca6574f4705efddac6d028554da5b0b0c905d61fc9083f60b577ce6a80,threatfox,VShell,"threatfox,exe,VShell",2026-09-21 16:06:44,2026-09-21 16:33:05,85
hash_sha256,c254bf1cd9ab1496ad01785ed181bd6e314534bb1f079a4bc4616b40a8fd62ee,threatfox,AMOS,"threatfox,AMOS,cc2,ClickFix,Foxveil,macOS",2026-09-21 16:06:44,2026-09-21 16:33:05,85
hash_sha256,c29fd3a90f3d722e8f19a23208c550677ec8a0d18f5179c0917c5baaa106a983,malwarebazaar,AgentTesla,js,2026-09-21 16:00:38,2026-09-21 16:33:05,85
hash_sha256,c2c6af0ad42ba49749146c98fbecaae17d26329d91d1cdfcfaa8ee4890377f26,threatfox,Mirai,"threatfox,elf,exe,Mirai",2026-09-21 16:06:44,2026-09-21 16:33:05,85
hash_sha256,c4869285d769d9449bbaf0071878ac22491eefc59ee43269e50b26d2d3e22dcf,malwarebazaar,exe,"exe,upx",2026-09-21 16:00:38,2026-09-21 16:33:05,85
hash_sha256,c4e9529b30411b3d47fcb4cedd0416f74581c40d3f1bd7f01e8f00abb2344392,threatfox,Mirai,"threatfox,elf,Mirai",2026-09-21 16:06:44,2026-09-21 16:33:05,85
hash_sha256,c65486c9a6e7ad11cf87ed332d09a70e613ec18805851609b6abde5b618a479c,malwarebazaar,AgentTesla,"AgentTesla,exe,signed",2026-09-21 16:00:38,2026-09-21 16:33:05,85
hash_sha256,c9031cab6d4b89ae1af6d39b50da61be02d2dc2bb0c04097441c8e1d4efb5887,malwarebazaar,exe,"5a4378fb90db39f09c7b18d1f314e645,dropped-by-remus,exe",2026-09-21 16:00:38,2026-09-21 16:33:05,85
hash_sha256,c925c4aea9dcb4965a20b29d88babbed622bbd52ba6acd4e3826e869f906168c,threatfox,Mirai,"threatfox,elf,Mirai",2026-09-21 16:06:44,2026-09-21 16:33:05,85
hash_sha256,c96c694edcf204a4a517f62bd9969b14e8f504a815a324f6097dcadbc0096f09,threatfox,Mirai,"threatfox,elf,exe,Mirai",2026-09-21 16:06:44,2026-09-21 16:33:05,85
hash_sha256,cac0fb12386631685cff542e642b1045c208a59b85f369ffbe53d5c401c5e449,threatfox,Nanocore RAT,threatfox,2026-09-21 04:06:30,2026-09-21 16:33:05,85
hash_sha256,cd614205e7de293690475e9d3c275ef6ba19ecb4987125e71e22eb13f874bfe3,malwarebazaar,exe,"exe,SilverFox,Trojan/SilverFox.bg[qtsc],ValleyRAT",2026-09-21 16:00:38,2026-09-21 16:33:05,85
hash_sha256,cd779076639126e20c3a7f2db656f376977953493fa33cc1ac232c4631f19810,malwarebazaar,AgentTesla,"AgentTesla,exe",2026-09-21 16:00:38,2026-09-21 16:33:05,85
hash_sha256,ce1c56e4bf5f481935c6253358921bc62d62da70166c83a4d56cf9dcb003100a,malwarebazaar,exe,exe,2026-09-21 16:00:38,2026-09-21 16:33:05,85
hash_sha256,d0377988fc294957a2301d043f2613b2320d101ecaf62d6e540dc4340e444e1e,malwarebazaar,JOMANGY,"JOMANGY,sh",2026-09-21 16:00:38,2026-09-21 16:33:05,85
hash_sha256,d03c0e897d5aef598330056653174ccb4d9213e006fa761f1330cebb209f050a,threatfox,Mirai,"threatfox,elf,Mirai",2026-09-21 16:06:44,2026-09-21 16:33:05,85
hash_sha256,d1c8c16dbf50b833a39469cbc48227605689c570af871b4be25a80fb08e3ba72,threatfox,Mirai,"threatfox,elf,Mirai",2026-09-21 16:06:44,2026-09-21 16:33:05,85
hash_sha256,d291584f990425964b057e62a4eeba5b383153959ac8257e7a66a5cadc077f64,threatfox,Mirai,"threatfox,elf,Mirai",2026-09-21 16:06:44,2026-09-21 16:33:05,85
hash_sha256,d45f2b06456b3d95116227bdb763efbd60c03b960fd7e81ae7dbbdf41ef60364,malwarebazaar,JOMANGY,"JOMANGY,sh",2026-09-21 16:00:38,2026-09-21 16:33:05,85
hash_sha256,d7e1035e30ed1288700a6335b7a8fe952e6707a89234f5f441b87734ad2124d0,threatfox,Mirai,"threatfox,elf,Gafgyt,Mirai",2026-09-21 16:06:44,2026-09-21 16:33:05,85
hash_sha256,d95d643204b71e86b7398ffe68e85bc9ce43682a73da9f0ab2761fb537c3deb5,malwarebazaar,Mirai,"elf,Mirai",2026-09-21 16:00:38,2026-09-21 16:33:05,85
hash_sha256,dbedefe4ca5494b6188085e27b17f0f3133fe2ec7df04cfe69714f8047c994bf,threatfox,AMOS,"threatfox,AMOS,cc2,ClickFix,Foxveil,macOS",2026-09-21 16:06:44,2026-09-21 16:33:05,85
hash_sha256,dbf8a577d037022a5c8834874be21590b399b0dc5e5103241b3d34d723d05186,threatfox,Mirai,"threatfox,elf,Mirai",2026-09-21 16:06:44,2026-09-21 16:33:05,85
hash_sha256,de5e52a010cb1a88b64c410dda44d56d03cfed8aded705cbb3b305ee7b9245a8,threatfox,Mirai,"threatfox,elf,Mirai",2026-09-21 16:06:44,2026-09-21 16:33:05,85
hash_sha256,def4ed166b78f608e57283ca29ceefa132d049606afbfb8ea32b6c5c27866087,threatfox,SalatStealer,threatfox,2026-09-21 04:06:30,2026-09-21 16:33:05,85
hash_sha256,e1095be496610d523adcd6335adde140dc8a8f2454ddd02b775e8a162309cb18,malwarebazaar,exe,exe,2026-09-21 16:00:38,2026-09-21 16:33:05,85
hash_sha256,e326b4ec6a7541935d77410f959d47d7032ba2e93689e6939c04388383e0ae66,malwarebazaar,Mirai,"elf,Mirai",2026-09-21 16:00:38,2026-09-21 16:33:05,85
hash_sha256,e4710a6a8b66437f3a45ecae00d37f492654897b996891656a32547d25fc01b5,threatfox,Tsunami,"threatfox,honeypot,shardlure",2026-09-21 16:06:44,2026-09-21 16:33:05,85
hash_sha256,e5a82ebf4dd608cb8017e809cf511cdb125d48602a093deda33239d8d35ebe0f,malwarebazaar,exe,"exe,signed",2026-09-21 16:00:38,2026-09-21 16:33:05,85
hash_sha256,e5ced85c3d7fd2f78e042dc587d243b99aaac918a44c08352cbac9b248ff8762,malwarebazaar,exe,"5a4378fb90db39f09c7b18d1f314e645,dropped-by-remus,exe",2026-09-21 16:00:38,2026-09-21 16:33:05,85
hash_sha256,e792ab78675a7d11daad2bed3b1cbca2eff9c32390d0a9f64d989c36b5d96476,threatfox,Mirai,"threatfox,elf,Mirai",2026-09-21 16:06:44,2026-09-21 16:33:05,85
hash_sha256,e7ead284f1a41d07aa97cbf52fd73a25bb79a9787fa1842202a218d86d414718,threatfox,Mirai,"threatfox,elf,Mirai",2026-09-21 16:06:44,2026-09-21 16:33:05,85
hash_sha256,eaad67ae6935cb76b29379c9e17b9d11994b4211dafefb6b55240e908ff4ba8e,malwarebazaar,AsyncRAT,"AsyncRAT,exe",2026-09-21 16:00:38,2026-09-21 16:33:05,85
hash_sha256,ec5a847a509dd74e16659ce35fb7435bf88e4ce5580f1c96016347997170ee7f,threatfox,Unknown Loader,"threatfox,dropper,exe",2026-09-21 16:06:44,2026-09-21 16:33:05,85
hash_sha256,ee0af37cee196729943efc1340b712e0505fd7ff8b8971448ce6bb59b68b679e,malwarebazaar,exe,"5a4378fb90db39f09c7b18d1f314e645,dropped-by-remus,exe",2026-09-21 16:00:38,2026-09-21 16:33:05,85
hash_sha256,ee749500b19f7554d26dd43d42fe1c30140f602ca33775dff31c93a9bf082511,malwarebazaar,exe,"5a4378fb90db39f09c7b18d1f314e645,dropped-by-remus,exe",2026-09-21 16:00:38,2026-09-21 16:33:05,85
hash_sha256,eee9c9855e092f4f50614cd505a10b7f2ec6dce3df36add374c534a4b672e6d5,malwarebazaar,Mirai,"elf,Mirai",2026-09-21 16:00:38,2026-09-21 16:33:05,85
hash_sha256,ef3ff95f5bbd58048d646da446f9ff8d993bc13e91f81e8022fe94b0eac1c6d8,malwarebazaar,Mirai,"elf,Mirai",2026-09-21 16:00:38,2026-09-21 16:33:05,85
hash_sha256,f03db044ee1b9b3a43fb6a974ac29ba004133a41406b7223f1986a3048097397,malwarebazaar,exe,"5a4378fb90db39f09c7b18d1f314e645,dropped-by-remus,exe",2026-09-21 16:00:38,2026-09-21 16:33:05,85
hash_sha256,f0b0bac574efbd806924ffb0fc39901ac5ef4ef5bb280212e4c8da5f1d0e08a2,malwarebazaar,ValleyRAT,"exe,SilverFox,ValleyRAT",2026-09-21 16:00:38,2026-09-21 16:33:05,85
hash_sha256,f14759a0828bcafe4e63de7b1e50b6952c98eec8d7515c3cb6ff77d21aff4ebe,threatfox,Mirai,"threatfox,elf,Mirai",2026-09-21 16:06:44,2026-09-21 16:33:05,85
hash_sha256,f1bb384fba69a7b1c514575e57628ba8b602efcacc265d08a4ff0719be2e0363,malwarebazaar,exe,"5a4378fb90db39f09c7b18d1f314e645,dropped-by-remus,exe",2026-09-21 16:00:38,2026-09-21 16:33:05,85
hash_sha256,f36c8c0b81205649d90af62572bf036ba58890b6ff3ea948fbd316ccb0811314,malwarebazaar,Mirai,Mirai,2026-09-21 16:00:38,2026-09-21 16:33:05,85
hash_sha256,f64d2bcd29b7f812596b1a14cd8815ced85aba61a3ed8056b606f92d5f98ece6,malwarebazaar,vbs,"exe,vbs",2026-09-21 16:00:38,2026-09-21 16:33:05,85
hash_sha256,f99d46f7de1f72a0839434eba14cf6c35a8191b2157952bd863c75457122851f,malwarebazaar,Mirai,"arm,cowrie,elf,honeypot,Mirai",2026-09-21 16:00:38,2026-09-21 16:33:05,85
hash_sha256,f9b214dcc50723e8f35a8f18cd4324065b481107f8c2bec6aa4a127156f8ccab,malwarebazaar,DarkTortilla,exe,2026-09-21 16:00:38,2026-09-21 16:33:05,85
hash_sha256,fa53c15761deb5e4a08cc95cf0352e4caefa65578a1a5d599831db592669f3c7,malwarebazaar,exe,exe,2026-09-21 16:00:38,2026-09-21 16:33:05,85
hash_sha256,fcf16d3a7cf00b46d53c059afbd20f444eb816763d44ddd90df93059037eafa2,threatfox,AMOS,"threatfox,AMOS,cc2,ClickFix,Foxveil,macOS",2026-09-21 16:06:44,2026-09-21 16:33:05,85
hash_sha256,fcf16d3a7cf00b46d53c059afbd20f444eb816763d44ddd90df93059037eafa2,malwarebazaar,macho,"ClickFix,Foxveil,loader,Mach-O,macho,macOS",2026-09-21 16:00:38,2026-09-21 16:33:05,85
ip,101.35.40.11,threatfox,AdaptixC2,"threatfox,adaptix",2026-09-21 16:06:44,2026-09-21 16:33:05,85
ip,101.42.186.233,threatfox,VShell,"threatfox,vshell",2026-09-21 16:06:44,2026-09-21 16:33:05,85
ip,102.220.163.40,threatfox,Remcos,"threatfox,c2,Remcos,RemoteHost",2026-09-21 16:06:44,2026-09-21 16:33:05,85
ip,102.53.134.202,threatfox,AsyncRAT,"threatfox,asyncrat",2026-09-21 16:06:44,2026-09-21 16:33:05,85
ip,103.212.186.151,threatfox,VShell,"threatfox,vshell",2026-09-21 04:06:30,2026-09-21 16:33:05,85
ip,106.12.70.210,threatfox,Payload ,"threatfox,downloader,elf,ssh-worm",2026-09-21 16:06:44,2026-09-21 16:33:05,85
ip,114.132.190.121,threatfox,AdaptixC2,"threatfox,adaptix",2026-05-06 12:28:41,2026-09-21 16:33:05,85
ip,114.132.91.156,threatfox,VShell,"threatfox,vshell",2026-09-21 16:06:44,2026-09-21 16:33:05,85
ip,115.190.170.185,threatfox,VShell,"threatfox,vshell",2026-09-21 16:06:44,2026-09-21 16:33:05,85
ip,116.62.174.16,threatfox,Cobalt Strike,"threatfox,cobaltstrike",2026-09-21 16:06:44,2026-09-21 16:33:05,85
ip,121.43.58.113,threatfox,Cobalt Strike,"threatfox,CobaltStrike,cs-watermark-1234567890",2026-09-21 16:06:44,2026-09-21 16:33:05,85
ip,124.223.177.82,threatfox,Cobalt Strike,"threatfox,cobaltstrike",2026-09-21 16:06:44,2026-09-21 16:33:05,85
ip,13.232.187.232,threatfox,Unknown malware,"threatfox,drb-ra,Mythic",2026-09-21 16:06:44,2026-09-21 16:33:05,85
ip,144.126.234.230,threatfox,Aisuru,"threatfox,Aisuru,c2",2026-09-19 16:06:23,2026-09-21 16:33:05,85
ip,144.7.106.78,threatfox,VShell,"threatfox,vshell",2026-06-17 07:29:09,2026-09-21 16:33:05,85
ip,15.235.149.212,threatfox,PureRAT,"threatfox,drb-ra,PureHVNC,PureRAT,RAT",2026-07-18 05:20:39,2026-09-21 16:33:05,85
ip,150.158.51.67,threatfox,VShell,"threatfox,vshell",2026-09-21 16:06:44,2026-09-21 16:33:05,85
ip,159.65.83.2,threatfox,Aisuru,"threatfox,Aisuru,c2",2026-09-19 16:06:23,2026-09-21 16:33:05,85
ip,165.154.162.74,threatfox,XMRIG,"threatfox,mdrfckr,outlaw,ssh-bruteforce",2026-09-21 16:06:44,2026-09-21 16:33:05,85
ip,165.154.227.8,threatfox,XMRIG,"threatfox,mdrfckr,outlaw,ssh-bruteforce",2026-09-21 16:06:44,2026-09-21 16:33:05,85
ip,167.71.45.235,threatfox,Aisuru,"threatfox,Aisuru,c2",2026-09-19 16:06:23,2026-09-21 16:33:05,85
ip,176.12.71.122,threatfox,SalatStealer,threatfox,2026-09-21 16:06:44,2026-09-21 16:33:05,85
ip,176.123.5.4,threatfox,Cobalt Strike,"threatfox,200019,c2,censys,cobalt strike",2026-09-21 16:06:44,2026-09-21 16:33:05,85
ip,176.65.139.206,threatfox,Mirai,"threatfox,mirai",2026-08-31 16:06:17,2026-09-21 16:33:05,85
ip,176.65.148.10,threatfox,Unknown malware,"threatfox,honeypot,iot,sentinel",2026-09-21 16:06:44,2026-09-21 16:33:05,85
ip,177.5.67.37,threatfox,Cobalt Strike,"threatfox,cobaltstrike",2026-09-19 16:06:23,2026-09-21 16:33:05,85
ip,178.105.215.94,threatfox,Vidar,"threatfox,Vidar",2026-09-21 16:06:44,2026-09-21 16:33:05,85
ip,178.128.167.82,threatfox,Aisuru,"threatfox,Aisuru,c2",2026-09-19 16:06:23,2026-09-21 16:33:05,85
ip,178.62.118.210,threatfox,Aisuru,"threatfox,Aisuru,c2",2026-09-19 16:06:23,2026-09-21 16:33:05,85
ip,18.224.224.66,threatfox,Unknown malware,"threatfox,mythic",2026-09-21 16:06:44,2026-09-21 16:33:05,85
ip,185.212.128.89,threatfox,Evilginx,"threatfox,drb-ra,Evilginx,EvilGoPhish",2026-09-21 16:06:44,2026-09-21 16:33:05,85
ip,186.240.201.245,threatfox,Ghost RAT,threatfox,2026-09-21 16:06:44,2026-09-21 16:33:05,85
ip,187.77.111.50,threatfox,Unknown malware,threatfox,2026-09-21 16:06:44,2026-09-21 16:33:05,85
ip,188.166.158.18,threatfox,Aisuru,"threatfox,Aisuru,c2",2026-09-19 16:06:23,2026-09-21 16:33:05,85
ip,192.236.166.73,threatfox,Unknown malware,"threatfox,drb-ra,Mythic",2026-09-21 16:06:44,2026-09-21 16:33:05,85
ip,193.178.158.107,threatfox,Amadey,"threatfox,Amadey,ViriBack",2026-09-21 04:06:30,2026-09-21 16:33:05,85
ip,194.11.246.110,threatfox,Tofsee,"threatfox,Tofsee",2026-09-21 16:06:44,2026-09-21 16:33:05,85
ip,194.49.68.166,threatfox,Evilginx,"threatfox,drb-ra,Evilginx,EvilGoPhish",2026-09-21 16:06:44,2026-09-21 16:33:05,85
ip,2.29.59.97,threatfox,Vidar,"threatfox,Vidar",2026-09-21 16:06:44,2026-09-21 16:33:05,85
ip,207.244.87.65,threatfox,Remcos,"threatfox,c2,Remcos,RemoteHost",2026-09-21 16:06:44,2026-09-21 16:33:05,85
ip,209.38.218.95,threatfox,Aisuru,"threatfox,Aisuru,c2",2026-09-19 16:06:23,2026-09-21 16:33:05,85
ip,209.99.186.180,threatfox,Cobalt Strike,"threatfox,cobaltstrike",2026-09-21 16:06:44,2026-09-21 16:33:05,85
ip,217.69.9.252,threatfox,Quasar RAT,"threatfox,quasar",2026-09-21 16:06:44,2026-09-21 16:33:05,85
ip,23.158.24.65,threatfox,AdaptixC2,"threatfox,AdaptixC2,drb-ra",2026-09-21 16:06:44,2026-09-21 16:33:05,85
ip,3.86.146.124,threatfox,Unknown malware,"threatfox,mythic",2026-09-21 04:06:30,2026-09-21 16:33:05,85
ip,31.77.12.106,threatfox,Hook,"threatfox,drb-ra,Hook",2026-09-21 16:06:44,2026-09-21 16:33:05,85
ip,36.133.104.91,threatfox,Cobalt Strike,"threatfox,cobaltstrike",2026-09-01 16:06:06,2026-09-21 16:33:05,85
ip,36.255.97.162,threatfox,Cobalt Strike,"threatfox,cobaltstrike",2026-09-18 16:06:41,2026-09-21 16:33:05,85
ip,36.69.157.49,threatfox,XMRIG,"threatfox,go-bot,ssh-bruteforce",2026-09-21 16:06:44,2026-09-21 16:33:05,85
ip,37.220.31.123,threatfox,Hook,"threatfox,drb-ra,Hook",2026-09-21 16:06:44,2026-09-21 16:33:05,85
ip,42.193.169.176,threatfox,VShell,"threatfox,vshell",2026-09-19 16:06:23,2026-09-21 16:33:05,85
ip,45.152.242.129,threatfox,DanaBot,"threatfox,DanBot,drb-ra",2026-09-21 16:06:44,2026-09-21 16:33:05,85
ip,45.192.204.42,threatfox,Cobalt Strike,"threatfox,cobaltstrike",2026-09-21 04:06:30,2026-09-21 16:33:05,85
ip,45.198.224.184,threatfox,Tsunami,"threatfox,honeypot,shardlure",2026-09-21 16:06:44,2026-09-21 16:33:05,85
ip,45.202.1.16,threatfox,AdaptixC2,"threatfox,AdaptixC2,drb-ra",2026-09-21 16:06:44,2026-09-21 16:33:05,85
ip,45.227.253.132,threatfox,Cobalt Strike,"threatfox,CobaltStrike,drb-ra",2026-09-21 16:06:44,2026-09-21 16:33:05,85
ip,45.86.229.111,threatfox,Havoc,"threatfox,drb-ra,Havoc",2026-09-21 16:06:44,2026-09-21 16:33:05,85
ip,46.101.36.181,threatfox,Aisuru,"threatfox,Aisuru,c2",2026-09-19 16:06:23,2026-09-21 16:33:05,85
ip,46.29.26.61,threatfox,Vidar,"threatfox,Vidar",2026-09-21 16:06:44,2026-09-21 16:33:05,85
ip,47.94.76.119,threatfox,Cobalt Strike,"threatfox,cobaltstrike",2026-09-21 16:06:44,2026-09-21 16:33:05,85
ip,49.233.30.13,threatfox,VShell,"threatfox,vshell",2026-09-21 16:06:44,2026-09-21 16:33:05,85
ip,5.175.182.85,threatfox,Remcos,"threatfox,14 AUGUST 2026,c2,Remcos",2026-09-21 16:06:44,2026-09-21 16:33:05,85
ip,52.47.77.229,threatfox,AsyncRAT,"threatfox,AsyncRAT,drb-ra,RAT",2026-09-21 04:06:30,2026-09-21 16:33:05,85
ip,54.244.240.205,threatfox,Tsundere,"threatfox,DinDoor,drb-ra",2026-09-21 16:06:44,2026-09-21 16:33:05,85
ip,60.204.208.179,threatfox,VShell,"threatfox,vshell",2026-09-21 04:06:30,2026-09-21 16:33:05,85
ip,60.205.223.45,threatfox,Cobalt Strike,"threatfox,cobaltstrike",2026-09-21 16:06:44,2026-09-21 16:33:05,85
ip,78.17.212.127,threatfox,Cobalt Strike,"threatfox,CobaltStrike,drb-ra",2026-09-21 16:06:44,2026-09-21 16:33:05,85
ip,79.36.29.167,threatfox,Payload ,"threatfox,sms-abuse,ssh-botnet,telegram-tdata",2026-09-21 16:06:44,2026-09-21 16:33:05,85
ip,8.133.188.132,threatfox,VShell,"threatfox,vshell",2026-09-21 04:06:30,2026-09-21 16:33:05,85
ip,8.145.60.56,threatfox,Cobalt Strike,"threatfox,cobaltstrike",2026-09-20 16:08:23,2026-09-21 16:33:05,85
ip,8.146.227.247,threatfox,VShell,"threatfox,vshell",2026-09-16 06:55:34,2026-09-21 16:33:05,85
ip,81.177.214.196,threatfox,Unknown malware,threatfox,2026-09-21 16:06:44,2026-09-21 16:33:05,85
ip,81.70.21.163,threatfox,Cobalt Strike,"threatfox,cobaltstrike",2026-09-18 16:06:42,2026-09-21 16:33:05,85
ip,88.119.169.135,threatfox,Evilginx,"threatfox,drb-ra,Evilginx,EvilGoPhish",2026-09-21 16:06:44,2026-09-21 16:33:05,85
ip,89.126.221.170,threatfox,AdaptixC2,"threatfox,adaptix",2026-09-18 04:06:29,2026-09-21 16:33:05,85
ip,91.107.150.39,threatfox,Vidar,"threatfox,Vidar",2026-09-21 16:06:44,2026-09-21 16:33:05,85
ip,91.107.157.201,threatfox,Vidar,"threatfox,Vidar",2026-09-21 16:06:44,2026-09-21 16:33:05,85
ip,91.107.159.216,threatfox,Vidar,"threatfox,Vidar",2026-09-21 16:06:44,2026-09-21 16:33:05,85
ip,91.92.41.153,threatfox,Remcos,"threatfox,remcos",2026-09-21 16:06:44,2026-09-21 16:33:05,85
ip,95.220.193.183,threatfox,Payload ,"threatfox,sms-abuse,ssh-botnet,telegram-tdata",2026-09-21 16:06:44,2026-09-21 16:33:05,85
ssl_sha1,00095e3cd5dfc929d16036132665d7e3e9ef7cd6,sslbl,Vidar C&C,"sslbl,2026-09-12",2026-09-12 16:06:49,2026-09-21 16:33:05,88
ssl_sha1,0034d3f66acca402e4ae3d683e435f10d513006a,sslbl,ACRStealer C&C,"sslbl,2026-08-08",2026-08-09 00:42:39,2026-09-21 16:33:05,88
ssl_sha1,009a05eaf082d20ae13a65abda12afd959cd76de,sslbl,VenomRAT C&C,"sslbl,2026-09-13",2026-09-14 04:06:32,2026-09-21 16:33:05,88
ssl_sha1,01162aa2c2be7f9d16f646b94a1245726c68b110,sslbl,PureRAT C&C,"sslbl,2026-08-22",2026-08-22 16:06:16,2026-09-21 16:33:05,88
ssl_sha1,0141dfae0d4426123aa2fbdd759162fa82d0f8e1,sslbl,PureLogsStealer C&C,"sslbl,2026-08-04",2026-08-05 12:42:46,2026-09-21 16:33:05,88
ssl_sha1,014d51d79c5a5c80042abedb35231581ff07c2e7,sslbl,Vidar C&C,"sslbl,2026-07-30",2026-07-31 05:35:34,2026-09-21 16:33:05,88
ssl_sha1,01b9a51320b270b527c744a7ebc9f9bc68a94f81,sslbl,ConnectWise C&C,"sslbl,2026-08-19",2026-08-19 16:06:13,2026-09-21 16:33:05,88
ssl_sha1,01cc79c660e1677fc17665e6d8169b5fdad75668,sslbl,PureLogsStealer C&C,"sslbl,2026-08-05",2026-08-06 00:43:27,2026-09-21 16:33:05,88
ssl_sha1,02df529de5d2da5b01c0b557b02b289b060f344b,sslbl,PureRAT C&C,"sslbl,2026-08-08",2026-08-09 00:42:39,2026-09-21 16:33:05,88
ssl_sha1,030279988932ee4115de7e6e8cdeb91927c078db,sslbl,OffLoader C&C,"sslbl,2026-08-19",2026-08-19 16:06:13,2026-09-21 16:33:05,88
ssl_sha1,031491e9d9e07391f330aef5bbdce9febbf1fe90,sslbl,OffLoader C&C,"sslbl,2026-09-11",2026-09-11 16:06:11,2026-09-21 16:33:05,88
ssl_sha1,03cdb8ba1363fb90f77ab53b6fc78d58a5340c35,sslbl,PureRAT C&C,"sslbl,2026-08-20",2026-08-20 16:06:17,2026-09-21 16:33:05,88
ssl_sha1,048bd151ab0a9c0add6d5bba9dc73521e42d9a20,sslbl,AsyncRAT C&C,"sslbl,2026-09-10",2026-09-10 16:06:38,2026-09-21 16:33:05,88
ssl_sha1,057b2084f877c8737e60de6c07ad829ea411b9c6,sslbl,Vidar C&C,"sslbl,2026-08-15",2026-08-15 20:13:12,2026-09-21 16:33:05,88
ssl_sha1,059e425acfe2753d135e1b7ba39e30f0b00dbbb3,sslbl,PureLogsStealer C&C,"sslbl,2026-08-06",2026-08-06 12:43:05,2026-09-21 16:33:05,88
ssl_sha1,05b215b1710e56a14f4742b10586af2750da866a,sslbl,OffLoader C&C,"sslbl,2026-08-13",2026-08-13 08:13:02,2026-09-21 16:33:05,88
ssl_sha1,05ba9d18bc4c00bec6bb5ed461fd889259929709,sslbl,Vidar C&C,"sslbl,2026-08-02",2026-08-02 17:36:31,2026-09-21 16:33:05,88
ssl_sha1,05fb6a6fa12c1638063b36498703b24fbbc2df43,sslbl,ACRStealer C&C,"sslbl,2026-09-06",2026-09-06 16:06:16,2026-09-21 16:33:05,88
ssl_sha1,06c6a1e29b1948ac47c0fee2e8652a07fcde1f9e,sslbl,Vidar C&C,"sslbl,2026-08-27",2026-08-27 16:06:11,2026-09-21 16:33:05,88
ssl_sha1,070aa492d4afcb841457f33f366206805947160f,sslbl,Socks5Systemz C&C,"sslbl,2026-09-06",2026-09-06 16:06:16,2026-09-21 16:33:05,88
ssl_sha1,077be211823898ed4eb3d3faf920781321f7ca5c,sslbl,PureLogsStealer C&C,"sslbl,2026-09-09",2026-09-09 16:06:20,2026-09-21 16:33:05,88
ssl_sha1,08d8ee8314ace61bcc0481fe9c0e2bfaaccf34e0,sslbl,Vidar C&C,"sslbl,2026-08-12",2026-08-12 12:42:52,2026-09-21 16:33:05,88
ssl_sha1,097cee540020aa1e282dcf5afefebcb5a6a1dae4,sslbl,PureLogsStealer C&C,"sslbl,2026-08-06",2026-08-06 12:43:05,2026-09-21 16:33:05,88
ssl_sha1,09cc432d307b2b2d67a102c9a579f24b511cfea2,sslbl,Vidar C&C,"sslbl,2026-09-04",2026-09-04 16:06:41,2026-09-21 16:33:05,88
ssl_sha1,09f261bec38f8f17f3aba55d8f24e0c11236de40,sslbl,PureLogsStealer C&C,"sslbl,2026-08-19",2026-08-19 16:06:13,2026-09-21 16:33:05,88
ssl_sha1,0a1192b7efc4408315bb36a29eaa149bf2306e0c,sslbl,PureLogsStealer C&C,"sslbl,2026-09-11",2026-09-11 16:06:11,2026-09-21 16:33:05,88
ssl_sha1,0a2f52fe0e41f4fa2154a7a42134187aa23b6289,sslbl,ConnectWise C&C,"sslbl,2026-08-19",2026-08-19 16:06:13,2026-09-21 16:33:05,88
ssl_sha1,0ad6076cb27bcdd5dd26fe56c022f4ab61ea00be,sslbl,Meterpreter C&C,"sslbl,2026-08-20",2026-08-20 16:06:17,2026-09-21 16:33:05,88
ssl_sha1,0b260881d660a14c3c0b2e61a6685839c8053bc9,sslbl,KongTuke C&C,"sslbl,2026-07-29",2026-07-29 17:37:13,2026-09-21 16:33:05,88
ssl_sha1,0b7abd7fefffcfe53a7ae01594e23d9488a214b4,sslbl,ConnectWise C&C,"sslbl,2026-08-19",2026-08-19 16:06:13,2026-09-21 16:33:05,88
ssl_sha1,0b92ba05df90855d90170858ba91680d33f76e0f,sslbl,ConnectWise C&C,"sslbl,2026-08-19",2026-08-19 16:06:13,2026-09-21 16:33:05,88
ssl_sha1,0bb977bf9e0950a1a818660dde009ac9934bd1e2,sslbl,Vidar C&C,"sslbl,2026-08-21",2026-08-21 16:09:28,2026-09-21 16:33:05,88
ssl_sha1,0bf61cf448206d51a0b7a0cdece647df3ea1196f,sslbl,Vidar C&C,"sslbl,2026-09-21",2026-09-21 16:06:43,2026-09-21 16:33:05,88
ssl_sha1,0c587f31dc58c33ef2e3632bb161f4d52231b7c1,sslbl,ConnectWise C&C,"sslbl,2026-08-22",2026-08-22 16:06:16,2026-09-21 16:33:05,88
ssl_sha1,0db74536080bbf99f4e8e8b53efd477d1ccaf3e0,sslbl,Malware C&C,"sslbl,2026-09-20",2026-09-20 16:08:22,2026-09-21 16:33:05,88
ssl_sha1,0e764db7ce91a22898f0083832b93da4d3b5d19e,sslbl,PureLogsStealer C&C,"sslbl,2026-09-17",2026-09-17 16:07:21,2026-09-21 16:33:05,88
ssl_sha1,0f1b05653c3b3ab3bb4ecd772dd024668cbe8df1,sslbl,QuasarRAT C&C,"sslbl,2026-08-13",2026-08-13 20:13:53,2026-09-21 16:33:05,88
ssl_sha1,0f4085482fb0664e22b9dc962bd87184a2048e28,sslbl,ACRStealer C&C,"sslbl,2026-08-26",2026-08-26 16:06:11,2026-09-21 16:33:05,88
ssl_sha1,0f47d296ca2a764238bfd644c7b716cffafa1352,sslbl,Vidar C&C,"sslbl,2026-08-21",2026-08-21 16:09:28,2026-09-21 16:33:05,88
ssl_sha1,10444531944b9b521661ef3bd8d9848d70902bbd,sslbl,PureLogsStealer C&C,"sslbl,2026-08-10",2026-08-10 12:42:40,2026-09-21 16:33:05,88
ssl_sha1,11a907f87c27b67e87f201281797b95f53508752,sslbl,OffLoader C&C,"sslbl,2026-08-10",2026-08-10 12:42:40,2026-09-21 16:33:05,88
ssl_sha1,11a9b0c571e681f4f9e7780e3aff1fe8c2f3d676,sslbl,KongTuke C&C,"sslbl,2026-07-29",2026-07-29 17:37:13,2026-09-21 16:33:05,88
ssl_sha1,12c42acde116383d7b75ae10fc47d5f369f5633e,sslbl,RemusStealer C&C,"sslbl,2026-08-06",2026-08-06 12:43:05,2026-09-21 16:33:05,88
ssl_sha1,131e6cb931dd908cdf9fc5bdd6f8245c9b399ea9,sslbl,ConnectWise C&C,"sslbl,2026-08-07",2026-08-07 12:43:25,2026-09-21 16:33:05,88
ssl_sha1,1389c26fb7ce71a7aa1514e86879daf6b373325a,sslbl,OffLoader C&C,"sslbl,2026-08-28",2026-08-29 04:06:17,2026-09-21 16:33:05,88
ssl_sha1,13f40ae70a0fe1ae9e727ad329583635cf8090be,sslbl,PureLogsStealer C&C,"sslbl,2026-08-10",2026-08-11 00:42:33,2026-09-21 16:33:05,88
ssl_sha1,14333675b09013c7299af764816b152b90d29952,sslbl,Vidar C&C,"sslbl,2026-08-14",2026-08-14 08:13:11,2026-09-21 16:33:05,88
ssl_sha1,145f0fa0f6134e66fa5c80989c13987baf799bda,sslbl,Vidar C&C,"sslbl,2026-09-02",2026-09-02 16:07:20,2026-09-21 16:33:05,88
ssl_sha1,147ca23505c924119036d7e4942ddc0737f39adf,sslbl,PureLogsStealer C&C,"sslbl,2026-08-07",2026-08-07 12:43:25,2026-09-21 16:33:05,88
ssl_sha1,14bc0ce6c63bf1c1554b4cd1772c60b57c38ab09,sslbl,Vidar C&C,"sslbl,2026-09-14",2026-09-14 16:06:31,2026-09-21 16:33:05,88
ssl_sha1,150e9fffc913a1c87bf94e7f2ad0354d4b6afea1,sslbl,Malware distribution,"sslbl,2026-08-22",2026-08-22 16:06:16,2026-09-21 16:33:05,88
ssl_sha1,15a05c644b5ec4ed5c0ba785992c3a4410fbef2a,sslbl,OffLoader C&C,"sslbl,2026-09-20",2026-09-20 16:08:22,2026-09-21 16:33:05,88
ssl_sha1,16237ea9476a99f34c740649ccb7119db3af5df0,sslbl,PureRAT C&C,"sslbl,2026-08-08",2026-08-09 00:42:39,2026-09-21 16:33:05,88
ssl_sha1,16545697d78cbada6dac236b73dbeff19c9035d1,sslbl,PureLogsStealer C&C,"sslbl,2026-08-19",2026-08-20 04:06:14,2026-09-21 16:33:05,88
ssl_sha1,1674f349ec288a75ac123a1752d433a21ceddcef,sslbl,Vidar C&C,"sslbl,2026-08-11",2026-08-11 12:42:27,2026-09-21 16:33:05,88
ssl_sha1,16fbb45457a2d8e67c556db46e051893917e2104,sslbl,KongTuke C&C,"sslbl,2026-07-30",2026-07-30 17:35:22,2026-09-21 16:33:05,88
ssl_sha1,1727143583fd38bc4b6b5986f5c7b2c919f885af,sslbl,KongTuke C&C,"sslbl,2026-07-30",2026-07-30 17:35:22,2026-09-21 16:33:05,88
ssl_sha1,173cb58c2538a3e2fccf3f3ae72b5713e4f810a3,sslbl,ACRStealer C&C,"sslbl,2026-08-19",2026-08-19 16:06:13,2026-09-21 16:33:05,88
ssl_sha1,17d881f02866b9e629d39d16bdf43ca953b38d5c,sslbl,OffLoader C&C,"sslbl,2026-09-01",2026-09-01 16:06:06,2026-09-21 16:33:05,88
ssl_sha1,17ee516f7e99548d2b4d735f2100f2754d814288,sslbl,OffLoader C&C,"sslbl,2026-09-04",2026-09-04 16:06:41,2026-09-21 16:33:05,88
ssl_sha1,183d02c077142b8701d1a719cc8cee3f8fb76072,sslbl,OffLoader C&C,"sslbl,2026-08-14",2026-08-14 08:13:11,2026-09-21 16:33:05,88
ssl_sha1,1869a727516b162905ef9df32d1ad3fe6ceea9f0,sslbl,PureLogsStealer C&C,"sslbl,2026-08-13",2026-08-13 08:13:02,2026-09-21 16:33:05,88
ssl_sha1,1888b7695f250f9d18e89b7c2da95e4979b65044,sslbl,ConnectWise C&C,"sslbl,2026-09-17",2026-09-17 16:07:21,2026-09-21 16:33:05,88
ssl_sha1,1955a3ce0e4bb011e3e667a51be5f42fb02d769f,sslbl,OffLoader C&C,"sslbl,2026-09-09",2026-09-10 04:07:18,2026-09-21 16:33:05,88
ssl_sha1,198fea94392f134f8578e6057c3b6679243e58c3,sslbl,OffLoader C&C,"sslbl,2026-09-21",2026-09-21 16:06:43,2026-09-21 16:33:05,88
ssl_sha1,199e1fd0a2f1c805aae75b33803d0e27b874b892,sslbl,OffLoader C&C,"sslbl,2026-09-10",2026-09-10 16:06:38,2026-09-21 16:33:05,88
ssl_sha1,19cf66baa4727b080e283d10284993170c9b462b,sslbl,Vidar C&C,"sslbl,2026-08-22",2026-08-22 16:06:16,2026-09-21 16:33:05,88
ssl_sha1,19d7b8b5842177ba762fb0b30fd1368e953e73e9,sslbl,ACRStealer C&C,"sslbl,2026-08-11",2026-08-11 12:42:27,2026-09-21 16:33:05,88
ssl_sha1,1ab7aaf074b1e925322cd328b4d1343f46f4f91b,sslbl,PureLogsStealer C&C,"sslbl,2026-08-08",2026-08-09 00:42:39,2026-09-21 16:33:05,88
ssl_sha1,1b48b0bd62383ba8f49d25e8584a290016730f3d,sslbl,Vidar C&C,"sslbl,2026-08-11",2026-08-11 12:42:27,2026-09-21 16:33:05,88
ssl_sha1,1baea4f8295715f075d3c0510b61017840047ae3,sslbl,Vidar C&C,"sslbl,2026-09-06",2026-09-06 16:06:16,2026-09-21 16:33:05,88
ssl_sha1,1bf12565f5b66f9f938f92411d31aea37d9676e8,sslbl,Vidar C&C,"sslbl,2026-09-04",2026-09-04 16:06:41,2026-09-21 16:33:05,88
ssl_sha1,1cdb18c33da65a40adad7b51808edf66f3e180e5,sslbl,PureLogsStealer C&C,"sslbl,2026-08-21",2026-08-21 16:09:28,2026-09-21 16:33:05,88
ssl_sha1,1d6ef2caa8acc4b05edcbf2e8b1e6ee9c7217eb9,sslbl,Vidar C&C,"sslbl,2026-08-12",2026-08-12 12:42:52,2026-09-21 16:33:05,88
ssl_sha1,1dc516de96cd73ff7a4040ec3b4927988d1a0049,sslbl,ConnectWise C&C,"sslbl,2026-08-04",2026-08-04 07:49:13,2026-09-21 16:33:05,88
ssl_sha1,1e5bfc073ee72f5ae99507c87f2479ec1d5f43b7,sslbl,PureLogsStealer C&C,"sslbl,2026-09-15",2026-09-16 06:55:33,2026-09-21 16:33:05,88
ssl_sha1,1e7d6c983d80311dcecc580135dcc216732fd478,sslbl,Vidar C&C,"sslbl,2026-08-19",2026-08-19 16:06:13,2026-09-21 16:33:05,88
ssl_sha1,1ea9baef6f12a280c50e7f473298f326272516d4,sslbl,ACRStealer C&C,"sslbl,2026-09-15",2026-09-16 06:55:33,2026-09-21 16:33:05,88
ssl_sha1,1edaae5bb268c6ec2f90076a7c47b7bfbc531a15,sslbl,Vidar C&C,"sslbl,2026-09-09",2026-09-09 16:06:20,2026-09-21 16:33:05,88
ssl_sha1,1f494cd829ce4d2c465b8e981a0c7f9288354328,sslbl,Vidar C&C,"sslbl,2026-08-30",2026-08-30 16:06:18,2026-09-21 16:33:05,88
ssl_sha1,206850b799a53982b73accdefec94083f2094a6e,sslbl,PureRAT C&C,"sslbl,2026-09-07",2026-09-07 16:06:32,2026-09-21 16:33:05,88
ssl_sha1,2125bebc5912c9fb523a668daf7d116999488493,sslbl,Koadic C&C,"sslbl,2026-08-27",2026-08-27 16:06:11,2026-09-21 16:33:05,88
ssl_sha1,22bedd3b6ea141fbe9b50681baa395909e014ad0,sslbl,PureLogsStealer C&C,"sslbl,2026-08-06",2026-08-06 12:43:05,2026-09-21 16:33:05,88
ssl_sha1,22d945ac6c7c00fb7bb5d0dc3618a82d46cfd1e2,sslbl,QuasarRAT C&C,"sslbl,2026-09-06",2026-09-06 16:06:16,2026-09-21 16:33:05,88
ssl_sha1,240ce6287e5ee63adc65bde38ca08a7132f5b08b,sslbl,RatonRAT C&C,"sslbl,2026-08-27",2026-08-27 16:06:11,2026-09-21 16:33:05,88
ssl_sha1,25042ea148aa7ccb23ebabb701cacca1d2fbd1d4,sslbl,HypeAgent C&C,"sslbl,2026-08-25",2026-08-25 16:07:37,2026-09-21 16:33:05,88
ssl_sha1,25828f9462f9998c2be7214d5db7e092e3878945,sslbl,Vidar C&C,"sslbl,2026-08-12",2026-08-12 12:42:52,2026-09-21 16:33:05,88
ssl_sha1,261044d91561eedea17eac730254426b193e27fe,sslbl,PureRAT C&C,"sslbl,2026-08-13",2026-08-13 08:13:02,2026-09-21 16:33:05,88
ssl_sha1,263a7098595232fb1c9536d18a903858431212c0,sslbl,MeshAgent C&C,"sslbl,2026-08-10",2026-08-11 00:42:33,2026-09-21 16:33:05,88
ssl_sha1,26d708c6ce4554e9fed0ae35556501faf8d0b01c,sslbl,ZigClipper C&C,"sslbl,2026-08-08",2026-08-09 00:42:39,2026-09-21 16:33:05,88
ssl_sha1,26edae2d62f7008d9a3ea68999f41316f4cdf762,sslbl,PureLogsStealer C&C,"sslbl,2026-09-02",2026-09-02 16:07:20,2026-09-21 16:33:05,88
ssl_sha1,277cf8e1227351964ba2a8e57b49b26f8f8e353a,sslbl,Vidar C&C,"sslbl,2026-08-24",2026-08-24 16:06:10,2026-09-21 16:33:05,88
ssl_sha1,283042355c89f2c59e260246d1488a73a8bef7b2,sslbl,PureLogsStealer C&C,"sslbl,2026-07-27",2026-07-27 17:35:21,2026-09-21 16:33:05,88
ssl_sha1,28db945e3beaf15a6f6d7fdf2dfc06a5f0319fc3,sslbl,Malware C&C,"sslbl,2026-08-06",2026-08-06 12:43:05,2026-09-21 16:33:05,88
ssl_sha1,28f2252914fd660fb663fae3995bfa2202285cfe,sslbl,PureLogsStealer C&C,"sslbl,2026-09-10",2026-09-10 16:06:38,2026-09-21 16:33:05,88
ssl_sha1,29e434f384fe91188ce4c8a3f607a781e5c5e5d1,sslbl,PureRAT C&C,"sslbl,2026-08-06",2026-08-06 12:43:05,2026-09-21 16:33:05,88
ssl_sha1,2a2c44f91a961c0b573d1e823f314fb4ffbc88dd,sslbl,OffLoader C&C,"sslbl,2026-09-07",2026-09-07 16:06:32,2026-09-21 16:33:05,88
ssl_sha1,2a68cf483216956f8162c0334a75dac483bfaac6,sslbl,Vidar C&C,"sslbl,2026-08-13",2026-08-13 20:13:53,2026-09-21 16:33:05,88
ssl_sha1,2b05666e08e41d03ae03a5f282434e36229ea962,sslbl,ConnectWise C&C,"sslbl,2026-08-14",2026-08-14 08:13:11,2026-09-21 16:33:05,88
ssl_sha1,2b7ffb92a05fe5f22a0f26d9c76a3155f04fdd45,sslbl,PureLogsStealer C&C,"sslbl,2026-08-04",2026-08-05 12:42:46,2026-09-21 16:33:05,88
ssl_sha1,2be2964d2711f536de55aa929fa612ba69ebc405,sslbl,Vidar C&C,"sslbl,2026-09-09",2026-09-09 16:06:20,2026-09-21 16:33:05,88
ssl_sha1,2d410f6e2daaf4665a958610ce94242145c714e3,sslbl,PureLogsStealer C&C,"sslbl,2026-08-08",2026-08-09 00:42:39,2026-09-21 16:33:05,88
ssl_sha1,2e5d32f48396874bdbf9e30cbf56d9d5440f24ec,sslbl,ConnectWise C&C,"sslbl,2026-08-31",2026-08-31 16:06:17,2026-09-21 16:33:05,88
ssl_sha1,304062e0d9d93dad14b84554abb56fd3af8266ff,sslbl,Vidar C&C,"sslbl,2026-08-19",2026-08-19 16:06:13,2026-09-21 16:33:05,88
ssl_sha1,30ae51f106a573be769968e15c0a6f56a2878a16,sslbl,Vidar C&C,"sslbl,2026-08-05",2026-08-05 12:42:46,2026-09-21 16:33:05,88
ssl_sha1,3141245c066d71ef08936296ffea7ea15082f7fd,sslbl,ConnectWise C&C,"sslbl,2026-08-14",2026-08-14 08:13:11,2026-09-21 16:33:05,88
ssl_sha1,31ce37e696cdff32d3042b1f9be493c1e43b4b6e,sslbl,OffLoader C&C,"sslbl,2026-09-21",2026-09-21 16:06:43,2026-09-21 16:33:05,88
ssl_sha1,328089d815eb8db2dcb741cd603fc451295636d4,sslbl,PureRAT C&C,"sslbl,2026-08-31",2026-08-31 16:06:17,2026-09-21 16:33:05,88
ssl_sha1,32a8651489a0a5fb3fb0679514bed1e86c0c576c,sslbl,ACRStealer C&C,"sslbl,2026-08-10",2026-08-10 12:42:40,2026-09-21 16:33:05,88
ssl_sha1,32c779b627c28c168bcf744948c35f45462e9307,sslbl,PureRAT C&C,"sslbl,2026-09-08",2026-09-08 16:06:37,2026-09-21 16:33:05,88
ssl_sha1,3595cb507d47314a6749679e4217ec993c5c3691,sslbl,DCAgentRMM C&C,"sslbl,2026-08-25",2026-08-25 16:07:37,2026-09-21 16:33:05,88
ssl_sha1,35c361f9688643bd7cd6a7057178d869bcd6ea7b,sslbl,ConnectWise C&C,"sslbl,2026-08-04",2026-08-04 07:49:13,2026-09-21 16:33:05,88
ssl_sha1,35f9f438c4787030939c64cb858a48b7bed8c69d,sslbl,PureLogsStealer C&C,"sslbl,2026-09-17",2026-09-17 16:07:21,2026-09-21 16:33:05,88
ssl_sha1,361864879b9712b391b7d1af733e24168f67c419,sslbl,Malware C&C,"sslbl,2026-08-04",2026-08-05 12:42:46,2026-09-21 16:33:05,88
ssl_sha1,369b439f1afec9b1ae1d5de29a603f6ba34a3039,sslbl,PureRAT C&C,"sslbl,2026-08-04",2026-08-04 07:49:13,2026-09-21 16:33:05,88
ssl_sha1,3712fb1d824e230a43660016e4e305e623dad067,sslbl,Malware C&C,"sslbl,2026-08-12",2026-08-12 12:42:52,2026-09-21 16:33:05,88
ssl_sha1,372b91c0d31a75b4e1765af998d984881e34dab1,sslbl,AsyncRAT C&C,"sslbl,2026-09-20",2026-09-20 16:08:22,2026-09-21 16:33:05,88
ssl_sha1,3992dd5edcdf2ce5d143f933e2657640e00a58d4,sslbl,OffLoader C&C,"sslbl,2026-08-20",2026-08-20 16:06:17,2026-09-21 16:33:05,88
ssl_sha1,3a62153757fc44e7a948a9c289a08798ea8e8487,sslbl,OffLoader C&C,"sslbl,2026-09-09",2026-09-09 16:06:20,2026-09-21 16:33:05,88
ssl_sha1,3a91a4aef42d019cf22e2f7a7ee737cff41012cf,sslbl,OffLoader C&C,"sslbl,2026-09-20",2026-09-20 16:08:22,2026-09-21 16:33:05,88
ssl_sha1,3b0855807c94981dca90ba6eb15e94087c91fb52,sslbl,PureRAT C&C,"sslbl,2026-08-08",2026-08-09 00:42:39,2026-09-21 16:33:05,88
ssl_sha1,3c286904e96ada2549fe774aa6eb2d39920219ec,sslbl,Malware C&C,"sslbl,2026-08-13",2026-08-13 08:13:02,2026-09-21 16:33:05,88
ssl_sha1,3ddf56dd624309d956cccb6c41eb6fcfbb3c6364,sslbl,ZigClipper C&C,"sslbl,2026-08-05",2026-08-06 00:43:27,2026-09-21 16:33:05,88
ssl_sha1,3e3c44169f96771a93af70cef73772afc6530f39,sslbl,Vidar C&C,"sslbl,2026-08-10",2026-08-10 12:42:40,2026-09-21 16:33:05,88
ssl_sha1,401d739effc60f0ddbfc096d8b7a64625744824a,sslbl,OffLoader C&C,"sslbl,2026-09-09",2026-09-09 16:06:20,2026-09-21 16:33:05,88
ssl_sha1,407df66ac87ceb177c560e82df9521c8003b5f0d,sslbl,ConnectWise C&C,"sslbl,2026-08-28",2026-08-29 04:06:17,2026-09-21 16:33:05,88
ssl_sha1,40ab2a74848e4b409900153beb94a6977de80d4a,sslbl,PureRAT C&C,"sslbl,2026-08-04",2026-08-04 07:49:13,2026-09-21 16:33:05,88
ssl_sha1,40d55bdf808d31690157cc7865a3161d6f44f073,sslbl,Vidar C&C,"sslbl,2026-08-17",2026-08-17 08:13:04,2026-09-21 16:33:05,88
ssl_sha1,4157992dbca11ebbe0938db99c79c0769ff4e1b1,sslbl,PureRAT C&C,"sslbl,2026-09-03",2026-09-03 16:06:37,2026-09-21 16:33:05,88
ssl_sha1,41f8e81a4f9b3e7e70353a84e4bf87d687ddc79e,sslbl,ConnectWise C&C,"sslbl,2026-08-28",2026-08-29 04:06:17,2026-09-21 16:33:05,88
ssl_sha1,42412a6aee2a4ff0234fc0afe142d5a2bf8f1e92,sslbl,HypeAgent C&C,"sslbl,2026-08-27",2026-08-27 16:06:11,2026-09-21 16:33:05,88
ssl_sha1,4385dfcee56c1ede34b61cbc84666afe4946cf2a,sslbl,PureRAT C&C,"sslbl,2026-09-21",2026-09-21 16:06:43,2026-09-21 16:33:05,88
ssl_sha1,441b920d869b1e83fe18a2d86d4b6be20099c145,sslbl,ConnectWise C&C,"sslbl,2026-08-07",2026-08-07 12:43:25,2026-09-21 16:33:05,88
ssl_sha1,4442db8ed5780616c630362ab45b8e59f40a2e5a,sslbl,Vidar C&C,"sslbl,2026-08-19",2026-08-19 16:06:13,2026-09-21 16:33:05,88
ssl_sha1,4454daf3ef7f7d71cf8e4ce8067c880f9976c952,sslbl,Vidar C&C,"sslbl,2026-09-06",2026-09-06 16:06:16,2026-09-21 16:33:05,88
ssl_sha1,448bf34943609cd5dcadf4b1dc58512df0718e57,sslbl,PureLogsStealer C&C,"sslbl,2026-08-06",2026-08-06 12:43:05,2026-09-21 16:33:05,88
ssl_sha1,44c6dc94a23e05350af1ff687fef8b78cb089b8b,sslbl,ConnectWise C&C,"sslbl,2026-09-08",2026-09-08 16:06:37,2026-09-21 16:33:05,88
ssl_sha1,45082929b125b5fb1336345d27ace6b7b85d1f77,sslbl,MiniRMM C&C,"sslbl,2026-09-17",2026-09-17 16:07:21,2026-09-21 16:33:05,88
ssl_sha1,450a46fca2ded0fb7231080b7ec1fef089aa6abe,sslbl,Stealc C&C,"sslbl,2026-08-27",2026-08-27 16:06:11,2026-09-21 16:33:05,88
ssl_sha1,45152caa36a93f2aa9dab483d4c57531221c431d,sslbl,DCRat C&C,"sslbl,2026-08-20",2026-08-20 16:06:17,2026-09-21 16:33:05,88
ssl_sha1,4672fba181056b9df706573af71ad6462ea3df67,sslbl,PureLogsStealer C&C,"sslbl,2026-08-11",2026-08-11 12:42:27,2026-09-21 16:33:05,88
ssl_sha1,46a2a90c5813eda22263c058742902faf1def5a6,sslbl,ConnectWise C&C,"sslbl,2026-08-14",2026-08-14 08:13:11,2026-09-21 16:33:05,88
ssl_sha1,46b898af8e29cb2fe186de2bfdf60bc01d617720,sslbl,PureLogsStealer C&C,"sslbl,2026-09-15",2026-09-16 06:55:33,2026-09-21 16:33:05,88
ssl_sha1,481d7383aaeec383beb3012d8dfd20548837e42b,sslbl,PureRAT C&C,"sslbl,2026-08-20",2026-08-20 16:06:17,2026-09-21 16:33:05,88
ssl_sha1,4a5cf0f4e8da154ed1c60ba064f0e733ce9c373e,sslbl,Vidar C&C,"sslbl,2026-09-10",2026-09-10 16:06:38,2026-09-21 16:33:05,88
ssl_sha1,4a67cf0297c6308d31cbd2e89cd5246817bb1330,sslbl,ACRStealer C&C,"sslbl,2026-08-28",2026-08-28 16:06:18,2026-09-21 16:33:05,88
ssl_sha1,4a6e8bfafdb4754d3fbc09a01e52a88d9d4dd57c,sslbl,OffLoader C&C,"sslbl,2026-08-19",2026-08-19 16:06:13,2026-09-21 16:33:05,88
ssl_sha1,4af902fc388e5b848db1767a6c708e2ada0ad99a,sslbl,Vidar C&C,"sslbl,2026-08-31",2026-08-31 16:06:17,2026-09-21 16:33:05,88
ssl_sha1,4bd9fa1c2cefa0f68b276923d33e9989e2fd0031,sslbl,PureRAT C&C,"sslbl,2026-08-04",2026-08-04 07:49:13,2026-09-21 16:33:05,88
ssl_sha1,4bf18cb50cb5bca46aff5785c1ba96a248d1e9fd,sslbl,Vidar C&C,"sslbl,2026-09-01",2026-09-01 16:06:06,2026-09-21 16:33:05,88
ssl_sha1,4c12b6aa784f92a3c50fb7d99289ca32fe21ad4c,sslbl,PureLogsStealer C&C,"sslbl,2026-09-08",2026-09-08 16:06:37,2026-09-21 16:33:05,88
ssl_sha1,4c48cf2aee29c6b3dd9aceb27ae6674b27cec999,sslbl,Vidar C&C,"sslbl,2026-09-20",2026-09-20 16:08:22,2026-09-21 16:33:05,88
ssl_sha1,4c7132f9c8bfa60751049644820c6f3a90884ff2,sslbl,RatonRAT C&C,"sslbl,2026-08-19",2026-08-19 16:06:13,2026-09-21 16:33:05,88
ssl_sha1,4cad5fa297a09de48d002bf034f543fd7a9384ed,sslbl,Vidar C&C,"sslbl,2026-08-12",2026-08-12 12:42:52,2026-09-21 16:33:05,88
ssl_sha1,4cc4e635af94a219c0c1eaa78c7c1eebdda49e1f,sslbl,PureRAT C&C,"sslbl,2026-09-01",2026-09-01 16:06:06,2026-09-21 16:33:05,88
ssl_sha1,4e1d76e094c1a61d2e1ed367f67545fabe9bc074,sslbl,Malware C&C,"sslbl,2026-09-01",2026-09-01 16:06:06,2026-09-21 16:33:05,88
ssl_sha1,4ee6cf96fce286a8e41faa52626ccf484c72a772,sslbl,Vidar C&C,"sslbl,2026-08-14",2026-08-14 08:13:11,2026-09-21 16:33:05,88
ssl_sha1,4f6db5622e97cb304f7a739d60c8c3acba13f260,sslbl,Stealc C&C,"sslbl,2026-08-19",2026-08-19 16:06:13,2026-09-21 16:33:05,88
ssl_sha1,5017bd59caaf4a057c724b366aa9530e5cc19931,sslbl,ConnectWise C&C,"sslbl,2026-08-04",2026-08-04 07:49:13,2026-09-21 16:33:05,88
ssl_sha1,508ab3696a27249abc7ea437ee1b8bcb8a999d65,sslbl,OverlordRAT C&C,"sslbl,2026-08-08",2026-08-09 00:42:39,2026-09-21 16:33:05,88
ssl_sha1,50c542ca788f012319a8f72453ae5431e0213a4f,sslbl,PureLogsStealer C&C,"sslbl,2026-08-19",2026-08-19 16:06:13,2026-09-21 16:33:05,88
ssl_sha1,513c67627217e9e62bf86dad646acdccca6bae7d,sslbl,Vidar C&C,"sslbl,2026-09-17",2026-09-17 16:07:21,2026-09-21 16:33:05,88
ssl_sha1,52a61a5bae1d5d4fb771c4d8ab668c3570c77283,sslbl,PureRAT C&C,"sslbl,2026-08-31",2026-08-31 16:06:17,2026-09-21 16:33:05,88
ssl_sha1,52b3c657964c5ac626f54446cbfb75165d215d65,sslbl,PureLogsStealer C&C,"sslbl,2026-08-04",2026-08-04 07:49:13,2026-09-21 16:33:05,88
ssl_sha1,53e5a73e14b16d4140421466795a2196a53e2bbc,sslbl,PureRAT C&C,"sslbl,2026-08-27",2026-08-27 16:06:11,2026-09-21 16:33:05,88
ssl_sha1,54e1ddda090bff894e88ccc2a784f0e9f4c46d97,sslbl,OffLoader C&C,"sslbl,2026-09-21",2026-09-21 16:06:43,2026-09-21 16:33:05,88
ssl_sha1,55828dc9278fe7cc50514d9e95e64422804a0b84,sslbl,OffLoader C&C,"sslbl,2026-08-10",2026-08-10 12:42:40,2026-09-21 16:33:05,88
ssl_sha1,559a55c8c7779e0037429794a8836a1039dbcdc3,sslbl,AsyncRAT C&C,"sslbl,2026-09-09",2026-09-10 04:07:18,2026-09-21 16:33:05,88
ssl_sha1,56054f201f4b39e290583877f7cc026f0649605f,sslbl,Malware C&C,"sslbl,2026-09-17",2026-09-17 16:07:21,2026-09-21 16:33:05,88
ssl_sha1,5750697f5e734c9105b89e13cc68fa51ae35e726,sslbl,Vidar C&C,"sslbl,2026-09-06",2026-09-06 16:06:16,2026-09-21 16:33:05,88
ssl_sha1,57dd505a5d745deaa32411f3f7e247e6795164a5,sslbl,Vidar C&C,"sslbl,2026-08-19",2026-08-19 16:06:13,2026-09-21 16:33:05,88
ssl_sha1,58243e4728cadacb308dfa0b964571e374ac3c1c,sslbl,Vidar C&C,"sslbl,2026-08-04",2026-08-04 07:49:13,2026-09-21 16:33:05,88
ssl_sha1,5b0334a2bc768aa1fef1eb0d10bf52edb071bf1c,sslbl,Vidar C&C,"sslbl,2026-08-10",2026-08-10 12:42:40,2026-09-21 16:33:05,88
ssl_sha1,5b276d28106cb7d91dd5f810e61d9523d34c7804,sslbl,PureLogsStealer C&C,"sslbl,2026-08-21",2026-08-21 16:09:28,2026-09-21 16:33:05,88
ssl_sha1,5b3c4900b63eb2ca8d0d174ef9e989324bc58c0d,sslbl,TELEPUZ C&C,"sslbl,2026-08-21",2026-08-21 16:09:28,2026-09-21 16:33:05,88
ssl_sha1,5b86c194e3e28190e76652c7a39e9acbf849ada2,sslbl,Vidar C&C,"sslbl,2026-08-13",2026-08-13 08:13:02,2026-09-21 16:33:05,88
ssl_sha1,5d801efeb2e22aa0da901ffbce45db05a80a7b0b,sslbl,Vidar C&C,"sslbl,2026-08-25",2026-08-25 16:07:37,2026-09-21 16:33:05,88
ssl_sha1,5dcd3232fc9873ebedca38f8ba5992fce6dccb61,sslbl,PureLogsStealer C&C,"sslbl,2026-08-05",2026-08-06 00:43:27,2026-09-21 16:33:05,88
ssl_sha1,5df1d8183a0c35eed21884c00e84299ded6ece0c,sslbl,PureLogsStealer C&C,"sslbl,2026-09-10",2026-09-10 16:06:38,2026-09-21 16:33:05,88
ssl_sha1,5df6480942779ca755ba42db5446f6492a3bb99b,sslbl,PureLogsStealer C&C,"sslbl,2026-08-26",2026-08-26 16:06:11,2026-09-21 16:33:05,88
ssl_sha1,5e06eaa686adc5ca8fd118752c6667e826bbcad0,sslbl,ConnectWise C&C,"sslbl,2026-08-28",2026-08-29 04:06:17,2026-09-21 16:33:05,88
ssl_sha1,5e7110d4c25e3aef153d9d38610550ad510f23cf,sslbl,Vidar C&C,"sslbl,2026-08-19",2026-08-19 16:06:13,2026-09-21 16:33:05,88
ssl_sha1,5e9de84aab8968d3a10710904a0844d0c360d2a8,sslbl,Vidar C&C,"sslbl,2026-09-03",2026-09-03 16:06:37,2026-09-21 16:33:05,88
ssl_sha1,5efdc565e73e10756c6962ebadd15cf4b1075ea9,sslbl,OffLoader C&C,"sslbl,2026-09-06",2026-09-06 16:06:16,2026-09-21 16:33:05,88
ssl_sha1,60d55d4ff506bc654814ba6b26308f999766054a,sslbl,Vidar C&C,"sslbl,2026-09-12",2026-09-12 16:06:49,2026-09-21 16:33:05,88
ssl_sha1,60df0e327f3736946e966b453ef233da0c42b927,sslbl,Havoc C&C,"sslbl,2026-08-10",2026-08-10 12:42:40,2026-09-21 16:33:05,88
ssl_sha1,61042420cd71b5edcdd9ef7ff070deef7398a725,sslbl,Vidar C&C,"sslbl,2026-08-04",2026-08-04 07:49:13,2026-09-21 16:33:05,88
ssl_sha1,629ea8772f7b1e8bf216dfc3b2170eb903ee8faa,sslbl,PureLogsStealer C&C,"sslbl,2026-09-09",2026-09-09 16:06:20,2026-09-21 16:33:05,88
ssl_sha1,633df5171fe70f3fed9d56136ebfa187879b4fb6,sslbl,OffLoader C&C,"sslbl,2026-09-17",2026-09-18 04:06:28,2026-09-21 16:33:05,88
ssl_sha1,64ba3430f767ced74b2828509a653187e9553971,sslbl,Vidar C&C,"sslbl,2026-08-11",2026-08-12 00:43:15,2026-09-21 16:33:05,88
ssl_sha1,64e6fe29e84ea3ecaaef08920d8ceb9567240166,sslbl,Vidar C&C,"sslbl,2026-08-25",2026-08-25 16:07:37,2026-09-21 16:33:05,88
ssl_sha1,655b8a9e32dd444d708ab21eb8604f89332db8ab,sslbl,Vidar C&C,"sslbl,2026-08-27",2026-08-27 16:06:11,2026-09-21 16:33:05,88
ssl_sha1,664729bef77ee9c9f2f523fc1305ef65fa05dbae,sslbl,Vidar C&C,"sslbl,2026-08-11",2026-08-11 12:42:27,2026-09-21 16:33:05,88
ssl_sha1,6647f9e4a2e273d7b78ff02be7114b0e9e2a719f,sslbl,AsyncRAT C&C,"sslbl,2026-08-04",2026-08-04 07:49:13,2026-09-21 16:33:05,88
ssl_sha1,66e45265f8da905b7538b0a81f1ec9b54ea12dd9,sslbl,Vidar C&C,"sslbl,2026-09-17",2026-09-17 16:07:21,2026-09-21 16:33:05,88
ssl_sha1,6712d3901855387b6d4f3d29576f04df40fa30c1,sslbl,BoratRAT C&C,"sslbl,2026-09-02",2026-09-02 16:07:20,2026-09-21 16:33:05,88
ssl_sha1,674a11078348ede85c2e978063a1eb6ea1dbfd81,sslbl,OffLoader C&C,"sslbl,2026-08-26",2026-08-26 16:06:11,2026-09-21 16:33:05,88
ssl_sha1,680cfafa3541d8bdf18c8725016b0d987b9a7dbc,sslbl,DCRat C&C,"sslbl,2026-08-13",2026-08-13 08:13:02,2026-09-21 16:33:05,88
ssl_sha1,687928f5bd90cb243f29760de8d299236de2cadf,sslbl,PureRAT C&C,"sslbl,2026-08-19",2026-08-20 04:06:14,2026-09-21 16:33:05,88
ssl_sha1,696ef14e986d01e7d9186a690a06849c9cc49c4b,sslbl,ConnectWise C&C,"sslbl,2026-09-01",2026-09-01 16:06:06,2026-09-21 16:33:05,88
ssl_sha1,6c6027c8ff18b0f79bd3c40848c2b189a18b49ac,sslbl,QuasarRAT C&C,"sslbl,2026-09-02",2026-09-02 16:07:20,2026-09-21 16:33:05,88
ssl_sha1,6cac7b4801a4e5b675050769d90bb1da5306d537,sslbl,ConnectWise C&C,"sslbl,2026-08-04",2026-08-04 07:49:13,2026-09-21 16:33:05,88
ssl_sha1,6d92d180394761c59cc1455cf6a7c773fb4efabe,sslbl,PureRAT C&C,"sslbl,2026-08-20",2026-08-20 16:06:17,2026-09-21 16:33:05,88
ssl_sha1,6ddb71e5a27eccf80773188066ac92d9d39506d7,sslbl,Vidar C&C,"sslbl,2026-09-02",2026-09-02 16:07:20,2026-09-21 16:33:05,88
ssl_sha1,6e35a76a571969f0e27a8c8c1c11c8aa21330887,sslbl,Vidar C&C,"sslbl,2026-09-18",2026-09-18 16:06:41,2026-09-21 16:33:05,88
ssl_sha1,6e64e6fafd7922f1100ce4f5334fef6dd75b2e66,sslbl,PureLogsStealer C&C,"sslbl,2026-08-06",2026-08-06 12:43:05,2026-09-21 16:33:05,88
ssl_sha1,711c3a7bd15ae5377f4c395e23b3d8b8f1327ced,sslbl,Vidar C&C,"sslbl,2026-08-30",2026-08-30 16:06:18,2026-09-21 16:33:05,88
ssl_sha1,714c56e9e207d5c8e08e1ca28cd9ba85f079d061,sslbl,AsyncRAT C&C,"sslbl,2026-08-08",2026-08-09 00:42:39,2026-09-21 16:33:05,88
ssl_sha1,732c7efa7d624c30b074e78df6595f54fde9188d,sslbl,Vidar C&C,"sslbl,2026-08-20",2026-08-20 16:06:17,2026-09-21 16:33:05,88
ssl_sha1,74afa65e38769e7e58835fd799e353c2fea3a209,sslbl,ACRStealer C&C,"sslbl,2026-09-12",2026-09-12 16:06:49,2026-09-21 16:33:05,88
ssl_sha1,755c81877937861388f42dc73d5a6bf24c96e13b,sslbl,PureRAT C&C,"sslbl,2026-09-04",2026-09-04 16:06:41,2026-09-21 16:33:05,88
ssl_sha1,769a6310d3d9533c1b3e0ddee3c1b6ebbda60891,sslbl,OffLoader C&C,"sslbl,2026-08-07",2026-08-07 12:43:25,2026-09-21 16:33:05,88
ssl_sha1,7704ef9bd99fb57c8f194fdf7fdc950d4bcd26af,sslbl,DCAgentRMM C&C,"sslbl,2026-09-20",2026-09-20 16:08:22,2026-09-21 16:33:05,88
ssl_sha1,7767913e33fac1ed9c448460267ca0e6cbe627b4,sslbl,Vidar C&C,"sslbl,2026-07-30",2026-07-31 05:35:34,2026-09-21 16:33:05,88
ssl_sha1,77b9903c538d045e266bd4d6cf40ede0b040b403,sslbl,ConnectWise C&C,"sslbl,2026-08-27",2026-08-27 16:06:11,2026-09-21 16:33:05,88
ssl_sha1,7841dc140c85781e29108109b73ab67c276a8eed,sslbl,OffLoader C&C,"sslbl,2026-09-15",2026-09-16 06:55:33,2026-09-21 16:33:05,88
ssl_sha1,78527fc92bcf8d188b3bcab1b35ac5881e2aaa43,sslbl,AsyncRAT C&C,"sslbl,2026-09-06",2026-09-06 16:06:16,2026-09-21 16:33:05,88
ssl_sha1,78dc4f50971751cbf98b96219dd56f099095a717,sslbl,Vidar C&C,"sslbl,2026-08-13",2026-08-13 08:13:02,2026-09-21 16:33:05,88
ssl_sha1,793ccba0eaedcd1a87bb5200cde5a1c9f21ad4ad,sslbl,Vidar C&C,"sslbl,2026-08-12",2026-08-12 12:42:52,2026-09-21 16:33:05,88
ssl_sha1,79e9e22d16866b1126c524c08afda88a225d6545,sslbl,ACRStealer C&C,"sslbl,2026-08-19",2026-08-19 16:06:13,2026-09-21 16:33:05,88
ssl_sha1,7a9be497f84c09e7591ba7c7d69539a6e0468302,sslbl,Vidar C&C,"sslbl,2026-08-24",2026-08-24 16:06:10,2026-09-21 16:33:05,88
ssl_sha1,7bbac2b67988c36fa1dbd3a75dc06629f766ccaf,sslbl,Vidar C&C,"sslbl,2026-08-13",2026-08-13 20:13:53,2026-09-21 16:33:05,88
ssl_sha1,7bc298ef18b49cfd44b5b429209035207250e25e,sslbl,Vidar C&C,"sslbl,2026-09-14",2026-09-14 16:06:31,2026-09-21 16:33:05,88
ssl_sha1,7bdeed30f5501a30f6aecc3f3cc372f7e52d6ce0,sslbl,ConnectWise C&C,"sslbl,2026-08-07",2026-08-07 12:43:25,2026-09-21 16:33:05,88
ssl_sha1,7bf6011a10ea612968ea925608fa67b5d599863a,sslbl,Vidar C&C,"sslbl,2026-08-12",2026-08-12 12:42:52,2026-09-21 16:33:05,88
ssl_sha1,7bf78d44f61a05e919479a1cf3e0ce158a50a0c6,sslbl,AsyncRAT C&C,"sslbl,2026-08-18",2026-08-18 22:07:31,2026-09-21 16:33:05,88
ssl_sha1,7c3a6c14032bce06d59bd68a7b61a8b88fe222ac,sslbl,OffLoader C&C,"sslbl,2026-08-11",2026-08-11 12:42:27,2026-09-21 16:33:05,88
ssl_sha1,7d5d941b4a1e4732fad44cce2a4ded87a20d5508,sslbl,Vidar C&C,"sslbl,2026-09-06",2026-09-06 16:06:16,2026-09-21 16:33:05,88
ssl_sha1,7d7d8f52b3aee2d5233b2f8cc838cd08a6036c1d,sslbl,OffLoader C&C,"sslbl,2026-09-07",2026-09-07 16:06:32,2026-09-21 16:33:05,88
ssl_sha1,7f111c69f42266b474927156f103d70843e7f82b,sslbl,RatonRAT C&C,"sslbl,2026-08-27",2026-08-27 16:06:11,2026-09-21 16:33:05,88
ssl_sha1,7f1ed4a13d8a2ba6e690ecaf66a9dfa42dd8d9d1,sslbl,ValleyRAT C&C,"sslbl,2026-08-25",2026-08-25 16:07:37,2026-09-21 16:33:05,88
ssl_sha1,7f350973861d149efb83b0a1f51d0e0db0329dda,sslbl,Malware distribution,"sslbl,2026-09-09",2026-09-10 04:07:18,2026-09-21 16:33:05,88
ssl_sha1,7f44d36f1f6bd375ba4e4a7866328a76047ce498,sslbl,AsyncRAT C&C,"sslbl,2026-08-19",2026-08-19 16:06:13,2026-09-21 16:33:05,88
ssl_sha1,7f73eeb03e7df441484d4610c5a0c3a02f166989,sslbl,PureLogsStealer C&C,"sslbl,2026-08-20",2026-08-20 16:06:17,2026-09-21 16:33:05,88
ssl_sha1,7f87bd5bde3e0a713e8554f419f7c80768c5ea60,sslbl,Vidar C&C,"sslbl,2026-09-17",2026-09-17 16:07:21,2026-09-21 16:33:05,88
ssl_sha1,7fa3afaafe3b7c5eab63712e58c9414a86d559ec,sslbl,AsyncRAT C&C,"sslbl,2026-09-06",2026-09-06 16:06:16,2026-09-21 16:33:05,88
ssl_sha1,81b9727d11b0493a919a8faa01815430a0dddef2,sslbl,OffLoader C&C,"sslbl,2026-09-17",2026-09-17 16:07:21,2026-09-21 16:33:05,88
ssl_sha1,841672d728070f0e4519a650a9c8618f9b80c502,sslbl,PureLogsStealer C&C,"sslbl,2026-08-28",2026-08-28 16:06:18,2026-09-21 16:33:05,88
ssl_sha1,847e013a4d337babfdf203eba82d2d32717b9d2d,sslbl,PureLogsStealer C&C,"sslbl,2026-08-10",2026-08-11 00:42:33,2026-09-21 16:33:05,88
ssl_sha1,8508e14457ad7de321edddf3688e124d5f1d652c,sslbl,Vidar C&C,"sslbl,2026-08-28",2026-08-28 16:06:18,2026-09-21 16:33:05,88
ssl_sha1,851e9888eda6290dc6d0c817ac0c82488a9e0bd8,sslbl,Vidar C&C,"sslbl,2026-09-01",2026-09-01 16:06:06,2026-09-21 16:33:05,88
ssl_sha1,865a8d01e86bcf06890c09c7b3e9f2c786d7e600,sslbl,PureRAT C&C,"sslbl,2026-08-20",2026-08-20 16:06:17,2026-09-21 16:33:05,88
ssl_sha1,87feeb825ed6c63616f07bcc03b76454c7e1612f,sslbl,Vidar C&C,"sslbl,2026-08-12",2026-08-12 12:42:52,2026-09-21 16:33:05,88
ssl_sha1,88b2180ded8f8a30de34b4dc84c2328bbd0af49f,sslbl,PureRAT C&C,"sslbl,2026-08-10",2026-08-10 12:42:40,2026-09-21 16:33:05,88
ssl_sha1,894348a13bd989cadc0e7dab223b2d98dd2a2a8f,sslbl,Vidar C&C,"sslbl,2026-09-17",2026-09-18 04:06:28,2026-09-21 16:33:05,88
ssl_sha1,89bbec947a91917d4676037abb417ceb72770851,sslbl,Vidar C&C,"sslbl,2026-08-17",2026-08-17 08:13:04,2026-09-21 16:33:05,88
ssl_sha1,8a6a82fdb53374bd62b62120a007ceb19d4ad827,sslbl,OffLoader C&C,"sslbl,2026-08-11",2026-08-11 12:42:27,2026-09-21 16:33:05,88
ssl_sha1,8a6c4a35948fff86f02ab87ac8ea353ddc3f8a8e,sslbl,Vidar C&C,"sslbl,2026-09-17",2026-09-17 16:07:21,2026-09-21 16:33:05,88
ssl_sha1,8b41b8741c4d2a24de0aba241f742f043f1014d1,sslbl,Vidar C&C,"sslbl,2026-08-27",2026-08-27 16:06:11,2026-09-21 16:33:05,88
ssl_sha1,8bdf129211692888e48d0970e49a8559450974dc,sslbl,AdaptixC2 C&C,"sslbl,2026-08-07",2026-08-07 12:43:25,2026-09-21 16:33:05,88
ssl_sha1,8befa0033eaaa1693777be12aa7d9236a9caf188,sslbl,Vidar C&C,"sslbl,2026-08-11",2026-08-11 12:42:27,2026-09-21 16:33:05,88
ssl_sha1,8c2a430246ca36ca14885fe1a101c61eaab4a96c,sslbl,AsyncRAT C&C,"sslbl,2026-08-31",2026-08-31 16:06:17,2026-09-21 16:33:05,88
ssl_sha1,8c6132e27eb7bfe859029b583c55243baf3f3029,sslbl,PureRAT C&C,"sslbl,2026-08-20",2026-08-20 16:06:17,2026-09-21 16:33:05,88
ssl_sha1,8c798a5e27290e239890509e6b0c08c214664a87,sslbl,Vidar C&C,"sslbl,2026-08-12",2026-08-12 12:42:52,2026-09-21 16:33:05,88
ssl_sha1,8cbedfb429f0d39039f26e2ce229191f21723e88,sslbl,RatonRAT C&C,"sslbl,2026-09-01",2026-09-01 16:06:06,2026-09-21 16:33:05,88
ssl_sha1,8cffe4fa8f624cb4c15790c414e04acde61e3651,sslbl,QuasarRAT C&C,"sslbl,2026-09-12",2026-09-12 16:06:49,2026-09-21 16:33:05,88
ssl_sha1,8d2a3d5cb72fac2e04ef51b3e056ab6b75e3f408,sslbl,PureLogsStealer C&C,"sslbl,2026-09-09",2026-09-09 16:06:20,2026-09-21 16:33:05,88
ssl_sha1,8d6fdff168340e954aad4f0f924276cd5b6e31b2,sslbl,Vidar C&C,"sslbl,2026-08-18",2026-08-18 10:07:25,2026-09-21 16:33:05,88
ssl_sha1,8d8f084ddf2729d1f4747f2a428dd8d9b13e1cfa,sslbl,OffLoader C&C,"sslbl,2026-08-22",2026-08-22 16:06:16,2026-09-21 16:33:05,88
ssl_sha1,8daac8268eaa54e2c2d1aef6108fba9ba29eaa36,sslbl,PureRAT C&C,"sslbl,2026-09-20",2026-09-20 16:08:22,2026-09-21 16:33:05,88
ssl_sha1,8e492f36b0c1412f2d872dc9d51c974d27733d47,sslbl,AsyncRAT C&C,"sslbl,2026-09-09",2026-09-10 04:07:18,2026-09-21 16:33:05,88
ssl_sha1,8f0bfca0ab1d555a035d5b498c9e26acdab3d7aa,sslbl,ACRStealer C&C,"sslbl,2026-08-10",2026-08-10 12:42:40,2026-09-21 16:33:05,88
ssl_sha1,8f154a9a3584398eb6be34b0e2f05c79c63cea6a,sslbl,OffLoader C&C,"sslbl,2026-08-28",2026-08-29 04:06:17,2026-09-21 16:33:05,88
ssl_sha1,8f57a784420cc1f07ffc8b9e462edf468963834e,sslbl,ACRStealer C&C,"sslbl,2026-09-15",2026-09-16 06:55:33,2026-09-21 16:33:05,88
ssl_sha1,9028baa7a4f17d812e2c497cdc6dbe5594780325,sslbl,OffLoader C&C,"sslbl,2026-09-21",2026-09-21 16:06:43,2026-09-21 16:33:05,88
ssl_sha1,90bbe9f7eacacb9bff89bbe1345a2cb4a30d2eed,sslbl,Vidar C&C,"sslbl,2026-09-15",2026-09-16 06:55:33,2026-09-21 16:33:05,88
ssl_sha1,919d5be1da2b1383786286d0fb199f4575db0d59,sslbl,Vidar C&C,"sslbl,2026-08-12",2026-08-12 12:42:52,2026-09-21 16:33:05,88
ssl_sha1,92bebc09af464e669c68d95052916e76f989e043,sslbl,Malware C&C,"sslbl,2026-08-04",2026-08-05 12:42:46,2026-09-21 16:33:05,88
ssl_sha1,930851db267db9c407bc5adaa9d49f5c994abece,sslbl,PureRAT C&C,"sslbl,2026-08-10",2026-08-10 12:42:40,2026-09-21 16:33:05,88
ssl_sha1,93edc2f5b2504b5700af766157b2aa96d1edd20f,sslbl,Malware C&C,"sslbl,2026-09-12",2026-09-12 16:06:49,2026-09-21 16:33:05,88
ssl_sha1,940df23eebede1e1e33a4c521ba05b4b37d04d68,sslbl,Vidar C&C,"sslbl,2026-08-11",2026-08-12 00:43:15,2026-09-21 16:33:05,88
ssl_sha1,942c595db95914eb4987a1e7ddd6f728fbc674ec,sslbl,PureLogsStealer C&C,"sslbl,2026-08-04",2026-08-05 12:42:46,2026-09-21 16:33:05,88
ssl_sha1,94711c109335059bb2dc4d338f33d3083004d6fa,sslbl,ACRStealer C&C,"sslbl,2026-08-28",2026-08-28 16:06:18,2026-09-21 16:33:05,88
ssl_sha1,94c2c17d919e1560dca7d4980e7f9c6eb5a402a0,sslbl,Vidar C&C,"sslbl,2026-08-14",2026-08-14 08:13:11,2026-09-21 16:33:05,88
ssl_sha1,9523fa2cadc7c0e46d0f22350939737b8a85d3e6,sslbl,OffLoader C&C,"sslbl,2026-09-17",2026-09-17 16:07:21,2026-09-21 16:33:05,88
ssl_sha1,952bcdeea03ea702626a30069c949581bf2d1b05,sslbl,Vidar C&C,"sslbl,2026-08-18",2026-08-18 22:07:31,2026-09-21 16:33:05,88
ssl_sha1,95a5eea4198c93663802a9ea047164b5497ea27f,sslbl,Malware C&C,"sslbl,2026-08-14",2026-08-14 08:13:11,2026-09-21 16:33:05,88
ssl_sha1,95fcb5ff7bd5e1d06b1e585af4ba3ceb95f01164,sslbl,Vidar C&C,"sslbl,2026-08-11",2026-08-11 12:42:27,2026-09-21 16:33:05,88
ssl_sha1,964d86f575c50b29d2b7157331d556859dd43e5e,sslbl,Vidar C&C,"sslbl,2026-08-05",2026-08-05 12:42:46,2026-09-21 16:33:05,88
ssl_sha1,969b40a4fd2fb579a29aed9b2f81a7cf5cc0b1db,sslbl,PureLogsStealer C&C,"sslbl,2026-08-27",2026-08-27 16:06:11,2026-09-21 16:33:05,88
ssl_sha1,96d6ce0654736e23138f54e29acbdb72ed65b5c2,sslbl,XWorm C&C,"sslbl,2026-09-17",2026-09-18 04:06:28,2026-09-21 16:33:05,88
ssl_sha1,9700462dfd419d0295b2753079208e939a853dce,sslbl,AsyncRAT C&C,"sslbl,2026-09-17",2026-09-17 16:07:21,2026-09-21 16:33:05,88
ssl_sha1,971af46c861e6f88e60b7c07a4850e76423c5c4a,sslbl,ConnectWise C&C,"sslbl,2026-08-07",2026-08-07 12:43:25,2026-09-21 16:33:05,88
ssl_sha1,972c98978e420c02a8d8c5f87930dadc70adbbd8,sslbl,ConnectWise C&C,"sslbl,2026-09-04",2026-09-04 16:06:41,2026-09-21 16:33:05,88
ssl_sha1,97cceb2f57c3b60f9d94b4603ac55860aaa9e03d,sslbl,ConnectWise C&C,"sslbl,2026-08-04",2026-08-04 07:49:13,2026-09-21 16:33:05,88
ssl_sha1,97dd1d6a2bc5769af6e0a7999bfaf2aeaf5452a1,sslbl,Vidar C&C,"sslbl,2026-08-05",2026-08-05 12:42:46,2026-09-21 16:33:05,88
ssl_sha1,99500e5de097a58d95775e1f9da85597851bdb71,sslbl,AsyncRAT C&C,"sslbl,2026-09-21",2026-09-21 16:06:43,2026-09-21 16:33:05,88
ssl_sha1,9959475fe7721d2c7ebb55e3d5b61ca1c79939f0,sslbl,ACRStealer C&C,"sslbl,2026-09-15",2026-09-16 06:55:33,2026-09-21 16:33:05,88
ssl_sha1,99e8e296eae361f7ddeb6ce7cc6d4bd521ee24b3,sslbl,Vidar C&C,"sslbl,2026-08-11",2026-08-11 12:42:27,2026-09-21 16:33:05,88
ssl_sha1,9a7e2e73f967101d75a3cb425b8980d50ca5c001,sslbl,ConnectWise C&C,"sslbl,2026-08-04",2026-08-04 07:49:13,2026-09-21 16:33:05,88
ssl_sha1,9aba7caceb4b84b49aaa4285d73183a94f4a50d5,sslbl,PureRAT C&C,"sslbl,2026-08-08",2026-08-09 00:42:39,2026-09-21 16:33:05,88
ssl_sha1,9b1d8ac99d61fbc0ba58655538c457db69c459e7,sslbl,PureLogsStealer C&C,"sslbl,2026-08-06",2026-08-06 12:43:05,2026-09-21 16:33:05,88
ssl_sha1,9b422835f6e86dcb59e08f1bb9a47576d98fff81,sslbl,Vidar C&C,"sslbl,2026-08-12",2026-08-12 12:42:52,2026-09-21 16:33:05,88
ssl_sha1,9b4c3ff8dc5891693f443320e3c1167c7cebe2b7,sslbl,QuasarRAT C&C,"sslbl,2026-08-13",2026-08-13 20:13:53,2026-09-21 16:33:05,88
ssl_sha1,9b5e0b2f2acb07fb226b8805b3a5fb5a28035e6e,sslbl,PureLogsStealer C&C,"sslbl,2026-08-04",2026-08-05 12:42:46,2026-09-21 16:33:05,88
ssl_sha1,9b798f7d87edcf42680454660f593afd696ef8ca,sslbl,QuasarRAT C&C,"sslbl,2026-09-21",2026-09-21 16:06:43,2026-09-21 16:33:05,88
ssl_sha1,9ba597b7a850fe598927a226f6ab2efd3050ff95,sslbl,Vidar C&C,"sslbl,2026-08-19",2026-08-20 04:06:14,2026-09-21 16:33:05,88
ssl_sha1,9bfa1f9e8d990faec4c91c5b9eaeb15898aff2e7,sslbl,ConnectWise C&C,"sslbl,2026-08-04",2026-08-04 07:49:13,2026-09-21 16:33:05,88
ssl_sha1,9c0a9291be46e42b67835dff9e6c767fd6660287,sslbl,Malware C&C,"sslbl,2026-08-22",2026-08-22 16:06:16,2026-09-21 16:33:05,88
ssl_sha1,9cd7f02e5bd6f0cb16141c3205aa9b00b0fce027,sslbl,PureLogsStealer C&C,"sslbl,2026-08-13",2026-08-13 20:13:53,2026-09-21 16:33:05,88
ssl_sha1,9d11e28c5eacd4bd250c9015c9dd1ba40e7e138b,sslbl,ConnectWise C&C,"sslbl,2026-09-17",2026-09-17 16:07:21,2026-09-21 16:33:05,88
ssl_sha1,9d495a9c646e3962ac5445e9b4da6832164dc4ee,sslbl,OffLoader C&C,"sslbl,2026-08-28",2026-08-28 16:06:18,2026-09-21 16:33:05,88
ssl_sha1,9df53aa0bf7a64882c66ee9c8122b4eae9cf79a6,sslbl,HypeAgent C&C,"sslbl,2026-08-31",2026-08-31 16:06:17,2026-09-21 16:33:05,88
ssl_sha1,9ea13ee5065114aee007c91c941ac3f8483c4326,sslbl,Vidar C&C,"sslbl,2026-08-13",2026-08-13 08:13:02,2026-09-21 16:33:05,88
ssl_sha1,9ed32abf115bfd4fd041c03a567c44579db4ed4a,sslbl,ConnectWise C&C,"sslbl,2026-09-17",2026-09-17 16:07:21,2026-09-21 16:33:05,88
ssl_sha1,9f0464e29fb94333e1ad31740bf4d4bff89cbd28,sslbl,Vidar C&C,"sslbl,2026-08-28",2026-08-28 16:06:18,2026-09-21 16:33:05,88
ssl_sha1,9f7f53410f881c40adf0d4e16a67fd8c4446452a,sslbl,OffLoader C&C,"sslbl,2026-09-09",2026-09-09 16:06:20,2026-09-21 16:33:05,88
ssl_sha1,a0b782d798a48e117c995c9deb013c5cffb0ac58,sslbl,PureLogsStealer C&C,"sslbl,2026-08-11",2026-08-11 12:42:27,2026-09-21 16:33:05,88
ssl_sha1,a0d553e2a130766628359bea489166c63b9892d7,sslbl,Vidar C&C,"sslbl,2026-08-30",2026-08-30 16:06:18,2026-09-21 16:33:05,88
ssl_sha1,a1146ac98390794517ff821a3377458555100eb3,sslbl,PureLogsStealer C&C,"sslbl,2026-08-04",2026-08-05 12:42:46,2026-09-21 16:33:05,88
ssl_sha1,a18ccdbee8a145ba523641dc63189ad51cd04064,sslbl,PureRAT C&C,"sslbl,2026-08-21",2026-08-21 16:09:28,2026-09-21 16:33:05,88
ssl_sha1,a1f081f8dbb13e90a644017441c648053495a708,sslbl,VenomRAT C&C,"sslbl,2026-09-06",2026-09-06 16:06:16,2026-09-21 16:33:05,88
ssl_sha1,a2ff80e27a773bd7505ce4ecad1b5bb136b78e30,sslbl,OffLoader C&C,"sslbl,2026-09-17",2026-09-17 16:07:21,2026-09-21 16:33:05,88
ssl_sha1,a45080c92a0b2314966517a4643ebf280e88a11b,sslbl,LummaStealer C&C,"sslbl,2026-08-14",2026-08-14 08:13:11,2026-09-21 16:33:05,88
ssl_sha1,a4a31d169043dc65fd2b36a0352564244c820b1d,sslbl,Malware C&C,"sslbl,2026-08-26",2026-08-26 16:06:11,2026-09-21 16:33:05,88
ssl_sha1,a52e17fe607d1e562e0cb67c6f2342e6b4dbf191,sslbl,Vidar C&C,"sslbl,2026-08-18",2026-08-18 10:07:25,2026-09-21 16:33:05,88
ssl_sha1,a5930d8e37f9f2874a281294d8508dd79df36b98,sslbl,ConnectWise C&C,"sslbl,2026-08-04",2026-08-04 07:49:13,2026-09-21 16:33:05,88
ssl_sha1,a5b119da03c543fa703dcf1f1470b547c88bc0ef,sslbl,Vidar C&C,"sslbl,2026-09-06",2026-09-06 16:06:16,2026-09-21 16:33:05,88
ssl_sha1,a5d4974f89b3751853ea918b1dea7564c7cb8185,sslbl,Vidar C&C,"sslbl,2026-08-27",2026-08-27 16:06:11,2026-09-21 16:33:05,88
ssl_sha1,a6268e092f3de555c67dac2f9e52eae979b3d8e3,sslbl,Vidar C&C,"sslbl,2026-08-17",2026-08-17 08:13:04,2026-09-21 16:33:05,88
ssl_sha1,a66308a1fb09c8345228ca00335e633b2dabde53,sslbl,Malware C&C,"sslbl,2026-09-06",2026-09-06 16:06:16,2026-09-21 16:33:05,88
ssl_sha1,a6849935d34ec88563267dcc290945712a22a382,sslbl,OffLoader C&C,"sslbl,2026-09-17",2026-09-17 16:07:21,2026-09-21 16:33:05,88
ssl_sha1,a6e6aa58bac84e56b868f5f618ef227b75d7208e,sslbl,QuasarRAT C&C,"sslbl,2026-08-29",2026-08-29 16:10:47,2026-09-21 16:33:05,88
ssl_sha1,a7a6a1125d19a58e8b9ca2c7d187915e06c0adce,sslbl,OffLoader C&C,"sslbl,2026-08-31",2026-08-31 16:06:17,2026-09-21 16:33:05,88
ssl_sha1,a7bc5bdb50a33449b1f9c6037a703e58caa406bf,sslbl,Vidar C&C,"sslbl,2026-09-21",2026-09-21 16:06:43,2026-09-21 16:33:05,88
ssl_sha1,a7fa6117a38135c4d9c26ec7e37f15b361535edf,sslbl,Vidar C&C,"sslbl,2026-08-30",2026-08-30 16:06:18,2026-09-21 16:33:05,88
ssl_sha1,a974b9d90161d8c5221961c65a975d81959cdb40,sslbl,Vidar C&C,"sslbl,2026-08-30",2026-08-31 04:06:19,2026-09-21 16:33:05,88
ssl_sha1,a9ebd28ce7e4ac020e6d263e228b8547e1914bfa,sslbl,Vidar C&C,"sslbl,2026-08-06",2026-08-07 00:43:03,2026-09-21 16:33:05,88
ssl_sha1,aa50e1b4a6e7c66ba2ce4c1c82e62f8d74cd7202,sslbl,Vidar C&C,"sslbl,2026-08-21",2026-08-21 16:09:28,2026-09-21 16:33:05,88
ssl_sha1,aaaa57850472f7c23d75d9470b1f98655d5c3655,sslbl,OffLoader C&C,"sslbl,2026-08-08",2026-08-09 00:42:39,2026-09-21 16:33:05,88
ssl_sha1,aaf31b3f7acfe6dc859d1b6269c7e17337a61fd7,sslbl,OffLoader C&C,"sslbl,2026-08-26",2026-08-26 16:06:11,2026-09-21 16:33:05,88
ssl_sha1,ab273c45f00b156514b5b6be664484911dbed547,sslbl,PureRAT C&C,"sslbl,2026-08-20",2026-08-20 16:06:17,2026-09-21 16:33:05,88
ssl_sha1,ab43d834686476fef1094bb0f9c5eef7d0bcd2f9,sslbl,SparkRAT C&C,"sslbl,2026-08-19",2026-08-19 16:06:13,2026-09-21 16:33:05,88
ssl_sha1,ab53f86d2ce32d9306f431e8e82f39cb31f48a53,sslbl,Vidar C&C,"sslbl,2026-08-19",2026-08-19 16:06:13,2026-09-21 16:33:05,88
ssl_sha1,abacd13c43005d6868d9b586e029a1d6a74e1470,sslbl,ConnectWise C&C,"sslbl,2026-08-19",2026-08-19 16:06:13,2026-09-21 16:33:05,88
ssl_sha1,abe57abc8722c69494113060260ba340cd897744,sslbl,ShellterLoader C&C,"sslbl,2026-08-17",2026-08-17 18:44:22,2026-09-21 16:33:05,88
ssl_sha1,ad1e251a18db0657b238f75305b312593a6276a4,sslbl,PureLogsStealer C&C,"sslbl,2026-09-10",2026-09-10 16:06:38,2026-09-21 16:33:05,88
ssl_sha1,ad3cd2a04112f9ffec395649d537dc68bceb3754,sslbl,PureRAT C&C,"sslbl,2026-08-07",2026-08-07 12:43:25,2026-09-21 16:33:05,88
ssl_sha1,adfc8dd0c5e99a8e33b1df7d5c10fc9653342491,sslbl,ConnectWise C&C,"sslbl,2026-08-22",2026-08-22 16:06:16,2026-09-21 16:33:05,88
ssl_sha1,ae2744e9ad9fb574cb79ceff176cbfc982e4fddb,sslbl,ConnectWise C&C,"sslbl,2026-08-11",2026-08-11 12:42:27,2026-09-21 16:33:05,88
ssl_sha1,aec890965f808398c124d16d25255ac4ed1ce6ca,sslbl,Vidar C&C,"sslbl,2026-08-11",2026-08-11 12:42:27,2026-09-21 16:33:05,88
ssl_sha1,aee6dc1596aba77bde72f0b66a8c32785c6b8e18,sslbl,ConnectWise C&C,"sslbl,2026-09-17",2026-09-17 16:07:21,2026-09-21 16:33:05,88
ssl_sha1,af1a7c59f98298c9d3542e306d0292bdf30b4388,sslbl,PureRAT C&C,"sslbl,2026-08-20",2026-08-20 16:06:17,2026-09-21 16:33:05,88
ssl_sha1,b00aa24dc7459e8a0a8f5fbb3d2a27bd646de1e3,sslbl,HypeAgent C&C,"sslbl,2026-08-18",2026-08-18 10:07:25,2026-09-21 16:33:05,88
ssl_sha1,b0cf2650da454ed5cc67102d95f8b9ba00602ead,sslbl,OffLoader C&C,"sslbl,2026-08-25",2026-08-25 16:07:37,2026-09-21 16:33:05,88
ssl_sha1,b0dfb9c6353dc65a3b503bcb2258db457c5b5947,sslbl,Malware C&C,"sslbl,2026-08-26",2026-08-26 16:06:11,2026-09-21 16:33:05,88
ssl_sha1,b1382377a32ee6c85e47edf264f1f6ef5b49e2a3,sslbl,PureLogsStealer C&C,"sslbl,2026-08-31",2026-08-31 16:06:17,2026-09-21 16:33:05,88
ssl_sha1,b14379b3743c37a26289499aca921c99998649f1,sslbl,QuasarRAT C&C,"sslbl,2026-08-04",2026-08-04 07:49:13,2026-09-21 16:33:05,88
ssl_sha1,b1709ae370ca3fb7ddb3fb49b6c1fca1303a4a97,sslbl,Vidar C&C,"sslbl,2026-09-06",2026-09-07 04:07:00,2026-09-21 16:33:05,88
ssl_sha1,b23101487158938dc99bd731fe372634ad768a0f,sslbl,PureRAT C&C,"sslbl,2026-08-13",2026-08-13 08:13:02,2026-09-21 16:33:05,88
ssl_sha1,b26d3f583556acab11cbfa864f596c143b15f32d,sslbl,Vidar C&C,"sslbl,2026-08-17",2026-08-17 08:13:04,2026-09-21 16:33:05,88
ssl_sha1,b28f42ca50cfb259dfc8dfe16e13631da75d6397,sslbl,PureLogsStealer C&C,"sslbl,2026-08-20",2026-08-20 16:06:17,2026-09-21 16:33:05,88
ssl_sha1,b2b4ba87b84f146bbd2f8baa34ea5d555945af28,sslbl,Vidar C&C,"sslbl,2026-09-06",2026-09-06 16:06:16,2026-09-21 16:33:05,88
ssl_sha1,b2e42b1a036329fa6fef4477d35887b1d357711e,sslbl,Vidar C&C,"sslbl,2026-08-04",2026-08-04 07:49:13,2026-09-21 16:33:05,88
ssl_sha1,b34240912bc1f09b2e2342363647616b1088a1b0,sslbl,PureRAT C&C,"sslbl,2026-08-29",2026-08-29 16:10:47,2026-09-21 16:33:05,88
ssl_sha1,b364395fee8c2e4c9eaf9a2531f6f7ac7bf8e4ae,sslbl,QuasarRAT C&C,"sslbl,2026-08-10",2026-08-10 12:42:40,2026-09-21 16:33:05,88
ssl_sha1,b3cbb7925cba0c91ef00f0208b35cfffc96614c7,sslbl,PureRAT C&C,"sslbl,2026-09-06",2026-09-06 16:06:16,2026-09-21 16:33:05,88
ssl_sha1,b43fde87eccd529d630ac6c5aa28931a3e6d52bf,sslbl,OffLoader C&C,"sslbl,2026-09-11",2026-09-11 16:06:11,2026-09-21 16:33:05,88
ssl_sha1,b5b8bebd73d8e8aec88ccc17b1e27c34921667ae,sslbl,Vidar C&C,"sslbl,2026-08-08",2026-08-09 00:42:39,2026-09-21 16:33:05,88
ssl_sha1,b5daf66c6f8a99f2d6fe3fc678264598ec140049,sslbl,PureRAT C&C,"sslbl,2026-09-07",2026-09-07 16:06:32,2026-09-21 16:33:05,88
ssl_sha1,b5f071dd28b511f0b4b067507602a779feb4301f,sslbl,AsyncRAT C&C,"sslbl,2026-08-11",2026-08-11 12:42:27,2026-09-21 16:33:05,88
ssl_sha1,b637337f25fe0290aaa04de866605bd70748c263,sslbl,Vidar C&C,"sslbl,2026-09-06",2026-09-06 16:06:16,2026-09-21 16:33:05,88
ssl_sha1,b72b8c162f5b2fe045e0445f9be1937d98279092,sslbl,OffLoader C&C,"sslbl,2026-08-19",2026-08-19 16:06:13,2026-09-21 16:33:05,88
ssl_sha1,b73835be5d6f7dbb40f9df1347745bbb0963783c,sslbl,PureLogsStealer C&C,"sslbl,2026-08-26",2026-08-26 16:06:11,2026-09-21 16:33:05,88
ssl_sha1,b7c32dab3a4cd691ddcfee4bc1fed6d1d6f81c18,sslbl,AsyncRAT C&C,"sslbl,2026-09-07",2026-09-07 16:06:32,2026-09-21 16:33:05,88
ssl_sha1,b8b347f5d18be90876c3d3a5458b6e60598246bd,sslbl,PureLogsStealer C&C,"sslbl,2026-08-04",2026-08-05 12:42:46,2026-09-21 16:33:05,88
ssl_sha1,b8b410c62bcb320c20cfee554f472df3fa5734e4,sslbl,PureLogsStealer C&C,"sslbl,2026-08-06",2026-08-06 12:43:05,2026-09-21 16:33:05,88
ssl_sha1,b94eb3bcd4a57442c30e14dd2067b0c6c46d9619,sslbl,ConnectWise C&C,"sslbl,2026-08-21",2026-08-21 16:09:28,2026-09-21 16:33:05,88
ssl_sha1,b95285b6b061fd0acf6a5ae95433d703f52d1872,sslbl,PureLogsStealer C&C,"sslbl,2026-08-21",2026-08-21 16:09:28,2026-09-21 16:33:05,88
ssl_sha1,b9e2100c0408138edfedb92704bfc57ef9fb59f0,sslbl,PureLogsStealer C&C,"sslbl,2026-08-10",2026-08-10 12:42:40,2026-09-21 16:33:05,88
ssl_sha1,ba3714d484afb75fd03911c59aa096cee9595955,sslbl,QuasarRAT C&C,"sslbl,2026-09-15",2026-09-16 06:55:33,2026-09-21 16:33:05,88
ssl_sha1,ba98762c6eadc76480a1a97ec9c8b54a3002bc10,sslbl,PureLogsStealer C&C,"sslbl,2026-09-09",2026-09-09 16:06:20,2026-09-21 16:33:05,88
ssl_sha1,bd12ed0d3f8dac14cb7de27202b10331831dc8c7,sslbl,OffLoader C&C,"sslbl,2026-09-08",2026-09-08 16:06:37,2026-09-21 16:33:05,88
ssl_sha1,be12aa485facf3375cc2416e1f8fb28541136b83,sslbl,ConnectWise C&C,"sslbl,2026-08-29",2026-08-29 16:10:47,2026-09-21 16:33:05,88
ssl_sha1,be5b37f69a9cf825cca6d9b0e27e3aeaf0903721,sslbl,ACRStealer C&C,"sslbl,2026-08-27",2026-08-27 16:06:11,2026-09-21 16:33:05,88
ssl_sha1,bf192adc3dcaba7412e15b567de22e3f3150bbf7,sslbl,PureLogsStealer C&C,"sslbl,2026-08-21",2026-08-21 16:09:28,2026-09-21 16:33:05,88
ssl_sha1,bfb6503c7c6ce8af43c41197a7fcaec491baa810,sslbl,Vidar C&C,"sslbl,2026-09-01",2026-09-01 16:06:06,2026-09-21 16:33:05,88
ssl_sha1,bfbcd2802186b6c5707f7ff6341b87c12b97f4a4,sslbl,PureRAT C&C,"sslbl,2026-08-30",2026-08-30 16:06:18,2026-09-21 16:33:05,88
ssl_sha1,c0b1920e3d73babea5c2ef2af7ba72977e65586b,sslbl,Vidar C&C,"sslbl,2026-08-12",2026-08-12 12:42:52,2026-09-21 16:33:05,88
ssl_sha1,c2826e64fffde42b99ba86c30055eb2dbd064319,sslbl,OffLoader C&C,"sslbl,2026-08-05",2026-08-05 12:42:46,2026-09-21 16:33:05,88
ssl_sha1,c3e6df2402e57af3e0b7c66f8282efec4a387ac6,sslbl,OffLoader C&C,"sslbl,2026-09-15",2026-09-16 06:55:33,2026-09-21 16:33:05,88
ssl_sha1,c625552b0cc88337be1533622d895a90d8f2d227,sslbl,Malware C&C,"sslbl,2026-09-18",2026-09-18 16:06:41,2026-09-21 16:33:05,88
ssl_sha1,c6d367c9312830fbe81f12e8be9f1d56d2e10b13,sslbl,PureRAT C&C,"sslbl,2026-08-20",2026-08-20 16:06:17,2026-09-21 16:33:05,88
ssl_sha1,c78af78d930e82506823c8ececf1140c7035d8ef,sslbl,OffLoader C&C,"sslbl,2026-09-12",2026-09-12 16:06:49,2026-09-21 16:33:05,88
ssl_sha1,c7abcfeba6d01d0b78b8c690ab1d8d06078ddf11,sslbl,ConnectWise C&C,"sslbl,2026-08-07",2026-08-07 12:43:25,2026-09-21 16:33:05,88
ssl_sha1,c877ab2eec4efcc42bae4819dce27744bd41c0ef,sslbl,HypeAgent C&C,"sslbl,2026-09-01",2026-09-01 16:06:06,2026-09-21 16:33:05,88
ssl_sha1,c8f25096d3b14521a804d30fb8d618f4f0b33950,sslbl,OffLoader C&C,"sslbl,2026-09-18",2026-09-18 16:06:41,2026-09-21 16:33:05,88
ssl_sha1,ca488616709ba9b2d92517094a073d4b6c6849f1,sslbl,PureRAT C&C,"sslbl,2026-09-20",2026-09-20 16:08:22,2026-09-21 16:33:05,88
ssl_sha1,ca8a5bbb1e6b22fa9ad9757c50f1bdaf2c22011d,sslbl,OffLoader C&C,"sslbl,2026-08-30",2026-08-30 16:06:18,2026-09-21 16:33:05,88
ssl_sha1,ca9e642c1028f3a7fa79947493c34a981705a05d,sslbl,DonutLoader C&C,"sslbl,2026-08-04",2026-08-05 12:42:46,2026-09-21 16:33:05,88
ssl_sha1,cab93f3d490ed168600f08e5cc4a55d4e8c503c8,sslbl,ConnectWise C&C,"sslbl,2026-09-01",2026-09-01 16:06:06,2026-09-21 16:33:05,88
ssl_sha1,cb2d6049ca9e2a20d92f8ee6ae28060d9d460b85,sslbl,OffLoader C&C,"sslbl,2026-09-08",2026-09-08 16:06:37,2026-09-21 16:33:05,88
ssl_sha1,cb4e3c26f38c41dee4cbb27b77f46221e71821d1,sslbl,ACRStealer C&C,"sslbl,2026-09-15",2026-09-16 06:55:33,2026-09-21 16:33:05,88
ssl_sha1,cbde10c2baa3d573791b7e6044ba4e8f15094cd2,sslbl,PureRAT C&C,"sslbl,2026-08-08",2026-08-09 00:42:39,2026-09-21 16:33:05,88
ssl_sha1,cc50b31d95b1d87ac2b597a84544d9368780978a,sslbl,OrcusRAT C&C,"sslbl,2026-09-20",2026-09-20 16:08:22,2026-09-21 16:33:05,88
ssl_sha1,cc7d79ea8261997821ca3c8ad44b61023ad5af89,sslbl,Vidar C&C,"sslbl,2026-08-11",2026-08-11 12:42:27,2026-09-21 16:33:05,88
ssl_sha1,ccc880d541544fedae179d9adcff6f8c74741aed,sslbl,PureRAT C&C,"sslbl,2026-08-04",2026-08-04 07:49:13,2026-09-21 16:33:05,88
ssl_sha1,cd4fbb7112546836c61911e6b3a09770b6aebf29,sslbl,DCAgentRMM C&C,"sslbl,2026-09-04",2026-09-04 16:06:41,2026-09-21 16:33:05,88
ssl_sha1,cede10451532b072c7017c49ef4fcd273301a826,sslbl,ConnectWise C&C,"sslbl,2026-08-07",2026-08-07 12:43:25,2026-09-21 16:33:05,88
ssl_sha1,cfe6dcd7527099d525ffa8cec0bd1ab5020d47a7,sslbl,Vidar C&C,"sslbl,2026-08-08",2026-08-09 00:42:39,2026-09-21 16:33:05,88
ssl_sha1,d0944e5765a9b5767d3cf02e3bdd9f466c5391b7,sslbl,Vidar C&C,"sslbl,2026-08-14",2026-08-14 08:13:11,2026-09-21 16:33:05,88
ssl_sha1,d0e596efec703d8645be9af9f1ab51b27714d9ec,sslbl,ConnectWise C&C,"sslbl,2026-08-19",2026-08-19 16:06:13,2026-09-21 16:33:05,88
ssl_sha1,d0eec27b6184ec84b6c3274869667f608e30de16,sslbl,PureRAT C&C,"sslbl,2026-08-20",2026-08-20 16:06:17,2026-09-21 16:33:05,88
ssl_sha1,d123d7f43d63545c7a8f643acbe73e81f35c3f14,sslbl,QuasarRAT C&C,"sslbl,2026-08-28",2026-08-28 16:06:18,2026-09-21 16:33:05,88
ssl_sha1,d18f8b968bd5981971d6699bdc4ed7b96a3e7248,sslbl,Vidar C&C,"sslbl,2026-08-14",2026-08-14 08:13:11,2026-09-21 16:33:05,88
ssl_sha1,d260d414670f40733184875b60bb353632e73fcc,sslbl,OffLoader C&C,"sslbl,2026-09-18",2026-09-18 16:06:41,2026-09-21 16:33:05,88
ssl_sha1,d268bd42f68634bb226be6b56dc4b7c13e930d2a,sslbl,PureLogsStealer C&C,"sslbl,2026-08-31",2026-08-31 16:06:17,2026-09-21 16:33:05,88
ssl_sha1,d2ea1d53e2027b0378fa9346965edbcc0215e251,sslbl,DCRat C&C,"sslbl,2026-09-02",2026-09-02 16:07:20,2026-09-21 16:33:05,88
ssl_sha1,d31628ba7beba86d4beecc67ae79fea667c1a11e,sslbl,OffLoader C&C,"sslbl,2026-08-12",2026-08-12 12:42:52,2026-09-21 16:33:05,88
ssl_sha1,d359f356ed88b04089b7afe53f13a913382bd4da,sslbl,PureRAT C&C,"sslbl,2026-09-09",2026-09-09 16:06:20,2026-09-21 16:33:05,88
ssl_sha1,d35b4be8b535918a0656df6b58c8ed8fb23692e0,sslbl,PureRAT C&C,"sslbl,2026-08-06",2026-08-06 12:43:05,2026-09-21 16:33:05,88
ssl_sha1,d43c9f366658adf98f67c12dd8fcb3bca52db900,sslbl,Vidar C&C,"sslbl,2026-08-29",2026-08-29 16:10:47,2026-09-21 16:33:05,88
ssl_sha1,d45abb7b4fc7a67b785708f4ba88c080b3d0207c,sslbl,ConnectWise C&C,"sslbl,2026-08-19",2026-08-19 16:06:13,2026-09-21 16:33:05,88
ssl_sha1,d538bd18d7e63dfe3a67c02c253cc277e2b9733a,sslbl,DCAgentRMM C&C,"sslbl,2026-09-06",2026-09-06 16:06:16,2026-09-21 16:33:05,88
ssl_sha1,d55545d9e23fbf6f6b667d4e055454de1108a627,sslbl,Malware C&C,"sslbl,2026-09-01",2026-09-01 16:06:06,2026-09-21 16:33:05,88
ssl_sha1,d5fdf320afff16aee74bb14f25ef245ea75928ad,sslbl,ACRStealer C&C,"sslbl,2026-08-12",2026-08-12 12:42:52,2026-09-21 16:33:05,88
ssl_sha1,d7c3d38e27ab758c908f81b72a6fea1cd1af7369,sslbl,PureLogsStealer C&C,"sslbl,2026-08-04",2026-08-04 07:49:13,2026-09-21 16:33:05,88
ssl_sha1,d7d3f678f9b63334375db11eecc81be2db4db6f0,sslbl,ConnectWise C&C,"sslbl,2026-08-07",2026-08-07 12:43:25,2026-09-21 16:33:05,88
ssl_sha1,d8614f6c4127ebeaf66a898a8e7ce3801cf03c30,sslbl,PureLogsStealer C&C,"sslbl,2026-08-12",2026-08-12 12:42:52,2026-09-21 16:33:05,88
ssl_sha1,d8bdc29b8e9cdd5a849185ca6042d9c6f90d12e7,sslbl,Malware C&C,"sslbl,2026-08-22",2026-08-22 16:06:16,2026-09-21 16:33:05,88
ssl_sha1,d8f9205907b3bd3de4fb0513e5c53f167064a452,sslbl,OffLoader C&C,"sslbl,2026-09-14",2026-09-14 16:06:31,2026-09-21 16:33:05,88
ssl_sha1,d962e722e22971c6b81f89befbbe949241b8c2ec,sslbl,OffLoader C&C,"sslbl,2026-08-21",2026-08-21 16:09:28,2026-09-21 16:33:05,88
ssl_sha1,d9da2988d90a2479eb45e1fc66ff46b04f2289f2,sslbl,ACRStealer C&C,"sslbl,2026-08-28",2026-08-28 16:06:18,2026-09-21 16:33:05,88
ssl_sha1,da016d8c7ef2176f549cd35927d92a6d9cc9e253,sslbl,PureLogsStealer C&C,"sslbl,2026-09-10",2026-09-10 16:06:38,2026-09-21 16:33:05,88
ssl_sha1,da841f680c2699118b0f96b74c16b0625e03f180,sslbl,Amadey C&C,"sslbl,2026-08-10",2026-08-10 12:42:40,2026-09-21 16:33:05,88
ssl_sha1,dac0432f5f74d7d465966420968c96166217923f,sslbl,Vidar C&C,"sslbl,2026-08-31",2026-08-31 16:06:17,2026-09-21 16:33:05,88
ssl_sha1,db7000ad8c148580941840ce41d8efb95f478854,sslbl,ACRStealer C&C,"sslbl,2026-09-12",2026-09-12 16:06:49,2026-09-21 16:33:05,88
ssl_sha1,db767b560efd2f6811b4c4adf2b0fdaee18fdad5,sslbl,PureLogsStealer C&C,"sslbl,2026-08-04",2026-08-05 12:42:46,2026-09-21 16:33:05,88
ssl_sha1,db787c8625b794b3d2385274bfdf8f34d731d7d9,sslbl,Vidar C&C,"sslbl,2026-08-27",2026-08-27 16:06:11,2026-09-21 16:33:05,88
ssl_sha1,dbb503055e3d10fa9d7c07f445e1cf6e5959f038,sslbl,PureRAT C&C,"sslbl,2026-08-25",2026-08-25 16:07:37,2026-09-21 16:33:05,88
ssl_sha1,dcd0ddb2675731126703bc235532e2fe60457b2a,sslbl,PureRAT C&C,"sslbl,2026-09-02",2026-09-02 16:07:20,2026-09-21 16:33:05,88
ssl_sha1,dce637479f61ac7c43c869dcce6b6a050ee29917,sslbl,ACRStealer C&C,"sslbl,2026-08-12",2026-08-12 12:42:52,2026-09-21 16:33:05,88
ssl_sha1,dcf9b87b04998fde1fa03e83bfb8fec67ab1e1e1,sslbl,ConnectWise C&C,"sslbl,2026-08-04",2026-08-04 07:49:13,2026-09-21 16:33:05,88
ssl_sha1,dd7323e5437c503d3b0f4bc1d268dfffd58b80ab,sslbl,Malware C&C,"sslbl,2026-08-11",2026-08-11 12:42:27,2026-09-21 16:33:05,88
ssl_sha1,dd95dacb4419bad92d3d39fa274af4acc1cb6988,sslbl,ConnectWise C&C,"sslbl,2026-08-04",2026-08-04 07:49:13,2026-09-21 16:33:05,88
ssl_sha1,ddac606a1cf89b62cad44ca59ae7986378f191e7,sslbl,OffLoader C&C,"sslbl,2026-08-27",2026-08-27 16:06:11,2026-09-21 16:33:05,88
ssl_sha1,ddfdf0aa1923b91144b9886e63430e063ad115a8,sslbl,OffLoader C&C,"sslbl,2026-08-29",2026-08-29 16:10:47,2026-09-21 16:33:05,88
ssl_sha1,de0a287fb9997f0ffbd36df79b13cfda63f0bfcd,sslbl,QuasarRAT C&C,"sslbl,2026-09-06",2026-09-06 16:06:16,2026-09-21 16:33:05,88
ssl_sha1,de7567aa2ce367cb0915ffd8eb55b1e320e726c9,sslbl,PureLogsStealer C&C,"sslbl,2026-08-21",2026-08-21 16:09:28,2026-09-21 16:33:05,88
ssl_sha1,dec7517543aba8ea73a1b336a0e72230bdfab6cc,sslbl,Vidar C&C,"sslbl,2026-09-20",2026-09-20 16:08:22,2026-09-21 16:33:05,88
ssl_sha1,ded1fe95801f3c3fd8a1c73360fbaef6697bcf34,sslbl,Malware distribution,"sslbl,2026-08-05",2026-08-05 12:42:46,2026-09-21 16:33:05,88
ssl_sha1,dfde6725130631a83b3d0dc221736bad3db16918,sslbl,OffLoader C&C,"sslbl,2026-08-14",2026-08-14 08:13:11,2026-09-21 16:33:05,88
ssl_sha1,e00005ae100b2af24cf6d7f71b7cd123f8b916be,sslbl,DCRat C&C,"sslbl,2026-09-07",2026-09-07 16:06:32,2026-09-21 16:33:05,88
ssl_sha1,e0ffdffb5d9bf9216ea5e70d4fe2bae919f5a6ca,sslbl,OffLoader C&C,"sslbl,2026-08-20",2026-08-20 16:06:17,2026-09-21 16:33:05,88
ssl_sha1,e11c9cfa144ec7da0f1b77838fd02cfb7e897eaa,sslbl,Vidar C&C,"sslbl,2026-08-11",2026-08-11 12:42:27,2026-09-21 16:33:05,88
ssl_sha1,e129189e0ed0545baad30c054b5f51301d766516,sslbl,OffLoader C&C,"sslbl,2026-09-13",2026-09-14 04:06:32,2026-09-21 16:33:05,88
ssl_sha1,e15c7bdeb747a9fff47c514a10229a2a59d1157d,sslbl,AnimateClipper C&C,"sslbl,2026-07-29",2026-07-29 17:37:13,2026-09-21 16:33:05,88
ssl_sha1,e1fadee899789d8e802b8b88dcf67e4cae82ccf1,sslbl,Vidar C&C,"sslbl,2026-08-20",2026-08-20 16:06:17,2026-09-21 16:33:05,88
ssl_sha1,e20ecba521fd923644d154963d32d5cd29f4c0b1,sslbl,PureLogsStealer C&C,"sslbl,2026-09-21",2026-09-21 16:06:43,2026-09-21 16:33:05,88
ssl_sha1,e265df346af246b4a57b638872957cacce04f289,sslbl,DumplingsRAT C&C,"sslbl,2026-08-26",2026-08-26 16:06:11,2026-09-21 16:33:05,88
ssl_sha1,e39fdf1800919f6dd77d89bcdbc0b1fe8a9352eb,sslbl,Vidar C&C,"sslbl,2026-08-18",2026-08-18 22:07:31,2026-09-21 16:33:05,88
ssl_sha1,e458b2ccf8647aee41d64e46d1baadfc49e9e853,sslbl,OffLoader C&C,"sslbl,2026-09-14",2026-09-14 16:06:31,2026-09-21 16:33:05,88
ssl_sha1,e481c58f5012d5d8a5177bf84b055fc93c06e32e,sslbl,NetSupport C&C,"sslbl,2026-08-29",2026-08-29 16:10:47,2026-09-21 16:33:05,88
ssl_sha1,e61c15649184bdcdb39ae1fee964f8681677da35,sslbl,Vidar C&C,"sslbl,2026-09-06",2026-09-06 16:06:16,2026-09-21 16:33:05,88
ssl_sha1,e61c2fca353a70e5eef94a7a6a0d72fa1fcd2df2,sslbl,Amadey C&C,"sslbl,2026-08-10",2026-08-10 12:42:40,2026-09-21 16:33:05,88
ssl_sha1,e63b53c2c26b9bff8f20e018efe7c166ec3c4acd,sslbl,ConnectWise C&C,"sslbl,2026-08-07",2026-08-07 12:43:25,2026-09-21 16:33:05,88
ssl_sha1,e649d5c0e33423531f5404ed8f985a3fc42fb934,sslbl,OffLoader C&C,"sslbl,2026-09-06",2026-09-06 16:06:16,2026-09-21 16:33:05,88
ssl_sha1,e6b44935f6416b11d4ec5d51bbcae9e6f2ab5ce7,sslbl,OffLoader C&C,"sslbl,2026-08-08",2026-08-09 00:42:39,2026-09-21 16:33:05,88
ssl_sha1,e85536b156e0cd96f57d1925fb4f9fadaf825b9a,sslbl,Malware C&C,"sslbl,2026-09-03",2026-09-03 16:06:37,2026-09-21 16:33:05,88
ssl_sha1,e953a8c7f135a5b8867b9dfcfc2a1b402f1e289e,sslbl,PureLogsStealer C&C,"sslbl,2026-08-13",2026-08-13 20:13:53,2026-09-21 16:33:05,88
ssl_sha1,ea74c0bba5834a0445661f91c3a220811eb965a3,sslbl,PureLogsStealer C&C,"sslbl,2026-09-21",2026-09-21 16:06:43,2026-09-21 16:33:05,88
ssl_sha1,ec70fdbbd715a57474807302b27f3eb124b05049,sslbl,Vidar C&C,"sslbl,2026-08-12",2026-08-12 12:42:52,2026-09-21 16:33:05,88
ssl_sha1,ecae976f3eabcaad996e0a431d47bcead61dfb5e,sslbl,RatonRAT C&C,"sslbl,2026-08-21",2026-08-21 16:09:28,2026-09-21 16:33:05,88
ssl_sha1,ece1b6bdc8e62d35188aab274bdb0be28d84c43f,sslbl,QuasarRAT C&C,"sslbl,2026-08-06",2026-08-07 00:43:03,2026-09-21 16:33:05,88
ssl_sha1,ed0d4b2a9c090b6af6c99fd5b899831da206d835,sslbl,Vidar C&C,"sslbl,2026-07-30",2026-07-31 05:35:34,2026-09-21 16:33:05,88
ssl_sha1,ed312f7ad58a9faec6d3c93aabf598335fdf494c,sslbl,Vidar C&C,"sslbl,2026-08-31",2026-08-31 16:06:17,2026-09-21 16:33:05,88
ssl_sha1,ed64fe5bf9ba187fb8b7a54fce4a986d6681f4f2,sslbl,Vidar C&C,"sslbl,2026-09-20",2026-09-20 16:08:22,2026-09-21 16:33:05,88
ssl_sha1,edbd45e54859ad7082efb79465ba938bb2581132,sslbl,OffLoader C&C,"sslbl,2026-08-18",2026-08-18 22:07:31,2026-09-21 16:33:05,88
ssl_sha1,edd934290c1a24e425d4d6f6c82a08ebc392b89f,sslbl,OffLoader C&C,"sslbl,2026-08-25",2026-08-25 16:07:37,2026-09-21 16:33:05,88
ssl_sha1,eedeb11bc67df6c7b7a714512a59dc346c1b4271,sslbl,Socks5Systemz C&C,"sslbl,2026-08-26",2026-08-26 16:06:11,2026-09-21 16:33:05,88
ssl_sha1,ef5c2a4999763064e2213dbe1c8ed696c0e8914b,sslbl,Vidar C&C,"sslbl,2026-08-29",2026-08-29 16:10:47,2026-09-21 16:33:05,88
ssl_sha1,ef74c5ab92e15e7226ba84cce3a45522c74ba902,sslbl,PureLogsStealer C&C,"sslbl,2026-08-06",2026-08-06 12:43:05,2026-09-21 16:33:05,88
ssl_sha1,ef771150284da548676c603f5a4e1cd2763fd27f,sslbl,PureLogsStealer C&C,"sslbl,2026-08-04",2026-08-04 07:49:13,2026-09-21 16:33:05,88
ssl_sha1,efdc9593038f9c5962ec9529b7dd02ce4b40f6c9,sslbl,OffLoader C&C,"sslbl,2026-09-20",2026-09-20 16:08:22,2026-09-21 16:33:05,88
ssl_sha1,efed7c2a381b7d580caf89354c93991ac2de65b3,sslbl,OffLoader C&C,"sslbl,2026-08-26",2026-08-26 16:06:11,2026-09-21 16:33:05,88
ssl_sha1,f0e6af342ccf5fe1beb177e2bf3cb2cac4aa1fa6,sslbl,RatonRAT C&C,"sslbl,2026-08-31",2026-08-31 16:06:17,2026-09-21 16:33:05,88
ssl_sha1,f166dfb0e185cab2e7bfdfff50edc67f238195c3,sslbl,Vidar C&C,"sslbl,2026-09-15",2026-09-16 06:55:33,2026-09-21 16:33:05,88
ssl_sha1,f351f7dbe9c583f75758b39cd307f5359d110c73,sslbl,AsyncRAT C&C,"sslbl,2026-08-18",2026-08-18 22:07:31,2026-09-21 16:33:05,88
ssl_sha1,f3a38c4fa9a59b250a0a2d351af061fce6a21995,sslbl,ConnectWise C&C,"sslbl,2026-08-11",2026-08-11 12:42:27,2026-09-21 16:33:05,88
ssl_sha1,f3ba11a6cb8be921ee0fbd326de9a66220bcc82f,sslbl,Vidar C&C,"sslbl,2026-08-15",2026-08-15 20:13:12,2026-09-21 16:33:05,88
ssl_sha1,f419fdfce448a7313ebd93fe4d93ea7d07a1e56d,sslbl,PureLogsStealer C&C,"sslbl,2026-09-17",2026-09-17 16:07:21,2026-09-21 16:33:05,88
ssl_sha1,f4bcfdf7f5ae1e7732a26da5135223f3ef8ebcde,sslbl,ACRStealer C&C,"sslbl,2026-09-15",2026-09-16 06:55:33,2026-09-21 16:33:05,88
ssl_sha1,f50e245dc1e4a89d6cf5e07e31ae1392a3f9ad20,sslbl,AsyncRAT C&C,"sslbl,2026-08-14",2026-08-14 08:13:11,2026-09-21 16:33:05,88
ssl_sha1,f52ace7c91f1ad88a78ea62eab06e000e2f88f16,sslbl,PureRAT C&C,"sslbl,2026-08-20",2026-08-20 16:06:17,2026-09-21 16:33:05,88
ssl_sha1,f567b9fc86b00e059bdfea261466360804fbdb38,sslbl,Vidar C&C,"sslbl,2026-09-12",2026-09-12 16:06:49,2026-09-21 16:33:05,88
ssl_sha1,f5c8ee530b1fd817432a4bafad12126d1ae744d4,sslbl,PureLogsStealer C&C,"sslbl,2026-08-04",2026-08-05 12:42:46,2026-09-21 16:33:05,88
ssl_sha1,fa62c7ce7b7ec943d8853832560bc5a386aaf17e,sslbl,HypeAgent C&C,"sslbl,2026-08-18",2026-08-18 10:07:25,2026-09-21 16:33:05,88
ssl_sha1,fa9ce5456e315652b1373bf913ac45ae7bb4358a,sslbl,Vidar C&C,"sslbl,2026-08-12",2026-08-12 12:42:52,2026-09-21 16:33:05,88
ssl_sha1,fabe6574c3ef1f4a4782c88475755b7b97f1410d,sslbl,HypeAgent C&C,"sslbl,2026-08-31",2026-08-31 16:06:17,2026-09-21 16:33:05,88
ssl_sha1,fb23354c98647902b717bbcc68657256a5dddd37,sslbl,ACRStealer C&C,"sslbl,2026-08-19",2026-08-19 16:06:13,2026-09-21 16:33:05,88
ssl_sha1,fba4408cd54abbe1ba49117ceab8a90335b03217,sslbl,Vidar C&C,"sslbl,2026-08-31",2026-08-31 16:06:17,2026-09-21 16:33:05,88
ssl_sha1,fc5d9dddb01c263a67e7c485e04277afa82fbabf,sslbl,Vidar C&C,"sslbl,2026-08-17",2026-08-17 08:13:04,2026-09-21 16:33:05,88
ssl_sha1,fca24c810592604f11de7dc12dc790c91cc118df,sslbl,ConnectWise C&C,"sslbl,2026-08-19",2026-08-19 16:06:13,2026-09-21 16:33:05,88
ssl_sha1,fcfc3b257b12e4c699e343f4c415b60f642d88f6,sslbl,Vidar C&C,"sslbl,2026-09-13",2026-09-14 04:06:32,2026-09-21 16:33:05,88
ssl_sha1,fd6a25dcc16de5e9b0a4563f8d8c94a5941bf437,sslbl,ConnectWise C&C,"sslbl,2026-08-19",2026-08-19 16:06:13,2026-09-21 16:33:05,88
ssl_sha1,fd78e771cab22c3afad8a5d5c448ff05268f20dd,sslbl,Vidar C&C,"sslbl,2026-08-27",2026-08-27 16:06:11,2026-09-21 16:33:05,88
ssl_sha1,fe50e363165e3e8d789daf4dc378f50a70f35a8a,sslbl,Vidar C&C,"sslbl,2026-07-30",2026-07-31 05:35:34,2026-09-21 16:33:05,88
ssl_sha1,ff4362ad98a2821b067bc4ae0624b7da832aad83,sslbl,OffLoader C&C,"sslbl,2026-08-19",2026-08-19 16:06:13,2026-09-21 16:33:05,88
ssl_sha1,ffa6be04fe2e9c6b79776dcfc7ad3f41a403a64d,sslbl,PureRAT C&C,"sslbl,2026-08-18",2026-08-18 22:07:31,2026-09-21 16:33:05,88
ssl_sha1,ffc71a7ba96b8801333ea2b9e7cd05d4cc2f718d,sslbl,Malware C&C,"sslbl,2026-08-11",2026-08-12 00:43:15,2026-09-21 16:33:05,88
url,http://103.104.215.10:57760/Mozi.m,threatfox,Mozi,"threatfox,elf,iot,Mozi",2026-09-21 16:06:44,2026-09-21 16:33:05,85
url,http://103.152.100.5:41430/i,urlhaus,malware_download,,2026-09-21 16:00:38,2026-09-21 16:33:05,85
url,http://103.19.49.134:57504/bin.sh,urlhaus,malware_download,Mozi,2026-09-21 16:00:38,2026-09-21 16:33:05,85
url,http://105.186.183.234:37999/bin.sh,urlhaus,malware_download,mirai,2026-09-21 16:00:38,2026-09-21 16:33:05,85
url,http://105.186.183.234:37999/i,urlhaus,malware_download,mirai,2026-09-21 16:00:38,2026-09-21 16:33:05,85
url,http://110.136.45.244:50871/i,urlhaus,malware_download,mirai,2026-09-21 16:00:38,2026-09-21 16:33:05,85
url,http://111.92.157.231:51296/Mozi.m,threatfox,Mozi,"threatfox,elf,iot,Mozi",2026-09-21 16:06:44,2026-09-21 16:33:05,85
url,http://113.231.202.211:51478/i,urlhaus,malware_download,,2026-09-21 16:00:38,2026-09-21 16:33:05,85
url,http://113.236.4.237:50901/bin.sh,urlhaus,malware_download,,2026-09-21 16:00:38,2026-09-21 16:33:05,85
url,http://113.236.4.237:50901/i,urlhaus,malware_download,,2026-09-21 16:00:38,2026-09-21 16:33:05,85
url,http://115.201.195.91:14081/bin.sh,urlhaus,malware_download,,2026-09-21 16:00:38,2026-09-21 16:33:05,85
url,http://115.48.149.116:37345/bin.sh,urlhaus,malware_download,Mozi,2026-09-21 16:00:38,2026-09-21 16:33:05,85
url,http://115.54.127.53:58928/bin.sh,urlhaus,malware_download,Mozi,2026-09-21 16:00:38,2026-09-21 16:33:05,85
url,http://115.55.129.29:50413/bin.sh,urlhaus,malware_download,"32-bit,elf,mips,Mozi",2026-09-21 16:00:38,2026-09-21 16:33:05,85
url,http://115.55.237.207:55662/bin.sh,urlhaus,malware_download,Mozi,2026-09-21 16:00:38,2026-09-21 16:33:05,85
url,http://115.55.237.207:55662/i,urlhaus,malware_download,Mozi,2026-09-21 16:00:38,2026-09-21 16:33:05,85
url,http://115.55.53.12:45668/i,urlhaus,malware_download,Mozi,2026-09-21 16:00:38,2026-09-21 16:33:05,85
url,http://115.61.13.152:45504/i,urlhaus,malware_download,Mozi,2026-09-21 16:00:38,2026-09-21 16:33:05,85
url,http://115.63.12.163:49379/bin.sh,urlhaus,malware_download,Mozi,2026-09-21 16:00:38,2026-09-21 16:33:05,85
url,http://116.209.167.64:51681/bin.sh,urlhaus,malware_download,"32-bit,arm,elf,mirai,Mozi",2026-09-21 16:00:38,2026-09-21 16:33:05,85
url,http://117.63.244.227:59598/i,urlhaus,malware_download,mirai,2026-09-21 16:00:38,2026-09-21 16:33:05,85
url,http://119.116.87.232:48737/bin.sh,urlhaus,malware_download,,2026-09-21 16:00:38,2026-09-21 16:33:05,85
url,http://119.154.108.229:45169/i,urlhaus,malware_download,,2026-09-21 16:00:38,2026-09-21 16:33:05,85
url,http://119.179.252.3:46228/i,urlhaus,malware_download,Mozi,2026-09-21 16:00:38,2026-09-21 16:33:05,85
url,http://120.57.124.158:34693/i,urlhaus,malware_download,Mozi,2026-09-21 16:00:38,2026-09-21 16:33:05,85
url,http://120.84.213.149:52695/i,urlhaus,malware_download,,2026-09-21 16:00:38,2026-09-21 16:33:05,85
url,http://123.14.90.201:37716/bin.sh,urlhaus,malware_download,Mozi,2026-09-21 16:00:38,2026-09-21 16:33:05,85
url,http://123.8.6.62:46742/bin.sh,urlhaus,malware_download,,2026-09-21 16:00:38,2026-09-21 16:33:05,85
url,http://124.66.96.86:52535/bin.sh,urlhaus,malware_download,mirai,2026-09-21 16:00:38,2026-09-21 16:33:05,85
url,http://125.120.33.1:41585/i,urlhaus,malware_download,mirai,2026-09-21 16:00:38,2026-09-21 16:33:05,85
url,http://125.41.169.115:52942/i,urlhaus,malware_download,Mozi,2026-09-21 16:00:38,2026-09-21 16:33:05,85
url,http://139.95.24.51:8081/?h=139.95.24.51&p=8081&t=ws&a=l32&stage=true,threatfox,Mirai,"threatfox,elf,Mirai",2026-09-21 16:06:44,2026-09-21 16:33:05,85
url,http://149.104.110.53/yaarsa/private/yarsap_80541.php,threatfox,BTMOB RAT,threatfox,2026-09-21 16:06:44,2026-09-21 16:33:05,85
url,http://149.104.110.53:8080/,threatfox,BTMOB RAT,threatfox,2026-09-21 16:06:44,2026-09-21 16:33:05,85
url,http://153.117.1.177:54794/Mozi.m,threatfox,Mozi,"threatfox,elf,iot,Mozi",2026-09-21 16:06:44,2026-09-21 16:33:05,85
url,http://156.238.224.156:5522/?h=156.238.224.156&p=5522&t=ws&a=w64&stage=true,threatfox,VShell,"threatfox,exe,VShell",2026-09-21 16:06:44,2026-09-21 16:33:05,85
url,http://163.142.93.7:46106/bin.sh,urlhaus,malware_download,,2026-09-21 16:00:38,2026-09-21 16:33:05,85
url,http://163.142.93.7:46106/i,urlhaus,malware_download,,2026-09-21 16:00:38,2026-09-21 16:33:05,85
url,http://167.250.158.32:44021/i,urlhaus,malware_download,mirai,2026-09-21 16:00:38,2026-09-21 16:33:05,85
url,http://175.11.132.107:33207/i,urlhaus,malware_download,mirai,2026-09-21 16:00:38,2026-09-21 16:33:05,85
url,http://175.9.152.47:60966/i,urlhaus,malware_download,mirai,2026-09-21 16:00:38,2026-09-21 16:33:05,85
url,http://176.65.139.131/bins/i586,urlhaus,malware_download,"elf,ua-wget",2026-09-21 16:00:38,2026-09-21 16:33:05,85
url,http://176.65.139.131/bins/mips64,urlhaus,malware_download,"elf,ua-wget",2026-09-21 16:00:38,2026-09-21 16:33:05,85
url,http://176.65.139.131/bins/sparc,urlhaus,malware_download,"elf,ua-wget",2026-09-21 16:00:38,2026-09-21 16:33:05,85
url,http://176.65.139.158/bins/redkill.armv4l,urlhaus,malware_download,"176-65-139-158,elf,mirai,ua-wget",2026-09-21 16:00:38,2026-09-21 16:33:05,85
url,http://176.65.139.158/bins/redkill.armv6l,urlhaus,malware_download,"176-65-139-158,elf,mirai,ua-wget",2026-09-21 16:00:38,2026-09-21 16:33:05,85
url,http://176.65.139.206/hiddenbin/Space.mips64,urlhaus,malware_download,"elf,ua-wget",2026-09-21 16:00:38,2026-09-21 16:33:05,85
url,http://176.65.139.206/hiddenbin/Space.sparc,urlhaus,malware_download,"elf,ua-wget",2026-09-21 16:00:38,2026-09-21 16:33:05,85
url,http://176.65.139.206/iran.aarch64,urlhaus,malware_download,"elf,ua-wget",2026-09-21 16:00:38,2026-09-21 16:33:05,85
url,http://176.65.139.206/iran.i486,urlhaus,malware_download,"elf,ua-wget",2026-09-21 16:00:38,2026-09-21 16:33:05,85
url,http://176.65.139.206/main_arm5,urlhaus,malware_download,"cowrie,honeypot",2026-09-21 16:00:38,2026-09-21 16:33:05,85
url,http://176.65.139.217/ar-15/ar15.i468,urlhaus,malware_download,"elf,ua-wget",2026-09-21 16:00:38,2026-09-21 16:33:05,85
url,http://178.160.10.203:35090/Mozi.m,threatfox,Mozi,"threatfox,elf,iot,Mozi",2026-09-21 16:06:44,2026-09-21 16:33:05,85
url,http://178.206.132.75:4073/bin.sh,urlhaus,malware_download,,2026-09-21 16:00:38,2026-09-21 16:33:05,85
url,http://178.206.132.75:4073/i,urlhaus,malware_download,,2026-09-21 16:00:38,2026-09-21 16:33:05,85
url,http://182.119.197.59:55016/i,urlhaus,malware_download,"32-bit,elf,mips,Mozi",2026-09-21 16:00:38,2026-09-21 16:33:05,85
url,http://182.121.18.115:60556/i,urlhaus,malware_download,Mozi,2026-09-21 16:00:38,2026-09-21 16:33:05,85
url,http://182.126.5.127:59405/i,urlhaus,malware_download,mirai,2026-09-21 16:00:38,2026-09-21 16:33:05,85
url,http://182.127.111.231:55283/bin.sh,urlhaus,malware_download,Mozi,2026-09-21 16:00:38,2026-09-21 16:33:05,85
url,http://182.191.69.89:57535/i,urlhaus,malware_download,Mozi,2026-09-21 16:00:38,2026-09-21 16:33:05,85
url,http://185.177.239.241:5001/renas.exe,threatfox,SalatStealer,"threatfox,exe,SalatStealer,stealer,upx",2026-09-21 16:06:44,2026-09-21 16:33:05,85
url,http://185.242.3.178/?h=185.242.3.178&p=80&t=tcp&a=w32&stage=true,threatfox,VShell,"threatfox,exe,VShell",2026-09-21 16:06:44,2026-09-21 16:33:05,85
url,http://192.227.210.190/dred,urlhaus,malware_download,"cowrie,honeypot",2026-09-21 16:00:38,2026-09-21 16:33:05,85
url,http://192.25.102.246:8088/?h=192.25.102.246&p=8088&t=tcp&a=l64&stage=true,threatfox,SNOWLIGHT,"threatfox,elf,SNOWLIGHT",2026-09-21 16:06:44,2026-09-21 16:33:05,85
url,http://193.178.158.107/auth.php,threatfox,Stealc,"threatfox,20x09x2026,c2,loader,StealC,stealer",2026-09-21 16:06:44,2026-09-21 16:33:05,85
url,http://193.178.158.107/bin/5944545693fd1060_loaded_x64.exe,urlhaus,malware_download,SVCStealer,2026-09-21 16:00:38,2026-09-21 16:33:05,85
url,http://196.189.69.192:48199/bin.sh,urlhaus,malware_download,"32-bit,arm,elf,mirai,Mozi",2026-09-21 16:00:38,2026-09-21 16:33:05,85
url,http://196.189.69.192:48199/i,urlhaus,malware_download,"32-bit,arm,elf,mirai,Mozi",2026-09-21 16:00:38,2026-09-21 16:33:05,85
url,http://196.189.98.110:39279/i,urlhaus,malware_download,mirai,2026-09-21 16:00:38,2026-09-21 16:33:05,85
url,http://210.208.110.172:35581/bin.sh,urlhaus,malware_download,mirai,2026-09-21 16:00:38,2026-09-21 16:33:05,85
url,http://210.208.111.220:35600/i,urlhaus,malware_download,mirai,2026-09-21 16:00:38,2026-09-21 16:33:05,85
url,http://210.208.111.74:54306/i,urlhaus,malware_download,mirai,2026-09-21 16:00:38,2026-09-21 16:33:05,85
url,http://219.155.209.247:42165/bin.sh,urlhaus,malware_download,Mozi,2026-09-21 16:00:38,2026-09-21 16:33:05,85
url,http://222.112.70.149:8084/?h=222.112.70.149&p=8084&t=tcp&a=w64&stage=true,threatfox,VShell,"threatfox,exe,VShell",2026-09-21 16:06:44,2026-09-21 16:33:05,85
url,http://223.108.82.26:38037/bin.sh,urlhaus,malware_download,,2026-09-21 16:00:38,2026-09-21 16:33:05,85
url,http://31.77.144.86:49104/xmrig.exe,threatfox,Unknown malware,"threatfox,coinminer,exe",2026-09-21 16:06:44,2026-09-21 16:33:05,85
url,http://36.255.33.132:48916/Mozi.m,threatfox,Mozi,"threatfox,elf,iot,Mozi",2026-09-21 16:06:44,2026-09-21 16:33:05,85
url,http://36.49.54.62:36933/i,urlhaus,malware_download,mirai,2026-09-21 16:00:38,2026-09-21 16:33:05,85
url,http://37.28.177.69:40687/i,urlhaus,malware_download,,2026-09-21 16:00:38,2026-09-21 16:33:05,85
url,http://42.226.237.31:58987/bin.sh,urlhaus,malware_download,Mozi,2026-09-21 16:00:38,2026-09-21 16:33:05,85
url,http://42.226.237.31:58987/i,urlhaus,malware_download,Mozi,2026-09-21 16:00:38,2026-09-21 16:33:05,85
url,http://42.227.202.186:55036/bin.sh,urlhaus,malware_download,Mozi,2026-09-21 16:00:38,2026-09-21 16:33:05,85
url,http://42.227.202.186:55036/i,urlhaus,malware_download,Mozi,2026-09-21 16:00:38,2026-09-21 16:33:05,85
url,http://42.231.78.38:40390/i,urlhaus,malware_download,Mozi,2026-09-21 16:00:38,2026-09-21 16:33:05,85
url,http://42.237.53.133:53645/bin.sh,urlhaus,malware_download,"32-bit,elf,mips,Mozi",2026-09-21 16:00:38,2026-09-21 16:33:05,85
url,http://42.239.189.219:55744/bin.sh,urlhaus,malware_download,"32-bit,elf,mips,Mozi",2026-09-21 16:00:38,2026-09-21 16:33:05,85
url,http://42.239.235.92:59746/i,urlhaus,malware_download,Mozi,2026-09-21 16:00:38,2026-09-21 16:33:05,85
url,http://42.5.79.38:48150/bin.sh,urlhaus,malware_download,,2026-09-21 16:00:38,2026-09-21 16:33:05,85
url,http://42.57.184.123:51793/bin.sh,urlhaus,malware_download,,2026-09-21 16:00:38,2026-09-21 16:33:05,85
url,http://42.86.62.73:33915/bin.sh,urlhaus,malware_download,,2026-09-21 16:00:38,2026-09-21 16:33:05,85
url,http://43.230.94.184:41175/Mozi.a,threatfox,Mozi,"threatfox,elf,iot,Mozi",2026-09-21 16:06:44,2026-09-21 16:33:05,85
url,http://45.13.186.37/noncrypt/21-32/bjbh.exe,threatfox,Stealc,"threatfox,exe,Stealc",2026-09-21 16:06:44,2026-09-21 16:33:05,85
url,http://45.13.186.37/noncrypt/21-32/jhgkuyyg.exe,threatfox,Stealc,"threatfox,exe,Stealc",2026-09-21 16:06:44,2026-09-21 16:33:05,85
url,http://45.198.224.184/nix,threatfox,Tsunami,"threatfox,honeypot,shardlure",2026-09-21 16:06:44,2026-09-21 16:33:05,85
url,http://45.224.83.130:36790/bin.sh,urlhaus,malware_download,mirai,2026-09-21 16:00:38,2026-09-21 16:33:05,85
url,http://58.65.210.245:55712/bin.sh,urlhaus,malware_download,mirai,2026-09-21 16:00:38,2026-09-21 16:33:05,85
url,http://58.65.210.245:55712/i,urlhaus,malware_download,mirai,2026-09-21 16:00:38,2026-09-21 16:33:05,85
url,http://59.180.150.177:38357/i,urlhaus,malware_download,Mozi,2026-09-21 16:00:38,2026-09-21 16:33:05,85
url,http://59.180.157.90:52591/i,urlhaus,malware_download,Mozi,2026-09-21 16:00:38,2026-09-21 16:33:05,85
url,http://59.96.136.167:51104/bin.sh,urlhaus,malware_download,Mozi,2026-09-21 16:00:38,2026-09-21 16:33:05,85
url,http://59.96.136.167:51104/i,urlhaus,malware_download,Mozi,2026-09-21 16:00:38,2026-09-21 16:33:05,85
url,http://60.23.239.198:44489/bin.sh,urlhaus,malware_download,,2026-09-21 16:00:38,2026-09-21 16:33:05,85
url,http://60.23.239.198:44489/i,urlhaus,malware_download,,2026-09-21 16:00:38,2026-09-21 16:33:05,85
url,http://61.137.200.53:50262/i,urlhaus,malware_download,"32-bit,elf,mips,Mozi",2026-09-21 16:00:38,2026-09-21 16:33:05,85
url,http://72.255.19.51:42035/Mozi.a,threatfox,Mozi,"threatfox,elf,iot,Mozi",2026-09-21 16:06:44,2026-09-21 16:33:05,85
url,http://72.255.37.168:56495/Mozi.m,threatfox,Mozi,"threatfox,elf,iot,Mozi",2026-09-21 16:06:44,2026-09-21 16:33:05,85
url,http://78.73.72.248:40575/i,urlhaus,malware_download,mirai,2026-09-21 16:00:38,2026-09-21 16:33:05,85
url,http://91.92.242.236/files-129312398/files/file_1532c81514d47461.exe,urlhaus,malware_download,LummaStealer,2026-09-21 16:00:38,2026-09-21 16:33:05,85
url,http://91.92.242.236/files-129312398/files/file_5ebe78e0a7c9b38b.exe,urlhaus,malware_download,"c2-monitor-auto,dropped-by-amadey",2026-09-21 16:00:38,2026-09-21 16:33:05,85
url,http://91.92.242.236/files-129312398/files/file_c5b0b8f9b84a1473.exe,urlhaus,malware_download,"c2-monitor-auto,dropped-by-amadey",2026-09-21 16:00:38,2026-09-21 16:33:05,85
url,http://94.154.43.176/x64,threatfox,Mirai,"threatfox,elf,iot",2026-09-21 16:06:44,2026-09-21 16:33:05,85
url,http://95.9.35.137:53205/bin.sh,urlhaus,malware_download,,2026-09-21 16:00:38,2026-09-21 16:33:05,85
url,http://95.9.35.137:53205/i,urlhaus,malware_download,,2026-09-21 16:00:38,2026-09-21 16:33:05,85
url,http://bennep.shop:4883/posts,threatfox,Remus,"threatfox,remus",2026-09-21 16:06:44,2026-09-21 16:33:05,85
url,http://fgashub.shop:9932/teams,threatfox,Remus,"threatfox,remus",2026-09-21 16:06:44,2026-09-21 16:33:05,85
url,http://mjusiop.shop:5627/documents,threatfox,Remus,"threatfox,remus",2026-09-21 16:06:44,2026-09-21 16:33:05,85
url,https://178.105.215.94/,threatfox,Vidar,"threatfox,Vidar",2026-09-21 16:06:44,2026-09-21 16:33:05,85
url,https://192.236.217.110/83/goodthings.hta,threatfox,Remcos,"threatfox,Remcos",2026-09-21 16:06:44,2026-09-21 16:33:05,85
url,https://77.91.100.107,threatfox,Vidar,"threatfox,8ea11cc1044439e36eed1e5c2ecf057d,c2,loader,stealer,Vidar",2026-09-21 16:06:44,2026-09-21 16:33:05,85
url,https://91.107.150.39/,threatfox,Vidar,"threatfox,Vidar",2026-09-21 16:06:44,2026-09-21 16:33:05,85
url,https://91.107.157.201/,threatfox,Vidar,"threatfox,Vidar",2026-09-21 16:06:44,2026-09-21 16:33:05,85
url,https://91.107.159.216/,threatfox,Vidar,"threatfox,Vidar",2026-09-21 16:06:44,2026-09-21 16:33:05,85
url,https://activatef.win/update.zip,urlhaus,malware_download,"fakemas,powershell,ps1,ua-ps",2026-09-21 16:00:38,2026-09-21 16:33:05,85
url,https://beercade.ca,threatfox,Unknown malware,"threatfox,ClickFix",2026-09-21 16:06:44,2026-09-21 16:33:05,85
url,https://befitacademy.com.ng/,threatfox,Unknown malware,"threatfox,ClickFix",2026-09-21 16:06:44,2026-09-21 16:33:05,85
url,https://bgclubofnems.org/,threatfox,Unknown malware,"threatfox,ClickFix",2026-09-21 16:06:44,2026-09-21 16:33:05,85
url,https://cecyrivas.com.co/,threatfox,Unknown malware,"threatfox,ClickFix",2026-09-21 16:06:44,2026-09-21 16:33:05,85
url,https://community.fandom.com/wikia.php?controller=UserProfile&method=getUserData&format=json&userId=64140772,threatfox,Vidar,"threatfox,Vidar",2026-09-21 16:06:44,2026-09-21 16:33:05,85
url,https://download-files.wixmp.com/ugd/09c1d5_535e18f9f54e47a8a4f9587ce3e9a710.txt,urlhaus,malware_download,ps1,2026-09-21 16:00:38,2026-09-21 16:33:05,85
url,https://entry-code-cdn.codes,threatfox,Unknown malware,"threatfox,ClickFix",2026-09-21 16:06:44,2026-09-21 16:33:05,85
url,https://entry-code-cdn.codes/9e6a18e1d27bc17d,urlhaus,malware_download,ClickFix,2026-09-21 16:00:38,2026-09-21 16:33:05,85
url,https://entry-code-cdn.codes/api.php,threatfox,Unknown malware,"threatfox,ClickFix",2026-09-21 16:06:44,2026-09-21 16:33:05,85
url,https://fr.1betasia.org/,threatfox,Vidar,"threatfox,Vidar",2026-09-21 16:06:44,2026-09-21 16:33:05,85
url,https://frederiklindstrom.com/,threatfox,Unknown malware,"threatfox,ClickFix",2026-09-21 16:06:44,2026-09-21 16:33:05,85
url,https://ge.1betasia.org/,threatfox,Vidar,"threatfox,Vidar",2026-09-21 16:06:44,2026-09-21 16:33:05,85
url,https://ge.hg77.org/,threatfox,Vidar,"threatfox,Vidar",2026-09-21 16:06:44,2026-09-21 16:33:05,85
url,https://go.1betasia.org/,threatfox,Vidar,"threatfox,Vidar",2026-09-21 16:06:44,2026-09-21 16:33:05,85
url,https://go.hg77.org/,threatfox,Vidar,"threatfox,Vidar",2026-09-21 16:06:44,2026-09-21 16:33:05,85
url,https://i.131422.com/,threatfox,Unknown malware,"threatfox,ClickFix",2026-09-21 04:06:30,2026-09-21 16:33:05,85
url,https://littlevictories.info/,threatfox,Unknown malware,"threatfox,ClickFix",2026-09-21 16:06:44,2026-09-21 16:33:05,85
url,https://meetmeetmeetmeet.s3.us-east-2.amazonaws.com/ScreenConnect.ClientSetup.msi,threatfox,Unknown malware,"threatfox,ConnectWise,msi,rmm",2026-09-21 16:06:44,2026-09-21 16:33:05,85
url,https://nigerianationalsanitationconference.com/,threatfox,Unknown malware,"threatfox,ClickFix",2026-09-21 16:06:44,2026-09-21 16:33:05,85
url,https://nw.1betasia.org/,threatfox,Vidar,"threatfox,vidar",2026-09-21 16:06:44,2026-09-21 16:33:05,85
url,https://nw.hg77.org/,threatfox,Vidar,"threatfox,vidar",2026-09-21 16:06:44,2026-09-21 16:33:05,85
url,https://pagyamorim.com.br/,threatfox,Unknown malware,"threatfox,ClickFix",2026-09-21 16:06:44,2026-09-21 16:33:05,85
url,https://pcmastertools.pages.dev/downloads/SysTech-PC-Master-Tools-v1.0.0-x64.exe,threatfox,Unknown malware,"threatfox,exe",2026-09-21 16:06:44,2026-09-21 16:33:05,85
url,https://qingkong-3ax.pages.dev/download/qingkong.zip,threatfox,Unknown malware,"threatfox,zip",2026-09-21 16:06:44,2026-09-21 16:33:05,85
url,https://royalcuts.co.uk/3.exe,urlhaus,malware_download,,2026-09-21 16:00:38,2026-09-21 16:33:05,85
url,https://royalcuts.co.uk/Chrome.exe,urlhaus,malware_download,,2026-09-21 16:00:38,2026-09-21 16:33:05,85
url,https://royalcuts.co.uk/ChromeSetup.exe,urlhaus,malware_download,,2026-09-21 16:00:38,2026-09-21 16:33:05,85
url,https://royalcuts.co.uk/Setup.exe,urlhaus,malware_download,,2026-09-21 16:00:38,2026-09-21 16:33:05,85
url,https://sgn.v-panel.asia/,threatfox,Vidar,threatfox,2026-09-21 16:06:44,2026-09-21 16:33:05,85
url,https://skaedbraearaquiet.life/ext-b.4f9db6afd06a.js,threatfox,IClickFix,"threatfox,ClickFix,FakeUpdates,VariantB",2026-09-21 16:06:44,2026-09-21 16:33:05,85
url,https://skaedbraearaquiet.life/t.js?site=2f702398a34ef46cb995c4f4e89c6407,threatfox,IClickFix,"threatfox,BananaCluster,ClickFix,FakeUpdates,t.js",2026-09-21 16:06:44,2026-09-21 16:33:05,85
url,https://sm.1betasia.org/,threatfox,Vidar,"threatfox,vidar",2026-09-21 16:06:44,2026-09-21 16:33:05,85
url,https://sm.hg77.org/,threatfox,Vidar,"threatfox,vidar",2026-09-21 16:06:44,2026-09-21 16:33:05,85
url,https://steamcommunity.com/profiles/76561198639924729,threatfox,Vidar,"threatfox,Vidar",2026-09-21 16:06:44,2026-09-21 16:33:05,85
url,https://telegram.me/nts33p,threatfox,Vidar,"threatfox,Vidar",2026-09-21 16:06:44,2026-09-21 16:33:05,85
url,https://testingcf.jsdelivr.net/gh/3fF2/9-c81F4-c6aE-C/7612411620-97,threatfox,ClearFake,"threatfox,ClearFake",2026-09-21 16:06:44,2026-09-21 16:33:05,85
url,https://testingcf.jsdelivr.net/gh/e438e-1E-4/7874DC-3d9E02-76-DC48-5072/CA-D3-oU2Eg,threatfox,ClearFake,"threatfox,ClearFake",2026-09-21 16:06:44,2026-09-21 16:33:05,85
url,https://workerstats.net/downloadables/SysMon.txt,urlhaus,malware_download,"fakemas,python",2026-09-21 16:00:38,2026-09-21 16:33:05,85
url,https://workerstats.net/global.txt,urlhaus,malware_download,"fakemas,python",2026-09-21 16:00:38,2026-09-21 16:33:05,85
url,https://yumppad.com/,threatfox,Unknown malware,"threatfox,ClickFix",2026-09-21 16:06:44,2026-09-21 16:33:05,85
domain,2937sapphire.workers.dev,threatfox,php.shin_webshell,"threatfox,Cloudflare,GIF,PHP,webshell,WordPress,workers.dev,wp-admin",2026-09-21 04:06:30,2026-09-21 04:32:26,85
domain,60yjiqtp.gorgeousgrowlersgrooming.com,threatfox,ClearFake,"threatfox,ClearFake,mac-0x68dc,macos",2026-09-21 04:06:30,2026-09-21 04:32:26,85
domain,7vewgb63.anodynedenver.com,threatfox,ClearFake,"threatfox,ClearFake,mac-0xdcf2,macos",2026-09-21 04:06:30,2026-09-21 04:32:26,85
domain,aerentaldecor.com,threatfox,ClearFake,"threatfox,20September2026,ClearFake,Commandline,MacOS",2026-09-20 16:08:23,2026-09-21 04:32:26,85
domain,agenfor.com.ar,threatfox,Unknown Loader,"threatfox,etherhiding,Sepolia",2026-09-21 04:06:30,2026-09-21 04:32:26,85
domain,allblackclub.com,threatfox,ClearFake,"threatfox,20September2026,ClearFake,Commandline,MacOS",2026-09-21 04:06:30,2026-09-21 04:32:26,85
domain,alluringrecipes.com,threatfox,Unknown Loader,"threatfox,etherhiding,Sepolia",2026-09-21 04:06:30,2026-09-21 04:32:26,85
domain,anodynedenver.com,threatfox,ClearFake,"threatfox,20September2026,ClearFake,Commandline,MacOS",2026-09-21 04:06:30,2026-09-21 04:32:26,85
domain,aramsepehr.com,threatfox,Unknown Loader,"threatfox,etherhiding,Sepolia",2026-09-21 04:06:30,2026-09-21 04:32:26,85
domain,arthurcampelo.vet.br,threatfox,ClearFake,"threatfox,compromised,EtherHide",2026-09-21 04:06:30,2026-09-21 04:32:26,85
domain,atlanticturkey.com,threatfox,Unknown Loader,"threatfox,etherhiding,Sepolia",2026-09-21 04:06:30,2026-09-21 04:32:26,85
domain,atvsync.com,threatfox,Unknown Loader,"threatfox,etherhiding,Sepolia",2026-09-21 04:06:30,2026-09-21 04:32:26,85
domain,avenidacharmehotel.com.br,threatfox,Unknown Loader,"threatfox,etherhiding,Sepolia",2026-09-21 04:06:30,2026-09-21 04:32:26,85
domain,bartegroupinc.com,threatfox,Unknown Loader,"threatfox,etherhiding,Sepolia",2026-09-21 04:06:30,2026-09-21 04:32:26,85
domain,beta.caro-line.ch,threatfox,ClearFake,"threatfox,compromised,EtherHide",2026-09-21 04:06:30,2026-09-21 04:32:26,85
domain,bgtechltd.com,threatfox,Unknown Loader,"threatfox,etherhiding,Sepolia",2026-09-21 04:06:30,2026-09-21 04:32:26,85
domain,biomassthl.com,threatfox,Unknown Loader,"threatfox,etherhiding,Sepolia",2026-09-21 04:06:30,2026-09-21 04:32:26,85
domain,bluelightstrategies.com,threatfox,Unknown Loader,"threatfox,etherhiding,Sepolia",2026-09-21 04:06:30,2026-09-21 04:32:26,85
domain,bodystyleperu.com,threatfox,Unknown Loader,"threatfox,etherhiding,Sepolia",2026-09-21 04:06:30,2026-09-21 04:32:26,85
domain,brutalforce.es,threatfox,Unknown Loader,"threatfox,etherhiding,Sepolia",2026-09-21 04:06:30,2026-09-21 04:32:26,85
domain,buletinnews.id,threatfox,Unknown Loader,"threatfox,etherhiding",2026-09-21 04:06:30,2026-09-21 04:32:26,85
domain,cennutriment.fr,threatfox,Unknown Loader,"threatfox,etherhiding,Sepolia",2026-09-21 04:06:30,2026-09-21 04:32:26,85
domain,chapleauhub.com,threatfox,Unknown Loader,"threatfox,etherhiding,Sepolia",2026-09-21 04:06:30,2026-09-21 04:32:26,85
domain,clubdeconsultores.com.ar,threatfox,Unknown Loader,"threatfox,etherhiding,Sepolia",2026-09-21 04:06:30,2026-09-21 04:32:26,85
domain,collegedemocratsil.com,threatfox,ClearFake,"threatfox,ClearFake",2026-09-20 16:08:23,2026-09-21 04:32:26,85
domain,coreshine.com,threatfox,Unknown Loader,"threatfox,etherhiding,Sepolia",2026-09-21 04:06:30,2026-09-21 04:32:26,85
domain,culbertplumbingllc.com,threatfox,ClearFake,"threatfox,ClearFake",2026-09-21 04:06:30,2026-09-21 04:32:26,85
domain,curanderos.club,threatfox,Unknown Loader,"threatfox,etherhiding,Sepolia",2026-09-21 04:06:30,2026-09-21 04:32:26,85
domain,danbgerson.com,threatfox,Unknown Loader,"threatfox,etherhiding,Sepolia",2026-09-21 04:06:30,2026-09-21 04:32:26,85
domain,davidbabblaw.com,threatfox,Unknown Loader,"threatfox,etherhiding,Sepolia",2026-09-21 04:06:30,2026-09-21 04:32:26,85
domain,divytusu.workers.dev,threatfox,php.shin_webshell,"threatfox,Cloudflare,GIF,PHP,webshell,WordPress,workers.dev,wp-admin",2026-09-21 04:06:30,2026-09-21 04:32:26,85
domain,dulurehi.workers.dev,threatfox,php.shin_webshell,"threatfox,Cloudflare,GIF,PHP,webshell,WordPress,workers.dev,wp-admin",2026-09-21 04:06:30,2026-09-21 04:32:26,85
domain,duric-bauservice.at,threatfox,Unknown Loader,"threatfox,etherhiding,Sepolia",2026-09-21 04:06:30,2026-09-21 04:32:26,85
domain,e-studionline.com,threatfox,Unknown Loader,"threatfox,etherhiding",2026-09-21 04:06:30,2026-09-21 04:32:26,85
domain,eastnegev.com,threatfox,Unknown Loader,"threatfox,etherhiding",2026-09-21 04:06:30,2026-09-21 04:32:26,85
domain,epcentrum.pl,threatfox,Unknown Loader,"threatfox,etherhiding,Sepolia",2026-09-21 04:06:30,2026-09-21 04:32:26,85
domain,familylawbarristers.com.au,threatfox,Unknown Loader,"threatfox,etherhiding",2026-09-21 04:06:30,2026-09-21 04:32:26,85
domain,gabbey6818.workers.dev,threatfox,php.shin_webshell,"threatfox,Cloudflare,GIF,PHP,webshell,WordPress,workers.dev,wp-admin",2026-09-21 04:06:30,2026-09-21 04:32:26,85
domain,globepool.org,threatfox,ClearFake,"threatfox,ClearFake",2026-09-20 16:08:23,2026-09-21 04:32:26,85
domain,gorgeousgrowlersgrooming.com,threatfox,ClearFake,"threatfox,20September2026,ClearFake,Commandline,MacOS",2026-09-21 04:06:30,2026-09-21 04:32:26,85
domain,henbonomo.com,threatfox,Unknown Loader,"threatfox,etherhiding",2026-09-21 04:06:30,2026-09-21 04:32:26,85
domain,high-perf.com,threatfox,Unknown Loader,"threatfox,etherhiding",2026-09-21 04:06:30,2026-09-21 04:32:26,85
domain,houstonhealthysmartmart.com,threatfox,ClearFake,"threatfox,ClearFake",2026-09-21 04:06:30,2026-09-21 04:32:26,85
domain,houtbriketten.net,threatfox,ClearFake,"threatfox,ClearFake",2026-09-21 04:06:30,2026-09-21 04:32:26,85
domain,k4d8qigu.houtbriketten.net,threatfox,ClearFake,"threatfox,ClearFake,mac-0x68dc,macos",2026-09-21 04:06:30,2026-09-21 04:32:26,85
domain,kaisakoiranruoka.fi,threatfox,Unknown Loader,"threatfox,etherhiding",2026-09-21 04:06:30,2026-09-21 04:32:26,85
domain,kientrucchauau.com.vn,threatfox,Unknown Loader,"threatfox,etherhiding",2026-09-21 04:06:30,2026-09-21 04:32:26,85
domain,klgkenm0.en-belly--flush.com,threatfox,ClearFake,"threatfox,ClearFake,mac-0x0f14,macos",2026-09-21 04:06:30,2026-09-21 04:32:26,85
domain,kyhbpa.org,threatfox,Unknown Loader,"threatfox,etherhiding",2026-09-21 04:06:30,2026-09-21 04:32:26,85
domain,lafinajoyeria.com,threatfox,Unknown Loader,"threatfox,etherhiding",2026-09-21 04:06:30,2026-09-21 04:32:26,85
domain,lylavuqe.workers.dev,threatfox,php.shin_webshell,"threatfox,Cloudflare,GIF,PHP,webshell,WordPress,workers.dev,wp-admin",2026-09-21 04:06:30,2026-09-21 04:32:26,85
domain,malorsa.org.tr,threatfox,Unknown Loader,"threatfox,etherhiding",2026-09-21 04:06:30,2026-09-21 04:32:26,85
domain,medstom.pl,threatfox,Unknown Loader,"threatfox,etherhiding",2026-09-21 04:06:30,2026-09-21 04:32:26,85
domain,minervacasemonza.it,threatfox,Unknown Loader,"threatfox,etherhiding,Sepolia",2026-09-21 04:06:30,2026-09-21 04:32:26,85
domain,mirakam.com,threatfox,Unknown Loader,"threatfox,etherhiding,Sepolia",2026-09-21 04:06:30,2026-09-21 04:32:26,85
domain,mississaugaelectric.net,threatfox,Unknown Loader,"threatfox,etherhiding,Sepolia",2026-09-21 04:06:30,2026-09-21 04:32:26,85
domain,o72vyfqo.collegedemocratsil.com,threatfox,ClearFake,"threatfox,ClearFake,mac-0x76c7,macos",2026-09-21 04:06:30,2026-09-21 04:32:26,85
domain,o9wu5kiw96.workers.dev,threatfox,php.shin_webshell,"threatfox,Cloudflare,GIF,PHP,webshell,WordPress,workers.dev,wp-admin",2026-09-21 04:06:30,2026-09-21 04:32:26,85
domain,orologeriaceriani.com,threatfox,Unknown Loader,"threatfox,etherhiding",2026-09-21 04:06:30,2026-09-21 04:32:26,85
domain,px1i9fym.aerentaldecor.com,threatfox,ClearFake,"threatfox,ClearFake,mac-0xdcf2,macos",2026-09-21 04:06:30,2026-09-21 04:32:26,85
domain,qodepi.workers.dev,threatfox,php.shin_webshell,"threatfox,Cloudflare,GIF,PHP,webshell,WordPress,workers.dev,wp-admin",2026-09-21 04:06:30,2026-09-21 04:32:26,85
domain,r214gfd5.theslimsplitsmethod.com,threatfox,ClearFake,"threatfox,ClearFake,mac-0x0f14,macos",2026-09-21 04:06:30,2026-09-21 04:32:26,85
domain,reconnecthypnotherapy.com,threatfox,Unknown Loader,"threatfox,etherhiding,Sepolia",2026-09-21 04:06:30,2026-09-21 04:32:26,85
domain,retreatonbooth.com,threatfox,Unknown Loader,"threatfox,etherhiding,Sepolia",2026-09-21 04:06:30,2026-09-21 04:32:26,85
domain,rwenzoriluxurysuites.com,threatfox,Unknown Loader,"threatfox,etherhiding",2026-09-21 04:06:30,2026-09-21 04:32:26,85
domain,rzhxtlcd.globepool.org,threatfox,ClearFake,"threatfox,ClearFake,mac-0x68dc,macos",2026-09-20 16:08:23,2026-09-21 04:32:26,85
domain,signup.v-panel.asia,threatfox,Vidar,threatfox,2026-09-20 16:08:23,2026-09-21 04:32:26,85
domain,stevianaarabia.com,threatfox,Unknown Loader,"threatfox,etherhiding",2026-09-21 04:06:30,2026-09-21 04:32:26,85
domain,syxulomo.workers.dev,threatfox,php.shin_webshell,"threatfox,Cloudflare,GIF,PHP,webshell,WordPress,workers.dev,wp-admin",2026-09-21 04:06:30,2026-09-21 04:32:26,85
domain,uw3ucyjy.houstonhealthysmartmart.com,threatfox,ClearFake,"threatfox,ClearFake,mac-0x68dc,macos",2026-09-21 04:06:30,2026-09-21 04:32:26,85
domain,wijhyjxf.culbertplumbingllc.com,threatfox,ClearFake,"threatfox,ClearFake,mac-0x76c7,macos",2026-09-21 04:06:30,2026-09-21 04:32:26,85
domain,www.biennaledisegnorimini.it,threatfox,Unknown Loader,"threatfox,etherhiding",2026-09-21 04:06:30,2026-09-21 04:32:26,85
domain,www.giardinisonori.it,threatfox,Unknown Loader,"threatfox,etherhiding",2026-09-21 04:06:30,2026-09-21 04:32:26,85
domain,www.mesarastrand.com,threatfox,Unknown Loader,"threatfox,etherhiding",2026-09-21 04:06:30,2026-09-21 04:32:26,85
domain,www.popup-gentleman.at,threatfox,Unknown Loader,"threatfox,etherhiding",2026-09-21 04:06:30,2026-09-21 04:32:26,85
domain,yhc-aromarte.com,threatfox,Unknown Loader,"threatfox,etherhiding",2026-09-21 04:06:30,2026-09-21 04:32:26,85
domain,zugp0kx8.en-us-easybatteryfixed.com,threatfox,ClearFake,"threatfox,ClearFake,mac-0x0f14,macos",2026-09-21 04:06:30,2026-09-21 04:32:26,85
hash_md5,050c6f93b4d5187ed8e859af3a9acdd0,malwarebazaar,exe,"5a4378fb90db39f09c7b18d1f314e645,dropped-by-remus,exe",2026-09-21 04:00:06,2026-09-21 04:32:26,85
hash_md5,06202433501e52071d2d4c2954dd1d4c,malwarebazaar,elf,"cowrie,elf,honeypot,mips",2026-09-21 04:00:06,2026-09-21 04:32:26,85
hash_md5,07089eeddd3d38f82e8b0489a4ea6b5e,malwarebazaar,exe,exe,2026-09-21 04:00:06,2026-09-21 04:32:26,85
hash_md5,07b50b21a9494b9d38a446bd9a6617ae,malwarebazaar,exe,"0f81469cc7638ba7c82eaddbd6b3c20a,dropped-by-remus,exe",2026-09-21 04:00:06,2026-09-21 04:32:26,85
hash_md5,08016f27415bd9d92e80f275e2e0cb19,malwarebazaar,js,js,2026-09-21 04:00:06,2026-09-21 04:32:26,85
hash_md5,0cd48a2a764b093e3a18ff03e0ca09a0,malwarebazaar,Mirai,Mirai,2026-09-21 04:00:06,2026-09-21 04:32:26,85
hash_md5,0dd352c95d3b31c984dd6059b850f01e,malwarebazaar,exe,"5a4378fb90db39f09c7b18d1f314e645,dropped-by-remus,exe",2026-09-21 04:00:06,2026-09-21 04:32:26,85
hash_md5,0f4c445651a4684703fd833a73efa959,malwarebazaar,Mirai,"arm,cowrie,elf,honeypot,Mirai",2026-09-21 04:00:06,2026-09-21 04:32:26,85
hash_md5,10e92cfb8e3bd97b7386e1a5e6f7dfb3,malwarebazaar,unknown,unknown,2026-09-21 04:00:06,2026-09-21 04:32:26,85
hash_md5,112f330563fd74c9cd7b696fd32c5136,malwarebazaar,exe,"5a4378fb90db39f09c7b18d1f314e645,dropped-by-remus,exe",2026-09-21 04:00:06,2026-09-21 04:32:26,85
hash_md5,11870a0f1a90c8d7bf5897e343b2db1c,malwarebazaar,Mirai,"elf,Mirai,upx-dec",2026-09-21 04:00:06,2026-09-21 04:32:26,85
hash_md5,15b0a7b77ba68ee05a86a9f78743fce4,malwarebazaar,Mirai,"elf,Mirai",2026-09-21 04:00:06,2026-09-21 04:32:26,85
hash_md5,15c7493636f980c777e4e74dbda67762,malwarebazaar,elf,"cowrie,elf,honeypot,mips",2026-09-21 04:00:06,2026-09-21 04:32:26,85
hash_md5,1a634e0a37cd5e50b6dbd87c55a531fb,malwarebazaar,exe,"5a4378fb90db39f09c7b18d1f314e645,dropped-by-remus,exe",2026-09-21 04:00:06,2026-09-21 04:32:26,85
hash_md5,1a9b27075cec379d35e2777cc533a132,malwarebazaar,Mirai,"arm,cowrie,elf,honeypot,Mirai",2026-09-21 04:00:06,2026-09-21 04:32:26,85
hash_md5,1bb470247fb94af2f79b858b5628e3ed,malwarebazaar,exe,"5a4378fb90db39f09c7b18d1f314e645,dropped-by-remus,exe",2026-09-21 04:00:06,2026-09-21 04:32:26,85
hash_md5,1c430aeb83cf97476d499b16138b1401,malwarebazaar,exe,"0f81469cc7638ba7c82eaddbd6b3c20a,dropped-by-remus,exe",2026-09-21 04:00:06,2026-09-21 04:32:26,85
hash_md5,1c8c64004f4d8027c132f94adf2072d2,malwarebazaar,exe,"7fb9ce94a5b4ca72f31a746cc2c6134d,dropped-by-remus,exe",2026-09-21 04:00:06,2026-09-21 04:32:26,85
hash_md5,1de792f099ad122a780201040da0db50,malwarebazaar,Mirai,"elf,Mirai,upx",2026-09-21 04:00:06,2026-09-21 04:32:26,85
hash_md5,1e2f8602fdfdbc0ad783829d18a06c90,malwarebazaar,Mirai,"elf,Mirai,upx-dec",2026-09-21 04:00:06,2026-09-21 04:32:26,85
hash_md5,209fbadb04b525bfb5108bd3f0705299,malwarebazaar,exe,"5a4378fb90db39f09c7b18d1f314e645,dropped-by-remus,exe",2026-09-21 04:00:06,2026-09-21 04:32:26,85
hash_md5,233a647d0c3062b6e3c6fcd8b98e564c,malwarebazaar,Mirai,"elf,Mirai",2026-09-21 04:00:06,2026-09-21 04:32:26,85
hash_md5,298c7a63092957ca5dd1d823d086dd2d,malwarebazaar,exe,"5a4378fb90db39f09c7b18d1f314e645,dropped-by-remus,exe",2026-09-21 04:00:06,2026-09-21 04:32:26,85
hash_md5,2a2b719536d65f30b8044b6e0c39ea54,malwarebazaar,exe,"5a4378fb90db39f09c7b18d1f314e645,dropped-by-remus,exe",2026-09-21 04:00:06,2026-09-21 04:32:26,85
hash_md5,2b4cf3b088b8998042455555ea2e5d9a,malwarebazaar,exe,exe,2026-09-21 04:00:06,2026-09-21 04:32:26,85
hash_md5,2f3fb4ec25d61fbee3e0aaa7300ee4f3,malwarebazaar,exe,"5a4378fb90db39f09c7b18d1f314e645,dropped-by-remus,exe",2026-09-21 04:00:06,2026-09-21 04:32:26,85
hash_md5,2f5b67eebff3824d778032f286cb4f6f,malwarebazaar,exe,"5a4378fb90db39f09c7b18d1f314e645,dropped-by-remus,exe",2026-09-21 04:00:06,2026-09-21 04:32:26,85
hash_md5,2f8a29dd220dafdcc870d0e6a414b6a8,malwarebazaar,exe,"5a4378fb90db39f09c7b18d1f314e645,dropped-by-remus,exe",2026-09-21 04:00:06,2026-09-21 04:32:26,85
hash_md5,328b891d69722811d51149188fdc711e,malwarebazaar,exe,"5a4378fb90db39f09c7b18d1f314e645,dropped-by-remus,exe",2026-09-21 04:00:06,2026-09-21 04:32:26,85
hash_md5,32caec6bbbeb54014b7b11e623a621a6,malwarebazaar,Mirai,"elf,Mirai,upx",2026-09-21 04:00:06,2026-09-21 04:32:26,85
hash_md5,354a684b2012d63fd1d83c9111924d0f,malwarebazaar,unknown,unknown,2026-09-21 04:00:06,2026-09-21 04:32:26,85
hash_md5,3b2fda0b5ea761b1a0084915088d3331,malwarebazaar,Mirai,"elf,Mirai",2026-09-21 04:00:06,2026-09-21 04:32:26,85
hash_md5,3cbbd7dd060fe026e591901f5439a7f6,malwarebazaar,macho,"ClickFix,Foxveil,loader,Mach-O,macho,macOS",2026-09-21 04:00:06,2026-09-21 04:32:26,85
hash_md5,3e4c06d214706fc79a26533050496b90,malwarebazaar,exe,"0f81469cc7638ba7c82eaddbd6b3c20a,dropped-by-remus,exe",2026-09-21 04:00:06,2026-09-21 04:32:26,85
hash_md5,47569ff0e0676acee5f8589e739ff903,malwarebazaar,exe,"5a4378fb90db39f09c7b18d1f314e645,dropped-by-remus,exe",2026-09-21 04:00:06,2026-09-21 04:32:26,85
hash_md5,4b0c92d91bbb2543d3396e6938788a65,malwarebazaar,Mirai,"elf,Mirai,upx-dec",2026-09-21 04:00:06,2026-09-21 04:32:26,85
hash_md5,4bc5fed9baf3020ab0a7343411b24d9a,malwarebazaar,exe,"5a4378fb90db39f09c7b18d1f314e645,dropped-by-remus,exe",2026-09-21 04:00:06,2026-09-21 04:32:26,85
hash_md5,4d62e349a1c7c61ddcd2496fb0ef7dc1,malwarebazaar,exe,"5a4378fb90db39f09c7b18d1f314e645,dropped-by-remus,exe",2026-09-21 04:00:06,2026-09-21 04:32:26,85
hash_md5,4ee1385100d3ecb3924f5063ac83262c,malwarebazaar,exe,"5a4378fb90db39f09c7b18d1f314e645,dropped-by-remus,exe",2026-09-21 04:00:06,2026-09-21 04:32:26,85
hash_md5,5014551ccc9d75840b4cdc808fbdf917,malwarebazaar,Mirai,"elf,Mirai",2026-09-21 04:00:06,2026-09-21 04:32:26,85
hash_md5,503b396ab46c16f45e034072648d3600,malwarebazaar,exe,"5a4378fb90db39f09c7b18d1f314e645,dropped-by-remus,exe",2026-09-21 04:00:06,2026-09-21 04:32:26,85
hash_md5,52d120ecea0d74682d75de27efd9a5ed,malwarebazaar,Mirai,"elf,Mirai",2026-09-21 04:00:06,2026-09-21 04:32:26,85
hash_md5,5e4f8196c85997bdba2bc6a530dfa4ca,malwarebazaar,exe,exe,2026-09-21 04:00:06,2026-09-21 04:32:26,85
hash_md5,60f37ef660fa58f9cc619dfba2a889ad,malwarebazaar,exe,"5a4378fb90db39f09c7b18d1f314e645,dropped-by-remus,exe",2026-09-21 04:00:06,2026-09-21 04:32:26,85
hash_md5,618cb7dda81ae71c0be3857e92b20c74,malwarebazaar,Mirai,"arm,cowrie,elf,honeypot,mirai,mozi,torii",2026-09-21 04:00:06,2026-09-21 04:32:26,85
hash_md5,6222bca79428b725724b49f26bcb8646,malwarebazaar,exe,"5a4378fb90db39f09c7b18d1f314e645,dropped-by-remus,exe",2026-09-21 04:00:06,2026-09-21 04:32:26,85
hash_md5,62e28fbbce4cd8185658a6ea9026865f,malwarebazaar,exe,"5a4378fb90db39f09c7b18d1f314e645,dropped-by-remus,exe",2026-09-21 04:00:06,2026-09-21 04:32:26,85
hash_md5,6c2d42b2e8c6e3d6d92a6bbc4154d91f,malwarebazaar,Mirai,"arm,cowrie,elf,honeypot,Mirai",2026-09-21 04:00:06,2026-09-21 04:32:26,85
hash_md5,701fd54d78336fe2a908bc425072f33b,malwarebazaar,Mirai,"elf,Mirai",2026-09-21 04:00:06,2026-09-21 04:32:26,85
hash_md5,704025544a04ea9c41fe5954e1cf0ace,malwarebazaar,exe,"7fb9ce94a5b4ca72f31a746cc2c6134d,dropped-by-remus,exe",2026-09-21 04:00:06,2026-09-21 04:32:26,85
hash_md5,78a3def2ef757153d63ffa45de947d1f,malwarebazaar,exe,exe,2026-09-21 04:00:06,2026-09-21 04:32:26,85
hash_md5,78e5038c4c3bb43fffd3b71794fafb4e,malwarebazaar,exe,"03c288afc2626e195437231037ade40b,dropped-by-remus,exe",2026-09-21 04:00:06,2026-09-21 04:32:26,85
hash_md5,7a478063b61dd29c00056880b17409b8,malwarebazaar,exe,exe,2026-09-21 04:00:06,2026-09-21 04:32:26,85
hash_md5,7aff1aac4bd4dd54dd9916574bfd17ae,malwarebazaar,exe,"5a4378fb90db39f09c7b18d1f314e645,dropped-by-remus,exe",2026-09-21 04:00:06,2026-09-21 04:32:26,85
hash_md5,7ba1ae8db840603c8f88682c0c82ef27,malwarebazaar,exe,"5a4378fb90db39f09c7b18d1f314e645,dropped-by-remus,exe",2026-09-21 04:00:06,2026-09-21 04:32:26,85
hash_md5,7e1128a6ddc4d36221643f8398af9e20,malwarebazaar,GuLoader,"GuLoader,vbs",2026-09-21 04:00:06,2026-09-21 04:32:26,85
hash_md5,7ef2e0aa523d2550bf2089c39a8bf187,malwarebazaar,exe,"5a4378fb90db39f09c7b18d1f314e645,dropped-by-remus,exe",2026-09-21 04:00:06,2026-09-21 04:32:26,85
hash_md5,8314ae947a3378db149556f576531780,malwarebazaar,exe,"5a4378fb90db39f09c7b18d1f314e645,dropped-by-remus,exe",2026-09-21 04:00:06,2026-09-21 04:32:26,85
hash_md5,891e75f66f5c7bc7b7db86bdbb205a89,malwarebazaar,macho,"ClickFix,Foxveil,loader,Mach-O,macho,macOS",2026-09-21 04:00:06,2026-09-21 04:32:26,85
hash_md5,8b8d22e06c47aba6ab6637dbd981baa0,malwarebazaar,Mirai,"elf,Mirai,upx",2026-09-21 04:00:06,2026-09-21 04:32:26,85
hash_md5,8cc62058f9448e5f9795c961754e7541,malwarebazaar,Formbook,"Formbook,js",2026-09-21 04:00:06,2026-09-21 04:32:26,85
hash_md5,8e80d72752188e968e6fbbb325fb2e1c,malwarebazaar,Gafgyt,"elf,Gafgyt,Mirai",2026-09-21 04:00:06,2026-09-21 04:32:26,85
hash_md5,8fe365cfe03734ca88996c17378f89ef,malwarebazaar,exe,"0f81469cc7638ba7c82eaddbd6b3c20a,dropped-by-remus,exe",2026-09-21 04:00:06,2026-09-21 04:32:26,85
hash_md5,917a2f42b5137be7a5694c9fae909ab9,malwarebazaar,exe,"5a4378fb90db39f09c7b18d1f314e645,dropped-by-remus,exe",2026-09-21 04:00:06,2026-09-21 04:32:26,85
hash_md5,935d194322d67db715c01be9f7a1e79e,malwarebazaar,exe,"5a4378fb90db39f09c7b18d1f314e645,dropped-by-remus,exe",2026-09-21 04:00:06,2026-09-21 04:32:26,85
hash_md5,9427f7338ba930b4d99d07152dbed0b1,malwarebazaar,exe,"5a4378fb90db39f09c7b18d1f314e645,dropped-by-remus,exe",2026-09-21 04:00:06,2026-09-21 04:32:26,85
hash_md5,9c588236c9e12f411815509a5ecb89df,malwarebazaar,Mirai,"elf,Mirai,upx-dec",2026-09-21 04:00:06,2026-09-21 04:32:26,85
hash_md5,a07e10c38d66f00fc80c28f079385466,malwarebazaar,exe,"5a4378fb90db39f09c7b18d1f314e645,dropped-by-remus,exe",2026-09-21 04:00:06,2026-09-21 04:32:26,85
hash_md5,a08bf4ab6a40117f3c04fd57425524c6,malwarebazaar,Mirai,"elf,Mirai,upx-dec",2026-09-21 04:00:06,2026-09-21 04:32:26,85
hash_md5,a3635387a18bf1200ec9db448b29c255,malwarebazaar,exe,"5a4378fb90db39f09c7b18d1f314e645,dropped-by-remus,exe",2026-09-21 04:00:06,2026-09-21 04:32:26,85
hash_md5,ae868d95553cf332b071da74cb60c0f6,malwarebazaar,exe,"5a4378fb90db39f09c7b18d1f314e645,dropped-by-remus,exe",2026-09-21 04:00:06,2026-09-21 04:32:26,85
hash_md5,afdd595d8581ec24d90dbf27bb3e4679,malwarebazaar,exe,"5a4378fb90db39f09c7b18d1f314e645,dropped-by-remus,exe",2026-09-21 04:00:06,2026-09-21 04:32:26,85
hash_md5,b236d555bf1cf96614597501a48207ad,malwarebazaar,elf,"elf,wraith",2026-09-21 04:00:06,2026-09-21 04:32:26,85
hash_md5,b5445be4beed7280329d62d8d3058ff0,malwarebazaar,exe,"5a4378fb90db39f09c7b18d1f314e645,dropped-by-remus,exe",2026-09-21 04:00:06,2026-09-21 04:32:26,85
hash_md5,b80f001d02a326dbd2387502c2f88256,malwarebazaar,unknown,unknown,2026-09-21 04:00:06,2026-09-21 04:32:26,85
hash_md5,ba81f6ae0d03d3cfddab048e0f135eb0,malwarebazaar,exe,"5a4378fb90db39f09c7b18d1f314e645,dropped-by-remus,exe",2026-09-21 04:00:06,2026-09-21 04:32:26,85
hash_md5,bbc4b5443a733680fc59646d44ea54eb,malwarebazaar,Mirai,"elf,Mirai,upx",2026-09-21 04:00:06,2026-09-21 04:32:26,85
hash_md5,bf1c9a1b8984595ba3455a8d70b4cf05,malwarebazaar,Mirai,"elf,Mirai,upx",2026-09-21 04:00:06,2026-09-21 04:32:26,85
hash_md5,bf6579157d74ea716c25c6a38f1f060c,malwarebazaar,exe,"5a4378fb90db39f09c7b18d1f314e645,dropped-by-remus,exe",2026-09-21 04:00:06,2026-09-21 04:32:26,85
hash_md5,c47d6d588f635e4bf9708a4995f8322e,malwarebazaar,exe,exe,2026-09-21 04:00:06,2026-09-21 04:32:26,85
hash_md5,c48585da123d09bc56c48f4c69e53592,malwarebazaar,zip,zip,2026-09-21 04:00:06,2026-09-21 04:32:26,85
hash_md5,c5e4174fb3f9b81402868631118e5445,malwarebazaar,Mirai,"elf,Mirai,upx",2026-09-21 04:00:06,2026-09-21 04:32:26,85
hash_md5,c626816e62c53225cb53ca7e7eb346ef,malwarebazaar,Mirai,"elf,Mirai,upx-dec",2026-09-21 04:00:06,2026-09-21 04:32:26,85
hash_md5,cb926fa983448486b8229ed0a7989d97,malwarebazaar,exe,"5a4378fb90db39f09c7b18d1f314e645,dropped-by-remus,exe",2026-09-21 04:00:06,2026-09-21 04:32:26,85
hash_md5,cde0e904f2100e981aed08a8723116f1,malwarebazaar,exe,"5a4378fb90db39f09c7b18d1f314e645,dropped-by-remus,exe",2026-09-21 04:00:06,2026-09-21 04:32:26,85
hash_md5,d4c1a95803a0d5da95e5f1ae79e50375,malwarebazaar,exe,"5a4378fb90db39f09c7b18d1f314e645,dropped-by-remus,exe",2026-09-21 04:00:06,2026-09-21 04:32:26,85
hash_md5,d566e04562d628ce0ea46e2087fa3873,malwarebazaar,exe,exe,2026-09-21 04:00:06,2026-09-21 04:32:26,85
hash_md5,d586d7ad4d7c8bc7d8952d2b537bd473,malwarebazaar,exe,exe,2026-09-21 04:00:06,2026-09-21 04:32:26,85
hash_md5,dd85357578202d939e8fc80280974d1e,malwarebazaar,exe,"03c288afc2626e195437231037ade40b,dropped-by-remus,exe",2026-09-21 04:00:06,2026-09-21 04:32:26,85
hash_md5,e15cf40af58e78a8cfb9c608a930ecfa,malwarebazaar,exe,"5a4378fb90db39f09c7b18d1f314e645,dropped-by-remus,exe",2026-09-21 04:00:06,2026-09-21 04:32:26,85
hash_md5,e37bfe219d6e0a138e73278790336ce4,malwarebazaar,Mirai,"elf,Mirai,upx-dec",2026-09-21 04:00:06,2026-09-21 04:32:26,85
hash_md5,e5e21c996aaa4b3abf3428d2464c976d,malwarebazaar,exe,"5a4378fb90db39f09c7b18d1f314e645,dropped-by-remus,exe",2026-09-21 04:00:06,2026-09-21 04:32:26,85
hash_md5,e69f889d6788e6e68852f2332ab5c87c,malwarebazaar,exe,"5a4378fb90db39f09c7b18d1f314e645,dropped-by-remus,exe",2026-09-21 04:00:06,2026-09-21 04:32:26,85
hash_md5,e6ebc6efe43cfc5bbce05bbb2decfe68,malwarebazaar,exe,"5a4378fb90db39f09c7b18d1f314e645,dropped-by-remus,exe",2026-09-21 04:00:06,2026-09-21 04:32:26,85
hash_md5,e71fd125b838c2ce77134447ecbaf305,malwarebazaar,Prometei,elf,2026-09-21 04:00:06,2026-09-21 04:32:26,85
hash_md5,e7ac4df54f78ffafffaf68e5122ff6c2,malwarebazaar,exe,"exe,generic,kryptik",2026-09-21 04:00:06,2026-09-21 04:32:26,85
hash_md5,ebefa0caff29954431f947343058fc96,malwarebazaar,exe,"03c288afc2626e195437231037ade40b,dropped-by-remus,exe",2026-09-21 04:00:06,2026-09-21 04:32:26,85
hash_md5,ebfc1f913f7b2868056542f3a605cd0a,malwarebazaar,exe,"dapato,exe,kryptik",2026-09-21 04:00:06,2026-09-21 04:32:26,85
hash_md5,ee3aa5a2a13d9870d2c11e1bba34e48e,malwarebazaar,Mirai,"elf,Mirai,upx",2026-09-21 04:00:06,2026-09-21 04:32:26,85
hash_md5,ee751bfb2b5c14c3ebeb65660a5ee945,malwarebazaar,exe,"5a4378fb90db39f09c7b18d1f314e645,dropped-by-remus,exe",2026-09-21 04:00:06,2026-09-21 04:32:26,85
hash_md5,f1293c4a3b91ed25aac03bef2ec7bf25,malwarebazaar,Mirai,"elf,Mirai",2026-09-21 04:00:06,2026-09-21 04:32:26,85
hash_md5,f3fb632e81be69f543095a3e520d7063,malwarebazaar,exe,"5a4378fb90db39f09c7b18d1f314e645,dropped-by-remus,exe",2026-09-21 04:00:06,2026-09-21 04:32:26,85
hash_md5,f6293474a6be361c394a94ef5a5fb85f,malwarebazaar,exe,"5a4378fb90db39f09c7b18d1f314e645,dropped-by-remus,exe",2026-09-21 04:00:06,2026-09-21 04:32:26,85
hash_md5,f79e37b3ea2c9091ca7ed7205050a67c,malwarebazaar,exe,"5a4378fb90db39f09c7b18d1f314e645,dropped-by-remus,exe",2026-09-21 04:00:06,2026-09-21 04:32:26,85
hash_md5,fb6246fb501314bb93f99f3a02b27ff8,malwarebazaar,exe,"5a4378fb90db39f09c7b18d1f314e645,dropped-by-remus,exe",2026-09-21 04:00:06,2026-09-21 04:32:26,85
hash_md5,fb7faab3e3895007f59abbf89960565e,malwarebazaar,exe,"5a4378fb90db39f09c7b18d1f314e645,dropped-by-remus,exe",2026-09-21 04:00:06,2026-09-21 04:32:26,85
hash_md5,fbcc994a057e315dece6cab3d50158af,malwarebazaar,exe,"0f81469cc7638ba7c82eaddbd6b3c20a,dropped-by-remus,exe",2026-09-21 04:00:06,2026-09-21 04:32:26,85
hash_md5,fe76dc8af53e1f4f5fa118e679683f48,malwarebazaar,Snowlight,"elf,Snowlight",2026-09-21 04:00:06,2026-09-21 04:32:26,85
hash_sha256,03b2a2fa1ba45acaf40291cef2c753c2d60ec629a851434fe20d5cfb5575f954,threatfox,VShell,"threatfox,exe,VShell",2026-09-20 16:08:23,2026-09-21 04:32:26,85
hash_sha256,03e2a45a5a7ec955fd6e04a89f895822b3448931364e8ba319c26f73c4787d53,malwarebazaar,exe,"5a4378fb90db39f09c7b18d1f314e645,dropped-by-remus,exe",2026-09-21 04:00:06,2026-09-21 04:32:26,85
hash_sha256,0541bb4f2c603677627f379c588dc8f0407f713e5290886bb2c86001d404ad23,malwarebazaar,exe,"0f81469cc7638ba7c82eaddbd6b3c20a,dropped-by-remus,exe",2026-09-21 04:00:06,2026-09-21 04:32:26,85
hash_sha256,06151e594df6f59c58fdfddae928050bdf844d2b2fe0473b5be5b067ec69679f,malwarebazaar,Mirai,"arm,cowrie,elf,honeypot,Mirai",2026-09-21 04:00:06,2026-09-21 04:32:26,85
hash_sha256,0766787a6a5d07b2900e2237bf33bf87ec68c9c5dec7f6b065cadc4badb8fb88,malwarebazaar,exe,"5a4378fb90db39f09c7b18d1f314e645,dropped-by-remus,exe",2026-09-21 04:00:06,2026-09-21 04:32:26,85
hash_sha256,080c5b27e2d8a2b13d5cda93ee502b767bc43e787df95899ace6f27ed9c1dd22,malwarebazaar,exe,"dapato,exe,kryptik",2026-09-21 04:00:06,2026-09-21 04:32:26,85
hash_sha256,09ee8454d25becc292fb33b33c85554df1ff4d70d780c210633682c904e52fb1,malwarebazaar,exe,"5a4378fb90db39f09c7b18d1f314e645,dropped-by-remus,exe",2026-09-21 04:00:06,2026-09-21 04:32:26,85
hash_sha256,0a8981eacd760d8940ae5ac4f04c12fdfe77c366d044bf84cae116407f5df302,malwarebazaar,exe,exe,2026-09-21 04:00:06,2026-09-21 04:32:26,85
hash_sha256,0cc2a2e4ec949118efa47fa4d79702fa6aace63bbb8e4f051e33c4e0655da38d,malwarebazaar,exe,exe,2026-09-21 04:00:06,2026-09-21 04:32:26,85
hash_sha256,0d0ee878ce80bba959f48fbf1d3220b135ad18625eeb62aa89a6a16c3308fdda,malwarebazaar,exe,"5a4378fb90db39f09c7b18d1f314e645,dropped-by-remus,exe",2026-09-21 04:00:06,2026-09-21 04:32:26,85
hash_sha256,0dcd1d1183936c9035f2cb9cba8d2eefa12531b9625b9ce6f8dba3ba1fafaf5c,malwarebazaar,Mirai,"elf,Mirai",2026-09-21 04:00:06,2026-09-21 04:32:26,85
hash_sha256,0e94b8d01393bd5d7c16095b1df29fc695b50cbb05a1b76acb4d5165de9c4378,threatfox,VShell,"threatfox,exe,VShell",2026-09-20 16:08:23,2026-09-21 04:32:26,85
hash_sha256,0f5e1dbcd1904061d0f1d967ab43f8a441e8dabbda4179e0717e2aefdf6afb1a,malwarebazaar,exe,"5a4378fb90db39f09c7b18d1f314e645,dropped-by-remus,exe",2026-09-21 04:00:06,2026-09-21 04:32:26,85
hash_sha256,0fb25f6e2b685d8f8b1843b8d11e0ac81be09a498010ebf87aac1a4d6a3e42f3,malwarebazaar,Mirai,"elf,Mirai",2026-09-21 04:00:06,2026-09-21 04:32:26,85
hash_sha256,133a264c8cb046890d7cb058f5e33a81b46653d1f0d4edda7a755f8c3729c18d,threatfox,VShell,"threatfox,exe,VShell",2026-09-20 16:08:23,2026-09-21 04:32:26,85
hash_sha256,13b52a2b81a99c5b40e1710dc68c74726cb5981676cb52585a218e696cc2846e,threatfox,AsyncRAT,"threatfox,asyncrat,rat",2026-09-20 16:08:23,2026-09-21 04:32:26,85
hash_sha256,13b767f30b774ffb9ef9bdf6dc66137ec55e2395f72f70e0ae1eaf2e79eb8fdc,threatfox,AsyncRAT,"threatfox,asyncrat,rat",2026-09-20 16:08:23,2026-09-21 04:32:26,85
hash_sha256,13bc2267891adcdab3f24eb675569a4be8c7b9ce2d3dbba88b7242b231b38c04,threatfox,AsyncRAT,"threatfox,asyncrat,rat",2026-09-20 16:08:23,2026-09-21 04:32:26,85
hash_sha256,13bc247107fa0dc495b4687595e39f7a2ca05b4d6b032621d200816f6345b1bc,threatfox,AsyncRAT,"threatfox,asyncrat,rat",2026-09-20 16:08:23,2026-09-21 04:32:26,85
hash_sha256,13c08b4f5877f506ee87913f96c277a82d50c5f6084d100118248e7295132ebd,threatfox,AsyncRAT,"threatfox,asyncrat,rat",2026-09-20 16:08:23,2026-09-21 04:32:26,85
hash_sha256,13c2f14da985be19ee598514bd96e8a7a75ebfa297560d8bc64f9673693b3c67,threatfox,AsyncRAT,"threatfox,asyncrat,rat",2026-09-20 16:08:23,2026-09-21 04:32:26,85
hash_sha256,13c3a589967c57a08a80dfc5f5da3022234c02b3efd2066b7b5ae555c11c9916,threatfox,AsyncRAT,"threatfox,asyncrat,rat",2026-09-20 16:08:23,2026-09-21 04:32:26,85
hash_sha256,13cad19e58cb7d6ac1752e14b986960acf423661d16245068c60810685bc4fed,threatfox,AsyncRAT,"threatfox,asyncrat,rat",2026-09-20 16:08:23,2026-09-21 04:32:26,85
hash_sha256,13cad2d02d3be721114667c4240a51e18fd1d2b49b5ace5c343c32e0a9fb48da,threatfox,AsyncRAT,"threatfox,asyncrat,rat",2026-09-20 16:08:23,2026-09-21 04:32:26,85
hash_sha256,13cf710e2be9be2e52665506f28ed16081a6c1dd6059a3f217e16554b91a7d7d,threatfox,AsyncRAT,"threatfox,asyncrat,rat",2026-09-20 16:08:23,2026-09-21 04:32:26,85
hash_sha256,13d27cdf24f15d418b2197f6d017725bbd26ea1b8db7a61bdd648e90f1d269c5,threatfox,AsyncRAT,"threatfox,asyncrat,rat",2026-09-20 16:08:23,2026-09-21 04:32:26,85
hash_sha256,13d7a8c667b0e3e0d08a937d1d3f952d21a49080a7340f2fee182e2f2a191633,threatfox,AsyncRAT,"threatfox,asyncrat,rat",2026-09-20 16:08:23,2026-09-21 04:32:26,85
hash_sha256,13d9c1e02ffcc1ed257d6200fa4e5faa9b32b8e7dca0e356b271b42b54687a46,threatfox,AsyncRAT,"threatfox,asyncrat,rat",2026-09-20 16:08:23,2026-09-21 04:32:26,85
hash_sha256,13dfc007792d7eb1f1a467f56f0a6ec1de58546693508babccc6242ab451cef8,threatfox,AsyncRAT,"threatfox,asyncrat,rat",2026-09-20 16:08:23,2026-09-21 04:32:26,85
hash_sha256,13e20dfda7798bf9c753b1ffe61f12bc9412d56e6dee0a8391e99854c9728bc9,threatfox,AsyncRAT,"threatfox,asyncrat,rat",2026-09-20 16:08:23,2026-09-21 04:32:26,85
hash_sha256,13e989a5ef0e33da722230dcd1bcb8db8a05eb80886c3372d04c6bfd3a1bfeda,threatfox,AsyncRAT,"threatfox,asyncrat,rat",2026-09-20 16:08:23,2026-09-21 04:32:26,85
hash_sha256,13ea6d46a8931f7d9c605f20e023fe9184a45cb45260027f5960abaad8d2351e,threatfox,AsyncRAT,"threatfox,asyncrat,rat",2026-09-20 16:08:23,2026-09-21 04:32:26,85
hash_sha256,13eab7c5579debf8aea6282aba097cb7924be6bba99bd8fbd3956870885dc81d,threatfox,AsyncRAT,"threatfox,asyncrat,rat",2026-09-20 16:08:23,2026-09-21 04:32:26,85
hash_sha256,13ecd0bba862fe22e82e971cddf119452bec210474b7869859d704962d5dbd14,threatfox,AsyncRAT,"threatfox,asyncrat,rat",2026-09-20 16:08:23,2026-09-21 04:32:26,85
hash_sha256,13f1760cca4c9a585a2316cf67a83bb7f403f887099db420a48cf31ef947e6f5,threatfox,AsyncRAT,"threatfox,asyncrat,rat",2026-09-20 16:08:23,2026-09-21 04:32:26,85
hash_sha256,13f53967b03017371c9385a4266b5f3169afe48e933a5cbbf95f24843c05f376,threatfox,AsyncRAT,"threatfox,asyncrat,rat",2026-09-20 16:08:23,2026-09-21 04:32:26,85
hash_sha256,13f6c2e14fae09158ca39b0b6cbac453f59c033754fec61db51183c7fd5a7119,threatfox,AsyncRAT,"threatfox,asyncrat,rat",2026-09-20 16:08:23,2026-09-21 04:32:26,85
hash_sha256,13f73003076acb14837b2eab2f0436ecce6b9bc6799cb194220c8cb9c94b50e0,threatfox,AsyncRAT,"threatfox,asyncrat,rat",2026-09-20 16:08:23,2026-09-21 04:32:26,85
hash_sha256,13f9a3448c9f640ce71500fbcdfc51a2d3da47664a37ec9370c92671ceaefa5a,threatfox,AsyncRAT,"threatfox,asyncrat,rat",2026-09-20 16:08:23,2026-09-21 04:32:26,85
hash_sha256,13fa6acad86e05059ee5712c668b299a5425a418887f3ba35ad9a03282ff1555,threatfox,AsyncRAT,"threatfox,asyncrat,rat",2026-09-20 16:08:23,2026-09-21 04:32:26,85
hash_sha256,13feea8b62c25c3f0fc396565d0ab40874a497cd90398fd9296eccf59586174b,malwarebazaar,exe,"5a4378fb90db39f09c7b18d1f314e645,dropped-by-remus,exe",2026-09-21 04:00:06,2026-09-21 04:32:26,85
hash_sha256,14001bb4e4a556615dab43d3bc33cd0666a6b744f3d424d662b43007a9eb92c6,threatfox,AsyncRAT,"threatfox,asyncrat,rat",2026-09-20 16:08:23,2026-09-21 04:32:26,85
hash_sha256,1406d2cd9119c22ddac6c8fe907fac1f66415113f90ba0ba14ab537c5d1d30b7,threatfox,AsyncRAT,"threatfox,asyncrat,rat",2026-09-20 16:08:23,2026-09-21 04:32:26,85
hash_sha256,1406d358c5ebb28780323b6451363d1f0f6ab5738f3924a6434622991f6fb2f0,threatfox,AsyncRAT,"threatfox,asyncrat,rat",2026-09-20 16:08:23,2026-09-21 04:32:26,85
hash_sha256,140a199073ed8c90264313708e5ec3575feeb857c64cd217515296c0ebde15ac,threatfox,AsyncRAT,"threatfox,asyncrat,rat",2026-09-20 16:08:23,2026-09-21 04:32:26,85
hash_sha256,1411db39f73bd5d3c31049b2a4ec7dea811671b649c620e77855731290e7f536,threatfox,AsyncRAT,"threatfox,asyncrat,rat",2026-09-20 16:08:23,2026-09-21 04:32:26,85
hash_sha256,141421f1bd0a14f2ec4c7ffd3cbc2342043cbac9ebf36165e91218147bf3f10a,threatfox,AsyncRAT,"threatfox,asyncrat,rat",2026-09-20 16:08:23,2026-09-21 04:32:26,85
hash_sha256,1418386128ff3aea3604cf4295bfa49c56ed30b6a2b47112cd742a74448101eb,threatfox,AsyncRAT,"threatfox,asyncrat,rat",2026-09-20 16:08:23,2026-09-21 04:32:26,85
hash_sha256,141e45a88dd8975ad4b3f5bc6812c0b4cc7e3898a01eddba34517d7d7b7100b8,threatfox,AsyncRAT,"threatfox,asyncrat,rat",2026-09-20 16:08:23,2026-09-21 04:32:26,85
hash_sha256,1423053f90855d33858db47f354055b660943104c1c18f848c9b7b415979dc5f,threatfox,AsyncRAT,"threatfox,asyncrat,rat",2026-09-20 16:08:23,2026-09-21 04:32:26,85
hash_sha256,1424faa027ebed1e1d60dacdaad168e31d0385d731e683870e873ad171e9146e,threatfox,AsyncRAT,"threatfox,asyncrat,rat",2026-09-20 16:08:23,2026-09-21 04:32:26,85
hash_sha256,1426bcfb50fbfd748ccf84cfb2c106ac52f5f2ef82b70a7be46e8f473c701658,threatfox,AsyncRAT,"threatfox,asyncrat,rat",2026-09-20 16:08:23,2026-09-21 04:32:26,85
hash_sha256,142873db547e46701d0630bf254b6e4d7570a37e62194e89264b53410682d9a8,threatfox,AsyncRAT,"threatfox,asyncrat,rat",2026-09-20 16:08:23,2026-09-21 04:32:26,85
hash_sha256,14292af3ae4a61a65ab07ca2342fd93a3cd74039df717618f2cf891a7ffa5a9d,threatfox,AsyncRAT,"threatfox,asyncrat,rat",2026-09-20 16:08:23,2026-09-21 04:32:26,85
hash_sha256,14303da2a8e12fa679f3d0241d9666d71b65ead2aa80d02ccafb48b70ca5d987,threatfox,AsyncRAT,"threatfox,asyncrat,rat",2026-09-20 16:08:23,2026-09-21 04:32:26,85
hash_sha256,14396a7713bae3b83f68380ae17757266ca9ccc2d9a11c50e0b075f6c9a95d09,threatfox,AsyncRAT,"threatfox,asyncrat,rat",2026-09-20 16:08:23,2026-09-21 04:32:26,85
hash_sha256,143a5bc4c9eb954f47c22cfa31257d906482709c20641333657e68c38479012f,threatfox,AsyncRAT,"threatfox,asyncrat,rat",2026-09-20 16:08:23,2026-09-21 04:32:26,85
hash_sha256,144711afbc493b31b7efc03baa64dead79ecf0a77d1bb6b087c8feed42cf7836,threatfox,AsyncRAT,"threatfox,asyncrat,rat",2026-09-20 16:08:23,2026-09-21 04:32:26,85
hash_sha256,14499876e694e67beebeaca27771f44d03147e5e50a0182593d57ff9bb8ab521,threatfox,AsyncRAT,"threatfox,asyncrat,rat",2026-09-20 16:08:23,2026-09-21 04:32:26,85
hash_sha256,144a026bb63a29b36a3437094c4f53cf1cb135edcbe15ab06e35fb8759129bfc,threatfox,AsyncRAT,"threatfox,asyncrat,rat",2026-09-20 16:08:23,2026-09-21 04:32:26,85
hash_sha256,144ab51f734c43da782f51f2b853d33bd9755d6efafd5fa34b378140bc3a4570,threatfox,AsyncRAT,"threatfox,asyncrat,rat",2026-09-20 16:08:23,2026-09-21 04:32:26,85
hash_sha256,144bc1cda39a3937907159a6977ea8128965e91956f6bd81d785bbf0ecd61c4b,threatfox,AsyncRAT,"threatfox,asyncrat,rat",2026-09-20 16:08:23,2026-09-21 04:32:26,85
hash_sha256,144e0112e2509c1ddd3cf290c4ed10541d9f2b276ff22492111c9951d0ccf98a,threatfox,AsyncRAT,"threatfox,asyncrat,rat",2026-09-20 16:08:23,2026-09-21 04:32:26,85
hash_sha256,14588fe97021a91906aa85ac0f8c7b20d21706108e69bca70a74e121684bbe5e,threatfox,AsyncRAT,"threatfox,asyncrat,rat",2026-09-20 16:08:23,2026-09-21 04:32:26,85
hash_sha256,145d760e7d7a42cd945135ee9c79363f66df4952ca3db30aa785b3dbd2c518c2,threatfox,AsyncRAT,"threatfox,asyncrat,rat",2026-09-20 16:08:23,2026-09-21 04:32:26,85
hash_sha256,145da02a44a9801d4075f19dc99fafa222eea1dfcf0315a370cb0d9785bc265b,threatfox,AsyncRAT,"threatfox,asyncrat,rat",2026-09-20 16:08:23,2026-09-21 04:32:26,85
hash_sha256,1466c1e6bd4b88ad92eac2240158c6516b8601fc59fc4260711c20e269ba17cb,threatfox,AsyncRAT,"threatfox,asyncrat,rat",2026-09-20 16:08:23,2026-09-21 04:32:26,85
hash_sha256,14670db63054f493d6b33519e1eab9caf1dd1576999ffedf775d19119c0d78e2,threatfox,AsyncRAT,"threatfox,asyncrat,rat",2026-09-20 16:08:23,2026-09-21 04:32:26,85
hash_sha256,14671b82ca1947399d15405d5807196da301797b4ec5a346a0b81c8474230b49,threatfox,AsyncRAT,"threatfox,asyncrat,rat",2026-09-20 16:08:23,2026-09-21 04:32:26,85
hash_sha256,146a834437e2f564d98221dbf31b65fb7c8202439efffe188b92299983197391,threatfox,AsyncRAT,"threatfox,asyncrat,rat",2026-09-20 16:08:23,2026-09-21 04:32:26,85
hash_sha256,146ff96668acfa0b36d30bab42321a2cdeccfa9714c8e1cc832741ff1d5c5d84,threatfox,AsyncRAT,"threatfox,asyncrat,rat",2026-09-20 16:08:23,2026-09-21 04:32:26,85
hash_sha256,14756b4b337d96a2f0fc3b796ec537b5a395654d20bed09f0dcfe6541d6c75b4,threatfox,AsyncRAT,"threatfox,asyncrat,rat",2026-09-20 16:08:23,2026-09-21 04:32:26,85
hash_sha256,147acbbf007be667ae676b798af1cc0c6ef598d510e2223044ca241225d081f9,threatfox,AsyncRAT,"threatfox,asyncrat,rat",2026-09-20 16:08:23,2026-09-21 04:32:26,85
hash_sha256,147db571f4663d61a2d6b6aa6b99fb3ed2b1d4436bb4764db7ced65f4459f7b5,threatfox,AsyncRAT,"threatfox,asyncrat,rat",2026-09-20 16:08:23,2026-09-21 04:32:26,85
hash_sha256,147f810affa8a7f95cc8a15cc5918933d3cf430232e132b340180d3878951974,threatfox,AsyncRAT,"threatfox,asyncrat,rat",2026-09-20 16:08:23,2026-09-21 04:32:26,85
hash_sha256,14870774f07818031c01500f5623bf1177e3ed8d8d25b4c7b6190184883e3246,threatfox,AsyncRAT,"threatfox,asyncrat,rat",2026-09-20 16:08:23,2026-09-21 04:32:26,85
hash_sha256,1490f6303a675ded86c22841f87868c6f0867e922671e0426f499e46a72060d2,threatfox,AsyncRAT,"threatfox,asyncrat,rat",2026-09-20 16:08:23,2026-09-21 04:32:26,85
hash_sha256,14995ab5376dccba2f4e91e4efcf09ab18d5645f262ee8cef70d4da8b9317699,threatfox,AsyncRAT,"threatfox,asyncrat,rat",2026-09-20 16:08:23,2026-09-21 04:32:26,85
hash_sha256,149990fa6abd66bd9771383560a23894c70696aaeb3b2304768212be1be8f764,threatfox,AsyncRAT,"threatfox,asyncrat,rat",2026-09-20 16:08:23,2026-09-21 04:32:26,85
hash_sha256,14999e3b88d8e621b2204cd49e7553e5c0921f376a141471797c8cffb260699e,threatfox,AsyncRAT,"threatfox,asyncrat,rat",2026-09-20 16:08:23,2026-09-21 04:32:26,85
hash_sha256,149a4e560ab92c551d5802dd010907c4b2fce41d1340e6b243f769ce8767492d,threatfox,AsyncRAT,"threatfox,asyncrat,rat",2026-09-20 16:08:23,2026-09-21 04:32:26,85
hash_sha256,14a5d4df6fdaa6939f33dddb13cdd8c40dae359c5de00554e4092f2fbd295a03,threatfox,AsyncRAT,"threatfox,asyncrat,rat",2026-09-20 16:08:23,2026-09-21 04:32:26,85
hash_sha256,14aa5b0fb58dd616085d10d2b33707f1bb765c2e9e67ec5c2a050689a0206e01,threatfox,AsyncRAT,"threatfox,asyncrat,rat",2026-09-20 16:08:23,2026-09-21 04:32:26,85
hash_sha256,14abe9f61a79c9964132bf1c42b7bf5c9773bd624b920118a1e062204ad72863,threatfox,AsyncRAT,"threatfox,asyncrat,rat",2026-09-20 16:08:23,2026-09-21 04:32:26,85
hash_sha256,14b003d7ab79f9711f506e44379868013a0b2c71f7c915b5eaa17e59374aa51d,threatfox,AsyncRAT,"threatfox,asyncrat,rat",2026-09-20 16:08:23,2026-09-21 04:32:26,85
hash_sha256,14b1dd86e80ad1148017cda4dcdaf6cd03cc3487722fa1ee1c36c4b54ac425b1,threatfox,AsyncRAT,"threatfox,asyncrat,rat",2026-09-20 16:08:23,2026-09-21 04:32:26,85
hash_sha256,14b9907b487aa658faa3442edb4a65f72d47b88d94867172d6b97bdc281033fd,threatfox,AsyncRAT,"threatfox,asyncrat,rat",2026-09-20 16:08:23,2026-09-21 04:32:26,85
hash_sha256,14bbe3c85eb49ba649c8c195b7582e91e57d552ba4c0a55420492438150737a6,threatfox,AsyncRAT,"threatfox,asyncrat,rat",2026-09-20 16:08:23,2026-09-21 04:32:26,85
hash_sha256,14bea8394eac90d6bd5e4327f1c97cbef8c04704cca81ef6af48c5717d93c2f6,threatfox,AsyncRAT,"threatfox,asyncrat,rat",2026-09-20 16:08:23,2026-09-21 04:32:26,85
hash_sha256,14c305f9f1da12245f24437050294a81d4219531a3a3caaa345696664f4ebcda,threatfox,AsyncRAT,"threatfox,asyncrat,rat",2026-09-20 16:08:23,2026-09-21 04:32:26,85
hash_sha256,14c66a0b3a199d38a236bed7780258d84c8a3cf335f9397769dc06a17d5707e0,threatfox,AsyncRAT,"threatfox,asyncrat,rat",2026-09-20 16:08:23,2026-09-21 04:32:26,85
hash_sha256,14d3276ca733ff2efebeb3208f7e233da4df8735514c216e5fa52a83e9110f8b,threatfox,AsyncRAT,"threatfox,asyncrat,rat",2026-09-20 16:08:23,2026-09-21 04:32:26,85
hash_sha256,14d449fbc2ed1f0bf002d0c599b96ae52c5d77e60ed8714f74aa2e8c7aa8a3eb,threatfox,AsyncRAT,"threatfox,asyncrat,rat",2026-09-20 16:08:23,2026-09-21 04:32:26,85
hash_sha256,14e3bbfa2fde2674a4626be16c297076c438035fc067a906c405e328562b990c,threatfox,AsyncRAT,"threatfox,asyncrat,rat",2026-09-20 16:08:23,2026-09-21 04:32:26,85
hash_sha256,14e809a6ceaa08f85305d9944a7122898772fe77d73b7d5f557f2f08a3d71800,threatfox,AsyncRAT,"threatfox,asyncrat,rat",2026-09-20 16:08:23,2026-09-21 04:32:26,85
hash_sha256,14eadb08f490f786db8002704cfcd4241a421017f9b7f65099977a685c40cec5,malwarebazaar,exe,"5a4378fb90db39f09c7b18d1f314e645,dropped-by-remus,exe",2026-09-21 04:00:06,2026-09-21 04:32:26,85
hash_sha256,14f109ed18495264a10aa101b259dce54eea0a2f7df8818452b42a446cd6864c,threatfox,AsyncRAT,"threatfox,asyncrat,rat",2026-09-20 16:08:23,2026-09-21 04:32:26,85
hash_sha256,14f2ff519f2f35ee6f600db6adba72744eb503395bda51aed6ebee8c1ebbabd0,threatfox,AsyncRAT,"threatfox,asyncrat,rat",2026-09-20 16:08:23,2026-09-21 04:32:26,85
hash_sha256,14f5979035221290abd337b66a7c50163e65264d90adc4ec20e70cecfab37d80,threatfox,AsyncRAT,"threatfox,asyncrat,rat",2026-09-20 16:08:23,2026-09-21 04:32:26,85
hash_sha256,14f5b515b14887c84e5e18151d51d75d6df4aaccda161391060c6a71b786a18a,threatfox,AsyncRAT,"threatfox,asyncrat,rat",2026-09-20 16:08:23,2026-09-21 04:32:26,85
hash_sha256,14ff4d8940a0742974ca662986e8c421e2b0ee7c4dd3bad42133a06d83ff01e7,threatfox,AsyncRAT,"threatfox,asyncrat,rat",2026-09-20 16:08:23,2026-09-21 04:32:26,85
hash_sha256,14fff71897dd991f009322f284198222d9d27d913b8b0a2f2b61edd460084ee6,threatfox,AsyncRAT,"threatfox,asyncrat,rat",2026-09-20 16:08:23,2026-09-21 04:32:26,85
hash_sha256,1501ed409db46bc33f3f4a13c9d2150308597fb91cff20e04c9df0d5f3dec37d,threatfox,AsyncRAT,"threatfox,asyncrat,rat",2026-09-20 16:08:23,2026-09-21 04:32:26,85
hash_sha256,1507b196d23b867b65e46349c36bc3466be2495ddfd6ff1676a9a65e11aca528,threatfox,AsyncRAT,"threatfox,asyncrat,rat",2026-09-20 16:08:23,2026-09-21 04:32:26,85
hash_sha256,150881bedbe73b815d87b588a69e7b1aaae37fba68f11b10b2fa4d553284447d,threatfox,AsyncRAT,"threatfox,asyncrat,rat",2026-09-20 16:08:23,2026-09-21 04:32:26,85
hash_sha256,1508da337fcf467c6f2bafb27997c5e78104679b35b535879fcba6bfb8d83075,threatfox,AsyncRAT,"threatfox,asyncrat,rat",2026-09-20 16:08:23,2026-09-21 04:32:26,85
hash_sha256,1508f26836320b2c1d957f497698eb982fce9530ffeb393a4db8923f302fcd01,threatfox,AsyncRAT,"threatfox,asyncrat,rat",2026-09-20 16:08:23,2026-09-21 04:32:26,85
hash_sha256,150e3d4357346ca552b55feb1cc2a1a3bccf900a843755bb24eb2e312182bca9,threatfox,AsyncRAT,"threatfox,asyncrat,rat",2026-09-20 16:08:23,2026-09-21 04:32:26,85
hash_sha256,150ee80dd139ffe25f6d25ae1e41281d67f89b32316b79e4c0fbc7f72210b255,threatfox,AsyncRAT,"threatfox,asyncrat,rat",2026-09-20 16:08:23,2026-09-21 04:32:26,85
hash_sha256,15101a887383c8cc0bd66085659692fd264272666d852cdbf4976a8a6d7a3025,threatfox,AsyncRAT,"threatfox,asyncrat,rat",2026-09-20 16:08:23,2026-09-21 04:32:26,85
hash_sha256,1518aae64f59fb9feb3fef49159aa896cdf3de5e3c31aab9c7fe201bc2f304e5,threatfox,AsyncRAT,"threatfox,asyncrat,rat",2026-09-20 16:08:23,2026-09-21 04:32:26,85
hash_sha256,1520fb559bb411b43702bbeae3b66ed30eff91ffa3b1910993df4b2be8748df8,threatfox,AsyncRAT,"threatfox,asyncrat,rat",2026-09-20 16:08:23,2026-09-21 04:32:26,85
hash_sha256,1525076c87558a452430e1a867c8e889f0f15fc658162debd2cd29c617b372c7,threatfox,AsyncRAT,"threatfox,asyncrat,rat",2026-09-20 16:08:23,2026-09-21 04:32:26,85
hash_sha256,15290efe70ea27dcc56e2365c513bb185017e8f1e1361e492204f46c334a0424,threatfox,AsyncRAT,"threatfox,asyncrat,rat",2026-09-20 16:08:23,2026-09-21 04:32:26,85
hash_sha256,152c4c3cb8181a0772ff3aab6e5abf0d5e12463ef694118dd7813aa2bbc65c7d,threatfox,AsyncRAT,"threatfox,asyncrat,rat",2026-09-20 16:08:23,2026-09-21 04:32:26,85
hash_sha256,152f8b914537b6c2acba52939ce333513fecaf98634ba6f7ded4100fd977ba35,threatfox,AsyncRAT,"threatfox,asyncrat,rat",2026-09-20 16:08:23,2026-09-21 04:32:26,85
hash_sha256,15333cd5e0e31fa55c8aec9c7c448c48448d62170860ff42528e6471c8c3aaec,threatfox,AsyncRAT,"threatfox,asyncrat,rat",2026-09-20 16:08:23,2026-09-21 04:32:26,85
hash_sha256,153539010b81b41dcbd4cf3932a91e8e3fe2cb8a077dcbce4be08dce7fa5091c,threatfox,AsyncRAT,"threatfox,asyncrat,rat",2026-09-20 16:08:23,2026-09-21 04:32:26,85
hash_sha256,153a321e178bc28e0f2c6432763bb44fc47b573596387ec241ca45d8775e12af,threatfox,AsyncRAT,"threatfox,asyncrat,rat",2026-09-20 16:08:23,2026-09-21 04:32:26,85
hash_sha256,1540aee62470811929c9948afd0e078d2c7260d76bb448e206136c1e175bc039,threatfox,AsyncRAT,"threatfox,asyncrat,rat",2026-09-20 16:08:23,2026-09-21 04:32:26,85
hash_sha256,15431165506e72ea15a1dafc9e06ea65a5c948ed5db15d2acf0c9103237f3e63,threatfox,AsyncRAT,"threatfox,asyncrat,rat",2026-09-20 16:08:23,2026-09-21 04:32:26,85
hash_sha256,1545d13b6bd6231c1eb7177d3a41540a192e0c79e63150e6bd154402f0825efe,threatfox,AsyncRAT,"threatfox,asyncrat,rat",2026-09-20 16:08:23,2026-09-21 04:32:26,85
hash_sha256,154d8f0698587983d3546dc18bef52f459e56f94d5a51e1cb894f052318fa0f2,threatfox,AsyncRAT,"threatfox,asyncrat,rat",2026-09-20 16:08:23,2026-09-21 04:32:26,85
hash_sha256,154eaa995506983b5681a47f30cf79e16c7246b1ce47a0acba41316d122a24c3,threatfox,AsyncRAT,"threatfox,asyncrat,rat",2026-09-20 16:08:23,2026-09-21 04:32:26,85
hash_sha256,155854758b79cdee58f7df5c1a4a07d3b19b3d64a0a58b2e8faf6d8b67042f3c,threatfox,AsyncRAT,"threatfox,asyncrat,rat",2026-09-20 16:08:23,2026-09-21 04:32:26,85
hash_sha256,155886feb80d5520c30325837177e28b4599ecbed9b241f36ebf1c544cb65ae9,threatfox,AsyncRAT,"threatfox,asyncrat,rat",2026-09-20 16:08:23,2026-09-21 04:32:26,85
hash_sha256,155b90025ceffee92d448a860a1b77dff49e6220694306d38550c54d27503949,threatfox,AsyncRAT,"threatfox,asyncrat,rat",2026-09-20 16:08:23,2026-09-21 04:32:26,85
hash_sha256,156506e254200dd3f44fe242cd0c76c854e2efbe2efb4955a640313d57d4ad3a,threatfox,AsyncRAT,"threatfox,asyncrat,rat",2026-09-20 16:08:23,2026-09-21 04:32:26,85
hash_sha256,156960b30f13d9fb1973276824120168ea3b7b72499ea9e861309939ecb5b2b3,threatfox,AsyncRAT,"threatfox,asyncrat,rat",2026-09-20 16:08:23,2026-09-21 04:32:26,85
hash_sha256,15700792ead68fcd95d48c53cc6caba9a6f94789291b80b54c1dc588a0b2a094,threatfox,AsyncRAT,"threatfox,asyncrat,rat",2026-09-20 16:08:23,2026-09-21 04:32:26,85
hash_sha256,15750ecca0f0384c4321623b1be901c6c4c40822067e0fca0ad76883fb8cee25,threatfox,AsyncRAT,"threatfox,asyncrat,rat",2026-09-20 16:08:23,2026-09-21 04:32:26,85
hash_sha256,1578d1e95037312fdbb8e0f46f086316e68bad3b9c8cd9a5a9a113fc6a883b90,threatfox,AsyncRAT,"threatfox,asyncrat,rat",2026-09-20 16:08:23,2026-09-21 04:32:26,85
hash_sha256,15791d65829ba4c6ef16731ce8b9f38035f6138acc584701285ee43b261b56b5,threatfox,AsyncRAT,"threatfox,asyncrat,rat",2026-09-20 16:08:23,2026-09-21 04:32:26,85
hash_sha256,157c924023fefdb1a919140f91a6906c6a44992491ae317a1864fc2d95a51d4f,threatfox,AsyncRAT,"threatfox,asyncrat,rat",2026-09-20 16:08:23,2026-09-21 04:32:26,85
hash_sha256,1583c039098be20a5d2076827affa434a8fd385f8e629ecdcdf44750d08dfbe2,threatfox,AsyncRAT,"threatfox,asyncrat,rat",2026-09-20 16:08:23,2026-09-21 04:32:26,85
hash_sha256,1585da3e673e259ec50b13f733afb0fb42b60978ced618a5dc1a95fa3481dcee,threatfox,AsyncRAT,"threatfox,asyncrat,rat",2026-09-20 16:08:23,2026-09-21 04:32:26,85
hash_sha256,158a0a9c84d928012f67969677bdbf676c1f58a09127b2715077c29e942fa8ec,threatfox,AsyncRAT,"threatfox,asyncrat,rat",2026-09-20 16:08:23,2026-09-21 04:32:26,85
hash_sha256,158a0ed0cde39027ece5a69fdd168fad03c61537d86f123aea05caa752753925,threatfox,AsyncRAT,"threatfox,asyncrat,rat",2026-09-20 16:08:23,2026-09-21 04:32:26,85
hash_sha256,158d3cd5743e4c133ebdd9a10f72550bf02939258ca9fc68509f2bcfbc5c9205,threatfox,AsyncRAT,"threatfox,asyncrat,rat",2026-09-20 16:08:23,2026-09-21 04:32:26,85
hash_sha256,1590b1512142d6c974828fc11958a9a5ffdb6673a584b15fda7f93768f639a54,threatfox,AsyncRAT,"threatfox,asyncrat,rat",2026-09-20 16:08:23,2026-09-21 04:32:26,85
hash_sha256,15960b8de68e52664626551b44510ab97636ce0b16ce65f9a3dd87b43d9e5a37,threatfox,AsyncRAT,"threatfox,asyncrat,rat",2026-09-20 16:08:23,2026-09-21 04:32:26,85
hash_sha256,159791bd389405ea3967fd9172ffc8f21f89e0be1b92f6beca98a8fbb6e2c3f2,threatfox,AsyncRAT,"threatfox,asyncrat,rat",2026-09-20 16:08:23,2026-09-21 04:32:26,85
hash_sha256,159f1a1c12334c25cdf97edc9007b39381f5a738496ab26d4c1316f236cff6a0,threatfox,AsyncRAT,"threatfox,asyncrat,rat",2026-09-20 16:08:23,2026-09-21 04:32:26,85
hash_sha256,15a5213fa23252a361ee3f58106540a39b84b5ab753f9a5ca3214abd2f9652cf,threatfox,AsyncRAT,"threatfox,asyncrat,rat",2026-09-20 16:08:23,2026-09-21 04:32:26,85
hash_sha256,15ab187c3a0d4e67fba826b91d31d378f14ad4308b06573a3f547c543bf7a312,threatfox,AsyncRAT,"threatfox,asyncrat,rat",2026-09-20 16:08:23,2026-09-21 04:32:26,85
hash_sha256,15b5aace17bef2063e42f5956f066ee601b2dc15a657e9b3aaefb9588a7b83d7,threatfox,AsyncRAT,"threatfox,asyncrat,rat",2026-09-20 16:08:23,2026-09-21 04:32:26,85
hash_sha256,15b97a68bee6f0056093dfcfc3c25102f0a73e8225f8ec3c99e5337672f52db1,threatfox,AsyncRAT,"threatfox,asyncrat,rat",2026-09-20 16:08:23,2026-09-21 04:32:26,85
hash_sha256,15ba40e3632a36e5e1c74c558e7bc4d986b3e973d79d5a42c5e55468dd848a2c,threatfox,AsyncRAT,"threatfox,asyncrat,rat",2026-09-20 16:08:23,2026-09-21 04:32:26,85
hash_sha256,15bef4692b874ffeab6b3590aa55292e5a6d992236f885fd84719d95e92767dd,threatfox,AsyncRAT,"threatfox,asyncrat,rat",2026-09-20 16:08:23,2026-09-21 04:32:26,85
hash_sha256,15c37fc34c843c04dd97fdb40a9c767c0964a02ee7c0d9b22fd67a85fcf39a8a,threatfox,AsyncRAT,"threatfox,asyncrat,rat",2026-09-20 16:08:23,2026-09-21 04:32:26,85
hash_sha256,15c3f0f609d21410c3ee4e1ac089eb5b06505bcc86178205691bdd05b1439e61,threatfox,AsyncRAT,"threatfox,asyncrat,rat",2026-09-20 16:08:23,2026-09-21 04:32:26,85
hash_sha256,15c6005d53927b204c8d82eb8daa249532de3ab346560044d71e1126a852d87c,threatfox,AsyncRAT,"threatfox,asyncrat,rat",2026-09-20 16:08:23,2026-09-21 04:32:26,85
hash_sha256,15c8cc6c27eab9e8c6e8e01883247ffc4a3907042d747859fff2ce622f9647dc,threatfox,AsyncRAT,"threatfox,asyncrat,rat",2026-09-20 16:08:23,2026-09-21 04:32:26,85
hash_sha256,15ce375890dce0c20af638a35b6ec5ae2c80940b75033d9f4f04fc56822174e9,threatfox,AsyncRAT,"threatfox,asyncrat,rat",2026-09-20 16:08:23,2026-09-21 04:32:26,85
hash_sha256,15cf9daf5bad1a5a78783f675eb63850e216a690e0f3302738ce3bd825ba6fc1,threatfox,AsyncRAT,"threatfox,asyncrat,rat",2026-09-20 16:08:23,2026-09-21 04:32:26,85
hash_sha256,15d13dda6832944437c294fd54c985adf075a1227ae250a2653e6251255e42bb,threatfox,AsyncRAT,"threatfox,asyncrat,rat",2026-09-20 16:08:23,2026-09-21 04:32:26,85
hash_sha256,15d394e58b2307f97224fce85bb086a267616c4d64b2bf901dfe295d20f7ff87,threatfox,AsyncRAT,"threatfox,asyncrat,rat",2026-09-20 16:08:23,2026-09-21 04:32:26,85
hash_sha256,15d3ee4efbe7c1ebc998c69f2d6902fb26387c83dc49e41f54c2946c420120c1,threatfox,AsyncRAT,"threatfox,asyncrat,rat",2026-09-20 16:08:23,2026-09-21 04:32:26,85
hash_sha256,15e0b2d087e28a3b518d5a1d6936502e38200736a00c38ba85a122af88aed069,threatfox,AsyncRAT,"threatfox,asyncrat,rat",2026-09-20 16:08:23,2026-09-21 04:32:26,85
hash_sha256,15e0c2c31bb6f750878601ba1c39f53b00286ee15ac03839922023ef01cc6e3d,threatfox,AsyncRAT,"threatfox,asyncrat,rat",2026-09-20 16:08:23,2026-09-21 04:32:26,85
hash_sha256,15e1e0c4ec7da6039623b2e288eef4736f185edb2ba6066a754bcef997cbc056,threatfox,AsyncRAT,"threatfox,asyncrat,rat",2026-09-20 16:08:23,2026-09-21 04:32:26,85
hash_sha256,15e409d6f4ae85a8a601cc8ca29af3c9b724032f42db98d05ed891ea31ef169a,threatfox,AsyncRAT,"threatfox,asyncrat,rat",2026-09-20 16:08:23,2026-09-21 04:32:26,85
hash_sha256,15e6f5c523e73aaf8b681e50265226a3e89fdb62477180e29201f7fca75d959e,threatfox,AsyncRAT,"threatfox,asyncrat,rat",2026-09-20 16:08:23,2026-09-21 04:32:26,85
hash_sha256,15ec1422db74fb41b7d086c608055aa1c3f9bb15fd5c3bfb40412f03d3eba565,threatfox,AsyncRAT,"threatfox,asyncrat,rat",2026-09-20 16:08:23,2026-09-21 04:32:26,85
hash_sha256,15efbd0fb08c9864e72964a67ab231eb397260c727ea9bb9a77bdf72f4cfab0a,threatfox,AsyncRAT,"threatfox,asyncrat,rat",2026-09-20 16:08:23,2026-09-21 04:32:26,85
hash_sha256,15f0c0c51211782c78664e1a856b36e91df1f4aea45a0a07c83ed13681b148e3,threatfox,AsyncRAT,"threatfox,asyncrat,rat",2026-09-20 16:08:23,2026-09-21 04:32:26,85
hash_sha256,15f14fb96d1b17ff75a2f1b2ce66ba59b18a69837401556f67e58a8cc85007a3,threatfox,AsyncRAT,"threatfox,asyncrat,rat",2026-09-20 16:08:23,2026-09-21 04:32:26,85
hash_sha256,15f5ff7f0f44fccc753ae445ed69a2a249f8827ab008f3289bd6bb5266d06408,threatfox,AsyncRAT,"threatfox,asyncrat,rat",2026-09-20 16:08:23,2026-09-21 04:32:26,85
hash_sha256,15f62fd2ee2855349d213e5832cd50cf8e8a3f6d860630575fe7d8b18e8c66cc,threatfox,AsyncRAT,"threatfox,asyncrat,rat",2026-09-20 16:08:23,2026-09-21 04:32:26,85
hash_sha256,15fd04633140f8961cdd648bb2654c98e3c9667c677cf9a895df55b76b4b2c26,threatfox,AsyncRAT,"threatfox,asyncrat,rat",2026-09-20 16:08:23,2026-09-21 04:32:26,85
hash_sha256,16018c9dd0be9bdc65d14b916a69d0f327ea20b5f134a686d645caa801efcdae,threatfox,AsyncRAT,"threatfox,asyncrat,rat",2026-09-20 16:08:23,2026-09-21 04:32:26,85
hash_sha256,1603d290f989b872d388b47d44b4747b622c13577c10e03bc9bdb4ce3c0a007d,threatfox,AsyncRAT,"threatfox,asyncrat,rat",2026-09-20 16:08:23,2026-09-21 04:32:26,85
hash_sha256,160731226c0a85ee5ea87f51ea120e81848fdde9ee2d90aa4e36e4727970919e,threatfox,AsyncRAT,"threatfox,asyncrat,rat",2026-09-20 16:08:23,2026-09-21 04:32:26,85
hash_sha256,1607a5c23d85b43c5f0d459873c84c77ed4d746bc929ef3e2ac21546305b190f,threatfox,AsyncRAT,"threatfox,asyncrat,rat",2026-09-20 16:08:23,2026-09-21 04:32:26,85
hash_sha256,1607ef1da1959990073c2664ce57f479765cbae729294ebe360e10cd61062077,threatfox,AsyncRAT,"threatfox,asyncrat,rat",2026-09-20 16:08:23,2026-09-21 04:32:26,85
hash_sha256,161173e2ec7c7e3f3e0adae6e5958a849e42f7588d27e641da9865256a0a4b83,threatfox,AsyncRAT,"threatfox,asyncrat,rat",2026-09-20 16:08:23,2026-09-21 04:32:26,85
hash_sha256,1611b25afcb212c2a6cf1845be9146649c34ede93cb191714c025299d04aafb5,threatfox,AsyncRAT,"threatfox,asyncrat,rat",2026-09-20 16:08:23,2026-09-21 04:32:26,85
hash_sha256,161e0447660dd2b1b8700c64296ab1e8b93233696d16727130a8adee840ac5c5,threatfox,AsyncRAT,"threatfox,asyncrat,rat",2026-09-20 16:08:23,2026-09-21 04:32:26,85
hash_sha256,161ef7631e1e21cd4b7c892ab9b0105c209fe2b046bff99173aac27448631b01,threatfox,AsyncRAT,"threatfox,asyncrat,rat",2026-09-20 16:08:23,2026-09-21 04:32:26,85
hash_sha256,161f222b6cb96a1a2f6663df00b05494263c70fe40f298e9d9c8a7128b4bc17e,threatfox,AsyncRAT,"threatfox,asyncrat,rat",2026-09-20 16:08:23,2026-09-21 04:32:26,85
hash_sha256,16218dfb99864ae75f35ca58118a20cbc83562431af7eddfb925f11ef26164fa,threatfox,AsyncRAT,"threatfox,asyncrat,rat",2026-09-20 16:08:23,2026-09-21 04:32:26,85
hash_sha256,162c17601f3f2d8eda02546e6ee08cabed5f01267fb75224073a3ac21f0ca3dc,threatfox,AsyncRAT,"threatfox,asyncrat,rat",2026-09-20 16:08:23,2026-09-21 04:32:26,85
hash_sha256,1636595f5dd5eee39bb56d389f9839bb802029c77a8bebf2ab9893b51e8fb4f5,threatfox,AsyncRAT,"threatfox,asyncrat,rat",2026-09-20 16:08:23,2026-09-21 04:32:26,85
hash_sha256,163b9785fdeb5b8e317e5d651e2e3bccf244f864921574dc4c73281389cbce82,threatfox,AsyncRAT,"threatfox,asyncrat,rat",2026-09-20 16:08:23,2026-09-21 04:32:26,85
hash_sha256,16421eb3ea3290cf0bb0a4f0ac91dab7456872aba0c2cfd895c9c99060f7a68c,threatfox,AsyncRAT,"threatfox,asyncrat,rat",2026-09-20 16:08:23,2026-09-21 04:32:26,85
hash_sha256,16431cc14917abeb316e0bc44045440a8f86b7ac4fdd0dce99de6435d493ecca,threatfox,AsyncRAT,"threatfox,asyncrat,rat",2026-09-20 16:08:23,2026-09-21 04:32:26,85
hash_sha256,16446d27beb80135c5aff0dfcb19b0aef9aad07de14d4785fd5a5f869ce5259a,threatfox,AsyncRAT,"threatfox,asyncrat,rat",2026-09-20 16:08:23,2026-09-21 04:32:26,85
hash_sha256,16451074c8122178d3b20aca1727119552d8709d06da75f7d059a8c2f24057f9,threatfox,AsyncRAT,"threatfox,asyncrat,rat",2026-09-20 16:08:23,2026-09-21 04:32:26,85
hash_sha256,1646b3766818fc76570dd8e58048a4f15fcc4f6d82a9f70424f26d1a9fa7cdb9,threatfox,AsyncRAT,"threatfox,asyncrat,rat",2026-09-20 16:08:23,2026-09-21 04:32:26,85
hash_sha256,16470e7be2dd5cd6a75b85667f3f93184ffa8299bb547f412ca63324684e0c23,threatfox,AsyncRAT,"threatfox,asyncrat,rat",2026-09-20 16:08:23,2026-09-21 04:32:26,85
hash_sha256,1647c7b25a2d5682c054558b1750de3f586d105e0ae5fa240b711c1958fa339e,threatfox,AsyncRAT,"threatfox,asyncrat,rat",2026-09-20 16:08:23,2026-09-21 04:32:26,85
hash_sha256,164cf475b4a37a4c142125bdc1808f4bc5f0f8f1efa555c65609b83b1704a7b9,threatfox,AsyncRAT,"threatfox,asyncrat,rat",2026-09-20 16:08:23,2026-09-21 04:32:26,85
hash_sha256,165161cc7cb7b1c7628e213a197890e09dea2464962aa082acd93669117fd157,threatfox,AsyncRAT,"threatfox,asyncrat,rat",2026-09-20 16:08:23,2026-09-21 04:32:26,85
hash_sha256,165289612527e1bfad340f7675a701bfe9608a3a4cfbfefe6a662574d5c05f90,threatfox,AsyncRAT,"threatfox,asyncrat,rat",2026-09-20 16:08:23,2026-09-21 04:32:26,85
hash_sha256,1658f04dd5fd5910f02dff6b0653d37003001d2a94de69f8e81568e1513b56a1,threatfox,AsyncRAT,"threatfox,asyncrat,rat",2026-09-20 16:08:23,2026-09-21 04:32:26,85
hash_sha256,1659896230315452a9da621f7b912a38071bc5f904cebf3e243202c0b5eeaa73,threatfox,AsyncRAT,"threatfox,asyncrat,rat",2026-09-20 16:08:23,2026-09-21 04:32:26,85
hash_sha256,1659db1c128cc72c1d5db8ec73a93cc89cc684f00a4c2b83b76fef32af45fe07,threatfox,AsyncRAT,"threatfox,asyncrat,rat",2026-09-20 16:08:23,2026-09-21 04:32:26,85
hash_sha256,1660e0ec19de33e8fc633f7f8538b0b19f05765ecdacc63f2e43bdc4c716096e,threatfox,AsyncRAT,"threatfox,asyncrat,rat",2026-09-20 16:08:23,2026-09-21 04:32:26,85
hash_sha256,1661b18768acccd5d6ae96216db142a3548cd0052800e5465634ed2fea826cfd,threatfox,AsyncRAT,"threatfox,asyncrat,rat",2026-09-20 16:08:23,2026-09-21 04:32:26,85
hash_sha256,166841dc3992fa90af30558c68eb9176e7d653fc1f98078e4583e68e2c167dc0,threatfox,AsyncRAT,"threatfox,asyncrat,rat",2026-09-20 16:08:23,2026-09-21 04:32:26,85
hash_sha256,166922b392b634decedf085930c33396ef84b17510beb5f06c16dd6762fa6238,threatfox,AsyncRAT,"threatfox,asyncrat,rat",2026-09-20 16:08:23,2026-09-21 04:32:26,85
hash_sha256,166d6d5be18a889db530c818bf4fabc70a67b381b3d58d64652efbab55ad6bf1,threatfox,AsyncRAT,"threatfox,asyncrat,rat",2026-09-20 16:08:23,2026-09-21 04:32:26,85
hash_sha256,1670572dbb748d82d05e91298564847dbda33749d8721537601457194abd7569,threatfox,AsyncRAT,"threatfox,asyncrat,rat",2026-09-20 16:08:23,2026-09-21 04:32:26,85
hash_sha256,16799c21053de11e9b264d7ef82189ee7c6bb0744c407d3b28bbe88ad15e6426,threatfox,AsyncRAT,"threatfox,asyncrat,rat",2026-09-20 16:08:23,2026-09-21 04:32:26,85
hash_sha256,167bbd9058620cf4884372e3f322eeb0783c644ece600f0eee356b29a1d0925c,threatfox,AsyncRAT,"threatfox,asyncrat,rat",2026-09-20 16:08:23,2026-09-21 04:32:26,85
hash_sha256,167da591db3c71aa745c3d836a73c314da9173c224535b9464e63e04b55eef1d,threatfox,AsyncRAT,"threatfox,asyncrat,rat",2026-09-20 16:08:23,2026-09-21 04:32:26,85
hash_sha256,16873ee4c75c5d134a8019aa643043eab61185fb0b1e0c7c54d92ed10beeb71e,threatfox,AsyncRAT,"threatfox,asyncrat,rat",2026-09-20 16:08:23,2026-09-21 04:32:26,85
hash_sha256,16892cde196e2bbc1516e3276949300f7a12667f08acf23dbdf0d1bf295e1670,threatfox,AsyncRAT,"threatfox,asyncrat,rat",2026-09-20 16:08:23,2026-09-21 04:32:26,85
hash_sha256,168d1b0925ead8371fb8e587f5352d132bc453a727152ee67aa695dbd9d6b2a8,threatfox,AsyncRAT,"threatfox,asyncrat,rat",2026-09-20 16:08:23,2026-09-21 04:32:26,85
hash_sha256,168f62c6ea11a386469563c360ee5517da31015e774ccc9c8ba3d1bd4b4f45ef,threatfox,AsyncRAT,"threatfox,asyncrat,rat",2026-09-20 16:08:23,2026-09-21 04:32:26,85
hash_sha256,16919b908a23bb72912683bb0a9b5aecacad1ab108de71e1393ecfbe6ab7e6a3,threatfox,AsyncRAT,"threatfox,asyncrat,rat",2026-09-20 16:08:23,2026-09-21 04:32:26,85
hash_sha256,1692b16fb4412febc34e86a02605d0f05af0c10a55b4e8c65505f71a68364b69,threatfox,AsyncRAT,"threatfox,asyncrat,rat",2026-09-20 16:08:23,2026-09-21 04:32:26,85
hash_sha256,1694c9b0d4fdccb235ecd79fda702c4bc8e5a17536a5c5dc19d602769b92a742,threatfox,AsyncRAT,"threatfox,asyncrat,rat",2026-09-20 16:08:23,2026-09-21 04:32:26,85
hash_sha256,1695cc89d3c2f7f0682631b79b6289787719d625e13da6cd981a83b2d1e29380,threatfox,AsyncRAT,"threatfox,asyncrat,rat",2026-09-20 16:08:23,2026-09-21 04:32:26,85
hash_sha256,169f5dbcd664c0b4fd65233e553ff605b30e974b6b16c90a1fb03404f1b01980,threatfox,AsyncRAT,"threatfox,asyncrat,rat",2026-09-20 16:08:23,2026-09-21 04:32:26,85
hash_sha256,16a2abe3f4f2c005e206318caf37a366e0084fa8ca8561f3642fa0b4f2f04a7e,threatfox,AsyncRAT,"threatfox,asyncrat,rat",2026-09-20 16:08:23,2026-09-21 04:32:26,85
hash_sha256,16aa9ca2e18683f3b5003d1203af0778bf1a6ebec6838fecbe529c0d399ba4d0,threatfox,AsyncRAT,"threatfox,asyncrat,rat",2026-09-20 16:08:23,2026-09-21 04:32:26,85
hash_sha256,16ac66ee91cb6d624bf82f91bcd94dc6d9277351302cb66f96a797c59b7876e6,threatfox,AsyncRAT,"threatfox,asyncrat,rat",2026-09-20 16:08:23,2026-09-21 04:32:26,85
hash_sha256,16b3d918a15d582ad3ce341eebd932c09c71b6c63bf8107ef816e9b97d317e98,threatfox,AsyncRAT,"threatfox,asyncrat,rat",2026-09-20 16:08:23,2026-09-21 04:32:26,85
hash_sha256,16c0ef18b2834f0d7d9457afd79e53cccb9278689c8a3ff92afd6f39238331b3,threatfox,AsyncRAT,"threatfox,asyncrat,rat",2026-09-20 16:08:23,2026-09-21 04:32:26,85
hash_sha256,16c2b0a6470351827ee55c691c115eee36ac1cf2e69db8cfc0e6a2f98f68112e,threatfox,AsyncRAT,"threatfox,asyncrat,rat",2026-09-20 16:08:23,2026-09-21 04:32:26,85
hash_sha256,16c2fcaa5e005e11b6d8d31ed19e33dd7038290c4544e0dd2c3f61e9980350f7,threatfox,AsyncRAT,"threatfox,asyncrat,rat",2026-09-20 16:08:23,2026-09-21 04:32:26,85
hash_sha256,16c7cf994304398b39fa2b082295255c6af88299abdc8afa5895e41da5fe59ad,threatfox,AsyncRAT,"threatfox,asyncrat,rat",2026-09-20 16:08:23,2026-09-21 04:32:26,85
hash_sha256,16cb10d91eb07da8c82b1c3acc7850af4058d8e82bb5bbe22f671528b661d9a7,threatfox,AsyncRAT,"threatfox,asyncrat,rat",2026-09-20 16:08:23,2026-09-21 04:32:26,85
hash_sha256,16d86733b11a9fd3ec2a732c2ca18c04c427d9fb9ddf1bdc14fe4109644854f9,threatfox,AsyncRAT,"threatfox,asyncrat,rat",2026-09-20 16:08:23,2026-09-21 04:32:26,85
hash_sha256,16d8878eba67790f8d18326674fd1cd144552658b56a2bda447a44e3a99e019d,threatfox,AsyncRAT,"threatfox,asyncrat,rat",2026-09-20 16:08:23,2026-09-21 04:32:26,85
hash_sha256,16db11db42156a6a572f63d9a6f77946a649175013b9b953d512eb79bea16f1b,threatfox,AsyncRAT,"threatfox,asyncrat,rat",2026-09-20 16:08:23,2026-09-21 04:32:26,85
hash_sha256,16e0ecc59b861299d6e953f439d8c3ce35b3b7d08ecbe27dd6bae543f082110e,threatfox,AsyncRAT,"threatfox,asyncrat,rat",2026-09-20 16:08:23,2026-09-21 04:32:26,85
hash_sha256,16e6e4828044e9154e8d2d1bdbe996680514cc71d0c4874f31c762a78d94e244,threatfox,AsyncRAT,"threatfox,asyncrat,rat",2026-09-20 16:08:23,2026-09-21 04:32:26,85
hash_sha256,16e7ad0f3c49622609f9e31253a81fca1521fc0ec0501be9773950d500abf571,threatfox,AsyncRAT,"threatfox,asyncrat,rat",2026-09-20 16:08:23,2026-09-21 04:32:26,85
hash_sha256,16eb09eff9142c10c36cc4af113f26e0bcb86ba030039e78edc84d96693fa7ed,threatfox,AsyncRAT,"threatfox,asyncrat,rat",2026-09-20 16:08:23,2026-09-21 04:32:26,85
hash_sha256,16ec553f0b7f1f986c3935d730828c8353c6077cdf284ec8011d029d21f5903d,threatfox,AsyncRAT,"threatfox,asyncrat,rat",2026-09-20 16:08:23,2026-09-21 04:32:26,85
hash_sha256,16f0d0bd8b729554f2b6648c615b9102e9e7a1c515214e40c442dd502b9e9bff,threatfox,AsyncRAT,"threatfox,asyncrat,rat",2026-09-20 16:08:23,2026-09-21 04:32:26,85
hash_sha256,16f2bf166031153965caca6e9eaf0352a93ff918e7d624e22b289c3ad4b18026,threatfox,AsyncRAT,"threatfox,asyncrat,rat",2026-09-20 16:08:23,2026-09-21 04:32:26,85
hash_sha256,16f2e6869e53d195ee75b0fe507fb36a5a94510e9d4bc7028638119e3d20a648,threatfox,AsyncRAT,"threatfox,asyncrat,rat",2026-09-20 16:08:23,2026-09-21 04:32:26,85
hash_sha256,16f3b75e58b1da50b29d0a7552259bc726b7c7ad90639a1de446a9f119e8cc1a,threatfox,AsyncRAT,"threatfox,asyncrat,rat",2026-09-20 16:08:23,2026-09-21 04:32:26,85
hash_sha256,16fc0cec13d88da3d0a36e4c42e733db8f1e21cafc18fd813a25cd0bc835f35a,threatfox,AsyncRAT,"threatfox,asyncrat,rat",2026-09-20 16:08:23,2026-09-21 04:32:26,85
hash_sha256,16fd59aaa10f8e5fc256ad3b70e6824f16e209604a0857e7f287383a5bb301c5,threatfox,AsyncRAT,"threatfox,asyncrat,rat",2026-09-20 16:08:23,2026-09-21 04:32:26,85
hash_sha256,17033f49578eb20c10cd492ff72b05bdd7eab17b8caa04d00e0777ade93ffcc3,threatfox,AsyncRAT,"threatfox,asyncrat,rat",2026-09-20 16:08:23,2026-09-21 04:32:26,85
hash_sha256,17126bc9d8ea2be7a405c7ddb1a6ce5983a65f4ff506976ec446c9c7fd5920b9,threatfox,AsyncRAT,"threatfox,asyncrat,rat",2026-09-20 16:08:23,2026-09-21 04:32:26,85
hash_sha256,1714faef50d0127645ce3540480623cf619f9b10c0364c67ca22db0f604e2381,threatfox,AsyncRAT,"threatfox,asyncrat,rat",2026-09-20 16:08:23,2026-09-21 04:32:26,85
hash_sha256,1720e833db94e2388213e8dbfd8589819ddc8525295c9e2e6df61c2c6446f136,threatfox,AsyncRAT,"threatfox,asyncrat,rat",2026-09-20 16:08:23,2026-09-21 04:32:26,85
hash_sha256,1722e0da41aa79870c6b3d6af9da07c57b2de6a39aeea41c46d3fa97f8567fca,threatfox,AsyncRAT,"threatfox,asyncrat,rat",2026-09-20 16:08:23,2026-09-21 04:32:26,85
hash_sha256,172705adb5ebbb023174bafa12a8c572604258aaf4a3959ec6759c7e3333b7ec,threatfox,AsyncRAT,"threatfox,asyncrat,rat",2026-09-20 16:08:23,2026-09-21 04:32:26,85
hash_sha256,172db6c9af8fa00c1eb1c775d494ca29c9e2498940609ecb622c95b7ce14f18c,threatfox,AsyncRAT,"threatfox,asyncrat,rat",2026-09-20 16:08:23,2026-09-21 04:32:26,85
hash_sha256,1731919d2dc81ad27833aaaf162c923c8c0e9ec12f0517c7db0409b74e9550c6,threatfox,AsyncRAT,"threatfox,asyncrat,rat",2026-09-20 16:08:23,2026-09-21 04:32:26,85
hash_sha256,173435da59690d931912701f4c50d3e95ccf2f8a885171c9c231bf14ff99622d,threatfox,AsyncRAT,"threatfox,asyncrat,rat",2026-09-20 16:08:23,2026-09-21 04:32:26,85
hash_sha256,173537730f074757f9d8cdb55a3be3a5162c3553018a81951602392bb681eaff,threatfox,AsyncRAT,"threatfox,asyncrat,rat",2026-09-20 16:08:23,2026-09-21 04:32:26,85
hash_sha256,1736967da961b9d7d4111bb47d5db3f4a4ce80a6c26a5b59fa586a3eab86bb26,threatfox,AsyncRAT,"threatfox,asyncrat,rat",2026-09-20 16:08:23,2026-09-21 04:32:26,85
hash_sha256,173ca8f3e9e2a5c5599e46c3e6066d06f61aaeaccb5c3434656aa9048541bc66,threatfox,AsyncRAT,"threatfox,asyncrat,rat",2026-09-20 16:08:23,2026-09-21 04:32:26,85
hash_sha256,17400fdab37949132333c3824f4deac5dcc1425b20babdb688743a3d64276061,threatfox,AsyncRAT,"threatfox,asyncrat,rat",2026-09-20 16:08:23,2026-09-21 04:32:26,85
hash_sha256,1742b48fad9814441ee7726009a0e375757134dcc872f88ed584b6a2099c7473,threatfox,AsyncRAT,"threatfox,asyncrat,rat",2026-09-20 16:08:23,2026-09-21 04:32:26,85
hash_sha256,1746a28841e6de3faad920079ff9b2b041e2fbcfa43c15a0bd9de5901a5f2c49,threatfox,AsyncRAT,"threatfox,asyncrat,rat",2026-09-20 16:08:23,2026-09-21 04:32:26,85
hash_sha256,174ab0c6b0889b8d8dfa0f460d465afceaafc0cb1a1273e9ad4ed55c86019138,threatfox,AsyncRAT,"threatfox,asyncrat,rat",2026-09-20 16:08:23,2026-09-21 04:32:26,85
hash_sha256,17547e81212d54897a4060e58d4575b270565da3220bb59b5ca90673253c411e,threatfox,AsyncRAT,"threatfox,asyncrat,rat",2026-09-20 16:08:23,2026-09-21 04:32:26,85
hash_sha256,1754dd14b25884fb4c7fc1663cb56a8c169efdd59e173aa1573cd24eda21c393,threatfox,AsyncRAT,"threatfox,asyncrat,rat",2026-09-20 16:08:23,2026-09-21 04:32:26,85
hash_sha256,17567dc815c70e465b4f8cafd1699b0a4eef881b1a6db8c40f01729f979f6d42,threatfox,AsyncRAT,"threatfox,asyncrat,rat",2026-09-20 16:08:23,2026-09-21 04:32:26,85
hash_sha256,18c402183b53ea5b1da0b5a7550b3087a3901214a826e34d608e1cb57fb8bbb8,malwarebazaar,exe,exe,2026-09-21 04:00:06,2026-09-21 04:32:26,85
hash_sha256,1954b7ea05ea3e449d750c7e7b6d2f2e1c531f04ad1b47ee4f51a389508c1138,threatfox,VShell,"threatfox,exe,VShell",2026-09-20 16:08:23,2026-09-21 04:32:26,85
hash_sha256,19f9e6b5499a2a4d13a5d90716b480dab2837ae732f1f8592abb7ff63db69870,malwarebazaar,exe,"5a4378fb90db39f09c7b18d1f314e645,dropped-by-remus,exe",2026-09-21 04:00:06,2026-09-21 04:32:26,85
hash_sha256,1b6c2dd0d3b6b01efda1a44ca63ce4168129b0ef3e415f96ba1d7af77aad20b7,malwarebazaar,Mirai,"elf,Mirai,upx-dec",2026-09-21 04:00:06,2026-09-21 04:32:26,85
hash_sha256,1dfbe4d756e4a424f51a012250ddbdd7da05070146676302275118ebc2c24f1e,malwarebazaar,exe,"0f81469cc7638ba7c82eaddbd6b3c20a,dropped-by-remus,exe",2026-09-21 04:00:06,2026-09-21 04:32:26,85
hash_sha256,1ec1d949da0d142727bfb8356e73051ded4e1f57980c7fdf90636f7e1268373c,malwarebazaar,exe,"5a4378fb90db39f09c7b18d1f314e645,dropped-by-remus,exe",2026-09-21 04:00:06,2026-09-21 04:32:26,85
hash_sha256,1f2c8d1b2003b23b03ab4c7400288d37a1fb8baf2745443556f7b9c5d072f7cf,malwarebazaar,exe,exe,2026-09-21 04:00:06,2026-09-21 04:32:26,85
hash_sha256,248a5855f4848bed3b1f8dbb129784f8a1d320de6e61289e7d3840d37ae83d56,malwarebazaar,exe,"5a4378fb90db39f09c7b18d1f314e645,dropped-by-remus,exe",2026-09-21 04:00:06,2026-09-21 04:32:26,85
hash_sha256,2bb36d4cb0ee32753b23d3f95e0324870711d6c85ff901bbc8de68b23f419db7,malwarebazaar,exe,"5a4378fb90db39f09c7b18d1f314e645,dropped-by-remus,exe",2026-09-21 04:00:06,2026-09-21 04:32:26,85
hash_sha256,2c94c07af82326a289f7a983a1a76323f5a0860b728bd390e8ba8d0e754da7d3,malwarebazaar,exe,"03c288afc2626e195437231037ade40b,dropped-by-remus,exe",2026-09-21 04:00:06,2026-09-21 04:32:26,85
hash_sha256,3040d4f0a257d88cdfa56e542c060406b5ae0328537832d861e6268166333fce,malwarebazaar,exe,"5a4378fb90db39f09c7b18d1f314e645,dropped-by-remus,exe",2026-09-21 04:00:06,2026-09-21 04:32:26,85
hash_sha256,30e5af4d627069f7c7cf541a309bdd30050cf6f21232e6ad2aeeb4210053b8a9,malwarebazaar,Formbook,"Formbook,js",2026-09-21 04:00:06,2026-09-21 04:32:26,85
hash_sha256,31921683c81079a60502a35e6b4ec4f9afe34276a9229a2685ee4f2daa2d46f6,malwarebazaar,Mirai,"elf,Mirai,upx",2026-09-21 04:00:06,2026-09-21 04:32:26,85
hash_sha256,336f4bf8eb4d76c91f936beabe3a061b43db46d2cc85e6dc82dd22f9194191fc,threatfox,AMOS,"threatfox,AMOS,cc2,ClickFix,Foxveil,macOS",2026-09-20 16:08:23,2026-09-21 04:32:26,85
hash_sha256,35e1673c95baa0a8f0ebb5714253420ee450f1280a61d2c17bd2e71a55beb0fc,threatfox,VShell,"threatfox,exe,VShell",2026-09-20 16:08:23,2026-09-21 04:32:26,85
hash_sha256,369aab05bae5fa73828e94d7aaab5bed42fb18b10236535a7f47570631bf43b1,malwarebazaar,exe,"5a4378fb90db39f09c7b18d1f314e645,dropped-by-remus,exe",2026-09-21 04:00:06,2026-09-21 04:32:26,85
hash_sha256,36e14afe32552cfb53ecec647d01a4feba29aa84b79024e16dd382e85d0b37d1,threatfox,VShell,"threatfox,exe,VShell",2026-09-20 16:08:23,2026-09-21 04:32:26,85
hash_sha256,3e1641122d009db660fbff4261cc7206890e12470f86dbec77ff8769514530aa,malwarebazaar,Snowlight,"elf,Snowlight",2026-09-21 04:00:06,2026-09-21 04:32:26,85
hash_sha256,3f41859451acb64cb101290e361714bc8e2ed6bc937a977c79473a6b59094756,malwarebazaar,exe,"5a4378fb90db39f09c7b18d1f314e645,dropped-by-remus,exe",2026-09-21 04:00:06,2026-09-21 04:32:26,85
hash_sha256,3ff11eae1e8b38d9d1724c92f013fa00c4a8644649674b91f3bd9960acabfa33,malwarebazaar,exe,"5a4378fb90db39f09c7b18d1f314e645,dropped-by-remus,exe",2026-09-21 04:00:06,2026-09-21 04:32:26,85
hash_sha256,45ce428e16e0a892f74371a4ce4c909bc738e88da9af93c9ef9165f793e48e12,malwarebazaar,exe,"5a4378fb90db39f09c7b18d1f314e645,dropped-by-remus,exe",2026-09-21 04:00:06,2026-09-21 04:32:26,85
hash_sha256,46b913adb2c7e0d8e7b93ecb3ca164bd6a25b0482ad78cf4462ecf9da5ae205e,malwarebazaar,exe,"0f81469cc7638ba7c82eaddbd6b3c20a,dropped-by-remus,exe",2026-09-21 04:00:06,2026-09-21 04:32:26,85
hash_sha256,47dc7135087e5a8291788eb9c0069dcba34aad8802bb4dd5a1459291b764677c,malwarebazaar,exe,exe,2026-09-21 04:00:06,2026-09-21 04:32:26,85
hash_sha256,48c8fea2857fdf5e735cf90a9b1aa8fc6dd2e1b27ced4466a59a76d0c04f934b,threatfox,VShell,"threatfox,exe,VShell",2026-09-20 16:08:23,2026-09-21 04:32:26,85
hash_sha256,498b21cb71c948c579b9c5732adf167c3899a162d8660058be750881fa1234b2,malwarebazaar,exe,"5a4378fb90db39f09c7b18d1f314e645,dropped-by-remus,exe",2026-09-21 04:00:06,2026-09-21 04:32:26,85
hash_sha256,4ca481d8e2dba9712feb385dfb3e052b5f3e62791aa3ecc32f4e659edc7da4c8,malwarebazaar,exe,"5a4378fb90db39f09c7b18d1f314e645,dropped-by-remus,exe",2026-09-21 04:00:06,2026-09-21 04:32:26,85
hash_sha256,4f859aeb12bd1611b86143b8754b5cb7f631015894df20f0881bc43f996ec67e,malwarebazaar,exe,"5a4378fb90db39f09c7b18d1f314e645,dropped-by-remus,exe",2026-09-21 04:00:06,2026-09-21 04:32:26,85
hash_sha256,52d682c52b8acbb14822592ead2b398f164398e72009f81524ed35469ff124d0,malwarebazaar,exe,"5a4378fb90db39f09c7b18d1f314e645,dropped-by-remus,exe",2026-09-21 04:00:06,2026-09-21 04:32:26,85
hash_sha256,5a554cc0cc86575e0f3e07d384ba4e83871d5a03333c67170bb0b946bf38844d,malwarebazaar,exe,"5a4378fb90db39f09c7b18d1f314e645,dropped-by-remus,exe",2026-09-21 04:00:06,2026-09-21 04:32:26,85
hash_sha256,5a5c50865e3d2eeed1a32b765cea952d1e05b151375bf1cfa6abb6dd06ffee43,malwarebazaar,exe,"7fb9ce94a5b4ca72f31a746cc2c6134d,dropped-by-remus,exe",2026-09-21 04:00:06,2026-09-21 04:32:26,85
hash_sha256,5ae482ba15de91dd5ba50a4c2970f935c0391691fc0b1527b89141705a909fe1,malwarebazaar,exe,exe,2026-09-21 04:00:06,2026-09-21 04:32:26,85
hash_sha256,5b9d71bb2865c9af13147a50584c6b44deb1a87a17e9e64c85af69fdd59670de,threatfox,VShell,"threatfox,exe,VShell",2026-09-20 16:08:23,2026-09-21 04:32:26,85
hash_sha256,5dddfb15e4ba4987e47ba6afdd35ee07987cd72ebb1bf6519f2db8689b4fcf0b,threatfox,VShell,"threatfox,exe,VShell",2026-09-20 16:08:23,2026-09-21 04:32:26,85
hash_sha256,5fabab3dc7f8b73ee1343b01ea9e3d7802a41d12e9a03b1c80f66b72b98fd3fa,malwarebazaar,macho,"ClickFix,Foxveil,loader,Mach-O,macho,macOS",2026-09-21 04:00:06,2026-09-21 04:32:26,85
hash_sha256,61957e253c812ff892dcfe3959a766c1dad06866534ae4ad22c8b100b83519d3,malwarebazaar,exe,"5a4378fb90db39f09c7b18d1f314e645,dropped-by-remus,exe",2026-09-21 04:00:06,2026-09-21 04:32:26,85
hash_sha256,639d4938aafeec8eafa76c3fe4cd01734a2f6f9b8d207cf51534ffd8ed246032,threatfox,VShell,"threatfox,exe,VShell",2026-09-20 16:08:23,2026-09-21 04:32:26,85
hash_sha256,64c992bb9cdf63857251448ad462312c8f973b37b259d87466c7c3f770b91390,malwarebazaar,exe,"7fb9ce94a5b4ca72f31a746cc2c6134d,dropped-by-remus,exe",2026-09-21 04:00:06,2026-09-21 04:32:26,85
hash_sha256,66a99c73398040b11ce75f839ba2ff705aa12df7405006bf8328e00204beaf1b,malwarebazaar,exe,"5a4378fb90db39f09c7b18d1f314e645,dropped-by-remus,exe",2026-09-21 04:00:06,2026-09-21 04:32:26,85
hash_sha256,670b8df7c76149c59a819b988001a4eb258823843236ccf79746c8409ce82e92,malwarebazaar,exe,"5a4378fb90db39f09c7b18d1f314e645,dropped-by-remus,exe",2026-09-21 04:00:06,2026-09-21 04:32:26,85
hash_sha256,690494e1727859959830d17d45a432120d5950dbcaa7ff6fd6a1f6d482e5b2eb,threatfox,Unknown Loader,"threatfox,dropper,exe",2026-09-20 16:08:23,2026-09-21 04:32:26,85
hash_sha256,695493164086e60b45d655dd7f8bcec30138f5d624582ff34e423d05574dc286,threatfox,VShell,"threatfox,exe,VShell",2026-09-20 16:08:23,2026-09-21 04:32:26,85
hash_sha256,6b3062c7b0408711b942f47e3d30d776a91d3963c3a243408d2421f164f2b987,threatfox,Unknown Loader,"threatfox,dropper,exe",2026-09-20 16:08:23,2026-09-21 04:32:26,85
hash_sha256,6b3f3cef5349a61f3ffe1631e01a7ff4fe28f1ee2e8e3e0fdf4c81b42036196d,malwarebazaar,Mirai,"elf,Mirai,upx-dec",2026-09-21 04:00:06,2026-09-21 04:32:26,85
hash_sha256,6f994814774412107510aede65422e66c1e825f57bd3ae5d0f173aa2c54893d5,threatfox,AMOS,"threatfox,AMOS,cc2,ClickFix,Foxveil,macOS",2026-09-21 04:06:30,2026-09-21 04:32:26,85
hash_sha256,731d654a1ee574915dbf0011b9749b5393a2e4fb84f64686a7a838e4ad6dd766,malwarebazaar,exe,"0f81469cc7638ba7c82eaddbd6b3c20a,dropped-by-remus,exe",2026-09-21 04:00:06,2026-09-21 04:32:26,85
hash_sha256,7412bbd1ce42b8799cd74063e95b4870f26f75e4b0b4d3367b067398835124be,malwarebazaar,Mirai,"elf,Mirai,upx",2026-09-21 04:00:06,2026-09-21 04:32:26,85
hash_sha256,75596ce797ee68d6ba16058f70eddbf7915299d1938c5f871dcda536d6f6d2d0,malwarebazaar,Mirai,"elf,Mirai,upx",2026-09-21 04:00:06,2026-09-21 04:32:26,85
hash_sha256,77405baba65bed97896ed47428ee82f3daa39d4698a098fce550c87018ea73ce,malwarebazaar,exe,exe,2026-09-21 04:00:06,2026-09-21 04:32:26,85
hash_sha256,7ac1c753b75182d5d6300904e7ea31e313df4b20c1709ce4cb19168880778e77,malwarebazaar,exe,"5a4378fb90db39f09c7b18d1f314e645,dropped-by-remus,exe",2026-09-21 04:00:06,2026-09-21 04:32:26,85
hash_sha256,7acfc5d3321a2253420d30e60d8a2900ce16142e8e0f94a88e87d796187ddc1f,malwarebazaar,zip,zip,2026-09-21 04:00:06,2026-09-21 04:32:26,85
hash_sha256,7bb34ebcfe26368bfa0a59d388ba10be7297c39f9965b9925bf1f8617bd2e4e1,threatfox,VShell,"threatfox,exe,VShell",2026-09-20 16:08:23,2026-09-21 04:32:26,85
hash_sha256,7e6815495d078bff962365cd929cdcf8f0c25f24b9de5ee89bebec4af778d76f,threatfox,Unknown Loader,"threatfox,dropper,exe",2026-09-20 16:08:23,2026-09-21 04:32:26,85
hash_sha256,7fd73a46a635050e31c3a1333d7a95e77cdb54a45164071a6eb04ddf88ad54b7,threatfox,VShell,"threatfox,exe,VShell",2026-09-20 16:08:23,2026-09-21 04:32:26,85
hash_sha256,839d4344f0e6b396467df570011971897acfca4aee37011fb64ade9338ecfb81,malwarebazaar,exe,"5a4378fb90db39f09c7b18d1f314e645,dropped-by-remus,exe",2026-09-21 04:00:06,2026-09-21 04:32:26,85
hash_sha256,84afbce29ba3d166d549ba14dc919fe5edde84dd2c0314ece3cdf5f40f68c37c,malwarebazaar,Mirai,"elf,Mirai,upx-dec",2026-09-21 04:00:06,2026-09-21 04:32:26,85
hash_sha256,872af2d22eebf08a55cf54293892b70f7d69f2d6a9665d7ac2cc7ab41ba59976,threatfox,Mirai,"threatfox,elf,Mirai",2026-09-20 16:08:23,2026-09-21 04:32:26,85
hash_sha256,88ce31fbb0484e01dff253120de38a2fd19d3cf9bdb6582db4de7b2cef6c75a0,threatfox,VShell,"threatfox,exe,VShell",2026-09-20 16:08:23,2026-09-21 04:32:26,85
hash_sha256,894dd68a9891238e6eab5b520b6c86806896f8b4c4aead221308ae9b0ef10a7f,malwarebazaar,elf,"elf,wraith",2026-09-21 04:00:06,2026-09-21 04:32:26,85
hash_sha256,89a8d6df68ed3e7313935363c9468af937604dcae0a06c24f78c11a8e0b2f095,malwarebazaar,exe,"5a4378fb90db39f09c7b18d1f314e645,dropped-by-remus,exe",2026-09-21 04:00:06,2026-09-21 04:32:26,85
hash_sha256,8bca9dae858b5f859dfe7e2b196d9abf874ab6c2cc99ae2fdb645d8efba54ccb,malwarebazaar,exe,"5a4378fb90db39f09c7b18d1f314e645,dropped-by-remus,exe",2026-09-21 04:00:06,2026-09-21 04:32:26,85
hash_sha256,8bd6e61d7a78ed0d3f094cf5b094c2685dfb819537dc82103810d9d2ce6f5627,threatfox,VShell,"threatfox,exe,VShell",2026-09-20 16:08:23,2026-09-21 04:32:26,85
hash_sha256,8e7d88f5adef0f2706fbc6df433e3c76d81c4b799389319e60a4639fc1c088a1,threatfox,AMOS,"threatfox,AMOS,cc2,ClickFix,Foxveil,macOS",2026-09-20 16:08:23,2026-09-21 04:32:26,85
hash_sha256,8f0332933d8f240083e9ff173852177f45b48372a6df64a22dc577d3b120b89a,malwarebazaar,exe,"5a4378fb90db39f09c7b18d1f314e645,dropped-by-remus,exe",2026-09-21 04:00:06,2026-09-21 04:32:26,85
hash_sha256,9737530cbf7a92cf261dd1c875b8ee18cc32797aa5852eb4395ba06552dd7dd3,malwarebazaar,exe,"exe,generic,kryptik",2026-09-21 04:00:06,2026-09-21 04:32:26,85
hash_sha256,9a6670ea29947b8d685e5a4d47c5f8263d6555f7f15c0f97f84fdfd7b9aea5cc,malwarebazaar,elf,"cowrie,elf,honeypot,mips",2026-09-21 04:00:06,2026-09-21 04:32:26,85
hash_sha256,9c1a4318df911281fd7b6971c7fd0e022ebe310b7c49381c6b89ef23ad9551e6,malwarebazaar,Mirai,"elf,Mirai",2026-09-21 04:00:06,2026-09-21 04:32:26,85
hash_sha256,9ced5fc61e2b93800be8938382d7c9db7d53ae80ac81fbe9aad82fe0ec7efced,threatfox,VShell,"threatfox,exe,VShell",2026-09-20 16:08:23,2026-09-21 04:32:26,85
hash_sha256,9eb24cbcd482418db3c787ab26d378b7d88d783c589473358210668810c22aed,malwarebazaar,Mirai,"arm,cowrie,elf,honeypot,mirai,mozi,torii",2026-09-21 04:00:06,2026-09-21 04:32:26,85
hash_sha256,a031852c5688f26aab531cca341576bc1098727320199e0f5bb3bd2a6caff94b,malwarebazaar,Mirai,"elf,Mirai,upx-dec",2026-09-21 04:00:06,2026-09-21 04:32:26,85
hash_sha256,a1b85fa1f3f58a0315506a8187b8292fbf51fb82d38f842a847cac21a57fb34e,malwarebazaar,exe,"5a4378fb90db39f09c7b18d1f314e645,dropped-by-remus,exe",2026-09-21 04:00:06,2026-09-21 04:32:26,85
hash_sha256,a2863d10f67f1c6a2e9b55bfdd972d9e316f796e9be516bfe9f3cda8316caca8,malwarebazaar,Mirai,"elf,Mirai,upx-dec",2026-09-21 04:00:06,2026-09-21 04:32:26,85
hash_sha256,a28aa61cc3ef70a11cf1e1b41b2a7df5cac1842577af1885152d9e31a6b1d619,malwarebazaar,js,js,2026-09-21 04:00:06,2026-09-21 04:32:26,85
hash_sha256,a37649842a47b8456a763c1b4878d08ea7ecee0ea861db2d7588f99f7e180cda,malwarebazaar,unknown,unknown,2026-09-21 04:00:06,2026-09-21 04:32:26,85
hash_sha256,a421383570605547d83773fc81cb980bd04026895cd51417d424f706d070992b,threatfox,VShell,"threatfox,exe,VShell",2026-09-20 16:08:23,2026-09-21 04:32:26,85
hash_sha256,a44dddd9f780261cebeb54162f26bffb6e85811928a36ff78b7f9c2975093e0b,malwarebazaar,exe,"5a4378fb90db39f09c7b18d1f314e645,dropped-by-remus,exe",2026-09-21 04:00:06,2026-09-21 04:32:26,85
hash_sha256,a4f7714bb8c1e6ff6c5b6205f5c9da818e3c9625d51457669c9b6a673c43375d,malwarebazaar,exe,"5a4378fb90db39f09c7b18d1f314e645,dropped-by-remus,exe",2026-09-21 04:00:06,2026-09-21 04:32:26,85
hash_sha256,a4fad26f865fe4a7397bc21094c45def5e6fe6ab332f379380c3e7a316e86d92,malwarebazaar,Mirai,"elf,Mirai,upx",2026-09-21 04:00:06,2026-09-21 04:32:26,85
hash_sha256,a6248a6e107ada1b5bd0c4443284d37a8ebbf18f8ac1f793814014ccb71dba04,malwarebazaar,Prometei,elf,2026-09-21 04:00:06,2026-09-21 04:32:26,85
hash_sha256,a6a895a12575751e60ac5b1fa76c969c3beba983330c01941150a07d3b7c0891,malwarebazaar,Mirai,"elf,Mirai",2026-09-21 04:00:06,2026-09-21 04:32:26,85
hash_sha256,a8c1ff106b08183461fef576642b6c8a9386a437c6e6fefd1daa7ff6838eade7,malwarebazaar,exe,"0f81469cc7638ba7c82eaddbd6b3c20a,dropped-by-remus,exe",2026-09-21 04:00:06,2026-09-21 04:32:26,85
hash_sha256,a93532d58650bf020c997d4d2abc2fbf00a078537063c9de9e14bf8aa4df8046,malwarebazaar,exe,"5a4378fb90db39f09c7b18d1f314e645,dropped-by-remus,exe",2026-09-21 04:00:06,2026-09-21 04:32:26,85
hash_sha256,b3c25fc4ff0b36f9e2d227667cce1b67195eb1ee155045f11dfe046abcb76fcf,malwarebazaar,Mirai,"elf,Mirai,upx",2026-09-21 04:00:06,2026-09-21 04:32:26,85
hash_sha256,b4cea7e82069bca6d19f51e04362b13adb9ada4d9564779bff961e936e11531d,malwarebazaar,Mirai,"elf,Mirai,upx-dec",2026-09-21 04:00:06,2026-09-21 04:32:26,85
hash_sha256,b659aea8be65b89f3579b7e8f2941b1a481f4c8c72db7c17c30ad929dc87a28d,threatfox,VShell,"threatfox,exe,VShell",2026-09-20 16:08:23,2026-09-21 04:32:26,85
hash_sha256,b85cffcb640a1a5d096ec5e3533aa7467ff1ce94a912c1ff71fec3e59194d5e7,malwarebazaar,Mirai,"arm,cowrie,elf,honeypot,Mirai",2026-09-21 04:00:06,2026-09-21 04:32:26,85
hash_sha256,b8ab8a050e34c8004a32b78c8908d454ef211387e3ba015710ccd425903a7133,malwarebazaar,Mirai,"elf,Mirai",2026-09-21 04:00:06,2026-09-21 04:32:26,85
hash_sha256,be4662165b56e3d3b03e5cde83a8720d4af5a3a167952c1b7aefba1951078108,malwarebazaar,exe,"5a4378fb90db39f09c7b18d1f314e645,dropped-by-remus,exe",2026-09-21 04:00:06,2026-09-21 04:32:26,85
hash_sha256,c0e32ec484c838de09e28fc9b1e986edf34fec9faeeb5269ae0ab4a05a60caaa,threatfox,VShell,"threatfox,exe,VShell",2026-09-20 16:08:23,2026-09-21 04:32:26,85
hash_sha256,c254bf1cd9ab1496ad01785ed181bd6e314534bb1f079a4bc4616b40a8fd62ee,malwarebazaar,macho,"ClickFix,Foxveil,loader,Mach-O,macho,macOS",2026-09-21 04:00:06,2026-09-21 04:32:26,85
hash_sha256,c2aa2004111b9d8a44daab4f58b2a2a3abc9fc313cf6a19d31cf4c750ba09ad8,malwarebazaar,exe,"5a4378fb90db39f09c7b18d1f314e645,dropped-by-remus,exe",2026-09-21 04:00:06,2026-09-21 04:32:26,85
hash_sha256,c3032c8dc83365f2cf30cfa069c8c9d5c3fbfaf01749c0ee4b01cda185058ed7,threatfox,VShell,"threatfox,exe,VShell",2026-09-20 16:08:23,2026-09-21 04:32:26,85
hash_sha256,c6e5e1577cf2e0fd47ed9c35e196c913b4c9a018bbb4938f39a9ca849ca4c3da,malwarebazaar,GuLoader,"GuLoader,vbs",2026-09-21 04:00:06,2026-09-21 04:32:26,85
hash_sha256,c87126d88769d2198f18d1a376c2eb88b88a9555feb58fb0908ad19927290d7b,malwarebazaar,exe,"5a4378fb90db39f09c7b18d1f314e645,dropped-by-remus,exe",2026-09-21 04:00:06,2026-09-21 04:32:26,85
hash_sha256,c8e651f5565227886697c458949501a93e05eedbd47da2e8113df0233267682b,malwarebazaar,Mirai,"arm,cowrie,elf,honeypot,Mirai",2026-09-21 04:00:06,2026-09-21 04:32:26,85
hash_sha256,c8fdd6050c30252ba672b0284963a3e1ace14b0e9588fe347415f4f02e4e5db1,malwarebazaar,exe,"5a4378fb90db39f09c7b18d1f314e645,dropped-by-remus,exe",2026-09-21 04:00:06,2026-09-21 04:32:26,85
hash_sha256,cae0697aa8c68dd3e83129bfa1d2e92fa2011912b774aa98dee6ca8d16a677ec,malwarebazaar,exe,"03c288afc2626e195437231037ade40b,dropped-by-remus,exe",2026-09-21 04:00:06,2026-09-21 04:32:26,85
hash_sha256,cb6bf19586f74326a26c7dd76305e236abe4b49de6ee71453299bc9ec65b9939,malwarebazaar,Mirai,Mirai,2026-09-21 04:00:06,2026-09-21 04:32:26,85
hash_sha256,cd87c73901bd82017779f218e7efa0047a4f2c73b6c61e72c1a7c0d37d2f77a1,malwarebazaar,exe,"5a4378fb90db39f09c7b18d1f314e645,dropped-by-remus,exe",2026-09-21 04:00:06,2026-09-21 04:32:26,85
hash_sha256,d030dbd4fb42806f83b5681716c8fd31eb280ea6c171a908a7161223e94a48ed,threatfox,Unknown Loader,"threatfox,dropper,exe",2026-09-20 16:08:23,2026-09-21 04:32:26,85
hash_sha256,d25b957a739dfafc72a3a73a7faa2de7364d16611e712f3b688a79d8e740ef7c,malwarebazaar,Gafgyt,"elf,Gafgyt,Mirai",2026-09-21 04:00:06,2026-09-21 04:32:26,85
hash_sha256,d459fd61bfd71fd434eff7ae4ff4dcb7201c334861bde1452112ac130e12cd58,malwarebazaar,exe,"5a4378fb90db39f09c7b18d1f314e645,dropped-by-remus,exe",2026-09-21 04:00:06,2026-09-21 04:32:26,85
hash_sha256,dac96bc408b9ce098910dea7b359d0a5089081f42a84087b2ca6b724d660810d,threatfox,VShell,"threatfox,exe,VShell",2026-09-20 16:08:23,2026-09-21 04:32:26,85
hash_sha256,dd00defe265bd901fe466a7832acbe0c6d957a6ca309b6a211ddc17076a14461,malwarebazaar,exe,"03c288afc2626e195437231037ade40b,dropped-by-remus,exe",2026-09-21 04:00:06,2026-09-21 04:32:26,85
hash_sha256,ddc1d03f03ef7d821a8cfe5efe4220d791d07796a4a49a379893f4201e0155d4,malwarebazaar,exe,exe,2026-09-21 04:00:06,2026-09-21 04:32:26,85
hash_sha256,dff9ab23aa2ec30cb126f90448e995eb36403dee572b20ee930ad35203aef7bf,threatfox,Unknown Loader,"threatfox,dropper,exe",2026-09-20 16:08:23,2026-09-21 04:32:26,85
hash_sha256,e1ee8d5c020d3b8016b46f68cf7c8f146232500dfff8ac478805d3dbb545ff75,malwarebazaar,exe,"5a4378fb90db39f09c7b18d1f314e645,dropped-by-remus,exe",2026-09-21 04:00:06,2026-09-21 04:32:26,85
hash_sha256,e23bff9841547123a67854e9b11dfe0a785b9afb5e892164f1cab29669a85327,malwarebazaar,elf,"cowrie,elf,honeypot,mips",2026-09-21 04:00:06,2026-09-21 04:32:26,85
hash_sha256,e4ca83ae8c8c4f6263f7f43550b1dd7dc0b2d8852fe6602234553916a0d4e6ca,malwarebazaar,Mirai,"elf,Mirai",2026-09-21 04:00:06,2026-09-21 04:32:26,85
hash_sha256,e662dfda94e715930c01800634b637e5f82ad2945f8b1c778ae04e1293989d8f,malwarebazaar,unknown,unknown,2026-09-21 04:00:06,2026-09-21 04:32:26,85
hash_sha256,e7804767a5e607b192396a919226a5b6aa64f8078f4c5b63e4569a2de23a8531,malwarebazaar,Mirai,"elf,Mirai,upx-dec",2026-09-21 04:00:06,2026-09-21 04:32:26,85
hash_sha256,e86adbad6c3d13ddab441084a6568f08bd7b72fd68de68fda6d46a560afb9a97,malwarebazaar,exe,"5a4378fb90db39f09c7b18d1f314e645,dropped-by-remus,exe",2026-09-21 04:00:06,2026-09-21 04:32:26,85
hash_sha256,e8d617ec1a3fd0459bfe626238d8f9c6ed0dde28224d476abea58b2353aadbc8,threatfox,VShell,"threatfox,exe,VShell",2026-09-20 16:08:23,2026-09-21 04:32:26,85
hash_sha256,ef2cd1a71ca551ff04bb9507b1d0fafde30df66763701d6205705be913735fda,threatfox,VShell,"threatfox,exe,VShell",2026-09-20 16:08:23,2026-09-21 04:32:26,85
hash_sha256,efc1ac998c9be84b72fb26cce3a51931e460319cd662ae9097cdb5c776bdbe92,malwarebazaar,Mirai,"elf,Mirai,upx",2026-09-21 04:00:06,2026-09-21 04:32:26,85
hash_sha256,f03b8beef33330786b3f3f12e2bf2c352d4f14b8e6d5a78180205c7cccdcefb7,threatfox,AMOS,"threatfox,AMOS,cc2,ClickFix,Foxveil,macOS",2026-09-21 04:06:30,2026-09-21 04:32:26,85
hash_sha256,f160f29ffe64663daeaa7f669eb6a2f67624d7c1308069aa57c2219a714dbf16,malwarebazaar,exe,"5a4378fb90db39f09c7b18d1f314e645,dropped-by-remus,exe",2026-09-21 04:00:06,2026-09-21 04:32:26,85
hash_sha256,f17db77a04ecb8c8c466a575bdfef74a8c685e91d7bc63490a5731cd4377c37d,malwarebazaar,exe,"5a4378fb90db39f09c7b18d1f314e645,dropped-by-remus,exe",2026-09-21 04:00:06,2026-09-21 04:32:26,85
hash_sha256,f2cd69b0448ff01b89adcf5670f38e1f66da6861564e32a395facc156fcc3d89,malwarebazaar,exe,"5a4378fb90db39f09c7b18d1f314e645,dropped-by-remus,exe",2026-09-21 04:00:06,2026-09-21 04:32:26,85
hash_sha256,f3011161d8bd6ca8cfb7221d69bcfd2e094d5fda28c09a6069a036c8a6931bae,malwarebazaar,exe,"5a4378fb90db39f09c7b18d1f314e645,dropped-by-remus,exe",2026-09-21 04:00:06,2026-09-21 04:32:26,85
hash_sha256,f47f3fba888e9c798d9f5b9115b31aabf844cb0202a5253956dcb7b9940e5c3e,malwarebazaar,exe,"5a4378fb90db39f09c7b18d1f314e645,dropped-by-remus,exe",2026-09-21 04:00:06,2026-09-21 04:32:26,85
hash_sha256,f5c02265641a8234ab89db934cb8379528dfb9e2c6ae17bfc49811421a383171,threatfox,VShell,"threatfox,exe,VShell",2026-09-20 16:08:23,2026-09-21 04:32:26,85
hash_sha256,f976a3b51c470d22f5129bb5930dadc7447d0ae383c4d90bc3c1a2e00e252658,malwarebazaar,Mirai,"elf,Mirai,upx",2026-09-21 04:00:06,2026-09-21 04:32:26,85
hash_sha256,fa9a0761f85ab411c81874cd873d6d4e0bb0a539437043b96066d1e456af020c,malwarebazaar,exe,"5a4378fb90db39f09c7b18d1f314e645,dropped-by-remus,exe",2026-09-21 04:00:06,2026-09-21 04:32:26,85
hash_sha256,fb10dba166734756b03a5c4dddfdfbc1ae60bd5967a48fab574ce37d8ce6a269,malwarebazaar,unknown,unknown,2026-09-21 04:00:06,2026-09-21 04:32:26,85
hash_sha256,fef726f1f0c5243f8aa0a59dca4e5647c11f2bc20198193962f38d00d5bb186c,malwarebazaar,Mirai,"elf,Mirai",2026-09-21 04:00:06,2026-09-21 04:32:26,85
hash_sha256,fffe3d53b69069600316d95da7141188c232111549832e053cdc26756f92315a,threatfox,VShell,"threatfox,exe,VShell",2026-09-20 16:08:23,2026-09-21 04:32:26,85
ip,102.117.165.17,threatfox,Unknown malware,"threatfox,drb-ra,Mythic",2026-09-21 04:06:30,2026-09-21 04:32:26,85
ip,102.220.163.36,threatfox,AsyncRAT,"threatfox,AsyncRAT,drb-ra,RAT",2026-09-16 06:55:34,2026-09-21 04:32:26,85
ip,106.54.201.103,threatfox,Cobalt Strike,"threatfox,cobaltstrike",2026-09-18 16:06:42,2026-09-21 04:32:26,85
ip,123.57.146.34,threatfox,Cobalt Strike,"threatfox,cobaltstrike",2026-09-19 16:06:23,2026-09-21 04:32:26,85
ip,130.94.66.224,threatfox,Unknown malware,"threatfox,mythic",2026-09-21 04:06:30,2026-09-21 04:32:26,85
ip,130.94.66.253,threatfox,Unknown malware,"threatfox,drb-ra,Mythic",2026-09-21 04:06:30,2026-09-21 04:32:26,85
ip,139.199.18.159,threatfox,Cobalt Strike,"threatfox,cobaltstrike",2026-09-06 16:06:17,2026-09-21 04:32:26,85
ip,144.126.224.25,threatfox,Aisuru,"threatfox,Aisuru,c2",2026-09-19 16:06:23,2026-09-21 04:32:26,85
ip,144.217.94.121,threatfox,XWorm,"threatfox,xworm",2026-09-21 04:06:30,2026-09-21 04:32:26,85
ip,154.86.105.20,threatfox,DanaBot,"threatfox,DanBot,drb-ra",2026-09-21 04:06:30,2026-09-21 04:32:26,85
ip,162.243.103.246,feodotracker,Emotet,"c2,botnet,port:8080",2026-04-11 03:35:43,2026-09-21 04:32:26,90
ip,178.62.3.223,feodotracker,QakBot,"c2,botnet,port:443",2026-04-11 03:35:43,2026-09-21 04:32:26,90
ip,198.177.124.177,threatfox,Remus,"threatfox,c2,eb39e13e014e384939c760d41e58de60,remus",2026-09-20 16:08:23,2026-09-21 04:32:26,85
ip,27.133.154.218,feodotracker,QakBot,"c2,botnet,port:443",2026-03-10 22:13:04,2026-09-21 04:32:26,90
ip,34.204.119.63,feodotracker,QakBot,"c2,botnet,port:443",2026-04-11 03:35:43,2026-09-21 04:32:26,90
ip,43.173.38.253,threatfox,Aisuru,"threatfox,airashi,aisuru,botnet,ddos,mirai",2026-09-19 16:06:23,2026-09-21 04:32:26,85
ip,46.151.182.67,threatfox,PureRAT,"threatfox,drb-ra,PureHVNC,PureRAT,RAT",2026-09-21 04:06:30,2026-09-21 04:32:26,85
ip,47.121.130.18,threatfox,Cobalt Strike,"threatfox,cobaltstrike",2026-09-12 16:06:49,2026-09-21 04:32:26,85
ip,47.122.120.188,threatfox,Cobalt Strike,"threatfox,cobaltstrike",2026-09-19 16:06:23,2026-09-21 04:32:26,85
ip,47.238.116.190,threatfox,Unknown malware,"threatfox,supershell",2026-09-17 04:06:34,2026-09-21 04:32:26,85
ip,5.175.169.199,threatfox,PureRAT,"threatfox,drb-ra,PureHVNC,PureRAT,RAT",2026-09-21 04:06:30,2026-09-21 04:32:26,85
ip,5.180.20.26,threatfox,AdaptixC2,"threatfox,AdaptixC2,drb-ra",2026-09-05 16:06:50,2026-09-21 04:32:26,85
ip,50.16.16.211,feodotracker,QakBot,"c2,botnet,port:443",2026-04-11 03:35:43,2026-09-21 04:32:26,90
ip,92.119.158.39,threatfox,Jackskid,"threatfox,botnet,ddos,jackskid,mirai,rctea",2026-09-20 16:08:23,2026-09-21 04:32:26,85
ip,94.183.235.11,threatfox,Jackskid,"threatfox,botnet,ddos,jackskid,mirai,rctea",2026-09-20 16:08:23,2026-09-21 04:32:26,85
ip,94.183.235.159,threatfox,Jackskid,"threatfox,botnet,ddos,jackskid,mirai,rctea",2026-09-20 16:08:23,2026-09-21 04:32:26,85
ip,94.183.235.249,threatfox,Jackskid,"threatfox,botnet,ddos,jackskid,mirai,rctea",2026-09-20 16:08:23,2026-09-21 04:32:26,85
ip,95.182.91.142,threatfox,Unknown malware,"threatfox,drb-ra,Mythic",2026-09-21 04:06:30,2026-09-21 04:32:26,85
ip,96.126.176.243,threatfox,PureRAT,"threatfox,drb-ra,PureHVNC,PureRAT,RAT",2026-09-21 04:06:30,2026-09-21 04:32:26,85
ssl_sha1,131d534087149d0095a326dcb33e77afcbec308c,sslbl,AnimateClipper C&C,"sslbl,2026-07-26",2026-07-26 17:35:20,2026-09-21 04:32:26,88
ssl_sha1,45bbc5ebc131cca9663c35c95459564007049d07,sslbl,Vidar C&C,"sslbl,2026-07-25",2026-07-25 17:35:24,2026-09-21 04:32:26,88
ssl_sha1,472239fd43cdfe3b960245672b183c4be200ed7a,sslbl,Vidar C&C,"sslbl,2026-07-23",2026-07-24 05:35:19,2026-09-21 04:32:26,88
ssl_sha1,73202d8d2ac9a9e04c2bdefa6ea8db2860d779a9,sslbl,Vidar C&C,"sslbl,2026-07-23",2026-07-24 05:35:19,2026-09-21 04:32:26,88
ssl_sha1,7b5604ee44715ba0b4e92c2281f30c5a3416ca41,sslbl,ACRStealer C&C,"sslbl,2026-07-24",2026-07-24 17:35:21,2026-09-21 04:32:26,88
ssl_sha1,80c36e681125d92c8edfbf7adce71d3bda48d1f9,sslbl,Malware distribution,"sslbl,2026-07-23",2026-07-24 05:35:19,2026-09-21 04:32:26,88
ssl_sha1,8f0de55e89d97b4f3581f77805955a2b719563b8,sslbl,PureRAT C&C,"sslbl,2026-07-23",2026-07-24 05:35:19,2026-09-21 04:32:26,88
ssl_sha1,cd07a2a4c9a93703dc8d1d4e72a12e1cec7f41c7,sslbl,ACRStealer C&C,"sslbl,2026-07-23",2026-07-24 05:35:19,2026-09-21 04:32:26,88
ssl_sha1,d08e16884011f6910fe8087a74dac507ff7d2a6a,sslbl,ACRStealer C&C,"sslbl,2026-07-24",2026-07-24 17:35:21,2026-09-21 04:32:26,88
ssl_sha1,d447d27a879fe80420dc54244870f3f7d25993bb,sslbl,PureLogsStealer C&C,"sslbl,2026-07-23",2026-07-24 05:35:19,2026-09-21 04:32:26,88
ssl_sha1,e6cc4eebe2d73c7174be4be73bc00d4642122ac4,sslbl,ACRStealer C&C,"sslbl,2026-07-27",2026-07-27 17:35:21,2026-09-21 04:32:26,88
url,http://105.184.34.106:48313/i,urlhaus,malware_download,mirai,2026-09-21 04:00:06,2026-09-21 04:32:26,85
url,http://105.97.186.183:56235/i,urlhaus,malware_download,"32-bit,elf,mips,Mozi",2026-09-21 04:00:06,2026-09-21 04:32:26,85
url,http://107.161.168.217/?h=107.161.168.217&p=80&t=tcp&a=w64&stage=true,threatfox,VShell,"threatfox,exe,loader,VShell",2026-09-20 16:08:23,2026-09-21 04:32:26,85
url,http://111.88.7.48:49020/bin.sh,urlhaus,malware_download,"32-bit,elf,mips,Mozi",2026-09-21 04:00:06,2026-09-21 04:32:26,85
url,http://113.237.53.238:53908/i,urlhaus,malware_download,,2026-09-21 04:00:06,2026-09-21 04:32:26,85
url,http://115.48.246.12:34621/i,urlhaus,malware_download,,2026-09-21 04:00:06,2026-09-21 04:32:26,85
url,http://115.48.26.243:59225/bin.sh,urlhaus,malware_download,Mozi,2026-09-21 04:00:06,2026-09-21 04:32:26,85
url,http://115.49.1.239:53065/i,urlhaus,malware_download,,2026-09-21 04:00:06,2026-09-21 04:32:26,85
url,http://115.50.202.112:39399/bin.sh,urlhaus,malware_download,Mozi,2026-09-21 04:00:06,2026-09-21 04:32:26,85
url,http://115.50.219.106:51247/bin.sh,urlhaus,malware_download,Mozi,2026-09-21 04:00:06,2026-09-21 04:32:26,85
url,http://115.50.219.106:51247/i,urlhaus,malware_download,Mozi,2026-09-21 04:00:06,2026-09-21 04:32:26,85
url,http://115.56.57.69:53822/bin.sh,urlhaus,malware_download,Mozi,2026-09-21 04:00:06,2026-09-21 04:32:26,85
url,http://115.56.57.69:53822/i,urlhaus,malware_download,Mozi,2026-09-21 04:00:06,2026-09-21 04:32:26,85
url,http://115.59.56.161:55624/i,urlhaus,malware_download,Mozi,2026-09-21 04:00:06,2026-09-21 04:32:26,85
url,http://119.117.170.146:38561/i,urlhaus,malware_download,,2026-09-21 04:00:06,2026-09-21 04:32:26,85
url,http://119.179.30.73:56779/i,urlhaus,malware_download,mirai,2026-09-21 04:00:06,2026-09-21 04:32:26,85
url,http://120.28.214.81:39733/bin.sh,urlhaus,malware_download,,2026-09-21 04:00:06,2026-09-21 04:32:26,85
url,http://120.28.81.136:50549/i,urlhaus,malware_download,mirai,2026-09-21 04:00:06,2026-09-21 04:32:26,85
url,http://120.84.212.26:47174/i,urlhaus,malware_download,,2026-09-21 04:00:06,2026-09-21 04:32:26,85
url,http://122.6.78.177:36783/bin.sh,urlhaus,malware_download,mirai,2026-09-21 04:00:06,2026-09-21 04:32:26,85
url,http://122.6.78.177:36783/i,urlhaus,malware_download,mirai,2026-09-21 04:00:06,2026-09-21 04:32:26,85
url,http://123.190.231.92:41367/i,urlhaus,malware_download,,2026-09-21 04:00:06,2026-09-21 04:32:26,85
url,http://123.5.125.108:55666/bin.sh,urlhaus,malware_download,Mozi,2026-09-21 04:00:06,2026-09-21 04:32:26,85
url,http://125.41.218.236:55874/i,urlhaus,malware_download,Mozi,2026-09-21 04:00:06,2026-09-21 04:32:26,85
url,http://125.46.212.61:45094/bin.sh,urlhaus,malware_download,,2026-09-21 04:00:06,2026-09-21 04:32:26,85
url,http://165.154.226.87:8084/?h=165.154.226.87&p=8084&t=ws&a=w64&stage=true,threatfox,VShell,"threatfox,exe,VShell",2026-09-20 16:08:23,2026-09-21 04:32:26,85
url,http://170.238.123.134:54929/i,urlhaus,malware_download,mirai,2026-09-21 04:00:06,2026-09-21 04:32:26,85
url,http://171.113.233.133:60943/Mozi.m,threatfox,Mozi,"threatfox,elf,iot,Mozi",2026-09-20 16:08:23,2026-09-21 04:32:26,85
url,http://175.147.247.76:43930/i,urlhaus,malware_download,,2026-09-21 04:00:06,2026-09-21 04:32:26,85
url,http://175.147.91.231:53977/i,urlhaus,malware_download,,2026-09-21 04:00:06,2026-09-21 04:32:26,85
url,http://175.165.199.185:51509/i,urlhaus,malware_download,,2026-09-21 04:00:06,2026-09-21 04:32:26,85
url,http://175.165.83.23:39982/i,urlhaus,malware_download,,2026-09-21 04:00:06,2026-09-21 04:32:26,85
url,http://175.30.72.37:44458/i,urlhaus,malware_download,mirai,2026-09-21 04:00:06,2026-09-21 04:32:26,85
url,http://175.43.179.169:40335/i,urlhaus,malware_download,mirai,2026-09-21 04:00:06,2026-09-21 04:32:26,85
url,http://178.16.53.91:8443/?h=178.16.53.91&p=8443&t=ws&a=l32&stage=true,threatfox,Mirai,"threatfox,elf,Mirai,Snowlight",2026-09-20 16:08:23,2026-09-21 04:32:26,85
url,http://180.191.16.24:58956/i,urlhaus,malware_download,mirai,2026-09-21 04:00:06,2026-09-21 04:32:26,85
url,http://182.112.96.98:38790/bin.sh,urlhaus,malware_download,Mozi,2026-09-21 04:00:06,2026-09-21 04:32:26,85
url,http://182.117.163.171:58889/i,urlhaus,malware_download,Mozi,2026-09-21 04:00:06,2026-09-21 04:32:26,85
url,http://182.119.165.88:57699/bin.sh,urlhaus,malware_download,,2026-09-21 04:00:06,2026-09-21 04:32:26,85
url,http://182.120.96.145:47417/bin.sh,urlhaus,malware_download,Mozi,2026-09-21 04:00:06,2026-09-21 04:32:26,85
url,http://182.126.121.157:52960/bin.sh,urlhaus,malware_download,,2026-09-21 04:00:06,2026-09-21 04:32:26,85
url,http://182.127.85.10:51313/bin.sh,urlhaus,malware_download,Mozi,2026-09-21 04:00:06,2026-09-21 04:32:26,85
url,http://182.46.17.53:36288/i,urlhaus,malware_download,mirai,2026-09-21 04:00:06,2026-09-21 04:32:26,85
url,http://185.9.139.117:50066/i,urlhaus,malware_download,mirai,2026-09-21 04:00:06,2026-09-21 04:32:26,85
url,http://193.178.158.107/Bjsw3DlG1/index.php,threatfox,Amadey,"threatfox,579cd0,amadey,c2",2026-09-20 16:08:23,2026-09-21 04:32:26,85
url,http://193.93.228.160:54745/i,urlhaus,malware_download,"32-bit,arm,elf,mirai,Mozi",2026-09-21 04:00:06,2026-09-21 04:32:26,85
url,http://196.189.197.131:51630/bin.sh,urlhaus,malware_download,mirai,2026-09-21 04:00:06,2026-09-21 04:32:26,85
url,http://200.115.102.2:50521/bin.sh,urlhaus,malware_download,mirai,2026-09-21 04:00:06,2026-09-21 04:32:26,85
url,http://200.115.102.2:50521/i,urlhaus,malware_download,mirai,2026-09-21 04:00:06,2026-09-21 04:32:26,85
url,http://216.126.81.224:57441/i,urlhaus,malware_download,mirai,2026-09-21 04:00:06,2026-09-21 04:32:26,85
url,http://216.126.86.79:33077/i,urlhaus,malware_download,mirai,2026-09-21 04:00:06,2026-09-21 04:32:26,85
url,http://222.127.154.221:58071/i,urlhaus,malware_download,mirai,2026-09-21 04:00:06,2026-09-21 04:32:26,85
url,http://222.127.71.33:34522/i,urlhaus,malware_download,,2026-09-21 04:00:06,2026-09-21 04:32:26,85
url,http://222.137.0.101:51078/bin.sh,urlhaus,malware_download,Mozi,2026-09-21 04:00:06,2026-09-21 04:32:26,85
url,http://222.141.122.254:34413/bin.sh,urlhaus,malware_download,,2026-09-21 04:00:06,2026-09-21 04:32:26,85
url,http://27.207.222.65:49073/i,urlhaus,malware_download,Mozi,2026-09-21 04:00:06,2026-09-21 04:32:26,85
url,http://27.44.145.153:53273/bin.sh,urlhaus,malware_download,,2026-09-21 04:00:06,2026-09-21 04:32:26,85
url,http://27.44.145.91:42447/i,urlhaus,malware_download,,2026-09-21 04:00:06,2026-09-21 04:32:26,85
url,http://27.44.146.245:57988/i,urlhaus,malware_download,,2026-09-21 04:00:06,2026-09-21 04:32:26,85
url,http://27.44.147.16:47183/i,urlhaus,malware_download,,2026-09-21 04:00:06,2026-09-21 04:32:26,85
url,http://31.180.174.148:54401/i,urlhaus,malware_download,Mozi,2026-09-21 04:00:06,2026-09-21 04:32:26,85
url,http://34.92.225.25:8084/?h=34.92.225.25&p=8084&t=tcp&a=l32&stage=true,threatfox,SNOWLIGHT,"threatfox,elf,SNOWLIGHT",2026-09-20 16:08:23,2026-09-21 04:32:26,85
url,http://36.69.72.176:47958/bin.sh,urlhaus,malware_download,mirai,2026-09-21 04:00:06,2026-09-21 04:32:26,85
url,http://36.69.72.176:47958/i,urlhaus,malware_download,mirai,2026-09-21 04:00:06,2026-09-21 04:32:26,85
url,http://39.165.226.62:37712/bin.sh,urlhaus,malware_download,,2026-09-21 04:00:06,2026-09-21 04:32:26,85
url,http://39.165.226.62:37712/i,urlhaus,malware_download,,2026-09-21 04:00:06,2026-09-21 04:32:26,85
url,http://39.71.202.105:54578/i,urlhaus,malware_download,Mozi,2026-09-21 04:00:06,2026-09-21 04:32:26,85
url,http://39.74.51.175:52136/bin.sh,urlhaus,malware_download,Mozi,2026-09-21 04:00:06,2026-09-21 04:32:26,85
url,http://39.74.51.175:52136/i,urlhaus,malware_download,Mozi,2026-09-21 04:00:06,2026-09-21 04:32:26,85
url,http://42.178.11.131:37911/i,urlhaus,malware_download,,2026-09-21 04:00:06,2026-09-21 04:32:26,85
url,http://42.224.96.195:54809/i,urlhaus,malware_download,Mozi,2026-09-21 04:00:06,2026-09-21 04:32:26,85
url,http://42.225.205.54:37382/bin.sh,urlhaus,malware_download,Mozi,2026-09-21 04:00:06,2026-09-21 04:32:26,85
url,http://42.225.205.54:37382/i,urlhaus,malware_download,Mozi,2026-09-21 04:00:06,2026-09-21 04:32:26,85
url,http://42.227.134.205:43058/i,urlhaus,malware_download,,2026-09-21 04:00:06,2026-09-21 04:32:26,85
url,http://42.232.101.165:41839/i,urlhaus,malware_download,Mozi,2026-09-21 04:00:06,2026-09-21 04:32:26,85
url,http://42.233.163.234:53805/i,urlhaus,malware_download,,2026-09-21 04:00:06,2026-09-21 04:32:26,85
url,http://42.234.161.34:58947/i,urlhaus,malware_download,Mozi,2026-09-21 04:00:06,2026-09-21 04:32:26,85
url,http://42.234.71.99:52268/bin.sh,urlhaus,malware_download,Mozi,2026-09-21 04:00:06,2026-09-21 04:32:26,85
url,http://42.234.71.99:52268/i,urlhaus,malware_download,Mozi,2026-09-21 04:00:06,2026-09-21 04:32:26,85
url,http://42.235.74.186:52251/i,urlhaus,malware_download,Mozi,2026-09-21 04:00:06,2026-09-21 04:32:26,85
url,http://42.237.53.133:53645/i,urlhaus,malware_download,Mozi,2026-09-21 04:00:06,2026-09-21 04:32:26,85
url,http://42.238.205.161:47722/i,urlhaus,malware_download,mirai,2026-09-21 04:00:06,2026-09-21 04:32:26,85
url,http://42.4.209.168:58465/i,urlhaus,malware_download,mirai,2026-09-21 04:00:06,2026-09-21 04:32:26,85
url,http://42.57.184.123:51793/i,urlhaus,malware_download,,2026-09-21 04:00:06,2026-09-21 04:32:26,85
url,http://42.57.6.73:44269/i,urlhaus,malware_download,,2026-09-21 04:00:06,2026-09-21 04:32:26,85
url,http://42.85.205.103:55293/i,urlhaus,malware_download,,2026-09-21 04:00:06,2026-09-21 04:32:26,85
url,http://45.177.33.169:57035/i,urlhaus,malware_download,mirai,2026-09-21 04:00:06,2026-09-21 04:32:26,85
url,http://45.183.184.74:54667/i,urlhaus,malware_download,mirai,2026-09-21 04:00:06,2026-09-21 04:32:26,85
url,http://45.186.52.27:44370/i,urlhaus,malware_download,mirai,2026-09-21 04:00:06,2026-09-21 04:32:26,85
url,http://45.224.83.130:36790/i,urlhaus,malware_download,mirai,2026-09-21 04:00:06,2026-09-21 04:32:26,85
url,http://5.26.195.93:54001/i,urlhaus,malware_download,,2026-09-21 04:00:06,2026-09-21 04:32:26,85
url,http://5.59.107.34:56712/i,urlhaus,malware_download,,2026-09-21 04:00:06,2026-09-21 04:32:26,85
url,http://58.47.109.95:42894/i,urlhaus,malware_download,mirai,2026-09-21 04:00:06,2026-09-21 04:32:26,85
url,http://59.180.134.0:38357/i,urlhaus,malware_download,Mozi,2026-09-21 04:00:06,2026-09-21 04:32:26,85
url,http://59.180.156.72:47308/i,urlhaus,malware_download,,2026-09-21 04:00:06,2026-09-21 04:32:26,85
url,http://59.180.158.50:55956/i,urlhaus,malware_download,"32-bit,elf,mips,Mozi",2026-09-21 04:00:06,2026-09-21 04:32:26,85
url,http://59.61.211.252:39093/i,urlhaus,malware_download,mirai,2026-09-21 04:00:06,2026-09-21 04:32:26,85
url,http://59.89.75.144:49934/i,urlhaus,malware_download,Mozi,2026-09-21 04:00:06,2026-09-21 04:32:26,85
url,http://59.96.138.33:48538/i,urlhaus,malware_download,Mozi,2026-09-21 04:00:06,2026-09-21 04:32:26,85
url,http://60.19.241.32:44019/bin.sh,urlhaus,malware_download,,2026-09-21 04:00:06,2026-09-21 04:32:26,85
url,http://61.52.2.173:38510/i,urlhaus,malware_download,Mozi,2026-09-21 04:00:06,2026-09-21 04:32:26,85
url,http://72.255.35.143:55827/i,urlhaus,malware_download,Mozi,2026-09-21 04:00:06,2026-09-21 04:32:26,85
url,http://78.188.196.206:60122/i,urlhaus,malware_download,Mozi,2026-09-21 04:00:06,2026-09-21 04:32:26,85
url,http://78.38.120.12:42324/i,urlhaus,malware_download,Mozi,2026-09-21 04:00:06,2026-09-21 04:32:26,85
url,http://90.228.231.169:38579/i,urlhaus,malware_download,mirai,2026-09-21 04:00:06,2026-09-21 04:32:26,85
url,http://91.190.84.93:17073/i,urlhaus,malware_download,,2026-09-21 04:00:06,2026-09-21 04:32:26,85
url,http://fuarnpp.shop:5627/notifications,threatfox,Remus,"threatfox,remus",2026-09-21 04:06:30,2026-09-21 04:32:26,85
url,http://teculse.click:9210/sessions,threatfox,Remus,"threatfox,remus",2026-09-21 04:06:30,2026-09-21 04:32:26,85
url,https://oi.hg77.org,threatfox,Vidar,"threatfox,c2,fc99bd8607c97081de7780968727c206,loader,stealer,Vidar",2026-09-20 16:08:23,2026-09-21 04:32:26,85
url,https://signup.v-panel.asia/,threatfox,Vidar,threatfox,2026-09-20 16:08:23,2026-09-21 04:32:26,85
url,https://testingcf.jsdelivr.net/gh/Boycshop/147B-D73-E1EC/34F520-6B096E,threatfox,ClearFake,"threatfox,ClearFake",2026-09-21 04:06:30,2026-09-21 04:32:26,85
url,https://testingcf.jsdelivr.net/gh/Boycshop/50-4b-b0c4-7c-47-6f-53-88-b6-D7-6F/8Cc7-C-C64-3f4810C5-3288-d,threatfox,ClearFake,"threatfox,ClearFake",2026-09-20 16:08:23,2026-09-21 04:32:26,85
url,https://testingcf.jsdelivr.net/gh/Boycshop/50-4b-b0c4-7c-47-6f-53-88-b6-D7-6F/8Cc7-C-C64-3f4810C5-32881-d,threatfox,ClearFake,"threatfox,ClearFake",2026-09-20 16:08:23,2026-09-21 04:32:26,85
url,https://xd.1betasia.org,threatfox,Vidar,"threatfox,061839e0c6a29ac1f895ba8d39fb0f78,c2,loader,stealer,Vidar",2026-09-21 04:06:30,2026-09-21 04:32:26,85
url,https://xd.hg77.org,threatfox,Vidar,"threatfox,061839e0c6a29ac1f895ba8d39fb0f78,c2,loader,stealer,Vidar",2026-09-21 04:06:30,2026-09-21 04:32:26,85
