type,value,source,threat_type,tags,first_seen,last_seen,confidence
domain,492102.us22.myftpupload.com,threatfox,Unknown malware,"threatfox,ClickFix,compromised",2026-09-09 16:06:21,2026-09-09 18:16:54,85
domain,740h2wzc.birthdaygenerator.com,threatfox,ClearFake,"threatfox,ClearFake,mac-0xdcf2,macos",2026-09-09 16:06:21,2026-09-09 18:16:54,85
domain,a1r2n20k.lorenzboulosgroup.com,threatfox,ClearFake,"threatfox,ClearFake,mac-0x76c7,macos",2026-09-09 16:06:21,2026-09-09 18:16:54,85
domain,a5lab.co,threatfox,BeaverTail,"threatfox,BeaverTail,ContagiousInterview,dropper",2026-09-09 16:06:21,2026-09-09 18:16:54,85
domain,abode-veify20auth.es,threatfox,Unknown Stealer,"threatfox,credit-card,phishing,planzer,switzerland",2026-09-09 16:06:21,2026-09-09 18:16:54,85
domain,acc.v-panel.asia,threatfox,Vidar,threatfox,2026-09-09 16:06:21,2026-09-09 18:16:54,85
domain,account.v-panel.asia,threatfox,Vidar,threatfox,2026-09-09 16:06:21,2026-09-09 18:16:54,85
domain,acrjb033vq.workers.dev,threatfox,php.shin_webshell,"threatfox,Cloudflare,GIF,PHP,webshell,WordPress,workers.dev,wp-admin",2026-09-09 16:06:21,2026-09-09 18:16:54,85
domain,airbnblistingservice.com,threatfox,ClearFake,"threatfox,compromised,EtherHide",2026-09-09 16:06:21,2026-09-09 18:16:54,85
domain,alchemy-concepts.com,threatfox,ClearFake,"threatfox,compromised,EtherHide",2026-09-09 16:06:21,2026-09-09 18:16:54,85
domain,alexandrasommerauer.ch,threatfox,ClearFake,"threatfox,compromised,EtherHide",2026-09-09 16:06:21,2026-09-09 18:16:54,85
domain,almalitha.com,threatfox,ClearFake,"threatfox,compromised,EtherHide",2026-09-09 16:06:21,2026-09-09 18:16:54,85
domain,almujaddidltd.com,threatfox,ClearFake,"threatfox,compromised,EtherHide",2026-09-09 16:06:21,2026-09-09 18:16:54,85
domain,altiva.com.mx,threatfox,ClearFake,"threatfox,compromised,EtherHide",2026-09-09 16:06:21,2026-09-09 18:16:54,85
domain,amcad.org,threatfox,ClearFake,"threatfox,compromised,EtherHide",2026-09-09 16:06:21,2026-09-09 18:16:54,85
domain,amesd.com,threatfox,ClearFake,"threatfox,compromised,EtherHide",2026-09-09 16:06:21,2026-09-09 18:16:54,85
domain,anastasia.adv.br,threatfox,ClearFake,"threatfox,compromised,EtherHide",2026-09-09 16:06:21,2026-09-09 18:16:54,85
domain,ansariwears.com,threatfox,ClearFake,"threatfox,compromised,EtherHide",2026-09-09 16:06:21,2026-09-09 18:16:54,85
domain,anterikasells.com,threatfox,ClearFake,"threatfox,compromised,EtherHide",2026-09-09 16:06:21,2026-09-09 18:16:54,85
domain,antoniopropertyexperts.co.uk,threatfox,ClearFake,"threatfox,compromised,EtherHide",2026-09-09 16:06:21,2026-09-09 18:16:54,85
domain,appliance-repair-expert.site,threatfox,ClearFake,"threatfox,compromised,EtherHide",2026-09-09 16:06:21,2026-09-09 18:16:54,85
domain,aprotec.pro,threatfox,ClearFake,"threatfox,compromised,EtherHide",2026-09-09 16:06:21,2026-09-09 18:16:54,85
domain,apsup.org.pk,threatfox,ClearFake,"threatfox,compromised,EtherHide",2026-09-09 16:06:21,2026-09-09 18:16:54,85
domain,arnould-agri.be,threatfox,ClearFake,"threatfox,compromised,EtherHide",2026-09-09 16:06:21,2026-09-09 18:16:54,85
domain,arra-drive.com,threatfox,ClearFake,"threatfox,compromised,EtherHide",2026-09-09 16:06:21,2026-09-09 18:16:54,85
domain,ashmariealina.com,threatfox,ClearFake,"threatfox,compromised,EtherHide",2026-09-09 16:06:21,2026-09-09 18:16:54,85
domain,astrovastualignment.com,threatfox,ClearFake,"threatfox,compromised,EtherHide",2026-09-09 16:06:21,2026-09-09 18:16:54,85
domain,athomeent.com,threatfox,ClearFake,"threatfox,compromised,EtherHide",2026-09-09 16:06:21,2026-09-09 18:16:54,85
domain,atmmoinulhaque.com,threatfox,ClearFake,"threatfox,compromised,EtherHide",2026-09-09 16:06:21,2026-09-09 18:16:54,85
domain,atreidesventures.co,threatfox,ClearFake,"threatfox,compromised,EtherHide",2026-09-09 16:06:21,2026-09-09 18:16:54,85
domain,auditien.fr,threatfox,ClearFake,"threatfox,compromised,EtherHide",2026-09-09 16:06:21,2026-09-09 18:16:54,85
domain,auraodontologiagramado.com,threatfox,ClearFake,"threatfox,compromised,EtherHide",2026-09-09 16:06:21,2026-09-09 18:16:54,85
domain,autotechgroups.com,threatfox,ClearFake,"threatfox,compromised,EtherHide",2026-09-09 16:06:21,2026-09-09 18:16:54,85
domain,avelineladyshave.eu,threatfox,ClearFake,"threatfox,compromised,EtherHide",2026-09-09 16:06:21,2026-09-09 18:16:54,85
domain,aw4b.com,threatfox,ClearFake,"threatfox,compromised,EtherHide",2026-09-09 16:06:21,2026-09-09 18:16:54,85
domain,awlimosfl.com,threatfox,ClearFake,"threatfox,compromised,EtherHide",2026-09-09 16:06:21,2026-09-09 18:16:54,85
domain,baathjewel.com,threatfox,ClearFake,"threatfox,compromised,EtherHide",2026-09-09 16:06:21,2026-09-09 18:16:54,85
domain,bcdubrmd.zen-sulin.com,threatfox,ClearFake,"threatfox,ClearFake,mac-0x0f14,macos",2026-09-09 16:06:21,2026-09-09 18:16:54,85
domain,bendera138menang.it.com,threatfox,ClearFake,"threatfox,9September2026,ClearFake,Commandline,MacOS",2026-09-09 16:06:21,2026-09-09 18:16:54,85
domain,benderandco.org,threatfox,ClearFake,"threatfox,compromised,EtherHide",2026-09-09 16:06:21,2026-09-09 18:16:54,85
domain,bgttoil.com,threatfox,ClearFake,"threatfox,compromised,EtherHide",2026-09-09 16:06:21,2026-09-09 18:16:54,85
domain,biereaumenu.com,threatfox,ClearFake,"threatfox,compromised,EtherHide",2026-09-09 16:06:21,2026-09-09 18:16:54,85
domain,birthdaygenerator.com,threatfox,ClearFake,"threatfox,9September2026,ClearFake,Commandline,MacOS",2026-09-09 16:06:21,2026-09-09 18:16:54,85
domain,biznizkart.co.uk,threatfox,ClearFake,"threatfox,compromised,EtherHide",2026-09-09 16:06:21,2026-09-09 18:16:54,85
domain,blubaybd.com,threatfox,ClearFake,"threatfox,compromised,EtherHide",2026-09-09 16:06:21,2026-09-09 18:16:54,85
domain,bolsaflex.com.ar,threatfox,ClearFake,"threatfox,compromised,EtherHide",2026-09-09 16:06:21,2026-09-09 18:16:54,85
domain,boxbahis.org,threatfox,ClearFake,"threatfox,compromised,EtherHide",2026-09-09 16:06:21,2026-09-09 18:16:54,85
domain,breezybites.online,threatfox,ClearFake,"threatfox,compromised,EtherHide",2026-09-09 16:06:21,2026-09-09 18:16:54,85
domain,brightstarwalltowallcarpets.co.ke,threatfox,ClearFake,"threatfox,compromised,EtherHide",2026-09-09 16:06:21,2026-09-09 18:16:54,85
domain,broservis.com,threatfox,ClearFake,"threatfox,compromised,EtherHide",2026-09-09 16:06:21,2026-09-09 18:16:54,85
domain,btceducationcenter.com,threatfox,TrickMo,"threatfox,Android,TrickMO",2026-09-09 16:06:21,2026-09-09 18:16:54,85
domain,buathaisushi.com,threatfox,ClearFake,"threatfox,9September2026,ClearFake,Commandline,MacOS",2026-09-09 16:06:21,2026-09-09 18:16:54,85
domain,buechelgartenbau.wolfgangfels.ch,threatfox,ClearFake,"threatfox,compromised,EtherHide",2026-09-09 16:06:21,2026-09-09 18:16:54,85
domain,businessideaz.co.uk,threatfox,ClearFake,"threatfox,compromised,EtherHide",2026-09-09 16:06:21,2026-09-09 18:16:54,85
domain,businesstechtime.co.uk,threatfox,ClearFake,"threatfox,compromised,EtherHide",2026-09-09 16:06:21,2026-09-09 18:16:54,85
domain,businesstopic.co.uk,threatfox,ClearFake,"threatfox,compromised,EtherHide",2026-09-09 16:06:21,2026-09-09 18:16:54,85
domain,bwmequipamentos.com.br,threatfox,ClearFake,"threatfox,compromised,EtherHide",2026-09-09 16:06:21,2026-09-09 18:16:54,85
domain,callhoustonhvac.com,threatfox,ClearFake,"threatfox,compromised,EtherHide",2026-09-09 16:06:21,2026-09-09 18:16:54,85
domain,canadaforimmigration.com,threatfox,ClearFake,"threatfox,compromised,EtherHide",2026-09-09 16:06:21,2026-09-09 18:16:54,85
domain,canavinpetro.vn,threatfox,ClearFake,"threatfox,compromised,EtherHide",2026-09-09 16:06:21,2026-09-09 18:16:54,85
domain,canbytires.com,threatfox,ClearFake,"threatfox,compromised,EtherHide",2026-09-09 16:06:21,2026-09-09 18:16:54,85
domain,cannoncentral.com.au,threatfox,ClearFake,"threatfox,compromised,EtherHide",2026-09-09 16:06:21,2026-09-09 18:16:54,85
domain,capitalconsultant.com.pk,threatfox,ClearFake,"threatfox,compromised,EtherHide",2026-09-09 16:06:21,2026-09-09 18:16:54,85
domain,carlutions.com,threatfox,ClearFake,"threatfox,compromised,EtherHide",2026-09-09 16:06:21,2026-09-09 18:16:54,85
domain,carterkeysllc.com,threatfox,ClearFake,"threatfox,compromised,EtherHide",2026-09-09 16:06:21,2026-09-09 18:16:54,85
domain,casaselpilar.com,threatfox,ClearFake,"threatfox,compromised,EtherHide",2026-09-09 16:06:21,2026-09-09 18:16:54,85
domain,cecil.center,threatfox,ClearFake,"threatfox,compromised,EtherHide",2026-09-09 16:06:21,2026-09-09 18:16:54,85
domain,cecore.or.ug,threatfox,ClearFake,"threatfox,compromised,EtherHide",2026-09-09 16:06:21,2026-09-09 18:16:54,85
domain,cellfashionstore.com,threatfox,ClearFake,"threatfox,compromised,EtherHide",2026-09-09 16:06:21,2026-09-09 18:16:54,85
domain,centro.ba,threatfox,ClearFake,"threatfox,compromised,EtherHide",2026-09-09 16:06:21,2026-09-09 18:16:54,85
domain,chadpartner.com,threatfox,ClearFake,"threatfox,compromised,EtherHide",2026-09-09 16:06:21,2026-09-09 18:16:54,85
domain,charges.alpino.in,threatfox,ClearFake,"threatfox,compromised,EtherHide",2026-09-09 16:06:21,2026-09-09 18:16:54,85
domain,charlotte-wulff.de,threatfox,ClearFake,"threatfox,compromised,EtherHide",2026-09-09 16:06:21,2026-09-09 18:16:54,85
domain,chimere-4septembre.fr,threatfox,ClearFake,"threatfox,compromised,EtherHide",2026-09-09 16:06:21,2026-09-09 18:16:54,85
domain,clearnotemusic.com,threatfox,ClearFake,"threatfox,compromised,EtherHide",2026-09-09 16:06:21,2026-09-09 18:16:54,85
domain,clinicaconstructores.com,threatfox,ClearFake,"threatfox,compromised,EtherHide",2026-09-09 16:06:21,2026-09-09 18:16:54,85
domain,cliq.ae,threatfox,ClearFake,"threatfox,compromised,EtherHide",2026-09-09 16:06:21,2026-09-09 18:16:54,85
domain,clp.com.ec,threatfox,ClearFake,"threatfox,compromised,EtherHide",2026-09-09 16:06:21,2026-09-09 18:16:54,85
domain,codercookies.com,threatfox,ClearFake,"threatfox,compromised,EtherHide",2026-09-09 16:06:21,2026-09-09 18:16:54,85
domain,colegioheliodesouza.com.br,threatfox,ClearFake,"threatfox,compromised,EtherHide",2026-09-09 16:06:21,2026-09-09 18:16:54,85
domain,collectdreams.xyz,threatfox,ClearFake,"threatfox,compromised,EtherHide",2026-09-09 16:06:21,2026-09-09 18:16:54,85
domain,comoycuandopodar.com,threatfox,ClearFake,"threatfox,9September2026,ClearFake,Commandline,MacOS",2026-09-09 16:06:21,2026-09-09 18:16:54,85
domain,conceptcreaweb.fr,threatfox,ClearFake,"threatfox,compromised,EtherHide",2026-09-09 16:06:21,2026-09-09 18:16:54,85
domain,coolify-api.eaglegpt.ai,threatfox,ClearFake,"threatfox,compromised,EtherHide",2026-09-09 16:06:21,2026-09-09 18:16:54,85
domain,coreyman.com,threatfox,ClearFake,"threatfox,compromised,EtherHide",2026-09-09 16:06:21,2026-09-09 18:16:54,85
domain,cottagecookbook.co.uk,threatfox,ClearFake,"threatfox,compromised,EtherHide",2026-09-09 16:06:21,2026-09-09 18:16:54,85
domain,crikbet99.app,threatfox,ClearFake,"threatfox,compromised,EtherHide",2026-09-09 16:06:21,2026-09-09 18:16:54,85
domain,dagiztravel.com,threatfox,ClearFake,"threatfox,compromised,EtherHide",2026-09-09 16:06:21,2026-09-09 18:16:54,85
domain,datnenbecamex.vn,threatfox,ClearFake,"threatfox,compromised,EtherHide",2026-09-09 16:06:21,2026-09-09 18:16:54,85
domain,daunhotnhapkhau.com,threatfox,ClearFake,"threatfox,compromised,EtherHide",2026-09-09 16:06:21,2026-09-09 18:16:54,85
domain,deanslandscaping.com.au,threatfox,ClearFake,"threatfox,compromised,EtherHide",2026-09-09 16:06:21,2026-09-09 18:16:54,85
domain,debloatex.com,threatfox,Unknown malware,threatfox,2026-09-09 16:06:21,2026-09-09 18:16:54,85
domain,degustacakes.com.br,threatfox,ClearFake,"threatfox,compromised,EtherHide",2026-09-09 16:06:21,2026-09-09 18:16:54,85
domain,dekozuva.workers.dev,threatfox,php.shin_webshell,"threatfox,Cloudflare,GIF,PHP,webshell,WordPress,workers.dev,wp-admin",2026-09-09 16:06:21,2026-09-09 18:16:54,85
domain,demoadmin.revoapps.id,threatfox,ClearFake,"threatfox,compromised,EtherHide",2026-09-09 16:06:21,2026-09-09 18:16:54,85
domain,dentalguillermolopez.com,threatfox,ClearFake,"threatfox,compromised,EtherHide",2026-09-09 16:06:21,2026-09-09 18:16:54,85
domain,der-kaiser-spricht.net,threatfox,ClearFake,"threatfox,compromised,EtherHide",2026-09-09 16:06:21,2026-09-09 18:16:54,85
domain,desaku.my.id,threatfox,ClearFake,"threatfox,compromised,EtherHide",2026-09-09 16:06:21,2026-09-09 18:16:54,85
domain,desertdoveweddings.com,threatfox,ClearFake,"threatfox,compromised,EtherHide",2026-09-09 16:06:21,2026-09-09 18:16:54,85
domain,diamondqualitycontractors.com,threatfox,ClearFake,"threatfox,compromised,EtherHide",2026-09-09 16:06:21,2026-09-09 18:16:54,85
domain,dicominformatica.com,threatfox,ClearFake,"threatfox,compromised,EtherHide",2026-09-09 16:06:21,2026-09-09 18:16:54,85
domain,digitaxgroup.tax,threatfox,ClearFake,"threatfox,compromised,EtherHide",2026-09-09 16:06:21,2026-09-09 18:16:54,85
domain,dmprosocial.com,threatfox,ClearFake,"threatfox,compromised,EtherHide",2026-09-09 16:06:21,2026-09-09 18:16:54,85
domain,dmstones.co.uk,threatfox,ClearFake,"threatfox,compromised,EtherHide",2026-09-09 16:06:21,2026-09-09 18:16:54,85
domain,dohaeris.com,threatfox,ClearFake,"threatfox,compromised,EtherHide",2026-09-09 16:06:21,2026-09-09 18:16:54,85
domain,domgcom.com,threatfox,ClearFake,"threatfox,compromised,EtherHide",2026-09-09 16:06:21,2026-09-09 18:16:54,85
domain,dongguancartech.com,threatfox,ClearFake,"threatfox,compromised,EtherHide",2026-09-09 16:06:21,2026-09-09 18:16:54,85
domain,doublediamondridesnj.com,threatfox,ClearFake,"threatfox,compromised,EtherHide",2026-09-09 16:06:21,2026-09-09 18:16:54,85
domain,drabdelaziz.net,threatfox,ClearFake,"threatfox,compromised,EtherHide",2026-09-09 16:06:21,2026-09-09 18:16:54,85
domain,drbaney.com,threatfox,ClearFake,"threatfox,9September2026,ClearFake,Commandline,DomainShadowing,Windows",2026-09-09 16:06:21,2026-09-09 18:16:54,85
domain,drkharkar.com,threatfox,ClearFake,"threatfox,compromised,EtherHide",2026-09-09 16:06:21,2026-09-09 18:16:54,85
domain,dwratk.com,threatfox,ClearFake,"threatfox,compromised,EtherHide",2026-09-09 16:06:21,2026-09-09 18:16:54,85
domain,e-stroggylis.gr,threatfox,ClearFake,"threatfox,compromised,EtherHide",2026-09-09 16:06:21,2026-09-09 18:16:54,85
domain,e99is6wd.www-bellyflush.com,threatfox,ClearFake,"threatfox,ClearFake,mac-0x68dc,macos",2026-09-09 16:06:21,2026-09-09 18:16:54,85
domain,easyfoodheesch.nl,threatfox,ClearFake,"threatfox,compromised,EtherHide",2026-09-09 16:06:21,2026-09-09 18:16:54,85
domain,edgeservice2933.com,threatfox,ClearFake,threatfox,2026-09-09 16:06:21,2026-09-09 18:16:54,85
domain,eisenbergrottweilers.com,threatfox,ClearFake,"threatfox,9September2026,ClearFake,Commandline,DomainShadowing,Windows",2026-09-09 16:06:21,2026-09-09 18:16:54,85
domain,electroningenieria.com.ar,threatfox,ClearFake,"threatfox,compromised,EtherHide",2026-09-09 16:06:21,2026-09-09 18:16:54,85
domain,elilla.pl,threatfox,ClearFake,"threatfox,compromised,EtherHide",2026-09-09 16:06:21,2026-09-09 18:16:54,85
domain,embarrassedyoshiko.workers.dev,threatfox,php.shin_webshell,"threatfox,Cloudflare,GIF,PHP,webshell,WordPress,workers.dev,wp-admin",2026-09-09 16:06:21,2026-09-09 18:16:54,85
domain,embiemlavie.mw,threatfox,ClearFake,"threatfox,compromised,EtherHide",2026-09-09 16:06:21,2026-09-09 18:16:54,85
domain,embryos.it,threatfox,ClearFake,"threatfox,compromised,EtherHide",2026-09-09 16:06:21,2026-09-09 18:16:54,85
domain,empresasglobales.com,threatfox,ClearFake,"threatfox,compromised,EtherHide",2026-09-09 16:06:21,2026-09-09 18:16:54,85
domain,erfmarketing.com,threatfox,ClearFake,"threatfox,compromised,EtherHide",2026-09-09 16:06:21,2026-09-09 18:16:54,85
domain,everythingisephemere.com,threatfox,ClearFake,"threatfox,ClearFake",2026-09-09 16:06:21,2026-09-09 18:16:54,85
domain,exoticseo.com,threatfox,ClearFake,"threatfox,compromised,EtherHide",2026-09-09 16:06:21,2026-09-09 18:16:54,85
domain,expcontabil.com.br,threatfox,ClearFake,"threatfox,compromised,EtherHide",2026-09-09 16:06:21,2026-09-09 18:16:54,85
domain,experiago.pl,threatfox,ClearFake,"threatfox,compromised,EtherHide",2026-09-09 16:06:21,2026-09-09 18:16:54,85
domain,expertclasstravel.es,threatfox,ClearFake,"threatfox,compromised,EtherHide",2026-09-09 16:06:21,2026-09-09 18:16:54,85
domain,explorenewz.co.uk,threatfox,ClearFake,"threatfox,compromised,EtherHide",2026-09-09 16:06:21,2026-09-09 18:16:54,85
domain,eymjf56765.workers.dev,threatfox,php.shin_webshell,"threatfox,Cloudflare,GIF,PHP,webshell,WordPress,workers.dev,wp-admin",2026-09-09 16:06:21,2026-09-09 18:16:54,85
domain,ezalert.me,threatfox,ClearFake,"threatfox,compromised,EtherHide",2026-09-09 16:06:21,2026-09-09 18:16:54,85
domain,famlegalservices.com,threatfox,ClearFake,"threatfox,compromised,EtherHide",2026-09-09 16:06:21,2026-09-09 18:16:54,85
domain,fandbroofingandmaintenanceltd.co.uk,threatfox,ClearFake,"threatfox,compromised,EtherHide",2026-09-09 16:06:21,2026-09-09 18:16:54,85
domain,farmboysupplies.com,threatfox,ClearFake,"threatfox,compromised,EtherHide",2026-09-09 16:06:21,2026-09-09 18:16:54,85
domain,fauniforms.com,threatfox,ClearFake,"threatfox,compromised,EtherHide",2026-09-09 16:06:21,2026-09-09 18:16:54,85
domain,filmytelevision.com,threatfox,ClearFake,"threatfox,compromised,EtherHide",2026-09-09 16:06:21,2026-09-09 18:16:54,85
domain,finquessip.com,threatfox,ClearFake,"threatfox,compromised,EtherHide",2026-09-09 16:06:21,2026-09-09 18:16:54,85
domain,flint-32.com,threatfox,AMOS,"threatfox,AMOS,ClickFix,macOS",2026-09-09 16:06:21,2026-09-09 18:16:54,85
domain,flouz.agency,threatfox,ClearFake,"threatfox,compromised,EtherHide",2026-09-09 16:06:21,2026-09-09 18:16:54,85
domain,flyfox.ind.br,threatfox,ClearFake,"threatfox,compromised,EtherHide",2026-09-09 16:06:21,2026-09-09 18:16:54,85
domain,freetimebd.com,threatfox,ClearFake,"threatfox,compromised,EtherHide",2026-09-09 16:06:21,2026-09-09 18:16:54,85
domain,fullbodyshaving.com,threatfox,ClearFake,"threatfox,compromised,EtherHide",2026-09-09 16:06:21,2026-09-09 18:16:54,85
domain,fynga.com,threatfox,ClearFake,"threatfox,compromised,EtherHide",2026-09-09 16:06:21,2026-09-09 18:16:54,85
domain,g61w7j1g.web-enerflow.com,threatfox,ClearFake,"threatfox,ClearFake,mac-0xdcf2,macos",2026-09-09 16:06:21,2026-09-09 18:16:54,85
domain,gabrielachamale.com,threatfox,ClearFake,"threatfox,compromised,EtherHide",2026-09-09 16:06:21,2026-09-09 18:16:54,85
domain,gaye.com.tr,threatfox,ClearFake,"threatfox,compromised,EtherHide",2026-09-09 16:06:21,2026-09-09 18:16:54,85
domain,gear-carriage.com,threatfox,Unknown malware,"threatfox,ClearFake,ClickFix,EtherHiding",2026-09-09 16:06:21,2026-09-09 18:16:54,85
domain,ghanaianwaynj.com,threatfox,ClearFake,"threatfox,compromised,EtherHide",2026-09-09 16:06:21,2026-09-09 18:16:54,85
domain,giftmeahome.com,threatfox,ClearFake,"threatfox,compromised,EtherHide",2026-09-09 16:06:21,2026-09-09 18:16:54,85
domain,giftscrux.com,threatfox,ClearFake,"threatfox,compromised,EtherHide",2026-09-09 16:06:21,2026-09-09 18:16:54,85
domain,ginajohnson.co,threatfox,ClearFake,"threatfox,compromised,EtherHide",2026-09-09 16:06:21,2026-09-09 18:16:54,85
domain,gizmofy.website,threatfox,ClearFake,"threatfox,compromised,EtherHide",2026-09-09 16:06:21,2026-09-09 18:16:54,85
domain,glaciermod.cc,threatfox,Unknown malware,threatfox,2026-09-09 16:06:21,2026-09-09 18:16:54,85
domain,globalmobilization.org,threatfox,ClearFake,"threatfox,compromised,EtherHide",2026-09-09 16:06:21,2026-09-09 18:16:54,85
domain,globalprivateequitypartners.com,threatfox,ClearFake,"threatfox,compromised,EtherHide",2026-09-09 16:06:21,2026-09-09 18:16:54,85
domain,gloryspinning.com,threatfox,ClearFake,"threatfox,compromised,EtherHide",2026-09-09 16:06:21,2026-09-09 18:16:54,85
domain,glowbeautybd.com,threatfox,ClearFake,"threatfox,compromised,EtherHide",2026-09-09 16:06:21,2026-09-09 18:16:54,85
domain,gmattos.com.br,threatfox,ClearFake,"threatfox,compromised,EtherHide",2026-09-09 16:06:21,2026-09-09 18:16:54,85
domain,goeppinger-city.de,threatfox,ClearFake,"threatfox,compromised,EtherHide",2026-09-09 16:06:21,2026-09-09 18:16:54,85
domain,goldbaecker.de,threatfox,ClearFake,"threatfox,compromised,EtherHide",2026-09-09 16:06:21,2026-09-09 18:16:54,85
domain,goli-vawes.com,threatfox,ClearFake,threatfox,2026-09-09 16:06:21,2026-09-09 18:16:54,85
domain,goodnewsnepalministry.org,threatfox,ClearFake,"threatfox,compromised,EtherHide",2026-09-09 16:06:21,2026-09-09 18:16:54,85
domain,gpicoop.org,threatfox,ClearFake,"threatfox,compromised,EtherHide",2026-09-09 16:06:21,2026-09-09 18:16:54,85
domain,greenlandperu.com,threatfox,ClearFake,"threatfox,compromised,EtherHide",2026-09-09 16:06:21,2026-09-09 18:16:54,85
domain,greenmoringathermal.com,threatfox,ClearFake,"threatfox,compromised,EtherHide",2026-09-09 16:06:21,2026-09-09 18:16:54,85
domain,hdbc.co.za,threatfox,ClearFake,"threatfox,compromised,EtherHide",2026-09-09 16:06:21,2026-09-09 18:16:54,85
domain,healttylifestyle.shop,threatfox,ClearFake,"threatfox,compromised,EtherHide",2026-09-09 16:06:21,2026-09-09 18:16:54,85
domain,heartlandkzn.co.za,threatfox,ClearFake,"threatfox,compromised,EtherHide",2026-09-09 16:06:21,2026-09-09 18:16:54,85
domain,hellohandmade.pl,threatfox,ClearFake,"threatfox,compromised,EtherHide",2026-09-09 16:06:21,2026-09-09 18:16:54,85
domain,hellovan.es,threatfox,ClearFake,"threatfox,compromised,EtherHide",2026-09-09 16:06:21,2026-09-09 18:16:54,85
domain,helpcommunity.in,threatfox,ClearFake,"threatfox,compromised,EtherHide",2026-09-09 16:06:21,2026-09-09 18:16:54,85
domain,helpgurus.net,threatfox,ClearFake,"threatfox,compromised,EtherHide",2026-09-09 16:06:21,2026-09-09 18:16:54,85
domain,highlandwoodenhouse.com,threatfox,ClearFake,"threatfox,compromised,EtherHide",2026-09-09 16:06:21,2026-09-09 18:16:54,85
domain,hollowsentinel.com,threatfox,Unknown malware,"threatfox,ClearFake,ClickFix,EtherHiding",2026-09-09 16:06:21,2026-09-09 18:16:54,85
domain,home-appliance-fix.website,threatfox,ClearFake,"threatfox,compromised,EtherHide",2026-09-09 16:06:21,2026-09-09 18:16:54,85
domain,homefixly.website,threatfox,ClearFake,"threatfox,compromised,EtherHide",2026-09-09 16:06:21,2026-09-09 18:16:54,85
domain,homescovet.com,threatfox,ClearFake,"threatfox,compromised,EtherHide",2026-09-09 16:06:21,2026-09-09 18:16:54,85
domain,homesenseretail.com,threatfox,ClearFake,"threatfox,compromised,EtherHide",2026-09-09 16:06:21,2026-09-09 18:16:54,85
domain,homme.vn,threatfox,ClearFake,"threatfox,compromised,EtherHide",2026-09-09 16:06:21,2026-09-09 18:16:54,85
domain,hookedonraw.com,threatfox,ClearFake,"threatfox,compromised,EtherHide",2026-09-09 16:06:21,2026-09-09 18:16:54,85
domain,horkyboty.cz,threatfox,ClearFake,"threatfox,compromised,EtherHide",2026-09-09 16:06:21,2026-09-09 18:16:54,85
domain,hostreadyspaces.com,threatfox,ClearFake,"threatfox,compromised,EtherHide",2026-09-09 16:06:21,2026-09-09 18:16:54,85
domain,houstoncaricatures.com,threatfox,ClearFake,"threatfox,compromised,EtherHide",2026-09-09 16:06:21,2026-09-09 18:16:54,85
domain,hrhq.net,threatfox,ClearFake,"threatfox,compromised,EtherHide",2026-09-09 16:06:21,2026-09-09 18:16:54,85
domain,hrlink.ch,threatfox,ClearFake,"threatfox,compromised,EtherHide",2026-09-09 16:06:21,2026-09-09 18:16:54,85
domain,hscricketsa.co.za,threatfox,ClearFake,"threatfox,compromised,EtherHide",2026-09-09 16:06:21,2026-09-09 18:16:54,85
domain,huangjui.com,threatfox,ClearFake,"threatfox,compromised,EtherHide",2026-09-09 16:06:21,2026-09-09 18:16:54,85
domain,hurcotrendytees.com,threatfox,ClearFake,"threatfox,compromised,EtherHide",2026-09-09 16:06:21,2026-09-09 18:16:54,85
domain,iainlowery.com,threatfox,ClearFake,"threatfox,compromised,EtherHide",2026-09-09 16:06:21,2026-09-09 18:16:54,85
domain,icaiswiss.ch,threatfox,ClearFake,"threatfox,compromised,EtherHide",2026-09-09 16:06:21,2026-09-09 18:16:54,85
domain,ilbiotg.it,threatfox,ClearFake,"threatfox,compromised,EtherHide",2026-09-09 16:06:21,2026-09-09 18:16:54,85
domain,imagencymanila.com,threatfox,ClearFake,"threatfox,compromised,EtherHide",2026-09-09 16:06:21,2026-09-09 18:16:54,85
domain,immortal-lab.com,threatfox,ClearFake,"threatfox,compromised,EtherHide",2026-09-09 16:06:21,2026-09-09 18:16:54,85
domain,imprasystems.co.uk,threatfox,ClearFake,"threatfox,compromised,EtherHide",2026-09-09 16:06:21,2026-09-09 18:16:54,85
domain,imwokelikejesus.com,threatfox,ClearFake,"threatfox,compromised,EtherHide",2026-09-09 16:06:21,2026-09-09 18:16:54,85
domain,indiastatfiling.com,threatfox,ClearFake,"threatfox,compromised,EtherHide",2026-09-09 16:06:21,2026-09-09 18:16:54,85
domain,indigomarin.com,threatfox,ClearFake,"threatfox,compromised,EtherHide",2026-09-09 16:06:21,2026-09-09 18:16:54,85
domain,infinitymidiaooh.com,threatfox,ClearFake,"threatfox,compromised,EtherHide",2026-09-09 16:06:21,2026-09-09 18:16:54,85
domain,ingoaccountabilitycharter.org,threatfox,ClearFake,"threatfox,9September2026,ClearFake,Commandline,MacOS",2026-09-09 16:06:21,2026-09-09 18:16:54,85
domain,ingreso.pl,threatfox,ClearFake,"threatfox,compromised,EtherHide",2026-09-09 16:06:21,2026-09-09 18:16:54,85
domain,initiativkreis-nordstadt.de,threatfox,ClearFake,"threatfox,compromised,EtherHide",2026-09-09 16:06:21,2026-09-09 18:16:54,85
domain,innovac.se,threatfox,ClearFake,"threatfox,compromised,EtherHide",2026-09-09 16:06:21,2026-09-09 18:16:54,85
domain,installateur-simex.at,threatfox,ClearFake,"threatfox,compromised,EtherHide",2026-09-09 16:06:21,2026-09-09 18:16:54,85
domain,instantsport.info,threatfox,ClearFake,"threatfox,compromised,EtherHide",2026-09-09 16:06:21,2026-09-09 18:16:54,85
domain,intuitiveuae.org,threatfox,ClearFake,"threatfox,compromised,EtherHide",2026-09-09 16:06:21,2026-09-09 18:16:54,85
domain,ipdxb.com,threatfox,ClearFake,"threatfox,compromised,EtherHide",2026-09-09 16:06:21,2026-09-09 18:16:54,85
domain,ipssanjosedecolombiasas.com,threatfox,ClearFake,"threatfox,compromised,EtherHide",2026-09-09 16:06:21,2026-09-09 18:16:54,85
domain,iscpros.com,threatfox,ClearFake,"threatfox,compromised,EtherHide",2026-09-09 16:06:21,2026-09-09 18:16:54,85
domain,jadeleap15.com,threatfox,AMOS,"threatfox,AMOS,ClickFix,macOS",2026-09-03 16:06:37,2026-09-09 18:16:54,85
domain,jakeys.nl,threatfox,ClearFake,"threatfox,compromised,EtherHide",2026-09-09 16:06:21,2026-09-09 18:16:54,85
domain,jp.yelove.xyz,threatfox,FluBot,"threatfox,Android,Fluehorse",2026-09-09 16:06:21,2026-09-09 18:16:54,85
domain,js-mini.thaiglobalshipping.com,threatfox,FAKEUPDATES,"threatfox,SocGholish",2026-09-09 16:06:21,2026-09-09 18:16:54,85
domain,jyjaji.workers.dev,threatfox,php.shin_webshell,"threatfox,Cloudflare,GIF,PHP,webshell,WordPress,workers.dev,wp-admin",2026-09-09 16:06:21,2026-09-09 18:16:54,85
domain,karoricemeterytour.com,threatfox,ClearFake,"threatfox,9September2026,ClearFake,Commandline,DomainShadowing,Windows",2026-09-09 16:06:21,2026-09-09 18:16:54,85
domain,kirche-sk.daniel-andernach.com,threatfox,ClearFake,"threatfox,compromised,EtherHide",2026-09-09 16:06:21,2026-09-09 18:16:54,85
domain,kwldbne6aq.workers.dev,threatfox,php.shin_webshell,"threatfox,Cloudflare,GIF,PHP,webshell,WordPress,workers.dev,wp-admin",2026-09-09 16:06:21,2026-09-09 18:16:54,85
domain,loop-lumen.com,threatfox,AMOS,"threatfox,AMOS,ClickFix,macOS",2026-09-03 16:06:37,2026-09-09 18:16:54,85
domain,lynx.betweenthebunz.co,threatfox,ClearFake,"threatfox,ClearFake,ClickFix,ErrTraffic,EtherHiding",2026-09-09 16:06:21,2026-09-09 18:16:54,85
domain,medicinskaedukacija.org,threatfox,ClearFake,"threatfox,compromised,EtherHide",2026-09-09 16:06:21,2026-09-09 18:16:54,85
domain,mwaespe.ch,threatfox,ClearFake,"threatfox,compromised,EtherHide",2026-09-09 16:06:21,2026-09-09 18:16:54,85
domain,new.himayat.net,threatfox,ClearFake,"threatfox,compromised,EtherHide",2026-09-09 16:06:21,2026-09-09 18:16:54,85
domain,niol201d.comoycuandopodar.com,threatfox,ClearFake,"threatfox,ClearFake,mac-0x0f14,macos",2026-09-09 16:06:21,2026-09-09 18:16:54,85
domain,notion-brown.com,threatfox,Unknown malware,"threatfox,ClearFake,ClickFix,EtherHiding",2026-09-09 16:06:21,2026-09-09 18:16:54,85
domain,polyservices-cheyres.ch,threatfox,ClearFake,"threatfox,compromised,EtherHide",2026-09-09 16:06:21,2026-09-09 18:16:54,85
domain,pro.mccp-coiffure-bio.ch,threatfox,ClearFake,"threatfox,compromised,EtherHide",2026-09-09 16:06:21,2026-09-09 18:16:54,85
domain,q4matles.us-theeloncode.com,threatfox,ClearFake,"threatfox,ClearFake,mac-0x68dc,macos",2026-09-09 16:06:21,2026-09-09 18:16:54,85
domain,redyni.workers.dev,threatfox,php.shin_webshell,"threatfox,Cloudflare,GIF,PHP,webshell,WordPress,workers.dev,wp-admin",2026-09-09 16:06:21,2026-09-09 18:16:54,85
domain,schamserger.top,threatfox,ClearFake,threatfox,2026-09-07 16:06:33,2026-09-09 18:16:54,85
domain,selectiveinvest.com,threatfox,ClearFake,"threatfox,compromised,EtherHide",2026-09-09 16:06:21,2026-09-09 18:16:54,85
domain,shelternode18.com,threatfox,AMOS,"threatfox,AMOS,ClickFix,macOS",2026-09-09 16:06:21,2026-09-09 18:16:54,85
domain,simple-cheats.com,threatfox,Unknown malware,threatfox,2026-09-09 16:06:21,2026-09-09 18:16:54,85
domain,sogadoqu.workers.dev,threatfox,php.shin_webshell,"threatfox,Cloudflare,GIF,PHP,webshell,WordPress,workers.dev,wp-admin",2026-09-09 16:06:21,2026-09-09 18:16:54,85
domain,spindlewoodatlas.co,threatfox,SmartApeSG,"threatfox,SmartApeSG",2026-09-09 16:06:21,2026-09-09 18:16:54,85
domain,tape-exposure.com,threatfox,Unknown malware,"threatfox,ClearFake,ClickFix,EtherHiding",2026-09-09 16:06:21,2026-09-09 18:16:54,85
domain,thesurfacemastersal.com,threatfox,ClearFake,"threatfox,compromised,EtherHide",2026-09-09 16:06:21,2026-09-09 18:16:54,85
domain,tipjp22776.workers.dev,threatfox,php.shin_webshell,"threatfox,Cloudflare,GIF,PHP,webshell,WordPress,workers.dev,wp-admin",2026-09-09 16:06:21,2026-09-09 18:16:54,85
domain,uhqudkcw6b.workers.dev,threatfox,php.shin_webshell,"threatfox,Cloudflare,GIF,PHP,webshell,WordPress,workers.dev,wp-admin",2026-09-09 16:06:21,2026-09-09 18:16:54,85
domain,uzkiz68828.workers.dev,threatfox,php.shin_webshell,"threatfox,Cloudflare,GIF,PHP,webshell,WordPress,workers.dev,wp-admin",2026-09-09 16:06:21,2026-09-09 18:16:54,85
domain,vitalhealingnow.com,threatfox,ClearFake,"threatfox,compromised,EtherHide",2026-09-09 16:06:21,2026-09-09 18:16:54,85
domain,www.10urgeslot4qzu.app,threatfox,Unknown Stealer,"threatfox,clash-verge,DarkSword,Funnull,infostealer,iOS",2026-09-09 16:06:21,2026-09-09 18:16:54,85
domain,www.agba-avocats.com,threatfox,ClearFake,"threatfox,compromised,EtherHide",2026-09-09 16:06:21,2026-09-09 18:16:54,85
domain,www.agriturismodapion.it,threatfox,ClearFake,"threatfox,compromised,EtherHide",2026-09-09 16:06:21,2026-09-09 18:16:54,85
domain,www.aquamart.co.za,threatfox,ClearFake,"threatfox,compromised,EtherHide",2026-09-09 16:06:21,2026-09-09 18:16:54,85
domain,www.arch-a.cz,threatfox,ClearFake,"threatfox,compromised,EtherHide",2026-09-09 16:06:21,2026-09-09 18:16:54,85
domain,www.ashokjewels.com,threatfox,ClearFake,"threatfox,compromised,EtherHide",2026-09-09 16:06:21,2026-09-09 18:16:54,85
domain,www.astralnaturedescanso.com,threatfox,ClearFake,"threatfox,compromised,EtherHide",2026-09-09 16:06:21,2026-09-09 18:16:54,85
domain,www.avolare.com.br,threatfox,ClearFake,"threatfox,compromised,EtherHide",2026-09-09 16:06:21,2026-09-09 18:16:54,85
domain,www.baymeadowmillwork.com,threatfox,ClearFake,"threatfox,compromised,EtherHide",2026-09-09 16:06:21,2026-09-09 18:16:54,85
domain,www.champamahilasocietysundarban.org,threatfox,ClearFake,"threatfox,compromised,EtherHide",2026-09-09 16:06:21,2026-09-09 18:16:54,85
domain,www.chase6dice6nt7.net,threatfox,Unknown Stealer,"threatfox,clash-verge,DarkSword,Funnull,infostealer,iOS",2026-09-09 16:06:21,2026-09-09 18:16:54,85
domain,www.cpconsulting.pt,threatfox,ClearFake,"threatfox,compromised,EtherHide",2026-09-09 16:06:21,2026-09-09 18:16:54,85
domain,www.cube-cycle4mdy.org,threatfox,Unknown Stealer,"threatfox,clash-verge,DarkSword,Funnull,infostealer,iOS",2026-09-09 16:06:21,2026-09-09 18:16:54,85
domain,www.dunakiliti.hu,threatfox,ClearFake,"threatfox,compromised,EtherHide",2026-09-09 16:06:21,2026-09-09 18:16:54,85
domain,www.eco-soluzioni.com,threatfox,ClearFake,"threatfox,compromised,EtherHide",2026-09-09 16:06:21,2026-09-09 18:16:54,85
domain,www.edgewisearchitects.com,threatfox,ClearFake,"threatfox,compromised,EtherHide",2026-09-09 16:06:21,2026-09-09 18:16:54,85
domain,www.excelanimalhealth.com,threatfox,ClearFake,"threatfox,compromised,EtherHide",2026-09-09 16:06:21,2026-09-09 18:16:54,85
domain,www.faceoffmobile.com,threatfox,ClearFake,"threatfox,compromised,EtherHide",2026-09-09 16:06:21,2026-09-09 18:16:54,85
domain,www.farmkaikhai.com,threatfox,ClearFake,"threatfox,compromised,EtherHide",2026-09-09 16:06:21,2026-09-09 18:16:54,85
domain,www.feedwall.co,threatfox,ClearFake,"threatfox,compromised,EtherHide",2026-09-09 16:06:21,2026-09-09 18:16:54,85
domain,www.fgcsourcing.com,threatfox,ClearFake,"threatfox,compromised,EtherHide",2026-09-09 16:06:21,2026-09-09 18:16:54,85
domain,www.fkdelivery.com,threatfox,ClearFake,"threatfox,compromised,EtherHide",2026-09-09 16:06:21,2026-09-09 18:16:54,85
domain,www.friendly-dog.it,threatfox,ClearFake,"threatfox,compromised,EtherHide",2026-09-09 16:06:21,2026-09-09 18:16:54,85
domain,www.ftssoft.net,threatfox,ClearFake,"threatfox,compromised,EtherHide",2026-09-09 16:06:21,2026-09-09 18:16:54,85
domain,www.gamersub.xyz,threatfox,ClearFake,"threatfox,compromised,EtherHide",2026-09-09 16:06:21,2026-09-09 18:16:54,85
domain,www.gentlegeek.net,threatfox,ClearFake,"threatfox,compromised,EtherHide",2026-09-09 16:06:21,2026-09-09 18:16:54,85
domain,www.georgiasentinelnews.com,threatfox,ClearFake,"threatfox,compromised,EtherHide",2026-09-09 16:06:21,2026-09-09 18:16:54,85
domain,www.goldcoastdisabilityservices.com.au,threatfox,ClearFake,"threatfox,compromised,EtherHide",2026-09-09 16:06:21,2026-09-09 18:16:54,85
domain,www.gonextgroup.com,threatfox,ClearFake,"threatfox,compromised,EtherHide",2026-09-09 16:06:21,2026-09-09 18:16:54,85
domain,www.graduatemonkey.com,threatfox,ClearFake,"threatfox,compromised,EtherHide",2026-09-09 16:06:21,2026-09-09 18:16:54,85
domain,www.hijaztravel.co.uk,threatfox,ClearFake,"threatfox,compromised,EtherHide",2026-09-09 16:06:21,2026-09-09 18:16:54,85
domain,www.howtomakelovetoyourhouse.com,threatfox,ClearFake,"threatfox,compromised,EtherHide",2026-09-09 16:06:21,2026-09-09 18:16:54,85
domain,www.ideaseeds.org,threatfox,ClearFake,"threatfox,compromised,EtherHide",2026-09-09 16:06:21,2026-09-09 18:16:54,85
domain,www.impulsecs.com,threatfox,ClearFake,"threatfox,compromised,EtherHide",2026-09-09 16:06:21,2026-09-09 18:16:54,85
domain,www.industrialengines.ca,threatfox,ClearFake,"threatfox,compromised,EtherHide",2026-09-09 16:06:21,2026-09-09 18:16:54,85
domain,www.ioepc.edu.np,threatfox,ClearFake,"threatfox,compromised,EtherHide",2026-09-09 16:06:21,2026-09-09 18:16:54,85
domain,www.jbc.webdesign-staging.com,threatfox,ClearFake,"threatfox,compromised,EtherHide",2026-09-09 16:06:21,2026-09-09 18:16:54,85
domain,www.korsch.com,threatfox,ClearFake,"threatfox,compromised,EtherHide",2026-09-09 16:06:21,2026-09-09 18:16:54,85
domain,www.lagomstressad.se,threatfox,ClearFake,"threatfox,compromised,EtherHide",2026-09-09 16:06:21,2026-09-09 18:16:54,85
domain,www.libreriamilitareares.it,threatfox,ClearFake,"threatfox,compromised,EtherHide",2026-09-09 16:06:21,2026-09-09 18:16:54,85
domain,www.oxtu0ashinenj0.net,threatfox,Unknown Stealer,"threatfox,clash-verge,DarkSword,Funnull,infostealer,iOS",2026-09-09 16:06:21,2026-09-09 18:16:54,85
domain,www.playlist-thematique.fr,threatfox,ClearFake,"threatfox,compromised,EtherHide",2026-09-09 16:06:21,2026-09-09 18:16:54,85
domain,www.re1ieftyoutput.com,threatfox,Unknown Stealer,"threatfox,clash-verge,DarkSword,Funnull,infostealer,iOS",2026-09-09 16:06:21,2026-09-09 18:16:54,85
domain,www.sahak.ch,threatfox,ClearFake,"threatfox,compromised,EtherHide",2026-09-09 16:06:21,2026-09-09 18:16:54,85
domain,www.stuf5-qqrange1.net,threatfox,Unknown Stealer,"threatfox,clash-verge,DarkSword,Funnull,infostealer,iOS",2026-09-09 16:06:21,2026-09-09 18:16:54,85
domain,www.uniqueroast29y.com,threatfox,Unknown Stealer,"threatfox,clash-verge,DarkSword,Funnull,infostealer,iOS",2026-09-09 16:06:21,2026-09-09 18:16:54,85
domain,www.vaporhill41yek.net,threatfox,Unknown Stealer,"threatfox,clash-verge,DarkSword,Funnull,infostealer,iOS",2026-09-09 16:06:21,2026-09-09 18:16:54,85
domain,www.wedding7famous16.app,threatfox,Unknown Stealer,"threatfox,clash-verge,DarkSword,Funnull,infostealer,iOS",2026-09-09 16:06:21,2026-09-09 18:16:54,85
domain,www.wesendit.com,threatfox,ClearFake,"threatfox,compromised,EtherHide",2026-09-09 16:06:21,2026-09-09 18:16:54,85
domain,xols-qojze.com,threatfox,ClearFake,threatfox,2026-09-09 16:06:21,2026-09-09 18:16:54,85
domain,yh4lk6ey.xenburn.ca,threatfox,ClearFake,"threatfox,ClearFake,mac-0x68dc,macos",2026-09-09 16:06:21,2026-09-09 18:16:54,85
domain,yi4ip7ew.everythingisephemere.com,threatfox,ClearFake,"threatfox,ClearFake,mac-0x76c7,macos",2026-09-09 16:06:21,2026-09-09 18:16:54,85
domain,ylonf88o.zen--sulin.com,threatfox,ClearFake,"threatfox,ClearFake,mac-0x0f14,macos",2026-09-09 16:06:21,2026-09-09 18:16:54,85
domain,zh87ptod.venoplus.us,threatfox,ClearFake,"threatfox,ClearFake,mac-0x68dc,macos",2026-09-09 16:06:21,2026-09-09 18:16:54,85
domain,zlf33nhy.ingoaccountabilitycharter.org,threatfox,ClearFake,"threatfox,ClearFake,mac-0x68dc,macos",2026-09-09 16:06:21,2026-09-09 18:16:54,85
hash_md5,006deb51f346e570c121c9d7c047386e,malwarebazaar,Vidar,"exe,Vidar",2026-09-09 16:00:12,2026-09-09 18:16:54,85
hash_md5,02d09618a143b9ff7359939008964319,malwarebazaar,Mirai,"elf,Mirai,upx-dec",2026-09-09 16:00:12,2026-09-09 18:16:54,85
hash_md5,0373fd99c0dc608d3b185d35810decfc,malwarebazaar,Mirai,Mirai,2026-09-09 16:00:12,2026-09-09 18:16:54,85
hash_md5,051ade16953e6344c0f9ef65633f869b,malwarebazaar,HijackLoader,"D,dropped-by-GCleaner,EU0.file,exe,HijackLoader",2026-09-09 16:00:12,2026-09-09 18:16:54,85
hash_md5,0659fdb6c977b558292b7c4ef3bdaccb,threatfox,VShell,threatfox,2026-09-09 16:06:21,2026-09-09 18:16:54,85
hash_md5,0abbce258de01fd607afd0ebc2a4c75e,malwarebazaar,Mirai,upx,2026-09-09 16:00:12,2026-09-09 18:16:54,85
hash_md5,0c84d1910572162eb89889bdf4a32f8e,malwarebazaar,Mirai,Mirai,2026-09-09 16:00:12,2026-09-09 18:16:54,85
hash_md5,0cec85d7bc4dfc8204f4fa238334bd20,malwarebazaar,sh,sh,2026-09-09 16:00:12,2026-09-09 18:16:54,85
hash_md5,0eb1ef31e03ccf41ae77b6e1d2b4d145,malwarebazaar,Mirai,"elf,Mirai",2026-09-09 16:00:12,2026-09-09 18:16:54,85
hash_md5,0f7006dce1d42c32bb94e97582a600ac,malwarebazaar,Mirai,Mirai,2026-09-09 16:00:12,2026-09-09 18:16:54,85
hash_md5,0fdd9cf02bd7896f5c2da15f6095200b,threatfox,Agent Tesla,threatfox,2026-09-09 16:06:21,2026-09-09 18:16:54,85
hash_md5,10e47a480fa3d9256b6c1b0853ec1748,malwarebazaar,Vidar,exe,2026-09-09 16:00:12,2026-09-09 18:16:54,85
hash_md5,1169db8281f34b505984e804ec379647,malwarebazaar,Mirai,Mirai,2026-09-09 16:00:12,2026-09-09 18:16:54,85
hash_md5,124f430aa2d2135d1f9f61f80ab46fd5,malwarebazaar,ConnectWise,"ConnectWise,msi,signed,whack.sh",2026-09-09 16:00:12,2026-09-09 18:16:54,85
hash_md5,1453f60f41fba3fbc5dcabd9e95d2ade,threatfox,Creal Stealer,threatfox,2026-09-09 16:06:21,2026-09-09 18:16:54,85
hash_md5,15b1626202423980370ab5789803ac75,threatfox,Vidar,threatfox,2026-09-09 16:06:21,2026-09-09 18:16:54,85
hash_md5,1626ff5d9a7d5cf98e7b38ff91f20ad5,malwarebazaar,Mirai,Mirai,2026-09-09 16:00:12,2026-09-09 18:16:54,85
hash_md5,163ca025bca064362a7052249cb09172,malwarebazaar,Mirai,"elf,Mirai,upx-dec",2026-09-09 16:00:12,2026-09-09 18:16:54,85
hash_md5,19ac024b149cf71f5d74a21a0dbe193f,threatfox,Vidar,threatfox,2026-09-09 16:06:21,2026-09-09 18:16:54,85
hash_md5,1bfc3da7a99e9e0116af534302dc4265,malwarebazaar,Mirai,"sh,wraith",2026-09-09 16:00:12,2026-09-09 18:16:54,85
hash_md5,1cfebf6fe71e77eee47ecd5cf4d66bdc,malwarebazaar,Mirai,Mirai,2026-09-09 16:00:12,2026-09-09 18:16:54,85
hash_md5,20493a905fee90e8241076ebe2bf1774,malwarebazaar,exe,"9d2ca3,dropped-by-Amadey,exe,signed",2026-09-09 16:00:12,2026-09-09 18:16:54,85
hash_md5,204c73ad4906de89e8aa58d641660e34,malwarebazaar,Mirai,Mirai,2026-09-09 16:00:12,2026-09-09 18:16:54,85
hash_md5,23d4082a8f33a1c5fa1aa718f55fc254,malwarebazaar,Mirai,upx,2026-09-09 16:00:12,2026-09-09 18:16:54,85
hash_md5,242b9e285b2165d2a8d6beaa3cb14773,malwarebazaar,exe,exe,2026-09-09 16:00:12,2026-09-09 18:16:54,85
hash_md5,25428edf5bd032f05d4e41182452c2f8,threatfox,Vidar,threatfox,2026-09-09 16:06:21,2026-09-09 18:16:54,85
hash_md5,2542a2f44ae1613766b3573cff8a6148,malwarebazaar,Vidar,exe,2026-09-09 16:00:12,2026-09-09 18:16:54,85
hash_md5,26656db0e80ac987410750f3a81b31cc,threatfox,Venus Stealer,threatfox,2026-09-09 16:06:21,2026-09-09 18:16:54,85
hash_md5,29b54be8f29c3ca2f7cd93b1f1226e25,malwarebazaar,elf,"elf,upx-dec",2026-09-09 16:00:12,2026-09-09 18:16:54,85
hash_md5,29c70803a5c63b5f8807d1f64503c474,malwarebazaar,sh,sh,2026-09-09 16:00:12,2026-09-09 18:16:54,85
hash_md5,29d77b81541b205302afc63299e2ba14,malwarebazaar,Mirai,"elf,Mirai,upx-dec",2026-09-09 16:00:12,2026-09-09 18:16:54,85
hash_md5,2bb156a17004f7a0b110f33cfb1cbd11,malwarebazaar,Mirai,"elf,Mirai",2026-09-09 16:00:12,2026-09-09 18:16:54,85
hash_md5,2e4766b77ff931c8d21595ea06ee24b4,malwarebazaar,Mirai,Mirai,2026-09-09 16:00:12,2026-09-09 18:16:54,85
hash_md5,2f560d08db55718bdf27ea3310900d30,malwarebazaar,Mirai,"elf,Mirai,upx-dec",2026-09-09 16:00:12,2026-09-09 18:16:54,85
hash_md5,3227194e4eb8754b59942d2efc58f8b5,threatfox,Vidar,threatfox,2026-09-09 16:06:21,2026-09-09 18:16:54,85
hash_md5,356ba4d5aa0f3ba3e55bc33e85707772,malwarebazaar,Mirai,Mirai,2026-09-09 16:00:12,2026-09-09 18:16:54,85
hash_md5,388005b291f40278c449ad0a79eb5cb1,malwarebazaar,Vidar,exe,2026-09-09 16:00:12,2026-09-09 18:16:54,85
hash_md5,38f0a29ecfda3d742e2b3162438ae33c,malwarebazaar,Mirai,"elf,Mirai",2026-09-09 16:00:12,2026-09-09 18:16:54,85
hash_md5,394a8bef1985a9643e98caf17c9a8ad5,malwarebazaar,Mirai,"elf,Mirai,upx",2026-09-09 16:00:12,2026-09-09 18:16:54,85
hash_md5,3b3e85be5e0c92c5c972f881a8fafa13,malwarebazaar,lnk,lnk,2026-09-09 16:00:12,2026-09-09 18:16:54,85
hash_md5,3d6a47340a19ca993c7c9711daf9e13b,malwarebazaar,Mirai,Mirai,2026-09-09 16:00:12,2026-09-09 18:16:54,85
hash_md5,406ae8d6dd86e5f0c4ebdc05ded16852,threatfox,TinyMet,threatfox,2026-09-09 16:06:21,2026-09-09 18:16:54,85
hash_md5,419c47056c5a8126efb1e383dcd8a88f,malwarebazaar,Mirai,upx,2026-09-09 16:00:12,2026-09-09 18:16:54,85
hash_md5,41f9c71bc3f8fb23d9a37de376f36724,malwarebazaar,Mirai,"elf,Mirai",2026-09-09 16:00:12,2026-09-09 18:16:54,85
hash_md5,43204532faadc7a8bb9f2773942ea019,malwarebazaar,Mirai,upx,2026-09-09 16:00:12,2026-09-09 18:16:54,85
hash_md5,4d82a23ad21aa6e6598309ef851209cc,malwarebazaar,Mirai,"elf,Mirai,upx-dec",2026-09-09 16:00:12,2026-09-09 18:16:54,85
hash_md5,4df7373313d56103951cd7607189a3c8,threatfox,MASS Logger,threatfox,2026-09-09 16:06:21,2026-09-09 18:16:54,85
hash_md5,4e3b4ea6ebfac4d5c08138915be97cf2,malwarebazaar,unknown,unknown,2026-09-09 16:00:12,2026-09-09 18:16:54,85
hash_md5,4f7696041157fd237f1193712d5f98e6,malwarebazaar,Vidar,exe,2026-09-09 16:00:12,2026-09-09 18:16:54,85
hash_md5,5159cc6e007d057a3981ea50d1cac5fe,malwarebazaar,Mirai,"elf,Mirai",2026-09-09 16:00:12,2026-09-09 18:16:54,85
hash_md5,6243d65146bdedb214751d9e4fb4e550,malwarebazaar,Mirai,"elf,Gafgyt,Mirai,upx",2026-09-09 16:00:12,2026-09-09 18:16:54,85
hash_md5,6311d6c827d5e1d932b6991380204f63,malwarebazaar,macho,"AMOS,ClickFix,macho,macOS,packed,stealer",2026-09-09 16:00:12,2026-09-09 18:16:54,85
hash_md5,631d2e877bd04555ffe85afc7ab8dc61,malwarebazaar,Gafgyt,"elf,Gafgyt",2026-09-09 16:00:12,2026-09-09 18:16:54,85
hash_md5,6481808b9d76ed00cfc720992414fd2a,malwarebazaar,Mirai,Mirai,2026-09-09 16:00:12,2026-09-09 18:16:54,85
hash_md5,671fc39f23edab894e79cb70a4408558,malwarebazaar,Mirai,"elf,Mirai,upx",2026-09-09 16:00:12,2026-09-09 18:16:54,85
hash_md5,6868e0aa0a88e7eed8c516b2969f68b1,malwarebazaar,Mirai,"elf,Mirai,upx",2026-09-09 16:00:12,2026-09-09 18:16:54,85
hash_md5,68e5680a7b42b56b63217bd4136cf4ee,malwarebazaar,unknown,unknown,2026-09-09 16:00:12,2026-09-09 18:16:54,85
hash_md5,6da3a08fec1709ae90963cd2d83419b3,malwarebazaar,sh,sh,2026-09-09 16:00:12,2026-09-09 18:16:54,85
hash_md5,71bc381d18b144adc94f4514af558e90,malwarebazaar,unknown,unknown,2026-09-09 16:00:12,2026-09-09 18:16:54,85
hash_md5,7578e3b76270a807cd850e0aba0d026f,malwarebazaar,exe,exe,2026-09-09 16:00:12,2026-09-09 18:16:54,85
hash_md5,76b7160542233733eefbee1dbaa88e53,malwarebazaar,Mirai,"elf,Mirai",2026-09-09 16:00:12,2026-09-09 18:16:54,85
hash_md5,780a756241ff8c370a2a8b6336bed3e4,malwarebazaar,exe,"dropped-by-GCleaner,exe,F,MIX1.file,signed",2026-09-09 16:00:12,2026-09-09 18:16:54,85
hash_md5,78656a9b1ffae68fa53e8bbcb00bf586,malwarebazaar,Vidar,exe,2026-09-09 16:00:12,2026-09-09 18:16:54,85
hash_md5,7c89b5536dee68bb84a9a780f4e75a1e,malwarebazaar,Vidar,exe,2026-09-09 16:00:12,2026-09-09 18:16:54,85
hash_md5,7df4d0a1739799b2e8072ee5c58eb2a9,malwarebazaar,Mirai,Mirai,2026-09-09 16:00:12,2026-09-09 18:16:54,85
hash_md5,7ea54019289429d8c7aaa18ea1d85fc8,threatfox,Creal Stealer,threatfox,2026-09-09 16:06:21,2026-09-09 18:16:54,85
hash_md5,7eb714c71553c344181454e7c729168f,malwarebazaar,Vidar,exe,2026-09-09 16:00:12,2026-09-09 18:16:54,85
hash_md5,810fd097c97836a684e03f8dc09dddec,malwarebazaar,Mirai,"Mirai,sh",2026-09-09 16:00:12,2026-09-09 18:16:54,85
hash_md5,8271b22412f868205518a009c9f50dc7,malwarebazaar,Mirai,Mirai,2026-09-09 16:00:12,2026-09-09 18:16:54,85
hash_md5,831cb3f72fc54a8de96dac5bc128339d,threatfox,Vidar,threatfox,2026-09-09 16:06:21,2026-09-09 18:16:54,85
hash_md5,83953ecbd48bdba53de027689a15e717,malwarebazaar,js,js,2026-09-09 16:00:12,2026-09-09 18:16:54,85
hash_md5,86ae320f05a48109e6897dd4910d34ff,threatfox,Vidar,threatfox,2026-09-09 16:06:21,2026-09-09 18:16:54,85
hash_md5,87ba5c4edaf7ee19cf001db127c7fe07,malwarebazaar,scpt,"AMOS,AppleScript,ClickFix,macOS,run-only,scpt,stealer",2026-09-09 16:00:12,2026-09-09 18:16:54,85
hash_md5,8a64780289cf2908861ba97b29b0ef0d,threatfox,Vidar,threatfox,2026-09-09 16:06:21,2026-09-09 18:16:54,85
hash_md5,8a6f6e93614b799efd9dff420ebd2629,malwarebazaar,Gafgyt,"elf,Gafgyt",2026-09-09 16:00:12,2026-09-09 18:16:54,85
hash_md5,8b0896108c33d24d73149160177b9eb1,malwarebazaar,Mirai,upx,2026-09-09 16:00:12,2026-09-09 18:16:54,85
hash_md5,8c4d7ed009779fc9851697352b773492,malwarebazaar,Gafgyt,"elf,Gafgyt",2026-09-09 16:00:12,2026-09-09 18:16:54,85
hash_md5,8e890fe393a7a6d5e6466ecb771b09b1,malwarebazaar,Mirai,Mirai,2026-09-09 16:00:12,2026-09-09 18:16:54,85
hash_md5,8e98fc6b0f9d919b0fdf56db0fffa2bd,malwarebazaar,Mirai,"elf,Mirai,upx-dec",2026-09-09 16:00:12,2026-09-09 18:16:54,85
hash_md5,8ed00f2ca31cbc1721bc23faff884f44,malwarebazaar,Mirai,upx,2026-09-09 16:00:12,2026-09-09 18:16:54,85
hash_md5,95eef5a9dbd5c7ca93e006d41e22a67a,malwarebazaar,Mirai,"elf,Mirai,upx-dec",2026-09-09 16:00:12,2026-09-09 18:16:54,85
hash_md5,97122cd71482e9ffc3cb8e8264327604,malwarebazaar,Gafgyt,"elf,Gafgyt",2026-09-09 16:00:12,2026-09-09 18:16:54,85
hash_md5,98dd492db7f71df05568ccb8e65bcf47,malwarebazaar,bat,bat,2026-09-09 16:00:12,2026-09-09 18:16:54,85
hash_md5,998657bed1b4eed2f0b5ae70c7e8e3e8,threatfox,Creal Stealer,threatfox,2026-09-09 16:06:21,2026-09-09 18:16:54,85
hash_md5,9ad35c1887ab60c55f5a5db82c58fc4c,malwarebazaar,Vidar,exe,2026-09-09 16:00:12,2026-09-09 18:16:54,85
hash_md5,9bbf0566a004678be726f28d0f95f74b,malwarebazaar,exe,"ClickFix,exe",2026-09-09 16:00:12,2026-09-09 18:16:54,85
hash_md5,9ff2d3f743cace6c3b1191272973f760,malwarebazaar,Mirai,Mirai,2026-09-09 16:00:12,2026-09-09 18:16:54,85
hash_md5,a411cd1e1c34af21b4bd3f509ea95864,malwarebazaar,exe,exe,2026-09-09 16:00:12,2026-09-09 18:16:54,85
hash_md5,a634ad632370f65ca5d000c1fb6041c9,malwarebazaar,Mirai,Mirai,2026-09-09 16:00:12,2026-09-09 18:16:54,85
hash_md5,a8600fe6786c4a1a45c1f875555efb13,threatfox,VShell,threatfox,2026-09-09 16:06:21,2026-09-09 18:16:54,85
hash_md5,ac82c2e7445caa2ec5cd595292a7b939,malwarebazaar,Mirai,"elf,Mirai,upx-dec",2026-09-09 16:00:12,2026-09-09 18:16:54,85
hash_md5,afd3306af0168902d350d1ab2a139ab5,malwarebazaar,lnk,lnk,2026-09-09 16:00:12,2026-09-09 18:16:54,85
hash_md5,b0a547d9da2bab40f70fc3d5af66d9bb,malwarebazaar,Mirai,"elf,Mirai,upx-dec",2026-09-09 16:00:12,2026-09-09 18:16:54,85
hash_md5,b373a8b5ab0fac7e60d21d82c98bf8d1,malwarebazaar,Mirai,Mirai,2026-09-09 16:00:12,2026-09-09 18:16:54,85
hash_md5,bae9c85a276ed199b95d92b5bd765665,malwarebazaar,Mirai,Mirai,2026-09-09 16:00:12,2026-09-09 18:16:54,85
hash_md5,bf68a2c7671b38eca58e3fc5e13a8a20,threatfox,Vidar,threatfox,2026-09-09 16:06:21,2026-09-09 18:16:54,85
hash_md5,bfd0de4ccb92155b6f307a19448c191f,malwarebazaar,zsh,"AMOS,ClickFix,loader,macOS,zsh",2026-09-09 16:00:12,2026-09-09 18:16:54,85
hash_md5,c062704203b38a7c4d6e21cd44082d86,malwarebazaar,macho,"AMOS,ClickFix,macho,macOS,packed,stealer",2026-09-09 16:00:12,2026-09-09 18:16:54,85
hash_md5,c0c98e47e42843a708d631779550113e,malwarebazaar,Mirai,"Mirai,upx",2026-09-09 16:00:12,2026-09-09 18:16:54,85
hash_md5,c0d9bab119f3a3dc074159980b03438f,malwarebazaar,Mirai,Mirai,2026-09-09 16:00:12,2026-09-09 18:16:54,85
hash_md5,c5c2ae23fa34d045d6a887f9b3977eab,malwarebazaar,lnk,lnk,2026-09-09 16:00:12,2026-09-09 18:16:54,85
hash_md5,c6a73aade34fe97642ae68178c0a0140,malwarebazaar,Mirai,Mirai,2026-09-09 16:00:12,2026-09-09 18:16:54,85
hash_md5,c785fdcd9c8c02b28a26c83891742aa7,malwarebazaar,Mirai,Mirai,2026-09-09 16:00:12,2026-09-09 18:16:54,85
hash_md5,c891fb774a4931a98397091cbc2152b9,malwarebazaar,Mirai,"elf,Mirai,upx-dec",2026-09-09 16:00:12,2026-09-09 18:16:54,85
hash_md5,c9505328185912a8b644745cf9d43f75,malwarebazaar,Mirai,"elf,Mirai",2026-09-09 16:00:12,2026-09-09 18:16:54,85
hash_md5,cab61b14f4d3a56457a6f9bd56c01dc7,malwarebazaar,Mirai,Mirai,2026-09-09 16:00:12,2026-09-09 18:16:54,85
hash_md5,cb3a99e974ef6a20aa2b7c621ed40918,malwarebazaar,sh,sh,2026-09-09 16:00:12,2026-09-09 18:16:54,85
hash_md5,d0f1090bf153ef804624da532f9350ef,malwarebazaar,Mirai,"Mirai,upx",2026-09-09 16:00:12,2026-09-09 18:16:54,85
hash_md5,d540304ab251eef6d8ba6aee49a7f540,malwarebazaar,Mirai,"elf,Mirai,upx-dec",2026-09-09 16:00:12,2026-09-09 18:16:54,85
hash_md5,d8d813b2a83b73071a8b5297813eef4b,malwarebazaar,Mirai,upx,2026-09-09 16:00:12,2026-09-09 18:16:54,85
hash_md5,da1de43dcedf61dfacc3e4f302dc8266,malwarebazaar,Vidar,exe,2026-09-09 16:00:12,2026-09-09 18:16:54,85
hash_md5,db30c45a572340a275105fde29235024,malwarebazaar,exe,"exe,signed,whack.sh",2026-09-09 16:00:12,2026-09-09 18:16:54,85
hash_md5,db8e81f3619095b2305d3ae049c58a1e,malwarebazaar,Mirai,upx,2026-09-09 16:00:12,2026-09-09 18:16:54,85
hash_md5,df00636dc2f2cb48a08c19b43aad554f,threatfox,VShell,threatfox,2026-09-09 16:06:21,2026-09-09 18:16:54,85
hash_md5,df1640d494a9dbcd7baf2f46c47d9cec,malwarebazaar,Mirai,"elf,Mirai",2026-09-09 16:00:12,2026-09-09 18:16:54,85
hash_md5,e1a6a48a556b04b7331f6ecb9b5d5d05,malwarebazaar,lnk,lnk,2026-09-09 16:00:12,2026-09-09 18:16:54,85
hash_md5,e38de3e605faa0200bf4ba9ed27c2eec,malwarebazaar,Mirai,Mirai,2026-09-09 16:00:12,2026-09-09 18:16:54,85
hash_md5,e415488e8c1c044eb6d9028c254d0924,malwarebazaar,Mirai,Mirai,2026-09-09 16:00:12,2026-09-09 18:16:54,85
hash_md5,e7063eb1cdbb208ebe9e2eb7a3fb3b45,malwarebazaar,Gafgyt,"elf,Gafgyt",2026-09-09 16:00:12,2026-09-09 18:16:54,85
hash_md5,e800a5e91c4bf99ebceda2ca35d4b121,malwarebazaar,Mirai,Mirai,2026-09-09 16:00:12,2026-09-09 18:16:54,85
hash_md5,e87020abece6f17a4284acac0d56eda4,malwarebazaar,Mirai,"elf,Mirai,upx-dec",2026-09-09 16:00:12,2026-09-09 18:16:54,85
hash_md5,e96e28b3824abf6496fd0971b3ba7459,malwarebazaar,exe,"exe,whack.sh",2026-09-09 16:00:12,2026-09-09 18:16:54,85
hash_md5,f00e97dd800881e7d9e79cd3a0e47a9f,malwarebazaar,Mirai,Mirai,2026-09-09 16:00:12,2026-09-09 18:16:54,85
hash_md5,f0651d9d4173b8291f9824b128292971,malwarebazaar,Mirai,"elf,Mirai,upx-dec",2026-09-09 16:00:12,2026-09-09 18:16:54,85
hash_md5,f1298c419eaedee451aa5ce3128838a8,malwarebazaar,Mirai,Mirai,2026-09-09 16:00:12,2026-09-09 18:16:54,85
hash_md5,f55b7da2a5b235d57be1cece583e0871,malwarebazaar,Mirai,Mirai,2026-09-09 16:00:12,2026-09-09 18:16:54,85
hash_md5,f69d0effd48daa67bf656c59c560706f,malwarebazaar,Mirai,"elf,Mirai",2026-09-09 16:00:12,2026-09-09 18:16:54,85
hash_md5,f7d4ee8470d8bf011e1e76d5497238ff,malwarebazaar,Mirai,"elf,Mirai,upx-dec",2026-09-09 16:00:12,2026-09-09 18:16:54,85
hash_md5,f7f7be1acc4d25dcf2e76e895038514b,malwarebazaar,Mirai,upx,2026-09-09 16:00:12,2026-09-09 18:16:54,85
hash_md5,f87bfb0d1f66e0505fe9a6f4c0cce705,malwarebazaar,Gafgyt,"elf,Gafgyt",2026-09-09 16:00:12,2026-09-09 18:16:54,85
hash_md5,f98fdb3e6de0b62a33529658c6acf43e,malwarebazaar,Mirai,Mirai,2026-09-09 16:00:12,2026-09-09 18:16:54,85
hash_sha256,01f088986fee84c670c43f81e81a90e638c27ee07fe33142a755290c9b22ad52,malwarebazaar,Mirai,Mirai,2026-09-09 16:00:12,2026-09-09 18:16:54,85
hash_sha256,0360d6515be904484ca730558536335d69fb05e667e08a5ceab2c7ee7839943c,malwarebazaar,Mirai,"elf,Mirai",2026-09-09 16:00:12,2026-09-09 18:16:54,85
hash_sha256,04206a0fc6e8483297e1f4c32e33838a49ab98ccf5282f5e19d3f8e0e6ce2d54,malwarebazaar,exe,"exe,signed,whack.sh",2026-09-09 16:00:12,2026-09-09 18:16:54,85
hash_sha256,066f74af1398ed730c07f281018946359d16d6e8eccd6c99d9ec7e606d55005a,threatfox,Vidar,threatfox,2026-09-09 16:06:21,2026-09-09 18:16:54,85
hash_sha256,087f195491afe6a74d389c34bc945156d75099a9b03dd2ba98e0929ec48239bd,malwarebazaar,Mirai,Mirai,2026-09-09 16:00:12,2026-09-09 18:16:54,85
hash_sha256,0a05cbd40204ac1f50f0e00344edaa7c1f7920eec8ec773db759710c6f759d1e,malwarebazaar,Mirai,upx,2026-09-09 16:00:12,2026-09-09 18:16:54,85
hash_sha256,0c6edb79b5d6cebf85df95036949be190e300ffa93d50da19a1f7d046ab9ba47,malwarebazaar,exe,"9d2ca3,dropped-by-Amadey,exe,signed",2026-09-09 16:00:12,2026-09-09 18:16:54,85
hash_sha256,0cb396c099dbe4be7ec069c781e12543d6b9aa9ea1feae6d6416c9584c30df2f,malwarebazaar,Mirai,"elf,Mirai,upx-dec",2026-09-09 16:00:12,2026-09-09 18:16:54,85
hash_sha256,0d1aab5e2557315556d1a50f58f538e8bc0911e9f0dcbd8c33e9b20841caa369,threatfox,VShell,threatfox,2026-09-09 16:06:21,2026-09-09 18:16:54,85
hash_sha256,0d2bdd3fdaff165c48f5f1d17b6037b7333e2893dfa09166d74610a128da3253,malwarebazaar,Vidar,exe,2026-09-09 16:00:12,2026-09-09 18:16:54,85
hash_sha256,10d62fda2484e10c7470d17dab025efcd1d772a08d26e6403fe15ba4c5b42c18,malwarebazaar,Mirai,Mirai,2026-09-09 16:00:12,2026-09-09 18:16:54,85
hash_sha256,178f533ef8e1a2515dc4bb1f3ba6a8ee13ca02184475fbfce38137025afe4dc1,malwarebazaar,Mirai,"elf,Mirai",2026-09-09 16:00:12,2026-09-09 18:16:54,85
hash_sha256,1819827e17f31e72d456158b6b9c90af25a65945f6f05d04a060da9f24179b25,threatfox,Amatera,threatfox,2026-09-09 16:06:21,2026-09-09 18:16:54,85
hash_sha256,19b8116e5264e6f2f1c6b22fe224367e790dd930656df1c66b321f7db046aba5,malwarebazaar,Mirai,"elf,Mirai",2026-09-09 16:00:12,2026-09-09 18:16:54,85
hash_sha256,1ccf31b1dde2c944bec6238ff60a4eb5f28df74b11814706bcaddaa4162c0c05,malwarebazaar,Gafgyt,"elf,Gafgyt",2026-09-09 16:00:12,2026-09-09 18:16:54,85
hash_sha256,2008e5ce388cfa523fb4d08ff97bbf79582a15fee8aedd5bfc0d3c1855bcd0ae,malwarebazaar,Mirai,Mirai,2026-09-09 16:00:12,2026-09-09 18:16:54,85
hash_sha256,20fb8f8e7f9540669206d04bd8bfc1d215c2b8c76cc782c2b5d167ae9e3e3a5d,malwarebazaar,sh,sh,2026-09-09 16:00:12,2026-09-09 18:16:54,85
hash_sha256,212d88703d10b5452ebdd09f6a44bca33051069892d51f465b7f5d9f7901a29d,malwarebazaar,Vidar,exe,2026-09-09 16:00:12,2026-09-09 18:16:54,85
hash_sha256,21349e975cfb3a88f4fd2e40ddc1f126a83b825b9b80b70b3d2e24161e80d72e,malwarebazaar,exe,exe,2026-09-09 16:00:12,2026-09-09 18:16:54,85
hash_sha256,24346331b1a364201e055a2fbebf7ede9fc0891785e0c96df4f5bf6e2b2c91e8,malwarebazaar,Mirai,"elf,Mirai,upx",2026-09-09 16:00:12,2026-09-09 18:16:54,85
hash_sha256,267bf93bbe30fd1fa80cefb56f578b140361596cf23bca12c37ecf6d56b8b26a,malwarebazaar,Mirai,"elf,Mirai,upx",2026-09-09 16:00:12,2026-09-09 18:16:54,85
hash_sha256,26817725650583d99ca3e617a618dd75c0f71bd316b5761780b7361f5f824cad,malwarebazaar,exe,"exe,whack.sh",2026-09-09 16:00:12,2026-09-09 18:16:54,85
hash_sha256,279d04c0cfd700c8bcb9acbed528131d3ffef8e25d12713e8649772739aecb92,threatfox,Amatera,threatfox,2026-09-09 16:06:21,2026-09-09 18:16:54,85
hash_sha256,27f06ccfdd754fd76036ab1714bd8ff9eb1e4845d2825df3c3c4efbd238f5f34,malwarebazaar,Vidar,exe,2026-09-09 16:00:12,2026-09-09 18:16:54,85
hash_sha256,27feafc31ae04e5e2ca5adbafc945e860572779e014b570da3fbcd0bff9190dd,malwarebazaar,exe,exe,2026-09-09 16:00:12,2026-09-09 18:16:54,85
hash_sha256,284de7588b894176a57d660504c0fa44bbfe7d461698b72dd0e10e534e3f071a,malwarebazaar,Mirai,"elf,Mirai,upx-dec",2026-09-09 16:00:12,2026-09-09 18:16:54,85
hash_sha256,2e048ef68915e4c777ce0ea7a5a17ef349a52036af6c3092aac5334d5fbdabc9,malwarebazaar,Mirai,"Mirai,upx",2026-09-09 16:00:12,2026-09-09 18:16:54,85
hash_sha256,301feb336c07f451bf16b05a068680a6961702e77e5b270af300fa029e89e8fd,malwarebazaar,ConnectWise,"ConnectWise,msi,signed,whack.sh",2026-09-09 16:00:12,2026-09-09 18:16:54,85
hash_sha256,30cf1ad9d85803d4f7673877efb5172ac48c8cb38df123e9750717836fd8f0f3,malwarebazaar,Mirai,upx,2026-09-09 16:00:12,2026-09-09 18:16:54,85
hash_sha256,37582ccc7d3f6a07b72ffc8b0968bf2296896f14079359df8096666df3deb42d,malwarebazaar,Mirai,Mirai,2026-09-09 16:00:12,2026-09-09 18:16:54,85
hash_sha256,3a0e3316ee14f687b4a117a3ce4957f439d7a2eec69e8c3af564feec6133fd6b,malwarebazaar,Mirai,Mirai,2026-09-09 16:00:12,2026-09-09 18:16:54,85
hash_sha256,3a57b4fc28a66238c3092af3f3af17cb4df70bb96ba98b6db968e0dc2ad42997,malwarebazaar,Mirai,"elf,Mirai,upx-dec",2026-09-09 16:00:12,2026-09-09 18:16:54,85
hash_sha256,3d3d00bfe41a79f5b8dc4896a115f8a57f9725b33f771edf0f5c69d813edd5af,threatfox,Creal Stealer,threatfox,2026-09-09 16:06:21,2026-09-09 18:16:54,85
hash_sha256,3f5c64d9d9ff47c116fe1ea7d62a1924486e7ddde80f8c27ff3edbd046129ccd,malwarebazaar,Vidar,exe,2026-09-09 16:00:12,2026-09-09 18:16:54,85
hash_sha256,43292b1afa0c4d13ce8d39c83ee946695995fbb153b5a801675d4d32b1a6290d,malwarebazaar,Mirai,"elf,Mirai,upx-dec",2026-09-09 16:00:12,2026-09-09 18:16:54,85
hash_sha256,4548c315abf0e20c36093a0271a2ca875b4716a0d279f8d171e8194eb8bdc3e7,malwarebazaar,Vidar,exe,2026-09-09 16:00:12,2026-09-09 18:16:54,85
hash_sha256,46a2508f313035fddc84a9c18eeb8b6d20d8fa385d8f7d13b5072a8753301af6,threatfox,Creal Stealer,threatfox,2026-09-09 16:06:21,2026-09-09 18:16:54,85
hash_sha256,478c582b194638abe04b0ea024a4a47b303d1e248659a49f05556de3b8d14c13,malwarebazaar,lnk,lnk,2026-09-09 16:00:12,2026-09-09 18:16:54,85
hash_sha256,484e8af8a322b4f17a30c91a0c239d1b401484f664b9397f319f3e6bb610804c,malwarebazaar,Vidar,exe,2026-09-09 16:00:12,2026-09-09 18:16:54,85
hash_sha256,48d49c97a98916c05b8a0f1dc253ef0b6699215b1f3eb384bc33a576fad0f968,malwarebazaar,Mirai,"elf,Mirai,upx-dec",2026-09-09 16:00:12,2026-09-09 18:16:54,85
hash_sha256,4903c40fbdb96cf39f35ed592a886a39d230564b26dd80aef3fa6c58bc501551,malwarebazaar,macho,"AMOS,ClickFix,macho,macOS,packed,stealer",2026-09-09 16:00:12,2026-09-09 18:16:54,85
hash_sha256,4bc118f6f176190859b82dbb718b3e4df3658ee3af44b36663e5977b38eb4302,malwarebazaar,Gafgyt,"elf,Gafgyt",2026-09-09 16:00:12,2026-09-09 18:16:54,85
hash_sha256,4e0618541b8213d6b93fbe491d53094242da39f1a3d8fb6edc9687af13b4de60,malwarebazaar,Mirai,"sh,wraith",2026-09-09 16:00:12,2026-09-09 18:16:54,85
hash_sha256,4eaedddd70557d9f54867d6552b78b395f65449c0e7a6d66c6822a88825d6d8d,threatfox,Venus Stealer,threatfox,2026-09-09 16:06:21,2026-09-09 18:16:54,85
hash_sha256,50870e9c32f31ead4505cfa3ad61f797b5a8d0a85b511c7e1a3810b7476a55c9,threatfox,Agent Tesla,threatfox,2026-09-09 16:06:21,2026-09-09 18:16:54,85
hash_sha256,538dca6263662f71a70ee9a2663e3f782ef75d6394b66aacd20cefd7df9b1253,malwarebazaar,Mirai,Mirai,2026-09-09 16:00:12,2026-09-09 18:16:54,85
hash_sha256,53eae9792b8e31b1e81e2c7311ca06db055890ea0b941c906773b73d58ba1d69,malwarebazaar,Mirai,upx,2026-09-09 16:00:12,2026-09-09 18:16:54,85
hash_sha256,546a563633d9bed5215d3470edadd78744e20f8d046e5639e8841f9215db1d56,malwarebazaar,Mirai,"elf,Mirai,upx-dec",2026-09-09 16:00:12,2026-09-09 18:16:54,85
hash_sha256,569755ec01742f3c064d6034b5da96fed01fb9a565051ea9d62723ca9c93381f,malwarebazaar,Mirai,Mirai,2026-09-09 16:00:12,2026-09-09 18:16:54,85
hash_sha256,599ad6b0fb843853cda30b374bd9fa55aed341811568369e0f74aa0f68af06be,malwarebazaar,Mirai,Mirai,2026-09-09 16:00:12,2026-09-09 18:16:54,85
hash_sha256,59a4e0dd443863cf01c5ac8233f490cf08d11a68a7c08eb394f4d9afb676e4a4,malwarebazaar,Mirai,Mirai,2026-09-09 16:00:12,2026-09-09 18:16:54,85
hash_sha256,5a4f07223827e3435b361446dd219407a5f92b55e31d7053efa58846b602c460,malwarebazaar,Mirai,Mirai,2026-09-09 16:00:12,2026-09-09 18:16:54,85
hash_sha256,5acb5e67042c7f98e8141833a6f6fb057b7233c8b5491d255c8428952ad668e1,malwarebazaar,Vidar,exe,2026-09-09 16:00:12,2026-09-09 18:16:54,85
hash_sha256,5fb0d79180a94586728efefa7f2c5bfff3fbf8428febc0054829ed737db20f83,threatfox,TinyMet,threatfox,2026-09-09 16:06:21,2026-09-09 18:16:54,85
hash_sha256,626efbafaf083cfaa164085a3a3f3e691415ce94d37166a6f396d4713c23f61f,malwarebazaar,Mirai,"elf,Mirai",2026-09-09 16:00:12,2026-09-09 18:16:54,85
hash_sha256,643ef35536ff9273fb84b8504467b1a5645cd3ffd5476d64b99244b02131b205,threatfox,Amatera,threatfox,2026-09-09 16:06:21,2026-09-09 18:16:54,85
hash_sha256,64ffcbbf729b284fd56786049c98fc0b611bd3cc8bd975518bfcd2a40e723a9e,malwarebazaar,unknown,unknown,2026-09-09 16:00:12,2026-09-09 18:16:54,85
hash_sha256,652f9eee319df03afbf2ec9a8ed7348d731748a7e6063940609c027501ede548,malwarebazaar,Gafgyt,"elf,Gafgyt",2026-09-09 16:00:12,2026-09-09 18:16:54,85
hash_sha256,65adad3a57dcf5e80ceed05056f178938a9b0a14323db2e49b9d38091ff18431,threatfox,Vidar,threatfox,2026-09-09 16:06:21,2026-09-09 18:16:54,85
hash_sha256,67e470c905677bda1427385bb0395c58ad226ab29ead64e439a8d1c1e9d1172e,malwarebazaar,Mirai,Mirai,2026-09-09 16:00:12,2026-09-09 18:16:54,85
hash_sha256,687cf34c468538cd82daadd824be3fe692eece454eaecda0e65bda233ff329cf,malwarebazaar,Mirai,Mirai,2026-09-09 16:00:12,2026-09-09 18:16:54,85
hash_sha256,69dd3b30fa5f84cafef0e09719de25bacecae56820f03362b8da7e313313d27b,malwarebazaar,Mirai,Mirai,2026-09-09 16:00:12,2026-09-09 18:16:54,85
hash_sha256,6eb00b2544c679e6d6664d150791b938bb62f096a02376dc911384d5bd058802,malwarebazaar,Mirai,Mirai,2026-09-09 16:00:12,2026-09-09 18:16:54,85
hash_sha256,6eb93071b960088e2c2a440519fe57f0e19c9c6504f9a5437a42e27aa23e5f57,malwarebazaar,Mirai,Mirai,2026-09-09 16:00:12,2026-09-09 18:16:54,85
hash_sha256,70077e5e31e5ecf2a983448f2cf7e9e64a19a621e4344d183a271c2e10f69118,malwarebazaar,Vidar,"exe,Vidar",2026-09-09 16:00:12,2026-09-09 18:16:54,85
hash_sha256,72b15af6689fe693027280854bc9a70f0000d8d63a7c6ab9865697e462e9e8ae,malwarebazaar,Mirai,Mirai,2026-09-09 16:00:12,2026-09-09 18:16:54,85
hash_sha256,7399a143e02055d2757f8d4e0aaf1372ed0a38b0b75709fcf2880ccb7036f0bf,malwarebazaar,Mirai,"elf,Mirai,upx-dec",2026-09-09 16:00:12,2026-09-09 18:16:54,85
hash_sha256,753a84b4dbea8e8465de3aefc89b008f96c1d6a25215e8af5bef7676d298505b,threatfox,Vidar,threatfox,2026-09-09 16:06:21,2026-09-09 18:16:54,85
hash_sha256,7553a8f2b37d9c0e72e2ecbdf1c874136fb8d7ef37389f5f6df88057fb01d8d4,malwarebazaar,exe,exe,2026-09-09 16:00:12,2026-09-09 18:16:54,85
hash_sha256,75a19cca128ed3175631efe8b5dd5e344534de9b945a6f47175afd71d6b65ffc,malwarebazaar,Mirai,Mirai,2026-09-09 16:00:12,2026-09-09 18:16:54,85
hash_sha256,762b709a8230032e93d73ce43761d71d24c6d3dbc35763dfd342d07cb4ee90c3,malwarebazaar,Gafgyt,"elf,Gafgyt",2026-09-09 16:00:12,2026-09-09 18:16:54,85
hash_sha256,78073e3c5b53cdf1c1157ab200b0a3685b9f1b50bffe36c91d6cba1ce22e5c50,malwarebazaar,Vidar,exe,2026-09-09 16:00:12,2026-09-09 18:16:54,85
hash_sha256,78aba74a86285dfaa346eb470028b3af5cd5ad04de138e008a7d51b98927f0ee,malwarebazaar,sh,sh,2026-09-09 16:00:12,2026-09-09 18:16:54,85
hash_sha256,85afddfcc394f54d51d562c51959ade8f7a53d09cf3539300ae0ec2b444d7c54,malwarebazaar,Mirai,"Mirai,sh",2026-09-09 16:00:12,2026-09-09 18:16:54,85
hash_sha256,85c3e92be13ccf5b08f2387dbe25b892cf8e31081da2e4b5269104bf796ddbf3,malwarebazaar,Mirai,"elf,Mirai,upx-dec",2026-09-09 16:00:12,2026-09-09 18:16:54,85
hash_sha256,87eac864eda1676ddfb138a01d0256e8a24f0d577ed7f64e072737d5137c49c9,malwarebazaar,exe,"dropped-by-GCleaner,exe,F,MIX1.file,signed",2026-09-09 16:00:12,2026-09-09 18:16:54,85
hash_sha256,88c0fa85a381a59bd5f72bf07443fdcf0763589c489f8b021c12be6ed312fdf6,malwarebazaar,Mirai,Mirai,2026-09-09 16:00:12,2026-09-09 18:16:54,85
hash_sha256,8a32bdd901356d77f539e71615b7c4198dea21adf0d05119ee9bcd86f01579b5,malwarebazaar,Mirai,Mirai,2026-09-09 16:00:12,2026-09-09 18:16:54,85
hash_sha256,8bc0da091e92bae0b0e5fb57c63c7356751ef9b90e7f6a143776960072153149,malwarebazaar,js,js,2026-09-09 16:00:12,2026-09-09 18:16:54,85
hash_sha256,8efc5a86549fa34c599e911d5a73a9335176efe566542f23877b0835d0c387de,malwarebazaar,unknown,unknown,2026-09-09 16:00:12,2026-09-09 18:16:54,85
hash_sha256,8f12396cfb1ac4d52b3c0fad997b2cf83839bc464cfa43e43959239a3016d287,malwarebazaar,scpt,"AMOS,AppleScript,ClickFix,macOS,run-only,scpt,stealer",2026-09-09 16:00:12,2026-09-09 18:16:54,85
hash_sha256,92386d22b386d57534a7c069dce6c5b5034765f7bba78d9f4f87d94920c01d84,threatfox,Vidar,threatfox,2026-09-09 16:06:21,2026-09-09 18:16:54,85
hash_sha256,9248f7195a811960f7b7962ea8c96e9c4e59a8ad1ed4632fdca169b334de481a,malwarebazaar,Mirai,Mirai,2026-09-09 16:00:12,2026-09-09 18:16:54,85
hash_sha256,945e374f543cae73a63c5faa6674bd3a8f2b2fe616127a49fe7418cc29cbfbae,malwarebazaar,Mirai,Mirai,2026-09-09 16:00:12,2026-09-09 18:16:54,85
hash_sha256,970d309161a68d460b7183f2912b459fd1206229794b28d818e0b82f4fd22f3d,malwarebazaar,zsh,"AMOS,ClickFix,loader,macOS,zsh",2026-09-09 16:00:12,2026-09-09 18:16:54,85
hash_sha256,9c2b14d26cea958757168f181d94098bcbeb6eb263b6bc9f93288e93a8b3029a,threatfox,Creal Stealer,threatfox,2026-09-09 16:06:21,2026-09-09 18:16:54,85
hash_sha256,a105725ed88200f2fa230fa1ac72f3bb82a0455e18625d5575b6db546ba4264c,malwarebazaar,unknown,unknown,2026-09-09 16:00:12,2026-09-09 18:16:54,85
hash_sha256,a18e61253ff7dd0ed63f2f9f3ece677058e8f86fec26a83b2bfe620c68240511,malwarebazaar,Mirai,"elf,Mirai,upx-dec",2026-09-09 16:00:12,2026-09-09 18:16:54,85
hash_sha256,a286de012954013e57dca6fe2d110c732576aea9b75c72d8a149cd5f6332ef6a,malwarebazaar,lnk,lnk,2026-09-09 16:00:12,2026-09-09 18:16:54,85
hash_sha256,a44a7ebcba0026c9b167b02e732c16e5e08506434c196c37082219027288c50c,malwarebazaar,elf,"elf,upx-dec",2026-09-09 16:00:12,2026-09-09 18:16:54,85
hash_sha256,a68ac7eb9fb4402e1590467f223c3d6eb5c567d7d7905a53f6b0d9709a331691,malwarebazaar,Mirai,Mirai,2026-09-09 16:00:12,2026-09-09 18:16:54,85
hash_sha256,a6b71afc682acc97149d05d0ea2383ea622bd5580b12d13e12f895c40bf38848,malwarebazaar,Mirai,"elf,Gafgyt,Mirai,upx",2026-09-09 16:00:12,2026-09-09 18:16:54,85
hash_sha256,aa52d8e22ee3db115d77660115640d0d840dbc5102a86e43eca024201fac9124,threatfox,Vidar,threatfox,2026-09-09 16:06:21,2026-09-09 18:16:54,85
hash_sha256,acaab98854d6a0a86b9af2b77535a850e147e57c8261ef7b51b5e91a41cf7620,malwarebazaar,HijackLoader,"D,dropped-by-GCleaner,EU0.file,exe,HijackLoader",2026-09-09 16:00:12,2026-09-09 18:16:54,85
hash_sha256,ae99c151bd3a18d1f9e04dd686c86cfa8a9e6d094e23dc7dd151a732403feaa4,malwarebazaar,Mirai,Mirai,2026-09-09 16:00:12,2026-09-09 18:16:54,85
hash_sha256,b191ee16e958a8ad0db840fd4471dd92822cbf7a36b5e58a0caf168c68eb849c,threatfox,Vidar,threatfox,2026-09-09 16:06:21,2026-09-09 18:16:54,85
hash_sha256,b27cf1261f52d0ff54f5fdf9b500f743a0fff43754a3185e0ef9f3736176e881,malwarebazaar,bat,bat,2026-09-09 16:00:12,2026-09-09 18:16:54,85
hash_sha256,b789d8a1144f4544ce341ecbed9ce5ae5d7128bca6564d600f9228d790cbdc5b,malwarebazaar,Mirai,"elf,Mirai,upx-dec",2026-09-09 16:00:12,2026-09-09 18:16:54,85
hash_sha256,b902772635036ffdbc8f34877d923306ad1a66247fce31ca63fc0380c929542c,malwarebazaar,lnk,lnk,2026-09-09 16:00:12,2026-09-09 18:16:54,85
hash_sha256,b94b6f6f588b8d04747f3e0e0598e88ba95d080f7786aa50b864007b65da76a0,threatfox,Vidar,threatfox,2026-09-09 16:06:21,2026-09-09 18:16:54,85
hash_sha256,b95ea805469383b5a419c5043de45bb2b13f36b3a513f98bd608b3f7294f064f,malwarebazaar,macho,"AMOS,ClickFix,macho,macOS,packed,stealer",2026-09-09 16:00:12,2026-09-09 18:16:54,85
hash_sha256,b9f320b2abe6ecb3bbd1e5a45ae57e89ca9e23630948c0436f06708de61f8502,malwarebazaar,Mirai,"elf,Mirai",2026-09-09 16:00:12,2026-09-09 18:16:54,85
hash_sha256,bbd6513aa356cd1c76f52076c443a937e9c79241ca4546912a09ef35ff0599c2,malwarebazaar,Mirai,"elf,Mirai",2026-09-09 16:00:12,2026-09-09 18:16:54,85
hash_sha256,bc666f8338e12e90bcfd891c794821442eb53146be3c22325f7f47aae582ea70,threatfox,VShell,threatfox,2026-09-09 16:06:21,2026-09-09 18:16:54,85
hash_sha256,bd36f4c15fe0acb6748da5ed12e45dcc37d412385812c078d1e4f04730e9f69b,threatfox,Amatera,threatfox,2026-09-09 16:06:21,2026-09-09 18:16:54,85
hash_sha256,bdb2f78c38a30f5ca543d50bbffab3aa217b578ccc39e15d7e831b9cb2b03c7a,malwarebazaar,Mirai,"elf,Mirai",2026-09-09 16:00:12,2026-09-09 18:16:54,85
hash_sha256,bfe2a7ccd9aeda5c97562406fd879397c13dcbd7bc0bc020533ba4b4fb61f139,malwarebazaar,Mirai,"elf,Mirai,upx-dec",2026-09-09 16:00:12,2026-09-09 18:16:54,85
hash_sha256,c20e82ff57421db52fc63784ca77d533260b63de0b1d3fc0f6e1d658991baed8,threatfox,MASS Logger,threatfox,2026-09-09 16:06:21,2026-09-09 18:16:54,85
hash_sha256,c31264c1b97fa818c67b4ccd68b0f45140dc8fdf8f43684c59d67257c9916fc6,malwarebazaar,sh,sh,2026-09-09 16:00:12,2026-09-09 18:16:54,85
hash_sha256,c3394372c2000643ce385269b0d8c648ccb8c833076a84bde397a3c01e7b4a5b,threatfox,Unknown RAT,"threatfox,7zip-sfx,clash-verge,dll-sideloading,Funnull,ProRAM,RingH23,Sub-Store,windows",2026-09-09 16:06:21,2026-09-09 18:16:54,85
hash_sha256,c8aa0e9d82b079b7df357099642ff942e8aaa014e5832242763f3e4a20263d88,malwarebazaar,Gafgyt,"elf,Gafgyt",2026-09-09 16:00:12,2026-09-09 18:16:54,85
hash_sha256,ca3badce44966347b26495221f08d269bfa08dbed67b32edfcd430e057ddaae4,malwarebazaar,exe,"ClickFix,exe",2026-09-09 16:00:12,2026-09-09 18:16:54,85
hash_sha256,cad3c450b7dc112b04e8df27858e8fc1d076694c073795a53060ff231b753b58,malwarebazaar,Mirai,"Mirai,upx",2026-09-09 16:00:12,2026-09-09 18:16:54,85
hash_sha256,cc3f718b65509985455249a955d644ab24ef3a9eebf0ce755fb4003832b6ae37,malwarebazaar,Mirai,upx,2026-09-09 16:00:12,2026-09-09 18:16:54,85
hash_sha256,ccacb9d7641368e043bc4d41d84c7327523bad8f9d4d11265e1e6cc5089f3a72,threatfox,VShell,threatfox,2026-09-09 16:06:21,2026-09-09 18:16:54,85
hash_sha256,d15749fb8cc4fd3f4b9214197a40218d6428e3a973740c394dfb85a852a4aec9,threatfox,Vidar,threatfox,2026-09-09 16:06:21,2026-09-09 18:16:54,85
hash_sha256,d2ef357b3d3c3cae60a09fd8381f2d2b58e868047a1361f62e8a1cb000684ae4,malwarebazaar,Mirai,Mirai,2026-09-09 16:00:12,2026-09-09 18:16:54,85
hash_sha256,d4faff6df0fd3ada35ec3287ce7897f5f552566a906336d035a0c954f25eb592,malwarebazaar,Mirai,upx,2026-09-09 16:00:12,2026-09-09 18:16:54,85
hash_sha256,d72337cbff9268e71bb0ad438b29372e7696c95bc856532510bde3e15ccaf0be,malwarebazaar,Vidar,exe,2026-09-09 16:00:12,2026-09-09 18:16:54,85
hash_sha256,dbd1c263651e6ffc4d5cc03af734d7c76afe9feee388848439e48405c835dd9c,malwarebazaar,Mirai,"elf,Mirai,upx",2026-09-09 16:00:12,2026-09-09 18:16:54,85
hash_sha256,de1a06be6a36e42e37721543f516eaf42d34acdce60d95f71dc5d87eeb687f40,malwarebazaar,Mirai,upx,2026-09-09 16:00:12,2026-09-09 18:16:54,85
hash_sha256,dfa1801523f99ce72f02b956bde77a468e783e30c96ae6142a6cdb6db6875544,malwarebazaar,Mirai,upx,2026-09-09 16:00:12,2026-09-09 18:16:54,85
hash_sha256,e006533c1b522644f08225cd562b072e18fdb85a02b0ef1bf86cffa8cdbe2a42,malwarebazaar,lnk,lnk,2026-09-09 16:00:12,2026-09-09 18:16:54,85
hash_sha256,e1e7f55309754c643a39bdc8419fcec16ffcf6f78b5a3ddae827253b7b54b242,malwarebazaar,Mirai,Mirai,2026-09-09 16:00:12,2026-09-09 18:16:54,85
hash_sha256,e639dbe6f23bced41eceaba211c46b73037ea23994a3e3d3c9e9c5ceea233c06,malwarebazaar,sh,sh,2026-09-09 16:00:12,2026-09-09 18:16:54,85
hash_sha256,e98c2876a4e26b6250c2e4bdfb0e40f78b031c1979821ea0094300eb3e287f14,malwarebazaar,Mirai,"elf,Mirai,upx-dec",2026-09-09 16:00:12,2026-09-09 18:16:54,85
hash_sha256,ee5fda0b22ae5dfb3ad28bbf63c32d9ffe7d976caf789797b2b401c7d634a7c3,malwarebazaar,Gafgyt,"elf,Gafgyt",2026-09-09 16:00:12,2026-09-09 18:16:54,85
hash_sha256,efb7fdcef6ac51e29b30efecbc7e7c762a35bbf929f8082d92d9ff7ab24ab17f,malwarebazaar,Mirai,"elf,Mirai,upx-dec",2026-09-09 16:00:12,2026-09-09 18:16:54,85
hash_sha256,efeb7f29d142cf3387f20cb184b3995a89db6bce93f6af97d2605942876196fd,malwarebazaar,Mirai,"elf,Mirai",2026-09-09 16:00:12,2026-09-09 18:16:54,85
hash_sha256,f2bc968b6946bcfd923f409b4a8f7ac4075452a1ef8980789299d915b0299f84,malwarebazaar,Mirai,upx,2026-09-09 16:00:12,2026-09-09 18:16:54,85
hash_sha256,f5b66de387be277a491d34aac6ec460f25e6f9c25e9194875ea1e1783dc00e8e,malwarebazaar,Mirai,"elf,Mirai,upx-dec",2026-09-09 16:00:12,2026-09-09 18:16:54,85
hash_sha256,f6c22d1bdc59f94aa47f4a9b5244465164f50925c3cee7ce320b98ec80cd528e,malwarebazaar,Mirai,upx,2026-09-09 16:00:12,2026-09-09 18:16:54,85
hash_sha256,f92c27bd2bb425a9d346a0ff64592dd7d76678e9d1f5cffb2cdf7c37d74885bf,malwarebazaar,Mirai,Mirai,2026-09-09 16:00:12,2026-09-09 18:16:54,85
hash_sha256,f96215c68cbb8bad180587fb89c2d9bccff554694a5ce2a2209ff8c19f16b8e1,malwarebazaar,Mirai,"elf,Mirai",2026-09-09 16:00:12,2026-09-09 18:16:54,85
hash_sha256,fab6ceaf87c6a1baa24a7a58456222c0db4033ce984def890c5c86e4698b126d,malwarebazaar,Mirai,Mirai,2026-09-09 16:00:12,2026-09-09 18:16:54,85
hash_sha256,ff0944aa6c41f4960f3bc64c34a0a245d37fb6d665aa455c2852f4d4355b2af2,malwarebazaar,Mirai,Mirai,2026-09-09 16:00:12,2026-09-09 18:16:54,85
ip,103.148.58.43,threatfox,Aisuru,"threatfox,Aisuru,c2",2026-09-09 16:06:21,2026-09-09 18:16:54,85
ip,103.244.227.157,threatfox,Unknown malware,"threatfox,mythic",2026-09-09 16:06:21,2026-09-09 18:16:54,85
ip,109.107.168.27,threatfox,Unknown malware,"threatfox,ClickFix,Factory-v3",2026-09-09 16:06:21,2026-09-09 18:16:54,85
ip,111.230.151.240,threatfox,VShell,"threatfox,vshell",2026-09-09 16:06:21,2026-09-09 18:16:54,85
ip,115.245.115.158,threatfox,Quasar RAT,"threatfox,55836,c2,censys,quasar",2026-09-09 16:06:21,2026-09-09 18:16:54,85
ip,120.77.254.122,threatfox,Cobalt Strike,"threatfox,cobaltstrike",2026-09-05 16:06:50,2026-09-09 18:16:54,85
ip,138.68.130.69,threatfox,Aisuru,"threatfox,Aisuru,c2",2026-09-09 16:06:21,2026-09-09 18:16:54,85
ip,139.59.143.6,threatfox,Aisuru,"threatfox,AISURU",2026-09-09 16:06:21,2026-09-09 18:16:54,85
ip,139.59.168.101,threatfox,Aisuru,"threatfox,Aisuru,c2",2026-09-09 16:06:21,2026-09-09 18:16:54,85
ip,144.172.118.114,threatfox,AdaptixC2,"threatfox,AdaptixC2,drb-ra",2026-09-09 16:06:21,2026-09-09 18:16:54,85
ip,151.80.76.67,threatfox,BeaverTail,"threatfox,BeaverTail,ContagiousInterview,FamousChollima,folderOpen,vscode-tasks",2026-09-09 16:06:21,2026-09-09 18:16:54,85
ip,152.136.253.101,threatfox,Cobalt Strike,"threatfox,cobaltstrike",2026-07-21 17:20:43,2026-09-09 18:16:54,85
ip,153.142.13.183,threatfox,AdaptixC2,"threatfox,AdaptixC2,drb-ra",2026-09-09 16:06:21,2026-09-09 18:16:54,85
ip,154.211.92.190,threatfox,VShell,"threatfox,vshell",2026-09-09 16:06:21,2026-09-09 18:16:54,85
ip,154.37.218.235,threatfox,AdaptixC2,"threatfox,AdaptixC2,drb-ra",2026-08-15 20:13:13,2026-09-09 18:16:54,85
ip,154.91.56.100,threatfox,VShell,"threatfox,vshell",2026-09-09 16:06:21,2026-09-09 18:16:54,85
ip,154.91.60.111,threatfox,VShell,"threatfox,vshell",2026-09-09 16:06:21,2026-09-09 18:16:54,85
ip,154.91.62.102,threatfox,VShell,"threatfox,vshell",2026-09-05 04:08:24,2026-09-09 18:16:54,85
ip,154.91.63.102,threatfox,VShell,"threatfox,vshell",2026-09-09 16:06:21,2026-09-09 18:16:54,85
ip,154.91.63.103,threatfox,VShell,"threatfox,vshell",2026-09-04 16:06:41,2026-09-09 18:16:54,85
ip,154.91.63.104,threatfox,VShell,"threatfox,vshell",2026-09-04 16:06:41,2026-09-09 18:16:54,85
ip,154.91.63.107,threatfox,VShell,"threatfox,vshell",2026-09-09 16:06:21,2026-09-09 18:16:54,85
ip,154.91.63.114,threatfox,VShell,"threatfox,vshell",2026-09-04 16:06:41,2026-09-09 18:16:54,85
ip,154.91.63.117,threatfox,VShell,"threatfox,vshell",2026-09-04 16:06:41,2026-09-09 18:16:54,85
ip,154.91.63.120,threatfox,VShell,"threatfox,vshell",2026-09-04 16:06:41,2026-09-09 18:16:54,85
ip,154.91.63.123,threatfox,VShell,"threatfox,vshell",2026-09-09 16:06:21,2026-09-09 18:16:54,85
ip,155.103.71.115,threatfox,Remcos,"threatfox,c2,Remcos,RemoteHost",2026-05-07 22:32:41,2026-09-09 18:16:54,85
ip,155.103.71.126,threatfox,Remcos,"threatfox,c2,Remcos,RemoteHost",2026-08-27 16:06:12,2026-09-09 18:16:54,85
ip,156.251.16.136,threatfox,VShell,"threatfox,vshell",2026-09-09 16:06:21,2026-09-09 18:16:54,85
ip,159.65.59.117,threatfox,Aisuru,"threatfox,Aisuru,c2",2026-09-09 16:06:21,2026-09-09 18:16:54,85
ip,161.35.166.196,threatfox,Aisuru,"threatfox,Aisuru,c2",2026-09-09 16:06:21,2026-09-09 18:16:54,85
ip,162.243.103.246,feodotracker,Emotet,"c2,botnet,port:8080",2026-04-11 03:35:43,2026-09-09 18:16:54,90
ip,164.92.207.173,threatfox,Aisuru,"threatfox,AISURU",2026-09-09 16:06:21,2026-09-09 18:16:54,85
ip,165.22.113.73,threatfox,Aisuru,"threatfox,Aisuru,c2",2026-09-09 16:06:21,2026-09-09 18:16:54,85
ip,165.22.199.85,threatfox,MacSync,threatfox,2026-09-09 16:06:21,2026-09-09 18:16:54,85
ip,165.227.142.229,threatfox,Aisuru,"threatfox,Aisuru,c2",2026-09-09 16:06:21,2026-09-09 18:16:54,85
ip,171.113.115.5,threatfox,AdaptixC2,"threatfox,AdaptixC2,drb-ra",2026-09-09 16:06:21,2026-09-09 18:16:54,85
ip,172.105.183.165,threatfox,Unknown malware,threatfox,2026-09-09 16:06:21,2026-09-09 18:16:54,85
ip,178.62.3.223,feodotracker,QakBot,"c2,botnet,port:443",2026-04-11 03:35:43,2026-09-09 18:16:54,90
ip,181.206.158.19,threatfox,AsyncRAT,"threatfox,AsyncRAT,drb-ra,RAT",2026-09-09 16:06:21,2026-09-09 18:16:54,85
ip,182.92.227.226,threatfox,AdaptixC2,"threatfox,AdaptixC2,drb-ra",2026-09-09 16:06:21,2026-09-09 18:16:54,85
ip,185.19.40.22,threatfox,Remcos,"threatfox,c2,FUDBIO-S,Remcos",2026-09-09 16:06:21,2026-09-09 18:16:54,85
ip,188.166.83.118,threatfox,AMOS,"threatfox,AMOS,ClickFix,macOS",2026-09-09 16:06:21,2026-09-09 18:16:54,85
ip,2.27.22.130,threatfox,Unknown RAT,"threatfox,android,apk,c2,telegram",2026-09-09 16:06:21,2026-09-09 18:16:54,85
ip,20.118.221.53,threatfox,AdaptixC2,"threatfox,adaptix",2026-09-08 04:06:28,2026-09-09 18:16:54,85
ip,209.38.225.90,threatfox,Aisuru,"threatfox,Aisuru,c2",2026-09-09 16:06:21,2026-09-09 18:16:54,85
ip,23.254.226.46,threatfox,BingoMod,"threatfox,Android,BingoMod",2026-09-09 16:06:21,2026-09-09 18:16:54,85
ip,23.94.206.113,threatfox,Sliver,"threatfox,drb-ra,Sliver",2026-09-09 16:06:21,2026-09-09 18:16:54,85
ip,27.133.154.218,feodotracker,QakBot,"c2,botnet,port:443",2026-03-10 22:13:04,2026-09-09 18:16:54,90
ip,3.254.226.46,threatfox,BingoMod,"threatfox,Android,BingoMod",2026-09-09 16:06:21,2026-09-09 18:16:54,85
ip,3.6.16.126,threatfox,Unknown malware,"threatfox,drb-ra,Mythic",2026-09-09 16:06:21,2026-09-09 18:16:54,85
ip,31.13.190.58,threatfox,Remcos,"threatfox,c2,Remcos,Yakuze Crypter Sep 2026",2026-09-09 16:06:21,2026-09-09 18:16:54,85
ip,34.204.119.63,feodotracker,QakBot,"c2,botnet,port:443",2026-04-11 03:35:43,2026-09-09 18:16:54,90
ip,34.73.4.161,threatfox,PureRAT,"threatfox,drb-ra,PureHVNC,PureRAT,RAT",2026-09-09 16:06:21,2026-09-09 18:16:54,85
ip,38.55.136.70,threatfox,SoumniBot,"threatfox,Android,SoumniBot",2026-09-09 16:06:21,2026-09-09 18:16:54,85
ip,43.143.57.45,threatfox,AdaptixC2,"threatfox,AdaptixC2,drb-ra",2026-09-09 16:06:21,2026-09-09 18:16:54,85
ip,43.198.116.85,threatfox,AdaptixC2,"threatfox,AdaptixC2,drb-ra",2026-09-02 16:07:22,2026-09-09 18:16:54,85
ip,45.92.170.87,threatfox,Unknown malware,threatfox,2026-09-09 16:06:21,2026-09-09 18:16:54,85
ip,46.246.84.8,threatfox,DCRat,"threatfox,DCRat,drb-ra,RAT",2026-07-29 05:35:21,2026-09-09 18:16:54,85
ip,47.90.209.157,threatfox,VShell,"threatfox,vshell",2026-09-09 16:06:21,2026-09-09 18:16:54,85
ip,5.206.227.107,threatfox,Cobalt Strike,"threatfox,cobaltstrike",2026-09-09 16:06:21,2026-09-09 18:16:54,85
ip,50.16.16.211,feodotracker,QakBot,"c2,botnet,port:443",2026-04-11 03:35:43,2026-09-09 18:16:54,90
ip,54.162.26.208,threatfox,SoumniBot,"threatfox,Android,SoumniBot",2026-09-09 16:06:21,2026-09-09 18:16:54,85
ip,62.60.226.185,threatfox,XWorm,threatfox,2026-06-11 17:05:14,2026-09-09 18:16:54,85
ip,64.188.64.113,threatfox,Unknown RAT,"threatfox,android,apk,c2,telegram",2026-09-09 16:06:21,2026-09-09 18:16:54,85
ip,64.225.102.231,threatfox,Aisuru,"threatfox,Aisuru,c2",2026-09-09 16:06:21,2026-09-09 18:16:54,85
ip,8.145.61.81,threatfox,Cobalt Strike,"threatfox,CobaltStrike,cs-watermark-987654321",2026-09-09 16:06:21,2026-09-09 18:16:54,85
ip,83.217.212.42,threatfox,Unknown RAT,"threatfox,android,apk,c2,telegram",2026-09-09 16:06:21,2026-09-09 18:16:54,85
ip,93.127.160.86,threatfox,Remcos,"threatfox,c2,Remcos,Yakuze Crypter Sep 2026",2026-09-09 16:06:21,2026-09-09 18:16:54,85
ssl_sha1,0034d3f66acca402e4ae3d683e435f10d513006a,sslbl,ACRStealer C&C,"sslbl,2026-08-08",2026-08-09 00:42:39,2026-09-09 18:16:54,88
ssl_sha1,01162aa2c2be7f9d16f646b94a1245726c68b110,sslbl,PureRAT C&C,"sslbl,2026-08-22",2026-08-22 16:06:16,2026-09-09 18:16:54,88
ssl_sha1,0141dfae0d4426123aa2fbdd759162fa82d0f8e1,sslbl,PureLogsStealer C&C,"sslbl,2026-08-04",2026-08-05 12:42:46,2026-09-09 18:16:54,88
ssl_sha1,014d51d79c5a5c80042abedb35231581ff07c2e7,sslbl,Vidar C&C,"sslbl,2026-07-30",2026-07-31 05:35:34,2026-09-09 18:16:54,88
ssl_sha1,01b9a51320b270b527c744a7ebc9f9bc68a94f81,sslbl,ConnectWise C&C,"sslbl,2026-08-19",2026-08-19 16:06:13,2026-09-09 18:16:54,88
ssl_sha1,01cc79c660e1677fc17665e6d8169b5fdad75668,sslbl,PureLogsStealer C&C,"sslbl,2026-08-05",2026-08-06 00:43:27,2026-09-09 18:16:54,88
ssl_sha1,02df529de5d2da5b01c0b557b02b289b060f344b,sslbl,PureRAT C&C,"sslbl,2026-08-08",2026-08-09 00:42:39,2026-09-09 18:16:54,88
ssl_sha1,030279988932ee4115de7e6e8cdeb91927c078db,sslbl,OffLoader C&C,"sslbl,2026-08-19",2026-08-19 16:06:13,2026-09-09 18:16:54,88
ssl_sha1,03cdb8ba1363fb90f77ab53b6fc78d58a5340c35,sslbl,PureRAT C&C,"sslbl,2026-08-20",2026-08-20 16:06:17,2026-09-09 18:16:54,88
ssl_sha1,046fe4e19fe44c7c3a76e7e8651879c4edd9851d,sslbl,PureRAT C&C,"sslbl,2026-07-15",2026-07-16 05:21:37,2026-09-09 18:16:54,88
ssl_sha1,057b2084f877c8737e60de6c07ad829ea411b9c6,sslbl,Vidar C&C,"sslbl,2026-08-15",2026-08-15 20:13:12,2026-09-09 18:16:54,88
ssl_sha1,059e425acfe2753d135e1b7ba39e30f0b00dbbb3,sslbl,PureLogsStealer C&C,"sslbl,2026-08-06",2026-08-06 12:43:05,2026-09-09 18:16:54,88
ssl_sha1,05b215b1710e56a14f4742b10586af2750da866a,sslbl,OffLoader C&C,"sslbl,2026-08-13",2026-08-13 08:13:02,2026-09-09 18:16:54,88
ssl_sha1,05ba9d18bc4c00bec6bb5ed461fd889259929709,sslbl,Vidar C&C,"sslbl,2026-08-02",2026-08-02 17:36:31,2026-09-09 18:16:54,88
ssl_sha1,05fb6a6fa12c1638063b36498703b24fbbc2df43,sslbl,ACRStealer C&C,"sslbl,2026-09-06",2026-09-06 16:06:16,2026-09-09 18:16:54,88
ssl_sha1,06c6a1e29b1948ac47c0fee2e8652a07fcde1f9e,sslbl,Vidar C&C,"sslbl,2026-08-27",2026-08-27 16:06:11,2026-09-09 18:16:54,88
ssl_sha1,070aa492d4afcb841457f33f366206805947160f,sslbl,Socks5Systemz C&C,"sslbl,2026-09-06",2026-09-06 16:06:16,2026-09-09 18:16:54,88
ssl_sha1,077be211823898ed4eb3d3faf920781321f7ca5c,sslbl,PureLogsStealer C&C,"sslbl,2026-09-09",2026-09-09 16:06:20,2026-09-09 18:16:54,88
ssl_sha1,08d8ee8314ace61bcc0481fe9c0e2bfaaccf34e0,sslbl,Vidar C&C,"sslbl,2026-08-12",2026-08-12 12:42:52,2026-09-09 18:16:54,88
ssl_sha1,096f890e1d8d4220a1c0501a50fd6037804412c4,sslbl,Vidar C&C,"sslbl,2026-07-23",2026-07-23 18:30:39,2026-09-09 18:16:54,88
ssl_sha1,097cee540020aa1e282dcf5afefebcb5a6a1dae4,sslbl,PureLogsStealer C&C,"sslbl,2026-08-06",2026-08-06 12:43:05,2026-09-09 18:16:54,88
ssl_sha1,09cc432d307b2b2d67a102c9a579f24b511cfea2,sslbl,Vidar C&C,"sslbl,2026-09-04",2026-09-04 16:06:41,2026-09-09 18:16:54,88
ssl_sha1,09f261bec38f8f17f3aba55d8f24e0c11236de40,sslbl,PureLogsStealer C&C,"sslbl,2026-08-19",2026-08-19 16:06:13,2026-09-09 18:16:54,88
ssl_sha1,0a2f52fe0e41f4fa2154a7a42134187aa23b6289,sslbl,ConnectWise C&C,"sslbl,2026-08-19",2026-08-19 16:06:13,2026-09-09 18:16:54,88
ssl_sha1,0ad6076cb27bcdd5dd26fe56c022f4ab61ea00be,sslbl,Meterpreter C&C,"sslbl,2026-08-20",2026-08-20 16:06:17,2026-09-09 18:16:54,88
ssl_sha1,0b260881d660a14c3c0b2e61a6685839c8053bc9,sslbl,KongTuke C&C,"sslbl,2026-07-29",2026-07-29 17:37:13,2026-09-09 18:16:54,88
ssl_sha1,0b7abd7fefffcfe53a7ae01594e23d9488a214b4,sslbl,ConnectWise C&C,"sslbl,2026-08-19",2026-08-19 16:06:13,2026-09-09 18:16:54,88
ssl_sha1,0b92ba05df90855d90170858ba91680d33f76e0f,sslbl,ConnectWise C&C,"sslbl,2026-08-19",2026-08-19 16:06:13,2026-09-09 18:16:54,88
ssl_sha1,0bb977bf9e0950a1a818660dde009ac9934bd1e2,sslbl,Vidar C&C,"sslbl,2026-08-21",2026-08-21 16:09:28,2026-09-09 18:16:54,88
ssl_sha1,0c587f31dc58c33ef2e3632bb161f4d52231b7c1,sslbl,ConnectWise C&C,"sslbl,2026-08-22",2026-08-22 16:06:16,2026-09-09 18:16:54,88
ssl_sha1,0f1b05653c3b3ab3bb4ecd772dd024668cbe8df1,sslbl,QuasarRAT C&C,"sslbl,2026-08-13",2026-08-13 20:13:53,2026-09-09 18:16:54,88
ssl_sha1,0f4085482fb0664e22b9dc962bd87184a2048e28,sslbl,ACRStealer C&C,"sslbl,2026-08-26",2026-08-26 16:06:11,2026-09-09 18:16:54,88
ssl_sha1,0f47d296ca2a764238bfd644c7b716cffafa1352,sslbl,Vidar C&C,"sslbl,2026-08-21",2026-08-21 16:09:28,2026-09-09 18:16:54,88
ssl_sha1,0f50074c5489b97def2d220b8cd70bada3361220,sslbl,PureRAT C&C,"sslbl,2026-07-15",2026-07-16 05:21:37,2026-09-09 18:16:54,88
ssl_sha1,10444531944b9b521661ef3bd8d9848d70902bbd,sslbl,PureLogsStealer C&C,"sslbl,2026-08-10",2026-08-10 12:42:40,2026-09-09 18:16:54,88
ssl_sha1,11079f607edb45c25b11a2106e6ba510a055b98f,sslbl,ConnectWise C&C,"sslbl,2026-07-13",2026-07-13 20:25:50,2026-09-09 18:16:54,88
ssl_sha1,11a907f87c27b67e87f201281797b95f53508752,sslbl,OffLoader C&C,"sslbl,2026-08-10",2026-08-10 12:42:40,2026-09-09 18:16:54,88
ssl_sha1,11a9b0c571e681f4f9e7780e3aff1fe8c2f3d676,sslbl,KongTuke C&C,"sslbl,2026-07-29",2026-07-29 17:37:13,2026-09-09 18:16:54,88
ssl_sha1,127e6ea4434d1e7c81918b4032c1282aa7d6d8a7,sslbl,ConnectWise C&C,"sslbl,2026-07-15",2026-07-16 05:21:37,2026-09-09 18:16:54,88
ssl_sha1,12b3a868314cd43aa8d304a7e529bbd498ee74ee,sslbl,Vidar C&C,"sslbl,2026-07-23",2026-07-24 05:35:19,2026-09-09 18:16:54,88
ssl_sha1,12c42acde116383d7b75ae10fc47d5f369f5633e,sslbl,RemusStealer C&C,"sslbl,2026-08-06",2026-08-06 12:43:05,2026-09-09 18:16:54,88
ssl_sha1,131d534087149d0095a326dcb33e77afcbec308c,sslbl,AnimateClipper C&C,"sslbl,2026-07-26",2026-07-26 17:35:20,2026-09-09 18:16:54,88
ssl_sha1,131e6cb931dd908cdf9fc5bdd6f8245c9b399ea9,sslbl,ConnectWise C&C,"sslbl,2026-08-07",2026-08-07 12:43:25,2026-09-09 18:16:54,88
ssl_sha1,1389c26fb7ce71a7aa1514e86879daf6b373325a,sslbl,OffLoader C&C,"sslbl,2026-08-28",2026-08-29 04:06:17,2026-09-09 18:16:54,88
ssl_sha1,13f40ae70a0fe1ae9e727ad329583635cf8090be,sslbl,PureLogsStealer C&C,"sslbl,2026-08-10",2026-08-11 00:42:33,2026-09-09 18:16:54,88
ssl_sha1,14333675b09013c7299af764816b152b90d29952,sslbl,Vidar C&C,"sslbl,2026-08-14",2026-08-14 08:13:11,2026-09-09 18:16:54,88
ssl_sha1,145f0fa0f6134e66fa5c80989c13987baf799bda,sslbl,Vidar C&C,"sslbl,2026-09-02",2026-09-02 16:07:20,2026-09-09 18:16:54,88
ssl_sha1,147ca23505c924119036d7e4942ddc0737f39adf,sslbl,PureLogsStealer C&C,"sslbl,2026-08-07",2026-08-07 12:43:25,2026-09-09 18:16:54,88
ssl_sha1,150e9fffc913a1c87bf94e7f2ad0354d4b6afea1,sslbl,Malware distribution,"sslbl,2026-08-22",2026-08-22 16:06:16,2026-09-09 18:16:54,88
ssl_sha1,16237ea9476a99f34c740649ccb7119db3af5df0,sslbl,PureRAT C&C,"sslbl,2026-08-08",2026-08-09 00:42:39,2026-09-09 18:16:54,88
ssl_sha1,16508580f31edaaf4cbe08f9c417840fa4f918d0,sslbl,ACRStealer C&C,"sslbl,2026-07-23",2026-07-23 18:30:39,2026-09-09 18:16:54,88
ssl_sha1,16545697d78cbada6dac236b73dbeff19c9035d1,sslbl,PureLogsStealer C&C,"sslbl,2026-08-19",2026-08-20 04:06:14,2026-09-09 18:16:54,88
ssl_sha1,1674f349ec288a75ac123a1752d433a21ceddcef,sslbl,Vidar C&C,"sslbl,2026-08-11",2026-08-11 12:42:27,2026-09-09 18:16:54,88
ssl_sha1,16fbb45457a2d8e67c556db46e051893917e2104,sslbl,KongTuke C&C,"sslbl,2026-07-30",2026-07-30 17:35:22,2026-09-09 18:16:54,88
ssl_sha1,1727143583fd38bc4b6b5986f5c7b2c919f885af,sslbl,KongTuke C&C,"sslbl,2026-07-30",2026-07-30 17:35:22,2026-09-09 18:16:54,88
ssl_sha1,173cb58c2538a3e2fccf3f3ae72b5713e4f810a3,sslbl,ACRStealer C&C,"sslbl,2026-08-19",2026-08-19 16:06:13,2026-09-09 18:16:54,88
ssl_sha1,17d881f02866b9e629d39d16bdf43ca953b38d5c,sslbl,OffLoader C&C,"sslbl,2026-09-01",2026-09-01 16:06:06,2026-09-09 18:16:54,88
ssl_sha1,17ee516f7e99548d2b4d735f2100f2754d814288,sslbl,OffLoader C&C,"sslbl,2026-09-04",2026-09-04 16:06:41,2026-09-09 18:16:54,88
ssl_sha1,183d02c077142b8701d1a719cc8cee3f8fb76072,sslbl,OffLoader C&C,"sslbl,2026-08-14",2026-08-14 08:13:11,2026-09-09 18:16:54,88
ssl_sha1,1869a727516b162905ef9df32d1ad3fe6ceea9f0,sslbl,PureLogsStealer C&C,"sslbl,2026-08-13",2026-08-13 08:13:02,2026-09-09 18:16:54,88
ssl_sha1,19cf66baa4727b080e283d10284993170c9b462b,sslbl,Vidar C&C,"sslbl,2026-08-22",2026-08-22 16:06:16,2026-09-09 18:16:54,88
ssl_sha1,19d7b8b5842177ba762fb0b30fd1368e953e73e9,sslbl,ACRStealer C&C,"sslbl,2026-08-11",2026-08-11 12:42:27,2026-09-09 18:16:54,88
ssl_sha1,1ab7aaf074b1e925322cd328b4d1343f46f4f91b,sslbl,PureLogsStealer C&C,"sslbl,2026-08-08",2026-08-09 00:42:39,2026-09-09 18:16:54,88
ssl_sha1,1b48b0bd62383ba8f49d25e8584a290016730f3d,sslbl,Vidar C&C,"sslbl,2026-08-11",2026-08-11 12:42:27,2026-09-09 18:16:54,88
ssl_sha1,1baea4f8295715f075d3c0510b61017840047ae3,sslbl,Vidar C&C,"sslbl,2026-09-06",2026-09-06 16:06:16,2026-09-09 18:16:54,88
ssl_sha1,1bf12565f5b66f9f938f92411d31aea37d9676e8,sslbl,Vidar C&C,"sslbl,2026-09-04",2026-09-04 16:06:41,2026-09-09 18:16:54,88
ssl_sha1,1cdb18c33da65a40adad7b51808edf66f3e180e5,sslbl,PureLogsStealer C&C,"sslbl,2026-08-21",2026-08-21 16:09:28,2026-09-09 18:16:54,88
ssl_sha1,1d6ef2caa8acc4b05edcbf2e8b1e6ee9c7217eb9,sslbl,Vidar C&C,"sslbl,2026-08-12",2026-08-12 12:42:52,2026-09-09 18:16:54,88
ssl_sha1,1db0412338ca7c2407e54aeb6791beeedd146c4c,sslbl,PureRAT C&C,"sslbl,2026-07-16",2026-07-16 17:20:54,2026-09-09 18:16:54,88
ssl_sha1,1dc516de96cd73ff7a4040ec3b4927988d1a0049,sslbl,ConnectWise C&C,"sslbl,2026-08-04",2026-08-04 07:49:13,2026-09-09 18:16:54,88
ssl_sha1,1dedacf3710f30c15b9e73c9d719a969eec755e5,sslbl,Vidar C&C,"sslbl,2026-07-15",2026-07-16 05:21:37,2026-09-09 18:16:54,88
ssl_sha1,1e5253b44aa68a4b31f0dfc07df48b31798debca,sslbl,ACRStealer C&C,"sslbl,2026-07-18",2026-07-19 05:20:40,2026-09-09 18:16:54,88
ssl_sha1,1e7d6c983d80311dcecc580135dcc216732fd478,sslbl,Vidar C&C,"sslbl,2026-08-19",2026-08-19 16:06:13,2026-09-09 18:16:54,88
ssl_sha1,1edaae5bb268c6ec2f90076a7c47b7bfbc531a15,sslbl,Vidar C&C,"sslbl,2026-09-09",2026-09-09 16:06:20,2026-09-09 18:16:54,88
ssl_sha1,1f494cd829ce4d2c465b8e981a0c7f9288354328,sslbl,Vidar C&C,"sslbl,2026-08-30",2026-08-30 16:06:18,2026-09-09 18:16:54,88
ssl_sha1,206850b799a53982b73accdefec94083f2094a6e,sslbl,PureRAT C&C,"sslbl,2026-09-07",2026-09-07 16:06:32,2026-09-09 18:16:54,88
ssl_sha1,2125bebc5912c9fb523a668daf7d116999488493,sslbl,Koadic C&C,"sslbl,2026-08-27",2026-08-27 16:06:11,2026-09-09 18:16:54,88
ssl_sha1,22bedd3b6ea141fbe9b50681baa395909e014ad0,sslbl,PureLogsStealer C&C,"sslbl,2026-08-06",2026-08-06 12:43:05,2026-09-09 18:16:54,88
ssl_sha1,22d945ac6c7c00fb7bb5d0dc3618a82d46cfd1e2,sslbl,QuasarRAT C&C,"sslbl,2026-09-06",2026-09-06 16:06:16,2026-09-09 18:16:54,88
ssl_sha1,240ce6287e5ee63adc65bde38ca08a7132f5b08b,sslbl,RatonRAT C&C,"sslbl,2026-08-27",2026-08-27 16:06:11,2026-09-09 18:16:54,88
ssl_sha1,25042ea148aa7ccb23ebabb701cacca1d2fbd1d4,sslbl,HypeAgent C&C,"sslbl,2026-08-25",2026-08-25 16:07:37,2026-09-09 18:16:54,88
ssl_sha1,25828f9462f9998c2be7214d5db7e092e3878945,sslbl,Vidar C&C,"sslbl,2026-08-12",2026-08-12 12:42:52,2026-09-09 18:16:54,88
ssl_sha1,261044d91561eedea17eac730254426b193e27fe,sslbl,PureRAT C&C,"sslbl,2026-08-13",2026-08-13 08:13:02,2026-09-09 18:16:54,88
ssl_sha1,263a7098595232fb1c9536d18a903858431212c0,sslbl,MeshAgent C&C,"sslbl,2026-08-10",2026-08-11 00:42:33,2026-09-09 18:16:54,88
ssl_sha1,26d708c6ce4554e9fed0ae35556501faf8d0b01c,sslbl,ZigClipper C&C,"sslbl,2026-08-08",2026-08-09 00:42:39,2026-09-09 18:16:54,88
ssl_sha1,26edae2d62f7008d9a3ea68999f41316f4cdf762,sslbl,PureLogsStealer C&C,"sslbl,2026-09-02",2026-09-02 16:07:20,2026-09-09 18:16:54,88
ssl_sha1,277cf8e1227351964ba2a8e57b49b26f8f8e353a,sslbl,Vidar C&C,"sslbl,2026-08-24",2026-08-24 16:06:10,2026-09-09 18:16:54,88
ssl_sha1,283042355c89f2c59e260246d1488a73a8bef7b2,sslbl,PureLogsStealer C&C,"sslbl,2026-07-27",2026-07-27 17:35:21,2026-09-09 18:16:54,88
ssl_sha1,287c688acd02bd779c6315eacc15e3d25145b616,sslbl,ConnectWise C&C,"sslbl,2026-07-15",2026-07-16 05:21:37,2026-09-09 18:16:54,88
ssl_sha1,28db945e3beaf15a6f6d7fdf2dfc06a5f0319fc3,sslbl,Malware C&C,"sslbl,2026-08-06",2026-08-06 12:43:05,2026-09-09 18:16:54,88
ssl_sha1,29e434f384fe91188ce4c8a3f607a781e5c5e5d1,sslbl,PureRAT C&C,"sslbl,2026-08-06",2026-08-06 12:43:05,2026-09-09 18:16:54,88
ssl_sha1,2a2c44f91a961c0b573d1e823f314fb4ffbc88dd,sslbl,OffLoader C&C,"sslbl,2026-09-07",2026-09-07 16:06:32,2026-09-09 18:16:54,88
ssl_sha1,2a68cf483216956f8162c0334a75dac483bfaac6,sslbl,Vidar C&C,"sslbl,2026-08-13",2026-08-13 20:13:53,2026-09-09 18:16:54,88
ssl_sha1,2b05666e08e41d03ae03a5f282434e36229ea962,sslbl,ConnectWise C&C,"sslbl,2026-08-14",2026-08-14 08:13:11,2026-09-09 18:16:54,88
ssl_sha1,2b05df2a2d8cc657ebb0dce94b5c2914ee21d801,sslbl,PureRAT C&C,"sslbl,2026-07-14",2026-07-14 08:25:37,2026-09-09 18:16:54,88
ssl_sha1,2b7ffb92a05fe5f22a0f26d9c76a3155f04fdd45,sslbl,PureLogsStealer C&C,"sslbl,2026-08-04",2026-08-05 12:42:46,2026-09-09 18:16:54,88
ssl_sha1,2be2964d2711f536de55aa929fa612ba69ebc405,sslbl,Vidar C&C,"sslbl,2026-09-09",2026-09-09 16:06:20,2026-09-09 18:16:54,88
ssl_sha1,2d410f6e2daaf4665a958610ce94242145c714e3,sslbl,PureLogsStealer C&C,"sslbl,2026-08-08",2026-08-09 00:42:39,2026-09-09 18:16:54,88
ssl_sha1,2e22d7adb72403b6ff2b18c7302cbfff8ea45010,sslbl,KongTuke C&C,"sslbl,2026-07-14",2026-07-16 05:21:37,2026-09-09 18:16:54,88
ssl_sha1,2e5d32f48396874bdbf9e30cbf56d9d5440f24ec,sslbl,ConnectWise C&C,"sslbl,2026-08-31",2026-08-31 16:06:17,2026-09-09 18:16:54,88
ssl_sha1,304062e0d9d93dad14b84554abb56fd3af8266ff,sslbl,Vidar C&C,"sslbl,2026-08-19",2026-08-19 16:06:13,2026-09-09 18:16:54,88
ssl_sha1,30ae51f106a573be769968e15c0a6f56a2878a16,sslbl,Vidar C&C,"sslbl,2026-08-05",2026-08-05 12:42:46,2026-09-09 18:16:54,88
ssl_sha1,3141245c066d71ef08936296ffea7ea15082f7fd,sslbl,ConnectWise C&C,"sslbl,2026-08-14",2026-08-14 08:13:11,2026-09-09 18:16:54,88
ssl_sha1,328089d815eb8db2dcb741cd603fc451295636d4,sslbl,PureRAT C&C,"sslbl,2026-08-31",2026-08-31 16:06:17,2026-09-09 18:16:54,88
ssl_sha1,32a8651489a0a5fb3fb0679514bed1e86c0c576c,sslbl,ACRStealer C&C,"sslbl,2026-08-10",2026-08-10 12:42:40,2026-09-09 18:16:54,88
ssl_sha1,32c779b627c28c168bcf744948c35f45462e9307,sslbl,PureRAT C&C,"sslbl,2026-09-08",2026-09-08 16:06:37,2026-09-09 18:16:54,88
ssl_sha1,3403986d256e4ce608c0b4e9648d867a373ff6cc,sslbl,Vidar C&C,"sslbl,2026-07-13",2026-07-14 08:25:37,2026-09-09 18:16:54,88
ssl_sha1,34ba6ed6fdcf11e71f689efe8e8bb5d723339125,sslbl,AsyncRAT C&C,"sslbl,2026-07-13",2026-07-13 20:25:50,2026-09-09 18:16:54,88
ssl_sha1,3595cb507d47314a6749679e4217ec993c5c3691,sslbl,DCAgentRMM C&C,"sslbl,2026-08-25",2026-08-25 16:07:37,2026-09-09 18:16:54,88
ssl_sha1,3599615abff24cd9b7801d4ee3263d66ab320867,sslbl,PureLogsStealer C&C,"sslbl,2026-07-15",2026-07-16 05:21:37,2026-09-09 18:16:54,88
ssl_sha1,35c361f9688643bd7cd6a7057178d869bcd6ea7b,sslbl,ConnectWise C&C,"sslbl,2026-08-04",2026-08-04 07:49:13,2026-09-09 18:16:54,88
ssl_sha1,361864879b9712b391b7d1af733e24168f67c419,sslbl,Malware C&C,"sslbl,2026-08-04",2026-08-05 12:42:46,2026-09-09 18:16:54,88
ssl_sha1,369b439f1afec9b1ae1d5de29a603f6ba34a3039,sslbl,PureRAT C&C,"sslbl,2026-08-04",2026-08-04 07:49:13,2026-09-09 18:16:54,88
ssl_sha1,3712fb1d824e230a43660016e4e305e623dad067,sslbl,Malware C&C,"sslbl,2026-08-12",2026-08-12 12:42:52,2026-09-09 18:16:54,88
ssl_sha1,3992dd5edcdf2ce5d143f933e2657640e00a58d4,sslbl,OffLoader C&C,"sslbl,2026-08-20",2026-08-20 16:06:17,2026-09-09 18:16:54,88
ssl_sha1,39977fc471c8a241dbe54f09ba2caaca0261710f,sslbl,ConnectWise C&C,"sslbl,2026-07-14",2026-07-14 08:25:37,2026-09-09 18:16:54,88
ssl_sha1,3a62153757fc44e7a948a9c289a08798ea8e8487,sslbl,OffLoader C&C,"sslbl,2026-09-09",2026-09-09 16:06:20,2026-09-09 18:16:54,88
ssl_sha1,3b0855807c94981dca90ba6eb15e94087c91fb52,sslbl,PureRAT C&C,"sslbl,2026-08-08",2026-08-09 00:42:39,2026-09-09 18:16:54,88
ssl_sha1,3c286904e96ada2549fe774aa6eb2d39920219ec,sslbl,Malware C&C,"sslbl,2026-08-13",2026-08-13 08:13:02,2026-09-09 18:16:54,88
ssl_sha1,3cf6a282d22b606bce0ba5ad74526257eff4cf81,sslbl,PureRAT C&C,"sslbl,2026-07-17",2026-07-17 17:21:06,2026-09-09 18:16:54,88
ssl_sha1,3ddf56dd624309d956cccb6c41eb6fcfbb3c6364,sslbl,ZigClipper C&C,"sslbl,2026-08-05",2026-08-06 00:43:27,2026-09-09 18:16:54,88
ssl_sha1,3e3c44169f96771a93af70cef73772afc6530f39,sslbl,Vidar C&C,"sslbl,2026-08-10",2026-08-10 12:42:40,2026-09-09 18:16:54,88
ssl_sha1,3e615d9da0efbbbea30584bce2037017460f7251,sslbl,PureLogsStealer C&C,"sslbl,2026-07-14",2026-07-14 19:40:35,2026-09-09 18:16:54,88
ssl_sha1,3fb1dbcabe3bab0eb06fefe295821bff1007fb25,sslbl,PureRAT C&C,"sslbl,2026-07-17",2026-07-17 17:21:06,2026-09-09 18:16:54,88
ssl_sha1,401d739effc60f0ddbfc096d8b7a64625744824a,sslbl,OffLoader C&C,"sslbl,2026-09-09",2026-09-09 16:06:20,2026-09-09 18:16:54,88
ssl_sha1,407df66ac87ceb177c560e82df9521c8003b5f0d,sslbl,ConnectWise C&C,"sslbl,2026-08-28",2026-08-29 04:06:17,2026-09-09 18:16:54,88
ssl_sha1,40ab2a74848e4b409900153beb94a6977de80d4a,sslbl,PureRAT C&C,"sslbl,2026-08-04",2026-08-04 07:49:13,2026-09-09 18:16:54,88
ssl_sha1,40d55bdf808d31690157cc7865a3161d6f44f073,sslbl,Vidar C&C,"sslbl,2026-08-17",2026-08-17 08:13:04,2026-09-09 18:16:54,88
ssl_sha1,4157992dbca11ebbe0938db99c79c0769ff4e1b1,sslbl,PureRAT C&C,"sslbl,2026-09-03",2026-09-03 16:06:37,2026-09-09 18:16:54,88
ssl_sha1,41f8e81a4f9b3e7e70353a84e4bf87d687ddc79e,sslbl,ConnectWise C&C,"sslbl,2026-08-28",2026-08-29 04:06:17,2026-09-09 18:16:54,88
ssl_sha1,42412a6aee2a4ff0234fc0afe142d5a2bf8f1e92,sslbl,HypeAgent C&C,"sslbl,2026-08-27",2026-08-27 16:06:11,2026-09-09 18:16:54,88
ssl_sha1,4264b1c47eac055ce604ef3509d23cd7e3bd584b,sslbl,Vidar C&C,"sslbl,2026-07-16",2026-07-16 17:20:54,2026-09-09 18:16:54,88
ssl_sha1,441b920d869b1e83fe18a2d86d4b6be20099c145,sslbl,ConnectWise C&C,"sslbl,2026-08-07",2026-08-07 12:43:25,2026-09-09 18:16:54,88
ssl_sha1,44319377ae94a257a0c081e5fdcb97d1d93b127d,sslbl,ConnectWise C&C,"sslbl,2026-07-15",2026-07-16 05:21:37,2026-09-09 18:16:54,88
ssl_sha1,4442db8ed5780616c630362ab45b8e59f40a2e5a,sslbl,Vidar C&C,"sslbl,2026-08-19",2026-08-19 16:06:13,2026-09-09 18:16:54,88
ssl_sha1,4454daf3ef7f7d71cf8e4ce8067c880f9976c952,sslbl,Vidar C&C,"sslbl,2026-09-06",2026-09-06 16:06:16,2026-09-09 18:16:54,88
ssl_sha1,448bf34943609cd5dcadf4b1dc58512df0718e57,sslbl,PureLogsStealer C&C,"sslbl,2026-08-06",2026-08-06 12:43:05,2026-09-09 18:16:54,88
ssl_sha1,44c6dc94a23e05350af1ff687fef8b78cb089b8b,sslbl,ConnectWise C&C,"sslbl,2026-09-08",2026-09-08 16:06:37,2026-09-09 18:16:54,88
ssl_sha1,450a46fca2ded0fb7231080b7ec1fef089aa6abe,sslbl,Stealc C&C,"sslbl,2026-08-27",2026-08-27 16:06:11,2026-09-09 18:16:54,88
ssl_sha1,45152caa36a93f2aa9dab483d4c57531221c431d,sslbl,DCRat C&C,"sslbl,2026-08-20",2026-08-20 16:06:17,2026-09-09 18:16:54,88
ssl_sha1,45bbc5ebc131cca9663c35c95459564007049d07,sslbl,Vidar C&C,"sslbl,2026-07-25",2026-07-25 17:35:24,2026-09-09 18:16:54,88
ssl_sha1,4672fba181056b9df706573af71ad6462ea3df67,sslbl,PureLogsStealer C&C,"sslbl,2026-08-11",2026-08-11 12:42:27,2026-09-09 18:16:54,88
ssl_sha1,46a2a90c5813eda22263c058742902faf1def5a6,sslbl,ConnectWise C&C,"sslbl,2026-08-14",2026-08-14 08:13:11,2026-09-09 18:16:54,88
ssl_sha1,472239fd43cdfe3b960245672b183c4be200ed7a,sslbl,Vidar C&C,"sslbl,2026-07-23",2026-07-24 05:35:19,2026-09-09 18:16:54,88
ssl_sha1,47a42b7e960e081fb973d80964554f4dea813c9d,sslbl,PureLogsStealer C&C,"sslbl,2026-07-15",2026-07-16 05:21:37,2026-09-09 18:16:54,88
ssl_sha1,481d7383aaeec383beb3012d8dfd20548837e42b,sslbl,PureRAT C&C,"sslbl,2026-08-20",2026-08-20 16:06:17,2026-09-09 18:16:54,88
ssl_sha1,48381652ae3e124b686c25282dac3858a5f2de3e,sslbl,PureRAT C&C,"sslbl,2026-07-21",2026-07-21 17:20:42,2026-09-09 18:16:54,88
ssl_sha1,4a67cf0297c6308d31cbd2e89cd5246817bb1330,sslbl,ACRStealer C&C,"sslbl,2026-08-28",2026-08-28 16:06:18,2026-09-09 18:16:54,88
ssl_sha1,4a6e8bfafdb4754d3fbc09a01e52a88d9d4dd57c,sslbl,OffLoader C&C,"sslbl,2026-08-19",2026-08-19 16:06:13,2026-09-09 18:16:54,88
ssl_sha1,4ab5197c559d38f2d4886d00f7140b09318bc5ca,sslbl,Vidar C&C,"sslbl,2026-07-13",2026-07-13 20:25:50,2026-09-09 18:16:54,88
ssl_sha1,4af902fc388e5b848db1767a6c708e2ada0ad99a,sslbl,Vidar C&C,"sslbl,2026-08-31",2026-08-31 16:06:17,2026-09-09 18:16:54,88
ssl_sha1,4b75d1218c87bc4192b6be37dbd990c11859fef8,sslbl,Metasploit C&C,"sslbl,2026-07-16",2026-07-16 17:20:54,2026-09-09 18:16:54,88
ssl_sha1,4bd9fa1c2cefa0f68b276923d33e9989e2fd0031,sslbl,PureRAT C&C,"sslbl,2026-08-04",2026-08-04 07:49:13,2026-09-09 18:16:54,88
ssl_sha1,4bf18cb50cb5bca46aff5785c1ba96a248d1e9fd,sslbl,Vidar C&C,"sslbl,2026-09-01",2026-09-01 16:06:06,2026-09-09 18:16:54,88
ssl_sha1,4c12b6aa784f92a3c50fb7d99289ca32fe21ad4c,sslbl,PureLogsStealer C&C,"sslbl,2026-09-08",2026-09-08 16:06:37,2026-09-09 18:16:54,88
ssl_sha1,4c7132f9c8bfa60751049644820c6f3a90884ff2,sslbl,RatonRAT C&C,"sslbl,2026-08-19",2026-08-19 16:06:13,2026-09-09 18:16:54,88
ssl_sha1,4cad5fa297a09de48d002bf034f543fd7a9384ed,sslbl,Vidar C&C,"sslbl,2026-08-12",2026-08-12 12:42:52,2026-09-09 18:16:54,88
ssl_sha1,4cc4e635af94a219c0c1eaa78c7c1eebdda49e1f,sslbl,PureRAT C&C,"sslbl,2026-09-01",2026-09-01 16:06:06,2026-09-09 18:16:54,88
ssl_sha1,4e1d76e094c1a61d2e1ed367f67545fabe9bc074,sslbl,Malware C&C,"sslbl,2026-09-01",2026-09-01 16:06:06,2026-09-09 18:16:54,88
ssl_sha1,4e5b7b186ad51a93d4e1ba0e2b5ca006b62571be,sslbl,AsyncRAT C&C,"sslbl,2026-07-21",2026-07-21 17:20:42,2026-09-09 18:16:54,88
ssl_sha1,4ee6cf96fce286a8e41faa52626ccf484c72a772,sslbl,Vidar C&C,"sslbl,2026-08-14",2026-08-14 08:13:11,2026-09-09 18:16:54,88
ssl_sha1,4f6db5622e97cb304f7a739d60c8c3acba13f260,sslbl,Stealc C&C,"sslbl,2026-08-19",2026-08-19 16:06:13,2026-09-09 18:16:54,88
ssl_sha1,5017bd59caaf4a057c724b366aa9530e5cc19931,sslbl,ConnectWise C&C,"sslbl,2026-08-04",2026-08-04 07:49:13,2026-09-09 18:16:54,88
ssl_sha1,501d817bb1780acfe5e47082c43472bda8068e4d,sslbl,LummaStealer C&C,"sslbl,2026-07-13",2026-07-13 20:25:50,2026-09-09 18:16:54,88
ssl_sha1,508ab3696a27249abc7ea437ee1b8bcb8a999d65,sslbl,OverlordRAT C&C,"sslbl,2026-08-08",2026-08-09 00:42:39,2026-09-09 18:16:54,88
ssl_sha1,50c542ca788f012319a8f72453ae5431e0213a4f,sslbl,PureLogsStealer C&C,"sslbl,2026-08-19",2026-08-19 16:06:13,2026-09-09 18:16:54,88
ssl_sha1,50cad154b9d5fdd19c3f67162257de03d3a6afcd,sslbl,OffLoader C&C,"sslbl,2026-07-17",2026-07-17 17:21:06,2026-09-09 18:16:54,88
ssl_sha1,52a61a5bae1d5d4fb771c4d8ab668c3570c77283,sslbl,PureRAT C&C,"sslbl,2026-08-31",2026-08-31 16:06:17,2026-09-09 18:16:54,88
ssl_sha1,52b3c657964c5ac626f54446cbfb75165d215d65,sslbl,PureLogsStealer C&C,"sslbl,2026-08-04",2026-08-04 07:49:13,2026-09-09 18:16:54,88
ssl_sha1,53e5a73e14b16d4140421466795a2196a53e2bbc,sslbl,PureRAT C&C,"sslbl,2026-08-27",2026-08-27 16:06:11,2026-09-09 18:16:54,88
ssl_sha1,544c1e86e02e5ac18fabe17fff152e4c7e370990,sslbl,ACRStealer C&C,"sslbl,2026-07-23",2026-07-23 18:30:39,2026-09-09 18:16:54,88
ssl_sha1,55828dc9278fe7cc50514d9e95e64422804a0b84,sslbl,OffLoader C&C,"sslbl,2026-08-10",2026-08-10 12:42:40,2026-09-09 18:16:54,88
ssl_sha1,572029fec2909ba613cee3c3698b8a49af83b428,sslbl,OffLoader C&C,"sslbl,2026-07-15",2026-07-16 05:21:37,2026-09-09 18:16:54,88
ssl_sha1,573ff46149f8feb36cd0dbf80427b88aa156ed7b,sslbl,KongTuke C&C,"sslbl,2026-07-17",2026-07-17 17:21:06,2026-09-09 18:16:54,88
ssl_sha1,5750697f5e734c9105b89e13cc68fa51ae35e726,sslbl,Vidar C&C,"sslbl,2026-09-06",2026-09-06 16:06:16,2026-09-09 18:16:54,88
ssl_sha1,57dd505a5d745deaa32411f3f7e247e6795164a5,sslbl,Vidar C&C,"sslbl,2026-08-19",2026-08-19 16:06:13,2026-09-09 18:16:54,88
ssl_sha1,58243e4728cadacb308dfa0b964571e374ac3c1c,sslbl,Vidar C&C,"sslbl,2026-08-04",2026-08-04 07:49:13,2026-09-09 18:16:54,88
ssl_sha1,58a5ded84c93621d72ecc14b386e0e6bea5d103a,sslbl,Vidar C&C,"sslbl,2026-07-15",2026-07-16 05:21:37,2026-09-09 18:16:54,88
ssl_sha1,5b0334a2bc768aa1fef1eb0d10bf52edb071bf1c,sslbl,Vidar C&C,"sslbl,2026-08-10",2026-08-10 12:42:40,2026-09-09 18:16:54,88
ssl_sha1,5b276d28106cb7d91dd5f810e61d9523d34c7804,sslbl,PureLogsStealer C&C,"sslbl,2026-08-21",2026-08-21 16:09:28,2026-09-09 18:16:54,88
ssl_sha1,5b3c4900b63eb2ca8d0d174ef9e989324bc58c0d,sslbl,TELEPUZ C&C,"sslbl,2026-08-21",2026-08-21 16:09:28,2026-09-09 18:16:54,88
ssl_sha1,5b86c194e3e28190e76652c7a39e9acbf849ada2,sslbl,Vidar C&C,"sslbl,2026-08-13",2026-08-13 08:13:02,2026-09-09 18:16:54,88
ssl_sha1,5d801efeb2e22aa0da901ffbce45db05a80a7b0b,sslbl,Vidar C&C,"sslbl,2026-08-25",2026-08-25 16:07:37,2026-09-09 18:16:54,88
ssl_sha1,5dc598df9a1f9cf893ce86b54f8be517475d1ff9,sslbl,OffLoader C&C,"sslbl,2026-07-21",2026-07-21 17:20:42,2026-09-09 18:16:54,88
ssl_sha1,5dcd3232fc9873ebedca38f8ba5992fce6dccb61,sslbl,PureLogsStealer C&C,"sslbl,2026-08-05",2026-08-06 00:43:27,2026-09-09 18:16:54,88
ssl_sha1,5df6480942779ca755ba42db5446f6492a3bb99b,sslbl,PureLogsStealer C&C,"sslbl,2026-08-26",2026-08-26 16:06:11,2026-09-09 18:16:54,88
ssl_sha1,5e06eaa686adc5ca8fd118752c6667e826bbcad0,sslbl,ConnectWise C&C,"sslbl,2026-08-28",2026-08-29 04:06:17,2026-09-09 18:16:54,88
ssl_sha1,5e7110d4c25e3aef153d9d38610550ad510f23cf,sslbl,Vidar C&C,"sslbl,2026-08-19",2026-08-19 16:06:13,2026-09-09 18:16:54,88
ssl_sha1,5e9de84aab8968d3a10710904a0844d0c360d2a8,sslbl,Vidar C&C,"sslbl,2026-09-03",2026-09-03 16:06:37,2026-09-09 18:16:54,88
ssl_sha1,5efdc565e73e10756c6962ebadd15cf4b1075ea9,sslbl,OffLoader C&C,"sslbl,2026-09-06",2026-09-06 16:06:16,2026-09-09 18:16:54,88
ssl_sha1,60df0e327f3736946e966b453ef233da0c42b927,sslbl,Havoc C&C,"sslbl,2026-08-10",2026-08-10 12:42:40,2026-09-09 18:16:54,88
ssl_sha1,61042420cd71b5edcdd9ef7ff070deef7398a725,sslbl,Vidar C&C,"sslbl,2026-08-04",2026-08-04 07:49:13,2026-09-09 18:16:54,88
ssl_sha1,629ea8772f7b1e8bf216dfc3b2170eb903ee8faa,sslbl,PureLogsStealer C&C,"sslbl,2026-09-09",2026-09-09 16:06:20,2026-09-09 18:16:54,88
ssl_sha1,632061b26a93455e9c4f0ac413deae710c920216,sslbl,PureLogsStealer C&C,"sslbl,2026-07-21",2026-07-21 17:20:42,2026-09-09 18:16:54,88
ssl_sha1,64ba3430f767ced74b2828509a653187e9553971,sslbl,Vidar C&C,"sslbl,2026-08-11",2026-08-12 00:43:15,2026-09-09 18:16:54,88
ssl_sha1,64e6fe29e84ea3ecaaef08920d8ceb9567240166,sslbl,Vidar C&C,"sslbl,2026-08-25",2026-08-25 16:07:37,2026-09-09 18:16:54,88
ssl_sha1,655b8a9e32dd444d708ab21eb8604f89332db8ab,sslbl,Vidar C&C,"sslbl,2026-08-27",2026-08-27 16:06:11,2026-09-09 18:16:54,88
ssl_sha1,659379b480f2d3448f8946b0961115e00bfdbce0,sslbl,OffLoader C&C,"sslbl,2026-07-13",2026-07-13 20:25:49,2026-09-09 18:16:54,88
ssl_sha1,664729bef77ee9c9f2f523fc1305ef65fa05dbae,sslbl,Vidar C&C,"sslbl,2026-08-11",2026-08-11 12:42:27,2026-09-09 18:16:54,88
ssl_sha1,6647f9e4a2e273d7b78ff02be7114b0e9e2a719f,sslbl,AsyncRAT C&C,"sslbl,2026-08-04",2026-08-04 07:49:13,2026-09-09 18:16:54,88
ssl_sha1,67044f9079f804d4a6217093c679897fec1f90e2,sslbl,AsyncRAT C&C,"sslbl,2026-07-23",2026-07-24 05:35:19,2026-09-09 18:16:54,88
ssl_sha1,6712d3901855387b6d4f3d29576f04df40fa30c1,sslbl,BoratRAT C&C,"sslbl,2026-09-02",2026-09-02 16:07:20,2026-09-09 18:16:54,88
ssl_sha1,674a11078348ede85c2e978063a1eb6ea1dbfd81,sslbl,OffLoader C&C,"sslbl,2026-08-26",2026-08-26 16:06:11,2026-09-09 18:16:54,88
ssl_sha1,680cfafa3541d8bdf18c8725016b0d987b9a7dbc,sslbl,DCRat C&C,"sslbl,2026-08-13",2026-08-13 08:13:02,2026-09-09 18:16:54,88
ssl_sha1,687928f5bd90cb243f29760de8d299236de2cadf,sslbl,PureRAT C&C,"sslbl,2026-08-19",2026-08-20 04:06:14,2026-09-09 18:16:54,88
ssl_sha1,68ffb512bc3f1f544502736127d3bdbd6ece390b,sslbl,OffLoader C&C,"sslbl,2026-07-15",2026-07-16 05:21:37,2026-09-09 18:16:54,88
ssl_sha1,696ef14e986d01e7d9186a690a06849c9cc49c4b,sslbl,ConnectWise C&C,"sslbl,2026-09-01",2026-09-01 16:06:06,2026-09-09 18:16:54,88
ssl_sha1,6c6027c8ff18b0f79bd3c40848c2b189a18b49ac,sslbl,QuasarRAT C&C,"sslbl,2026-09-02",2026-09-02 16:07:20,2026-09-09 18:16:54,88
ssl_sha1,6ca71f241dad148aaee6ea4a345e1ef1adaa0ffb,sslbl,KongTuke C&C,"sslbl,2026-07-23",2026-07-23 18:30:39,2026-09-09 18:16:54,88
ssl_sha1,6cac7b4801a4e5b675050769d90bb1da5306d537,sslbl,ConnectWise C&C,"sslbl,2026-08-04",2026-08-04 07:49:13,2026-09-09 18:16:54,88
ssl_sha1,6d92d180394761c59cc1455cf6a7c773fb4efabe,sslbl,PureRAT C&C,"sslbl,2026-08-20",2026-08-20 16:06:17,2026-09-09 18:16:54,88
ssl_sha1,6ddb71e5a27eccf80773188066ac92d9d39506d7,sslbl,Vidar C&C,"sslbl,2026-09-02",2026-09-02 16:07:20,2026-09-09 18:16:54,88
ssl_sha1,6e64e6fafd7922f1100ce4f5334fef6dd75b2e66,sslbl,PureLogsStealer C&C,"sslbl,2026-08-06",2026-08-06 12:43:05,2026-09-09 18:16:54,88
ssl_sha1,711c3a7bd15ae5377f4c395e23b3d8b8f1327ced,sslbl,Vidar C&C,"sslbl,2026-08-30",2026-08-30 16:06:18,2026-09-09 18:16:54,88
ssl_sha1,714c56e9e207d5c8e08e1ca28cd9ba85f079d061,sslbl,AsyncRAT C&C,"sslbl,2026-08-08",2026-08-09 00:42:39,2026-09-09 18:16:54,88
ssl_sha1,73202d8d2ac9a9e04c2bdefa6ea8db2860d779a9,sslbl,Vidar C&C,"sslbl,2026-07-23",2026-07-24 05:35:19,2026-09-09 18:16:54,88
ssl_sha1,732c7efa7d624c30b074e78df6595f54fde9188d,sslbl,Vidar C&C,"sslbl,2026-08-20",2026-08-20 16:06:17,2026-09-09 18:16:54,88
ssl_sha1,7403dde12ab9b1c61109441a97fcda78ef197155,sslbl,PureRAT C&C,"sslbl,2026-07-14",2026-07-14 08:25:37,2026-09-09 18:16:54,88
ssl_sha1,742d693a2a83e70088711c99db5db56b1aa4b9da,sslbl,Malware distribution,"sslbl,2026-07-23",2026-07-24 05:35:19,2026-09-09 18:16:54,88
ssl_sha1,755c81877937861388f42dc73d5a6bf24c96e13b,sslbl,PureRAT C&C,"sslbl,2026-09-04",2026-09-04 16:06:41,2026-09-09 18:16:54,88
ssl_sha1,769a6310d3d9533c1b3e0ddee3c1b6ebbda60891,sslbl,OffLoader C&C,"sslbl,2026-08-07",2026-08-07 12:43:25,2026-09-09 18:16:54,88
ssl_sha1,7767913e33fac1ed9c448460267ca0e6cbe627b4,sslbl,Vidar C&C,"sslbl,2026-07-30",2026-07-31 05:35:34,2026-09-09 18:16:54,88
ssl_sha1,77b9903c538d045e266bd4d6cf40ede0b040b403,sslbl,ConnectWise C&C,"sslbl,2026-08-27",2026-08-27 16:06:11,2026-09-09 18:16:54,88
ssl_sha1,78527fc92bcf8d188b3bcab1b35ac5881e2aaa43,sslbl,AsyncRAT C&C,"sslbl,2026-09-06",2026-09-06 16:06:16,2026-09-09 18:16:54,88
ssl_sha1,78dc4f50971751cbf98b96219dd56f099095a717,sslbl,Vidar C&C,"sslbl,2026-08-13",2026-08-13 08:13:02,2026-09-09 18:16:54,88
ssl_sha1,793ccba0eaedcd1a87bb5200cde5a1c9f21ad4ad,sslbl,Vidar C&C,"sslbl,2026-08-12",2026-08-12 12:42:52,2026-09-09 18:16:54,88
ssl_sha1,79e9e22d16866b1126c524c08afda88a225d6545,sslbl,ACRStealer C&C,"sslbl,2026-08-19",2026-08-19 16:06:13,2026-09-09 18:16:54,88
ssl_sha1,7a9be497f84c09e7591ba7c7d69539a6e0468302,sslbl,Vidar C&C,"sslbl,2026-08-24",2026-08-24 16:06:10,2026-09-09 18:16:54,88
ssl_sha1,7b5604ee44715ba0b4e92c2281f30c5a3416ca41,sslbl,ACRStealer C&C,"sslbl,2026-07-24",2026-07-24 17:35:21,2026-09-09 18:16:54,88
ssl_sha1,7bbac2b67988c36fa1dbd3a75dc06629f766ccaf,sslbl,Vidar C&C,"sslbl,2026-08-13",2026-08-13 20:13:53,2026-09-09 18:16:54,88
ssl_sha1,7bdeed30f5501a30f6aecc3f3cc372f7e52d6ce0,sslbl,ConnectWise C&C,"sslbl,2026-08-07",2026-08-07 12:43:25,2026-09-09 18:16:54,88
ssl_sha1,7bf6011a10ea612968ea925608fa67b5d599863a,sslbl,Vidar C&C,"sslbl,2026-08-12",2026-08-12 12:42:52,2026-09-09 18:16:54,88
ssl_sha1,7bf78d44f61a05e919479a1cf3e0ce158a50a0c6,sslbl,AsyncRAT C&C,"sslbl,2026-08-18",2026-08-18 22:07:31,2026-09-09 18:16:54,88
ssl_sha1,7c27d36636428305d692f50c753e2e9af3897290,sslbl,ConnectWise C&C,"sslbl,2026-07-15",2026-07-16 05:21:37,2026-09-09 18:16:54,88
ssl_sha1,7c3a6c14032bce06d59bd68a7b61a8b88fe222ac,sslbl,OffLoader C&C,"sslbl,2026-08-11",2026-08-11 12:42:27,2026-09-09 18:16:54,88
ssl_sha1,7d5d941b4a1e4732fad44cce2a4ded87a20d5508,sslbl,Vidar C&C,"sslbl,2026-09-06",2026-09-06 16:06:16,2026-09-09 18:16:54,88
ssl_sha1,7d7d8f52b3aee2d5233b2f8cc838cd08a6036c1d,sslbl,OffLoader C&C,"sslbl,2026-09-07",2026-09-07 16:06:32,2026-09-09 18:16:54,88
ssl_sha1,7f111c69f42266b474927156f103d70843e7f82b,sslbl,RatonRAT C&C,"sslbl,2026-08-27",2026-08-27 16:06:11,2026-09-09 18:16:54,88
ssl_sha1,7f1ed4a13d8a2ba6e690ecaf66a9dfa42dd8d9d1,sslbl,ValleyRAT C&C,"sslbl,2026-08-25",2026-08-25 16:07:37,2026-09-09 18:16:54,88
ssl_sha1,7f44d36f1f6bd375ba4e4a7866328a76047ce498,sslbl,AsyncRAT C&C,"sslbl,2026-08-19",2026-08-19 16:06:13,2026-09-09 18:16:54,88
ssl_sha1,7f563e6df9b87f615f2d492ba68d5df373a6ca26,sslbl,ACRStealer C&C,"sslbl,2026-07-18",2026-07-19 05:20:40,2026-09-09 18:16:54,88
ssl_sha1,7f73eeb03e7df441484d4610c5a0c3a02f166989,sslbl,PureLogsStealer C&C,"sslbl,2026-08-20",2026-08-20 16:06:17,2026-09-09 18:16:54,88
ssl_sha1,7fa3afaafe3b7c5eab63712e58c9414a86d559ec,sslbl,AsyncRAT C&C,"sslbl,2026-09-06",2026-09-06 16:06:16,2026-09-09 18:16:54,88
ssl_sha1,80c36e681125d92c8edfbf7adce71d3bda48d1f9,sslbl,Malware distribution,"sslbl,2026-07-23",2026-07-24 05:35:19,2026-09-09 18:16:54,88
ssl_sha1,820cd09994b3e76f6e89926a4b94ec0ccacd888c,sslbl,OffLoader C&C,"sslbl,2026-07-23",2026-07-24 05:35:19,2026-09-09 18:16:54,88
ssl_sha1,824d7a319b89b78f79a191f8c34bcfcd0a69abff,sslbl,PureLogsStealer C&C,"sslbl,2026-07-14",2026-07-14 08:25:37,2026-09-09 18:16:54,88
ssl_sha1,83424f01b8b7262f3a3cd61048d3337afdcca58a,sslbl,KongTuke C&C,"sslbl,2026-07-16",2026-07-16 17:20:54,2026-09-09 18:16:54,88
ssl_sha1,841672d728070f0e4519a650a9c8618f9b80c502,sslbl,PureLogsStealer C&C,"sslbl,2026-08-28",2026-08-28 16:06:18,2026-09-09 18:16:54,88
ssl_sha1,847e013a4d337babfdf203eba82d2d32717b9d2d,sslbl,PureLogsStealer C&C,"sslbl,2026-08-10",2026-08-11 00:42:33,2026-09-09 18:16:54,88
ssl_sha1,8508e14457ad7de321edddf3688e124d5f1d652c,sslbl,Vidar C&C,"sslbl,2026-08-28",2026-08-28 16:06:18,2026-09-09 18:16:54,88
ssl_sha1,851e9888eda6290dc6d0c817ac0c82488a9e0bd8,sslbl,Vidar C&C,"sslbl,2026-09-01",2026-09-01 16:06:06,2026-09-09 18:16:54,88
ssl_sha1,865a8d01e86bcf06890c09c7b3e9f2c786d7e600,sslbl,PureRAT C&C,"sslbl,2026-08-20",2026-08-20 16:06:17,2026-09-09 18:16:54,88
ssl_sha1,87feeb825ed6c63616f07bcc03b76454c7e1612f,sslbl,Vidar C&C,"sslbl,2026-08-12",2026-08-12 12:42:52,2026-09-09 18:16:54,88
ssl_sha1,88b2180ded8f8a30de34b4dc84c2328bbd0af49f,sslbl,PureRAT C&C,"sslbl,2026-08-10",2026-08-10 12:42:40,2026-09-09 18:16:54,88
ssl_sha1,89bbec947a91917d4676037abb417ceb72770851,sslbl,Vidar C&C,"sslbl,2026-08-17",2026-08-17 08:13:04,2026-09-09 18:16:54,88
ssl_sha1,8a6a82fdb53374bd62b62120a007ceb19d4ad827,sslbl,OffLoader C&C,"sslbl,2026-08-11",2026-08-11 12:42:27,2026-09-09 18:16:54,88
ssl_sha1,8b41b8741c4d2a24de0aba241f742f043f1014d1,sslbl,Vidar C&C,"sslbl,2026-08-27",2026-08-27 16:06:11,2026-09-09 18:16:54,88
ssl_sha1,8bdf129211692888e48d0970e49a8559450974dc,sslbl,AdaptixC2 C&C,"sslbl,2026-08-07",2026-08-07 12:43:25,2026-09-09 18:16:54,88
ssl_sha1,8befa0033eaaa1693777be12aa7d9236a9caf188,sslbl,Vidar C&C,"sslbl,2026-08-11",2026-08-11 12:42:27,2026-09-09 18:16:54,88
ssl_sha1,8c2a430246ca36ca14885fe1a101c61eaab4a96c,sslbl,AsyncRAT C&C,"sslbl,2026-08-31",2026-08-31 16:06:17,2026-09-09 18:16:54,88
ssl_sha1,8c6132e27eb7bfe859029b583c55243baf3f3029,sslbl,PureRAT C&C,"sslbl,2026-08-20",2026-08-20 16:06:17,2026-09-09 18:16:54,88
ssl_sha1,8c798a5e27290e239890509e6b0c08c214664a87,sslbl,Vidar C&C,"sslbl,2026-08-12",2026-08-12 12:42:52,2026-09-09 18:16:54,88
ssl_sha1,8cbedfb429f0d39039f26e2ce229191f21723e88,sslbl,RatonRAT C&C,"sslbl,2026-09-01",2026-09-01 16:06:06,2026-09-09 18:16:54,88
ssl_sha1,8d2a3d5cb72fac2e04ef51b3e056ab6b75e3f408,sslbl,PureLogsStealer C&C,"sslbl,2026-09-09",2026-09-09 16:06:20,2026-09-09 18:16:54,88
ssl_sha1,8d6fdff168340e954aad4f0f924276cd5b6e31b2,sslbl,Vidar C&C,"sslbl,2026-08-18",2026-08-18 10:07:25,2026-09-09 18:16:54,88
ssl_sha1,8d8f084ddf2729d1f4747f2a428dd8d9b13e1cfa,sslbl,OffLoader C&C,"sslbl,2026-08-22",2026-08-22 16:06:16,2026-09-09 18:16:54,88
ssl_sha1,8ef5bc8cb7d00d8b89bacbd4f9405f402d1a002e,sslbl,SheetRAT C&C,"sslbl,2026-07-15",2026-07-16 05:21:37,2026-09-09 18:16:54,88
ssl_sha1,8f000dbd7cc73e8857d42a3c7c15676305af6889,sslbl,AsyncRAT C&C,"sslbl,2026-07-13",2026-07-13 20:25:50,2026-09-09 18:16:54,88
ssl_sha1,8f0bfca0ab1d555a035d5b498c9e26acdab3d7aa,sslbl,ACRStealer C&C,"sslbl,2026-08-10",2026-08-10 12:42:40,2026-09-09 18:16:54,88
ssl_sha1,8f0de55e89d97b4f3581f77805955a2b719563b8,sslbl,PureRAT C&C,"sslbl,2026-07-23",2026-07-24 05:35:19,2026-09-09 18:16:54,88
ssl_sha1,8f154a9a3584398eb6be34b0e2f05c79c63cea6a,sslbl,OffLoader C&C,"sslbl,2026-08-28",2026-08-29 04:06:17,2026-09-09 18:16:54,88
ssl_sha1,9000e46cabc64219fb1447d59d5443afcb412e36,sslbl,Vidar C&C,"sslbl,2026-07-21",2026-07-21 17:20:42,2026-09-09 18:16:54,88
ssl_sha1,919d5be1da2b1383786286d0fb199f4575db0d59,sslbl,Vidar C&C,"sslbl,2026-08-12",2026-08-12 12:42:52,2026-09-09 18:16:54,88
ssl_sha1,92bebc09af464e669c68d95052916e76f989e043,sslbl,Malware C&C,"sslbl,2026-08-04",2026-08-05 12:42:46,2026-09-09 18:16:54,88
ssl_sha1,930851db267db9c407bc5adaa9d49f5c994abece,sslbl,PureRAT C&C,"sslbl,2026-08-10",2026-08-10 12:42:40,2026-09-09 18:16:54,88
ssl_sha1,940df23eebede1e1e33a4c521ba05b4b37d04d68,sslbl,Vidar C&C,"sslbl,2026-08-11",2026-08-12 00:43:15,2026-09-09 18:16:54,88
ssl_sha1,942c595db95914eb4987a1e7ddd6f728fbc674ec,sslbl,PureLogsStealer C&C,"sslbl,2026-08-04",2026-08-05 12:42:46,2026-09-09 18:16:54,88
ssl_sha1,94711c109335059bb2dc4d338f33d3083004d6fa,sslbl,ACRStealer C&C,"sslbl,2026-08-28",2026-08-28 16:06:18,2026-09-09 18:16:54,88
ssl_sha1,94c2c17d919e1560dca7d4980e7f9c6eb5a402a0,sslbl,Vidar C&C,"sslbl,2026-08-14",2026-08-14 08:13:11,2026-09-09 18:16:54,88
ssl_sha1,952bcdeea03ea702626a30069c949581bf2d1b05,sslbl,Vidar C&C,"sslbl,2026-08-18",2026-08-18 22:07:31,2026-09-09 18:16:54,88
ssl_sha1,95a5eea4198c93663802a9ea047164b5497ea27f,sslbl,Malware C&C,"sslbl,2026-08-14",2026-08-14 08:13:11,2026-09-09 18:16:54,88
ssl_sha1,95fcb5ff7bd5e1d06b1e585af4ba3ceb95f01164,sslbl,Vidar C&C,"sslbl,2026-08-11",2026-08-11 12:42:27,2026-09-09 18:16:54,88
ssl_sha1,964d86f575c50b29d2b7157331d556859dd43e5e,sslbl,Vidar C&C,"sslbl,2026-08-05",2026-08-05 12:42:46,2026-09-09 18:16:54,88
ssl_sha1,969b40a4fd2fb579a29aed9b2f81a7cf5cc0b1db,sslbl,PureLogsStealer C&C,"sslbl,2026-08-27",2026-08-27 16:06:11,2026-09-09 18:16:54,88
ssl_sha1,971af46c861e6f88e60b7c07a4850e76423c5c4a,sslbl,ConnectWise C&C,"sslbl,2026-08-07",2026-08-07 12:43:25,2026-09-09 18:16:54,88
ssl_sha1,972c98978e420c02a8d8c5f87930dadc70adbbd8,sslbl,ConnectWise C&C,"sslbl,2026-09-04",2026-09-04 16:06:41,2026-09-09 18:16:54,88
ssl_sha1,97cceb2f57c3b60f9d94b4603ac55860aaa9e03d,sslbl,ConnectWise C&C,"sslbl,2026-08-04",2026-08-04 07:49:13,2026-09-09 18:16:54,88
ssl_sha1,97dd1d6a2bc5769af6e0a7999bfaf2aeaf5452a1,sslbl,Vidar C&C,"sslbl,2026-08-05",2026-08-05 12:42:46,2026-09-09 18:16:54,88
ssl_sha1,991bf55fc47c006b3eedf6b348296f9f7aba20eb,sslbl,PureLogsStealer C&C,"sslbl,2026-07-21",2026-07-21 17:20:42,2026-09-09 18:16:54,88
ssl_sha1,99e8e296eae361f7ddeb6ce7cc6d4bd521ee24b3,sslbl,Vidar C&C,"sslbl,2026-08-11",2026-08-11 12:42:27,2026-09-09 18:16:54,88
ssl_sha1,9a7e2e73f967101d75a3cb425b8980d50ca5c001,sslbl,ConnectWise C&C,"sslbl,2026-08-04",2026-08-04 07:49:13,2026-09-09 18:16:54,88
ssl_sha1,9aba7caceb4b84b49aaa4285d73183a94f4a50d5,sslbl,PureRAT C&C,"sslbl,2026-08-08",2026-08-09 00:42:39,2026-09-09 18:16:54,88
ssl_sha1,9b1d8ac99d61fbc0ba58655538c457db69c459e7,sslbl,PureLogsStealer C&C,"sslbl,2026-08-06",2026-08-06 12:43:05,2026-09-09 18:16:54,88
ssl_sha1,9b422835f6e86dcb59e08f1bb9a47576d98fff81,sslbl,Vidar C&C,"sslbl,2026-08-12",2026-08-12 12:42:52,2026-09-09 18:16:54,88
ssl_sha1,9b4c3ff8dc5891693f443320e3c1167c7cebe2b7,sslbl,QuasarRAT C&C,"sslbl,2026-08-13",2026-08-13 20:13:53,2026-09-09 18:16:54,88
ssl_sha1,9b5e0b2f2acb07fb226b8805b3a5fb5a28035e6e,sslbl,PureLogsStealer C&C,"sslbl,2026-08-04",2026-08-05 12:42:46,2026-09-09 18:16:54,88
ssl_sha1,9ba597b7a850fe598927a226f6ab2efd3050ff95,sslbl,Vidar C&C,"sslbl,2026-08-19",2026-08-20 04:06:14,2026-09-09 18:16:54,88
ssl_sha1,9bfa1f9e8d990faec4c91c5b9eaeb15898aff2e7,sslbl,ConnectWise C&C,"sslbl,2026-08-04",2026-08-04 07:49:13,2026-09-09 18:16:54,88
ssl_sha1,9c0a9291be46e42b67835dff9e6c767fd6660287,sslbl,Malware C&C,"sslbl,2026-08-22",2026-08-22 16:06:16,2026-09-09 18:16:54,88
ssl_sha1,9c124d9fc4b10c04767b554f02b92d6591175e8a,sslbl,PureRAT C&C,"sslbl,2026-07-21",2026-07-21 17:20:42,2026-09-09 18:16:54,88
ssl_sha1,9cd7f02e5bd6f0cb16141c3205aa9b00b0fce027,sslbl,PureLogsStealer C&C,"sslbl,2026-08-13",2026-08-13 20:13:53,2026-09-09 18:16:54,88
ssl_sha1,9d495a9c646e3962ac5445e9b4da6832164dc4ee,sslbl,OffLoader C&C,"sslbl,2026-08-28",2026-08-28 16:06:18,2026-09-09 18:16:54,88
ssl_sha1,9df53aa0bf7a64882c66ee9c8122b4eae9cf79a6,sslbl,HypeAgent C&C,"sslbl,2026-08-31",2026-08-31 16:06:17,2026-09-09 18:16:54,88
ssl_sha1,9ea13ee5065114aee007c91c941ac3f8483c4326,sslbl,Vidar C&C,"sslbl,2026-08-13",2026-08-13 08:13:02,2026-09-09 18:16:54,88
ssl_sha1,9f0464e29fb94333e1ad31740bf4d4bff89cbd28,sslbl,Vidar C&C,"sslbl,2026-08-28",2026-08-28 16:06:18,2026-09-09 18:16:54,88
ssl_sha1,9f7f53410f881c40adf0d4e16a67fd8c4446452a,sslbl,OffLoader C&C,"sslbl,2026-09-09",2026-09-09 16:06:20,2026-09-09 18:16:54,88
ssl_sha1,a0b782d798a48e117c995c9deb013c5cffb0ac58,sslbl,PureLogsStealer C&C,"sslbl,2026-08-11",2026-08-11 12:42:27,2026-09-09 18:16:54,88
ssl_sha1,a0cd40a589573d515fb3d7c30d6de0d45d40a4fa,sslbl,ConnectWise C&C,"sslbl,2026-07-15",2026-07-16 05:21:37,2026-09-09 18:16:54,88
ssl_sha1,a0d553e2a130766628359bea489166c63b9892d7,sslbl,Vidar C&C,"sslbl,2026-08-30",2026-08-30 16:06:18,2026-09-09 18:16:54,88
ssl_sha1,a1146ac98390794517ff821a3377458555100eb3,sslbl,PureLogsStealer C&C,"sslbl,2026-08-04",2026-08-05 12:42:46,2026-09-09 18:16:54,88
ssl_sha1,a18ccdbee8a145ba523641dc63189ad51cd04064,sslbl,PureRAT C&C,"sslbl,2026-08-21",2026-08-21 16:09:28,2026-09-09 18:16:54,88
ssl_sha1,a1f081f8dbb13e90a644017441c648053495a708,sslbl,VenomRAT C&C,"sslbl,2026-09-06",2026-09-06 16:06:16,2026-09-09 18:16:54,88
ssl_sha1,a3aed5e99b2c6563d265a69702d9071940eed8aa,sslbl,ConnectWise C&C,"sslbl,2026-07-15",2026-07-16 05:21:37,2026-09-09 18:16:54,88
ssl_sha1,a45080c92a0b2314966517a4643ebf280e88a11b,sslbl,LummaStealer C&C,"sslbl,2026-08-14",2026-08-14 08:13:11,2026-09-09 18:16:54,88
ssl_sha1,a4a31d169043dc65fd2b36a0352564244c820b1d,sslbl,Malware C&C,"sslbl,2026-08-26",2026-08-26 16:06:11,2026-09-09 18:16:54,88
ssl_sha1,a52e17fe607d1e562e0cb67c6f2342e6b4dbf191,sslbl,Vidar C&C,"sslbl,2026-08-18",2026-08-18 10:07:25,2026-09-09 18:16:54,88
ssl_sha1,a5930d8e37f9f2874a281294d8508dd79df36b98,sslbl,ConnectWise C&C,"sslbl,2026-08-04",2026-08-04 07:49:13,2026-09-09 18:16:54,88
ssl_sha1,a5b119da03c543fa703dcf1f1470b547c88bc0ef,sslbl,Vidar C&C,"sslbl,2026-09-06",2026-09-06 16:06:16,2026-09-09 18:16:54,88
ssl_sha1,a5d4974f89b3751853ea918b1dea7564c7cb8185,sslbl,Vidar C&C,"sslbl,2026-08-27",2026-08-27 16:06:11,2026-09-09 18:16:54,88
ssl_sha1,a6268e092f3de555c67dac2f9e52eae979b3d8e3,sslbl,Vidar C&C,"sslbl,2026-08-17",2026-08-17 08:13:04,2026-09-09 18:16:54,88
ssl_sha1,a66308a1fb09c8345228ca00335e633b2dabde53,sslbl,Malware C&C,"sslbl,2026-09-06",2026-09-06 16:06:16,2026-09-09 18:16:54,88
ssl_sha1,a6df6eca49e13a8c5ebba1f86ca4c5766b1c1b97,sslbl,KongTuke C&C,"sslbl,2026-07-17",2026-07-17 17:21:06,2026-09-09 18:16:54,88
ssl_sha1,a6e6aa58bac84e56b868f5f618ef227b75d7208e,sslbl,QuasarRAT C&C,"sslbl,2026-08-29",2026-08-29 16:10:47,2026-09-09 18:16:54,88
ssl_sha1,a7a6a1125d19a58e8b9ca2c7d187915e06c0adce,sslbl,OffLoader C&C,"sslbl,2026-08-31",2026-08-31 16:06:17,2026-09-09 18:16:54,88
ssl_sha1,a7fa6117a38135c4d9c26ec7e37f15b361535edf,sslbl,Vidar C&C,"sslbl,2026-08-30",2026-08-30 16:06:18,2026-09-09 18:16:54,88
ssl_sha1,a974b9d90161d8c5221961c65a975d81959cdb40,sslbl,Vidar C&C,"sslbl,2026-08-30",2026-08-31 04:06:19,2026-09-09 18:16:54,88
ssl_sha1,a9ebd28ce7e4ac020e6d263e228b8547e1914bfa,sslbl,Vidar C&C,"sslbl,2026-08-06",2026-08-07 00:43:03,2026-09-09 18:16:54,88
ssl_sha1,aa50e1b4a6e7c66ba2ce4c1c82e62f8d74cd7202,sslbl,Vidar C&C,"sslbl,2026-08-21",2026-08-21 16:09:28,2026-09-09 18:16:54,88
ssl_sha1,aa813482114409b8a5f198a39d02a77d492f7911,sslbl,ACRStealer C&C,"sslbl,2026-07-14",2026-07-14 08:25:37,2026-09-09 18:16:54,88
ssl_sha1,aaaa57850472f7c23d75d9470b1f98655d5c3655,sslbl,OffLoader C&C,"sslbl,2026-08-08",2026-08-09 00:42:39,2026-09-09 18:16:54,88
ssl_sha1,aaf31b3f7acfe6dc859d1b6269c7e17337a61fd7,sslbl,OffLoader C&C,"sslbl,2026-08-26",2026-08-26 16:06:11,2026-09-09 18:16:54,88
ssl_sha1,ab273c45f00b156514b5b6be664484911dbed547,sslbl,PureRAT C&C,"sslbl,2026-08-20",2026-08-20 16:06:17,2026-09-09 18:16:54,88
ssl_sha1,ab43d834686476fef1094bb0f9c5eef7d0bcd2f9,sslbl,SparkRAT C&C,"sslbl,2026-08-19",2026-08-19 16:06:13,2026-09-09 18:16:54,88
ssl_sha1,ab53f86d2ce32d9306f431e8e82f39cb31f48a53,sslbl,Vidar C&C,"sslbl,2026-08-19",2026-08-19 16:06:13,2026-09-09 18:16:54,88
ssl_sha1,abacd13c43005d6868d9b586e029a1d6a74e1470,sslbl,ConnectWise C&C,"sslbl,2026-08-19",2026-08-19 16:06:13,2026-09-09 18:16:54,88
ssl_sha1,abe57abc8722c69494113060260ba340cd897744,sslbl,ShellterLoader C&C,"sslbl,2026-08-17",2026-08-17 18:44:22,2026-09-09 18:16:54,88
ssl_sha1,ad3cd2a04112f9ffec395649d537dc68bceb3754,sslbl,PureRAT C&C,"sslbl,2026-08-07",2026-08-07 12:43:25,2026-09-09 18:16:54,88
ssl_sha1,adfc8dd0c5e99a8e33b1df7d5c10fc9653342491,sslbl,ConnectWise C&C,"sslbl,2026-08-22",2026-08-22 16:06:16,2026-09-09 18:16:54,88
ssl_sha1,ae2744e9ad9fb574cb79ceff176cbfc982e4fddb,sslbl,ConnectWise C&C,"sslbl,2026-08-11",2026-08-11 12:42:27,2026-09-09 18:16:54,88
ssl_sha1,aec890965f808398c124d16d25255ac4ed1ce6ca,sslbl,Vidar C&C,"sslbl,2026-08-11",2026-08-11 12:42:27,2026-09-09 18:16:54,88
ssl_sha1,af1a7c59f98298c9d3542e306d0292bdf30b4388,sslbl,PureRAT C&C,"sslbl,2026-08-20",2026-08-20 16:06:17,2026-09-09 18:16:54,88
ssl_sha1,b00aa24dc7459e8a0a8f5fbb3d2a27bd646de1e3,sslbl,HypeAgent C&C,"sslbl,2026-08-18",2026-08-18 10:07:25,2026-09-09 18:16:54,88
ssl_sha1,b0cf2650da454ed5cc67102d95f8b9ba00602ead,sslbl,OffLoader C&C,"sslbl,2026-08-25",2026-08-25 16:07:37,2026-09-09 18:16:54,88
ssl_sha1,b0dfb9c6353dc65a3b503bcb2258db457c5b5947,sslbl,Malware C&C,"sslbl,2026-08-26",2026-08-26 16:06:11,2026-09-09 18:16:54,88
ssl_sha1,b1382377a32ee6c85e47edf264f1f6ef5b49e2a3,sslbl,PureLogsStealer C&C,"sslbl,2026-08-31",2026-08-31 16:06:17,2026-09-09 18:16:54,88
ssl_sha1,b14379b3743c37a26289499aca921c99998649f1,sslbl,QuasarRAT C&C,"sslbl,2026-08-04",2026-08-04 07:49:13,2026-09-09 18:16:54,88
ssl_sha1,b1709ae370ca3fb7ddb3fb49b6c1fca1303a4a97,sslbl,Vidar C&C,"sslbl,2026-09-06",2026-09-07 04:07:00,2026-09-09 18:16:54,88
ssl_sha1,b23101487158938dc99bd731fe372634ad768a0f,sslbl,PureRAT C&C,"sslbl,2026-08-13",2026-08-13 08:13:02,2026-09-09 18:16:54,88
ssl_sha1,b26d3f583556acab11cbfa864f596c143b15f32d,sslbl,Vidar C&C,"sslbl,2026-08-17",2026-08-17 08:13:04,2026-09-09 18:16:54,88
ssl_sha1,b28f42ca50cfb259dfc8dfe16e13631da75d6397,sslbl,PureLogsStealer C&C,"sslbl,2026-08-20",2026-08-20 16:06:17,2026-09-09 18:16:54,88
ssl_sha1,b2b4ba87b84f146bbd2f8baa34ea5d555945af28,sslbl,Vidar C&C,"sslbl,2026-09-06",2026-09-06 16:06:16,2026-09-09 18:16:54,88
ssl_sha1,b2e42b1a036329fa6fef4477d35887b1d357711e,sslbl,Vidar C&C,"sslbl,2026-08-04",2026-08-04 07:49:13,2026-09-09 18:16:54,88
ssl_sha1,b34240912bc1f09b2e2342363647616b1088a1b0,sslbl,PureRAT C&C,"sslbl,2026-08-29",2026-08-29 16:10:47,2026-09-09 18:16:54,88
ssl_sha1,b364395fee8c2e4c9eaf9a2531f6f7ac7bf8e4ae,sslbl,QuasarRAT C&C,"sslbl,2026-08-10",2026-08-10 12:42:40,2026-09-09 18:16:54,88
ssl_sha1,b3cbb7925cba0c91ef00f0208b35cfffc96614c7,sslbl,PureRAT C&C,"sslbl,2026-09-06",2026-09-06 16:06:16,2026-09-09 18:16:54,88
ssl_sha1,b5b8bebd73d8e8aec88ccc17b1e27c34921667ae,sslbl,Vidar C&C,"sslbl,2026-08-08",2026-08-09 00:42:39,2026-09-09 18:16:54,88
ssl_sha1,b5daf66c6f8a99f2d6fe3fc678264598ec140049,sslbl,PureRAT C&C,"sslbl,2026-09-07",2026-09-07 16:06:32,2026-09-09 18:16:54,88
ssl_sha1,b5f071dd28b511f0b4b067507602a779feb4301f,sslbl,AsyncRAT C&C,"sslbl,2026-08-11",2026-08-11 12:42:27,2026-09-09 18:16:54,88
ssl_sha1,b637337f25fe0290aaa04de866605bd70748c263,sslbl,Vidar C&C,"sslbl,2026-09-06",2026-09-06 16:06:16,2026-09-09 18:16:54,88
ssl_sha1,b72b8c162f5b2fe045e0445f9be1937d98279092,sslbl,OffLoader C&C,"sslbl,2026-08-19",2026-08-19 16:06:13,2026-09-09 18:16:54,88
ssl_sha1,b73835be5d6f7dbb40f9df1347745bbb0963783c,sslbl,PureLogsStealer C&C,"sslbl,2026-08-26",2026-08-26 16:06:11,2026-09-09 18:16:54,88
ssl_sha1,b7c2e44b35ac1ac31efad28747f2bc44f5d28de8,sslbl,PureRAT C&C,"sslbl,2026-07-21",2026-07-21 17:20:42,2026-09-09 18:16:54,88
ssl_sha1,b7c32dab3a4cd691ddcfee4bc1fed6d1d6f81c18,sslbl,AsyncRAT C&C,"sslbl,2026-09-07",2026-09-07 16:06:32,2026-09-09 18:16:54,88
ssl_sha1,b8b339de5ea80d17fb5ce2eb144d7ba28b33337a,sslbl,RatonRAT C&C,"sslbl,2026-07-21",2026-07-21 17:20:42,2026-09-09 18:16:54,88
ssl_sha1,b8b347f5d18be90876c3d3a5458b6e60598246bd,sslbl,PureLogsStealer C&C,"sslbl,2026-08-04",2026-08-05 12:42:46,2026-09-09 18:16:54,88
ssl_sha1,b8b410c62bcb320c20cfee554f472df3fa5734e4,sslbl,PureLogsStealer C&C,"sslbl,2026-08-06",2026-08-06 12:43:05,2026-09-09 18:16:54,88
ssl_sha1,b94eb3bcd4a57442c30e14dd2067b0c6c46d9619,sslbl,ConnectWise C&C,"sslbl,2026-08-21",2026-08-21 16:09:28,2026-09-09 18:16:54,88
ssl_sha1,b95285b6b061fd0acf6a5ae95433d703f52d1872,sslbl,PureLogsStealer C&C,"sslbl,2026-08-21",2026-08-21 16:09:28,2026-09-09 18:16:54,88
ssl_sha1,b9e2100c0408138edfedb92704bfc57ef9fb59f0,sslbl,PureLogsStealer C&C,"sslbl,2026-08-10",2026-08-10 12:42:40,2026-09-09 18:16:54,88
ssl_sha1,ba98762c6eadc76480a1a97ec9c8b54a3002bc10,sslbl,PureLogsStealer C&C,"sslbl,2026-09-09",2026-09-09 16:06:20,2026-09-09 18:16:54,88
ssl_sha1,bd12ed0d3f8dac14cb7de27202b10331831dc8c7,sslbl,OffLoader C&C,"sslbl,2026-09-08",2026-09-08 16:06:37,2026-09-09 18:16:54,88
ssl_sha1,bdf0b04d7bb20782260ab2c2340da6b85e9f63c0,sslbl,PureRAT C&C,"sslbl,2026-07-23",2026-07-24 05:35:19,2026-09-09 18:16:54,88
ssl_sha1,be12aa485facf3375cc2416e1f8fb28541136b83,sslbl,ConnectWise C&C,"sslbl,2026-08-29",2026-08-29 16:10:47,2026-09-09 18:16:54,88
ssl_sha1,be5b37f69a9cf825cca6d9b0e27e3aeaf0903721,sslbl,ACRStealer C&C,"sslbl,2026-08-27",2026-08-27 16:06:11,2026-09-09 18:16:54,88
ssl_sha1,bf192adc3dcaba7412e15b567de22e3f3150bbf7,sslbl,PureLogsStealer C&C,"sslbl,2026-08-21",2026-08-21 16:09:28,2026-09-09 18:16:54,88
ssl_sha1,bfb6503c7c6ce8af43c41197a7fcaec491baa810,sslbl,Vidar C&C,"sslbl,2026-09-01",2026-09-01 16:06:06,2026-09-09 18:16:54,88
ssl_sha1,bfbcd2802186b6c5707f7ff6341b87c12b97f4a4,sslbl,PureRAT C&C,"sslbl,2026-08-30",2026-08-30 16:06:18,2026-09-09 18:16:54,88
ssl_sha1,c0b1920e3d73babea5c2ef2af7ba72977e65586b,sslbl,Vidar C&C,"sslbl,2026-08-12",2026-08-12 12:42:52,2026-09-09 18:16:54,88
ssl_sha1,c0cd4ac67f8a4febf1c340eb0c914252e8ebf881,sslbl,PureLogsStealer C&C,"sslbl,2026-07-23",2026-07-24 05:35:19,2026-09-09 18:16:54,88
ssl_sha1,c0ee8887cf0998ae07e71d2f78fb121c3bafc9d5,sslbl,PureLogsStealer C&C,"sslbl,2026-07-15",2026-07-16 05:21:37,2026-09-09 18:16:54,88
ssl_sha1,c11fd105f60ade90dc2611391ee6aa93e6c73375,sslbl,AsyncRAT C&C,"sslbl,2026-07-15",2026-07-16 05:21:37,2026-09-09 18:16:54,88
ssl_sha1,c19f09bd89b19cd3223d0c039c41a5baa7307178,sslbl,PureRAT C&C,"sslbl,2026-07-13",2026-07-13 20:25:50,2026-09-09 18:16:54,88
ssl_sha1,c2826e64fffde42b99ba86c30055eb2dbd064319,sslbl,OffLoader C&C,"sslbl,2026-08-05",2026-08-05 12:42:46,2026-09-09 18:16:54,88
ssl_sha1,c31650da58712771ad83fd5c6cef97905a255cc5,sslbl,AsyncRAT C&C,"sslbl,2026-07-17",2026-07-17 17:21:06,2026-09-09 18:16:54,88
ssl_sha1,c4e9396a3a0543fa79cc0a8f23395f90a15e03b0,sslbl,AsyncRAT C&C,"sslbl,2026-07-16",2026-07-16 17:20:54,2026-09-09 18:16:54,88
ssl_sha1,c6d367c9312830fbe81f12e8be9f1d56d2e10b13,sslbl,PureRAT C&C,"sslbl,2026-08-20",2026-08-20 16:06:17,2026-09-09 18:16:54,88
ssl_sha1,c7abcfeba6d01d0b78b8c690ab1d8d06078ddf11,sslbl,ConnectWise C&C,"sslbl,2026-08-07",2026-08-07 12:43:25,2026-09-09 18:16:54,88
ssl_sha1,c7ec4c2fa1678702ae684a069cf37a4eef16ef27,sslbl,AsyncRAT C&C,"sslbl,2026-07-23",2026-07-24 05:35:19,2026-09-09 18:16:54,88
ssl_sha1,c877ab2eec4efcc42bae4819dce27744bd41c0ef,sslbl,HypeAgent C&C,"sslbl,2026-09-01",2026-09-01 16:06:06,2026-09-09 18:16:54,88
ssl_sha1,ca3454955272556813ca9be9954e720fa6b6796a,sslbl,KongTuke C&C,"sslbl,2026-07-14",2026-07-16 05:21:37,2026-09-09 18:16:54,88
ssl_sha1,ca49f3e687d1e1559ffcd877d6292f9997d7782b,sslbl,Malware C&C,"sslbl,2026-07-21",2026-07-21 17:20:42,2026-09-09 18:16:54,88
ssl_sha1,ca8a5bbb1e6b22fa9ad9757c50f1bdaf2c22011d,sslbl,OffLoader C&C,"sslbl,2026-08-30",2026-08-30 16:06:18,2026-09-09 18:16:54,88
ssl_sha1,ca9e642c1028f3a7fa79947493c34a981705a05d,sslbl,DonutLoader C&C,"sslbl,2026-08-04",2026-08-05 12:42:46,2026-09-09 18:16:54,88
ssl_sha1,cab93f3d490ed168600f08e5cc4a55d4e8c503c8,sslbl,ConnectWise C&C,"sslbl,2026-09-01",2026-09-01 16:06:06,2026-09-09 18:16:54,88
ssl_sha1,cb2d6049ca9e2a20d92f8ee6ae28060d9d460b85,sslbl,OffLoader C&C,"sslbl,2026-09-08",2026-09-08 16:06:37,2026-09-09 18:16:54,88
ssl_sha1,cbde10c2baa3d573791b7e6044ba4e8f15094cd2,sslbl,PureRAT C&C,"sslbl,2026-08-08",2026-08-09 00:42:39,2026-09-09 18:16:54,88
ssl_sha1,cc7d79ea8261997821ca3c8ad44b61023ad5af89,sslbl,Vidar C&C,"sslbl,2026-08-11",2026-08-11 12:42:27,2026-09-09 18:16:54,88
ssl_sha1,ccc880d541544fedae179d9adcff6f8c74741aed,sslbl,PureRAT C&C,"sslbl,2026-08-04",2026-08-04 07:49:13,2026-09-09 18:16:54,88
ssl_sha1,cd07a2a4c9a93703dc8d1d4e72a12e1cec7f41c7,sslbl,ACRStealer C&C,"sslbl,2026-07-23",2026-07-24 05:35:19,2026-09-09 18:16:54,88
ssl_sha1,cd4fbb7112546836c61911e6b3a09770b6aebf29,sslbl,DCAgentRMM C&C,"sslbl,2026-09-04",2026-09-04 16:06:41,2026-09-09 18:16:54,88
ssl_sha1,cede10451532b072c7017c49ef4fcd273301a826,sslbl,ConnectWise C&C,"sslbl,2026-08-07",2026-08-07 12:43:25,2026-09-09 18:16:54,88
ssl_sha1,cfce3aaff2ad3eae49b37a60d606984bd1492e16,sslbl,PureLogsStealer C&C,"sslbl,2026-07-22",2026-07-22 17:20:46,2026-09-09 18:16:54,88
ssl_sha1,cfe6dcd7527099d525ffa8cec0bd1ab5020d47a7,sslbl,Vidar C&C,"sslbl,2026-08-08",2026-08-09 00:42:39,2026-09-09 18:16:54,88
ssl_sha1,d08e16884011f6910fe8087a74dac507ff7d2a6a,sslbl,ACRStealer C&C,"sslbl,2026-07-24",2026-07-24 17:35:21,2026-09-09 18:16:54,88
ssl_sha1,d0944e5765a9b5767d3cf02e3bdd9f466c5391b7,sslbl,Vidar C&C,"sslbl,2026-08-14",2026-08-14 08:13:11,2026-09-09 18:16:54,88
ssl_sha1,d0e596efec703d8645be9af9f1ab51b27714d9ec,sslbl,ConnectWise C&C,"sslbl,2026-08-19",2026-08-19 16:06:13,2026-09-09 18:16:54,88
ssl_sha1,d0eec27b6184ec84b6c3274869667f608e30de16,sslbl,PureRAT C&C,"sslbl,2026-08-20",2026-08-20 16:06:17,2026-09-09 18:16:54,88
ssl_sha1,d123d7f43d63545c7a8f643acbe73e81f35c3f14,sslbl,QuasarRAT C&C,"sslbl,2026-08-28",2026-08-28 16:06:18,2026-09-09 18:16:54,88
ssl_sha1,d18f8b968bd5981971d6699bdc4ed7b96a3e7248,sslbl,Vidar C&C,"sslbl,2026-08-14",2026-08-14 08:13:11,2026-09-09 18:16:54,88
ssl_sha1,d268bd42f68634bb226be6b56dc4b7c13e930d2a,sslbl,PureLogsStealer C&C,"sslbl,2026-08-31",2026-08-31 16:06:17,2026-09-09 18:16:54,88
ssl_sha1,d2ea1d53e2027b0378fa9346965edbcc0215e251,sslbl,DCRat C&C,"sslbl,2026-09-02",2026-09-02 16:07:20,2026-09-09 18:16:54,88
ssl_sha1,d31628ba7beba86d4beecc67ae79fea667c1a11e,sslbl,OffLoader C&C,"sslbl,2026-08-12",2026-08-12 12:42:52,2026-09-09 18:16:54,88
ssl_sha1,d359f356ed88b04089b7afe53f13a913382bd4da,sslbl,PureRAT C&C,"sslbl,2026-09-09",2026-09-09 16:06:20,2026-09-09 18:16:54,88
ssl_sha1,d35b4be8b535918a0656df6b58c8ed8fb23692e0,sslbl,PureRAT C&C,"sslbl,2026-08-06",2026-08-06 12:43:05,2026-09-09 18:16:54,88
ssl_sha1,d43c9f366658adf98f67c12dd8fcb3bca52db900,sslbl,Vidar C&C,"sslbl,2026-08-29",2026-08-29 16:10:47,2026-09-09 18:16:54,88
ssl_sha1,d447d27a879fe80420dc54244870f3f7d25993bb,sslbl,PureLogsStealer C&C,"sslbl,2026-07-23",2026-07-24 05:35:19,2026-09-09 18:16:54,88
ssl_sha1,d45abb7b4fc7a67b785708f4ba88c080b3d0207c,sslbl,ConnectWise C&C,"sslbl,2026-08-19",2026-08-19 16:06:13,2026-09-09 18:16:54,88
ssl_sha1,d490abc2eba705abb1b6391b9be0a12f1e75331b,sslbl,PureLogsStealer C&C,"sslbl,2026-07-16",2026-07-16 17:20:54,2026-09-09 18:16:54,88
ssl_sha1,d538bd18d7e63dfe3a67c02c253cc277e2b9733a,sslbl,DCAgentRMM C&C,"sslbl,2026-09-06",2026-09-06 16:06:16,2026-09-09 18:16:54,88
ssl_sha1,d55545d9e23fbf6f6b667d4e055454de1108a627,sslbl,Malware C&C,"sslbl,2026-09-01",2026-09-01 16:06:06,2026-09-09 18:16:54,88
ssl_sha1,d5fdf320afff16aee74bb14f25ef245ea75928ad,sslbl,ACRStealer C&C,"sslbl,2026-08-12",2026-08-12 12:42:52,2026-09-09 18:16:54,88
ssl_sha1,d75206e1bb0d0ab79c93e78178e102f6ef071732,sslbl,OffLoader C&C,"sslbl,2026-07-14",2026-07-14 08:25:37,2026-09-09 18:16:54,88
ssl_sha1,d7c3d38e27ab758c908f81b72a6fea1cd1af7369,sslbl,PureLogsStealer C&C,"sslbl,2026-08-04",2026-08-04 07:49:13,2026-09-09 18:16:54,88
ssl_sha1,d7d3f678f9b63334375db11eecc81be2db4db6f0,sslbl,ConnectWise C&C,"sslbl,2026-08-07",2026-08-07 12:43:25,2026-09-09 18:16:54,88
ssl_sha1,d8614f6c4127ebeaf66a898a8e7ce3801cf03c30,sslbl,PureLogsStealer C&C,"sslbl,2026-08-12",2026-08-12 12:42:52,2026-09-09 18:16:54,88
ssl_sha1,d8bdc29b8e9cdd5a849185ca6042d9c6f90d12e7,sslbl,Malware C&C,"sslbl,2026-08-22",2026-08-22 16:06:16,2026-09-09 18:16:54,88
ssl_sha1,d962e722e22971c6b81f89befbbe949241b8c2ec,sslbl,OffLoader C&C,"sslbl,2026-08-21",2026-08-21 16:09:28,2026-09-09 18:16:54,88
ssl_sha1,d9da2988d90a2479eb45e1fc66ff46b04f2289f2,sslbl,ACRStealer C&C,"sslbl,2026-08-28",2026-08-28 16:06:18,2026-09-09 18:16:54,88
ssl_sha1,da841f680c2699118b0f96b74c16b0625e03f180,sslbl,Amadey C&C,"sslbl,2026-08-10",2026-08-10 12:42:40,2026-09-09 18:16:54,88
ssl_sha1,dac0432f5f74d7d465966420968c96166217923f,sslbl,Vidar C&C,"sslbl,2026-08-31",2026-08-31 16:06:17,2026-09-09 18:16:54,88
ssl_sha1,db767b560efd2f6811b4c4adf2b0fdaee18fdad5,sslbl,PureLogsStealer C&C,"sslbl,2026-08-04",2026-08-05 12:42:46,2026-09-09 18:16:54,88
ssl_sha1,db787c8625b794b3d2385274bfdf8f34d731d7d9,sslbl,Vidar C&C,"sslbl,2026-08-27",2026-08-27 16:06:11,2026-09-09 18:16:54,88
ssl_sha1,dbb503055e3d10fa9d7c07f445e1cf6e5959f038,sslbl,PureRAT C&C,"sslbl,2026-08-25",2026-08-25 16:07:37,2026-09-09 18:16:54,88
ssl_sha1,dcd0ddb2675731126703bc235532e2fe60457b2a,sslbl,PureRAT C&C,"sslbl,2026-09-02",2026-09-02 16:07:20,2026-09-09 18:16:54,88
ssl_sha1,dce637479f61ac7c43c869dcce6b6a050ee29917,sslbl,ACRStealer C&C,"sslbl,2026-08-12",2026-08-12 12:42:52,2026-09-09 18:16:54,88
ssl_sha1,dcf9b87b04998fde1fa03e83bfb8fec67ab1e1e1,sslbl,ConnectWise C&C,"sslbl,2026-08-04",2026-08-04 07:49:13,2026-09-09 18:16:54,88
ssl_sha1,dd7323e5437c503d3b0f4bc1d268dfffd58b80ab,sslbl,Malware C&C,"sslbl,2026-08-11",2026-08-11 12:42:27,2026-09-09 18:16:54,88
ssl_sha1,dd95dacb4419bad92d3d39fa274af4acc1cb6988,sslbl,ConnectWise C&C,"sslbl,2026-08-04",2026-08-04 07:49:13,2026-09-09 18:16:54,88
ssl_sha1,ddac606a1cf89b62cad44ca59ae7986378f191e7,sslbl,OffLoader C&C,"sslbl,2026-08-27",2026-08-27 16:06:11,2026-09-09 18:16:54,88
ssl_sha1,ddfdf0aa1923b91144b9886e63430e063ad115a8,sslbl,OffLoader C&C,"sslbl,2026-08-29",2026-08-29 16:10:47,2026-09-09 18:16:54,88
ssl_sha1,de0a287fb9997f0ffbd36df79b13cfda63f0bfcd,sslbl,QuasarRAT C&C,"sslbl,2026-09-06",2026-09-06 16:06:16,2026-09-09 18:16:54,88
ssl_sha1,de7567aa2ce367cb0915ffd8eb55b1e320e726c9,sslbl,PureLogsStealer C&C,"sslbl,2026-08-21",2026-08-21 16:09:28,2026-09-09 18:16:54,88
ssl_sha1,de7a6af567763e1b73a97ed52a1b2166807d8ffc,sslbl,ConnectWise C&C,"sslbl,2026-07-23",2026-07-23 18:30:39,2026-09-09 18:16:54,88
ssl_sha1,ded1fe95801f3c3fd8a1c73360fbaef6697bcf34,sslbl,Malware distribution,"sslbl,2026-08-05",2026-08-05 12:42:46,2026-09-09 18:16:54,88
ssl_sha1,df82e74fbb5bc5ae778b1cc4012b097f1f9a133d,sslbl,PureRAT C&C,"sslbl,2026-07-13",2026-07-13 20:25:50,2026-09-09 18:16:54,88
ssl_sha1,dfde6725130631a83b3d0dc221736bad3db16918,sslbl,OffLoader C&C,"sslbl,2026-08-14",2026-08-14 08:13:11,2026-09-09 18:16:54,88
ssl_sha1,dfefdeb13f78e83fe980b5f8cea29436df4d7ade,sslbl,SheetRAT C&C,"sslbl,2026-07-16",2026-07-16 17:20:54,2026-09-09 18:16:54,88
ssl_sha1,e00005ae100b2af24cf6d7f71b7cd123f8b916be,sslbl,DCRat C&C,"sslbl,2026-09-07",2026-09-07 16:06:32,2026-09-09 18:16:54,88
ssl_sha1,e05145a93b7b5def1ca6c0e356cc4cdba3cbed9f,sslbl,Vidar C&C,"sslbl,2026-07-21",2026-07-21 17:20:42,2026-09-09 18:16:54,88
ssl_sha1,e0ffdffb5d9bf9216ea5e70d4fe2bae919f5a6ca,sslbl,OffLoader C&C,"sslbl,2026-08-20",2026-08-20 16:06:17,2026-09-09 18:16:54,88
ssl_sha1,e11c9cfa144ec7da0f1b77838fd02cfb7e897eaa,sslbl,Vidar C&C,"sslbl,2026-08-11",2026-08-11 12:42:27,2026-09-09 18:16:54,88
ssl_sha1,e15c7bdeb747a9fff47c514a10229a2a59d1157d,sslbl,AnimateClipper C&C,"sslbl,2026-07-29",2026-07-29 17:37:13,2026-09-09 18:16:54,88
ssl_sha1,e1fadee899789d8e802b8b88dcf67e4cae82ccf1,sslbl,Vidar C&C,"sslbl,2026-08-20",2026-08-20 16:06:17,2026-09-09 18:16:54,88
ssl_sha1,e265df346af246b4a57b638872957cacce04f289,sslbl,DumplingsRAT C&C,"sslbl,2026-08-26",2026-08-26 16:06:11,2026-09-09 18:16:54,88
ssl_sha1,e39fdf1800919f6dd77d89bcdbc0b1fe8a9352eb,sslbl,Vidar C&C,"sslbl,2026-08-18",2026-08-18 22:07:31,2026-09-09 18:16:54,88
ssl_sha1,e481c58f5012d5d8a5177bf84b055fc93c06e32e,sslbl,NetSupport C&C,"sslbl,2026-08-29",2026-08-29 16:10:47,2026-09-09 18:16:54,88
ssl_sha1,e61c15649184bdcdb39ae1fee964f8681677da35,sslbl,Vidar C&C,"sslbl,2026-09-06",2026-09-06 16:06:16,2026-09-09 18:16:54,88
ssl_sha1,e61c2fca353a70e5eef94a7a6a0d72fa1fcd2df2,sslbl,Amadey C&C,"sslbl,2026-08-10",2026-08-10 12:42:40,2026-09-09 18:16:54,88
ssl_sha1,e63b53c2c26b9bff8f20e018efe7c166ec3c4acd,sslbl,ConnectWise C&C,"sslbl,2026-08-07",2026-08-07 12:43:25,2026-09-09 18:16:54,88
ssl_sha1,e649d5c0e33423531f5404ed8f985a3fc42fb934,sslbl,OffLoader C&C,"sslbl,2026-09-06",2026-09-06 16:06:16,2026-09-09 18:16:54,88
ssl_sha1,e6b44935f6416b11d4ec5d51bbcae9e6f2ab5ce7,sslbl,OffLoader C&C,"sslbl,2026-08-08",2026-08-09 00:42:39,2026-09-09 18:16:54,88
ssl_sha1,e6cc4eebe2d73c7174be4be73bc00d4642122ac4,sslbl,ACRStealer C&C,"sslbl,2026-07-27",2026-07-27 17:35:21,2026-09-09 18:16:54,88
ssl_sha1,e85536b156e0cd96f57d1925fb4f9fadaf825b9a,sslbl,Malware C&C,"sslbl,2026-09-03",2026-09-03 16:06:37,2026-09-09 18:16:54,88
ssl_sha1,e86cb30b97c8af13b305fa5cdc7357e23f633447,sslbl,AsyncRAT C&C,"sslbl,2026-07-16",2026-07-16 17:20:54,2026-09-09 18:16:54,88
ssl_sha1,e953a8c7f135a5b8867b9dfcfc2a1b402f1e289e,sslbl,PureLogsStealer C&C,"sslbl,2026-08-13",2026-08-13 20:13:53,2026-09-09 18:16:54,88
ssl_sha1,eb8e9c5b1aa45b3d4ca6b05695a50aea57f7f56e,sslbl,PureLogsStealer C&C,"sslbl,2026-07-14",2026-07-14 19:40:35,2026-09-09 18:16:54,88
ssl_sha1,ec70fdbbd715a57474807302b27f3eb124b05049,sslbl,Vidar C&C,"sslbl,2026-08-12",2026-08-12 12:42:52,2026-09-09 18:16:54,88
ssl_sha1,ecae976f3eabcaad996e0a431d47bcead61dfb5e,sslbl,RatonRAT C&C,"sslbl,2026-08-21",2026-08-21 16:09:28,2026-09-09 18:16:54,88
ssl_sha1,ece1b6bdc8e62d35188aab274bdb0be28d84c43f,sslbl,QuasarRAT C&C,"sslbl,2026-08-06",2026-08-07 00:43:03,2026-09-09 18:16:54,88
ssl_sha1,ed0d4b2a9c090b6af6c99fd5b899831da206d835,sslbl,Vidar C&C,"sslbl,2026-07-30",2026-07-31 05:35:34,2026-09-09 18:16:54,88
ssl_sha1,ed312f7ad58a9faec6d3c93aabf598335fdf494c,sslbl,Vidar C&C,"sslbl,2026-08-31",2026-08-31 16:06:17,2026-09-09 18:16:54,88
ssl_sha1,edbd45e54859ad7082efb79465ba938bb2581132,sslbl,OffLoader C&C,"sslbl,2026-08-18",2026-08-18 22:07:31,2026-09-09 18:16:54,88
ssl_sha1,edd934290c1a24e425d4d6f6c82a08ebc392b89f,sslbl,OffLoader C&C,"sslbl,2026-08-25",2026-08-25 16:07:37,2026-09-09 18:16:54,88
ssl_sha1,eedeb11bc67df6c7b7a714512a59dc346c1b4271,sslbl,Socks5Systemz C&C,"sslbl,2026-08-26",2026-08-26 16:06:11,2026-09-09 18:16:54,88
ssl_sha1,ef5c2a4999763064e2213dbe1c8ed696c0e8914b,sslbl,Vidar C&C,"sslbl,2026-08-29",2026-08-29 16:10:47,2026-09-09 18:16:54,88
ssl_sha1,ef74c5ab92e15e7226ba84cce3a45522c74ba902,sslbl,PureLogsStealer C&C,"sslbl,2026-08-06",2026-08-06 12:43:05,2026-09-09 18:16:54,88
ssl_sha1,ef771150284da548676c603f5a4e1cd2763fd27f,sslbl,PureLogsStealer C&C,"sslbl,2026-08-04",2026-08-04 07:49:13,2026-09-09 18:16:54,88
ssl_sha1,efed7c2a381b7d580caf89354c93991ac2de65b3,sslbl,OffLoader C&C,"sslbl,2026-08-26",2026-08-26 16:06:11,2026-09-09 18:16:54,88
ssl_sha1,f0e6af342ccf5fe1beb177e2bf3cb2cac4aa1fa6,sslbl,RatonRAT C&C,"sslbl,2026-08-31",2026-08-31 16:06:17,2026-09-09 18:16:54,88
ssl_sha1,f351f7dbe9c583f75758b39cd307f5359d110c73,sslbl,AsyncRAT C&C,"sslbl,2026-08-18",2026-08-18 22:07:31,2026-09-09 18:16:54,88
ssl_sha1,f3a38c4fa9a59b250a0a2d351af061fce6a21995,sslbl,ConnectWise C&C,"sslbl,2026-08-11",2026-08-11 12:42:27,2026-09-09 18:16:54,88
ssl_sha1,f3ba11a6cb8be921ee0fbd326de9a66220bcc82f,sslbl,Vidar C&C,"sslbl,2026-08-15",2026-08-15 20:13:12,2026-09-09 18:16:54,88
ssl_sha1,f50e245dc1e4a89d6cf5e07e31ae1392a3f9ad20,sslbl,AsyncRAT C&C,"sslbl,2026-08-14",2026-08-14 08:13:11,2026-09-09 18:16:54,88
ssl_sha1,f52ace7c91f1ad88a78ea62eab06e000e2f88f16,sslbl,PureRAT C&C,"sslbl,2026-08-20",2026-08-20 16:06:17,2026-09-09 18:16:54,88
ssl_sha1,f5c8ee530b1fd817432a4bafad12126d1ae744d4,sslbl,PureLogsStealer C&C,"sslbl,2026-08-04",2026-08-05 12:42:46,2026-09-09 18:16:54,88
ssl_sha1,f9a55e7a59b0fcbd7df9f5a445475480368598ce,sslbl,PureLogsStealer C&C,"sslbl,2026-07-17",2026-07-17 17:21:06,2026-09-09 18:16:54,88
ssl_sha1,fa62c7ce7b7ec943d8853832560bc5a386aaf17e,sslbl,HypeAgent C&C,"sslbl,2026-08-18",2026-08-18 10:07:25,2026-09-09 18:16:54,88
ssl_sha1,fa9ce5456e315652b1373bf913ac45ae7bb4358a,sslbl,Vidar C&C,"sslbl,2026-08-12",2026-08-12 12:42:52,2026-09-09 18:16:54,88
ssl_sha1,fabe6574c3ef1f4a4782c88475755b7b97f1410d,sslbl,HypeAgent C&C,"sslbl,2026-08-31",2026-08-31 16:06:17,2026-09-09 18:16:54,88
ssl_sha1,fb23354c98647902b717bbcc68657256a5dddd37,sslbl,ACRStealer C&C,"sslbl,2026-08-19",2026-08-19 16:06:13,2026-09-09 18:16:54,88
ssl_sha1,fba4408cd54abbe1ba49117ceab8a90335b03217,sslbl,Vidar C&C,"sslbl,2026-08-31",2026-08-31 16:06:17,2026-09-09 18:16:54,88
ssl_sha1,fc5d9dddb01c263a67e7c485e04277afa82fbabf,sslbl,Vidar C&C,"sslbl,2026-08-17",2026-08-17 08:13:04,2026-09-09 18:16:54,88
ssl_sha1,fca24c810592604f11de7dc12dc790c91cc118df,sslbl,ConnectWise C&C,"sslbl,2026-08-19",2026-08-19 16:06:13,2026-09-09 18:16:54,88
ssl_sha1,fd3af93a62968dfbe18556ec5dd6f9a208c5a294,sslbl,ConnectWise C&C,"sslbl,2026-07-14",2026-07-14 08:25:37,2026-09-09 18:16:54,88
ssl_sha1,fd6a25dcc16de5e9b0a4563f8d8c94a5941bf437,sslbl,ConnectWise C&C,"sslbl,2026-08-19",2026-08-19 16:06:13,2026-09-09 18:16:54,88
ssl_sha1,fd78e771cab22c3afad8a5d5c448ff05268f20dd,sslbl,Vidar C&C,"sslbl,2026-08-27",2026-08-27 16:06:11,2026-09-09 18:16:54,88
ssl_sha1,fe50e363165e3e8d789daf4dc378f50a70f35a8a,sslbl,Vidar C&C,"sslbl,2026-07-30",2026-07-31 05:35:34,2026-09-09 18:16:54,88
ssl_sha1,ff4362ad98a2821b067bc4ae0624b7da832aad83,sslbl,OffLoader C&C,"sslbl,2026-08-19",2026-08-19 16:06:13,2026-09-09 18:16:54,88
ssl_sha1,ffa6be04fe2e9c6b79776dcfc7ad3f41a403a64d,sslbl,PureRAT C&C,"sslbl,2026-08-18",2026-08-18 22:07:31,2026-09-09 18:16:54,88
ssl_sha1,ffc71a7ba96b8801333ea2b9e7cd05d4cc2f718d,sslbl,Malware C&C,"sslbl,2026-08-11",2026-08-12 00:43:15,2026-09-09 18:16:54,88
url,http://103.20.213.34:8080/Uploads/Uploads/Aryacorp%20Delhi/Anshul/anshul%20archieve/10.6.2013/jain%20sir%20data%20desktop/10-6-13/Desktop/transchart/Unused%20Desktop%20Shortcuts/info.zip,threatfox,Unknown malware,"threatfox,whack.sh",2026-09-09 16:06:21,2026-09-09 18:16:54,85
url,http://103.20.213.34:8080/uploads/uploads/aryacorp%20delhi/anshul/anshul%20archieve/10.6.2013/jain%20sir%20data%20desktop/10-6-13/my%20documents/downloads/info.zip,threatfox,Unknown malware,"threatfox,whack.sh",2026-09-09 16:06:21,2026-09-09 18:16:54,85
url,http://103.20.213.34:8080/uploads/uploads/aryacorp%20delhi/info.zip,threatfox,Unknown malware,"threatfox,whack.sh",2026-09-09 16:06:21,2026-09-09 18:16:54,85
url,http://103.237.157.152:60174/Mozi.m,threatfox,Mozi,"threatfox,elf,iot,Mozi",2026-09-09 16:06:21,2026-09-09 18:16:54,85
url,http://103.30.76.206:443/?h=103.30.76.206&p=443&t=tcp&a=l32&stage=true,threatfox,SNOWLIGHT,"threatfox,whack.sh",2026-09-09 16:06:21,2026-09-09 18:16:54,85
url,http://103.30.76.206:443/?h=103.30.76.206&p=443&t=tcp&a=l64&stage=true,threatfox,SNOWLIGHT,"threatfox,whack.sh",2026-09-09 16:06:21,2026-09-09 18:16:54,85
url,http://103.30.76.214:8779/?h=103.30.76.214&p=8779&t=tcp&a=l64&stage=true,threatfox,SNOWLIGHT,"threatfox,whack.sh",2026-09-09 16:06:21,2026-09-09 18:16:54,85
url,http://103.30.76.214:8779/?h=103.30.76.214&p=8779&t=ws&a=l64&stage=true,threatfox,SNOWLIGHT,"threatfox,whack.sh",2026-09-09 16:06:21,2026-09-09 18:16:54,85
url,http://105.224.194.193:59569/bin.sh,urlhaus,malware_download,"32-bit,arm,elf,mirai,Mozi",2026-09-09 16:00:12,2026-09-09 18:16:54,85
url,http://105.224.194.193:59569/i,urlhaus,malware_download,"32-bit,arm,elf,mirai,Mozi",2026-09-09 16:00:12,2026-09-09 18:16:54,85
url,http://111.235.143.155:8080/AV.scr,threatfox,Unknown malware,"threatfox,whack.sh",2026-09-09 16:06:21,2026-09-09 18:16:54,85
url,http://111.235.143.155:8080/Video.scr,threatfox,xmrig,"threatfox,whack.sh",2026-09-09 16:06:21,2026-09-09 18:16:54,85
url,http://112.248.124.14:33320/i,urlhaus,malware_download,"32-bit,elf,mips,Mozi",2026-09-09 16:00:12,2026-09-09 18:16:54,85
url,http://125.106.114.59:42629/bin.sh,urlhaus,malware_download,"32-bit,arm,elf,mirai,Mozi",2026-09-09 16:00:12,2026-09-09 18:16:54,85
url,http://125.106.114.59:42629/i,urlhaus,malware_download,"32-bit,arm,elf,mirai,Mozi",2026-09-09 16:00:12,2026-09-09 18:16:54,85
url,http://136.233.149.66:8001/sshd,threatfox,Unknown malware,"threatfox,whack.sh",2026-09-09 16:06:21,2026-09-09 18:16:54,85
url,http://139.95.24.51:8081/?h=139.95.24.51&p=8081&t=ws&a=w64&stage=true,threatfox,VShell,"threatfox,whack.sh",2026-09-09 16:06:21,2026-09-09 18:16:54,85
url,http://141.134.214.217:8003/sshd,threatfox,Unknown malware,"threatfox,whack.sh",2026-09-09 16:06:21,2026-09-09 18:16:54,85
url,http://142.4.58.48:1224/?h=142.4.58.48&p=1224&t=tcp&a=w32&stage=true,threatfox,VShell,"threatfox,whack.sh",2026-09-09 16:06:21,2026-09-09 18:16:54,85
url,http://150.40.127.145/aws,urlhaus,malware_download,"150-40-127-145,mirai,sh,ua-wget",2026-09-09 16:00:12,2026-09-09 18:16:54,85
url,http://150.40.127.145/bin,urlhaus,malware_download,"150-40-127-145,mirai,sh,ua-wget",2026-09-09 16:00:12,2026-09-09 18:16:54,85
url,http://150.40.127.145/bins/sora.arm,urlhaus,malware_download,"150-40-127-145,elf,mirai,ua-wget",2026-09-09 16:00:12,2026-09-09 18:16:54,85
url,http://150.40.127.145/goahead,urlhaus,malware_download,"150-40-127-145,mirai,sh,ua-wget",2026-09-09 16:00:12,2026-09-09 18:16:54,85
url,http://150.40.127.145/gpon443,urlhaus,malware_download,"150-40-127-145,mirai,sh,ua-wget",2026-09-09 16:00:12,2026-09-09 18:16:54,85
url,http://150.40.127.145/hnap,urlhaus,malware_download,"150-40-127-145,mirai,sh,ua-wget",2026-09-09 16:00:12,2026-09-09 18:16:54,85
url,http://150.40.127.145/huawei,urlhaus,malware_download,"150-40-127-145,mirai,sh,ua-wget",2026-09-09 16:00:12,2026-09-09 18:16:54,85
url,http://150.40.127.145/jaws,urlhaus,malware_download,"150-40-127-145,mirai,sh,ua-wget",2026-09-09 16:00:12,2026-09-09 18:16:54,85
url,http://150.40.127.145/lg,urlhaus,malware_download,"150-40-127-145,mirai,sh,ua-wget",2026-09-09 16:00:12,2026-09-09 18:16:54,85
url,http://150.40.127.145/pay,urlhaus,malware_download,"150-40-127-145,mirai,sh,ua-wget",2026-09-09 16:00:12,2026-09-09 18:16:54,85
url,http://150.40.127.145/pulse,urlhaus,malware_download,"150-40-127-145,mirai,sh,ua-wget",2026-09-09 16:00:12,2026-09-09 18:16:54,85
url,http://150.40.127.145/realtek,urlhaus,malware_download,"150-40-127-145,mirai,sh,ua-wget",2026-09-09 16:00:12,2026-09-09 18:16:54,85
url,http://150.40.127.145/sora.sh,urlhaus,malware_download,"150-40-127-145,mirai,sh,ua-wget",2026-09-09 16:00:12,2026-09-09 18:16:54,85
url,http://150.40.127.145/thinkphp,urlhaus,malware_download,"150-40-127-145,mirai,sh,ua-wget",2026-09-09 16:00:12,2026-09-09 18:16:54,85
url,http://150.40.127.145/yarn,urlhaus,malware_download,"150-40-127-145,mirai,sh,ua-wget",2026-09-09 16:00:12,2026-09-09 18:16:54,85
url,http://150.40.127.145/zte,urlhaus,malware_download,"150-40-127-145,mirai,sh,ua-wget",2026-09-09 16:00:12,2026-09-09 18:16:54,85
url,http://150.40.127.145/zyxel,urlhaus,malware_download,"150-40-127-145,mirai,sh,ua-wget",2026-09-09 16:00:12,2026-09-09 18:16:54,85
url,http://151.80.76.67:1224/api/checkStatus,threatfox,BeaverTail,"threatfox,BeaverTail,ContagiousInterview,exfiltration,FamousChollima",2026-09-09 16:06:21,2026-09-09 18:16:54,85
url,http://156.238.71.199:49873/Mozi.m,threatfox,Mozi,"threatfox,elf,iot,Mozi",2026-09-09 16:06:21,2026-09-09 18:16:54,85
url,http://158.94.211.92/enterprise/my_sss.bin,threatfox,Unknown malware,"threatfox,ClickFix,payload_delivery",2026-09-09 16:06:21,2026-09-09 18:16:54,85
url,http://176.65.139.152/titan.arm4l,urlhaus,malware_download,"176-65-139-152,elf,mirai,ua-wget",2026-09-09 16:00:12,2026-09-09 18:16:54,85
url,http://176.65.139.152/titan.arm4tl,urlhaus,malware_download,"176-65-139-152,elf,mirai,ua-wget",2026-09-09 16:00:12,2026-09-09 18:16:54,85
url,http://176.65.139.152/titan.arm5,urlhaus,malware_download,"176-65-139-152,elf,mirai,ua-wget",2026-09-09 16:00:12,2026-09-09 18:16:54,85
url,http://176.65.139.152/titan.arm6,urlhaus,malware_download,"176-65-139-152,elf,mirai,ua-wget",2026-09-09 16:00:12,2026-09-09 18:16:54,85
url,http://176.65.139.152/titan.arm7,urlhaus,malware_download,"176-65-139-152,elf,mirai,ua-wget",2026-09-09 16:00:12,2026-09-09 18:16:54,85
url,http://176.65.139.152/titan.i486,urlhaus,malware_download,"176-65-139-152,elf,mirai,ua-wget",2026-09-09 16:00:12,2026-09-09 18:16:54,85
url,http://176.65.139.152/titan.i586,urlhaus,malware_download,"176-65-139-152,elf,mirai,ua-wget",2026-09-09 16:00:12,2026-09-09 18:16:54,85
url,http://176.65.139.152/titan.i686,urlhaus,malware_download,"176-65-139-152,elf,mirai,ua-wget",2026-09-09 16:00:12,2026-09-09 18:16:54,85
url,http://176.65.139.152/titan.m68k,urlhaus,malware_download,"176-65-139-152,elf,mirai,ua-wget",2026-09-09 16:00:12,2026-09-09 18:16:54,85
url,http://176.65.139.152/titan.mips,urlhaus,malware_download,"176-65-139-152,elf,mirai,ua-wget",2026-09-09 16:00:12,2026-09-09 18:16:54,85
url,http://176.65.139.152/titan.mipsel,urlhaus,malware_download,"176-65-139-152,elf,mirai,ua-wget",2026-09-09 16:00:12,2026-09-09 18:16:54,85
url,http://176.65.139.152/titan.ppc,urlhaus,malware_download,"176-65-139-152,elf,mirai,ua-wget",2026-09-09 16:00:12,2026-09-09 18:16:54,85
url,http://176.65.139.152/titan.ppc440,urlhaus,malware_download,"176-65-139-152,elf,mirai,ua-wget",2026-09-09 16:00:12,2026-09-09 18:16:54,85
url,http://176.65.139.152/titan.sh4,urlhaus,malware_download,"176-65-139-152,elf,mirai,ua-wget",2026-09-09 16:00:12,2026-09-09 18:16:54,85
url,http://176.65.139.152/titan.x32,urlhaus,malware_download,"176-65-139-152,elf,mirai,ua-wget",2026-09-09 16:00:12,2026-09-09 18:16:54,85
url,http://176.65.139.152/titan.x64,urlhaus,malware_download,"176-65-139-152,elf,mirai,ua-wget",2026-09-09 16:00:12,2026-09-09 18:16:54,85
url,http://176.65.139.152/titan.x64-test,urlhaus,malware_download,"176-65-139-152,elf,mirai,ua-wget",2026-09-09 16:00:12,2026-09-09 18:16:54,85
url,http://176.65.139.235/cat.sh,urlhaus,malware_download,"cowrie,honeypot,mirai",2026-09-09 16:00:12,2026-09-09 18:16:54,85
url,http://176.65.139.235/order.armv4l,urlhaus,malware_download,"cowrie,honeypot,mirai",2026-09-09 16:00:12,2026-09-09 18:16:54,85
url,http://176.65.139.235/order.mips,urlhaus,malware_download,"cowrie,honeypot,mirai",2026-09-09 16:00:12,2026-09-09 18:16:54,85
url,http://176.65.139.235/order.mipsel,urlhaus,malware_download,"cowrie,honeypot,mirai",2026-09-09 16:00:12,2026-09-09 18:16:54,85
url,http://176.65.139.235/order.x86_32,urlhaus,malware_download,"cowrie,honeypot,mirai",2026-09-09 16:00:12,2026-09-09 18:16:54,85
url,http://177.70.102.228:8070/TmpFTP/Manifesta%C3%A7%C3%A3o/Consulta/02589791000910/2023-10-23/info.zip,threatfox,Unknown malware,"threatfox,whack.sh",2026-09-09 16:06:21,2026-09-09 18:16:54,85
url,http://177.70.102.228:8070/TmpFTP/Manifesta%C3%A7%C3%A3o/Consulta/18296147000640/2022-04-14/info.zip,threatfox,Unknown malware,"threatfox,whack.sh",2026-09-09 16:06:21,2026-09-09 18:16:54,85
url,http://177.70.102.228:8070/tmpftp/01/cancelamento/2020-04-02/info.zip,threatfox,Unknown malware,"threatfox,whack.sh",2026-09-09 16:06:21,2026-09-09 18:16:54,85
url,http://177.70.102.228:8070/tmpftp/01/cancelamento/2021-05-18/info.zip,threatfox,Unknown malware,"threatfox,whack.sh",2026-09-09 16:06:21,2026-09-09 18:16:54,85
url,http://177.70.102.228:8070/tmpftp/ct-e/distribui%C3%A7%C3%A3o/02589791000405/consulta%20geral/2025-05-12/info.zip,threatfox,Unknown malware,"threatfox,whack.sh",2026-09-09 16:06:21,2026-09-09 18:16:54,85
url,http://177.70.102.228:8070/tmpftp/ct-e/distribui%C3%A7%C3%A3o/02589791000596/consulta%20geral/2025-03-19/info.zip,threatfox,Unknown malware,"threatfox,whack.sh",2026-09-09 16:06:21,2026-09-09 18:16:54,85
url,http://177.70.102.228:8070/tmpftp/ct-e/distribui%C3%A7%C3%A3o/02589791000596/consulta%20geral/2025-04-11/info.zip,threatfox,Unknown malware,"threatfox,whack.sh",2026-09-09 16:06:21,2026-09-09 18:16:54,85
url,http://177.70.102.228:8070/tmpftp/manifesta%C3%A7%C3%A3o/consulta/02589791000596/2023-06-13/info.zip,threatfox,Unknown malware,"threatfox,whack.sh",2026-09-09 16:06:21,2026-09-09 18:16:54,85
url,http://177.70.102.232:8070/TmpFTP/01/Cancelamento/2022-11-28/info.zip,threatfox,Unknown malware,"threatfox,whack.sh",2026-09-09 16:06:21,2026-09-09 18:16:54,85
url,http://177.70.102.232:8070/TmpFTP/01/Cancelamento/2023-04-27/info.zip,threatfox,Unknown malware,"threatfox,whack.sh",2026-09-09 16:06:21,2026-09-09 18:16:54,85
url,http://177.70.102.232:8070/TmpFTP/01/Consulta/2021-10-19/info.zip,threatfox,Unknown malware,"threatfox,whack.sh",2026-09-09 16:06:21,2026-09-09 18:16:54,85
url,http://177.70.102.232:8070/TmpFTP/01/Inutiliza%C3%A7%C3%A3o/2019-12-09/info.zip,threatfox,Unknown malware,"threatfox,whack.sh",2026-09-09 16:06:21,2026-09-09 18:16:54,85
url,http://177.70.102.232:8070/TmpFTP/01/Inutiliza%C3%A7%C3%A3o/2020-07-08/info.zip,threatfox,Unknown malware,"threatfox,whack.sh",2026-09-09 16:06:21,2026-09-09 18:16:54,85
url,http://177.70.102.232:8070/TmpFTP/01/Inutiliza%C3%A7%C3%A3o/2021-06-08/info.zip,threatfox,Unknown malware,"threatfox,whack.sh",2026-09-09 16:06:21,2026-09-09 18:16:54,85
url,http://177.70.102.232:8070/tmpftp/01/recep%C3%A7%C3%A3o/2022-09-17/info.zip,threatfox,Unknown malware,"threatfox,whack.sh",2026-09-09 16:06:21,2026-09-09 18:16:54,85
url,http://177.70.102.232:8070/tmpftp/01/recep%C3%A7%C3%A3o/2023-01-18/info.zip,threatfox,Unknown malware,"threatfox,whack.sh",2026-09-09 16:06:21,2026-09-09 18:16:54,85
url,http://177.70.102.232:8070/tmpftp/01/recep%C3%A7%C3%A3o/2023-10-25/info.zip,threatfox,Unknown malware,"threatfox,whack.sh",2026-09-09 16:06:21,2026-09-09 18:16:54,85
url,http://177.70.102.232:8070/tmpftp/01/recep%C3%A7%C3%A3o/2024-10-30/info.zip,threatfox,Unknown malware,"threatfox,whack.sh",2026-09-09 16:06:21,2026-09-09 18:16:54,85
url,http://177.70.102.232:8070/tmpftp/01/recep%C3%A7%C3%A3o/2024-11-01/info.zip,threatfox,Unknown malware,"threatfox,whack.sh",2026-09-09 16:06:21,2026-09-09 18:16:54,85
url,http://178-83-121-204.cprapid.com/ssi_statement_2026.msi,urlhaus,malware_download,"connectwise,malspam,screenconnect",2026-09-09 16:00:12,2026-09-09 18:16:54,85
url,http://178.198.246.24/av.scr,threatfox,Unknown malware,"threatfox,whack.sh",2026-09-09 16:06:21,2026-09-09 18:16:54,85
url,http://184.174.20.150:8040/Bin/ScreenConnect.ClientSetup.msi?e=Access&y=Guest&c=bat&c=&c=&c=&c=&c=&c=&c=,threatfox,Unknown malware,"threatfox,whack.sh",2026-09-09 16:06:21,2026-09-09 18:16:54,85
url,http://186.235.86.129/Video.scr,threatfox,Unknown malware,"threatfox,whack.sh",2026-09-09 16:06:21,2026-09-09 18:16:54,85
url,http://190.196.253.171:10200/Mozi.m,threatfox,Mozi,"threatfox,elf,iot,Mozi",2026-09-09 16:06:21,2026-09-09 18:16:54,85
url,http://190.196.253.72:10891/Mozi.m,threatfox,Mozi,"threatfox,elf,iot,Mozi",2026-09-09 16:06:21,2026-09-09 18:16:54,85
url,http://203.101.177.66:52991/Mozi.m,threatfox,Mozi,"threatfox,elf,iot,Mozi",2026-09-09 16:06:21,2026-09-09 18:16:54,85
url,http://23.225.71.207:8084/?h=23.225.71.207&p=8084&t=tcp&a=w32&stage=true,threatfox,VShell,"threatfox,whack.sh",2026-09-09 16:06:21,2026-09-09 18:16:54,85
url,http://23.225.71.207:8084/?h=23.225.71.207&p=8084&t=tcp&a=w64&stage=true,threatfox,VShell,"threatfox,whack.sh",2026-09-09 16:06:21,2026-09-09 18:16:54,85
url,http://23.225.71.207:8084/?h=23.225.71.207&p=8084&t=ws&a=w32&stage=true,threatfox,VShell,"threatfox,whack.sh",2026-09-09 16:06:21,2026-09-09 18:16:54,85
url,http://27.222.243.52:39549/bin.sh,urlhaus,malware_download,"32-bit,elf,mips,Mozi",2026-09-09 16:00:12,2026-09-09 18:16:54,85
url,http://37.112.51.183:39000/i,urlhaus,malware_download,"32-bit,elf,mips,Mozi",2026-09-09 16:00:12,2026-09-09 18:16:54,85
url,http://39.87.255.120:55663/bin.sh,urlhaus,malware_download,"32-bit,elf,mips,Mozi",2026-09-09 16:00:12,2026-09-09 18:16:54,85
url,http://39.90.147.246:58169/bin.sh,urlhaus,malware_download,"32-bit,elf,mips,Mozi",2026-09-09 16:00:12,2026-09-09 18:16:54,85
url,http://39.90.147.246:58169/i,urlhaus,malware_download,"32-bit,elf,mips,Mozi",2026-09-09 16:00:12,2026-09-09 18:16:54,85
url,http://42.230.185.219:56581/bin.sh,urlhaus,malware_download,"32-bit,elf,mips,Mozi",2026-09-09 16:00:12,2026-09-09 18:16:54,85
url,http://45.115.27.33/enterprise/my_sss.bin,threatfox,Unknown malware,"threatfox,ClickFix,payload_delivery",2026-09-09 16:06:21,2026-09-09 18:16:54,85
url,http://61.54.173.114:56222/i,urlhaus,malware_download,"32-bit,elf,mips,Mozi",2026-09-09 16:00:12,2026-09-09 18:16:54,85
url,http://68.110.47.231/info.zip,threatfox,Unknown malware,"threatfox,whack.sh",2026-09-09 16:06:21,2026-09-09 18:16:54,85
url,http://94.154.43.120/amd64,urlhaus,malware_download,"94-154-43-120,elf,mirai,ua-wget",2026-09-09 16:00:12,2026-09-09 18:16:54,85
url,http://94.154.43.120/android_arm64,urlhaus,malware_download,"94-154-43-120,elf,mirai,ua-wget",2026-09-09 16:00:12,2026-09-09 18:16:54,85
url,http://94.154.43.120/arm,urlhaus,malware_download,"94-154-43-120,elf,mirai,ua-wget",2026-09-09 16:00:12,2026-09-09 18:16:54,85
url,http://94.154.43.120/arm5,urlhaus,malware_download,"94-154-43-120,elf,mirai,ua-wget",2026-09-09 16:00:12,2026-09-09 18:16:54,85
url,http://94.154.43.120/arm6,urlhaus,malware_download,"94-154-43-120,elf,mirai,ua-wget",2026-09-09 16:00:12,2026-09-09 18:16:54,85
url,http://94.154.43.120/arm64,urlhaus,malware_download,"94-154-43-120,elf,mirai,ua-wget",2026-09-09 16:00:12,2026-09-09 18:16:54,85
url,http://94.154.43.120/armv7l,urlhaus,malware_download,"94-154-43-120,elf,mirai,ua-wget",2026-09-09 16:00:12,2026-09-09 18:16:54,85
url,http://94.154.43.120/bins.sh,urlhaus,malware_download,"94-154-43-120,mirai,sh,ua-wget",2026-09-09 16:00:12,2026-09-09 18:16:54,85
url,http://94.154.43.120/bot.exe,urlhaus,malware_download,"94-154-43-120,exe,ua-wget",2026-09-09 16:00:12,2026-09-09 18:16:54,85
url,http://94.154.43.120/i386,urlhaus,malware_download,"94-154-43-120,elf,mirai,ua-wget",2026-09-09 16:00:12,2026-09-09 18:16:54,85
url,http://94.154.43.120/mips,urlhaus,malware_download,"94-154-43-120,elf,mirai,ua-wget",2026-09-09 16:00:12,2026-09-09 18:16:54,85
url,http://94.154.43.120/mipsle,urlhaus,malware_download,"94-154-43-120,elf,mirai,ua-wget",2026-09-09 16:00:12,2026-09-09 18:16:54,85
url,http://94.154.43.120/x86,urlhaus,malware_download,"94-154-43-120,elf,mirai,ua-wget",2026-09-09 16:00:12,2026-09-09 18:16:54,85
url,http://94.154.43.38/android-arm,urlhaus,malware_download,"94-154-43-38,elf,mirai,ua-wget",2026-09-09 16:00:12,2026-09-09 18:16:54,85
url,http://94.154.43.38/android-arm64,urlhaus,malware_download,"94-154-43-38,elf,mirai,ua-wget",2026-09-09 16:00:12,2026-09-09 18:16:54,85
url,http://94.154.43.38/arm,urlhaus,malware_download,"94-154-43-38,elf,mirai,ua-wget",2026-09-09 16:00:12,2026-09-09 18:16:54,85
url,http://94.154.43.38/arm5,urlhaus,malware_download,"94-154-43-38,elf,mirai,ua-wget",2026-09-09 16:00:12,2026-09-09 18:16:54,85
url,http://94.154.43.38/arm6,urlhaus,malware_download,"94-154-43-38,elf,mirai,ua-wget",2026-09-09 16:00:12,2026-09-09 18:16:54,85
url,http://94.154.43.38/arm7,urlhaus,malware_download,"94-154-43-38,elf,mirai,ua-wget",2026-09-09 16:00:12,2026-09-09 18:16:54,85
url,http://94.154.43.38/arm8,urlhaus,malware_download,"94-154-43-38,elf,mirai,ua-wget",2026-09-09 16:00:12,2026-09-09 18:16:54,85
url,http://94.154.43.38/dl.sh,urlhaus,malware_download,"94-154-43-38,sh,ua-wget",2026-09-09 16:00:12,2026-09-09 18:16:54,85
url,http://94.154.43.38/launch.sh,urlhaus,malware_download,"94-154-43-38,sh,ua-wget",2026-09-09 16:00:12,2026-09-09 18:16:54,85
url,http://94.154.43.38/m68k,urlhaus,malware_download,"94-154-43-38,elf,mirai,ua-wget",2026-09-09 16:00:12,2026-09-09 18:16:54,85
url,http://94.154.43.38/mips,urlhaus,malware_download,"94-154-43-38,elf,mirai,ua-wget",2026-09-09 16:00:12,2026-09-09 18:16:54,85
url,http://94.154.43.38/mips64,urlhaus,malware_download,"94-154-43-38,elf,mirai,ua-wget",2026-09-09 16:00:12,2026-09-09 18:16:54,85
url,http://94.154.43.38/mipsel,urlhaus,malware_download,"94-154-43-38,elf,mirai,ua-wget",2026-09-09 16:00:12,2026-09-09 18:16:54,85
url,http://94.154.43.38/or1k,urlhaus,malware_download,"94-154-43-38,ua-wget",2026-09-09 16:00:12,2026-09-09 18:16:54,85
url,http://94.154.43.38/ppc,urlhaus,malware_download,"94-154-43-38,elf,mirai,ua-wget",2026-09-09 16:00:12,2026-09-09 18:16:54,85
url,http://94.154.43.38/ppc64,urlhaus,malware_download,"94-154-43-38,elf,mirai,ua-wget",2026-09-09 16:00:12,2026-09-09 18:16:54,85
url,http://94.154.43.38/riscv32,urlhaus,malware_download,"94-154-43-38,elf,mirai,ua-wget",2026-09-09 16:00:12,2026-09-09 18:16:54,85
url,http://94.154.43.38/riscv64,urlhaus,malware_download,"94-154-43-38,elf,mirai,ua-wget",2026-09-09 16:00:12,2026-09-09 18:16:54,85
url,http://94.154.43.38/s390x,urlhaus,malware_download,"94-154-43-38,elf,mirai,ua-wget",2026-09-09 16:00:12,2026-09-09 18:16:54,85
url,http://94.154.43.38/x86,urlhaus,malware_download,"94-154-43-38,elf,mirai,ua-wget",2026-09-09 16:00:12,2026-09-09 18:16:54,85
url,http://94.154.43.38/x86_64,urlhaus,malware_download,"94-154-43-38,elf,mirai,ua-wget",2026-09-09 16:00:12,2026-09-09 18:16:54,85
url,http://94.154.43.60/arm4,urlhaus,malware_download,"94-154-43-60,elf,mirai,ua-wget",2026-09-09 16:00:12,2026-09-09 18:16:54,85
url,http://94.154.43.60/arm7,urlhaus,malware_download,"94-154-43-60,elf,mirai,ua-wget",2026-09-09 16:00:12,2026-09-09 18:16:54,85
url,http://94.154.43.60/mips,urlhaus,malware_download,"94-154-43-60,elf,mirai,ua-wget",2026-09-09 16:00:12,2026-09-09 18:16:54,85
url,http://94.154.43.60/wife.arm5,urlhaus,malware_download,"94-154-43-60,elf,mirai,ua-wget",2026-09-09 16:00:12,2026-09-09 18:16:54,85
url,http://94.154.43.60/wife.arm6,urlhaus,malware_download,"94-154-43-60,elf,mirai,ua-wget",2026-09-09 16:00:12,2026-09-09 18:16:54,85
url,http://94.154.43.60/wife.i486,urlhaus,malware_download,"94-154-43-60,elf,mirai,ua-wget",2026-09-09 16:00:12,2026-09-09 18:16:54,85
url,http://94.154.43.60/wife.i686,urlhaus,malware_download,"94-154-43-60,elf,mirai,ua-wget",2026-09-09 16:00:12,2026-09-09 18:16:54,85
url,http://94.154.43.60/wife.m68k,urlhaus,malware_download,"94-154-43-60,elf,mirai,ua-wget",2026-09-09 16:00:12,2026-09-09 18:16:54,85
url,http://94.154.43.60/wife.mpsl,urlhaus,malware_download,"94-154-43-60,elf,mirai,ua-wget",2026-09-09 16:00:12,2026-09-09 18:16:54,85
url,http://94.154.43.60/wife.ppc,urlhaus,malware_download,"94-154-43-60,elf,mirai,ua-wget",2026-09-09 16:00:12,2026-09-09 18:16:54,85
url,http://94.154.43.60/wife.ppc440,urlhaus,malware_download,"94-154-43-60,elf,mirai,ua-wget",2026-09-09 16:00:12,2026-09-09 18:16:54,85
url,http://94.154.43.60/wife.sh4,urlhaus,malware_download,"94-154-43-60,elf,mirai,ua-wget",2026-09-09 16:00:12,2026-09-09 18:16:54,85
url,http://94.154.43.60/wife.spc,urlhaus,malware_download,"94-154-43-60,elf,mirai,ua-wget",2026-09-09 16:00:12,2026-09-09 18:16:54,85
url,http://94.154.43.60/x86,urlhaus,malware_download,"94-154-43-60,elf,mirai,ua-wget",2026-09-09 16:00:12,2026-09-09 18:16:54,85
url,http://drrizon.click:6271/webhooks,threatfox,Remus,"threatfox,remus",2026-09-09 16:06:21,2026-09-09 18:16:54,85
url,http://shozter.shop:9895/imports,threatfox,Remus,"threatfox,remus",2026-09-09 16:06:21,2026-09-09 18:16:54,85
url,https://107.173.227.74/50/enhansewelotforthe.hta,threatfox,Unknown malware,"threatfox,whack.sh",2026-09-09 16:06:21,2026-09-09 18:16:54,85
url,https://135.181.145.162,threatfox,Vidar,"threatfox,Vidar",2026-09-09 16:06:21,2026-09-09 18:16:54,85
url,https://217.60.195.113/arm7,threatfox,Unknown malware,"threatfox,whack.sh",2026-09-09 16:06:21,2026-09-09 18:16:54,85
url,https://a5lab.co/api/settings/linux,threatfox,BeaverTail,"threatfox,BeaverTail,ContagiousInterview,dropper,vscode-tasks",2026-09-09 16:06:21,2026-09-09 18:16:54,85
url,https://acc.v-panel.asia/,threatfox,Vidar,threatfox,2026-09-09 16:06:21,2026-09-09 18:16:54,85
url,https://account.v-panel.asia/,threatfox,Vidar,threatfox,2026-09-09 16:06:21,2026-09-09 18:16:54,85
url,https://cao.tedboscomwe.com/ZIP-20260824011202.92B2DAACC45A.zip,threatfox,Unknown malware,"threatfox,whack.sh",2026-09-09 16:06:21,2026-09-09 18:16:54,85
url,https://cdn.jsdelivr.net/gh/Anny11-34/cfgdu-kdf/rftt-y,threatfox,ClearFake,"threatfox,ClearFake",2026-09-09 16:06:21,2026-09-09 18:16:54,85
url,https://cdn.jsdelivr.net/gh/Barba11-2/tunamrat/jgjp3,threatfox,ClearFake,"threatfox,ClearFake",2026-09-09 16:06:21,2026-09-09 18:16:54,85
url,https://cdn.jsdelivr.net/gh/Barba11-2/tunamrat/llkp11,threatfox,ClearFake,"threatfox,ClearFake",2026-09-09 16:06:21,2026-09-09 18:16:54,85
url,https://dl.ultarineo.com/UltariNEO-setup-build58.exe,threatfox,Unknown malware,"threatfox,whack.sh",2026-09-09 16:06:21,2026-09-09 18:16:54,85
url,https://dobeqnesmot.cc/gate,threatfox,Unknown malware,"threatfox,ClickFix,Factory-v3",2026-09-09 16:06:21,2026-09-09 18:16:54,85
url,https://dobeqnesmot.cc:443/gate,threatfox,Unknown malware,"threatfox,ClickFix,Factory-v3",2026-09-09 16:06:21,2026-09-09 18:16:54,85
url,https://drogueriasdelmundo.com/wp-includes/assets/ch/planzer/,threatfox,Unknown Stealer,"threatfox,credit-card,phishing,planzer,switzerland",2026-09-09 16:06:21,2026-09-09 18:16:54,85
url,https://elizmasmuts.co.za/wp-content/plugins/zaw/planzer/payment.php,threatfox,Unknown Stealer,"threatfox,credit-card,phishing,planzer,switzerland",2026-09-09 16:06:21,2026-09-09 18:16:54,85
url,https://fotoboxx.ch/galerie.html?link=https%3A%2F%2Fwww.dropbox.com%2Fscl%2Ffo%2F5v8qdlm56vcfhpz5aga7o%2FAF0hALHptr4TjZxkzPc8CdM%3Frlkey%3Dqmwdn7bha7lk869lnfs033xux%26dl%3D0,threatfox,Unknown Stealer,"threatfox,credit-card,phishing,planzer,switzerland",2026-09-09 16:06:21,2026-09-09 18:16:54,85
url,https://gear-carriage.com/SGct2K,threatfox,Unknown malware,"threatfox,ClearFake,ClickFix,EtherHiding",2026-09-09 16:06:21,2026-09-09 18:16:54,85
url,https://krem.mesoptik.com/static/modules/nzX44SVMY.bin,threatfox,Unknown malware,"threatfox,ClickFix,EtherHiding,TELEPUZ,UvoxLiaison",2026-09-09 16:06:21,2026-09-09 18:16:54,85
url,https://loop-lumen.com/zxc/app.zip,threatfox,AMOS,"threatfox,AMOS,ClickFix,macOS,stealer,wallet-hijack",2026-09-09 16:06:21,2026-09-09 18:16:54,85
url,https://loop-lumen.com/zxc/appex.zip,threatfox,AMOS,"threatfox,AMOS,ClickFix,macOS,stealer,wallet-hijack",2026-09-09 16:06:21,2026-09-09 18:16:54,85
url,https://loop-lumen.com/zxc/apptwo.zip,threatfox,AMOS,"threatfox,AMOS,ClickFix,macOS,stealer,wallet-hijack",2026-09-09 16:06:21,2026-09-09 18:16:54,85
url,https://notion-brown.com/SGct2K,threatfox,Unknown malware,"threatfox,ClearFake,ClickFix,EtherHiding",2026-09-09 16:06:21,2026-09-09 18:16:54,85
url,https://planzr.vercel.app/,threatfox,Unknown Stealer,"threatfox,credit-card,phishing,planzer,switzerland",2026-09-09 16:06:21,2026-09-09 18:16:54,85
url,https://pub-4cf232026b854c1e8bb06b595c8f7587.r2.dev/special%20invitation.msi,threatfox,Unknown malware,"threatfox,whack.sh",2026-09-09 16:06:21,2026-09-09 18:16:54,85
url,https://pub-d21b4190a47f45628c828456f23dd66e.r2.dev/38-146-219-200.msi,threatfox,Unknown malware,"threatfox,whack.sh",2026-09-09 16:06:21,2026-09-09 18:16:54,85
url,https://t.me/paperokomozase,threatfox,Godfather,"threatfox,Android,GodFather",2026-09-09 16:06:21,2026-09-09 18:16:54,85
url,https://t.me/yazmozaramekos,threatfox,Godfather,threatfox,2026-09-09 16:06:21,2026-09-09 18:16:54,85
url,https://tape-exposure.com/SGct2K,threatfox,Unknown malware,"threatfox,ClearFake,ClickFix,EtherHiding",2026-09-09 16:06:21,2026-09-09 18:16:54,85
url,https://teamapp.pages.dev/Microsoft_Team%20_Update.exe,threatfox,Unknown malware,"threatfox,whack.sh",2026-09-09 16:06:21,2026-09-09 18:16:54,85
url,https://telegram.me/goof0r,threatfox,Vidar,"threatfox,Vidar",2026-09-09 16:06:21,2026-09-09 18:16:54,85
url,https://ultraflavors.com/bluetooth.txt,threatfox,Unknown malware,"threatfox,whack.sh",2026-09-09 16:06:21,2026-09-09 18:16:54,85
url,https://vb-recruitment.ro/PlaN/zEr,threatfox,Unknown Stealer,"threatfox,credit-card,phishing,planzer,switzerland",2026-09-09 16:06:21,2026-09-09 18:16:54,85
domain,19kiojm6.us-thetrumptoken.com,threatfox,ClearFake,"threatfox,ClearFake,mac-0xdcf2,macos",2026-09-09 04:06:20,2026-09-09 04:23:19,85
domain,2tkoflhf.berlin-knights.com,threatfox,ClearFake,"threatfox,ClearFake,mac-0x0f14,macos",2026-09-08 16:06:38,2026-09-09 04:23:19,85
domain,51fjllnm.composition-fleurs-et-plumes.com,threatfox,ClearFake,"threatfox,ClearFake,mac-0x76c7,macos",2026-09-09 04:06:20,2026-09-09 04:23:19,85
domain,6missie-11a.workers.dev,threatfox,php.shin_webshell,"threatfox,Cloudflare,GIF,PHP,webshell,WordPress,workers.dev,wp-admin",2026-09-09 04:06:20,2026-09-09 04:23:19,85
domain,861rhd3p.gharoga.com,threatfox,ClearFake,"threatfox,ClearFake,mac-0x76c7,macos",2026-09-08 16:06:38,2026-09-09 04:23:19,85
domain,8a226u7n.melemoeuhane.com,threatfox,ClearFake,"threatfox,ClearFake,mac-0x68dc,macos",2026-09-09 04:06:20,2026-09-09 04:23:19,85
domain,8ocr1m20.usa-puraboost.us,threatfox,ClearFake,"threatfox,ClearFake,mac-0xdcf2,macos",2026-09-08 16:06:38,2026-09-09 04:23:19,85
domain,aceattendance.com,threatfox,ClearFake,"threatfox,compromised,EtherHide",2026-09-08 16:06:38,2026-09-09 04:23:19,85
domain,adria-bih.com,threatfox,ClearFake,"threatfox,compromised,EtherHide",2026-09-09 04:06:20,2026-09-09 04:23:19,85
domain,advantagemws.com,threatfox,ClearFake,"threatfox,compromised,EtherHide",2026-09-09 04:06:20,2026-09-09 04:23:19,85
domain,aggregate516.workers.dev,threatfox,php.shin_webshell,"threatfox,Cloudflare,GIF,PHP,webshell,WordPress,workers.dev,wp-admin",2026-09-09 04:06:20,2026-09-09 04:23:19,85
domain,agpatrimoine.net,threatfox,ClearFake,"threatfox,compromised,EtherHide",2026-09-09 04:06:20,2026-09-09 04:23:19,85
domain,alananhatrang.com,threatfox,ClearFake,"threatfox,compromised,EtherHide",2026-09-09 04:06:20,2026-09-09 04:23:19,85
domain,anticondensspecialist.fr,threatfox,ClearFake,"threatfox,compromised,EtherHide",2026-09-09 04:06:20,2026-09-09 04:23:19,85
domain,apartners.group,threatfox,ClearFake,"threatfox,compromised,EtherHide",2026-09-09 04:06:20,2026-09-09 04:23:19,85
domain,asc.edu.au,threatfox,ClearFake,"threatfox,compromised,EtherHide",2026-09-09 04:06:20,2026-09-09 04:23:19,85
domain,aszdgo8b.www-trumpgoldenbadge.com,threatfox,ClearFake,"threatfox,ClearFake,mac-0xdcf2,macos",2026-09-09 04:06:20,2026-09-09 04:23:19,85
domain,auxanesetc.fr,threatfox,ClearFake,"threatfox,compromised,EtherHide",2026-09-09 04:06:20,2026-09-09 04:23:19,85
domain,avoavenue.com,threatfox,ClearFake,"threatfox,compromised,EtherHide",2026-09-09 04:06:20,2026-09-09 04:23:19,85
domain,aydintadilatmerkezi.com,threatfox,ClearFake,"threatfox,compromised,EtherHide",2026-09-09 04:06:20,2026-09-09 04:23:19,85
domain,b43532.com,threatfox,ClearFake,"threatfox,compromised,EtherHide",2026-09-09 04:06:20,2026-09-09 04:23:19,85
domain,babyologynepal.com,threatfox,ClearFake,"threatfox,compromised,EtherHide",2026-09-09 04:06:20,2026-09-09 04:23:19,85
domain,barovozy.workers.dev,threatfox,php.shin_webshell,"threatfox,Cloudflare,GIF,PHP,webshell,WordPress,workers.dev,wp-admin",2026-09-08 16:06:38,2026-09-09 04:23:19,85
domain,beapower.solar,threatfox,ClearFake,"threatfox,compromised,EtherHide",2026-09-09 04:06:20,2026-09-09 04:23:19,85
domain,begodent.com,threatfox,ClearFake,"threatfox,compromised,EtherHide",2026-09-09 04:06:20,2026-09-09 04:23:19,85
domain,berita-terkini.online,threatfox,ClearFake,"threatfox,compromised,EtherHide",2026-09-09 04:06:20,2026-09-09 04:23:19,85
domain,berlin-knights.com,threatfox,ClearFake,"threatfox,8September2026,ClearFake,Commandline,MacOS",2026-09-08 16:06:38,2026-09-09 04:23:19,85
domain,betting-hockey.com,threatfox,ClearFake,"threatfox,compromised,EtherHide",2026-09-09 04:06:20,2026-09-09 04:23:19,85
domain,blog.lapieza.io,threatfox,ClearFake,"threatfox,compromised,EtherHide",2026-09-09 04:06:20,2026-09-09 04:23:19,85
domain,bobatouch.com,threatfox,ClearFake,"threatfox,8September2026,ClearFake,Commandline,MacOS",2026-09-08 16:06:38,2026-09-09 04:23:19,85
domain,bojilovu.workers.dev,threatfox,php.shin_webshell,"threatfox,Cloudflare,GIF,PHP,webshell,WordPress,workers.dev,wp-admin",2026-09-09 04:06:20,2026-09-09 04:23:19,85
domain,borderlinelakewood.com,threatfox,ClearFake,"threatfox,8September2026,ClearFake,Commandline,MacOS",2026-09-09 04:06:20,2026-09-09 04:23:19,85
domain,borreby-dyreklinik.dk,threatfox,ClearFake,"threatfox,compromised,EtherHide",2026-09-09 04:06:20,2026-09-09 04:23:19,85
domain,bowling-pleinfeld.de,threatfox,ClearFake,"threatfox,compromised,EtherHide",2026-09-09 04:06:20,2026-09-09 04:23:19,85
domain,bridgerhillspartners.com,threatfox,ClearFake,"threatfox,compromised,EtherHide",2026-09-09 04:06:20,2026-09-09 04:23:19,85
domain,broadwaycomedyclub.fr,threatfox,ClearFake,"threatfox,compromised,EtherHide",2026-09-09 04:06:20,2026-09-09 04:23:19,85
domain,btmobv4.duckdns.org,threatfox,XWorm,"threatfox,xworm",2026-09-09 04:06:20,2026-09-09 04:23:19,85
domain,bukhoor-store.com,threatfox,ClearFake,"threatfox,compromised,EtherHide",2026-09-09 04:06:20,2026-09-09 04:23:19,85
domain,buscadireta.com,threatfox,ClearFake,"threatfox,compromised,EtherHide",2026-09-09 04:06:20,2026-09-09 04:23:19,85
domain,capsurlavenir.com,threatfox,ClearFake,"threatfox,compromised,EtherHide",2026-09-08 16:06:38,2026-09-09 04:23:19,85
domain,carboneriastudio.mom,threatfox,ClearFake,"threatfox,compromised,EtherHide",2026-09-09 04:06:20,2026-09-09 04:23:19,85
domain,castle-lid.com,threatfox,Unknown malware,"threatfox,ClearFake,ClickFix,EtherHiding",2026-09-09 04:06:20,2026-09-09 04:23:19,85
domain,cavedowy.workers.dev,threatfox,php.shin_webshell,"threatfox,Cloudflare,GIF,PHP,webshell,WordPress,workers.dev,wp-admin",2026-09-09 04:06:20,2026-09-09 04:23:19,85
domain,cedite.workers.dev,threatfox,php.shin_webshell,"threatfox,Cloudflare,GIF,PHP,webshell,WordPress,workers.dev,wp-admin",2026-09-08 16:06:38,2026-09-09 04:23:19,85
domain,chapadainside.com.br,threatfox,ClearFake,"threatfox,compromised,EtherHide",2026-09-09 04:06:20,2026-09-09 04:23:19,85
domain,chepoanimacion.com,threatfox,ClearFake,"threatfox,compromised,EtherHide",2026-09-09 04:06:20,2026-09-09 04:23:19,85
domain,chilax.club,threatfox,ClearFake,"threatfox,compromised,EtherHide",2026-09-09 04:06:20,2026-09-09 04:23:19,85
domain,cipeq.com,threatfox,ClearFake,"threatfox,compromised,EtherHide",2026-09-09 04:06:20,2026-09-09 04:23:19,85
domain,clarivi.com.br,threatfox,ClearFake,"threatfox,compromised,EtherHide",2026-09-09 04:06:20,2026-09-09 04:23:19,85
domain,cloudprotectsoftware.cfd,threatfox,Unknown malware,threatfox,2026-09-08 16:06:38,2026-09-09 04:23:19,85
domain,colon-strange.pro,threatfox,Unknown malware,"threatfox,ClearFake,ClickFix,EtherHiding",2026-09-09 04:06:20,2026-09-09 04:23:19,85
domain,computer-warehouse-too.com,threatfox,ClearFake,"threatfox,ClearFake",2026-09-08 16:06:38,2026-09-09 04:23:19,85
domain,comsift.com,threatfox,ClearFake,"threatfox,ClearFake",2026-09-08 16:06:38,2026-09-09 04:23:19,85
domain,coopsuperfinanciera.com.co,threatfox,ClearFake,"threatfox,compromised,EtherHide",2026-09-09 04:06:20,2026-09-09 04:23:19,85
domain,coronadelvalle.com.mx,threatfox,ClearFake,"threatfox,compromised,EtherHide",2026-09-09 04:06:20,2026-09-09 04:23:19,85
domain,cowaypromotionthai.com,threatfox,ClearFake,"threatfox,compromised,EtherHide",2026-09-09 04:06:20,2026-09-09 04:23:19,85
domain,cozinhadaclaudia.com.br,threatfox,ClearFake,"threatfox,compromised,EtherHide",2026-09-09 04:06:20,2026-09-09 04:23:19,85
domain,cruxonlineacademy.com,threatfox,ClearFake,"threatfox,compromised,EtherHide",2026-09-09 04:06:20,2026-09-09 04:23:19,85
domain,cryptorouter.io,threatfox,ClearFake,"threatfox,compromised,EtherHide",2026-09-09 04:06:20,2026-09-09 04:23:19,85
domain,customhomes.sydney,threatfox,ClearFake,"threatfox,compromised,EtherHide",2026-09-09 04:06:20,2026-09-09 04:23:19,85
domain,d8p2pugb.eng-us-puraboost.us,threatfox,ClearFake,"threatfox,ClearFake,mac-0x68dc,macos",2026-09-09 04:06:20,2026-09-09 04:23:19,85
domain,da3a.es,threatfox,ClearFake,"threatfox,compromised,EtherHide",2026-09-09 04:06:20,2026-09-09 04:23:19,85
domain,damacosmetics.com,threatfox,ClearFake,"threatfox,compromised,EtherHide",2026-09-09 04:06:20,2026-09-09 04:23:19,85
domain,dein-sandmann.de,threatfox,ClearFake,"threatfox,compromised,EtherHide",2026-09-09 04:06:20,2026-09-09 04:23:19,85
domain,det6cgcu.www-cardioslim.com,threatfox,ClearFake,"threatfox,ClearFake,mac-0xdcf2,macos",2026-09-09 04:06:20,2026-09-09 04:23:19,85
domain,developers.sd,threatfox,ClearFake,"threatfox,compromised,EtherHide",2026-09-09 04:06:20,2026-09-09 04:23:19,85
domain,dicasjardinagem.com,threatfox,ClearFake,"threatfox,compromised,EtherHide",2026-09-09 04:06:20,2026-09-09 04:23:19,85
domain,dlbrayboy.com,threatfox,ClearFake,"threatfox,compromised,EtherHide",2026-09-09 04:06:20,2026-09-09 04:23:19,85
domain,drchristinecharytonmusk.com,threatfox,ClearFake,"threatfox,compromised,EtherHide",2026-09-09 04:06:20,2026-09-09 04:23:19,85
domain,drporzse.com,threatfox,ClearFake,"threatfox,compromised,EtherHide",2026-09-09 04:06:20,2026-09-09 04:23:19,85
domain,dudomu.workers.dev,threatfox,php.shin_webshell,"threatfox,Cloudflare,GIF,PHP,webshell,WordPress,workers.dev,wp-admin",2026-09-08 16:06:38,2026-09-09 04:23:19,85
domain,dwzc4sh2.comsift.com,threatfox,ClearFake,"threatfox,ClearFake,mac-0x68dc,macos",2026-09-08 16:06:38,2026-09-09 04:23:19,85
domain,eaglerock-consulting.com,threatfox,ClearFake,"threatfox,compromised,EtherHide",2026-09-09 04:06:20,2026-09-09 04:23:19,85
domain,earlybirdsinvest.com,threatfox,ClearFake,"threatfox,compromised,EtherHide",2026-09-09 04:06:20,2026-09-09 04:23:19,85
domain,ebcmedia.vn,threatfox,ClearFake,"threatfox,compromised,EtherHide",2026-09-09 04:06:20,2026-09-09 04:23:19,85
domain,ecceambalaj.com.tr,threatfox,ClearFake,"threatfox,compromised,EtherHide",2026-09-09 04:06:20,2026-09-09 04:23:19,85
domain,ecostar.mu,threatfox,ClearFake,"threatfox,compromised,EtherHide",2026-09-09 04:06:20,2026-09-09 04:23:19,85
domain,egda.com.br,threatfox,ClearFake,"threatfox,compromised,EtherHide",2026-09-09 04:06:20,2026-09-09 04:23:19,85
domain,ejneqdj9.lvsc.net,threatfox,ClearFake,"threatfox,ClearFake,mac-0x68dc,macos",2026-09-08 16:06:38,2026-09-09 04:23:19,85
domain,elevatets.ca,threatfox,ClearFake,"threatfox,compromised,EtherHide",2026-09-09 04:06:20,2026-09-09 04:23:19,85
domain,esby4edt.en-us-thetrumptoken.com,threatfox,ClearFake,"threatfox,ClearFake,mac-0x68dc,macos",2026-09-09 04:06:20,2026-09-09 04:23:19,85
domain,fleshproduce.xyz,threatfox,Unknown Loader,"threatfox,OffLoader",2026-09-08 16:06:38,2026-09-09 04:23:19,85
domain,foldstation.cfd,threatfox,Unknown Loader,"threatfox,OffLoader",2026-09-08 16:06:38,2026-09-09 04:23:19,85
domain,goldenseatnwa.com,threatfox,Unknown Loader,"threatfox,etherhiding",2026-09-08 16:06:38,2026-09-09 04:23:19,85
domain,gruporomiso.com,threatfox,ClearFake,"threatfox,compromised,EtherHide",2026-09-09 04:06:20,2026-09-09 04:23:19,85
domain,highlight-pyramid.com,threatfox,Unknown malware,"threatfox,ClearFake,ClickFix,EtherHiding",2026-09-09 04:06:20,2026-09-09 04:23:19,85
domain,ho5k07c2.web-enerflow.com,threatfox,ClearFake,"threatfox,ClearFake,mac-0x0f14,macos",2026-09-08 16:06:38,2026-09-09 04:23:19,85
domain,i0545ylreb.workers.dev,threatfox,php.shin_webshell,"threatfox,Cloudflare,GIF,PHP,webshell,WordPress,workers.dev,wp-admin",2026-09-09 04:06:20,2026-09-09 04:23:19,85
domain,ialphai.com,threatfox,IClickFix,"threatfox,ClickFix",2026-09-08 16:06:38,2026-09-09 04:23:19,85
domain,interface.bf,threatfox,IClickFix,"threatfox,ClickFix",2026-09-08 16:06:38,2026-09-09 04:23:19,85
domain,ivanoski.tech,threatfox,IClickFix,"threatfox,ClickFix",2026-09-08 16:06:38,2026-09-09 04:23:19,85
domain,jaqidenu.workers.dev,threatfox,php.shin_webshell,"threatfox,Cloudflare,GIF,PHP,webshell,WordPress,workers.dev,wp-admin",2026-09-09 04:06:20,2026-09-09 04:23:19,85
domain,jerichohair.com,threatfox,ClearFake,"threatfox,8September2026,ClearFake,Commandline,DomainShadowing,Windows",2026-09-08 16:06:38,2026-09-09 04:23:19,85
domain,jlxob4po.en-us-morningfatmelter.com,threatfox,ClearFake,"threatfox,ClearFake,mac-0x68dc,macos",2026-09-09 04:06:20,2026-09-09 04:23:19,85
domain,jndlj3g6.us-thetrumptoken.com,threatfox,ClearFake,"threatfox,ClearFake,mac-0xdcf2,macos",2026-09-08 16:06:38,2026-09-09 04:23:19,85
domain,jwm3yokc.comsift.com,threatfox,ClearFake,"threatfox,ClearFake,mac-0x76c7,macos",2026-09-09 04:06:20,2026-09-09 04:23:19,85
domain,k73lp0zrkk.workers.dev,threatfox,php.shin_webshell,"threatfox,Cloudflare,GIF,PHP,webshell,WordPress,workers.dev,wp-admin",2026-09-09 04:06:20,2026-09-09 04:23:19,85
domain,kefyru.workers.dev,threatfox,php.shin_webshell,"threatfox,Cloudflare,GIF,PHP,webshell,WordPress,workers.dev,wp-admin",2026-09-09 04:06:20,2026-09-09 04:23:19,85
domain,lajojidu.workers.dev,threatfox,php.shin_webshell,"threatfox,Cloudflare,GIF,PHP,webshell,WordPress,workers.dev,wp-admin",2026-09-09 04:06:20,2026-09-09 04:23:19,85
domain,leonardshow.clmcloud.app,threatfox,ClearFake,"threatfox,compromised,EtherHide",2026-09-09 04:06:20,2026-09-09 04:23:19,85
domain,lexaqy.workers.dev,threatfox,php.shin_webshell,"threatfox,Cloudflare,GIF,PHP,webshell,WordPress,workers.dev,wp-admin",2026-09-09 04:06:20,2026-09-09 04:23:19,85
domain,loboku-393.workers.dev,threatfox,php.shin_webshell,"threatfox,Cloudflare,GIF,PHP,webshell,WordPress,workers.dev,wp-admin",2026-09-08 16:06:38,2026-09-09 04:23:19,85
domain,lomaazul.com,threatfox,ClearFake,"threatfox,ClearFake",2026-09-08 16:06:38,2026-09-09 04:23:19,85
domain,lorenzboulosgroup.com,threatfox,ClearFake,"threatfox,8September2026,ClearFake,Commandline,MacOS",2026-09-08 16:06:38,2026-09-09 04:23:19,85
domain,lp4avzjm.borderlinelakewood.com,threatfox,ClearFake,"threatfox,ClearFake,mac-0x0f14,macos",2026-09-09 04:06:20,2026-09-09 04:23:19,85
domain,lvsc.net,threatfox,ClearFake,"threatfox,ClearFake",2026-09-08 16:06:38,2026-09-09 04:23:19,85
domain,m7ibdgbm.en-us-neuro-vera.com,threatfox,ClearFake,"threatfox,ClearFake,mac-0x68dc,macos",2026-09-09 04:06:20,2026-09-09 04:23:19,85
domain,mamont.com.ua,threatfox,IClickFix,"threatfox,ClickFix",2026-09-08 16:06:38,2026-09-09 04:23:19,85
domain,marooncloister.info,threatfox,SmartApeSG,"threatfox,SmartApeSG",2026-09-08 16:06:38,2026-09-09 04:23:19,85
domain,melemoeuhane.com,threatfox,ClearFake,"threatfox,ClearFake",2026-09-09 04:06:20,2026-09-09 04:23:19,85
domain,memaiagent.cfd,threatfox,Unknown malware,threatfox,2026-09-08 16:06:38,2026-09-09 04:23:19,85
domain,mghirealty.com,threatfox,IClickFix,"threatfox,ClickFix",2026-09-08 16:06:38,2026-09-09 04:23:19,85
domain,mondial-inox.be,threatfox,ClearFake,"threatfox,compromised,EtherHide",2026-09-09 04:06:20,2026-09-09 04:23:19,85
domain,moomalsalonspa.com,threatfox,IClickFix,"threatfox,ClickFix",2026-09-08 16:06:38,2026-09-09 04:23:19,85
domain,moscow-never-sleep.com,threatfox,ACR Stealer,"threatfox,ClickFix",2026-09-08 16:06:38,2026-09-09 04:23:19,85
domain,muzeqoci.workers.dev,threatfox,php.shin_webshell,"threatfox,Cloudflare,GIF,PHP,webshell,WordPress,workers.dev,wp-admin",2026-09-08 16:06:38,2026-09-09 04:23:19,85
domain,nyxycbnc.xenburn.us,threatfox,ClearFake,"threatfox,ClearFake,mac-0x68dc,macos",2026-09-09 04:06:20,2026-09-09 04:23:19,85
domain,o7tyz0a3.pura--boost.us,threatfox,ClearFake,"threatfox,ClearFake,mac-0x76c7,macos",2026-09-08 16:06:38,2026-09-09 04:23:19,85
domain,oguwect7qm.workers.dev,threatfox,php.shin_webshell,"threatfox,Cloudflare,GIF,PHP,webshell,WordPress,workers.dev,wp-admin",2026-09-08 16:06:38,2026-09-09 04:23:19,85
domain,opg0dhzidn.workers.dev,threatfox,php.shin_webshell,"threatfox,Cloudflare,GIF,PHP,webshell,WordPress,workers.dev,wp-admin",2026-09-09 04:06:20,2026-09-09 04:23:19,85
domain,papema.workers.dev,threatfox,php.shin_webshell,"threatfox,Cloudflare,GIF,PHP,webshell,WordPress,workers.dev,wp-admin",2026-09-09 04:06:20,2026-09-09 04:23:19,85
domain,pbqftjpa.computer-warehouse-too.com,threatfox,ClearFake,"threatfox,ClearFake,mac-0x68dc,macos",2026-09-08 16:06:38,2026-09-09 04:23:19,85
domain,pehipose.workers.dev,threatfox,php.shin_webshell,"threatfox,Cloudflare,GIF,PHP,webshell,WordPress,workers.dev,wp-admin",2026-09-09 04:06:20,2026-09-09 04:23:19,85
domain,pirudyfu.workers.dev,threatfox,php.shin_webshell,"threatfox,Cloudflare,GIF,PHP,webshell,WordPress,workers.dev,wp-admin",2026-09-09 04:06:20,2026-09-09 04:23:19,85
domain,q2bff0vb.us-neuro-vera.com,threatfox,ClearFake,"threatfox,ClearFake,mac-0x76c7,macos",2026-09-09 04:06:20,2026-09-09 04:23:19,85
domain,qiqarife.workers.dev,threatfox,php.shin_webshell,"threatfox,Cloudflare,GIF,PHP,webshell,WordPress,workers.dev,wp-admin",2026-09-08 16:06:38,2026-09-09 04:23:19,85
domain,qudozope.workers.dev,threatfox,php.shin_webshell,"threatfox,Cloudflare,GIF,PHP,webshell,WordPress,workers.dev,wp-admin",2026-09-08 16:06:38,2026-09-09 04:23:19,85
domain,r22mgsv1.bobatouch.com,threatfox,ClearFake,"threatfox,ClearFake,mac-0x0f14,macos",2026-09-08 16:06:38,2026-09-09 04:23:19,85
domain,remoteitprofessional.com,threatfox,IClickFix,"threatfox,ClickFix",2026-09-08 16:06:38,2026-09-09 04:23:19,85
domain,rug.betweenthebunz.co,threatfox,IClickFix,"threatfox,ClickFix",2026-09-08 16:06:38,2026-09-09 04:23:19,85
domain,sd6kcygx.goodmorningsweetheart.com,threatfox,ClearFake,"threatfox,ClearFake,mac-0x0f14,macos",2026-09-09 04:06:20,2026-09-09 04:23:19,85
domain,sefs9gfo.zen-zensulin.com,threatfox,ClearFake,"threatfox,ClearFake,mac-0x0f14,macos",2026-09-09 04:06:20,2026-09-09 04:23:19,85
domain,snippet.host,threatfox,Unknown malware,threatfox,2026-09-08 16:06:38,2026-09-09 04:23:19,85
domain,toneel-meijel.nl,threatfox,Unknown Loader,"threatfox,etherhiding,Sepolia",2026-09-08 16:06:38,2026-09-09 04:23:19,85
domain,touchto.io,threatfox,Unknown Loader,"threatfox,etherhiding,Sepolia",2026-09-08 16:06:38,2026-09-09 04:23:19,85
domain,trapper.berlin,threatfox,Unknown Loader,"threatfox,etherhiding,Sepolia",2026-09-08 16:06:38,2026-09-09 04:23:19,85
domain,trattore.com.br,threatfox,Unknown Loader,"threatfox,etherhiding,Sepolia",2026-09-08 16:06:38,2026-09-09 04:23:19,85
domain,travelindustrypodcasts.com,threatfox,Unknown Loader,"threatfox,etherhiding,Sepolia",2026-09-08 16:06:38,2026-09-09 04:23:19,85
domain,travels-best.com,threatfox,Unknown Loader,"threatfox,etherhiding,Sepolia",2026-09-08 16:06:38,2026-09-09 04:23:19,85
domain,triangle.cat,threatfox,Unknown Loader,"threatfox,etherhiding,Sepolia",2026-09-08 16:06:38,2026-09-09 04:23:19,85
domain,turific.nl,threatfox,Unknown Loader,"threatfox,etherhiding,Sepolia",2026-09-08 16:06:38,2026-09-09 04:23:19,85
domain,twbetclub.com,threatfox,Unknown Loader,"threatfox,etherhiding,Sepolia",2026-09-08 16:06:38,2026-09-09 04:23:19,85
domain,twincitymotor.com.pk,threatfox,Unknown Loader,"threatfox,etherhiding,Sepolia",2026-09-08 16:06:38,2026-09-09 04:23:19,85
domain,tzs-tennis.de,threatfox,Unknown Loader,"threatfox,etherhiding,Sepolia",2026-09-08 16:06:38,2026-09-09 04:23:19,85
domain,u2b1.com,threatfox,Unknown Loader,"threatfox,etherhiding,Sepolia",2026-09-08 16:06:38,2026-09-09 04:23:19,85
domain,ufrveterans.com,threatfox,Unknown Loader,"threatfox,etherhiding,Sepolia",2026-09-08 16:06:38,2026-09-09 04:23:19,85
domain,uhrle.com,threatfox,Unknown Loader,"threatfox,etherhiding,Sepolia",2026-09-08 16:06:38,2026-09-09 04:23:19,85
domain,unibag.cl,threatfox,Unknown Loader,"threatfox,etherhiding,Sepolia",2026-09-08 16:06:38,2026-09-09 04:23:19,85
domain,uninest.in,threatfox,Unknown Loader,"threatfox,etherhiding,Sepolia",2026-09-08 16:06:38,2026-09-09 04:23:19,85
domain,unitedtravels.pk,threatfox,Unknown Loader,"threatfox,etherhiding,Sepolia",2026-09-08 16:06:38,2026-09-09 04:23:19,85
domain,upvcwindowsonline.co.uk,threatfox,Unknown Loader,"threatfox,etherhiding,Sepolia",2026-09-08 16:06:38,2026-09-09 04:23:19,85
domain,urban-0.com,threatfox,Unknown Loader,"threatfox,etherhiding,Sepolia",2026-09-08 16:06:38,2026-09-09 04:23:19,85
domain,ustazdondaniyal.com,threatfox,Unknown Loader,"threatfox,etherhiding,Sepolia",2026-09-08 16:06:38,2026-09-09 04:23:19,85
domain,uvoila.com,threatfox,Unknown Loader,"threatfox,etherhiding,Sepolia",2026-09-08 16:06:38,2026-09-09 04:23:19,85
domain,va.com.pl,threatfox,Unknown Loader,"threatfox,etherhiding,Sepolia",2026-09-08 16:06:38,2026-09-09 04:23:19,85
domain,vamosdevinos.com,threatfox,Unknown Loader,"threatfox,etherhiding,Sepolia",2026-09-08 16:06:38,2026-09-09 04:23:19,85
domain,vc4625eicq.workers.dev,threatfox,php.shin_webshell,"threatfox,Cloudflare,GIF,PHP,webshell,WordPress,workers.dev,wp-admin",2026-09-08 16:06:38,2026-09-09 04:23:19,85
domain,vcawol.org.au,threatfox,Unknown Loader,"threatfox,etherhiding,Sepolia",2026-09-08 16:06:38,2026-09-09 04:23:19,85
domain,vegkitchen.in,threatfox,Unknown Loader,"threatfox,etherhiding,Sepolia",2026-09-08 16:06:38,2026-09-09 04:23:19,85
domain,veiligverkeersschoolnederland.nl,threatfox,Unknown Loader,"threatfox,etherhiding,Sepolia",2026-09-08 16:06:38,2026-09-09 04:23:19,85
domain,verfahrensanweisung.online,threatfox,Unknown Loader,"threatfox,etherhiding,Sepolia",2026-09-08 16:06:38,2026-09-09 04:23:19,85
domain,veroniqhq.shop,threatfox,Unknown Loader,"threatfox,etherhiding,Sepolia",2026-09-08 16:06:38,2026-09-09 04:23:19,85
domain,vesnade3ign.com,threatfox,Unknown Loader,"threatfox,etherhiding,Sepolia",2026-09-08 16:06:38,2026-09-09 04:23:19,85
domain,vgtrides.com,threatfox,Unknown Loader,"threatfox,etherhiding,Sepolia",2026-09-08 16:06:38,2026-09-09 04:23:19,85
domain,vgtwaterparks.com,threatfox,Unknown Loader,"threatfox,etherhiding,Sepolia",2026-09-08 16:06:38,2026-09-09 04:23:19,85
domain,vifor.energy,threatfox,Unknown Loader,"threatfox,etherhiding,Sepolia",2026-09-08 16:06:38,2026-09-09 04:23:19,85
domain,vina-japan.com,threatfox,Unknown Loader,"threatfox,etherhiding,Sepolia",2026-09-08 16:06:38,2026-09-09 04:23:19,85
domain,vintagegayrimenkul.com,threatfox,Unknown Loader,"threatfox,etherhiding,Sepolia",2026-09-08 16:06:38,2026-09-09 04:23:19,85
domain,visainternationalgroup.com,threatfox,Unknown Loader,"threatfox,etherhiding,Sepolia",2026-09-08 16:06:38,2026-09-09 04:23:19,85
domain,visitasguiadasvalladolid.com,threatfox,Unknown Loader,"threatfox,etherhiding,Sepolia",2026-09-08 16:06:38,2026-09-09 04:23:19,85
domain,viva883.gr,threatfox,Unknown Loader,"threatfox,etherhiding,Sepolia",2026-09-08 16:06:38,2026-09-09 04:23:19,85
domain,voedselbankleiden.nl,threatfox,Unknown Loader,"threatfox,etherhiding,Sepolia",2026-09-08 16:06:38,2026-09-09 04:23:19,85
domain,volkanaskun.com,threatfox,Unknown Loader,"threatfox,etherhiding,Sepolia",2026-09-08 16:06:38,2026-09-09 04:23:19,85
domain,vuole.pe,threatfox,Unknown Loader,"threatfox,etherhiding,Sepolia",2026-09-08 16:06:38,2026-09-09 04:23:19,85
domain,walkthenight.com,threatfox,Unknown Loader,"threatfox,etherhiding,Sepolia",2026-09-08 16:06:38,2026-09-09 04:23:19,85
domain,wandelphase.de,threatfox,Unknown Loader,"threatfox,etherhiding,Sepolia",2026-09-08 16:06:38,2026-09-09 04:23:19,85
domain,wared.co,threatfox,Unknown Loader,"threatfox,etherhiding,Sepolia",2026-09-08 16:06:38,2026-09-09 04:23:19,85
domain,watsiia.top,threatfox,KongTuke,"threatfox,KongTuke",2026-09-08 16:06:38,2026-09-09 04:23:19,85
domain,wb5fhi.net,threatfox,Unknown Loader,"threatfox,etherhiding,Sepolia",2026-09-08 16:06:38,2026-09-09 04:23:19,85
domain,web.wp-autotechnik.de,threatfox,Unknown Loader,"threatfox,etherhiding,Sepolia",2026-09-08 16:06:38,2026-09-09 04:23:19,85
domain,webcreated.net,threatfox,Unknown Loader,"threatfox,etherhiding,Sepolia",2026-09-08 16:06:38,2026-09-09 04:23:19,85
domain,weblan.com.br,threatfox,Unknown Loader,"threatfox,etherhiding,Sepolia",2026-09-08 16:06:38,2026-09-09 04:23:19,85
domain,wellmaxinsure.com,threatfox,Unknown Loader,"threatfox,etherhiding,Sepolia",2026-09-08 16:06:38,2026-09-09 04:23:19,85
domain,welypubo.workers.dev,threatfox,php.shin_webshell,"threatfox,Cloudflare,GIF,PHP,webshell,WordPress,workers.dev,wp-admin",2026-09-08 16:06:38,2026-09-09 04:23:19,85
domain,wex.com.pl,threatfox,Unknown Loader,"threatfox,etherhiding,Sepolia",2026-09-08 16:06:38,2026-09-09 04:23:19,85
domain,wide-verwaltung.de,threatfox,Unknown Loader,"threatfox,etherhiding,Sepolia",2026-09-08 16:06:38,2026-09-09 04:23:19,85
domain,wikidoma.com,threatfox,Unknown Loader,"threatfox,etherhiding,Sepolia",2026-09-08 16:06:38,2026-09-09 04:23:19,85
domain,williames.com,threatfox,Unknown Loader,"threatfox,etherhiding,Sepolia",2026-09-08 16:06:38,2026-09-09 04:23:19,85
domain,williamtammingaarchitects.com,threatfox,Unknown Loader,"threatfox,etherhiding,Sepolia",2026-09-08 16:06:38,2026-09-09 04:23:19,85
domain,winnerads.co.uk,threatfox,Unknown Loader,"threatfox,etherhiding,Sepolia",2026-09-08 16:06:38,2026-09-09 04:23:19,85
domain,wiscwomeningovernment.org,threatfox,Unknown Loader,"threatfox,etherhiding,Sepolia",2026-09-08 16:06:38,2026-09-09 04:23:19,85
domain,witani.workers.dev,threatfox,php.shin_webshell,"threatfox,Cloudflare,GIF,PHP,webshell,WordPress,workers.dev,wp-admin",2026-09-08 16:06:38,2026-09-09 04:23:19,85
domain,withron.com,threatfox,Unknown Loader,"threatfox,etherhiding,Sepolia",2026-09-08 16:06:38,2026-09-09 04:23:19,85
domain,witool.org,threatfox,Unknown Loader,"threatfox,etherhiding,Sepolia",2026-09-08 16:06:38,2026-09-09 04:23:19,85
domain,wnailloungeandhairspa.com,threatfox,Unknown Loader,"threatfox,etherhiding,Sepolia",2026-09-08 16:06:38,2026-09-09 04:23:19,85
domain,workershealth.eu,threatfox,Unknown Loader,"threatfox,etherhiding,Sepolia",2026-09-08 16:06:38,2026-09-09 04:23:19,85
domain,worldofroofing.co.uk,threatfox,Unknown Loader,"threatfox,etherhiding,Sepolia",2026-09-08 16:06:38,2026-09-09 04:23:19,85
domain,wrkmb21091.workers.dev,threatfox,php.shin_webshell,"threatfox,Cloudflare,GIF,PHP,webshell,WordPress,workers.dev,wp-admin",2026-09-08 16:06:38,2026-09-09 04:23:19,85
domain,wrongwaylizzie.me,threatfox,Unknown Loader,"threatfox,etherhiding,Sepolia",2026-09-08 16:06:38,2026-09-09 04:23:19,85
domain,wtzszumowo.pl,threatfox,Unknown Loader,"threatfox,etherhiding,Sepolia",2026-09-08 16:06:38,2026-09-09 04:23:19,85
domain,wusongui.com,threatfox,Unknown Loader,"threatfox,etherhiding,Sepolia",2026-09-08 16:06:38,2026-09-09 04:23:19,85
domain,www.agentur-sport-artist.com,threatfox,ClearFake,"threatfox,compromised,EtherHide",2026-09-09 04:06:20,2026-09-09 04:23:19,85
domain,www.atlantis-aps.org,threatfox,ClearFake,"threatfox,compromised,EtherHide",2026-09-09 04:06:20,2026-09-09 04:23:19,85
domain,www.audiosushi.com,threatfox,ClearFake,"threatfox,compromised,EtherHide",2026-09-09 04:06:20,2026-09-09 04:23:19,85
domain,www.autourduvin-bordeaux.com,threatfox,ClearFake,"threatfox,compromised,EtherHide",2026-09-09 04:06:20,2026-09-09 04:23:19,85
domain,www.bawoauto.com,threatfox,ClearFake,"threatfox,compromised,EtherHide",2026-09-09 04:06:20,2026-09-09 04:23:19,85
domain,www.bioitalia-srl.it,threatfox,ClearFake,"threatfox,compromised,EtherHide",2026-09-09 04:06:20,2026-09-09 04:23:19,85
domain,www.boiledowlfilms.com,threatfox,ClearFake,"threatfox,compromised,EtherHide",2026-09-09 04:06:20,2026-09-09 04:23:19,85
domain,www.bridalwishes.de,threatfox,ClearFake,"threatfox,compromised,EtherHide",2026-09-09 04:06:20,2026-09-09 04:23:19,85
domain,www.britbonuscasinos.co.uk,threatfox,ClearFake,"threatfox,compromised,EtherHide",2026-09-09 04:06:20,2026-09-09 04:23:19,85
domain,www.carolsill.com,threatfox,ClearFake,"threatfox,compromised,EtherHide",2026-09-09 04:06:20,2026-09-09 04:23:19,85
domain,www.casevacanzeotranto.it,threatfox,ClearFake,"threatfox,compromised,EtherHide",2026-09-09 04:06:20,2026-09-09 04:23:19,85
domain,www.cippy.com,threatfox,ClearFake,"threatfox,compromised,EtherHide",2026-09-09 04:06:20,2026-09-09 04:23:19,85
domain,www.completeonlinepoker.com,threatfox,ClearFake,"threatfox,compromised,EtherHide",2026-09-09 04:06:20,2026-09-09 04:23:19,85
domain,www.currentsurveillance.ca,threatfox,ClearFake,"threatfox,compromised,EtherHide",2026-09-09 04:06:20,2026-09-09 04:23:19,85
domain,www.danielenittisotres.it,threatfox,ClearFake,"threatfox,compromised,EtherHide",2026-09-09 04:06:20,2026-09-09 04:23:19,85
domain,www.depannage-serrurier-77.com,threatfox,ClearFake,"threatfox,compromised,EtherHide",2026-09-09 04:06:20,2026-09-09 04:23:19,85
domain,www.derbydelay.de,threatfox,ClearFake,"threatfox,compromised,EtherHide",2026-09-09 04:06:20,2026-09-09 04:23:19,85
domain,www.destinationweddinglazio.com,threatfox,ClearFake,"threatfox,compromised,EtherHide",2026-09-09 04:06:20,2026-09-09 04:23:19,85
domain,www.edih4dt.it,threatfox,ClearFake,"threatfox,compromised,EtherHide",2026-09-09 04:06:20,2026-09-09 04:23:19,85
domain,www.egyhazi.hu,threatfox,ClearFake,"threatfox,compromised,EtherHide",2026-09-09 04:06:20,2026-09-09 04:23:19,85
domain,www.psiegenthaler.com,threatfox,ClearFake,"threatfox,compromised,EtherHide",2026-09-09 04:06:20,2026-09-09 04:23:19,85
domain,wypozycz-skuter.pl,threatfox,Unknown Loader,"threatfox,etherhiding,Sepolia",2026-09-08 16:06:38,2026-09-09 04:23:19,85
domain,xcat.nl,threatfox,Unknown Loader,"threatfox,etherhiding,Sepolia",2026-09-08 16:06:38,2026-09-09 04:23:19,85
domain,xn--iac-dren-b6a.de,threatfox,Unknown Loader,"threatfox,etherhiding,Sepolia",2026-09-08 16:06:38,2026-09-09 04:23:19,85
domain,xn--lrer-voa.dk,threatfox,Unknown Loader,"threatfox,etherhiding,Sepolia",2026-09-08 16:06:38,2026-09-09 04:23:19,85
domain,xnodt0fv.lorenzboulosgroup.com,threatfox,ClearFake,"threatfox,ClearFake,mac-0x68dc,macos",2026-09-08 16:06:38,2026-09-09 04:23:19,85
domain,xz783f49.lomaazul.com,threatfox,ClearFake,"threatfox,ClearFake,mac-0x68dc,macos",2026-09-08 16:06:38,2026-09-09 04:23:19,85
domain,yannick-golz.de,threatfox,Unknown Loader,"threatfox,etherhiding,Sepolia",2026-09-08 16:06:38,2026-09-09 04:23:19,85
domain,yomeammo.com,threatfox,Unknown Loader,"threatfox,etherhiding,Sepolia",2026-09-08 16:06:38,2026-09-09 04:23:19,85
domain,yubairwmp.org,threatfox,Unknown Loader,"threatfox,etherhiding,Sepolia",2026-09-08 16:06:38,2026-09-09 04:23:19,85
domain,yumandquick.com,threatfox,Unknown Loader,"threatfox,etherhiding,Sepolia",2026-09-08 16:06:38,2026-09-09 04:23:19,85
domain,zargreen.com,threatfox,Unknown Loader,"threatfox,etherhiding,Sepolia",2026-09-08 16:06:38,2026-09-09 04:23:19,85
domain,zariwarkhabar.com,threatfox,Unknown Loader,"threatfox,etherhiding,Sepolia",2026-09-08 16:06:38,2026-09-09 04:23:19,85
domain,zentechonline.com,threatfox,Unknown Loader,"threatfox,etherhiding,Sepolia",2026-09-08 16:06:38,2026-09-09 04:23:19,85
domain,zipnorthshore.com,threatfox,Unknown Loader,"threatfox,etherhiding,Sepolia",2026-09-08 16:06:38,2026-09-09 04:23:19,85
domain,zmilenow.de,threatfox,Unknown Loader,"threatfox,etherhiding,Sepolia",2026-09-08 16:06:38,2026-09-09 04:23:19,85
domain,zub-bonn.de,threatfox,Unknown Loader,"threatfox,etherhiding,Sepolia",2026-09-08 16:06:38,2026-09-09 04:23:19,85
hash_md5,0187d03c5f99e3d4c191b83a4bff3840,malwarebazaar,Mirai,elf,2026-09-09 04:00:06,2026-09-09 04:23:19,85
hash_md5,0566d137b0d610df1e5e8db6741d4358,malwarebazaar,Mirai,"elf,Mirai",2026-09-09 04:00:06,2026-09-09 04:23:19,85
hash_md5,05d6c116f6c38ab44644e3287e18931c,malwarebazaar,sh,sh,2026-09-09 04:00:06,2026-09-09 04:23:19,85
hash_md5,0925803a819f9eb4ddf4a821a99ec73b,malwarebazaar,exe,"exe,Vidar",2026-09-09 04:00:06,2026-09-09 04:23:19,85
hash_md5,09dd70265a218b41b2f0af7b5cb1cbe4,malwarebazaar,Mirai,"Mirai,sh",2026-09-09 04:00:06,2026-09-09 04:23:19,85
hash_md5,0c45741ea60147e6f74f2d3755eec08e,malwarebazaar,Mirai,elf,2026-09-09 04:00:06,2026-09-09 04:23:19,85
hash_md5,0de073777b10edd83ce98b2934cde708,malwarebazaar,sh,sh,2026-09-09 04:00:06,2026-09-09 04:23:19,85
hash_md5,0e27fa4fb576da50bbfe15a91e36198b,malwarebazaar,Mirai,"elf,Mirai,upx-dec",2026-09-09 04:00:06,2026-09-09 04:23:19,85
hash_md5,0e393a3c9daec276e02d9e071ff204fd,malwarebazaar,Mirai,"elf,Mirai",2026-09-09 04:00:06,2026-09-09 04:23:19,85
hash_md5,0f2e05992e1eb1032016d044b0f93b37,threatfox,NetWire RC,threatfox,2026-09-08 16:06:38,2026-09-09 04:23:19,85
hash_md5,162e5f309e7c5a14127559d1bf6b6a99,malwarebazaar,ConnectWise,"ConnectWise,msi,whack.sh",2026-09-09 04:00:06,2026-09-09 04:23:19,85
hash_md5,1697192d8b707f96dc3ee1c409771b61,malwarebazaar,exe,exe,2026-09-09 04:00:06,2026-09-09 04:23:19,85
hash_md5,17851307c106e5ee54367bf1ecf9a1e7,malwarebazaar,Mirai,"elf,Mirai",2026-09-09 04:00:06,2026-09-09 04:23:19,85
hash_md5,17940eb2131c50138239c1d754d74003,malwarebazaar,exe,"B,dropped-by-GCleaner,exe,MIX7.file",2026-09-09 04:00:06,2026-09-09 04:23:19,85
hash_md5,1839171331f31743bcf0f713c8731fa4,malwarebazaar,Vidar,exe,2026-09-09 04:00:06,2026-09-09 04:23:19,85
hash_md5,18d98f41268178c0bd7703a908ed94a3,malwarebazaar,jar,"EtherHiding,jar,SilentNet,stealer",2026-09-09 04:00:06,2026-09-09 04:23:19,85
hash_md5,19f88273e1076a090e4ec439c2ee560c,threatfox,XRed,threatfox,2026-09-08 16:06:38,2026-09-09 04:23:19,85
hash_md5,1b4d65345299c45047e2155414f7790f,malwarebazaar,unknown,"exe,whack.sh",2026-09-09 04:00:06,2026-09-09 04:23:19,85
hash_md5,1b9a9521010c6ccf568a0ddc9d59832e,malwarebazaar,unknown,unknown,2026-09-09 04:00:06,2026-09-09 04:23:19,85
hash_md5,1be4a5342c3b345b55c7a784d29c549a,malwarebazaar,unknown,enthec,2026-09-09 04:00:06,2026-09-09 04:23:19,85
hash_md5,1f82dc1f4ce97c64e9b59fa70c4dc5e3,malwarebazaar,Mirai,elf,2026-09-09 04:00:06,2026-09-09 04:23:19,85
hash_md5,1fdba616e7ee0136cb46394ad8b5673c,malwarebazaar,unknown,"exe,whack.sh",2026-09-09 04:00:06,2026-09-09 04:23:19,85
hash_md5,22816350d9e0b7ea15e3c204b49d100c,malwarebazaar,sh,sh,2026-09-09 04:00:06,2026-09-09 04:23:19,85
hash_md5,25d51cffd2ef204a9e6564e5c62dcae3,malwarebazaar,exe,"exe,Vidar",2026-09-09 04:00:06,2026-09-09 04:23:19,85
hash_md5,2e0d8a526213432bf0952bdb08a569a1,malwarebazaar,Mirai,"elf,exe,Mirai,whack.sh",2026-09-09 04:00:06,2026-09-09 04:23:19,85
hash_md5,2ea727b781d6fae2e3970102ea07537a,malwarebazaar,Mirai,"elf,Mirai,upx,wraith",2026-09-09 04:00:06,2026-09-09 04:23:19,85
hash_md5,32ce6be2690e06880778dd50dd8747c0,threatfox,Formbook,threatfox,2026-09-08 16:06:38,2026-09-09 04:23:19,85
hash_md5,3347855aa58333ca40d5c987c59e112c,malwarebazaar,Mirai,"elf,Mirai,upx-dec",2026-09-09 04:00:06,2026-09-09 04:23:19,85
hash_md5,3438b3f2931dacc62d3cdc47b1ba05ba,malwarebazaar,jar,"EtherHiding,jar,SilentNet,stealer",2026-09-09 04:00:06,2026-09-09 04:23:19,85
hash_md5,3b55eb291a402b5e715e854aed71663d,malwarebazaar,Mirai,"elf,exe,Mirai,upx,whack.sh",2026-09-09 04:00:06,2026-09-09 04:23:19,85
hash_md5,3e49faab0a462731cda05061dffa697e,threatfox,Coinminer,threatfox,2026-09-08 16:06:38,2026-09-09 04:23:19,85
hash_md5,3edfced2e21761e60d6271c235f39f58,malwarebazaar,Mirai,"elf,exe,Mirai,whack.sh",2026-09-09 04:00:06,2026-09-09 04:23:19,85
hash_md5,3fb89d6f4b9d8664340bf6250e85d7a7,malwarebazaar,exe,"exe,Vidar",2026-09-09 04:00:06,2026-09-09 04:23:19,85
hash_md5,411b2c1202f7b1e51089b9fc186e6e22,malwarebazaar,jar,"EtherHiding,jar,SilentNet,stealer",2026-09-09 04:00:06,2026-09-09 04:23:19,85
hash_md5,436138c2c9bfff63623d7107e08840b5,malwarebazaar,Mirai,"elf,Mirai",2026-09-09 04:00:06,2026-09-09 04:23:19,85
hash_md5,457371960d83375e5c805ebc7b99932b,threatfox,AsyncRAT,threatfox,2026-09-08 16:06:38,2026-09-09 04:23:19,85
hash_md5,4590e2c59834c2798be2c38fa8265dd1,malwarebazaar,Mirai,elf,2026-09-09 04:00:06,2026-09-09 04:23:19,85
hash_md5,46572c2009554e60305cac86505ab032,malwarebazaar,Mirai,elf,2026-09-09 04:00:06,2026-09-09 04:23:19,85
hash_md5,4c88c0062570a85faa4c70ece51a5afa,malwarebazaar,Mirai,"elf,Mirai",2026-09-09 04:00:06,2026-09-09 04:23:19,85
hash_md5,4ce17b862ae479db3b1a3e6ca04ff237,malwarebazaar,RemcosRAT,"js,RAT,RemcosRAT",2026-09-09 04:00:06,2026-09-09 04:23:19,85
hash_md5,4f7329ff1f7dc9455a2566e118553759,malwarebazaar,Mirai,"elf,Mirai",2026-09-09 04:00:06,2026-09-09 04:23:19,85
hash_md5,503f6644d405ea64eeb00eb9a29767a1,malwarebazaar,exe,exe,2026-09-09 04:00:06,2026-09-09 04:23:19,85
hash_md5,54eb3cae1e8ec4c0e164ea9e24ef5af2,malwarebazaar,exe,"exe,Vidar",2026-09-09 04:00:06,2026-09-09 04:23:19,85
hash_md5,55192f1f4f82b418edac4528d5881480,malwarebazaar,Mirai,elf,2026-09-09 04:00:06,2026-09-09 04:23:19,85
hash_md5,58bd6346c89a7466fbf288e45c163d6e,malwarebazaar,sh,sh,2026-09-09 04:00:06,2026-09-09 04:23:19,85
hash_md5,5bae18cb6cd8ad345b24cbec6b62a4b9,threatfox,Stealc,threatfox,2026-09-08 16:06:38,2026-09-09 04:23:19,85
hash_md5,5cdd5fa5921ea6d54ebde06166d1ad9a,malwarebazaar,NanoCore,"exe,NanoCore,RAT",2026-09-09 04:00:06,2026-09-09 04:23:19,85
hash_md5,5ea2385b5dd52165683564eda976b61e,malwarebazaar,Mirai,elf,2026-09-09 04:00:06,2026-09-09 04:23:19,85
hash_md5,5fb24ac011130aad542d3e2f2fcbda91,threatfox,Overlord RAT,threatfox,2026-09-08 16:06:38,2026-09-09 04:23:19,85
hash_md5,631b794dc371f47a561aed62d90201f8,malwarebazaar,Mirai,"elf,exe,Mirai,whack.sh",2026-09-09 04:00:06,2026-09-09 04:23:19,85
hash_md5,651d9d369075532739800d049aadd487,malwarebazaar,exe,exe,2026-09-09 04:00:06,2026-09-09 04:23:19,85
hash_md5,6573806384cd4b06533eb2b21d78a12b,malwarebazaar,unknown,unknown,2026-09-09 04:00:06,2026-09-09 04:23:19,85
hash_md5,65d98d37e51605121247c12c4ed8ada4,malwarebazaar,exe,"54e64e,dropped-by-Amadey,exe,signed",2026-09-09 04:00:06,2026-09-09 04:23:19,85
hash_md5,65f6781c1fd861446ef37c2b9c51364c,malwarebazaar,unknown,wraith,2026-09-09 04:00:06,2026-09-09 04:23:19,85
hash_md5,669e7f6a34f03f9be2e67e17245878b3,malwarebazaar,Mirai,"elf,Mirai,upx,wraith",2026-09-09 04:00:06,2026-09-09 04:23:19,85
hash_md5,68850b695d12651b25e9c64578d34b8c,malwarebazaar,Mirai,elf,2026-09-09 04:00:06,2026-09-09 04:23:19,85
hash_md5,6934255b1ba10cde7a761574d72d4dee,threatfox,NetWire RC,threatfox,2026-09-08 16:06:38,2026-09-09 04:23:19,85
hash_md5,6946a924cd0203ed19b02134d393354f,malwarebazaar,Mirai,"elf,Mirai",2026-09-09 04:00:06,2026-09-09 04:23:19,85
hash_md5,6b2fbfab939314234562e355acf91af3,malwarebazaar,exe,exe,2026-09-09 04:00:06,2026-09-09 04:23:19,85
hash_md5,6e992a213a522075b1ff21b5e0bdf095,malwarebazaar,Mirai,elf,2026-09-09 04:00:06,2026-09-09 04:23:19,85
hash_md5,6f6cb5fd8c5696bb42cec451906324ce,threatfox,XWorm,threatfox,2026-09-08 16:06:38,2026-09-09 04:23:19,85
hash_md5,6ffd1ce5b8705c06cab96bd57e485af4,malwarebazaar,Mirai,elf,2026-09-09 04:00:06,2026-09-09 04:23:19,85
hash_md5,7451b3a1606a367820736159fb221715,malwarebazaar,js,js,2026-09-09 04:00:06,2026-09-09 04:23:19,85
hash_md5,7509303ed3162e62d91e105f4547ca67,malwarebazaar,Mirai,"elf,exe,Mirai,upx,whack.sh",2026-09-09 04:00:06,2026-09-09 04:23:19,85
hash_md5,774616bf1d36bcc134257e31cd5f9ffc,malwarebazaar,exe,"exe,SilverFox,Trojan/SilverFox.bm[lddel],ValleyRAT",2026-09-09 04:00:06,2026-09-09 04:23:19,85
hash_md5,78aa4549d9ad093a8f5e40d00f83983e,malwarebazaar,Mirai,"elf,Mirai",2026-09-09 04:00:06,2026-09-09 04:23:19,85
hash_md5,7b0f241254df6369eb212877606beb20,malwarebazaar,sh,sh,2026-09-09 04:00:06,2026-09-09 04:23:19,85
hash_md5,7b61dfd04e206e7dced233b9a931ccc6,malwarebazaar,Mirai,"elf,Mirai,upx-dec",2026-09-09 04:00:06,2026-09-09 04:23:19,85
hash_md5,81f40cf86a0398fa67c831f204ba186b,threatfox,VShell,threatfox,2026-09-08 16:06:38,2026-09-09 04:23:19,85
hash_md5,83235e61c6bdf0d75a1777e0478f2362,threatfox,NetWire RC,threatfox,2026-09-08 16:06:38,2026-09-09 04:23:19,85
hash_md5,83bfae215f5267426dc75ccbdedb873e,malwarebazaar,Mirai,elf,2026-09-09 04:00:06,2026-09-09 04:23:19,85
hash_md5,87fb28c7a73c9426594cba2dc9a14e30,malwarebazaar,Mirai,"elf,Mirai",2026-09-09 04:00:06,2026-09-09 04:23:19,85
hash_md5,883871dd31d2d7fe20cc5b7e2df2a982,malwarebazaar,Mirai,"elf,Mirai",2026-09-09 04:00:06,2026-09-09 04:23:19,85
hash_md5,8954631e8ffbb6b865e2353f3d847f0c,threatfox,NjRAT,threatfox,2026-09-08 16:06:38,2026-09-09 04:23:19,85
hash_md5,8a63c713e2a99ea3765da3b394d58d82,threatfox,SVCStealer,threatfox,2026-09-08 16:06:38,2026-09-09 04:23:19,85
hash_md5,8ab97203e3e3d4d5d24e8c6ab6bc095b,malwarebazaar,ValleyRAT,"exe,SilverFox,ValleyRAT",2026-09-09 04:00:06,2026-09-09 04:23:19,85
hash_md5,8c6e46e0928fde6149de8951842568c1,malwarebazaar,Mirai,"elf,Mirai",2026-09-09 04:00:06,2026-09-09 04:23:19,85
hash_md5,8d0fa8795f3b4e43459ebd14a8c15c1e,malwarebazaar,exe,exe,2026-09-09 04:00:06,2026-09-09 04:23:19,85
hash_md5,8ed846195f72a7127631a375ec0b0f41,malwarebazaar,Mirai,"elf,Mirai,upx-dec",2026-09-09 04:00:06,2026-09-09 04:23:19,85
hash_md5,8fa418203e79c5412eccb674d9ff05c3,malwarebazaar,Mirai,"Mirai,sh,wraith",2026-09-09 04:00:06,2026-09-09 04:23:19,85
hash_md5,90b5985f096aad09ad26e81059ec0750,malwarebazaar,Mirai,"elf,Mirai,upx-dec",2026-09-09 04:00:06,2026-09-09 04:23:19,85
hash_md5,9166b23499800c193bd6b8e69224844c,malwarebazaar,unknown,unknown,2026-09-09 04:00:06,2026-09-09 04:23:19,85
hash_md5,935335798cef23f623dbe580998e950f,threatfox,Agent Tesla,threatfox,2026-09-08 16:06:38,2026-09-09 04:23:19,85
hash_md5,9a5b71df1b5fd762fdc5e54dcda9257a,malwarebazaar,exe,"A,dropped-by-GCleaner,exe,MIX6.file",2026-09-09 04:00:06,2026-09-09 04:23:19,85
hash_md5,9d0725e62f1c1d8072e7ae4c819f8387,malwarebazaar,Mirai,elf,2026-09-09 04:00:06,2026-09-09 04:23:19,85
hash_md5,9f42dd29a3b5696bfe9bb847a7bcbc24,malwarebazaar,Mirai,elf,2026-09-09 04:00:06,2026-09-09 04:23:19,85
hash_md5,a473e8b985ff965ee8c46a69a55ee874,malwarebazaar,jar,"EtherHiding,jar,SilentNet,stealer",2026-09-09 04:00:06,2026-09-09 04:23:19,85
hash_md5,ac7fe584292a2a1061310bd694948551,malwarebazaar,exe,"C,dropped-by-GCleaner,exe,MIX8.file",2026-09-09 04:00:06,2026-09-09 04:23:19,85
hash_md5,afb33bc91f6cdf5cd4dea233defdbf6e,malwarebazaar,exe,"exe,SilverFox,Trojan/SilverFox.bm[lddel],ValleyRAT",2026-09-09 04:00:06,2026-09-09 04:23:19,85
hash_md5,b0a8d7ab2c65b6357c23069a2bf5f777,threatfox,NetWire RC,threatfox,2026-09-08 16:06:38,2026-09-09 04:23:19,85
hash_md5,b1ceadb93463f22943f9677aa330f15a,threatfox,Quasar RAT,threatfox,2026-09-08 16:06:38,2026-09-09 04:23:19,85
hash_md5,b227ef0695eef8e01bd58d697fdeb500,malwarebazaar,VShell,"exe,VShell,whack.sh",2026-09-09 04:00:06,2026-09-09 04:23:19,85
hash_md5,b286238af9ae518c361a8106889c7d64,malwarebazaar,SilentNet,"exe,SilentNet",2026-09-09 04:00:06,2026-09-09 04:23:19,85
hash_md5,b3ecda7ee789a7a40c6a7f8b3b8733da,malwarebazaar,Mirai,"elf,Mirai",2026-09-09 04:00:06,2026-09-09 04:23:19,85
hash_md5,b73139c6103d3c771ccf37100f4eb798,malwarebazaar,Mirai,"elf,Mirai,upx",2026-09-09 04:00:06,2026-09-09 04:23:19,85
hash_md5,b8181d43e0231d5a12038e16ece15329,threatfox,Coinminer,threatfox,2026-09-08 16:06:38,2026-09-09 04:23:19,85
hash_md5,b909051ab654021745cd505216f4605c,malwarebazaar,sh,sh,2026-09-09 04:00:06,2026-09-09 04:23:19,85
hash_md5,b90ebc308e723063b1892528c6ea59fd,malwarebazaar,exe,"exe,whack.sh",2026-09-09 04:00:06,2026-09-09 04:23:19,85
hash_md5,ba1940d14705b912cc92012e782e62f9,malwarebazaar,vbs,vbs,2026-09-09 04:00:06,2026-09-09 04:23:19,85
hash_md5,bace0b81444df5e4d41d42ffd1d23cb0,malwarebazaar,Mirai,"elf,Mirai",2026-09-09 04:00:06,2026-09-09 04:23:19,85
hash_md5,be9aab1ab82ab690110175dc0863c360,malwarebazaar,Mirai,elf,2026-09-09 04:00:06,2026-09-09 04:23:19,85
hash_md5,bedbf012561c71bb4a9a65c2984b400a,threatfox,Vidar,threatfox,2026-09-08 16:06:38,2026-09-09 04:23:19,85
hash_md5,bff50ef5aeebe48b67bd7045c4fa583a,malwarebazaar,unknown,unknown,2026-09-09 04:00:06,2026-09-09 04:23:19,85
hash_md5,c038d81cf591ebd5ca834c670c8fce83,malwarebazaar,jar,"EtherHiding,jar,SilentNet,stealer",2026-09-09 04:00:06,2026-09-09 04:23:19,85
hash_md5,c1af3b66c6d0ef6d5ff24d4e03e419a6,malwarebazaar,sh,sh,2026-09-09 04:00:06,2026-09-09 04:23:19,85
hash_md5,c2a5db8ee303bb338f754a8e5875b560,malwarebazaar,VShell,"exe,VShell,whack.sh",2026-09-09 04:00:06,2026-09-09 04:23:19,85
hash_md5,c31991f6adba0cd505e1e8f59cdf0b9d,malwarebazaar,exe,"exe,Vidar",2026-09-09 04:00:06,2026-09-09 04:23:19,85
hash_md5,c3a253443985bea72d660fc38207989d,malwarebazaar,jar,"EtherHiding,jar,SilentNet,stealer",2026-09-09 04:00:06,2026-09-09 04:23:19,85
hash_md5,c3e11e2f9d1be256a8352d5d6252df0f,malwarebazaar,Mirai,elf,2026-09-09 04:00:06,2026-09-09 04:23:19,85
hash_md5,c5307f145e440c2e3129f3f4cee13099,malwarebazaar,Mirai,"elf,Mirai,upx-dec",2026-09-09 04:00:06,2026-09-09 04:23:19,85
hash_md5,c5ec50a1192b42d07999becf34448952,malwarebazaar,exe,exe,2026-09-09 04:00:06,2026-09-09 04:23:19,85
hash_md5,c8909d4ca3383f068bcb32bf35b40d2f,malwarebazaar,Mirai,"elf,exe,Mirai,whack.sh",2026-09-09 04:00:06,2026-09-09 04:23:19,85
hash_md5,c8938b53f514780745b5729268815e93,malwarebazaar,js,js,2026-09-09 04:00:06,2026-09-09 04:23:19,85
hash_md5,cad3a1ad1a214d81db6dcd9239cdf19e,malwarebazaar,Mirai,"elf,Mirai,upx-dec",2026-09-09 04:00:06,2026-09-09 04:23:19,85
hash_md5,cd029fd1b0312ec933cf0eb0e44b946b,malwarebazaar,Mirai,"elf,Mirai,upx,wraith",2026-09-09 04:00:06,2026-09-09 04:23:19,85
hash_md5,ce3f178fc13438b4c45d84bf34b0a3b6,malwarebazaar,Mirai,"elf,exe,Mirai,whack.sh",2026-09-09 04:00:06,2026-09-09 04:23:19,85
hash_md5,cfb19edda3d4df6d44cbf0d1f047c17f,malwarebazaar,vbs,vbs,2026-09-09 04:00:06,2026-09-09 04:23:19,85
hash_md5,d253a31a21a6d91c3958c49cd0b723ba,malwarebazaar,exe,exe,2026-09-09 04:00:06,2026-09-09 04:23:19,85
hash_md5,d297a3f1b263a489d1742181658cfdcb,threatfox,NetWire RC,threatfox,2026-09-08 16:06:38,2026-09-09 04:23:19,85
hash_md5,d3a52221539ad3c09e494d95034eb992,threatfox,TinyNuke,threatfox,2026-09-08 16:06:38,2026-09-09 04:23:19,85
hash_md5,d4e034ea1611529957c22092a8a5d2d9,malwarebazaar,ConnectWise,"ConnectWise,exe,signed,whack.sh",2026-09-09 04:00:06,2026-09-09 04:23:19,85
hash_md5,d505883d927ca1e4a211c3bae9cd963f,malwarebazaar,exe,exe,2026-09-09 04:00:06,2026-09-09 04:23:19,85
hash_md5,d7f14e87142705312a5fdbe4390b4e95,malwarebazaar,jar,"EtherHiding,jar,SilentNet,stealer",2026-09-09 04:00:06,2026-09-09 04:23:19,85
hash_md5,d7f19e1854be867357dd8c63f0a3e6c5,malwarebazaar,Mirai,"elf,Mirai,upx,wraith",2026-09-09 04:00:06,2026-09-09 04:23:19,85
hash_md5,d93346e925fba4e37cfd2d9b07a2bdde,malwarebazaar,exe,exe,2026-09-09 04:00:06,2026-09-09 04:23:19,85
hash_md5,d9bd9d0d1e61a8393c060d9825ba6dc6,malwarebazaar,unknown,unknown,2026-09-09 04:00:06,2026-09-09 04:23:19,85
hash_md5,dc6f7df42ad2dc7f8664836e62f38003,malwarebazaar,sh,sh,2026-09-09 04:00:06,2026-09-09 04:23:19,85
hash_md5,e46ec6be9b706648c313f54d48e872e9,malwarebazaar,Mirai,"elf,exe,Mirai,whack.sh",2026-09-09 04:00:06,2026-09-09 04:23:19,85
hash_md5,e7373db6a7862a132cd6775578dc13f4,malwarebazaar,zip,"pw-1337,stealer,zip",2026-09-09 04:00:06,2026-09-09 04:23:19,85
hash_md5,e79cfce0ac18fa17646ac5d4983b108b,malwarebazaar,Mirai,"elf,Mirai",2026-09-09 04:00:06,2026-09-09 04:23:19,85
hash_md5,ec85a96fa7b2da573c409ff298861eb3,malwarebazaar,exe,"exe,loader",2026-09-09 04:00:06,2026-09-09 04:23:19,85
hash_md5,eee849d6486e40e41423d96c8703089f,malwarebazaar,jar,"EtherHiding,jar,SilentNet,stealer",2026-09-09 04:00:06,2026-09-09 04:23:19,85
hash_md5,f10daf9d18f4a2f210b2e9d83c892313,malwarebazaar,jar,"EtherHiding,jar,SilentNet,stealer",2026-09-09 04:00:06,2026-09-09 04:23:19,85
hash_md5,f190d6ebbcc3810333712c48c12ffb2b,malwarebazaar,exe,"exe,signed",2026-09-09 04:00:06,2026-09-09 04:23:19,85
hash_md5,f64494aafcdf8ebd534966d156b8c66c,malwarebazaar,Mirai,elf,2026-09-09 04:00:06,2026-09-09 04:23:19,85
hash_md5,f6ce703f83dc09e0f13f9d0ae60543da,malwarebazaar,VShell,"exe,VShell,whack.sh",2026-09-09 04:00:06,2026-09-09 04:23:19,85
hash_md5,f85fc8056e1313acce0322073538ea78,malwarebazaar,Mirai,"elf,Mirai",2026-09-09 04:00:06,2026-09-09 04:23:19,85
hash_md5,fa093be2ef23ab1d3851df8c1bc26fe4,malwarebazaar,Mirai,"elf,exe,Mirai,upx,whack.sh",2026-09-09 04:00:06,2026-09-09 04:23:19,85
hash_md5,fb1c97347a2f8158a3a26752b6c44db3,malwarebazaar,ConnectWise,msi,2026-09-09 04:00:06,2026-09-09 04:23:19,85
hash_md5,fb3832f242f5a31a119de3430ecb4e59,malwarebazaar,vbs,vbs,2026-09-09 04:00:06,2026-09-09 04:23:19,85
hash_md5,fcfda692c84f930191c2b8b1adbcddb9,malwarebazaar,exe,exe,2026-09-09 04:00:06,2026-09-09 04:23:19,85
hash_md5,fd89e49453c4c024366acffb8937ad54,malwarebazaar,Mirai,"elf,Mirai",2026-09-09 04:00:06,2026-09-09 04:23:19,85
hash_md5,fdb2216e3a1fc323cfff3cb15f2b5c00,malwarebazaar,Mirai,"elf,Mirai",2026-09-09 04:00:06,2026-09-09 04:23:19,85
hash_md5,feae24bdf86c618b9d841bd1b46dff3a,malwarebazaar,Mirai,"elf,exe,Mirai,whack.sh",2026-09-09 04:00:06,2026-09-09 04:23:19,85
hash_md5,fec27228340485485f6902f8759bbd62,threatfox,MimiKatz,threatfox,2026-09-08 16:06:38,2026-09-09 04:23:19,85
hash_sha256,007e5fba613f08c75b4073409e63b03622623a4d12b25ab8bca74bb68db77f5b,malwarebazaar,exe,exe,2026-09-09 04:00:06,2026-09-09 04:23:19,85
hash_sha256,01dd5723b2231c280497b0bb11ed1c03c8b030265d4c6292679859ff3f30b8b5,malwarebazaar,Mirai,elf,2026-09-09 04:00:06,2026-09-09 04:23:19,85
hash_sha256,036fff70e9d3305ecb0234e79d3ae373aa348ba0cf30d5526bcb13d2f51da0f7,malwarebazaar,sh,sh,2026-09-09 04:00:06,2026-09-09 04:23:19,85
hash_sha256,06710dd73fee4a517b98dac1823e091bb3defdef400d7a20c65ea78eb85c0f52,malwarebazaar,Mirai,"elf,Mirai",2026-09-09 04:00:06,2026-09-09 04:23:19,85
hash_sha256,073bc6f44e0f2c23183f87f73e413e74e21d185f2974183d9b5ca1cb8bd3e1d7,malwarebazaar,exe,"C,dropped-by-GCleaner,exe,MIX8.file",2026-09-09 04:00:06,2026-09-09 04:23:19,85
hash_sha256,0b5baefd7cc0b2f4ed9a537ec813ca59130fe2d88783971687d8bcfa50015ff0,threatfox,Vidar,threatfox,2026-09-08 16:06:38,2026-09-09 04:23:19,85
hash_sha256,0d85349b8f1c736d103ac566fbf28b895e0565c545bece7633ff19778f40408b,malwarebazaar,Mirai,"elf,Mirai,upx-dec",2026-09-09 04:00:06,2026-09-09 04:23:19,85
hash_sha256,0e4ed32d4ca30f45369fa17f7a8b90c0fa9f2f9ece78048c6922ccaf1853bd8d,malwarebazaar,Mirai,"Mirai,sh",2026-09-09 04:00:06,2026-09-09 04:23:19,85
hash_sha256,1002269048f762683b0f553c5634460fa709390598b3cf2b7021bd6c453c08d6,malwarebazaar,Mirai,"elf,Mirai,upx,wraith",2026-09-09 04:00:06,2026-09-09 04:23:19,85
hash_sha256,11db652095abfe193306e29164342735aeb7c6bdccb51a966c97253535c61b7f,malwarebazaar,exe,exe,2026-09-09 04:00:06,2026-09-09 04:23:19,85
hash_sha256,1476885ceabb54b25f302d2fa363a87b3b11a4616328fa0844bb9e7a160d5946,malwarebazaar,Mirai,"elf,Mirai",2026-09-09 04:00:06,2026-09-09 04:23:19,85
hash_sha256,1a15976ce2e12f816a35c56ae3df7655721311111142fc1fbdb18ce42515a419,malwarebazaar,unknown,enthec,2026-09-09 04:00:06,2026-09-09 04:23:19,85
hash_sha256,1b68d68b9fd200183c69084e91fe53bd5dca5c501bce1bbf1894034bc69fafe6,threatfox,Quasar RAT,threatfox,2026-09-08 16:06:38,2026-09-09 04:23:19,85
hash_sha256,20627e7bbf0bd28d5c9b150498e926332d9eca4b39804a6e53907d4a6597a27c,malwarebazaar,Mirai,"elf,exe,Mirai,upx,whack.sh",2026-09-09 04:00:06,2026-09-09 04:23:19,85
hash_sha256,2471a6c8da3933f1d8ba41a136fa0ca185801dfd26f73d2f8791449007153444,malwarebazaar,NanoCore,"exe,NanoCore,RAT",2026-09-09 04:00:06,2026-09-09 04:23:19,85
hash_sha256,25d775826462960f3e9aac0a58c5317f69809f2a403c09a242bbec88e0792069,malwarebazaar,Mirai,"elf,Mirai",2026-09-09 04:00:06,2026-09-09 04:23:19,85
hash_sha256,270267430c9c545640a214dca3efd60d9761c309969c2e728f9968f56719c46e,malwarebazaar,Mirai,elf,2026-09-09 04:00:06,2026-09-09 04:23:19,85
hash_sha256,2800ea3fc045731348962fe4ba17d48305fb4a6462e70c3449bb476409fcdb6d,malwarebazaar,Mirai,elf,2026-09-09 04:00:06,2026-09-09 04:23:19,85
hash_sha256,29ad567237511d625f13a68132875460399aac101ec9ae6a3d43e3bfbb6a4aa0,malwarebazaar,jar,"EtherHiding,jar,SilentNet,stealer",2026-09-09 04:00:06,2026-09-09 04:23:19,85
hash_sha256,2a64b441a105af29fd5fcd48bd7215f1044b045f85ba47d5b58cb888e1b20b74,malwarebazaar,Mirai,"elf,Mirai",2026-09-09 04:00:06,2026-09-09 04:23:19,85
hash_sha256,2a6a7d52100618b5a38a8ec50c425d8137cfe1f33d86d526f474ed942f871e71,malwarebazaar,Mirai,"elf,Mirai,upx-dec",2026-09-09 04:00:06,2026-09-09 04:23:19,85
hash_sha256,2da7c151676e991ebee73da26db28e6872f655b5487dc4b424a6024a3381472a,malwarebazaar,exe,exe,2026-09-09 04:00:06,2026-09-09 04:23:19,85
hash_sha256,2ea9924d172719ebf9dbf3e5edb2c87c31e4e3f740b877e8af2454c6dc93d8d6,threatfox,Formbook,threatfox,2026-09-08 16:06:38,2026-09-09 04:23:19,85
hash_sha256,2eea097e689004e05f44f04ff22909c96d43d04fa7e5936f3709cf0d3a36c041,threatfox,AsyncRAT,threatfox,2026-09-08 16:06:38,2026-09-09 04:23:19,85
hash_sha256,32d22a5e42b2b9fb3d5782103d63b90dc0346358fbaacc1a78102f0d89a277c8,threatfox,NetWire RC,threatfox,2026-09-08 16:06:38,2026-09-09 04:23:19,85
hash_sha256,35222d50b11bc02bfb6bcb3127b5a55179bbd1112042466d26799e7c08d86287,malwarebazaar,jar,"EtherHiding,jar,SilentNet,stealer",2026-09-09 04:00:06,2026-09-09 04:23:19,85
hash_sha256,35664b1b0720aaf383086d2de50e91dbd7fa83f89b8b0dda7d5c1c03ffccc842,malwarebazaar,Mirai,"elf,Mirai,upx-dec",2026-09-09 04:00:06,2026-09-09 04:23:19,85
hash_sha256,35d2e3cc6fe69e460a6ec4ea1a406582581bcd17be4807cafe49df8e779e9d99,malwarebazaar,unknown,unknown,2026-09-09 04:00:06,2026-09-09 04:23:19,85
hash_sha256,384bc17a18ae871da6b187aced5e28c37b0b15b7b09a02d7429157e8e692961f,malwarebazaar,Mirai,elf,2026-09-09 04:00:06,2026-09-09 04:23:19,85
hash_sha256,3a95e1c2c599e7c27537e42713451e862dcd318660bbc11bbb45f1432f68499c,malwarebazaar,exe,exe,2026-09-09 04:00:06,2026-09-09 04:23:19,85
hash_sha256,3dcc6c98de31c5100a71f6ccc21597ca80ec40ddb11a21f3b924cde42816c622,malwarebazaar,jar,"EtherHiding,jar,SilentNet,stealer",2026-09-09 04:00:06,2026-09-09 04:23:19,85
hash_sha256,3e7834229ec2359bd079dc08736aefe31c67a9a2a15e90016e371e1416c39d19,malwarebazaar,zip,"pw-1337,stealer,zip",2026-09-09 04:00:06,2026-09-09 04:23:19,85
hash_sha256,3f980de6bd0581609105f594ba932e5e54a9eb1afac81d7543a3a4da8aac9a6e,threatfox,XWorm,threatfox,2026-09-08 16:06:38,2026-09-09 04:23:19,85
hash_sha256,410fe1699749582a576c43d760128856be27a6cf04a80c0e3ad880ab41aa7c62,malwarebazaar,Mirai,"elf,exe,Mirai,whack.sh",2026-09-09 04:00:06,2026-09-09 04:23:19,85
hash_sha256,4610b030d76dab5575dc7497d9017f44c05ae2c9480882f6fee3ae55c4a28fb1,malwarebazaar,Mirai,elf,2026-09-09 04:00:06,2026-09-09 04:23:19,85
hash_sha256,474187ebbc6b0dce7ea694222581f40e23971023158fb74e8404e04180254e11,malwarebazaar,ConnectWise,"ConnectWise,exe,signed,whack.sh",2026-09-09 04:00:06,2026-09-09 04:23:19,85
hash_sha256,481ab3406ddfd6b9cf4c9346b4cb815776fd0d89719344247d0d22c8a20e9e57,malwarebazaar,Mirai,"elf,exe,Mirai,whack.sh",2026-09-09 04:00:06,2026-09-09 04:23:19,85
hash_sha256,49be8673c9b97042288974db65266e3a55f0823d4f2e2b2537940cf889249267,malwarebazaar,Mirai,elf,2026-09-09 04:00:06,2026-09-09 04:23:19,85
hash_sha256,4bccec3aec8dbdda25d35e893921a5f5fcf02ed2145e0c34841a529654621919,malwarebazaar,Mirai,"elf,Mirai",2026-09-09 04:00:06,2026-09-09 04:23:19,85
hash_sha256,4d79178fa6d7f0627caef122e3c29a0a95a0802ba5a050041660f4d6e11adbfd,malwarebazaar,Mirai,"elf,Mirai",2026-09-09 04:00:06,2026-09-09 04:23:19,85
hash_sha256,4dafdbb610afca675acd37d4df766ebf84ab0b903ce270696218a9a9b56f2c13,malwarebazaar,js,js,2026-09-09 04:00:06,2026-09-09 04:23:19,85
hash_sha256,50079751c8f42b0730494ff5482b4684eb62b560be7b1dc4b9c6f27e069a4e95,malwarebazaar,unknown,unknown,2026-09-09 04:00:06,2026-09-09 04:23:19,85
hash_sha256,550b393f4daf05fc157782cb6e6ee783a7cbe88b958c29192afc554c5ce0ef64,malwarebazaar,exe,exe,2026-09-09 04:00:06,2026-09-09 04:23:19,85
hash_sha256,56ee76316c9c8d9561cf318fb1d1439d069c7fe9da91214ce976e8c3beb8cd4b,malwarebazaar,Mirai,"elf,Mirai,upx",2026-09-09 04:00:06,2026-09-09 04:23:19,85
hash_sha256,57130207e60dc0596100e86cc67e288dd092fd3ffaeb230f8a1fd975797b56d0,malwarebazaar,Mirai,"elf,Mirai",2026-09-09 04:00:06,2026-09-09 04:23:19,85
hash_sha256,57a8965812e8f5bb8f9f0abff20e77333c8072f530adc970ccabbaa9ccf6e1dd,malwarebazaar,Mirai,"elf,Mirai",2026-09-09 04:00:06,2026-09-09 04:23:19,85
hash_sha256,57cf81533546785a6340b393330eb5cad02d8a27a95241f6940a702a42e3b4fd,threatfox,NetWire RC,threatfox,2026-09-08 16:06:38,2026-09-09 04:23:19,85
hash_sha256,5cdd04bc74bc8d2c3ff82508009ae2d94adb7ae1619bfc258190d6a242fc45a0,malwarebazaar,js,js,2026-09-09 04:00:06,2026-09-09 04:23:19,85
hash_sha256,5d5c3836211ea4d757334687b12105d4e9f842ad9f6ee7ef655185e98c02e12a,malwarebazaar,jar,"EtherHiding,jar,SilentNet,stealer",2026-09-09 04:00:06,2026-09-09 04:23:19,85
hash_sha256,62c07b174de63a5035ce50fb11a9c1636e26fde96a0f368df1e71e7789f73230,malwarebazaar,sh,sh,2026-09-09 04:00:06,2026-09-09 04:23:19,85
hash_sha256,647836d5995d0b9a9edd844ca1110b3d0a137e31421c64c683215c5f958782ac,malwarebazaar,Mirai,elf,2026-09-09 04:00:06,2026-09-09 04:23:19,85
hash_sha256,65dd73ff6820fdc0aa1b7d449a1979592bc6f46a9d7a91bd6800c31268503fd4,malwarebazaar,Mirai,"elf,exe,Mirai,whack.sh",2026-09-09 04:00:06,2026-09-09 04:23:19,85
hash_sha256,66c9668d460f0d3f71fb0ed42b895d53f90f4415ea9493e1dd2695cb505be9a6,malwarebazaar,exe,"exe,SilverFox,Trojan/SilverFox.bm[lddel],ValleyRAT",2026-09-09 04:00:06,2026-09-09 04:23:19,85
hash_sha256,67c4c5ac61391f6faa60aa021e66b7fed80aab9f9d3f2cae1f6b008b42b126cf,malwarebazaar,jar,"EtherHiding,jar,SilentNet,stealer",2026-09-09 04:00:06,2026-09-09 04:23:19,85
hash_sha256,6b98a99832d5a501cdb2b578dbacd255205b781078b24aa7f90240bcddba4bd3,malwarebazaar,exe,exe,2026-09-09 04:00:06,2026-09-09 04:23:19,85
hash_sha256,6be8c092507dc1e7105e56f5c5aaae527be511884105b1b3895ba6ce1d869d91,malwarebazaar,VShell,"exe,VShell,whack.sh",2026-09-09 04:00:06,2026-09-09 04:23:19,85
hash_sha256,6e846994c31e4877bc946e244136dedb5aa89490b918d1157825e2f818458421,malwarebazaar,unknown,"exe,whack.sh",2026-09-09 04:00:06,2026-09-09 04:23:19,85
hash_sha256,705a7fb8baae3f0aabe0145461e774b139db35bcc94b99d9378fa31d787f2e3f,malwarebazaar,Mirai,elf,2026-09-09 04:00:06,2026-09-09 04:23:19,85
hash_sha256,71866496dfb4b741274cdba933e8f9fe0209542e5198d8e9b240d967070bc1c4,malwarebazaar,unknown,unknown,2026-09-09 04:00:06,2026-09-09 04:23:19,85
hash_sha256,73bc2ee1c189d5798b8006db976f07ea7f21be8c7f8e4d810e1ac5f7aeb4aa5b,threatfox,SVCStealer,threatfox,2026-09-08 16:06:38,2026-09-09 04:23:19,85
hash_sha256,75da0bf66f46e65566f18b468fe3b747b371fb854bf2fedc0b6c77ad3984dafa,threatfox,Agent Tesla,threatfox,2026-09-08 16:06:38,2026-09-09 04:23:19,85
hash_sha256,7622ea1ebd1e04d862e1e5a81d574f5cf83d068e8dbb09515489f598b91271c1,malwarebazaar,Mirai,elf,2026-09-09 04:00:06,2026-09-09 04:23:19,85
hash_sha256,76361341b7f86862fae2235d1f67de4c0d3f9ec2ba108328d40b18f7800bc591,malwarebazaar,sh,sh,2026-09-09 04:00:06,2026-09-09 04:23:19,85
hash_sha256,78c765978a0c2683eddafbbcc6e7896bf7172d63a936c602457034064016f3a5,malwarebazaar,Mirai,"elf,Mirai",2026-09-09 04:00:06,2026-09-09 04:23:19,85
hash_sha256,7b93ebd36c707e336610fd34e41c17d276b85840b773b4063141a5acd3200027,malwarebazaar,Mirai,"elf,exe,Mirai,upx,whack.sh",2026-09-09 04:00:06,2026-09-09 04:23:19,85
hash_sha256,7ef03054d3a602d418a382b00f10970148ce87d107f7d06e9fa5da71c8e4d3da,threatfox,NetWire RC,threatfox,2026-09-08 16:06:38,2026-09-09 04:23:19,85
hash_sha256,7fb8a78604d0f7df0734cde30c48babf079926abcba3c4725b68b43c872c8f0b,malwarebazaar,unknown,unknown,2026-09-09 04:00:06,2026-09-09 04:23:19,85
hash_sha256,8127b15b21a3373301672aa6d7b8f3c99014f82b17725303698563a45710dc4e,malwarebazaar,Mirai,"elf,exe,Mirai,whack.sh",2026-09-09 04:00:06,2026-09-09 04:23:19,85
hash_sha256,81626e1e1cd90448bd07f46ae54efa2e3a0682986a28a11a77d8b436db880d92,malwarebazaar,jar,"EtherHiding,jar,SilentNet,stealer",2026-09-09 04:00:06,2026-09-09 04:23:19,85
hash_sha256,82a4e2fe38d95392e19f9b8618df2ce0811d40a1aabc3a226b4d4c69a0bd5e7c,malwarebazaar,exe,"54e64e,dropped-by-Amadey,exe,signed",2026-09-09 04:00:06,2026-09-09 04:23:19,85
hash_sha256,86953022ccd295b02be2202be2e2d9d8d87ef719d1aa368ca16c30a33fcdbd63,malwarebazaar,exe,"exe,signed",2026-09-09 04:00:06,2026-09-09 04:23:19,85
hash_sha256,8865cec6bfc4cacc0fa38975628a6c1b32f71aa6a92446ee55414e8d2f85a2e5,malwarebazaar,Mirai,"elf,Mirai",2026-09-09 04:00:06,2026-09-09 04:23:19,85
hash_sha256,8876d082a455b569c9f50f98f4d25097f94b769e2e5701beafa182ea19911478,malwarebazaar,Mirai,"elf,exe,Mirai,upx,whack.sh",2026-09-09 04:00:06,2026-09-09 04:23:19,85
hash_sha256,8c6b26ab06165ec54247dcd7b4c2b30b23c9ffcf7c08f17947b86e3324d4e01b,malwarebazaar,exe,"exe,Vidar",2026-09-09 04:00:06,2026-09-09 04:23:19,85
hash_sha256,8cf3cf35c95976b94178dba716adf5308d54f9226e90413f43dbff681afd5842,threatfox,VShell,threatfox,2026-09-08 16:06:38,2026-09-09 04:23:19,85
hash_sha256,8dd7f25612ff43e31668cdb62965b08467009d63852011a26fa45e5da0d5aa9d,malwarebazaar,Mirai,elf,2026-09-09 04:00:06,2026-09-09 04:23:19,85
hash_sha256,8e8321260017a015165b1c3f6cbc2ed83324f2da95a8d39d71ff1877c00b4fa8,malwarebazaar,exe,"exe,Vidar",2026-09-09 04:00:06,2026-09-09 04:23:19,85
hash_sha256,9053f8d71dcc63275a24bbaa1be86d963ce3165e58343f0b29649855b7162f8c,malwarebazaar,jar,"EtherHiding,jar,SilentNet,stealer",2026-09-09 04:00:06,2026-09-09 04:23:19,85
hash_sha256,94cacfa7fcb76873c69243f5e651aa8ff7b21e4821065275e8cd6d419d49462d,malwarebazaar,sh,sh,2026-09-09 04:00:06,2026-09-09 04:23:19,85
hash_sha256,96d443a8f6fbb22ef7a1462d57b39591cbd465ba391a8c6e2c41fa3df7f92f0c,malwarebazaar,SilentNet,"exe,SilentNet",2026-09-09 04:00:06,2026-09-09 04:23:19,85
hash_sha256,976eb41511fdcb1b13af671b963aca873d1830854c94fa20ea117bdad34d4ce0,threatfox,NjRAT,threatfox,2026-09-08 16:06:38,2026-09-09 04:23:19,85
hash_sha256,97921a2cfacb0b73fc7d14e29b751862b4bd0f02972d2af64cfdf8e0e802ab6f,malwarebazaar,Mirai,"elf,Mirai",2026-09-09 04:00:06,2026-09-09 04:23:19,85
hash_sha256,97f2d7035e4a4e3d1d832e091cd229e7bec93525e7e3c22bed7dd43063181674,malwarebazaar,unknown,unknown,2026-09-09 04:00:06,2026-09-09 04:23:19,85
hash_sha256,987b25afc109c9e949941cc4241fe20b00916a6e365814a5579e7f270064f635,malwarebazaar,RemcosRAT,"js,RAT,RemcosRAT",2026-09-09 04:00:06,2026-09-09 04:23:19,85
hash_sha256,9ccc4db28c8da295f73b0180fe7812f2668910726cf8e7d410b27e2d059369ae,malwarebazaar,Mirai,"elf,Mirai",2026-09-09 04:00:06,2026-09-09 04:23:19,85
hash_sha256,9dea0a840f4925b3a5d7b25d9c6281838ec3247b6938c3883d7f3b98545e71b1,malwarebazaar,Mirai,"elf,Mirai",2026-09-09 04:00:06,2026-09-09 04:23:19,85
hash_sha256,9e8d5a90140383c459626e04b5e44288f90b6952da0cd10bb15d621f7093d35c,malwarebazaar,vbs,vbs,2026-09-09 04:00:06,2026-09-09 04:23:19,85
hash_sha256,a0983541675c369ca18843d757644db9f33de26ca9c5373c1bf61a67ca4c908a,malwarebazaar,Mirai,"Mirai,sh,wraith",2026-09-09 04:00:06,2026-09-09 04:23:19,85
hash_sha256,a0d5fc7c7125ea1b4803a4059db8a3b88282e0fb13df14c02d334a368dbe2cc8,malwarebazaar,jar,"EtherHiding,jar,SilentNet,stealer",2026-09-09 04:00:06,2026-09-09 04:23:19,85
hash_sha256,a19fce7dfd85822b3dcc3fad77b0d91ac2740fc5a739f5741a1d3294ca2135bb,malwarebazaar,exe,exe,2026-09-09 04:00:06,2026-09-09 04:23:19,85
hash_sha256,a3d1af638d5f16e7e2aa9aea53fe2da960f4068e628ff9c6a5cf9a696a198cb1,malwarebazaar,sh,sh,2026-09-09 04:00:06,2026-09-09 04:23:19,85
hash_sha256,a5af2c9eead719aae42ef1fd7a8e78b3a1caebd7f053e3bb34cd74a1e5c470ef,malwarebazaar,sh,sh,2026-09-09 04:00:06,2026-09-09 04:23:19,85
hash_sha256,a64f579aaddbfe0f05cf6fdbd528ed98e35ef54d2c9869b35fdd800ef559420b,malwarebazaar,exe,exe,2026-09-09 04:00:06,2026-09-09 04:23:19,85
hash_sha256,a7d1bdc4620b99dee60f8244bd3efa3a4d2f6465da8d2b23f2b5aeee0e5b37f6,malwarebazaar,Mirai,elf,2026-09-09 04:00:06,2026-09-09 04:23:19,85
hash_sha256,a8655c0314ffb2321cf53e6965271ae02a3a67af8cf9c89b163090e7e5b68634,malwarebazaar,Mirai,"elf,Mirai,upx,wraith",2026-09-09 04:00:06,2026-09-09 04:23:19,85
hash_sha256,a955dad7a3e578f1fc0e6e956d168bc395e940e7e9535049e50aeb296483607b,malwarebazaar,ConnectWise,msi,2026-09-09 04:00:06,2026-09-09 04:23:19,85
hash_sha256,aa2ea714e084456216408dc0aa127e920c4c9e2fbca59d203d6395618f6e69b9,malwarebazaar,Mirai,elf,2026-09-09 04:00:06,2026-09-09 04:23:19,85
hash_sha256,ad4e1af8ca493cafc4e4d6b764194af49b9fe8d02c233ce529929627bfac1afd,threatfox,Coinminer,threatfox,2026-09-08 16:06:38,2026-09-09 04:23:19,85
hash_sha256,b18df0c8e3b445e4f6581b354f0de6fc47b060834ea4867d32524f2e4032eefc,malwarebazaar,Mirai,"elf,Mirai,upx-dec",2026-09-09 04:00:06,2026-09-09 04:23:19,85
hash_sha256,b19b6070e954271290391cb58e81fb0d2f7f6cbaa88841e2b1161fa66b8d7a10,threatfox,NetWire RC,threatfox,2026-09-08 16:06:38,2026-09-09 04:23:19,85
hash_sha256,b20b400002fd59a805b29118861b48480a0eb20001fc23561df311a93cef57f2,malwarebazaar,exe,"exe,loader",2026-09-09 04:00:06,2026-09-09 04:23:19,85
hash_sha256,b350924ace363c1d4980aa1d5022d48f4591df1c701d32c5147428273dfa56a8,malwarebazaar,exe,exe,2026-09-09 04:00:06,2026-09-09 04:23:19,85
hash_sha256,b4b9fa7c5472840a6d122c5550fbc6aa346c58361d6dc38e1f53894ca3387329,malwarebazaar,ConnectWise,"ConnectWise,msi,whack.sh",2026-09-09 04:00:06,2026-09-09 04:23:19,85
hash_sha256,b7a06c7dd0943016ee68b5c14ec8a20578df56f9d9fa5f6ea73df6daa5211c07,threatfox,Stealc,threatfox,2026-09-08 16:06:38,2026-09-09 04:23:19,85
hash_sha256,b7ed37d1f689a8302fecfb64ef4bc8828603d093926996965faca45e1ae869a8,malwarebazaar,Mirai,"elf,Mirai,upx-dec",2026-09-09 04:00:06,2026-09-09 04:23:19,85
hash_sha256,b882d7626ff89aa52514fdb06a9333db386e98b31937d0184d65c8ba70474eed,malwarebazaar,Mirai,"elf,Mirai",2026-09-09 04:00:06,2026-09-09 04:23:19,85
hash_sha256,b9a8f948feb4057aeec015eee181ceb5b5e7286f76d1215df249ce726b5c9077,malwarebazaar,Mirai,"elf,exe,Mirai,whack.sh",2026-09-09 04:00:06,2026-09-09 04:23:19,85
hash_sha256,ba5cf6adc816afc033091f830777d7c89c7c130fbd3817b649501bc5fc681202,malwarebazaar,Mirai,elf,2026-09-09 04:00:06,2026-09-09 04:23:19,85
hash_sha256,bdaf3c99c0dc9f4a9b75b30f228dd64f168de46da83546f8c3b7d93bc7298bae,malwarebazaar,Mirai,"elf,Mirai,upx,wraith",2026-09-09 04:00:06,2026-09-09 04:23:19,85
hash_sha256,c10d0fc195135663bdc10bdf738dfaaa2fc03e56c737dc6806b126ce6639870c,threatfox,Coinminer,threatfox,2026-09-08 16:06:38,2026-09-09 04:23:19,85
hash_sha256,c19d15ff0145110b8f9357c14ae5c61f92fc7eb20e5b2a1953c70a6673ac7530,malwarebazaar,Mirai,"elf,Mirai",2026-09-09 04:00:06,2026-09-09 04:23:19,85
hash_sha256,c3394372c2000643ce385269b0d8c648ccb8c833076a84bde397a3c01e7b4a5b,malwarebazaar,exe,exe,2026-09-09 04:00:06,2026-09-09 04:23:19,85
hash_sha256,c3e430b1716764ca82d8a25db5d19e2239018bf426e7c6d4b5e769ddce469ad9,malwarebazaar,exe,"A,dropped-by-GCleaner,exe,MIX6.file",2026-09-09 04:00:06,2026-09-09 04:23:19,85
hash_sha256,c55604b959e8c9850dc7124df0a9a1c77e286980de39d6583029949bf4a2d690,malwarebazaar,Mirai,"elf,exe,Mirai,whack.sh",2026-09-09 04:00:06,2026-09-09 04:23:19,85
hash_sha256,c630cb386ed061f395b2527513b40f45d5c857637856cdacef856a6b061ff277,malwarebazaar,Mirai,"elf,Mirai",2026-09-09 04:00:06,2026-09-09 04:23:19,85
hash_sha256,c910cad76e5b688af7b887840912b7a49dbf39cc545d4052740f984e06a05e52,malwarebazaar,vbs,vbs,2026-09-09 04:00:06,2026-09-09 04:23:19,85
hash_sha256,c9b0003da146ddc53fc6d4b77e91942b1298d9bd159a2a02dc2fa4ef20c7148f,malwarebazaar,Mirai,"elf,Mirai,upx-dec",2026-09-09 04:00:06,2026-09-09 04:23:19,85
hash_sha256,d13752d409ddb0e6f87bd72259a343f7a70bd13c30b03943019123a96e4a2070,malwarebazaar,ValleyRAT,"exe,SilverFox,ValleyRAT",2026-09-09 04:00:06,2026-09-09 04:23:19,85
hash_sha256,d1bb6e69ec1d9e53c7f26c5be80dc05b0133202186f27c98ec2cb3bf34b2b130,malwarebazaar,Vidar,exe,2026-09-09 04:00:06,2026-09-09 04:23:19,85
hash_sha256,d2305c675ac7cb8f607c06fff1268ae695213ce2de21f8bf78b65a17792a0c3b,threatfox,NetWire RC,threatfox,2026-09-08 16:06:38,2026-09-09 04:23:19,85
hash_sha256,d2c05ef0cb036c7db832e8e7cdf8048ed3ff6bf7ca453f7eef1b6429a06c8ecf,threatfox,Overlord RAT,threatfox,2026-09-08 16:06:38,2026-09-09 04:23:19,85
hash_sha256,d49b6364096bad20e30d3c2be46c9aac136626f26f78ba0dc19ced6f897b073e,malwarebazaar,sh,sh,2026-09-09 04:00:06,2026-09-09 04:23:19,85
hash_sha256,d5f460d7902d829e8143724c8f1a4a11d974b3d87e31650c4f364c9f62a89f23,malwarebazaar,Mirai,elf,2026-09-09 04:00:06,2026-09-09 04:23:19,85
hash_sha256,db2dfc1e627fb90bd986951fff590c1f4d0df26fca0ad2af94ccfdec2ab6aa25,malwarebazaar,unknown,wraith,2026-09-09 04:00:06,2026-09-09 04:23:19,85
hash_sha256,db9ce8f0eed015147b99abe421137da2be91f6496edf937b934c2b4123f0fd4f,malwarebazaar,exe,"exe,SilverFox,Trojan/SilverFox.bm[lddel],ValleyRAT",2026-09-09 04:00:06,2026-09-09 04:23:19,85
hash_sha256,dbf8a577d037022a5c8834874be21590b399b0dc5e5103241b3d34d723d05186,malwarebazaar,Mirai,"elf,Mirai",2026-09-09 04:00:06,2026-09-09 04:23:19,85
hash_sha256,e12dbf049019f00e5ad30e55e04314a080491617cca6b099d81334ae43458dd6,malwarebazaar,VShell,"exe,VShell,whack.sh",2026-09-09 04:00:06,2026-09-09 04:23:19,85
hash_sha256,e2505b685cc4ab141172a1d2d70beb2e2683e4c96fb3f29e9a9c7476a0a1360d,malwarebazaar,sh,sh,2026-09-09 04:00:06,2026-09-09 04:23:19,85
hash_sha256,e3da33cd23e733ec215120582627110a37c6b97bfdefd36534240fd29b807016,malwarebazaar,vbs,vbs,2026-09-09 04:00:06,2026-09-09 04:23:19,85
hash_sha256,e3e5faa2660cd86e4608017e59a1808a5d2491b56b1b87757ba539e19c457c22,malwarebazaar,Mirai,"elf,exe,Mirai,whack.sh",2026-09-09 04:00:06,2026-09-09 04:23:19,85
hash_sha256,e6038b2155bab0b94a9cb8320257b1c39e455ea6bb0452f3187f93c660d1f11f,malwarebazaar,exe,"exe,whack.sh",2026-09-09 04:00:06,2026-09-09 04:23:19,85
hash_sha256,e72b03d7ce71ec92460622726d6bc55228eb8a62d39e82d8749f45fe497ba35c,threatfox,TinyNuke,threatfox,2026-09-08 16:06:38,2026-09-09 04:23:19,85
hash_sha256,e7be5fda5fc08571870d19a5006aba7b23c5ed2271d3b0a5449b7c6d078c9357,malwarebazaar,exe,"exe,Vidar",2026-09-09 04:00:06,2026-09-09 04:23:19,85
hash_sha256,ec0e9d8225568992658c7c85e87090d7c07c0c658fe28e2acfe8ef647fd77c97,malwarebazaar,unknown,"exe,whack.sh",2026-09-09 04:00:06,2026-09-09 04:23:19,85
hash_sha256,ecee64f2446c402df5024227ab3217e82ce4f40fd3f509a306ce731de3fa71a4,malwarebazaar,Mirai,"elf,Mirai,upx,wraith",2026-09-09 04:00:06,2026-09-09 04:23:19,85
hash_sha256,eceec0ccfa8901706fb86e2055d9e681697beb0b4d9f123b450b1c25030a744f,malwarebazaar,Mirai,elf,2026-09-09 04:00:06,2026-09-09 04:23:19,85
hash_sha256,f1142e07e25d8178dfddd10b442f12a14b920c133f1a64b05a6ad58dd98068a3,malwarebazaar,exe,"exe,Vidar",2026-09-09 04:00:06,2026-09-09 04:23:19,85
hash_sha256,f3194a746e0b91fa649eed5ccb0d43e1eb4cb87d41249fb5f38bd2740b9bbca0,malwarebazaar,exe,"B,dropped-by-GCleaner,exe,MIX7.file",2026-09-09 04:00:06,2026-09-09 04:23:19,85
hash_sha256,f341190f94840430742555f0ef402c162ab7fe5cd736923cb579a1ae33be47e3,malwarebazaar,VShell,"exe,VShell,whack.sh",2026-09-09 04:00:06,2026-09-09 04:23:19,85
hash_sha256,f527809022eef86d0921595f93229b802ea12fa3a140456c585f877da57fa698,malwarebazaar,Mirai,"elf,Mirai,upx-dec",2026-09-09 04:00:06,2026-09-09 04:23:19,85
hash_sha256,f601cde9845b729dcbbcd0b8b972baff995c8ed2b81f5469ffd1693051b44fc7,malwarebazaar,exe,"exe,Vidar",2026-09-09 04:00:06,2026-09-09 04:23:19,85
hash_sha256,f72cecb79c59fc50cde41400d9ca422d303cd444769e7ec9423889136a7a93aa,malwarebazaar,jar,"EtherHiding,jar,SilentNet,stealer",2026-09-09 04:00:06,2026-09-09 04:23:19,85
hash_sha256,f9d53fdcc12d548e6c9bd395642f30d2b2c6a9a4204bc0948badf8a7c571c072,threatfox,MimiKatz,threatfox,2026-09-08 16:06:38,2026-09-09 04:23:19,85
hash_sha256,fa4a5b7a33aff414c1ed83adbe3088a521545beae7b3ec3c596f392fc7d11c24,malwarebazaar,Mirai,elf,2026-09-09 04:00:06,2026-09-09 04:23:19,85
hash_sha256,fe892c48559945e7e707a5fed5324ad5c2588de0965152c0ecd8b6e6b07e56d6,threatfox,XRed,threatfox,2026-09-08 16:06:38,2026-09-09 04:23:19,85
ip,102.117.169.96,threatfox,Unknown malware,"threatfox,mythic",2026-09-09 04:06:20,2026-09-09 04:23:19,85
ip,102.117.170.76,threatfox,Unknown malware,"threatfox,drb-ra,Mythic",2026-09-09 04:06:20,2026-09-09 04:23:19,85
ip,102.220.161.72,threatfox,Remcos,"threatfox,remcos",2026-09-09 04:06:20,2026-09-09 04:23:19,85
ip,104.239.66.26,threatfox,PureRAT,"threatfox,drb-ra,PureHVNC,PureRAT,RAT",2026-09-09 04:06:20,2026-09-09 04:23:19,85
ip,107.150.72.199,threatfox,PureRAT,"threatfox,drb-ra,PureHVNC,PureRAT,RAT",2026-09-09 04:06:20,2026-09-09 04:23:19,85
ip,109.227.42.108,threatfox,DanaBot,"threatfox,DanBot,drb-ra",2026-09-09 04:06:20,2026-09-09 04:23:19,85
ip,110.42.6.163,threatfox,AsyncRAT,"threatfox,asyncrat",2026-09-08 16:06:38,2026-09-09 04:23:19,85
ip,113.250.188.15,threatfox,Cobalt Strike,"threatfox,CobaltStrike,drb-ra",2026-09-09 04:06:20,2026-09-09 04:23:19,85
ip,117.50.180.204,threatfox,Cobalt Strike,"threatfox,CobaltStrike",2026-09-08 16:06:38,2026-09-09 04:23:19,85
ip,124.223.188.23,threatfox,Cobalt Strike,"threatfox,CobaltStrike,cs-watermark-987654321",2026-09-08 16:06:38,2026-09-09 04:23:19,85
ip,128.90.105.61,threatfox,DCRat,"threatfox,DCRat,drb-ra,RAT",2026-09-09 04:06:20,2026-09-09 04:23:19,85
ip,129.211.11.213,threatfox,Cobalt Strike,"threatfox,cobaltstrike",2026-08-21 04:06:10,2026-09-09 04:23:19,85
ip,134.122.155.243,threatfox,VShell,"threatfox,vshell",2026-09-09 04:06:20,2026-09-09 04:23:19,85
ip,134.209.251.50,threatfox,Aisuru,"threatfox,Aisuru,c2",2026-09-07 16:06:33,2026-09-09 04:23:19,85
ip,137.184.108.14,threatfox,Remus,"threatfox,819f0e5932b5bcb78eba457c2af4661d,c2,remus",2026-09-04 16:06:41,2026-09-09 04:23:19,85
ip,142.132.249.138,threatfox,Remus,"threatfox,9e236440a888641f560a7abe43083771,c2,remus",2026-09-08 16:06:38,2026-09-09 04:23:19,85
ip,147.124.214.219,threatfox,PureRAT,"threatfox,drb-ra,PureHVNC,PureRAT,RAT",2026-09-09 04:06:20,2026-09-09 04:23:19,85
ip,149.88.73.99,threatfox,VShell,"threatfox,vshell",2026-09-08 16:06:38,2026-09-09 04:23:19,85
ip,150.40.127.145,threatfox,Mirai,"threatfox,mirai",2026-09-08 16:06:38,2026-09-09 04:23:19,85
ip,154.211.86.169,threatfox,VShell,"threatfox,vshell",2026-09-08 16:06:38,2026-09-09 04:23:19,85
ip,154.91.56.115,threatfox,VShell,"threatfox,vshell",2026-09-09 04:06:20,2026-09-09 04:23:19,85
ip,154.91.56.120,threatfox,VShell,"threatfox,vshell",2026-09-05 16:06:50,2026-09-09 04:23:19,85
ip,154.91.56.121,threatfox,VShell,"threatfox,vshell",2026-09-04 04:06:11,2026-09-09 04:23:19,85
ip,154.91.56.125,threatfox,VShell,"threatfox,vshell",2026-09-06 04:07:37,2026-09-09 04:23:19,85
ip,154.91.56.98,threatfox,VShell,"threatfox,vshell",2026-09-09 04:06:20,2026-09-09 04:23:19,85
ip,154.91.57.100,threatfox,VShell,"threatfox,vshell",2026-09-04 16:06:41,2026-09-09 04:23:19,85
ip,154.91.57.102,threatfox,VShell,"threatfox,vshell",2026-09-04 16:06:41,2026-09-09 04:23:19,85
ip,154.91.57.108,threatfox,VShell,"threatfox,vshell",2026-09-04 16:06:41,2026-09-09 04:23:19,85
ip,154.91.57.114,threatfox,VShell,"threatfox,vshell",2026-09-05 16:06:50,2026-09-09 04:23:19,85
ip,154.91.57.115,threatfox,VShell,"threatfox,vshell",2026-09-09 04:06:20,2026-09-09 04:23:19,85
ip,154.91.57.117,threatfox,VShell,"threatfox,vshell",2026-09-09 04:06:20,2026-09-09 04:23:19,85
ip,154.91.57.121,threatfox,VShell,"threatfox,vshell",2026-09-05 16:06:50,2026-09-09 04:23:19,85
ip,154.91.57.123,threatfox,VShell,"threatfox,vshell",2026-09-05 16:06:50,2026-09-09 04:23:19,85
ip,154.91.58.100,threatfox,VShell,"threatfox,vshell",2026-09-05 04:08:24,2026-09-09 04:23:19,85
ip,154.91.58.111,threatfox,VShell,"threatfox,vshell",2026-09-05 04:08:24,2026-09-09 04:23:19,85
ip,154.91.58.115,threatfox,VShell,"threatfox,vshell",2026-09-05 04:08:24,2026-09-09 04:23:19,85
ip,154.91.58.117,threatfox,VShell,"threatfox,vshell",2026-09-05 04:08:24,2026-09-09 04:23:19,85
ip,154.91.58.118,threatfox,VShell,"threatfox,vshell",2026-09-09 04:06:20,2026-09-09 04:23:19,85
ip,154.91.58.120,threatfox,VShell,"threatfox,vshell",2026-09-05 04:08:24,2026-09-09 04:23:19,85
ip,154.91.58.123,threatfox,VShell,"threatfox,vshell",2026-09-05 04:08:24,2026-09-09 04:23:19,85
ip,154.91.58.99,threatfox,VShell,"threatfox,vshell",2026-09-05 04:08:24,2026-09-09 04:23:19,85
ip,154.91.59.102,threatfox,VShell,"threatfox,vshell",2026-09-09 04:06:20,2026-09-09 04:23:19,85
ip,154.91.59.111,threatfox,VShell,"threatfox,vshell",2026-09-05 16:06:50,2026-09-09 04:23:19,85
ip,154.91.59.118,threatfox,VShell,"threatfox,vshell",2026-09-04 16:06:41,2026-09-09 04:23:19,85
ip,154.91.59.119,threatfox,VShell,"threatfox,vshell",2026-09-05 04:08:24,2026-09-09 04:23:19,85
ip,154.91.59.120,threatfox,VShell,"threatfox,vshell",2026-09-09 04:06:20,2026-09-09 04:23:19,85
ip,154.91.59.122,threatfox,VShell,"threatfox,vshell",2026-09-09 04:06:20,2026-09-09 04:23:19,85
ip,154.91.59.123,threatfox,VShell,"threatfox,vshell",2026-09-04 04:06:11,2026-09-09 04:23:19,85
ip,154.91.59.125,threatfox,VShell,"threatfox,vshell",2026-09-05 04:08:24,2026-09-09 04:23:19,85
ip,154.91.60.123,threatfox,VShell,"threatfox,vshell",2026-09-09 04:06:20,2026-09-09 04:23:19,85
ip,154.91.60.124,threatfox,VShell,"threatfox,vshell",2026-09-09 04:06:20,2026-09-09 04:23:19,85
ip,154.91.60.126,threatfox,VShell,"threatfox,vshell",2026-09-05 16:06:50,2026-09-09 04:23:19,85
ip,154.91.60.98,threatfox,VShell,"threatfox,vshell",2026-09-09 04:06:20,2026-09-09 04:23:19,85
ip,154.91.60.99,threatfox,VShell,"threatfox,vshell",2026-09-08 16:06:38,2026-09-09 04:23:19,85
ip,154.91.61.100,threatfox,VShell,"threatfox,vshell",2026-09-05 16:06:50,2026-09-09 04:23:19,85
ip,154.91.61.101,threatfox,VShell,"threatfox,vshell",2026-09-05 16:06:50,2026-09-09 04:23:19,85
ip,154.91.61.102,threatfox,VShell,"threatfox,vshell",2026-09-05 16:06:50,2026-09-09 04:23:19,85
ip,154.91.61.103,threatfox,VShell,"threatfox,vshell",2026-09-05 16:06:50,2026-09-09 04:23:19,85
ip,154.91.61.104,threatfox,VShell,"threatfox,vshell",2026-09-09 04:06:20,2026-09-09 04:23:19,85
ip,154.91.61.105,threatfox,VShell,"threatfox,vshell",2026-09-05 16:06:50,2026-09-09 04:23:19,85
ip,154.91.61.106,threatfox,VShell,"threatfox,vshell",2026-09-05 16:06:50,2026-09-09 04:23:19,85
ip,154.91.61.111,threatfox,VShell,"threatfox,vshell",2026-09-05 16:06:50,2026-09-09 04:23:19,85
ip,154.91.61.114,threatfox,VShell,"threatfox,vshell",2026-09-05 04:08:24,2026-09-09 04:23:19,85
ip,154.91.61.115,threatfox,VShell,"threatfox,vshell",2026-09-05 04:08:24,2026-09-09 04:23:19,85
ip,154.91.61.116,threatfox,VShell,"threatfox,vshell",2026-09-05 04:08:24,2026-09-09 04:23:19,85
ip,154.91.61.117,threatfox,VShell,"threatfox,vshell",2026-09-05 04:08:24,2026-09-09 04:23:19,85
ip,154.91.61.118,threatfox,VShell,"threatfox,vshell",2026-09-05 04:08:24,2026-09-09 04:23:19,85
ip,154.91.61.120,threatfox,VShell,"threatfox,vshell",2026-09-05 04:08:24,2026-09-09 04:23:19,85
ip,154.91.61.123,threatfox,VShell,"threatfox,vshell",2026-09-05 04:08:24,2026-09-09 04:23:19,85
ip,154.91.61.125,threatfox,VShell,"threatfox,vshell",2026-09-05 04:08:24,2026-09-09 04:23:19,85
ip,154.91.61.126,threatfox,VShell,"threatfox,vshell",2026-09-05 04:08:24,2026-09-09 04:23:19,85
ip,154.91.61.99,threatfox,VShell,"threatfox,vshell",2026-09-08 16:06:38,2026-09-09 04:23:19,85
ip,154.91.62.101,threatfox,VShell,"threatfox,vshell",2026-09-09 04:06:20,2026-09-09 04:23:19,85
ip,154.91.62.105,threatfox,VShell,"threatfox,vshell",2026-09-05 04:08:24,2026-09-09 04:23:19,85
ip,154.91.62.116,threatfox,VShell,"threatfox,vshell",2026-09-04 16:06:41,2026-09-09 04:23:19,85
ip,154.91.62.120,threatfox,VShell,"threatfox,vshell",2026-09-09 04:06:20,2026-09-09 04:23:19,85
ip,154.91.62.124,threatfox,VShell,"threatfox,vshell",2026-09-04 16:06:41,2026-09-09 04:23:19,85
ip,154.91.63.100,threatfox,VShell,"threatfox,vshell",2026-09-04 04:06:11,2026-09-09 04:23:19,85
ip,154.91.63.101,threatfox,VShell,"threatfox,vshell",2026-09-09 04:06:20,2026-09-09 04:23:19,85
ip,154.91.63.105,threatfox,VShell,"threatfox,vshell",2026-09-04 16:06:41,2026-09-09 04:23:19,85
ip,154.91.63.108,threatfox,VShell,"threatfox,vshell",2026-09-08 16:06:38,2026-09-09 04:23:19,85
ip,154.91.63.109,threatfox,VShell,"threatfox,vshell",2026-09-08 16:06:38,2026-09-09 04:23:19,85
ip,154.91.63.122,threatfox,VShell,"threatfox,vshell",2026-09-08 16:06:38,2026-09-09 04:23:19,85
ip,154.91.63.126,threatfox,VShell,"threatfox,vshell",2026-09-04 16:06:41,2026-09-09 04:23:19,85
ip,156.251.16.131,threatfox,VShell,"threatfox,vshell",2026-09-08 16:06:38,2026-09-09 04:23:19,85
ip,160.179.226.78,threatfox,AsyncRAT,"threatfox,AsyncRAT,drb-ra,RAT",2026-09-09 04:06:20,2026-09-09 04:23:19,85
ip,170.64.183.242,threatfox,Unknown malware,"threatfox,drb-ra,Mythic",2026-09-09 04:06:20,2026-09-09 04:23:19,85
ip,175.43.223.201,threatfox,Unknown malware,"threatfox,drb-ra,Mythic",2026-09-08 16:06:38,2026-09-09 04:23:19,85
ip,176.65.139.154,threatfox,Mirai,"threatfox,drb-ra,Mirai",2026-09-09 04:06:20,2026-09-09 04:23:19,85
ip,178.16.55.134,threatfox,PureRAT,"threatfox,drb-ra,PureHVNC,PureRAT,RAT",2026-09-02 16:07:22,2026-09-09 04:23:19,85
ip,186.240.202.85,threatfox,PureRAT,"threatfox,drb-ra,PureHVNC,PureRAT,RAT",2026-09-09 04:06:20,2026-09-09 04:23:19,85
ip,186.240.202.89,threatfox,PureRAT,"threatfox,drb-ra,PureHVNC,PureRAT,RAT",2026-09-09 04:06:20,2026-09-09 04:23:19,85
ip,187.145.123.29,threatfox,Unknown malware,"threatfox,mythic",2026-09-08 16:06:38,2026-09-09 04:23:19,85
ip,192.144.219.65,threatfox,VShell,"threatfox,vshell",2026-08-08 12:42:53,2026-09-09 04:23:19,85
ip,193.233.49.79,threatfox,AdaptixC2,"threatfox,AdaptixC2,drb-ra",2026-09-08 16:06:38,2026-09-09 04:23:19,85
ip,193.239.237.120,threatfox,AdaptixC2,"threatfox,AdaptixC2,drb-ra",2026-09-08 16:06:38,2026-09-09 04:23:19,85
ip,194.59.30.123,threatfox,PureRAT,"threatfox,drb-ra,PureHVNC,PureRAT,RAT",2026-09-08 04:06:28,2026-09-09 04:23:19,85
ip,2.25.206.107,threatfox,Remus,"threatfox,RemusStealer",2026-09-08 16:06:38,2026-09-09 04:23:19,85
ip,2.56.222.17,threatfox,AdaptixC2,"threatfox,AdaptixC2,drb-ra",2026-09-09 04:06:20,2026-09-09 04:23:19,85
ip,202.162.99.199,threatfox,PureRAT,"threatfox,drb-ra,PureHVNC,PureRAT,RAT",2026-09-01 16:06:06,2026-09-09 04:23:19,85
ip,209.54.102.160,threatfox,Remcos,"threatfox,RAT,RemcosRAT",2026-09-09 04:06:20,2026-09-09 04:23:19,85
ip,217.60.103.46,threatfox,Remcos,"threatfox,c2,Log_Sept,Remcos",2026-09-08 16:06:38,2026-09-09 04:23:19,85
ip,217.60.195.139,threatfox,PureRAT,"threatfox,drb-ra,PureHVNC,PureRAT,RAT",2026-08-27 16:06:12,2026-09-09 04:23:19,85
ip,217.60.198.81,threatfox,AsyncRAT,"threatfox,AsyncRAT,drb-ra,RAT",2026-09-08 16:06:38,2026-09-09 04:23:19,85
ip,220.154.128.196,threatfox,Unknown malware,"threatfox,drb-ra,Mythic",2026-08-29 16:10:47,2026-09-09 04:23:19,85
ip,23.155.44.53,threatfox,Cobalt Strike,"threatfox,cobaltstrike",2026-09-08 16:06:38,2026-09-09 04:23:19,85
ip,23.171.177.13,threatfox,PureRAT,"threatfox,drb-ra,PureHVNC,PureRAT,RAT",2026-09-09 04:06:20,2026-09-09 04:23:19,85
ip,31.77.161.250,threatfox,AdaptixC2,"threatfox,AdaptixC2,drb-ra",2026-09-04 16:06:41,2026-09-09 04:23:19,85
ip,34.134.117.89,threatfox,Unknown malware,"threatfox,drb-ra,Mythic",2026-09-08 16:06:38,2026-09-09 04:23:19,85
ip,37.16.74.19,threatfox,Mirai,"threatfox,drb-ra,Mirai",2026-09-09 04:06:20,2026-09-09 04:23:19,85
ip,37.72.168.163,threatfox,AdaptixC2,"threatfox,AdaptixC2,drb-ra",2026-09-09 04:06:20,2026-09-09 04:23:19,85
ip,42.193.123.90,threatfox,Cobalt Strike,"threatfox,CobaltStrike,drb-ra",2026-09-09 04:06:20,2026-09-09 04:23:19,85
ip,42.194.241.92,threatfox,Cobalt Strike,"threatfox,cobaltstrike",2026-09-08 16:06:38,2026-09-09 04:23:19,85
ip,43.106.28.184,threatfox,VShell,"threatfox,vshell",2026-09-09 04:06:20,2026-09-09 04:23:19,85
ip,45.142.30.100,threatfox,DCRat,"threatfox,DCRat,drb-ra,RAT",2026-09-08 16:06:38,2026-09-09 04:23:19,85
ip,45.192.105.141,threatfox,Unknown malware,"threatfox,viper",2026-08-29 16:10:47,2026-09-09 04:23:19,85
ip,45.192.211.116,threatfox,PureRAT,"threatfox,drb-ra,PureHVNC,PureRAT,RAT",2026-09-08 04:06:28,2026-09-09 04:23:19,85
ip,45.192.214.54,threatfox,PureRAT,"threatfox,drb-ra,PureHVNC,PureRAT,RAT",2026-09-09 04:06:20,2026-09-09 04:23:19,85
ip,45.192.214.55,threatfox,PureRAT,"threatfox,drb-ra,PureHVNC,PureRAT,RAT",2026-09-09 04:06:20,2026-09-09 04:23:19,85
ip,45.192.226.20,threatfox,PureRAT,"threatfox,drb-ra,PureHVNC,PureRAT,RAT",2026-09-09 04:06:20,2026-09-09 04:23:19,85
ip,45.74.15.196,threatfox,PureRAT,"threatfox,drb-ra,PureHVNC,PureRAT,RAT",2026-09-09 04:06:20,2026-09-09 04:23:19,85
ip,47.108.140.10,threatfox,Unknown malware,"threatfox,viper",2026-07-08 17:19:24,2026-09-09 04:23:19,85
ip,5.175.188.199,threatfox,Evilginx,"threatfox,drb-ra,Evilginx,EvilGoPhish",2026-09-08 16:06:38,2026-09-09 04:23:19,85
ip,50.60.157.152,threatfox,Havoc,"threatfox,drb-ra,Havoc",2026-09-08 16:06:38,2026-09-09 04:23:19,85
ip,64.81.30.27,threatfox,PureRAT,"threatfox,drb-ra,PureHVNC,PureRAT,RAT",2026-09-09 04:06:20,2026-09-09 04:23:19,85
ip,64.89.160.29,threatfox,AsyncRAT,"threatfox,AsyncRAT,RAT",2026-08-05 12:42:48,2026-09-09 04:23:19,85
ip,66.78.40.93,threatfox,Havoc,"threatfox,drb-ra,Havoc",2026-09-09 04:06:20,2026-09-09 04:23:19,85
ip,78.39.51.23,threatfox,Unknown malware,"threatfox,drb-ra,Mythic",2026-09-08 16:06:38,2026-09-09 04:23:19,85
ip,8.219.154.237,threatfox,VShell,"threatfox,vshell",2026-09-09 04:06:20,2026-09-09 04:23:19,85
ip,80.190.77.86,threatfox,AsyncRAT,"threatfox,AsyncRAT,drb-ra,RAT",2026-08-20 16:06:17,2026-09-09 04:23:19,85
ip,82.115.16.4,threatfox,AdaptixC2,"threatfox,AdaptixC2,drb-ra",2026-09-08 16:06:38,2026-09-09 04:23:19,85
ip,86.54.29.65,threatfox,Evilginx,"threatfox,drb-ra,Evilginx,EvilGoPhish",2026-09-08 16:06:38,2026-09-09 04:23:19,85
ip,91.124.98.6,threatfox,HypeAgent,"threatfox,drb-ra,HypeAgent",2026-09-09 04:06:20,2026-09-09 04:23:19,85
ip,91.92.243.114,threatfox,PureRAT,"threatfox,drb-ra,PureHVNC,PureRAT,RAT",2026-09-09 04:06:20,2026-09-09 04:23:19,85
ip,91.92.40.21,threatfox,Remcos,"threatfox,c2,Remcos,RemoteHost",2026-09-08 16:06:38,2026-09-09 04:23:19,85
ip,94.183.151.139,threatfox,Unknown malware,"threatfox,drb-ra,Mythic",2026-09-09 04:06:20,2026-09-09 04:23:19,85
ssl_sha1,12518c4545d6d6d57f43040cdd2dc966cd5ea6c4,sslbl,Malware C&C,"sslbl,2026-07-13",2026-07-13 20:25:50,2026-09-09 04:23:19,88
ssl_sha1,25b12b6623c85699b128e0b49fab305fa6b53291,sslbl,ACRStealer C&C,"sslbl,2026-07-13",2026-07-13 08:25:39,2026-09-09 04:23:19,88
ssl_sha1,38d23ac7c8e3f29dc51158a77665811f6a5e1341,sslbl,ConnectWise C&C,"sslbl,2026-07-13",2026-07-13 20:25:50,2026-09-09 04:23:19,88
ssl_sha1,4c67471be88dd63db2466621fe9e2a2d848f5b79,sslbl,QuasarRAT C&C,"sslbl,2026-07-13",2026-07-13 20:25:50,2026-09-09 04:23:19,88
ssl_sha1,745edb7835e0a1ef871d1c027651ed4dfbfd406c,sslbl,Vidar C&C,"sslbl,2026-07-13",2026-07-13 20:25:50,2026-09-09 04:23:19,88
ssl_sha1,7ddfe490347dc28f3e39de9be9d61940b6b98526,sslbl,ACRStealer C&C,"sslbl,2026-07-13",2026-07-13 08:25:39,2026-09-09 04:23:19,88
ssl_sha1,85f5e4e0d8c608a11c4e493eb349a7a4c8c4bc9d,sslbl,AsyncRAT C&C,"sslbl,2026-07-13",2026-07-13 20:25:50,2026-09-09 04:23:19,88
ssl_sha1,94eea408b8c901de2367e36bf291ba947b368ee5,sslbl,Vidar C&C,"sslbl,2026-07-13",2026-07-13 20:25:50,2026-09-09 04:23:19,88
ssl_sha1,cd1f1ffdd1055c9540758327ff1d7698068c9a93,sslbl,Vidar C&C,"sslbl,2026-07-13",2026-07-13 20:25:50,2026-09-09 04:23:19,88
ssl_sha1,d85fb33f78921ec5ce0a2c2a9e9f2b0e8281bfc9,sslbl,AsyncRAT C&C,"sslbl,2026-07-13",2026-07-13 20:25:50,2026-09-09 04:23:19,88
url,http://101.108.252.170:37211/i,urlhaus,malware_download,"32-bit,arm,elf,mirai,Mozi",2026-09-09 04:00:06,2026-09-09 04:23:19,85
url,http://103.167.175.111:39996/bin.sh,urlhaus,malware_download,"32-bit,elf,mips,Mozi",2026-09-08 16:00:30,2026-09-09 04:23:19,85
url,http://103.167.175.111:39996/i,urlhaus,malware_download,"32-bit,elf,mips,Mozi",2026-09-08 16:00:30,2026-09-09 04:23:19,85
url,http://103.19.49.134:36622/i,urlhaus,malware_download,"32-bit,elf,mips,Mozi",2026-09-09 04:00:06,2026-09-09 04:23:19,85
url,http://103.26.86.248:53078/Mozi.a,threatfox,Mozi,"threatfox,elf,iot,Mozi",2026-09-08 16:06:38,2026-09-09 04:23:19,85
url,http://103.44.137.13:48345/i,urlhaus,malware_download,"32-bit,arm,elf,mirai,Mozi",2026-09-09 04:00:06,2026-09-09 04:23:19,85
url,http://103.8.164.18/Video.scr,threatfox,xmrig,"threatfox,whack.sh",2026-09-08 16:06:38,2026-09-09 04:23:19,85
url,http://103.86.86.244:800/Gateway/r.Zip,threatfox,Unknown malware,"threatfox,whack.sh",2026-09-08 16:06:38,2026-09-09 04:23:19,85
url,http://104.239.66.104:8888/1/reosmesf967rgeaveon.jug,threatfox,Unknown malware,"threatfox,whack.sh",2026-09-08 16:06:38,2026-09-09 04:23:19,85
url,http://105.184.177.144:55771/bin.sh,urlhaus,malware_download,"32-bit,arm,elf,mirai,Mozi",2026-09-09 04:00:06,2026-09-09 04:23:19,85
url,http://105.184.177.144:55771/i,urlhaus,malware_download,"32-bit,arm,elf,mirai,Mozi",2026-09-09 04:00:06,2026-09-09 04:23:19,85
url,http://105.186.88.219:59203/bin.sh,urlhaus,malware_download,"32-bit,arm,elf,mirai,Mozi",2026-09-09 04:00:06,2026-09-09 04:23:19,85
url,http://105.186.88.219:59203/i,urlhaus,malware_download,"32-bit,arm,elf,mirai,Mozi",2026-09-09 04:00:06,2026-09-09 04:23:19,85
url,http://105.224.242.127:37969/bin.sh,urlhaus,malware_download,"32-bit,arm,elf,mirai,Mozi",2026-09-08 16:00:30,2026-09-09 04:23:19,85
url,http://105.224.242.127:37969/i,urlhaus,malware_download,"32-bit,arm,elf,mirai,Mozi",2026-09-08 16:00:30,2026-09-09 04:23:19,85
url,http://106.254.250.98:9104/docs/x.rar,threatfox,XMRIG,"threatfox,whack.sh",2026-09-08 16:06:38,2026-09-09 04:23:19,85
url,http://112.229.207.15:55943/bin.sh,urlhaus,malware_download,"32-bit,elf,mips,Mozi",2026-09-09 04:00:06,2026-09-09 04:23:19,85
url,http://112.229.207.15:55943/i,urlhaus,malware_download,"32-bit,elf,mips,Mozi",2026-09-09 04:00:06,2026-09-09 04:23:19,85
url,http://113.228.103.193:40664/bin.sh,urlhaus,malware_download,"32-bit,elf,mips,Mozi",2026-09-09 04:00:06,2026-09-09 04:23:19,85
url,http://113.228.103.193:40664/i,urlhaus,malware_download,"32-bit,elf,mips,Mozi",2026-09-09 04:00:06,2026-09-09 04:23:19,85
url,http://114.198.242.174:38879/i,urlhaus,malware_download,"32-bit,arm,elf,mirai,Mozi",2026-09-09 04:00:06,2026-09-09 04:23:19,85
url,http://115.230.76.101:37221/bin.sh,urlhaus,malware_download,"32-bit,arm,elf,mirai,Mozi",2026-09-09 04:00:06,2026-09-09 04:23:19,85
url,http://115.55.63.143:48086/bin.sh,urlhaus,malware_download,"32-bit,elf,mips,Mozi",2026-09-09 04:00:06,2026-09-09 04:23:19,85
url,http://115.55.63.143:48086/i,urlhaus,malware_download,"32-bit,elf,mips,Mozi",2026-09-09 04:00:06,2026-09-09 04:23:19,85
url,http://115.56.124.86:54294/bin.sh,urlhaus,malware_download,"32-bit,elf,mips,Mozi",2026-09-09 04:00:06,2026-09-09 04:23:19,85
url,http://115.56.156.211:55186/bin.sh,urlhaus,malware_download,"32-bit,elf,mips,Mozi",2026-09-09 04:00:06,2026-09-09 04:23:19,85
url,http://115.56.156.211:55186/i,urlhaus,malware_download,"32-bit,elf,mips,Mozi",2026-09-09 04:00:06,2026-09-09 04:23:19,85
url,http://115.60.223.220:39065/i,urlhaus,malware_download,Mozi,2026-09-09 04:00:06,2026-09-09 04:23:19,85
url,http://115.62.153.120:40604/bin.sh,urlhaus,malware_download,"32-bit,elf,mips,Mozi",2026-09-09 04:00:06,2026-09-09 04:23:19,85
url,http://115.62.153.120:40604/i,urlhaus,malware_download,"32-bit,elf,mips,Mozi",2026-09-09 04:00:06,2026-09-09 04:23:19,85
url,http://119.127.7.102:56002/bin.sh,urlhaus,malware_download,"32-bit,elf,mips,Mozi",2026-09-09 04:00:06,2026-09-09 04:23:19,85
url,http://119.127.7.102:56002/i,urlhaus,malware_download,"32-bit,elf,mips,Mozi",2026-09-09 04:00:06,2026-09-09 04:23:19,85
url,http://119.189.238.246:36957/i,urlhaus,malware_download,"32-bit,elf,mips,Mozi",2026-09-09 04:00:06,2026-09-09 04:23:19,85
url,http://123.11.11.9:34594/i,urlhaus,malware_download,"32-bit,elf,mips,Mozi",2026-09-09 04:00:06,2026-09-09 04:23:19,85
url,http://123.190.99.31:60383/i,urlhaus,malware_download,"32-bit,elf,mips,Mozi",2026-09-09 04:00:06,2026-09-09 04:23:19,85
url,http://124.161.116.2:39053/bin.sh,urlhaus,malware_download,"32-bit,arm,elf,mirai,Mozi",2026-09-09 04:00:06,2026-09-09 04:23:19,85
url,http://124.29.251.97:53991/Mozi.m,threatfox,Mozi,"threatfox,elf,iot,Mozi",2026-09-08 16:06:38,2026-09-09 04:23:19,85
url,http://125.43.37.95:40928/bin.sh,urlhaus,malware_download,Mozi,2026-09-09 04:00:06,2026-09-09 04:23:19,85
url,http://125.44.214.233:54441/i,urlhaus,malware_download,"32-bit,elf,mips,Mozi",2026-09-09 04:00:06,2026-09-09 04:23:19,85
url,http://125.44.60.118:38038/i,urlhaus,malware_download,"32-bit,elf,mips,Mozi",2026-09-09 04:00:06,2026-09-09 04:23:19,85
url,http://150.40.127.145/hiddenbin/boatnet.arc,urlhaus,malware_download,"elf,mirai,ua-wget",2026-09-09 04:00:06,2026-09-09 04:23:19,85
url,http://150.40.127.145/hiddenbin/boatnet.arm7,urlhaus,malware_download,"elf,mirai,ua-wget",2026-09-09 04:00:06,2026-09-09 04:23:19,85
url,http://176.65.139.139/arm8,urlhaus,malware_download,"arm,mirai,Mozi",2026-09-08 16:00:30,2026-09-09 04:23:19,85
url,http://176.65.139.139/launch.sh,urlhaus,malware_download,"mirai,Mozi,script",2026-09-08 16:00:30,2026-09-09 04:23:19,85
url,http://176.65.139.139/reflect.i686,urlhaus,malware_download,"mirai,Mozi",2026-09-08 16:00:30,2026-09-09 04:23:19,85
url,http://176.65.139.139/reflect.ppc,urlhaus,malware_download,"mirai,Mozi",2026-09-08 16:00:30,2026-09-09 04:23:19,85
url,http://176.65.139.139/reflect.sh4,urlhaus,malware_download,"mirai,Mozi",2026-09-08 16:00:30,2026-09-09 04:23:19,85
url,http://177.70.102.228:8070/tmpftp/01/cancelamento/2021-03-17/info.zip,threatfox,Unknown malware,"threatfox,whack.sh",2026-09-08 16:06:38,2026-09-09 04:23:19,85
url,http://177.70.102.228:8070/tmpftp/01/cancelamento/2021-08-26/info.zip,threatfox,Unknown malware,"threatfox,whack.sh",2026-09-08 16:06:38,2026-09-09 04:23:19,85
url,http://177.70.102.228:8070/tmpftp/manifesta%C3%A7%C3%A3o/consulta/02589791000758/2021-05-08/info.zip,threatfox,Unknown malware,"threatfox,whack.sh",2026-09-08 16:06:38,2026-09-09 04:23:19,85
url,http://177.70.102.228:8070/tmpftp/manifesta%C3%A7%C3%A3o/consulta/02589791000758/2024-06-06/info.zip,threatfox,Unknown malware,"threatfox,whack.sh",2026-09-08 16:06:38,2026-09-09 04:23:19,85
url,http://177.70.102.228:8070/tmpftp/td00000000000000625326/info.zip,threatfox,Unknown malware,"threatfox,whack.sh",2026-09-08 16:06:38,2026-09-09 04:23:19,85
url,http://177.70.102.232:8070/TmpFTP/01/Inutiliza%C3%A7%C3%A3o/2020-06-02/info.zip,threatfox,Unknown malware,"threatfox,whack.sh",2026-09-08 16:06:38,2026-09-09 04:23:19,85
url,http://177.70.102.232:8070/TmpFTP/01/Inutiliza%C3%A7%C3%A3o/2021-03-24/info.zip,threatfox,Unknown malware,"threatfox,whack.sh",2026-09-08 16:06:38,2026-09-09 04:23:19,85
url,http://177.70.102.232:8070/TmpFTP/01/Recep%C3%A7%C3%A3o/2020-08-26/info.zip,threatfox,Unknown malware,"threatfox,whack.sh",2026-09-08 16:06:38,2026-09-09 04:23:19,85
url,http://177.70.102.232:8070/TmpFTP/01/Recep%C3%A7%C3%A3o/2020-12-07/info.zip,threatfox,Unknown malware,"threatfox,whack.sh",2026-09-08 16:06:38,2026-09-09 04:23:19,85
url,http://177.70.102.232:8070/TmpFTP/01/Recep%C3%A7%C3%A3o/2023-10-04/info.zip,threatfox,Unknown malware,"threatfox,whack.sh",2026-09-08 16:06:38,2026-09-09 04:23:19,85
url,http://180.148.33.24/Video.scr,threatfox,Unknown malware,"threatfox,whack.sh",2026-09-08 16:06:38,2026-09-09 04:23:19,85
url,http://182.112.28.50:36154/bin.sh,urlhaus,malware_download,"32-bit,elf,mips,Mozi",2026-09-09 04:00:06,2026-09-09 04:23:19,85
url,http://182.112.28.50:36154/i,urlhaus,malware_download,"32-bit,elf,mips,Mozi",2026-09-09 04:00:06,2026-09-09 04:23:19,85
url,http://182.121.236.181:36990/i,urlhaus,malware_download,"32-bit,elf,mips,Mozi",2026-09-09 04:00:06,2026-09-09 04:23:19,85
url,http://182.122.224.155:42684/i,urlhaus,malware_download,"32-bit,elf,mips,Mozi",2026-09-08 16:00:30,2026-09-09 04:23:19,85
url,http://182.126.116.12:55360/bin.sh,urlhaus,malware_download,Mozi,2026-09-09 04:00:06,2026-09-09 04:23:19,85
url,http://182.127.110.105:38298/bin.sh,urlhaus,malware_download,"32-bit,elf,mips,Mozi",2026-09-09 04:00:06,2026-09-09 04:23:19,85
url,http://182.127.110.105:38298/i,urlhaus,malware_download,"32-bit,elf,mips,Mozi",2026-09-09 04:00:06,2026-09-09 04:23:19,85
url,http://185.32.179.229:8021/sshd,threatfox,Unknown malware,"threatfox,whack.sh",2026-09-08 16:06:38,2026-09-09 04:23:19,85
url,http://186.235.86.129/av.scr,threatfox,Unknown malware,"threatfox,whack.sh",2026-09-08 16:06:38,2026-09-09 04:23:19,85
url,http://187.247.242.34/av.scr,threatfox,xmrig,"threatfox,whack.sh",2026-09-08 16:06:38,2026-09-09 04:23:19,85
url,http://188.212.158.75/5556.rar,threatfox,Unknown malware,"threatfox,whack.sh",2026-09-08 16:06:38,2026-09-09 04:23:19,85
url,http://196.189.197.131:53908/i,urlhaus,malware_download,mirai,2026-09-09 04:00:06,2026-09-09 04:23:19,85
url,http://196.189.98.110:47834/bin.sh,urlhaus,malware_download,mirai,2026-09-09 04:00:06,2026-09-09 04:23:19,85
url,http://196.189.98.110:47834/i,urlhaus,malware_download,"32-bit,arm,elf,mirai,Mozi",2026-09-09 04:00:06,2026-09-09 04:23:19,85
url,http://196.190.0.118:44669/bin.sh,urlhaus,malware_download,"32-bit,arm,elf,mirai,Mozi",2026-09-09 04:00:06,2026-09-09 04:23:19,85
url,http://200.115.102.16:53743/bin.sh,urlhaus,malware_download,"32-bit,arm,elf,mirai,Mozi",2026-09-09 04:00:06,2026-09-09 04:23:19,85
url,http://218.24.26.58:44416/bin.sh,urlhaus,malware_download,"32-bit,elf,mips,Mozi",2026-09-08 16:00:30,2026-09-09 04:23:19,85
url,http://218.24.26.58:44416/i,urlhaus,malware_download,"32-bit,elf,mips,Mozi",2026-09-08 16:00:30,2026-09-09 04:23:19,85
url,http://222.127.248.61:60154/bin.sh,urlhaus,malware_download,"32-bit,arm,elf,mirai,Mozi",2026-09-08 16:00:30,2026-09-09 04:23:19,85
url,http://222.127.248.61:60154/i,urlhaus,malware_download,"32-bit,arm,elf,mirai,Mozi",2026-09-08 16:00:30,2026-09-09 04:23:19,85
url,http://222.138.149.210:49575/bin.sh,urlhaus,malware_download,"32-bit,elf,mips,Mozi",2026-09-09 04:00:06,2026-09-09 04:23:19,85
url,http://222.138.149.210:49575/i,urlhaus,malware_download,"32-bit,elf,mips,Mozi",2026-09-09 04:00:06,2026-09-09 04:23:19,85
url,http://222.142.253.114:60129/i,urlhaus,malware_download,Mozi,2026-09-08 16:00:30,2026-09-09 04:23:19,85
url,http://223.123.35.124:38615/Mozi.m,threatfox,Mozi,"threatfox,elf,iot,Mozi",2026-09-08 16:06:38,2026-09-09 04:23:19,85
url,http://27.215.124.53:58552/i,urlhaus,malware_download,Mozi,2026-09-08 16:00:30,2026-09-09 04:23:19,85
url,http://37.16.74.19/bins/sora.arm5,urlhaus,malware_download,"elf,mirai,ua-wget",2026-09-09 04:00:06,2026-09-09 04:23:19,85
url,http://37.16.74.19/bins/sora.arm6,urlhaus,malware_download,"elf,mirai,ua-wget",2026-09-09 04:00:06,2026-09-09 04:23:19,85
url,http://37.16.74.19/bins/sora.arm7,urlhaus,malware_download,"elf,mirai,ua-wget",2026-09-09 04:00:06,2026-09-09 04:23:19,85
url,http://37.16.74.19/bins/sora.mips,urlhaus,malware_download,"elf,mirai,ua-wget",2026-09-09 04:00:06,2026-09-09 04:23:19,85
url,http://37.16.74.19/bins/sora.mpsl,urlhaus,malware_download,"elf,mirai,ua-wget",2026-09-09 04:00:06,2026-09-09 04:23:19,85
url,http://37.16.74.19/bins/sora.ppc,urlhaus,malware_download,"elf,mirai,ua-wget",2026-09-09 04:00:06,2026-09-09 04:23:19,85
url,http://37.16.74.19/bins/sora.spc,urlhaus,malware_download,"elf,mirai,ua-wget",2026-09-09 04:00:06,2026-09-09 04:23:19,85
url,http://37.16.74.19/bins/sora.x86,urlhaus,malware_download,"elf,mirai,ua-wget",2026-09-09 04:00:06,2026-09-09 04:23:19,85
url,http://37.16.74.19/main_arm6,urlhaus,malware_download,"elf,mirai,ua-wget",2026-09-09 04:00:06,2026-09-09 04:23:19,85
url,http://37.16.74.19/main_arm7,urlhaus,malware_download,"elf,mirai,ua-wget",2026-09-09 04:00:06,2026-09-09 04:23:19,85
url,http://37.16.74.19/main_mpsl,urlhaus,malware_download,"elf,mirai,ua-wget",2026-09-09 04:00:06,2026-09-09 04:23:19,85
url,http://37.16.74.19/main_spc,urlhaus,malware_download,"elf,mirai,ua-wget",2026-09-09 04:00:06,2026-09-09 04:23:19,85
url,http://37.16.74.19/main_x86,urlhaus,malware_download,"elf,mirai,ua-wget",2026-09-09 04:00:06,2026-09-09 04:23:19,85
url,http://37.16.74.19/main_x86_64,urlhaus,malware_download,"elf,mirai,ua-wget",2026-09-09 04:00:06,2026-09-09 04:23:19,85
url,http://42.225.218.136:55344/bin.sh,urlhaus,malware_download,,2026-09-09 04:00:06,2026-09-09 04:23:19,85
url,http://42.225.218.136:55344/i,urlhaus,malware_download,,2026-09-09 04:00:06,2026-09-09 04:23:19,85
url,http://42.226.67.57:56542/i,urlhaus,malware_download,Mozi,2026-09-09 04:00:06,2026-09-09 04:23:19,85
url,http://42.227.204.46:55393/i,urlhaus,malware_download,Mozi,2026-09-09 04:00:06,2026-09-09 04:23:19,85
url,http://42.239.189.113:49093/bin.sh,urlhaus,malware_download,"32-bit,elf,mips,Mozi",2026-09-08 16:00:30,2026-09-09 04:23:19,85
url,http://42.5.21.40:54382/i,urlhaus,malware_download,"32-bit,elf,mips,Mozi",2026-09-09 04:00:06,2026-09-09 04:23:19,85
url,http://42.53.134.221:56771/i,urlhaus,malware_download,"32-bit,elf,mips,Mozi",2026-09-09 04:00:06,2026-09-09 04:23:19,85
url,http://42.7.145.82:34836/i,urlhaus,malware_download,"32-bit,elf,mips,Mozi",2026-09-09 04:00:06,2026-09-09 04:23:19,85
url,http://59.103.100.133:39551/Mozi.m,threatfox,Mozi,"threatfox,elf,iot,Mozi",2026-09-08 16:06:38,2026-09-09 04:23:19,85
url,http://59.180.159.200:41778/bin.sh,urlhaus,malware_download,"32-bit,elf,mips,Mozi",2026-09-09 04:00:06,2026-09-09 04:23:19,85
url,http://59.180.159.200:41778/i,urlhaus,malware_download,"32-bit,elf,mips,Mozi",2026-09-09 04:00:06,2026-09-09 04:23:19,85
url,http://60.17.117.82:40452/i,urlhaus,malware_download,"32-bit,elf,mips,Mozi",2026-09-09 04:00:06,2026-09-09 04:23:19,85
url,http://60.23.235.33:45384/bin.sh,urlhaus,malware_download,"32-bit,elf,mips,Mozi",2026-09-09 04:00:06,2026-09-09 04:23:19,85
url,http://60.23.235.33:45384/i,urlhaus,malware_download,"32-bit,elf,mips,Mozi",2026-09-09 04:00:06,2026-09-09 04:23:19,85
url,http://60.6.62.96:59328/bin.sh,urlhaus,malware_download,"32-bit,arm,elf,mirai,Mozi",2026-09-09 04:00:06,2026-09-09 04:23:19,85
url,http://60.6.62.96:59328/i,urlhaus,malware_download,"32-bit,arm,elf,mirai,Mozi",2026-09-09 04:00:06,2026-09-09 04:23:19,85
url,http://61.137.128.200:54146/bin.sh,urlhaus,malware_download,"32-bit,elf,mips,Mozi",2026-09-09 04:00:06,2026-09-09 04:23:19,85
url,http://61.137.128.200:54146/i,urlhaus,malware_download,"32-bit,elf,mips,Mozi",2026-09-09 04:00:06,2026-09-09 04:23:19,85
url,http://61.137.132.88:45922/bin.sh,urlhaus,malware_download,"32-bit,elf,mips,Mozi",2026-09-08 16:00:30,2026-09-09 04:23:19,85
url,http://61.137.132.88:45922/i,urlhaus,malware_download,"32-bit,elf,mips,Mozi",2026-09-08 16:00:30,2026-09-09 04:23:19,85
url,http://61.52.34.120:58546/bin.sh,urlhaus,malware_download,"32-bit,elf,mips,Mozi",2026-09-09 04:00:06,2026-09-09 04:23:19,85
url,http://61.52.34.120:58546/i,urlhaus,malware_download,"32-bit,elf,mips,Mozi",2026-09-09 04:00:06,2026-09-09 04:23:19,85
url,http://72.255.15.106:39182/Mozi.m,threatfox,Mozi,"threatfox,elf,iot,Mozi",2026-09-08 16:06:38,2026-09-09 04:23:19,85
url,http://81.26.83.155:44019/bin.sh,urlhaus,malware_download,"32-bit,elf,mips,Mozi",2026-09-08 16:00:30,2026-09-09 04:23:19,85
url,http://81.26.83.155:44019/i,urlhaus,malware_download,"32-bit,elf,mips,Mozi",2026-09-08 16:00:30,2026-09-09 04:23:19,85
url,http://91.92.242.236/files-129312398/files/file_deaad5d12778941d.exe,urlhaus,malware_download,"54e64e,dropped-by-amadey",2026-09-09 04:00:06,2026-09-09 04:23:19,85
url,http://doresxa.click:6271/videos,threatfox,Remus,"threatfox,remus",2026-09-09 04:06:20,2026-09-09 04:23:19,85
url,http://drrizon.click:6271/documents,threatfox,Remus,"threatfox,remus",2026-09-08 16:06:38,2026-09-09 04:23:19,85
url,http://futlink.click:4326/accounts,threatfox,Remus,"threatfox,remus",2026-09-08 16:06:38,2026-09-09 04:23:19,85
url,http://futlink.click:4326/products,threatfox,Remus,"threatfox,remus",2026-09-09 04:06:20,2026-09-09 04:23:19,85
url,http://quicbud.shop:7647/categories,threatfox,Remus,"threatfox,remus",2026-09-09 04:06:20,2026-09-09 04:23:19,85
url,http://quicbud.shop:7647/folders,threatfox,Remus,"threatfox,remus",2026-09-09 04:06:20,2026-09-09 04:23:19,85
url,http://quicbud.shop:7647/invoices,threatfox,Remus,"threatfox,remus",2026-09-08 16:06:38,2026-09-09 04:23:19,85
url,http://quicbud.shop:7647/tasks,threatfox,Remus,"threatfox,remus",2026-09-09 04:06:20,2026-09-09 04:23:19,85
url,http://smaring.shop:9895/collections,threatfox,Remus,"threatfox,remus",2026-09-09 04:06:20,2026-09-09 04:23:19,85
url,http://smaring.shop:9895/customers,threatfox,Remus,"threatfox,remus",2026-09-08 16:06:38,2026-09-09 04:23:19,85
url,http://trencts.shop:8592/imports,threatfox,Remus,"threatfox,remus",2026-09-08 16:06:38,2026-09-09 04:23:19,85
url,http://trencts.shop:8592/messages,threatfox,Remus,"threatfox,remus",2026-09-09 04:06:20,2026-09-09 04:23:19,85
url,http://trencts.shop:8592/notifications,threatfox,Remus,"threatfox,remus",2026-09-09 04:06:20,2026-09-09 04:23:19,85
url,http://trencts.shop:8592/projects,threatfox,Remus,"threatfox,remus",2026-09-08 16:06:38,2026-09-09 04:23:19,85
url,http://trencts.shop:8592/workspaces,threatfox,Remus,"threatfox,remus",2026-09-09 04:06:20,2026-09-09 04:23:19,85
url,https://168.222.97.79,threatfox,Vidar,"threatfox,vidar",2026-09-09 04:06:20,2026-09-09 04:23:19,85
url,https://178.104.112.188,threatfox,Vidar,"threatfox,3de9cca6a3e496a7db870b0fce8bbd4b,c2,loader,stealer,Vidar",2026-09-08 16:06:38,2026-09-09 04:23:19,85
url,https://castle-lid.com/SGct2K,threatfox,Unknown malware,"threatfox,ClearFake,ClickFix,EtherHiding",2026-09-09 04:06:20,2026-09-09 04:23:19,85
url,https://colon-strange.pro/SGct2K,threatfox,Unknown malware,"threatfox,ClearFake,ClickFix,EtherHiding",2026-09-09 04:06:20,2026-09-09 04:23:19,85
url,https://divinesoulcamp.com/,threatfox,Unknown malware,"threatfox,ClickFix",2026-09-09 04:06:20,2026-09-09 04:23:19,85
url,https://elevatets.ca/,threatfox,Unknown malware,"threatfox,ClickFix",2026-09-09 04:06:20,2026-09-09 04:23:19,85
url,https://getlemon.lol/files/LemonClix.exe,threatfox,Unknown malware,"threatfox,whack.sh",2026-09-08 16:06:38,2026-09-09 04:23:19,85
url,https://gruporomiso.com/,threatfox,Unknown malware,"threatfox,ClickFix",2026-09-09 04:06:20,2026-09-09 04:23:19,85
url,https://headstartlearningtuition.com/,threatfox,Unknown malware,"threatfox,ClickFix",2026-09-08 16:06:38,2026-09-09 04:23:19,85
url,https://highlight-pyramid.com/SGct2K,threatfox,Unknown malware,"threatfox,ClearFake,ClickFix,EtherHiding",2026-09-09 04:06:20,2026-09-09 04:23:19,85
url,https://honigvogel.com/,threatfox,Unknown malware,"threatfox,ClickFix",2026-09-08 16:06:38,2026-09-09 04:23:19,85
url,https://hosting237141.af91b.netcup.net/wp-includes/sitemaps/rxgoqeb/mrxwi1u/xtlmbae/acrypted.ps1,threatfox,VIP Keylogger,"threatfox,whack.sh",2026-09-08 16:06:38,2026-09-09 04:23:19,85
url,https://karen.ilawa.pl/,threatfox,Unknown malware,"threatfox,ClickFix",2026-09-08 16:06:38,2026-09-09 04:23:19,85
url,https://mghirealty.com/,threatfox,Unknown malware,"threatfox,ClickFix",2026-09-08 16:06:38,2026-09-09 04:23:19,85
url,https://sangdelaterre.fr/,threatfox,Unknown malware,"threatfox,ClickFix",2026-09-08 16:06:38,2026-09-09 04:23:19,85
url,https://smaeck.be/,threatfox,Unknown malware,"threatfox,ClickFix",2026-09-09 04:06:20,2026-09-09 04:23:19,85
url,https://spa-com.com/postback,urlhaus,malware_download,ClickFix,2026-09-08 16:00:30,2026-09-09 04:23:19,85
url,https://spadeentertainment.com/,threatfox,Unknown malware,"threatfox,ClickFix",2026-09-08 16:06:38,2026-09-09 04:23:19,85
url,https://sygnifin.ingeniousc.com/wp-content/uploads/2026/08/ScreenConnect.ClientSetup.msi,threatfox,Unknown malware,"threatfox,whack.sh",2026-09-08 16:06:38,2026-09-09 04:23:19,85
url,https://tranquini.com/,threatfox,Unknown malware,"threatfox,ClickFix",2026-09-08 16:06:38,2026-09-09 04:23:19,85
url,https://vampfittelite.com/,threatfox,Unknown malware,"threatfox,ClickFix",2026-09-08 16:06:38,2026-09-09 04:23:19,85
url,https://watsiia.top/api/v1/session,threatfox,KongTuke,"threatfox,KongTuke",2026-09-08 16:06:38,2026-09-09 04:23:19,85
url,https://watsiia.top/api/v1/verify,threatfox,KongTuke,"threatfox,KongTuke",2026-09-08 16:06:38,2026-09-09 04:23:19,85
url,https://www.lesdemeuresdemilie.com/,threatfox,Unknown malware,"threatfox,ClickFix",2026-09-08 16:06:38,2026-09-09 04:23:19,85
url,https://www.smaeck.be/,threatfox,Unknown malware,"threatfox,ClickFix",2026-09-08 16:06:38,2026-09-09 04:23:19,85
url,https://yarok.life/,threatfox,Unknown malware,"threatfox,ClickFix",2026-09-08 16:06:38,2026-09-09 04:23:19,85
