type,value,source,threat_type,tags,first_seen,last_seen,confidence
domain,120hotelboutique.com.br,threatfox,Unknown Loader,"threatfox,etherhiding,Sepolia",2026-09-16 06:55:34,2026-09-16 07:26:07,85
domain,1yyhju9i.noug.store,threatfox,ClearFake,"threatfox,ClearFake,mac-0xdcf2,macos",2026-09-16 06:55:34,2026-09-16 07:26:07,85
domain,3.tcp.cpolar.top,threatfox,XWorm,"threatfox,XWorm",2026-09-16 06:55:34,2026-09-16 07:26:07,85
domain,789betpg.bet,threatfox,Quasar RAT,"threatfox,quasar",2026-09-16 06:55:34,2026-09-16 07:26:07,85
domain,789betpg.one,threatfox,Quasar RAT,"threatfox,quasar",2026-09-16 06:55:34,2026-09-16 07:26:07,85
domain,88clb8.io,threatfox,Quasar RAT,"threatfox,quasar",2026-09-16 06:55:34,2026-09-16 07:26:07,85
domain,91cwlqu1.enus-theeloncode.com,threatfox,ClearFake,"threatfox,ClearFake,mac-0x68dc,macos",2026-09-16 06:55:34,2026-09-16 07:26:07,85
domain,97k.com.br,threatfox,IClickFix,"threatfox,ClickFix,Mac",2026-09-16 06:55:34,2026-09-16 07:26:07,85
domain,98win.army,threatfox,Quasar RAT,"threatfox,quasar",2026-09-16 06:55:34,2026-09-16 07:26:07,85
domain,abeandasotie.com,threatfox,Unknown Loader,"threatfox,etherhiding,Sepolia",2026-09-16 06:55:34,2026-09-16 07:26:07,85
domain,acp-shop.com,threatfox,Unknown Loader,"threatfox,etherhiding,Sepolia",2026-09-16 06:55:34,2026-09-16 07:26:07,85
domain,agapehomechoice.com,threatfox,IClickFix,"threatfox,ClickFix,Mac",2026-09-16 06:55:34,2026-09-16 07:26:07,85
domain,airductcleaninganddryerventcleaning.com,threatfox,IClickFix,"threatfox,ClickFix,Mac",2026-09-16 06:55:34,2026-09-16 07:26:07,85
domain,allok.uk,threatfox,Unknown Loader,"threatfox,etherhiding,Sepolia",2026-09-16 06:55:34,2026-09-16 07:26:07,85
domain,america-surrey.gl.at.ply.gg,threatfox,XWorm,"threatfox,XWorm",2026-09-16 06:55:34,2026-09-16 07:26:07,85
domain,anonkrnl-47127.portmap.io,threatfox,XWorm,"threatfox,XWorm",2026-09-16 06:55:34,2026-09-16 07:26:07,85
domain,anytime-for-animals.de,threatfox,Unknown Loader,"threatfox,etherhiding,Sepolia",2026-09-16 06:55:34,2026-09-16 07:26:07,85
domain,appgo88.company,threatfox,Remcos,"threatfox,Remcos",2026-09-16 06:55:34,2026-09-16 07:26:07,85
domain,ascenddigital.com.au,threatfox,Unknown Loader,"threatfox,etherhiding,Sepolia",2026-09-16 06:55:34,2026-09-16 07:26:07,85
domain,ashen-arc-badger-maie.life,threatfox,IClickFix,"threatfox,ClickFix,Mac",2026-09-16 06:55:34,2026-09-16 07:26:07,85
domain,asturianademarketing.es,threatfox,IClickFix,"threatfox,ClickFix,Mac",2026-09-16 06:55:34,2026-09-16 07:26:07,85
domain,atd8lpytcu.workers.dev,threatfox,php.shin_webshell,"threatfox,Cloudflare,GIF,PHP,webshell,WordPress,workers.dev,wp-admin",2026-09-16 06:55:34,2026-09-16 07:26:07,85
domain,atut.co,threatfox,IClickFix,"threatfox,ClickFix,Mac",2026-09-16 06:55:34,2026-09-16 07:26:07,85
domain,avantgardefr.com,threatfox,Unknown Loader,"threatfox,etherhiding,Sepolia",2026-09-16 06:55:34,2026-09-16 07:26:07,85
domain,ayfwnugk.pura--boost.us,threatfox,ClearFake,"threatfox,ClearFake,mac-0x76c7,macos",2026-09-16 06:55:34,2026-09-16 07:26:07,85
domain,azmarketingdn.com,threatfox,IClickFix,"threatfox,ClickFix,Mac",2026-09-16 06:55:34,2026-09-16 07:26:07,85
domain,baaptyst-25027.portmap.host,threatfox,XWorm,"threatfox,XWorm",2026-09-16 06:55:34,2026-09-16 07:26:07,85
domain,babullies.app,threatfox,Unknown RAT,"threatfox,screenconnect",2026-09-16 06:55:34,2026-09-16 07:26:07,85
domain,babullies.live,threatfox,Unknown RAT,"threatfox,screenconnect",2026-09-16 06:55:34,2026-09-16 07:26:07,85
domain,backdoor.106nk88.com,threatfox,Remcos,"threatfox,Remcos",2026-09-16 06:55:34,2026-09-16 07:26:07,85
domain,backdoor.33win.com,threatfox,Remcos,"threatfox,Remcos",2026-09-16 06:55:34,2026-09-16 07:26:07,85
domain,backdoor.appgo88.company,threatfox,Remcos,"threatfox,Remcos",2026-09-16 06:55:34,2026-09-16 07:26:07,85
domain,backdoor.daksh.in.net,threatfox,Remcos,"threatfox,Remcos",2026-09-16 06:55:34,2026-09-16 07:26:07,85
domain,backdoor.digitalwala.in.net,threatfox,Remcos,"threatfox,Remcos",2026-09-16 06:55:34,2026-09-16 07:26:07,85
domain,backdoor.ee88-com.asia,threatfox,Remcos,"threatfox,Remcos",2026-09-16 06:55:34,2026-09-16 07:26:07,85
domain,backdoor.hay88.london,threatfox,Remcos,"threatfox,Remcos",2026-09-16 06:55:34,2026-09-16 07:26:07,85
domain,backdoor.imo88slot.co,threatfox,Remcos,"threatfox,Remcos",2026-09-16 06:55:34,2026-09-16 07:26:07,85
domain,backdoor.jilicasinos.net,threatfox,Remcos,"threatfox,Remcos",2026-09-16 06:55:34,2026-09-16 07:26:07,85
domain,backdoor.jinyazhou888.net,threatfox,Remcos,"threatfox,Remcos",2026-09-16 06:55:34,2026-09-16 07:26:07,85
domain,backdoor.liman3d.com,threatfox,Remcos,"threatfox,Remcos",2026-09-16 06:55:34,2026-09-16 07:26:07,85
domain,backdoor.nohu90.com,threatfox,Remcos,"threatfox,Remcos",2026-09-16 06:55:34,2026-09-16 07:26:07,85
domain,backdoor.profitness.in.net,threatfox,Remcos,"threatfox,Remcos",2026-09-16 06:55:34,2026-09-16 07:26:07,85
domain,backdoor.slotmachinesoldiveri.com,threatfox,Remcos,"threatfox,Remcos",2026-09-16 06:55:34,2026-09-16 07:26:07,85
domain,backdoor.u888d9.com,threatfox,Remcos,"threatfox,Remcos",2026-09-16 06:55:34,2026-09-16 07:26:07,85
domain,backdoor.yakuza88.co,threatfox,Remcos,"threatfox,Remcos",2026-09-16 06:55:34,2026-09-16 07:26:07,85
domain,bacsihungthanh.com,threatfox,Unknown Loader,"threatfox,etherhiding,Sepolia",2026-09-16 06:55:34,2026-09-16 07:26:07,85
domain,bdgplaying.com,threatfox,IClickFix,"threatfox,ClickFix,Mac",2026-09-16 06:55:34,2026-09-16 07:26:07,85
domain,bettina-pittaluga.com,threatfox,IClickFix,"threatfox,ClickFix,Mac",2026-09-16 06:55:34,2026-09-16 07:26:07,85
domain,bigjackpot.casino,threatfox,Quasar RAT,"threatfox,quasar",2026-09-16 06:55:34,2026-09-16 07:26:07,85
domain,bisajepediwisma.org,threatfox,ClearFake,"threatfox,15September2026,ClearFake,Commandline,DomainShadowing,Windows",2026-09-16 06:55:34,2026-09-16 07:26:07,85
domain,bisamaxwindiwisma.org,threatfox,ClearFake,"threatfox,15September2026,ClearFake,Commandline,DomainShadowing,Windows",2026-09-16 06:55:34,2026-09-16 07:26:07,85
domain,bjfox2005.com,threatfox,Unknown RAT,"threatfox,screenconnect",2026-09-16 06:55:34,2026-09-16 07:26:07,85
domain,blackwolfagency.com,threatfox,IClickFix,"threatfox,ClickFix,Mac",2026-09-16 06:55:34,2026-09-16 07:26:07,85
domain,boxencheck.de,threatfox,Unknown Loader,"threatfox,etherhiding,Sepolia",2026-09-16 06:55:34,2026-09-16 07:26:07,85
domain,bragpc.com,threatfox,IClickFix,"threatfox,ClickFix,Mac",2026-09-16 06:55:34,2026-09-16 07:26:07,85
domain,brasilianart.com,threatfox,Unknown Loader,"threatfox,etherhiding,Sepolia",2026-09-16 06:55:34,2026-09-16 07:26:07,85
domain,btdesigns.nl,threatfox,IClickFix,"threatfox,ClickFix,Mac",2026-09-16 06:55:34,2026-09-16 07:26:07,85
domain,buanaeaglegroup.com,threatfox,IClickFix,"threatfox,ClickFix,Mac",2026-09-16 06:55:34,2026-09-16 07:26:07,85
domain,buildthework.theworkpc.com,threatfox,Quasar RAT,"threatfox,quasar",2026-09-16 06:55:34,2026-09-16 07:26:07,85
domain,buysypi831.life,threatfox,IClickFix,"threatfox,ClickFix,Mac",2026-09-03 04:06:19,2026-09-16 07:26:07,85
domain,bvgborenzagen.nl,threatfox,Unknown Loader,"threatfox,etherhiding,Sepolia",2026-09-16 06:55:34,2026-09-16 07:26:07,85
domain,byvosje.nl,threatfox,Unknown Loader,"threatfox,etherhiding,Sepolia",2026-09-16 06:55:34,2026-09-16 07:26:07,85
domain,c2.106nk88.com,threatfox,Remcos,"threatfox,Remcos",2026-09-16 06:55:34,2026-09-16 07:26:07,85
domain,c2.33win.com,threatfox,Remcos,"threatfox,Remcos",2026-09-16 06:55:34,2026-09-16 07:26:07,85
domain,c2.appgo88.company,threatfox,Remcos,"threatfox,Remcos",2026-09-16 06:55:34,2026-09-16 07:26:07,85
domain,c2.daksh.in.net,threatfox,Remcos,"threatfox,Remcos",2026-09-16 06:55:34,2026-09-16 07:26:07,85
domain,c2.digitalwala.in.net,threatfox,Remcos,"threatfox,Remcos",2026-09-16 06:55:34,2026-09-16 07:26:07,85
domain,c2.ee88-com.asia,threatfox,Remcos,"threatfox,Remcos",2026-09-16 06:55:34,2026-09-16 07:26:07,85
domain,c2.hay88.london,threatfox,Remcos,"threatfox,Remcos",2026-09-16 06:55:34,2026-09-16 07:26:07,85
domain,c2.imo88slot.co,threatfox,Remcos,"threatfox,Remcos",2026-09-16 06:55:34,2026-09-16 07:26:07,85
domain,c2.jilicasinos.net,threatfox,Remcos,"threatfox,Remcos",2026-09-16 06:55:34,2026-09-16 07:26:07,85
domain,c2.jinyazhou888.net,threatfox,Remcos,"threatfox,Remcos",2026-09-16 06:55:34,2026-09-16 07:26:07,85
domain,c2.liman3d.com,threatfox,Remcos,"threatfox,Remcos",2026-09-16 06:55:34,2026-09-16 07:26:07,85
domain,c2.nohu90.com,threatfox,Remcos,"threatfox,Remcos",2026-09-16 06:55:34,2026-09-16 07:26:07,85
domain,c2.profitness.in.net,threatfox,Remcos,"threatfox,Remcos",2026-09-16 06:55:34,2026-09-16 07:26:07,85
domain,c2.slotmachinesoldiveri.com,threatfox,Remcos,"threatfox,Remcos",2026-09-16 06:55:34,2026-09-16 07:26:07,85
domain,c2.u888d9.com,threatfox,Remcos,"threatfox,Remcos",2026-09-16 06:55:34,2026-09-16 07:26:07,85
domain,c2.yakuza88.co,threatfox,Remcos,"threatfox,Remcos",2026-09-16 06:55:34,2026-09-16 07:26:07,85
domain,camicamicmai0390393.duckdns.org,threatfox,XWorm,"threatfox,XWorm",2026-09-16 06:55:34,2026-09-16 07:26:07,85
domain,carefield-zorg.nl,threatfox,Unknown Loader,"threatfox,etherhiding,Sepolia",2026-09-16 06:55:34,2026-09-16 07:26:07,85
domain,cartagena.consulado.gob.ve,threatfox,IClickFix,"threatfox,ClickFix,Mac",2026-09-16 06:55:34,2026-09-16 07:26:07,85
domain,catamaranholidays.gr,threatfox,Unknown Loader,"threatfox,etherhiding,Sepolia",2026-09-16 06:55:34,2026-09-16 07:26:07,85
domain,centrocomercialmiramadrid.es,threatfox,Unknown Loader,"threatfox,etherhiding,Sepolia",2026-09-16 06:55:34,2026-09-16 07:26:07,85
domain,chandlerscharts.com,threatfox,IClickFix,"threatfox,ClickFix,Mac",2026-09-16 06:55:34,2026-09-16 07:26:07,85
domain,chasingrainbowsacademy.com,threatfox,Unknown Loader,"threatfox,etherhiding,Sepolia",2026-09-16 06:55:34,2026-09-16 07:26:07,85
domain,cinemart.co.il,threatfox,Unknown Loader,"threatfox,etherhiding,Sepolia",2026-09-16 06:55:34,2026-09-16 07:26:07,85
domain,clarity-photobooth.com,threatfox,IClickFix,"threatfox,ClickFix,Mac",2026-09-16 06:55:34,2026-09-16 07:26:07,85
domain,clinicaeusalud.com.co,threatfox,Unknown Loader,"threatfox,etherhiding,Sepolia",2026-09-16 06:55:34,2026-09-16 07:26:07,85
domain,cloudzync.me,threatfox,Quasar RAT,"threatfox,quasar",2026-09-16 06:55:34,2026-09-16 07:26:07,85
domain,cocaroman.com,threatfox,Unknown Loader,"threatfox,etherhiding,Sepolia",2026-09-16 06:55:34,2026-09-16 07:26:07,85
domain,concept2project.com,threatfox,IClickFix,"threatfox,ClickFix,Mac",2026-09-16 06:55:34,2026-09-16 07:26:07,85
domain,conde-folie.fr,threatfox,Unknown Loader,"threatfox,etherhiding,Sepolia",2026-09-16 06:55:34,2026-09-16 07:26:07,85
domain,coral-zephyr-koarseara.xyz,threatfox,IClickFix,"threatfox,ClickFix,Mac",2026-09-16 06:55:34,2026-09-16 07:26:07,85
domain,cupfee.me,threatfox,Quasar RAT,"threatfox,quasar",2026-09-16 06:55:34,2026-09-16 07:26:07,85
domain,d1zih0uv.en-us-zen-sulin.com,threatfox,ClearFake,"threatfox,ClearFake,mac-0x68dc,macos",2026-09-16 06:55:34,2026-09-16 07:26:07,85
domain,damazyncars.com,threatfox,Unknown Loader,"threatfox,etherhiding,Sepolia",2026-09-16 06:55:34,2026-09-16 07:26:07,85
domain,dar-almahi.com,threatfox,ClearFake,"threatfox,compromised,EtherHide",2026-09-16 06:55:34,2026-09-16 07:26:07,85
domain,dcowebify.com,threatfox,Unknown Loader,"threatfox,etherhiding,Sepolia",2026-09-16 06:55:34,2026-09-16 07:26:07,85
domain,ddrv6-33454.portmap.host,threatfox,Quasar RAT,"threatfox,quasar",2026-09-16 06:55:34,2026-09-16 07:26:07,85
domain,dellacred.com.br,threatfox,IClickFix,"threatfox,ClickFix,Mac",2026-09-16 06:55:34,2026-09-16 07:26:07,85
domain,designbrains.be,threatfox,IClickFix,"threatfox,ClickFix,Mac",2026-09-16 06:55:34,2026-09-16 07:26:07,85
domain,desireeleighh.com,threatfox,Unknown Loader,"threatfox,etherhiding,Sepolia",2026-09-16 06:55:34,2026-09-16 07:26:07,85
domain,di-il.com,threatfox,ClearFake,"threatfox,clickfix",2026-09-16 06:55:34,2026-09-16 07:26:07,85
domain,drjanetlittlespeaks.com,threatfox,IClickFix,"threatfox,ClickFix,Mac",2026-09-16 06:55:34,2026-09-16 07:26:07,85
domain,e78gueny09.workers.dev,threatfox,php.shin_webshell,"threatfox,Cloudflare,GIF,PHP,webshell,WordPress,workers.dev,wp-admin",2026-09-16 06:55:34,2026-09-16 07:26:07,85
domain,edwinlimclinic.sg,threatfox,IClickFix,"threatfox,ClickFix,Mac",2026-09-16 06:55:34,2026-09-16 07:26:07,85
domain,ega6j3lp.royar.store,threatfox,ClearFake,"threatfox,ClearFake,mac-0x76c7,macos",2026-09-16 06:55:34,2026-09-16 07:26:07,85
domain,enviroforest.com,threatfox,IClickFix,"threatfox,ClickFix,Mac",2026-09-16 06:55:34,2026-09-16 07:26:07,85
domain,estacaoideia.com.br,threatfox,IClickFix,"threatfox,ClickFix,Mac",2026-09-16 06:55:34,2026-09-16 07:26:07,85
domain,evobeaute.eu,threatfox,IClickFix,"threatfox,ClickFix,Mac",2026-09-16 06:55:34,2026-09-16 07:26:07,85
domain,f3grdcpf.dyar.store,threatfox,ClearFake,"threatfox,ClearFake,mac-0x68dc,macos",2026-09-16 06:55:34,2026-09-16 07:26:07,85
domain,f6gn33i6.mard.store,threatfox,ClearFake,"threatfox,ClearFake,mac-0x0f14,macos",2026-09-16 06:55:34,2026-09-16 07:26:07,85
domain,fa.177betwin.org,threatfox,Vidar,"threatfox,vidar",2026-09-16 06:55:34,2026-09-16 07:26:07,85
domain,fa.qq1x.org,threatfox,Vidar,"threatfox,vidar",2026-09-16 06:55:34,2026-09-16 07:26:07,85
domain,fafawisma.com,threatfox,ClearFake,"threatfox,16September2026,ClearFake,Commandline,DomainShadowing,Windows",2026-09-16 06:55:34,2026-09-16 07:26:07,85
domain,feuerwehr-rieblingen.de,threatfox,Unknown Loader,"threatfox,etherhiding,Sepolia",2026-09-16 06:55:34,2026-09-16 07:26:07,85
domain,fiqacigi.workers.dev,threatfox,php.shin_webshell,"threatfox,Cloudflare,GIF,PHP,webshell,WordPress,workers.dev,wp-admin",2026-09-16 06:55:34,2026-09-16 07:26:07,85
domain,foundersmind.pl,threatfox,Unknown Loader,"threatfox,etherhiding,Sepolia",2026-09-16 06:55:34,2026-09-16 07:26:07,85
domain,francismclaren.co.uk,threatfox,IClickFix,"threatfox,ClickFix,Mac",2026-09-16 06:55:34,2026-09-16 07:26:07,85
domain,fresh-rx.com,threatfox,IClickFix,"threatfox,ClickFix,Mac",2026-09-16 06:55:34,2026-09-16 07:26:07,85
domain,front-api.ecodevelopmentltd.com,threatfox,FAKEUPDATES,"threatfox,SocGholish",2026-09-16 06:55:34,2026-09-16 07:26:07,85
domain,frozenalien.de,threatfox,Unknown Loader,"threatfox,etherhiding,Sepolia",2026-09-16 06:55:34,2026-09-16 07:26:07,85
domain,fruitcity.africa,threatfox,Unknown Loader,"threatfox,etherhiding,Sepolia",2026-09-16 06:55:34,2026-09-16 07:26:07,85
domain,fufuwisma.com,threatfox,ClearFake,"threatfox,16September2026,ClearFake,Commandline,DomainShadowing,Windows",2026-09-16 06:55:34,2026-09-16 07:26:07,85
domain,gack-moebel.de,threatfox,Unknown Loader,"threatfox,etherhiding,Sepolia",2026-09-16 06:55:34,2026-09-16 07:26:07,85
domain,gaqiza.workers.dev,threatfox,php.shin_webshell,"threatfox,Cloudflare,GIF,PHP,webshell,WordPress,workers.dev,wp-admin",2026-09-16 06:55:34,2026-09-16 07:26:07,85
domain,gbtestingservice.com,threatfox,IClickFix,"threatfox,ClickFix,Mac",2026-09-16 06:55:34,2026-09-16 07:26:07,85
domain,gd-kcmco.com,threatfox,Unknown Loader,"threatfox,etherhiding,Sepolia",2026-09-16 06:55:34,2026-09-16 07:26:07,85
domain,geveby.workers.dev,threatfox,php.shin_webshell,"threatfox,Cloudflare,GIF,PHP,webshell,WordPress,workers.dev,wp-admin",2026-09-16 06:55:34,2026-09-16 07:26:07,85
domain,gevykela.workers.dev,threatfox,php.shin_webshell,"threatfox,Cloudflare,GIF,PHP,webshell,WordPress,workers.dev,wp-admin",2026-09-16 06:55:34,2026-09-16 07:26:07,85
domain,ggao4r0b.omars.store,threatfox,ClearFake,"threatfox,ClearFake,mac-0xdcf2,macos",2026-09-16 06:55:34,2026-09-16 07:26:07,85
domain,gitarrlektioner-online.se,threatfox,Unknown Loader,"threatfox,etherhiding,Sepolia",2026-09-16 06:55:34,2026-09-16 07:26:07,85
domain,graymurray.com,threatfox,Unknown Loader,"threatfox,etherhiding,Sepolia",2026-09-16 06:55:34,2026-09-16 07:26:07,85
domain,growthboks.com,threatfox,Unknown Loader,"threatfox,etherhiding,Sepolia",2026-09-16 06:55:34,2026-09-16 07:26:07,85
domain,hamohas-46035.portmap.host,threatfox,XWorm,"threatfox,XWorm",2026-09-16 06:55:34,2026-09-16 07:26:07,85
domain,hanniedijk.nl,threatfox,Unknown Loader,"threatfox,etherhiding,Sepolia",2026-09-16 06:55:34,2026-09-16 07:26:07,85
domain,harleybikesmall.com,threatfox,IClickFix,"threatfox,ClickFix,Mac",2026-09-16 06:55:34,2026-09-16 07:26:07,85
domain,hhsta.com,threatfox,Unknown Loader,"threatfox,etherhiding,Sepolia",2026-09-16 06:55:34,2026-09-16 07:26:07,85
domain,homebleachers.com,threatfox,IClickFix,"threatfox,ClickFix,Mac",2026-09-16 06:55:34,2026-09-16 07:26:07,85
domain,hygycegu.workers.dev,threatfox,php.shin_webshell,"threatfox,Cloudflare,GIF,PHP,webshell,WordPress,workers.dev,wp-admin",2026-09-16 06:55:34,2026-09-16 07:26:07,85
domain,id.177betwin.org,threatfox,Vidar,"threatfox,vidar",2026-09-16 06:55:34,2026-09-16 07:26:07,85
domain,id.qq1x.org,threatfox,Vidar,"threatfox,vidar",2026-09-16 06:55:34,2026-09-16 07:26:07,85
domain,idiomashuelva.es,threatfox,Unknown Loader,"threatfox,etherhiding,Sepolia",2026-09-16 06:55:34,2026-09-16 07:26:07,85
domain,ifamt.de,threatfox,Unknown Loader,"threatfox,etherhiding,Sepolia",2026-09-16 06:55:34,2026-09-16 07:26:07,85
domain,impactfinances.be,threatfox,Unknown Loader,"threatfox,etherhiding,Sepolia",2026-09-16 06:55:34,2026-09-16 07:26:07,85
domain,ingestdot.net,threatfox,Unknown malware,"threatfox,ClickFix,Etherhide",2026-09-16 06:55:34,2026-09-16 07:26:07,85
domain,isomnia.pl,threatfox,IClickFix,"threatfox,ClickFix",2026-09-16 06:55:34,2026-09-16 07:26:07,85
domain,itelkom.net,threatfox,Unknown Loader,"threatfox,etherhiding,Sepolia",2026-09-16 06:55:34,2026-09-16 07:26:07,85
domain,jackiewhitfield.com,threatfox,Unknown RAT,"threatfox,screenconnect",2026-09-16 06:55:34,2026-09-16 07:26:07,85
domain,jaikashop.com,threatfox,IClickFix,"threatfox,ClickFix,Mac",2026-09-16 06:55:34,2026-09-16 07:26:07,85
domain,janssensteijlen.nl,threatfox,Unknown Loader,"threatfox,etherhiding,Sepolia",2026-09-16 06:55:34,2026-09-16 07:26:07,85
domain,jo2lab.com,threatfox,ClearFake,"threatfox,compromised,EtherHide",2026-09-16 06:55:34,2026-09-16 07:26:07,85
domain,job4u.store,threatfox,ClearFake,"threatfox,15September2026,ClearFake,Commandline,DomainShadowing,Windows",2026-09-16 06:55:34,2026-09-16 07:26:07,85
domain,jomy.store,threatfox,ClearFake,"threatfox,15September2026,ClearFake,Commandline,DomainShadowing,Windows",2026-09-16 06:55:34,2026-09-16 07:26:07,85
domain,jpshio777.vip,threatfox,IClickFix,"threatfox,ClickFix,Mac",2026-09-16 06:55:34,2026-09-16 07:26:07,85
domain,kajmunk.nl,threatfox,Unknown Loader,"threatfox,etherhiding,Sepolia",2026-09-16 06:55:34,2026-09-16 07:26:07,85
domain,kebabhondarribia.es,threatfox,IClickFix,"threatfox,ClickFix,Mac",2026-09-16 06:55:34,2026-09-16 07:26:07,85
domain,kissmyaster.co,threatfox,Quasar RAT,"threatfox,quasar",2026-09-16 06:55:34,2026-09-16 07:26:07,85
domain,kkjjjytvfdfd4534-41452.portmap.host,threatfox,XWorm,"threatfox,XWorm",2026-09-16 06:55:34,2026-09-16 07:26:07,85
domain,kolme-k.de,threatfox,Unknown Loader,"threatfox,etherhiding,Sepolia",2026-09-16 06:55:34,2026-09-16 07:26:07,85
domain,krisannly.com,threatfox,Unknown RAT,"threatfox,screenconnect",2026-09-16 06:55:34,2026-09-16 07:26:07,85
domain,kuciel.com.pl,threatfox,IClickFix,"threatfox,ClickFix,Mac",2026-09-16 06:55:34,2026-09-16 07:26:07,85
domain,kydovuky.workers.dev,threatfox,php.shin_webshell,"threatfox,Cloudflare,GIF,PHP,webshell,WordPress,workers.dev,wp-admin",2026-09-16 06:55:34,2026-09-16 07:26:07,85
domain,l9bwp7kn.farmf.store,threatfox,ClearFake,"threatfox,ClearFake,mac-0x68dc,macos",2026-09-16 06:55:34,2026-09-16 07:26:07,85
domain,landshuter-kurzfilmfestival.de,threatfox,Unknown Loader,"threatfox,etherhiding,Sepolia",2026-09-16 06:55:34,2026-09-16 07:26:07,85
domain,ledys-architecte.com,threatfox,IClickFix,"threatfox,ClickFix,Mac",2026-09-16 06:55:34,2026-09-16 07:26:07,85
domain,leezainternational.com,threatfox,IClickFix,"threatfox,ClickFix,Mac",2026-09-16 06:55:34,2026-09-16 07:26:07,85
domain,litterateuronline.com,threatfox,Unknown Loader,"threatfox,etherhiding,Sepolia",2026-09-16 06:55:34,2026-09-16 07:26:07,85
domain,living-b.it,threatfox,Unknown Loader,"threatfox,etherhiding,Sepolia",2026-09-16 06:55:34,2026-09-16 07:26:07,85
domain,ljxyfapr71.localto.net,threatfox,XWorm,"threatfox,XWorm",2026-09-16 06:55:34,2026-09-16 07:26:07,85
domain,lrnvtw2a.en-en-us-zensulin.com,threatfox,ClearFake,"threatfox,ClearFake,mac-0x68dc,macos",2026-09-16 06:55:34,2026-09-16 07:26:07,85
domain,luzygapi.workers.dev,threatfox,php.shin_webshell,"threatfox,Cloudflare,GIF,PHP,webshell,WordPress,workers.dev,wp-admin",2026-09-16 06:55:34,2026-09-16 07:26:07,85
domain,macroautos.com.mx,threatfox,IClickFix,"threatfox,ClickFix,Mac",2026-09-16 06:55:34,2026-09-16 07:26:07,85
domain,maerkische-kartonagenfabrik.de,threatfox,Unknown Loader,"threatfox,etherhiding,Sepolia",2026-09-16 06:55:34,2026-09-16 07:26:07,85
domain,malware.88clb8.io,threatfox,Quasar RAT,"threatfox,quasar",2026-09-16 06:55:34,2026-09-16 07:26:07,85
domain,manhthang.net,threatfox,IClickFix,"threatfox,ClickFix,Mac",2026-09-16 06:55:34,2026-09-16 07:26:07,85
domain,markgoldman.com,threatfox,Unknown Loader,"threatfox,etherhiding,Sepolia",2026-09-16 06:55:34,2026-09-16 07:26:07,85
domain,maschiettomusic.com,threatfox,Unknown Loader,"threatfox,etherhiding,Sepolia",2026-09-16 06:55:34,2026-09-16 07:26:07,85
domain,mb6606.org,threatfox,Quasar RAT,"threatfox,quasar",2026-09-16 06:55:34,2026-09-16 07:26:07,85
domain,mb66b5.com,threatfox,Quasar RAT,"threatfox,quasar",2026-09-16 06:55:34,2026-09-16 07:26:07,85
domain,mb66i.net,threatfox,Quasar RAT,"threatfox,quasar",2026-09-16 06:55:34,2026-09-16 07:26:07,85
domain,me23z6yn.reneck.store,threatfox,ClearFake,"threatfox,ClearFake,mac-0x76c7,macos",2026-09-16 06:55:34,2026-09-16 07:26:07,85
domain,meetra.site,threatfox,ClearFake,"threatfox,compromised,EtherHide",2026-09-16 06:55:34,2026-09-16 07:26:07,85
domain,mesacontractingpa.com,threatfox,IClickFix,"threatfox,ClickFix,Mac",2026-09-16 06:55:34,2026-09-16 07:26:07,85
domain,midnightoman-travel.com,threatfox,Unknown Loader,"threatfox,etherhiding,Sepolia",2026-09-16 06:55:34,2026-09-16 07:26:07,85
domain,mimiraml.com,threatfox,Unknown Loader,"threatfox,etherhiding,Sepolia",2026-09-16 06:55:34,2026-09-16 07:26:07,85
domain,mizi.in,threatfox,IClickFix,"threatfox,ClickFix,Mac",2026-09-16 06:55:34,2026-09-16 07:26:07,85
domain,modyhoba-57738.portmap.host,threatfox,XWorm,"threatfox,XWorm",2026-09-16 06:55:34,2026-09-16 07:26:07,85
domain,moringa-tulear.mg,threatfox,Unknown Loader,"threatfox,etherhiding,Sepolia",2026-09-16 06:55:34,2026-09-16 07:26:07,85
domain,mrsls88.com,threatfox,Unknown RAT,"threatfox,screenconnect",2026-09-16 06:55:34,2026-09-16 07:26:07,85
domain,mudefilo.workers.dev,threatfox,php.shin_webshell,"threatfox,Cloudflare,GIF,PHP,webshell,WordPress,workers.dev,wp-admin",2026-09-16 06:55:34,2026-09-16 07:26:07,85
domain,mypaytech.de,threatfox,IClickFix,"threatfox,ClickFix,Mac",2026-09-16 06:55:34,2026-09-16 07:26:07,85
domain,mywixely.workers.dev,threatfox,php.shin_webshell,"threatfox,Cloudflare,GIF,PHP,webshell,WordPress,workers.dev,wp-admin",2026-09-16 06:55:34,2026-09-16 07:26:07,85
domain,nahoxale.workers.dev,threatfox,php.shin_webshell,"threatfox,Cloudflare,GIF,PHP,webshell,WordPress,workers.dev,wp-admin",2026-09-16 06:55:34,2026-09-16 07:26:07,85
domain,nelson47.com,threatfox,Unknown RAT,"threatfox,screenconnect",2026-09-16 06:55:34,2026-09-16 07:26:07,85
domain,neuraledge.digital,threatfox,Unknown Loader,"threatfox,etherhiding,Sepolia",2026-09-16 06:55:34,2026-09-16 07:26:07,85
domain,norisknorewardblog.com,threatfox,Unknown Loader,"threatfox,etherhiding,Sepolia",2026-09-16 06:55:34,2026-09-16 07:26:07,85
domain,np-cyber.com,threatfox,Unknown Loader,"threatfox,etherhiding,Sepolia",2026-09-16 06:55:34,2026-09-16 07:26:07,85
domain,nujlmb.org.uk,threatfox,Unknown Loader,"threatfox,etherhiding,Sepolia",2026-09-16 06:55:34,2026-09-16 07:26:07,85
domain,omda-info.de,threatfox,Unknown Loader,"threatfox,etherhiding,Sepolia",2026-09-16 06:55:34,2026-09-16 07:26:07,85
domain,otoboyasizgocukduzeltme.com,threatfox,IClickFix,"threatfox,ClickFix,Mac",2026-09-16 06:55:34,2026-09-16 07:26:07,85
domain,pacer-gov.com,threatfox,Unknown malware,"threatfox,ClickFix,Etherhide",2026-09-16 06:55:34,2026-09-16 07:26:07,85
domain,pc168.com.tw,threatfox,Quasar RAT,"threatfox,quasar",2026-09-16 06:55:34,2026-09-16 07:26:07,85
domain,pelnykolor.eu,threatfox,Unknown Loader,"threatfox,etherhiding,Sepolia",2026-09-16 06:55:34,2026-09-16 07:26:07,85
domain,pepguides.com,threatfox,IClickFix,"threatfox,ClickFix,Mac",2026-09-16 06:55:34,2026-09-16 07:26:07,85
domain,pizzeriatiodan.com,threatfox,Unknown Loader,"threatfox,etherhiding,Sepolia",2026-09-16 06:55:34,2026-09-16 07:26:07,85
domain,pmdmangoes.com,threatfox,IClickFix,"threatfox,ClickFix,Mac",2026-09-16 06:55:34,2026-09-16 07:26:07,85
domain,portmapper222-61558.portmap.host,threatfox,XWorm,"threatfox,XWorm",2026-09-16 06:55:34,2026-09-16 07:26:07,85
domain,positiveawards.co.uk,threatfox,IClickFix,"threatfox,ClickFix,Mac",2026-09-16 06:55:34,2026-09-16 07:26:07,85
domain,pro-welding.eu,threatfox,Unknown Loader,"threatfox,etherhiding,Sepolia",2026-09-16 06:55:34,2026-09-16 07:26:07,85
domain,pulsedocreliefcentre.com,threatfox,IClickFix,"threatfox,ClickFix,Mac",2026-09-16 06:55:34,2026-09-16 07:26:07,85
domain,qcaeb65f.remarq.store,threatfox,ClearFake,"threatfox,ClearFake,mac-0x76c7,macos",2026-09-16 06:55:34,2026-09-16 07:26:07,85
domain,qualytecbrasil.com.br,threatfox,IClickFix,"threatfox,ClickFix,Mac",2026-09-16 06:55:34,2026-09-16 07:26:07,85
domain,raolite.com,threatfox,IClickFix,"threatfox,ClickFix,Mac",2026-09-16 06:55:34,2026-09-16 07:26:07,85
domain,rastakhabar.ir,threatfox,Unknown Loader,"threatfox,etherhiding,Sepolia",2026-09-16 06:55:34,2026-09-16 07:26:07,85
domain,ravsatexim.com,threatfox,IClickFix,"threatfox,ClickFix,Mac",2026-09-16 06:55:34,2026-09-16 07:26:07,85
domain,reallifecommunityservices.com,threatfox,IClickFix,"threatfox,ClickFix,Mac",2026-09-16 06:55:34,2026-09-16 07:26:07,85
domain,redx.club,threatfox,Unknown Loader,"threatfox,etherhiding,Sepolia",2026-09-16 06:55:34,2026-09-16 07:26:07,85
domain,reedswitchcn.com,threatfox,Unknown Loader,"threatfox,etherhiding,Sepolia",2026-09-16 06:55:34,2026-09-16 07:26:07,85
domain,reitstall-klein-raden.de,threatfox,Unknown Loader,"threatfox,etherhiding,Sepolia",2026-09-16 06:55:34,2026-09-16 07:26:07,85
domain,rescuetraining.cz,threatfox,Unknown Loader,"threatfox,etherhiding,Sepolia",2026-09-16 06:55:34,2026-09-16 07:26:07,85
domain,royar.store,threatfox,ClearFake,"threatfox,ClearFake",2026-09-16 06:55:34,2026-09-16 07:26:07,85
domain,sakugavarskeks.ee,threatfox,IClickFix,"threatfox,ClickFix,Mac",2026-09-16 06:55:34,2026-09-16 07:26:07,85
domain,scandia-express.com,threatfox,ClearFake,"threatfox,compromised,EtherHide",2026-09-16 06:55:34,2026-09-16 07:26:07,85
domain,shades-tours.com,threatfox,Unknown Loader,"threatfox,etherhiding,Sepolia",2026-09-16 06:55:34,2026-09-16 07:26:07,85
domain,sharjahtodip.com,threatfox,IClickFix,"threatfox,ClickFix,Mac",2026-09-16 06:55:34,2026-09-16 07:26:07,85
domain,shop.bleibtreu-catering.de,threatfox,Unknown Loader,"threatfox,etherhiding,Sepolia",2026-09-16 06:55:34,2026-09-16 07:26:07,85
domain,simplamo.com,threatfox,Unknown Loader,"threatfox,etherhiding,Sepolia",2026-09-16 06:55:34,2026-09-16 07:26:07,85
domain,slotmachinesoldiveri.com,threatfox,Remcos,"threatfox,Remcos",2026-09-16 06:55:34,2026-09-16 07:26:07,85
domain,socupuzy.workers.dev,threatfox,php.shin_webshell,"threatfox,Cloudflare,GIF,PHP,webshell,WordPress,workers.dev,wp-admin",2026-09-16 06:55:34,2026-09-16 07:26:07,85
domain,softgenics.net,threatfox,IClickFix,"threatfox,ClickFix,Mac",2026-09-16 06:55:34,2026-09-16 07:26:07,85
domain,solatiumptyltd.com,threatfox,Unknown Loader,"threatfox,etherhiding,Sepolia",2026-09-16 06:55:34,2026-09-16 07:26:07,85
domain,sonaxconsultancy.com,threatfox,IClickFix,"threatfox,ClickFix,Mac",2026-09-16 06:55:34,2026-09-16 07:26:07,85
domain,spd-kalkar.de,threatfox,Unknown Loader,"threatfox,etherhiding,Sepolia",2026-09-16 06:55:34,2026-09-16 07:26:07,85
domain,sse0tbwo.niaa.store,threatfox,ClearFake,"threatfox,ClearFake,mac-0xdcf2,macos",2026-09-16 06:55:34,2026-09-16 07:26:07,85
domain,sslazio.world,threatfox,ClearFake,"threatfox,compromised,EtherHide",2026-09-16 06:55:34,2026-09-16 07:26:07,85
domain,statpipeplus.com,threatfox,Unknown malware,"threatfox,ClickFix,Etherhide",2026-09-16 06:55:34,2026-09-16 07:26:07,85
domain,stonestation.cfd,threatfox,Unknown Loader,"threatfox,OffLoader",2026-09-16 06:55:34,2026-09-16 07:26:07,85
domain,styleperu.com,threatfox,IClickFix,"threatfox,ClickFix,Mac",2026-09-16 06:55:34,2026-09-16 07:26:07,85
domain,suciqu.workers.dev,threatfox,php.shin_webshell,"threatfox,Cloudflare,GIF,PHP,webshell,WordPress,workers.dev,wp-admin",2026-09-16 06:55:34,2026-09-16 07:26:07,85
domain,supernovacrm.com,threatfox,Unknown Loader,"threatfox,etherhiding,Sepolia",2026-09-16 06:55:34,2026-09-16 07:26:07,85
domain,talentslink.org,threatfox,IClickFix,"threatfox,ClickFix,Mac",2026-09-16 06:55:34,2026-09-16 07:26:07,85
domain,tftp2.sh,threatfox,Mirai,threatfox,2026-09-16 06:55:34,2026-09-16 07:26:07,85
domain,thoitrangtrungnien.net,threatfox,Unknown Loader,"threatfox,etherhiding,Sepolia",2026-09-16 06:55:34,2026-09-16 07:26:07,85
domain,thunderstopui912.life,threatfox,IClickFix,"threatfox,ClickFix,Mac",2026-08-23 04:06:16,2026-09-16 07:26:07,85
domain,time.austriaeast.cloudapp.azure.com,threatfox,EtherRAT,"threatfox,EtherRat",2026-09-16 06:55:34,2026-09-16 07:26:07,85
domain,timesync.westus2.cloudapp.azure.com,threatfox,EtherRAT,"threatfox,EtherRat",2026-09-16 06:55:34,2026-09-16 07:26:07,85
domain,tools.malikzehnder.com,threatfox,ClearFake,"threatfox,compromised,EtherHide",2026-09-16 06:55:34,2026-09-16 07:26:07,85
domain,townofmainbrook.ca,threatfox,Unknown Loader,"threatfox,etherhiding,Sepolia",2026-09-16 06:55:34,2026-09-16 07:26:07,85
domain,tpglighting.com,threatfox,Unknown Loader,"threatfox,etherhiding,Sepolia",2026-09-16 06:55:34,2026-09-16 07:26:07,85
domain,tracewaytech.com,threatfox,Unknown malware,"threatfox,ClickFix,Etherhide",2026-09-16 06:55:34,2026-09-16 07:26:07,85
domain,tradeshowguy.net,threatfox,ClearFake,"threatfox,compromised,EtherHide",2026-09-16 06:55:34,2026-09-16 07:26:07,85
domain,trdemo.com.au,threatfox,Unknown Loader,"threatfox,etherhiding,Sepolia",2026-09-16 06:55:34,2026-09-16 07:26:07,85
domain,truehealth.com.hk,threatfox,IClickFix,"threatfox,ClickFix,Mac",2026-09-16 06:55:34,2026-09-16 07:26:07,85
domain,tusbothfeld.de,threatfox,Unknown Loader,"threatfox,etherhiding,Sepolia",2026-09-16 06:55:34,2026-09-16 07:26:07,85
domain,uni-ae.com,threatfox,IClickFix,"threatfox,ClickFix,Mac",2026-09-16 06:55:34,2026-09-16 07:26:07,85
domain,upla.es,threatfox,IClickFix,"threatfox,ClickFix,Mac",2026-09-16 06:55:34,2026-09-16 07:26:07,85
domain,urgenteyecarefl.com,threatfox,Unknown Loader,"threatfox,etherhiding,Sepolia",2026-09-16 06:55:34,2026-09-16 07:26:07,85
domain,v6sjo9pv.omec.store,threatfox,ClearFake,"threatfox,ClearFake,mac-0xdcf2,macos",2026-09-16 06:55:34,2026-09-16 07:26:07,85
domain,vectorsofmassdestruction.com,threatfox,IClickFix,"threatfox,ClickFix,Mac",2026-09-16 06:55:34,2026-09-16 07:26:07,85
domain,vibrant-digitals.com,threatfox,Unknown Loader,"threatfox,etherhiding,Sepolia",2026-09-16 06:55:34,2026-09-16 07:26:07,85
domain,vinfast-vf9.com,threatfox,Unknown Loader,"threatfox,etherhiding,Sepolia",2026-09-16 06:55:34,2026-09-16 07:26:07,85
domain,vorsorgerecht.eu,threatfox,Unknown Loader,"threatfox,etherhiding,Sepolia",2026-09-16 06:55:34,2026-09-16 07:26:07,85
domain,w701gr9l.eng-us-zensulin.com,threatfox,ClearFake,"threatfox,ClearFake,mac-0x68dc,macos",2026-09-16 06:55:34,2026-09-16 07:26:07,85
domain,waahidtrading.com,threatfox,IClickFix,"threatfox,ClickFix,Mac",2026-09-16 06:55:34,2026-09-16 07:26:07,85
domain,wazaandact.org,threatfox,Unknown Loader,"threatfox,etherhiding,Sepolia",2026-09-16 06:55:34,2026-09-16 07:26:07,85
domain,webde-ph.com,threatfox,Unknown Loader,"threatfox,etherhiding,Sepolia",2026-09-16 06:55:34,2026-09-16 07:26:07,85
domain,webkul.design,threatfox,IClickFix,"threatfox,ClickFix,Mac",2026-09-16 06:55:34,2026-09-16 07:26:07,85
domain,welcome.v-panel.asia,threatfox,Vidar,threatfox,2026-09-16 06:55:34,2026-09-16 07:26:07,85
domain,weqrd1z4.lazici.store,threatfox,ClearFake,"threatfox,ClearFake,mac-0x0f14,macos",2026-09-16 06:55:34,2026-09-16 07:26:07,85
domain,winefolie.ch,threatfox,ClearFake,"threatfox,compromised,EtherHide",2026-09-16 06:55:34,2026-09-16 07:26:07,85
domain,woodangelsportugal.pt,threatfox,ClearFake,"threatfox,compromised,EtherHide",2026-09-16 06:55:34,2026-09-16 07:26:07,85
domain,wpequipmentugltd.com,threatfox,ClearFake,"threatfox,compromised,EtherHide",2026-09-16 06:55:34,2026-09-16 07:26:07,85
domain,ww.177betwin.org,threatfox,Vidar,"threatfox,vidar",2026-09-16 06:55:34,2026-09-16 07:26:07,85
domain,ww.qq1x.org,threatfox,Vidar,"threatfox,vidar",2026-09-16 06:55:34,2026-09-16 07:26:07,85
domain,www.adamabraham.co.uk,threatfox,IClickFix,"threatfox,ClickFix,Mac",2026-09-16 06:55:34,2026-09-16 07:26:07,85
domain,www.arthholidays.com,threatfox,IClickFix,"threatfox,ClickFix,Mac",2026-09-16 06:55:34,2026-09-16 07:26:07,85
domain,www.briannacrawford.com,threatfox,IClickFix,"threatfox,ClickFix,Mac",2026-09-16 06:55:34,2026-09-16 07:26:07,85
domain,www.debrancheexpert.tv,threatfox,IClickFix,"threatfox,ClickFix,Mac",2026-09-16 06:55:34,2026-09-16 07:26:07,85
domain,www.dualmont.com,threatfox,ClearFake,"threatfox,compromised,EtherHide",2026-09-16 06:55:34,2026-09-16 07:26:07,85
domain,www.duegolficharter.com,threatfox,IClickFix,"threatfox,ClickFix,Mac",2026-09-16 06:55:34,2026-09-16 07:26:07,85
domain,www.epokaere.com,threatfox,IClickFix,"threatfox,ClickFix,Mac",2026-09-16 06:55:34,2026-09-16 07:26:07,85
domain,www.mechenene.com,threatfox,IClickFix,"threatfox,ClickFix,Mac",2026-09-16 06:55:34,2026-09-16 07:26:07,85
domain,www.newvillarental.com,threatfox,IClickFix,"threatfox,ClickFix,Mac",2026-09-16 06:55:34,2026-09-16 07:26:07,85
domain,www.norbagolf.com,threatfox,IClickFix,"threatfox,ClickFix,Mac",2026-09-16 06:55:34,2026-09-16 07:26:07,85
domain,www.thekindleaderpodcast.com,threatfox,IClickFix,"threatfox,ClickFix,Mac",2026-09-16 06:55:34,2026-09-16 07:26:07,85
domain,www.visionsite.it,threatfox,IClickFix,"threatfox,ClickFix,Mac",2026-09-16 06:55:34,2026-09-16 07:26:07,85
domain,xidqg43964.workers.dev,threatfox,php.shin_webshell,"threatfox,Cloudflare,GIF,PHP,webshell,WordPress,workers.dev,wp-admin",2026-09-16 06:55:34,2026-09-16 07:26:07,85
domain,xn--q3cxt4bxc8b.com,threatfox,IClickFix,"threatfox,ClickFix,Mac",2026-09-16 06:55:34,2026-09-16 07:26:07,85
domain,xtrappliances.com,threatfox,Unknown Loader,"threatfox,etherhiding,Sepolia",2026-09-16 06:55:34,2026-09-16 07:26:07,85
domain,xtvaj64i.enus-zensulin.com,threatfox,ClearFake,"threatfox,ClearFake,mac-0x68dc,macos",2026-09-16 06:55:34,2026-09-16 07:26:07,85
domain,yewanthology.co,threatfox,SmartApeSG,"threatfox,SmartApeSG",2026-09-16 06:55:34,2026-09-16 07:26:07,85
domain,yozmrkyl.leswap.store,threatfox,ClearFake,"threatfox,ClearFake,mac-0x0f14,macos",2026-09-16 06:55:34,2026-09-16 07:26:07,85
domain,z0mvmrtr.eng-us-puraboost.us,threatfox,ClearFake,"threatfox,ClearFake,mac-0x68dc,macos",2026-09-16 06:55:34,2026-09-16 07:26:07,85
domain,zigbee.eastus.cloudapp.azure.com,threatfox,EtherRAT,"threatfox,EtherRat",2026-09-16 06:55:34,2026-09-16 07:26:07,85
domain,zigfree.eastus.cloudapp.azure.com,threatfox,EtherRAT,"threatfox,EtherRat",2026-09-16 06:55:34,2026-09-16 07:26:07,85
domain,zkstudio.pl,threatfox,Unknown Loader,"threatfox,etherhiding,Sepolia",2026-09-16 06:55:34,2026-09-16 07:26:07,85
hash_md5,00a5a0110d71b31d9d1a5bc45ffd60e2,threatfox,Vidar,threatfox,2026-09-16 06:55:34,2026-09-16 07:26:07,85
hash_md5,00fb9502b7fba12e06dfd635cb31d60e,malwarebazaar,exe,"945c9f3c8cddcb7f33efce50a9a949ad,dropped-by-remus,exe",2026-09-16 06:49:38,2026-09-16 07:26:07,85
hash_md5,04125d0b21418f1c907688148b3ef35f,malwarebazaar,jar,jar,2026-09-16 06:49:38,2026-09-16 07:26:07,85
hash_md5,05fac5ef73d66ca466ffdc519871dc67,malwarebazaar,jar,jar,2026-09-16 06:49:38,2026-09-16 07:26:07,85
hash_md5,089c2901d4b91dc35bb3ba1ac83779ae,malwarebazaar,exe,"5a4378fb90db39f09c7b18d1f314e645,dropped-by-remus,exe",2026-09-16 06:49:38,2026-09-16 07:26:07,85
hash_md5,09a05cc5be8bfe58a096bef829a950f8,malwarebazaar,exe,"5a4378fb90db39f09c7b18d1f314e645,dropped-by-remus,exe",2026-09-16 06:49:38,2026-09-16 07:26:07,85
hash_md5,09db349880b7db1013060d5c54c88097,malwarebazaar,Gafgyt,"Gafgyt,sh,wraith",2026-09-16 06:49:38,2026-09-16 07:26:07,85
hash_md5,0a2f2408000c94922c8ddceae5c26dd9,malwarebazaar,jar,jar,2026-09-16 06:49:38,2026-09-16 07:26:07,85
hash_md5,0d22029ef7b53677ce81e46aa38be8bd,threatfox,WannaCryptor,threatfox,2026-09-16 06:55:34,2026-09-16 07:26:07,85
hash_md5,0d7383697445d093bb34c14d9edd36d7,malwarebazaar,elf,"cowrie,elf,honeypot,mips",2026-09-16 06:49:38,2026-09-16 07:26:07,85
hash_md5,0e0df51c611d97e39552a24328fac6c7,malwarebazaar,JOMANGY,"JOMANGY,sh",2026-09-16 06:49:38,2026-09-16 07:26:07,85
hash_md5,0e7f16e739e31a0cf5637b7019f58572,malwarebazaar,elf,"cowrie,elf,honeypot,mips",2026-09-16 06:49:38,2026-09-16 07:26:07,85
hash_md5,0f3cefd31b11651e3055fb6d49e59caa,malwarebazaar,elf,"cowrie,elf,honeypot,mips",2026-09-16 06:49:38,2026-09-16 07:26:07,85
hash_md5,0ff73f08b15c2db0951fef35aa8844c5,malwarebazaar,elf,"cowrie,elf,honeypot,x64",2026-09-16 06:49:38,2026-09-16 07:26:07,85
hash_md5,1044d22647bf17f9577e93ba581ea53d,malwarebazaar,exe,"5a4378fb90db39f09c7b18d1f314e645,dropped-by-remus,exe",2026-09-16 06:49:38,2026-09-16 07:26:07,85
hash_md5,14dabb0c065e83661cf8b98e9a0b3d3c,malwarebazaar,Mozi,"cowrie,elf,honeypot,mips,Mozi",2026-09-16 06:49:38,2026-09-16 07:26:07,85
hash_md5,176e3111050bcaff280d63328d83cb0e,malwarebazaar,CoinMiner,"A,CoinMiner,dropped-by-GCleaner,exe,MIX5.file",2026-09-16 06:49:38,2026-09-16 07:26:07,85
hash_md5,17a70251519d9a6d92b0e5d9b11d5dfe,malwarebazaar,Mirai,"arm,cowrie,elf,honeypot,mirai,mozi,torii",2026-09-16 06:49:38,2026-09-16 07:26:07,85
hash_md5,1a558b322018be6ea1bfb6c51b0c3d27,malwarebazaar,exe,"5a4378fb90db39f09c7b18d1f314e645,dropped-by-remus,exe",2026-09-16 06:49:38,2026-09-16 07:26:07,85
hash_md5,1ba92c6d84a3b95af075faff6b3aad43,malwarebazaar,exe,"0f81469cc7638ba7c82eaddbd6b3c20a,dropped-by-remus,exe",2026-09-16 06:49:38,2026-09-16 07:26:07,85
hash_md5,1e7c7f6a014706ed32d3f00bb1f31ec7,malwarebazaar,elf,"cowrie,elf,honeypot,mips",2026-09-16 06:49:38,2026-09-16 07:26:07,85
hash_md5,1ef2f14904e38ec251eb8d1c357049a0,malwarebazaar,elf,"cowrie,elf,honeypot,mips",2026-09-16 06:49:38,2026-09-16 07:26:07,85
hash_md5,1f0fddf3903fbebbb5f2fcef2129f78f,malwarebazaar,elf,"cowrie,elf,honeypot,mips",2026-09-16 06:49:38,2026-09-16 07:26:07,85
hash_md5,24f529b7352fce2fd08f83f170e63ced,malwarebazaar,jar,jar,2026-09-16 06:49:38,2026-09-16 07:26:07,85
hash_md5,2a85f2e5876b278a7af9393483de455b,threatfox,NjRAT,threatfox,2026-09-16 06:55:34,2026-09-16 07:26:07,85
hash_md5,2b5feda893cd29ac3858caa4dae2c4f3,malwarebazaar,exe,"5a4378fb90db39f09c7b18d1f314e645,dropped-by-remus,exe",2026-09-16 06:49:38,2026-09-16 07:26:07,85
hash_md5,2c0747da107021dd2995640eef8afd37,malwarebazaar,jar,jar,2026-09-16 06:49:38,2026-09-16 07:26:07,85
hash_md5,2d5a05d87e15198561b95c0f3127806d,malwarebazaar,exe,"5a4378fb90db39f09c7b18d1f314e645,dropped-by-remus,exe",2026-09-16 06:49:38,2026-09-16 07:26:07,85
hash_md5,2d83cf63a933789dfc485328148ee2c9,malwarebazaar,Mirai,"Mirai,sh",2026-09-16 06:49:38,2026-09-16 07:26:07,85
hash_md5,2e7cd423ef40045f5fb926ff477abe4a,malwarebazaar,exe,"5a4378fb90db39f09c7b18d1f314e645,dropped-by-remus,exe",2026-09-16 06:49:38,2026-09-16 07:26:07,85
hash_md5,2eb5cd7340061b5cf6dbcb6731b0ba10,malwarebazaar,jar,jar,2026-09-16 06:49:38,2026-09-16 07:26:07,85
hash_md5,2f62eb3d4cae3229becaa9c0175a26dd,malwarebazaar,exe,"5a4378fb90db39f09c7b18d1f314e645,dropped-by-remus,exe",2026-09-16 06:49:38,2026-09-16 07:26:07,85
hash_md5,35012bf295523523396aebca9d34bc24,malwarebazaar,JOMANGY,"JOMANGY,sh",2026-09-16 06:49:38,2026-09-16 07:26:07,85
hash_md5,3a33034d71aa5a2df43e7c5d9e441c27,malwarebazaar,sh,"cowrie,dropper,honeypot,sh",2026-09-16 06:49:38,2026-09-16 07:26:07,85
hash_md5,3f4b997e2c44220b57efe86ae2962ab6,malwarebazaar,jar,jar,2026-09-16 06:49:38,2026-09-16 07:26:07,85
hash_md5,409b09da0ffe302fedc6176bedf80243,malwarebazaar,jar,jar,2026-09-16 06:49:38,2026-09-16 07:26:07,85
hash_md5,42bb34549223919c715cc20416a34975,malwarebazaar,Gafgyt,"elf,Gafgyt,Mirai",2026-09-16 06:49:38,2026-09-16 07:26:07,85
hash_md5,43d8ea99ecbcaa694b75703027b4a0f3,malwarebazaar,jar,jar,2026-09-16 06:49:38,2026-09-16 07:26:07,85
hash_md5,46a90c2b4a1e6cee0e21c01b2d1b80e8,malwarebazaar,exe,"5a4378fb90db39f09c7b18d1f314e645,dropped-by-remus,exe",2026-09-16 06:49:38,2026-09-16 07:26:07,85
hash_md5,472b0037cc56489e0b79b49c56bd86db,malwarebazaar,exe,"5a4378fb90db39f09c7b18d1f314e645,dropped-by-remus,exe",2026-09-16 06:49:38,2026-09-16 07:26:07,85
hash_md5,498d6d9d582d637c13500e24872aaeab,malwarebazaar,elf,"cowrie,elf,honeypot,x64",2026-09-16 06:49:38,2026-09-16 07:26:07,85
hash_md5,4acdad3a642ca279d268f9bc225ac56e,threatfox,Coinminer,threatfox,2026-09-16 06:55:34,2026-09-16 07:26:07,85
hash_md5,4dbbed33cff1b7f6def052a3fe11cc6f,malwarebazaar,exe,"5a4378fb90db39f09c7b18d1f314e645,dropped-by-remus,exe",2026-09-16 06:49:38,2026-09-16 07:26:07,85
hash_md5,5a522a8cdd81a6c0446b09238faea4ed,malwarebazaar,jar,jar,2026-09-16 06:49:38,2026-09-16 07:26:07,85
hash_md5,5e64ee852833a04b57055dea0cb75178,malwarebazaar,unknown,unknown,2026-09-16 06:49:38,2026-09-16 07:26:07,85
hash_md5,61d2dcf9fe9e9b0809f33c894cd91d50,threatfox,Vidar,threatfox,2026-09-16 06:55:34,2026-09-16 07:26:07,85
hash_md5,62a53ebf3be161b4f8d799f4d73bdb1f,malwarebazaar,exe,"5a4378fb90db39f09c7b18d1f314e645,dropped-by-remus,exe",2026-09-16 06:49:38,2026-09-16 07:26:07,85
hash_md5,66771a0ba8d58da74b66b352d99158dc,malwarebazaar,elf,"cowrie,elf,honeypot,mips",2026-09-16 06:49:38,2026-09-16 07:26:07,85
hash_md5,677624b5d553e5496d03c8ac69858767,malwarebazaar,elf,"cowrie,elf,honeypot,x64",2026-09-16 06:49:38,2026-09-16 07:26:07,85
hash_md5,68dd667ff5acf0e3091fe9eb11a59366,malwarebazaar,exe,"5a4378fb90db39f09c7b18d1f314e645,dropped-by-remus,exe",2026-09-16 06:49:38,2026-09-16 07:26:07,85
hash_md5,69a05fa8e4e384de11384fe28e3952a4,malwarebazaar,elf,"cowrie,elf,honeypot,mips",2026-09-16 06:49:38,2026-09-16 07:26:07,85
hash_md5,6dbc78e7f56e4d05dbf61e3f205b339d,malwarebazaar,WhiteSnakeStealer,"exe,WhiteSnakeStealer",2026-09-16 06:49:38,2026-09-16 07:26:07,85
hash_md5,701f7de633de003c050e70b27dbe8767,malwarebazaar,WannaCry,"dionaea,exe,WannaCry",2026-09-16 06:49:38,2026-09-16 07:26:07,85
hash_md5,713158df89e3cf355be6b0274e39a9dc,malwarebazaar,elf,"cowrie,elf,honeypot,mips",2026-09-16 06:49:38,2026-09-16 07:26:07,85
hash_md5,737be77c70772f1bf72a66e6c5dfcaae,malwarebazaar,exe,"dll,dropper,exe,trojan",2026-09-16 06:49:38,2026-09-16 07:26:07,85
hash_md5,7510e46e425a8cf540912d111f76d4b3,malwarebazaar,exe,"0f81469cc7638ba7c82eaddbd6b3c20a,dropped-by-remus,exe",2026-09-16 06:49:38,2026-09-16 07:26:07,85
hash_md5,754c6de7387dc7c44dbd765d82658d4e,threatfox,WannaCryptor,threatfox,2026-09-16 06:55:34,2026-09-16 07:26:07,85
hash_md5,77027d2081889b556605a79341ce33f3,malwarebazaar,exe,"5a4378fb90db39f09c7b18d1f314e645,dropped-by-remus,exe",2026-09-16 06:49:38,2026-09-16 07:26:07,85
hash_md5,7761c89264f12e51c80b41c43ec017b9,malwarebazaar,elf,"cowrie,elf,honeypot,x64",2026-09-16 06:49:38,2026-09-16 07:26:07,85
hash_md5,7816b135dcb606db0594b449adf4953d,malwarebazaar,elf,"cowrie,elf,honeypot,mips",2026-09-16 06:49:38,2026-09-16 07:26:07,85
hash_md5,79d16bafdca7d698ccef49e2aa2bfe96,malwarebazaar,Mirai,"arm,cowrie,elf,honeypot,Mirai",2026-09-16 06:49:38,2026-09-16 07:26:07,85
hash_md5,7af7864fda4e40c3c32f46d7c4198312,malwarebazaar,JOMANGY,"JOMANGY,sh",2026-09-16 06:49:38,2026-09-16 07:26:07,85
hash_md5,7cb40fde32724faa83e2ace7ac9fabf4,malwarebazaar,jar,jar,2026-09-16 06:49:38,2026-09-16 07:26:07,85
hash_md5,7dbcc0edb9159c44e85c93565d128fa3,malwarebazaar,Gafgyt,"elf,Gafgyt",2026-09-16 06:49:38,2026-09-16 07:26:07,85
hash_md5,7e8063285f0ffbcc8c99789b29ae9adf,malwarebazaar,exe,"5a4378fb90db39f09c7b18d1f314e645,dropped-by-remus,exe",2026-09-16 06:49:38,2026-09-16 07:26:07,85
hash_md5,80497e618652bd1fcf987855077d822f,malwarebazaar,jar,jar,2026-09-16 06:49:38,2026-09-16 07:26:07,85
hash_md5,854abd39e66caa8320ba99b92a34e7e7,malwarebazaar,elf,"cowrie,elf,honeypot,mips",2026-09-16 06:49:38,2026-09-16 07:26:07,85
hash_md5,85ef2beffa0ea3d10f9f87073891bc7a,malwarebazaar,exe,"5a4378fb90db39f09c7b18d1f314e645,dropped-by-remus,exe",2026-09-16 06:49:38,2026-09-16 07:26:07,85
hash_md5,86aeeea2a45b37cd91bfa9212d4ae0d7,malwarebazaar,sh,"cowrie,dropper,honeypot,sh",2026-09-16 06:49:38,2026-09-16 07:26:07,85
hash_md5,895e427449556e15d357670e9e499dcb,threatfox,CrossRAT,threatfox,2026-09-16 06:55:34,2026-09-16 07:26:07,85
hash_md5,8ab430befaeb3e3b4511f75ed8e6801e,malwarebazaar,jar,jar,2026-09-16 06:49:38,2026-09-16 07:26:07,85
hash_md5,8d86b6a9a1398b2f479a3c2256a438cf,malwarebazaar,exe,"5a4378fb90db39f09c7b18d1f314e645,dropped-by-remus,exe",2026-09-16 06:49:38,2026-09-16 07:26:07,85
hash_md5,8f9e28cc7be60c4c62916af5fcba5e45,malwarebazaar,exe,"5a4378fb90db39f09c7b18d1f314e645,dropped-by-remus,exe",2026-09-16 06:49:38,2026-09-16 07:26:07,85
hash_md5,9219589e7334b37d423099b19a8ac893,malwarebazaar,Gafgyt,"elf,Gafgyt,wraith",2026-09-16 06:49:38,2026-09-16 07:26:07,85
hash_md5,96087c19f7902509cc80dddbad8b0c6d,malwarebazaar,jar,jar,2026-09-16 06:49:38,2026-09-16 07:26:07,85
hash_md5,9cfa2fe34196d617669bdbd3a74a66e4,malwarebazaar,jar,jar,2026-09-16 06:49:38,2026-09-16 07:26:07,85
hash_md5,9d00954af13d25711398d4b6b07952fc,malwarebazaar,exe,"5a4378fb90db39f09c7b18d1f314e645,dropped-by-remus,exe",2026-09-16 06:49:38,2026-09-16 07:26:07,85
hash_md5,9e00b4f6991962f5f204da4be2b3f7ac,malwarebazaar,exe,"5a4378fb90db39f09c7b18d1f314e645,dropped-by-remus,exe",2026-09-16 06:49:38,2026-09-16 07:26:07,85
hash_md5,9fdb24226fb9c26e2032d51e503d9314,threatfox,Vidar,threatfox,2026-09-16 06:55:34,2026-09-16 07:26:07,85
hash_md5,a01cb2bc7e38e5e7933c7e0571e5dd09,malwarebazaar,jar,jar,2026-09-16 06:49:38,2026-09-16 07:26:07,85
hash_md5,a1f80bec42b43261d6673a2a47ec4cac,malwarebazaar,JOMANGY,"JOMANGY,sh",2026-09-16 06:49:38,2026-09-16 07:26:07,85
hash_md5,a2623501baa1954c878a6c0876ed9907,malwarebazaar,jar,jar,2026-09-16 06:49:38,2026-09-16 07:26:07,85
hash_md5,a3372f2414b9af12fd60884e1577d71c,malwarebazaar,jar,jar,2026-09-16 06:49:38,2026-09-16 07:26:07,85
hash_md5,a3551b4eb8ce2628405ad7f87d4951b7,malwarebazaar,elf,"cowrie,elf,honeypot,mips",2026-09-16 06:49:38,2026-09-16 07:26:07,85
hash_md5,a43e97db7261b728db28feeb43c32421,threatfox,Vidar,threatfox,2026-09-16 06:55:34,2026-09-16 07:26:07,85
hash_md5,a57d1ce7fef255e545d1c3c58c15dbc5,malwarebazaar,jar,jar,2026-09-16 06:49:38,2026-09-16 07:26:07,85
hash_md5,a860681350ed75aa334e709450970999,malwarebazaar,ValleyRAT,"dll,RAT,ValleyRAT",2026-09-16 06:49:38,2026-09-16 07:26:07,85
hash_md5,ab04700c72b471362d6b561cab21399a,malwarebazaar,jar,jar,2026-09-16 06:49:38,2026-09-16 07:26:07,85
hash_md5,ab35e7837ddad9b5090ae085cfadeb8b,malwarebazaar,jar,jar,2026-09-16 06:49:38,2026-09-16 07:26:07,85
hash_md5,af59c2ba4fc32d75504733d80413f50f,malwarebazaar,jar,jar,2026-09-16 06:49:38,2026-09-16 07:26:07,85
hash_md5,b09dcdb3018d7b792520bbd280662669,malwarebazaar,elf,"arm,cowrie,elf,honeypot",2026-09-16 06:49:38,2026-09-16 07:26:07,85
hash_md5,b1057a97f8bdbeca0cd8c0c8992291d2,malwarebazaar,elf,elf,2026-09-16 06:49:38,2026-09-16 07:26:07,85
hash_md5,b48b415610da7db9d1ae3125aa00a4ba,malwarebazaar,exe,"5a4378fb90db39f09c7b18d1f314e645,dropped-by-remus,exe",2026-09-16 06:49:38,2026-09-16 07:26:07,85
hash_md5,b93163af9ed79a182b303dcd93861ebc,malwarebazaar,unknown,unknown,2026-09-16 06:49:38,2026-09-16 07:26:07,85
hash_md5,b99701d7d09a46bbd40fc1b778c751fe,threatfox,Coinminer,threatfox,2026-09-16 06:55:34,2026-09-16 07:26:07,85
hash_md5,ba4e204e1e42b18cf0671f1118366837,malwarebazaar,elf,"arm,cowrie,elf,honeypot",2026-09-16 06:49:38,2026-09-16 07:26:07,85
hash_md5,ba737d6063db1c1ac2cf9e5189ddf3f6,malwarebazaar,Gafgyt,"elf,Gafgyt",2026-09-16 06:49:38,2026-09-16 07:26:07,85
hash_md5,bc1bd14aae7ca17bc06c472f41624900,malwarebazaar,WannaCry,"dionaea,exe,WannaCry",2026-09-16 06:49:38,2026-09-16 07:26:07,85
hash_md5,bd3a47fa4b8ad9b6aef9ec2e32d2491c,malwarebazaar,ValleyRAT,"dll,RAT,ValleyRAT",2026-09-16 06:49:38,2026-09-16 07:26:07,85
hash_md5,be50633c8e5f0c4ac1934bcbeaf9484d,malwarebazaar,exe,"5a4378fb90db39f09c7b18d1f314e645,dropped-by-remus,exe",2026-09-16 06:49:38,2026-09-16 07:26:07,85
hash_md5,c0e4633ce43b9bb76e2b74e71484694b,malwarebazaar,exe,"5a4378fb90db39f09c7b18d1f314e645,dropped-by-remus,exe",2026-09-16 06:49:38,2026-09-16 07:26:07,85
hash_md5,c40c2f4f1c203444e73272aabf4d12d2,malwarebazaar,exe,"16660bde630116f363f759a4ac9d08fb,dropped-by-remus,exe",2026-09-16 06:49:38,2026-09-16 07:26:07,85
hash_md5,c6bde5bdae43f14313fef7174258735c,malwarebazaar,sh,"cowrie,dropper,honeypot,sh",2026-09-16 06:49:38,2026-09-16 07:26:07,85
hash_md5,c75f0d01a88307681c02fb5427998349,malwarebazaar,exe,"5a4378fb90db39f09c7b18d1f314e645,dropped-by-remus,exe",2026-09-16 06:49:38,2026-09-16 07:26:07,85
hash_md5,c83f04b6e86e346cf6081aba6d79e41c,malwarebazaar,Gafgyt,"elf,Gafgyt,Mirai",2026-09-16 06:49:38,2026-09-16 07:26:07,85
hash_md5,cdfb68464db610c76f95970d9ae62153,malwarebazaar,sh,sh,2026-09-16 06:49:38,2026-09-16 07:26:07,85
hash_md5,d0f73c91efb43b86b9a7c63a7b27ec38,malwarebazaar,exe,"5a4378fb90db39f09c7b18d1f314e645,dropped-by-remus,exe",2026-09-16 06:49:38,2026-09-16 07:26:07,85
hash_md5,d198a6c2ca5508af2eef39a7f524f5a0,malwarebazaar,jar,jar,2026-09-16 06:49:38,2026-09-16 07:26:07,85
hash_md5,d31352028082487ddccfa432a904aaa5,malwarebazaar,Gafgyt,Gafgyt,2026-09-16 06:49:38,2026-09-16 07:26:07,85
hash_md5,d73e5c57e071f753c34bb03c0c803c3a,malwarebazaar,exe,"exe,Vidar",2026-09-16 06:49:38,2026-09-16 07:26:07,85
hash_md5,d7a2101fd0e99193604c2697ea97f5f1,malwarebazaar,elf,"cowrie,elf,honeypot,mips",2026-09-16 06:49:38,2026-09-16 07:26:07,85
hash_md5,dc4320ea94ffb48cf9cba26bcae88fd1,malwarebazaar,elf,"cowrie,elf,honeypot,mips",2026-09-16 06:49:38,2026-09-16 07:26:07,85
hash_md5,ddb0918e8112bdf0882c47a9f3247dcd,malwarebazaar,rar,"rar,remcos",2026-09-16 06:49:38,2026-09-16 07:26:07,85
hash_md5,e04340a1473f58eb34513328bb90c1a0,malwarebazaar,jar,jar,2026-09-16 06:49:38,2026-09-16 07:26:07,85
hash_md5,e37fc2c689b56a5d66076c335cce334a,threatfox,WannaCryptor,threatfox,2026-09-16 06:55:34,2026-09-16 07:26:07,85
hash_md5,e530fcdea14c2f6ae3fd084db463e8b7,malwarebazaar,jar,jar,2026-09-16 06:49:38,2026-09-16 07:26:07,85
hash_md5,e770129a9a8424eca4c7b6ebcdf1cb31,malwarebazaar,Mirai,"elf,Mirai,wraith",2026-09-16 06:49:38,2026-09-16 07:26:07,85
hash_md5,e807728aa63125fca6ac7af4f704dbe5,malwarebazaar,Gafgyt,"elf,Gafgyt,wraith",2026-09-16 06:49:38,2026-09-16 07:26:07,85
hash_md5,e828520d44a8648cd352a42713e51be5,malwarebazaar,unknown,wraith,2026-09-16 06:49:38,2026-09-16 07:26:07,85
hash_md5,e8eecbb0bbc9dd6ee5f0733e1dca3dab,malwarebazaar,CoinMiner,"54e64e,CoinMiner,dropped-by-Amadey,exe",2026-09-16 06:49:38,2026-09-16 07:26:07,85
hash_md5,e913a9e845914206bc22dc3eb199fc71,malwarebazaar,jar,jar,2026-09-16 06:49:38,2026-09-16 07:26:07,85
hash_md5,ea3d8bf23d059bf3e626583045dd48a0,threatfox,WannaCryptor,threatfox,2026-09-16 06:55:34,2026-09-16 07:26:07,85
hash_md5,edc3f20f3b571df736560f0c82de508c,malwarebazaar,jar,jar,2026-09-16 06:49:38,2026-09-16 07:26:07,85
hash_md5,edfc321265094254927e65ec16268c71,malwarebazaar,elf,"cowrie,elf,honeypot,x64",2026-09-16 06:49:38,2026-09-16 07:26:07,85
hash_md5,ee15c9952bc868580e046da308f1e72f,malwarebazaar,jar,jar,2026-09-16 06:49:38,2026-09-16 07:26:07,85
hash_md5,ee4eb2afd293e11b358929d2ffc5a311,malwarebazaar,Formbook,"dropped-by-remcos,exe,Formbook,RemoteHost",2026-09-16 06:49:38,2026-09-16 07:26:07,85
hash_md5,eeb58048c234e6630f118baf4da5ea02,malwarebazaar,exe,"945c9f3c8cddcb7f33efce50a9a949ad,dropped-by-remus,exe",2026-09-16 06:49:38,2026-09-16 07:26:07,85
hash_md5,ef93d9984ca41bcbb26d5b536e97e4f7,malwarebazaar,jar,jar,2026-09-16 06:49:38,2026-09-16 07:26:07,85
hash_md5,f039012006ee940af3571e3ccdcc9844,malwarebazaar,exe,"16660bde630116f363f759a4ac9d08fb,dropped-by-remus,exe",2026-09-16 06:49:38,2026-09-16 07:26:07,85
hash_md5,f1dde0ef3aafe93331f1e95e901449b4,malwarebazaar,exe,"B,dropped-by-GCleaner,exe,MIX8.file",2026-09-16 06:49:38,2026-09-16 07:26:07,85
hash_md5,f27a35c91a827a027a31ee5a72f7cc61,malwarebazaar,exe,"5a4378fb90db39f09c7b18d1f314e645,dropped-by-remus,exe",2026-09-16 06:49:38,2026-09-16 07:26:07,85
hash_md5,f3508a7677d7b9a20f51b311f2b3021c,malwarebazaar,sh,sh,2026-09-16 06:49:38,2026-09-16 07:26:07,85
hash_md5,f50eb151e4485360d2d91830e030ddce,malwarebazaar,elf,"cowrie,elf,honeypot,mips",2026-09-16 06:49:38,2026-09-16 07:26:07,85
hash_md5,fd79db753434471206c5d5c3553eb643,malwarebazaar,jar,jar,2026-09-16 06:49:38,2026-09-16 07:26:07,85
hash_md5,fe3ddda7ea65d9db8a53d00649fb502b,malwarebazaar,exe,"5a4378fb90db39f09c7b18d1f314e645,dropped-by-remus,exe",2026-09-16 06:49:38,2026-09-16 07:26:07,85
hash_md5,fe931e21cbe7b99cb8b74ac76c7f82d5,malwarebazaar,exe,"5a4378fb90db39f09c7b18d1f314e645,dropped-by-remus,exe",2026-09-16 06:49:38,2026-09-16 07:26:07,85
hash_sha256,011c23f8bf233f70affd121dddcda4194ad006810197c27d022d6fc41e7d84d7,malwarebazaar,elf,"arm,cowrie,elf,honeypot",2026-09-16 06:49:38,2026-09-16 07:26:07,85
hash_sha256,0142c1e96fae2d216a0bddc21432deb152db4d5f152bf0df52f51ba69c2d6afa,malwarebazaar,exe,"dll,dropper,exe,trojan",2026-09-16 06:49:38,2026-09-16 07:26:07,85
hash_sha256,01d540fdea0277c61f2c7cf645c30c6dddbbd1488dc8169a2a0f97ea248646f8,malwarebazaar,jar,jar,2026-09-16 06:49:38,2026-09-16 07:26:07,85
hash_sha256,04afeff4169781d2a4d2966c4f21c39cbfe1b7a30eb979a16e65a469252a5ffd,malwarebazaar,exe,"16660bde630116f363f759a4ac9d08fb,dropped-by-remus,exe",2026-09-16 06:49:38,2026-09-16 07:26:07,85
hash_sha256,0591a78e561494ffe2bf649dc4b07a84ee17e8e88d4a6f83ae4a6033c8f30633,malwarebazaar,exe,"16660bde630116f363f759a4ac9d08fb,dropped-by-remus,exe",2026-09-16 06:49:38,2026-09-16 07:26:07,85
hash_sha256,06177c98ebf264366bec3cf1210477b059ef1b6b3b36d1268ab4bdaab50fee61,malwarebazaar,elf,"cowrie,elf,honeypot,mips",2026-09-16 06:49:38,2026-09-16 07:26:07,85
hash_sha256,07832dd100e273842dd772e6d5fc4f83aceb7fc2817b39c7881afee9c542aa8f,malwarebazaar,exe,"5a4378fb90db39f09c7b18d1f314e645,dropped-by-remus,exe",2026-09-16 06:49:38,2026-09-16 07:26:07,85
hash_sha256,0f2a2c7d485638885ffdd27963384785b603ee83de635e0fc3fc81897f1826ba,malwarebazaar,exe,"5a4378fb90db39f09c7b18d1f314e645,dropped-by-remus,exe",2026-09-16 06:49:38,2026-09-16 07:26:07,85
hash_sha256,112d44269e1485491fe0438b42d0342fc5d9aa6367f4518623950ec00d24501e,malwarebazaar,exe,"5a4378fb90db39f09c7b18d1f314e645,dropped-by-remus,exe",2026-09-16 06:49:38,2026-09-16 07:26:07,85
hash_sha256,11706cd85085e2c69d5b5067fb20d448ed5c7ec665a16063d5e6348add2a2e70,threatfox,Vidar,threatfox,2026-09-16 06:55:34,2026-09-16 07:26:07,85
hash_sha256,147c6189bca13a35b49045422ea0cea62f366d736316dd54f7811d46539dfb4b,malwarebazaar,Mirai,"arm,cowrie,elf,honeypot,Mirai",2026-09-16 06:49:38,2026-09-16 07:26:07,85
hash_sha256,1732d66f3b55d5b9a9e781efe6b39b9731e898da167b1836e907255d8dfe7528,malwarebazaar,elf,"cowrie,elf,honeypot,mips",2026-09-16 06:49:38,2026-09-16 07:26:07,85
hash_sha256,175944ebbc6809082b47eee5bb2723f10ed3b17f8adabea52ae272d5dbcd426a,malwarebazaar,exe,"0f81469cc7638ba7c82eaddbd6b3c20a,dropped-by-remus,exe",2026-09-16 06:49:38,2026-09-16 07:26:07,85
hash_sha256,1803b3d817d49b569be5d3858a8a1ee3350298c815a4da00755b319044704e20,malwarebazaar,exe,"5a4378fb90db39f09c7b18d1f314e645,dropped-by-remus,exe",2026-09-16 06:49:38,2026-09-16 07:26:07,85
hash_sha256,1989531b67bd8241a68ea58558cd47ae3c6bd6eb2e967a83c0d9e1cb7009833c,malwarebazaar,jar,jar,2026-09-16 06:49:38,2026-09-16 07:26:07,85
hash_sha256,1a0c3d520e16ae12ffa918032e608f573b716f009a05c35f64b53f128bf7376d,threatfox,Unknown Loader,"threatfox,dropper,exe",2026-09-16 06:55:34,2026-09-16 07:26:07,85
hash_sha256,1dcc570f27f128978f2989442e6643b181e1272ea3709aa2d15224d95b4de146,malwarebazaar,exe,"945c9f3c8cddcb7f33efce50a9a949ad,dropped-by-remus,exe",2026-09-16 06:49:38,2026-09-16 07:26:07,85
hash_sha256,1e5e56d2ffc990b1dd966e12a02d89d7dcad92c2f23c34834fbfa8c792d56520,malwarebazaar,unknown,wraith,2026-09-16 06:49:38,2026-09-16 07:26:07,85
hash_sha256,1ee2daaa9ecbaa6e3aab81af477fbe16994a1341b1c96d9f42ddf8ef48d54df7,malwarebazaar,JOMANGY,"JOMANGY,sh",2026-09-16 06:49:38,2026-09-16 07:26:07,85
hash_sha256,202037144a34a07410da56ac0971bea192603dfbb9b69f536d4a98bb93c42dbb,malwarebazaar,exe,"5a4378fb90db39f09c7b18d1f314e645,dropped-by-remus,exe",2026-09-16 06:49:38,2026-09-16 07:26:07,85
hash_sha256,21e19b834f6ff5577c27ffd55f3ee61ca6a21cca6bc9d9193798eacae33c212b,malwarebazaar,ValleyRAT,"dll,RAT,ValleyRAT",2026-09-16 06:49:38,2026-09-16 07:26:07,85
hash_sha256,24b4b0172716d9bbacae35f12c121c1da6dac0dc1208de30dde037c6d3e849ae,malwarebazaar,unknown,unknown,2026-09-16 06:49:38,2026-09-16 07:26:07,85
hash_sha256,25506090219f37a63d69d6d0acd1688b4d639576a14e84fea71c75b0559989ed,malwarebazaar,jar,jar,2026-09-16 06:49:38,2026-09-16 07:26:07,85
hash_sha256,2599c5a6191bc208c4f0f1fcafba81b0f8d4099de6dc8d64ee7aec0b5289833e,malwarebazaar,jar,jar,2026-09-16 06:49:38,2026-09-16 07:26:07,85
hash_sha256,269908515ce7fc8231ec960edeee439d2fe18c30f24344198ae15b4489a23a57,malwarebazaar,exe,"5a4378fb90db39f09c7b18d1f314e645,dropped-by-remus,exe",2026-09-16 06:49:38,2026-09-16 07:26:07,85
hash_sha256,28f83470b477e89081c08772af0470c6e841cc01c6bef4472f3b8eed47f852ce,threatfox,Unknown Loader,"threatfox,dropper,exe",2026-09-16 06:55:34,2026-09-16 07:26:07,85
hash_sha256,29069a04f6e197da27f20dab52dc90634b43aac4b57818f7eb65b07876eb1b81,malwarebazaar,Mirai,"arm,cowrie,elf,honeypot,mirai,mozi,torii",2026-09-16 06:49:38,2026-09-16 07:26:07,85
hash_sha256,29fcdb33c14d1b13b8cefba9858a44451b319c4b69a7d5ac1fddc117bbbdf28f,malwarebazaar,jar,jar,2026-09-16 06:49:38,2026-09-16 07:26:07,85
hash_sha256,2aa16ffb145e1ad6a8972908f7abb035fc1982855d64a3cf843fd4dff6186576,malwarebazaar,elf,"cowrie,elf,honeypot,mips",2026-09-16 06:49:38,2026-09-16 07:26:07,85
hash_sha256,2d0daf1366123b60232fd67f85181a5bacf2e4c6a1346b6ea97adf13b7b9708f,malwarebazaar,elf,"cowrie,elf,honeypot,mips",2026-09-16 06:49:38,2026-09-16 07:26:07,85
hash_sha256,2f63edf9c20d73454e0afbb04392c969e4b3e5c7bc227f80306b403758cd40cf,malwarebazaar,jar,jar,2026-09-16 06:49:38,2026-09-16 07:26:07,85
hash_sha256,2f6e5ac329d1cd564968a325b6a55024be4a9806ad2186bb7c2d6860d9bed792,malwarebazaar,jar,jar,2026-09-16 06:49:38,2026-09-16 07:26:07,85
hash_sha256,3011c460ea3881a1bc90f706838a5e4f8b257b7859432e96c83d69a5d8177c74,malwarebazaar,elf,"cowrie,elf,honeypot,mips",2026-09-16 06:49:38,2026-09-16 07:26:07,85
hash_sha256,33d46e4a54c81e5083b2ae4af136a9250c244d0897685526b6669a2ffef3e3d9,malwarebazaar,jar,jar,2026-09-16 06:49:38,2026-09-16 07:26:07,85
hash_sha256,34e8ec188dd68412e743d64ae359529944eb969c8541f21330c81f237dc153b8,malwarebazaar,jar,jar,2026-09-16 06:49:38,2026-09-16 07:26:07,85
hash_sha256,367206fbf4b5afc8d3ec80542014a2b40b0888cbd37d065d3fab42fa165e8772,malwarebazaar,Mirai,"Mirai,sh",2026-09-16 06:49:38,2026-09-16 07:26:07,85
hash_sha256,3a4eeb029b28a7f35b9d1e61f97da1967c0f3e0a12560bed4863fa653e37644f,malwarebazaar,exe,"5a4378fb90db39f09c7b18d1f314e645,dropped-by-remus,exe",2026-09-16 06:49:38,2026-09-16 07:26:07,85
hash_sha256,3ad70d2ec5439d26164ae414cbf8e463e3b129dd80f8dbbbf89084c89565e111,malwarebazaar,jar,jar,2026-09-16 06:49:38,2026-09-16 07:26:07,85
hash_sha256,3ead35a167eaf27a1cd90b7bbcf50c5d0b771e1128fba43957af8f9be3432fec,malwarebazaar,exe,"5a4378fb90db39f09c7b18d1f314e645,dropped-by-remus,exe",2026-09-16 06:49:38,2026-09-16 07:26:07,85
hash_sha256,41beea5b2e98d1ebf8d3b8d8c44f88e20b0fc3e0e86bda759c91c575eb165dc7,malwarebazaar,jar,jar,2026-09-16 06:49:38,2026-09-16 07:26:07,85
hash_sha256,4398e567190b07ebaf30e301cb7245aa4198027d3f1c2a2725a38c12b0d4a57d,malwarebazaar,elf,"cowrie,elf,honeypot,mips",2026-09-16 06:49:38,2026-09-16 07:26:07,85
hash_sha256,464fdc550c6ab3347a6b08a79b7a248100e9b567b1672790c6a4554c11400fda,malwarebazaar,exe,"5a4378fb90db39f09c7b18d1f314e645,dropped-by-remus,exe",2026-09-16 06:49:38,2026-09-16 07:26:07,85
hash_sha256,488cd4b95923b20587debbd1a747d9e04b85b3ff2b274e36660401e194576626,malwarebazaar,Mirai,"elf,Mirai,wraith",2026-09-16 06:49:38,2026-09-16 07:26:07,85
hash_sha256,49daedb09251b9211684cdfac79199a8b7091b5a411cf45fa72e2e75804d1327,malwarebazaar,exe,"5a4378fb90db39f09c7b18d1f314e645,dropped-by-remus,exe",2026-09-16 06:49:38,2026-09-16 07:26:07,85
hash_sha256,4a9a4282a7c02191cfdcc480e7af5fc5619be8902cae717cda731dd32cf493c5,malwarebazaar,Formbook,"dropped-by-remcos,exe,Formbook,RemoteHost",2026-09-16 06:49:38,2026-09-16 07:26:07,85
hash_sha256,4b253880629b092f2c8d6ba9d53312d217320ecbea07e67324ea43538cade724,malwarebazaar,jar,jar,2026-09-16 06:49:38,2026-09-16 07:26:07,85
hash_sha256,4c1d79b6a5ad9f9fda5f2b66bddb1548608735ddb031708a390a666ca682a10f,malwarebazaar,jar,jar,2026-09-16 06:49:38,2026-09-16 07:26:07,85
hash_sha256,4c463687adab59995dc46225c0df38a12da6ffd828b1a46a162e75ba604897ad,malwarebazaar,Gafgyt,"elf,Gafgyt,wraith",2026-09-16 06:49:38,2026-09-16 07:26:07,85
hash_sha256,4ce241a22d4710c361c341615c7a4fc320ca4904b23589d8713a885f1630404c,malwarebazaar,jar,jar,2026-09-16 06:49:38,2026-09-16 07:26:07,85
hash_sha256,4ce63b31adb5a5537c989d06002a6bf0fe94db98320430c1262db0e09b38a99b,malwarebazaar,CoinMiner,"A,CoinMiner,dropped-by-GCleaner,exe,MIX5.file",2026-09-16 06:49:38,2026-09-16 07:26:07,85
hash_sha256,4fb6a8f10f847b7625f672e6f9a69cfdd516238141cdecec3f885fd4d9be6032,malwarebazaar,exe,"5a4378fb90db39f09c7b18d1f314e645,dropped-by-remus,exe",2026-09-16 06:49:38,2026-09-16 07:26:07,85
hash_sha256,508f34ffb12c141327461f8ef92507dbf1c50bf764349264de32fe60fbea9dbc,malwarebazaar,jar,jar,2026-09-16 06:49:38,2026-09-16 07:26:07,85
hash_sha256,52304e9f6dee52a956e55fc6a0c76656623c88160df0fc2b99762a1e16f94daa,malwarebazaar,exe,"5a4378fb90db39f09c7b18d1f314e645,dropped-by-remus,exe",2026-09-16 06:49:38,2026-09-16 07:26:07,85
hash_sha256,530cd2ee5a89d80dd6ab50c5802616bfbcd661ef8728c7c2584701141b815361,malwarebazaar,unknown,unknown,2026-09-16 06:49:38,2026-09-16 07:26:07,85
hash_sha256,54ba2d82569000f12ce7283695de00eee6e8c7298e8020fa524d4d2ec1455bcb,malwarebazaar,exe,"5a4378fb90db39f09c7b18d1f314e645,dropped-by-remus,exe",2026-09-16 06:49:38,2026-09-16 07:26:07,85
hash_sha256,57c8bb3f6fdda6a423ef7bf6ca43f162480a56c9978554bfde4b5a54c6f181c8,malwarebazaar,exe,"exe,Vidar",2026-09-16 06:49:38,2026-09-16 07:26:07,85
hash_sha256,586960df8bf559ffbba600f11917a99baed4a875cb7faa5eabc060bcde67277b,malwarebazaar,Gafgyt,"Gafgyt,sh,wraith",2026-09-16 06:49:38,2026-09-16 07:26:07,85
hash_sha256,58fdbdebf0ca685eed602974d06031cb0b0d2e0c06790cfb480061b5d6f487d7,malwarebazaar,elf,"cowrie,elf,honeypot,x64",2026-09-16 06:49:38,2026-09-16 07:26:07,85
hash_sha256,5b1aabf210d20620bf21330a5c79ac36fcc176cea9daa7aafb420150432d76b3,malwarebazaar,exe,"5a4378fb90db39f09c7b18d1f314e645,dropped-by-remus,exe",2026-09-16 06:49:38,2026-09-16 07:26:07,85
hash_sha256,5bae7e992228ae84ef237014f37e50ff0d3dcbd0b3f1bbf095f09c564584bd78,malwarebazaar,rar,"rar,remcos",2026-09-16 06:49:38,2026-09-16 07:26:07,85
hash_sha256,5d0320d2437bd0cf992de5b75420ad0a67c3191c3b38ce14bc9cf09195863d25,malwarebazaar,exe,"5a4378fb90db39f09c7b18d1f314e645,dropped-by-remus,exe",2026-09-16 06:49:38,2026-09-16 07:26:07,85
hash_sha256,5f5032efb7c1d0e1e494f73223a6a380e1468b2ddc405f573c9c232267944edd,malwarebazaar,Gafgyt,"elf,Gafgyt",2026-09-16 06:49:38,2026-09-16 07:26:07,85
hash_sha256,62ca0e73f073ef0b279a0fe3d4036bed691958fb0583696b7fd552d5ab57ae25,malwarebazaar,jar,jar,2026-09-16 06:49:38,2026-09-16 07:26:07,85
hash_sha256,64798263237af5a9dadc07801872bdcadf4e45d93467f1121a6e09cbf2c89ad7,malwarebazaar,elf,"cowrie,elf,honeypot,mips",2026-09-16 06:49:38,2026-09-16 07:26:07,85
hash_sha256,64901e69330332fa5ad9b94c148eceab8bec9d3ae2c6282a27b69297fb1d3093,malwarebazaar,jar,jar,2026-09-16 06:49:38,2026-09-16 07:26:07,85
hash_sha256,649b488b6795b6782cc6c3c03dd22b06dd173a21d5d4b046eed69743926a2b6e,malwarebazaar,elf,"cowrie,elf,honeypot,mips",2026-09-16 06:49:38,2026-09-16 07:26:07,85
hash_sha256,659491543493436ba961770938f1ec59a9fdfde6666950f770ac46c03ca987d7,malwarebazaar,Gafgyt,"elf,Gafgyt,Mirai",2026-09-16 06:49:38,2026-09-16 07:26:07,85
hash_sha256,66293b59e1e15b309ba0b6f96e32eb0684a427789f869c243e00a68af8586cda,malwarebazaar,jar,jar,2026-09-16 06:49:38,2026-09-16 07:26:07,85
hash_sha256,6655b189cc772f908abc42f96d3e4058bff26e918aa9ee9204ebdce8226efce9,malwarebazaar,elf,elf,2026-09-16 06:49:38,2026-09-16 07:26:07,85
hash_sha256,6659054e7fdce5a34a040bd0c730db06ceda0a72b3c6d75dc4a17de3fdc19d2c,threatfox,Coinminer,threatfox,2026-09-16 06:55:34,2026-09-16 07:26:07,85
hash_sha256,6aea9105f7c096dd08f3d7920af28709e437ef99aff5b5c5683e490b03f0157d,malwarebazaar,Gafgyt,"elf,Gafgyt",2026-09-16 06:49:38,2026-09-16 07:26:07,85
hash_sha256,7009f20d73246b68de875da4082be8ea96bcdbdc0a32e21459cdd5847b094c18,malwarebazaar,Gafgyt,"elf,Gafgyt,Mirai",2026-09-16 06:49:38,2026-09-16 07:26:07,85
hash_sha256,70ce4f5a04b7ec7c7d93fddf2da8dd01e7fba6fa72080980dea62062558fb8ea,malwarebazaar,exe,"5a4378fb90db39f09c7b18d1f314e645,dropped-by-remus,exe",2026-09-16 06:49:38,2026-09-16 07:26:07,85
hash_sha256,71e3948e20203bbabb5c856be964267bedfed03765da1512d583b5aaca7954fe,malwarebazaar,JOMANGY,"JOMANGY,sh",2026-09-16 06:49:38,2026-09-16 07:26:07,85
hash_sha256,732e796d24da151af2e4ad54d5706248aefe86686f83e5033c7ca8dd19e97954,malwarebazaar,Gafgyt,"elf,Gafgyt,wraith",2026-09-16 06:49:38,2026-09-16 07:26:07,85
hash_sha256,744437d93633c87382f9d1a1fdf0c1a3a908c5f9e0435bb480771dbdc0282fae,threatfox,CrossRAT,threatfox,2026-09-16 06:55:34,2026-09-16 07:26:07,85
hash_sha256,7b1e5ad1fe1823b131f8fcba9c5f1f891fbc22870d6e45ebbd5427a344971979,malwarebazaar,jar,jar,2026-09-16 06:49:38,2026-09-16 07:26:07,85
hash_sha256,7ec3efbb778bf3151bcc92213aef6f7b789569978eaf7beda4b79e47f26dc7ac,threatfox,Vidar,threatfox,2026-09-16 06:55:34,2026-09-16 07:26:07,85
hash_sha256,7f074c413e101c619ab8b2e01aacbc6bf7104ff79e2c5e28416c2e5ae2091378,malwarebazaar,exe,"5a4378fb90db39f09c7b18d1f314e645,dropped-by-remus,exe",2026-09-16 06:49:38,2026-09-16 07:26:07,85
hash_sha256,88bb8468075c8b219efd76cb7099dffa5d21efad814997ff0e28b50862bdfa72,malwarebazaar,exe,"5a4378fb90db39f09c7b18d1f314e645,dropped-by-remus,exe",2026-09-16 06:49:38,2026-09-16 07:26:07,85
hash_sha256,8cd11b6e3504363d2818cfa541698af18f80be3552e038dfa9369c0ba28c6817,malwarebazaar,sh,sh,2026-09-16 06:49:38,2026-09-16 07:26:07,85
hash_sha256,8da8d1e0f5f22dd59ce34c382f4a782af514dcc7cbc95d5aed7783d841c691f2,malwarebazaar,elf,"cowrie,elf,honeypot,mips",2026-09-16 06:49:38,2026-09-16 07:26:07,85
hash_sha256,94cc05ac9d3ad34e68b6235355865e5968b0cf5dffc9ad3b08889ae7ac2a8e1c,malwarebazaar,Gafgyt,Gafgyt,2026-09-16 06:49:38,2026-09-16 07:26:07,85
hash_sha256,969153fe233e0960fba59b2963fb60b50c935a3a57fab9a22112a84b4bf66af7,malwarebazaar,elf,"cowrie,elf,honeypot,mips",2026-09-16 06:49:38,2026-09-16 07:26:07,85
hash_sha256,97609784e7ac040fcad2e0e3dc139c024d8dfc27720ef35c686aab8f21eedd7f,malwarebazaar,exe,"5a4378fb90db39f09c7b18d1f314e645,dropped-by-remus,exe",2026-09-16 06:49:38,2026-09-16 07:26:07,85
hash_sha256,98faf7bc38c94387e2888389fb1a1178016f4c8179d7a9d91ffeb8e078c09d5e,malwarebazaar,JOMANGY,"JOMANGY,sh",2026-09-16 06:49:38,2026-09-16 07:26:07,85
hash_sha256,9b1d38cd728ec1a478db668e86f7445ab5f0335b388feefc15502931cdcad704,threatfox,Venom RAT,"threatfox,exe,VenomRAT",2026-09-16 06:55:34,2026-09-16 07:26:07,85
hash_sha256,9f5dea15c550e6d4a0f3585aadd780bdbc426aec230bf2bb2760fc955f798b28,malwarebazaar,exe,"5a4378fb90db39f09c7b18d1f314e645,dropped-by-remus,exe",2026-09-16 06:49:38,2026-09-16 07:26:07,85
hash_sha256,a1196d170a246e63891216d70ec3ba3fd4c554370cf853c7fd7b06625c16873a,malwarebazaar,elf,"cowrie,elf,honeypot,mips",2026-09-16 06:49:38,2026-09-16 07:26:07,85
hash_sha256,a6d8a0e1ebfa25845bee268d48832e7c255839d680e925334189b4b1fc489fe8,malwarebazaar,exe,"5a4378fb90db39f09c7b18d1f314e645,dropped-by-remus,exe",2026-09-16 06:49:38,2026-09-16 07:26:07,85
hash_sha256,a6f5798fb99210c9a6e5acec0a2050e420c030d04ab141e239b423751d62a1c8,malwarebazaar,Mozi,"cowrie,elf,honeypot,mips,Mozi",2026-09-16 06:49:38,2026-09-16 07:26:07,85
hash_sha256,aab7d76c59ad5d9ae43d159ede40041d924526972a03b650cb6c40663c7696a2,malwarebazaar,elf,"arm,cowrie,elf,honeypot",2026-09-16 06:49:38,2026-09-16 07:26:07,85
hash_sha256,abf6dd2e3f266caae97d066c071e904147a7e3f7e6ac2185136766fc983b2f23,malwarebazaar,ValleyRAT,"dll,RAT,ValleyRAT",2026-09-16 06:49:38,2026-09-16 07:26:07,85
hash_sha256,ac52915e93b5060d3663227d0afaf9e1937d25634980b9c4db52b42833e6b4c5,malwarebazaar,exe,"5a4378fb90db39f09c7b18d1f314e645,dropped-by-remus,exe",2026-09-16 06:49:38,2026-09-16 07:26:07,85
hash_sha256,b0e7489838d7a9ebdc934a8ff60f35f41f14ae4247bd4398ab68da0761e8649d,malwarebazaar,exe,"5a4378fb90db39f09c7b18d1f314e645,dropped-by-remus,exe",2026-09-16 06:49:38,2026-09-16 07:26:07,85
hash_sha256,b0fd24c52d289f83d87dae1bccd84321e5802eb093d5c2a1f5b0217dc5e7373c,malwarebazaar,elf,"cowrie,elf,honeypot,x64",2026-09-16 06:49:38,2026-09-16 07:26:07,85
hash_sha256,b1e0a627c974104cd5f59b0a263e08ef1e2053de39eaf75cc15a3a9e53d1f84c,malwarebazaar,exe,"945c9f3c8cddcb7f33efce50a9a949ad,dropped-by-remus,exe",2026-09-16 06:49:38,2026-09-16 07:26:07,85
hash_sha256,b6a1855faf4e23f9967192dcd6dfd2cf022c9b9f8ab5061edfc28a442b3e5c36,malwarebazaar,jar,jar,2026-09-16 06:49:38,2026-09-16 07:26:07,85
hash_sha256,ba638d2944cfe4f691eaecf2265010870b7d93b671b9ebb48677e46948246ecb,malwarebazaar,jar,jar,2026-09-16 06:49:38,2026-09-16 07:26:07,85
hash_sha256,bae4f4322d4c215be01990ad77275474f829ed7b3731703ed07946ab9d041413,threatfox,NjRAT,threatfox,2026-09-16 06:55:34,2026-09-16 07:26:07,85
hash_sha256,bb2d4fc7484862e764b4a9746a47bc1a56b20989a8cc09fff2a3bd5f5ed787d0,malwarebazaar,jar,jar,2026-09-16 06:49:38,2026-09-16 07:26:07,85
hash_sha256,bba46a7f88ab17210725a1849df8bedcf992b4a1e4b7f2c4504bb53a33062518,malwarebazaar,WannaCry,"dionaea,exe,WannaCry",2026-09-16 06:49:38,2026-09-16 07:26:07,85
hash_sha256,bc38953ee029ffd9a671f5b1eef633269e14d82d85578f49c0f1616207b4fd80,malwarebazaar,elf,"cowrie,elf,honeypot,x64",2026-09-16 06:49:38,2026-09-16 07:26:07,85
hash_sha256,bc538b1020ea91149078a72dee02a74affb9eec6903949664b0a42f7c7d9351e,malwarebazaar,WannaCry,"dionaea,exe,WannaCry",2026-09-16 06:49:38,2026-09-16 07:26:07,85
hash_sha256,bd855a59448334d3c9ec15ac534478a4f808c93ea424ea7627f318fdb1b7064b,malwarebazaar,JOMANGY,"JOMANGY,sh",2026-09-16 06:49:38,2026-09-16 07:26:07,85
hash_sha256,bfcccab190bbf4be5dac3bdaaa4db3cf609880fe4622cd08d12e21b417cf4609,malwarebazaar,jar,jar,2026-09-16 06:49:38,2026-09-16 07:26:07,85
hash_sha256,c53624ebb71c4b9a7c4927f1229b9b6e5872f61e794e99df7da810921b828101,malwarebazaar,exe,"5a4378fb90db39f09c7b18d1f314e645,dropped-by-remus,exe",2026-09-16 06:49:38,2026-09-16 07:26:07,85
hash_sha256,c68a476c411848a120ce6b4a64a36e5fbaed9f7d8e2166e8d93af244a74a930c,malwarebazaar,elf,"cowrie,elf,honeypot,mips",2026-09-16 06:49:38,2026-09-16 07:26:07,85
hash_sha256,ca34e47506b3872f17cb97e44f76fb31f150493b495016c0e3af2f28048f3f21,malwarebazaar,elf,"cowrie,elf,honeypot,x64",2026-09-16 06:49:38,2026-09-16 07:26:07,85
hash_sha256,ce2aacb6e29749d1ca29ac3fb1adcbeb42ffe833e51fe948d3e511d5d1364bc9,malwarebazaar,CoinMiner,"54e64e,CoinMiner,dropped-by-Amadey,exe",2026-09-16 06:49:38,2026-09-16 07:26:07,85
hash_sha256,ce494dcd20e05f1643ef9b6ee72dd3b6ed44c21e58cf484ee3f35e08eb9734c8,malwarebazaar,jar,jar,2026-09-16 06:49:38,2026-09-16 07:26:07,85
hash_sha256,cfa99a415781c0e1748d2b679043c9ada2f9555d584f76fdfcd77aea88a01752,malwarebazaar,elf,"cowrie,elf,honeypot,mips",2026-09-16 06:49:38,2026-09-16 07:26:07,85
hash_sha256,d0e536befdd826a33b7b99edc33722ea82f4b9a57458913886d74333fc909d3b,malwarebazaar,elf,"cowrie,elf,honeypot,mips",2026-09-16 06:49:38,2026-09-16 07:26:07,85
hash_sha256,d155609910ab006c5167b5883036c94f459bb7450c34854009ae88e1507d2e54,malwarebazaar,sh,sh,2026-09-16 06:49:38,2026-09-16 07:26:07,85
hash_sha256,d666a49ef825163c40186b93a0858d14c31c7a2ee77c048c2106034557768b22,malwarebazaar,elf,"cowrie,elf,honeypot,x64",2026-09-16 06:49:38,2026-09-16 07:26:07,85
hash_sha256,d76f7b5a55ef8f6db63f62a3e83646d57d50677267ab316909122b2ae716eb90,threatfox,WannaCryptor,threatfox,2026-09-16 06:55:34,2026-09-16 07:26:07,85
hash_sha256,d99d2e6fbd1b43d335107fb68b5a5e8e34e8634dcd2ef57dbecc9dda2c6eac00,malwarebazaar,exe,"5a4378fb90db39f09c7b18d1f314e645,dropped-by-remus,exe",2026-09-16 06:49:38,2026-09-16 07:26:07,85
hash_sha256,d9ff0f06fa6f23b6017cf498c7c0ec15c544e33df75ae145016bab6b9a8fabd4,malwarebazaar,jar,jar,2026-09-16 06:49:38,2026-09-16 07:26:07,85
hash_sha256,ddda27525522dba74f3b356b6a3d29b8baac2c00ed826c2b505ffa2bc16347be,threatfox,Coinminer,threatfox,2026-09-16 06:55:34,2026-09-16 07:26:07,85
hash_sha256,e1a0eb884ca3e28b935e2ace2b187dee6d4cf7bb614f980bf7b400deffc7bde1,malwarebazaar,elf,"cowrie,elf,honeypot,mips",2026-09-16 06:49:38,2026-09-16 07:26:07,85
hash_sha256,e3ed586dfe5400e89894229bed2b8021af19ebfcf95d5519d857988e6986f36d,malwarebazaar,sh,"cowrie,dropper,honeypot,sh",2026-09-16 06:49:38,2026-09-16 07:26:07,85
hash_sha256,e9d7cf3afe8cf7cbf806e39ce528648ea9bb5aa64b0d1b2fc4d2ec3fe92f294b,threatfox,WannaCryptor,threatfox,2026-09-16 06:55:34,2026-09-16 07:26:07,85
hash_sha256,ea5f5e52235e221d109e16450e58ff10d00609a874982b453db1cf02d06206a6,malwarebazaar,exe,"5a4378fb90db39f09c7b18d1f314e645,dropped-by-remus,exe",2026-09-16 06:49:38,2026-09-16 07:26:07,85
hash_sha256,ea8e565ccaf2d39932858c6156819e2fa23eb23a7aa06f2c1d3ae33c0ad68718,threatfox,WannaCryptor,threatfox,2026-09-16 06:55:34,2026-09-16 07:26:07,85
hash_sha256,ec9d65250ddb2195103381f7662ab1d370bbb84aee2b35384ffd4bb69d28177b,threatfox,WannaCryptor,threatfox,2026-09-16 06:55:34,2026-09-16 07:26:07,85
hash_sha256,efe7091399a8eb31effa1ebd9180fe2a68b7503ea5942a762aaa96b0b19806d0,malwarebazaar,jar,jar,2026-09-16 06:49:38,2026-09-16 07:26:07,85
hash_sha256,f0f06d6d0f3bbcafb30dd9fd31bf75974e8f19fbb1f226ecada15720496da9ef,malwarebazaar,WhiteSnakeStealer,"exe,WhiteSnakeStealer",2026-09-16 06:49:38,2026-09-16 07:26:07,85
hash_sha256,f4987af2261db77abbc403f8ce2761574f72be19e563e061ea96732a8487de21,malwarebazaar,exe,"0f81469cc7638ba7c82eaddbd6b3c20a,dropped-by-remus,exe",2026-09-16 06:49:38,2026-09-16 07:26:07,85
hash_sha256,f64ac0fe19425e3e106e968390c3c87f9dfb55c99e4350ede7f7b6e5d2774a31,malwarebazaar,jar,jar,2026-09-16 06:49:38,2026-09-16 07:26:07,85
hash_sha256,f65d4ddf2d769eb6dd9cc7021845458f7cb49be01f1859328f62407924a7d7ac,threatfox,Vidar,threatfox,2026-09-16 06:55:34,2026-09-16 07:26:07,85
hash_sha256,f758db54575df237fb6666de6d4320d2d16cda4587fe69a91fc731de440e6602,malwarebazaar,sh,"cowrie,dropper,honeypot,sh",2026-09-16 06:49:38,2026-09-16 07:26:07,85
hash_sha256,f90f4a51eb29f748e8ff0343496494edfc6f39fc89e758cc01f1d90bb0400aa5,malwarebazaar,sh,"cowrie,dropper,honeypot,sh",2026-09-16 06:49:38,2026-09-16 07:26:07,85
hash_sha256,f96bed16099b7fc1d010dfb44d8871e6652fe1ae2c296ce9d6e1ce7eaa74b793,malwarebazaar,jar,jar,2026-09-16 06:49:38,2026-09-16 07:26:07,85
hash_sha256,f9b504f0c27ae366d420f81dbcb0a7042ec52c43ac0a025da6d76aa9eb0fa2f5,threatfox,Vidar,threatfox,2026-09-16 06:55:34,2026-09-16 07:26:07,85
hash_sha256,fb56628064e508d02f82cc7d82cb93d73b9909fcc825dccf4c9e85f269dbddeb,malwarebazaar,jar,jar,2026-09-16 06:49:38,2026-09-16 07:26:07,85
hash_sha256,fbe0353b68f7ea8e9143053136dfb40247ebf872fc7e417e739bba263b83ae46,malwarebazaar,exe,"5a4378fb90db39f09c7b18d1f314e645,dropped-by-remus,exe",2026-09-16 06:49:38,2026-09-16 07:26:07,85
hash_sha256,fcfee2f2b9f18a9b76dd5ac8b5fefe30600e21370e9ae766c2299f8cd861dbca,malwarebazaar,exe,"5a4378fb90db39f09c7b18d1f314e645,dropped-by-remus,exe",2026-09-16 06:49:38,2026-09-16 07:26:07,85
hash_sha256,ff0f288e10515106f60afe07cc75495e3be564d27b61e6eb1ccadb139e13021a,malwarebazaar,jar,jar,2026-09-16 06:49:38,2026-09-16 07:26:07,85
hash_sha256,ff1c5b16b6c6d6b24683c44b5e0a4249a75352e6187186c755dfa976aeb002c1,malwarebazaar,exe,"B,dropped-by-GCleaner,exe,MIX8.file",2026-09-16 06:49:38,2026-09-16 07:26:07,85
ip,102.117.167.205,threatfox,Unknown malware,"threatfox,drb-ra,Mythic",2026-09-16 06:55:34,2026-09-16 07:26:07,85
ip,102.220.163.36,threatfox,AsyncRAT,"threatfox,AsyncRAT,drb-ra,RAT",2026-09-16 06:55:34,2026-09-16 07:26:07,85
ip,105.72.55.52,threatfox,NjRAT,"threatfox,NjRAT",2026-09-16 06:55:34,2026-09-16 07:26:07,85
ip,111.228.26.26,threatfox,VShell,"threatfox,vshell",2026-09-16 06:55:34,2026-09-16 07:26:07,85
ip,118.107.1.203,threatfox,PureRAT,"threatfox,drb-ra,PureHVNC,PureRAT,RAT",2026-09-01 16:06:06,2026-09-16 07:26:07,85
ip,118.253.150.244,threatfox,VShell,"threatfox,vshell",2026-09-16 06:55:34,2026-09-16 07:26:07,85
ip,120.53.19.157,threatfox,Cobalt Strike,"threatfox,cobaltstrike",2026-09-14 16:06:31,2026-09-16 07:26:07,85
ip,121.200.216.74,threatfox,AsyncRAT,"threatfox,AsyncRAT,drb-ra,RAT",2026-09-16 06:55:34,2026-09-16 07:26:07,85
ip,123.60.142.164,threatfox,Cobalt Strike,"threatfox,cobaltstrike",2026-09-16 06:55:34,2026-09-16 07:26:07,85
ip,128.90.122.253,threatfox,Remcos,"threatfox,c2,CK-099,Remcos",2026-09-16 06:55:34,2026-09-16 07:26:07,85
ip,129.204.196.251,threatfox,VShell,"threatfox,vshell",2026-09-16 06:55:34,2026-09-16 07:26:07,85
ip,134.209.223.192,threatfox,Aisuru,"threatfox,Aisuru,c2",2026-09-16 06:55:34,2026-09-16 07:26:07,85
ip,137.220.205.196,threatfox,Cobalt Strike,"threatfox,cobaltstrike",2026-09-13 16:06:35,2026-09-16 07:26:07,85
ip,139.59.168.101,threatfox,Aisuru,"threatfox,Aisuru,c2",2026-09-09 16:06:21,2026-09-16 07:26:07,85
ip,141.164.55.101,threatfox,Aisuru,"threatfox,Aisuru,c2",2026-09-16 06:55:34,2026-09-16 07:26:07,85
ip,155.103.71.126,threatfox,Remcos,"threatfox,c2,pok,Remcos",2026-08-27 16:06:12,2026-09-16 07:26:07,85
ip,156.239.224.131,threatfox,Cobalt Strike,"threatfox,984,c2,censys,cobalt strike",2026-09-16 06:55:34,2026-09-16 07:26:07,85
ip,158.247.202.60,threatfox,Havoc,"threatfox,havoc",2026-09-16 06:55:34,2026-09-16 07:26:07,85
ip,159.203.178.139,threatfox,Aisuru,"threatfox,Aisuru,c2",2026-09-16 06:55:34,2026-09-16 07:26:07,85
ip,162.243.103.246,feodotracker,Emotet,"c2,botnet,port:8080",2026-04-11 03:35:43,2026-09-16 07:26:07,90
ip,168.245.203.109,threatfox,Meterpreter,"threatfox,58580,c2,censys,metasploit",2026-09-16 06:55:34,2026-09-16 07:26:07,85
ip,172.245.136.97,threatfox,DCRat,"threatfox,dcrat",2026-09-16 06:55:34,2026-09-16 07:26:07,85
ip,175.43.223.203,threatfox,Unknown malware,"threatfox,mythic",2026-09-16 06:55:34,2026-09-16 07:26:07,85
ip,178.16.53.91,threatfox,VShell,"threatfox,vshell",2026-09-16 06:55:34,2026-09-16 07:26:07,85
ip,178.62.3.223,feodotracker,QakBot,"c2,botnet,port:443",2026-04-11 03:35:43,2026-09-16 07:26:07,90
ip,18.228.80.130,threatfox,WhiteSnake Stealer,"threatfox,WhiteSnake Stealer",2026-09-16 06:55:34,2026-09-16 07:26:07,85
ip,182.187.139.200,threatfox,XWorm,"threatfox,XWorm",2026-09-16 06:55:34,2026-09-16 07:26:07,85
ip,193.25.215.83,threatfox,PureRAT,"threatfox,drb-ra,PureHVNC,PureRAT,RAT",2026-09-16 06:55:34,2026-09-16 07:26:07,85
ip,195.177.94.4,threatfox,PureRAT,"threatfox,drb-ra,PureHVNC,PureRAT,RAT",2026-09-16 06:55:34,2026-09-16 07:26:07,85
ip,195.177.94.94,threatfox,PureRAT,"threatfox,drb-ra,PureHVNC,PureRAT,RAT",2026-09-16 06:55:34,2026-09-16 07:26:07,85
ip,197.83.232.19,threatfox,XWorm,"threatfox,XWorm",2026-09-16 06:55:34,2026-09-16 07:26:07,85
ip,198.23.137.75,threatfox,VShell,"threatfox,vshell",2026-09-16 06:55:34,2026-09-16 07:26:07,85
ip,2.56.165.152,threatfox,XWorm,"threatfox,XWorm",2026-09-16 06:55:34,2026-09-16 07:26:07,85
ip,202.61.85.153,threatfox,ValleyRAT,"threatfox,RAT,ValleyRAT",2026-09-16 06:55:34,2026-09-16 07:26:07,85
ip,202.61.85.168,threatfox,ValleyRAT,"threatfox,RAT,ValleyRAT",2026-09-16 06:55:34,2026-09-16 07:26:07,85
ip,204.44.69.231,threatfox,Remcos,"threatfox,c2,Remcos,RemoteHost",2026-09-16 06:55:34,2026-09-16 07:26:07,85
ip,207.89.17.5,threatfox,Havoc,"threatfox,havoc",2026-09-15 04:06:12,2026-09-16 07:26:07,85
ip,208.84.103.159,threatfox,Havoc,"threatfox,drb-ra,Havoc",2026-09-16 06:55:34,2026-09-16 07:26:07,85
ip,213.111.149.141,threatfox,Evilginx,"threatfox,drb-ra,Evilginx,EvilGoPhish",2026-09-16 06:55:34,2026-09-16 07:26:07,85
ip,217.60.195.246,threatfox,Remcos,"threatfox,c2,Remcos,RemoteHost",2026-09-16 06:55:34,2026-09-16 07:26:07,85
ip,27.133.154.218,feodotracker,QakBot,"c2,botnet,port:443",2026-03-10 22:13:04,2026-09-16 07:26:07,90
ip,31.57.147.246,threatfox,PureRAT,"threatfox,drb-ra,PureHVNC,PureRAT,RAT",2026-09-16 06:55:34,2026-09-16 07:26:07,85
ip,31.76.125.3,threatfox,PureRAT,"threatfox,drb-ra,PureHVNC,PureRAT,RAT",2026-09-16 06:55:34,2026-09-16 07:26:07,85
ip,34.204.119.63,feodotracker,QakBot,"c2,botnet,port:443",2026-04-11 03:35:43,2026-09-16 07:26:07,90
ip,42.193.227.214,threatfox,Cobalt Strike,"threatfox,45090,c2,censys,cobalt strike",2026-09-16 06:55:34,2026-09-16 07:26:07,85
ip,42.193.239.217,threatfox,Cobalt Strike,"threatfox,CobaltStrike,drb-ra",2026-09-16 06:55:34,2026-09-16 07:26:07,85
ip,45.202.0.116,threatfox,DCRat,"threatfox,DCRat,drb-ra,RAT",2026-09-16 06:55:34,2026-09-16 07:26:07,85
ip,45.61.170.191,threatfox,Cobalt Strike,"threatfox,CobaltStrike,drb-ra",2026-09-16 06:55:34,2026-09-16 07:26:07,85
ip,45.76.191.22,threatfox,AdaptixC2,"threatfox,adaptix",2026-09-14 16:06:31,2026-09-16 07:26:07,85
ip,45.77.68.157,threatfox,Remus,"threatfox,65b650d78cbf74f17a1f5c139d5ab278,c2,remus",2026-09-16 06:55:34,2026-09-16 07:26:07,85
ip,45.86.64.228,threatfox,Cobalt Strike,"threatfox,cobaltstrike",2026-09-14 16:06:31,2026-09-16 07:26:07,85
ip,46.101.169.198,threatfox,Aisuru,"threatfox,Aisuru,c2",2026-09-16 06:55:34,2026-09-16 07:26:07,85
ip,47.108.225.4,threatfox,Cobalt Strike,"threatfox,cobaltstrike",2026-09-14 04:06:33,2026-09-16 07:26:07,85
ip,47.109.23.77,threatfox,Cobalt Strike,"threatfox,cobaltstrike",2026-08-27 16:06:12,2026-09-16 07:26:07,85
ip,47.81.57.227,threatfox,Cobalt Strike,"threatfox,cobaltstrike",2026-09-16 06:55:34,2026-09-16 07:26:07,85
ip,5.104.86.108,threatfox,Cobalt Strike,"threatfox,cobaltstrike",2026-09-15 04:06:12,2026-09-16 07:26:07,85
ip,50.16.16.211,feodotracker,QakBot,"c2,botnet,port:443",2026-04-11 03:35:43,2026-09-16 07:26:07,90
ip,64.177.71.62,threatfox,Aisuru,"threatfox,Aisuru,c2",2026-09-16 06:55:34,2026-09-16 07:26:07,85
ip,67.205.148.159,threatfox,Unknown malware,"threatfox,drb-ra,Mythic",2026-09-16 06:55:34,2026-09-16 07:26:07,85
ip,77.90.14.60,threatfox,Mirai,"threatfox,drb-ra,Mirai",2026-09-16 06:55:34,2026-09-16 07:26:07,85
ip,8.146.227.247,threatfox,Cobalt Strike,"threatfox,cobaltstrike",2026-09-16 06:55:34,2026-09-16 07:26:07,85
ip,8.148.27.183,threatfox,NjRAT,"threatfox,NjRAT",2026-09-16 06:55:34,2026-09-16 07:26:07,85
ip,80.76.49.129,threatfox,PureRAT,"threatfox,drb-ra,PureHVNC,PureRAT,RAT",2026-09-16 06:55:34,2026-09-16 07:26:07,85
ip,81.70.169.229,threatfox,VShell,"threatfox,vshell",2026-09-16 06:55:34,2026-09-16 07:26:07,85
ip,82.146.37.83,threatfox,Evilginx,"threatfox,drb-ra,Evilginx,EvilGoPhish",2026-09-16 06:55:34,2026-09-16 07:26:07,85
ip,82.26.66.136,threatfox,AsyncRAT,"threatfox,AsyncRAT,drb-ra,RAT",2026-09-16 06:55:34,2026-09-16 07:26:07,85
ip,83.229.123.249,threatfox,Cobalt Strike,"threatfox,cobaltstrike",2026-09-10 04:07:18,2026-09-16 07:26:07,85
ip,85.137.252.195,threatfox,Unknown malware,"threatfox,drb-ra,Mythic",2026-09-16 06:55:34,2026-09-16 07:26:07,85
ip,85.204.125.75,threatfox,Quasar RAT,"threatfox,quasar",2026-09-16 06:55:34,2026-09-16 07:26:07,85
ip,85.239.149.73,threatfox,Tsundere,"threatfox,DinDoor,drb-ra",2026-09-16 06:55:34,2026-09-16 07:26:07,85
ip,89.190.158.37,threatfox,XWorm,"threatfox,XWorm",2026-09-16 06:55:34,2026-09-16 07:26:07,85
ip,90.8.202.45,threatfox,Remcos,"threatfox,Remcos",2026-09-16 06:55:34,2026-09-16 07:26:07,85
ip,92.24.51.238,threatfox,XWorm,"threatfox,XWorm",2026-09-16 06:55:34,2026-09-16 07:26:07,85
ip,93.152.224.238,threatfox,Tsundere,"threatfox,DinDoor,drb-ra",2026-09-16 06:55:34,2026-09-16 07:26:07,85
ip,94.26.81.135,threatfox,PureRAT,"threatfox,drb-ra,PureHVNC,PureRAT,RAT",2026-09-16 06:55:34,2026-09-16 07:26:07,85
ip,95.158.131.135,threatfox,Unknown malware,"threatfox,drb-ra,Mythic",2026-09-16 06:55:34,2026-09-16 07:26:07,85
ip,95.158.131.139,threatfox,Unknown malware,"threatfox,drb-ra,Mythic",2026-09-16 06:55:34,2026-09-16 07:26:07,85
ip,95.158.131.141,threatfox,Unknown malware,"threatfox,drb-ra,Mythic",2026-09-16 06:55:34,2026-09-16 07:26:07,85
ip,95.158.131.142,threatfox,Unknown malware,"threatfox,drb-ra,Mythic",2026-09-16 06:55:34,2026-09-16 07:26:07,85
ip,95.158.131.147,threatfox,Unknown malware,"threatfox,drb-ra,Mythic",2026-09-16 06:55:34,2026-09-16 07:26:07,85
ip,97.104.107.190,threatfox,XWorm,"threatfox,XWorm",2026-09-16 06:55:34,2026-09-16 07:26:07,85
ssl_sha1,00095e3cd5dfc929d16036132665d7e3e9ef7cd6,sslbl,Vidar C&C,"sslbl,2026-09-12",2026-09-12 16:06:49,2026-09-16 07:26:07,88
ssl_sha1,0034d3f66acca402e4ae3d683e435f10d513006a,sslbl,ACRStealer C&C,"sslbl,2026-08-08",2026-08-09 00:42:39,2026-09-16 07:26:07,88
ssl_sha1,009a05eaf082d20ae13a65abda12afd959cd76de,sslbl,VenomRAT C&C,"sslbl,2026-09-13",2026-09-14 04:06:32,2026-09-16 07:26:07,88
ssl_sha1,01162aa2c2be7f9d16f646b94a1245726c68b110,sslbl,PureRAT C&C,"sslbl,2026-08-22",2026-08-22 16:06:16,2026-09-16 07:26:07,88
ssl_sha1,0141dfae0d4426123aa2fbdd759162fa82d0f8e1,sslbl,PureLogsStealer C&C,"sslbl,2026-08-04",2026-08-05 12:42:46,2026-09-16 07:26:07,88
ssl_sha1,014d51d79c5a5c80042abedb35231581ff07c2e7,sslbl,Vidar C&C,"sslbl,2026-07-30",2026-07-31 05:35:34,2026-09-16 07:26:07,88
ssl_sha1,01b9a51320b270b527c744a7ebc9f9bc68a94f81,sslbl,ConnectWise C&C,"sslbl,2026-08-19",2026-08-19 16:06:13,2026-09-16 07:26:07,88
ssl_sha1,01cc79c660e1677fc17665e6d8169b5fdad75668,sslbl,PureLogsStealer C&C,"sslbl,2026-08-05",2026-08-06 00:43:27,2026-09-16 07:26:07,88
ssl_sha1,02df529de5d2da5b01c0b557b02b289b060f344b,sslbl,PureRAT C&C,"sslbl,2026-08-08",2026-08-09 00:42:39,2026-09-16 07:26:07,88
ssl_sha1,030279988932ee4115de7e6e8cdeb91927c078db,sslbl,OffLoader C&C,"sslbl,2026-08-19",2026-08-19 16:06:13,2026-09-16 07:26:07,88
ssl_sha1,031491e9d9e07391f330aef5bbdce9febbf1fe90,sslbl,OffLoader C&C,"sslbl,2026-09-11",2026-09-11 16:06:11,2026-09-16 07:26:07,88
ssl_sha1,03cdb8ba1363fb90f77ab53b6fc78d58a5340c35,sslbl,PureRAT C&C,"sslbl,2026-08-20",2026-08-20 16:06:17,2026-09-16 07:26:07,88
ssl_sha1,048bd151ab0a9c0add6d5bba9dc73521e42d9a20,sslbl,AsyncRAT C&C,"sslbl,2026-09-10",2026-09-10 16:06:38,2026-09-16 07:26:07,88
ssl_sha1,057b2084f877c8737e60de6c07ad829ea411b9c6,sslbl,Vidar C&C,"sslbl,2026-08-15",2026-08-15 20:13:12,2026-09-16 07:26:07,88
ssl_sha1,059e425acfe2753d135e1b7ba39e30f0b00dbbb3,sslbl,PureLogsStealer C&C,"sslbl,2026-08-06",2026-08-06 12:43:05,2026-09-16 07:26:07,88
ssl_sha1,05b215b1710e56a14f4742b10586af2750da866a,sslbl,OffLoader C&C,"sslbl,2026-08-13",2026-08-13 08:13:02,2026-09-16 07:26:07,88
ssl_sha1,05ba9d18bc4c00bec6bb5ed461fd889259929709,sslbl,Vidar C&C,"sslbl,2026-08-02",2026-08-02 17:36:31,2026-09-16 07:26:07,88
ssl_sha1,05fb6a6fa12c1638063b36498703b24fbbc2df43,sslbl,ACRStealer C&C,"sslbl,2026-09-06",2026-09-06 16:06:16,2026-09-16 07:26:07,88
ssl_sha1,06c6a1e29b1948ac47c0fee2e8652a07fcde1f9e,sslbl,Vidar C&C,"sslbl,2026-08-27",2026-08-27 16:06:11,2026-09-16 07:26:07,88
ssl_sha1,070aa492d4afcb841457f33f366206805947160f,sslbl,Socks5Systemz C&C,"sslbl,2026-09-06",2026-09-06 16:06:16,2026-09-16 07:26:07,88
ssl_sha1,077be211823898ed4eb3d3faf920781321f7ca5c,sslbl,PureLogsStealer C&C,"sslbl,2026-09-09",2026-09-09 16:06:20,2026-09-16 07:26:07,88
ssl_sha1,08d8ee8314ace61bcc0481fe9c0e2bfaaccf34e0,sslbl,Vidar C&C,"sslbl,2026-08-12",2026-08-12 12:42:52,2026-09-16 07:26:07,88
ssl_sha1,096f890e1d8d4220a1c0501a50fd6037804412c4,sslbl,Vidar C&C,"sslbl,2026-07-23",2026-07-23 18:30:39,2026-09-16 07:26:07,88
ssl_sha1,097cee540020aa1e282dcf5afefebcb5a6a1dae4,sslbl,PureLogsStealer C&C,"sslbl,2026-08-06",2026-08-06 12:43:05,2026-09-16 07:26:07,88
ssl_sha1,09cc432d307b2b2d67a102c9a579f24b511cfea2,sslbl,Vidar C&C,"sslbl,2026-09-04",2026-09-04 16:06:41,2026-09-16 07:26:07,88
ssl_sha1,09f261bec38f8f17f3aba55d8f24e0c11236de40,sslbl,PureLogsStealer C&C,"sslbl,2026-08-19",2026-08-19 16:06:13,2026-09-16 07:26:07,88
ssl_sha1,0a1192b7efc4408315bb36a29eaa149bf2306e0c,sslbl,PureLogsStealer C&C,"sslbl,2026-09-11",2026-09-11 16:06:11,2026-09-16 07:26:07,88
ssl_sha1,0a2f52fe0e41f4fa2154a7a42134187aa23b6289,sslbl,ConnectWise C&C,"sslbl,2026-08-19",2026-08-19 16:06:13,2026-09-16 07:26:07,88
ssl_sha1,0ad6076cb27bcdd5dd26fe56c022f4ab61ea00be,sslbl,Meterpreter C&C,"sslbl,2026-08-20",2026-08-20 16:06:17,2026-09-16 07:26:07,88
ssl_sha1,0b260881d660a14c3c0b2e61a6685839c8053bc9,sslbl,KongTuke C&C,"sslbl,2026-07-29",2026-07-29 17:37:13,2026-09-16 07:26:07,88
ssl_sha1,0b7abd7fefffcfe53a7ae01594e23d9488a214b4,sslbl,ConnectWise C&C,"sslbl,2026-08-19",2026-08-19 16:06:13,2026-09-16 07:26:07,88
ssl_sha1,0b92ba05df90855d90170858ba91680d33f76e0f,sslbl,ConnectWise C&C,"sslbl,2026-08-19",2026-08-19 16:06:13,2026-09-16 07:26:07,88
ssl_sha1,0bb977bf9e0950a1a818660dde009ac9934bd1e2,sslbl,Vidar C&C,"sslbl,2026-08-21",2026-08-21 16:09:28,2026-09-16 07:26:07,88
ssl_sha1,0c587f31dc58c33ef2e3632bb161f4d52231b7c1,sslbl,ConnectWise C&C,"sslbl,2026-08-22",2026-08-22 16:06:16,2026-09-16 07:26:07,88
ssl_sha1,0f1b05653c3b3ab3bb4ecd772dd024668cbe8df1,sslbl,QuasarRAT C&C,"sslbl,2026-08-13",2026-08-13 20:13:53,2026-09-16 07:26:07,88
ssl_sha1,0f4085482fb0664e22b9dc962bd87184a2048e28,sslbl,ACRStealer C&C,"sslbl,2026-08-26",2026-08-26 16:06:11,2026-09-16 07:26:07,88
ssl_sha1,0f47d296ca2a764238bfd644c7b716cffafa1352,sslbl,Vidar C&C,"sslbl,2026-08-21",2026-08-21 16:09:28,2026-09-16 07:26:07,88
ssl_sha1,10444531944b9b521661ef3bd8d9848d70902bbd,sslbl,PureLogsStealer C&C,"sslbl,2026-08-10",2026-08-10 12:42:40,2026-09-16 07:26:07,88
ssl_sha1,11a907f87c27b67e87f201281797b95f53508752,sslbl,OffLoader C&C,"sslbl,2026-08-10",2026-08-10 12:42:40,2026-09-16 07:26:07,88
ssl_sha1,11a9b0c571e681f4f9e7780e3aff1fe8c2f3d676,sslbl,KongTuke C&C,"sslbl,2026-07-29",2026-07-29 17:37:13,2026-09-16 07:26:07,88
ssl_sha1,12b3a868314cd43aa8d304a7e529bbd498ee74ee,sslbl,Vidar C&C,"sslbl,2026-07-23",2026-07-24 05:35:19,2026-09-16 07:26:07,88
ssl_sha1,12c42acde116383d7b75ae10fc47d5f369f5633e,sslbl,RemusStealer C&C,"sslbl,2026-08-06",2026-08-06 12:43:05,2026-09-16 07:26:07,88
ssl_sha1,131d534087149d0095a326dcb33e77afcbec308c,sslbl,AnimateClipper C&C,"sslbl,2026-07-26",2026-07-26 17:35:20,2026-09-16 07:26:07,88
ssl_sha1,131e6cb931dd908cdf9fc5bdd6f8245c9b399ea9,sslbl,ConnectWise C&C,"sslbl,2026-08-07",2026-08-07 12:43:25,2026-09-16 07:26:07,88
ssl_sha1,1389c26fb7ce71a7aa1514e86879daf6b373325a,sslbl,OffLoader C&C,"sslbl,2026-08-28",2026-08-29 04:06:17,2026-09-16 07:26:07,88
ssl_sha1,13f40ae70a0fe1ae9e727ad329583635cf8090be,sslbl,PureLogsStealer C&C,"sslbl,2026-08-10",2026-08-11 00:42:33,2026-09-16 07:26:07,88
ssl_sha1,14333675b09013c7299af764816b152b90d29952,sslbl,Vidar C&C,"sslbl,2026-08-14",2026-08-14 08:13:11,2026-09-16 07:26:07,88
ssl_sha1,145f0fa0f6134e66fa5c80989c13987baf799bda,sslbl,Vidar C&C,"sslbl,2026-09-02",2026-09-02 16:07:20,2026-09-16 07:26:07,88
ssl_sha1,147ca23505c924119036d7e4942ddc0737f39adf,sslbl,PureLogsStealer C&C,"sslbl,2026-08-07",2026-08-07 12:43:25,2026-09-16 07:26:07,88
ssl_sha1,14bc0ce6c63bf1c1554b4cd1772c60b57c38ab09,sslbl,Vidar C&C,"sslbl,2026-09-14",2026-09-14 16:06:31,2026-09-16 07:26:07,88
ssl_sha1,150e9fffc913a1c87bf94e7f2ad0354d4b6afea1,sslbl,Malware distribution,"sslbl,2026-08-22",2026-08-22 16:06:16,2026-09-16 07:26:07,88
ssl_sha1,16237ea9476a99f34c740649ccb7119db3af5df0,sslbl,PureRAT C&C,"sslbl,2026-08-08",2026-08-09 00:42:39,2026-09-16 07:26:07,88
ssl_sha1,16508580f31edaaf4cbe08f9c417840fa4f918d0,sslbl,ACRStealer C&C,"sslbl,2026-07-23",2026-07-23 18:30:39,2026-09-16 07:26:07,88
ssl_sha1,16545697d78cbada6dac236b73dbeff19c9035d1,sslbl,PureLogsStealer C&C,"sslbl,2026-08-19",2026-08-20 04:06:14,2026-09-16 07:26:07,88
ssl_sha1,1674f349ec288a75ac123a1752d433a21ceddcef,sslbl,Vidar C&C,"sslbl,2026-08-11",2026-08-11 12:42:27,2026-09-16 07:26:07,88
ssl_sha1,16fbb45457a2d8e67c556db46e051893917e2104,sslbl,KongTuke C&C,"sslbl,2026-07-30",2026-07-30 17:35:22,2026-09-16 07:26:07,88
ssl_sha1,1727143583fd38bc4b6b5986f5c7b2c919f885af,sslbl,KongTuke C&C,"sslbl,2026-07-30",2026-07-30 17:35:22,2026-09-16 07:26:07,88
ssl_sha1,173cb58c2538a3e2fccf3f3ae72b5713e4f810a3,sslbl,ACRStealer C&C,"sslbl,2026-08-19",2026-08-19 16:06:13,2026-09-16 07:26:07,88
ssl_sha1,17d881f02866b9e629d39d16bdf43ca953b38d5c,sslbl,OffLoader C&C,"sslbl,2026-09-01",2026-09-01 16:06:06,2026-09-16 07:26:07,88
ssl_sha1,17ee516f7e99548d2b4d735f2100f2754d814288,sslbl,OffLoader C&C,"sslbl,2026-09-04",2026-09-04 16:06:41,2026-09-16 07:26:07,88
ssl_sha1,183d02c077142b8701d1a719cc8cee3f8fb76072,sslbl,OffLoader C&C,"sslbl,2026-08-14",2026-08-14 08:13:11,2026-09-16 07:26:07,88
ssl_sha1,1869a727516b162905ef9df32d1ad3fe6ceea9f0,sslbl,PureLogsStealer C&C,"sslbl,2026-08-13",2026-08-13 08:13:02,2026-09-16 07:26:07,88
ssl_sha1,1955a3ce0e4bb011e3e667a51be5f42fb02d769f,sslbl,OffLoader C&C,"sslbl,2026-09-09",2026-09-10 04:07:18,2026-09-16 07:26:07,88
ssl_sha1,199e1fd0a2f1c805aae75b33803d0e27b874b892,sslbl,OffLoader C&C,"sslbl,2026-09-10",2026-09-10 16:06:38,2026-09-16 07:26:07,88
ssl_sha1,19cf66baa4727b080e283d10284993170c9b462b,sslbl,Vidar C&C,"sslbl,2026-08-22",2026-08-22 16:06:16,2026-09-16 07:26:07,88
ssl_sha1,19d7b8b5842177ba762fb0b30fd1368e953e73e9,sslbl,ACRStealer C&C,"sslbl,2026-08-11",2026-08-11 12:42:27,2026-09-16 07:26:07,88
ssl_sha1,1ab7aaf074b1e925322cd328b4d1343f46f4f91b,sslbl,PureLogsStealer C&C,"sslbl,2026-08-08",2026-08-09 00:42:39,2026-09-16 07:26:07,88
ssl_sha1,1b48b0bd62383ba8f49d25e8584a290016730f3d,sslbl,Vidar C&C,"sslbl,2026-08-11",2026-08-11 12:42:27,2026-09-16 07:26:07,88
ssl_sha1,1baea4f8295715f075d3c0510b61017840047ae3,sslbl,Vidar C&C,"sslbl,2026-09-06",2026-09-06 16:06:16,2026-09-16 07:26:07,88
ssl_sha1,1bf12565f5b66f9f938f92411d31aea37d9676e8,sslbl,Vidar C&C,"sslbl,2026-09-04",2026-09-04 16:06:41,2026-09-16 07:26:07,88
ssl_sha1,1cdb18c33da65a40adad7b51808edf66f3e180e5,sslbl,PureLogsStealer C&C,"sslbl,2026-08-21",2026-08-21 16:09:28,2026-09-16 07:26:07,88
ssl_sha1,1d6ef2caa8acc4b05edcbf2e8b1e6ee9c7217eb9,sslbl,Vidar C&C,"sslbl,2026-08-12",2026-08-12 12:42:52,2026-09-16 07:26:07,88
ssl_sha1,1dc516de96cd73ff7a4040ec3b4927988d1a0049,sslbl,ConnectWise C&C,"sslbl,2026-08-04",2026-08-04 07:49:13,2026-09-16 07:26:07,88
ssl_sha1,1e5253b44aa68a4b31f0dfc07df48b31798debca,sslbl,ACRStealer C&C,"sslbl,2026-07-18",2026-07-19 05:20:40,2026-09-16 07:26:07,88
ssl_sha1,1e5bfc073ee72f5ae99507c87f2479ec1d5f43b7,sslbl,PureLogsStealer C&C,"sslbl,2026-09-15",2026-09-16 06:55:33,2026-09-16 07:26:07,88
ssl_sha1,1e7d6c983d80311dcecc580135dcc216732fd478,sslbl,Vidar C&C,"sslbl,2026-08-19",2026-08-19 16:06:13,2026-09-16 07:26:07,88
ssl_sha1,1ea9baef6f12a280c50e7f473298f326272516d4,sslbl,ACRStealer C&C,"sslbl,2026-09-15",2026-09-16 06:55:33,2026-09-16 07:26:07,88
ssl_sha1,1edaae5bb268c6ec2f90076a7c47b7bfbc531a15,sslbl,Vidar C&C,"sslbl,2026-09-09",2026-09-09 16:06:20,2026-09-16 07:26:07,88
ssl_sha1,1f494cd829ce4d2c465b8e981a0c7f9288354328,sslbl,Vidar C&C,"sslbl,2026-08-30",2026-08-30 16:06:18,2026-09-16 07:26:07,88
ssl_sha1,206850b799a53982b73accdefec94083f2094a6e,sslbl,PureRAT C&C,"sslbl,2026-09-07",2026-09-07 16:06:32,2026-09-16 07:26:07,88
ssl_sha1,2125bebc5912c9fb523a668daf7d116999488493,sslbl,Koadic C&C,"sslbl,2026-08-27",2026-08-27 16:06:11,2026-09-16 07:26:07,88
ssl_sha1,22bedd3b6ea141fbe9b50681baa395909e014ad0,sslbl,PureLogsStealer C&C,"sslbl,2026-08-06",2026-08-06 12:43:05,2026-09-16 07:26:07,88
ssl_sha1,22d945ac6c7c00fb7bb5d0dc3618a82d46cfd1e2,sslbl,QuasarRAT C&C,"sslbl,2026-09-06",2026-09-06 16:06:16,2026-09-16 07:26:07,88
ssl_sha1,240ce6287e5ee63adc65bde38ca08a7132f5b08b,sslbl,RatonRAT C&C,"sslbl,2026-08-27",2026-08-27 16:06:11,2026-09-16 07:26:07,88
ssl_sha1,25042ea148aa7ccb23ebabb701cacca1d2fbd1d4,sslbl,HypeAgent C&C,"sslbl,2026-08-25",2026-08-25 16:07:37,2026-09-16 07:26:07,88
ssl_sha1,25828f9462f9998c2be7214d5db7e092e3878945,sslbl,Vidar C&C,"sslbl,2026-08-12",2026-08-12 12:42:52,2026-09-16 07:26:07,88
ssl_sha1,261044d91561eedea17eac730254426b193e27fe,sslbl,PureRAT C&C,"sslbl,2026-08-13",2026-08-13 08:13:02,2026-09-16 07:26:07,88
ssl_sha1,263a7098595232fb1c9536d18a903858431212c0,sslbl,MeshAgent C&C,"sslbl,2026-08-10",2026-08-11 00:42:33,2026-09-16 07:26:07,88
ssl_sha1,26d708c6ce4554e9fed0ae35556501faf8d0b01c,sslbl,ZigClipper C&C,"sslbl,2026-08-08",2026-08-09 00:42:39,2026-09-16 07:26:07,88
ssl_sha1,26edae2d62f7008d9a3ea68999f41316f4cdf762,sslbl,PureLogsStealer C&C,"sslbl,2026-09-02",2026-09-02 16:07:20,2026-09-16 07:26:07,88
ssl_sha1,277cf8e1227351964ba2a8e57b49b26f8f8e353a,sslbl,Vidar C&C,"sslbl,2026-08-24",2026-08-24 16:06:10,2026-09-16 07:26:07,88
ssl_sha1,283042355c89f2c59e260246d1488a73a8bef7b2,sslbl,PureLogsStealer C&C,"sslbl,2026-07-27",2026-07-27 17:35:21,2026-09-16 07:26:07,88
ssl_sha1,28db945e3beaf15a6f6d7fdf2dfc06a5f0319fc3,sslbl,Malware C&C,"sslbl,2026-08-06",2026-08-06 12:43:05,2026-09-16 07:26:07,88
ssl_sha1,28f2252914fd660fb663fae3995bfa2202285cfe,sslbl,PureLogsStealer C&C,"sslbl,2026-09-10",2026-09-10 16:06:38,2026-09-16 07:26:07,88
ssl_sha1,29e434f384fe91188ce4c8a3f607a781e5c5e5d1,sslbl,PureRAT C&C,"sslbl,2026-08-06",2026-08-06 12:43:05,2026-09-16 07:26:07,88
ssl_sha1,2a2c44f91a961c0b573d1e823f314fb4ffbc88dd,sslbl,OffLoader C&C,"sslbl,2026-09-07",2026-09-07 16:06:32,2026-09-16 07:26:07,88
ssl_sha1,2a68cf483216956f8162c0334a75dac483bfaac6,sslbl,Vidar C&C,"sslbl,2026-08-13",2026-08-13 20:13:53,2026-09-16 07:26:07,88
ssl_sha1,2b05666e08e41d03ae03a5f282434e36229ea962,sslbl,ConnectWise C&C,"sslbl,2026-08-14",2026-08-14 08:13:11,2026-09-16 07:26:07,88
ssl_sha1,2b7ffb92a05fe5f22a0f26d9c76a3155f04fdd45,sslbl,PureLogsStealer C&C,"sslbl,2026-08-04",2026-08-05 12:42:46,2026-09-16 07:26:07,88
ssl_sha1,2be2964d2711f536de55aa929fa612ba69ebc405,sslbl,Vidar C&C,"sslbl,2026-09-09",2026-09-09 16:06:20,2026-09-16 07:26:07,88
ssl_sha1,2d410f6e2daaf4665a958610ce94242145c714e3,sslbl,PureLogsStealer C&C,"sslbl,2026-08-08",2026-08-09 00:42:39,2026-09-16 07:26:07,88
ssl_sha1,2e5d32f48396874bdbf9e30cbf56d9d5440f24ec,sslbl,ConnectWise C&C,"sslbl,2026-08-31",2026-08-31 16:06:17,2026-09-16 07:26:07,88
ssl_sha1,304062e0d9d93dad14b84554abb56fd3af8266ff,sslbl,Vidar C&C,"sslbl,2026-08-19",2026-08-19 16:06:13,2026-09-16 07:26:07,88
ssl_sha1,30ae51f106a573be769968e15c0a6f56a2878a16,sslbl,Vidar C&C,"sslbl,2026-08-05",2026-08-05 12:42:46,2026-09-16 07:26:07,88
ssl_sha1,3141245c066d71ef08936296ffea7ea15082f7fd,sslbl,ConnectWise C&C,"sslbl,2026-08-14",2026-08-14 08:13:11,2026-09-16 07:26:07,88
ssl_sha1,328089d815eb8db2dcb741cd603fc451295636d4,sslbl,PureRAT C&C,"sslbl,2026-08-31",2026-08-31 16:06:17,2026-09-16 07:26:07,88
ssl_sha1,32a8651489a0a5fb3fb0679514bed1e86c0c576c,sslbl,ACRStealer C&C,"sslbl,2026-08-10",2026-08-10 12:42:40,2026-09-16 07:26:07,88
ssl_sha1,32c779b627c28c168bcf744948c35f45462e9307,sslbl,PureRAT C&C,"sslbl,2026-09-08",2026-09-08 16:06:37,2026-09-16 07:26:07,88
ssl_sha1,3595cb507d47314a6749679e4217ec993c5c3691,sslbl,DCAgentRMM C&C,"sslbl,2026-08-25",2026-08-25 16:07:37,2026-09-16 07:26:07,88
ssl_sha1,35c361f9688643bd7cd6a7057178d869bcd6ea7b,sslbl,ConnectWise C&C,"sslbl,2026-08-04",2026-08-04 07:49:13,2026-09-16 07:26:07,88
ssl_sha1,361864879b9712b391b7d1af733e24168f67c419,sslbl,Malware C&C,"sslbl,2026-08-04",2026-08-05 12:42:46,2026-09-16 07:26:07,88
ssl_sha1,369b439f1afec9b1ae1d5de29a603f6ba34a3039,sslbl,PureRAT C&C,"sslbl,2026-08-04",2026-08-04 07:49:13,2026-09-16 07:26:07,88
ssl_sha1,3712fb1d824e230a43660016e4e305e623dad067,sslbl,Malware C&C,"sslbl,2026-08-12",2026-08-12 12:42:52,2026-09-16 07:26:07,88
ssl_sha1,3992dd5edcdf2ce5d143f933e2657640e00a58d4,sslbl,OffLoader C&C,"sslbl,2026-08-20",2026-08-20 16:06:17,2026-09-16 07:26:07,88
ssl_sha1,3a62153757fc44e7a948a9c289a08798ea8e8487,sslbl,OffLoader C&C,"sslbl,2026-09-09",2026-09-09 16:06:20,2026-09-16 07:26:07,88
ssl_sha1,3b0855807c94981dca90ba6eb15e94087c91fb52,sslbl,PureRAT C&C,"sslbl,2026-08-08",2026-08-09 00:42:39,2026-09-16 07:26:07,88
ssl_sha1,3c286904e96ada2549fe774aa6eb2d39920219ec,sslbl,Malware C&C,"sslbl,2026-08-13",2026-08-13 08:13:02,2026-09-16 07:26:07,88
ssl_sha1,3cf6a282d22b606bce0ba5ad74526257eff4cf81,sslbl,PureRAT C&C,"sslbl,2026-07-17",2026-07-17 17:21:06,2026-09-16 07:26:07,88
ssl_sha1,3ddf56dd624309d956cccb6c41eb6fcfbb3c6364,sslbl,ZigClipper C&C,"sslbl,2026-08-05",2026-08-06 00:43:27,2026-09-16 07:26:07,88
ssl_sha1,3e3c44169f96771a93af70cef73772afc6530f39,sslbl,Vidar C&C,"sslbl,2026-08-10",2026-08-10 12:42:40,2026-09-16 07:26:07,88
ssl_sha1,3fb1dbcabe3bab0eb06fefe295821bff1007fb25,sslbl,PureRAT C&C,"sslbl,2026-07-17",2026-07-17 17:21:06,2026-09-16 07:26:07,88
ssl_sha1,401d739effc60f0ddbfc096d8b7a64625744824a,sslbl,OffLoader C&C,"sslbl,2026-09-09",2026-09-09 16:06:20,2026-09-16 07:26:07,88
ssl_sha1,407df66ac87ceb177c560e82df9521c8003b5f0d,sslbl,ConnectWise C&C,"sslbl,2026-08-28",2026-08-29 04:06:17,2026-09-16 07:26:07,88
ssl_sha1,40ab2a74848e4b409900153beb94a6977de80d4a,sslbl,PureRAT C&C,"sslbl,2026-08-04",2026-08-04 07:49:13,2026-09-16 07:26:07,88
ssl_sha1,40d55bdf808d31690157cc7865a3161d6f44f073,sslbl,Vidar C&C,"sslbl,2026-08-17",2026-08-17 08:13:04,2026-09-16 07:26:07,88
ssl_sha1,4157992dbca11ebbe0938db99c79c0769ff4e1b1,sslbl,PureRAT C&C,"sslbl,2026-09-03",2026-09-03 16:06:37,2026-09-16 07:26:07,88
ssl_sha1,41f8e81a4f9b3e7e70353a84e4bf87d687ddc79e,sslbl,ConnectWise C&C,"sslbl,2026-08-28",2026-08-29 04:06:17,2026-09-16 07:26:07,88
ssl_sha1,42412a6aee2a4ff0234fc0afe142d5a2bf8f1e92,sslbl,HypeAgent C&C,"sslbl,2026-08-27",2026-08-27 16:06:11,2026-09-16 07:26:07,88
ssl_sha1,441b920d869b1e83fe18a2d86d4b6be20099c145,sslbl,ConnectWise C&C,"sslbl,2026-08-07",2026-08-07 12:43:25,2026-09-16 07:26:07,88
ssl_sha1,4442db8ed5780616c630362ab45b8e59f40a2e5a,sslbl,Vidar C&C,"sslbl,2026-08-19",2026-08-19 16:06:13,2026-09-16 07:26:07,88
ssl_sha1,4454daf3ef7f7d71cf8e4ce8067c880f9976c952,sslbl,Vidar C&C,"sslbl,2026-09-06",2026-09-06 16:06:16,2026-09-16 07:26:07,88
ssl_sha1,448bf34943609cd5dcadf4b1dc58512df0718e57,sslbl,PureLogsStealer C&C,"sslbl,2026-08-06",2026-08-06 12:43:05,2026-09-16 07:26:07,88
ssl_sha1,44c6dc94a23e05350af1ff687fef8b78cb089b8b,sslbl,ConnectWise C&C,"sslbl,2026-09-08",2026-09-08 16:06:37,2026-09-16 07:26:07,88
ssl_sha1,450a46fca2ded0fb7231080b7ec1fef089aa6abe,sslbl,Stealc C&C,"sslbl,2026-08-27",2026-08-27 16:06:11,2026-09-16 07:26:07,88
ssl_sha1,45152caa36a93f2aa9dab483d4c57531221c431d,sslbl,DCRat C&C,"sslbl,2026-08-20",2026-08-20 16:06:17,2026-09-16 07:26:07,88
ssl_sha1,45bbc5ebc131cca9663c35c95459564007049d07,sslbl,Vidar C&C,"sslbl,2026-07-25",2026-07-25 17:35:24,2026-09-16 07:26:07,88
ssl_sha1,4672fba181056b9df706573af71ad6462ea3df67,sslbl,PureLogsStealer C&C,"sslbl,2026-08-11",2026-08-11 12:42:27,2026-09-16 07:26:07,88
ssl_sha1,46a2a90c5813eda22263c058742902faf1def5a6,sslbl,ConnectWise C&C,"sslbl,2026-08-14",2026-08-14 08:13:11,2026-09-16 07:26:07,88
ssl_sha1,46b898af8e29cb2fe186de2bfdf60bc01d617720,sslbl,PureLogsStealer C&C,"sslbl,2026-09-15",2026-09-16 06:55:33,2026-09-16 07:26:07,88
ssl_sha1,472239fd43cdfe3b960245672b183c4be200ed7a,sslbl,Vidar C&C,"sslbl,2026-07-23",2026-07-24 05:35:19,2026-09-16 07:26:07,88
ssl_sha1,481d7383aaeec383beb3012d8dfd20548837e42b,sslbl,PureRAT C&C,"sslbl,2026-08-20",2026-08-20 16:06:17,2026-09-16 07:26:07,88
ssl_sha1,48381652ae3e124b686c25282dac3858a5f2de3e,sslbl,PureRAT C&C,"sslbl,2026-07-21",2026-07-21 17:20:42,2026-09-16 07:26:07,88
ssl_sha1,4a5cf0f4e8da154ed1c60ba064f0e733ce9c373e,sslbl,Vidar C&C,"sslbl,2026-09-10",2026-09-10 16:06:38,2026-09-16 07:26:07,88
ssl_sha1,4a67cf0297c6308d31cbd2e89cd5246817bb1330,sslbl,ACRStealer C&C,"sslbl,2026-08-28",2026-08-28 16:06:18,2026-09-16 07:26:07,88
ssl_sha1,4a6e8bfafdb4754d3fbc09a01e52a88d9d4dd57c,sslbl,OffLoader C&C,"sslbl,2026-08-19",2026-08-19 16:06:13,2026-09-16 07:26:07,88
ssl_sha1,4af902fc388e5b848db1767a6c708e2ada0ad99a,sslbl,Vidar C&C,"sslbl,2026-08-31",2026-08-31 16:06:17,2026-09-16 07:26:07,88
ssl_sha1,4bd9fa1c2cefa0f68b276923d33e9989e2fd0031,sslbl,PureRAT C&C,"sslbl,2026-08-04",2026-08-04 07:49:13,2026-09-16 07:26:07,88
ssl_sha1,4bf18cb50cb5bca46aff5785c1ba96a248d1e9fd,sslbl,Vidar C&C,"sslbl,2026-09-01",2026-09-01 16:06:06,2026-09-16 07:26:07,88
ssl_sha1,4c12b6aa784f92a3c50fb7d99289ca32fe21ad4c,sslbl,PureLogsStealer C&C,"sslbl,2026-09-08",2026-09-08 16:06:37,2026-09-16 07:26:07,88
ssl_sha1,4c7132f9c8bfa60751049644820c6f3a90884ff2,sslbl,RatonRAT C&C,"sslbl,2026-08-19",2026-08-19 16:06:13,2026-09-16 07:26:07,88
ssl_sha1,4cad5fa297a09de48d002bf034f543fd7a9384ed,sslbl,Vidar C&C,"sslbl,2026-08-12",2026-08-12 12:42:52,2026-09-16 07:26:07,88
ssl_sha1,4cc4e635af94a219c0c1eaa78c7c1eebdda49e1f,sslbl,PureRAT C&C,"sslbl,2026-09-01",2026-09-01 16:06:06,2026-09-16 07:26:07,88
ssl_sha1,4e1d76e094c1a61d2e1ed367f67545fabe9bc074,sslbl,Malware C&C,"sslbl,2026-09-01",2026-09-01 16:06:06,2026-09-16 07:26:07,88
ssl_sha1,4e5b7b186ad51a93d4e1ba0e2b5ca006b62571be,sslbl,AsyncRAT C&C,"sslbl,2026-07-21",2026-07-21 17:20:42,2026-09-16 07:26:07,88
ssl_sha1,4ee6cf96fce286a8e41faa52626ccf484c72a772,sslbl,Vidar C&C,"sslbl,2026-08-14",2026-08-14 08:13:11,2026-09-16 07:26:07,88
ssl_sha1,4f6db5622e97cb304f7a739d60c8c3acba13f260,sslbl,Stealc C&C,"sslbl,2026-08-19",2026-08-19 16:06:13,2026-09-16 07:26:07,88
ssl_sha1,5017bd59caaf4a057c724b366aa9530e5cc19931,sslbl,ConnectWise C&C,"sslbl,2026-08-04",2026-08-04 07:49:13,2026-09-16 07:26:07,88
ssl_sha1,508ab3696a27249abc7ea437ee1b8bcb8a999d65,sslbl,OverlordRAT C&C,"sslbl,2026-08-08",2026-08-09 00:42:39,2026-09-16 07:26:07,88
ssl_sha1,50c542ca788f012319a8f72453ae5431e0213a4f,sslbl,PureLogsStealer C&C,"sslbl,2026-08-19",2026-08-19 16:06:13,2026-09-16 07:26:07,88
ssl_sha1,50cad154b9d5fdd19c3f67162257de03d3a6afcd,sslbl,OffLoader C&C,"sslbl,2026-07-17",2026-07-17 17:21:06,2026-09-16 07:26:07,88
ssl_sha1,52a61a5bae1d5d4fb771c4d8ab668c3570c77283,sslbl,PureRAT C&C,"sslbl,2026-08-31",2026-08-31 16:06:17,2026-09-16 07:26:07,88
ssl_sha1,52b3c657964c5ac626f54446cbfb75165d215d65,sslbl,PureLogsStealer C&C,"sslbl,2026-08-04",2026-08-04 07:49:13,2026-09-16 07:26:07,88
ssl_sha1,53e5a73e14b16d4140421466795a2196a53e2bbc,sslbl,PureRAT C&C,"sslbl,2026-08-27",2026-08-27 16:06:11,2026-09-16 07:26:07,88
ssl_sha1,544c1e86e02e5ac18fabe17fff152e4c7e370990,sslbl,ACRStealer C&C,"sslbl,2026-07-23",2026-07-23 18:30:39,2026-09-16 07:26:07,88
ssl_sha1,55828dc9278fe7cc50514d9e95e64422804a0b84,sslbl,OffLoader C&C,"sslbl,2026-08-10",2026-08-10 12:42:40,2026-09-16 07:26:07,88
ssl_sha1,559a55c8c7779e0037429794a8836a1039dbcdc3,sslbl,AsyncRAT C&C,"sslbl,2026-09-09",2026-09-10 04:07:18,2026-09-16 07:26:07,88
ssl_sha1,573ff46149f8feb36cd0dbf80427b88aa156ed7b,sslbl,KongTuke C&C,"sslbl,2026-07-17",2026-07-17 17:21:06,2026-09-16 07:26:07,88
ssl_sha1,5750697f5e734c9105b89e13cc68fa51ae35e726,sslbl,Vidar C&C,"sslbl,2026-09-06",2026-09-06 16:06:16,2026-09-16 07:26:07,88
ssl_sha1,57dd505a5d745deaa32411f3f7e247e6795164a5,sslbl,Vidar C&C,"sslbl,2026-08-19",2026-08-19 16:06:13,2026-09-16 07:26:07,88
ssl_sha1,58243e4728cadacb308dfa0b964571e374ac3c1c,sslbl,Vidar C&C,"sslbl,2026-08-04",2026-08-04 07:49:13,2026-09-16 07:26:07,88
ssl_sha1,5b0334a2bc768aa1fef1eb0d10bf52edb071bf1c,sslbl,Vidar C&C,"sslbl,2026-08-10",2026-08-10 12:42:40,2026-09-16 07:26:07,88
ssl_sha1,5b276d28106cb7d91dd5f810e61d9523d34c7804,sslbl,PureLogsStealer C&C,"sslbl,2026-08-21",2026-08-21 16:09:28,2026-09-16 07:26:07,88
ssl_sha1,5b3c4900b63eb2ca8d0d174ef9e989324bc58c0d,sslbl,TELEPUZ C&C,"sslbl,2026-08-21",2026-08-21 16:09:28,2026-09-16 07:26:07,88
ssl_sha1,5b86c194e3e28190e76652c7a39e9acbf849ada2,sslbl,Vidar C&C,"sslbl,2026-08-13",2026-08-13 08:13:02,2026-09-16 07:26:07,88
ssl_sha1,5d801efeb2e22aa0da901ffbce45db05a80a7b0b,sslbl,Vidar C&C,"sslbl,2026-08-25",2026-08-25 16:07:37,2026-09-16 07:26:07,88
ssl_sha1,5dc598df9a1f9cf893ce86b54f8be517475d1ff9,sslbl,OffLoader C&C,"sslbl,2026-07-21",2026-07-21 17:20:42,2026-09-16 07:26:07,88
ssl_sha1,5dcd3232fc9873ebedca38f8ba5992fce6dccb61,sslbl,PureLogsStealer C&C,"sslbl,2026-08-05",2026-08-06 00:43:27,2026-09-16 07:26:07,88
ssl_sha1,5df1d8183a0c35eed21884c00e84299ded6ece0c,sslbl,PureLogsStealer C&C,"sslbl,2026-09-10",2026-09-10 16:06:38,2026-09-16 07:26:07,88
ssl_sha1,5df6480942779ca755ba42db5446f6492a3bb99b,sslbl,PureLogsStealer C&C,"sslbl,2026-08-26",2026-08-26 16:06:11,2026-09-16 07:26:07,88
ssl_sha1,5e06eaa686adc5ca8fd118752c6667e826bbcad0,sslbl,ConnectWise C&C,"sslbl,2026-08-28",2026-08-29 04:06:17,2026-09-16 07:26:07,88
ssl_sha1,5e7110d4c25e3aef153d9d38610550ad510f23cf,sslbl,Vidar C&C,"sslbl,2026-08-19",2026-08-19 16:06:13,2026-09-16 07:26:07,88
ssl_sha1,5e9de84aab8968d3a10710904a0844d0c360d2a8,sslbl,Vidar C&C,"sslbl,2026-09-03",2026-09-03 16:06:37,2026-09-16 07:26:07,88
ssl_sha1,5efdc565e73e10756c6962ebadd15cf4b1075ea9,sslbl,OffLoader C&C,"sslbl,2026-09-06",2026-09-06 16:06:16,2026-09-16 07:26:07,88
ssl_sha1,60d55d4ff506bc654814ba6b26308f999766054a,sslbl,Vidar C&C,"sslbl,2026-09-12",2026-09-12 16:06:49,2026-09-16 07:26:07,88
ssl_sha1,60df0e327f3736946e966b453ef233da0c42b927,sslbl,Havoc C&C,"sslbl,2026-08-10",2026-08-10 12:42:40,2026-09-16 07:26:07,88
ssl_sha1,61042420cd71b5edcdd9ef7ff070deef7398a725,sslbl,Vidar C&C,"sslbl,2026-08-04",2026-08-04 07:49:13,2026-09-16 07:26:07,88
ssl_sha1,629ea8772f7b1e8bf216dfc3b2170eb903ee8faa,sslbl,PureLogsStealer C&C,"sslbl,2026-09-09",2026-09-09 16:06:20,2026-09-16 07:26:07,88
ssl_sha1,632061b26a93455e9c4f0ac413deae710c920216,sslbl,PureLogsStealer C&C,"sslbl,2026-07-21",2026-07-21 17:20:42,2026-09-16 07:26:07,88
ssl_sha1,64ba3430f767ced74b2828509a653187e9553971,sslbl,Vidar C&C,"sslbl,2026-08-11",2026-08-12 00:43:15,2026-09-16 07:26:07,88
ssl_sha1,64e6fe29e84ea3ecaaef08920d8ceb9567240166,sslbl,Vidar C&C,"sslbl,2026-08-25",2026-08-25 16:07:37,2026-09-16 07:26:07,88
ssl_sha1,655b8a9e32dd444d708ab21eb8604f89332db8ab,sslbl,Vidar C&C,"sslbl,2026-08-27",2026-08-27 16:06:11,2026-09-16 07:26:07,88
ssl_sha1,664729bef77ee9c9f2f523fc1305ef65fa05dbae,sslbl,Vidar C&C,"sslbl,2026-08-11",2026-08-11 12:42:27,2026-09-16 07:26:07,88
ssl_sha1,6647f9e4a2e273d7b78ff02be7114b0e9e2a719f,sslbl,AsyncRAT C&C,"sslbl,2026-08-04",2026-08-04 07:49:13,2026-09-16 07:26:07,88
ssl_sha1,67044f9079f804d4a6217093c679897fec1f90e2,sslbl,AsyncRAT C&C,"sslbl,2026-07-23",2026-07-24 05:35:19,2026-09-16 07:26:07,88
ssl_sha1,6712d3901855387b6d4f3d29576f04df40fa30c1,sslbl,BoratRAT C&C,"sslbl,2026-09-02",2026-09-02 16:07:20,2026-09-16 07:26:07,88
ssl_sha1,674a11078348ede85c2e978063a1eb6ea1dbfd81,sslbl,OffLoader C&C,"sslbl,2026-08-26",2026-08-26 16:06:11,2026-09-16 07:26:07,88
ssl_sha1,680cfafa3541d8bdf18c8725016b0d987b9a7dbc,sslbl,DCRat C&C,"sslbl,2026-08-13",2026-08-13 08:13:02,2026-09-16 07:26:07,88
ssl_sha1,687928f5bd90cb243f29760de8d299236de2cadf,sslbl,PureRAT C&C,"sslbl,2026-08-19",2026-08-20 04:06:14,2026-09-16 07:26:07,88
ssl_sha1,696ef14e986d01e7d9186a690a06849c9cc49c4b,sslbl,ConnectWise C&C,"sslbl,2026-09-01",2026-09-01 16:06:06,2026-09-16 07:26:07,88
ssl_sha1,6c6027c8ff18b0f79bd3c40848c2b189a18b49ac,sslbl,QuasarRAT C&C,"sslbl,2026-09-02",2026-09-02 16:07:20,2026-09-16 07:26:07,88
ssl_sha1,6ca71f241dad148aaee6ea4a345e1ef1adaa0ffb,sslbl,KongTuke C&C,"sslbl,2026-07-23",2026-07-23 18:30:39,2026-09-16 07:26:07,88
ssl_sha1,6cac7b4801a4e5b675050769d90bb1da5306d537,sslbl,ConnectWise C&C,"sslbl,2026-08-04",2026-08-04 07:49:13,2026-09-16 07:26:07,88
ssl_sha1,6d92d180394761c59cc1455cf6a7c773fb4efabe,sslbl,PureRAT C&C,"sslbl,2026-08-20",2026-08-20 16:06:17,2026-09-16 07:26:07,88
ssl_sha1,6ddb71e5a27eccf80773188066ac92d9d39506d7,sslbl,Vidar C&C,"sslbl,2026-09-02",2026-09-02 16:07:20,2026-09-16 07:26:07,88
ssl_sha1,6e64e6fafd7922f1100ce4f5334fef6dd75b2e66,sslbl,PureLogsStealer C&C,"sslbl,2026-08-06",2026-08-06 12:43:05,2026-09-16 07:26:07,88
ssl_sha1,711c3a7bd15ae5377f4c395e23b3d8b8f1327ced,sslbl,Vidar C&C,"sslbl,2026-08-30",2026-08-30 16:06:18,2026-09-16 07:26:07,88
ssl_sha1,714c56e9e207d5c8e08e1ca28cd9ba85f079d061,sslbl,AsyncRAT C&C,"sslbl,2026-08-08",2026-08-09 00:42:39,2026-09-16 07:26:07,88
ssl_sha1,73202d8d2ac9a9e04c2bdefa6ea8db2860d779a9,sslbl,Vidar C&C,"sslbl,2026-07-23",2026-07-24 05:35:19,2026-09-16 07:26:07,88
ssl_sha1,732c7efa7d624c30b074e78df6595f54fde9188d,sslbl,Vidar C&C,"sslbl,2026-08-20",2026-08-20 16:06:17,2026-09-16 07:26:07,88
ssl_sha1,742d693a2a83e70088711c99db5db56b1aa4b9da,sslbl,Malware distribution,"sslbl,2026-07-23",2026-07-24 05:35:19,2026-09-16 07:26:07,88
ssl_sha1,74afa65e38769e7e58835fd799e353c2fea3a209,sslbl,ACRStealer C&C,"sslbl,2026-09-12",2026-09-12 16:06:49,2026-09-16 07:26:07,88
ssl_sha1,755c81877937861388f42dc73d5a6bf24c96e13b,sslbl,PureRAT C&C,"sslbl,2026-09-04",2026-09-04 16:06:41,2026-09-16 07:26:07,88
ssl_sha1,769a6310d3d9533c1b3e0ddee3c1b6ebbda60891,sslbl,OffLoader C&C,"sslbl,2026-08-07",2026-08-07 12:43:25,2026-09-16 07:26:07,88
ssl_sha1,7767913e33fac1ed9c448460267ca0e6cbe627b4,sslbl,Vidar C&C,"sslbl,2026-07-30",2026-07-31 05:35:34,2026-09-16 07:26:07,88
ssl_sha1,77b9903c538d045e266bd4d6cf40ede0b040b403,sslbl,ConnectWise C&C,"sslbl,2026-08-27",2026-08-27 16:06:11,2026-09-16 07:26:07,88
ssl_sha1,7841dc140c85781e29108109b73ab67c276a8eed,sslbl,OffLoader C&C,"sslbl,2026-09-15",2026-09-16 06:55:33,2026-09-16 07:26:07,88
ssl_sha1,78527fc92bcf8d188b3bcab1b35ac5881e2aaa43,sslbl,AsyncRAT C&C,"sslbl,2026-09-06",2026-09-06 16:06:16,2026-09-16 07:26:07,88
ssl_sha1,78dc4f50971751cbf98b96219dd56f099095a717,sslbl,Vidar C&C,"sslbl,2026-08-13",2026-08-13 08:13:02,2026-09-16 07:26:07,88
ssl_sha1,793ccba0eaedcd1a87bb5200cde5a1c9f21ad4ad,sslbl,Vidar C&C,"sslbl,2026-08-12",2026-08-12 12:42:52,2026-09-16 07:26:07,88
ssl_sha1,79e9e22d16866b1126c524c08afda88a225d6545,sslbl,ACRStealer C&C,"sslbl,2026-08-19",2026-08-19 16:06:13,2026-09-16 07:26:07,88
ssl_sha1,7a9be497f84c09e7591ba7c7d69539a6e0468302,sslbl,Vidar C&C,"sslbl,2026-08-24",2026-08-24 16:06:10,2026-09-16 07:26:07,88
ssl_sha1,7b5604ee44715ba0b4e92c2281f30c5a3416ca41,sslbl,ACRStealer C&C,"sslbl,2026-07-24",2026-07-24 17:35:21,2026-09-16 07:26:07,88
ssl_sha1,7bbac2b67988c36fa1dbd3a75dc06629f766ccaf,sslbl,Vidar C&C,"sslbl,2026-08-13",2026-08-13 20:13:53,2026-09-16 07:26:07,88
ssl_sha1,7bc298ef18b49cfd44b5b429209035207250e25e,sslbl,Vidar C&C,"sslbl,2026-09-14",2026-09-14 16:06:31,2026-09-16 07:26:07,88
ssl_sha1,7bdeed30f5501a30f6aecc3f3cc372f7e52d6ce0,sslbl,ConnectWise C&C,"sslbl,2026-08-07",2026-08-07 12:43:25,2026-09-16 07:26:07,88
ssl_sha1,7bf6011a10ea612968ea925608fa67b5d599863a,sslbl,Vidar C&C,"sslbl,2026-08-12",2026-08-12 12:42:52,2026-09-16 07:26:07,88
ssl_sha1,7bf78d44f61a05e919479a1cf3e0ce158a50a0c6,sslbl,AsyncRAT C&C,"sslbl,2026-08-18",2026-08-18 22:07:31,2026-09-16 07:26:07,88
ssl_sha1,7c3a6c14032bce06d59bd68a7b61a8b88fe222ac,sslbl,OffLoader C&C,"sslbl,2026-08-11",2026-08-11 12:42:27,2026-09-16 07:26:07,88
ssl_sha1,7d5d941b4a1e4732fad44cce2a4ded87a20d5508,sslbl,Vidar C&C,"sslbl,2026-09-06",2026-09-06 16:06:16,2026-09-16 07:26:07,88
ssl_sha1,7d7d8f52b3aee2d5233b2f8cc838cd08a6036c1d,sslbl,OffLoader C&C,"sslbl,2026-09-07",2026-09-07 16:06:32,2026-09-16 07:26:07,88
ssl_sha1,7f111c69f42266b474927156f103d70843e7f82b,sslbl,RatonRAT C&C,"sslbl,2026-08-27",2026-08-27 16:06:11,2026-09-16 07:26:07,88
ssl_sha1,7f1ed4a13d8a2ba6e690ecaf66a9dfa42dd8d9d1,sslbl,ValleyRAT C&C,"sslbl,2026-08-25",2026-08-25 16:07:37,2026-09-16 07:26:07,88
ssl_sha1,7f350973861d149efb83b0a1f51d0e0db0329dda,sslbl,Malware distribution,"sslbl,2026-09-09",2026-09-10 04:07:18,2026-09-16 07:26:07,88
ssl_sha1,7f44d36f1f6bd375ba4e4a7866328a76047ce498,sslbl,AsyncRAT C&C,"sslbl,2026-08-19",2026-08-19 16:06:13,2026-09-16 07:26:07,88
ssl_sha1,7f563e6df9b87f615f2d492ba68d5df373a6ca26,sslbl,ACRStealer C&C,"sslbl,2026-07-18",2026-07-19 05:20:40,2026-09-16 07:26:07,88
ssl_sha1,7f73eeb03e7df441484d4610c5a0c3a02f166989,sslbl,PureLogsStealer C&C,"sslbl,2026-08-20",2026-08-20 16:06:17,2026-09-16 07:26:07,88
ssl_sha1,7fa3afaafe3b7c5eab63712e58c9414a86d559ec,sslbl,AsyncRAT C&C,"sslbl,2026-09-06",2026-09-06 16:06:16,2026-09-16 07:26:07,88
ssl_sha1,80c36e681125d92c8edfbf7adce71d3bda48d1f9,sslbl,Malware distribution,"sslbl,2026-07-23",2026-07-24 05:35:19,2026-09-16 07:26:07,88
ssl_sha1,820cd09994b3e76f6e89926a4b94ec0ccacd888c,sslbl,OffLoader C&C,"sslbl,2026-07-23",2026-07-24 05:35:19,2026-09-16 07:26:07,88
ssl_sha1,83424f01b8b7262f3a3cd61048d3337afdcca58a,sslbl,KongTuke C&C,"sslbl,2026-07-16",2026-07-16 17:20:54,2026-09-16 07:26:07,88
ssl_sha1,841672d728070f0e4519a650a9c8618f9b80c502,sslbl,PureLogsStealer C&C,"sslbl,2026-08-28",2026-08-28 16:06:18,2026-09-16 07:26:07,88
ssl_sha1,847e013a4d337babfdf203eba82d2d32717b9d2d,sslbl,PureLogsStealer C&C,"sslbl,2026-08-10",2026-08-11 00:42:33,2026-09-16 07:26:07,88
ssl_sha1,8508e14457ad7de321edddf3688e124d5f1d652c,sslbl,Vidar C&C,"sslbl,2026-08-28",2026-08-28 16:06:18,2026-09-16 07:26:07,88
ssl_sha1,851e9888eda6290dc6d0c817ac0c82488a9e0bd8,sslbl,Vidar C&C,"sslbl,2026-09-01",2026-09-01 16:06:06,2026-09-16 07:26:07,88
ssl_sha1,865a8d01e86bcf06890c09c7b3e9f2c786d7e600,sslbl,PureRAT C&C,"sslbl,2026-08-20",2026-08-20 16:06:17,2026-09-16 07:26:07,88
ssl_sha1,87feeb825ed6c63616f07bcc03b76454c7e1612f,sslbl,Vidar C&C,"sslbl,2026-08-12",2026-08-12 12:42:52,2026-09-16 07:26:07,88
ssl_sha1,88b2180ded8f8a30de34b4dc84c2328bbd0af49f,sslbl,PureRAT C&C,"sslbl,2026-08-10",2026-08-10 12:42:40,2026-09-16 07:26:07,88
ssl_sha1,89bbec947a91917d4676037abb417ceb72770851,sslbl,Vidar C&C,"sslbl,2026-08-17",2026-08-17 08:13:04,2026-09-16 07:26:07,88
ssl_sha1,8a6a82fdb53374bd62b62120a007ceb19d4ad827,sslbl,OffLoader C&C,"sslbl,2026-08-11",2026-08-11 12:42:27,2026-09-16 07:26:07,88
ssl_sha1,8b41b8741c4d2a24de0aba241f742f043f1014d1,sslbl,Vidar C&C,"sslbl,2026-08-27",2026-08-27 16:06:11,2026-09-16 07:26:07,88
ssl_sha1,8bdf129211692888e48d0970e49a8559450974dc,sslbl,AdaptixC2 C&C,"sslbl,2026-08-07",2026-08-07 12:43:25,2026-09-16 07:26:07,88
ssl_sha1,8befa0033eaaa1693777be12aa7d9236a9caf188,sslbl,Vidar C&C,"sslbl,2026-08-11",2026-08-11 12:42:27,2026-09-16 07:26:07,88
ssl_sha1,8c2a430246ca36ca14885fe1a101c61eaab4a96c,sslbl,AsyncRAT C&C,"sslbl,2026-08-31",2026-08-31 16:06:17,2026-09-16 07:26:07,88
ssl_sha1,8c6132e27eb7bfe859029b583c55243baf3f3029,sslbl,PureRAT C&C,"sslbl,2026-08-20",2026-08-20 16:06:17,2026-09-16 07:26:07,88
ssl_sha1,8c798a5e27290e239890509e6b0c08c214664a87,sslbl,Vidar C&C,"sslbl,2026-08-12",2026-08-12 12:42:52,2026-09-16 07:26:07,88
ssl_sha1,8cbedfb429f0d39039f26e2ce229191f21723e88,sslbl,RatonRAT C&C,"sslbl,2026-09-01",2026-09-01 16:06:06,2026-09-16 07:26:07,88
ssl_sha1,8cffe4fa8f624cb4c15790c414e04acde61e3651,sslbl,QuasarRAT C&C,"sslbl,2026-09-12",2026-09-12 16:06:49,2026-09-16 07:26:07,88
ssl_sha1,8d2a3d5cb72fac2e04ef51b3e056ab6b75e3f408,sslbl,PureLogsStealer C&C,"sslbl,2026-09-09",2026-09-09 16:06:20,2026-09-16 07:26:07,88
ssl_sha1,8d6fdff168340e954aad4f0f924276cd5b6e31b2,sslbl,Vidar C&C,"sslbl,2026-08-18",2026-08-18 10:07:25,2026-09-16 07:26:07,88
ssl_sha1,8d8f084ddf2729d1f4747f2a428dd8d9b13e1cfa,sslbl,OffLoader C&C,"sslbl,2026-08-22",2026-08-22 16:06:16,2026-09-16 07:26:07,88
ssl_sha1,8e492f36b0c1412f2d872dc9d51c974d27733d47,sslbl,AsyncRAT C&C,"sslbl,2026-09-09",2026-09-10 04:07:18,2026-09-16 07:26:07,88
ssl_sha1,8f0bfca0ab1d555a035d5b498c9e26acdab3d7aa,sslbl,ACRStealer C&C,"sslbl,2026-08-10",2026-08-10 12:42:40,2026-09-16 07:26:07,88
ssl_sha1,8f0de55e89d97b4f3581f77805955a2b719563b8,sslbl,PureRAT C&C,"sslbl,2026-07-23",2026-07-24 05:35:19,2026-09-16 07:26:07,88
ssl_sha1,8f154a9a3584398eb6be34b0e2f05c79c63cea6a,sslbl,OffLoader C&C,"sslbl,2026-08-28",2026-08-29 04:06:17,2026-09-16 07:26:07,88
ssl_sha1,8f57a784420cc1f07ffc8b9e462edf468963834e,sslbl,ACRStealer C&C,"sslbl,2026-09-15",2026-09-16 06:55:33,2026-09-16 07:26:07,88
ssl_sha1,9000e46cabc64219fb1447d59d5443afcb412e36,sslbl,Vidar C&C,"sslbl,2026-07-21",2026-07-21 17:20:42,2026-09-16 07:26:07,88
ssl_sha1,90bbe9f7eacacb9bff89bbe1345a2cb4a30d2eed,sslbl,Vidar C&C,"sslbl,2026-09-15",2026-09-16 06:55:33,2026-09-16 07:26:07,88
ssl_sha1,919d5be1da2b1383786286d0fb199f4575db0d59,sslbl,Vidar C&C,"sslbl,2026-08-12",2026-08-12 12:42:52,2026-09-16 07:26:07,88
ssl_sha1,92bebc09af464e669c68d95052916e76f989e043,sslbl,Malware C&C,"sslbl,2026-08-04",2026-08-05 12:42:46,2026-09-16 07:26:07,88
ssl_sha1,930851db267db9c407bc5adaa9d49f5c994abece,sslbl,PureRAT C&C,"sslbl,2026-08-10",2026-08-10 12:42:40,2026-09-16 07:26:07,88
ssl_sha1,93edc2f5b2504b5700af766157b2aa96d1edd20f,sslbl,Malware C&C,"sslbl,2026-09-12",2026-09-12 16:06:49,2026-09-16 07:26:07,88
ssl_sha1,940df23eebede1e1e33a4c521ba05b4b37d04d68,sslbl,Vidar C&C,"sslbl,2026-08-11",2026-08-12 00:43:15,2026-09-16 07:26:07,88
ssl_sha1,942c595db95914eb4987a1e7ddd6f728fbc674ec,sslbl,PureLogsStealer C&C,"sslbl,2026-08-04",2026-08-05 12:42:46,2026-09-16 07:26:07,88
ssl_sha1,94711c109335059bb2dc4d338f33d3083004d6fa,sslbl,ACRStealer C&C,"sslbl,2026-08-28",2026-08-28 16:06:18,2026-09-16 07:26:07,88
ssl_sha1,94c2c17d919e1560dca7d4980e7f9c6eb5a402a0,sslbl,Vidar C&C,"sslbl,2026-08-14",2026-08-14 08:13:11,2026-09-16 07:26:07,88
ssl_sha1,952bcdeea03ea702626a30069c949581bf2d1b05,sslbl,Vidar C&C,"sslbl,2026-08-18",2026-08-18 22:07:31,2026-09-16 07:26:07,88
ssl_sha1,95a5eea4198c93663802a9ea047164b5497ea27f,sslbl,Malware C&C,"sslbl,2026-08-14",2026-08-14 08:13:11,2026-09-16 07:26:07,88
ssl_sha1,95fcb5ff7bd5e1d06b1e585af4ba3ceb95f01164,sslbl,Vidar C&C,"sslbl,2026-08-11",2026-08-11 12:42:27,2026-09-16 07:26:07,88
ssl_sha1,964d86f575c50b29d2b7157331d556859dd43e5e,sslbl,Vidar C&C,"sslbl,2026-08-05",2026-08-05 12:42:46,2026-09-16 07:26:07,88
ssl_sha1,969b40a4fd2fb579a29aed9b2f81a7cf5cc0b1db,sslbl,PureLogsStealer C&C,"sslbl,2026-08-27",2026-08-27 16:06:11,2026-09-16 07:26:07,88
ssl_sha1,971af46c861e6f88e60b7c07a4850e76423c5c4a,sslbl,ConnectWise C&C,"sslbl,2026-08-07",2026-08-07 12:43:25,2026-09-16 07:26:07,88
ssl_sha1,972c98978e420c02a8d8c5f87930dadc70adbbd8,sslbl,ConnectWise C&C,"sslbl,2026-09-04",2026-09-04 16:06:41,2026-09-16 07:26:07,88
ssl_sha1,97cceb2f57c3b60f9d94b4603ac55860aaa9e03d,sslbl,ConnectWise C&C,"sslbl,2026-08-04",2026-08-04 07:49:13,2026-09-16 07:26:07,88
ssl_sha1,97dd1d6a2bc5769af6e0a7999bfaf2aeaf5452a1,sslbl,Vidar C&C,"sslbl,2026-08-05",2026-08-05 12:42:46,2026-09-16 07:26:07,88
ssl_sha1,991bf55fc47c006b3eedf6b348296f9f7aba20eb,sslbl,PureLogsStealer C&C,"sslbl,2026-07-21",2026-07-21 17:20:42,2026-09-16 07:26:07,88
ssl_sha1,9959475fe7721d2c7ebb55e3d5b61ca1c79939f0,sslbl,ACRStealer C&C,"sslbl,2026-09-15",2026-09-16 06:55:33,2026-09-16 07:26:07,88
ssl_sha1,99e8e296eae361f7ddeb6ce7cc6d4bd521ee24b3,sslbl,Vidar C&C,"sslbl,2026-08-11",2026-08-11 12:42:27,2026-09-16 07:26:07,88
ssl_sha1,9a7e2e73f967101d75a3cb425b8980d50ca5c001,sslbl,ConnectWise C&C,"sslbl,2026-08-04",2026-08-04 07:49:13,2026-09-16 07:26:07,88
ssl_sha1,9aba7caceb4b84b49aaa4285d73183a94f4a50d5,sslbl,PureRAT C&C,"sslbl,2026-08-08",2026-08-09 00:42:39,2026-09-16 07:26:07,88
ssl_sha1,9b1d8ac99d61fbc0ba58655538c457db69c459e7,sslbl,PureLogsStealer C&C,"sslbl,2026-08-06",2026-08-06 12:43:05,2026-09-16 07:26:07,88
ssl_sha1,9b422835f6e86dcb59e08f1bb9a47576d98fff81,sslbl,Vidar C&C,"sslbl,2026-08-12",2026-08-12 12:42:52,2026-09-16 07:26:07,88
ssl_sha1,9b4c3ff8dc5891693f443320e3c1167c7cebe2b7,sslbl,QuasarRAT C&C,"sslbl,2026-08-13",2026-08-13 20:13:53,2026-09-16 07:26:07,88
ssl_sha1,9b5e0b2f2acb07fb226b8805b3a5fb5a28035e6e,sslbl,PureLogsStealer C&C,"sslbl,2026-08-04",2026-08-05 12:42:46,2026-09-16 07:26:07,88
ssl_sha1,9ba597b7a850fe598927a226f6ab2efd3050ff95,sslbl,Vidar C&C,"sslbl,2026-08-19",2026-08-20 04:06:14,2026-09-16 07:26:07,88
ssl_sha1,9bfa1f9e8d990faec4c91c5b9eaeb15898aff2e7,sslbl,ConnectWise C&C,"sslbl,2026-08-04",2026-08-04 07:49:13,2026-09-16 07:26:07,88
ssl_sha1,9c0a9291be46e42b67835dff9e6c767fd6660287,sslbl,Malware C&C,"sslbl,2026-08-22",2026-08-22 16:06:16,2026-09-16 07:26:07,88
ssl_sha1,9c124d9fc4b10c04767b554f02b92d6591175e8a,sslbl,PureRAT C&C,"sslbl,2026-07-21",2026-07-21 17:20:42,2026-09-16 07:26:07,88
ssl_sha1,9cd7f02e5bd6f0cb16141c3205aa9b00b0fce027,sslbl,PureLogsStealer C&C,"sslbl,2026-08-13",2026-08-13 20:13:53,2026-09-16 07:26:07,88
ssl_sha1,9d495a9c646e3962ac5445e9b4da6832164dc4ee,sslbl,OffLoader C&C,"sslbl,2026-08-28",2026-08-28 16:06:18,2026-09-16 07:26:07,88
ssl_sha1,9df53aa0bf7a64882c66ee9c8122b4eae9cf79a6,sslbl,HypeAgent C&C,"sslbl,2026-08-31",2026-08-31 16:06:17,2026-09-16 07:26:07,88
ssl_sha1,9ea13ee5065114aee007c91c941ac3f8483c4326,sslbl,Vidar C&C,"sslbl,2026-08-13",2026-08-13 08:13:02,2026-09-16 07:26:07,88
ssl_sha1,9f0464e29fb94333e1ad31740bf4d4bff89cbd28,sslbl,Vidar C&C,"sslbl,2026-08-28",2026-08-28 16:06:18,2026-09-16 07:26:07,88
ssl_sha1,9f7f53410f881c40adf0d4e16a67fd8c4446452a,sslbl,OffLoader C&C,"sslbl,2026-09-09",2026-09-09 16:06:20,2026-09-16 07:26:07,88
ssl_sha1,a0b782d798a48e117c995c9deb013c5cffb0ac58,sslbl,PureLogsStealer C&C,"sslbl,2026-08-11",2026-08-11 12:42:27,2026-09-16 07:26:07,88
ssl_sha1,a0d553e2a130766628359bea489166c63b9892d7,sslbl,Vidar C&C,"sslbl,2026-08-30",2026-08-30 16:06:18,2026-09-16 07:26:07,88
ssl_sha1,a1146ac98390794517ff821a3377458555100eb3,sslbl,PureLogsStealer C&C,"sslbl,2026-08-04",2026-08-05 12:42:46,2026-09-16 07:26:07,88
ssl_sha1,a18ccdbee8a145ba523641dc63189ad51cd04064,sslbl,PureRAT C&C,"sslbl,2026-08-21",2026-08-21 16:09:28,2026-09-16 07:26:07,88
ssl_sha1,a1f081f8dbb13e90a644017441c648053495a708,sslbl,VenomRAT C&C,"sslbl,2026-09-06",2026-09-06 16:06:16,2026-09-16 07:26:07,88
ssl_sha1,a45080c92a0b2314966517a4643ebf280e88a11b,sslbl,LummaStealer C&C,"sslbl,2026-08-14",2026-08-14 08:13:11,2026-09-16 07:26:07,88
ssl_sha1,a4a31d169043dc65fd2b36a0352564244c820b1d,sslbl,Malware C&C,"sslbl,2026-08-26",2026-08-26 16:06:11,2026-09-16 07:26:07,88
ssl_sha1,a52e17fe607d1e562e0cb67c6f2342e6b4dbf191,sslbl,Vidar C&C,"sslbl,2026-08-18",2026-08-18 10:07:25,2026-09-16 07:26:07,88
ssl_sha1,a5930d8e37f9f2874a281294d8508dd79df36b98,sslbl,ConnectWise C&C,"sslbl,2026-08-04",2026-08-04 07:49:13,2026-09-16 07:26:07,88
ssl_sha1,a5b119da03c543fa703dcf1f1470b547c88bc0ef,sslbl,Vidar C&C,"sslbl,2026-09-06",2026-09-06 16:06:16,2026-09-16 07:26:07,88
ssl_sha1,a5d4974f89b3751853ea918b1dea7564c7cb8185,sslbl,Vidar C&C,"sslbl,2026-08-27",2026-08-27 16:06:11,2026-09-16 07:26:07,88
ssl_sha1,a6268e092f3de555c67dac2f9e52eae979b3d8e3,sslbl,Vidar C&C,"sslbl,2026-08-17",2026-08-17 08:13:04,2026-09-16 07:26:07,88
ssl_sha1,a66308a1fb09c8345228ca00335e633b2dabde53,sslbl,Malware C&C,"sslbl,2026-09-06",2026-09-06 16:06:16,2026-09-16 07:26:07,88
ssl_sha1,a6df6eca49e13a8c5ebba1f86ca4c5766b1c1b97,sslbl,KongTuke C&C,"sslbl,2026-07-17",2026-07-17 17:21:06,2026-09-16 07:26:07,88
ssl_sha1,a6e6aa58bac84e56b868f5f618ef227b75d7208e,sslbl,QuasarRAT C&C,"sslbl,2026-08-29",2026-08-29 16:10:47,2026-09-16 07:26:07,88
ssl_sha1,a7a6a1125d19a58e8b9ca2c7d187915e06c0adce,sslbl,OffLoader C&C,"sslbl,2026-08-31",2026-08-31 16:06:17,2026-09-16 07:26:07,88
ssl_sha1,a7fa6117a38135c4d9c26ec7e37f15b361535edf,sslbl,Vidar C&C,"sslbl,2026-08-30",2026-08-30 16:06:18,2026-09-16 07:26:07,88
ssl_sha1,a974b9d90161d8c5221961c65a975d81959cdb40,sslbl,Vidar C&C,"sslbl,2026-08-30",2026-08-31 04:06:19,2026-09-16 07:26:07,88
ssl_sha1,a9ebd28ce7e4ac020e6d263e228b8547e1914bfa,sslbl,Vidar C&C,"sslbl,2026-08-06",2026-08-07 00:43:03,2026-09-16 07:26:07,88
ssl_sha1,aa50e1b4a6e7c66ba2ce4c1c82e62f8d74cd7202,sslbl,Vidar C&C,"sslbl,2026-08-21",2026-08-21 16:09:28,2026-09-16 07:26:07,88
ssl_sha1,aaaa57850472f7c23d75d9470b1f98655d5c3655,sslbl,OffLoader C&C,"sslbl,2026-08-08",2026-08-09 00:42:39,2026-09-16 07:26:07,88
ssl_sha1,aaf31b3f7acfe6dc859d1b6269c7e17337a61fd7,sslbl,OffLoader C&C,"sslbl,2026-08-26",2026-08-26 16:06:11,2026-09-16 07:26:07,88
ssl_sha1,ab273c45f00b156514b5b6be664484911dbed547,sslbl,PureRAT C&C,"sslbl,2026-08-20",2026-08-20 16:06:17,2026-09-16 07:26:07,88
ssl_sha1,ab43d834686476fef1094bb0f9c5eef7d0bcd2f9,sslbl,SparkRAT C&C,"sslbl,2026-08-19",2026-08-19 16:06:13,2026-09-16 07:26:07,88
ssl_sha1,ab53f86d2ce32d9306f431e8e82f39cb31f48a53,sslbl,Vidar C&C,"sslbl,2026-08-19",2026-08-19 16:06:13,2026-09-16 07:26:07,88
ssl_sha1,abacd13c43005d6868d9b586e029a1d6a74e1470,sslbl,ConnectWise C&C,"sslbl,2026-08-19",2026-08-19 16:06:13,2026-09-16 07:26:07,88
ssl_sha1,abe57abc8722c69494113060260ba340cd897744,sslbl,ShellterLoader C&C,"sslbl,2026-08-17",2026-08-17 18:44:22,2026-09-16 07:26:07,88
ssl_sha1,ad1e251a18db0657b238f75305b312593a6276a4,sslbl,PureLogsStealer C&C,"sslbl,2026-09-10",2026-09-10 16:06:38,2026-09-16 07:26:07,88
ssl_sha1,ad3cd2a04112f9ffec395649d537dc68bceb3754,sslbl,PureRAT C&C,"sslbl,2026-08-07",2026-08-07 12:43:25,2026-09-16 07:26:07,88
ssl_sha1,adfc8dd0c5e99a8e33b1df7d5c10fc9653342491,sslbl,ConnectWise C&C,"sslbl,2026-08-22",2026-08-22 16:06:16,2026-09-16 07:26:07,88
ssl_sha1,ae2744e9ad9fb574cb79ceff176cbfc982e4fddb,sslbl,ConnectWise C&C,"sslbl,2026-08-11",2026-08-11 12:42:27,2026-09-16 07:26:07,88
ssl_sha1,aec890965f808398c124d16d25255ac4ed1ce6ca,sslbl,Vidar C&C,"sslbl,2026-08-11",2026-08-11 12:42:27,2026-09-16 07:26:07,88
ssl_sha1,af1a7c59f98298c9d3542e306d0292bdf30b4388,sslbl,PureRAT C&C,"sslbl,2026-08-20",2026-08-20 16:06:17,2026-09-16 07:26:07,88
ssl_sha1,b00aa24dc7459e8a0a8f5fbb3d2a27bd646de1e3,sslbl,HypeAgent C&C,"sslbl,2026-08-18",2026-08-18 10:07:25,2026-09-16 07:26:07,88
ssl_sha1,b0cf2650da454ed5cc67102d95f8b9ba00602ead,sslbl,OffLoader C&C,"sslbl,2026-08-25",2026-08-25 16:07:37,2026-09-16 07:26:07,88
ssl_sha1,b0dfb9c6353dc65a3b503bcb2258db457c5b5947,sslbl,Malware C&C,"sslbl,2026-08-26",2026-08-26 16:06:11,2026-09-16 07:26:07,88
ssl_sha1,b1382377a32ee6c85e47edf264f1f6ef5b49e2a3,sslbl,PureLogsStealer C&C,"sslbl,2026-08-31",2026-08-31 16:06:17,2026-09-16 07:26:07,88
ssl_sha1,b14379b3743c37a26289499aca921c99998649f1,sslbl,QuasarRAT C&C,"sslbl,2026-08-04",2026-08-04 07:49:13,2026-09-16 07:26:07,88
ssl_sha1,b1709ae370ca3fb7ddb3fb49b6c1fca1303a4a97,sslbl,Vidar C&C,"sslbl,2026-09-06",2026-09-07 04:07:00,2026-09-16 07:26:07,88
ssl_sha1,b23101487158938dc99bd731fe372634ad768a0f,sslbl,PureRAT C&C,"sslbl,2026-08-13",2026-08-13 08:13:02,2026-09-16 07:26:07,88
ssl_sha1,b26d3f583556acab11cbfa864f596c143b15f32d,sslbl,Vidar C&C,"sslbl,2026-08-17",2026-08-17 08:13:04,2026-09-16 07:26:07,88
ssl_sha1,b28f42ca50cfb259dfc8dfe16e13631da75d6397,sslbl,PureLogsStealer C&C,"sslbl,2026-08-20",2026-08-20 16:06:17,2026-09-16 07:26:07,88
ssl_sha1,b2b4ba87b84f146bbd2f8baa34ea5d555945af28,sslbl,Vidar C&C,"sslbl,2026-09-06",2026-09-06 16:06:16,2026-09-16 07:26:07,88
ssl_sha1,b2e42b1a036329fa6fef4477d35887b1d357711e,sslbl,Vidar C&C,"sslbl,2026-08-04",2026-08-04 07:49:13,2026-09-16 07:26:07,88
ssl_sha1,b34240912bc1f09b2e2342363647616b1088a1b0,sslbl,PureRAT C&C,"sslbl,2026-08-29",2026-08-29 16:10:47,2026-09-16 07:26:07,88
ssl_sha1,b364395fee8c2e4c9eaf9a2531f6f7ac7bf8e4ae,sslbl,QuasarRAT C&C,"sslbl,2026-08-10",2026-08-10 12:42:40,2026-09-16 07:26:07,88
ssl_sha1,b3cbb7925cba0c91ef00f0208b35cfffc96614c7,sslbl,PureRAT C&C,"sslbl,2026-09-06",2026-09-06 16:06:16,2026-09-16 07:26:07,88
ssl_sha1,b43fde87eccd529d630ac6c5aa28931a3e6d52bf,sslbl,OffLoader C&C,"sslbl,2026-09-11",2026-09-11 16:06:11,2026-09-16 07:26:07,88
ssl_sha1,b5b8bebd73d8e8aec88ccc17b1e27c34921667ae,sslbl,Vidar C&C,"sslbl,2026-08-08",2026-08-09 00:42:39,2026-09-16 07:26:07,88
ssl_sha1,b5daf66c6f8a99f2d6fe3fc678264598ec140049,sslbl,PureRAT C&C,"sslbl,2026-09-07",2026-09-07 16:06:32,2026-09-16 07:26:07,88
ssl_sha1,b5f071dd28b511f0b4b067507602a779feb4301f,sslbl,AsyncRAT C&C,"sslbl,2026-08-11",2026-08-11 12:42:27,2026-09-16 07:26:07,88
ssl_sha1,b637337f25fe0290aaa04de866605bd70748c263,sslbl,Vidar C&C,"sslbl,2026-09-06",2026-09-06 16:06:16,2026-09-16 07:26:07,88
ssl_sha1,b72b8c162f5b2fe045e0445f9be1937d98279092,sslbl,OffLoader C&C,"sslbl,2026-08-19",2026-08-19 16:06:13,2026-09-16 07:26:07,88
ssl_sha1,b73835be5d6f7dbb40f9df1347745bbb0963783c,sslbl,PureLogsStealer C&C,"sslbl,2026-08-26",2026-08-26 16:06:11,2026-09-16 07:26:07,88
ssl_sha1,b7c2e44b35ac1ac31efad28747f2bc44f5d28de8,sslbl,PureRAT C&C,"sslbl,2026-07-21",2026-07-21 17:20:42,2026-09-16 07:26:07,88
ssl_sha1,b7c32dab3a4cd691ddcfee4bc1fed6d1d6f81c18,sslbl,AsyncRAT C&C,"sslbl,2026-09-07",2026-09-07 16:06:32,2026-09-16 07:26:07,88
ssl_sha1,b8b339de5ea80d17fb5ce2eb144d7ba28b33337a,sslbl,RatonRAT C&C,"sslbl,2026-07-21",2026-07-21 17:20:42,2026-09-16 07:26:07,88
ssl_sha1,b8b347f5d18be90876c3d3a5458b6e60598246bd,sslbl,PureLogsStealer C&C,"sslbl,2026-08-04",2026-08-05 12:42:46,2026-09-16 07:26:07,88
ssl_sha1,b8b410c62bcb320c20cfee554f472df3fa5734e4,sslbl,PureLogsStealer C&C,"sslbl,2026-08-06",2026-08-06 12:43:05,2026-09-16 07:26:07,88
ssl_sha1,b94eb3bcd4a57442c30e14dd2067b0c6c46d9619,sslbl,ConnectWise C&C,"sslbl,2026-08-21",2026-08-21 16:09:28,2026-09-16 07:26:07,88
ssl_sha1,b95285b6b061fd0acf6a5ae95433d703f52d1872,sslbl,PureLogsStealer C&C,"sslbl,2026-08-21",2026-08-21 16:09:28,2026-09-16 07:26:07,88
ssl_sha1,b9e2100c0408138edfedb92704bfc57ef9fb59f0,sslbl,PureLogsStealer C&C,"sslbl,2026-08-10",2026-08-10 12:42:40,2026-09-16 07:26:07,88
ssl_sha1,ba3714d484afb75fd03911c59aa096cee9595955,sslbl,QuasarRAT C&C,"sslbl,2026-09-15",2026-09-16 06:55:33,2026-09-16 07:26:07,88
ssl_sha1,ba98762c6eadc76480a1a97ec9c8b54a3002bc10,sslbl,PureLogsStealer C&C,"sslbl,2026-09-09",2026-09-09 16:06:20,2026-09-16 07:26:07,88
ssl_sha1,bd12ed0d3f8dac14cb7de27202b10331831dc8c7,sslbl,OffLoader C&C,"sslbl,2026-09-08",2026-09-08 16:06:37,2026-09-16 07:26:07,88
ssl_sha1,bdf0b04d7bb20782260ab2c2340da6b85e9f63c0,sslbl,PureRAT C&C,"sslbl,2026-07-23",2026-07-24 05:35:19,2026-09-16 07:26:07,88
ssl_sha1,be12aa485facf3375cc2416e1f8fb28541136b83,sslbl,ConnectWise C&C,"sslbl,2026-08-29",2026-08-29 16:10:47,2026-09-16 07:26:07,88
ssl_sha1,be5b37f69a9cf825cca6d9b0e27e3aeaf0903721,sslbl,ACRStealer C&C,"sslbl,2026-08-27",2026-08-27 16:06:11,2026-09-16 07:26:07,88
ssl_sha1,bf192adc3dcaba7412e15b567de22e3f3150bbf7,sslbl,PureLogsStealer C&C,"sslbl,2026-08-21",2026-08-21 16:09:28,2026-09-16 07:26:07,88
ssl_sha1,bfb6503c7c6ce8af43c41197a7fcaec491baa810,sslbl,Vidar C&C,"sslbl,2026-09-01",2026-09-01 16:06:06,2026-09-16 07:26:07,88
ssl_sha1,bfbcd2802186b6c5707f7ff6341b87c12b97f4a4,sslbl,PureRAT C&C,"sslbl,2026-08-30",2026-08-30 16:06:18,2026-09-16 07:26:07,88
ssl_sha1,c0b1920e3d73babea5c2ef2af7ba72977e65586b,sslbl,Vidar C&C,"sslbl,2026-08-12",2026-08-12 12:42:52,2026-09-16 07:26:07,88
ssl_sha1,c0cd4ac67f8a4febf1c340eb0c914252e8ebf881,sslbl,PureLogsStealer C&C,"sslbl,2026-07-23",2026-07-24 05:35:19,2026-09-16 07:26:07,88
ssl_sha1,c2826e64fffde42b99ba86c30055eb2dbd064319,sslbl,OffLoader C&C,"sslbl,2026-08-05",2026-08-05 12:42:46,2026-09-16 07:26:07,88
ssl_sha1,c31650da58712771ad83fd5c6cef97905a255cc5,sslbl,AsyncRAT C&C,"sslbl,2026-07-17",2026-07-17 17:21:06,2026-09-16 07:26:07,88
ssl_sha1,c3e6df2402e57af3e0b7c66f8282efec4a387ac6,sslbl,OffLoader C&C,"sslbl,2026-09-15",2026-09-16 06:55:33,2026-09-16 07:26:07,88
ssl_sha1,c4e9396a3a0543fa79cc0a8f23395f90a15e03b0,sslbl,AsyncRAT C&C,"sslbl,2026-07-16",2026-07-16 17:20:54,2026-09-16 07:26:07,88
ssl_sha1,c6d367c9312830fbe81f12e8be9f1d56d2e10b13,sslbl,PureRAT C&C,"sslbl,2026-08-20",2026-08-20 16:06:17,2026-09-16 07:26:07,88
ssl_sha1,c78af78d930e82506823c8ececf1140c7035d8ef,sslbl,OffLoader C&C,"sslbl,2026-09-12",2026-09-12 16:06:49,2026-09-16 07:26:07,88
ssl_sha1,c7abcfeba6d01d0b78b8c690ab1d8d06078ddf11,sslbl,ConnectWise C&C,"sslbl,2026-08-07",2026-08-07 12:43:25,2026-09-16 07:26:07,88
ssl_sha1,c7ec4c2fa1678702ae684a069cf37a4eef16ef27,sslbl,AsyncRAT C&C,"sslbl,2026-07-23",2026-07-24 05:35:19,2026-09-16 07:26:07,88
ssl_sha1,c877ab2eec4efcc42bae4819dce27744bd41c0ef,sslbl,HypeAgent C&C,"sslbl,2026-09-01",2026-09-01 16:06:06,2026-09-16 07:26:07,88
ssl_sha1,ca49f3e687d1e1559ffcd877d6292f9997d7782b,sslbl,Malware C&C,"sslbl,2026-07-21",2026-07-21 17:20:42,2026-09-16 07:26:07,88
ssl_sha1,ca8a5bbb1e6b22fa9ad9757c50f1bdaf2c22011d,sslbl,OffLoader C&C,"sslbl,2026-08-30",2026-08-30 16:06:18,2026-09-16 07:26:07,88
ssl_sha1,ca9e642c1028f3a7fa79947493c34a981705a05d,sslbl,DonutLoader C&C,"sslbl,2026-08-04",2026-08-05 12:42:46,2026-09-16 07:26:07,88
ssl_sha1,cab93f3d490ed168600f08e5cc4a55d4e8c503c8,sslbl,ConnectWise C&C,"sslbl,2026-09-01",2026-09-01 16:06:06,2026-09-16 07:26:07,88
ssl_sha1,cb2d6049ca9e2a20d92f8ee6ae28060d9d460b85,sslbl,OffLoader C&C,"sslbl,2026-09-08",2026-09-08 16:06:37,2026-09-16 07:26:07,88
ssl_sha1,cb4e3c26f38c41dee4cbb27b77f46221e71821d1,sslbl,ACRStealer C&C,"sslbl,2026-09-15",2026-09-16 06:55:33,2026-09-16 07:26:07,88
ssl_sha1,cbde10c2baa3d573791b7e6044ba4e8f15094cd2,sslbl,PureRAT C&C,"sslbl,2026-08-08",2026-08-09 00:42:39,2026-09-16 07:26:07,88
ssl_sha1,cc7d79ea8261997821ca3c8ad44b61023ad5af89,sslbl,Vidar C&C,"sslbl,2026-08-11",2026-08-11 12:42:27,2026-09-16 07:26:07,88
ssl_sha1,ccc880d541544fedae179d9adcff6f8c74741aed,sslbl,PureRAT C&C,"sslbl,2026-08-04",2026-08-04 07:49:13,2026-09-16 07:26:07,88
ssl_sha1,cd07a2a4c9a93703dc8d1d4e72a12e1cec7f41c7,sslbl,ACRStealer C&C,"sslbl,2026-07-23",2026-07-24 05:35:19,2026-09-16 07:26:07,88
ssl_sha1,cd4fbb7112546836c61911e6b3a09770b6aebf29,sslbl,DCAgentRMM C&C,"sslbl,2026-09-04",2026-09-04 16:06:41,2026-09-16 07:26:07,88
ssl_sha1,cede10451532b072c7017c49ef4fcd273301a826,sslbl,ConnectWise C&C,"sslbl,2026-08-07",2026-08-07 12:43:25,2026-09-16 07:26:07,88
ssl_sha1,cfce3aaff2ad3eae49b37a60d606984bd1492e16,sslbl,PureLogsStealer C&C,"sslbl,2026-07-22",2026-07-22 17:20:46,2026-09-16 07:26:07,88
ssl_sha1,cfe6dcd7527099d525ffa8cec0bd1ab5020d47a7,sslbl,Vidar C&C,"sslbl,2026-08-08",2026-08-09 00:42:39,2026-09-16 07:26:07,88
ssl_sha1,d08e16884011f6910fe8087a74dac507ff7d2a6a,sslbl,ACRStealer C&C,"sslbl,2026-07-24",2026-07-24 17:35:21,2026-09-16 07:26:07,88
ssl_sha1,d0944e5765a9b5767d3cf02e3bdd9f466c5391b7,sslbl,Vidar C&C,"sslbl,2026-08-14",2026-08-14 08:13:11,2026-09-16 07:26:07,88
ssl_sha1,d0e596efec703d8645be9af9f1ab51b27714d9ec,sslbl,ConnectWise C&C,"sslbl,2026-08-19",2026-08-19 16:06:13,2026-09-16 07:26:07,88
ssl_sha1,d0eec27b6184ec84b6c3274869667f608e30de16,sslbl,PureRAT C&C,"sslbl,2026-08-20",2026-08-20 16:06:17,2026-09-16 07:26:07,88
ssl_sha1,d123d7f43d63545c7a8f643acbe73e81f35c3f14,sslbl,QuasarRAT C&C,"sslbl,2026-08-28",2026-08-28 16:06:18,2026-09-16 07:26:07,88
ssl_sha1,d18f8b968bd5981971d6699bdc4ed7b96a3e7248,sslbl,Vidar C&C,"sslbl,2026-08-14",2026-08-14 08:13:11,2026-09-16 07:26:07,88
ssl_sha1,d268bd42f68634bb226be6b56dc4b7c13e930d2a,sslbl,PureLogsStealer C&C,"sslbl,2026-08-31",2026-08-31 16:06:17,2026-09-16 07:26:07,88
ssl_sha1,d2ea1d53e2027b0378fa9346965edbcc0215e251,sslbl,DCRat C&C,"sslbl,2026-09-02",2026-09-02 16:07:20,2026-09-16 07:26:07,88
ssl_sha1,d31628ba7beba86d4beecc67ae79fea667c1a11e,sslbl,OffLoader C&C,"sslbl,2026-08-12",2026-08-12 12:42:52,2026-09-16 07:26:07,88
ssl_sha1,d359f356ed88b04089b7afe53f13a913382bd4da,sslbl,PureRAT C&C,"sslbl,2026-09-09",2026-09-09 16:06:20,2026-09-16 07:26:07,88
ssl_sha1,d35b4be8b535918a0656df6b58c8ed8fb23692e0,sslbl,PureRAT C&C,"sslbl,2026-08-06",2026-08-06 12:43:05,2026-09-16 07:26:07,88
ssl_sha1,d43c9f366658adf98f67c12dd8fcb3bca52db900,sslbl,Vidar C&C,"sslbl,2026-08-29",2026-08-29 16:10:47,2026-09-16 07:26:07,88
ssl_sha1,d447d27a879fe80420dc54244870f3f7d25993bb,sslbl,PureLogsStealer C&C,"sslbl,2026-07-23",2026-07-24 05:35:19,2026-09-16 07:26:07,88
ssl_sha1,d45abb7b4fc7a67b785708f4ba88c080b3d0207c,sslbl,ConnectWise C&C,"sslbl,2026-08-19",2026-08-19 16:06:13,2026-09-16 07:26:07,88
ssl_sha1,d490abc2eba705abb1b6391b9be0a12f1e75331b,sslbl,PureLogsStealer C&C,"sslbl,2026-07-16",2026-07-16 17:20:54,2026-09-16 07:26:07,88
ssl_sha1,d538bd18d7e63dfe3a67c02c253cc277e2b9733a,sslbl,DCAgentRMM C&C,"sslbl,2026-09-06",2026-09-06 16:06:16,2026-09-16 07:26:07,88
ssl_sha1,d55545d9e23fbf6f6b667d4e055454de1108a627,sslbl,Malware C&C,"sslbl,2026-09-01",2026-09-01 16:06:06,2026-09-16 07:26:07,88
ssl_sha1,d5fdf320afff16aee74bb14f25ef245ea75928ad,sslbl,ACRStealer C&C,"sslbl,2026-08-12",2026-08-12 12:42:52,2026-09-16 07:26:07,88
ssl_sha1,d7c3d38e27ab758c908f81b72a6fea1cd1af7369,sslbl,PureLogsStealer C&C,"sslbl,2026-08-04",2026-08-04 07:49:13,2026-09-16 07:26:07,88
ssl_sha1,d7d3f678f9b63334375db11eecc81be2db4db6f0,sslbl,ConnectWise C&C,"sslbl,2026-08-07",2026-08-07 12:43:25,2026-09-16 07:26:07,88
ssl_sha1,d8614f6c4127ebeaf66a898a8e7ce3801cf03c30,sslbl,PureLogsStealer C&C,"sslbl,2026-08-12",2026-08-12 12:42:52,2026-09-16 07:26:07,88
ssl_sha1,d8bdc29b8e9cdd5a849185ca6042d9c6f90d12e7,sslbl,Malware C&C,"sslbl,2026-08-22",2026-08-22 16:06:16,2026-09-16 07:26:07,88
ssl_sha1,d8f9205907b3bd3de4fb0513e5c53f167064a452,sslbl,OffLoader C&C,"sslbl,2026-09-14",2026-09-14 16:06:31,2026-09-16 07:26:07,88
ssl_sha1,d962e722e22971c6b81f89befbbe949241b8c2ec,sslbl,OffLoader C&C,"sslbl,2026-08-21",2026-08-21 16:09:28,2026-09-16 07:26:07,88
ssl_sha1,d9da2988d90a2479eb45e1fc66ff46b04f2289f2,sslbl,ACRStealer C&C,"sslbl,2026-08-28",2026-08-28 16:06:18,2026-09-16 07:26:07,88
ssl_sha1,da016d8c7ef2176f549cd35927d92a6d9cc9e253,sslbl,PureLogsStealer C&C,"sslbl,2026-09-10",2026-09-10 16:06:38,2026-09-16 07:26:07,88
ssl_sha1,da841f680c2699118b0f96b74c16b0625e03f180,sslbl,Amadey C&C,"sslbl,2026-08-10",2026-08-10 12:42:40,2026-09-16 07:26:07,88
ssl_sha1,dac0432f5f74d7d465966420968c96166217923f,sslbl,Vidar C&C,"sslbl,2026-08-31",2026-08-31 16:06:17,2026-09-16 07:26:07,88
ssl_sha1,db7000ad8c148580941840ce41d8efb95f478854,sslbl,ACRStealer C&C,"sslbl,2026-09-12",2026-09-12 16:06:49,2026-09-16 07:26:07,88
ssl_sha1,db767b560efd2f6811b4c4adf2b0fdaee18fdad5,sslbl,PureLogsStealer C&C,"sslbl,2026-08-04",2026-08-05 12:42:46,2026-09-16 07:26:07,88
ssl_sha1,db787c8625b794b3d2385274bfdf8f34d731d7d9,sslbl,Vidar C&C,"sslbl,2026-08-27",2026-08-27 16:06:11,2026-09-16 07:26:07,88
ssl_sha1,dbb503055e3d10fa9d7c07f445e1cf6e5959f038,sslbl,PureRAT C&C,"sslbl,2026-08-25",2026-08-25 16:07:37,2026-09-16 07:26:07,88
ssl_sha1,dcd0ddb2675731126703bc235532e2fe60457b2a,sslbl,PureRAT C&C,"sslbl,2026-09-02",2026-09-02 16:07:20,2026-09-16 07:26:07,88
ssl_sha1,dce637479f61ac7c43c869dcce6b6a050ee29917,sslbl,ACRStealer C&C,"sslbl,2026-08-12",2026-08-12 12:42:52,2026-09-16 07:26:07,88
ssl_sha1,dcf9b87b04998fde1fa03e83bfb8fec67ab1e1e1,sslbl,ConnectWise C&C,"sslbl,2026-08-04",2026-08-04 07:49:13,2026-09-16 07:26:07,88
ssl_sha1,dd7323e5437c503d3b0f4bc1d268dfffd58b80ab,sslbl,Malware C&C,"sslbl,2026-08-11",2026-08-11 12:42:27,2026-09-16 07:26:07,88
ssl_sha1,dd95dacb4419bad92d3d39fa274af4acc1cb6988,sslbl,ConnectWise C&C,"sslbl,2026-08-04",2026-08-04 07:49:13,2026-09-16 07:26:07,88
ssl_sha1,ddac606a1cf89b62cad44ca59ae7986378f191e7,sslbl,OffLoader C&C,"sslbl,2026-08-27",2026-08-27 16:06:11,2026-09-16 07:26:07,88
ssl_sha1,ddfdf0aa1923b91144b9886e63430e063ad115a8,sslbl,OffLoader C&C,"sslbl,2026-08-29",2026-08-29 16:10:47,2026-09-16 07:26:07,88
ssl_sha1,de0a287fb9997f0ffbd36df79b13cfda63f0bfcd,sslbl,QuasarRAT C&C,"sslbl,2026-09-06",2026-09-06 16:06:16,2026-09-16 07:26:07,88
ssl_sha1,de7567aa2ce367cb0915ffd8eb55b1e320e726c9,sslbl,PureLogsStealer C&C,"sslbl,2026-08-21",2026-08-21 16:09:28,2026-09-16 07:26:07,88
ssl_sha1,de7a6af567763e1b73a97ed52a1b2166807d8ffc,sslbl,ConnectWise C&C,"sslbl,2026-07-23",2026-07-23 18:30:39,2026-09-16 07:26:07,88
ssl_sha1,ded1fe95801f3c3fd8a1c73360fbaef6697bcf34,sslbl,Malware distribution,"sslbl,2026-08-05",2026-08-05 12:42:46,2026-09-16 07:26:07,88
ssl_sha1,dfde6725130631a83b3d0dc221736bad3db16918,sslbl,OffLoader C&C,"sslbl,2026-08-14",2026-08-14 08:13:11,2026-09-16 07:26:07,88
ssl_sha1,e00005ae100b2af24cf6d7f71b7cd123f8b916be,sslbl,DCRat C&C,"sslbl,2026-09-07",2026-09-07 16:06:32,2026-09-16 07:26:07,88
ssl_sha1,e05145a93b7b5def1ca6c0e356cc4cdba3cbed9f,sslbl,Vidar C&C,"sslbl,2026-07-21",2026-07-21 17:20:42,2026-09-16 07:26:07,88
ssl_sha1,e0ffdffb5d9bf9216ea5e70d4fe2bae919f5a6ca,sslbl,OffLoader C&C,"sslbl,2026-08-20",2026-08-20 16:06:17,2026-09-16 07:26:07,88
ssl_sha1,e11c9cfa144ec7da0f1b77838fd02cfb7e897eaa,sslbl,Vidar C&C,"sslbl,2026-08-11",2026-08-11 12:42:27,2026-09-16 07:26:07,88
ssl_sha1,e129189e0ed0545baad30c054b5f51301d766516,sslbl,OffLoader C&C,"sslbl,2026-09-13",2026-09-14 04:06:32,2026-09-16 07:26:07,88
ssl_sha1,e15c7bdeb747a9fff47c514a10229a2a59d1157d,sslbl,AnimateClipper C&C,"sslbl,2026-07-29",2026-07-29 17:37:13,2026-09-16 07:26:07,88
ssl_sha1,e1fadee899789d8e802b8b88dcf67e4cae82ccf1,sslbl,Vidar C&C,"sslbl,2026-08-20",2026-08-20 16:06:17,2026-09-16 07:26:07,88
ssl_sha1,e265df346af246b4a57b638872957cacce04f289,sslbl,DumplingsRAT C&C,"sslbl,2026-08-26",2026-08-26 16:06:11,2026-09-16 07:26:07,88
ssl_sha1,e39fdf1800919f6dd77d89bcdbc0b1fe8a9352eb,sslbl,Vidar C&C,"sslbl,2026-08-18",2026-08-18 22:07:31,2026-09-16 07:26:07,88
ssl_sha1,e458b2ccf8647aee41d64e46d1baadfc49e9e853,sslbl,OffLoader C&C,"sslbl,2026-09-14",2026-09-14 16:06:31,2026-09-16 07:26:07,88
ssl_sha1,e481c58f5012d5d8a5177bf84b055fc93c06e32e,sslbl,NetSupport C&C,"sslbl,2026-08-29",2026-08-29 16:10:47,2026-09-16 07:26:07,88
ssl_sha1,e61c15649184bdcdb39ae1fee964f8681677da35,sslbl,Vidar C&C,"sslbl,2026-09-06",2026-09-06 16:06:16,2026-09-16 07:26:07,88
ssl_sha1,e61c2fca353a70e5eef94a7a6a0d72fa1fcd2df2,sslbl,Amadey C&C,"sslbl,2026-08-10",2026-08-10 12:42:40,2026-09-16 07:26:07,88
ssl_sha1,e63b53c2c26b9bff8f20e018efe7c166ec3c4acd,sslbl,ConnectWise C&C,"sslbl,2026-08-07",2026-08-07 12:43:25,2026-09-16 07:26:07,88
ssl_sha1,e649d5c0e33423531f5404ed8f985a3fc42fb934,sslbl,OffLoader C&C,"sslbl,2026-09-06",2026-09-06 16:06:16,2026-09-16 07:26:07,88
ssl_sha1,e6b44935f6416b11d4ec5d51bbcae9e6f2ab5ce7,sslbl,OffLoader C&C,"sslbl,2026-08-08",2026-08-09 00:42:39,2026-09-16 07:26:07,88
ssl_sha1,e6cc4eebe2d73c7174be4be73bc00d4642122ac4,sslbl,ACRStealer C&C,"sslbl,2026-07-27",2026-07-27 17:35:21,2026-09-16 07:26:07,88
ssl_sha1,e85536b156e0cd96f57d1925fb4f9fadaf825b9a,sslbl,Malware C&C,"sslbl,2026-09-03",2026-09-03 16:06:37,2026-09-16 07:26:07,88
ssl_sha1,e86cb30b97c8af13b305fa5cdc7357e23f633447,sslbl,AsyncRAT C&C,"sslbl,2026-07-16",2026-07-16 17:20:54,2026-09-16 07:26:07,88
ssl_sha1,e953a8c7f135a5b8867b9dfcfc2a1b402f1e289e,sslbl,PureLogsStealer C&C,"sslbl,2026-08-13",2026-08-13 20:13:53,2026-09-16 07:26:07,88
ssl_sha1,ec70fdbbd715a57474807302b27f3eb124b05049,sslbl,Vidar C&C,"sslbl,2026-08-12",2026-08-12 12:42:52,2026-09-16 07:26:07,88
ssl_sha1,ecae976f3eabcaad996e0a431d47bcead61dfb5e,sslbl,RatonRAT C&C,"sslbl,2026-08-21",2026-08-21 16:09:28,2026-09-16 07:26:07,88
ssl_sha1,ece1b6bdc8e62d35188aab274bdb0be28d84c43f,sslbl,QuasarRAT C&C,"sslbl,2026-08-06",2026-08-07 00:43:03,2026-09-16 07:26:07,88
ssl_sha1,ed0d4b2a9c090b6af6c99fd5b899831da206d835,sslbl,Vidar C&C,"sslbl,2026-07-30",2026-07-31 05:35:34,2026-09-16 07:26:07,88
ssl_sha1,ed312f7ad58a9faec6d3c93aabf598335fdf494c,sslbl,Vidar C&C,"sslbl,2026-08-31",2026-08-31 16:06:17,2026-09-16 07:26:07,88
ssl_sha1,edbd45e54859ad7082efb79465ba938bb2581132,sslbl,OffLoader C&C,"sslbl,2026-08-18",2026-08-18 22:07:31,2026-09-16 07:26:07,88
ssl_sha1,edd934290c1a24e425d4d6f6c82a08ebc392b89f,sslbl,OffLoader C&C,"sslbl,2026-08-25",2026-08-25 16:07:37,2026-09-16 07:26:07,88
ssl_sha1,eedeb11bc67df6c7b7a714512a59dc346c1b4271,sslbl,Socks5Systemz C&C,"sslbl,2026-08-26",2026-08-26 16:06:11,2026-09-16 07:26:07,88
ssl_sha1,ef5c2a4999763064e2213dbe1c8ed696c0e8914b,sslbl,Vidar C&C,"sslbl,2026-08-29",2026-08-29 16:10:47,2026-09-16 07:26:07,88
ssl_sha1,ef74c5ab92e15e7226ba84cce3a45522c74ba902,sslbl,PureLogsStealer C&C,"sslbl,2026-08-06",2026-08-06 12:43:05,2026-09-16 07:26:07,88
ssl_sha1,ef771150284da548676c603f5a4e1cd2763fd27f,sslbl,PureLogsStealer C&C,"sslbl,2026-08-04",2026-08-04 07:49:13,2026-09-16 07:26:07,88
ssl_sha1,efed7c2a381b7d580caf89354c93991ac2de65b3,sslbl,OffLoader C&C,"sslbl,2026-08-26",2026-08-26 16:06:11,2026-09-16 07:26:07,88
ssl_sha1,f0e6af342ccf5fe1beb177e2bf3cb2cac4aa1fa6,sslbl,RatonRAT C&C,"sslbl,2026-08-31",2026-08-31 16:06:17,2026-09-16 07:26:07,88
ssl_sha1,f166dfb0e185cab2e7bfdfff50edc67f238195c3,sslbl,Vidar C&C,"sslbl,2026-09-15",2026-09-16 06:55:33,2026-09-16 07:26:07,88
ssl_sha1,f351f7dbe9c583f75758b39cd307f5359d110c73,sslbl,AsyncRAT C&C,"sslbl,2026-08-18",2026-08-18 22:07:31,2026-09-16 07:26:07,88
ssl_sha1,f3a38c4fa9a59b250a0a2d351af061fce6a21995,sslbl,ConnectWise C&C,"sslbl,2026-08-11",2026-08-11 12:42:27,2026-09-16 07:26:07,88
ssl_sha1,f3ba11a6cb8be921ee0fbd326de9a66220bcc82f,sslbl,Vidar C&C,"sslbl,2026-08-15",2026-08-15 20:13:12,2026-09-16 07:26:07,88
ssl_sha1,f4bcfdf7f5ae1e7732a26da5135223f3ef8ebcde,sslbl,ACRStealer C&C,"sslbl,2026-09-15",2026-09-16 06:55:33,2026-09-16 07:26:07,88
ssl_sha1,f50e245dc1e4a89d6cf5e07e31ae1392a3f9ad20,sslbl,AsyncRAT C&C,"sslbl,2026-08-14",2026-08-14 08:13:11,2026-09-16 07:26:07,88
ssl_sha1,f52ace7c91f1ad88a78ea62eab06e000e2f88f16,sslbl,PureRAT C&C,"sslbl,2026-08-20",2026-08-20 16:06:17,2026-09-16 07:26:07,88
ssl_sha1,f567b9fc86b00e059bdfea261466360804fbdb38,sslbl,Vidar C&C,"sslbl,2026-09-12",2026-09-12 16:06:49,2026-09-16 07:26:07,88
ssl_sha1,f5c8ee530b1fd817432a4bafad12126d1ae744d4,sslbl,PureLogsStealer C&C,"sslbl,2026-08-04",2026-08-05 12:42:46,2026-09-16 07:26:07,88
ssl_sha1,f9a55e7a59b0fcbd7df9f5a445475480368598ce,sslbl,PureLogsStealer C&C,"sslbl,2026-07-17",2026-07-17 17:21:06,2026-09-16 07:26:07,88
ssl_sha1,fa62c7ce7b7ec943d8853832560bc5a386aaf17e,sslbl,HypeAgent C&C,"sslbl,2026-08-18",2026-08-18 10:07:25,2026-09-16 07:26:07,88
ssl_sha1,fa9ce5456e315652b1373bf913ac45ae7bb4358a,sslbl,Vidar C&C,"sslbl,2026-08-12",2026-08-12 12:42:52,2026-09-16 07:26:07,88
ssl_sha1,fabe6574c3ef1f4a4782c88475755b7b97f1410d,sslbl,HypeAgent C&C,"sslbl,2026-08-31",2026-08-31 16:06:17,2026-09-16 07:26:07,88
ssl_sha1,fb23354c98647902b717bbcc68657256a5dddd37,sslbl,ACRStealer C&C,"sslbl,2026-08-19",2026-08-19 16:06:13,2026-09-16 07:26:07,88
ssl_sha1,fba4408cd54abbe1ba49117ceab8a90335b03217,sslbl,Vidar C&C,"sslbl,2026-08-31",2026-08-31 16:06:17,2026-09-16 07:26:07,88
ssl_sha1,fc5d9dddb01c263a67e7c485e04277afa82fbabf,sslbl,Vidar C&C,"sslbl,2026-08-17",2026-08-17 08:13:04,2026-09-16 07:26:07,88
ssl_sha1,fca24c810592604f11de7dc12dc790c91cc118df,sslbl,ConnectWise C&C,"sslbl,2026-08-19",2026-08-19 16:06:13,2026-09-16 07:26:07,88
ssl_sha1,fcfc3b257b12e4c699e343f4c415b60f642d88f6,sslbl,Vidar C&C,"sslbl,2026-09-13",2026-09-14 04:06:32,2026-09-16 07:26:07,88
ssl_sha1,fd6a25dcc16de5e9b0a4563f8d8c94a5941bf437,sslbl,ConnectWise C&C,"sslbl,2026-08-19",2026-08-19 16:06:13,2026-09-16 07:26:07,88
ssl_sha1,fd78e771cab22c3afad8a5d5c448ff05268f20dd,sslbl,Vidar C&C,"sslbl,2026-08-27",2026-08-27 16:06:11,2026-09-16 07:26:07,88
ssl_sha1,fe50e363165e3e8d789daf4dc378f50a70f35a8a,sslbl,Vidar C&C,"sslbl,2026-07-30",2026-07-31 05:35:34,2026-09-16 07:26:07,88
ssl_sha1,ff4362ad98a2821b067bc4ae0624b7da832aad83,sslbl,OffLoader C&C,"sslbl,2026-08-19",2026-08-19 16:06:13,2026-09-16 07:26:07,88
ssl_sha1,ffa6be04fe2e9c6b79776dcfc7ad3f41a403a64d,sslbl,PureRAT C&C,"sslbl,2026-08-18",2026-08-18 22:07:31,2026-09-16 07:26:07,88
ssl_sha1,ffc71a7ba96b8801333ea2b9e7cd05d4cc2f718d,sslbl,Malware C&C,"sslbl,2026-08-11",2026-08-12 00:43:15,2026-09-16 07:26:07,88
url,http://103.162.159.189:33238/Mozi.m,threatfox,Mozi,"threatfox,elf,iot,Mozi",2026-09-16 06:55:34,2026-09-16 07:26:07,85
url,http://103.172.186.195:57313/bin.sh,urlhaus,malware_download,mirai,2026-09-16 06:49:38,2026-09-16 07:26:07,85
url,http://103.172.186.195:57313/i,urlhaus,malware_download,mirai,2026-09-16 06:49:38,2026-09-16 07:26:07,85
url,http://115.50.88.23:50240/bin.sh,urlhaus,malware_download,Mozi,2026-09-16 06:49:38,2026-09-16 07:26:07,85
url,http://115.50.88.23:50240/i,urlhaus,malware_download,Mozi,2026-09-16 06:49:38,2026-09-16 07:26:07,85
url,http://115.54.114.29:45001/bin.sh,urlhaus,malware_download,"32-bit,elf,mips,Mozi",2026-09-16 06:49:38,2026-09-16 07:26:07,85
url,http://115.63.80.217:45926/i,urlhaus,malware_download,"32-bit,elf,mips,Mozi",2026-09-16 06:49:38,2026-09-16 07:26:07,85
url,http://116.139.179.199:57442/bin.sh,urlhaus,malware_download,"32-bit,elf,mips,Mozi",2026-09-16 06:49:38,2026-09-16 07:26:07,85
url,http://117.89.249.214:37833/Mozi.m,threatfox,Mozi,"threatfox,elf,iot,Mozi",2026-09-16 06:55:34,2026-09-16 07:26:07,85
url,http://123.10.58.75:51373/bin.sh,urlhaus,malware_download,"32-bit,elf,mips,Mozi",2026-09-16 06:49:38,2026-09-16 07:26:07,85
url,http://123.10.58.75:51373/i,urlhaus,malware_download,"32-bit,elf,mips,Mozi",2026-09-16 06:49:38,2026-09-16 07:26:07,85
url,http://123.4.186.144:56531/bin.sh,urlhaus,malware_download,Mozi,2026-09-16 06:49:38,2026-09-16 07:26:07,85
url,http://123.4.186.144:56531/i,urlhaus,malware_download,"32-bit,elf,mips,Mozi",2026-09-16 06:49:38,2026-09-16 07:26:07,85
url,http://144.31.215.199:889/l.sh,urlhaus,malware_download,"elf,iot",2026-09-16 06:49:38,2026-09-16 07:26:07,85
url,http://151.241.154.172:32014/b/amd64,urlhaus,malware_download,"honeypot,ssh",2026-09-16 06:49:38,2026-09-16 07:26:07,85
url,http://151.241.154.172:32014/b/kal64,urlhaus,malware_download,"honeypot,ssh",2026-09-16 06:49:38,2026-09-16 07:26:07,85
url,http://151.241.154.172:32014/b/kswpad,urlhaus,malware_download,"honeypot,ssh",2026-09-16 06:49:38,2026-09-16 07:26:07,85
url,http://151.241.154.172:32014/b/linux,urlhaus,malware_download,"honeypot,ssh",2026-09-16 06:49:38,2026-09-16 07:26:07,85
url,http://151.241.154.172:32014/s/amd64,urlhaus,malware_download,"honeypot,ssh",2026-09-16 06:49:38,2026-09-16 07:26:07,85
url,http://151.241.154.172:32014/s/kal64,urlhaus,malware_download,"BillGates,honeypot,ssh",2026-09-16 06:49:38,2026-09-16 07:26:07,85
url,http://151.241.154.172:32014/s/kswpad,urlhaus,malware_download,"BillGates,honeypot,ssh",2026-09-16 06:49:38,2026-09-16 07:26:07,85
url,http://151.241.154.172:32014/s/linux,urlhaus,malware_download,"honeypot,ssh",2026-09-16 06:49:38,2026-09-16 07:26:07,85
url,http://153.117.13.0:59969/Mozi.a,threatfox,Mozi,"threatfox,elf,iot,Mozi",2026-09-16 06:55:34,2026-09-16 07:26:07,85
url,http://153.117.32.196:50508/Mozi.m,threatfox,Mozi,"threatfox,elf,iot,Mozi",2026-09-16 06:55:34,2026-09-16 07:26:07,85
url,http://153.117.55.4:52319/Mozi.m,threatfox,Mozi,"threatfox,elf,iot,Mozi",2026-09-16 06:55:34,2026-09-16 07:26:07,85
url,http://163.245.192.197/nixw,urlhaus,malware_download,,2026-09-16 06:49:38,2026-09-16 07:26:07,85
url,http://163.245.192.197/ok,urlhaus,malware_download,mirai,2026-09-16 06:49:38,2026-09-16 07:26:07,85
url,http://175.150.92.98:60118/i,urlhaus,malware_download,"32-bit,elf,mips,Mozi",2026-09-16 06:49:38,2026-09-16 07:26:07,85
url,http://175.168.218.36:41691/bin.sh,urlhaus,malware_download,"32-bit,elf,mips,Mozi",2026-09-16 06:49:38,2026-09-16 07:26:07,85
url,http://175.172.151.3:41755/bin.sh,urlhaus,malware_download,mirai,2026-09-16 06:49:38,2026-09-16 07:26:07,85
url,http://176.65.139.206/AGbot.armv7l,urlhaus,malware_download,"32-bit,arm,elf,mirai",2026-09-16 06:49:38,2026-09-16 07:26:07,85
url,http://180.106.103.6:45586/bin.sh,urlhaus,malware_download,,2026-09-16 06:49:38,2026-09-16 07:26:07,85
url,http://182.121.84.47:56335/bin.sh,urlhaus,malware_download,"32-bit,elf,mips,Mozi",2026-09-16 06:49:38,2026-09-16 07:26:07,85
url,http://193.233.126.2:8081/a/YmxlemU.1790098882.475fddc06147e94da0857a4af3d771f5,urlhaus,malware_download,"Arvion,ARVION RAT,powershell,rat",2026-09-16 06:49:38,2026-09-16 07:26:07,85
url,http://193.233.126.2:8081/worker?=bleze,urlhaus,malware_download,"Arvion,ARVION RAT,powershell,rat",2026-09-16 06:49:38,2026-09-16 07:26:07,85
url,http://213.232.114.14/handshakebins.sh;curl,urlhaus,malware_download,"cowrie,honeypot",2026-09-16 06:49:38,2026-09-16 07:26:07,85
url,http://213.232.114.14/nokillbins/handshakebins.sh,urlhaus,malware_download,"honeypot,ssh",2026-09-16 06:49:38,2026-09-16 07:26:07,85
url,http://213.232.114.14/nokillbins/kworker,urlhaus,malware_download,wraith,2026-09-16 06:49:38,2026-09-16 07:26:07,85
url,http://213.232.114.14/nokillbins/telnet,urlhaus,malware_download,wraith,2026-09-16 06:49:38,2026-09-16 07:26:07,85
url,http://213.232.114.14/nokillbins/telnetd,urlhaus,malware_download,wraith,2026-09-16 06:49:38,2026-09-16 07:26:07,85
url,http://219.156.3.173:58122/bin.sh,urlhaus,malware_download,,2026-09-16 06:49:38,2026-09-16 07:26:07,85
url,http://219.156.3.173:58122/i,urlhaus,malware_download,,2026-09-16 06:49:38,2026-09-16 07:26:07,85
url,http://220.201.155.202:51800/bin.sh,urlhaus,malware_download,"32-bit,elf,mips,Mozi",2026-09-16 06:49:38,2026-09-16 07:26:07,85
url,http://221.14.172.171:60014/i,urlhaus,malware_download,"32-bit,elf,mips,Mozi",2026-09-16 06:49:38,2026-09-16 07:26:07,85
url,http://221.15.95.175:40726/bin.sh,urlhaus,malware_download,"32-bit,elf,mips,Mozi",2026-09-16 06:49:38,2026-09-16 07:26:07,85
url,http://221.15.95.175:40726/i,urlhaus,malware_download,"32-bit,elf,mips,Mozi",2026-09-16 06:49:38,2026-09-16 07:26:07,85
url,http://222.136.136.168:46469/bin.sh,urlhaus,malware_download,"32-bit,elf,mips,Mozi",2026-09-16 06:49:38,2026-09-16 07:26:07,85
url,http://222.136.136.168:46469/i,urlhaus,malware_download,"32-bit,elf,mips,Mozi",2026-09-16 06:49:38,2026-09-16 07:26:07,85
url,http://222.137.80.33:58904/bin.sh,urlhaus,malware_download,"32-bit,elf,mips,Mozi",2026-09-16 06:49:38,2026-09-16 07:26:07,85
url,http://222.137.80.33:58904/i,urlhaus,malware_download,"32-bit,elf,mips,Mozi",2026-09-16 06:49:38,2026-09-16 07:26:07,85
url,http://222.139.94.14:58889/bin.sh,urlhaus,malware_download,"32-bit,elf,mips,Mozi",2026-09-16 06:49:38,2026-09-16 07:26:07,85
url,http://222.141.46.30:49993/i,urlhaus,malware_download,Mozi,2026-09-16 06:49:38,2026-09-16 07:26:07,85
url,http://222.142.214.152:60003/bin.sh,urlhaus,malware_download,"32-bit,elf,mips,Mozi",2026-09-16 06:49:38,2026-09-16 07:26:07,85
url,http://223.112.189.134:33646/bin.sh,urlhaus,malware_download,"32-bit,elf,mips,Mozi",2026-09-16 06:49:38,2026-09-16 07:26:07,85
url,http://223.123.41.70:38519/Mozi.m,threatfox,Mozi,"threatfox,elf,iot,Mozi",2026-09-16 06:55:34,2026-09-16 07:26:07,85
url,http://36.255.33.120:57274/Mozi.m,threatfox,Mozi,"threatfox,elf,iot,Mozi",2026-09-16 06:55:34,2026-09-16 07:26:07,85
url,http://36.69.76.226:50576/i,urlhaus,malware_download,mirai,2026-09-16 06:49:38,2026-09-16 07:26:07,85
url,http://36.70.141.227:44719/bin.sh,urlhaus,malware_download,mirai,2026-09-16 06:49:38,2026-09-16 07:26:07,85
url,http://36.70.141.227:44719/i,urlhaus,malware_download,mirai,2026-09-16 06:49:38,2026-09-16 07:26:07,85
url,http://37.13.199.103:27056/i,urlhaus,malware_download,"32-bit,elf,mips,Mozi",2026-09-16 06:49:38,2026-09-16 07:26:07,85
url,http://38.46.31.127:35558/bin.sh,urlhaus,malware_download,mirai,2026-09-16 06:49:38,2026-09-16 07:26:07,85
url,http://38.46.31.127:35558/i,urlhaus,malware_download,mirai,2026-09-16 06:49:38,2026-09-16 07:26:07,85
url,http://42.226.72.151:46612/bin.sh,urlhaus,malware_download,"32-bit,elf,mips,Mozi",2026-09-16 06:49:38,2026-09-16 07:26:07,85
url,http://42.242.156.21:60767/bin.sh,urlhaus,malware_download,"32-bit,arm,elf,mirai,Mozi",2026-09-16 06:49:38,2026-09-16 07:26:07,85
url,http://59.103.100.4:41691/Mozi.m,threatfox,Mozi,"threatfox,elf,iot,Mozi",2026-09-16 06:55:34,2026-09-16 07:26:07,85
url,http://61.53.153.121:48751/i,urlhaus,malware_download,Mozi,2026-09-16 06:49:38,2026-09-16 07:26:07,85
url,http://72.255.3.136:50106/Mozi.m,threatfox,Mozi,"threatfox,elf,iot,Mozi",2026-09-16 06:55:34,2026-09-16 07:26:07,85
url,http://91.92.242.236/files-129312398/files/file_0ad97829e0695995.exe,urlhaus,malware_download,"54e64e,CoinMiner,dropped-by-amadey",2026-09-16 06:49:38,2026-09-16 07:26:07,85
url,http://91.92.242.236/files-129312398/files/file_765cc3c172f33aca.exe,urlhaus,malware_download,"c2-monitor-auto,dropped-by-amadey",2026-09-16 06:49:38,2026-09-16 07:26:07,85
url,http://91.92.242.236/files-129312398/files/file_969692206502d224.exe,urlhaus,malware_download,"c2-monitor-auto,dropped-by-amadey",2026-09-16 06:49:38,2026-09-16 07:26:07,85
url,http://91.92.242.236/files-129312398/files/file_9889dceb663c963e.exe,urlhaus,malware_download,"c2-monitor-auto,dropped-by-amadey",2026-09-16 06:49:38,2026-09-16 07:26:07,85
url,http://91.92.242.236/files-129312398/files/file_b7f2a3d3dff58949.exe,urlhaus,malware_download,"c2-monitor-auto,dropped-by-amadey",2026-09-16 06:49:38,2026-09-16 07:26:07,85
url,http://91.92.242.236/files-129312398/files/file_d52322573ab40371.exe,urlhaus,malware_download,"c2-monitor-auto,dropped-by-amadey",2026-09-16 06:49:38,2026-09-16 07:26:07,85
url,http://booohop.shop:5627/categories,threatfox,Remus,"threatfox,remus",2026-09-16 06:55:34,2026-09-16 07:26:07,85
url,http://booohop.shop:5627/documents,threatfox,Remus,"threatfox,remus",2026-09-16 06:55:34,2026-09-16 07:26:07,85
url,http://booohop.shop:5627/images,threatfox,Remus,"threatfox,remus",2026-09-16 06:55:34,2026-09-16 07:26:07,85
url,http://booohop.shop:5627/imports,threatfox,Remus,"threatfox,remus",2026-09-16 06:55:34,2026-09-16 07:26:07,85
url,http://cruahop.shop:8213/accounts,threatfox,Remus,"threatfox,remus",2026-09-16 06:55:34,2026-09-16 07:26:07,85
url,http://cruahop.shop:8213/images,threatfox,Remus,"threatfox,remus",2026-09-16 06:55:34,2026-09-16 07:26:07,85
url,http://drepace.click:7289/documents,threatfox,Remus,"threatfox,remus",2026-09-16 06:55:34,2026-09-16 07:26:07,85
url,http://spiohop.shop:9932/attachments,threatfox,Remus,"threatfox,remus",2026-09-16 06:55:34,2026-09-16 07:26:07,85
url,http://spiohop.shop:9932/events,threatfox,Remus,"threatfox,remus",2026-09-16 06:55:34,2026-09-16 07:26:07,85
url,http://spiohop.shop:9932/orders,threatfox,Remus,"threatfox,remus",2026-09-16 06:55:34,2026-09-16 07:26:07,85
url,http://spiohop.shop:9932/profiles,threatfox,Remus,"threatfox,remus",2026-09-16 06:55:34,2026-09-16 07:26:07,85
url,http://spiohop.shop:9932/tasks,threatfox,Remus,"threatfox,remus",2026-09-16 06:55:34,2026-09-16 07:26:07,85
url,http://spiohop.shop:9932/teams,threatfox,Remus,"threatfox,remus",2026-09-16 06:55:34,2026-09-16 07:26:07,85
url,http://teculse.click:9210/documents,threatfox,Remus,"threatfox,remus",2026-09-16 06:55:34,2026-09-16 07:26:07,85
url,http://teculse.click:9210/files,threatfox,Remus,"threatfox,remus",2026-09-16 06:55:34,2026-09-16 07:26:07,85
url,http://teculse.click:9210/folders,threatfox,Remus,"threatfox,remus",2026-09-16 06:55:34,2026-09-16 07:26:07,85
url,http://teculse.click:9210/webhooks,threatfox,Remus,"threatfox,remus",2026-09-16 06:55:34,2026-09-16 07:26:07,85
url,https://104.253.18.206,threatfox,Vidar,"threatfox,363d88e5a9c1d1a3f45f3741a6e2fcaa,c2,loader,stealer,Vidar",2026-09-16 06:55:34,2026-09-16 07:26:07,85
url,https://198-macros.com/198-Macros-Cracked-v1.4.0.jar,urlhaus,malware_download,"jar,minecraft,SilentNet,stealer",2026-09-16 06:49:38,2026-09-16 07:26:07,85
url,https://217.60.98.234,threatfox,Vidar,"threatfox,c2,ed408229c833efec8c0541ec087087c2,loader,stealer,Vidar",2026-09-16 06:55:34,2026-09-16 07:26:07,85
url,https://22qq-client.com/22qq-client-1.21.11.jar,urlhaus,malware_download,"jar,minecraft,SilentNet,stealer",2026-09-16 06:49:38,2026-09-16 07:26:07,85
url,https://31.59.44.104,threatfox,Vidar,"threatfox,3c967638c9707bd9a6aa9b0d44570c7a,c2,loader,stealer,Vidar",2026-09-16 06:55:34,2026-09-16 07:26:07,85
url,https://84.200.125.134,threatfox,Vidar,"threatfox,29234a87d7e35de44c898ddb6becb28a,c2,loader,stealer,Vidar",2026-09-16 06:55:34,2026-09-16 07:26:07,85
url,https://agapehomechoice.com/,threatfox,Unknown malware,"threatfox,ClickFix",2026-09-16 06:55:34,2026-09-16 07:26:07,85
url,https://ahsniper.com/AH-Sniper-26.2.jar,urlhaus,malware_download,"jar,minecraft,SilentNet,stealer",2026-09-16 06:49:38,2026-09-16 07:26:07,85
url,https://billowing-lab-d15f.pentagon-e8b.workers.dev/downloads/Xenon_Client_1.21_X.jar,urlhaus,malware_download,"jar,minecraft,SilentNet,stealer",2026-09-16 06:49:38,2026-09-16 07:26:07,85
url,https://breezeclient.com/BreezeLoader-1.21.11.jar,urlhaus,malware_download,"jar,minecraft,SilentNet,stealer",2026-09-16 06:49:38,2026-09-16 07:26:07,85
url,https://cdn.jsdelivr.net/gh/19875567137/465636664593hfgd/475333927k,threatfox,ClearFake,"threatfox,ClearFake",2026-09-16 06:55:34,2026-09-16 07:26:07,85
url,https://cdn.jsdelivr.net/gh/19875567137/465636664593hfgd/65646683-hgfj,threatfox,ClearFake,"threatfox,ClearFake",2026-09-16 06:55:34,2026-09-16 07:26:07,85
url,https://cdn.jsdelivr.net/gh/19875567137/4756211933kfd/hdfe847299432,threatfox,ClearFake,"threatfox,ClearFake",2026-09-16 06:55:34,2026-09-16 07:26:07,85
url,https://cdn.jsdelivr.net/gh/19875567137/dhr4563956664/orcahub34-12,threatfox,ClearFake,"threatfox,ClearFake",2026-09-16 06:55:34,2026-09-16 07:26:07,85
url,https://cdn.jsdelivr.net/gh/F819-39-A/764-D-A148-B414/0x546E8694L,threatfox,ClearFake,"threatfox,ClearFake",2026-09-16 06:55:34,2026-09-16 07:26:07,85
url,https://cdn.jsdelivr.net/gh/F819-39-A/764-D-A148-B414/1797L,threatfox,ClearFake,"threatfox,ClearFake",2026-09-16 06:55:34,2026-09-16 07:26:07,85
url,https://cdn.jsdelivr.net/gh/F819-39-A/764-D-A148-B414/1859294348L,threatfox,ClearFake,"threatfox,ClearFake",2026-09-16 06:55:34,2026-09-16 07:26:07,85
url,https://cdn.jsdelivr.net/gh/F819-39-A/764-D-A148-B414/5B2-0F-C-3,threatfox,ClearFake,"threatfox,ClearFake",2026-09-16 06:55:34,2026-09-16 07:26:07,85
url,https://cdn.jsdelivr.net/gh/F819-39-A/764-D-A148-B414/D087F-D-AB-26,threatfox,ClearFake,"threatfox,ClearFake",2026-09-16 06:55:34,2026-09-16 07:26:07,85
url,https://cheetoclient.com/CheetoClient-26.2.jar,urlhaus,malware_download,"jar,minecraft,SilentNet,stealer",2026-09-16 06:49:38,2026-09-16 07:26:07,85
url,https://chordapple.com/SGct2K,threatfox,ClearFake,"threatfox,ClearFake,ClickFix,EtherHiding,EtherHidingMagecart",2026-09-16 06:55:34,2026-09-16 07:26:07,85
url,https://cold5.gofile.io/download/direct/32c5d36f-84ae-4b1f-8209-58b5baccb060/crypt_dropper_8a3513f654a94876.exe,urlhaus,malware_download,"c2-monitor-auto,dropped-by-amadey",2026-09-16 06:49:38,2026-09-16 07:26:07,85
url,https://correspondabb.com/SGct2K,threatfox,ClearFake,"threatfox,ClearFake,ClickFix,EtherHiding,EtherHidingMagecart",2026-09-16 06:55:34,2026-09-16 07:26:07,85
url,https://debugify.net/Debugify-1.21.11.jar,urlhaus,malware_download,"jar,minecraft,SilentNet,stealer",2026-09-16 06:49:38,2026-09-16 07:26:07,85
url,https://donutclients.net/donut-duper-26.2.jar,urlhaus,malware_download,"jar,minecraft,SilentNet,stealer",2026-09-16 06:49:38,2026-09-16 07:26:07,85
url,https://dulkir-mod.com/DulkirMod-Fabric-26.2.jar,urlhaus,malware_download,"jar,minecraft,SilentNet,stealer",2026-09-16 06:49:38,2026-09-16 07:26:07,85
url,https://fa.177betwin.org/,threatfox,Vidar,"threatfox,vidar",2026-09-16 06:55:34,2026-09-16 07:26:07,85
url,https://fa.qq1x.org,threatfox,Vidar,"threatfox,c2,d11f5c04051e332b9cfaabcb37c2ada9,loader,stealer,Vidar",2026-09-16 06:55:34,2026-09-16 07:26:07,85
url,https://familyaddons.com/FamilyAddons-1.21.11.jar,urlhaus,malware_download,"jar,minecraft,SilentNet,stealer",2026-09-16 06:49:38,2026-09-16 07:26:07,85
url,https://floppaclient.com/FloppaClient-1.21.11.jar,urlhaus,malware_download,"jar,minecraft,SilentNet,stealer",2026-09-16 06:49:38,2026-09-16 07:26:07,85
url,https://funnymap.net/FunnyMap-26.2.jar,urlhaus,malware_download,"jar,minecraft,SilentNet,stealer",2026-09-16 06:49:38,2026-09-16 07:26:07,85
url,https://gamblerigmod.org/gamble-rig-26.2.jar,urlhaus,malware_download,"jar,minecraft,SilentNet,stealer",2026-09-16 06:49:38,2026-09-16 07:26:07,85
url,https://ghostclient.net/GhostClient-26.2.jar,urlhaus,malware_download,"jar,minecraft,SilentNet,stealer",2026-09-16 06:49:38,2026-09-16 07:26:07,85
url,https://id.177betwin.org/,threatfox,Vidar,"threatfox,vidar",2026-09-16 06:55:34,2026-09-16 07:26:07,85
url,https://id.qq1x.org,threatfox,Vidar,"threatfox,8dbad9a375e8878a31856816a5750204,c2,loader,stealer,Vidar",2026-09-16 06:55:34,2026-09-16 07:26:07,85
url,https://ingestdot.net,threatfox,Unknown malware,"threatfox,ClickFix,Etherhide",2026-09-16 06:55:34,2026-09-16 07:26:07,85
url,https://ingestdot.net/first_allow_host,threatfox,Unknown malware,"threatfox,ClickFix,Etherhide",2026-09-16 06:55:34,2026-09-16 07:26:07,85
url,https://ingestdot.net/get_verify,threatfox,Unknown malware,"threatfox,ClickFix,Etherhide",2026-09-16 06:55:34,2026-09-16 07:26:07,85
url,https://ingestdot.net/js/all.min.js,threatfox,Unknown malware,"threatfox,ClickFix,Etherhide",2026-09-16 06:55:34,2026-09-16 07:26:07,85
url,https://invmove.com/InvMove-Fabric-1.21.11-v0.9.3.jar,urlhaus,malware_download,"jar,minecraft,SilentNet,stealer",2026-09-16 06:49:38,2026-09-16 07:26:07,85
url,https://kryptonclient-cracked.com/Krypton-Client-1.21.10-V6.jar,urlhaus,malware_download,"jar,minecraft,SilentNet,stealer",2026-09-16 06:49:38,2026-09-16 07:26:07,85
url,https://kryptonclientcrack.lovable.app/downloads/KryptonClient-Crack.jar,urlhaus,malware_download,"jar,minecraft,stealer,WeedHack",2026-09-16 06:49:38,2026-09-16 07:26:07,85
url,https://luminexclient.com/luminex-client-1.21.4-beta.jar,urlhaus,malware_download,"jar,minecraft,SilentNet,stealer",2026-09-16 06:49:38,2026-09-16 07:26:07,85
url,https://marlowclient.com/MarlowClient-26.2.jar,urlhaus,malware_download,"jar,minecraft,SilentNet,stealer",2026-09-16 06:49:38,2026-09-16 07:26:07,85
url,https://meteorclients.com/Meteor_Client-1.21.11-53.jar,urlhaus,malware_download,"jar,minecraft,stealer,WeedHack",2026-09-16 06:49:38,2026-09-16 07:26:07,85
url,https://modhider.com/ModHider-26.2.jar,urlhaus,malware_download,"jar,minecraft,SilentNet,stealer",2026-09-16 06:49:38,2026-09-16 07:26:07,85
url,https://noamaddons.com/NoamAddons-26.2.jar,urlhaus,malware_download,"jar,minecraft,SilentNet,stealer",2026-09-16 06:49:38,2026-09-16 07:26:07,85
url,https://nova-client.com/Nova-Client-1.21.11-latest.jar,urlhaus,malware_download,"jar,minecraft,SilentNet,stealer",2026-09-16 06:49:38,2026-09-16 07:26:07,85
url,https://odinclient.com/OdinClient-26.2.jar,urlhaus,malware_download,"jar,minecraft,SilentNet,stealer",2026-09-16 06:49:38,2026-09-16 07:26:07,85
url,https://pacer-gov.com,threatfox,Unknown malware,"threatfox,ClickFix,Etherhide",2026-09-16 06:55:34,2026-09-16 07:26:07,85
url,https://phantom-client.com/Phantom-Client-26.2.jar,urlhaus,malware_download,"jar,minecraft,SilentNet,stealer",2026-09-16 06:49:38,2026-09-16 07:26:07,85
url,https://polarclient.net/PolarClient-Cracked-26.2.jar,urlhaus,malware_download,"jar,minecraft,SilentNet,stealer",2026-09-16 06:49:38,2026-09-16 07:26:07,85
url,https://polinexclient.org/Polinex-Fabric-1.21.jar,urlhaus,malware_download,"jar,minecraft,SilentNet,stealer",2026-09-16 06:49:38,2026-09-16 07:26:07,85
url,https://prestige-client.org/PrestigeLoader-26.2.jar,urlhaus,malware_download,"jar,minecraft,SilentNet,stealer",2026-09-16 06:49:38,2026-09-16 07:26:07,85
url,https://purple-fire-dc7e.pentagon-e8b.workers.dev/downloads/Astralux-1.21+.jar,urlhaus,malware_download,"jar,minecraft,SilentNet,stealer",2026-09-16 06:49:38,2026-09-16 07:26:07,85
url,https://rehearsal-b.com/SGct2K,threatfox,ClearFake,"threatfox,ClearFake,ClickFix,EtherHiding,EtherHidingMagecart",2026-09-16 06:55:34,2026-09-16 07:26:07,85
url,https://sigmaclient.net/SigmaClient-Fabric-1.21.jar,urlhaus,malware_download,"jar,minecraft,SilentNet,stealer",2026-09-16 06:49:38,2026-09-16 07:26:07,85
url,https://skyblock-addons.com/SkyblockAddons-26.2.jar,urlhaus,malware_download,"jar,minecraft,SilentNet,stealer",2026-09-16 06:49:38,2026-09-16 07:26:07,85
url,https://skyblock-extras.org/SkyblockExtras-26.2.jar,urlhaus,malware_download,"jar,minecraft,SilentNet,stealer",2026-09-16 06:49:38,2026-09-16 07:26:07,85
url,https://statpipeplus.com/first_allow_host,threatfox,Unknown malware,"threatfox,ClickFix,Etherhide",2026-09-16 06:55:34,2026-09-16 07:26:07,85
url,https://statpipeplus.com/get_verify,threatfox,Unknown malware,"threatfox,ClickFix,Etherhide",2026-09-16 06:55:34,2026-09-16 07:26:07,85
url,https://statpipeplus.com/js/all.min.js,threatfox,Unknown malware,"threatfox,ClickFix,Etherhide",2026-09-16 06:55:34,2026-09-16 07:26:07,85
url,https://time.austriaeast.cloudapp.azure.com,threatfox,EtherRAT,"threatfox,EtherRat",2026-09-16 06:55:34,2026-09-16 07:26:07,85
url,https://timesync.westus2.cloudapp.azure.com,threatfox,EtherRAT,"threatfox,EtherRat",2026-09-16 06:55:34,2026-09-16 07:26:07,85
url,https://tracewaytech.com/first_allow_host,threatfox,Unknown malware,"threatfox,ClickFix,Etherhide",2026-09-16 06:55:34,2026-09-16 07:26:07,85
url,https://tracewaytech.com/get_verify,threatfox,Unknown malware,"threatfox,ClickFix,Etherhide",2026-09-16 06:55:34,2026-09-16 07:26:07,85
url,https://tracewaytech.com/js/all.min.js,threatfox,Unknown malware,"threatfox,ClickFix,Etherhide",2026-09-16 06:55:34,2026-09-16 07:26:07,85
url,https://uh.qq1x.org,threatfox,Vidar,"threatfox,94262af4cd814e09d82a2d78526e1403,c2,loader,stealer,Vidar",2026-09-16 06:55:34,2026-09-16 07:26:07,85
url,https://uno-play.xyz/download/uno-setup-1.0.0.exe,urlhaus,malware_download,"Electron,exe,spyware,stealer",2026-09-16 06:49:38,2026-09-16 07:26:07,85
url,https://welcome.v-panel.asia/,threatfox,Vidar,threatfox,2026-09-16 06:55:34,2026-09-16 07:26:07,85
url,https://wielixclient.com/WielixClient-v2.1.0-1.21.11.jar,urlhaus,malware_download,"jar,minecraft,SilentNet,stealer",2026-09-16 06:49:38,2026-09-16 07:26:07,85
url,https://windowsdiagnostics.st/api/static/loading,urlhaus,malware_download,"jar,minecraft,SilentNet,stealer",2026-09-16 06:49:38,2026-09-16 07:26:07,85
url,https://ww.177betwin.org/,threatfox,Vidar,"threatfox,vidar",2026-09-16 06:55:34,2026-09-16 07:26:07,85
url,https://ww.qq1x.org,threatfox,Vidar,"threatfox,94262af4cd814e09d82a2d78526e1403,c2,loader,stealer,Vidar",2026-09-16 06:55:34,2026-09-16 07:26:07,85
url,https://zigbee.eastus.cloudapp.azure.com,threatfox,EtherRAT,"threatfox,EtherRat",2026-09-16 06:55:34,2026-09-16 07:26:07,85
url,https://zigfree.eastus.cloudapp.azure.com,threatfox,EtherRAT,"threatfox,EtherRat",2026-09-16 06:55:34,2026-09-16 07:26:07,85
