type,value,source,threat_type,tags,first_seen,last_seen,confidence
domain,12jzlr7i.boano.store,threatfox,ClearFake,"threatfox,ClearFake,mac-0x0f14,macos",2026-09-12 16:06:49,2026-09-12 16:31:40,85
domain,16dewaslot.org,threatfox,Vidar,"threatfox,c2,stealer,vidar",2026-09-12 16:06:49,2026-09-12 16:31:40,85
domain,172u1sfd.diero.store,threatfox,ClearFake,"threatfox,ClearFake,mac-0x68dc,macos",2026-09-12 16:06:49,2026-09-12 16:31:40,85
domain,51g2l83a.bvcbx.store,threatfox,ClearFake,"threatfox,ClearFake,mac-0x76c7,macos",2026-09-12 16:06:49,2026-09-12 16:31:40,85
domain,6e023wyi.bossbey.store,threatfox,ClearFake,"threatfox,ClearFake,mac-0x0f14,macos",2026-09-12 16:06:49,2026-09-12 16:31:40,85
domain,725iok0i.lazici.store,threatfox,ClearFake,"threatfox,ClearFake,mac-0x76c7,macos",2026-09-12 16:06:49,2026-09-12 16:31:40,85
domain,8a0jzezr.api24.store,threatfox,ClearFake,"threatfox,ClearFake,mac-0xdcf2,macos",2026-09-12 16:06:49,2026-09-12 16:31:40,85
domain,8ihu7corut.workers.dev,threatfox,php.shin_webshell,"threatfox,Cloudflare,GIF,PHP,webshell,WordPress,workers.dev,wp-admin",2026-09-12 16:06:49,2026-09-12 16:31:40,85
domain,9r3vgn8qt8.workers.dev,threatfox,php.shin_webshell,"threatfox,Cloudflare,GIF,PHP,webshell,WordPress,workers.dev,wp-admin",2026-09-12 16:06:49,2026-09-12 16:31:40,85
domain,9vy7usty.alvare.store,threatfox,ClearFake,"threatfox,ClearFake,mac-0xdcf2,macos",2026-09-12 16:06:49,2026-09-12 16:31:40,85
domain,advancedmolecularlabs.com,threatfox,ClearFake,"threatfox,compromised,EtherHide",2026-09-12 16:06:49,2026-09-12 16:31:40,85
domain,alvare.store,threatfox,ClearFake,"threatfox,12September2026,ClearFake,Commandline,MacOS",2026-09-12 16:06:49,2026-09-12 16:31:40,85
domain,api24.store,threatfox,ClearFake,"threatfox,12September2026,ClearFake,Commandline,MacOS",2026-09-12 16:06:49,2026-09-12 16:31:40,85
domain,arrowwoodmemoir.org,threatfox,SmartApeSG,"threatfox,SmartApeSG",2026-09-12 16:06:49,2026-09-12 16:31:40,85
domain,bedavasorgupaneli.help,threatfox,Agent Tesla,threatfox,2026-09-12 16:06:49,2026-09-12 16:31:40,85
domain,bikecondition.cfd,threatfox,Unknown Loader,"threatfox,OffLoader",2026-09-12 16:06:49,2026-09-12 16:31:40,85
domain,boano.store,threatfox,ClearFake,"threatfox,12September2026,ClearFake,Commandline,MacOS",2026-09-12 16:06:49,2026-09-12 16:31:40,85
domain,boss1huesos.cc,threatfox,ACR Stealer,"threatfox,ACRStealer",2026-09-12 16:06:49,2026-09-12 16:31:40,85
domain,bossbey.store,threatfox,ClearFake,"threatfox,12September2026,ClearFake,Commandline,MacOS",2026-09-12 16:06:49,2026-09-12 16:31:40,85
domain,bosseskisehir.store,threatfox,ClearFake,"threatfox,12September2026,ClearFake,Commandline,MacOS",2026-09-12 16:06:49,2026-09-12 16:31:40,85
domain,bosstekirdag.store,threatfox,ClearFake,"threatfox,ClearFake",2026-09-12 16:06:49,2026-09-12 16:31:40,85
domain,bvcbx.store,threatfox,ClearFake,"threatfox,ClearFake",2026-09-12 16:06:49,2026-09-12 16:31:40,85
domain,captcha-fortnite-cashback.info,threatfox,Unknown malware,"threatfox,ClickFix,compromised",2026-09-12 16:06:49,2026-09-12 16:31:40,85
domain,cdn-rcs-cloud.beer,threatfox,ClearFake,"threatfox,ClearFake,ClickFix,ErrTraffic,EtherHiding",2026-09-12 16:06:49,2026-09-12 16:31:40,85
domain,cf-check.site,threatfox,IClickFix,"threatfox,ClickFix",2026-09-12 16:06:49,2026-09-12 16:31:40,85
domain,coba.rs,threatfox,ClearFake,"threatfox,compromised,EtherHide",2026-09-12 04:07:43,2026-09-12 16:31:40,85
domain,crea-mk.com,threatfox,ClearFake,"threatfox,compromised,EtherHide",2026-09-12 16:06:49,2026-09-12 16:31:40,85
domain,creativex5.cc,threatfox,ACR Stealer,"threatfox,ACRStealer",2026-09-12 16:06:49,2026-09-12 16:31:40,85
domain,damza.store,threatfox,ClearFake,"threatfox,ClearFake",2026-09-12 16:06:49,2026-09-12 16:31:40,85
domain,danya.store,threatfox,ClearFake,"threatfox,ClearFake",2026-09-12 16:06:49,2026-09-12 16:31:40,85
domain,ddkg.store,threatfox,ClearFake,"threatfox,12September2026,ClearFake,Commandline,MacOS",2026-09-12 16:06:49,2026-09-12 16:31:40,85
domain,deltawood.cc,threatfox,ACR Stealer,"threatfox,ACRStealer",2026-09-12 16:06:49,2026-09-12 16:31:40,85
domain,denice943.workers.dev,threatfox,php.shin_webshell,"threatfox,Cloudflare,GIF,PHP,webshell,WordPress,workers.dev,wp-admin",2026-09-12 16:06:49,2026-09-12 16:31:40,85
domain,devtec.store,threatfox,ClearFake,"threatfox,ClearFake",2026-09-12 16:06:49,2026-09-12 16:31:40,85
domain,diero.store,threatfox,ClearFake,"threatfox,12September2026,ClearFake,Commandline,MacOS",2026-09-12 16:06:49,2026-09-12 16:31:40,85
domain,domelex.fr,threatfox,ClearFake,"threatfox,compromised,EtherHide",2026-09-12 16:06:49,2026-09-12 16:31:40,85
domain,dorezuvu.workers.dev,threatfox,php.shin_webshell,"threatfox,Cloudflare,GIF,PHP,webshell,WordPress,workers.dev,wp-admin",2026-09-12 16:06:49,2026-09-12 16:31:40,85
domain,dyar.store,threatfox,ClearFake,"threatfox,ClearFake",2026-09-12 16:06:49,2026-09-12 16:31:40,85
domain,e7ut8w9t.devtec.store,threatfox,ClearFake,"threatfox,ClearFake,mac-0x68dc,macos",2026-09-12 16:06:49,2026-09-12 16:31:40,85
domain,eng-stakebet.com,threatfox,ClearFake,"threatfox,compromised,EtherHide",2026-09-12 16:06:49,2026-09-12 16:31:40,85
domain,f8kw4v0c.bosseskisehir.store,threatfox,ClearFake,"threatfox,ClearFake,mac-0x0f14,macos",2026-09-12 16:06:49,2026-09-12 16:31:40,85
domain,farmf.store,threatfox,ClearFake,"threatfox,12September2026,ClearFake,Commandline,MacOS",2026-09-12 16:06:49,2026-09-12 16:31:40,85
domain,fasotezo.workers.dev,threatfox,php.shin_webshell,"threatfox,Cloudflare,GIF,PHP,webshell,WordPress,workers.dev,wp-admin",2026-09-12 16:06:49,2026-09-12 16:31:40,85
domain,fjsy2up0gt.workers.dev,threatfox,php.shin_webshell,"threatfox,Cloudflare,GIF,PHP,webshell,WordPress,workers.dev,wp-admin",2026-09-12 16:06:49,2026-09-12 16:31:40,85
domain,flexpaydev2.wpengine.com,threatfox,ClearFake,"threatfox,compromised,EtherHide",2026-09-12 16:06:49,2026-09-12 16:31:40,85
domain,fnzct1ai.farmf.store,threatfox,ClearFake,"threatfox,ClearFake,mac-0xdcf2,macos",2026-09-12 16:06:49,2026-09-12 16:31:40,85
domain,fugozafu.workers.dev,threatfox,php.shin_webshell,"threatfox,Cloudflare,GIF,PHP,webshell,WordPress,workers.dev,wp-admin",2026-09-12 16:06:49,2026-09-12 16:31:40,85
domain,ghgnc90719.workers.dev,threatfox,php.shin_webshell,"threatfox,Cloudflare,GIF,PHP,webshell,WordPress,workers.dev,wp-admin",2026-09-12 16:06:49,2026-09-12 16:31:40,85
domain,hashedsolver.icu,threatfox,Unknown malware,"threatfox,ClickFix,compromised",2026-09-12 04:07:43,2026-09-12 16:31:40,85
domain,hxcgxvkz.dyar.store,threatfox,ClearFake,"threatfox,ClearFake,mac-0x68dc,macos",2026-09-12 16:06:49,2026-09-12 16:31:40,85
domain,kreatif.ch,threatfox,ClearFake,"threatfox,compromised,EtherHide",2026-09-12 16:06:49,2026-09-12 16:31:40,85
domain,lazici.store,threatfox,ClearFake,"threatfox,ClearFake",2026-09-12 16:06:49,2026-09-12 16:31:40,85
domain,lb329hljg8.workers.dev,threatfox,php.shin_webshell,"threatfox,Cloudflare,GIF,PHP,webshell,WordPress,workers.dev,wp-admin",2026-09-12 16:06:49,2026-09-12 16:31:40,85
domain,lnvhnjff.danya.store,threatfox,ClearFake,"threatfox,ClearFake,mac-0x68dc,macos",2026-09-12 16:06:49,2026-09-12 16:31:40,85
domain,login.nimbusforge.cc,threatfox,ACR Stealer,"threatfox,ACRStealer",2026-09-12 16:06:49,2026-09-12 16:31:40,85
domain,m3s.ch,threatfox,ClearFake,"threatfox,compromised,EtherHide",2026-09-12 16:06:49,2026-09-12 16:31:40,85
domain,my.v-panel.asia,threatfox,Vidar,threatfox,2026-09-12 16:06:49,2026-09-12 16:31:40,85
domain,networkness.com,threatfox,Cobalt Strike,"threatfox,CobaltStrike,drb-ra",2026-09-12 04:07:43,2026-09-12 16:31:40,85
domain,parvikaa.wasmer.app,threatfox,ClearFake,"threatfox,compromised,EtherHide",2026-09-12 16:06:49,2026-09-12 16:31:40,85
domain,petrablue.workers.dev,threatfox,php.shin_webshell,"threatfox,Cloudflare,GIF,PHP,webshell,WordPress,workers.dev,wp-admin",2026-09-12 16:06:49,2026-09-12 16:31:40,85
domain,pnp2j4d0.damza.store,threatfox,ClearFake,"threatfox,ClearFake,mac-0x68dc,macos",2026-09-12 16:06:49,2026-09-12 16:31:40,85
domain,qicuzihu.workers.dev,threatfox,php.shin_webshell,"threatfox,Cloudflare,GIF,PHP,webshell,WordPress,workers.dev,wp-admin",2026-09-12 16:06:49,2026-09-12 16:31:40,85
domain,revolutionautodetailing.ca,threatfox,ClearFake,"threatfox,compromised,EtherHide",2026-09-12 16:06:49,2026-09-12 16:31:40,85
domain,rivex.lol,threatfox,Agent Tesla,threatfox,2026-09-12 16:06:49,2026-09-12 16:31:40,85
domain,rqtpo36930.workers.dev,threatfox,php.shin_webshell,"threatfox,Cloudflare,GIF,PHP,webshell,WordPress,workers.dev,wp-admin",2026-09-12 16:06:49,2026-09-12 16:31:40,85
domain,ruhsuzpanel.top,threatfox,Agent Tesla,threatfox,2026-09-12 16:06:49,2026-09-12 16:31:40,85
domain,ruuhsuzpanel.cyou,threatfox,Agent Tesla,threatfox,2026-09-12 16:06:49,2026-09-12 16:31:40,85
domain,sbfjq52806.workers.dev,threatfox,php.shin_webshell,"threatfox,Cloudflare,GIF,PHP,webshell,WordPress,workers.dev,wp-admin",2026-09-12 16:06:49,2026-09-12 16:31:40,85
domain,sitynyvu.workers.dev,threatfox,php.shin_webshell,"threatfox,Cloudflare,GIF,PHP,webshell,WordPress,workers.dev,wp-admin",2026-09-12 16:06:49,2026-09-12 16:31:40,85
domain,togethers.tv,threatfox,Hades,"threatfox,fake-app,hades,payload-delivery,stealer,streaming-lure",2026-09-12 16:06:49,2026-09-12 16:31:40,85
domain,ujhxw83735.workers.dev,threatfox,php.shin_webshell,"threatfox,Cloudflare,GIF,PHP,webshell,WordPress,workers.dev,wp-admin",2026-09-12 16:06:49,2026-09-12 16:31:40,85
domain,us-en-us-cognigenplus.com,threatfox,ClearFake,"threatfox,12September2026,ClearFake,Commandline,DomainShadowing,Windows",2026-09-12 16:06:49,2026-09-12 16:31:40,85
domain,worldwide69.workers.dev,threatfox,php.shin_webshell,"threatfox,Cloudflare,GIF,PHP,webshell,WordPress,workers.dev,wp-admin",2026-09-12 16:06:49,2026-09-12 16:31:40,85
domain,xjbrbuwq.bosstekirdag.store,threatfox,ClearFake,"threatfox,ClearFake,mac-0x76c7,macos",2026-09-12 16:06:49,2026-09-12 16:31:40,85
domain,xjv0dj60.ddkg.store,threatfox,ClearFake,"threatfox,ClearFake,mac-0x68dc,macos",2026-09-12 16:06:49,2026-09-12 16:31:40,85
domain,xyzsource.xyz,threatfox,Agent Tesla,threatfox,2026-09-12 16:06:49,2026-09-12 16:31:40,85
domain,xyzsystem.xyz,threatfox,Agent Tesla,threatfox,2026-09-12 16:06:49,2026-09-12 16:31:40,85
domain,zytacisy.workers.dev,threatfox,php.shin_webshell,"threatfox,Cloudflare,GIF,PHP,webshell,WordPress,workers.dev,wp-admin",2026-09-12 16:06:49,2026-09-12 16:31:40,85
hash_md5,01dedd924bc44cd2617fa3f59f554e95,malwarebazaar,sh,sh,2026-09-12 16:00:10,2026-09-12 16:31:40,85
hash_md5,030e102f57811427fbeef4c6973d0fbb,threatfox,Nanocore RAT,threatfox,2026-09-12 16:06:49,2026-09-12 16:31:40,85
hash_md5,03b1a679e1e40da1f07d88f45d03e651,malwarebazaar,exe,"dropped-by-OffLoader,exe,GCleaner,signed",2026-09-12 16:00:10,2026-09-12 16:31:40,85
hash_md5,03b94adff98fbfbb10ce48f9d291c7f9,malwarebazaar,exe,"dropped-by-OffLoader,exe",2026-09-12 16:00:10,2026-09-12 16:31:40,85
hash_md5,03f13619a413dd1bd7ff8dd47687b3e9,threatfox,Vidar,threatfox,2026-09-12 16:06:49,2026-09-12 16:31:40,85
hash_md5,0b8c6d10da389403bf212ab8bf6771d5,malwarebazaar,unknown,unknown,2026-09-12 16:00:10,2026-09-12 16:31:40,85
hash_md5,0c2958bd556c5088de6c2195918828a2,malwarebazaar,exe,"agent,dropper,exe,yogi",2026-09-12 16:00:10,2026-09-12 16:31:40,85
hash_md5,0f4ff696123c7725472984f650084630,malwarebazaar,exe,"agent,dropper,exe",2026-09-12 16:00:10,2026-09-12 16:31:40,85
hash_md5,0f984f764812044c4268742c0d6ecf97,threatfox,SalatStealer,threatfox,2026-09-12 16:06:49,2026-09-12 16:31:40,85
hash_md5,1177ec5a8ab84ad460c99f57578237bc,malwarebazaar,Mirai,apk,2026-09-12 16:00:10,2026-09-12 16:31:40,85
hash_md5,188f2d1f47419006b9c40d4819709abd,malwarebazaar,Hades,js,2026-09-12 16:00:10,2026-09-12 16:31:40,85
hash_md5,1a6757c81ccadf04648f38ebe9f083c5,malwarebazaar,unknown,"dropped-by-StealC,loader_proxy_v1",2026-09-12 16:00:10,2026-09-12 16:31:40,85
hash_md5,1c85a1a1a0ec446d2237f872a695370b,malwarebazaar,Mirai,"Hajime,Mirai",2026-09-12 16:00:10,2026-09-12 16:31:40,85
hash_md5,1e0f308c6ef79d4f069bf8e26a92121b,malwarebazaar,exe,exe,2026-09-12 16:00:10,2026-09-12 16:31:40,85
hash_md5,1ed6284176b34d494beccbbec630a646,malwarebazaar,Prometei,elf,2026-09-12 16:00:10,2026-09-12 16:31:40,85
hash_md5,1f04a90bc8845d25005ada07ced24948,malwarebazaar,Mirai,elf,2026-09-12 16:00:10,2026-09-12 16:31:40,85
hash_md5,20c89204c80bf890c0d5c0e18f04a4eb,malwarebazaar,7z,"7z,file-pumped,pw-1526",2026-09-12 16:00:10,2026-09-12 16:31:40,85
hash_md5,21ffa2ac98b2cd59458758d3880f3e57,malwarebazaar,Mirai,"Hajime,Mirai",2026-09-12 16:00:10,2026-09-12 16:31:40,85
hash_md5,2254bd694ca0fd3d775ebb50e3568950,threatfox,ValleyRAT,threatfox,2026-09-12 16:06:49,2026-09-12 16:31:40,85
hash_md5,22cefb3915d4bc524623ee939dac976d,threatfox,Vidar,threatfox,2026-09-12 16:06:49,2026-09-12 16:31:40,85
hash_md5,237d2c5eecb137e0b9ac6cdbc810c8ec,malwarebazaar,SilentNet,"jar,java,python,silentnet",2026-09-12 16:00:10,2026-09-12 16:31:40,85
hash_md5,237f55ce34f253f88fe0ada49806223c,malwarebazaar,unknown,unknown,2026-09-12 16:00:10,2026-09-12 16:31:40,85
hash_md5,23e6ec5858d02b141378721097fafe87,malwarebazaar,Mirai,elf,2026-09-12 16:00:10,2026-09-12 16:31:40,85
hash_md5,2456867cb8b3aa759724484d65fdaebb,malwarebazaar,unknown,"dropped-by-StealC,loader_proxy_v1",2026-09-12 16:00:10,2026-09-12 16:31:40,85
hash_md5,248977b62d5d3c2961fec8e1c2ed5644,threatfox,SalatStealer,threatfox,2026-09-12 16:06:49,2026-09-12 16:31:40,85
hash_md5,259d4c1efa85f363a8d7c786758062ff,malwarebazaar,ACRStealer,"ACRStealer,sync-canyonmere-cc,zip",2026-09-12 16:00:10,2026-09-12 16:31:40,85
hash_md5,26814f84f86496ca3915c79ff102e343,threatfox,Venus Stealer,threatfox,2026-09-12 16:06:49,2026-09-12 16:31:40,85
hash_md5,27071718ce19274f91361efb8e46f41e,threatfox,Venus Stealer,threatfox,2026-09-12 16:06:49,2026-09-12 16:31:40,85
hash_md5,27071718ce19274f91361efb8e46f41e,malwarebazaar,RemusStealer,"exe,RemusStealer,signed",2026-09-12 16:00:10,2026-09-12 16:31:40,85
hash_md5,276131975c2630997400e4e389086684,malwarebazaar,exe,"electron,exe,infostealer",2026-09-12 16:00:10,2026-09-12 16:31:40,85
hash_md5,29e5e53c6bc41825bb1ab63d8650f568,threatfox,WannaCryptor,threatfox,2026-09-12 16:06:49,2026-09-12 16:31:40,85
hash_md5,2db61e66ba35d78f2f3a49015d3a3135,malwarebazaar,elf,elf,2026-09-12 04:00:06,2026-09-12 16:31:40,85
hash_md5,2e083507343e1774fa3230f88f93e585,malwarebazaar,sh,sh,2026-09-12 04:00:06,2026-09-12 16:31:40,85
hash_md5,2ed10e1e5c03a396919f324f6759e542,threatfox,Nanocore RAT,threatfox,2026-09-12 16:06:49,2026-09-12 16:31:40,85
hash_md5,2ed10e1e5c03a396919f324f6759e542,malwarebazaar,NanoCore,"exe,NanoCore,RAT",2026-09-12 16:00:10,2026-09-12 16:31:40,85
hash_md5,2ed37ce8ca196557ad0be90677b6104d,malwarebazaar,unknown,"dropped-by-OffLoader,SunWukong",2026-09-12 16:00:10,2026-09-12 16:31:40,85
hash_md5,3360afa7cefa9a8d670a3c8f3cd8176a,threatfox,Vidar,threatfox,2026-09-12 16:06:49,2026-09-12 16:31:40,85
hash_md5,348945a7630fe9cd629960f0154fa058,malwarebazaar,xlsx,"CVE-2017-11882,xlam,xlsx",2026-09-12 16:00:10,2026-09-12 16:31:40,85
hash_md5,3afc5ab77b64233b2a5bd347b04eee9f,threatfox,ValleyRAT,threatfox,2026-09-12 16:06:49,2026-09-12 16:31:40,85
hash_md5,3b2d339436af476adb10fd7a41f57483,malwarebazaar,xls,xls,2026-09-12 16:00:10,2026-09-12 16:31:40,85
hash_md5,3c55633d66761f990433756516db965c,threatfox,Coinminer,threatfox,2026-09-12 16:06:49,2026-09-12 16:31:40,85
hash_md5,3d6863e2de3e52f7359cc1366c9143ef,threatfox,WannaCryptor,threatfox,2026-09-12 16:06:49,2026-09-12 16:31:40,85
hash_md5,3d6863e2de3e52f7359cc1366c9143ef,malwarebazaar,WannaCry,"dionaea,exe,WannaCry",2026-09-12 16:00:10,2026-09-12 16:31:40,85
hash_md5,3de59c7196a3da211bf49815d0c10336,malwarebazaar,exe,exe,2026-09-12 16:00:10,2026-09-12 16:31:40,85
hash_md5,3f924a568b81cddd3f7fdbcc19721edf,threatfox,NetWire RC,threatfox,2026-09-12 16:06:49,2026-09-12 16:31:40,85
hash_md5,4279a023f777bcd5c089503e6c7f488b,malwarebazaar,exe,"aotera,exe,inject,loader,yogi",2026-09-12 16:00:10,2026-09-12 16:31:40,85
hash_md5,42b5862c472333c9647345d6eca802ba,malwarebazaar,Mirai,"elf,Mirai",2026-09-12 16:00:10,2026-09-12 16:31:40,85
hash_md5,43acf807b990fdecf4df70cdecbae471,threatfox,Vidar,threatfox,2026-09-12 16:06:49,2026-09-12 16:31:40,85
hash_md5,43acf807b990fdecf4df70cdecbae471,malwarebazaar,Vidar,"ACRStealer,dropped-by-RenPyLoader,exe,health-indigowell-cc,Vidar",2026-09-12 16:00:10,2026-09-12 16:31:40,85
hash_md5,4536d7d1284cea8197d84927296a8dcd,malwarebazaar,unknown,"9d2ca3,dropped-by-Amadey",2026-09-12 16:00:10,2026-09-12 16:31:40,85
hash_md5,45bb36c5efe2113d0ab3c72440c5c0b1,threatfox,Vidar,threatfox,2026-09-12 16:06:49,2026-09-12 16:31:40,85
hash_md5,45d170b6cc256de7a6f180a318cf4fbb,malwarebazaar,unknown,"dropped-by-StealC,loader_proxy_v1",2026-09-12 16:00:10,2026-09-12 16:31:40,85
hash_md5,46a7ca270fdd2cb4744798f3bd5a5d65,threatfox,Clientor,threatfox,2026-09-12 16:06:49,2026-09-12 16:31:40,85
hash_md5,46a7ca270fdd2cb4744798f3bd5a5d65,malwarebazaar,Arechclient2,"145-63-128-66,Arechclient2,dll,dropped-by-ACRStealer,HijackLoader,IDATLoader,SectopRAT",2026-09-12 16:00:10,2026-09-12 16:31:40,85
hash_md5,47e76c8c14f9cc5b0db89ba66bf7d866,malwarebazaar,Hades,asar,2026-09-12 16:00:10,2026-09-12 16:31:40,85
hash_md5,48a24b5a4148c1afe07978cacb241738,threatfox,Coinminer,threatfox,2026-09-12 16:06:49,2026-09-12 16:31:40,85
hash_md5,4a5991d504f80fe656fda665868b6911,malwarebazaar,sh,sh,2026-09-12 16:00:10,2026-09-12 16:31:40,85
hash_md5,4a88c4a8fd4ae358387fe70e97e93a1a,threatfox,Running RAT,threatfox,2026-09-12 16:06:49,2026-09-12 16:31:40,85
hash_md5,4a88c4a8fd4ae358387fe70e97e93a1a,malwarebazaar,RunningRAT,"exe,RAT,RunningRAT",2026-09-12 16:00:10,2026-09-12 16:31:40,85
hash_md5,4ab4d11c6bbdc1c0e6ce46bd00f76093,threatfox,RedLine Stealer,threatfox,2026-09-12 16:06:49,2026-09-12 16:31:40,85
hash_md5,4ab4d11c6bbdc1c0e6ce46bd00f76093,malwarebazaar,RedLineStealer,exe,2026-09-12 16:00:10,2026-09-12 16:31:40,85
hash_md5,4fa9cb6d1a2870300c8e4b2022996878,threatfox,Vidar,threatfox,2026-09-12 16:06:49,2026-09-12 16:31:40,85
hash_md5,5042edb3afb25f5afc96254e2bb6a223,malwarebazaar,sh,sh,2026-09-12 16:00:10,2026-09-12 16:31:40,85
hash_md5,55545f92575548996c7b16d09203e727,malwarebazaar,Mirai,"Gafgyt,Mirai",2026-09-12 16:00:10,2026-09-12 16:31:40,85
hash_md5,585c1b363280b085c07e50d00d1cdf61,malwarebazaar,elf,elf,2026-09-12 16:00:10,2026-09-12 16:31:40,85
hash_md5,58eadcc3e89bed96bdc171d7ce9d36df,malwarebazaar,exe,"de-pumped,exe",2026-09-12 16:00:10,2026-09-12 16:31:40,85
hash_md5,5a232218c1cf972dc3db8f8ad7f17a48,malwarebazaar,exe,"d52f85,dropped-by-Amadey,exe",2026-09-12 16:00:10,2026-09-12 16:31:40,85
hash_md5,5a52ab26c92887b367383c8c47d1f825,threatfox,Amadey,threatfox,2026-09-12 16:06:49,2026-09-12 16:31:40,85
hash_md5,5b6dc09102315cf6825384877cc4ce0c,malwarebazaar,exe,"agent,exe,infostealer",2026-09-12 16:00:10,2026-09-12 16:31:40,85
hash_md5,5d77590d6c2524975a0d76726a69e99d,malwarebazaar,exe,exe,2026-09-12 16:00:10,2026-09-12 16:31:40,85
hash_md5,5df8a467787199b10ad9fea8f55132a4,threatfox,Venus Stealer,threatfox,2026-09-12 16:06:49,2026-09-12 16:31:40,85
hash_md5,5df8a467787199b10ad9fea8f55132a4,malwarebazaar,RemusStealer,"exe,RemusStealer,signed,windowsof-com",2026-09-12 16:00:10,2026-09-12 16:31:40,85
hash_md5,5e2285e9fcca8a4fb00e99824b80ecb0,malwarebazaar,exe,"de-pumped,exe",2026-09-12 16:00:10,2026-09-12 16:31:40,85
hash_md5,5e580ca64e825fe69d65fdfe24cd5eb3,malwarebazaar,Vibenet,elf,2026-09-12 16:00:10,2026-09-12 16:31:40,85
hash_md5,602b7db7fa7f79326a6f3a1f875bd490,malwarebazaar,xlsm,xlsm,2026-09-12 16:00:10,2026-09-12 16:31:40,85
hash_md5,64add6ed3952276f653598a162cea991,malwarebazaar,sh,sh,2026-09-12 16:00:10,2026-09-12 16:31:40,85
hash_md5,667a6ff36b82fb001debb7f91e8fc9fb,malwarebazaar,exe,"C,dropped-by-GCleaner,exe,MIX2.file",2026-09-12 16:00:10,2026-09-12 16:31:40,85
hash_md5,6766faf0dceb1739b92f79df5dbd360d,threatfox,Vidar,threatfox,2026-09-12 16:06:49,2026-09-12 16:31:40,85
hash_md5,6766faf0dceb1739b92f79df5dbd360d,malwarebazaar,Vidar,"exe,signed,Vidar",2026-09-12 16:00:10,2026-09-12 16:31:40,85
hash_md5,6998d99bd449cbea6fe2688751ffe09e,malwarebazaar,exe,exe,2026-09-12 04:00:06,2026-09-12 16:31:40,85
hash_md5,69b4b40525cf20a70744f4d187bef90f,malwarebazaar,ACRStealer,"ACRStealer,dropped-by-RenPyLoader,HijackLoader,IDATLoader,login-nimbusforge-cc,zip",2026-09-12 16:00:10,2026-09-12 16:31:40,85
hash_md5,6cd67d876c7e1dfc24f8a044f1985f60,malwarebazaar,elf,elf,2026-09-12 04:00:06,2026-09-12 16:31:40,85
hash_md5,6f2da55a79f65a87ad3d36492e7fb9f0,threatfox,Amadey,threatfox,2026-09-12 16:06:49,2026-09-12 16:31:40,85
hash_md5,71b98686e02e0f5317cbe2b1e2856d69,malwarebazaar,exe,"exe,Remus,RemusStealer",2026-09-12 16:00:10,2026-09-12 16:31:40,85
hash_md5,726853438933bbfbac856b58f9b549c2,threatfox,Venus Stealer,threatfox,2026-09-12 16:06:49,2026-09-12 16:31:40,85
hash_md5,726853438933bbfbac856b58f9b549c2,malwarebazaar,RemusStealer,"exe,Remus,RemusStealer,signed",2026-09-12 16:00:10,2026-09-12 16:31:40,85
hash_md5,76774175af532ce2474cc0b5715ea5a4,threatfox,Vidar,threatfox,2026-09-12 16:06:49,2026-09-12 16:31:40,85
hash_md5,76774175af532ce2474cc0b5715ea5a4,malwarebazaar,Vidar,"exe,signed,Vidar",2026-09-12 16:00:10,2026-09-12 16:31:40,85
hash_md5,778536300231f9b2986156aca82877a2,threatfox,CrossRAT,threatfox,2026-09-12 16:06:49,2026-09-12 16:31:40,85
hash_md5,77f5083d04852c0b7f80c7b57080711e,malwarebazaar,msi,"dropped-by-ACRStealer,msi,PavinLoader",2026-09-12 16:00:10,2026-09-12 16:31:40,85
hash_md5,780dbe517092960a53b0100d9bd0e4fb,threatfox,Vidar,threatfox,2026-09-12 16:06:49,2026-09-12 16:31:40,85
hash_md5,788464d6404cc1dc463f511c3b1c22eb,threatfox,PY#RATION,threatfox,2026-09-12 16:06:49,2026-09-12 16:31:40,85
hash_md5,7ddbe0d05a6f3f06a00f8739277d1285,malwarebazaar,unknown,"dropped-by-StealC,loader_proxy_v1",2026-09-12 16:00:10,2026-09-12 16:31:40,85
hash_md5,7e7c5bf4ee226dfad50acf391570cecb,threatfox,Stealc,threatfox,2026-09-12 16:06:49,2026-09-12 16:31:40,85
hash_md5,7f2cdc427d2c6b815f204066bd1e2aa9,threatfox,Venus Stealer,threatfox,2026-09-12 16:06:49,2026-09-12 16:31:40,85
hash_md5,7f2cdc427d2c6b815f204066bd1e2aa9,malwarebazaar,RemusStealer,"exe,Remus,RemusStealer",2026-09-12 16:00:10,2026-09-12 16:31:40,85
hash_md5,7f8cb45a5c1c54e537821639d5d4e43c,malwarebazaar,unknown,"dropped-by-StealC,loader_proxy_v1",2026-09-12 16:00:10,2026-09-12 16:31:40,85
hash_md5,827f6705fcdf072e512172f64255ce5e,malwarebazaar,dll,"dll,HijackLoader,IDATLoader,SnappyClient,Vidar,YodaTeam",2026-09-12 16:00:10,2026-09-12 16:31:40,85
hash_md5,832e5ff3482cd9e4fba4e2fe22799cd8,threatfox,Ghost RAT,threatfox,2026-09-12 16:06:49,2026-09-12 16:31:40,85
hash_md5,835980375873b6af6ceacb7af05cfbe3,malwarebazaar,Vibenet,elf,2026-09-12 16:00:10,2026-09-12 16:31:40,85
hash_md5,853aa274954aeca0b92c9452f4ab251e,malwarebazaar,exe,exe,2026-09-12 16:00:10,2026-09-12 16:31:40,85
hash_md5,85eea0839beec2d44f45597db061f3d0,malwarebazaar,exe,exe,2026-09-12 16:00:10,2026-09-12 16:31:40,85
hash_md5,883b8ef3f76a1956bf162c3744f1658f,malwarebazaar,sh,sh,2026-09-12 16:00:10,2026-09-12 16:31:40,85
hash_md5,8876382b1cbf3e14ae2d4cd90a94b797,threatfox,Hades,threatfox,2026-09-12 16:06:49,2026-09-12 16:31:40,85
hash_md5,8876382b1cbf3e14ae2d4cd90a94b797,malwarebazaar,Hades,"discord,electron-builder,exe,hades,nsis,rat,stealer,turkey",2026-09-12 16:00:10,2026-09-12 16:31:40,85
hash_md5,88a8b781558dbdf222263fb69f278433,malwarebazaar,elf,elf,2026-09-12 04:00:06,2026-09-12 16:31:40,85
hash_md5,89c20a8ee23954818510aea739f799d2,malwarebazaar,exe,"exe,rat",2026-09-12 16:00:10,2026-09-12 16:31:40,85
hash_md5,8a08f0fe81d9035d4ef4d0a38611d870,malwarebazaar,unknown,unknown,2026-09-12 16:00:10,2026-09-12 16:31:40,85
hash_md5,8b5d9de56084f805b442ca9919363670,malwarebazaar,unknown,unknown,2026-09-12 16:00:10,2026-09-12 16:31:40,85
hash_md5,8d6f490832036ef26fe214e112b418c9,malwarebazaar,zip,"HijackLoader,IDATLoader,pw-2024,SnappyClient,Vidar,YodaTeam,zip",2026-09-12 16:00:10,2026-09-12 16:31:40,85
hash_md5,8e9ac32cc675e6150664d9a663c1d403,threatfox,WannaCryptor,threatfox,2026-09-12 16:06:49,2026-09-12 16:31:40,85
hash_md5,921a349cd7566e376071d21ad053f6d7,malwarebazaar,Mirai,"elf,Mirai",2026-09-12 16:00:10,2026-09-12 16:31:40,85
hash_md5,940344f17681b8f6d18f96a66f006964,threatfox,Vidar,threatfox,2026-09-12 16:06:49,2026-09-12 16:31:40,85
hash_md5,96d1fa4e27ec190ef9debd7649e1612a,malwarebazaar,Mirai,"Gafgyt,Mirai",2026-09-12 16:00:10,2026-09-12 16:31:40,85
hash_md5,970e7149e3e5bb77a92d5350a9772781,malwarebazaar,sh,sh,2026-09-12 16:00:10,2026-09-12 16:31:40,85
hash_md5,9900953bcac1b717864aacd4f389271d,malwarebazaar,unknown,unknown,2026-09-12 16:00:10,2026-09-12 16:31:40,85
hash_md5,9c4f86582a8186f10f9c33a712f38c4c,threatfox,CrossRAT,threatfox,2026-09-12 16:06:49,2026-09-12 16:31:40,85
hash_md5,9c4f86582a8186f10f9c33a712f38c4c,malwarebazaar,RemcosRAT,"exe,RAT,RemcosRAT",2026-09-12 16:00:10,2026-09-12 16:31:40,85
hash_md5,a0503bbdc88ebf4394a9b27ccd272d8a,malwarebazaar,Mirai,"Hajime,Mirai",2026-09-12 16:00:10,2026-09-12 16:31:40,85
hash_md5,ab917b4d771e88c6313e58cf1e0b0442,malwarebazaar,zip,zip,2026-09-12 16:00:10,2026-09-12 16:31:40,85
hash_md5,adca4df1b1680a45db8b65ad8384298e,malwarebazaar,QuasarRAT,"bat,QuasarRAT",2026-09-12 16:00:10,2026-09-12 16:31:40,85
hash_md5,af300dbb50812ee4f119ac8170e9fe8d,malwarebazaar,Hades,js,2026-09-12 16:00:10,2026-09-12 16:31:40,85
hash_md5,af87afd06c860d746b2971d51a6398f3,malwarebazaar,sh,sh,2026-09-12 16:00:10,2026-09-12 16:31:40,85
hash_md5,b0ce71766f67c4c288ce6ae986dfe17f,malwarebazaar,Mirai,"Gafgyt,Mirai",2026-09-12 16:00:10,2026-09-12 16:31:40,85
hash_md5,b3aa3c849276baaad9742fb0bfc1da66,malwarebazaar,sh,sh,2026-09-12 16:00:10,2026-09-12 16:31:40,85
hash_md5,b3e78d794ff6446ad9a77d75422262f0,threatfox,ValleyRAT,threatfox,2026-09-12 16:06:49,2026-09-12 16:31:40,85
hash_md5,b4c26b650e0d552ea897ead955caaab5,malwarebazaar,exe,"AsgardProtector,ciliabula-cc,exe",2026-09-12 16:00:10,2026-09-12 16:31:40,85
hash_md5,b63c7bff23cbbde6c98971012fe4202a,malwarebazaar,exe,"CNBackdoor,exe",2026-09-12 16:00:10,2026-09-12 16:31:40,85
hash_md5,b93252734b9eb35761f9753b1562eb17,malwarebazaar,sh,sh,2026-09-12 16:00:10,2026-09-12 16:31:40,85
hash_md5,b98ef33bbba82e2faf824e117ea7637d,malwarebazaar,exe,"dropped-by-GCleaner,exe,F,MIX2.file",2026-09-12 16:00:10,2026-09-12 16:31:40,85
hash_md5,bb8a2ab4dd693900fcf28a6d28eed368,threatfox,ValleyRAT,threatfox,2026-09-12 16:06:49,2026-09-12 16:31:40,85
hash_md5,bb8bb6120224bbe4b6b34c297db633be,threatfox,VShell,threatfox,2026-09-12 16:06:49,2026-09-12 16:31:40,85
hash_md5,bc06da613adc72b1123399f0f56a2335,threatfox,Vidar,threatfox,2026-09-12 16:06:49,2026-09-12 16:31:40,85
hash_md5,bc8c6b753bcbb69542327a6d91c2d17e,malwarebazaar,unknown,unknown,2026-09-12 16:00:10,2026-09-12 16:31:40,85
hash_md5,bde7e68c595dbfe80a33a304fe97282c,malwarebazaar,unknown,"dropped-by-StealC,loader_proxy_v1",2026-09-12 16:00:10,2026-09-12 16:31:40,85
hash_md5,bebd5178ef4887d8d215fe28ce6a7ea8,malwarebazaar,exe,"dll,dropper,exe,trojan",2026-09-12 16:00:10,2026-09-12 16:31:40,85
hash_md5,bfa086b371633201769f80e4cb68e3e1,malwarebazaar,exe,"d52f85,dropped-by-Amadey,exe",2026-09-12 16:00:10,2026-09-12 16:31:40,85
hash_md5,c046f1d1efe799245c9bd3acfaff3974,malwarebazaar,Mirai,"Hajime,Mirai",2026-09-12 16:00:10,2026-09-12 16:31:40,85
hash_md5,c16bc281a73afa49a42090d0838183f1,malwarebazaar,unknown,"dropped-by-StealC,loader_proxy_v1",2026-09-12 16:00:10,2026-09-12 16:31:40,85
hash_md5,c4088643baecc53c715b13d67781fafd,malwarebazaar,sh,sh,2026-09-12 16:00:10,2026-09-12 16:31:40,85
hash_md5,c4d06da33cdaa942921ce0f765da40a4,threatfox,ACR Stealer,threatfox,2026-09-12 16:06:49,2026-09-12 16:31:40,85
hash_md5,c4d06da33cdaa942921ce0f765da40a4,malwarebazaar,ACRStealer,"ACRStealer,exe",2026-09-12 16:00:10,2026-09-12 16:31:40,85
hash_md5,c6d5825c02b0f7f46b71d0a8b7164614,malwarebazaar,sh,sh,2026-09-12 16:00:10,2026-09-12 16:31:40,85
hash_md5,c7d8e34022eb1ad3e22b0fdf1e9c9ab7,malwarebazaar,zip,zip,2026-09-12 16:00:10,2026-09-12 16:31:40,85
hash_md5,c818328d02a67eedddbac08876172922,malwarebazaar,exe,exe,2026-09-12 16:00:10,2026-09-12 16:31:40,85
hash_md5,c987878904b7808a850a8f300b9656e8,threatfox,WannaCryptor,threatfox,2026-09-12 16:06:49,2026-09-12 16:31:40,85
hash_md5,ca69deb127174f928e7debff4dbcf4e9,threatfox,ValleyRAT,threatfox,2026-09-12 16:06:49,2026-09-12 16:31:40,85
hash_md5,cb15a8fa2c3ce67fad96d01aa673e9b2,malwarebazaar,unknown,unknown,2026-09-12 16:00:10,2026-09-12 16:31:40,85
hash_md5,cbd6a180fba88121622f18261d3292fc,threatfox,Quasar RAT,threatfox,2026-09-12 16:06:49,2026-09-12 16:31:40,85
hash_md5,cbd6a180fba88121622f18261d3292fc,malwarebazaar,QuasarRAT,"exe,QuasarRAT,RAT",2026-09-12 16:00:10,2026-09-12 16:31:40,85
hash_md5,cbe38bf47bbf66be203f3f725875fadd,malwarebazaar,Mirai,"Gafgyt,Mirai",2026-09-12 16:00:10,2026-09-12 16:31:40,85
hash_md5,d03c1e5a49db7bc6489c2c348ebb4d18,malwarebazaar,unknown,unknown,2026-09-12 16:00:10,2026-09-12 16:31:40,85
hash_md5,d0e15c50df89396d331988635f0f5323,malwarebazaar,hta,hta,2026-09-12 16:00:10,2026-09-12 16:31:40,85
hash_md5,d28cc2606a5acdbb0da3b957e4ee44af,threatfox,PY#RATION,threatfox,2026-09-12 16:06:49,2026-09-12 16:31:40,85
hash_md5,d2b4d2824e921dc268e690b169d85a73,malwarebazaar,RemcosRAT,"js,RAT,RemcosRAT",2026-09-12 16:00:10,2026-09-12 16:31:40,85
hash_md5,d4634fb90533335236ffcf4d4130458d,malwarebazaar,Mirai,"Gafgyt,Mirai",2026-09-12 16:00:10,2026-09-12 16:31:40,85
hash_md5,d47468de4567fc9fc2194978ac49c953,threatfox,Vidar,threatfox,2026-09-12 16:06:49,2026-09-12 16:31:40,85
hash_md5,d47468de4567fc9fc2194978ac49c953,malwarebazaar,Vidar,"exe,signed,Vidar",2026-09-12 16:00:10,2026-09-12 16:31:40,85
hash_md5,d7ed433b54bf86b0c1a35532d7455040,malwarebazaar,Mirai,"Gafgyt,Mirai",2026-09-12 16:00:10,2026-09-12 16:31:40,85
hash_md5,d85bfa6b949a3323f903344027fe4206,threatfox,Stealc,threatfox,2026-09-12 16:06:49,2026-09-12 16:31:40,85
hash_md5,d8745d16c8e7784a4c3ee366d69897af,malwarebazaar,Prometei,elf,2026-09-12 16:00:10,2026-09-12 16:31:40,85
hash_md5,d98f80b404cc25165f74c0cc3a8394d3,threatfox,Nanocore RAT,threatfox,2026-09-12 16:06:49,2026-09-12 16:31:40,85
hash_md5,d98f80b404cc25165f74c0cc3a8394d3,malwarebazaar,NanoCore,"exe,NanoCore,RAT",2026-09-12 16:00:10,2026-09-12 16:31:40,85
hash_md5,e29482b84e7c56b229699c016410953a,malwarebazaar,Arechclient2,"145-63-128-66,Arechclient2,dropped-by-ACRStealer,HijackLoader,IDATLoader,SectopRAT,zip",2026-09-12 16:00:10,2026-09-12 16:31:40,85
hash_md5,e39290a24e8684b411a4637a5ac3220d,malwarebazaar,exe,"dropped-by-GCleaner,exe,G,US0.file",2026-09-12 16:00:10,2026-09-12 16:31:40,85
hash_md5,e4044d42df19e913e79f19ca07d1e541,malwarebazaar,elf,elf,2026-09-12 16:00:10,2026-09-12 16:31:40,85
hash_md5,e58e28b3d32709d099fb4e5286bc1820,malwarebazaar,sh,sh,2026-09-12 16:00:10,2026-09-12 16:31:40,85
hash_md5,e857eed1e71fa7360eae2d14126d9154,threatfox,ValleyRAT,threatfox,2026-09-12 16:06:49,2026-09-12 16:31:40,85
hash_md5,e9f29135c5e3d2028d646a26a339521f,malwarebazaar,elf,elf,2026-09-12 16:00:10,2026-09-12 16:31:40,85
hash_md5,eb7fa68f905983dfe7a36269bf907673,malwarebazaar,sh,sh,2026-09-12 16:00:10,2026-09-12 16:31:40,85
hash_md5,ed923eb721e5ef99f094a64b361baabf,threatfox,Vidar,threatfox,2026-09-12 16:06:49,2026-09-12 16:31:40,85
hash_md5,ed98e8e25bce7df7aa5d009ec0abcb4b,malwarebazaar,exe,"B,dropped-by-GCleaner,exe,MIX6.file",2026-09-12 16:00:10,2026-09-12 16:31:40,85
hash_md5,f053729e715be17a55098bd5dffe84ab,malwarebazaar,Hades,jsc,2026-09-12 16:00:10,2026-09-12 16:31:40,85
hash_md5,f070ad0d01de3696b7452420a8fdd254,threatfox,Ghost RAT,threatfox,2026-09-12 16:06:49,2026-09-12 16:31:40,85
hash_md5,f08ec9795e15d590c71929c43f02f18d,malwarebazaar,unknown,unknown,2026-09-12 16:00:10,2026-09-12 16:31:40,85
hash_md5,f19ef8c19bba9dd01d5b820d6fa51648,threatfox,Venus Stealer,threatfox,2026-09-12 16:06:49,2026-09-12 16:31:40,85
hash_md5,f25fae437365b7dce866bd9e4b872d4b,malwarebazaar,iso,"CNBackdoor,iso",2026-09-12 16:00:10,2026-09-12 16:31:40,85
hash_md5,f2b25398c2e5897f6ae26a13c9e006cd,malwarebazaar,elf,elf,2026-09-12 04:00:06,2026-09-12 16:31:40,85
hash_md5,f440f50fadc9c5c9cdd8301d59fbcc18,malwarebazaar,sh,sh,2026-09-12 16:00:10,2026-09-12 16:31:40,85
hash_md5,f5101288455143b729399569e182c04d,malwarebazaar,exe,"evader,exe,vmprotect",2026-09-12 16:00:10,2026-09-12 16:31:40,85
hash_md5,f90e1a8fac7c355b7545a922be728151,threatfox,ACR Stealer,threatfox,2026-09-12 16:06:49,2026-09-12 16:31:40,85
hash_md5,f90e1a8fac7c355b7545a922be728151,malwarebazaar,ACRStealer,"ACRStealer,exe",2026-09-12 16:00:10,2026-09-12 16:31:40,85
hash_md5,f9c919d1142673935421d2276b736131,threatfox,ACR Stealer,threatfox,2026-09-12 16:06:49,2026-09-12 16:31:40,85
hash_md5,f9c919d1142673935421d2276b736131,malwarebazaar,ACRStealer,"ACRStealer,dll,dropped-by-RenPyLoader,HijackLoader,IDATLoader,login-nimbusforge-cc",2026-09-12 16:00:10,2026-09-12 16:31:40,85
hash_md5,fbbdf5ba2d5d5bc1ce5ce23e5fbc721e,malwarebazaar,Mirai,"elf,Mirai",2026-09-12 16:00:10,2026-09-12 16:31:40,85
hash_md5,fd2fab145a9d3b7ba5af19a84c7a6609,malwarebazaar,php,php,2026-09-12 16:00:10,2026-09-12 16:31:40,85
hash_md5,fd5ace68d49a2d5d5663c1c6b134705b,threatfox,Agent Tesla,threatfox,2026-09-12 16:06:49,2026-09-12 16:31:40,85
hash_md5,fd944e273188b95150be59f249e896be,threatfox,SimpleTea,threatfox,2026-09-12 16:06:49,2026-09-12 16:31:40,85
hash_md5,fdfa2d46c335bd2749acdfcbd8a3b338,malwarebazaar,ACRStealer,"ACRStealer,sync-canyonmere-cc,zip",2026-09-12 16:00:10,2026-09-12 16:31:40,85
hash_sha256,003914b20f0dbbfd75c591beb26e72b75cf6a69e94b88d4e15a23d19c14fb346,malwarebazaar,QuasarRAT,"bat,QuasarRAT",2026-09-12 16:00:10,2026-09-12 16:31:40,85
hash_sha256,01d8dc569e88dee98c53c19e687d67c5596215dc32f6cb618b8179621a422373,threatfox,Mirai,"threatfox,elf,Mirai",2026-09-12 16:06:49,2026-09-12 16:31:40,85
hash_sha256,026992c5647d7158f2bf951e2c051f3afe0adf85e57e283a72970fe5052d5121,malwarebazaar,unknown,unknown,2026-09-12 16:00:10,2026-09-12 16:31:40,85
hash_sha256,034048eff49eb07ab533599627c9a572abaac5fe2b472441829f81b577ae1960,malwarebazaar,unknown,"dropped-by-StealC,loader_proxy_v1",2026-09-12 16:00:10,2026-09-12 16:31:40,85
hash_sha256,05dbb515120ec8a6a453c91833eacf432e67ffe89fd650ac704eefc6bf8de290,threatfox,Stealc,threatfox,2026-09-12 16:06:49,2026-09-12 16:31:40,85
hash_sha256,05e00002a765a9dac6da434bfeb49ad8ae6e8f3c110e1889779a694cf2fc06a0,threatfox,Bashlite,"threatfox,Bashlite,elf,Gafgyt",2026-09-12 16:06:49,2026-09-12 16:31:40,85
hash_sha256,05f184fd08bbc6db87e37b28ed9910df74c6ec38be0cf1b8f1e2c91d97dae2f2,malwarebazaar,sh,sh,2026-09-12 16:00:10,2026-09-12 16:31:40,85
hash_sha256,070247a62cd42a99cc23d92903229b2f15c1515d7bcd5bc5ce3686a18ead61a7,threatfox,Vidar,threatfox,2026-09-12 16:06:49,2026-09-12 16:31:40,85
hash_sha256,07c0a0af63dde8dc2e36dc58b630dcad6563263e992877aaa704530afb8a5656,threatfox,Unknown malware,"threatfox,cowrie,elf,ssh-honeypot",2026-09-12 16:06:49,2026-09-12 16:31:40,85
hash_sha256,0dde7f3ddfe8924aa019bc2f8204aa6205aa8c04fec5b7c3284e6424b0aab204,threatfox,Mirai,"threatfox,elf,Mirai",2026-09-12 16:06:49,2026-09-12 16:31:40,85
hash_sha256,0f716b1fc43724d89aab85ff69e9ed72004914454692b45778886001c47d2498,threatfox,Unknown Loader,"threatfox,exe,loader",2026-09-12 16:06:49,2026-09-12 16:31:40,85
hash_sha256,0fb478ddeb84afbe562320708adf25611b302d4e89bc0557d070dd6e89dec6a3,threatfox,CrossRAT,threatfox,2026-09-12 16:06:49,2026-09-12 16:31:40,85
hash_sha256,0fc4a52a5952152a331688b652e252ef68d7a9efe2dab744915623df70d7f0ec,malwarebazaar,Hades,js,2026-09-12 16:00:10,2026-09-12 16:31:40,85
hash_sha256,124cf79f222ef8b88f4d0e2e474378c5a7ab8a3c513d2434037ef0acfd79c984,threatfox,Stealc,"threatfox,exe,Stealc",2026-09-12 16:06:49,2026-09-12 16:31:40,85
hash_sha256,128e4181c914a8d31bf910661a568189588c018ce11fe9065551f496ae06ce47,malwarebazaar,exe,"evader,exe,vmprotect",2026-09-12 16:00:10,2026-09-12 16:31:40,85
hash_sha256,12c3513d81108be4a147c88da98fee4210012cda5eebd948d1870b2324a87108,malwarebazaar,unknown,unknown,2026-09-12 16:00:10,2026-09-12 16:31:40,85
hash_sha256,12c4c3c92aeb4de1f2f0238003683619e34deeafde9246fcaf4c192bad2bdfe8,malwarebazaar,unknown,"dropped-by-StealC,loader_proxy_v1",2026-09-12 16:00:10,2026-09-12 16:31:40,85
hash_sha256,131a071301006dbed8dbf4d2e08b2914407b7693ab23566bdfee9f39f157aab4,malwarebazaar,zip,zip,2026-09-12 16:00:10,2026-09-12 16:31:40,85
hash_sha256,13382c16e2401b07451577b46e634b8031ec254d98b876e59692b5fa22abc1d4,threatfox,Mirai,threatfox,2026-09-12 16:06:49,2026-09-12 16:31:40,85
hash_sha256,13c4a718517672e5eb32a29faeef579301b38031dc179ef32200aef8935dc9ec,malwarebazaar,exe,exe,2026-09-12 16:00:10,2026-09-12 16:31:40,85
hash_sha256,13e4818cb83bb27bd3ed25841b006e131249e00a27e113c1ae22a6ad6041ed71,threatfox,Vidar,threatfox,2026-09-12 16:06:49,2026-09-12 16:31:40,85
hash_sha256,13e4818cb83bb27bd3ed25841b006e131249e00a27e113c1ae22a6ad6041ed71,malwarebazaar,Vidar,"exe,signed,Vidar",2026-09-12 16:00:10,2026-09-12 16:31:40,85
hash_sha256,14984ca5af0e266497bfce440ab0cea468ef36c9eac4258c41563c0b243196c7,malwarebazaar,exe,"agent,exe,infostealer",2026-09-12 16:00:10,2026-09-12 16:31:40,85
hash_sha256,162f939b74f58825d222cccacfa3c122aba70dc39a6338d78919980ec23ff4a6,malwarebazaar,sh,sh,2026-09-12 16:00:10,2026-09-12 16:31:40,85
hash_sha256,16566893bba36287df9fab1cd9a38b821a815aa2fc5141fb7b6e5309cbd769c7,malwarebazaar,exe,"electron,exe,infostealer",2026-09-12 16:00:10,2026-09-12 16:31:40,85
hash_sha256,18df0ec2efba162d1774b1bf2233c2c24934d2bda49769e814f24d530a795c38,threatfox,Stealc,"threatfox,exe,Stealc",2026-09-12 16:06:49,2026-09-12 16:31:40,85
hash_sha256,19bebe9719e4f9c21631f7389c445d6f05550c2867024d54177cb14eea88d89d,threatfox,Coinminer,threatfox,2026-09-12 16:06:49,2026-09-12 16:31:40,85
hash_sha256,1a0d30a946baa3d276b81612c09e29474bced407760df0f5b8dac777c79e481d,threatfox,Vidar,threatfox,2026-09-12 16:06:49,2026-09-12 16:31:40,85
hash_sha256,1a0d30a946baa3d276b81612c09e29474bced407760df0f5b8dac777c79e481d,malwarebazaar,Vidar,"ACRStealer,dropped-by-RenPyLoader,exe,health-indigowell-cc,Vidar",2026-09-12 16:00:10,2026-09-12 16:31:40,85
hash_sha256,1b57891a8eaf2385c6dd45b53e1d4cc7db57c5a6ac8dbc653292795de5b400e2,threatfox,Vidar,threatfox,2026-09-12 16:06:49,2026-09-12 16:31:40,85
hash_sha256,1fe6a990affb8e593c6e903a8bf1439af4371692157c070dd982f223bf43b59d,malwarebazaar,sh,sh,2026-09-12 16:00:10,2026-09-12 16:31:40,85
hash_sha256,202d6cbb3d1c1f639d388b7bcc6c3f24566eb27f2d5e7fc6520b454e5f868d2c,threatfox,Vidar,threatfox,2026-09-12 16:06:49,2026-09-12 16:31:40,85
hash_sha256,206260eee16c40b505efa0b70310863a14266a4f10c18e301478c1e6c5bf4ddf,malwarebazaar,ACRStealer,"ACRStealer,sync-canyonmere-cc,zip",2026-09-12 16:00:10,2026-09-12 16:31:40,85
hash_sha256,2070a9bb096a06d835d5dbd4556724111e97d0bfe8e679317023c3becefd62a6,malwarebazaar,Mirai,"Hajime,Mirai",2026-09-12 16:00:10,2026-09-12 16:31:40,85
hash_sha256,22833eb10882ee1d10cdf23b41339f3dc65b773921c9cde865dc92efe994910d,threatfox,Nanocore RAT,threatfox,2026-09-12 16:06:49,2026-09-12 16:31:40,85
hash_sha256,229bac9d19a79fedb9ea019f62fc69806a3af9d95c6f8be9c3d69ca28eac45c0,malwarebazaar,exe,"AsgardProtector,ciliabula-cc,exe",2026-09-12 16:00:10,2026-09-12 16:31:40,85
hash_sha256,2350b755685fc663fc5b0758d90ca576d256f5730ac182c611a4ddc0dfce0d04,threatfox,Mirai,"threatfox,elf,Mirai",2026-09-12 16:06:49,2026-09-12 16:31:40,85
hash_sha256,246717653bc2ae2e09036bac56c9d79940c652972a73f4c6aa9b925c28cce095,threatfox,Unknown Stealer,"threatfox,b696f20301937e575bd5892b037b7b51,dropped-by-Vidar,exe,RemusStealer,stealer",2026-09-12 16:06:49,2026-09-12 16:31:40,85
hash_sha256,24c463bd0919d41457362760d101f3b05ad7ba2b3951e8e0d1ae82e41acf32a4,threatfox,Bashlite,"threatfox,Bashlite,elf,Gafgyt,Mirai",2026-09-12 16:06:49,2026-09-12 16:31:40,85
hash_sha256,25d889c2f529eb3e2386724448b415c9217041bc6fd63d76d7313303688b76f2,malwarebazaar,exe,"dropped-by-GCleaner,exe,G,US0.file",2026-09-12 16:00:10,2026-09-12 16:31:40,85
hash_sha256,25fd0de450dfcefe21d512f84a9da7ad528729b103952e1067179936b3351016,malwarebazaar,exe,exe,2026-09-12 16:00:10,2026-09-12 16:31:40,85
hash_sha256,2843c7e082c3eccd626692e03e5252bd422f7468c24909fae0756670b52e5d2b,malwarebazaar,exe,exe,2026-09-12 16:00:10,2026-09-12 16:31:40,85
hash_sha256,28fd91c15efccb7678249f03890952819453df461eef83ef1b12a562f9d35ac4,malwarebazaar,exe,exe,2026-09-12 16:00:10,2026-09-12 16:31:40,85
hash_sha256,295fd997fff27d84839e01a87ab308f71dc37b56757ff3139c66ee22e70ec76e,malwarebazaar,xls,xls,2026-09-12 16:00:10,2026-09-12 16:31:40,85
hash_sha256,2ad80a619e8853a3ed437a286e5f9101fad8fba2374bdc0623b1804d76bef47d,threatfox,Bashlite,"threatfox,Bashlite,elf,Gafgyt",2026-09-12 16:06:49,2026-09-12 16:31:40,85
hash_sha256,2b901a472f87a14b153d836e8a611d29bd8d475a7d162fb6adfb0abf987f72f1,malwarebazaar,php,php,2026-09-12 16:00:10,2026-09-12 16:31:40,85
hash_sha256,2d3b179077f5a7aea77c70ef7e4219905c2b50680c514e9d3474825fe49f3ce7,threatfox,SalatStealer,threatfox,2026-09-12 16:06:49,2026-09-12 16:31:40,85
hash_sha256,2e8e8593bab13ebceb50cb1905f1c78d96c8fa5eee3cfb1fef5e8e9cc2d35bba,threatfox,ValleyRAT,threatfox,2026-09-12 16:06:49,2026-09-12 16:31:40,85
hash_sha256,30021ebe609908ad9b5a42a38b9be1e83225a86f2b7c15b77dc7ec91e016dff2,threatfox,Mirai,"threatfox,elf,Mirai",2026-09-12 16:06:49,2026-09-12 16:31:40,85
hash_sha256,3044416f2a33213a25eddda36cf89533d6edf2fed6ea018ee858238099e545de,threatfox,WannaCryptor,threatfox,2026-09-12 16:06:49,2026-09-12 16:31:40,85
hash_sha256,3044416f2a33213a25eddda36cf89533d6edf2fed6ea018ee858238099e545de,malwarebazaar,WannaCry,"dionaea,exe,WannaCry",2026-09-12 16:00:10,2026-09-12 16:31:40,85
hash_sha256,3118a029c644a831c1ae3e55047b2598462c70c45053425d985de24c22b04eb1,threatfox,RedLine Stealer,threatfox,2026-09-12 16:06:49,2026-09-12 16:31:40,85
hash_sha256,3118a029c644a831c1ae3e55047b2598462c70c45053425d985de24c22b04eb1,malwarebazaar,RedLineStealer,exe,2026-09-12 16:00:10,2026-09-12 16:31:40,85
hash_sha256,31fc63db6141760a0e6df9cc8654a150d641f42b93566f5f620ecd306deaf5c0,malwarebazaar,xlsx,"CVE-2017-11882,xlam,xlsx",2026-09-12 16:00:10,2026-09-12 16:31:40,85
hash_sha256,332d12d29f6cb3107ef9c3c41eba34f5dffc237de5b294b54019fc72518eb760,malwarebazaar,Mirai,"Gafgyt,Mirai",2026-09-12 16:00:10,2026-09-12 16:31:40,85
hash_sha256,33344588b9f29d4ddf4e088bba409f414faab82037751d8e04afb3c3d64d5fae,threatfox,Venus Stealer,threatfox,2026-09-12 16:06:49,2026-09-12 16:31:40,85
hash_sha256,33344588b9f29d4ddf4e088bba409f414faab82037751d8e04afb3c3d64d5fae,malwarebazaar,RemusStealer,"exe,Remus,RemusStealer",2026-09-12 16:00:10,2026-09-12 16:31:40,85
hash_sha256,33c8aee0af09b5f381e3040254abc393fffe6801cbc319369419d7bdd4e3d07c,malwarebazaar,ACRStealer,"ACRStealer,sync-canyonmere-cc,zip",2026-09-12 16:00:10,2026-09-12 16:31:40,85
hash_sha256,355439611401bdc563add8460dd766aaa3e3ebab77b9fbb5cb4657f3a894f9d8,malwarebazaar,SilentNet,"jar,java,python,silentnet",2026-09-12 16:00:10,2026-09-12 16:31:40,85
hash_sha256,358a96a53b48cc044736ee2b2ec316a91c1ae463a024326ceefe99fef790b496,malwarebazaar,Mirai,"Gafgyt,Mirai",2026-09-12 16:00:10,2026-09-12 16:31:40,85
hash_sha256,36fd38fb3bde624b67d2e7be824a7da3b552326f8ad203976d49dfb87e4b3547,threatfox,Mirai,"threatfox,elf,Mirai",2026-09-12 16:06:49,2026-09-12 16:31:40,85
hash_sha256,3aad1cbfc1df4c906cbcbd403bf7aeb76c825663b790ec2c89b840ae0d6a12ed,malwarebazaar,exe,"C,dropped-by-GCleaner,exe,MIX2.file",2026-09-12 16:00:10,2026-09-12 16:31:40,85
hash_sha256,3b399164b14f711219a030e537c9ee1f58a449ec8d3a16f1fc5a920fe116d39e,malwarebazaar,unknown,"9d2ca3,dropped-by-Amadey",2026-09-12 16:00:10,2026-09-12 16:31:40,85
hash_sha256,3da3643f25fd8ca8bb41502bb212b9f1617187ee8c6fa4e24a7bc2009a45debe,threatfox,Bashlite,"threatfox,Bashlite,elf,Gafgyt",2026-09-12 16:06:49,2026-09-12 16:31:40,85
hash_sha256,3e7d4140d6032515c6d19b25ee836c522519935db8b54d350020f94f744c5281,threatfox,VShell,"threatfox,exe,VShell",2026-09-12 16:06:49,2026-09-12 16:31:40,85
hash_sha256,3e966a04f7f9d0f321e200295c914819538d80117cb53aec696bfaf87bec1292,malwarebazaar,unknown,unknown,2026-09-12 16:00:10,2026-09-12 16:31:40,85
hash_sha256,40f9fdac9ab5160d7e596c163a3868efbfdce437fc9e99815fdb6dc469029a2a,malwarebazaar,sh,sh,2026-09-12 16:00:10,2026-09-12 16:31:40,85
hash_sha256,41549e52c0322213407e40c5d69f0aa64faafc97e908655d22514a15469bac75,threatfox,Vidar,threatfox,2026-09-12 16:06:49,2026-09-12 16:31:40,85
hash_sha256,41549e52c0322213407e40c5d69f0aa64faafc97e908655d22514a15469bac75,malwarebazaar,Vidar,"exe,signed,Vidar",2026-09-12 16:00:10,2026-09-12 16:31:40,85
hash_sha256,4267eea5e739cd169090994608e0a97be16847be0a23e53d2282c33550f5a031,malwarebazaar,unknown,unknown,2026-09-12 16:00:10,2026-09-12 16:31:40,85
hash_sha256,42e9c10c1da5c624010da51c0654bfe027e71d175ac7bfcb695608cf01a8a6ca,threatfox,SimpleTea,threatfox,2026-09-12 16:06:49,2026-09-12 16:31:40,85
hash_sha256,4a8c9a0a8c736d0fcf011d085089fd4bb1f57a527e4a40742b9464d5b38ea741,threatfox,Mirai,"threatfox,elf,Mirai",2026-09-12 16:06:49,2026-09-12 16:31:40,85
hash_sha256,4bb51a320f8a554bc60b612b9db4e17633d6dec11d2531b23bf4819f27dd9304,malwarebazaar,exe,"dll,dropper,exe,trojan",2026-09-12 16:00:10,2026-09-12 16:31:40,85
hash_sha256,4c076ec5082d9acc905e97253a6f6c58b2b86844984d5a208f5283226b05bb00,malwarebazaar,sh,sh,2026-09-12 16:00:10,2026-09-12 16:31:40,85
hash_sha256,4c09665a7fe8894c792d6bbc72a0c40884b72363b56b3bef2b2c651f8d5b9f01,threatfox,Mirai,"threatfox,elf,Mirai",2026-09-12 16:06:49,2026-09-12 16:31:40,85
hash_sha256,4df050c5944e523ac74ef5176a6100e018ebfc5ea5d0974707f5f92b0706cd74,threatfox,Unknown Loader,"threatfox,b41e5dbdefe20c98c5cb62a2074b18e7,dropped-by-remus,dropper,exe",2026-09-12 16:06:49,2026-09-12 16:31:40,85
hash_sha256,4e3fe7fe00ef8e904ce6a0e9c36fd8a0c7179fe5e786f23e31801aee84c6347d,malwarebazaar,sh,sh,2026-09-12 16:00:10,2026-09-12 16:31:40,85
hash_sha256,4ea3dcae4200924fa63545ac4dd525277b7c1287d6b1ec0297ae577da6d5a032,threatfox,Vidar,threatfox,2026-09-12 16:06:49,2026-09-12 16:31:40,85
hash_sha256,4eff95566912a2032bc6aff7f0a830ca29f18d815068cfe4bd6240d0fb7b117e,threatfox,Unknown Loader,"threatfox,exe,loader",2026-09-12 16:06:49,2026-09-12 16:31:40,85
hash_sha256,4f720f9656efc2f7fe1acfb87f074b526a18ae71d52f71243313ed082ffccf43,malwarebazaar,unknown,"dropped-by-OffLoader,SunWukong",2026-09-12 16:00:10,2026-09-12 16:31:40,85
hash_sha256,5002282edb86e86fd7d7eedd8b3bd2444390eec0d18e93641d23c89cdba1f9ef,malwarebazaar,Vibenet,elf,2026-09-12 16:00:10,2026-09-12 16:31:40,85
hash_sha256,50be7c20414d2895ca3b65631ba47ffbfe18e358ba4c8e3e52dc9ff875d5f7bb,threatfox,Venus Stealer,threatfox,2026-09-12 16:06:49,2026-09-12 16:31:40,85
hash_sha256,50be7c20414d2895ca3b65631ba47ffbfe18e358ba4c8e3e52dc9ff875d5f7bb,malwarebazaar,RemusStealer,"exe,RemusStealer,signed,windowsof-com",2026-09-12 16:00:10,2026-09-12 16:31:40,85
hash_sha256,52ebd649910eac2754dd5631d388dfdcf25e200be19918d1c94999225729a73c,threatfox,Amadey,threatfox,2026-09-12 16:06:49,2026-09-12 16:31:40,85
hash_sha256,52ec3ba075a507e62bb6e3272fb13b30a8ddc0f62c4ea194311d558b338eb5ed,threatfox,Coinminer,"threatfox,Coinminer,exe,zip",2026-09-12 16:06:49,2026-09-12 16:31:40,85
hash_sha256,543f976b349dc9539c1a3212f7033d63b4a4155027f5b81860b82b8da6f60353,malwarebazaar,7z,"7z,file-pumped,pw-1526",2026-09-12 16:00:10,2026-09-12 16:31:40,85
hash_sha256,547ab3f202d9b258918d5b5ba27c5ef8981a69d8cac4a123c4367961b8b70b3f,malwarebazaar,sh,sh,2026-09-12 16:00:10,2026-09-12 16:31:40,85
hash_sha256,578246b91e0c3af80cf6a5d4faa4b1bf94db3dba4d6ba78cb3ad58cd8dbde123,malwarebazaar,unknown,"dropped-by-StealC,loader_proxy_v1",2026-09-12 16:00:10,2026-09-12 16:31:40,85
hash_sha256,5991ed79238ab8bd0f4c4983e3e6fbc73784396daf7d585349eae37d5907c60b,threatfox,Bashlite,"threatfox,Bashlite,elf,Gafgyt",2026-09-12 16:06:49,2026-09-12 16:31:40,85
hash_sha256,5ad6770bf4ad965f1a280ecc28de35ffa39eb4e174174b968f5dbd56e110f4ab,malwarebazaar,elf,elf,2026-09-12 04:00:06,2026-09-12 16:31:40,85
hash_sha256,5b00c60a45f81997c20465d87982b3a33cae3c02ecf62240b0f56172782ed5a9,malwarebazaar,elf,elf,2026-09-12 04:00:06,2026-09-12 16:31:40,85
hash_sha256,5bdb223a32994f6d309e5050b5c2fc7637f377e01c423e8cfdbfbb053d3b1cba,malwarebazaar,elf,elf,2026-09-12 04:00:06,2026-09-12 16:31:40,85
hash_sha256,5cc4ebf5d0932210a5f7cf5728a3cc61cd8255a4adc026d5ed386d98badde7a3,malwarebazaar,Hades,jsc,2026-09-12 16:00:10,2026-09-12 16:31:40,85
hash_sha256,5f758bff42f922c84f0da94565961a1f66a144f509292a9f32fb588acb09dffd,threatfox,Mirai,"threatfox,elf,Mirai",2026-09-12 16:06:49,2026-09-12 16:31:40,85
hash_sha256,5f8208c4790ca7b7aa199cf9ae09933bef089e0f86df853b17b59c14e7aa3fab,threatfox,NetWire RC,threatfox,2026-09-12 16:06:49,2026-09-12 16:31:40,85
hash_sha256,5faaccf16fd6bec795139c2cbde9f9f3babc79d988ce18b1b7c95b9dcf012281,malwarebazaar,exe,"B,dropped-by-GCleaner,exe,MIX6.file",2026-09-12 16:00:10,2026-09-12 16:31:40,85
hash_sha256,611452d6c49d83db23602b9970923fe6b9af73502ccfedfc1ab03672d2e9a103,threatfox,Vidar,threatfox,2026-09-12 16:06:49,2026-09-12 16:31:40,85
hash_sha256,629d1e82b1ae837c1b759354d36598dd37fa489d5fcd6a31ef37baf254ed9e27,malwarebazaar,sh,sh,2026-09-12 16:00:10,2026-09-12 16:31:40,85
hash_sha256,639b46711f4669c16f35283c28173f1a7130b18bf4a3038c93580844b3d9f059,malwarebazaar,zip,"HijackLoader,IDATLoader,pw-2024,SnappyClient,Vidar,YodaTeam,zip",2026-09-12 16:00:10,2026-09-12 16:31:40,85
hash_sha256,651666ccc18b31d0d24a6d5d33062d45ed859981f84024bc69d710b468d9870f,threatfox,SalatStealer,threatfox,2026-09-12 16:06:49,2026-09-12 16:31:40,85
hash_sha256,65af8ffdecfc2394c2a27c6d53880ad5b89de8fd201a69d33a34e31e320a3a5d,threatfox,Unknown Stealer,"threatfox,exe,RemusStealer,stealer",2026-09-12 16:06:49,2026-09-12 16:31:40,85
hash_sha256,668dcf124501c1767d4ebc19f29cb44d6474cbff28947d63a695628f467b6345,threatfox,Ghost RAT,threatfox,2026-09-12 16:06:49,2026-09-12 16:31:40,85
hash_sha256,671d7db9ea9bc33168e51c97c52d3ff9e8f4c596dcbbd224ef4a1b6e3939ca8f,threatfox,Bashlite,"threatfox,Bashlite,elf,Gafgyt",2026-09-12 16:06:49,2026-09-12 16:31:40,85
hash_sha256,6da6c34ad523005fe4ca70390743217a308c8b36cdda5f8eafc816e89b96f6d7,threatfox,Nanocore RAT,threatfox,2026-09-12 16:06:49,2026-09-12 16:31:40,85
hash_sha256,6da6c34ad523005fe4ca70390743217a308c8b36cdda5f8eafc816e89b96f6d7,malwarebazaar,NanoCore,"exe,NanoCore,RAT",2026-09-12 16:00:10,2026-09-12 16:31:40,85
hash_sha256,6de4c914ee15743a5ab2b4e116fb2e81facb5dd3f80f6f0062471628e769a582,malwarebazaar,Mirai,"Hajime,Mirai",2026-09-12 16:00:10,2026-09-12 16:31:40,85
hash_sha256,6e748948aa9230adda8fb8a7c7d2c5c58db8d1cd4893e0a92fe8942667610c19,threatfox,Mirai,"threatfox,elf,Mirai",2026-09-12 16:06:49,2026-09-12 16:31:40,85
hash_sha256,6fbae3505ae0d638b820165c572d548ce92dda71e82dc47e8efe13f30617f35f,threatfox,Mirai,threatfox,2026-09-12 16:06:49,2026-09-12 16:31:40,85
hash_sha256,71134e2462c403b76fa25455f26313a45cd1973da6882cbdea5d8c04b47e18f3,threatfox,Stealc,threatfox,2026-09-12 16:06:49,2026-09-12 16:31:40,85
hash_sha256,73cf7a19f52f55576d231f352d25e8747c4b73a10d58438285e09805f416e013,threatfox,CrossRAT,threatfox,2026-09-12 16:06:49,2026-09-12 16:31:40,85
hash_sha256,73cf7a19f52f55576d231f352d25e8747c4b73a10d58438285e09805f416e013,malwarebazaar,RemcosRAT,"exe,RAT,RemcosRAT",2026-09-12 16:00:10,2026-09-12 16:31:40,85
hash_sha256,75d65495954107d7eb67a25618bf33c734a6635846a9bf46bd6c2f3f16216b38,threatfox,Coinminer,threatfox,2026-09-12 16:06:49,2026-09-12 16:31:40,85
hash_sha256,75d7cd911c61d8480869daf5010f0bb368232df34b7eeddeefe5f1989ce4ae58,malwarebazaar,Mirai,"Gafgyt,Mirai",2026-09-12 16:00:10,2026-09-12 16:31:40,85
hash_sha256,77246d1ff9553fbc339a1c77bbdb9e0996b755b9e6689e65810962591537c3ad,malwarebazaar,exe,"dropped-by-GCleaner,exe,F,MIX2.file",2026-09-12 16:00:10,2026-09-12 16:31:40,85
hash_sha256,773443849dc553f27d1a9637c5b38abca0208fbb0f2cabeecc715fc11c79d0af,malwarebazaar,unknown,unknown,2026-09-12 16:00:10,2026-09-12 16:31:40,85
hash_sha256,78cf8d71ec2451e820a7260f79e1bad47db041c004690668e11c05b1c7d764d3,threatfox,Unknown Stealer,"threatfox,exe,RemusStealer,stealer",2026-09-12 16:06:49,2026-09-12 16:31:40,85
hash_sha256,79624d5fbbc9dbca866a3971b801eba6f99450b5340bf434fcd6d182dfe8a479,malwarebazaar,elf,elf,2026-09-12 04:00:06,2026-09-12 16:31:40,85
hash_sha256,7b8942d79a54276686e9aabdb1861db4fdcfa11ed83ece066193fd5cda8bb386,malwarebazaar,sh,sh,2026-09-12 16:00:10,2026-09-12 16:31:40,85
hash_sha256,7c6c19b6e9343c772bda575a043220ec54942fe97118b51e13996d42ae21bd39,malwarebazaar,sh,sh,2026-09-12 16:00:10,2026-09-12 16:31:40,85
hash_sha256,7cdaab26af5b05d9a0624984f143a62b985cab9b09bfb31713ad7dad1662a52d,malwarebazaar,unknown,unknown,2026-09-12 16:00:10,2026-09-12 16:31:40,85
hash_sha256,7d22fabcc98916294775e10101526492c105b583ccc9cf3e2edad9187dab4f14,threatfox,Tsunami,"threatfox,elf,Tsunami",2026-09-12 16:06:49,2026-09-12 16:31:40,85
hash_sha256,7f47e02e297a35fabb1fb2a2e195e3dae5ff8ecfe7b201fed189d14e54124d2e,threatfox,Unknown Loader,"threatfox,exe,loader",2026-09-12 16:06:49,2026-09-12 16:31:40,85
hash_sha256,801eea56aa6750293bea26ee05fffd5ff9bfee90929ece6fb137c8029f2c57e9,threatfox,ACR Stealer,threatfox,2026-09-12 16:06:49,2026-09-12 16:31:40,85
hash_sha256,801eea56aa6750293bea26ee05fffd5ff9bfee90929ece6fb137c8029f2c57e9,malwarebazaar,ACRStealer,"ACRStealer,dll,dropped-by-RenPyLoader,HijackLoader,IDATLoader,login-nimbusforge-cc",2026-09-12 16:00:10,2026-09-12 16:31:40,85
hash_sha256,80c2c0d532e1557ed2a57d7557d47a07c0846729595ddb3fefa79ee2cf9140a2,malwarebazaar,unknown,unknown,2026-09-12 16:00:10,2026-09-12 16:31:40,85
hash_sha256,8210e833bc443c067eae087d04c33b8264a85c2eaf6516ae915ffc30137c15e8,threatfox,Venus Stealer,threatfox,2026-09-12 16:06:49,2026-09-12 16:31:40,85
hash_sha256,8210e833bc443c067eae087d04c33b8264a85c2eaf6516ae915ffc30137c15e8,malwarebazaar,RemusStealer,"exe,Remus,RemusStealer,signed",2026-09-12 16:00:10,2026-09-12 16:31:40,85
hash_sha256,837afb61e99a8bf60d0e6794c123c28f3ed0395c5820340cc89746c15219f09b,malwarebazaar,Prometei,elf,2026-09-12 16:00:10,2026-09-12 16:31:40,85
hash_sha256,84726b59d1ddd3f88abc4b164e8d5616fb65e1c0ea444473bcb995a0c25832fb,malwarebazaar,exe,"agent,dropper,exe",2026-09-12 16:00:10,2026-09-12 16:31:40,85
hash_sha256,850e9a04d7b41ea503c82351f9a0bb729cbc2dd8e361da6ca9c90b4f39d8405c,malwarebazaar,Hades,js,2026-09-12 16:00:10,2026-09-12 16:31:40,85
hash_sha256,864174e0518ccc0a687c9525997435e686e56901caf7e369777312022e6a2e80,malwarebazaar,RemcosRAT,"js,RAT,RemcosRAT",2026-09-12 16:00:10,2026-09-12 16:31:40,85
hash_sha256,865d76d478e2ccd75cec7e80f8b32053ba0a41f98e242e9b3316b74c9a7a9dd4,threatfox,Venus Stealer,threatfox,2026-09-12 16:06:49,2026-09-12 16:31:40,85
hash_sha256,880a9ea4c0bfcff656613559449a906f3da211c977fb8e29927b33322ccdd6dc,threatfox,Mirai,"threatfox,elf,Mirai",2026-09-12 16:06:49,2026-09-12 16:31:40,85
hash_sha256,8923aca5091d95b50052efcafe757a243462be44bb17f0c6323db74cdb59ae07,malwarebazaar,exe,"exe,Remus,RemusStealer",2026-09-12 16:00:10,2026-09-12 16:31:40,85
hash_sha256,892a6036d611f0ed6493a40c0d94f696b7c7a6dc6200a70050caabbab8735c15,malwarebazaar,unknown,unknown,2026-09-12 16:00:10,2026-09-12 16:31:40,85
hash_sha256,895a9274620e8d9c48ddf330df8b9d7331322ea659c35d8808c381add741a89a,malwarebazaar,Mirai,apk,2026-09-12 16:00:10,2026-09-12 16:31:40,85
hash_sha256,89a8a8c7a1309cd74dd702718ecbfd094def6ec29b33a07b1b185cc808cc3512,threatfox,Unknown Loader,"threatfox,exe,loader",2026-09-12 16:06:49,2026-09-12 16:31:40,85
hash_sha256,8a22b027fcd65a6085600aa31b8671a2823a8bcd863752a0bd72b644bad35fde,malwarebazaar,exe,"de-pumped,exe",2026-09-12 16:00:10,2026-09-12 16:31:40,85
hash_sha256,8b4664c393c78d5e5cb22b6f95afd9ed70751b56a8593c53aa8626c5116e0783,threatfox,ValleyRAT,threatfox,2026-09-12 16:06:49,2026-09-12 16:31:40,85
hash_sha256,8cd2fdfbdbdaa514f6699d922211769118645eabb95fbd04a647e6422a07aece,malwarebazaar,Mirai,"elf,Mirai",2026-09-12 16:00:10,2026-09-12 16:31:40,85
hash_sha256,8e1a5844fa7e7910ec1c489a7d6a7cb22ae85892d319ee63dd05979702001e86,malwarebazaar,Prometei,elf,2026-09-12 16:00:10,2026-09-12 16:31:40,85
hash_sha256,8eba96d54834a8220c57584421bd4eeb506fc316d879368c0026b87c71f77c0d,malwarebazaar,exe,"agent,dropper,exe,yogi",2026-09-12 16:00:10,2026-09-12 16:31:40,85
hash_sha256,8fc7d0505c04ca05f96f6c24a2181923c235f17b6e9276db1ea693b3092ce824,malwarebazaar,Mirai,"Hajime,Mirai",2026-09-12 16:00:10,2026-09-12 16:31:40,85
hash_sha256,91410536fbaa9a8d9e9e13f3019e70ce93cae0f13ed8ef68f4234fa7a2b09f56,malwarebazaar,exe,"de-pumped,exe",2026-09-12 16:00:10,2026-09-12 16:31:40,85
hash_sha256,91dfe3049b9de072378178064f2a248efa13dcdc23e0b51e578a5f4378e2b827,threatfox,Ghost RAT,threatfox,2026-09-12 16:06:49,2026-09-12 16:31:40,85
hash_sha256,92d7268dd1d01a365834bfaaee3d2f30f477dd997fdc747a009438a16040d814,threatfox,ValleyRAT,threatfox,2026-09-12 16:06:49,2026-09-12 16:31:40,85
hash_sha256,93d4bf13c06815a23eb506f7cbe75e7c225350b2f14eda56b414dcaefae7bb18,threatfox,Bashlite,"threatfox,Bashlite,elf,Gafgyt,Mirai",2026-09-12 16:06:49,2026-09-12 16:31:40,85
hash_sha256,94b096b1bc085be3cb1c971e547f759ae6f73ce5bb8fc0eab63aa42502f2ebe1,threatfox,Venus Stealer,threatfox,2026-09-12 16:06:49,2026-09-12 16:31:40,85
hash_sha256,94b096b1bc085be3cb1c971e547f759ae6f73ce5bb8fc0eab63aa42502f2ebe1,malwarebazaar,RemusStealer,"exe,RemusStealer,signed",2026-09-12 16:00:10,2026-09-12 16:31:40,85
hash_sha256,94c508398e9caee73bae56b388a966a47ec2616bf9311213fd5d0cf95a11711e,malwarebazaar,hta,hta,2026-09-12 16:00:10,2026-09-12 16:31:40,85
hash_sha256,9613957243feee5856b463939fab394765d6c9d8231c6c96a8f81ff1fb8925e5,threatfox,Mirai,"threatfox,elf,Mirai",2026-09-12 16:06:49,2026-09-12 16:31:40,85
hash_sha256,979048a749d8f28d877c7068b1b336ecd1e349869dfb1d7c68118f90e4099bc4,threatfox,Vidar,threatfox,2026-09-12 16:06:49,2026-09-12 16:31:40,85
hash_sha256,99ad92674e2864792961995a1d27a3a5b105be9f9edfccc6694b3fa740ed30b1,threatfox,Unknown Loader,"threatfox,exe,loader",2026-09-12 16:06:49,2026-09-12 16:31:40,85
hash_sha256,99c90c3796f9d0212669d4a4d4f3749fddb890fdb570cd0e3165bb8870a2136a,malwarebazaar,elf,elf,2026-09-12 16:00:10,2026-09-12 16:31:40,85
hash_sha256,9b717d713836c386fd57e786ff5ea94b51216d1f588452a1866d6f66f7e9ba01,threatfox,Mirai,"threatfox,elf,Mirai",2026-09-12 16:06:49,2026-09-12 16:31:40,85
hash_sha256,9ce069225f5c6b86199aa6f4ac3311c7bb28465ed92ed387d8f2014e260962f5,threatfox,Vidar,threatfox,2026-09-12 16:06:49,2026-09-12 16:31:40,85
hash_sha256,9d7cd4948a1fcbaeadc425752fce9a933bd6fc41eeede030dffd7b99b3bc51d5,threatfox,Mirai,threatfox,2026-09-12 16:06:49,2026-09-12 16:31:40,85
hash_sha256,9d87e6615c810907443ebd5e915f3b35099c3b5c6b6c684637138a7f8ec9cebc,threatfox,Mirai,threatfox,2026-09-12 16:06:49,2026-09-12 16:31:40,85
hash_sha256,9d8a4cd741ff9f08ea00c04c7c90a0a1451c0e12fa25c1b098f2b27863819cfa,threatfox,Mirai,"threatfox,elf,Mirai",2026-09-12 16:06:49,2026-09-12 16:31:40,85
hash_sha256,9da3fb0d1f8c3547f2ccb2ce8f853b640cbbfa5fb9b3cb64a662828c3447dccc,malwarebazaar,exe,"dropped-by-OffLoader,exe",2026-09-12 16:00:10,2026-09-12 16:31:40,85
hash_sha256,9e28f942262805b5fb59f46568fed53fd4b7dbf6faf666bedaf6ff22dd416572,threatfox,Tsunami,"threatfox,elf,Tsunami",2026-09-12 16:06:49,2026-09-12 16:31:40,85
hash_sha256,9e725f4893d50fccea212a96359489cb36a00e8f397ebbb2e712278b124c5567,threatfox,Vidar,threatfox,2026-09-12 16:06:49,2026-09-12 16:31:40,85
hash_sha256,9e7db8b59da9733dcba7a73f26e169e882e927c3f7ee9a47715bf774dbd236f0,malwarebazaar,exe,"exe,rat",2026-09-12 16:00:10,2026-09-12 16:31:40,85
hash_sha256,9e8c9dfc881ce4185f7b3255faf7324042fbe04629c68ea1edd4de3a5a61b213,threatfox,Unknown Loader,"threatfox,exe,loader",2026-09-12 16:06:49,2026-09-12 16:31:40,85
hash_sha256,a2d67291d87fe8f4d6e92fdb45c0190fb372cdd2c83ccc9ab8fb81bf69c74588,threatfox,Tsunami,"threatfox,elf,Tsunami",2026-09-12 16:06:49,2026-09-12 16:31:40,85
hash_sha256,a3017dd4597d47f1f7e5538cf47db98ff4dcc9164a53cd565f423ef790fb3d81,malwarebazaar,msi,"dropped-by-ACRStealer,msi,PavinLoader",2026-09-12 16:00:10,2026-09-12 16:31:40,85
hash_sha256,a505de0af54408dcde2f869608398a409908543a43fad15397a342b2200f8a52,threatfox,Payload ,"threatfox,elf,ssh-worm",2026-09-12 16:06:49,2026-09-12 16:31:40,85
hash_sha256,a69adca11b2ae199c00bd0d3d74535bb5aa3680b7e0de357f3d3c1428fb29aaa,threatfox,Mirai,"threatfox,elf,Mirai",2026-09-12 16:06:49,2026-09-12 16:31:40,85
hash_sha256,ab78c81419d8bf371c48f65011e031ba9a6c0c134a66eedf49e045a51f3587cc,threatfox,Bashlite,"threatfox,Bashlite,elf,Gafgyt",2026-09-12 16:06:49,2026-09-12 16:31:40,85
hash_sha256,acd239424e8e4363a0bfb629100e2748d4e780217057d03239b04b5b3ffe3dc0,malwarebazaar,Mirai,"Gafgyt,Mirai",2026-09-12 16:00:10,2026-09-12 16:31:40,85
hash_sha256,adde32ea51df3c0e781e418d38b736703b93f326cdbd2b0f3120489bf42d92aa,malwarebazaar,Mirai,"Gafgyt,Mirai",2026-09-12 16:00:10,2026-09-12 16:31:40,85
hash_sha256,b106b83f8537dd027ba91b3994e1990c0ad195cc8a6ad37115cf8627b21a8797,threatfox,Nanocore RAT,threatfox,2026-09-12 16:06:49,2026-09-12 16:31:40,85
hash_sha256,b106b83f8537dd027ba91b3994e1990c0ad195cc8a6ad37115cf8627b21a8797,malwarebazaar,NanoCore,"exe,NanoCore,RAT",2026-09-12 16:00:10,2026-09-12 16:31:40,85
hash_sha256,b145c4512a72ff02c951da3b3d57273c3a9404f4fb691ccaa2750e6bb65f0a6f,threatfox,Mirai,"threatfox,elf,Mirai",2026-09-12 16:06:49,2026-09-12 16:31:40,85
hash_sha256,b187436ea67d18d950a1aef584096c2fa52d2e6ae219a47a64697d5491525c82,malwarebazaar,Hades,asar,2026-09-12 16:00:10,2026-09-12 16:31:40,85
hash_sha256,b200ab6d281055e113fe82fbd7d4fef86183221a4a68c6154ab8ca6fc08c34fb,malwarebazaar,Mirai,elf,2026-09-12 16:00:10,2026-09-12 16:31:40,85
hash_sha256,b2b706a940576bb6aa7112006aa38278e805737d3a55c7f0bd1dab381f1691fe,threatfox,Unknown Loader,"threatfox,exe,loader",2026-09-12 16:06:49,2026-09-12 16:31:40,85
hash_sha256,b4ff59be95361d56347d381ffa917a5e583937b5c854b243e466d9d8f5bc2990,threatfox,Hades,"threatfox,discord,electron,hades,nsis,rat,stealer,turkey,wallet",2026-09-12 16:06:49,2026-09-12 16:31:40,85
hash_sha256,b4ff59be95361d56347d381ffa917a5e583937b5c854b243e466d9d8f5bc2990,malwarebazaar,Hades,"discord,electron-builder,exe,hades,nsis,rat,stealer,turkey",2026-09-12 16:00:10,2026-09-12 16:31:40,85
hash_sha256,b6789512189a639ead9dcb022ba3ea2533e31590f010e345add469abd4f93689,threatfox,Unknown Loader,"threatfox,exe,loader",2026-09-12 16:06:49,2026-09-12 16:31:40,85
hash_sha256,b681536e41f4091be5f2af5fba44ac7bd9c945d35fe7624e7c1ff00f69eef05e,malwarebazaar,sh,sh,2026-09-12 16:00:10,2026-09-12 16:31:40,85
hash_sha256,b76e9c4be46dd696a998d2eef5a0a5228c713d7b659358ef08cc647ab98845db,threatfox,Mirai,"threatfox,elf,Mirai",2026-09-12 16:06:49,2026-09-12 16:31:40,85
hash_sha256,b98ed7a5c645421acd5462f2b3ed759087bfbe16890fe4c471e76c8d1ab35c8a,malwarebazaar,Mirai,elf,2026-09-12 16:00:10,2026-09-12 16:31:40,85
hash_sha256,b99da433d42a9ac546868b3b5fca27439a9d99d7981369e74557547be87b7542,threatfox,Clientor,threatfox,2026-09-12 16:06:49,2026-09-12 16:31:40,85
hash_sha256,b99da433d42a9ac546868b3b5fca27439a9d99d7981369e74557547be87b7542,malwarebazaar,Arechclient2,"145-63-128-66,Arechclient2,dll,dropped-by-ACRStealer,HijackLoader,IDATLoader,SectopRAT",2026-09-12 16:00:10,2026-09-12 16:31:40,85
hash_sha256,ba0db3bfecb94ae8dd1f486ad5a8e23a6d59d76ee7fbe11f3487df4336342e9c,malwarebazaar,exe,"dropped-by-OffLoader,exe,GCleaner,signed",2026-09-12 16:00:10,2026-09-12 16:31:40,85
hash_sha256,bb04d6d6fccd0c5eaaeb02bc0c904c0122e9a61d0756b579c2d0da760190b576,threatfox,Amadey,threatfox,2026-09-12 16:06:49,2026-09-12 16:31:40,85
hash_sha256,bbafb0d313cb0f7a55395f950a0a1337934af072b3d4ebafc704bab60f03fdfc,threatfox,PY#RATION,threatfox,2026-09-12 16:06:49,2026-09-12 16:31:40,85
hash_sha256,c275b9171e637565b8d0b7a8fccde14354bc3f9624472bf676dd5ab6a03bdd00,malwarebazaar,iso,"CNBackdoor,iso",2026-09-12 16:00:10,2026-09-12 16:31:40,85
hash_sha256,c2a9c985aeba65a7951974f6bc749c25a66796be463b74b51614610d236b57c1,malwarebazaar,unknown,"dropped-by-StealC,loader_proxy_v1",2026-09-12 16:00:10,2026-09-12 16:31:40,85
hash_sha256,c502a9629f7965bd776de4de6edd5e8ca39d4b733e1f9d1e7cbadc7875c3eb6b,threatfox,Mirai,"threatfox,elf,Mirai",2026-09-12 16:06:49,2026-09-12 16:31:40,85
hash_sha256,c75e94747f1d4c8b7852d076a399851ccab1d6786e880c5c758359517d903b6b,malwarebazaar,exe,"aotera,exe,inject,loader,yogi",2026-09-12 16:00:10,2026-09-12 16:31:40,85
hash_sha256,c8bfb95fdb8b76926a1a73307c0327891c47991ce4b014d04f8e697778ec97a3,malwarebazaar,unknown,"dropped-by-StealC,loader_proxy_v1",2026-09-12 16:00:10,2026-09-12 16:31:40,85
hash_sha256,ca3ebe2ce77f73faf246331eff19f8c33966520ff7c3369d83d244dfdbda0a1a,threatfox,Venus Stealer,threatfox,2026-09-12 16:06:49,2026-09-12 16:31:40,85
hash_sha256,cb2cbd55778eab966081b89ad0f40e435356a77ab641307aa0d46c9a1fbc66e0,malwarebazaar,Mirai,"Gafgyt,Mirai",2026-09-12 16:00:10,2026-09-12 16:31:40,85
hash_sha256,cb94ed9707ecc92ea06394c43f62674d6d3d549e2096ed2280d3f1c96e9e18fd,malwarebazaar,exe,exe,2026-09-12 16:00:10,2026-09-12 16:31:40,85
hash_sha256,cbc8183ec6cdbe6b1025339e5f37daa4608d63d049296dad67971e25fd18f235,threatfox,ACR Stealer,threatfox,2026-09-12 16:06:49,2026-09-12 16:31:40,85
hash_sha256,cbc8183ec6cdbe6b1025339e5f37daa4608d63d049296dad67971e25fd18f235,malwarebazaar,ACRStealer,"ACRStealer,exe",2026-09-12 16:00:10,2026-09-12 16:31:40,85
hash_sha256,cc76bc218627279ecb4d0ce74ad2651e9db9e3e843e35d6569576e056e3a9218,threatfox,Mirai,threatfox,2026-09-12 16:06:49,2026-09-12 16:31:40,85
hash_sha256,ccefe9acb00af5bfc11701b390e8e0dac713ab289a516be091a71a3a0a63a9ba,threatfox,WannaCryptor,threatfox,2026-09-12 16:06:49,2026-09-12 16:31:40,85
hash_sha256,cd354115948856532c805ba3fa8f8b30a94299607000d71a47fad0c3a77ce686,malwarebazaar,exe,"d52f85,dropped-by-Amadey,exe",2026-09-12 16:00:10,2026-09-12 16:31:40,85
hash_sha256,cd4b5390890f18df23345caa1dba8621efc1aff60f376e49e17c4fe67a181845,threatfox,Bashlite,"threatfox,Bashlite,elf,Gafgyt,wraith",2026-09-12 16:06:49,2026-09-12 16:31:40,85
hash_sha256,ce9c1422af2c16af682eac479c3f9c57959beb355b22ba72de8c10c4078eb8db,threatfox,Unknown Loader,"threatfox,exe,loader",2026-09-12 16:06:49,2026-09-12 16:31:40,85
hash_sha256,d08732c8f19776bc396ea55eef98dc4f92c665033890fdcecd8aa2a7d09c42c4,threatfox,Vidar,threatfox,2026-09-12 16:06:49,2026-09-12 16:31:40,85
hash_sha256,d08732c8f19776bc396ea55eef98dc4f92c665033890fdcecd8aa2a7d09c42c4,malwarebazaar,Vidar,"exe,signed,Vidar",2026-09-12 16:00:10,2026-09-12 16:31:40,85
hash_sha256,d20de1e6ace9860426adff0d63fd8f84e3b5aff6bf2bc29dd2fe68178938d149,malwarebazaar,exe,"CNBackdoor,exe",2026-09-12 16:00:10,2026-09-12 16:31:40,85
hash_sha256,d272ddff64fa79a9dcd965d5bd5fb5839705cea837397ea167aa3cc1f5217d02,malwarebazaar,dll,"dll,HijackLoader,IDATLoader,SnappyClient,Vidar,YodaTeam",2026-09-12 16:00:10,2026-09-12 16:31:40,85
hash_sha256,d3081928a99a440dc019c8a856069b72367266dcbf38ea8cc500154749a2c230,malwarebazaar,Mirai,"elf,Mirai",2026-09-12 16:00:10,2026-09-12 16:31:40,85
hash_sha256,d3c34baf4731aeffc5be0d1b6d2eb4ca4bddf35af1a1a79877bdc687189f857f,malwarebazaar,Vibenet,elf,2026-09-12 16:00:10,2026-09-12 16:31:40,85
hash_sha256,d465bdfce2073b27cf706b3ed619b2f1ab4217d46fb75ed5d1ace301fe3abaab,malwarebazaar,unknown,"dropped-by-StealC,loader_proxy_v1",2026-09-12 16:00:10,2026-09-12 16:31:40,85
hash_sha256,d56c1631b2f816bd9cac1c74bd640404556bb00c4567830d951c75fb7f70c122,malwarebazaar,sh,sh,2026-09-12 04:00:06,2026-09-12 16:31:40,85
hash_sha256,d5a939a986a7f4fd4889c4b0c4d2daa4788a16b52f958b2a56e912635e519f10,malwarebazaar,xlsm,xlsm,2026-09-12 16:00:10,2026-09-12 16:31:40,85
hash_sha256,d68bd997fea85e2b9e2438e989397798ad214635dd4e43b733214876ac6fa19f,threatfox,Running RAT,threatfox,2026-09-12 16:06:49,2026-09-12 16:31:40,85
hash_sha256,d68bd997fea85e2b9e2438e989397798ad214635dd4e43b733214876ac6fa19f,malwarebazaar,RunningRAT,"exe,RAT,RunningRAT",2026-09-12 16:00:10,2026-09-12 16:31:40,85
hash_sha256,d7079114f00c0265e3553cd10f8816298c806a8b37402bfb4192ae9b8b9fc951,malwarebazaar,elf,elf,2026-09-12 16:00:10,2026-09-12 16:31:40,85
hash_sha256,d723c473068e3a1ab8b326d3f42b62e20d460d01e4ed8b944e42b0dc6effbb37,threatfox,ACR Stealer,threatfox,2026-09-12 16:06:49,2026-09-12 16:31:40,85
hash_sha256,d723c473068e3a1ab8b326d3f42b62e20d460d01e4ed8b944e42b0dc6effbb37,malwarebazaar,ACRStealer,"ACRStealer,exe",2026-09-12 16:00:10,2026-09-12 16:31:40,85
hash_sha256,d75b9a8289eda8d48ff22e483f6df819d6a3e2d3fe638f6cb986d74358fe6e8e,threatfox,Mirai,"threatfox,elf,Mirai",2026-09-12 16:06:49,2026-09-12 16:31:40,85
hash_sha256,da1d478a5b6b481e7c66699f8d8f0d21fc7ebbe854401c6ae67eacae6ea5a7a5,threatfox,Quasar RAT,threatfox,2026-09-12 16:06:49,2026-09-12 16:31:40,85
hash_sha256,da1d478a5b6b481e7c66699f8d8f0d21fc7ebbe854401c6ae67eacae6ea5a7a5,malwarebazaar,QuasarRAT,"exe,QuasarRAT,RAT",2026-09-12 16:00:10,2026-09-12 16:31:40,85
hash_sha256,da37e1eef108b5eba7563e5b1f0950dd1852bf9cf921910b24b57291806c375f,malwarebazaar,elf,elf,2026-09-12 16:00:10,2026-09-12 16:31:40,85
hash_sha256,da7ffe7578fbd4434eb90191c71d9009656c8d0ee1e042714c450ba8ee8e8486,threatfox,Mirai,"threatfox,elf,Mirai",2026-09-12 16:06:49,2026-09-12 16:31:40,85
hash_sha256,da83b17ef7aa1d440ddf243bb3d403226252538de60ac26395ec13e669cae91d,threatfox,Bashlite,"threatfox,Bashlite,elf,Gafgyt",2026-09-12 16:06:49,2026-09-12 16:31:40,85
hash_sha256,daa967f000c233d278ec379d3f184283631ca60a7752b38bcf44c9741ea96f8b,threatfox,Unknown Loader,"threatfox,exe,loader",2026-09-12 16:06:49,2026-09-12 16:31:40,85
hash_sha256,dae91e9dee0f475223fbe4682ed4a22c2cd8a534d45574061ced9e0d2142d7e1,threatfox,Unknown Loader,"threatfox,exe,loader",2026-09-12 16:06:49,2026-09-12 16:31:40,85
hash_sha256,daf6ffa16e4e18c9da8a8e8471ef4950a85c6a648f9f53a9c2db855a0404d9e4,threatfox,Mirai,"threatfox,elf,Mirai",2026-09-12 16:06:49,2026-09-12 16:31:40,85
hash_sha256,db503d204605a3b980ac432cdb1c4de25ea00278390d62377d31d30de8471f37,malwarebazaar,unknown,unknown,2026-09-12 16:00:10,2026-09-12 16:31:40,85
hash_sha256,e12dbf049019f00e5ad30e55e04314a080491617cca6b099d81334ae43458dd6,threatfox,VShell,"threatfox,exe,VShell",2026-09-12 16:06:49,2026-09-12 16:31:40,85
hash_sha256,e1f4692aef0eb5bfc8b0dd24d6b6df4bcb687429f41047b57b816b116bd29c90,threatfox,WannaCryptor,threatfox,2026-09-12 16:06:49,2026-09-12 16:31:40,85
hash_sha256,e2bd2df04d99a41fbf40500e1de3fbf3c69a5ad952e4d23102d22d6de1246138,threatfox,Mirai,"threatfox,elf,Mirai",2026-09-12 16:06:49,2026-09-12 16:31:40,85
hash_sha256,e36fcabff0eec569fee5d306df5bec8e3ca576f253f064c4a423989a8156e553,threatfox,WannaCryptor,threatfox,2026-09-12 16:06:49,2026-09-12 16:31:40,85
hash_sha256,e3b85ca26c546d1dcf837d74c5f8b36f2c40c97c028226679177c7bbea771953,threatfox,ValleyRAT,threatfox,2026-09-12 16:06:49,2026-09-12 16:31:40,85
hash_sha256,e4c1d4e2524b4955784c61bf748346012e7546f8b1c3559f0815040687ed1069,malwarebazaar,ACRStealer,"ACRStealer,dropped-by-RenPyLoader,HijackLoader,IDATLoader,login-nimbusforge-cc,zip",2026-09-12 16:00:10,2026-09-12 16:31:40,85
hash_sha256,e870ba426cd9bd8542b413641a456b6f1eab480a88eb2d83d644c1461a524919,malwarebazaar,sh,sh,2026-09-12 16:00:10,2026-09-12 16:31:40,85
hash_sha256,e893c34f72feb1546a071a3e2767010219b94360bc6bcbf9ff425bd324db0e5a,threatfox,AsyncRAT,"threatfox,asyncrat,rat",2026-09-12 16:06:49,2026-09-12 16:31:40,85
hash_sha256,e894e6c3487c1b639201903f1b5a265f21bb3b2c4b4a66069e4ab4e4ff785fac,threatfox,AsyncRAT,"threatfox,asyncrat,rat",2026-09-12 16:06:49,2026-09-12 16:31:40,85
hash_sha256,e8982f97525d03a7c2ecfae744d592d270d3abed1cd21cccffa3abdb682308e8,threatfox,AsyncRAT,"threatfox,asyncrat,rat",2026-09-12 16:06:49,2026-09-12 16:31:40,85
hash_sha256,e899b7c6abf5538a9b086ccddb09bcc8cf0cde0046ff535064df4b481530f58a,threatfox,AsyncRAT,"threatfox,asyncrat,rat",2026-09-12 16:06:49,2026-09-12 16:31:40,85
hash_sha256,e899c96dbcd8b4b958b18ca8db07c4008f75fb83be8c8c6d7d87938cfb77f04c,threatfox,AsyncRAT,"threatfox,asyncrat,rat",2026-09-12 16:06:49,2026-09-12 16:31:40,85
hash_sha256,e8a4d10f7a283c32b779d543c042dfd369fad61ab39bc7ea7981191b5bfaf9bf,threatfox,AsyncRAT,"threatfox,asyncrat,rat",2026-09-12 16:06:49,2026-09-12 16:31:40,85
hash_sha256,e8a62f029d09b2ad0f72a024c06d55c3eeafaf17691292b51d6dad2ce54fb3d0,threatfox,AsyncRAT,"threatfox,asyncrat,rat",2026-09-12 16:06:49,2026-09-12 16:31:40,85
hash_sha256,e8aca8f27af178b2c191206c7bc04bfddc604a78b95699a72ca20c22f618c9b0,threatfox,AsyncRAT,"threatfox,asyncrat,rat",2026-09-12 16:06:49,2026-09-12 16:31:40,85
hash_sha256,e8add7bb7869887b70f8e888c3baf366f9c56813c66ec964cca4bce9818dd061,threatfox,AsyncRAT,"threatfox,asyncrat,rat",2026-09-12 16:06:49,2026-09-12 16:31:40,85
hash_sha256,e8b15948351e4c8b67c73da3c3693b04d50348791370e607a25b884683d2ea46,threatfox,AsyncRAT,"threatfox,asyncrat,rat",2026-09-12 16:06:49,2026-09-12 16:31:40,85
hash_sha256,e8b6b4d0c39106418efaef9c506a6f070c0a1db5cf076449daa344012c37611f,threatfox,AsyncRAT,"threatfox,asyncrat,rat",2026-09-12 16:06:49,2026-09-12 16:31:40,85
hash_sha256,e8b7c888c9ea980cf728bc8e7fbbf2db6deccd62b7252e673e77fcce9f740f9b,threatfox,AsyncRAT,"threatfox,asyncrat,rat",2026-09-12 16:06:49,2026-09-12 16:31:40,85
hash_sha256,e8e7259207aed56b83cd1b5ff9dd85fb31b03001e8044e41707d97730a5fe72a,threatfox,AsyncRAT,"threatfox,asyncrat,rat",2026-09-12 16:06:49,2026-09-12 16:31:40,85
hash_sha256,e8f6dc455cea42a08feb8fcf5a34928864d537ec5ec905576cee58c9fabd6a5f,threatfox,AsyncRAT,"threatfox,asyncrat,rat",2026-09-12 16:06:49,2026-09-12 16:31:40,85
hash_sha256,e8fa87ca61975dd06856634213396736a9596b1b8f589f18ccb9eae2bfc34e0c,threatfox,AsyncRAT,"threatfox,asyncrat,rat",2026-09-12 16:06:49,2026-09-12 16:31:40,85
hash_sha256,e904ca4c6b4e958341675270f7b70022f78bd3742f51ade118fd3b2ca8ad89b8,threatfox,AsyncRAT,"threatfox,asyncrat,rat",2026-09-12 16:06:49,2026-09-12 16:31:40,85
hash_sha256,e905f262f2ec981ddf92c94fe44d96c14195f9bf0815f204c2c4197b16dbb053,threatfox,AsyncRAT,"threatfox,asyncrat,rat",2026-09-12 16:06:49,2026-09-12 16:31:40,85
hash_sha256,e911f0eb1dd9a86c73755ef40dbf4b7e129284ba44875f23ce3cbfe30dd253d3,threatfox,AsyncRAT,"threatfox,asyncrat,rat",2026-09-12 16:06:49,2026-09-12 16:31:40,85
hash_sha256,e91593f2988a0ee2e725d47f90d4403a5fd373ecce0c42d9a19358b1224d0283,threatfox,AsyncRAT,"threatfox,asyncrat,rat",2026-09-12 16:06:49,2026-09-12 16:31:40,85
hash_sha256,e91838e3f9c6aa4e1e043fa30ac176081877347166e52aa9b9cb1e7f25acecbf,threatfox,AsyncRAT,"threatfox,asyncrat,rat",2026-09-12 16:06:49,2026-09-12 16:31:40,85
hash_sha256,e91990a5e2167c5d030656420a5cc77e10af179c43243da11a99e4286b0dcec3,threatfox,AsyncRAT,"threatfox,asyncrat,rat",2026-09-12 16:06:49,2026-09-12 16:31:40,85
hash_sha256,e91997ede0af6498cdec211340fc59fcb814a9bbaf47115149d1e17126b8088a,threatfox,AsyncRAT,"threatfox,asyncrat,rat",2026-09-12 16:06:49,2026-09-12 16:31:40,85
hash_sha256,e91d02519dfb511754d45bd0ea6761ab41b0c96336ceb5b7ebf4d946e576bed8,threatfox,AsyncRAT,"threatfox,asyncrat,rat",2026-09-12 16:06:49,2026-09-12 16:31:40,85
hash_sha256,e9232a48d17e2649596b49f73419d3ac696ff627445344e83853756a88a56b9b,threatfox,AsyncRAT,"threatfox,asyncrat,rat",2026-09-12 16:06:49,2026-09-12 16:31:40,85
hash_sha256,e93189dbbed09b9192062778649cf8145304121174b373faefdd3eaf77ad886c,threatfox,AsyncRAT,"threatfox,asyncrat,rat",2026-09-12 16:06:49,2026-09-12 16:31:40,85
hash_sha256,e9387c1e11f42088a6df6abe5750a2d2e5714196781e8c60d9bf74dbd2671f71,malwarebazaar,exe,"d52f85,dropped-by-Amadey,exe",2026-09-12 16:00:10,2026-09-12 16:31:40,85
hash_sha256,e93c4702102c706307aeabeca875606b5d63bf85442062622cc2d75eade3590b,threatfox,AsyncRAT,"threatfox,asyncrat,rat",2026-09-12 16:06:49,2026-09-12 16:31:40,85
hash_sha256,e94b5bfcea6689274d9bca93a3d77c03ecbf49e2ca1dff4e3fe8baec0f401b3f,threatfox,AsyncRAT,"threatfox,asyncrat,rat",2026-09-12 16:06:49,2026-09-12 16:31:40,85
hash_sha256,e94c60401db37f29856ef538b58ed29e951d37c746a551b1b62fe6f05672087d,threatfox,AsyncRAT,"threatfox,asyncrat,rat",2026-09-12 16:06:49,2026-09-12 16:31:40,85
hash_sha256,e94eabb24c46b716182de47d1af9908102461ffff592ff88aca8b586b9a673b2,threatfox,AsyncRAT,"threatfox,asyncrat,rat",2026-09-12 16:06:49,2026-09-12 16:31:40,85
hash_sha256,e950d0cbe4a644dfc46dc6767bf7830ed88b5bf81bd7cc41293674d2f55a19cf,threatfox,AsyncRAT,"threatfox,asyncrat,rat",2026-09-12 16:06:49,2026-09-12 16:31:40,85
hash_sha256,e95554214868e4bba4020036914670bfa988f5f606351c20590e5ccbbd2f7bd6,threatfox,AsyncRAT,"threatfox,asyncrat,rat",2026-09-12 16:06:49,2026-09-12 16:31:40,85
hash_sha256,e95c417793c55fa494d5183cb171e9ad1737357d0399f981da5d19b3df8a1a1d,threatfox,AsyncRAT,"threatfox,asyncrat,rat",2026-09-12 16:06:49,2026-09-12 16:31:40,85
hash_sha256,e95cf3c72b0a6188fa31a96cc230218a1b33d2a557536cad75b384a2d29e41de,threatfox,AsyncRAT,"threatfox,asyncrat,rat",2026-09-12 16:06:49,2026-09-12 16:31:40,85
hash_sha256,e960b61bb463dcd9b5b931fefdb5098311187e1a67543b682785c968a7f59567,threatfox,AsyncRAT,"threatfox,asyncrat,rat",2026-09-12 16:06:49,2026-09-12 16:31:40,85
hash_sha256,e96272b73c791ba1159f7752818277eef009b0eb5945bf8405536b4ee399042b,threatfox,AsyncRAT,"threatfox,asyncrat,rat",2026-09-12 16:06:49,2026-09-12 16:31:40,85
hash_sha256,e962f84f34cb3a20687104d64a16a021978b2e6868095e51173d237dd2cebb20,threatfox,AsyncRAT,"threatfox,asyncrat,rat",2026-09-12 16:06:49,2026-09-12 16:31:40,85
hash_sha256,e96980a7e0277caa98b0fdf5a48d94e1d602a9b03ef7987b7cad6a7ea86b8eb3,threatfox,AsyncRAT,"threatfox,asyncrat,rat",2026-09-12 16:06:49,2026-09-12 16:31:40,85
hash_sha256,e96a0c1bc5f720d7f0a53f72e5bb424163c943c24a437b1065957a79f5872675,threatfox,AsyncRAT,"threatfox,asyncrat,rat",2026-09-12 16:06:49,2026-09-12 16:31:40,85
hash_sha256,e96e86dd43cbd957848d1d482a5efed9c5557e3d48cf5e67abee6f207504b3ed,threatfox,Bashlite,"threatfox,Bashlite,elf,Gafgyt",2026-09-12 16:06:49,2026-09-12 16:31:40,85
hash_sha256,e96fe8f9f947a7ab14a4d8df7d49856e750dc0386f876b97144ee9449a00078c,threatfox,AsyncRAT,"threatfox,asyncrat,rat",2026-09-12 16:06:49,2026-09-12 16:31:40,85
hash_sha256,e9727d97d2b5f5953a05eaf69a1bdab54cc757955fbab97476d94a5af5920b97,threatfox,AsyncRAT,"threatfox,asyncrat,rat",2026-09-12 16:06:49,2026-09-12 16:31:40,85
hash_sha256,e97fee577801ecbaf43de7c1709734a498d5c1f472d0e00bdd12a06a3621adfc,threatfox,AsyncRAT,"threatfox,asyncrat,rat",2026-09-12 16:06:49,2026-09-12 16:31:40,85
hash_sha256,e9862583e03d49e791f0aaabb974ba4054cea75a57fec9660b59dd3342cd65de,threatfox,AsyncRAT,"threatfox,asyncrat,rat",2026-09-12 16:06:49,2026-09-12 16:31:40,85
hash_sha256,e989511efca30f5d0a994e476f88eacd7a7c0c5867e518f252c4c6825c940720,threatfox,AsyncRAT,"threatfox,asyncrat,rat",2026-09-12 16:06:49,2026-09-12 16:31:40,85
hash_sha256,e98df30ddb2e8b105e23e7d5e7c913f1cb7d2ef963def3030853daa91f71b75d,threatfox,AsyncRAT,"threatfox,asyncrat,rat",2026-09-12 16:06:49,2026-09-12 16:31:40,85
hash_sha256,e9937032474f980b76234ad658d7f7dcbdbfc7104fa33fad4acc2e159f5e3e5b,threatfox,AsyncRAT,"threatfox,asyncrat,rat",2026-09-12 16:06:49,2026-09-12 16:31:40,85
hash_sha256,e9988c48dea10d0717d41cbb69c65568eb6cb076ea355b31fbb83cea82bcb037,threatfox,AsyncRAT,"threatfox,asyncrat,rat",2026-09-12 16:06:49,2026-09-12 16:31:40,85
hash_sha256,e99cc1b9b066c7009beadb0d62d7f2db1858949dc70ff1587f899c979e771709,threatfox,AsyncRAT,"threatfox,asyncrat,rat",2026-09-12 16:06:49,2026-09-12 16:31:40,85
hash_sha256,e99d298b9699a377758ff12e42670465444329a49b47d51a533365a8f12b91f1,threatfox,AsyncRAT,"threatfox,asyncrat,rat",2026-09-12 16:06:49,2026-09-12 16:31:40,85
hash_sha256,e9a28fb367887a131f32b4b5f5ba069b41ce15ac478a7cbb84aee7917b8eba8c,threatfox,AsyncRAT,"threatfox,asyncrat,rat",2026-09-12 16:06:49,2026-09-12 16:31:40,85
hash_sha256,e9a752af6b315a4a11264c9046f7fd62dd9922da6da28da1bedc8e4e87e97960,threatfox,AsyncRAT,"threatfox,asyncrat,rat",2026-09-12 16:06:49,2026-09-12 16:31:40,85
hash_sha256,e9a934fd35d99f286d6cf83656dde0c00ff9d1331360faeda97868f76971fc88,threatfox,AsyncRAT,"threatfox,asyncrat,rat",2026-09-12 16:06:49,2026-09-12 16:31:40,85
hash_sha256,e9b0aa580bffaf8e22f964989ca78782bf7b6381956f8eab8dba75553b7ec581,threatfox,AsyncRAT,"threatfox,asyncrat,rat",2026-09-12 16:06:49,2026-09-12 16:31:40,85
hash_sha256,e9b5d3a7817a76c8c1e334cf2e6006b47d765cd3bf990a93155a2ce02bf60b16,threatfox,AsyncRAT,"threatfox,asyncrat,rat",2026-09-12 16:06:49,2026-09-12 16:31:40,85
hash_sha256,e9bd4eaba6b99ee71e48599ae4090cabcd5da86d7fdd5b49836ba172a5c096cb,threatfox,AsyncRAT,"threatfox,asyncrat,rat",2026-09-12 16:06:49,2026-09-12 16:31:40,85
hash_sha256,e9bdbe0107784f06734c4fddbd3d116bbc621d394c1f8494b8ff474d07c25436,threatfox,AsyncRAT,"threatfox,asyncrat,rat",2026-09-12 16:06:49,2026-09-12 16:31:40,85
hash_sha256,e9c04b7794c73423a9194ec2dd7a9ae1e711b16408628c0ac09c0fcf0018046d,threatfox,AsyncRAT,"threatfox,asyncrat,rat",2026-09-12 16:06:49,2026-09-12 16:31:40,85
hash_sha256,e9c607f263a990db1bf0465c8688ed7ce7e5f294845041fb56af313df34f45df,threatfox,AsyncRAT,"threatfox,asyncrat,rat",2026-09-12 16:06:49,2026-09-12 16:31:40,85
hash_sha256,e9c82b240d1538b9a3761d4fa38332ae83c068133f60f0d0906635a2bba96817,threatfox,AsyncRAT,"threatfox,asyncrat,rat",2026-09-12 16:06:49,2026-09-12 16:31:40,85
hash_sha256,e9c94db804325dadf535d34ee2a5e487d0f26880eb7ef3edb82d1c7de7e19897,threatfox,Vidar,threatfox,2026-09-12 16:06:49,2026-09-12 16:31:40,85
hash_sha256,e9c9f401af4334fa17957a92cec026a67d33039fcd253eff5b6572484f9762de,threatfox,AsyncRAT,"threatfox,asyncrat,rat",2026-09-12 16:06:49,2026-09-12 16:31:40,85
hash_sha256,e9d188a3fcac292d3c3d900ee6639e20ba195ea3b1ff7056515debd00f1fe3af,threatfox,AsyncRAT,"threatfox,asyncrat,rat",2026-09-12 16:06:49,2026-09-12 16:31:40,85
hash_sha256,e9d5d51401e3b6f631c370d0c44f236b56a0dcfe1a8a9f5ea5f70ff0ea3265fd,threatfox,AsyncRAT,"threatfox,asyncrat,rat",2026-09-12 16:06:49,2026-09-12 16:31:40,85
hash_sha256,e9db0158840a68818e4e392d1561f0403bfd5c788b24c5d24083de2d3f6b5e92,threatfox,AsyncRAT,"threatfox,asyncrat,rat",2026-09-12 16:06:49,2026-09-12 16:31:40,85
hash_sha256,e9dbe17727323427dd4889016fe1cc882aeb087e94ff043d819e7eca567d0aac,threatfox,AsyncRAT,"threatfox,asyncrat,rat",2026-09-12 16:06:49,2026-09-12 16:31:40,85
hash_sha256,e9dbfc469137750bfecaeb1c8882a2cfad4fc65bc4c7eee3058934b9dd8fa9c9,threatfox,AsyncRAT,"threatfox,asyncrat,rat",2026-09-12 16:06:49,2026-09-12 16:31:40,85
hash_sha256,e9debed340fa0316e0e51059248c2c1e77ef6351efd07f4a384e253989f946f5,threatfox,AsyncRAT,"threatfox,asyncrat,rat",2026-09-12 16:06:49,2026-09-12 16:31:40,85
hash_sha256,e9dfef9d9f1d79fc120cab14a805e5e239f76c9a893eebd843d0b5ac9c8ce7d0,threatfox,AsyncRAT,"threatfox,asyncrat,rat",2026-09-12 16:06:49,2026-09-12 16:31:40,85
hash_sha256,e9e14c22815084938380a7def9cc7db732b8cc742b4ae50dc07653967d516d07,threatfox,AsyncRAT,"threatfox,asyncrat,rat",2026-09-12 16:06:49,2026-09-12 16:31:40,85
hash_sha256,e9e1bdfe0ade7ef1e38c9d93bd7a1d16ad23aacf94391c523fc2205390012167,threatfox,AsyncRAT,"threatfox,asyncrat,rat",2026-09-12 16:06:49,2026-09-12 16:31:40,85
hash_sha256,e9e1e8347cecca08fc496fb051e277bfbb89b4b9f98f26d219e52667cc848a9e,threatfox,AsyncRAT,"threatfox,asyncrat,rat",2026-09-12 16:06:49,2026-09-12 16:31:40,85
hash_sha256,e9ed387cd43c5769dc54a7201acb7a8bb89203e462cbff3ffb98a6cf15863d28,threatfox,AsyncRAT,"threatfox,asyncrat,rat",2026-09-12 16:06:49,2026-09-12 16:31:40,85
hash_sha256,e9f2856e7040aeebd9a4f0107296fd2a13873e482bfafe285652687af25ab949,threatfox,PY#RATION,threatfox,2026-09-12 16:06:49,2026-09-12 16:31:40,85
hash_sha256,e9f9905c4959b018a0e591fb2d532998a4753ca581718eecaf33a2b9f3cf9897,threatfox,AsyncRAT,"threatfox,asyncrat,rat",2026-09-12 16:06:49,2026-09-12 16:31:40,85
hash_sha256,e9fc97b31f69c0edcf41ca28e6c39e9271cbcae206c62a20faee00acf7718d6a,threatfox,AsyncRAT,"threatfox,asyncrat,rat",2026-09-12 16:06:49,2026-09-12 16:31:40,85
hash_sha256,ea00f8ab89365f80158b8ea6e327fa16ee5cc1d00b1749df64e74a6e1c8205cc,threatfox,AsyncRAT,"threatfox,asyncrat,rat",2026-09-12 16:06:49,2026-09-12 16:31:40,85
hash_sha256,ea027a4f86bfd4af49165c1ed4ee1af40482e9511cddbe0834d60158ea1e89f0,threatfox,AsyncRAT,"threatfox,asyncrat,rat",2026-09-12 16:06:49,2026-09-12 16:31:40,85
hash_sha256,ea028871c247a64b4f3dec198f0e77d9428d58b996d7e261141b57eae2c8eb24,threatfox,AsyncRAT,"threatfox,asyncrat,rat",2026-09-12 16:06:49,2026-09-12 16:31:40,85
hash_sha256,ea046a8b8c4ccaf1a6f070fe507ca0665cc91a3e4a51bc0f5ee4fc349cf16dff,threatfox,AsyncRAT,"threatfox,asyncrat,rat",2026-09-12 16:06:49,2026-09-12 16:31:40,85
hash_sha256,ea04850fa21b0c32d74e4f6dfd09540efb4674cb64e6836b4842d8a7e6ae587a,threatfox,AsyncRAT,"threatfox,asyncrat,rat",2026-09-12 16:06:49,2026-09-12 16:31:40,85
hash_sha256,ea0589675d5a33e0ccaa051ca9db284441f0468c5bf5bbbe28a2b634cb37e618,threatfox,AsyncRAT,"threatfox,asyncrat,rat",2026-09-12 16:06:49,2026-09-12 16:31:40,85
hash_sha256,ea06d96b20ee16acd95e4aa1ff3b59a6a1d59ff5ae77901c15a325c9ff34f488,threatfox,AsyncRAT,"threatfox,asyncrat,rat",2026-09-12 16:06:49,2026-09-12 16:31:40,85
hash_sha256,ea0735c7a0a27bd6c868d6f0ea0c43f4dfe5923c02977d66dbaea413e67581bb,threatfox,AsyncRAT,"threatfox,asyncrat,rat",2026-09-12 16:06:49,2026-09-12 16:31:40,85
hash_sha256,ea07870d70da359ed77ec5a1c89e7ec2d125215323386e07c6e46f2438cda5dd,threatfox,AsyncRAT,"threatfox,asyncrat,rat",2026-09-12 16:06:49,2026-09-12 16:31:40,85
hash_sha256,ea0a905a230f026d75ef33340de36148a551fdc4702615c358d2290f32ce30b2,threatfox,AsyncRAT,"threatfox,asyncrat,rat",2026-09-12 16:06:49,2026-09-12 16:31:40,85
hash_sha256,ea0ac7277d0fdf801972b56bdc57184fc51ac8be47438873396436736f3694a9,threatfox,AsyncRAT,"threatfox,asyncrat,rat",2026-09-12 16:06:49,2026-09-12 16:31:40,85
hash_sha256,ea0c84717977b89e7c7c885c68ac7ab4d8e561044cd93b47f3ddf830f9f688cd,threatfox,AsyncRAT,"threatfox,asyncrat,rat",2026-09-12 16:06:49,2026-09-12 16:31:40,85
hash_sha256,ea12af0b71bfa241c4430a06ddcfa129be2f314491e304c8879875e54c736e69,threatfox,AsyncRAT,"threatfox,asyncrat,rat",2026-09-12 16:06:49,2026-09-12 16:31:40,85
hash_sha256,ea133e93a0301c980571d41a97fcaea4f92290be2d1fbf87b26a248a64320636,threatfox,AsyncRAT,"threatfox,asyncrat,rat",2026-09-12 16:06:49,2026-09-12 16:31:40,85
hash_sha256,ea13d9b4eeb50863243709393c454bb05040360e23978ae94530b5b0063ac09f,threatfox,AsyncRAT,"threatfox,asyncrat,rat",2026-09-12 16:06:49,2026-09-12 16:31:40,85
hash_sha256,ea147cfa0413bd0f67d0de1478929cf1815386562efbc183c162378be39d5715,threatfox,AsyncRAT,"threatfox,asyncrat,rat",2026-09-12 16:06:49,2026-09-12 16:31:40,85
hash_sha256,ea1a02105dd7f3e59089e9f0d63c958e48025da81f0d15c4fd610b12c7d61673,threatfox,AsyncRAT,"threatfox,asyncrat,rat",2026-09-12 16:06:49,2026-09-12 16:31:40,85
hash_sha256,ea1adb71ddfe3979fd618e26e6d22cbd61545fb5a5fb33137a8610bbc2d7202d,threatfox,AsyncRAT,"threatfox,asyncrat,rat",2026-09-12 16:06:49,2026-09-12 16:31:40,85
hash_sha256,ea1c9ee453e17ae228c7aeebd2582572eb495bdf25a307d16f27d113cba69ff8,threatfox,AsyncRAT,"threatfox,asyncrat,rat",2026-09-12 16:06:49,2026-09-12 16:31:40,85
hash_sha256,ea251bf7fcc0a42cb9e954a45d925ef379ef1ffca39e482f44af701b4ace8560,threatfox,AsyncRAT,"threatfox,asyncrat,rat",2026-09-12 16:06:49,2026-09-12 16:31:40,85
hash_sha256,ea25b6e75395d2ba68c88a7fec12236274f29126fe9cfe6ac1401590b50570a9,threatfox,AsyncRAT,"threatfox,asyncrat,rat",2026-09-12 16:06:49,2026-09-12 16:31:40,85
hash_sha256,ea30f01cff0ddb4ce05f1b5a864040cefafc92b2eea634c0d9b971d289246fac,threatfox,AsyncRAT,"threatfox,asyncrat,rat",2026-09-12 16:06:49,2026-09-12 16:31:40,85
hash_sha256,ea324fad712ec25e1d05c8c37b7651d1c715b84075b6cde743b5cc25d7c68e78,threatfox,AsyncRAT,"threatfox,asyncrat,rat",2026-09-12 16:06:49,2026-09-12 16:31:40,85
hash_sha256,ea34c3a7831cb857a91e474a5afdcbb47492b36628f94856c59db4627ab85ce4,threatfox,AsyncRAT,"threatfox,asyncrat,rat",2026-09-12 16:06:49,2026-09-12 16:31:40,85
hash_sha256,ea3c79bfa8189c9888e14ca80e602be397ad7d78d9c6bd5a82b2ed2971c3f4b2,threatfox,AsyncRAT,"threatfox,asyncrat,rat",2026-09-12 16:06:49,2026-09-12 16:31:40,85
hash_sha256,ea3cf7a4caaf80a8909a90ec60cf48c26bf6a7654f6dbdbd096344fa2da4b291,threatfox,AsyncRAT,"threatfox,asyncrat,rat",2026-09-12 16:06:49,2026-09-12 16:31:40,85
hash_sha256,ea477346ddead4bd4cb67cf81ca9e22f9bc6ebd57b24540e44abdecb7a3e539e,threatfox,AsyncRAT,"threatfox,asyncrat,rat",2026-09-12 16:06:49,2026-09-12 16:31:40,85
hash_sha256,ea54fb8199336bf53f9a7df8f48bb0ae03292b9896223ac86b70df0696e74d90,threatfox,AsyncRAT,"threatfox,asyncrat,rat",2026-09-12 16:06:49,2026-09-12 16:31:40,85
hash_sha256,ea552d6b37ca4d4e702aee0beb571a4af8ba232cbe6ff70cc3fdb85cef4d5c0c,threatfox,AsyncRAT,"threatfox,asyncrat,rat",2026-09-12 16:06:49,2026-09-12 16:31:40,85
hash_sha256,ea568b732e66798cdc9f97f736cc77142d08e1996b7f5d6a996d9b941083e03c,threatfox,AsyncRAT,"threatfox,asyncrat,rat",2026-09-12 16:06:49,2026-09-12 16:31:40,85
hash_sha256,eb34e28c8b728a640126d15b442f1de63e53a7b7cae199ba2f580bc3ca9f6944,threatfox,Bashlite,"threatfox,Bashlite,elf,Gafgyt",2026-09-12 16:06:49,2026-09-12 16:31:40,85
hash_sha256,eb5c5bd5eac25aa48887db9fcf4e028428308c3ff24041ee2990074a743d05e5,threatfox,Vidar,"threatfox,exe,Vidar",2026-09-12 16:06:49,2026-09-12 16:31:40,85
hash_sha256,ec3ac71af145db916ef9f4676ad5003d32a5efc68b1d7a2cf45c48c141dcd83e,malwarebazaar,unknown,"dropped-by-StealC,loader_proxy_v1",2026-09-12 16:00:10,2026-09-12 16:31:40,85
hash_sha256,ecbbf5c7f1fac026dbaa74e8dac630730b4a49fbbb9fd59c333c48c28768ebfb,malwarebazaar,zip,zip,2026-09-12 16:00:10,2026-09-12 16:31:40,85
hash_sha256,ee4f1241c66899398aa7ce9d70e8eea6911f26be816389622bdbc9c4352d9c30,malwarebazaar,Mirai,"elf,Mirai",2026-09-12 16:00:10,2026-09-12 16:31:40,85
hash_sha256,ee666e88d022c89a9bdc78c5e34016137be3f771cc55d16b85a2ad033bf14d03,malwarebazaar,exe,exe,2026-09-12 16:00:10,2026-09-12 16:31:40,85
hash_sha256,f0710dbb4fe2f9062dd1fadd47b4699aebbd19a62abb39e86bb6215fa4ea1c9b,malwarebazaar,Arechclient2,"145-63-128-66,Arechclient2,dropped-by-ACRStealer,HijackLoader,IDATLoader,SectopRAT,zip",2026-09-12 16:00:10,2026-09-12 16:31:40,85
hash_sha256,f209e3e9328d4fd27eabfce3771f027c9635dd48aea0f44210e4bca5cf44d4ea,malwarebazaar,sh,sh,2026-09-12 16:00:10,2026-09-12 16:31:40,85
hash_sha256,f231eb3b69bc197480b26779893f313d12267cb15f052475d0bcd097bd9feb4c,threatfox,ValleyRAT,threatfox,2026-09-12 16:06:49,2026-09-12 16:31:40,85
hash_sha256,f341190f94840430742555f0ef402c162ab7fe5cd736923cb579a1ae33be47e3,threatfox,VShell,"threatfox,exe,VShell",2026-09-12 16:06:49,2026-09-12 16:31:40,85
hash_sha256,f8381d418351dacc32c914005aab7e7d597afea3a4276c34eac2ea2d3ece3eeb,malwarebazaar,Mirai,"Hajime,Mirai",2026-09-12 16:00:10,2026-09-12 16:31:40,85
hash_sha256,f861d7e59442efac50facae40330c67fab8f2bfe6dea622118bfd1dc68a238dd,threatfox,Mirai,"threatfox,elf,Mirai",2026-09-12 16:06:49,2026-09-12 16:31:40,85
hash_sha256,faa76da73875b164970434cd53cdf8d47e5b5d81335ce780fa1a0725c4dde843,threatfox,ValleyRAT,threatfox,2026-09-12 16:06:49,2026-09-12 16:31:40,85
hash_sha256,fab988a0b181785fd70536a3557f3e2d8474fe1f4cdbc2c6138078da5f691f26,threatfox,Agent Tesla,threatfox,2026-09-12 16:06:49,2026-09-12 16:31:40,85
hash_sha256,fe139dddaabb850d8a135378d2025ec59bfd02b707a5867fd64a23fc9a725169,malwarebazaar,sh,sh,2026-09-12 16:00:10,2026-09-12 16:31:40,85
hash_sha256,fede8fbf1f1795ddbd9283c5ad2f74869820759fa49b6adb1113df4e19cca3b6,malwarebazaar,exe,exe,2026-09-12 04:00:06,2026-09-12 16:31:40,85
ip,102.220.160.198,threatfox,AsyncRAT,"threatfox,AsyncRAT,drb-ra,RAT",2026-09-01 04:07:19,2026-09-12 16:31:40,85
ip,103.182.132.154,threatfox,XMRIG,"threatfox,mdrfckr,outlaw,ssh-bruteforce,xmrig",2026-09-12 16:06:49,2026-09-12 16:31:40,85
ip,107.172.232.71,threatfox,PureRAT,"threatfox,drb-ra,PureHVNC,PureRAT,RAT",2026-06-20 19:41:50,2026-09-12 16:31:40,85
ip,114.111.53.214,threatfox,XMRIG,"threatfox,mdrfckr,outlaw,ssh-bruteforce,xmrig",2026-09-12 16:06:49,2026-09-12 16:31:40,85
ip,120.26.164.252,threatfox,Payload ,"threatfox,downloader,elf,ssh-worm",2026-09-12 16:06:49,2026-09-12 16:31:40,85
ip,128.90.105.161,threatfox,DCRat,"threatfox,DCRat,drb-ra,RAT",2026-09-12 16:06:49,2026-09-12 16:31:40,85
ip,13.251.42.119,threatfox,Unknown malware,"threatfox,drb-ra,Mythic",2026-09-12 16:06:49,2026-09-12 16:31:40,85
ip,134.255.211.140,threatfox,VShell,"threatfox,vshell",2026-08-26 04:10:01,2026-09-12 16:31:40,85
ip,138.197.211.43,threatfox,Aisuru,"threatfox,Aisuru,c2",2026-09-12 16:06:49,2026-09-12 16:31:40,85
ip,138.68.130.69,threatfox,Aisuru,"threatfox,Aisuru,c2",2026-09-09 16:06:21,2026-09-12 16:31:40,85
ip,138.68.242.177,threatfox,Aisuru,"threatfox,Aisuru,c2",2026-09-12 16:06:49,2026-09-12 16:31:40,85
ip,139.199.160.80,threatfox,Cobalt Strike,"threatfox,CobaltStrike,drb-ra",2026-08-02 05:35:21,2026-09-12 16:31:40,85
ip,139.59.168.101,threatfox,Aisuru,"threatfox,Aisuru,c2",2026-09-09 16:06:21,2026-09-12 16:31:40,85
ip,146.190.42.34,threatfox,Remus,"threatfox,945c9f3c8cddcb7f33efce50a9a949ad,c2,remus",2026-09-12 16:06:49,2026-09-12 16:31:40,85
ip,154.91.57.100,threatfox,VShell,"threatfox,vshell",2026-09-04 16:06:41,2026-09-12 16:31:40,85
ip,154.91.57.110,threatfox,VShell,"threatfox,vshell",2026-09-07 16:06:33,2026-09-12 16:31:40,85
ip,154.91.57.113,threatfox,VShell,"threatfox,vshell",2026-09-07 16:06:33,2026-09-12 16:31:40,85
ip,154.91.57.114,threatfox,VShell,"threatfox,vshell",2026-09-05 16:06:50,2026-09-12 16:31:40,85
ip,154.91.57.116,threatfox,VShell,"threatfox,vshell",2026-09-07 16:06:33,2026-09-12 16:31:40,85
ip,154.91.57.117,threatfox,VShell,"threatfox,vshell",2026-09-09 04:06:20,2026-09-12 16:31:40,85
ip,154.91.57.120,threatfox,VShell,"threatfox,vshell",2026-09-07 16:06:33,2026-09-12 16:31:40,85
ip,154.91.57.122,threatfox,VShell,"threatfox,vshell",2026-09-05 16:06:50,2026-09-12 16:31:40,85
ip,154.91.58.108,threatfox,VShell,"threatfox,vshell",2026-09-05 04:08:24,2026-09-12 16:31:40,85
ip,154.91.58.109,threatfox,VShell,"threatfox,vshell",2026-09-07 16:06:33,2026-09-12 16:31:40,85
ip,154.91.58.115,threatfox,VShell,"threatfox,vshell",2026-09-05 04:08:24,2026-09-12 16:31:40,85
ip,154.91.58.116,threatfox,VShell,"threatfox,vshell",2026-09-05 04:08:24,2026-09-12 16:31:40,85
ip,154.91.58.120,threatfox,VShell,"threatfox,vshell",2026-09-05 04:08:24,2026-09-12 16:31:40,85
ip,154.91.58.121,threatfox,VShell,"threatfox,vshell",2026-09-05 04:08:24,2026-09-12 16:31:40,85
ip,154.91.58.123,threatfox,VShell,"threatfox,vshell",2026-09-05 04:08:24,2026-09-12 16:31:40,85
ip,154.91.59.105,threatfox,VShell,"threatfox,vshell",2026-09-08 04:06:28,2026-09-12 16:31:40,85
ip,154.91.59.107,threatfox,VShell,"threatfox,vshell",2026-09-05 16:06:50,2026-09-12 16:31:40,85
ip,154.91.59.118,threatfox,VShell,"threatfox,vshell",2026-09-04 16:06:41,2026-09-12 16:31:40,85
ip,154.91.59.122,threatfox,VShell,"threatfox,vshell",2026-09-09 04:06:20,2026-09-12 16:31:40,85
ip,154.91.59.123,threatfox,VShell,"threatfox,vshell",2026-09-04 04:06:11,2026-09-12 16:31:40,85
ip,154.91.59.126,threatfox,VShell,"threatfox,vshell",2026-09-05 04:08:24,2026-09-12 16:31:40,85
ip,154.91.59.99,threatfox,VShell,"threatfox,vshell",2026-09-04 04:06:11,2026-09-12 16:31:40,85
ip,154.91.60.102,threatfox,VShell,"threatfox,vshell",2026-09-04 16:06:41,2026-09-12 16:31:40,85
ip,154.91.60.103,threatfox,VShell,"threatfox,vshell",2026-09-04 16:06:41,2026-09-12 16:31:40,85
ip,154.91.60.104,threatfox,VShell,"threatfox,vshell",2026-09-04 16:06:41,2026-09-12 16:31:40,85
ip,154.91.60.108,threatfox,VShell,"threatfox,vshell",2026-09-08 04:06:28,2026-09-12 16:31:40,85
ip,154.91.60.111,threatfox,VShell,"threatfox,vshell",2026-09-09 16:06:21,2026-09-12 16:31:40,85
ip,154.91.60.121,threatfox,VShell,"threatfox,vshell",2026-09-05 16:06:50,2026-09-12 16:31:40,85
ip,154.91.60.125,threatfox,VShell,"threatfox,vshell",2026-09-05 16:06:50,2026-09-12 16:31:40,85
ip,154.91.60.98,threatfox,VShell,"threatfox,vshell",2026-09-09 04:06:20,2026-09-12 16:31:40,85
ip,154.91.60.99,threatfox,VShell,"threatfox,vshell",2026-09-08 16:06:38,2026-09-12 16:31:40,85
ip,154.91.61.100,threatfox,VShell,"threatfox,vshell",2026-09-05 16:06:50,2026-09-12 16:31:40,85
ip,154.91.61.108,threatfox,VShell,"threatfox,vshell",2026-09-05 16:06:50,2026-09-12 16:31:40,85
ip,154.91.61.122,threatfox,VShell,"threatfox,vshell",2026-09-12 16:06:49,2026-09-12 16:31:40,85
ip,154.91.62.101,threatfox,VShell,"threatfox,vshell",2026-09-09 04:06:20,2026-09-12 16:31:40,85
ip,154.91.62.107,threatfox,VShell,"threatfox,vshell",2026-09-08 04:06:28,2026-09-12 16:31:40,85
ip,154.91.62.108,threatfox,VShell,"threatfox,vshell",2026-09-08 04:06:28,2026-09-12 16:31:40,85
ip,154.91.62.111,threatfox,VShell,"threatfox,vshell",2026-09-05 04:08:24,2026-09-12 16:31:40,85
ip,154.91.62.115,threatfox,VShell,"threatfox,vshell",2026-09-05 04:08:24,2026-09-12 16:31:40,85
ip,154.91.62.116,threatfox,VShell,"threatfox,vshell",2026-09-04 16:06:41,2026-09-12 16:31:40,85
ip,154.91.62.119,threatfox,VShell,"threatfox,vshell",2026-09-04 16:06:41,2026-09-12 16:31:40,85
ip,154.91.62.120,threatfox,VShell,"threatfox,vshell",2026-09-09 04:06:20,2026-09-12 16:31:40,85
ip,154.91.62.121,threatfox,VShell,"threatfox,vshell",2026-09-04 16:06:41,2026-09-12 16:31:40,85
ip,154.91.62.98,threatfox,VShell,"threatfox,vshell",2026-09-04 16:06:41,2026-09-12 16:31:40,85
ip,154.91.62.99,threatfox,VShell,"threatfox,vshell",2026-09-12 16:06:49,2026-09-12 16:31:40,85
ip,154.91.63.100,threatfox,VShell,"threatfox,vshell",2026-09-04 04:06:11,2026-09-12 16:31:40,85
ip,157.245.182.88,threatfox,Aisuru,"threatfox,Aisuru,c2",2026-09-12 16:06:49,2026-09-12 16:31:40,85
ip,159.223.13.6,threatfox,Aisuru,"threatfox,Aisuru,c2",2026-09-12 16:06:49,2026-09-12 16:31:40,85
ip,159.65.1.67,threatfox,Aisuru,"threatfox,Aisuru,c2",2026-09-12 16:06:49,2026-09-12 16:31:40,85
ip,159.65.59.117,threatfox,Aisuru,"threatfox,Aisuru,c2",2026-09-09 16:06:21,2026-09-12 16:31:40,85
ip,159.89.207.12,threatfox,Aisuru,"threatfox,Aisuru,c2",2026-09-12 16:06:49,2026-09-12 16:31:40,85
ip,162.243.103.246,feodotracker,Emotet,"c2,botnet,port:8080",2026-04-11 03:35:43,2026-09-12 16:31:40,90
ip,162.35.122.126,threatfox,Cobalt Strike,"threatfox,CobaltStrike,drb-ra",2026-09-12 04:07:43,2026-09-12 16:31:40,85
ip,165.154.68.30,threatfox,Cobalt Strike,"threatfox,CobaltStrike,drb-ra",2026-09-12 16:06:49,2026-09-12 16:31:40,85
ip,165.22.113.73,threatfox,Aisuru,"threatfox,Aisuru,c2",2026-09-09 16:06:21,2026-09-12 16:31:40,85
ip,165.227.142.229,threatfox,Aisuru,"threatfox,Aisuru,c2",2026-09-09 16:06:21,2026-09-12 16:31:40,85
ip,166.1.249.50,threatfox,AdaptixC2,"threatfox,AdaptixC2,drb-ra",2026-09-12 16:06:49,2026-09-12 16:31:40,85
ip,167.172.142.69,threatfox,Havoc,"threatfox,havoc",2026-08-01 05:35:22,2026-09-12 16:31:40,85
ip,167.99.164.108,threatfox,Aisuru,"threatfox,Aisuru,c2",2026-09-12 16:06:49,2026-09-12 16:31:40,85
ip,178.62.3.223,feodotracker,QakBot,"c2,botnet,port:443",2026-04-11 03:35:43,2026-09-12 16:31:40,90
ip,187.145.61.38,threatfox,Unknown malware,"threatfox,drb-ra,Mythic",2026-09-12 16:06:49,2026-09-12 16:31:40,85
ip,188.166.249.116,threatfox,Aisuru,"threatfox,Aisuru,c2",2026-09-12 16:06:49,2026-09-12 16:31:40,85
ip,192.3.198.23,threatfox,Remcos,"threatfox,c2,F0XMAlL_Update,Remcos",2026-09-12 16:06:49,2026-09-12 16:31:40,85
ip,194.110.172.193,threatfox,DCRat,"threatfox,DCRat,drb-ra,RAT",2026-09-12 16:06:49,2026-09-12 16:31:40,85
ip,194.87.97.249,threatfox,Remus,"threatfox,RemusStealer",2026-09-12 16:06:49,2026-09-12 16:31:40,85
ip,208.167.253.21,threatfox,Unknown malware,"threatfox,drb-ra,Mythic",2026-09-12 16:06:49,2026-09-12 16:31:40,85
ip,209.38.225.90,threatfox,Aisuru,"threatfox,Aisuru,c2",2026-09-09 16:06:21,2026-09-12 16:31:40,85
ip,212.87.199.197,threatfox,Cobalt Strike,"threatfox,CobaltStrike,cs-watermark-987654321",2026-08-14 08:13:11,2026-09-12 16:31:40,85
ip,213.218.160.253,threatfox,Cobalt Strike,"threatfox,CobaltStrike",2026-09-12 16:06:49,2026-09-12 16:31:40,85
ip,223.19.66.178,threatfox,Payload ,"threatfox,mikrotik,sms-abuse,ssh-botnet,telegram-tdata",2026-09-12 16:06:49,2026-09-12 16:31:40,85
ip,23.227.196.108,threatfox,Cobalt Strike,"threatfox,CobaltStrike,drb-ra",2026-09-11 16:06:12,2026-09-12 16:31:40,85
ip,27.133.154.218,feodotracker,QakBot,"c2,botnet,port:443",2026-03-10 22:13:04,2026-09-12 16:31:40,90
ip,31.70.103.174,threatfox,Cobalt Strike,"threatfox,CobaltStrike,cs-watermark-987654321",2026-09-12 16:06:49,2026-09-12 16:31:40,85
ip,34.204.119.63,feodotracker,QakBot,"c2,botnet,port:443",2026-04-11 03:35:43,2026-09-12 16:31:40,90
ip,34.76.205.124,threatfox,Nanocore RAT,"threatfox,NanoCore,RAT",2026-09-12 16:06:49,2026-09-12 16:31:40,85
ip,37.244.232.113,threatfox,DanaBot,"threatfox,DanBot,drb-ra",2026-09-12 16:06:49,2026-09-12 16:31:40,85
ip,38.76.183.197,threatfox,Cobalt Strike,"threatfox,CobaltStrike,drb-ra",2026-08-18 10:07:26,2026-09-12 16:31:40,85
ip,43.155.246.58,threatfox,Cobalt Strike,"threatfox,CobaltStrike,cs-watermark-987654321",2026-09-12 16:06:49,2026-09-12 16:31:40,85
ip,45.239.9.8,threatfox,XMRIG,"threatfox,go-bot,ssh-bruteforce",2026-09-12 16:06:49,2026-09-12 16:31:40,85
ip,45.78.201.248,threatfox,XMRIG,"threatfox,mdrfckr,outlaw,ssh-bruteforce,xmrig",2026-09-12 16:06:49,2026-09-12 16:31:40,85
ip,46.151.29.58,threatfox,Unknown malware,"threatfox,PivotC2",2026-09-11 16:06:12,2026-09-12 16:31:40,85
ip,46.246.4.10,threatfox,DCRat,"threatfox,DCRat,drb-ra,RAT",2026-09-12 16:06:49,2026-09-12 16:31:40,85
ip,47.116.211.21,threatfox,Quasar RAT,"threatfox,QuasarRAT,RAT",2026-09-12 16:06:49,2026-09-12 16:31:40,85
ip,47.121.130.18,threatfox,Cobalt Strike,"threatfox,CobaltStrike,cs-watermark-391144938",2026-09-12 16:06:49,2026-09-12 16:31:40,85
ip,47.239.197.191,threatfox,Payload ,"threatfox,downloader,elf,ssh-worm",2026-09-12 16:06:49,2026-09-12 16:31:40,85
ip,49.51.230.17,threatfox,Cobalt Strike,"threatfox,CobaltStrike,drb-ra",2026-09-12 16:06:49,2026-09-12 16:31:40,85
ip,50.16.16.211,feodotracker,QakBot,"c2,botnet,port:443",2026-04-11 03:35:43,2026-09-12 16:31:40,90
ip,65.108.13.44,threatfox,Unknown malware,"threatfox,drb-ra,Mythic",2026-09-12 16:06:49,2026-09-12 16:31:40,85
ip,66.94.113.10,threatfox,PureRAT,"threatfox,drb-ra,PureHVNC,PureRAT,RAT",2026-09-12 16:06:49,2026-09-12 16:31:40,85
ip,68.178.202.150,threatfox,Sliver,"threatfox,drb-ra,Sliver",2026-08-08 12:42:53,2026-09-12 16:31:40,85
ip,68.178.205.17,threatfox,Sliver,"threatfox,drb-ra,Sliver",2026-08-08 12:42:53,2026-09-12 16:31:40,85
ip,8.145.61.81,threatfox,Cobalt Strike,"threatfox,cobaltstrike",2026-09-09 16:06:21,2026-09-12 16:31:40,85
ip,84.247.141.236,threatfox,Evilginx,"threatfox,drb-ra,Evilginx,EvilGoPhish",2026-09-12 16:06:49,2026-09-12 16:31:40,85
ip,88.99.59.43,threatfox,Remus,"threatfox,5a4378fb90db39f09c7b18d1f314e645,c2,remus",2026-09-12 16:06:49,2026-09-12 16:31:40,85
ip,93.152.221.22,threatfox,Mirai,"threatfox,mirai",2026-09-12 16:06:49,2026-09-12 16:31:40,85
ip,94.26.248.76,threatfox,AdaptixC2,"threatfox,AdaptixC2,drb-ra",2026-09-12 16:06:49,2026-09-12 16:31:40,85
ssl_sha1,00095e3cd5dfc929d16036132665d7e3e9ef7cd6,sslbl,Vidar C&C,"sslbl,2026-09-12",2026-09-12 16:06:49,2026-09-12 16:31:40,88
ssl_sha1,0034d3f66acca402e4ae3d683e435f10d513006a,sslbl,ACRStealer C&C,"sslbl,2026-08-08",2026-08-09 00:42:39,2026-09-12 16:31:40,88
ssl_sha1,01162aa2c2be7f9d16f646b94a1245726c68b110,sslbl,PureRAT C&C,"sslbl,2026-08-22",2026-08-22 16:06:16,2026-09-12 16:31:40,88
ssl_sha1,0141dfae0d4426123aa2fbdd759162fa82d0f8e1,sslbl,PureLogsStealer C&C,"sslbl,2026-08-04",2026-08-05 12:42:46,2026-09-12 16:31:40,88
ssl_sha1,014d51d79c5a5c80042abedb35231581ff07c2e7,sslbl,Vidar C&C,"sslbl,2026-07-30",2026-07-31 05:35:34,2026-09-12 16:31:40,88
ssl_sha1,01b9a51320b270b527c744a7ebc9f9bc68a94f81,sslbl,ConnectWise C&C,"sslbl,2026-08-19",2026-08-19 16:06:13,2026-09-12 16:31:40,88
ssl_sha1,01cc79c660e1677fc17665e6d8169b5fdad75668,sslbl,PureLogsStealer C&C,"sslbl,2026-08-05",2026-08-06 00:43:27,2026-09-12 16:31:40,88
ssl_sha1,02df529de5d2da5b01c0b557b02b289b060f344b,sslbl,PureRAT C&C,"sslbl,2026-08-08",2026-08-09 00:42:39,2026-09-12 16:31:40,88
ssl_sha1,030279988932ee4115de7e6e8cdeb91927c078db,sslbl,OffLoader C&C,"sslbl,2026-08-19",2026-08-19 16:06:13,2026-09-12 16:31:40,88
ssl_sha1,031491e9d9e07391f330aef5bbdce9febbf1fe90,sslbl,OffLoader C&C,"sslbl,2026-09-11",2026-09-11 16:06:11,2026-09-12 16:31:40,88
ssl_sha1,03cdb8ba1363fb90f77ab53b6fc78d58a5340c35,sslbl,PureRAT C&C,"sslbl,2026-08-20",2026-08-20 16:06:17,2026-09-12 16:31:40,88
ssl_sha1,046fe4e19fe44c7c3a76e7e8651879c4edd9851d,sslbl,PureRAT C&C,"sslbl,2026-07-15",2026-07-16 05:21:37,2026-09-12 16:31:40,88
ssl_sha1,048bd151ab0a9c0add6d5bba9dc73521e42d9a20,sslbl,AsyncRAT C&C,"sslbl,2026-09-10",2026-09-10 16:06:38,2026-09-12 16:31:40,88
ssl_sha1,057b2084f877c8737e60de6c07ad829ea411b9c6,sslbl,Vidar C&C,"sslbl,2026-08-15",2026-08-15 20:13:12,2026-09-12 16:31:40,88
ssl_sha1,059e425acfe2753d135e1b7ba39e30f0b00dbbb3,sslbl,PureLogsStealer C&C,"sslbl,2026-08-06",2026-08-06 12:43:05,2026-09-12 16:31:40,88
ssl_sha1,05b215b1710e56a14f4742b10586af2750da866a,sslbl,OffLoader C&C,"sslbl,2026-08-13",2026-08-13 08:13:02,2026-09-12 16:31:40,88
ssl_sha1,05ba9d18bc4c00bec6bb5ed461fd889259929709,sslbl,Vidar C&C,"sslbl,2026-08-02",2026-08-02 17:36:31,2026-09-12 16:31:40,88
ssl_sha1,05fb6a6fa12c1638063b36498703b24fbbc2df43,sslbl,ACRStealer C&C,"sslbl,2026-09-06",2026-09-06 16:06:16,2026-09-12 16:31:40,88
ssl_sha1,06c6a1e29b1948ac47c0fee2e8652a07fcde1f9e,sslbl,Vidar C&C,"sslbl,2026-08-27",2026-08-27 16:06:11,2026-09-12 16:31:40,88
ssl_sha1,070aa492d4afcb841457f33f366206805947160f,sslbl,Socks5Systemz C&C,"sslbl,2026-09-06",2026-09-06 16:06:16,2026-09-12 16:31:40,88
ssl_sha1,077be211823898ed4eb3d3faf920781321f7ca5c,sslbl,PureLogsStealer C&C,"sslbl,2026-09-09",2026-09-09 16:06:20,2026-09-12 16:31:40,88
ssl_sha1,08d8ee8314ace61bcc0481fe9c0e2bfaaccf34e0,sslbl,Vidar C&C,"sslbl,2026-08-12",2026-08-12 12:42:52,2026-09-12 16:31:40,88
ssl_sha1,096f890e1d8d4220a1c0501a50fd6037804412c4,sslbl,Vidar C&C,"sslbl,2026-07-23",2026-07-23 18:30:39,2026-09-12 16:31:40,88
ssl_sha1,097cee540020aa1e282dcf5afefebcb5a6a1dae4,sslbl,PureLogsStealer C&C,"sslbl,2026-08-06",2026-08-06 12:43:05,2026-09-12 16:31:40,88
ssl_sha1,09cc432d307b2b2d67a102c9a579f24b511cfea2,sslbl,Vidar C&C,"sslbl,2026-09-04",2026-09-04 16:06:41,2026-09-12 16:31:40,88
ssl_sha1,09f261bec38f8f17f3aba55d8f24e0c11236de40,sslbl,PureLogsStealer C&C,"sslbl,2026-08-19",2026-08-19 16:06:13,2026-09-12 16:31:40,88
ssl_sha1,0a1192b7efc4408315bb36a29eaa149bf2306e0c,sslbl,PureLogsStealer C&C,"sslbl,2026-09-11",2026-09-11 16:06:11,2026-09-12 16:31:40,88
ssl_sha1,0a2f52fe0e41f4fa2154a7a42134187aa23b6289,sslbl,ConnectWise C&C,"sslbl,2026-08-19",2026-08-19 16:06:13,2026-09-12 16:31:40,88
ssl_sha1,0ad6076cb27bcdd5dd26fe56c022f4ab61ea00be,sslbl,Meterpreter C&C,"sslbl,2026-08-20",2026-08-20 16:06:17,2026-09-12 16:31:40,88
ssl_sha1,0b260881d660a14c3c0b2e61a6685839c8053bc9,sslbl,KongTuke C&C,"sslbl,2026-07-29",2026-07-29 17:37:13,2026-09-12 16:31:40,88
ssl_sha1,0b7abd7fefffcfe53a7ae01594e23d9488a214b4,sslbl,ConnectWise C&C,"sslbl,2026-08-19",2026-08-19 16:06:13,2026-09-12 16:31:40,88
ssl_sha1,0b92ba05df90855d90170858ba91680d33f76e0f,sslbl,ConnectWise C&C,"sslbl,2026-08-19",2026-08-19 16:06:13,2026-09-12 16:31:40,88
ssl_sha1,0bb977bf9e0950a1a818660dde009ac9934bd1e2,sslbl,Vidar C&C,"sslbl,2026-08-21",2026-08-21 16:09:28,2026-09-12 16:31:40,88
ssl_sha1,0c587f31dc58c33ef2e3632bb161f4d52231b7c1,sslbl,ConnectWise C&C,"sslbl,2026-08-22",2026-08-22 16:06:16,2026-09-12 16:31:40,88
ssl_sha1,0f1b05653c3b3ab3bb4ecd772dd024668cbe8df1,sslbl,QuasarRAT C&C,"sslbl,2026-08-13",2026-08-13 20:13:53,2026-09-12 16:31:40,88
ssl_sha1,0f4085482fb0664e22b9dc962bd87184a2048e28,sslbl,ACRStealer C&C,"sslbl,2026-08-26",2026-08-26 16:06:11,2026-09-12 16:31:40,88
ssl_sha1,0f47d296ca2a764238bfd644c7b716cffafa1352,sslbl,Vidar C&C,"sslbl,2026-08-21",2026-08-21 16:09:28,2026-09-12 16:31:40,88
ssl_sha1,0f50074c5489b97def2d220b8cd70bada3361220,sslbl,PureRAT C&C,"sslbl,2026-07-15",2026-07-16 05:21:37,2026-09-12 16:31:40,88
ssl_sha1,10444531944b9b521661ef3bd8d9848d70902bbd,sslbl,PureLogsStealer C&C,"sslbl,2026-08-10",2026-08-10 12:42:40,2026-09-12 16:31:40,88
ssl_sha1,11a907f87c27b67e87f201281797b95f53508752,sslbl,OffLoader C&C,"sslbl,2026-08-10",2026-08-10 12:42:40,2026-09-12 16:31:40,88
ssl_sha1,11a9b0c571e681f4f9e7780e3aff1fe8c2f3d676,sslbl,KongTuke C&C,"sslbl,2026-07-29",2026-07-29 17:37:13,2026-09-12 16:31:40,88
ssl_sha1,12b3a868314cd43aa8d304a7e529bbd498ee74ee,sslbl,Vidar C&C,"sslbl,2026-07-23",2026-07-24 05:35:19,2026-09-12 16:31:40,88
ssl_sha1,12c42acde116383d7b75ae10fc47d5f369f5633e,sslbl,RemusStealer C&C,"sslbl,2026-08-06",2026-08-06 12:43:05,2026-09-12 16:31:40,88
ssl_sha1,131d534087149d0095a326dcb33e77afcbec308c,sslbl,AnimateClipper C&C,"sslbl,2026-07-26",2026-07-26 17:35:20,2026-09-12 16:31:40,88
ssl_sha1,131e6cb931dd908cdf9fc5bdd6f8245c9b399ea9,sslbl,ConnectWise C&C,"sslbl,2026-08-07",2026-08-07 12:43:25,2026-09-12 16:31:40,88
ssl_sha1,1389c26fb7ce71a7aa1514e86879daf6b373325a,sslbl,OffLoader C&C,"sslbl,2026-08-28",2026-08-29 04:06:17,2026-09-12 16:31:40,88
ssl_sha1,13f40ae70a0fe1ae9e727ad329583635cf8090be,sslbl,PureLogsStealer C&C,"sslbl,2026-08-10",2026-08-11 00:42:33,2026-09-12 16:31:40,88
ssl_sha1,14333675b09013c7299af764816b152b90d29952,sslbl,Vidar C&C,"sslbl,2026-08-14",2026-08-14 08:13:11,2026-09-12 16:31:40,88
ssl_sha1,145f0fa0f6134e66fa5c80989c13987baf799bda,sslbl,Vidar C&C,"sslbl,2026-09-02",2026-09-02 16:07:20,2026-09-12 16:31:40,88
ssl_sha1,147ca23505c924119036d7e4942ddc0737f39adf,sslbl,PureLogsStealer C&C,"sslbl,2026-08-07",2026-08-07 12:43:25,2026-09-12 16:31:40,88
ssl_sha1,150e9fffc913a1c87bf94e7f2ad0354d4b6afea1,sslbl,Malware distribution,"sslbl,2026-08-22",2026-08-22 16:06:16,2026-09-12 16:31:40,88
ssl_sha1,16237ea9476a99f34c740649ccb7119db3af5df0,sslbl,PureRAT C&C,"sslbl,2026-08-08",2026-08-09 00:42:39,2026-09-12 16:31:40,88
ssl_sha1,16508580f31edaaf4cbe08f9c417840fa4f918d0,sslbl,ACRStealer C&C,"sslbl,2026-07-23",2026-07-23 18:30:39,2026-09-12 16:31:40,88
ssl_sha1,16545697d78cbada6dac236b73dbeff19c9035d1,sslbl,PureLogsStealer C&C,"sslbl,2026-08-19",2026-08-20 04:06:14,2026-09-12 16:31:40,88
ssl_sha1,1674f349ec288a75ac123a1752d433a21ceddcef,sslbl,Vidar C&C,"sslbl,2026-08-11",2026-08-11 12:42:27,2026-09-12 16:31:40,88
ssl_sha1,16fbb45457a2d8e67c556db46e051893917e2104,sslbl,KongTuke C&C,"sslbl,2026-07-30",2026-07-30 17:35:22,2026-09-12 16:31:40,88
ssl_sha1,1727143583fd38bc4b6b5986f5c7b2c919f885af,sslbl,KongTuke C&C,"sslbl,2026-07-30",2026-07-30 17:35:22,2026-09-12 16:31:40,88
ssl_sha1,173cb58c2538a3e2fccf3f3ae72b5713e4f810a3,sslbl,ACRStealer C&C,"sslbl,2026-08-19",2026-08-19 16:06:13,2026-09-12 16:31:40,88
ssl_sha1,17d881f02866b9e629d39d16bdf43ca953b38d5c,sslbl,OffLoader C&C,"sslbl,2026-09-01",2026-09-01 16:06:06,2026-09-12 16:31:40,88
ssl_sha1,17ee516f7e99548d2b4d735f2100f2754d814288,sslbl,OffLoader C&C,"sslbl,2026-09-04",2026-09-04 16:06:41,2026-09-12 16:31:40,88
ssl_sha1,183d02c077142b8701d1a719cc8cee3f8fb76072,sslbl,OffLoader C&C,"sslbl,2026-08-14",2026-08-14 08:13:11,2026-09-12 16:31:40,88
ssl_sha1,1869a727516b162905ef9df32d1ad3fe6ceea9f0,sslbl,PureLogsStealer C&C,"sslbl,2026-08-13",2026-08-13 08:13:02,2026-09-12 16:31:40,88
ssl_sha1,1955a3ce0e4bb011e3e667a51be5f42fb02d769f,sslbl,OffLoader C&C,"sslbl,2026-09-09",2026-09-10 04:07:18,2026-09-12 16:31:40,88
ssl_sha1,199e1fd0a2f1c805aae75b33803d0e27b874b892,sslbl,OffLoader C&C,"sslbl,2026-09-10",2026-09-10 16:06:38,2026-09-12 16:31:40,88
ssl_sha1,19cf66baa4727b080e283d10284993170c9b462b,sslbl,Vidar C&C,"sslbl,2026-08-22",2026-08-22 16:06:16,2026-09-12 16:31:40,88
ssl_sha1,19d7b8b5842177ba762fb0b30fd1368e953e73e9,sslbl,ACRStealer C&C,"sslbl,2026-08-11",2026-08-11 12:42:27,2026-09-12 16:31:40,88
ssl_sha1,1ab7aaf074b1e925322cd328b4d1343f46f4f91b,sslbl,PureLogsStealer C&C,"sslbl,2026-08-08",2026-08-09 00:42:39,2026-09-12 16:31:40,88
ssl_sha1,1b48b0bd62383ba8f49d25e8584a290016730f3d,sslbl,Vidar C&C,"sslbl,2026-08-11",2026-08-11 12:42:27,2026-09-12 16:31:40,88
ssl_sha1,1baea4f8295715f075d3c0510b61017840047ae3,sslbl,Vidar C&C,"sslbl,2026-09-06",2026-09-06 16:06:16,2026-09-12 16:31:40,88
ssl_sha1,1bf12565f5b66f9f938f92411d31aea37d9676e8,sslbl,Vidar C&C,"sslbl,2026-09-04",2026-09-04 16:06:41,2026-09-12 16:31:40,88
ssl_sha1,1cdb18c33da65a40adad7b51808edf66f3e180e5,sslbl,PureLogsStealer C&C,"sslbl,2026-08-21",2026-08-21 16:09:28,2026-09-12 16:31:40,88
ssl_sha1,1d6ef2caa8acc4b05edcbf2e8b1e6ee9c7217eb9,sslbl,Vidar C&C,"sslbl,2026-08-12",2026-08-12 12:42:52,2026-09-12 16:31:40,88
ssl_sha1,1db0412338ca7c2407e54aeb6791beeedd146c4c,sslbl,PureRAT C&C,"sslbl,2026-07-16",2026-07-16 17:20:54,2026-09-12 16:31:40,88
ssl_sha1,1dc516de96cd73ff7a4040ec3b4927988d1a0049,sslbl,ConnectWise C&C,"sslbl,2026-08-04",2026-08-04 07:49:13,2026-09-12 16:31:40,88
ssl_sha1,1dedacf3710f30c15b9e73c9d719a969eec755e5,sslbl,Vidar C&C,"sslbl,2026-07-15",2026-07-16 05:21:37,2026-09-12 16:31:40,88
ssl_sha1,1e5253b44aa68a4b31f0dfc07df48b31798debca,sslbl,ACRStealer C&C,"sslbl,2026-07-18",2026-07-19 05:20:40,2026-09-12 16:31:40,88
ssl_sha1,1e7d6c983d80311dcecc580135dcc216732fd478,sslbl,Vidar C&C,"sslbl,2026-08-19",2026-08-19 16:06:13,2026-09-12 16:31:40,88
ssl_sha1,1edaae5bb268c6ec2f90076a7c47b7bfbc531a15,sslbl,Vidar C&C,"sslbl,2026-09-09",2026-09-09 16:06:20,2026-09-12 16:31:40,88
ssl_sha1,1f494cd829ce4d2c465b8e981a0c7f9288354328,sslbl,Vidar C&C,"sslbl,2026-08-30",2026-08-30 16:06:18,2026-09-12 16:31:40,88
ssl_sha1,206850b799a53982b73accdefec94083f2094a6e,sslbl,PureRAT C&C,"sslbl,2026-09-07",2026-09-07 16:06:32,2026-09-12 16:31:40,88
ssl_sha1,2125bebc5912c9fb523a668daf7d116999488493,sslbl,Koadic C&C,"sslbl,2026-08-27",2026-08-27 16:06:11,2026-09-12 16:31:40,88
ssl_sha1,22bedd3b6ea141fbe9b50681baa395909e014ad0,sslbl,PureLogsStealer C&C,"sslbl,2026-08-06",2026-08-06 12:43:05,2026-09-12 16:31:40,88
ssl_sha1,22d945ac6c7c00fb7bb5d0dc3618a82d46cfd1e2,sslbl,QuasarRAT C&C,"sslbl,2026-09-06",2026-09-06 16:06:16,2026-09-12 16:31:40,88
ssl_sha1,240ce6287e5ee63adc65bde38ca08a7132f5b08b,sslbl,RatonRAT C&C,"sslbl,2026-08-27",2026-08-27 16:06:11,2026-09-12 16:31:40,88
ssl_sha1,25042ea148aa7ccb23ebabb701cacca1d2fbd1d4,sslbl,HypeAgent C&C,"sslbl,2026-08-25",2026-08-25 16:07:37,2026-09-12 16:31:40,88
ssl_sha1,25828f9462f9998c2be7214d5db7e092e3878945,sslbl,Vidar C&C,"sslbl,2026-08-12",2026-08-12 12:42:52,2026-09-12 16:31:40,88
ssl_sha1,261044d91561eedea17eac730254426b193e27fe,sslbl,PureRAT C&C,"sslbl,2026-08-13",2026-08-13 08:13:02,2026-09-12 16:31:40,88
ssl_sha1,263a7098595232fb1c9536d18a903858431212c0,sslbl,MeshAgent C&C,"sslbl,2026-08-10",2026-08-11 00:42:33,2026-09-12 16:31:40,88
ssl_sha1,26d708c6ce4554e9fed0ae35556501faf8d0b01c,sslbl,ZigClipper C&C,"sslbl,2026-08-08",2026-08-09 00:42:39,2026-09-12 16:31:40,88
ssl_sha1,26edae2d62f7008d9a3ea68999f41316f4cdf762,sslbl,PureLogsStealer C&C,"sslbl,2026-09-02",2026-09-02 16:07:20,2026-09-12 16:31:40,88
ssl_sha1,277cf8e1227351964ba2a8e57b49b26f8f8e353a,sslbl,Vidar C&C,"sslbl,2026-08-24",2026-08-24 16:06:10,2026-09-12 16:31:40,88
ssl_sha1,283042355c89f2c59e260246d1488a73a8bef7b2,sslbl,PureLogsStealer C&C,"sslbl,2026-07-27",2026-07-27 17:35:21,2026-09-12 16:31:40,88
ssl_sha1,287c688acd02bd779c6315eacc15e3d25145b616,sslbl,ConnectWise C&C,"sslbl,2026-07-15",2026-07-16 05:21:37,2026-09-12 16:31:40,88
ssl_sha1,28db945e3beaf15a6f6d7fdf2dfc06a5f0319fc3,sslbl,Malware C&C,"sslbl,2026-08-06",2026-08-06 12:43:05,2026-09-12 16:31:40,88
ssl_sha1,28f2252914fd660fb663fae3995bfa2202285cfe,sslbl,PureLogsStealer C&C,"sslbl,2026-09-10",2026-09-10 16:06:38,2026-09-12 16:31:40,88
ssl_sha1,29e434f384fe91188ce4c8a3f607a781e5c5e5d1,sslbl,PureRAT C&C,"sslbl,2026-08-06",2026-08-06 12:43:05,2026-09-12 16:31:40,88
ssl_sha1,2a2c44f91a961c0b573d1e823f314fb4ffbc88dd,sslbl,OffLoader C&C,"sslbl,2026-09-07",2026-09-07 16:06:32,2026-09-12 16:31:40,88
ssl_sha1,2a68cf483216956f8162c0334a75dac483bfaac6,sslbl,Vidar C&C,"sslbl,2026-08-13",2026-08-13 20:13:53,2026-09-12 16:31:40,88
ssl_sha1,2b05666e08e41d03ae03a5f282434e36229ea962,sslbl,ConnectWise C&C,"sslbl,2026-08-14",2026-08-14 08:13:11,2026-09-12 16:31:40,88
ssl_sha1,2b7ffb92a05fe5f22a0f26d9c76a3155f04fdd45,sslbl,PureLogsStealer C&C,"sslbl,2026-08-04",2026-08-05 12:42:46,2026-09-12 16:31:40,88
ssl_sha1,2be2964d2711f536de55aa929fa612ba69ebc405,sslbl,Vidar C&C,"sslbl,2026-09-09",2026-09-09 16:06:20,2026-09-12 16:31:40,88
ssl_sha1,2d410f6e2daaf4665a958610ce94242145c714e3,sslbl,PureLogsStealer C&C,"sslbl,2026-08-08",2026-08-09 00:42:39,2026-09-12 16:31:40,88
ssl_sha1,2e5d32f48396874bdbf9e30cbf56d9d5440f24ec,sslbl,ConnectWise C&C,"sslbl,2026-08-31",2026-08-31 16:06:17,2026-09-12 16:31:40,88
ssl_sha1,304062e0d9d93dad14b84554abb56fd3af8266ff,sslbl,Vidar C&C,"sslbl,2026-08-19",2026-08-19 16:06:13,2026-09-12 16:31:40,88
ssl_sha1,30ae51f106a573be769968e15c0a6f56a2878a16,sslbl,Vidar C&C,"sslbl,2026-08-05",2026-08-05 12:42:46,2026-09-12 16:31:40,88
ssl_sha1,3141245c066d71ef08936296ffea7ea15082f7fd,sslbl,ConnectWise C&C,"sslbl,2026-08-14",2026-08-14 08:13:11,2026-09-12 16:31:40,88
ssl_sha1,328089d815eb8db2dcb741cd603fc451295636d4,sslbl,PureRAT C&C,"sslbl,2026-08-31",2026-08-31 16:06:17,2026-09-12 16:31:40,88
ssl_sha1,32a8651489a0a5fb3fb0679514bed1e86c0c576c,sslbl,ACRStealer C&C,"sslbl,2026-08-10",2026-08-10 12:42:40,2026-09-12 16:31:40,88
ssl_sha1,32c779b627c28c168bcf744948c35f45462e9307,sslbl,PureRAT C&C,"sslbl,2026-09-08",2026-09-08 16:06:37,2026-09-12 16:31:40,88
ssl_sha1,3595cb507d47314a6749679e4217ec993c5c3691,sslbl,DCAgentRMM C&C,"sslbl,2026-08-25",2026-08-25 16:07:37,2026-09-12 16:31:40,88
ssl_sha1,3599615abff24cd9b7801d4ee3263d66ab320867,sslbl,PureLogsStealer C&C,"sslbl,2026-07-15",2026-07-16 05:21:37,2026-09-12 16:31:40,88
ssl_sha1,35c361f9688643bd7cd6a7057178d869bcd6ea7b,sslbl,ConnectWise C&C,"sslbl,2026-08-04",2026-08-04 07:49:13,2026-09-12 16:31:40,88
ssl_sha1,361864879b9712b391b7d1af733e24168f67c419,sslbl,Malware C&C,"sslbl,2026-08-04",2026-08-05 12:42:46,2026-09-12 16:31:40,88
ssl_sha1,369b439f1afec9b1ae1d5de29a603f6ba34a3039,sslbl,PureRAT C&C,"sslbl,2026-08-04",2026-08-04 07:49:13,2026-09-12 16:31:40,88
ssl_sha1,3712fb1d824e230a43660016e4e305e623dad067,sslbl,Malware C&C,"sslbl,2026-08-12",2026-08-12 12:42:52,2026-09-12 16:31:40,88
ssl_sha1,3992dd5edcdf2ce5d143f933e2657640e00a58d4,sslbl,OffLoader C&C,"sslbl,2026-08-20",2026-08-20 16:06:17,2026-09-12 16:31:40,88
ssl_sha1,3a62153757fc44e7a948a9c289a08798ea8e8487,sslbl,OffLoader C&C,"sslbl,2026-09-09",2026-09-09 16:06:20,2026-09-12 16:31:40,88
ssl_sha1,3b0855807c94981dca90ba6eb15e94087c91fb52,sslbl,PureRAT C&C,"sslbl,2026-08-08",2026-08-09 00:42:39,2026-09-12 16:31:40,88
ssl_sha1,3c286904e96ada2549fe774aa6eb2d39920219ec,sslbl,Malware C&C,"sslbl,2026-08-13",2026-08-13 08:13:02,2026-09-12 16:31:40,88
ssl_sha1,3cf6a282d22b606bce0ba5ad74526257eff4cf81,sslbl,PureRAT C&C,"sslbl,2026-07-17",2026-07-17 17:21:06,2026-09-12 16:31:40,88
ssl_sha1,3ddf56dd624309d956cccb6c41eb6fcfbb3c6364,sslbl,ZigClipper C&C,"sslbl,2026-08-05",2026-08-06 00:43:27,2026-09-12 16:31:40,88
ssl_sha1,3e3c44169f96771a93af70cef73772afc6530f39,sslbl,Vidar C&C,"sslbl,2026-08-10",2026-08-10 12:42:40,2026-09-12 16:31:40,88
ssl_sha1,3fb1dbcabe3bab0eb06fefe295821bff1007fb25,sslbl,PureRAT C&C,"sslbl,2026-07-17",2026-07-17 17:21:06,2026-09-12 16:31:40,88
ssl_sha1,401d739effc60f0ddbfc096d8b7a64625744824a,sslbl,OffLoader C&C,"sslbl,2026-09-09",2026-09-09 16:06:20,2026-09-12 16:31:40,88
ssl_sha1,407df66ac87ceb177c560e82df9521c8003b5f0d,sslbl,ConnectWise C&C,"sslbl,2026-08-28",2026-08-29 04:06:17,2026-09-12 16:31:40,88
ssl_sha1,40ab2a74848e4b409900153beb94a6977de80d4a,sslbl,PureRAT C&C,"sslbl,2026-08-04",2026-08-04 07:49:13,2026-09-12 16:31:40,88
ssl_sha1,40d55bdf808d31690157cc7865a3161d6f44f073,sslbl,Vidar C&C,"sslbl,2026-08-17",2026-08-17 08:13:04,2026-09-12 16:31:40,88
ssl_sha1,4157992dbca11ebbe0938db99c79c0769ff4e1b1,sslbl,PureRAT C&C,"sslbl,2026-09-03",2026-09-03 16:06:37,2026-09-12 16:31:40,88
ssl_sha1,41f8e81a4f9b3e7e70353a84e4bf87d687ddc79e,sslbl,ConnectWise C&C,"sslbl,2026-08-28",2026-08-29 04:06:17,2026-09-12 16:31:40,88
ssl_sha1,42412a6aee2a4ff0234fc0afe142d5a2bf8f1e92,sslbl,HypeAgent C&C,"sslbl,2026-08-27",2026-08-27 16:06:11,2026-09-12 16:31:40,88
ssl_sha1,4264b1c47eac055ce604ef3509d23cd7e3bd584b,sslbl,Vidar C&C,"sslbl,2026-07-16",2026-07-16 17:20:54,2026-09-12 16:31:40,88
ssl_sha1,441b920d869b1e83fe18a2d86d4b6be20099c145,sslbl,ConnectWise C&C,"sslbl,2026-08-07",2026-08-07 12:43:25,2026-09-12 16:31:40,88
ssl_sha1,44319377ae94a257a0c081e5fdcb97d1d93b127d,sslbl,ConnectWise C&C,"sslbl,2026-07-15",2026-07-16 05:21:37,2026-09-12 16:31:40,88
ssl_sha1,4442db8ed5780616c630362ab45b8e59f40a2e5a,sslbl,Vidar C&C,"sslbl,2026-08-19",2026-08-19 16:06:13,2026-09-12 16:31:40,88
ssl_sha1,4454daf3ef7f7d71cf8e4ce8067c880f9976c952,sslbl,Vidar C&C,"sslbl,2026-09-06",2026-09-06 16:06:16,2026-09-12 16:31:40,88
ssl_sha1,448bf34943609cd5dcadf4b1dc58512df0718e57,sslbl,PureLogsStealer C&C,"sslbl,2026-08-06",2026-08-06 12:43:05,2026-09-12 16:31:40,88
ssl_sha1,44c6dc94a23e05350af1ff687fef8b78cb089b8b,sslbl,ConnectWise C&C,"sslbl,2026-09-08",2026-09-08 16:06:37,2026-09-12 16:31:40,88
ssl_sha1,450a46fca2ded0fb7231080b7ec1fef089aa6abe,sslbl,Stealc C&C,"sslbl,2026-08-27",2026-08-27 16:06:11,2026-09-12 16:31:40,88
ssl_sha1,45152caa36a93f2aa9dab483d4c57531221c431d,sslbl,DCRat C&C,"sslbl,2026-08-20",2026-08-20 16:06:17,2026-09-12 16:31:40,88
ssl_sha1,45bbc5ebc131cca9663c35c95459564007049d07,sslbl,Vidar C&C,"sslbl,2026-07-25",2026-07-25 17:35:24,2026-09-12 16:31:40,88
ssl_sha1,4672fba181056b9df706573af71ad6462ea3df67,sslbl,PureLogsStealer C&C,"sslbl,2026-08-11",2026-08-11 12:42:27,2026-09-12 16:31:40,88
ssl_sha1,46a2a90c5813eda22263c058742902faf1def5a6,sslbl,ConnectWise C&C,"sslbl,2026-08-14",2026-08-14 08:13:11,2026-09-12 16:31:40,88
ssl_sha1,472239fd43cdfe3b960245672b183c4be200ed7a,sslbl,Vidar C&C,"sslbl,2026-07-23",2026-07-24 05:35:19,2026-09-12 16:31:40,88
ssl_sha1,47a42b7e960e081fb973d80964554f4dea813c9d,sslbl,PureLogsStealer C&C,"sslbl,2026-07-15",2026-07-16 05:21:37,2026-09-12 16:31:40,88
ssl_sha1,481d7383aaeec383beb3012d8dfd20548837e42b,sslbl,PureRAT C&C,"sslbl,2026-08-20",2026-08-20 16:06:17,2026-09-12 16:31:40,88
ssl_sha1,48381652ae3e124b686c25282dac3858a5f2de3e,sslbl,PureRAT C&C,"sslbl,2026-07-21",2026-07-21 17:20:42,2026-09-12 16:31:40,88
ssl_sha1,4a5cf0f4e8da154ed1c60ba064f0e733ce9c373e,sslbl,Vidar C&C,"sslbl,2026-09-10",2026-09-10 16:06:38,2026-09-12 16:31:40,88
ssl_sha1,4a67cf0297c6308d31cbd2e89cd5246817bb1330,sslbl,ACRStealer C&C,"sslbl,2026-08-28",2026-08-28 16:06:18,2026-09-12 16:31:40,88
ssl_sha1,4a6e8bfafdb4754d3fbc09a01e52a88d9d4dd57c,sslbl,OffLoader C&C,"sslbl,2026-08-19",2026-08-19 16:06:13,2026-09-12 16:31:40,88
ssl_sha1,4af902fc388e5b848db1767a6c708e2ada0ad99a,sslbl,Vidar C&C,"sslbl,2026-08-31",2026-08-31 16:06:17,2026-09-12 16:31:40,88
ssl_sha1,4b75d1218c87bc4192b6be37dbd990c11859fef8,sslbl,Metasploit C&C,"sslbl,2026-07-16",2026-07-16 17:20:54,2026-09-12 16:31:40,88
ssl_sha1,4bd9fa1c2cefa0f68b276923d33e9989e2fd0031,sslbl,PureRAT C&C,"sslbl,2026-08-04",2026-08-04 07:49:13,2026-09-12 16:31:40,88
ssl_sha1,4bf18cb50cb5bca46aff5785c1ba96a248d1e9fd,sslbl,Vidar C&C,"sslbl,2026-09-01",2026-09-01 16:06:06,2026-09-12 16:31:40,88
ssl_sha1,4c12b6aa784f92a3c50fb7d99289ca32fe21ad4c,sslbl,PureLogsStealer C&C,"sslbl,2026-09-08",2026-09-08 16:06:37,2026-09-12 16:31:40,88
ssl_sha1,4c7132f9c8bfa60751049644820c6f3a90884ff2,sslbl,RatonRAT C&C,"sslbl,2026-08-19",2026-08-19 16:06:13,2026-09-12 16:31:40,88
ssl_sha1,4cad5fa297a09de48d002bf034f543fd7a9384ed,sslbl,Vidar C&C,"sslbl,2026-08-12",2026-08-12 12:42:52,2026-09-12 16:31:40,88
ssl_sha1,4cc4e635af94a219c0c1eaa78c7c1eebdda49e1f,sslbl,PureRAT C&C,"sslbl,2026-09-01",2026-09-01 16:06:06,2026-09-12 16:31:40,88
ssl_sha1,4e1d76e094c1a61d2e1ed367f67545fabe9bc074,sslbl,Malware C&C,"sslbl,2026-09-01",2026-09-01 16:06:06,2026-09-12 16:31:40,88
ssl_sha1,4e5b7b186ad51a93d4e1ba0e2b5ca006b62571be,sslbl,AsyncRAT C&C,"sslbl,2026-07-21",2026-07-21 17:20:42,2026-09-12 16:31:40,88
ssl_sha1,4ee6cf96fce286a8e41faa52626ccf484c72a772,sslbl,Vidar C&C,"sslbl,2026-08-14",2026-08-14 08:13:11,2026-09-12 16:31:40,88
ssl_sha1,4f6db5622e97cb304f7a739d60c8c3acba13f260,sslbl,Stealc C&C,"sslbl,2026-08-19",2026-08-19 16:06:13,2026-09-12 16:31:40,88
ssl_sha1,5017bd59caaf4a057c724b366aa9530e5cc19931,sslbl,ConnectWise C&C,"sslbl,2026-08-04",2026-08-04 07:49:13,2026-09-12 16:31:40,88
ssl_sha1,508ab3696a27249abc7ea437ee1b8bcb8a999d65,sslbl,OverlordRAT C&C,"sslbl,2026-08-08",2026-08-09 00:42:39,2026-09-12 16:31:40,88
ssl_sha1,50c542ca788f012319a8f72453ae5431e0213a4f,sslbl,PureLogsStealer C&C,"sslbl,2026-08-19",2026-08-19 16:06:13,2026-09-12 16:31:40,88
ssl_sha1,50cad154b9d5fdd19c3f67162257de03d3a6afcd,sslbl,OffLoader C&C,"sslbl,2026-07-17",2026-07-17 17:21:06,2026-09-12 16:31:40,88
ssl_sha1,52a61a5bae1d5d4fb771c4d8ab668c3570c77283,sslbl,PureRAT C&C,"sslbl,2026-08-31",2026-08-31 16:06:17,2026-09-12 16:31:40,88
ssl_sha1,52b3c657964c5ac626f54446cbfb75165d215d65,sslbl,PureLogsStealer C&C,"sslbl,2026-08-04",2026-08-04 07:49:13,2026-09-12 16:31:40,88
ssl_sha1,53e5a73e14b16d4140421466795a2196a53e2bbc,sslbl,PureRAT C&C,"sslbl,2026-08-27",2026-08-27 16:06:11,2026-09-12 16:31:40,88
ssl_sha1,544c1e86e02e5ac18fabe17fff152e4c7e370990,sslbl,ACRStealer C&C,"sslbl,2026-07-23",2026-07-23 18:30:39,2026-09-12 16:31:40,88
ssl_sha1,55828dc9278fe7cc50514d9e95e64422804a0b84,sslbl,OffLoader C&C,"sslbl,2026-08-10",2026-08-10 12:42:40,2026-09-12 16:31:40,88
ssl_sha1,559a55c8c7779e0037429794a8836a1039dbcdc3,sslbl,AsyncRAT C&C,"sslbl,2026-09-09",2026-09-10 04:07:18,2026-09-12 16:31:40,88
ssl_sha1,572029fec2909ba613cee3c3698b8a49af83b428,sslbl,OffLoader C&C,"sslbl,2026-07-15",2026-07-16 05:21:37,2026-09-12 16:31:40,88
ssl_sha1,573ff46149f8feb36cd0dbf80427b88aa156ed7b,sslbl,KongTuke C&C,"sslbl,2026-07-17",2026-07-17 17:21:06,2026-09-12 16:31:40,88
ssl_sha1,5750697f5e734c9105b89e13cc68fa51ae35e726,sslbl,Vidar C&C,"sslbl,2026-09-06",2026-09-06 16:06:16,2026-09-12 16:31:40,88
ssl_sha1,57dd505a5d745deaa32411f3f7e247e6795164a5,sslbl,Vidar C&C,"sslbl,2026-08-19",2026-08-19 16:06:13,2026-09-12 16:31:40,88
ssl_sha1,58243e4728cadacb308dfa0b964571e374ac3c1c,sslbl,Vidar C&C,"sslbl,2026-08-04",2026-08-04 07:49:13,2026-09-12 16:31:40,88
ssl_sha1,58a5ded84c93621d72ecc14b386e0e6bea5d103a,sslbl,Vidar C&C,"sslbl,2026-07-15",2026-07-16 05:21:37,2026-09-12 16:31:40,88
ssl_sha1,5b0334a2bc768aa1fef1eb0d10bf52edb071bf1c,sslbl,Vidar C&C,"sslbl,2026-08-10",2026-08-10 12:42:40,2026-09-12 16:31:40,88
ssl_sha1,5b276d28106cb7d91dd5f810e61d9523d34c7804,sslbl,PureLogsStealer C&C,"sslbl,2026-08-21",2026-08-21 16:09:28,2026-09-12 16:31:40,88
ssl_sha1,5b3c4900b63eb2ca8d0d174ef9e989324bc58c0d,sslbl,TELEPUZ C&C,"sslbl,2026-08-21",2026-08-21 16:09:28,2026-09-12 16:31:40,88
ssl_sha1,5b86c194e3e28190e76652c7a39e9acbf849ada2,sslbl,Vidar C&C,"sslbl,2026-08-13",2026-08-13 08:13:02,2026-09-12 16:31:40,88
ssl_sha1,5d801efeb2e22aa0da901ffbce45db05a80a7b0b,sslbl,Vidar C&C,"sslbl,2026-08-25",2026-08-25 16:07:37,2026-09-12 16:31:40,88
ssl_sha1,5dc598df9a1f9cf893ce86b54f8be517475d1ff9,sslbl,OffLoader C&C,"sslbl,2026-07-21",2026-07-21 17:20:42,2026-09-12 16:31:40,88
ssl_sha1,5dcd3232fc9873ebedca38f8ba5992fce6dccb61,sslbl,PureLogsStealer C&C,"sslbl,2026-08-05",2026-08-06 00:43:27,2026-09-12 16:31:40,88
ssl_sha1,5df1d8183a0c35eed21884c00e84299ded6ece0c,sslbl,PureLogsStealer C&C,"sslbl,2026-09-10",2026-09-10 16:06:38,2026-09-12 16:31:40,88
ssl_sha1,5df6480942779ca755ba42db5446f6492a3bb99b,sslbl,PureLogsStealer C&C,"sslbl,2026-08-26",2026-08-26 16:06:11,2026-09-12 16:31:40,88
ssl_sha1,5e06eaa686adc5ca8fd118752c6667e826bbcad0,sslbl,ConnectWise C&C,"sslbl,2026-08-28",2026-08-29 04:06:17,2026-09-12 16:31:40,88
ssl_sha1,5e7110d4c25e3aef153d9d38610550ad510f23cf,sslbl,Vidar C&C,"sslbl,2026-08-19",2026-08-19 16:06:13,2026-09-12 16:31:40,88
ssl_sha1,5e9de84aab8968d3a10710904a0844d0c360d2a8,sslbl,Vidar C&C,"sslbl,2026-09-03",2026-09-03 16:06:37,2026-09-12 16:31:40,88
ssl_sha1,5efdc565e73e10756c6962ebadd15cf4b1075ea9,sslbl,OffLoader C&C,"sslbl,2026-09-06",2026-09-06 16:06:16,2026-09-12 16:31:40,88
ssl_sha1,60d55d4ff506bc654814ba6b26308f999766054a,sslbl,Vidar C&C,"sslbl,2026-09-12",2026-09-12 16:06:49,2026-09-12 16:31:40,88
ssl_sha1,60df0e327f3736946e966b453ef233da0c42b927,sslbl,Havoc C&C,"sslbl,2026-08-10",2026-08-10 12:42:40,2026-09-12 16:31:40,88
ssl_sha1,61042420cd71b5edcdd9ef7ff070deef7398a725,sslbl,Vidar C&C,"sslbl,2026-08-04",2026-08-04 07:49:13,2026-09-12 16:31:40,88
ssl_sha1,629ea8772f7b1e8bf216dfc3b2170eb903ee8faa,sslbl,PureLogsStealer C&C,"sslbl,2026-09-09",2026-09-09 16:06:20,2026-09-12 16:31:40,88
ssl_sha1,632061b26a93455e9c4f0ac413deae710c920216,sslbl,PureLogsStealer C&C,"sslbl,2026-07-21",2026-07-21 17:20:42,2026-09-12 16:31:40,88
ssl_sha1,64ba3430f767ced74b2828509a653187e9553971,sslbl,Vidar C&C,"sslbl,2026-08-11",2026-08-12 00:43:15,2026-09-12 16:31:40,88
ssl_sha1,64e6fe29e84ea3ecaaef08920d8ceb9567240166,sslbl,Vidar C&C,"sslbl,2026-08-25",2026-08-25 16:07:37,2026-09-12 16:31:40,88
ssl_sha1,655b8a9e32dd444d708ab21eb8604f89332db8ab,sslbl,Vidar C&C,"sslbl,2026-08-27",2026-08-27 16:06:11,2026-09-12 16:31:40,88
ssl_sha1,664729bef77ee9c9f2f523fc1305ef65fa05dbae,sslbl,Vidar C&C,"sslbl,2026-08-11",2026-08-11 12:42:27,2026-09-12 16:31:40,88
ssl_sha1,6647f9e4a2e273d7b78ff02be7114b0e9e2a719f,sslbl,AsyncRAT C&C,"sslbl,2026-08-04",2026-08-04 07:49:13,2026-09-12 16:31:40,88
ssl_sha1,67044f9079f804d4a6217093c679897fec1f90e2,sslbl,AsyncRAT C&C,"sslbl,2026-07-23",2026-07-24 05:35:19,2026-09-12 16:31:40,88
ssl_sha1,6712d3901855387b6d4f3d29576f04df40fa30c1,sslbl,BoratRAT C&C,"sslbl,2026-09-02",2026-09-02 16:07:20,2026-09-12 16:31:40,88
ssl_sha1,674a11078348ede85c2e978063a1eb6ea1dbfd81,sslbl,OffLoader C&C,"sslbl,2026-08-26",2026-08-26 16:06:11,2026-09-12 16:31:40,88
ssl_sha1,680cfafa3541d8bdf18c8725016b0d987b9a7dbc,sslbl,DCRat C&C,"sslbl,2026-08-13",2026-08-13 08:13:02,2026-09-12 16:31:40,88
ssl_sha1,687928f5bd90cb243f29760de8d299236de2cadf,sslbl,PureRAT C&C,"sslbl,2026-08-19",2026-08-20 04:06:14,2026-09-12 16:31:40,88
ssl_sha1,68ffb512bc3f1f544502736127d3bdbd6ece390b,sslbl,OffLoader C&C,"sslbl,2026-07-15",2026-07-16 05:21:37,2026-09-12 16:31:40,88
ssl_sha1,696ef14e986d01e7d9186a690a06849c9cc49c4b,sslbl,ConnectWise C&C,"sslbl,2026-09-01",2026-09-01 16:06:06,2026-09-12 16:31:40,88
ssl_sha1,6c6027c8ff18b0f79bd3c40848c2b189a18b49ac,sslbl,QuasarRAT C&C,"sslbl,2026-09-02",2026-09-02 16:07:20,2026-09-12 16:31:40,88
ssl_sha1,6ca71f241dad148aaee6ea4a345e1ef1adaa0ffb,sslbl,KongTuke C&C,"sslbl,2026-07-23",2026-07-23 18:30:39,2026-09-12 16:31:40,88
ssl_sha1,6cac7b4801a4e5b675050769d90bb1da5306d537,sslbl,ConnectWise C&C,"sslbl,2026-08-04",2026-08-04 07:49:13,2026-09-12 16:31:40,88
ssl_sha1,6d92d180394761c59cc1455cf6a7c773fb4efabe,sslbl,PureRAT C&C,"sslbl,2026-08-20",2026-08-20 16:06:17,2026-09-12 16:31:40,88
ssl_sha1,6ddb71e5a27eccf80773188066ac92d9d39506d7,sslbl,Vidar C&C,"sslbl,2026-09-02",2026-09-02 16:07:20,2026-09-12 16:31:40,88
ssl_sha1,6e64e6fafd7922f1100ce4f5334fef6dd75b2e66,sslbl,PureLogsStealer C&C,"sslbl,2026-08-06",2026-08-06 12:43:05,2026-09-12 16:31:40,88
ssl_sha1,711c3a7bd15ae5377f4c395e23b3d8b8f1327ced,sslbl,Vidar C&C,"sslbl,2026-08-30",2026-08-30 16:06:18,2026-09-12 16:31:40,88
ssl_sha1,714c56e9e207d5c8e08e1ca28cd9ba85f079d061,sslbl,AsyncRAT C&C,"sslbl,2026-08-08",2026-08-09 00:42:39,2026-09-12 16:31:40,88
ssl_sha1,73202d8d2ac9a9e04c2bdefa6ea8db2860d779a9,sslbl,Vidar C&C,"sslbl,2026-07-23",2026-07-24 05:35:19,2026-09-12 16:31:40,88
ssl_sha1,732c7efa7d624c30b074e78df6595f54fde9188d,sslbl,Vidar C&C,"sslbl,2026-08-20",2026-08-20 16:06:17,2026-09-12 16:31:40,88
ssl_sha1,742d693a2a83e70088711c99db5db56b1aa4b9da,sslbl,Malware distribution,"sslbl,2026-07-23",2026-07-24 05:35:19,2026-09-12 16:31:40,88
ssl_sha1,74afa65e38769e7e58835fd799e353c2fea3a209,sslbl,ACRStealer C&C,"sslbl,2026-09-12",2026-09-12 16:06:49,2026-09-12 16:31:40,88
ssl_sha1,755c81877937861388f42dc73d5a6bf24c96e13b,sslbl,PureRAT C&C,"sslbl,2026-09-04",2026-09-04 16:06:41,2026-09-12 16:31:40,88
ssl_sha1,769a6310d3d9533c1b3e0ddee3c1b6ebbda60891,sslbl,OffLoader C&C,"sslbl,2026-08-07",2026-08-07 12:43:25,2026-09-12 16:31:40,88
ssl_sha1,7767913e33fac1ed9c448460267ca0e6cbe627b4,sslbl,Vidar C&C,"sslbl,2026-07-30",2026-07-31 05:35:34,2026-09-12 16:31:40,88
ssl_sha1,77b9903c538d045e266bd4d6cf40ede0b040b403,sslbl,ConnectWise C&C,"sslbl,2026-08-27",2026-08-27 16:06:11,2026-09-12 16:31:40,88
ssl_sha1,78527fc92bcf8d188b3bcab1b35ac5881e2aaa43,sslbl,AsyncRAT C&C,"sslbl,2026-09-06",2026-09-06 16:06:16,2026-09-12 16:31:40,88
ssl_sha1,78dc4f50971751cbf98b96219dd56f099095a717,sslbl,Vidar C&C,"sslbl,2026-08-13",2026-08-13 08:13:02,2026-09-12 16:31:40,88
ssl_sha1,793ccba0eaedcd1a87bb5200cde5a1c9f21ad4ad,sslbl,Vidar C&C,"sslbl,2026-08-12",2026-08-12 12:42:52,2026-09-12 16:31:40,88
ssl_sha1,79e9e22d16866b1126c524c08afda88a225d6545,sslbl,ACRStealer C&C,"sslbl,2026-08-19",2026-08-19 16:06:13,2026-09-12 16:31:40,88
ssl_sha1,7a9be497f84c09e7591ba7c7d69539a6e0468302,sslbl,Vidar C&C,"sslbl,2026-08-24",2026-08-24 16:06:10,2026-09-12 16:31:40,88
ssl_sha1,7b5604ee44715ba0b4e92c2281f30c5a3416ca41,sslbl,ACRStealer C&C,"sslbl,2026-07-24",2026-07-24 17:35:21,2026-09-12 16:31:40,88
ssl_sha1,7bbac2b67988c36fa1dbd3a75dc06629f766ccaf,sslbl,Vidar C&C,"sslbl,2026-08-13",2026-08-13 20:13:53,2026-09-12 16:31:40,88
ssl_sha1,7bdeed30f5501a30f6aecc3f3cc372f7e52d6ce0,sslbl,ConnectWise C&C,"sslbl,2026-08-07",2026-08-07 12:43:25,2026-09-12 16:31:40,88
ssl_sha1,7bf6011a10ea612968ea925608fa67b5d599863a,sslbl,Vidar C&C,"sslbl,2026-08-12",2026-08-12 12:42:52,2026-09-12 16:31:40,88
ssl_sha1,7bf78d44f61a05e919479a1cf3e0ce158a50a0c6,sslbl,AsyncRAT C&C,"sslbl,2026-08-18",2026-08-18 22:07:31,2026-09-12 16:31:40,88
ssl_sha1,7c27d36636428305d692f50c753e2e9af3897290,sslbl,ConnectWise C&C,"sslbl,2026-07-15",2026-07-16 05:21:37,2026-09-12 16:31:40,88
ssl_sha1,7c3a6c14032bce06d59bd68a7b61a8b88fe222ac,sslbl,OffLoader C&C,"sslbl,2026-08-11",2026-08-11 12:42:27,2026-09-12 16:31:40,88
ssl_sha1,7d5d941b4a1e4732fad44cce2a4ded87a20d5508,sslbl,Vidar C&C,"sslbl,2026-09-06",2026-09-06 16:06:16,2026-09-12 16:31:40,88
ssl_sha1,7d7d8f52b3aee2d5233b2f8cc838cd08a6036c1d,sslbl,OffLoader C&C,"sslbl,2026-09-07",2026-09-07 16:06:32,2026-09-12 16:31:40,88
ssl_sha1,7f111c69f42266b474927156f103d70843e7f82b,sslbl,RatonRAT C&C,"sslbl,2026-08-27",2026-08-27 16:06:11,2026-09-12 16:31:40,88
ssl_sha1,7f1ed4a13d8a2ba6e690ecaf66a9dfa42dd8d9d1,sslbl,ValleyRAT C&C,"sslbl,2026-08-25",2026-08-25 16:07:37,2026-09-12 16:31:40,88
ssl_sha1,7f350973861d149efb83b0a1f51d0e0db0329dda,sslbl,Malware distribution,"sslbl,2026-09-09",2026-09-10 04:07:18,2026-09-12 16:31:40,88
ssl_sha1,7f44d36f1f6bd375ba4e4a7866328a76047ce498,sslbl,AsyncRAT C&C,"sslbl,2026-08-19",2026-08-19 16:06:13,2026-09-12 16:31:40,88
ssl_sha1,7f563e6df9b87f615f2d492ba68d5df373a6ca26,sslbl,ACRStealer C&C,"sslbl,2026-07-18",2026-07-19 05:20:40,2026-09-12 16:31:40,88
ssl_sha1,7f73eeb03e7df441484d4610c5a0c3a02f166989,sslbl,PureLogsStealer C&C,"sslbl,2026-08-20",2026-08-20 16:06:17,2026-09-12 16:31:40,88
ssl_sha1,7fa3afaafe3b7c5eab63712e58c9414a86d559ec,sslbl,AsyncRAT C&C,"sslbl,2026-09-06",2026-09-06 16:06:16,2026-09-12 16:31:40,88
ssl_sha1,80c36e681125d92c8edfbf7adce71d3bda48d1f9,sslbl,Malware distribution,"sslbl,2026-07-23",2026-07-24 05:35:19,2026-09-12 16:31:40,88
ssl_sha1,820cd09994b3e76f6e89926a4b94ec0ccacd888c,sslbl,OffLoader C&C,"sslbl,2026-07-23",2026-07-24 05:35:19,2026-09-12 16:31:40,88
ssl_sha1,83424f01b8b7262f3a3cd61048d3337afdcca58a,sslbl,KongTuke C&C,"sslbl,2026-07-16",2026-07-16 17:20:54,2026-09-12 16:31:40,88
ssl_sha1,841672d728070f0e4519a650a9c8618f9b80c502,sslbl,PureLogsStealer C&C,"sslbl,2026-08-28",2026-08-28 16:06:18,2026-09-12 16:31:40,88
ssl_sha1,847e013a4d337babfdf203eba82d2d32717b9d2d,sslbl,PureLogsStealer C&C,"sslbl,2026-08-10",2026-08-11 00:42:33,2026-09-12 16:31:40,88
ssl_sha1,8508e14457ad7de321edddf3688e124d5f1d652c,sslbl,Vidar C&C,"sslbl,2026-08-28",2026-08-28 16:06:18,2026-09-12 16:31:40,88
ssl_sha1,851e9888eda6290dc6d0c817ac0c82488a9e0bd8,sslbl,Vidar C&C,"sslbl,2026-09-01",2026-09-01 16:06:06,2026-09-12 16:31:40,88
ssl_sha1,865a8d01e86bcf06890c09c7b3e9f2c786d7e600,sslbl,PureRAT C&C,"sslbl,2026-08-20",2026-08-20 16:06:17,2026-09-12 16:31:40,88
ssl_sha1,87feeb825ed6c63616f07bcc03b76454c7e1612f,sslbl,Vidar C&C,"sslbl,2026-08-12",2026-08-12 12:42:52,2026-09-12 16:31:40,88
ssl_sha1,88b2180ded8f8a30de34b4dc84c2328bbd0af49f,sslbl,PureRAT C&C,"sslbl,2026-08-10",2026-08-10 12:42:40,2026-09-12 16:31:40,88
ssl_sha1,89bbec947a91917d4676037abb417ceb72770851,sslbl,Vidar C&C,"sslbl,2026-08-17",2026-08-17 08:13:04,2026-09-12 16:31:40,88
ssl_sha1,8a6a82fdb53374bd62b62120a007ceb19d4ad827,sslbl,OffLoader C&C,"sslbl,2026-08-11",2026-08-11 12:42:27,2026-09-12 16:31:40,88
ssl_sha1,8b41b8741c4d2a24de0aba241f742f043f1014d1,sslbl,Vidar C&C,"sslbl,2026-08-27",2026-08-27 16:06:11,2026-09-12 16:31:40,88
ssl_sha1,8bdf129211692888e48d0970e49a8559450974dc,sslbl,AdaptixC2 C&C,"sslbl,2026-08-07",2026-08-07 12:43:25,2026-09-12 16:31:40,88
ssl_sha1,8befa0033eaaa1693777be12aa7d9236a9caf188,sslbl,Vidar C&C,"sslbl,2026-08-11",2026-08-11 12:42:27,2026-09-12 16:31:40,88
ssl_sha1,8c2a430246ca36ca14885fe1a101c61eaab4a96c,sslbl,AsyncRAT C&C,"sslbl,2026-08-31",2026-08-31 16:06:17,2026-09-12 16:31:40,88
ssl_sha1,8c6132e27eb7bfe859029b583c55243baf3f3029,sslbl,PureRAT C&C,"sslbl,2026-08-20",2026-08-20 16:06:17,2026-09-12 16:31:40,88
ssl_sha1,8c798a5e27290e239890509e6b0c08c214664a87,sslbl,Vidar C&C,"sslbl,2026-08-12",2026-08-12 12:42:52,2026-09-12 16:31:40,88
ssl_sha1,8cbedfb429f0d39039f26e2ce229191f21723e88,sslbl,RatonRAT C&C,"sslbl,2026-09-01",2026-09-01 16:06:06,2026-09-12 16:31:40,88
ssl_sha1,8cffe4fa8f624cb4c15790c414e04acde61e3651,sslbl,QuasarRAT C&C,"sslbl,2026-09-12",2026-09-12 16:06:49,2026-09-12 16:31:40,88
ssl_sha1,8d2a3d5cb72fac2e04ef51b3e056ab6b75e3f408,sslbl,PureLogsStealer C&C,"sslbl,2026-09-09",2026-09-09 16:06:20,2026-09-12 16:31:40,88
ssl_sha1,8d6fdff168340e954aad4f0f924276cd5b6e31b2,sslbl,Vidar C&C,"sslbl,2026-08-18",2026-08-18 10:07:25,2026-09-12 16:31:40,88
ssl_sha1,8d8f084ddf2729d1f4747f2a428dd8d9b13e1cfa,sslbl,OffLoader C&C,"sslbl,2026-08-22",2026-08-22 16:06:16,2026-09-12 16:31:40,88
ssl_sha1,8e492f36b0c1412f2d872dc9d51c974d27733d47,sslbl,AsyncRAT C&C,"sslbl,2026-09-09",2026-09-10 04:07:18,2026-09-12 16:31:40,88
ssl_sha1,8ef5bc8cb7d00d8b89bacbd4f9405f402d1a002e,sslbl,SheetRAT C&C,"sslbl,2026-07-15",2026-07-16 05:21:37,2026-09-12 16:31:40,88
ssl_sha1,8f0bfca0ab1d555a035d5b498c9e26acdab3d7aa,sslbl,ACRStealer C&C,"sslbl,2026-08-10",2026-08-10 12:42:40,2026-09-12 16:31:40,88
ssl_sha1,8f0de55e89d97b4f3581f77805955a2b719563b8,sslbl,PureRAT C&C,"sslbl,2026-07-23",2026-07-24 05:35:19,2026-09-12 16:31:40,88
ssl_sha1,8f154a9a3584398eb6be34b0e2f05c79c63cea6a,sslbl,OffLoader C&C,"sslbl,2026-08-28",2026-08-29 04:06:17,2026-09-12 16:31:40,88
ssl_sha1,9000e46cabc64219fb1447d59d5443afcb412e36,sslbl,Vidar C&C,"sslbl,2026-07-21",2026-07-21 17:20:42,2026-09-12 16:31:40,88
ssl_sha1,919d5be1da2b1383786286d0fb199f4575db0d59,sslbl,Vidar C&C,"sslbl,2026-08-12",2026-08-12 12:42:52,2026-09-12 16:31:40,88
ssl_sha1,92bebc09af464e669c68d95052916e76f989e043,sslbl,Malware C&C,"sslbl,2026-08-04",2026-08-05 12:42:46,2026-09-12 16:31:40,88
ssl_sha1,930851db267db9c407bc5adaa9d49f5c994abece,sslbl,PureRAT C&C,"sslbl,2026-08-10",2026-08-10 12:42:40,2026-09-12 16:31:40,88
ssl_sha1,93edc2f5b2504b5700af766157b2aa96d1edd20f,sslbl,Malware C&C,"sslbl,2026-09-12",2026-09-12 16:06:49,2026-09-12 16:31:40,88
ssl_sha1,940df23eebede1e1e33a4c521ba05b4b37d04d68,sslbl,Vidar C&C,"sslbl,2026-08-11",2026-08-12 00:43:15,2026-09-12 16:31:40,88
ssl_sha1,942c595db95914eb4987a1e7ddd6f728fbc674ec,sslbl,PureLogsStealer C&C,"sslbl,2026-08-04",2026-08-05 12:42:46,2026-09-12 16:31:40,88
ssl_sha1,94711c109335059bb2dc4d338f33d3083004d6fa,sslbl,ACRStealer C&C,"sslbl,2026-08-28",2026-08-28 16:06:18,2026-09-12 16:31:40,88
ssl_sha1,94c2c17d919e1560dca7d4980e7f9c6eb5a402a0,sslbl,Vidar C&C,"sslbl,2026-08-14",2026-08-14 08:13:11,2026-09-12 16:31:40,88
ssl_sha1,952bcdeea03ea702626a30069c949581bf2d1b05,sslbl,Vidar C&C,"sslbl,2026-08-18",2026-08-18 22:07:31,2026-09-12 16:31:40,88
ssl_sha1,95a5eea4198c93663802a9ea047164b5497ea27f,sslbl,Malware C&C,"sslbl,2026-08-14",2026-08-14 08:13:11,2026-09-12 16:31:40,88
ssl_sha1,95fcb5ff7bd5e1d06b1e585af4ba3ceb95f01164,sslbl,Vidar C&C,"sslbl,2026-08-11",2026-08-11 12:42:27,2026-09-12 16:31:40,88
ssl_sha1,964d86f575c50b29d2b7157331d556859dd43e5e,sslbl,Vidar C&C,"sslbl,2026-08-05",2026-08-05 12:42:46,2026-09-12 16:31:40,88
ssl_sha1,969b40a4fd2fb579a29aed9b2f81a7cf5cc0b1db,sslbl,PureLogsStealer C&C,"sslbl,2026-08-27",2026-08-27 16:06:11,2026-09-12 16:31:40,88
ssl_sha1,971af46c861e6f88e60b7c07a4850e76423c5c4a,sslbl,ConnectWise C&C,"sslbl,2026-08-07",2026-08-07 12:43:25,2026-09-12 16:31:40,88
ssl_sha1,972c98978e420c02a8d8c5f87930dadc70adbbd8,sslbl,ConnectWise C&C,"sslbl,2026-09-04",2026-09-04 16:06:41,2026-09-12 16:31:40,88
ssl_sha1,97cceb2f57c3b60f9d94b4603ac55860aaa9e03d,sslbl,ConnectWise C&C,"sslbl,2026-08-04",2026-08-04 07:49:13,2026-09-12 16:31:40,88
ssl_sha1,97dd1d6a2bc5769af6e0a7999bfaf2aeaf5452a1,sslbl,Vidar C&C,"sslbl,2026-08-05",2026-08-05 12:42:46,2026-09-12 16:31:40,88
ssl_sha1,991bf55fc47c006b3eedf6b348296f9f7aba20eb,sslbl,PureLogsStealer C&C,"sslbl,2026-07-21",2026-07-21 17:20:42,2026-09-12 16:31:40,88
ssl_sha1,99e8e296eae361f7ddeb6ce7cc6d4bd521ee24b3,sslbl,Vidar C&C,"sslbl,2026-08-11",2026-08-11 12:42:27,2026-09-12 16:31:40,88
ssl_sha1,9a7e2e73f967101d75a3cb425b8980d50ca5c001,sslbl,ConnectWise C&C,"sslbl,2026-08-04",2026-08-04 07:49:13,2026-09-12 16:31:40,88
ssl_sha1,9aba7caceb4b84b49aaa4285d73183a94f4a50d5,sslbl,PureRAT C&C,"sslbl,2026-08-08",2026-08-09 00:42:39,2026-09-12 16:31:40,88
ssl_sha1,9b1d8ac99d61fbc0ba58655538c457db69c459e7,sslbl,PureLogsStealer C&C,"sslbl,2026-08-06",2026-08-06 12:43:05,2026-09-12 16:31:40,88
ssl_sha1,9b422835f6e86dcb59e08f1bb9a47576d98fff81,sslbl,Vidar C&C,"sslbl,2026-08-12",2026-08-12 12:42:52,2026-09-12 16:31:40,88
ssl_sha1,9b4c3ff8dc5891693f443320e3c1167c7cebe2b7,sslbl,QuasarRAT C&C,"sslbl,2026-08-13",2026-08-13 20:13:53,2026-09-12 16:31:40,88
ssl_sha1,9b5e0b2f2acb07fb226b8805b3a5fb5a28035e6e,sslbl,PureLogsStealer C&C,"sslbl,2026-08-04",2026-08-05 12:42:46,2026-09-12 16:31:40,88
ssl_sha1,9ba597b7a850fe598927a226f6ab2efd3050ff95,sslbl,Vidar C&C,"sslbl,2026-08-19",2026-08-20 04:06:14,2026-09-12 16:31:40,88
ssl_sha1,9bfa1f9e8d990faec4c91c5b9eaeb15898aff2e7,sslbl,ConnectWise C&C,"sslbl,2026-08-04",2026-08-04 07:49:13,2026-09-12 16:31:40,88
ssl_sha1,9c0a9291be46e42b67835dff9e6c767fd6660287,sslbl,Malware C&C,"sslbl,2026-08-22",2026-08-22 16:06:16,2026-09-12 16:31:40,88
ssl_sha1,9c124d9fc4b10c04767b554f02b92d6591175e8a,sslbl,PureRAT C&C,"sslbl,2026-07-21",2026-07-21 17:20:42,2026-09-12 16:31:40,88
ssl_sha1,9cd7f02e5bd6f0cb16141c3205aa9b00b0fce027,sslbl,PureLogsStealer C&C,"sslbl,2026-08-13",2026-08-13 20:13:53,2026-09-12 16:31:40,88
ssl_sha1,9d495a9c646e3962ac5445e9b4da6832164dc4ee,sslbl,OffLoader C&C,"sslbl,2026-08-28",2026-08-28 16:06:18,2026-09-12 16:31:40,88
ssl_sha1,9df53aa0bf7a64882c66ee9c8122b4eae9cf79a6,sslbl,HypeAgent C&C,"sslbl,2026-08-31",2026-08-31 16:06:17,2026-09-12 16:31:40,88
ssl_sha1,9ea13ee5065114aee007c91c941ac3f8483c4326,sslbl,Vidar C&C,"sslbl,2026-08-13",2026-08-13 08:13:02,2026-09-12 16:31:40,88
ssl_sha1,9f0464e29fb94333e1ad31740bf4d4bff89cbd28,sslbl,Vidar C&C,"sslbl,2026-08-28",2026-08-28 16:06:18,2026-09-12 16:31:40,88
ssl_sha1,9f7f53410f881c40adf0d4e16a67fd8c4446452a,sslbl,OffLoader C&C,"sslbl,2026-09-09",2026-09-09 16:06:20,2026-09-12 16:31:40,88
ssl_sha1,a0b782d798a48e117c995c9deb013c5cffb0ac58,sslbl,PureLogsStealer C&C,"sslbl,2026-08-11",2026-08-11 12:42:27,2026-09-12 16:31:40,88
ssl_sha1,a0cd40a589573d515fb3d7c30d6de0d45d40a4fa,sslbl,ConnectWise C&C,"sslbl,2026-07-15",2026-07-16 05:21:37,2026-09-12 16:31:40,88
ssl_sha1,a0d553e2a130766628359bea489166c63b9892d7,sslbl,Vidar C&C,"sslbl,2026-08-30",2026-08-30 16:06:18,2026-09-12 16:31:40,88
ssl_sha1,a1146ac98390794517ff821a3377458555100eb3,sslbl,PureLogsStealer C&C,"sslbl,2026-08-04",2026-08-05 12:42:46,2026-09-12 16:31:40,88
ssl_sha1,a18ccdbee8a145ba523641dc63189ad51cd04064,sslbl,PureRAT C&C,"sslbl,2026-08-21",2026-08-21 16:09:28,2026-09-12 16:31:40,88
ssl_sha1,a1f081f8dbb13e90a644017441c648053495a708,sslbl,VenomRAT C&C,"sslbl,2026-09-06",2026-09-06 16:06:16,2026-09-12 16:31:40,88
ssl_sha1,a3aed5e99b2c6563d265a69702d9071940eed8aa,sslbl,ConnectWise C&C,"sslbl,2026-07-15",2026-07-16 05:21:37,2026-09-12 16:31:40,88
ssl_sha1,a45080c92a0b2314966517a4643ebf280e88a11b,sslbl,LummaStealer C&C,"sslbl,2026-08-14",2026-08-14 08:13:11,2026-09-12 16:31:40,88
ssl_sha1,a4a31d169043dc65fd2b36a0352564244c820b1d,sslbl,Malware C&C,"sslbl,2026-08-26",2026-08-26 16:06:11,2026-09-12 16:31:40,88
ssl_sha1,a52e17fe607d1e562e0cb67c6f2342e6b4dbf191,sslbl,Vidar C&C,"sslbl,2026-08-18",2026-08-18 10:07:25,2026-09-12 16:31:40,88
ssl_sha1,a5930d8e37f9f2874a281294d8508dd79df36b98,sslbl,ConnectWise C&C,"sslbl,2026-08-04",2026-08-04 07:49:13,2026-09-12 16:31:40,88
ssl_sha1,a5b119da03c543fa703dcf1f1470b547c88bc0ef,sslbl,Vidar C&C,"sslbl,2026-09-06",2026-09-06 16:06:16,2026-09-12 16:31:40,88
ssl_sha1,a5d4974f89b3751853ea918b1dea7564c7cb8185,sslbl,Vidar C&C,"sslbl,2026-08-27",2026-08-27 16:06:11,2026-09-12 16:31:40,88
ssl_sha1,a6268e092f3de555c67dac2f9e52eae979b3d8e3,sslbl,Vidar C&C,"sslbl,2026-08-17",2026-08-17 08:13:04,2026-09-12 16:31:40,88
ssl_sha1,a66308a1fb09c8345228ca00335e633b2dabde53,sslbl,Malware C&C,"sslbl,2026-09-06",2026-09-06 16:06:16,2026-09-12 16:31:40,88
ssl_sha1,a6df6eca49e13a8c5ebba1f86ca4c5766b1c1b97,sslbl,KongTuke C&C,"sslbl,2026-07-17",2026-07-17 17:21:06,2026-09-12 16:31:40,88
ssl_sha1,a6e6aa58bac84e56b868f5f618ef227b75d7208e,sslbl,QuasarRAT C&C,"sslbl,2026-08-29",2026-08-29 16:10:47,2026-09-12 16:31:40,88
ssl_sha1,a7a6a1125d19a58e8b9ca2c7d187915e06c0adce,sslbl,OffLoader C&C,"sslbl,2026-08-31",2026-08-31 16:06:17,2026-09-12 16:31:40,88
ssl_sha1,a7fa6117a38135c4d9c26ec7e37f15b361535edf,sslbl,Vidar C&C,"sslbl,2026-08-30",2026-08-30 16:06:18,2026-09-12 16:31:40,88
ssl_sha1,a974b9d90161d8c5221961c65a975d81959cdb40,sslbl,Vidar C&C,"sslbl,2026-08-30",2026-08-31 04:06:19,2026-09-12 16:31:40,88
ssl_sha1,a9ebd28ce7e4ac020e6d263e228b8547e1914bfa,sslbl,Vidar C&C,"sslbl,2026-08-06",2026-08-07 00:43:03,2026-09-12 16:31:40,88
ssl_sha1,aa50e1b4a6e7c66ba2ce4c1c82e62f8d74cd7202,sslbl,Vidar C&C,"sslbl,2026-08-21",2026-08-21 16:09:28,2026-09-12 16:31:40,88
ssl_sha1,aaaa57850472f7c23d75d9470b1f98655d5c3655,sslbl,OffLoader C&C,"sslbl,2026-08-08",2026-08-09 00:42:39,2026-09-12 16:31:40,88
ssl_sha1,aaf31b3f7acfe6dc859d1b6269c7e17337a61fd7,sslbl,OffLoader C&C,"sslbl,2026-08-26",2026-08-26 16:06:11,2026-09-12 16:31:40,88
ssl_sha1,ab273c45f00b156514b5b6be664484911dbed547,sslbl,PureRAT C&C,"sslbl,2026-08-20",2026-08-20 16:06:17,2026-09-12 16:31:40,88
ssl_sha1,ab43d834686476fef1094bb0f9c5eef7d0bcd2f9,sslbl,SparkRAT C&C,"sslbl,2026-08-19",2026-08-19 16:06:13,2026-09-12 16:31:40,88
ssl_sha1,ab53f86d2ce32d9306f431e8e82f39cb31f48a53,sslbl,Vidar C&C,"sslbl,2026-08-19",2026-08-19 16:06:13,2026-09-12 16:31:40,88
ssl_sha1,abacd13c43005d6868d9b586e029a1d6a74e1470,sslbl,ConnectWise C&C,"sslbl,2026-08-19",2026-08-19 16:06:13,2026-09-12 16:31:40,88
ssl_sha1,abe57abc8722c69494113060260ba340cd897744,sslbl,ShellterLoader C&C,"sslbl,2026-08-17",2026-08-17 18:44:22,2026-09-12 16:31:40,88
ssl_sha1,ad1e251a18db0657b238f75305b312593a6276a4,sslbl,PureLogsStealer C&C,"sslbl,2026-09-10",2026-09-10 16:06:38,2026-09-12 16:31:40,88
ssl_sha1,ad3cd2a04112f9ffec395649d537dc68bceb3754,sslbl,PureRAT C&C,"sslbl,2026-08-07",2026-08-07 12:43:25,2026-09-12 16:31:40,88
ssl_sha1,adfc8dd0c5e99a8e33b1df7d5c10fc9653342491,sslbl,ConnectWise C&C,"sslbl,2026-08-22",2026-08-22 16:06:16,2026-09-12 16:31:40,88
ssl_sha1,ae2744e9ad9fb574cb79ceff176cbfc982e4fddb,sslbl,ConnectWise C&C,"sslbl,2026-08-11",2026-08-11 12:42:27,2026-09-12 16:31:40,88
ssl_sha1,aec890965f808398c124d16d25255ac4ed1ce6ca,sslbl,Vidar C&C,"sslbl,2026-08-11",2026-08-11 12:42:27,2026-09-12 16:31:40,88
ssl_sha1,af1a7c59f98298c9d3542e306d0292bdf30b4388,sslbl,PureRAT C&C,"sslbl,2026-08-20",2026-08-20 16:06:17,2026-09-12 16:31:40,88
ssl_sha1,b00aa24dc7459e8a0a8f5fbb3d2a27bd646de1e3,sslbl,HypeAgent C&C,"sslbl,2026-08-18",2026-08-18 10:07:25,2026-09-12 16:31:40,88
ssl_sha1,b0cf2650da454ed5cc67102d95f8b9ba00602ead,sslbl,OffLoader C&C,"sslbl,2026-08-25",2026-08-25 16:07:37,2026-09-12 16:31:40,88
ssl_sha1,b0dfb9c6353dc65a3b503bcb2258db457c5b5947,sslbl,Malware C&C,"sslbl,2026-08-26",2026-08-26 16:06:11,2026-09-12 16:31:40,88
ssl_sha1,b1382377a32ee6c85e47edf264f1f6ef5b49e2a3,sslbl,PureLogsStealer C&C,"sslbl,2026-08-31",2026-08-31 16:06:17,2026-09-12 16:31:40,88
ssl_sha1,b14379b3743c37a26289499aca921c99998649f1,sslbl,QuasarRAT C&C,"sslbl,2026-08-04",2026-08-04 07:49:13,2026-09-12 16:31:40,88
ssl_sha1,b1709ae370ca3fb7ddb3fb49b6c1fca1303a4a97,sslbl,Vidar C&C,"sslbl,2026-09-06",2026-09-07 04:07:00,2026-09-12 16:31:40,88
ssl_sha1,b23101487158938dc99bd731fe372634ad768a0f,sslbl,PureRAT C&C,"sslbl,2026-08-13",2026-08-13 08:13:02,2026-09-12 16:31:40,88
ssl_sha1,b26d3f583556acab11cbfa864f596c143b15f32d,sslbl,Vidar C&C,"sslbl,2026-08-17",2026-08-17 08:13:04,2026-09-12 16:31:40,88
ssl_sha1,b28f42ca50cfb259dfc8dfe16e13631da75d6397,sslbl,PureLogsStealer C&C,"sslbl,2026-08-20",2026-08-20 16:06:17,2026-09-12 16:31:40,88
ssl_sha1,b2b4ba87b84f146bbd2f8baa34ea5d555945af28,sslbl,Vidar C&C,"sslbl,2026-09-06",2026-09-06 16:06:16,2026-09-12 16:31:40,88
ssl_sha1,b2e42b1a036329fa6fef4477d35887b1d357711e,sslbl,Vidar C&C,"sslbl,2026-08-04",2026-08-04 07:49:13,2026-09-12 16:31:40,88
ssl_sha1,b34240912bc1f09b2e2342363647616b1088a1b0,sslbl,PureRAT C&C,"sslbl,2026-08-29",2026-08-29 16:10:47,2026-09-12 16:31:40,88
ssl_sha1,b364395fee8c2e4c9eaf9a2531f6f7ac7bf8e4ae,sslbl,QuasarRAT C&C,"sslbl,2026-08-10",2026-08-10 12:42:40,2026-09-12 16:31:40,88
ssl_sha1,b3cbb7925cba0c91ef00f0208b35cfffc96614c7,sslbl,PureRAT C&C,"sslbl,2026-09-06",2026-09-06 16:06:16,2026-09-12 16:31:40,88
ssl_sha1,b43fde87eccd529d630ac6c5aa28931a3e6d52bf,sslbl,OffLoader C&C,"sslbl,2026-09-11",2026-09-11 16:06:11,2026-09-12 16:31:40,88
ssl_sha1,b5b8bebd73d8e8aec88ccc17b1e27c34921667ae,sslbl,Vidar C&C,"sslbl,2026-08-08",2026-08-09 00:42:39,2026-09-12 16:31:40,88
ssl_sha1,b5daf66c6f8a99f2d6fe3fc678264598ec140049,sslbl,PureRAT C&C,"sslbl,2026-09-07",2026-09-07 16:06:32,2026-09-12 16:31:40,88
ssl_sha1,b5f071dd28b511f0b4b067507602a779feb4301f,sslbl,AsyncRAT C&C,"sslbl,2026-08-11",2026-08-11 12:42:27,2026-09-12 16:31:40,88
ssl_sha1,b637337f25fe0290aaa04de866605bd70748c263,sslbl,Vidar C&C,"sslbl,2026-09-06",2026-09-06 16:06:16,2026-09-12 16:31:40,88
ssl_sha1,b72b8c162f5b2fe045e0445f9be1937d98279092,sslbl,OffLoader C&C,"sslbl,2026-08-19",2026-08-19 16:06:13,2026-09-12 16:31:40,88
ssl_sha1,b73835be5d6f7dbb40f9df1347745bbb0963783c,sslbl,PureLogsStealer C&C,"sslbl,2026-08-26",2026-08-26 16:06:11,2026-09-12 16:31:40,88
ssl_sha1,b7c2e44b35ac1ac31efad28747f2bc44f5d28de8,sslbl,PureRAT C&C,"sslbl,2026-07-21",2026-07-21 17:20:42,2026-09-12 16:31:40,88
ssl_sha1,b7c32dab3a4cd691ddcfee4bc1fed6d1d6f81c18,sslbl,AsyncRAT C&C,"sslbl,2026-09-07",2026-09-07 16:06:32,2026-09-12 16:31:40,88
ssl_sha1,b8b339de5ea80d17fb5ce2eb144d7ba28b33337a,sslbl,RatonRAT C&C,"sslbl,2026-07-21",2026-07-21 17:20:42,2026-09-12 16:31:40,88
ssl_sha1,b8b347f5d18be90876c3d3a5458b6e60598246bd,sslbl,PureLogsStealer C&C,"sslbl,2026-08-04",2026-08-05 12:42:46,2026-09-12 16:31:40,88
ssl_sha1,b8b410c62bcb320c20cfee554f472df3fa5734e4,sslbl,PureLogsStealer C&C,"sslbl,2026-08-06",2026-08-06 12:43:05,2026-09-12 16:31:40,88
ssl_sha1,b94eb3bcd4a57442c30e14dd2067b0c6c46d9619,sslbl,ConnectWise C&C,"sslbl,2026-08-21",2026-08-21 16:09:28,2026-09-12 16:31:40,88
ssl_sha1,b95285b6b061fd0acf6a5ae95433d703f52d1872,sslbl,PureLogsStealer C&C,"sslbl,2026-08-21",2026-08-21 16:09:28,2026-09-12 16:31:40,88
ssl_sha1,b9e2100c0408138edfedb92704bfc57ef9fb59f0,sslbl,PureLogsStealer C&C,"sslbl,2026-08-10",2026-08-10 12:42:40,2026-09-12 16:31:40,88
ssl_sha1,ba98762c6eadc76480a1a97ec9c8b54a3002bc10,sslbl,PureLogsStealer C&C,"sslbl,2026-09-09",2026-09-09 16:06:20,2026-09-12 16:31:40,88
ssl_sha1,bd12ed0d3f8dac14cb7de27202b10331831dc8c7,sslbl,OffLoader C&C,"sslbl,2026-09-08",2026-09-08 16:06:37,2026-09-12 16:31:40,88
ssl_sha1,bdf0b04d7bb20782260ab2c2340da6b85e9f63c0,sslbl,PureRAT C&C,"sslbl,2026-07-23",2026-07-24 05:35:19,2026-09-12 16:31:40,88
ssl_sha1,be12aa485facf3375cc2416e1f8fb28541136b83,sslbl,ConnectWise C&C,"sslbl,2026-08-29",2026-08-29 16:10:47,2026-09-12 16:31:40,88
ssl_sha1,be5b37f69a9cf825cca6d9b0e27e3aeaf0903721,sslbl,ACRStealer C&C,"sslbl,2026-08-27",2026-08-27 16:06:11,2026-09-12 16:31:40,88
ssl_sha1,bf192adc3dcaba7412e15b567de22e3f3150bbf7,sslbl,PureLogsStealer C&C,"sslbl,2026-08-21",2026-08-21 16:09:28,2026-09-12 16:31:40,88
ssl_sha1,bfb6503c7c6ce8af43c41197a7fcaec491baa810,sslbl,Vidar C&C,"sslbl,2026-09-01",2026-09-01 16:06:06,2026-09-12 16:31:40,88
ssl_sha1,bfbcd2802186b6c5707f7ff6341b87c12b97f4a4,sslbl,PureRAT C&C,"sslbl,2026-08-30",2026-08-30 16:06:18,2026-09-12 16:31:40,88
ssl_sha1,c0b1920e3d73babea5c2ef2af7ba72977e65586b,sslbl,Vidar C&C,"sslbl,2026-08-12",2026-08-12 12:42:52,2026-09-12 16:31:40,88
ssl_sha1,c0cd4ac67f8a4febf1c340eb0c914252e8ebf881,sslbl,PureLogsStealer C&C,"sslbl,2026-07-23",2026-07-24 05:35:19,2026-09-12 16:31:40,88
ssl_sha1,c11fd105f60ade90dc2611391ee6aa93e6c73375,sslbl,AsyncRAT C&C,"sslbl,2026-07-15",2026-07-16 05:21:37,2026-09-12 16:31:40,88
ssl_sha1,c2826e64fffde42b99ba86c30055eb2dbd064319,sslbl,OffLoader C&C,"sslbl,2026-08-05",2026-08-05 12:42:46,2026-09-12 16:31:40,88
ssl_sha1,c31650da58712771ad83fd5c6cef97905a255cc5,sslbl,AsyncRAT C&C,"sslbl,2026-07-17",2026-07-17 17:21:06,2026-09-12 16:31:40,88
ssl_sha1,c4e9396a3a0543fa79cc0a8f23395f90a15e03b0,sslbl,AsyncRAT C&C,"sslbl,2026-07-16",2026-07-16 17:20:54,2026-09-12 16:31:40,88
ssl_sha1,c6d367c9312830fbe81f12e8be9f1d56d2e10b13,sslbl,PureRAT C&C,"sslbl,2026-08-20",2026-08-20 16:06:17,2026-09-12 16:31:40,88
ssl_sha1,c78af78d930e82506823c8ececf1140c7035d8ef,sslbl,OffLoader C&C,"sslbl,2026-09-12",2026-09-12 16:06:49,2026-09-12 16:31:40,88
ssl_sha1,c7abcfeba6d01d0b78b8c690ab1d8d06078ddf11,sslbl,ConnectWise C&C,"sslbl,2026-08-07",2026-08-07 12:43:25,2026-09-12 16:31:40,88
ssl_sha1,c7ec4c2fa1678702ae684a069cf37a4eef16ef27,sslbl,AsyncRAT C&C,"sslbl,2026-07-23",2026-07-24 05:35:19,2026-09-12 16:31:40,88
ssl_sha1,c877ab2eec4efcc42bae4819dce27744bd41c0ef,sslbl,HypeAgent C&C,"sslbl,2026-09-01",2026-09-01 16:06:06,2026-09-12 16:31:40,88
ssl_sha1,ca49f3e687d1e1559ffcd877d6292f9997d7782b,sslbl,Malware C&C,"sslbl,2026-07-21",2026-07-21 17:20:42,2026-09-12 16:31:40,88
ssl_sha1,ca8a5bbb1e6b22fa9ad9757c50f1bdaf2c22011d,sslbl,OffLoader C&C,"sslbl,2026-08-30",2026-08-30 16:06:18,2026-09-12 16:31:40,88
ssl_sha1,ca9e642c1028f3a7fa79947493c34a981705a05d,sslbl,DonutLoader C&C,"sslbl,2026-08-04",2026-08-05 12:42:46,2026-09-12 16:31:40,88
ssl_sha1,cab93f3d490ed168600f08e5cc4a55d4e8c503c8,sslbl,ConnectWise C&C,"sslbl,2026-09-01",2026-09-01 16:06:06,2026-09-12 16:31:40,88
ssl_sha1,cb2d6049ca9e2a20d92f8ee6ae28060d9d460b85,sslbl,OffLoader C&C,"sslbl,2026-09-08",2026-09-08 16:06:37,2026-09-12 16:31:40,88
ssl_sha1,cbde10c2baa3d573791b7e6044ba4e8f15094cd2,sslbl,PureRAT C&C,"sslbl,2026-08-08",2026-08-09 00:42:39,2026-09-12 16:31:40,88
ssl_sha1,cc7d79ea8261997821ca3c8ad44b61023ad5af89,sslbl,Vidar C&C,"sslbl,2026-08-11",2026-08-11 12:42:27,2026-09-12 16:31:40,88
ssl_sha1,ccc880d541544fedae179d9adcff6f8c74741aed,sslbl,PureRAT C&C,"sslbl,2026-08-04",2026-08-04 07:49:13,2026-09-12 16:31:40,88
ssl_sha1,cd07a2a4c9a93703dc8d1d4e72a12e1cec7f41c7,sslbl,ACRStealer C&C,"sslbl,2026-07-23",2026-07-24 05:35:19,2026-09-12 16:31:40,88
ssl_sha1,cd4fbb7112546836c61911e6b3a09770b6aebf29,sslbl,DCAgentRMM C&C,"sslbl,2026-09-04",2026-09-04 16:06:41,2026-09-12 16:31:40,88
ssl_sha1,cede10451532b072c7017c49ef4fcd273301a826,sslbl,ConnectWise C&C,"sslbl,2026-08-07",2026-08-07 12:43:25,2026-09-12 16:31:40,88
ssl_sha1,cfce3aaff2ad3eae49b37a60d606984bd1492e16,sslbl,PureLogsStealer C&C,"sslbl,2026-07-22",2026-07-22 17:20:46,2026-09-12 16:31:40,88
ssl_sha1,cfe6dcd7527099d525ffa8cec0bd1ab5020d47a7,sslbl,Vidar C&C,"sslbl,2026-08-08",2026-08-09 00:42:39,2026-09-12 16:31:40,88
ssl_sha1,d08e16884011f6910fe8087a74dac507ff7d2a6a,sslbl,ACRStealer C&C,"sslbl,2026-07-24",2026-07-24 17:35:21,2026-09-12 16:31:40,88
ssl_sha1,d0944e5765a9b5767d3cf02e3bdd9f466c5391b7,sslbl,Vidar C&C,"sslbl,2026-08-14",2026-08-14 08:13:11,2026-09-12 16:31:40,88
ssl_sha1,d0e596efec703d8645be9af9f1ab51b27714d9ec,sslbl,ConnectWise C&C,"sslbl,2026-08-19",2026-08-19 16:06:13,2026-09-12 16:31:40,88
ssl_sha1,d0eec27b6184ec84b6c3274869667f608e30de16,sslbl,PureRAT C&C,"sslbl,2026-08-20",2026-08-20 16:06:17,2026-09-12 16:31:40,88
ssl_sha1,d123d7f43d63545c7a8f643acbe73e81f35c3f14,sslbl,QuasarRAT C&C,"sslbl,2026-08-28",2026-08-28 16:06:18,2026-09-12 16:31:40,88
ssl_sha1,d18f8b968bd5981971d6699bdc4ed7b96a3e7248,sslbl,Vidar C&C,"sslbl,2026-08-14",2026-08-14 08:13:11,2026-09-12 16:31:40,88
ssl_sha1,d268bd42f68634bb226be6b56dc4b7c13e930d2a,sslbl,PureLogsStealer C&C,"sslbl,2026-08-31",2026-08-31 16:06:17,2026-09-12 16:31:40,88
ssl_sha1,d2ea1d53e2027b0378fa9346965edbcc0215e251,sslbl,DCRat C&C,"sslbl,2026-09-02",2026-09-02 16:07:20,2026-09-12 16:31:40,88
ssl_sha1,d31628ba7beba86d4beecc67ae79fea667c1a11e,sslbl,OffLoader C&C,"sslbl,2026-08-12",2026-08-12 12:42:52,2026-09-12 16:31:40,88
ssl_sha1,d359f356ed88b04089b7afe53f13a913382bd4da,sslbl,PureRAT C&C,"sslbl,2026-09-09",2026-09-09 16:06:20,2026-09-12 16:31:40,88
ssl_sha1,d35b4be8b535918a0656df6b58c8ed8fb23692e0,sslbl,PureRAT C&C,"sslbl,2026-08-06",2026-08-06 12:43:05,2026-09-12 16:31:40,88
ssl_sha1,d43c9f366658adf98f67c12dd8fcb3bca52db900,sslbl,Vidar C&C,"sslbl,2026-08-29",2026-08-29 16:10:47,2026-09-12 16:31:40,88
ssl_sha1,d447d27a879fe80420dc54244870f3f7d25993bb,sslbl,PureLogsStealer C&C,"sslbl,2026-07-23",2026-07-24 05:35:19,2026-09-12 16:31:40,88
ssl_sha1,d45abb7b4fc7a67b785708f4ba88c080b3d0207c,sslbl,ConnectWise C&C,"sslbl,2026-08-19",2026-08-19 16:06:13,2026-09-12 16:31:40,88
ssl_sha1,d490abc2eba705abb1b6391b9be0a12f1e75331b,sslbl,PureLogsStealer C&C,"sslbl,2026-07-16",2026-07-16 17:20:54,2026-09-12 16:31:40,88
ssl_sha1,d538bd18d7e63dfe3a67c02c253cc277e2b9733a,sslbl,DCAgentRMM C&C,"sslbl,2026-09-06",2026-09-06 16:06:16,2026-09-12 16:31:40,88
ssl_sha1,d55545d9e23fbf6f6b667d4e055454de1108a627,sslbl,Malware C&C,"sslbl,2026-09-01",2026-09-01 16:06:06,2026-09-12 16:31:40,88
ssl_sha1,d5fdf320afff16aee74bb14f25ef245ea75928ad,sslbl,ACRStealer C&C,"sslbl,2026-08-12",2026-08-12 12:42:52,2026-09-12 16:31:40,88
ssl_sha1,d7c3d38e27ab758c908f81b72a6fea1cd1af7369,sslbl,PureLogsStealer C&C,"sslbl,2026-08-04",2026-08-04 07:49:13,2026-09-12 16:31:40,88
ssl_sha1,d7d3f678f9b63334375db11eecc81be2db4db6f0,sslbl,ConnectWise C&C,"sslbl,2026-08-07",2026-08-07 12:43:25,2026-09-12 16:31:40,88
ssl_sha1,d8614f6c4127ebeaf66a898a8e7ce3801cf03c30,sslbl,PureLogsStealer C&C,"sslbl,2026-08-12",2026-08-12 12:42:52,2026-09-12 16:31:40,88
ssl_sha1,d8bdc29b8e9cdd5a849185ca6042d9c6f90d12e7,sslbl,Malware C&C,"sslbl,2026-08-22",2026-08-22 16:06:16,2026-09-12 16:31:40,88
ssl_sha1,d962e722e22971c6b81f89befbbe949241b8c2ec,sslbl,OffLoader C&C,"sslbl,2026-08-21",2026-08-21 16:09:28,2026-09-12 16:31:40,88
ssl_sha1,d9da2988d90a2479eb45e1fc66ff46b04f2289f2,sslbl,ACRStealer C&C,"sslbl,2026-08-28",2026-08-28 16:06:18,2026-09-12 16:31:40,88
ssl_sha1,da016d8c7ef2176f549cd35927d92a6d9cc9e253,sslbl,PureLogsStealer C&C,"sslbl,2026-09-10",2026-09-10 16:06:38,2026-09-12 16:31:40,88
ssl_sha1,da841f680c2699118b0f96b74c16b0625e03f180,sslbl,Amadey C&C,"sslbl,2026-08-10",2026-08-10 12:42:40,2026-09-12 16:31:40,88
ssl_sha1,dac0432f5f74d7d465966420968c96166217923f,sslbl,Vidar C&C,"sslbl,2026-08-31",2026-08-31 16:06:17,2026-09-12 16:31:40,88
ssl_sha1,db7000ad8c148580941840ce41d8efb95f478854,sslbl,ACRStealer C&C,"sslbl,2026-09-12",2026-09-12 16:06:49,2026-09-12 16:31:40,88
ssl_sha1,db767b560efd2f6811b4c4adf2b0fdaee18fdad5,sslbl,PureLogsStealer C&C,"sslbl,2026-08-04",2026-08-05 12:42:46,2026-09-12 16:31:40,88
ssl_sha1,db787c8625b794b3d2385274bfdf8f34d731d7d9,sslbl,Vidar C&C,"sslbl,2026-08-27",2026-08-27 16:06:11,2026-09-12 16:31:40,88
ssl_sha1,dbb503055e3d10fa9d7c07f445e1cf6e5959f038,sslbl,PureRAT C&C,"sslbl,2026-08-25",2026-08-25 16:07:37,2026-09-12 16:31:40,88
ssl_sha1,dcd0ddb2675731126703bc235532e2fe60457b2a,sslbl,PureRAT C&C,"sslbl,2026-09-02",2026-09-02 16:07:20,2026-09-12 16:31:40,88
ssl_sha1,dce637479f61ac7c43c869dcce6b6a050ee29917,sslbl,ACRStealer C&C,"sslbl,2026-08-12",2026-08-12 12:42:52,2026-09-12 16:31:40,88
ssl_sha1,dcf9b87b04998fde1fa03e83bfb8fec67ab1e1e1,sslbl,ConnectWise C&C,"sslbl,2026-08-04",2026-08-04 07:49:13,2026-09-12 16:31:40,88
ssl_sha1,dd7323e5437c503d3b0f4bc1d268dfffd58b80ab,sslbl,Malware C&C,"sslbl,2026-08-11",2026-08-11 12:42:27,2026-09-12 16:31:40,88
ssl_sha1,dd95dacb4419bad92d3d39fa274af4acc1cb6988,sslbl,ConnectWise C&C,"sslbl,2026-08-04",2026-08-04 07:49:13,2026-09-12 16:31:40,88
ssl_sha1,ddac606a1cf89b62cad44ca59ae7986378f191e7,sslbl,OffLoader C&C,"sslbl,2026-08-27",2026-08-27 16:06:11,2026-09-12 16:31:40,88
ssl_sha1,ddfdf0aa1923b91144b9886e63430e063ad115a8,sslbl,OffLoader C&C,"sslbl,2026-08-29",2026-08-29 16:10:47,2026-09-12 16:31:40,88
ssl_sha1,de0a287fb9997f0ffbd36df79b13cfda63f0bfcd,sslbl,QuasarRAT C&C,"sslbl,2026-09-06",2026-09-06 16:06:16,2026-09-12 16:31:40,88
ssl_sha1,de7567aa2ce367cb0915ffd8eb55b1e320e726c9,sslbl,PureLogsStealer C&C,"sslbl,2026-08-21",2026-08-21 16:09:28,2026-09-12 16:31:40,88
ssl_sha1,de7a6af567763e1b73a97ed52a1b2166807d8ffc,sslbl,ConnectWise C&C,"sslbl,2026-07-23",2026-07-23 18:30:39,2026-09-12 16:31:40,88
ssl_sha1,ded1fe95801f3c3fd8a1c73360fbaef6697bcf34,sslbl,Malware distribution,"sslbl,2026-08-05",2026-08-05 12:42:46,2026-09-12 16:31:40,88
ssl_sha1,dfde6725130631a83b3d0dc221736bad3db16918,sslbl,OffLoader C&C,"sslbl,2026-08-14",2026-08-14 08:13:11,2026-09-12 16:31:40,88
ssl_sha1,dfefdeb13f78e83fe980b5f8cea29436df4d7ade,sslbl,SheetRAT C&C,"sslbl,2026-07-16",2026-07-16 17:20:54,2026-09-12 16:31:40,88
ssl_sha1,e00005ae100b2af24cf6d7f71b7cd123f8b916be,sslbl,DCRat C&C,"sslbl,2026-09-07",2026-09-07 16:06:32,2026-09-12 16:31:40,88
ssl_sha1,e05145a93b7b5def1ca6c0e356cc4cdba3cbed9f,sslbl,Vidar C&C,"sslbl,2026-07-21",2026-07-21 17:20:42,2026-09-12 16:31:40,88
ssl_sha1,e0ffdffb5d9bf9216ea5e70d4fe2bae919f5a6ca,sslbl,OffLoader C&C,"sslbl,2026-08-20",2026-08-20 16:06:17,2026-09-12 16:31:40,88
ssl_sha1,e11c9cfa144ec7da0f1b77838fd02cfb7e897eaa,sslbl,Vidar C&C,"sslbl,2026-08-11",2026-08-11 12:42:27,2026-09-12 16:31:40,88
ssl_sha1,e15c7bdeb747a9fff47c514a10229a2a59d1157d,sslbl,AnimateClipper C&C,"sslbl,2026-07-29",2026-07-29 17:37:13,2026-09-12 16:31:40,88
ssl_sha1,e1fadee899789d8e802b8b88dcf67e4cae82ccf1,sslbl,Vidar C&C,"sslbl,2026-08-20",2026-08-20 16:06:17,2026-09-12 16:31:40,88
ssl_sha1,e265df346af246b4a57b638872957cacce04f289,sslbl,DumplingsRAT C&C,"sslbl,2026-08-26",2026-08-26 16:06:11,2026-09-12 16:31:40,88
ssl_sha1,e39fdf1800919f6dd77d89bcdbc0b1fe8a9352eb,sslbl,Vidar C&C,"sslbl,2026-08-18",2026-08-18 22:07:31,2026-09-12 16:31:40,88
ssl_sha1,e481c58f5012d5d8a5177bf84b055fc93c06e32e,sslbl,NetSupport C&C,"sslbl,2026-08-29",2026-08-29 16:10:47,2026-09-12 16:31:40,88
ssl_sha1,e61c15649184bdcdb39ae1fee964f8681677da35,sslbl,Vidar C&C,"sslbl,2026-09-06",2026-09-06 16:06:16,2026-09-12 16:31:40,88
ssl_sha1,e61c2fca353a70e5eef94a7a6a0d72fa1fcd2df2,sslbl,Amadey C&C,"sslbl,2026-08-10",2026-08-10 12:42:40,2026-09-12 16:31:40,88
ssl_sha1,e63b53c2c26b9bff8f20e018efe7c166ec3c4acd,sslbl,ConnectWise C&C,"sslbl,2026-08-07",2026-08-07 12:43:25,2026-09-12 16:31:40,88
ssl_sha1,e649d5c0e33423531f5404ed8f985a3fc42fb934,sslbl,OffLoader C&C,"sslbl,2026-09-06",2026-09-06 16:06:16,2026-09-12 16:31:40,88
ssl_sha1,e6b44935f6416b11d4ec5d51bbcae9e6f2ab5ce7,sslbl,OffLoader C&C,"sslbl,2026-08-08",2026-08-09 00:42:39,2026-09-12 16:31:40,88
ssl_sha1,e6cc4eebe2d73c7174be4be73bc00d4642122ac4,sslbl,ACRStealer C&C,"sslbl,2026-07-27",2026-07-27 17:35:21,2026-09-12 16:31:40,88
ssl_sha1,e85536b156e0cd96f57d1925fb4f9fadaf825b9a,sslbl,Malware C&C,"sslbl,2026-09-03",2026-09-03 16:06:37,2026-09-12 16:31:40,88
ssl_sha1,e86cb30b97c8af13b305fa5cdc7357e23f633447,sslbl,AsyncRAT C&C,"sslbl,2026-07-16",2026-07-16 17:20:54,2026-09-12 16:31:40,88
ssl_sha1,e953a8c7f135a5b8867b9dfcfc2a1b402f1e289e,sslbl,PureLogsStealer C&C,"sslbl,2026-08-13",2026-08-13 20:13:53,2026-09-12 16:31:40,88
ssl_sha1,ec70fdbbd715a57474807302b27f3eb124b05049,sslbl,Vidar C&C,"sslbl,2026-08-12",2026-08-12 12:42:52,2026-09-12 16:31:40,88
ssl_sha1,ecae976f3eabcaad996e0a431d47bcead61dfb5e,sslbl,RatonRAT C&C,"sslbl,2026-08-21",2026-08-21 16:09:28,2026-09-12 16:31:40,88
ssl_sha1,ece1b6bdc8e62d35188aab274bdb0be28d84c43f,sslbl,QuasarRAT C&C,"sslbl,2026-08-06",2026-08-07 00:43:03,2026-09-12 16:31:40,88
ssl_sha1,ed0d4b2a9c090b6af6c99fd5b899831da206d835,sslbl,Vidar C&C,"sslbl,2026-07-30",2026-07-31 05:35:34,2026-09-12 16:31:40,88
ssl_sha1,ed312f7ad58a9faec6d3c93aabf598335fdf494c,sslbl,Vidar C&C,"sslbl,2026-08-31",2026-08-31 16:06:17,2026-09-12 16:31:40,88
ssl_sha1,edbd45e54859ad7082efb79465ba938bb2581132,sslbl,OffLoader C&C,"sslbl,2026-08-18",2026-08-18 22:07:31,2026-09-12 16:31:40,88
ssl_sha1,edd934290c1a24e425d4d6f6c82a08ebc392b89f,sslbl,OffLoader C&C,"sslbl,2026-08-25",2026-08-25 16:07:37,2026-09-12 16:31:40,88
ssl_sha1,eedeb11bc67df6c7b7a714512a59dc346c1b4271,sslbl,Socks5Systemz C&C,"sslbl,2026-08-26",2026-08-26 16:06:11,2026-09-12 16:31:40,88
ssl_sha1,ef5c2a4999763064e2213dbe1c8ed696c0e8914b,sslbl,Vidar C&C,"sslbl,2026-08-29",2026-08-29 16:10:47,2026-09-12 16:31:40,88
ssl_sha1,ef74c5ab92e15e7226ba84cce3a45522c74ba902,sslbl,PureLogsStealer C&C,"sslbl,2026-08-06",2026-08-06 12:43:05,2026-09-12 16:31:40,88
ssl_sha1,ef771150284da548676c603f5a4e1cd2763fd27f,sslbl,PureLogsStealer C&C,"sslbl,2026-08-04",2026-08-04 07:49:13,2026-09-12 16:31:40,88
ssl_sha1,efed7c2a381b7d580caf89354c93991ac2de65b3,sslbl,OffLoader C&C,"sslbl,2026-08-26",2026-08-26 16:06:11,2026-09-12 16:31:40,88
ssl_sha1,f0e6af342ccf5fe1beb177e2bf3cb2cac4aa1fa6,sslbl,RatonRAT C&C,"sslbl,2026-08-31",2026-08-31 16:06:17,2026-09-12 16:31:40,88
ssl_sha1,f351f7dbe9c583f75758b39cd307f5359d110c73,sslbl,AsyncRAT C&C,"sslbl,2026-08-18",2026-08-18 22:07:31,2026-09-12 16:31:40,88
ssl_sha1,f3a38c4fa9a59b250a0a2d351af061fce6a21995,sslbl,ConnectWise C&C,"sslbl,2026-08-11",2026-08-11 12:42:27,2026-09-12 16:31:40,88
ssl_sha1,f3ba11a6cb8be921ee0fbd326de9a66220bcc82f,sslbl,Vidar C&C,"sslbl,2026-08-15",2026-08-15 20:13:12,2026-09-12 16:31:40,88
ssl_sha1,f50e245dc1e4a89d6cf5e07e31ae1392a3f9ad20,sslbl,AsyncRAT C&C,"sslbl,2026-08-14",2026-08-14 08:13:11,2026-09-12 16:31:40,88
ssl_sha1,f52ace7c91f1ad88a78ea62eab06e000e2f88f16,sslbl,PureRAT C&C,"sslbl,2026-08-20",2026-08-20 16:06:17,2026-09-12 16:31:40,88
ssl_sha1,f567b9fc86b00e059bdfea261466360804fbdb38,sslbl,Vidar C&C,"sslbl,2026-09-12",2026-09-12 16:06:49,2026-09-12 16:31:40,88
ssl_sha1,f5c8ee530b1fd817432a4bafad12126d1ae744d4,sslbl,PureLogsStealer C&C,"sslbl,2026-08-04",2026-08-05 12:42:46,2026-09-12 16:31:40,88
ssl_sha1,f9a55e7a59b0fcbd7df9f5a445475480368598ce,sslbl,PureLogsStealer C&C,"sslbl,2026-07-17",2026-07-17 17:21:06,2026-09-12 16:31:40,88
ssl_sha1,fa62c7ce7b7ec943d8853832560bc5a386aaf17e,sslbl,HypeAgent C&C,"sslbl,2026-08-18",2026-08-18 10:07:25,2026-09-12 16:31:40,88
ssl_sha1,fa9ce5456e315652b1373bf913ac45ae7bb4358a,sslbl,Vidar C&C,"sslbl,2026-08-12",2026-08-12 12:42:52,2026-09-12 16:31:40,88
ssl_sha1,fabe6574c3ef1f4a4782c88475755b7b97f1410d,sslbl,HypeAgent C&C,"sslbl,2026-08-31",2026-08-31 16:06:17,2026-09-12 16:31:40,88
ssl_sha1,fb23354c98647902b717bbcc68657256a5dddd37,sslbl,ACRStealer C&C,"sslbl,2026-08-19",2026-08-19 16:06:13,2026-09-12 16:31:40,88
ssl_sha1,fba4408cd54abbe1ba49117ceab8a90335b03217,sslbl,Vidar C&C,"sslbl,2026-08-31",2026-08-31 16:06:17,2026-09-12 16:31:40,88
ssl_sha1,fc5d9dddb01c263a67e7c485e04277afa82fbabf,sslbl,Vidar C&C,"sslbl,2026-08-17",2026-08-17 08:13:04,2026-09-12 16:31:40,88
ssl_sha1,fca24c810592604f11de7dc12dc790c91cc118df,sslbl,ConnectWise C&C,"sslbl,2026-08-19",2026-08-19 16:06:13,2026-09-12 16:31:40,88
ssl_sha1,fd6a25dcc16de5e9b0a4563f8d8c94a5941bf437,sslbl,ConnectWise C&C,"sslbl,2026-08-19",2026-08-19 16:06:13,2026-09-12 16:31:40,88
ssl_sha1,fd78e771cab22c3afad8a5d5c448ff05268f20dd,sslbl,Vidar C&C,"sslbl,2026-08-27",2026-08-27 16:06:11,2026-09-12 16:31:40,88
ssl_sha1,fe50e363165e3e8d789daf4dc378f50a70f35a8a,sslbl,Vidar C&C,"sslbl,2026-07-30",2026-07-31 05:35:34,2026-09-12 16:31:40,88
ssl_sha1,ff4362ad98a2821b067bc4ae0624b7da832aad83,sslbl,OffLoader C&C,"sslbl,2026-08-19",2026-08-19 16:06:13,2026-09-12 16:31:40,88
ssl_sha1,ffa6be04fe2e9c6b79776dcfc7ad3f41a403a64d,sslbl,PureRAT C&C,"sslbl,2026-08-18",2026-08-18 22:07:31,2026-09-12 16:31:40,88
ssl_sha1,ffc71a7ba96b8801333ea2b9e7cd05d4cc2f718d,sslbl,Malware C&C,"sslbl,2026-08-11",2026-08-12 00:43:15,2026-09-12 16:31:40,88
url,http://103.19.49.134:39231/i,urlhaus,malware_download,"32-bit,elf,mips,Mozi",2026-09-12 16:00:10,2026-09-12 16:31:40,85
url,http://111.92.157.228:57767/Mozi.m,threatfox,Mozi,"threatfox,elf,iot,Mozi",2026-09-12 16:06:49,2026-09-12 16:31:40,85
url,http://113.231.227.39:45480/i,urlhaus,malware_download,,2026-09-12 16:00:10,2026-09-12 16:31:40,85
url,http://113.238.219.180:47690/i,urlhaus,malware_download,"32-bit,elf,mips,Mozi",2026-09-12 16:00:10,2026-09-12 16:31:40,85
url,http://115.51.123.229:51347/bin.sh,urlhaus,malware_download,mirai,2026-09-12 16:00:10,2026-09-12 16:31:40,85
url,http://115.55.252.103:34071/bin.sh,urlhaus,malware_download,"32-bit,elf,mips,Mozi",2026-09-12 16:00:10,2026-09-12 16:31:40,85
url,http://115.55.252.103:34071/i,urlhaus,malware_download,"32-bit,elf,mips,Mozi",2026-09-12 16:00:10,2026-09-12 16:31:40,85
url,http://115.56.167.9:51655/bin.sh,urlhaus,malware_download,"32-bit,elf,mips,Mozi",2026-09-12 16:00:10,2026-09-12 16:31:40,85
url,http://115.56.167.9:51655/i,urlhaus,malware_download,Mozi,2026-09-12 16:00:10,2026-09-12 16:31:40,85
url,http://115.58.183.116:33235/i,urlhaus,malware_download,mirai,2026-09-12 16:00:10,2026-09-12 16:31:40,85
url,http://115.61.243.173:56716/bin.sh,urlhaus,malware_download,Mozi,2026-09-12 16:00:10,2026-09-12 16:31:40,85
url,http://115.62.57.27:42680/i,urlhaus,malware_download,Mozi,2026-09-12 16:00:10,2026-09-12 16:31:40,85
url,http://119.189.146.15:36477/bin.sh,urlhaus,malware_download,Mozi,2026-09-12 16:00:10,2026-09-12 16:31:40,85
url,http://120.193.219.210:800/wget.sh,urlhaus,malware_download,script,2026-09-12 16:00:10,2026-09-12 16:31:40,85
url,http://123.10.4.234:55188/bin.sh,urlhaus,malware_download,Mozi,2026-09-12 16:00:10,2026-09-12 16:31:40,85
url,http://123.11.14.145:57345/i,urlhaus,malware_download,,2026-09-12 16:00:10,2026-09-12 16:31:40,85
url,http://123.129.155.156:59122/i,urlhaus,malware_download,,2026-09-12 16:00:10,2026-09-12 16:31:40,85
url,http://123.14.90.5:47055/bin.sh,urlhaus,malware_download,Mozi,2026-09-12 16:00:10,2026-09-12 16:31:40,85
url,http://123.4.251.165:55576/bin.sh,urlhaus,malware_download,Mozi,2026-09-12 16:00:10,2026-09-12 16:31:40,85
url,http://123.4.251.165:55576/i,urlhaus,malware_download,Mozi,2026-09-12 16:00:10,2026-09-12 16:31:40,85
url,http://123.5.135.197:52455/bin.sh,urlhaus,malware_download,Mozi,2026-09-12 16:00:10,2026-09-12 16:31:40,85
url,http://123.5.135.197:52455/i,urlhaus,malware_download,Mozi,2026-09-12 16:00:10,2026-09-12 16:31:40,85
url,http://123.5.170.123:50118/i,urlhaus,malware_download,Mozi,2026-09-12 16:00:10,2026-09-12 16:31:40,85
url,http://124.6.165.86:34439/bin.sh,urlhaus,malware_download,mirai,2026-09-12 16:00:10,2026-09-12 16:31:40,85
url,http://125.41.180.174:60473/bin.sh,urlhaus,malware_download,"32-bit,elf,mips,Mozi",2026-09-12 16:00:10,2026-09-12 16:31:40,85
url,http://153.117.13.231:52661/Mozi.m,threatfox,Mozi,"threatfox,elf,iot,Mozi",2026-09-12 16:06:49,2026-09-12 16:31:40,85
url,http://153.117.27.129:39542/Mozi.m,threatfox,Mozi,"threatfox,elf,iot,Mozi",2026-09-12 16:06:49,2026-09-12 16:31:40,85
url,http://153.117.32.90:43505/Mozi.m,threatfox,Mozi,"threatfox,elf,iot,Mozi",2026-09-12 16:06:49,2026-09-12 16:31:40,85
url,http://170.84.132.250:60701/i,urlhaus,malware_download,mirai,2026-09-12 16:00:10,2026-09-12 16:31:40,85
url,http://170.84.133.235:51290/i,urlhaus,malware_download,mirai,2026-09-12 16:00:10,2026-09-12 16:31:40,85
url,http://175.107.215.177:52035/Mozi.a,threatfox,Mozi,"threatfox,elf,iot,Mozi",2026-09-12 16:06:49,2026-09-12 16:31:40,85
url,http://175.148.71.5:43235/i,urlhaus,malware_download,,2026-09-12 16:00:10,2026-09-12 16:31:40,85
url,http://175.31.168.229:50764/bin.sh,urlhaus,malware_download,mirai,2026-09-12 16:00:10,2026-09-12 16:31:40,85
url,http://182.112.30.247:58056/i,urlhaus,malware_download,Mozi,2026-09-12 16:00:10,2026-09-12 16:31:40,85
url,http://182.113.41.227:44538/i,urlhaus,malware_download,Mozi,2026-09-12 16:00:10,2026-09-12 16:31:40,85
url,http://182.116.14.197:47791/bin.sh,urlhaus,malware_download,"32-bit,elf,mips,Mozi",2026-09-12 16:00:10,2026-09-12 16:31:40,85
url,http://182.116.14.197:47791/i,urlhaus,malware_download,"32-bit,elf,mips,Mozi",2026-09-12 16:00:10,2026-09-12 16:31:40,85
url,http://182.117.1.200:56841/i,urlhaus,malware_download,,2026-09-12 16:00:10,2026-09-12 16:31:40,85
url,http://182.118.244.73:34417/i,urlhaus,malware_download,Mozi,2026-09-12 16:00:10,2026-09-12 16:31:40,85
url,http://182.120.99.103:47417/i,urlhaus,malware_download,Mozi,2026-09-12 16:00:10,2026-09-12 16:31:40,85
url,http://182.121.170.9:50668/bin.sh,urlhaus,malware_download,Mozi,2026-09-12 16:00:10,2026-09-12 16:31:40,85
url,http://182.121.170.9:50668/i,urlhaus,malware_download,Mozi,2026-09-12 16:00:10,2026-09-12 16:31:40,85
url,http://182.124.11.96:59048/bin.sh,urlhaus,malware_download,Mozi,2026-09-12 16:00:10,2026-09-12 16:31:40,85
url,http://182.124.11.96:59048/i,urlhaus,malware_download,Mozi,2026-09-12 16:00:10,2026-09-12 16:31:40,85
url,http://183.12.173.45:51530/i,urlhaus,malware_download,Mozi,2026-09-12 16:00:10,2026-09-12 16:31:40,85
url,http://193.178.158.55/auth.php,threatfox,Stealc,"threatfox,10x09x2026,c2,loader,StealC,stealer",2026-09-12 16:06:49,2026-09-12 16:31:40,85
url,http://196.191.104.3:37787/bin.sh,urlhaus,malware_download,"32-bit,arm,elf,mirai,Mozi",2026-09-12 16:00:10,2026-09-12 16:31:40,85
url,http://196.191.137.44:34996/bin.sh,urlhaus,malware_download,mirai,2026-09-12 16:00:10,2026-09-12 16:31:40,85
url,http://196.191.137.44:34996/i,urlhaus,malware_download,mirai,2026-09-12 16:00:10,2026-09-12 16:31:40,85
url,http://200.115.102.2:37026/i,urlhaus,malware_download,mirai,2026-09-12 16:00:10,2026-09-12 16:31:40,85
url,http://201.110.175.156:39438/i,urlhaus,malware_download,mirai,2026-09-12 16:00:10,2026-09-12 16:31:40,85
url,http://209.173.174.28:51451/bin.sh,urlhaus,malware_download,,2026-09-12 16:00:10,2026-09-12 16:31:40,85
url,http://219.155.203.93:50456/i,urlhaus,malware_download,"32-bit,elf,mips,Mozi",2026-09-12 16:00:10,2026-09-12 16:31:40,85
url,http://219.157.13.139:58480/i,urlhaus,malware_download,Mozi,2026-09-12 16:00:10,2026-09-12 16:31:40,85
url,http://222.127.154.221:45102/i,urlhaus,malware_download,mirai,2026-09-12 16:00:10,2026-09-12 16:31:40,85
url,http://222.127.214.87:43276/bin.sh,urlhaus,malware_download,mirai,2026-09-12 16:00:10,2026-09-12 16:31:40,85
url,http://222.127.254.114:44169/i,urlhaus,malware_download,mirai,2026-09-12 16:00:10,2026-09-12 16:31:40,85
url,http://222.141.120.46:56703/bin.sh,urlhaus,malware_download,Mozi,2026-09-12 16:00:10,2026-09-12 16:31:40,85
url,http://222.141.120.46:56703/i,urlhaus,malware_download,Mozi,2026-09-12 16:00:10,2026-09-12 16:31:40,85
url,http://222.142.241.107:48515/bin.sh,urlhaus,malware_download,"32-bit,elf,mips,Mozi",2026-09-12 16:00:10,2026-09-12 16:31:40,85
url,http://222.142.241.107:48515/i,urlhaus,malware_download,Mozi,2026-09-12 16:00:10,2026-09-12 16:31:40,85
url,http://223.123.43.60:45352/Mozi.m,threatfox,Mozi,"threatfox,elf,iot,Mozi",2026-09-12 16:06:49,2026-09-12 16:31:40,85
url,http://223.123.73.89:44437/Mozi.m,threatfox,Mozi,"threatfox,elf,iot,Mozi",2026-09-12 16:06:49,2026-09-12 16:31:40,85
url,http://27.37.226.188:41350/i,urlhaus,malware_download,,2026-09-12 16:00:10,2026-09-12 16:31:40,85
url,http://38.75.202.230:53545/i,urlhaus,malware_download,Mozi,2026-09-12 16:00:10,2026-09-12 16:31:40,85
url,http://42.180.12.27:48431/bin.sh,urlhaus,malware_download,"32-bit,elf,mips,Mozi",2026-09-12 16:00:10,2026-09-12 16:31:40,85
url,http://42.224.126.73:56498/i,urlhaus,malware_download,Mozi,2026-09-12 16:00:10,2026-09-12 16:31:40,85
url,http://42.232.230.251:48418/i,urlhaus,malware_download,Mozi,2026-09-12 16:00:10,2026-09-12 16:31:40,85
url,http://42.232.80.6:34556/bin.sh,urlhaus,malware_download,"32-bit,elf,mips,Mozi",2026-09-12 16:00:10,2026-09-12 16:31:40,85
url,http://42.234.154.16:40508/bin.sh,urlhaus,malware_download,Mozi,2026-09-12 16:00:10,2026-09-12 16:31:40,85
url,http://42.234.154.16:40508/i,urlhaus,malware_download,Mozi,2026-09-12 16:00:10,2026-09-12 16:31:40,85
url,http://42.237.35.35:60213/Mozi.m,threatfox,Mozi,"threatfox,elf,iot,Mozi",2026-09-12 16:06:49,2026-09-12 16:31:40,85
url,http://42.239.191.101:39585/bin.sh,urlhaus,malware_download,,2026-09-12 16:00:10,2026-09-12 16:31:40,85
url,http://42.239.191.101:39585/i,urlhaus,malware_download,,2026-09-12 16:00:10,2026-09-12 16:31:40,85
url,http://42.242.42.226:53890/i,urlhaus,malware_download,mirai,2026-09-12 16:00:10,2026-09-12 16:31:40,85
url,http://42.5.11.232:38296/i,urlhaus,malware_download,,2026-09-12 16:00:10,2026-09-12 16:31:40,85
url,http://42.53.21.9:37031/bin.sh,urlhaus,malware_download,,2026-09-12 16:00:10,2026-09-12 16:31:40,85
url,http://42.55.227.16:40437/bin.sh,urlhaus,malware_download,,2026-09-12 16:00:10,2026-09-12 16:31:40,85
url,http://42.55.51.96:57019/i,urlhaus,malware_download,,2026-09-12 16:00:10,2026-09-12 16:31:40,85
url,http://42.56.212.192:55031/bin.sh,urlhaus,malware_download,,2026-09-12 16:00:10,2026-09-12 16:31:40,85
url,http://42.6.60.211:40465/i,urlhaus,malware_download,,2026-09-12 16:00:10,2026-09-12 16:31:40,85
url,http://42.87.160.133:35892/bin.sh,urlhaus,malware_download,,2026-09-12 16:00:10,2026-09-12 16:31:40,85
url,http://58.209.44.30:3588/bin.sh,urlhaus,malware_download,,2026-09-12 16:00:10,2026-09-12 16:31:40,85
url,http://58.209.44.30:3588/i,urlhaus,malware_download,,2026-09-12 16:00:10,2026-09-12 16:31:40,85
url,http://59.96.140.97:54883/bin.sh,urlhaus,malware_download,"32-bit,elf,mips,Mozi",2026-09-12 16:00:10,2026-09-12 16:31:40,85
url,http://59.96.140.97:54883/i,urlhaus,malware_download,"32-bit,elf,mips,Mozi",2026-09-12 16:00:10,2026-09-12 16:31:40,85
url,http://60.22.195.130:60411/bin.sh,urlhaus,malware_download,,2026-09-12 16:00:10,2026-09-12 16:31:40,85
url,http://60.22.29.3:38776/bin.sh,urlhaus,malware_download,,2026-09-12 16:00:10,2026-09-12 16:31:40,85
url,http://60.22.9.159:45156/bin.sh,urlhaus,malware_download,,2026-09-12 16:00:10,2026-09-12 16:31:40,85
url,http://61.137.153.247:41208/i,urlhaus,malware_download,,2026-09-12 16:00:10,2026-09-12 16:31:40,85
url,http://61.137.192.112:51410/bin.sh,urlhaus,malware_download,"32-bit,elf,mips,Mozi",2026-09-12 16:00:10,2026-09-12 16:31:40,85
url,http://61.144.102.27:55558/bin.sh,urlhaus,malware_download,Mozi,2026-09-12 16:00:10,2026-09-12 16:31:40,85
url,http://61.144.102.27:55558/i,urlhaus,malware_download,Mozi,2026-09-12 16:00:10,2026-09-12 16:31:40,85
url,http://61.52.55.252:43543/bin.sh,urlhaus,malware_download,Mozi,2026-09-12 16:00:10,2026-09-12 16:31:40,85
url,http://61.52.55.252:43543/i,urlhaus,malware_download,Mozi,2026-09-12 16:00:10,2026-09-12 16:31:40,85
url,http://61.53.148.76:59608/i,urlhaus,malware_download,"32-bit,elf,mips,Mozi",2026-09-12 16:00:10,2026-09-12 16:31:40,85
url,http://61.53.149.8:57261/bin.sh,urlhaus,malware_download,Mozi,2026-09-12 16:00:10,2026-09-12 16:31:40,85
url,http://62.60.226.140/files/7299809293/yTjGAos.exe,urlhaus,malware_download,"d52f85,dropped-by-amadey",2026-09-12 16:00:10,2026-09-12 16:31:40,85
url,http://72.255.30.244:48281/i,urlhaus,malware_download,Mozi,2026-09-12 16:00:10,2026-09-12 16:31:40,85
url,http://82.144.86.37:47425/bin.sh,urlhaus,malware_download,mirai,2026-09-12 16:00:10,2026-09-12 16:31:40,85
url,http://85.105.125.15:58045/bin.sh,urlhaus,malware_download,Mozi,2026-09-12 16:00:10,2026-09-12 16:31:40,85
url,http://85.105.125.15:58045/i,urlhaus,malware_download,Mozi,2026-09-12 16:00:10,2026-09-12 16:31:40,85
url,http://85.12.204.206:41795/Mozi.m,urlhaus,malware_download,,2026-09-12 16:00:10,2026-09-12 16:31:40,85
url,http://85.185.55.80:56593/i,urlhaus,malware_download,mirai,2026-09-12 16:00:10,2026-09-12 16:31:40,85
url,http://85.30.180.220:52394/bin.sh,urlhaus,malware_download,"32-bit,elf,mips,Mozi",2026-09-12 16:00:10,2026-09-12 16:31:40,85
url,http://85.30.180.220:52394/i,urlhaus,malware_download,"32-bit,elf,mips,Mozi",2026-09-12 16:00:10,2026-09-12 16:31:40,85
url,http://91.92.242.236/files-129312398/files/file_d72e9de9c5f48e88.ps1,urlhaus,malware_download,"c2-monitor-auto,dropped-by-amadey",2026-09-12 16:00:10,2026-09-12 16:31:40,85
url,http://91.92.242.236/files-129312398/files/file_ddc6c6aa8ace95a7.ps1,urlhaus,malware_download,"54e64e,dropped-by-amadey",2026-09-12 16:00:10,2026-09-12 16:31:40,85
url,http://arqtsop.shop:9932/customers,threatfox,Remus,"threatfox,remus",2026-09-12 16:06:49,2026-09-12 16:31:40,85
url,http://arqtsop.shop:9932/workspaces,threatfox,Remus,"threatfox,remus",2026-09-12 16:06:49,2026-09-12 16:31:40,85
url,http://eascess.click:6421/orders,threatfox,Remus,"threatfox,remus",2026-09-12 16:06:49,2026-09-12 16:31:40,85
url,http://eascess.click:6421/tasks,threatfox,Remus,"threatfox,remus",2026-09-12 16:06:49,2026-09-12 16:31:40,85
url,http://faslick.click:6728/webhooks,threatfox,Remus,"threatfox,remus",2026-09-12 16:06:49,2026-09-12 16:31:40,85
url,http://trwehop.shop:5627/collections,threatfox,Remus,"threatfox,remus",2026-09-12 16:06:49,2026-09-12 16:31:40,85
url,http://trwehop.shop:5627/reviews,threatfox,Remus,"threatfox,remus",2026-09-12 16:06:49,2026-09-12 16:31:40,85
url,http://trwehop.shop:5627/tasks,threatfox,Remus,"threatfox,remus",2026-09-12 16:06:49,2026-09-12 16:31:40,85
url,https://cdn.jsdelivr.net/gh/34-19-44r/573-45-43cvi/AC-BC-FB-E2-30-46,threatfox,ClearFake,"threatfox,ClearFake",2026-09-12 16:06:49,2026-09-12 16:31:40,85
url,https://cdn.jsdelivr.net/gh/34-19-44r/B8-F6-52-48-95-90203C-B2-29-4A-A9/B0-FF-E3-4F-63-6,threatfox,ClearFake,"threatfox,ClearFake",2026-09-12 16:06:49,2026-09-12 16:31:40,85
url,https://cdn.jsdelivr.net/gh/34-19-44r/E80F-BF-828-BD/C8-E1-62-16-BF-9E,threatfox,ClearFake,"threatfox,ClearFake",2026-09-12 16:06:49,2026-09-12 16:31:40,85
url,https://cdn.jsdelivr.net/gh/48-689100-172-171440/708C-BB-236A/78-2106B1-D6C1,threatfox,ClearFake,"threatfox,ClearFake",2026-09-12 16:06:49,2026-09-12 16:31:40,85
url,https://cdn.jsdelivr.net/gh/maks-835/A4-BF-C7-85-1B-D65064-08/,threatfox,ClearFake,threatfox,2026-09-12 16:06:49,2026-09-12 16:31:40,85
url,https://hpbq8h0d8ic7.hellodcuser.com,threatfox,Hades,"threatfox,c2,cloudflare,hades,rat,stealer",2026-09-12 16:06:49,2026-09-12 16:31:40,85
url,https://imgcache.cdnsuicaches.com/60Vo,threatfox,Unknown malware,"threatfox,ClickFix",2026-09-12 16:06:49,2026-09-12 16:31:40,85
url,https://my.v-panel.asia/,threatfox,Vidar,threatfox,2026-09-12 16:06:49,2026-09-12 16:31:40,85
url,https://pub-e10d56052d2542d0b2f74abed3691951.r2.dev/eurebu.zip,urlhaus,malware_download,Arechclient2,2026-09-12 16:00:10,2026-09-12 16:31:40,85
domain,1uysxtcp.bizne.store,threatfox,ClearFake,"threatfox,ClearFake,mac-0x0f14,macos",2026-09-12 04:07:43,2026-09-12 04:42:38,85
domain,4-be.com,threatfox,Unknown Loader,"threatfox,etherhiding",2026-09-12 04:07:43,2026-09-12 04:42:38,85
domain,773111.xyz,threatfox,Unknown Loader,"threatfox,etherhiding",2026-09-12 04:07:43,2026-09-12 04:42:38,85
domain,7flex.store,threatfox,ClearFake,"threatfox,11September2026,ClearFake,Commandline,MacOS",2026-09-12 04:07:43,2026-09-12 04:42:38,85
domain,8x3dirc5.ydns.shop,threatfox,ClearFake,"threatfox,ClearFake,mac-0xdcf2,macos",2026-09-12 04:07:43,2026-09-12 04:42:38,85
domain,8xgyjq9t.casero.store,threatfox,ClearFake,"threatfox,ClearFake,mac-0x68dc,macos",2026-09-12 04:07:43,2026-09-12 04:42:38,85
domain,a2-eng.nl,threatfox,Unknown Loader,"threatfox,etherhiding",2026-09-12 04:07:43,2026-09-12 04:42:38,85
domain,abraaredu.com,threatfox,Unknown Loader,"threatfox,compromised,etherhiding",2026-09-12 04:07:43,2026-09-12 04:42:38,85
domain,abrahamlucero.com,threatfox,Unknown Loader,"threatfox,etherhiding",2026-09-12 04:07:43,2026-09-12 04:42:38,85
domain,ahsahmedabad.com,threatfox,Unknown Loader,"threatfox,compromised,etherhiding",2026-09-12 04:07:43,2026-09-12 04:42:38,85
domain,aj6s7u3v.fourstarcampground.com,threatfox,ClearFake,"threatfox,ClearFake,mac-0x68dc,macos",2026-09-12 04:07:43,2026-09-12 04:42:38,85
domain,al-sorour.com.bd,threatfox,Unknown Loader,"threatfox,etherhiding",2026-09-12 04:07:43,2026-09-12 04:42:38,85
domain,anm0n19x.7flex.store,threatfox,ClearFake,"threatfox,ClearFake,mac-0xdcf2,macos",2026-09-12 04:07:43,2026-09-12 04:42:38,85
domain,aquariumia.com,threatfox,Unknown Loader,"threatfox,compromised,etherhiding",2026-09-12 04:07:43,2026-09-12 04:42:38,85
domain,areadron.com,threatfox,Unknown Loader,"threatfox,compromised,etherhiding",2026-09-12 04:07:43,2026-09-12 04:42:38,85
domain,argazimprod.com,threatfox,Unknown Loader,"threatfox,compromised,etherhiding",2026-09-12 04:07:43,2026-09-12 04:42:38,85
domain,asairco.com,threatfox,Unknown Loader,"threatfox,etherhiding",2026-09-12 04:07:43,2026-09-12 04:42:38,85
domain,asfresolutions.com,threatfox,Unknown Loader,"threatfox,compromised,etherhiding",2026-09-12 04:07:43,2026-09-12 04:42:38,85
domain,assistancefamiliale.com,threatfox,Unknown Loader,"threatfox,etherhiding",2026-09-12 04:07:43,2026-09-12 04:42:38,85
domain,authshipup.net,threatfox,IClickFix,"threatfox,c2,ClickFix,etherhiding",2026-09-12 04:07:43,2026-09-12 04:42:38,85
domain,autonorma.com.ua,threatfox,Unknown Loader,"threatfox,etherhiding",2026-09-12 04:07:43,2026-09-12 04:42:38,85
domain,bajvati.ba,threatfox,Unknown Loader,"threatfox,compromised,etherhiding",2026-09-12 04:07:43,2026-09-12 04:42:38,85
domain,bbsaccounting.se,threatfox,Unknown Loader,"threatfox,etherhiding",2026-09-12 04:07:43,2026-09-12 04:42:38,85
domain,bbtti.in,threatfox,Unknown Loader,"threatfox,compromised,etherhiding",2026-09-12 04:07:43,2026-09-12 04:42:38,85
domain,bendath.com,threatfox,ClearFake,"threatfox,compromised,EtherHide",2026-09-12 04:07:43,2026-09-12 04:42:38,85
domain,bfun.store,threatfox,ClearFake,"threatfox,11September2026,ClearFake,Commandline,MacOS",2026-09-12 04:07:43,2026-09-12 04:42:38,85
domain,bishopoak.com,threatfox,Unknown Loader,"threatfox,compromised,etherhiding",2026-09-12 04:07:43,2026-09-12 04:42:38,85
domain,blackdogsinteractive.com,threatfox,Unknown Loader,"threatfox,compromised,etherhiding",2026-09-12 04:07:43,2026-09-12 04:42:38,85
domain,brixlysafaris.com,threatfox,Unknown Loader,"threatfox,etherhiding",2026-09-12 04:07:43,2026-09-12 04:42:38,85
domain,busanasansor.com,threatfox,Unknown Loader,"threatfox,compromised,etherhiding",2026-09-12 04:07:43,2026-09-12 04:42:38,85
domain,bzoneautomotive.com.au,threatfox,ClearFake,"threatfox,compromised,EtherHide",2026-09-12 04:07:43,2026-09-12 04:42:38,85
domain,c1zjdhzi.venoplus.us,threatfox,ClearFake,"threatfox,ClearFake,mac-0x76c7,macos",2026-09-12 04:07:43,2026-09-12 04:42:38,85
domain,cafesotocr.com,threatfox,Unknown Loader,"threatfox,compromised,etherhiding",2026-09-12 04:07:43,2026-09-12 04:42:38,85
domain,cameramirage.com,threatfox,ClearFake,"threatfox,compromised,EtherHide",2026-09-12 04:07:43,2026-09-12 04:42:38,85
domain,canwizservices.com,threatfox,Unknown Loader,"threatfox,compromised,etherhiding",2026-09-12 04:07:43,2026-09-12 04:42:38,85
domain,casero.store,threatfox,ClearFake,"threatfox,ClearFake",2026-09-12 04:07:43,2026-09-12 04:42:38,85
domain,catlog.cat,threatfox,Unknown Loader,"threatfox,compromised,etherhiding",2026-09-12 04:07:43,2026-09-12 04:42:38,85
domain,catukltd.co.uk,threatfox,ClearFake,"threatfox,compromised,EtherHide",2026-09-12 04:07:43,2026-09-12 04:42:38,85
domain,christhornvo.com,threatfox,Unknown Loader,"threatfox,etherhiding",2026-09-12 04:07:43,2026-09-12 04:42:38,85
domain,chuyensaigon.com,threatfox,ClearFake,"threatfox,compromised,EtherHide",2026-09-12 04:07:43,2026-09-12 04:42:38,85
domain,claytonterracotta.com,threatfox,Unknown Loader,"threatfox,compromised,etherhiding",2026-09-12 04:07:43,2026-09-12 04:42:38,85
domain,clinicadesouza.com,threatfox,Unknown Loader,"threatfox,etherhiding",2026-09-12 04:07:43,2026-09-12 04:42:38,85
domain,cloudpanthere.com,threatfox,Unknown Loader,"threatfox,compromised,etherhiding",2026-09-12 04:07:43,2026-09-12 04:42:38,85
domain,cold-pyramid.com,threatfox,ClearFake,"threatfox,ClearFake,ClickFix,EtherHiding,EtherHidingMagecart",2026-09-12 04:07:43,2026-09-12 04:42:38,85
domain,conservationcompass.org,threatfox,Unknown Loader,"threatfox,compromised,etherhiding",2026-09-12 04:07:43,2026-09-12 04:42:38,85
domain,copad-gl.org,threatfox,Unknown Loader,"threatfox,etherhiding",2026-09-12 04:07:43,2026-09-12 04:42:38,85
domain,ctop.store,threatfox,ClearFake,"threatfox,12September2026,ClearFake,Commandline,MacOS",2026-09-12 04:07:43,2026-09-12 04:42:38,85
domain,cwgegenrassismus.de,threatfox,Unknown Loader,"threatfox,etherhiding",2026-09-12 04:07:43,2026-09-12 04:42:38,85
domain,cybercoinslab.com,threatfox,Unknown malware,"threatfox,ClickFix,compromised",2026-09-12 04:07:43,2026-09-12 04:42:38,85
domain,cybereye.vn,threatfox,Unknown Loader,"threatfox,compromised,etherhiding",2026-09-12 04:07:43,2026-09-12 04:42:38,85
domain,darwinledger.io,threatfox,Unknown Loader,"threatfox,etherhiding",2026-09-12 04:07:43,2026-09-12 04:42:38,85
domain,debouche-express.fr,threatfox,Unknown Loader,"threatfox,compromised,etherhiding",2026-09-12 04:07:43,2026-09-12 04:42:38,85
domain,destinydureke.com,threatfox,Unknown Loader,"threatfox,etherhiding",2026-09-12 04:07:43,2026-09-12 04:42:38,85
domain,dev.groupe-psi.com,threatfox,ClearFake,"threatfox,compromised,EtherHide",2026-09-12 04:07:43,2026-09-12 04:42:38,85
domain,dezofihe.workers.dev,threatfox,php.shin_webshell,"threatfox,Cloudflare,GIF,PHP,webshell,WordPress,workers.dev,wp-admin",2026-09-12 04:07:43,2026-09-12 04:42:38,85
domain,dimaurodavrieux.com.uy,threatfox,Unknown Loader,"threatfox,etherhiding",2026-09-12 04:07:43,2026-09-12 04:42:38,85
domain,disaffectedmusic.com,threatfox,Unknown Loader,"threatfox,etherhiding",2026-09-12 04:07:43,2026-09-12 04:42:38,85
domain,ditelkin.com,threatfox,Unknown Loader,"threatfox,compromised,etherhiding",2026-09-12 04:07:43,2026-09-12 04:42:38,85
domain,dorjex.com,threatfox,Unknown Loader,"threatfox,etherhiding",2026-09-12 04:07:43,2026-09-12 04:42:38,85
domain,dreamscanvas.hu,threatfox,Unknown Loader,"threatfox,etherhiding",2026-09-12 04:07:43,2026-09-12 04:42:38,85
domain,drvarano.com,threatfox,Unknown Loader,"threatfox,compromised,etherhiding",2026-09-12 04:07:43,2026-09-12 04:42:38,85
domain,easytooltips.com,threatfox,Unknown Loader,"threatfox,compromised,etherhiding",2026-09-12 04:07:43,2026-09-12 04:42:38,85
domain,ecoair.com.ua,threatfox,Unknown Loader,"threatfox,etherhiding",2026-09-12 04:07:43,2026-09-12 04:42:38,85
domain,edge.apricotrun.cc,threatfox,ACR Stealer,"threatfox,ClearFake",2026-09-12 04:07:43,2026-09-12 04:42:38,85
domain,edhale.com,threatfox,Unknown Loader,"threatfox,etherhiding",2026-09-12 04:07:43,2026-09-12 04:42:38,85
domain,eengkwt.com,threatfox,Unknown Loader,"threatfox,etherhiding",2026-09-12 04:07:43,2026-09-12 04:42:38,85
domain,eganacomunidadsustentable.cl,threatfox,Unknown Loader,"threatfox,etherhiding",2026-09-12 04:07:43,2026-09-12 04:42:38,85
domain,eoczi62r.wiro88.blog,threatfox,ClearFake,"threatfox,ClearFake,mac-0x0f14,macos",2026-09-12 04:07:43,2026-09-12 04:42:38,85
domain,equi-libre-moi.be,threatfox,Unknown Loader,"threatfox,etherhiding",2026-09-12 04:07:43,2026-09-12 04:42:38,85
domain,evolutionls.com,threatfox,Unknown Loader,"threatfox,etherhiding",2026-09-12 04:07:43,2026-09-12 04:42:38,85
domain,expresslivraison.ma,threatfox,Unknown Loader,"threatfox,etherhiding",2026-09-12 04:07:43,2026-09-12 04:42:38,85
domain,fact-ae.com,threatfox,ClearFake,"threatfox,compromised,EtherHide",2026-09-12 04:07:43,2026-09-12 04:42:38,85
domain,familyspoonful.com,threatfox,Unknown Loader,"threatfox,compromised,etherhiding",2026-09-12 04:07:43,2026-09-12 04:42:38,85
domain,fanqiexiaoyuan.com,threatfox,Unknown Loader,"threatfox,etherhiding",2026-09-12 04:07:43,2026-09-12 04:42:38,85
domain,farmalabsglobal.com,threatfox,Unknown Loader,"threatfox,etherhiding",2026-09-12 04:07:43,2026-09-12 04:42:38,85
domain,ferienwohnung-fuschlsee.com,threatfox,Unknown Loader,"threatfox,etherhiding",2026-09-12 04:07:43,2026-09-12 04:42:38,85
domain,fhmxfpix.optiminddigital.online,threatfox,ClearFake,"threatfox,ClearFake,mac-0x68dc,macos",2026-09-12 04:07:43,2026-09-12 04:42:38,85
domain,filemvaclaim.com,threatfox,Unknown Loader,"threatfox,etherhiding",2026-09-12 04:07:43,2026-09-12 04:42:38,85
domain,flugschule-ardex.de,threatfox,Unknown Loader,"threatfox,etherhiding",2026-09-12 04:07:43,2026-09-12 04:42:38,85
domain,foline.in,threatfox,Unknown Loader,"threatfox,etherhiding",2026-09-12 04:07:43,2026-09-12 04:42:38,85
domain,foreko.sk,threatfox,Unknown Loader,"threatfox,etherhiding",2026-09-12 04:07:43,2026-09-12 04:42:38,85
domain,franchisebatao.in,threatfox,Unknown Loader,"threatfox,compromised,etherhiding",2026-09-12 04:07:43,2026-09-12 04:42:38,85
domain,fresh-forward.co.uk,threatfox,Unknown Loader,"threatfox,etherhiding",2026-09-12 04:07:43,2026-09-12 04:42:38,85
domain,fuenlabike.es,threatfox,Unknown Loader,"threatfox,etherhiding",2026-09-12 04:07:43,2026-09-12 04:42:38,85
domain,fuhoz93403.workers.dev,threatfox,php.shin_webshell,"threatfox,Cloudflare,GIF,PHP,webshell,WordPress,workers.dev,wp-admin",2026-09-12 04:07:43,2026-09-12 04:42:38,85
domain,garbbos.com.br,threatfox,Unknown Loader,"threatfox,etherhiding",2026-09-12 04:07:43,2026-09-12 04:42:38,85
domain,geekprotoday.com,threatfox,Unknown Loader,"threatfox,etherhiding",2026-09-12 04:07:43,2026-09-12 04:42:38,85
domain,gleamvistaenergysolution.com,threatfox,Unknown Loader,"threatfox,compromised,etherhiding",2026-09-12 04:07:43,2026-09-12 04:42:38,85
domain,gmt-med.com,threatfox,Unknown Loader,"threatfox,etherhiding",2026-09-12 04:07:43,2026-09-12 04:42:38,85
domain,gorankaran.hr,threatfox,Unknown Loader,"threatfox,compromised,etherhiding",2026-09-12 04:07:43,2026-09-12 04:42:38,85
domain,graphis.ro,threatfox,Unknown Loader,"threatfox,compromised,etherhiding",2026-09-12 04:07:43,2026-09-12 04:42:38,85
domain,gravityfarmskenya.com,threatfox,Unknown Loader,"threatfox,etherhiding",2026-09-12 04:07:43,2026-09-12 04:42:38,85
domain,greatshoot.com.ar,threatfox,Unknown Loader,"threatfox,etherhiding",2026-09-12 04:07:43,2026-09-12 04:42:38,85
domain,grupomacchiarola.com,threatfox,Unknown Loader,"threatfox,compromised,etherhiding",2026-09-12 04:07:43,2026-09-12 04:42:38,85
domain,grutasxoxafi.com.mx,threatfox,Unknown Loader,"threatfox,compromised,etherhiding",2026-09-12 04:07:43,2026-09-12 04:42:38,85
domain,gujaratgunj.com,threatfox,Unknown Loader,"threatfox,compromised,etherhiding",2026-09-12 04:07:43,2026-09-12 04:42:38,85
domain,gulfsimple.com,threatfox,Unknown Loader,"threatfox,etherhiding",2026-09-12 04:07:43,2026-09-12 04:42:38,85
domain,habibnco.com,threatfox,Unknown Loader,"threatfox,compromised,etherhiding",2026-09-12 04:07:43,2026-09-12 04:42:38,85
domain,hangzhoupk.com,threatfox,Unknown Loader,"threatfox,etherhiding",2026-09-12 04:07:43,2026-09-12 04:42:38,85
domain,haykalksa.com,threatfox,Unknown Loader,"threatfox,etherhiding",2026-09-12 04:07:43,2026-09-12 04:42:38,85
domain,herbal-field.com,threatfox,Unknown Loader,"threatfox,compromised,etherhiding",2026-09-12 04:07:43,2026-09-12 04:42:38,85
domain,herongate-homes.com,threatfox,Unknown Loader,"threatfox,compromised,etherhiding",2026-09-12 04:07:43,2026-09-12 04:42:38,85
domain,hochzeitsfotografininmuenchen.de,threatfox,IClickFix,"threatfox,ClickFix,nochain",2026-09-12 04:07:43,2026-09-12 04:42:38,85
domain,homerepairslondon.com,threatfox,Unknown Loader,"threatfox,etherhiding",2026-09-12 04:07:43,2026-09-12 04:42:38,85
domain,honorstudios.com,threatfox,IClickFix,"threatfox,ClickFix,nochain",2026-09-12 04:07:43,2026-09-12 04:42:38,85
domain,hospy.co.jp,threatfox,IClickFix,"threatfox,ClickFix,nochain",2026-09-12 04:07:43,2026-09-12 04:42:38,85
domain,hqgcompany.com,threatfox,IClickFix,"threatfox,ClickFix,nochain",2026-09-12 04:07:43,2026-09-12 04:42:38,85
domain,idolo.co.mz,threatfox,Unknown Loader,"threatfox,etherhiding",2026-09-12 04:07:43,2026-09-12 04:42:38,85
domain,indiceconsultoria.com,threatfox,Unknown Loader,"threatfox,etherhiding",2026-09-12 04:07:43,2026-09-12 04:42:38,85
domain,innovest-management.com,threatfox,Unknown Loader,"threatfox,etherhiding",2026-09-12 04:07:43,2026-09-12 04:42:38,85
domain,iwcbombaynorth.org,threatfox,Unknown Loader,"threatfox,compromised,etherhiding",2026-09-12 04:07:43,2026-09-12 04:42:38,85
domain,jaydenart.com,threatfox,Unknown Loader,"threatfox,etherhiding",2026-09-12 04:07:43,2026-09-12 04:42:38,85
domain,jcinformatica.es,threatfox,Unknown Loader,"threatfox,etherhiding",2026-09-12 04:07:43,2026-09-12 04:42:38,85
domain,kcxc2bvu.ctop.store,threatfox,ClearFake,"threatfox,ClearFake,mac-0x68dc,macos",2026-09-12 04:07:43,2026-09-12 04:42:38,85
domain,keyfacilitiesireland.com,threatfox,Unknown Loader,"threatfox,etherhiding",2026-09-12 04:07:43,2026-09-12 04:42:38,85
domain,khaleej-tents.ae,threatfox,Unknown Loader,"threatfox,etherhiding",2026-09-12 04:07:43,2026-09-12 04:42:38,85
domain,kidstaysinthepicture.com,threatfox,ClearFake,"threatfox,compromised,EtherHide",2026-09-12 04:07:43,2026-09-12 04:42:38,85
domain,kikalami.workers.dev,threatfox,php.shin_webshell,"threatfox,Cloudflare,GIF,PHP,webshell,WordPress,workers.dev,wp-admin",2026-09-12 04:07:43,2026-09-12 04:42:38,85
domain,kirekesztve.hu,threatfox,Unknown Loader,"threatfox,etherhiding",2026-09-12 04:07:43,2026-09-12 04:42:38,85
domain,koun.org,threatfox,IClickFix,"threatfox,ClickFix,nochain",2026-09-12 04:07:43,2026-09-12 04:42:38,85
domain,kristofschloesser.de,threatfox,IClickFix,"threatfox,ClickFix,nochain",2026-09-12 04:07:43,2026-09-12 04:42:38,85
domain,kutiax.net,threatfox,IClickFix,"threatfox,ClickFix,nochain",2026-09-12 04:07:43,2026-09-12 04:42:38,85
domain,lack-behnke.de,threatfox,Unknown Loader,"threatfox,etherhiding",2026-09-12 04:07:43,2026-09-12 04:42:38,85
domain,lagodivinoabitte.com.br,threatfox,Unknown Loader,"threatfox,compromised,etherhiding",2026-09-12 04:07:43,2026-09-12 04:42:38,85
domain,lao99th.com,threatfox,Unknown Loader,"threatfox,etherhiding",2026-09-12 04:07:43,2026-09-12 04:42:38,85
domain,larapowo.workers.dev,threatfox,php.shin_webshell,"threatfox,Cloudflare,GIF,PHP,webshell,WordPress,workers.dev,wp-admin",2026-09-12 04:07:43,2026-09-12 04:42:38,85
domain,laventaderepuestos.com,threatfox,Unknown Loader,"threatfox,compromised,etherhiding",2026-09-12 04:07:43,2026-09-12 04:42:38,85
domain,lavlylife.com,threatfox,IClickFix,"threatfox,ClickFix,nochain",2026-09-12 04:07:43,2026-09-12 04:42:38,85
domain,legendaryentertain.com,threatfox,IClickFix,"threatfox,ClickFix,nochain",2026-09-12 04:07:43,2026-09-12 04:42:38,85
domain,legrandlarue.com,threatfox,Unknown Loader,"threatfox,compromised,etherhiding",2026-09-12 04:07:43,2026-09-12 04:42:38,85
domain,leidway.com,threatfox,IClickFix,"threatfox,ClickFix,nochain",2026-09-12 04:07:43,2026-09-12 04:42:38,85
domain,liftinfo.com.ua,threatfox,Unknown Loader,"threatfox,etherhiding",2026-09-12 04:07:43,2026-09-12 04:42:38,85
domain,listentobusiness.co.uk,threatfox,IClickFix,"threatfox,ClickFix,nochain",2026-09-12 04:07:43,2026-09-12 04:42:38,85
domain,littlemarcothebook.com,threatfox,IClickFix,"threatfox,ClickFix,nochain",2026-09-12 04:07:43,2026-09-12 04:42:38,85
domain,loveinthelochs.com,threatfox,Unknown Loader,"threatfox,etherhiding",2026-09-12 04:07:43,2026-09-12 04:42:38,85
domain,loveyourplace.com,threatfox,Unknown Loader,"threatfox,etherhiding",2026-09-12 04:07:43,2026-09-12 04:42:38,85
domain,luambecamp.com,threatfox,IClickFix,"threatfox,ClickFix,nochain",2026-09-12 04:07:43,2026-09-12 04:42:38,85
domain,lucemia.cl,threatfox,Unknown Loader,"threatfox,etherhiding",2026-09-12 04:07:43,2026-09-12 04:42:38,85
domain,lucycarterlighting.com,threatfox,IClickFix,"threatfox,ClickFix,nochain",2026-09-12 04:07:43,2026-09-12 04:42:38,85
domain,macelleriacosta.it,threatfox,Unknown Loader,"threatfox,compromised,etherhiding",2026-09-12 04:07:43,2026-09-12 04:42:38,85
domain,maferengenharia.com.br,threatfox,Unknown Loader,"threatfox,compromised,etherhiding",2026-09-12 04:07:43,2026-09-12 04:42:38,85
domain,magnoliamilestonesaba.com,threatfox,Unknown Loader,"threatfox,etherhiding",2026-09-12 04:07:43,2026-09-12 04:42:38,85
domain,maisonmiki.com,threatfox,Unknown Loader,"threatfox,etherhiding",2026-09-12 04:07:43,2026-09-12 04:42:38,85
domain,marielyresende.com,threatfox,Unknown Loader,"threatfox,etherhiding",2026-09-12 04:07:43,2026-09-12 04:42:38,85
domain,maryanndimarco.com,threatfox,IClickFix,"threatfox,ClickFix,nochain",2026-09-12 04:07:43,2026-09-12 04:42:38,85
domain,matsuiyamateinternationalschool.jp,threatfox,IClickFix,"threatfox,ClickFix,nochain",2026-09-12 04:07:43,2026-09-12 04:42:38,85
domain,media9news.com,threatfox,IClickFix,"threatfox,ClickFix,nochain",2026-09-12 04:07:43,2026-09-12 04:42:38,85
domain,medien-marketing-meinsen.de,threatfox,IClickFix,"threatfox,ClickFix,nochain",2026-09-12 04:07:43,2026-09-12 04:42:38,85
domain,medien-meinungen.de,threatfox,IClickFix,"threatfox,ClickFix,nochain",2026-09-12 04:07:43,2026-09-12 04:42:38,85
domain,meskar.cz,threatfox,IClickFix,"threatfox,ClickFix,nochain",2026-09-12 04:07:43,2026-09-12 04:42:38,85
domain,metalaxis.net,threatfox,IClickFix,"threatfox,ClickFix,nochain",2026-09-12 04:07:43,2026-09-12 04:42:38,85
domain,mezin-avocat.fr,threatfox,Unknown Loader,"threatfox,etherhiding",2026-09-12 04:07:43,2026-09-12 04:42:38,85
domain,mi-architekten.de,threatfox,IClickFix,"threatfox,ClickFix,nochain",2026-09-12 04:07:43,2026-09-12 04:42:38,85
domain,mimoneuro.org,threatfox,IClickFix,"threatfox,ClickFix,nochain",2026-09-12 04:07:43,2026-09-12 04:42:38,85
domain,monkmagazine.com,threatfox,Unknown Loader,"threatfox,compromised,etherhiding",2026-09-12 04:07:43,2026-09-12 04:42:38,85
domain,monzato.com,threatfox,Unknown Loader,"threatfox,etherhiding",2026-09-12 04:07:43,2026-09-12 04:42:38,85
domain,mplwood.com,threatfox,Unknown Loader,"threatfox,etherhiding",2026-09-12 04:07:43,2026-09-12 04:42:38,85
domain,mu-te.de,threatfox,IClickFix,"threatfox,ClickFix,nochain",2026-09-12 04:07:43,2026-09-12 04:42:38,85
domain,musclecarrental.cz,threatfox,IClickFix,"threatfox,ClickFix,nochain",2026-09-12 04:07:43,2026-09-12 04:42:38,85
domain,musiclessonsbuffalo.com,threatfox,IClickFix,"threatfox,ClickFix,nochain",2026-09-12 04:07:43,2026-09-12 04:42:38,85
domain,myckafe.cz,threatfox,IClickFix,"threatfox,ClickFix,nochain",2026-09-12 04:07:43,2026-09-12 04:42:38,85
domain,mydienst.de,threatfox,IClickFix,"threatfox,ClickFix,nochain",2026-09-12 04:07:43,2026-09-12 04:42:38,85
domain,narkoz.com.tr,threatfox,Unknown Loader,"threatfox,etherhiding",2026-09-12 04:07:43,2026-09-12 04:42:38,85
domain,nativapest.com,threatfox,IClickFix,"threatfox,ClickFix,nochain",2026-09-12 04:07:43,2026-09-12 04:42:38,85
domain,naturalis-uk.com,threatfox,IClickFix,"threatfox,ClickFix,nochain",2026-09-12 04:07:43,2026-09-12 04:42:38,85
domain,needgruppen.se,threatfox,IClickFix,"threatfox,ClickFix,nochain",2026-09-12 04:07:43,2026-09-12 04:42:38,85
domain,nettsidehuset.no,threatfox,Unknown Loader,"threatfox,etherhiding",2026-09-12 04:07:43,2026-09-12 04:42:38,85
domain,neuroalicante.es,threatfox,Unknown Loader,"threatfox,etherhiding",2026-09-12 04:07:43,2026-09-12 04:42:38,85
domain,neurocirurgiabrasilia.com.br,threatfox,ClearFake,"threatfox,compromised,EtherHide",2026-09-12 04:07:43,2026-09-12 04:42:38,85
domain,new.dipa-photo.com,threatfox,ClearFake,"threatfox,compromised,EtherHide",2026-09-12 04:07:43,2026-09-12 04:42:38,85
domain,newwoodendoginfront.top,threatfox,Unknown Loader,"threatfox,compromised,etherhiding",2026-09-12 04:07:43,2026-09-12 04:42:38,85
domain,nflc.go.ug,threatfox,IClickFix,"threatfox,ClickFix,nochain",2026-09-12 04:07:43,2026-09-12 04:42:38,85
domain,nickskinnerphotography.com.au,threatfox,IClickFix,"threatfox,ClickFix,nochain",2026-09-12 04:07:43,2026-09-12 04:42:38,85
domain,nine2thrivers.com,threatfox,IClickFix,"threatfox,ClickFix,nochain",2026-09-12 04:07:43,2026-09-12 04:42:38,85
domain,nogps5zl.www-genesisrevival.com,threatfox,ClearFake,"threatfox,ClearFake,mac-0x76c7,macos",2026-09-12 04:07:43,2026-09-12 04:42:38,85
domain,norenthermalatam.com,threatfox,IClickFix,"threatfox,ClickFix,nochain",2026-09-12 04:07:43,2026-09-12 04:42:38,85
domain,noveltyalliance.biz,threatfox,Unknown Loader,"threatfox,etherhiding",2026-09-12 04:07:43,2026-09-12 04:42:38,85
domain,nowhiteboards.io,threatfox,Unknown Loader,"threatfox,compromised,etherhiding",2026-09-12 04:07:43,2026-09-12 04:42:38,85
domain,nrywz5n6.us-theeloncode.com,threatfox,ClearFake,"threatfox,ClearFake,mac-0x68dc,macos",2026-09-12 04:07:43,2026-09-12 04:42:38,85
domain,nsjuridicas.com,threatfox,Unknown Loader,"threatfox,etherhiding",2026-09-12 04:07:43,2026-09-12 04:42:38,85
domain,nutrientesagro.com.br,threatfox,Unknown Loader,"threatfox,etherhiding",2026-09-12 04:07:43,2026-09-12 04:42:38,85
domain,nwp.saunat.fi,threatfox,IClickFix,"threatfox,ClickFix,nochain",2026-09-12 04:07:43,2026-09-12 04:42:38,85
domain,odabscleaning.com,threatfox,IClickFix,"threatfox,ClickFix,nochain",2026-09-12 04:07:43,2026-09-12 04:42:38,85
domain,okstudio.com.ua,threatfox,Unknown Loader,"threatfox,etherhiding",2026-09-12 04:07:43,2026-09-12 04:42:38,85
domain,oniriaescreativo.com,threatfox,Unknown Loader,"threatfox,compromised,etherhiding",2026-09-12 04:07:43,2026-09-12 04:42:38,85
domain,onlyprint.pl,threatfox,Unknown Loader,"threatfox,etherhiding",2026-09-12 04:07:43,2026-09-12 04:42:38,85
domain,onthewater.co.uk,threatfox,Unknown Loader,"threatfox,etherhiding",2026-09-12 04:07:43,2026-09-12 04:42:38,85
domain,oraltren.com,threatfox,IClickFix,"threatfox,ClickFix,nochain",2026-09-12 04:07:43,2026-09-12 04:42:38,85
domain,osdm.ie,threatfox,IClickFix,"threatfox,ClickFix,nochain",2026-09-12 04:07:43,2026-09-12 04:42:38,85
domain,pacuxave.workers.dev,threatfox,php.shin_webshell,"threatfox,Cloudflare,GIF,PHP,webshell,WordPress,workers.dev,wp-admin",2026-09-12 04:07:43,2026-09-12 04:42:38,85
domain,parafia-dziwiszow.eu,threatfox,Unknown Loader,"threatfox,etherhiding",2026-09-12 04:07:43,2026-09-12 04:42:38,85
domain,parentchildbehaviorclinic.com,threatfox,Unknown Loader,"threatfox,etherhiding",2026-09-12 04:07:43,2026-09-12 04:42:38,85
domain,parkrag.com,threatfox,Unknown Loader,"threatfox,compromised,etherhiding",2026-09-12 04:07:43,2026-09-12 04:42:38,85
domain,paw4thefoundation.org,threatfox,Unknown Loader,"threatfox,etherhiding",2026-09-12 04:07:43,2026-09-12 04:42:38,85
domain,pcapital.cz,threatfox,Unknown Loader,"threatfox,compromised,etherhiding",2026-09-12 04:07:43,2026-09-12 04:42:38,85
domain,pdpitsolutions.com,threatfox,Unknown Loader,"threatfox,compromised,etherhiding",2026-09-12 04:07:43,2026-09-12 04:42:38,85
domain,peggyshorseblankets.com,threatfox,IClickFix,"threatfox,ClickFix,nochain",2026-09-12 04:07:43,2026-09-12 04:42:38,85
domain,pendleartstudio.com,threatfox,IClickFix,"threatfox,ClickFix,nochain",2026-09-12 04:07:43,2026-09-12 04:42:38,85
domain,peoplesnews24.com,threatfox,Unknown Loader,"threatfox,compromised,etherhiding",2026-09-12 04:07:43,2026-09-12 04:42:38,85
domain,peoreview.com,threatfox,Unknown Loader,"threatfox,etherhiding",2026-09-12 04:07:43,2026-09-12 04:42:38,85
domain,perropijo.com,threatfox,Unknown Loader,"threatfox,etherhiding",2026-09-12 04:07:43,2026-09-12 04:42:38,85
domain,petitgourmetducap.com,threatfox,Unknown Loader,"threatfox,etherhiding",2026-09-12 04:07:43,2026-09-12 04:42:38,85
domain,pg-lavandula.de,threatfox,IClickFix,"threatfox,ClickFix,nochain",2026-09-12 04:07:43,2026-09-12 04:42:38,85
domain,ph1ien1o.bfun.store,threatfox,ClearFake,"threatfox,ClearFake,mac-0x0f14,macos",2026-09-12 04:07:43,2026-09-12 04:42:38,85
domain,pilandros.store,threatfox,IClickFix,"threatfox,ClickFix,nochain",2026-09-12 04:07:43,2026-09-12 04:42:38,85
domain,pilotpresence.com,threatfox,IClickFix,"threatfox,ClickFix,nochain",2026-09-12 04:07:43,2026-09-12 04:42:38,85
domain,plmservice.ao,threatfox,Unknown Loader,"threatfox,etherhiding",2026-09-12 04:07:43,2026-09-12 04:42:38,85
domain,plugspot.eco,threatfox,IClickFix,"threatfox,ClickFix,nochain",2026-09-12 04:07:43,2026-09-12 04:42:38,85
domain,policyworksamerica.com,threatfox,Unknown Loader,"threatfox,etherhiding",2026-09-12 04:07:43,2026-09-12 04:42:38,85
domain,poncemoody.com,threatfox,Unknown Loader,"threatfox,compromised,etherhiding",2026-09-12 04:07:43,2026-09-12 04:42:38,85
domain,premierfamilybusiness.com,threatfox,IClickFix,"threatfox,ClickFix,nochain",2026-09-12 04:07:43,2026-09-12 04:42:38,85
domain,prop-osito.es,threatfox,IClickFix,"threatfox,ClickFix,nochain",2026-09-12 04:07:43,2026-09-12 04:42:38,85
domain,properaparel.com,threatfox,Unknown Loader,"threatfox,etherhiding",2026-09-12 04:07:43,2026-09-12 04:42:38,85
domain,propionat.com,threatfox,IClickFix,"threatfox,ClickFix,nochain",2026-09-12 04:07:43,2026-09-12 04:42:38,85
domain,psiquepsicologiaavancada.com,threatfox,Unknown Loader,"threatfox,compromised,etherhiding",2026-09-12 04:07:43,2026-09-12 04:42:38,85
domain,ptechnology.io,threatfox,Unknown Loader,"threatfox,etherhiding",2026-09-12 04:07:43,2026-09-12 04:42:38,85
domain,pvbr.is,threatfox,ClearFake,"threatfox,compromised,EtherHide",2026-09-12 04:07:43,2026-09-12 04:42:38,85
domain,pythonspo.com,threatfox,Unknown Loader,"threatfox,etherhiding",2026-09-12 04:07:43,2026-09-12 04:42:38,85
domain,pyvot.tech,threatfox,Unknown Loader,"threatfox,compromised,etherhiding",2026-09-12 04:07:43,2026-09-12 04:42:38,85
domain,qaxuzuvo.workers.dev,threatfox,php.shin_webshell,"threatfox,Cloudflare,GIF,PHP,webshell,WordPress,workers.dev,wp-admin",2026-09-12 04:07:43,2026-09-12 04:42:38,85
domain,queensvilleplayers.ca,threatfox,IClickFix,"threatfox,ClickFix,nochain",2026-09-12 04:07:43,2026-09-12 04:42:38,85
domain,quickroutelocksmith.com,threatfox,Unknown Loader,"threatfox,compromised,etherhiding",2026-09-12 04:07:43,2026-09-12 04:42:38,85
domain,qwenchjuice.ca,threatfox,IClickFix,"threatfox,ClickFix,nochain",2026-09-12 04:07:43,2026-09-12 04:42:38,85
domain,raiosolarenergy.com.br,threatfox,Unknown Loader,"threatfox,etherhiding",2026-09-12 04:07:43,2026-09-12 04:42:38,85
domain,ramonalorenz.com,threatfox,IClickFix,"threatfox,ClickFix,nochain",2026-09-12 04:07:43,2026-09-12 04:42:38,85
domain,rawanflowers.com,threatfox,Unknown Loader,"threatfox,etherhiding",2026-09-12 04:07:43,2026-09-12 04:42:38,85
domain,raybonstudio.com,threatfox,Unknown Loader,"threatfox,compromised,etherhiding",2026-09-12 04:07:43,2026-09-12 04:42:38,85
domain,reed-greogzium.life,threatfox,IClickFix,"threatfox,ClickFix",2026-09-12 04:07:43,2026-09-12 04:42:38,85
domain,refco.mx,threatfox,IClickFix,"threatfox,ClickFix,nochain",2026-09-12 04:07:43,2026-09-12 04:42:38,85
domain,rejupillai.com,threatfox,IClickFix,"threatfox,ClickFix,nochain",2026-09-12 04:07:43,2026-09-12 04:42:38,85
domain,resetclock.com,threatfox,IClickFix,"threatfox,ClickFix,nochain",2026-09-12 04:07:43,2026-09-12 04:42:38,85
domain,restorandvoriste.rs,threatfox,ClearFake,"threatfox,compromised,EtherHide",2026-09-12 04:07:43,2026-09-12 04:42:38,85
domain,rexlogistics.com.vn,threatfox,ClearFake,"threatfox,compromised,EtherHide",2026-09-12 04:07:43,2026-09-12 04:42:38,85
domain,reynoldsplumbingandheating.co.uk,threatfox,Unknown Loader,"threatfox,etherhiding",2026-09-12 04:07:43,2026-09-12 04:42:38,85
domain,ricardoponce.com,threatfox,IClickFix,"threatfox,ClickFix,nochain",2026-09-12 04:07:43,2026-09-12 04:42:38,85
domain,ritter-architekti.cz,threatfox,ClearFake,"threatfox,compromised,EtherHide",2026-09-12 04:07:43,2026-09-12 04:42:38,85
domain,rnautomation.co.za,threatfox,IClickFix,"threatfox,ClickFix,nochain",2026-09-12 04:07:43,2026-09-12 04:42:38,85
domain,roadtonight.com,threatfox,Unknown Loader,"threatfox,etherhiding",2026-09-12 04:07:43,2026-09-12 04:42:38,85
domain,robodro.com,threatfox,Unknown Loader,"threatfox,compromised,etherhiding",2026-09-12 04:07:43,2026-09-12 04:42:38,85
domain,rootsstaffing.com,threatfox,Unknown Loader,"threatfox,etherhiding",2026-09-12 04:07:43,2026-09-12 04:42:38,85
domain,rosek.net,threatfox,Unknown Loader,"threatfox,etherhiding",2026-09-12 04:07:43,2026-09-12 04:42:38,85
domain,round1fightgear.com,threatfox,Unknown Loader,"threatfox,compromised,etherhiding",2026-09-12 04:07:43,2026-09-12 04:42:38,85
domain,runtimerailbit.com,threatfox,IClickFix,"threatfox,c2,ClickFix,etherhiding",2026-09-12 04:07:43,2026-09-12 04:42:38,85
domain,salaobrand.com,threatfox,Unknown Loader,"threatfox,etherhiding",2026-09-12 04:07:43,2026-09-12 04:42:38,85
domain,salbutamol.net,threatfox,IClickFix,"threatfox,ClickFix,nochain",2026-09-12 04:07:43,2026-09-12 04:42:38,85
domain,sandfix.com,threatfox,Unknown Loader,"threatfox,etherhiding",2026-09-12 04:07:43,2026-09-12 04:42:38,85
domain,schnittmuster-dongodesign.de,threatfox,Unknown Loader,"threatfox,etherhiding",2026-09-12 04:07:43,2026-09-12 04:42:38,85
domain,schreibcoaching.de,threatfox,Unknown Loader,"threatfox,compromised,etherhiding",2026-09-12 04:07:43,2026-09-12 04:42:38,85
domain,schullandheim-harz.de,threatfox,ClearFake,"threatfox,compromised,EtherHide",2026-09-12 04:07:43,2026-09-12 04:42:38,85
domain,schulterblick.at,threatfox,IClickFix,"threatfox,ClickFix,nochain",2026-09-12 04:07:43,2026-09-12 04:42:38,85
domain,science-and-spiritual-quest.org,threatfox,Unknown Loader,"threatfox,etherhiding",2026-09-12 04:07:43,2026-09-12 04:42:38,85
domain,seftorrescalcio.it,threatfox,IClickFix,"threatfox,ClickFix,nochain",2026-09-12 04:07:43,2026-09-12 04:42:38,85
domain,selfhelp.tech,threatfox,Unknown Loader,"threatfox,etherhiding",2026-09-12 04:07:43,2026-09-12 04:42:38,85
domain,servicestatlab.com,threatfox,IClickFix,"threatfox,c2,ClickFix,etherhiding",2026-09-12 04:07:43,2026-09-12 04:42:38,85
domain,sf3.com.au,threatfox,ClearFake,"threatfox,compromised,EtherHide",2026-09-12 04:07:43,2026-09-12 04:42:38,85
domain,shaco-fc.com,threatfox,Unknown Loader,"threatfox,etherhiding",2026-09-12 04:07:43,2026-09-12 04:42:38,85
domain,shaigoostudios.com,threatfox,Unknown Loader,"threatfox,etherhiding",2026-09-12 04:07:43,2026-09-12 04:42:38,85
domain,siantarpunyacerita.com,threatfox,Unknown Loader,"threatfox,compromised,etherhiding",2026-09-12 04:07:43,2026-09-12 04:42:38,85
domain,silktown.co,threatfox,IClickFix,"threatfox,ClickFix,nochain",2026-09-12 04:07:43,2026-09-12 04:42:38,85
domain,sisuenergyllc.com,threatfox,IClickFix,"threatfox,ClickFix,nochain",2026-09-12 04:07:43,2026-09-12 04:42:38,85
domain,skibshipping.com,threatfox,Unknown Loader,"threatfox,compromised,etherhiding",2026-09-12 04:07:43,2026-09-12 04:42:38,85
domain,skomakerhuset.com,threatfox,Unknown Loader,"threatfox,compromised,etherhiding",2026-09-12 04:07:43,2026-09-12 04:42:38,85
domain,sleepingbeauty.space,threatfox,IClickFix,"threatfox,ClickFix,nochain",2026-09-12 04:07:43,2026-09-12 04:42:38,85
domain,slovak.linguarte.sk,threatfox,ClearFake,"threatfox,compromised,EtherHide",2026-09-12 04:07:43,2026-09-12 04:42:38,85
domain,sntcm.ac.th,threatfox,ClearFake,"threatfox,compromised,EtherHide",2026-09-12 04:07:43,2026-09-12 04:42:38,85
domain,socut-hairspa.fr,threatfox,Unknown Loader,"threatfox,compromised,etherhiding",2026-09-12 04:07:43,2026-09-12 04:42:38,85
domain,spia-dz.com,threatfox,Unknown Loader,"threatfox,compromised,etherhiding",2026-09-12 04:07:43,2026-09-12 04:42:38,85
domain,sspurie.com.tw,threatfox,IClickFix,"threatfox,ClickFix,nochain",2026-09-12 04:07:43,2026-09-12 04:42:38,85
domain,stand-medal.com,threatfox,ClearFake,"threatfox,ClearFake,ClickFix,EtherHiding,EtherHidingMagecart",2026-09-12 04:07:43,2026-09-12 04:42:38,85
domain,startupcredits.org,threatfox,IClickFix,"threatfox,ClickFix,nochain",2026-09-12 04:07:43,2026-09-12 04:42:38,85
domain,statueforada.com,threatfox,IClickFix,"threatfox,ClickFix,nochain",2026-09-12 04:07:43,2026-09-12 04:42:38,85
domain,stemwizz.com,threatfox,IClickFix,"threatfox,ClickFix,nochain",2026-09-12 04:07:43,2026-09-12 04:42:38,85
domain,sterksol.com,threatfox,IClickFix,"threatfox,ClickFix,nochain",2026-09-12 04:07:43,2026-09-12 04:42:38,85
domain,stilhavuz.com,threatfox,Unknown Loader,"threatfox,etherhiding",2026-09-12 04:07:43,2026-09-12 04:42:38,85
domain,suicidesurvivorguide.com,threatfox,Unknown Loader,"threatfox,etherhiding",2026-09-12 04:07:43,2026-09-12 04:42:38,85
domain,sumukhaa.com,threatfox,Unknown Loader,"threatfox,compromised,etherhiding",2026-09-12 04:07:43,2026-09-12 04:42:38,85
domain,suneelectrical.com.au,threatfox,IClickFix,"threatfox,ClickFix,nochain",2026-09-12 04:07:43,2026-09-12 04:42:38,85
domain,svss.co.za,threatfox,Unknown Loader,"threatfox,etherhiding",2026-09-12 04:07:43,2026-09-12 04:42:38,85
domain,swadesham.shop,threatfox,Unknown Loader,"threatfox,compromised,etherhiding",2026-09-12 04:07:43,2026-09-12 04:42:38,85
domain,swiftsense.co,threatfox,Unknown Loader,"threatfox,etherhiding",2026-09-12 04:07:43,2026-09-12 04:42:38,85
domain,synaptixcol.com,threatfox,Unknown Loader,"threatfox,etherhiding",2026-09-12 04:07:43,2026-09-12 04:42:38,85
domain,talkycrystals.com,threatfox,Unknown Loader,"threatfox,compromised,etherhiding",2026-09-12 04:07:43,2026-09-12 04:42:38,85
domain,tampabaylatinchamber.com,threatfox,IClickFix,"threatfox,ClickFix,nochain",2026-09-12 04:07:43,2026-09-12 04:42:38,85
domain,tangospirer.dk,threatfox,Unknown Loader,"threatfox,compromised,etherhiding",2026-09-12 04:07:43,2026-09-12 04:42:38,85
domain,tc-jarun.com,threatfox,Unknown Loader,"threatfox,etherhiding",2026-09-12 04:07:43,2026-09-12 04:42:38,85
domain,teemaker.in,threatfox,Unknown Loader,"threatfox,compromised,etherhiding",2026-09-12 04:07:43,2026-09-12 04:42:38,85
domain,testoblend.net,threatfox,IClickFix,"threatfox,ClickFix,nochain",2026-09-12 04:07:43,2026-09-12 04:42:38,85
domain,teutonia-nuernberg.de,threatfox,IClickFix,"threatfox,ClickFix,nochain",2026-09-12 04:07:43,2026-09-12 04:42:38,85
domain,tfa-advisory.com,threatfox,IClickFix,"threatfox,ClickFix,nochain",2026-09-12 04:07:43,2026-09-12 04:42:38,85
domain,theopinionist.in,threatfox,Unknown Loader,"threatfox,compromised,etherhiding",2026-09-12 04:07:43,2026-09-12 04:42:38,85
domain,thiesconsulting.com,threatfox,Unknown Loader,"threatfox,etherhiding",2026-09-12 04:07:43,2026-09-12 04:42:38,85
domain,tibetanclassics.org,threatfox,IClickFix,"threatfox,ClickFix,nochain",2026-09-12 04:07:43,2026-09-12 04:42:38,85
domain,tigervay.top,threatfox,ClearFake,"threatfox,compromised,EtherHide",2026-09-12 04:07:43,2026-09-12 04:42:38,85
domain,timehub.polsystem.pl,threatfox,Unknown Loader,"threatfox,compromised,etherhiding",2026-09-12 04:07:43,2026-09-12 04:42:38,85
domain,tisuqe.workers.dev,threatfox,php.shin_webshell,"threatfox,Cloudflare,GIF,PHP,webshell,WordPress,workers.dev,wp-admin",2026-09-12 04:07:43,2026-09-12 04:42:38,85
domain,todosesports.com,threatfox,IClickFix,"threatfox,ClickFix,nochain",2026-09-12 04:07:43,2026-09-12 04:42:38,85
domain,toepas.com,threatfox,Unknown Loader,"threatfox,compromised,etherhiding",2026-09-12 04:07:43,2026-09-12 04:42:38,85
domain,ton-orientation-professionnelle.fr,threatfox,ClearFake,"threatfox,compromised,EtherHide",2026-09-12 04:07:43,2026-09-12 04:42:38,85
domain,torneointernazionalecittadigavardo.it,threatfox,IClickFix,"threatfox,ClickFix,nochain",2026-09-12 04:07:43,2026-09-12 04:42:38,85
domain,trainingmanagement.ro,threatfox,IClickFix,"threatfox,ClickFix,nochain",2026-09-12 04:07:43,2026-09-12 04:42:38,85
domain,travelingjudi.com,threatfox,IClickFix,"threatfox,ClickFix,nochain",2026-09-12 04:07:43,2026-09-12 04:42:38,85
domain,travelscool.com,threatfox,IClickFix,"threatfox,ClickFix,nochain",2026-09-12 04:07:43,2026-09-12 04:42:38,85
domain,traveluaehub.com,threatfox,Unknown Loader,"threatfox,etherhiding",2026-09-12 04:07:43,2026-09-12 04:42:38,85
domain,treerolls.com,threatfox,ClearFake,"threatfox,compromised,EtherHide",2026-09-12 04:07:43,2026-09-12 04:42:38,85
domain,treesdolisten.com,threatfox,IClickFix,"threatfox,ClickFix,nochain",2026-09-12 04:07:43,2026-09-12 04:42:38,85
domain,trekpartners.com,threatfox,IClickFix,"threatfox,ClickFix,nochain",2026-09-12 04:07:43,2026-09-12 04:42:38,85
domain,trezenbold.com,threatfox,Unknown Loader,"threatfox,etherhiding",2026-09-12 04:07:43,2026-09-12 04:42:38,85
domain,trustmark.uk.com,threatfox,Unknown Loader,"threatfox,etherhiding",2026-09-12 04:07:43,2026-09-12 04:42:38,85
domain,truth-dialogue.com,threatfox,ClearFake,"threatfox,ClearFake,ClickFix,EtherHiding,EtherHidingMagecart",2026-09-12 04:07:43,2026-09-12 04:42:38,85
domain,tuitionservices.uk,threatfox,Unknown Loader,"threatfox,etherhiding",2026-09-12 04:07:43,2026-09-12 04:42:38,85
domain,turanabol.net,threatfox,IClickFix,"threatfox,ClickFix,nochain",2026-09-12 04:07:43,2026-09-12 04:42:38,85
domain,tvujdj.cz,threatfox,ClearFake,"threatfox,compromised,EtherHide",2026-09-12 04:07:43,2026-09-12 04:42:38,85
domain,tymamohe.workers.dev,threatfox,php.shin_webshell,"threatfox,Cloudflare,GIF,PHP,webshell,WordPress,workers.dev,wp-admin",2026-09-12 04:07:43,2026-09-12 04:42:38,85
domain,ubkzc17786.workers.dev,threatfox,php.shin_webshell,"threatfox,Cloudflare,GIF,PHP,webshell,WordPress,workers.dev,wp-admin",2026-09-12 04:07:43,2026-09-12 04:42:38,85
domain,upmgroup.co.uk,threatfox,Unknown Loader,"threatfox,compromised,etherhiding",2026-09-12 04:07:43,2026-09-12 04:42:38,85
domain,usa-plumbing.net,threatfox,IClickFix,"threatfox,ClickFix,nochain",2026-09-12 04:07:43,2026-09-12 04:42:38,85
domain,vdhauss.com,threatfox,IClickFix,"threatfox,ClickFix,nochain",2026-09-12 04:07:43,2026-09-12 04:42:38,85
domain,veronicapuggioni.it,threatfox,IClickFix,"threatfox,ClickFix,nochain",2026-09-12 04:07:43,2026-09-12 04:42:38,85
domain,vertexexports.co.in,threatfox,IClickFix,"threatfox,ClickFix,nochain",2026-09-12 04:07:43,2026-09-12 04:42:38,85
domain,vetmarkett.com,threatfox,Unknown Loader,"threatfox,etherhiding",2026-09-12 04:07:43,2026-09-12 04:42:38,85
domain,vinakors.com,threatfox,Unknown Loader,"threatfox,etherhiding",2026-09-12 04:07:43,2026-09-12 04:42:38,85
domain,vkotobacco.com,threatfox,IClickFix,"threatfox,ClickFix,nochain",2026-09-12 04:07:43,2026-09-12 04:42:38,85
domain,volaxstore.com,threatfox,IClickFix,"threatfox,ClickFix,nochain",2026-09-12 04:07:43,2026-09-12 04:42:38,85
domain,votre-avis.ch,threatfox,ClearFake,"threatfox,compromised,EtherHide",2026-09-12 04:07:43,2026-09-12 04:42:38,85
domain,wabro.co.uk,threatfox,ClearFake,"threatfox,compromised,EtherHide",2026-09-12 04:07:43,2026-09-12 04:42:38,85
domain,waltstales.com,threatfox,Unknown Loader,"threatfox,compromised,etherhiding",2026-09-12 04:07:43,2026-09-12 04:42:38,85
domain,watermarkhospitality.com,threatfox,Unknown Loader,"threatfox,compromised,etherhiding",2026-09-12 04:07:43,2026-09-12 04:42:38,85
domain,watermelonwarriors.io,threatfox,IClickFix,"threatfox,ClickFix,nochain",2026-09-12 04:07:43,2026-09-12 04:42:38,85
domain,wballianceservices.com,threatfox,IClickFix,"threatfox,ClickFix,nochain",2026-09-12 04:07:43,2026-09-12 04:42:38,85
domain,wcns.org,threatfox,IClickFix,"threatfox,ClickFix,nochain",2026-09-12 04:07:43,2026-09-12 04:42:38,85
domain,wechseljahre-fragebogen.hermaid.me,threatfox,IClickFix,"threatfox,ClickFix,nochain",2026-09-12 04:07:43,2026-09-12 04:42:38,85
domain,whitewaterexpresscarwash.com,threatfox,Unknown Loader,"threatfox,etherhiding",2026-09-12 04:07:43,2026-09-12 04:42:38,85
domain,wildcatodyssey.com,threatfox,IClickFix,"threatfox,ClickFix,nochain",2026-09-12 04:07:43,2026-09-12 04:42:38,85
domain,williambittner.com,threatfox,IClickFix,"threatfox,ClickFix,nochain",2026-09-12 04:07:43,2026-09-12 04:42:38,85
domain,wmc.angiers.org.uk,threatfox,IClickFix,"threatfox,ClickFix,nochain",2026-09-12 04:07:43,2026-09-12 04:42:38,85
domain,www.ace-toitures.fr,threatfox,IClickFix,"threatfox,ClickFix,nochain",2026-09-12 04:07:43,2026-09-12 04:42:38,85
domain,www.aipnv.com,threatfox,IClickFix,"threatfox,ClickFix,nochain",2026-09-12 04:07:43,2026-09-12 04:42:38,85
domain,www.automiotive.com,threatfox,IClickFix,"threatfox,ClickFix,nochain",2026-09-12 04:07:43,2026-09-12 04:42:38,85
domain,www.autoservice-im-osten.de,threatfox,IClickFix,"threatfox,ClickFix,nochain",2026-09-12 04:07:43,2026-09-12 04:42:38,85
domain,www.barberomer.com,threatfox,ClearFake,"threatfox,compromised,EtherHide",2026-09-12 04:07:43,2026-09-12 04:42:38,85
domain,www.bayvista.com.au,threatfox,IClickFix,"threatfox,ClickFix,nochain",2026-09-12 04:07:43,2026-09-12 04:42:38,85
domain,www.bolegsatl.com,threatfox,ClearFake,"threatfox,compromised,EtherHide",2026-09-12 04:07:43,2026-09-12 04:42:38,85
domain,www.bpos.org,threatfox,IClickFix,"threatfox,ClickFix,nochain",2026-09-12 04:07:43,2026-09-12 04:42:38,85
domain,www.bristol-drones.co.uk,threatfox,IClickFix,"threatfox,ClickFix,nochain",2026-09-12 04:07:43,2026-09-12 04:42:38,85
domain,www.bwisesoft.com,threatfox,IClickFix,"threatfox,ClickFix,nochain",2026-09-12 04:07:43,2026-09-12 04:42:38,85
domain,www.camphill-nuernberg.de,threatfox,IClickFix,"threatfox,ClickFix,nochain",2026-09-12 04:07:43,2026-09-12 04:42:38,85
domain,www.chellebellescreations.com,threatfox,IClickFix,"threatfox,ClickFix,nochain",2026-09-12 04:07:43,2026-09-12 04:42:38,85
domain,www.clearviewwes.com,threatfox,IClickFix,"threatfox,ClickFix,nochain",2026-09-12 04:07:43,2026-09-12 04:42:38,85
domain,www.cootamundragolfandsports.com.au,threatfox,IClickFix,"threatfox,ClickFix,nochain",2026-09-12 04:07:43,2026-09-12 04:42:38,85
domain,www.cortigraphics.com,threatfox,IClickFix,"threatfox,ClickFix,nochain",2026-09-12 04:07:43,2026-09-12 04:42:38,85
domain,www.cricrotone.it,threatfox,IClickFix,"threatfox,ClickFix,nochain",2026-09-12 04:07:43,2026-09-12 04:42:38,85
domain,www.dabtroll.com,threatfox,IClickFix,"threatfox,ClickFix,nochain",2026-09-12 04:07:43,2026-09-12 04:42:38,85
domain,www.danovedmusic.com,threatfox,IClickFix,"threatfox,ClickFix,nochain",2026-09-12 04:07:43,2026-09-12 04:42:38,85
domain,www.dominick-esk.de,threatfox,IClickFix,"threatfox,ClickFix,nochain",2026-09-12 04:07:43,2026-09-12 04:42:38,85
domain,www.drwingler.com,threatfox,IClickFix,"threatfox,ClickFix,nochain",2026-09-12 04:07:43,2026-09-12 04:42:38,85
domain,www.effeta.info,threatfox,IClickFix,"threatfox,ClickFix,nochain",2026-09-12 04:07:43,2026-09-12 04:42:38,85
domain,www.elenacontidesign.com,threatfox,IClickFix,"threatfox,ClickFix,nochain",2026-09-12 04:07:43,2026-09-12 04:42:38,85
domain,www.faservizicoop.it,threatfox,IClickFix,"threatfox,ClickFix,nochain",2026-09-12 04:07:43,2026-09-12 04:42:38,85
domain,www.forumengineering.it,threatfox,IClickFix,"threatfox,ClickFix,nochain",2026-09-12 04:07:43,2026-09-12 04:42:38,85
domain,www.francescoforti.net,threatfox,IClickFix,"threatfox,ClickFix,nochain",2026-09-12 04:07:43,2026-09-12 04:42:38,85
domain,www.globalfamilyassistance.it,threatfox,IClickFix,"threatfox,ClickFix,nochain",2026-09-12 04:07:43,2026-09-12 04:42:38,85
domain,www.grimaldifloradesign.it,threatfox,IClickFix,"threatfox,ClickFix,nochain",2026-09-12 04:07:43,2026-09-12 04:42:38,85
domain,www.istitutodiconsulenzafilosofica.it,threatfox,IClickFix,"threatfox,ClickFix,nochain",2026-09-12 04:07:43,2026-09-12 04:42:38,85
domain,www.kreatywnosc.org,threatfox,IClickFix,"threatfox,ClickFix,nochain",2026-09-12 04:07:43,2026-09-12 04:42:38,85
domain,www.laurabaccaro.it,threatfox,IClickFix,"threatfox,ClickFix,nochain",2026-09-12 04:07:43,2026-09-12 04:42:38,85
domain,www.lecadvisors.co.za,threatfox,IClickFix,"threatfox,ClickFix,nochain",2026-09-12 04:07:43,2026-09-12 04:42:38,85
domain,www.legalitea.co.uk,threatfox,IClickFix,"threatfox,ClickFix,nochain",2026-09-12 04:07:43,2026-09-12 04:42:38,85
domain,www.linkmanagement.it,threatfox,IClickFix,"threatfox,ClickFix,nochain",2026-09-12 04:07:43,2026-09-12 04:42:38,85
domain,www.meizoun.it,threatfox,IClickFix,"threatfox,ClickFix,nochain",2026-09-12 04:07:43,2026-09-12 04:42:38,85
domain,www.metroacademy.ca,threatfox,IClickFix,"threatfox,ClickFix,nochain",2026-09-12 04:07:43,2026-09-12 04:42:38,85
domain,www.molo-lab.com,threatfox,IClickFix,"threatfox,ClickFix,nochain",2026-09-12 04:07:43,2026-09-12 04:42:38,85
domain,www.molostintino.com,threatfox,IClickFix,"threatfox,ClickFix,nochain",2026-09-12 04:07:43,2026-09-12 04:42:38,85
domain,www.mygoldroma.it,threatfox,IClickFix,"threatfox,ClickFix,nochain",2026-09-12 04:07:43,2026-09-12 04:42:38,85
domain,www.nampharma.it,threatfox,IClickFix,"threatfox,ClickFix,nochain",2026-09-12 04:07:43,2026-09-12 04:42:38,85
domain,www.nautisproject.com,threatfox,IClickFix,"threatfox,ClickFix,nochain",2026-09-12 04:07:43,2026-09-12 04:42:38,85
domain,www.opuslabsrl.it,threatfox,IClickFix,"threatfox,ClickFix,nochain",2026-09-12 04:07:43,2026-09-12 04:42:38,85
domain,www.ozturk-ozturk.de,threatfox,IClickFix,"threatfox,ClickFix,nochain",2026-09-12 04:07:43,2026-09-12 04:42:38,85
domain,www.pacname.org,threatfox,IClickFix,"threatfox,ClickFix,nochain",2026-09-12 04:07:43,2026-09-12 04:42:38,85
domain,www.paulinaniewiadomskaphotography.pl,threatfox,ClearFake,"threatfox,compromised,EtherHide",2026-09-12 04:07:43,2026-09-12 04:42:38,85
domain,www.pgrealtyhomes.com,threatfox,IClickFix,"threatfox,ClickFix,nochain",2026-09-12 04:07:43,2026-09-12 04:42:38,85
domain,www.pizza-capri.fr,threatfox,ClearFake,"threatfox,compromised,EtherHide",2026-09-12 04:07:43,2026-09-12 04:42:38,85
domain,www.prepaidcitymeters.co.za,threatfox,IClickFix,"threatfox,ClickFix,nochain",2026-09-12 04:07:43,2026-09-12 04:42:38,85
domain,www.prinz-zaunbau.de,threatfox,IClickFix,"threatfox,ClickFix,nochain",2026-09-12 04:07:43,2026-09-12 04:42:38,85
domain,www.qovalent.com,threatfox,IClickFix,"threatfox,ClickFix,nochain",2026-09-12 04:07:43,2026-09-12 04:42:38,85
domain,www.quay.je,threatfox,IClickFix,"threatfox,ClickFix,nochain",2026-09-12 04:07:43,2026-09-12 04:42:38,85
domain,www.ratanenggworks.com,threatfox,ClearFake,"threatfox,compromised,EtherHide",2026-09-12 04:07:43,2026-09-12 04:42:38,85
domain,www.rawanpreschool.net,threatfox,IClickFix,"threatfox,ClickFix,nochain",2026-09-12 04:07:43,2026-09-12 04:42:38,85
domain,www.relief7oh.com,threatfox,IClickFix,"threatfox,ClickFix,nochain",2026-09-12 04:07:43,2026-09-12 04:42:38,85
domain,www.saltric.co.za,threatfox,IClickFix,"threatfox,ClickFix,nochain",2026-09-12 04:07:43,2026-09-12 04:42:38,85
domain,www.setia.com.my,threatfox,IClickFix,"threatfox,ClickFix,nochain",2026-09-12 04:07:43,2026-09-12 04:42:38,85
domain,www.sharkeyscutsforkids.com,threatfox,IClickFix,"threatfox,ClickFix,nochain",2026-09-12 04:07:43,2026-09-12 04:42:38,85
domain,www.sharkeysfranchisingcompany.com,threatfox,IClickFix,"threatfox,ClickFix,nochain",2026-09-12 04:07:43,2026-09-12 04:42:38,85
domain,www.spartansreach.com,threatfox,IClickFix,"threatfox,ClickFix,nochain",2026-09-12 04:07:43,2026-09-12 04:42:38,85
domain,www.stella-ballare.de,threatfox,IClickFix,"threatfox,ClickFix,nochain",2026-09-12 04:07:43,2026-09-12 04:42:38,85
domain,www.streetpeoplecasting.com,threatfox,IClickFix,"threatfox,ClickFix,nochain",2026-09-12 04:07:43,2026-09-12 04:42:38,85
domain,www.taifled.com,threatfox,IClickFix,"threatfox,ClickFix,nochain",2026-09-12 04:07:43,2026-09-12 04:42:38,85
domain,www.taxinow.nl,threatfox,IClickFix,"threatfox,ClickFix,nochain",2026-09-12 04:07:43,2026-09-12 04:42:38,85
domain,www.tekodaelektro.no,threatfox,IClickFix,"threatfox,ClickFix,nochain",2026-09-12 04:07:43,2026-09-12 04:42:38,85
domain,www.urbni.org,threatfox,IClickFix,"threatfox,ClickFix,nochain",2026-09-12 04:07:43,2026-09-12 04:42:38,85
domain,www.vatercoach.com,threatfox,IClickFix,"threatfox,ClickFix,nochain",2026-09-12 04:07:43,2026-09-12 04:42:38,85
domain,www.vividblue.co.za,threatfox,IClickFix,"threatfox,ClickFix,nochain",2026-09-12 04:07:43,2026-09-12 04:42:38,85
domain,www.wbcj.at,threatfox,IClickFix,"threatfox,ClickFix,nochain",2026-09-12 04:07:43,2026-09-12 04:42:38,85
domain,www.weblinkovi.com,threatfox,ClearFake,"threatfox,compromised,EtherHide",2026-09-12 04:07:43,2026-09-12 04:42:38,85
domain,www.weddingseasons.do,threatfox,IClickFix,"threatfox,ClickFix,nochain",2026-09-12 04:07:43,2026-09-12 04:42:38,85
domain,www.wildpigs.it,threatfox,IClickFix,"threatfox,ClickFix,nochain",2026-09-12 04:07:43,2026-09-12 04:42:38,85
domain,www.yaliistanbul.com,threatfox,IClickFix,"threatfox,ClickFix,nochain",2026-09-12 04:07:43,2026-09-12 04:42:38,85
domain,www.yappy-pets.com,threatfox,IClickFix,"threatfox,ClickFix,nochain",2026-09-12 04:07:43,2026-09-12 04:42:38,85
domain,xclassyapparelsng.com,threatfox,Unknown Loader,"threatfox,etherhiding",2026-09-12 04:07:43,2026-09-12 04:42:38,85
domain,xn--bewusst-ernhrt-gib.de,threatfox,ClearFake,"threatfox,compromised,EtherHide",2026-09-12 04:07:43,2026-09-12 04:42:38,85
domain,yogajeany.com,threatfox,Unknown Loader,"threatfox,etherhiding",2026-09-12 04:07:43,2026-09-12 04:42:38,85
domain,yogamattersjersey.uk,threatfox,IClickFix,"threatfox,ClickFix,nochain",2026-09-12 04:07:43,2026-09-12 04:42:38,85
domain,yuchih.cc,threatfox,IClickFix,"threatfox,ClickFix,nochain",2026-09-12 04:07:43,2026-09-12 04:42:38,85
domain,zahaki-clinic.com,threatfox,Unknown Loader,"threatfox,etherhiding",2026-09-12 04:07:43,2026-09-12 04:42:38,85
domain,zamconstruction.com.au,threatfox,Unknown Loader,"threatfox,etherhiding",2026-09-12 04:07:43,2026-09-12 04:42:38,85
domain,zantyr.pl,threatfox,ClearFake,"threatfox,compromised,EtherHide",2026-09-12 04:07:43,2026-09-12 04:42:38,85
domain,zenpetnutrition.com,threatfox,IClickFix,"threatfox,ClickFix,nochain",2026-09-12 04:07:43,2026-09-12 04:42:38,85
hash_md5,0192e5e0b80fe45603cf8ebfc6582771,malwarebazaar,unknown,unknown,2026-09-12 04:00:06,2026-09-12 04:42:38,85
hash_md5,032721a0a7c12ad1352a0b5e9f0a9ede,malwarebazaar,elf,elf,2026-09-12 04:00:06,2026-09-12 04:42:38,85
hash_md5,0392ace578d4b2299ee8656dd19f707d,malwarebazaar,sh,sh,2026-09-12 04:00:06,2026-09-12 04:42:38,85
hash_md5,03f13619a413dd1bd7ff8dd47687b3e9,malwarebazaar,exe,exe,2026-09-12 04:00:06,2026-09-12 04:42:38,85
hash_md5,045a21aa2e382468075a38d8bb6df687,malwarebazaar,dll,dll,2026-09-12 04:00:06,2026-09-12 04:42:38,85
hash_md5,047e26b54da91a6839519d0d49f9a8e2,malwarebazaar,GoToResolve,"Gotoresolve,vbs",2026-09-12 04:00:06,2026-09-12 04:42:38,85
hash_md5,096585cdadb9d83b5ce43baed8a75621,malwarebazaar,Mirai,"elf,Mirai",2026-09-12 04:00:06,2026-09-12 04:42:38,85
hash_md5,0ace92316c926a13170433ac5ad9e177,malwarebazaar,ConnectWise,msi,2026-09-12 04:00:06,2026-09-12 04:42:38,85
hash_md5,0ef28a5445b18ee7166931bec608d424,malwarebazaar,Mirai,"elf,Mirai",2026-09-12 04:00:06,2026-09-12 04:42:38,85
hash_md5,129cee22131ca34aa5870d020f69e9b1,malwarebazaar,elf,elf,2026-09-12 04:00:06,2026-09-12 04:42:38,85
hash_md5,182ed9efc4ab43741e06dca05cc1dcf0,malwarebazaar,sh,sh,2026-09-12 04:00:06,2026-09-12 04:42:38,85
hash_md5,1843e7ba667360c30a205c31f75216d0,malwarebazaar,exe,"exe,signed",2026-09-12 04:00:06,2026-09-12 04:42:38,85
hash_md5,1a6657447868d9f52281727fbcec196d,malwarebazaar,ConnectWise,"ConnectWise,msi",2026-09-12 04:00:06,2026-09-12 04:42:38,85
hash_md5,1bdacb2f861a7d2a70d21ae253c8b66e,malwarebazaar,elf,elf,2026-09-12 04:00:06,2026-09-12 04:42:38,85
hash_md5,2004095825a01356a53c1fbf5f55c7af,malwarebazaar,elf,elf,2026-09-12 04:00:06,2026-09-12 04:42:38,85
hash_md5,26814f84f86496ca3915c79ff102e343,malwarebazaar,RemusStealer,"exe,Remus,RemusStealer,signed",2026-09-12 04:00:06,2026-09-12 04:42:38,85
hash_md5,26c7f9505519c4368fd9c1a79852a3d5,malwarebazaar,Mirai,"elf,Mirai",2026-09-12 04:00:06,2026-09-12 04:42:38,85
hash_md5,296a0c011928e893a7245eb88c333ca5,malwarebazaar,elf,elf,2026-09-12 04:00:06,2026-09-12 04:42:38,85
hash_md5,2a2dba63ed3ae20444065a69a77158a7,malwarebazaar,GoToResolve,"GoToResolve,msi,signed",2026-09-12 04:00:06,2026-09-12 04:42:38,85
hash_md5,2ed59d17595faf70294b2201eae942c0,malwarebazaar,exe,"dropped-by-StealC,exe,loader_proxy_v1",2026-09-12 04:00:06,2026-09-12 04:42:38,85
hash_md5,301303f36cfc9ad6305be44f88375139,malwarebazaar,Mirai,"elf,Mirai",2026-09-12 04:00:06,2026-09-12 04:42:38,85
hash_md5,3360afa7cefa9a8d670a3c8f3cd8176a,malwarebazaar,exe,"exe,upx-dec",2026-09-12 04:00:06,2026-09-12 04:42:38,85
hash_md5,3790fe18ecb8f14747f133508421bbc0,malwarebazaar,ConnectWise,"ConnectWise,msi",2026-09-12 04:00:06,2026-09-12 04:42:38,85
hash_md5,3afc5ab77b64233b2a5bd347b04eee9f,malwarebazaar,exe,"exe,SilverFox,Trojan/SilverFox.bg[qtsc],ValleyRAT",2026-09-12 04:00:06,2026-09-12 04:42:38,85
hash_md5,3f2012275ce6aa71c108e4f175bdebbd,malwarebazaar,exe,"BB3.file,dropped-by-GCleaner,exe,F",2026-09-12 04:00:06,2026-09-12 04:42:38,85
hash_md5,3f924a568b81cddd3f7fdbcc19721edf,malwarebazaar,ConnectWise,exe,2026-09-12 04:00:06,2026-09-12 04:42:38,85
hash_md5,4287f1ced950519bfdd76177d0139726,malwarebazaar,ps1,ps1,2026-09-12 04:00:06,2026-09-12 04:42:38,85
hash_md5,4296374979450c21010bee935c34ce7d,malwarebazaar,unknown,unknown,2026-09-12 04:00:06,2026-09-12 04:42:38,85
hash_md5,429fa8407a7563a09c5c9cc58a593a49,malwarebazaar,elf,elf,2026-09-12 04:00:06,2026-09-12 04:42:38,85
hash_md5,42c741d4772de82c21f7d1f0a6ff4351,malwarebazaar,elf,elf,2026-09-12 04:00:06,2026-09-12 04:42:38,85
hash_md5,45bb36c5efe2113d0ab3c72440c5c0b1,malwarebazaar,exe,"exe,signed,Vidar",2026-09-12 04:00:06,2026-09-12 04:42:38,85
hash_md5,45ed254c5724ff9a8abd4b951211c171,malwarebazaar,elf,elf,2026-09-12 04:00:06,2026-09-12 04:42:38,85
hash_md5,46ab523c9a3fab0773820c7dec4a88f3,malwarebazaar,Mirai,"elf,Mirai",2026-09-12 04:00:06,2026-09-12 04:42:38,85
hash_md5,47265f445e9bca12003b91826c19e2e8,malwarebazaar,elf,elf,2026-09-12 04:00:06,2026-09-12 04:42:38,85
hash_md5,4736b83648d18ac9e90d36e8002f67e7,malwarebazaar,Mirai,"elf,Mirai",2026-09-12 04:00:06,2026-09-12 04:42:38,85
hash_md5,47c862a61d77e18030ffaa7c20d333ad,malwarebazaar,elf,elf,2026-09-12 04:00:06,2026-09-12 04:42:38,85
hash_md5,48a24b5a4148c1afe07978cacb241738,malwarebazaar,CoinMiner,"CoinMiner,dropped-by-StealC,exe,loader_proxy_v1",2026-09-12 04:00:06,2026-09-12 04:42:38,85
hash_md5,4d7e7174114ace681b31d27e70f4666d,malwarebazaar,sh,sh,2026-09-12 04:00:06,2026-09-12 04:42:38,85
hash_md5,4db5d8c9a6f2304c3f19ceffb223cfe3,malwarebazaar,sh,sh,2026-09-12 04:00:06,2026-09-12 04:42:38,85
hash_md5,4ef2ebe611ed7ab62027906aceb4bd7b,malwarebazaar,elf,elf,2026-09-12 04:00:06,2026-09-12 04:42:38,85
hash_md5,4fa9cb6d1a2870300c8e4b2022996878,malwarebazaar,exe,"exe,signed",2026-09-12 04:00:06,2026-09-12 04:42:38,85
hash_md5,505b274cb4c794e0f1ddc0fbf1e56c66,malwarebazaar,elf,elf,2026-09-12 04:00:06,2026-09-12 04:42:38,85
hash_md5,53708fc3b8e41c43cd0942cfa53a5374,malwarebazaar,sh,sh,2026-09-12 04:00:06,2026-09-12 04:42:38,85
hash_md5,5400386c81f3653735deb3e41f0ce8d9,malwarebazaar,unknown,unknown,2026-09-12 04:00:06,2026-09-12 04:42:38,85
hash_md5,5adc0124042daa3fb012a672d4006059,malwarebazaar,sh,sh,2026-09-11 16:00:11,2026-09-12 04:42:38,85
hash_md5,5af8606eb90d08c874714b9f7dc4c082,malwarebazaar,sh,sh,2026-09-12 04:00:06,2026-09-12 04:42:38,85
hash_md5,5d42763939ff46858e4d6b4a03ab997a,malwarebazaar,unknown,unknown,2026-09-12 04:00:06,2026-09-12 04:42:38,85
hash_md5,5d719acb97e687935689b91a5f77889e,malwarebazaar,unknown,KongTuke,2026-09-12 04:00:06,2026-09-12 04:42:38,85
hash_md5,5d9cbf9eca01f38be7126a75344baebf,malwarebazaar,unknown,unknown,2026-09-12 04:00:06,2026-09-12 04:42:38,85
hash_md5,5da494ea42ec283ebdea9b2d783ee6cd,malwarebazaar,elf,elf,2026-09-12 04:00:06,2026-09-12 04:42:38,85
hash_md5,5df4c4f49b8a6b82b72a25c27cae88ae,malwarebazaar,Amadey,dll,2026-09-12 04:00:06,2026-09-12 04:42:38,85
hash_md5,60dab9d69a5d3368c98c79ff80f45183,malwarebazaar,exe,"dropped-by-GCleaner,exe,F,MIX9.file",2026-09-12 04:00:06,2026-09-12 04:42:38,85
hash_md5,615bd370d4b896d6fabd72c28957daec,malwarebazaar,elf,elf,2026-09-12 04:00:06,2026-09-12 04:42:38,85
hash_md5,617c861e5b2e54b5c1d86ef041074f4a,malwarebazaar,elf,elf,2026-09-12 04:00:06,2026-09-12 04:42:38,85
hash_md5,6198b32d37a9bcaf1bccdb5c21e523f3,malwarebazaar,elf,elf,2026-09-12 04:00:06,2026-09-12 04:42:38,85
hash_md5,63f7e08f4636894e70bef277d050b707,malwarebazaar,unknown,unknown,2026-09-12 04:00:06,2026-09-12 04:42:38,85
hash_md5,6422ab7c337f675f05766f8541223402,malwarebazaar,gz,gz,2026-09-12 04:00:06,2026-09-12 04:42:38,85
hash_md5,6ae8db133f661acd5c2bc394322ca969,malwarebazaar,sh,sh,2026-09-12 04:00:06,2026-09-12 04:42:38,85
hash_md5,6b457eed632aef2dc8c5f1792ec223b1,malwarebazaar,ConnectWise,"Connectwise,iso",2026-09-12 04:00:06,2026-09-12 04:42:38,85
hash_md5,6f2da55a79f65a87ad3d36492e7fb9f0,malwarebazaar,Amadey,exe,2026-09-12 04:00:06,2026-09-12 04:42:38,85
hash_md5,6ff1835b40e866f0597aa4bcc6fcb0da,malwarebazaar,elf,elf,2026-09-12 04:00:06,2026-09-12 04:42:38,85
hash_md5,71c9669678a0b869e07e25d11cf21c12,malwarebazaar,elf,elf,2026-09-12 04:00:06,2026-09-12 04:42:38,85
hash_md5,796c0797ed02663b15a3b6876e35bcd7,malwarebazaar,Mirai,"elf,Mirai",2026-09-12 04:00:06,2026-09-12 04:42:38,85
hash_md5,7aa0320b02be505b3f595290e7f8058a,malwarebazaar,sh,sh,2026-09-12 04:00:06,2026-09-12 04:42:38,85
hash_md5,7d8a52ee2af15acef9a35865d6517213,malwarebazaar,unknown,KongTuke,2026-09-12 04:00:06,2026-09-12 04:42:38,85
hash_md5,7fc03490ee006010e27e27d70d1a0647,malwarebazaar,Mirai,"elf,Mirai",2026-09-12 04:00:06,2026-09-12 04:42:38,85
hash_md5,832e5ff3482cd9e4fba4e2fe22799cd8,malwarebazaar,Gh0stRAT,"exe,Gh0stRAT,signed",2026-09-12 04:00:06,2026-09-12 04:42:38,85
hash_md5,84622e10e855d1ee4d43b6018a2f7274,malwarebazaar,unknown,unknown,2026-09-12 04:00:06,2026-09-12 04:42:38,85
hash_md5,852cad84480a1919343a1053286fc733,malwarebazaar,elf,elf,2026-09-12 04:00:06,2026-09-12 04:42:38,85
hash_md5,87d418fb188a8ec8c8a4bbbadf573cd4,malwarebazaar,sh,sh,2026-09-12 04:00:06,2026-09-12 04:42:38,85
hash_md5,8a2c8c70a2412e42cba12d85eb4eb819,malwarebazaar,exe,exe,2026-09-12 04:00:06,2026-09-12 04:42:38,85
hash_md5,8f5fa8dbe2bbd7b0f589b94db0edfbe5,malwarebazaar,unknown,"5000,dropped-by-remcos",2026-09-12 04:00:06,2026-09-12 04:42:38,85
hash_md5,940344f17681b8f6d18f96a66f006964,malwarebazaar,exe,exe,2026-09-12 04:00:06,2026-09-12 04:42:38,85
hash_md5,95690d6b0f2a4bbab76d7f724ef9ee4d,malwarebazaar,elf,elf,2026-09-12 04:00:06,2026-09-12 04:42:38,85
hash_md5,969c97946b1e4d60ba2015c2bc982929,malwarebazaar,exe,"A,dropped-by-GCleaner,exe,MIX2.file",2026-09-12 04:00:06,2026-09-12 04:42:38,85
hash_md5,977452b59038c222073c0eac96ac681e,malwarebazaar,exe,"54e64e,dropped-by-Amadey,exe",2026-09-12 04:00:06,2026-09-12 04:42:38,85
hash_md5,9abc5e7a0a7204554b691fa078b18803,malwarebazaar,ConnectWise,msi,2026-09-12 04:00:06,2026-09-12 04:42:38,85
hash_md5,9c28797e673ca46aa9206bbced2a4476,malwarebazaar,unknown,unknown,2026-09-12 04:00:06,2026-09-12 04:42:38,85
hash_md5,a9f5cfc3a20b87ea7c273ccf2d9c394c,malwarebazaar,exe,"A,dropped-by-GCleaner,exe,MIX1.file",2026-09-12 04:00:06,2026-09-12 04:42:38,85
hash_md5,ac4e9fb3ddeac8f7661937c873ab869a,malwarebazaar,exe,"54e64e,dropped-by-Amadey,exe",2026-09-12 04:00:06,2026-09-12 04:42:38,85
hash_md5,b04ac548268c3d246bd771298c155ecf,malwarebazaar,elf,elf,2026-09-12 04:00:06,2026-09-12 04:42:38,85
hash_md5,b24a44de3f0342a65c0a645c717e8420,malwarebazaar,sh,sh,2026-09-12 04:00:06,2026-09-12 04:42:38,85
hash_md5,b3e78d794ff6446ad9a77d75422262f0,malwarebazaar,ValleyRAT,"exe,SilverFox,Trojan/SilverFox.bg[qtsc],ValleyRAT",2026-09-12 04:00:06,2026-09-12 04:42:38,85
hash_md5,b40cf0dd4fe3f2d72764f8c47b973aaf,malwarebazaar,ConnectWise,"Connectwise,vbs",2026-09-12 04:00:06,2026-09-12 04:42:38,85
hash_md5,ba2784b2fa0b9581b1fea63f39f6b837,malwarebazaar,unknown,unknown,2026-09-12 04:00:06,2026-09-12 04:42:38,85
hash_md5,bb8a2ab4dd693900fcf28a6d28eed368,malwarebazaar,ValleyRAT,"exe,SilverFox,Trojan/SilverFox.bg[qtsc],ValleyRAT",2026-09-12 04:00:06,2026-09-12 04:42:38,85
hash_md5,bb8bb6120224bbe4b6b34c297db633be,malwarebazaar,VShell,exe,2026-09-12 04:00:06,2026-09-12 04:42:38,85
hash_md5,bc06da613adc72b1123399f0f56a2335,malwarebazaar,exe,"exe,upx",2026-09-12 04:00:06,2026-09-12 04:42:38,85
hash_md5,c0834e576c4445f5190f25be4e50d145,malwarebazaar,Mirai,"elf,Mirai",2026-09-12 04:00:06,2026-09-12 04:42:38,85
hash_md5,c48c84423349f8c685034bdacaa63fbc,malwarebazaar,exe,exe,2026-09-12 04:00:06,2026-09-12 04:42:38,85
hash_md5,c700a70b3fc11aa902caeff4722e77ef,malwarebazaar,elf,elf,2026-09-12 04:00:06,2026-09-12 04:42:38,85
hash_md5,c7f15e5fb99d3449e658ac77fe88571a,malwarebazaar,sh,sh,2026-09-12 04:00:06,2026-09-12 04:42:38,85
hash_md5,ca04ae8e918316722c39dab7f9fa28d5,malwarebazaar,exe,exe,2026-09-12 04:00:06,2026-09-12 04:42:38,85
hash_md5,cd297c450a7426c7260f8fbba0845bbb,malwarebazaar,elf,elf,2026-09-12 04:00:06,2026-09-12 04:42:38,85
hash_md5,d28cc2606a5acdbb0da3b957e4ee44af,malwarebazaar,exe,exe,2026-09-12 04:00:06,2026-09-12 04:42:38,85
hash_md5,d3a96b242608aad52c07f2ef4a29ee0a,malwarebazaar,elf,elf,2026-09-12 04:00:06,2026-09-12 04:42:38,85
hash_md5,d9703ad0bfe9674227810fa0d50c7873,malwarebazaar,js,js,2026-09-12 04:00:06,2026-09-12 04:42:38,85
hash_md5,df1a7fa802dfce046d909639984dc5a2,malwarebazaar,gz,"gz,tc-static-a9fea332-nyc3-digitaloceanspaces-com",2026-09-12 04:00:06,2026-09-12 04:42:38,85
hash_md5,e142150275e8ea9e7549a8cce7033997,malwarebazaar,ConnectWise,"ConnectWise,msi",2026-09-12 04:00:06,2026-09-12 04:42:38,85
hash_md5,e24447ce7fcd70ac4a63708e4397f5a8,malwarebazaar,exe,exe,2026-09-12 04:00:06,2026-09-12 04:42:38,85
hash_md5,e4dd036e11e9a0b3974359b747aa5bf1,malwarebazaar,elf,elf,2026-09-12 04:00:06,2026-09-12 04:42:38,85
hash_md5,e759a39e36a2ef84166faf604db735e4,malwarebazaar,sh,sh,2026-09-11 16:00:11,2026-09-12 04:42:38,85
hash_md5,eb3b3749de3f1066bb6a960ebdc65861,malwarebazaar,exe,"exe,signed",2026-09-12 04:00:06,2026-09-12 04:42:38,85
hash_md5,ec03c04c021b3f7859e5ce1a8695f454,malwarebazaar,elf,elf,2026-09-12 04:00:06,2026-09-12 04:42:38,85
hash_md5,ece29f11bca82d84b4f06a0b73f127dc,malwarebazaar,exe,exe,2026-09-12 04:00:06,2026-09-12 04:42:38,85
hash_md5,ed923eb721e5ef99f094a64b361baabf,malwarebazaar,exe,"exe,signed,Vidar",2026-09-12 04:00:06,2026-09-12 04:42:38,85
hash_md5,eda1b439fe0ce2d52d15b747894c9563,malwarebazaar,elf,elf,2026-09-12 04:00:06,2026-09-12 04:42:38,85
hash_md5,edff0ec676c8df627510c9f5d3a27d13,malwarebazaar,unknown,unknown,2026-09-12 04:00:06,2026-09-12 04:42:38,85
hash_md5,f070ad0d01de3696b7452420a8fdd254,malwarebazaar,Gh0stRAT,"exe,Gh0stRAT,signed",2026-09-12 04:00:06,2026-09-12 04:42:38,85
hash_md5,f14f340cd47024eb55f50fdab0a76e2a,malwarebazaar,sh,sh,2026-09-12 04:00:06,2026-09-12 04:42:38,85
hash_md5,f19ef8c19bba9dd01d5b820d6fa51648,malwarebazaar,RemusStealer,"exe,Remus,RemusStealer,signed",2026-09-12 04:00:06,2026-09-12 04:42:38,85
hash_md5,f34996cc1f44c98729ef6ce92d05e41c,malwarebazaar,zip,zip,2026-09-12 04:00:06,2026-09-12 04:42:38,85
hash_md5,f6bd1cca281e641a4edfa5b2237049ee,malwarebazaar,exe,exe,2026-09-12 04:00:06,2026-09-12 04:42:38,85
hash_md5,fd944e273188b95150be59f249e896be,malwarebazaar,SimpleHelp,"d52f85,dropped-by-Amadey,exe,signed,SimpleHelp",2026-09-12 04:00:06,2026-09-12 04:42:38,85
hash_md5,feb501aebdc88a1fda4f75eb34234128,malwarebazaar,sh,sh,2026-09-12 04:00:06,2026-09-12 04:42:38,85
hash_md5,ff124366e7d544ca86a91f4fca324a0a,malwarebazaar,sh,sh,2026-09-12 04:00:06,2026-09-12 04:42:38,85
hash_sha256,00191bd7f825efdad8517fc426ad9fb3a7db18bc305a08285f516ebe6d811ae9,malwarebazaar,unknown,unknown,2026-09-12 04:00:06,2026-09-12 04:42:38,85
hash_sha256,006037c0aaf9e99318842e41057f4f47092ba8dbbd4f7d24ad0f7684a895ac3f,malwarebazaar,Mirai,"elf,Mirai",2026-09-12 04:00:06,2026-09-12 04:42:38,85
hash_sha256,014d9e1a79f0d6f80e9fa39e3574f559e5bf2d1526095237619fdedb6eaf34fc,malwarebazaar,sh,sh,2026-09-12 04:00:06,2026-09-12 04:42:38,85
hash_sha256,041bf99578bc1c3679f0fac99eeff3ed0eee3913ba462b21e1accd1d07106839,malwarebazaar,sh,sh,2026-09-12 04:00:06,2026-09-12 04:42:38,85
hash_sha256,0463f45c75df9cedca6f373b259715888bf4696ec78f629ec3b2998a3036021e,malwarebazaar,sh,sh,2026-09-12 04:00:06,2026-09-12 04:42:38,85
hash_sha256,070247a62cd42a99cc23d92903229b2f15c1515d7bcd5bc5ce3686a18ead61a7,malwarebazaar,exe,"exe,upx",2026-09-12 04:00:06,2026-09-12 04:42:38,85
hash_sha256,075bc80720bfb2176c2ca8802dd8e3c516b5b7bacc666a57d0c0f05749059867,malwarebazaar,Mirai,"elf,Mirai",2026-09-12 04:00:06,2026-09-12 04:42:38,85
hash_sha256,0859c524b8a63551848f0c246abddcb1d0b7b656b0fbfe879f8d85e61a9e6edd,malwarebazaar,exe,exe,2026-09-12 04:00:06,2026-09-12 04:42:38,85
hash_sha256,0e604973ecdd6fc60aeeffed859f68e38217f018d6568c8270a611d82cc9dbd6,malwarebazaar,elf,elf,2026-09-12 04:00:06,2026-09-12 04:42:38,85
hash_sha256,0f30e22204e82249862c49a460537062d2e6a86251e5ba7c8c76d2751310c0d2,malwarebazaar,exe,"54e64e,dropped-by-Amadey,exe",2026-09-12 04:00:06,2026-09-12 04:42:38,85
hash_sha256,1174adc828577ea1fec7876a535398dee6a4dcffd64898cb5621e81c40d6c3cf,malwarebazaar,sh,sh,2026-09-12 04:00:06,2026-09-12 04:42:38,85
hash_sha256,135764ae4337fbf9f8bc3119f6f83eebfc8df847a3fd2f33f25e0ded54f7dc46,malwarebazaar,elf,elf,2026-09-12 04:00:06,2026-09-12 04:42:38,85
hash_sha256,1705283904501e94a2573166083e76aa90adb98d647cfe30769ea1948805f086,malwarebazaar,unknown,unknown,2026-09-12 04:00:06,2026-09-12 04:42:38,85
hash_sha256,1b57891a8eaf2385c6dd45b53e1d4cc7db57c5a6ac8dbc653292795de5b400e2,malwarebazaar,exe,exe,2026-09-12 04:00:06,2026-09-12 04:42:38,85
hash_sha256,1ba8c6b1a58b294eb15e4f846b141fdda793f834e340767515d89609de5802ad,malwarebazaar,ConnectWise,"Connectwise,vbs",2026-09-12 04:00:06,2026-09-12 04:42:38,85
hash_sha256,1bb6d17dfbb9e9f568643559f62fd66066fcf965199de062552bba2b30c37df0,malwarebazaar,elf,elf,2026-09-12 04:00:06,2026-09-12 04:42:38,85
hash_sha256,1ecf72ad88cb8cda3263dcd384dc4a460d2339b3f79d352d20050ebf07cf7310,malwarebazaar,exe,"exe,signed",2026-09-12 04:00:06,2026-09-12 04:42:38,85
hash_sha256,202d6cbb3d1c1f639d388b7bcc6c3f24566eb27f2d5e7fc6520b454e5f868d2c,malwarebazaar,exe,"exe,signed,Vidar",2026-09-12 04:00:06,2026-09-12 04:42:38,85
hash_sha256,215b007c765f36722e640e9195cf05a2e9a185e82b83b343fab959a73d7c5234,malwarebazaar,exe,exe,2026-09-12 04:00:06,2026-09-12 04:42:38,85
hash_sha256,2250189b2c5c24f38393267d6e2a53ee7bf6068ce89dc16c27585831951d0b1f,malwarebazaar,exe,"54e64e,dropped-by-Amadey,exe",2026-09-12 04:00:06,2026-09-12 04:42:38,85
hash_sha256,2324697b8f4009e60b48753c8052f944e44232175a6e79eebb6233761e3d10f9,malwarebazaar,ConnectWise,"ConnectWise,msi",2026-09-12 04:00:06,2026-09-12 04:42:38,85
hash_sha256,239e08348e93521099925b54a985509ea438cdee05e0090e2403e0f895bbc9a2,malwarebazaar,ConnectWise,msi,2026-09-12 04:00:06,2026-09-12 04:42:38,85
hash_sha256,26a618a76ddc78275deeeda1f76c77c8311a3027aaf54b0dd954c046c2347ad9,malwarebazaar,elf,elf,2026-09-12 04:00:06,2026-09-12 04:42:38,85
hash_sha256,289eba021664d56c712b0fe24c3405101648fc158a35073e8e167a048cf9ba34,malwarebazaar,Mirai,"elf,Mirai",2026-09-12 04:00:06,2026-09-12 04:42:38,85
hash_sha256,28e5195b66174575e878e4f48132ef8589a22d8cc8533229f15ea1f96de2ce2a,malwarebazaar,exe,"A,dropped-by-GCleaner,exe,MIX2.file",2026-09-12 04:00:06,2026-09-12 04:42:38,85
hash_sha256,2b162afcac93c8522f3ea60ce95b8f00eef7572e6a26e9bc66e9d37314b2c07b,malwarebazaar,elf,elf,2026-09-12 04:00:06,2026-09-12 04:42:38,85
hash_sha256,2e8e8593bab13ebceb50cb1905f1c78d96c8fa5eee3cfb1fef5e8e9cc2d35bba,malwarebazaar,exe,"exe,SilverFox,Trojan/SilverFox.bg[qtsc],ValleyRAT",2026-09-12 04:00:06,2026-09-12 04:42:38,85
hash_sha256,308709b502a8ab2c7949b8c8dca32b63ccbe629911e933e7a025c790060be8b3,malwarebazaar,exe,exe,2026-09-12 04:00:06,2026-09-12 04:42:38,85
hash_sha256,3102c7b291c9c10cda2e3e7901fb66940a98bb75ca0d728a694787db57b76b39,malwarebazaar,elf,elf,2026-09-12 04:00:06,2026-09-12 04:42:38,85
hash_sha256,36c8e66b56a21a7a9d30ecde90d096d037c8e30a0596a66ddf30fa221a0bbc96,malwarebazaar,elf,elf,2026-09-12 04:00:06,2026-09-12 04:42:38,85
hash_sha256,377379c652f12ac35cbdbcbd670049127d975fa53968403c1c71b829320f5415,malwarebazaar,unknown,unknown,2026-09-12 04:00:06,2026-09-12 04:42:38,85
hash_sha256,3a1e08b453d00775fdba4e4064d9ee3653958d2b64fad3c35e2d0f4ce09fb88c,malwarebazaar,sh,sh,2026-09-12 04:00:06,2026-09-12 04:42:38,85
hash_sha256,3a462191a1be3df3ae79c3779862eca9265dd45431768fd59419b109194c9ab3,malwarebazaar,elf,elf,2026-09-12 04:00:06,2026-09-12 04:42:38,85
hash_sha256,3e7d4140d6032515c6d19b25ee836c522519935db8b54d350020f94f744c5281,malwarebazaar,VShell,exe,2026-09-12 04:00:06,2026-09-12 04:42:38,85
hash_sha256,3f3dfec9e1345afd818fd278d087dcc94be257c82094c981bb2e881c219a3e90,malwarebazaar,elf,elf,2026-09-12 04:00:06,2026-09-12 04:42:38,85
hash_sha256,3f8a269735332db54cef58223415138998c4201b84d8269cdf6f2c3f862b10bd,malwarebazaar,elf,elf,2026-09-12 04:00:06,2026-09-12 04:42:38,85
hash_sha256,42e9c10c1da5c624010da51c0654bfe027e71d175ac7bfcb695608cf01a8a6ca,malwarebazaar,SimpleHelp,"d52f85,dropped-by-Amadey,exe,signed,SimpleHelp",2026-09-12 04:00:06,2026-09-12 04:42:38,85
hash_sha256,4648d64c42534b5b219f595a78454d69a1200acb9cb9e51dcefb064772884814,malwarebazaar,sh,sh,2026-09-12 04:00:06,2026-09-12 04:42:38,85
hash_sha256,4a84d21194b584be67bebb9268e5f8cde55b65b51f81050cd16740548ee0e66e,malwarebazaar,sh,sh,2026-09-12 04:00:06,2026-09-12 04:42:38,85
hash_sha256,4b10df23597ecbe7be2e660976db1dc16f6ae8965c87348f09ae94c1b63c5c08,malwarebazaar,exe,"BB3.file,dropped-by-GCleaner,exe,F",2026-09-12 04:00:06,2026-09-12 04:42:38,85
hash_sha256,522e81b62f42b1af8caf7ffec9c0e456cbe1c3a8c1c93af48ab5ea7e33fd99fc,malwarebazaar,elf,elf,2026-09-12 04:00:06,2026-09-12 04:42:38,85
hash_sha256,5bea5af5215089d97749d438351d7288310d0b8a472616edbe1b34168ad1001c,malwarebazaar,exe,exe,2026-09-12 04:00:06,2026-09-12 04:42:38,85
hash_sha256,5d757e786fd27a16b5ad72055c510603fed18a91221011e20dbe6959f649af3f,malwarebazaar,sh,sh,2026-09-12 04:00:06,2026-09-12 04:42:38,85
hash_sha256,5f8208c4790ca7b7aa199cf9ae09933bef089e0f86df853b17b59c14e7aa3fab,malwarebazaar,ConnectWise,exe,2026-09-12 04:00:06,2026-09-12 04:42:38,85
hash_sha256,60949961bef062ec8fc2b811c3b64a045865b7161d10489fa73889d2e8654899,malwarebazaar,gz,"gz,tc-static-a9fea332-nyc3-digitaloceanspaces-com",2026-09-12 04:00:06,2026-09-12 04:42:38,85
hash_sha256,611452d6c49d83db23602b9970923fe6b9af73502ccfedfc1ab03672d2e9a103,malwarebazaar,exe,"exe,signed,Vidar",2026-09-12 04:00:06,2026-09-12 04:42:38,85
hash_sha256,615861fb801e8b04c847598db4e1e46e4b046295017caa37cb5486dde72b5865,malwarebazaar,zip,zip,2026-09-12 04:00:06,2026-09-12 04:42:38,85
hash_sha256,620bf856545ecf108abad84aeea7eb41d96667a2c6412810fabbee2e8ef08144,malwarebazaar,unknown,unknown,2026-09-12 04:00:06,2026-09-12 04:42:38,85
hash_sha256,62385fb098c8bb89c52800866aae7e3e7f8496e6f51866dad5d7c2ef2c8cb016,malwarebazaar,exe,exe,2026-09-12 04:00:06,2026-09-12 04:42:38,85
hash_sha256,668dcf124501c1767d4ebc19f29cb44d6474cbff28947d63a695628f467b6345,malwarebazaar,Gh0stRAT,"exe,Gh0stRAT,signed",2026-09-12 04:00:06,2026-09-12 04:42:38,85
hash_sha256,681ed8e2061fda8b31031a8d534b01ce53e1634913fe04e696c6183282f6e5c8,malwarebazaar,sh,sh,2026-09-12 04:00:06,2026-09-12 04:42:38,85
hash_sha256,7071105d106dd6e6272f56d73d8868b9c025727d099c5d73bb7c56f24ace4cd0,malwarebazaar,elf,elf,2026-09-12 04:00:06,2026-09-12 04:42:38,85
hash_sha256,70cd92cc85d2d09088a6e771f56c024112408f8331182176abc01acb1b0d4dab,malwarebazaar,sh,sh,2026-09-12 04:00:06,2026-09-12 04:42:38,85
hash_sha256,73ef49ae844b024dc84215f6a00d22e0cf9f19c244003100fdafa76ce55c3b82,malwarebazaar,exe,exe,2026-09-12 04:00:06,2026-09-12 04:42:38,85
hash_sha256,7583a696c82d66041cf8778d18c99ebc142dafde43f37fbe5dd088af6cad0fe8,malwarebazaar,ConnectWise,"Connectwise,iso",2026-09-12 04:00:06,2026-09-12 04:42:38,85
hash_sha256,75d65495954107d7eb67a25618bf33c734a6635846a9bf46bd6c2f3f16216b38,malwarebazaar,CoinMiner,"CoinMiner,dropped-by-StealC,exe,loader_proxy_v1",2026-09-12 04:00:06,2026-09-12 04:42:38,85
hash_sha256,774a531c6b2a7a6a10f94fcc74649dd6a20e79b7e06dae532c49e8b1fcf84c2f,malwarebazaar,elf,elf,2026-09-12 04:00:06,2026-09-12 04:42:38,85
hash_sha256,7d86501fcd6856efe97f82469500fb2e92f2bc59ceae5aa5589e943550738db9,malwarebazaar,elf,elf,2026-09-12 04:00:06,2026-09-12 04:42:38,85
hash_sha256,7e1ae53631f43638bbfe0596aa871163b1cb0227f2ff49628b460082ff9e318a,malwarebazaar,Mirai,"elf,Mirai",2026-09-12 04:00:06,2026-09-12 04:42:38,85
hash_sha256,7ef0267249971de2a5664d4667130f912ed4880fa399a587bba2c23fe87fba2c,malwarebazaar,exe,"dropped-by-GCleaner,exe,F,MIX9.file",2026-09-12 04:00:06,2026-09-12 04:42:38,85
hash_sha256,7f2e753ab938a58b8807bd0ef7fb8d42a7de0c0e74012924729093c3a87a4a2e,malwarebazaar,elf,elf,2026-09-12 04:00:06,2026-09-12 04:42:38,85
hash_sha256,80957b43a59cc8eb7fd66ba361edc8bbefa45e1d5e8d64de8e043f430e01320d,malwarebazaar,elf,elf,2026-09-12 04:00:06,2026-09-12 04:42:38,85
hash_sha256,865d76d478e2ccd75cec7e80f8b32053ba0a41f98e242e9b3316b74c9a7a9dd4,malwarebazaar,RemusStealer,"exe,Remus,RemusStealer,signed",2026-09-12 04:00:06,2026-09-12 04:42:38,85
hash_sha256,872084e1b23f76e71344d173ba0db5a74937e47be5fa1300c63b95ddac532962,malwarebazaar,unknown,unknown,2026-09-12 04:00:06,2026-09-12 04:42:38,85
hash_sha256,89ffb0a47c08317efbce80843296400f5a7f7a9ab6007221324ff80f9b4873fc,malwarebazaar,sh,sh,2026-09-12 04:00:06,2026-09-12 04:42:38,85
hash_sha256,8ab302b2e0fa873555d95673939b59ca2d4293b6fea338b6c074472cd1ca2333,malwarebazaar,Mirai,"elf,Mirai",2026-09-12 04:00:06,2026-09-12 04:42:38,85
hash_sha256,8b1399615679c18fdd9bf4cf9f90ad4929e4b3fd69af2991f12a8d304afa2c00,malwarebazaar,js,js,2026-09-12 04:00:06,2026-09-12 04:42:38,85
hash_sha256,8b4664c393c78d5e5cb22b6f95afd9ed70751b56a8593c53aa8626c5116e0783,malwarebazaar,ValleyRAT,"exe,SilverFox,Trojan/SilverFox.bg[qtsc],ValleyRAT",2026-09-12 04:00:06,2026-09-12 04:42:38,85
hash_sha256,8d76a726aac8603046e1659eeee8f051341d15955ddeead7d34394a5784e57ca,malwarebazaar,gz,gz,2026-09-12 04:00:06,2026-09-12 04:42:38,85
hash_sha256,8ddb90d70c6eb79c031f14c269cbc26a9c0b9733b97d37dc816935fbc195b68c,malwarebazaar,elf,elf,2026-09-12 04:00:06,2026-09-12 04:42:38,85
hash_sha256,8ecfb2433de0daff367218bcfcc8948208dd638409f84d1a3ebec384ef0954ee,malwarebazaar,Mirai,"elf,Mirai",2026-09-12 04:00:06,2026-09-12 04:42:38,85
hash_sha256,8fed74fc6195bbc09ef4c896fbc6b9e7944c3059a7b1f8e9f750a60d74228527,malwarebazaar,dll,dll,2026-09-12 04:00:06,2026-09-12 04:42:38,85
hash_sha256,91dfe3049b9de072378178064f2a248efa13dcdc23e0b51e578a5f4378e2b827,malwarebazaar,Gh0stRAT,"exe,Gh0stRAT,signed",2026-09-12 04:00:06,2026-09-12 04:42:38,85
hash_sha256,923dbede92d58d7c58199c91b8f6cbdafdd938337889879e8ec366c1bf4d0577,malwarebazaar,elf,elf,2026-09-12 04:00:06,2026-09-12 04:42:38,85
hash_sha256,92d7268dd1d01a365834bfaaee3d2f30f477dd997fdc747a009438a16040d814,malwarebazaar,ValleyRAT,"exe,SilverFox,Trojan/SilverFox.bg[qtsc],ValleyRAT",2026-09-12 04:00:06,2026-09-12 04:42:38,85
hash_sha256,9654e2f8add456b4c77d2435ed30299fd9c0935ae6ce34adc52833926e400e6e,malwarebazaar,sh,sh,2026-09-12 04:00:06,2026-09-12 04:42:38,85
hash_sha256,979048a749d8f28d877c7068b1b336ecd1e349869dfb1d7c68118f90e4099bc4,malwarebazaar,exe,exe,2026-09-12 04:00:06,2026-09-12 04:42:38,85
hash_sha256,98427fcd6bfd9852e90280aa97c3269bc6b1beace0adf69363291d0304f56a79,malwarebazaar,ConnectWise,msi,2026-09-12 04:00:06,2026-09-12 04:42:38,85
hash_sha256,985cf05a00486d49bf1047e1071c4c47c15873dc3da4bb10fc444ffe48f32e3b,malwarebazaar,elf,elf,2026-09-12 04:00:06,2026-09-12 04:42:38,85
hash_sha256,987984d2a675e4c2193944d7b454d467d7ebaf7111b12bc55bb9bc5df55f9058,malwarebazaar,sh,sh,2026-09-11 16:00:11,2026-09-12 04:42:38,85
hash_sha256,999ceeda77c4552adb04e486f8771daea56a99e9642e1e4510b7e985a3684d89,malwarebazaar,Mirai,"elf,Mirai",2026-09-12 04:00:06,2026-09-12 04:42:38,85
hash_sha256,99ac4893f2aa8767f32701a4cc7d90a3914ae118ce029e59ada6979a7ca83d60,malwarebazaar,unknown,unknown,2026-09-12 04:00:06,2026-09-12 04:42:38,85
hash_sha256,9e725f4893d50fccea212a96359489cb36a00e8f397ebbb2e712278b124c5567,malwarebazaar,exe,"exe,signed",2026-09-12 04:00:06,2026-09-12 04:42:38,85
hash_sha256,a36ee55b824760641e9c06a8b30fc2ed23851bc49da254c61a68fdcf4b192bf0,malwarebazaar,ConnectWise,"ConnectWise,msi",2026-09-12 04:00:06,2026-09-12 04:42:38,85
hash_sha256,a3d81818dff46b4308800261c4d762eade3580fe6cfa1b216fb93f4fe6d507da,malwarebazaar,unknown,unknown,2026-09-12 04:00:06,2026-09-12 04:42:38,85
hash_sha256,a5c2b4998234c69b846a1e3541771424791797fcca7815f18cdca62f9677735b,malwarebazaar,sh,sh,2026-09-12 04:00:06,2026-09-12 04:42:38,85
hash_sha256,a9e5cd6b32e7f977682e529a669cf991f61764f76cabba258fd1a9391e0cdfed,malwarebazaar,elf,elf,2026-09-12 04:00:06,2026-09-12 04:42:38,85
hash_sha256,ae58a420b0c7c35b5b56ccd413c5e0cf73935b433bc58a30d31634fb4d12fc38,malwarebazaar,Mirai,"elf,Mirai",2026-09-12 04:00:06,2026-09-12 04:42:38,85
hash_sha256,b76b8bb1d0fe972f9021a27bbb1a7be2144e0b7b6a08e8ce4421c64660d693ef,malwarebazaar,Amadey,dll,2026-09-12 04:00:06,2026-09-12 04:42:38,85
hash_sha256,bb04d6d6fccd0c5eaaeb02bc0c904c0122e9a61d0756b579c2d0da760190b576,malwarebazaar,Amadey,exe,2026-09-12 04:00:06,2026-09-12 04:42:38,85
hash_sha256,bdd4b1198ebbfc963373747ee0bf6d0141e0601545c88fff80a9aa1300a8e867,malwarebazaar,unknown,unknown,2026-09-12 04:00:06,2026-09-12 04:42:38,85
hash_sha256,bdd9063fedf9dcc2feecff5bf0123af411301b41d0999ebfd34b012b89027ea7,malwarebazaar,elf,elf,2026-09-12 04:00:06,2026-09-12 04:42:38,85
hash_sha256,c550bbd469301cc67cacf5713e4919b53d099cc24ba27a9121e4c32d1a13581c,malwarebazaar,sh,sh,2026-09-11 16:00:11,2026-09-12 04:42:38,85
hash_sha256,c8fd1ce67cac8f8bf4f2ced77f82cca4ddcc3ab084040898776e30c962c055ff,malwarebazaar,elf,elf,2026-09-12 04:00:06,2026-09-12 04:42:38,85
hash_sha256,ca3ebe2ce77f73faf246331eff19f8c33966520ff7c3369d83d244dfdbda0a1a,malwarebazaar,RemusStealer,"exe,Remus,RemusStealer,signed",2026-09-12 04:00:06,2026-09-12 04:42:38,85
hash_sha256,cc511dd39249378019f395fba5a1869dd37d313010b7770f2f279ce0d17dddc7,malwarebazaar,unknown,"5000,dropped-by-remcos",2026-09-12 04:00:06,2026-09-12 04:42:38,85
hash_sha256,d1b852aad9b9f623010dcfe1ab3ee3eb125dc6d9dafcd26e93ac8fe59d13a4fd,malwarebazaar,sh,sh,2026-09-12 04:00:06,2026-09-12 04:42:38,85
hash_sha256,d2e05ab012733f8684972c93ed7ff087fc3b610e0b15b71725c4ad5bb7880d68,malwarebazaar,unknown,unknown,2026-09-12 04:00:06,2026-09-12 04:42:38,85
hash_sha256,d3d007c14bda781264dd314938122f6c7d3b772d5870787cfbaa992d4c251c61,malwarebazaar,elf,elf,2026-09-12 04:00:06,2026-09-12 04:42:38,85
hash_sha256,d6bdad8b255a82c22b6b94b818f2a044a33edff0d52224bb79cfad1faf700c0e,malwarebazaar,exe,"A,dropped-by-GCleaner,exe,MIX1.file",2026-09-12 04:00:06,2026-09-12 04:42:38,85
hash_sha256,d73ee5f1b3855f67fa6e09a0ff4a288d27349902123625c89aa0caf22427af8a,malwarebazaar,GoToResolve,"GoToResolve,msi,signed",2026-09-12 04:00:06,2026-09-12 04:42:38,85
hash_sha256,d7930ec34b23b972555b6ccd5ea1c333a04631b791f54820c5b9df8f11bddd3d,malwarebazaar,elf,elf,2026-09-12 04:00:06,2026-09-12 04:42:38,85
hash_sha256,db3cf6dae0646bbe3715d66efb5efdc0a42c96efbbe4166e043d890a1a74c2db,malwarebazaar,ConnectWise,"ConnectWise,msi",2026-09-12 04:00:06,2026-09-12 04:42:38,85
hash_sha256,dbac862805f4b4e1b426ed441bf4c4d2c9523ef17189759294f2d3cfeb88e9a2,malwarebazaar,unknown,KongTuke,2026-09-12 04:00:06,2026-09-12 04:42:38,85
hash_sha256,dbb1e585efe9bb66f33b50181946f7f0fefcd7fce76c52c3fe84684ba915c78c,malwarebazaar,elf,elf,2026-09-12 04:00:06,2026-09-12 04:42:38,85
hash_sha256,e5eba0c505759a2ddd4a03332caf54ee531a062dacf19c12c015221ab3065aad,malwarebazaar,ps1,ps1,2026-09-12 04:00:06,2026-09-12 04:42:38,85
hash_sha256,e62de7f0fa99cc51e597b2ec7e021f8805b994a4fa7ebc67519a629735b51651,malwarebazaar,exe,"dropped-by-StealC,exe,loader_proxy_v1",2026-09-12 04:00:06,2026-09-12 04:42:38,85
hash_sha256,e67dab6ed71638cbd6c08d9559723e2b3161eb65581b66be59ae6828d92c93f3,malwarebazaar,exe,"exe,signed",2026-09-12 04:00:06,2026-09-12 04:42:38,85
hash_sha256,e68f2fd161378cad6e3a51312b21a87971851d59a59257be6b4f8a868cc18569,malwarebazaar,GoToResolve,"Gotoresolve,vbs",2026-09-12 04:00:06,2026-09-12 04:42:38,85
hash_sha256,e9704311b60ac9400afb5819e273ccccc2093321c239610952e8f526c4388c66,malwarebazaar,Mirai,"elf,Mirai",2026-09-12 04:00:06,2026-09-12 04:42:38,85
hash_sha256,e9c94db804325dadf535d34ee2a5e487d0f26880eb7ef3edb82d1c7de7e19897,malwarebazaar,exe,"exe,upx-dec",2026-09-12 04:00:06,2026-09-12 04:42:38,85
hash_sha256,e9f2856e7040aeebd9a4f0107296fd2a13873e482bfafe285652687af25ab949,malwarebazaar,exe,exe,2026-09-12 04:00:06,2026-09-12 04:42:38,85
hash_sha256,eddf6ba316a60044c88ba8570d9bb0ad0ee4f91a4b017b844f5d4d42af8479bb,malwarebazaar,elf,elf,2026-09-12 04:00:06,2026-09-12 04:42:38,85
hash_sha256,f221cfcb2f7554b9b457e81dd1637c410de2b610b51f8072ab16ee1135bc1953,malwarebazaar,unknown,KongTuke,2026-09-12 04:00:06,2026-09-12 04:42:38,85
hash_sha256,f75119b46828e699a35b12230d66f34ce0bd9fe0e79edc9317912e2446ebbff4,malwarebazaar,elf,elf,2026-09-12 04:00:06,2026-09-12 04:42:38,85
hash_sha256,fd4fe05051826bda9353ba88506d2394105c924e7a0aceb6300ddba4fb741e39,malwarebazaar,unknown,unknown,2026-09-12 04:00:06,2026-09-12 04:42:38,85
ip,102.117.163.149,threatfox,Unknown malware,"threatfox,drb-ra,Mythic",2026-09-12 04:07:43,2026-09-12 04:42:38,85
ip,105.101.131.181,threatfox,AsyncRAT,"threatfox,AsyncRAT,drb-ra,RAT",2026-09-12 04:07:43,2026-09-12 04:42:38,85
ip,118.107.16.32,threatfox,PureRAT,"threatfox,drb-ra,PureHVNC,PureRAT,RAT",2026-09-01 16:06:06,2026-09-12 04:42:38,85
ip,124.223.188.23,threatfox,Cobalt Strike,"threatfox,cobaltstrike",2026-09-08 16:06:38,2026-09-12 04:42:38,85
ip,144.31.6.37,threatfox,PureRAT,"threatfox,drb-ra,PureHVNC,PureRAT,RAT",2026-09-12 04:07:43,2026-09-12 04:42:38,85
ip,148.66.17.124,threatfox,VShell,"threatfox,vshell",2026-09-12 04:07:43,2026-09-12 04:42:38,85
ip,154.8.155.90,threatfox,VShell,"threatfox,vshell",2026-09-12 04:07:43,2026-09-12 04:42:38,85
ip,154.91.56.101,threatfox,VShell,"threatfox,vshell",2026-09-05 16:06:50,2026-09-12 04:42:38,85
ip,154.91.56.107,threatfox,VShell,"threatfox,vshell",2026-09-05 16:06:50,2026-09-12 04:42:38,85
ip,154.91.57.103,threatfox,VShell,"threatfox,vshell",2026-09-04 16:06:41,2026-09-12 04:42:38,85
ip,154.91.58.104,threatfox,VShell,"threatfox,vshell",2026-09-05 04:08:24,2026-09-12 04:42:38,85
ip,154.91.58.111,threatfox,VShell,"threatfox,vshell",2026-09-05 04:08:24,2026-09-12 04:42:38,85
ip,154.91.59.110,threatfox,VShell,"threatfox,vshell",2026-09-05 16:06:50,2026-09-12 04:42:38,85
ip,154.91.59.112,threatfox,VShell,"threatfox,vshell",2026-09-08 04:06:28,2026-09-12 04:42:38,85
ip,154.91.59.113,threatfox,VShell,"threatfox,vshell",2026-09-08 04:06:28,2026-09-12 04:42:38,85
ip,154.91.60.109,threatfox,VShell,"threatfox,vshell",2026-09-08 04:06:28,2026-09-12 04:42:38,85
ip,154.91.60.110,threatfox,VShell,"threatfox,vshell",2026-09-08 04:06:28,2026-09-12 04:42:38,85
ip,154.91.60.114,threatfox,VShell,"threatfox,vshell",2026-09-12 04:07:43,2026-09-12 04:42:38,85
ip,154.91.60.116,threatfox,VShell,"threatfox,vshell",2026-09-08 04:06:28,2026-09-12 04:42:38,85
ip,154.91.60.122,threatfox,VShell,"threatfox,vshell",2026-09-08 04:06:28,2026-09-12 04:42:38,85
ip,154.91.60.126,threatfox,VShell,"threatfox,vshell",2026-09-05 16:06:50,2026-09-12 04:42:38,85
ip,154.91.61.106,threatfox,VShell,"threatfox,vshell",2026-09-05 16:06:50,2026-09-12 04:42:38,85
ip,154.91.61.107,threatfox,VShell,"threatfox,vshell",2026-09-05 16:06:50,2026-09-12 04:42:38,85
ip,154.91.61.110,threatfox,VShell,"threatfox,vshell",2026-09-08 04:06:28,2026-09-12 04:42:38,85
ip,154.91.61.112,threatfox,VShell,"threatfox,vshell",2026-09-05 16:06:50,2026-09-12 04:42:38,85
ip,154.91.61.114,threatfox,VShell,"threatfox,vshell",2026-09-05 04:08:24,2026-09-12 04:42:38,85
ip,154.91.61.118,threatfox,VShell,"threatfox,vshell",2026-09-05 04:08:24,2026-09-12 04:42:38,85
ip,154.91.62.103,threatfox,VShell,"threatfox,vshell",2026-09-08 04:06:28,2026-09-12 04:42:38,85
ip,154.91.62.113,threatfox,VShell,"threatfox,vshell",2026-09-05 04:08:24,2026-09-12 04:42:38,85
ip,154.91.62.118,threatfox,VShell,"threatfox,vshell",2026-09-04 16:06:41,2026-09-12 04:42:38,85
ip,154.91.62.122,threatfox,VShell,"threatfox,vshell",2026-09-12 04:07:43,2026-09-12 04:42:38,85
ip,154.91.62.125,threatfox,VShell,"threatfox,vshell",2026-09-04 16:06:41,2026-09-12 04:42:38,85
ip,154.91.62.126,threatfox,VShell,"threatfox,vshell",2026-09-04 04:06:11,2026-09-12 04:42:38,85
ip,154.91.63.102,threatfox,VShell,"threatfox,vshell",2026-09-09 16:06:21,2026-09-12 04:42:38,85
ip,154.91.63.106,threatfox,VShell,"threatfox,vshell",2026-09-04 16:06:41,2026-09-12 04:42:38,85
ip,154.91.63.107,threatfox,VShell,"threatfox,vshell",2026-09-09 16:06:21,2026-09-12 04:42:38,85
ip,154.91.63.116,threatfox,VShell,"threatfox,vshell",2026-09-04 04:06:11,2026-09-12 04:42:38,85
ip,158.94.209.209,threatfox,AsyncRAT,"threatfox,AsyncRAT,drb-ra,RAT",2026-09-04 16:06:41,2026-09-12 04:42:38,85
ip,172.111.198.212,threatfox,PureRAT,"threatfox,drb-ra,PureHVNC,PureRAT,RAT",2026-08-21 16:09:29,2026-09-12 04:42:38,85
ip,191.93.113.119,threatfox,DCRat,"threatfox,DCRat,drb-ra,RAT",2026-09-11 16:06:12,2026-09-12 04:42:38,85
ip,192.252.187.56,threatfox,PureRAT,"threatfox,drb-ra,PureHVNC,PureRAT,RAT",2026-09-07 04:07:00,2026-09-12 04:42:38,85
ip,194.32.142.225,threatfox,Evilginx,"threatfox,drb-ra,Evilginx,EvilGoPhish",2026-07-17 05:20:52,2026-09-12 04:42:38,85
ip,195.177.94.100,threatfox,PureRAT,"threatfox,drb-ra,PureHVNC,PureRAT,RAT",2026-09-12 04:07:43,2026-09-12 04:42:38,85
ip,196.251.121.124,threatfox,PureRAT,"threatfox,drb-ra,PureHVNC,PureRAT,RAT",2026-08-24 04:06:11,2026-09-12 04:42:38,85
ip,198.13.158.57,threatfox,Havoc,"threatfox,drb-ra,Havoc",2026-09-12 04:07:43,2026-09-12 04:42:38,85
ip,204.0.56.147,threatfox,Unknown malware,"threatfox,drb-ra,Mythic",2026-09-12 04:07:43,2026-09-12 04:42:38,85
ip,217.217.97.90,threatfox,PureRAT,"threatfox,drb-ra,PureHVNC,PureRAT,RAT",2026-09-12 04:07:43,2026-09-12 04:42:38,85
ip,217.60.195.40,threatfox,PureRAT,"threatfox,drb-ra,PureHVNC,PureRAT,RAT",2026-08-15 20:13:13,2026-09-12 04:42:38,85
ip,5.175.222.230,threatfox,Mirai,"threatfox,drb-ra,Mirai",2026-09-12 04:07:43,2026-09-12 04:42:38,85
ip,50.114.172.219,threatfox,VShell,"threatfox,vshell",2026-09-12 04:07:43,2026-09-12 04:42:38,85
ip,60.205.123.176,threatfox,VShell,"threatfox,vshell",2026-09-12 04:07:43,2026-09-12 04:42:38,85
ip,79.175.118.111,threatfox,VShell,"threatfox,vshell",2026-09-12 04:07:43,2026-09-12 04:42:38,85
ip,84.247.187.47,threatfox,AsyncRAT,"threatfox,AsyncRAT,drb-ra,RAT",2026-09-10 04:07:18,2026-09-12 04:42:38,85
ssl_sha1,127e6ea4434d1e7c81918b4032c1282aa7d6d8a7,sslbl,ConnectWise C&C,"sslbl,2026-07-15",2026-07-16 05:21:37,2026-09-12 04:42:38,88
ssl_sha1,2e22d7adb72403b6ff2b18c7302cbfff8ea45010,sslbl,KongTuke C&C,"sslbl,2026-07-14",2026-07-16 05:21:37,2026-09-12 04:42:38,88
ssl_sha1,3e615d9da0efbbbea30584bce2037017460f7251,sslbl,PureLogsStealer C&C,"sslbl,2026-07-14",2026-07-14 19:40:35,2026-09-12 04:42:38,88
ssl_sha1,aa813482114409b8a5f198a39d02a77d492f7911,sslbl,ACRStealer C&C,"sslbl,2026-07-14",2026-07-14 08:25:37,2026-09-12 04:42:38,88
ssl_sha1,c0ee8887cf0998ae07e71d2f78fb121c3bafc9d5,sslbl,PureLogsStealer C&C,"sslbl,2026-07-15",2026-07-16 05:21:37,2026-09-12 04:42:38,88
ssl_sha1,ca3454955272556813ca9be9954e720fa6b6796a,sslbl,KongTuke C&C,"sslbl,2026-07-14",2026-07-16 05:21:37,2026-09-12 04:42:38,88
ssl_sha1,d75206e1bb0d0ab79c93e78178e102f6ef071732,sslbl,OffLoader C&C,"sslbl,2026-07-14",2026-07-14 08:25:37,2026-09-12 04:42:38,88
ssl_sha1,eb8e9c5b1aa45b3d4ca6b05695a50aea57f7f56e,sslbl,PureLogsStealer C&C,"sslbl,2026-07-14",2026-07-14 19:40:35,2026-09-12 04:42:38,88
url,http://103.125.31.101:58368/i,urlhaus,malware_download,"32-bit,arm,elf,mirai,Mozi",2026-09-11 16:00:11,2026-09-12 04:42:38,85
url,http://103.171.168.74:33809/bin.sh,urlhaus,malware_download,"32-bit,elf,mips,Mozi",2026-09-12 04:00:06,2026-09-12 04:42:38,85
url,http://105.184.139.80:45613/bin.sh,urlhaus,malware_download,"32-bit,arm,elf,mirai,Mozi",2026-09-12 04:00:06,2026-09-12 04:42:38,85
url,http://105.184.213.176:55983/bin.sh,urlhaus,malware_download,"32-bit,arm,elf,mirai,Mozi",2026-09-12 04:00:06,2026-09-12 04:42:38,85
url,http://105.184.213.176:55983/i,urlhaus,malware_download,"32-bit,arm,elf,mirai,Mozi",2026-09-12 04:00:06,2026-09-12 04:42:38,85
url,http://105.184.62.42:37217/bin.sh,urlhaus,malware_download,"32-bit,arm,elf,mirai,Mozi",2026-09-12 04:00:06,2026-09-12 04:42:38,85
url,http://105.186.142.56:42435/bin.sh,urlhaus,malware_download,"32-bit,arm,elf,mirai,Mozi",2026-09-12 04:00:06,2026-09-12 04:42:38,85
url,http://105.186.142.56:42435/i,urlhaus,malware_download,"32-bit,arm,elf,mirai,Mozi",2026-09-12 04:00:06,2026-09-12 04:42:38,85
url,http://105.224.26.231:36679/bin.sh,urlhaus,malware_download,"32-bit,arm,elf,mirai,Mozi",2026-09-12 04:00:06,2026-09-12 04:42:38,85
url,http://105.224.26.231:36679/i,urlhaus,malware_download,"32-bit,arm,elf,mirai,Mozi",2026-09-12 04:00:06,2026-09-12 04:42:38,85
url,http://112.198.128.164:47005/bin.sh,urlhaus,malware_download,"32-bit,arm,elf,mirai,Mozi",2026-09-12 04:00:06,2026-09-12 04:42:38,85
url,http://113.237.108.204:58407/bin.sh,urlhaus,malware_download,"32-bit,elf,mips,Mozi",2026-09-12 04:00:06,2026-09-12 04:42:38,85
url,http://113.237.108.204:58407/i,urlhaus,malware_download,"32-bit,elf,mips,Mozi",2026-09-12 04:00:06,2026-09-12 04:42:38,85
url,http://115.50.218.143:58288/bin.sh,urlhaus,malware_download,"32-bit,elf,mips,Mozi",2026-09-12 04:00:06,2026-09-12 04:42:38,85
url,http://115.50.218.143:58288/i,urlhaus,malware_download,"32-bit,elf,mips,Mozi",2026-09-12 04:00:06,2026-09-12 04:42:38,85
url,http://115.52.179.227:44220/bin.sh,urlhaus,malware_download,"32-bit,elf,mips,Mozi",2026-09-12 04:00:06,2026-09-12 04:42:38,85
url,http://115.52.179.227:44220/i,urlhaus,malware_download,"32-bit,elf,mips,Mozi",2026-09-12 04:00:06,2026-09-12 04:42:38,85
url,http://115.55.54.56:42807/bin.sh,urlhaus,malware_download,"32-bit,elf,mips,Mozi",2026-09-12 04:00:06,2026-09-12 04:42:38,85
url,http://115.55.54.56:42807/i,urlhaus,malware_download,"32-bit,elf,mips,Mozi",2026-09-12 04:00:06,2026-09-12 04:42:38,85
url,http://115.56.157.163:33718/bin.sh,urlhaus,malware_download,"32-bit,elf,mips,Mozi",2026-09-12 04:00:06,2026-09-12 04:42:38,85
url,http://115.58.80.135:41804/i,urlhaus,malware_download,"32-bit,elf,mips,Mozi",2026-09-12 04:00:06,2026-09-12 04:42:38,85
url,http://115.61.243.173:56716/i,urlhaus,malware_download,"32-bit,elf,mips,Mozi",2026-09-12 04:00:06,2026-09-12 04:42:38,85
url,http://116.75.87.176:43639/i,urlhaus,malware_download,"32-bit,elf,mips,Mozi",2026-09-12 04:00:06,2026-09-12 04:42:38,85
url,http://119.165.254.83:53777/bin.sh,urlhaus,malware_download,"32-bit,arm,elf,mirai,Mozi",2026-09-12 04:00:06,2026-09-12 04:42:38,85
url,http://119.165.254.83:53777/i,urlhaus,malware_download,"32-bit,arm,elf,mirai,Mozi",2026-09-12 04:00:06,2026-09-12 04:42:38,85
url,http://119.179.215.67:52251/i,urlhaus,malware_download,"32-bit,elf,mips,Mozi",2026-09-12 04:00:06,2026-09-12 04:42:38,85
url,http://123.14.221.85:59265/bin.sh,urlhaus,malware_download,"32-bit,elf,mips,Mozi",2026-09-11 16:00:11,2026-09-12 04:42:38,85
url,http://123.14.221.85:59265/i,urlhaus,malware_download,"32-bit,elf,mips,Mozi",2026-09-11 16:00:11,2026-09-12 04:42:38,85
url,http://123.190.27.84:51494/bin.sh,urlhaus,malware_download,"32-bit,elf,mips,Mozi",2026-09-12 04:00:06,2026-09-12 04:42:38,85
url,http://123.190.27.84:51494/i,urlhaus,malware_download,"32-bit,elf,mips,Mozi",2026-09-12 04:00:06,2026-09-12 04:42:38,85
url,http://124.95.8.174:38161/bin.sh,urlhaus,malware_download,"32-bit,elf,mips,Mozi",2026-09-12 04:00:06,2026-09-12 04:42:38,85
url,http://125.40.153.186:34804/i,urlhaus,malware_download,"32-bit,elf,mips,Mozi",2026-09-12 04:00:06,2026-09-12 04:42:38,85
url,http://125.41.169.4:59406/bin.sh,urlhaus,malware_download,"32-bit,elf,mips,Mozi",2026-09-11 16:00:11,2026-09-12 04:42:38,85
url,http://125.41.169.4:59406/i,urlhaus,malware_download,"32-bit,elf,mips,Mozi",2026-09-11 16:00:11,2026-09-12 04:42:38,85
url,http://125.41.228.123:58883/bin.sh,urlhaus,malware_download,,2026-09-11 16:00:11,2026-09-12 04:42:38,85
url,http://125.41.228.123:58883/i,urlhaus,malware_download,,2026-09-11 16:00:11,2026-09-12 04:42:38,85
url,http://154.70.152.216/zed,urlhaus,malware_download,,2026-09-12 04:00:06,2026-09-12 04:42:38,85
url,http://158.255.83.95:40290/i,urlhaus,malware_download,"32-bit,elf,mips,Mozi",2026-09-12 04:00:06,2026-09-12 04:42:38,85
url,http://167.235.91.194/v,urlhaus,malware_download,"167-235-91-194,ua-wget",2026-09-12 04:00:06,2026-09-12 04:42:38,85
url,http://168.119.85.190/bash.sh,urlhaus,malware_download,"168-119-85-190,sh,ua-wget",2026-09-12 04:00:06,2026-09-12 04:42:38,85
url,http://174.138.85.68/zed,urlhaus,malware_download,,2026-09-12 04:00:06,2026-09-12 04:42:38,85
url,http://175.148.133.84:52725/bin.sh,urlhaus,malware_download,"32-bit,elf,mips,Mozi",2026-09-12 04:00:06,2026-09-12 04:42:38,85
url,http://175.148.133.84:52725/i,urlhaus,malware_download,"32-bit,elf,mips,Mozi",2026-09-12 04:00:06,2026-09-12 04:42:38,85
url,http://176.9.104.142/bin.sh,urlhaus,malware_download,"176-9-104-142,elf,sh,ua-wget",2026-09-12 04:00:06,2026-09-12 04:42:38,85
url,http://176.9.104.142/ohshit.sh,urlhaus,malware_download,"176-9-104-142,sh,ua-wget",2026-09-12 04:00:06,2026-09-12 04:42:38,85
url,http://176.9.88.12/miner,urlhaus,malware_download,"176-9-88-12,sh,ua-wget",2026-09-12 04:00:06,2026-09-12 04:42:38,85
url,http://182.121.181.208:36990/i,urlhaus,malware_download,"32-bit,elf,mips,Mozi",2026-09-12 04:00:06,2026-09-12 04:42:38,85
url,http://193.178.158.107/bin/189e7e8ebfcbd873_CryptoClipper.exe,urlhaus,malware_download,"dropped-by-Stealc,Loaded",2026-09-12 04:00:06,2026-09-12 04:42:38,85
url,http://193.187.101.227:51082/i,urlhaus,malware_download,"32-bit,arm,elf,mirai,Mozi",2026-09-11 16:00:11,2026-09-12 04:42:38,85
url,http://194.102.105.70/8jdjZhdf7/Plugins/clip.dll,urlhaus,malware_download,"0d20ad,clip.dll,dropped-by-amadey,plugin",2026-09-12 04:00:06,2026-09-12 04:42:38,85
url,http://194.102.105.70/8jdjZhdf7/Plugins/clip64.dll,urlhaus,malware_download,"0d20ad,clip64.dll,dropped-by-amadey,plugin",2026-09-12 04:00:06,2026-09-12 04:42:38,85
url,http://194.102.105.70/8jdjZhdf7/Plugins/cred.dll,urlhaus,malware_download,"0d20ad,Amadey,cred.dll,dropped-by-amadey,plugin",2026-09-12 04:00:06,2026-09-12 04:42:38,85
url,http://194.102.105.70/8jdjZhdf7/Plugins/cred64.dll,urlhaus,malware_download,"0d20ad,Amadey,cred64.dll,dropped-by-amadey,plugin",2026-09-12 04:00:06,2026-09-12 04:42:38,85
url,http://194.102.105.70/soru.exe,urlhaus,malware_download,"0d20ad,dropped-by-amadey",2026-09-12 04:00:06,2026-09-12 04:42:38,85
url,http://196.189.101.82:48478/bin.sh,urlhaus,malware_download,,2026-09-12 04:00:06,2026-09-12 04:42:38,85
url,http://196.189.101.82:48478/i,urlhaus,malware_download,mirai,2026-09-12 04:00:06,2026-09-12 04:42:38,85
url,http://196.189.130.28:60910/bin.sh,urlhaus,malware_download,"32-bit,arm,elf,mirai,Mozi",2026-09-12 04:00:06,2026-09-12 04:42:38,85
url,http://196.189.130.28:60910/i,urlhaus,malware_download,"32-bit,arm,elf,mirai,Mozi",2026-09-12 04:00:06,2026-09-12 04:42:38,85
url,http://198.251.85.84:8080/bot_aarch64,urlhaus,malware_download,"elf,mirai",2026-09-11 16:00:11,2026-09-12 04:42:38,85
url,http://198.251.85.84:8080/bot_arm,urlhaus,malware_download,"elf,mirai",2026-09-11 16:00:11,2026-09-12 04:42:38,85
url,http://198.251.85.84:8080/bot_armv7l,urlhaus,malware_download,"elf,mirai",2026-09-11 16:00:11,2026-09-12 04:42:38,85
url,http://198.251.85.84:8080/bot_mips,urlhaus,malware_download,"elf,mirai",2026-09-11 16:00:11,2026-09-12 04:42:38,85
url,http://198.251.85.84:8080/bot_mips64el,urlhaus,malware_download,"elf,mirai",2026-09-11 16:00:11,2026-09-12 04:42:38,85
url,http://198.251.85.84:8080/bot_mipsel,urlhaus,malware_download,"elf,mirai",2026-09-11 16:00:11,2026-09-12 04:42:38,85
url,http://198.251.85.84:8080/bot_ppc,urlhaus,malware_download,"elf,mirai",2026-09-11 16:00:11,2026-09-12 04:42:38,85
url,http://198.251.85.84:8080/bot_ppc64,urlhaus,malware_download,"elf,mirai",2026-09-11 16:00:11,2026-09-12 04:42:38,85
url,http://198.251.85.84:8080/bot_ppc64le,urlhaus,malware_download,"elf,mirai",2026-09-11 16:00:11,2026-09-12 04:42:38,85
url,http://198.251.85.84:8080/bot_riscv64,urlhaus,malware_download,"elf,mirai",2026-09-11 16:00:11,2026-09-12 04:42:38,85
url,http://198.251.85.84:8080/bot_s390x,urlhaus,malware_download,"elf,mirai",2026-09-11 16:00:11,2026-09-12 04:42:38,85
url,http://198.251.85.84:8080/bot_x86,urlhaus,malware_download,"elf,mirai",2026-09-11 16:00:11,2026-09-12 04:42:38,85
url,http://198.251.85.84:8080/bot_x86_64,urlhaus,malware_download,"elf,mirai",2026-09-11 16:00:11,2026-09-12 04:42:38,85
url,http://203.177.28.149:58260/bin.sh,urlhaus,malware_download,"32-bit,elf,mips,Mozi",2026-09-12 04:00:06,2026-09-12 04:42:38,85
url,http://203.177.28.149:58260/i,urlhaus,malware_download,"32-bit,elf,mips,Mozi",2026-09-12 04:00:06,2026-09-12 04:42:38,85
url,http://220.201.24.60:50645/bin.sh,urlhaus,malware_download,"32-bit,elf,mips,Mozi",2026-09-12 04:00:06,2026-09-12 04:42:38,85
url,http://221.14.171.222:49473/bin.sh,urlhaus,malware_download,"32-bit,elf,mips,Mozi",2026-09-12 04:00:06,2026-09-12 04:42:38,85
url,http://221.14.171.222:49473/i,urlhaus,malware_download,"32-bit,elf,mips,Mozi",2026-09-12 04:00:06,2026-09-12 04:42:38,85
url,http://221.14.173.32:33059/i,urlhaus,malware_download,"32-bit,elf,mips,Mozi",2026-09-12 04:00:06,2026-09-12 04:42:38,85
url,http://221.15.195.81:40577/i,urlhaus,malware_download,"32-bit,elf,mips,Mozi",2026-09-12 04:00:06,2026-09-12 04:42:38,85
url,http://221.202.103.35:46188/i,urlhaus,malware_download,"32-bit,elf,mips,Mozi",2026-09-11 16:00:11,2026-09-12 04:42:38,85
url,http://222.127.55.224:47900/bin.sh,urlhaus,malware_download,"32-bit,arm,elf,mirai,Mozi",2026-09-12 04:00:06,2026-09-12 04:42:38,85
url,http://222.127.55.224:47900/i,urlhaus,malware_download,"32-bit,arm,elf,mirai,Mozi",2026-09-12 04:00:06,2026-09-12 04:42:38,85
url,http://42.224.101.5:38974/bin.sh,urlhaus,malware_download,"32-bit,elf,mips,Mozi",2026-09-12 04:00:06,2026-09-12 04:42:38,85
url,http://42.224.101.5:38974/i,urlhaus,malware_download,"32-bit,elf,mips,Mozi",2026-09-12 04:00:06,2026-09-12 04:42:38,85
url,http://42.230.27.123:52020/bin.sh,urlhaus,malware_download,"32-bit,elf,mips,Mozi",2026-09-12 04:00:06,2026-09-12 04:42:38,85
url,http://42.230.27.123:52020/i,urlhaus,malware_download,"32-bit,elf,mips,Mozi",2026-09-12 04:00:06,2026-09-12 04:42:38,85
url,http://42.231.207.203:40714/i,urlhaus,malware_download,"32-bit,elf,mips,Mozi",2026-09-12 04:00:06,2026-09-12 04:42:38,85
url,http://42.231.47.159:47811/bin.sh,urlhaus,malware_download,"32-bit,elf,mips,Mozi",2026-09-12 04:00:06,2026-09-12 04:42:38,85
url,http://42.231.47.159:47811/i,urlhaus,malware_download,Mozi,2026-09-12 04:00:06,2026-09-12 04:42:38,85
url,http://42.58.171.35:34835/i,urlhaus,malware_download,"32-bit,elf,mips,Mozi",2026-09-12 04:00:06,2026-09-12 04:42:38,85
url,http://59.180.144.106:42402/i,urlhaus,malware_download,"32-bit,elf,mips,Mozi",2026-09-12 04:00:06,2026-09-12 04:42:38,85
url,http://59.96.138.6:59793/bin.sh,urlhaus,malware_download,"32-bit,elf,mips,Mozi",2026-09-12 04:00:06,2026-09-12 04:42:38,85
url,http://61.53.75.162:37419/bin.sh,urlhaus,malware_download,"32-bit,elf,mips,Mozi",2026-09-12 04:00:06,2026-09-12 04:42:38,85
url,http://61.53.87.97:37876/bin.sh,urlhaus,malware_download,"32-bit,elf,mips,Mozi",2026-09-11 16:00:11,2026-09-12 04:42:38,85
url,http://62.60.226.140/files/7782139129/swm3mLn.exe,urlhaus,malware_download,"d52f85,dropped-by-amadey",2026-09-12 04:00:06,2026-09-12 04:42:38,85
url,http://62.60.226.140/files/gold/file.exe,urlhaus,malware_download,"d52f85,dropped-by-amadey",2026-09-12 04:00:06,2026-09-12 04:42:38,85
url,http://arqtsop.shop:9932/accounts,threatfox,Remus,"threatfox,remus",2026-09-12 04:07:43,2026-09-12 04:42:38,85
url,http://arqtsop.shop:9932/events,threatfox,Remus,"threatfox,remus",2026-09-12 04:07:43,2026-09-12 04:42:38,85
url,http://arqtsop.shop:9932/imports,threatfox,Remus,"threatfox,remus",2026-09-12 04:07:43,2026-09-12 04:42:38,85
url,http://arqtsop.shop:9932/subscriptions,threatfox,Remus,"threatfox,remus",2026-09-12 04:07:43,2026-09-12 04:42:38,85
url,http://arqtsop.shop:9932/tags,threatfox,Remus,"threatfox,remus",2026-09-12 04:07:43,2026-09-12 04:42:38,85
url,http://grewave.click:5288/imports,threatfox,Remus,"threatfox,remus",2026-09-12 04:07:43,2026-09-12 04:42:38,85
url,http://teculse.click:9210/attachments,threatfox,Remus,"threatfox,remus",2026-09-12 04:07:43,2026-09-12 04:42:38,85
url,http://teculse.click:9210/comments,threatfox,Remus,"threatfox,remus",2026-09-12 04:07:43,2026-09-12 04:42:38,85
url,http://teculse.click:9210/products,threatfox,Remus,"threatfox,remus",2026-09-12 04:07:43,2026-09-12 04:42:38,85
url,http://teculse.click:9210/settings,threatfox,Remus,"threatfox,remus",2026-09-12 04:07:43,2026-09-12 04:42:38,85
url,http://teechop.shop:8213/workspaces,threatfox,Remus,"threatfox,remus",2026-09-12 04:07:43,2026-09-12 04:42:38,85
url,http://trwehop.shop:5627/invoices,threatfox,Remus,"threatfox,remus",2026-09-12 04:07:43,2026-09-12 04:42:38,85
url,http://trwehop.shop:5627/projects,threatfox,Remus,"threatfox,remus",2026-09-12 04:07:43,2026-09-12 04:42:38,85
url,http://trwehop.shop:5627/subscriptions,threatfox,Remus,"threatfox,remus",2026-09-12 04:07:43,2026-09-12 04:42:38,85
url,https://adpayworks.b-cdn.net/download/1.1.2/AdPayWorks.exe,urlhaus,malware_download,"msstore,revoked-cert,signed,WailsLoader",2026-09-12 04:00:06,2026-09-12 04:42:38,85
url,https://cdn.jsdelivr.net/gh/34-19-44r/573-45-43cvi/395342804336,threatfox,ClearFake,"threatfox,ClearFake",2026-09-12 04:07:43,2026-09-12 04:42:38,85
url,https://cdn.jsdelivr.net/gh/48-689100-172-171440/447477315432/61442229125,threatfox,ClearFake,"threatfox,ClearFake",2026-09-12 04:07:43,2026-09-12 04:42:38,85
url,https://cid.gov.so/tmp/msvsmon.exe,urlhaus,malware_download,Stealc,2026-09-11 16:00:11,2026-09-12 04:42:38,85
url,https://cold-pyramid.com/SGct2K,threatfox,ClearFake,"threatfox,ClearFake,ClickFix,EtherHiding,EtherHidingMagecart",2026-09-12 04:07:43,2026-09-12 04:42:38,85
url,https://raw.githubusercontent.com/HartayKirjonrw/sa4/refs/heads/main/Signature%20Nib.exe,urlhaus,malware_download,"msstore,revoked-cert,signed,WailsLoader",2026-09-12 04:00:06,2026-09-12 04:42:38,85
url,https://stand-medal.com/SGct2K,threatfox,ClearFake,"threatfox,ClearFake,ClickFix,EtherHiding,EtherHidingMagecart",2026-09-12 04:07:43,2026-09-12 04:42:38,85
url,https://truth-dialogue.com/SGct2K,threatfox,ClearFake,"threatfox,ClearFake,ClickFix,EtherHiding,EtherHidingMagecart",2026-09-12 04:07:43,2026-09-12 04:42:38,85
url,https://whitesmileclear.com/,threatfox,Unknown malware,"threatfox,ClickFix",2026-09-12 04:07:43,2026-09-12 04:42:38,85
url,https://www.0akw8w.com/down910,urlhaus,malware_download,"SilverFox,ValleyRAT",2026-09-11 16:00:11,2026-09-12 04:42:38,85
url,https://xolep1.tos-cn-beijing.volces.com/Project-rd.exe,urlhaus,malware_download,"rat,RdViewer,SilverFox,ValleyRAT",2026-09-12 04:00:06,2026-09-12 04:42:38,85
