type,value,source,threat_type,tags,first_seen,last_seen,confidence
domain,0to3v0ri.morib.store,threatfox,ClearFake,"threatfox,ClearFake,mac-0x0f14,macos",2026-10-08 16:06:32,2026-10-08 17:02:18,85
domain,1c6pukow.sadis.store,threatfox,ClearFake,"threatfox,ClearFake,mac-0x76c7,macos",2026-10-08 16:06:32,2026-10-08 17:02:18,85
domain,2growvn.com,threatfox,ClearFake,"threatfox,compromised,EtherHide",2026-10-08 16:06:32,2026-10-08 17:02:18,85
domain,7xlu446x.subar.store,threatfox,ClearFake,"threatfox,ClearFake,mac-0xdcf2,macos",2026-10-08 16:06:32,2026-10-08 17:02:18,85
domain,99homedecor.com,threatfox,Unknown Loader,"threatfox,etherhiding",2026-10-08 16:06:32,2026-10-08 17:02:18,85
domain,aibestuse.com,threatfox,Unknown Loader,"threatfox,etherhiding",2026-10-08 16:06:32,2026-10-08 17:02:18,85
domain,alphamap.net,threatfox,IClickFix,"threatfox,ClickFix",2026-10-08 16:06:32,2026-10-08 17:02:18,85
domain,alpino.com.tr,threatfox,Unknown Loader,"threatfox,etherhiding",2026-10-08 16:06:32,2026-10-08 17:02:18,85
domain,amitypackaging.com,threatfox,Unknown Loader,"threatfox,etherhiding",2026-10-08 16:06:32,2026-10-08 17:02:18,85
domain,api.kookjar.com,threatfox,BADBOX,"threatfox,android,automotive,badbox,c2,headunit",2026-10-08 16:06:32,2026-10-08 17:02:18,85
domain,arnidecor.com,threatfox,ClearFake,"threatfox,compromised,EtherHide",2026-10-08 16:06:32,2026-10-08 17:02:18,85
domain,arthare.com,threatfox,Unknown Loader,"threatfox,etherhiding",2026-10-08 16:06:32,2026-10-08 17:02:18,85
domain,asthhc.com,threatfox,Unknown Loader,"threatfox,etherhiding",2026-10-08 16:06:32,2026-10-08 17:02:18,85
domain,audricandsofiya.wedding,threatfox,ClearFake,"threatfox,compromised,EtherHide",2026-10-08 16:06:32,2026-10-08 17:02:18,85
domain,baferequipos.com,threatfox,ClearFake,"threatfox,compromised,EtherHide",2026-10-08 16:06:32,2026-10-08 17:02:18,85
domain,barkaicom.co.il,threatfox,Unknown Loader,"threatfox,etherhiding",2026-10-08 16:06:32,2026-10-08 17:02:18,85
domain,behinja.com,threatfox,ClearFake,"threatfox,compromised,EtherHide",2026-10-08 16:06:32,2026-10-08 17:02:18,85
domain,bergrestaurant-polite.de,threatfox,Unknown Loader,"threatfox,etherhiding",2026-10-08 16:06:32,2026-10-08 17:02:18,85
domain,bindslev-museum.dk,threatfox,Unknown Loader,"threatfox,etherhiding",2026-10-08 16:06:32,2026-10-08 17:02:18,85
domain,bloemenop12.nl,threatfox,Unknown Loader,"threatfox,etherhiding",2026-10-08 16:06:32,2026-10-08 17:02:18,85
domain,bollnasbilatervinning.se,threatfox,ClearFake,"threatfox,compromised,EtherHide",2026-10-08 16:06:32,2026-10-08 17:02:18,85
domain,bubr.ac.th,threatfox,Unknown Loader,"threatfox,etherhiding",2026-10-08 16:06:32,2026-10-08 17:02:18,85
domain,bulimester.hu,threatfox,ClearFake,"threatfox,compromised,EtherHide",2026-10-08 16:06:32,2026-10-08 17:02:18,85
domain,canalitapevi.com.br,threatfox,Unknown Loader,"threatfox,etherhiding",2026-10-08 16:06:32,2026-10-08 17:02:18,85
domain,carbzaar.com,threatfox,Unknown Loader,"threatfox,etherhiding",2026-10-08 16:06:32,2026-10-08 17:02:18,85
domain,chatavalkov.sk,threatfox,Unknown Loader,"threatfox,etherhiding",2026-10-08 16:06:32,2026-10-08 17:02:18,85
domain,chogianphoi.vn,threatfox,ClearFake,"threatfox,compromised,EtherHide",2026-10-08 16:06:32,2026-10-08 17:02:18,85
domain,cierre3000.com,threatfox,Unknown Loader,"threatfox,etherhiding",2026-10-08 16:06:32,2026-10-08 17:02:18,85
domain,cmr.rs,threatfox,ClearFake,"threatfox,compromised,EtherHide",2026-10-08 16:06:32,2026-10-08 17:02:18,85
domain,comprojoiasrj.com.br,threatfox,ClearFake,"threatfox,compromised,EtherHide",2026-10-08 16:06:32,2026-10-08 17:02:18,85
domain,content.dlcore.cc,threatfox,ACR Stealer,"threatfox,ClearFake",2026-10-08 16:06:32,2026-10-08 17:02:18,85
domain,cortimet.cl,threatfox,ClearFake,"threatfox,compromised,EtherHide",2026-10-08 16:06:32,2026-10-08 17:02:18,85
domain,cosmical2049.com,threatfox,IClickFix,"threatfox,ClickFix",2026-10-08 16:06:32,2026-10-08 17:02:18,85
domain,couteaux-fontaine.com,threatfox,ClearFake,"threatfox,compromised,EtherHide",2026-10-08 16:06:32,2026-10-08 17:02:18,85
domain,cupcon.de,threatfox,Unknown Loader,"threatfox,etherhiding",2026-10-08 16:06:32,2026-10-08 17:02:18,85
domain,david-chappell.com,threatfox,Unknown Loader,"threatfox,etherhiding",2026-10-08 16:06:32,2026-10-08 17:02:18,85
domain,davidov-property.com,threatfox,ClearFake,"threatfox,compromised,EtherHide",2026-10-08 16:06:32,2026-10-08 17:02:18,85
domain,dcanales.com,threatfox,Unknown Loader,"threatfox,etherhiding",2026-10-08 16:06:32,2026-10-08 17:02:18,85
domain,distrostation.cfd,threatfox,Unknown Loader,"threatfox,OffLoader",2026-10-08 16:06:32,2026-10-08 17:02:18,85
domain,dkoretar.noip.at,threatfox,Unknown malware,threatfox,2026-10-08 16:06:32,2026-10-08 17:02:18,85
domain,dr-sorayatavakoli.ir,threatfox,ClearFake,"threatfox,compromised,EtherHide",2026-10-08 16:06:32,2026-10-08 17:02:18,85
domain,drahmedadel.com,threatfox,ClearFake,"threatfox,compromised,EtherHide",2026-10-08 16:06:32,2026-10-08 17:02:18,85
domain,dramboat.com,threatfox,Unknown Loader,"threatfox,etherhiding",2026-10-08 16:06:32,2026-10-08 17:02:18,85
domain,drmitachowdhury.com,threatfox,ClearFake,"threatfox,compromised,EtherHide",2026-10-08 16:06:32,2026-10-08 17:02:18,85
domain,e-bikroy.com,threatfox,Unknown Loader,"threatfox,etherhiding",2026-10-08 16:06:32,2026-10-08 17:02:18,85
domain,e3k00lxe.truenarrator.com,threatfox,ClearFake,"threatfox,ClearFake,mac-0xdcf2,macos",2026-10-08 16:06:32,2026-10-08 17:02:18,85
domain,electrozirveofficial.com,threatfox,ClearFake,"threatfox,compromised,EtherHide",2026-10-08 16:06:32,2026-10-08 17:02:18,85
domain,elitmuhendislik.com.tr,threatfox,Unknown Loader,"threatfox,etherhiding",2026-10-08 16:06:32,2026-10-08 17:02:18,85
domain,enniodifrancesco.it,threatfox,Unknown Loader,"threatfox,etherhiding",2026-10-08 16:06:32,2026-10-08 17:02:18,85
domain,eosusa.com,threatfox,Unknown Loader,"threatfox,etherhiding",2026-10-08 16:06:32,2026-10-08 17:02:18,85
domain,eruya.net,threatfox,Unknown Loader,"threatfox,etherhiding",2026-10-08 16:06:32,2026-10-08 17:02:18,85
domain,europevoyages-madagascartours.com,threatfox,ClearFake,"threatfox,compromised,EtherHide",2026-10-08 16:06:32,2026-10-08 17:02:18,85
domain,exceldesignoutfits.com,threatfox,Unknown Loader,"threatfox,etherhiding",2026-10-08 16:06:32,2026-10-08 17:02:18,85
domain,fasthomepath.com,threatfox,Unknown Loader,"threatfox,etherhiding",2026-10-08 16:06:32,2026-10-08 17:02:18,85
domain,flexiehealth.co.zw,threatfox,Unknown Loader,"threatfox,etherhiding",2026-10-08 16:06:32,2026-10-08 17:02:18,85
domain,fotografstudyosu.com.tr,threatfox,Unknown Loader,"threatfox,etherhiding",2026-10-08 16:06:32,2026-10-08 17:02:18,85
domain,frankpulice.com,threatfox,Unknown Loader,"threatfox,etherhiding",2026-10-08 16:06:32,2026-10-08 17:02:18,85
domain,franksdigitaltv.com,threatfox,Unknown Loader,"threatfox,etherhiding",2026-10-08 16:06:32,2026-10-08 17:02:18,85
domain,fratelliseveso.it,threatfox,Unknown Loader,"threatfox,etherhiding",2026-10-08 16:06:32,2026-10-08 17:02:18,85
domain,fsglobaladvisory.com,threatfox,ClearFake,"threatfox,compromised,EtherHide",2026-10-08 16:06:32,2026-10-08 17:02:18,85
domain,fudepi.org,threatfox,Unknown Loader,"threatfox,etherhiding",2026-10-08 16:06:32,2026-10-08 17:02:18,85
domain,fulltimeservices.com.br,threatfox,Unknown Loader,"threatfox,etherhiding",2026-10-08 16:06:32,2026-10-08 17:02:18,85
domain,gardenabeels.be,threatfox,Unknown Loader,"threatfox,etherhiding",2026-10-08 16:06:32,2026-10-08 17:02:18,85
domain,geronaimilianos.org,threatfox,Unknown Loader,"threatfox,etherhiding",2026-10-08 16:06:32,2026-10-08 17:02:18,85
domain,gruppomassucci.com,threatfox,Unknown Loader,"threatfox,etherhiding",2026-10-08 16:06:32,2026-10-08 17:02:18,85
domain,gsdfguhjsdfgdfjg.xyz,threatfox,IClickFix,"threatfox,ClickFix",2026-10-08 16:06:32,2026-10-08 17:02:18,85
domain,happydays-toti.co.za,threatfox,Unknown Loader,"threatfox,etherhiding",2026-10-08 16:06:32,2026-10-08 17:02:18,85
domain,hartransplantasjon.eu,threatfox,Unknown Loader,"threatfox,etherhiding",2026-10-08 16:06:32,2026-10-08 17:02:18,85
domain,holubik.com,threatfox,ClearFake,"threatfox,compromised,EtherHide",2026-10-08 16:06:32,2026-10-08 17:02:18,85
domain,hotelimmagine.it,threatfox,Unknown Loader,"threatfox,etherhiding",2026-10-08 16:06:32,2026-10-08 17:02:18,85
domain,iaro.org.nz,threatfox,ClearFake,"threatfox,compromised,EtherHide",2026-10-08 16:06:32,2026-10-08 17:02:18,85
domain,inmes.cl,threatfox,ClearFake,"threatfox,compromised,EtherHide",2026-10-08 16:06:32,2026-10-08 17:02:18,85
domain,inmoarc.com,threatfox,Unknown Loader,"threatfox,etherhiding",2026-10-08 16:06:32,2026-10-08 17:02:18,85
domain,intercobrancas.com,threatfox,ClearFake,"threatfox,compromised,EtherHide",2026-10-08 16:06:32,2026-10-08 17:02:18,85
domain,iowapeernetwork.org,threatfox,Unknown Loader,"threatfox,etherhiding",2026-10-08 16:06:32,2026-10-08 17:02:18,85
domain,iplexus.in,threatfox,Unknown Loader,"threatfox,etherhiding",2026-10-08 16:06:32,2026-10-08 17:02:18,85
domain,irqtg.ir,threatfox,ClearFake,"threatfox,compromised,EtherHide",2026-10-08 16:06:32,2026-10-08 17:02:18,85
domain,isabellaisjakt.se,threatfox,Unknown Loader,"threatfox,etherhiding",2026-10-08 16:06:32,2026-10-08 17:02:18,85
domain,jaduanas.pe,threatfox,ClearFake,"threatfox,compromised,EtherHide",2026-10-08 16:06:32,2026-10-08 17:02:18,85
domain,jk-products.co.za,threatfox,Unknown Loader,"threatfox,etherhiding",2026-10-08 16:06:32,2026-10-08 17:02:18,85
domain,juniorjoias.com.br,threatfox,ClearFake,"threatfox,compromised,EtherHide",2026-10-08 16:06:32,2026-10-08 17:02:18,85
domain,kanasacademy.com,threatfox,ClearFake,"threatfox,compromised,EtherHide",2026-10-08 16:06:32,2026-10-08 17:02:18,85
domain,kebap-koenig.at,threatfox,Unknown Loader,"threatfox,etherhiding",2026-10-08 16:06:32,2026-10-08 17:02:18,85
domain,keypainting.net,threatfox,ClearFake,"threatfox,compromised,EtherHide",2026-10-08 16:06:32,2026-10-08 17:02:18,85
domain,kgv-sommerheim.de,threatfox,Unknown Loader,"threatfox,etherhiding",2026-10-08 16:06:32,2026-10-08 17:02:18,85
domain,kindercan.com,threatfox,Unknown Loader,"threatfox,etherhiding",2026-10-08 16:06:32,2026-10-08 17:02:18,85
domain,kirkagackavun.com,threatfox,Unknown Loader,"threatfox,etherhiding",2026-10-08 16:06:32,2026-10-08 17:02:18,85
domain,korowater.com,threatfox,Unknown Loader,"threatfox,etherhiding",2026-10-08 16:06:32,2026-10-08 17:02:18,85
domain,labpetcuritiba.com.br,threatfox,Unknown Loader,"threatfox,etherhiding",2026-10-08 16:06:32,2026-10-08 17:02:18,85
domain,laturbacantiano.it,threatfox,Unknown Loader,"threatfox,etherhiding",2026-10-08 16:06:32,2026-10-08 17:02:18,85
domain,lavendertome.co,threatfox,SmartApeSG,"threatfox,SmartApeSG",2026-10-08 16:06:32,2026-10-08 17:02:18,85
domain,levnaomi.org,threatfox,Unknown Loader,"threatfox,etherhiding",2026-10-08 16:06:32,2026-10-08 17:02:18,85
domain,limitlessroofingsolutions.co.uk,threatfox,Unknown Loader,"threatfox,etherhiding",2026-10-08 16:06:32,2026-10-08 17:02:18,85
domain,lisab.com.au,threatfox,Unknown Loader,"threatfox,etherhiding",2026-10-08 16:06:32,2026-10-08 17:02:18,85
domain,lofty-fabrics.com,threatfox,Unknown Loader,"threatfox,etherhiding",2026-10-08 16:06:32,2026-10-08 17:02:18,85
domain,loseyourselfinlove.com,threatfox,Unknown Loader,"threatfox,etherhiding",2026-10-08 16:06:32,2026-10-08 17:02:18,85
domain,macph.dk,threatfox,Unknown Loader,"threatfox,etherhiding",2026-10-08 16:06:32,2026-10-08 17:02:18,85
domain,makemoresportswear.com,threatfox,Unknown Loader,"threatfox,etherhiding",2026-10-08 16:06:32,2026-10-08 17:02:18,85
domain,mariusbroeders.nl,threatfox,Unknown Loader,"threatfox,etherhiding",2026-10-08 16:06:32,2026-10-08 17:02:18,85
domain,maxocean-marketing.com,threatfox,Unknown Loader,"threatfox,etherhiding",2026-10-08 16:06:32,2026-10-08 17:02:18,85
domain,mcdanielwoolf.co.uk,threatfox,Unknown Loader,"threatfox,etherhiding",2026-10-08 16:06:32,2026-10-08 17:02:18,85
domain,meginzondervan.nl,threatfox,Unknown Loader,"threatfox,etherhiding",2026-10-08 16:06:32,2026-10-08 17:02:18,85
domain,metalljahn.de,threatfox,Unknown Loader,"threatfox,etherhiding",2026-10-08 16:06:32,2026-10-08 17:02:18,85
domain,mfmr.gov.sl,threatfox,Unknown Loader,"threatfox,etherhiding",2026-10-08 16:06:32,2026-10-08 17:02:18,85
domain,mgxyuko.xyz,threatfox,ClearFake,"threatfox,ClearFake,ClickFix,EtherHiding",2026-10-08 16:06:32,2026-10-08 17:02:18,85
domain,midtown.ilovecollege.info,threatfox,Unknown malware,threatfox,2026-10-08 16:06:32,2026-10-08 17:02:18,85
domain,mielenz-stahlbau.de,threatfox,Unknown Loader,"threatfox,etherhiding",2026-10-08 16:06:32,2026-10-08 17:02:18,85
domain,mikagroep.nl,threatfox,Unknown Loader,"threatfox,etherhiding",2026-10-08 16:06:32,2026-10-08 17:02:18,85
domain,milleniummortgage.net,threatfox,Unknown Loader,"threatfox,etherhiding",2026-10-08 16:06:32,2026-10-08 17:02:18,85
domain,mm-mmm.com,threatfox,Unknown Loader,"threatfox,etherhiding",2026-10-08 16:06:32,2026-10-08 17:02:18,85
domain,moyula.cn,threatfox,Unknown Loader,"threatfox,etherhiding",2026-10-08 16:06:32,2026-10-08 17:02:18,85
domain,myswapscollection.com,threatfox,Unknown Loader,"threatfox,etherhiding",2026-10-08 16:06:32,2026-10-08 17:02:18,85
domain,n-sommer.de,threatfox,Unknown Loader,"threatfox,etherhiding",2026-10-08 16:06:32,2026-10-08 17:02:18,85
domain,namet.com.au,threatfox,ClearFake,"threatfox,compromised,EtherHide",2026-10-08 16:06:32,2026-10-08 17:02:18,85
domain,ncux.nl,threatfox,Unknown Loader,"threatfox,etherhiding",2026-10-08 16:06:32,2026-10-08 17:02:18,85
domain,nemesvitakilato.hu,threatfox,Unknown Loader,"threatfox,etherhiding",2026-10-08 16:06:32,2026-10-08 17:02:18,85
domain,newerahealthcareservices.com,threatfox,Unknown Loader,"threatfox,etherhiding",2026-10-08 16:06:32,2026-10-08 17:02:18,85
domain,ngobrolfootball.com,threatfox,Unknown Loader,"threatfox,etherhiding",2026-10-08 16:06:32,2026-10-08 17:02:18,85
domain,nhuel2vu.tanyavondegurechaff.fit,threatfox,ClearFake,"threatfox,ClearFake,mac-0xdcf2,macos",2026-10-08 16:06:32,2026-10-08 17:02:18,85
domain,nosabely.workers.dev,threatfox,php.shin_webshell,"threatfox,Cloudflare,GIF,PHP,webshell,WordPress,workers.dev,wp-admin",2026-10-08 16:06:32,2026-10-08 17:02:18,85
domain,noviscoalindonesia.com,threatfox,Unknown Loader,"threatfox,etherhiding",2026-10-08 16:06:32,2026-10-08 17:02:18,85
domain,nutsplus.co.in,threatfox,Unknown Loader,"threatfox,etherhiding",2026-10-08 16:06:32,2026-10-08 17:02:18,85
domain,nyankids.com,threatfox,Unknown Loader,"threatfox,etherhiding",2026-10-08 16:06:32,2026-10-08 17:02:18,85
domain,oniramen.com,threatfox,Unknown Loader,"threatfox,etherhiding",2026-10-08 16:06:32,2026-10-08 17:02:18,85
domain,optik-missbach.de,threatfox,Unknown Loader,"threatfox,etherhiding",2026-10-08 16:06:32,2026-10-08 17:02:18,85
domain,oracle-epc.com,threatfox,Unknown Loader,"threatfox,etherhiding",2026-10-08 16:06:32,2026-10-08 17:02:18,85
domain,orbitinstitutes.com,threatfox,Unknown Loader,"threatfox,etherhiding",2026-10-08 16:06:32,2026-10-08 17:02:18,85
domain,ovalofficeclub.com,threatfox,Unknown Loader,"threatfox,etherhiding",2026-10-08 16:06:32,2026-10-08 17:02:18,85
domain,paf-information.com,threatfox,Unknown Loader,"threatfox,etherhiding",2026-10-08 16:06:32,2026-10-08 17:02:18,85
domain,perf.trinea.cn,threatfox,Unknown Loader,"threatfox,etherhiding",2026-10-08 16:06:32,2026-10-08 17:02:18,85
domain,pescobar.neagest.it,threatfox,Unknown Loader,"threatfox,etherhiding",2026-10-08 16:06:32,2026-10-08 17:02:18,85
domain,platino.com.mx,threatfox,Unknown Loader,"threatfox,etherhiding",2026-10-08 16:06:32,2026-10-08 17:02:18,85
domain,pmfloridaelectric.com,threatfox,Unknown Loader,"threatfox,etherhiding",2026-10-08 16:06:32,2026-10-08 17:02:18,85
domain,proditech.org,threatfox,Unknown Loader,"threatfox,etherhiding",2026-10-08 16:06:32,2026-10-08 17:02:18,85
domain,prolocolucera.com,threatfox,Unknown Loader,"threatfox,etherhiding",2026-10-08 16:06:32,2026-10-08 17:02:18,85
domain,promotorinmobiliario.cl,threatfox,Unknown Loader,"threatfox,etherhiding",2026-10-08 16:06:32,2026-10-08 17:02:18,85
domain,quincy.live,threatfox,Unknown Loader,"threatfox,etherhiding",2026-10-08 16:06:32,2026-10-08 17:02:18,85
domain,rashifathasneem.com,threatfox,Unknown Loader,"threatfox,etherhiding",2026-10-08 16:06:32,2026-10-08 17:02:18,85
domain,rebrato.com,threatfox,IClickFix,"threatfox,ClickFix",2026-10-08 16:06:32,2026-10-08 17:02:18,85
domain,renotad.com,threatfox,IClickFix,"threatfox,ClickFix",2026-10-08 16:06:32,2026-10-08 17:02:18,85
domain,renownedagency.ae,threatfox,Unknown Loader,"threatfox,etherhiding",2026-10-08 16:06:32,2026-10-08 17:02:18,85
domain,rentaboatkrk.hr,threatfox,Unknown Loader,"threatfox,etherhiding",2026-10-08 16:06:32,2026-10-08 17:02:18,85
domain,reservadosipescuiaba.com.br,threatfox,Unknown Loader,"threatfox,etherhiding",2026-10-08 16:06:32,2026-10-08 17:02:18,85
domain,restrofranchise.com,threatfox,Unknown Loader,"threatfox,etherhiding",2026-10-08 16:06:32,2026-10-08 17:02:18,85
domain,rgdallas.com,threatfox,Unknown Loader,"threatfox,etherhiding",2026-10-08 16:06:32,2026-10-08 17:02:18,85
domain,riverviewpharmacynj.com,threatfox,Unknown Loader,"threatfox,etherhiding",2026-10-08 16:06:32,2026-10-08 17:02:18,85
domain,rkpelet.sk,threatfox,Unknown Loader,"threatfox,etherhiding",2026-10-08 16:06:32,2026-10-08 17:02:18,85
domain,roaminginrome.com,threatfox,Unknown Loader,"threatfox,etherhiding",2026-10-08 16:06:32,2026-10-08 17:02:18,85
domain,rsee.hu,threatfox,Unknown Loader,"threatfox,etherhiding",2026-10-08 16:06:32,2026-10-08 17:02:18,85
domain,ryrimportadora.cl,threatfox,Unknown Loader,"threatfox,etherhiding",2026-10-08 16:06:32,2026-10-08 17:02:18,85
domain,salesforce-us.com,threatfox,Unknown Loader,"threatfox,etherhiding",2026-10-08 16:06:32,2026-10-08 17:02:18,85
domain,sanfaz.com.pk,threatfox,Unknown Loader,"threatfox,etherhiding",2026-10-08 16:06:32,2026-10-08 17:02:18,85
domain,seconurl.com,threatfox,IClickFix,"threatfox,ClickFix",2026-10-08 16:06:32,2026-10-08 17:02:18,85
domain,serviofood.dk,threatfox,Unknown Loader,"threatfox,etherhiding",2026-10-08 16:06:32,2026-10-08 17:02:18,85
domain,servtechh.com.br,threatfox,ClearFake,"threatfox,compromised,EtherHide",2026-10-08 16:06:32,2026-10-08 17:02:18,85
domain,sonquimet.com,threatfox,Unknown Loader,"threatfox,etherhiding",2026-10-08 16:06:32,2026-10-08 17:02:18,85
domain,spicegirlsingredients.com,threatfox,Unknown Loader,"threatfox,etherhiding",2026-10-08 16:06:32,2026-10-08 17:02:18,85
domain,ss.333vip.org,threatfox,Vidar,"threatfox,vidar",2026-10-08 16:06:32,2026-10-08 17:02:18,85
domain,steconf.org,threatfox,Unknown Loader,"threatfox,etherhiding",2026-10-08 16:06:32,2026-10-08 17:02:18,85
domain,steviamadblend.com,threatfox,Unknown Loader,"threatfox,etherhiding",2026-10-08 16:06:32,2026-10-08 17:02:18,85
domain,t-m-w.at,threatfox,Unknown Loader,"threatfox,etherhiding",2026-10-08 16:06:32,2026-10-08 17:02:18,85
domain,tb.333vip.org,threatfox,Vidar,"threatfox,vidar",2026-10-08 16:06:32,2026-10-08 17:02:18,85
domain,tb.3toto.com,threatfox,Vidar,"threatfox,vidar",2026-10-08 16:06:32,2026-10-08 17:02:18,85
domain,teachmodellearn.com,threatfox,Unknown Loader,"threatfox,etherhiding",2026-10-08 16:06:32,2026-10-08 17:02:18,85
domain,thehoophall.com,threatfox,Unknown Loader,"threatfox,etherhiding",2026-10-08 16:06:32,2026-10-08 17:02:18,85
domain,thelivinglives.com,threatfox,Unknown Loader,"threatfox,etherhiding",2026-10-08 16:06:32,2026-10-08 17:02:18,85
domain,thermal-fabrics.com,threatfox,Unknown Loader,"threatfox,etherhiding",2026-10-08 16:06:32,2026-10-08 17:02:18,85
domain,thewellnessinsights.com,threatfox,Unknown Loader,"threatfox,etherhiding",2026-10-08 16:06:32,2026-10-08 17:02:18,85
domain,thrivesyte.com,threatfox,Unknown Loader,"threatfox,etherhiding",2026-10-08 16:06:32,2026-10-08 17:02:18,85
domain,toutvabienbien.com,threatfox,Unknown Loader,"threatfox,etherhiding",2026-10-08 16:06:32,2026-10-08 17:02:18,85
domain,trinea.cn,threatfox,Unknown Loader,"threatfox,etherhiding",2026-10-08 16:06:32,2026-10-08 17:02:18,85
domain,ukagir.ru,threatfox,ClearFake,"threatfox,compromised,EtherHide",2026-10-08 16:06:32,2026-10-08 17:02:18,85
domain,unluckytool.com,threatfox,Unknown Loader,"threatfox,etherhiding",2026-10-08 16:06:32,2026-10-08 17:02:18,85
domain,verbum.cz,threatfox,Unknown Loader,"threatfox,etherhiding",2026-10-08 16:06:32,2026-10-08 17:02:18,85
domain,vessant.com,threatfox,Unknown Loader,"threatfox,etherhiding",2026-10-08 16:06:32,2026-10-08 17:02:18,85
domain,vmi3641491.contaboserver.net,threatfox,Unknown malware,threatfox,2026-10-08 16:06:32,2026-10-08 17:02:18,85
domain,vmi3641492.contaboserver.net,threatfox,Unknown malware,"threatfox,geo,MEX",2026-10-08 16:06:32,2026-10-08 17:02:18,85
domain,voiceartcenter.com,threatfox,Unknown Loader,"threatfox,etherhiding",2026-10-08 16:06:32,2026-10-08 17:02:18,85
domain,waiwaio.cn,threatfox,Unknown Loader,"threatfox,etherhiding",2026-10-08 16:06:32,2026-10-08 17:02:18,85
domain,weltransim.eu,threatfox,Unknown Loader,"threatfox,etherhiding",2026-10-08 16:06:32,2026-10-08 17:02:18,85
domain,woofbuddies.in,threatfox,Unknown Loader,"threatfox,etherhiding",2026-10-08 16:06:32,2026-10-08 17:02:18,85
domain,www.aibestuse.com,threatfox,ClearFake,"threatfox,compromised,EtherHide",2026-10-08 16:06:32,2026-10-08 17:02:18,85
domain,www.bindslev-museum.dk,threatfox,ClearFake,"threatfox,compromised,EtherHide",2026-10-08 16:06:32,2026-10-08 17:02:18,85
domain,www.david-chappell.com,threatfox,ClearFake,"threatfox,compromised,EtherHide",2026-10-08 16:06:32,2026-10-08 17:02:18,85
domain,www.dcanales.com,threatfox,ClearFake,"threatfox,compromised,EtherHide",2026-10-08 16:06:32,2026-10-08 17:02:18,85
domain,www.e-bikroy.com,threatfox,ClearFake,"threatfox,compromised,EtherHide",2026-10-08 16:06:32,2026-10-08 17:02:18,85
domain,www.espacesante-suisse.ch,threatfox,ClearFake,"threatfox,compromised,EtherHide",2026-10-08 16:06:32,2026-10-08 17:02:18,85
domain,www.fasthomepath.com,threatfox,ClearFake,"threatfox,compromised,EtherHide",2026-10-08 16:06:32,2026-10-08 17:02:18,85
domain,www.franksdigitaltv.com,threatfox,ClearFake,"threatfox,compromised,EtherHide",2026-10-08 16:06:32,2026-10-08 17:02:18,85
domain,www.fulltimeservices.com.br,threatfox,ClearFake,"threatfox,compromised,EtherHide",2026-10-08 16:06:32,2026-10-08 17:02:18,85
domain,www.hartransplantasjon.eu,threatfox,ClearFake,"threatfox,compromised,EtherHide",2026-10-08 16:06:32,2026-10-08 17:02:18,85
domain,www.jk-products.co.za,threatfox,ClearFake,"threatfox,compromised,EtherHide",2026-10-08 16:06:32,2026-10-08 17:02:18,85
domain,www.mariusbroeders.nl,threatfox,ClearFake,"threatfox,compromised,EtherHide",2026-10-08 16:06:32,2026-10-08 17:02:18,85
domain,www.mcdanielwoolf.co.uk,threatfox,ClearFake,"threatfox,compromised,EtherHide",2026-10-08 16:06:32,2026-10-08 17:02:18,85
domain,www.milleniummortgage.net,threatfox,ClearFake,"threatfox,compromised,EtherHide",2026-10-08 16:06:32,2026-10-08 17:02:18,85
domain,www.n-sommer.de,threatfox,ClearFake,"threatfox,compromised,EtherHide",2026-10-08 16:06:32,2026-10-08 17:02:18,85
domain,www.nyankids.com,threatfox,ClearFake,"threatfox,compromised,EtherHide",2026-10-08 16:06:32,2026-10-08 17:02:18,85
domain,www.oniramen.com,threatfox,ClearFake,"threatfox,compromised,EtherHide",2026-10-08 16:06:32,2026-10-08 17:02:18,85
domain,www.platino.com.mx,threatfox,ClearFake,"threatfox,compromised,EtherHide",2026-10-08 16:06:32,2026-10-08 17:02:18,85
domain,www.riverviewpharmacynj.com,threatfox,ClearFake,"threatfox,compromised,EtherHide",2026-10-08 16:06:32,2026-10-08 17:02:18,85
domain,www.rkpelet.sk,threatfox,ClearFake,"threatfox,compromised,EtherHide",2026-10-08 16:06:32,2026-10-08 17:02:18,85
domain,www.sonquimet.com,threatfox,ClearFake,"threatfox,compromised,EtherHide",2026-10-08 16:06:32,2026-10-08 17:02:18,85
domain,www.toutvabienbien.com,threatfox,ClearFake,"threatfox,compromised,EtherHide",2026-10-08 16:06:32,2026-10-08 17:02:18,85
domain,www.verbum.cz,threatfox,ClearFake,"threatfox,compromised,EtherHide",2026-10-08 16:06:32,2026-10-08 17:02:18,85
domain,xn--b1adbn5abjhj1h.xn--p1ai,threatfox,Unknown Loader,"threatfox,etherhiding",2026-10-08 16:06:32,2026-10-08 17:02:18,85
domain,xn--lembke-fenster-tren-lbc.de,threatfox,Unknown Loader,"threatfox,etherhiding",2026-10-08 16:06:32,2026-10-08 17:02:18,85
domain,xorados.com,threatfox,IClickFix,"threatfox,ClickFix",2026-10-08 16:06:32,2026-10-08 17:02:18,85
domain,zavlahymajer.cz,threatfox,Unknown Loader,"threatfox,etherhiding",2026-10-08 16:06:32,2026-10-08 17:02:18,85
domain,zeodth.click,threatfox,Remus,"threatfox,c2,RemusStealer",2026-10-08 16:06:32,2026-10-08 17:02:18,85
hash_md5,00f6d4dd503ea7c402bdec2a96273634,threatfox,Vidar,threatfox,2026-10-08 16:06:32,2026-10-08 17:02:18,85
hash_md5,04f690ebbefd721c72f79d60dc6dc72b,threatfox,NjRAT,threatfox,2026-10-08 16:06:32,2026-10-08 17:02:18,85
hash_md5,0a7f8a3e8e5c4e70f7ec2863a70c95e0,threatfox,Venus Stealer,threatfox,2026-10-08 16:06:32,2026-10-08 17:02:18,85
hash_md5,0ad85d51df8c276818ef4c45cad6cf63,threatfox,RN Stealer,threatfox,2026-10-08 16:06:32,2026-10-08 17:02:18,85
hash_md5,0c32f73c6db6f317772871f0e0704a4c,threatfox,Vidar,threatfox,2026-10-08 16:06:32,2026-10-08 17:02:18,85
hash_md5,0d7ba1f248e771dd2e25f5ec6da3a932,threatfox,Prometei,threatfox,2026-10-08 16:06:32,2026-10-08 17:02:18,85
hash_md5,12d814fd207528a5a717d5165935234d,threatfox,Vidar,threatfox,2026-10-08 16:06:32,2026-10-08 17:02:18,85
hash_md5,18159a377f89efd15c0a9d436027ed35,threatfox,VShell,threatfox,2026-10-08 16:06:32,2026-10-08 17:02:18,85
hash_md5,200fb6726d73209a82e1d3d846c6b684,threatfox,stealler,threatfox,2026-10-08 16:06:32,2026-10-08 17:02:18,85
hash_md5,2ae5ab42f2924330344e5dd45c5bf841,threatfox,Formbook,threatfox,2026-10-08 16:06:32,2026-10-08 17:02:18,85
hash_md5,34507bf7c00c94401b56daf56cbff5c5,threatfox,Xloader,threatfox,2026-10-08 16:06:32,2026-10-08 17:02:18,85
hash_md5,345d9252c3e1c7780680d4ad07f5e541,threatfox,stealler,threatfox,2026-10-08 16:06:32,2026-10-08 17:02:18,85
hash_md5,36df1f9950ef987b8c546f316876013a,threatfox,Vidar,threatfox,2026-10-08 16:06:32,2026-10-08 17:02:18,85
hash_md5,3bf180fb81eaded9afa930e69af74b81,threatfox,Venus Stealer,threatfox,2026-10-08 16:06:32,2026-10-08 17:02:18,85
hash_md5,45255bcad4c58e6549e52753ddb655ee,threatfox,WannaCryptor,threatfox,2026-10-08 16:06:32,2026-10-08 17:02:18,85
hash_md5,596dc288e8914898b0be9d57a0e3d277,threatfox,Formbook,threatfox,2026-10-08 16:06:32,2026-10-08 17:02:18,85
hash_md5,5b1caeb928153142ec9b112a005d53c6,threatfox,MASS Logger,threatfox,2026-10-08 16:06:32,2026-10-08 17:02:18,85
hash_md5,5c9bc5f302bd0e2e31fbfefcd96d4a6a,threatfox,SalatStealer,threatfox,2026-10-08 16:06:32,2026-10-08 17:02:18,85
hash_md5,62b999539aa9527c40af688337d128f9,threatfox,Vidar,threatfox,2026-10-08 16:06:32,2026-10-08 17:02:18,85
hash_md5,636427608897388aa5afd79187133688,threatfox,NetWire RC,threatfox,2026-10-08 16:06:32,2026-10-08 17:02:18,85
hash_md5,6e9da596d8fc285f795e116e05a5b3a7,threatfox,NetWire RC,threatfox,2026-10-08 16:06:32,2026-10-08 17:02:18,85
hash_md5,78e7d1423b0bc0ea5df6bf3f4ed93d2b,threatfox,Vidar,threatfox,2026-10-08 16:06:32,2026-10-08 17:02:18,85
hash_md5,88bd93c3462c1e219d6b64af47ab22fc,threatfox,SalatStealer,threatfox,2026-10-08 16:06:32,2026-10-08 17:02:18,85
hash_md5,88c303b6a584e5f22c771fe8bbabdf0c,threatfox,NetWire RC,threatfox,2026-10-08 16:06:32,2026-10-08 17:02:18,85
hash_md5,899f8c35499817aa487210462eaf1e42,threatfox,MyDoom,threatfox,2026-10-08 16:06:32,2026-10-08 17:02:18,85
hash_md5,8e9c75c220863202e4e1dd00f2777e26,threatfox,stealler,threatfox,2026-10-08 16:06:32,2026-10-08 17:02:18,85
hash_md5,8eb439edd96c03e46ba5c9751aa6a03f,threatfox,stealler,threatfox,2026-10-08 16:06:32,2026-10-08 17:02:18,85
hash_md5,90d5acfb0c1245c23891a5c86c316f99,threatfox,Phantom Stealer,threatfox,2026-10-08 16:06:32,2026-10-08 17:02:18,85
hash_md5,9b33f0f6942d22efbfac413f3b3285f8,threatfox,XWorm,threatfox,2026-10-08 16:06:32,2026-10-08 17:02:18,85
hash_md5,a08d54b8d16c4a4a71eb1714e5025be0,threatfox,Formbook,threatfox,2026-10-08 16:06:32,2026-10-08 17:02:18,85
hash_md5,a3900e3007e1b91d38f7fcfd2194acfe,threatfox,ValleyRAT,threatfox,2026-10-08 16:06:32,2026-10-08 17:02:18,85
hash_md5,a4ad709d219448e605e0537d3fafa399,threatfox,Formbook,threatfox,2026-10-08 16:06:32,2026-10-08 17:02:18,85
hash_md5,a53d0903f4b158b1d1be8b9645a293af,threatfox,Formbook,threatfox,2026-10-08 16:06:32,2026-10-08 17:02:18,85
hash_md5,af720cb19686c51d8c68414bacba8dbe,threatfox,Phorpiex,threatfox,2026-10-08 16:06:32,2026-10-08 17:02:18,85
hash_md5,c0882cc19a0c5b9778ee44c00907a4e1,threatfox,MyDoom,threatfox,2026-10-08 16:06:32,2026-10-08 17:02:18,85
hash_md5,c8c2cf8b54a8b34a64d9629b2546314b,threatfox,stealler,threatfox,2026-10-08 16:06:32,2026-10-08 17:02:18,85
hash_md5,eda6f08155d2299772d9730ea6f9aef6,threatfox,Vidar,threatfox,2026-10-08 16:06:32,2026-10-08 17:02:18,85
hash_md5,f28fb8aa4c05801c7cd3ad6de3790b5c,threatfox,KrakenKeylogger,threatfox,2026-10-08 16:06:32,2026-10-08 17:02:18,85
hash_sha256,025ede6dc13255b7b6ba7e597bfe9c41e0218a4450fb45c2dde92240728b307a,threatfox,Mirai,"threatfox,elf,exe,Mirai",2026-10-08 16:06:32,2026-10-08 17:02:18,85
hash_sha256,02d1745fc1932ca560190c8f9850320f6374255df0e7f91bdcd8cea323567ca4,threatfox,Mirai,"threatfox,elf,Mirai,upx",2026-10-08 16:06:32,2026-10-08 17:02:18,85
hash_sha256,0322622e705bc4fdb73f9b40bdc62168fe6cf7b5cc0b16de34b35aafe4e5b08b,threatfox,AMOS,"threatfox,AMOS,ClickFix,Foxveil,macOS,quill",2026-10-08 16:06:32,2026-10-08 17:02:18,85
hash_sha256,05a3f778a2bbcfac9aa28162a12fae795c62a5dd7d1d3ac92334a9c57972123d,threatfox,Mirai,"threatfox,elf,Mirai",2026-10-08 16:06:32,2026-10-08 17:02:18,85
hash_sha256,07474aa7445ca8caa4540636ba6a51544432f4735e391a48d22eae7be70abcc1,threatfox,Mirai,"threatfox,elf,Mirai",2026-10-08 16:06:32,2026-10-08 17:02:18,85
hash_sha256,099b7a77393c03cc3c43e52ca4d0986c8130004942039d17dd8383ed3d44453f,threatfox,Mirai,"threatfox,elf,Mirai,upx",2026-10-08 16:06:32,2026-10-08 17:02:18,85
hash_sha256,0d955d7236cff85f358465dfc81ea0ef5a76037bd639022a776d286a9e548140,threatfox,Mirai,"threatfox,elf,Mirai,upx",2026-10-08 16:06:32,2026-10-08 17:02:18,85
hash_sha256,0dd365f1847c979f94f19f4f8d56beaebd8e95e13e88e712672c4dd29c0785b2,threatfox,Mirai,"threatfox,elf,Mirai",2026-10-08 16:06:32,2026-10-08 17:02:18,85
hash_sha256,0f37ed17ba77ce94b880e16f1e38464ebaf5cd907666cf75075df16d9a166092,threatfox,Vidar,threatfox,2026-10-08 16:06:32,2026-10-08 17:02:18,85
hash_sha256,132d3b2136891326548fa6fbc23de90e60f37beeb682ea3f1ff8469fa1b9a3e6,threatfox,Mirai,"threatfox,elf,Mirai",2026-10-08 16:06:32,2026-10-08 17:02:18,85
hash_sha256,13f9da33d606061a15da9186c870e61a9f756bef74eff11b6b70a7cf33decd9a,threatfox,Mirai,"threatfox,cowrie,elf,honeypot,i386,Mirai",2026-10-08 16:06:32,2026-10-08 17:02:18,85
hash_sha256,16477487dcabd96bfe805d0e98378516cba21e75158908cb9d61c8d7a2037a9f,threatfox,SantaStealer,"threatfox,exe,SantaStealer,stealer",2026-10-08 16:06:32,2026-10-08 17:02:18,85
hash_sha256,189316f75c03ac1f4abf2b5c2a512304ff0235629bdc9425a3ce600a5080dcc2,threatfox,Mirai,"threatfox,elf,Mirai",2026-10-08 16:06:32,2026-10-08 17:02:18,85
hash_sha256,1bb03eff70e424ecd1ea9975e54682d32c891b2f2f9dda9c291d8dffc3480bf7,threatfox,Mirai,"threatfox,elf,Mirai",2026-10-08 16:06:32,2026-10-08 17:02:18,85
hash_sha256,1bb4fbf5df215757d7a6b1f9601515ec4e12a41c4d695e17898793db2e5b38a8,threatfox,Mirai,"threatfox,elf,Mirai",2026-10-08 16:06:32,2026-10-08 17:02:18,85
hash_sha256,1d0f2d9db8cc9498ffed71d038690bfe52b39b3a1771bbfae0088db2d603cca0,threatfox,KrakenKeylogger,threatfox,2026-10-08 16:06:32,2026-10-08 17:02:18,85
hash_sha256,21492d4240365a15d22cc2a3ac6514e0b79e99f98187424f280d191b3de3d150,threatfox,Mirai,"threatfox,elf,Mirai,wraith",2026-10-08 16:06:32,2026-10-08 17:02:18,85
hash_sha256,217b221e5bcfad247ba6fa8f11809967a57d536a6d049c7200542cb8efe883c4,threatfox,SalatStealer,threatfox,2026-10-08 16:06:32,2026-10-08 17:02:18,85
hash_sha256,25a0735d0db7dc40e5d45ce42d9c106067e6a66e184d967cfecfab17c3bcb5ef,threatfox,Shai-Hulud,threatfox,2026-10-08 16:06:32,2026-10-08 17:02:18,85
hash_sha256,2c9cee1590813b8223d232761c8689ef0623a7d5ae442b3f0c89c76abc10755a,threatfox,VShell,threatfox,2026-10-08 16:06:32,2026-10-08 17:02:18,85
hash_sha256,2f5bb3f58d8da555b92f9bcef5546a530e5fabb1861e7199d64be747fe7dc227,threatfox,Mirai,"threatfox,elf,Gafgyt,Mirai,upx",2026-10-08 16:06:32,2026-10-08 17:02:18,85
hash_sha256,35485ba20999dea4e577ff71a03b2895facdd0c04422f12d3fab3cc0cb1a2b5b,threatfox,Mirai,"threatfox,elf,exe,Mirai",2026-10-08 16:06:32,2026-10-08 17:02:18,85
hash_sha256,354ed74cf297bdc4d920e3bb357fea7202856277501cbe914b1dfbe8813e841c,threatfox,XWorm,threatfox,2026-10-08 16:06:32,2026-10-08 17:02:18,85
hash_sha256,3585e01d3f3f3e3a14c6becb24e5955a49fc0c1c58d92e0122b3b47b01b448b4,threatfox,Mirai,"threatfox,elf,Mirai",2026-10-08 16:06:32,2026-10-08 17:02:18,85
hash_sha256,365863cfdd112035bda3f239eeb69fe4239e8b28ae3fc5fd6ffaf2d3f2035894,threatfox,WannaCryptor,threatfox,2026-10-08 16:06:32,2026-10-08 17:02:18,85
hash_sha256,38907cfc64ad45bcd1887ac6a6aa363ef5926c2e6bf2969aa92eeeddcd27a532,threatfox,NetWire RC,threatfox,2026-10-08 16:06:32,2026-10-08 17:02:18,85
hash_sha256,3c46a3d6f83ce5fc37f328eb80e6cc4121cb41befacc54d2843d15a8a0395b94,threatfox,MyDoom,threatfox,2026-10-08 16:06:32,2026-10-08 17:02:18,85
hash_sha256,3c8d24fb1fbc1dba8316939f1477e5b1c5bdb933b7abb47809def218c72ea0b8,threatfox,Vidar,threatfox,2026-10-08 16:06:32,2026-10-08 17:02:18,85
hash_sha256,3e3cedaa0edd27da41eab7bad22d40b1f046275da25bab8ed6ddef1408c900a8,threatfox,Mirai,"threatfox,elf,Gafgyt,Mirai",2026-10-08 16:06:32,2026-10-08 17:02:18,85
hash_sha256,4070339941818eaec7a12be25f6b144c7eaba05c194e107f111154adad7fd8bb,threatfox,Mirai,"threatfox,elf,Mirai",2026-10-08 16:06:32,2026-10-08 17:02:18,85
hash_sha256,41a483806de558a54f5e294d7909b79f7e57fd89a47fde2afb8118188865e126,threatfox,stealler,threatfox,2026-10-08 16:06:32,2026-10-08 17:02:18,85
hash_sha256,44182a22c99b651a77310586412792393a6e439bf6d6b50b2885c8f3c038d53f,threatfox,Mirai,"threatfox,elf,Mirai,upx",2026-10-08 16:06:32,2026-10-08 17:02:18,85
hash_sha256,452f40131b10db314303d499da82c8174b4296fa902d9dad5f0744bac0fbc1c4,threatfox,Mirai,"threatfox,elf,exe,Mirai",2026-10-08 16:06:32,2026-10-08 17:02:18,85
hash_sha256,45ac99a83d99879ba0cba10fce2f81f772f67e44ef3df726b4c074c2d7a5f230,threatfox,Mirai,"threatfox,elf,Mirai",2026-10-08 16:06:32,2026-10-08 17:02:18,85
hash_sha256,461ba9a7d6b344421967b3c71630ec4796126b5f20bef32111447ac58e9b9202,threatfox,Formbook,threatfox,2026-10-08 16:06:32,2026-10-08 17:02:18,85
hash_sha256,4760e85cd7d66a6261cad0abb32d1cf5b8c574f02459e873d75018ccc9fdf24a,threatfox,Mirai,"threatfox,elf,Mirai",2026-10-08 16:06:32,2026-10-08 17:02:18,85
hash_sha256,479b3c923be6125530e99f24e611547aa5d8861d1e88b75a03ce5527a2052213,threatfox,Lumma Stealer,"threatfox,exe,LummaStealer,stealer",2026-10-08 16:06:32,2026-10-08 17:02:18,85
hash_sha256,47ae5b0371a638ce7dddcbec7869fc6fa2e67e546bb1e814f19e87a518233461,threatfox,Mirai,"threatfox,elf,Mirai",2026-10-08 16:06:32,2026-10-08 17:02:18,85
hash_sha256,4aad89ab256e2086da934ad5166820a34dc365dfcfddbe4051789917461f2d06,threatfox,Mirai,"threatfox,elf,Mirai",2026-10-08 16:06:32,2026-10-08 17:02:18,85
hash_sha256,4d980590fdc794458e66ecde82b683e0b2b057811de970befa53c8ccb5c44b05,threatfox,Mirai,"threatfox,elf,Mirai",2026-10-08 16:06:32,2026-10-08 17:02:18,85
hash_sha256,4e116b164dbf33287b6d2e2a79ecbca47d7103f131d2356c8caad498c792d225,threatfox,Mirai,"threatfox,elf,Mirai,upx",2026-10-08 16:06:32,2026-10-08 17:02:18,85
hash_sha256,4e1ee490ff65485049bdd7c59839a7056675cde9e4dd0611a568bb52b75ffe15,threatfox,Mirai,"threatfox,elf,Mirai",2026-10-08 16:06:32,2026-10-08 17:02:18,85
hash_sha256,516050f53a1520728d7a352768b1b237c45f1c22a4d8db75576b33f261a0c17f,threatfox,Mirai,"threatfox,elf,Mirai",2026-10-08 16:06:32,2026-10-08 17:02:18,85
hash_sha256,57f18c9421269aa939e0c5d486ef6ee893e63b8328bdaf2bf858c8afbd795a1e,threatfox,Mirai,"threatfox,elf,Mirai",2026-10-08 16:06:32,2026-10-08 17:02:18,85
hash_sha256,58a017f40583556918cf57b15adbc15d51382e00de4e04e5d14ed7a7811c5f05,threatfox,Vidar,threatfox,2026-10-08 16:06:32,2026-10-08 17:02:18,85
hash_sha256,5915c0ee6853d5a8785b31cb27ee11ffcfac5361c74e03236a47b1f4ed0c90f2,threatfox,Mirai,"threatfox,elf,Mirai,upx",2026-10-08 16:06:32,2026-10-08 17:02:18,85
hash_sha256,5a19e108f5cd1d94165ea133c1cfdef4676847117c42ae20593a25b22ffa2886,threatfox,Rhadamanthys,"threatfox,exe,Rhadamanthys",2026-10-08 16:06:32,2026-10-08 17:02:18,85
hash_sha256,5d6968bfd3d38c08e9132a2a80b1e63dba2337d6823c24316e8a555720cbdf64,threatfox,Mirai,"threatfox,elf,Mirai,upx",2026-10-08 16:06:32,2026-10-08 17:02:18,85
hash_sha256,5ea9bbf8c3495b23177491a9f090147df72830d933c88b219db96784624af084,threatfox,Mirai,"threatfox,elf,Mirai,upx",2026-10-08 16:06:32,2026-10-08 17:02:18,85
hash_sha256,5ede1d8505787057d2f6f156718c6cd052a161b6ddad2da43a480e35a8d66d41,threatfox,Mirai,"threatfox,elf,Gafgyt,Mirai",2026-10-08 16:06:32,2026-10-08 17:02:18,85
hash_sha256,63d5297ab9ccc40d45877940e18d5403e26914f1d71b59fb973f667d9095df54,threatfox,Vidar,"threatfox,d52f85,dropped-by-Amadey,exe,upx,Vidar",2026-10-08 16:06:32,2026-10-08 17:02:18,85
hash_sha256,64506ae267aed8afa5cfbb41ca8f5677600747f02fe27b8d8d926d12e3ad99f2,threatfox,Formbook,threatfox,2026-10-08 16:06:32,2026-10-08 17:02:18,85
hash_sha256,646d2c2b982fa7f0a03758e2ed510e62fe83f7615439a0a87c21871f97be21d3,threatfox,Mirai,"threatfox,elf,Mirai",2026-10-08 16:06:32,2026-10-08 17:02:18,85
hash_sha256,66ea28fece6226bd17f4cc9ce6bfa4c345298512aaf98ae9a95ea050bebe147b,threatfox,Mirai,"threatfox,elf,Mirai",2026-10-08 16:06:32,2026-10-08 17:02:18,85
hash_sha256,680a01fc7667fe9589137b855256e60e391700f4063dd887d165a86d72c8c9ef,threatfox,SalatStealer,threatfox,2026-10-08 16:06:32,2026-10-08 17:02:18,85
hash_sha256,69dafc3b40a5b0e5eddc7cba6ec32ca7316b7e5405d8c6d5adfbccc4c06620c0,threatfox,RN Stealer,threatfox,2026-10-08 16:06:32,2026-10-08 17:02:18,85
hash_sha256,6a8e8db5ff12058cb13c5fd6d16ca1063aa42db668583c3243b2ad45823e13e8,threatfox,Mirai,"threatfox,elf,Gafgyt,Mirai,upx",2026-10-08 16:06:32,2026-10-08 17:02:18,85
hash_sha256,6ace19d81500192e18a25f9b42068e116c20f541ae51f49a1ac2638605081963,threatfox,Mirai,"threatfox,elf,Mirai",2026-10-08 16:06:32,2026-10-08 17:02:18,85
hash_sha256,6b2171ad66224954ed1845a46ea6aa8f047304957f3e8e514bdeee6abf5139e8,threatfox,Mirai,"threatfox,elf,Mirai",2026-10-08 16:06:32,2026-10-08 17:02:18,85
hash_sha256,6b2fc6d8e9211d8d8f2477955d83082b447b016209dfe86a0665a9f02a0b2e73,threatfox,Mirai,"threatfox,elf,Mirai",2026-10-08 16:06:32,2026-10-08 17:02:18,85
hash_sha256,6d8129506fb27b37b52d25c82afac2cc76005a8cc383f433c032cd87b07a634a,threatfox,Mirai,"threatfox,elf,Mirai",2026-10-08 16:06:32,2026-10-08 17:02:18,85
hash_sha256,73ec11b932a4ee1a575b6fd4268151532bb89c1d1f0b9a5893fd0c96e4db06c8,threatfox,Mirai,"threatfox,elf,Mirai",2026-10-08 16:06:32,2026-10-08 17:02:18,85
hash_sha256,75f9e3dcd0c7944466e5447d8540b90e256e7e92f3302b43b90db56db8d99cdf,threatfox,Mirai,"threatfox,elf,Mirai",2026-10-08 16:06:32,2026-10-08 17:02:18,85
hash_sha256,766f2ef70a4ff73aaffa9c694b41584c6a8e150395025df04fba904e867716ae,threatfox,Mirai,"threatfox,elf,Mirai",2026-10-08 16:06:32,2026-10-08 17:02:18,85
hash_sha256,775d25d0bc3125ae6df9a2e84cd448e2108ae7edf6d66916e39f97e9b5cb86e2,threatfox,Lumma Stealer,"threatfox,exe,LummaStealer,stealer",2026-10-08 16:06:32,2026-10-08 17:02:18,85
hash_sha256,777021046368ae3127d81fb3dec07bce6dd25d45171a035270e9b22d8a8312ff,threatfox,stealler,threatfox,2026-10-08 16:06:32,2026-10-08 17:02:18,85
hash_sha256,77bb5bfd97916cabf27aa1cf94b2b98d6186d5fa74a504043affd4ba68008ea6,threatfox,Mirai,"threatfox,elf,Mirai",2026-10-08 16:06:32,2026-10-08 17:02:18,85
hash_sha256,7a9bffbf3a920d9b72d73b73cf09f3be5dadf025055f42b5dd12761ab7c8dd34,threatfox,Formbook,threatfox,2026-10-08 16:06:32,2026-10-08 17:02:18,85
hash_sha256,7bd6aa495ec7595c0576d069e8274e2372f218b6e79ee71c9100cf5c541b24ed,threatfox,Mirai,"threatfox,elf,Mirai",2026-10-08 16:06:32,2026-10-08 17:02:18,85
hash_sha256,7d72264319c996b8c3dabfb3ae01961f7c124471207bae849e85cea32c82c79a,threatfox,Venus Stealer,threatfox,2026-10-08 16:06:32,2026-10-08 17:02:18,85
hash_sha256,7e47c19f82d8a932da2ec9bd42d7b815a05bf4be9ae0e512544fdbfce5f930b8,threatfox,Mirai,"threatfox,elf,Mirai",2026-10-08 16:06:32,2026-10-08 17:02:18,85
hash_sha256,7ec4e71a172d211208be0bc17434f0812a49d74674f406a1666c46a984757a93,threatfox,Mirai,"threatfox,elf,Gafgyt,Mirai",2026-10-08 16:06:32,2026-10-08 17:02:18,85
hash_sha256,7f20d4142b4b4d7b1664fe1c30def83ee5bac0eadbb24abf2b83136dabcee321,threatfox,Vidar,threatfox,2026-10-08 16:06:32,2026-10-08 17:02:18,85
hash_sha256,7fedc8f52115affcc1857b23cd549a5c43010cd3fb222090b02bd6ca36b76760,threatfox,Mirai,"threatfox,elf,Gafgyt,Mirai",2026-10-08 16:06:32,2026-10-08 17:02:18,85
hash_sha256,8048ef63785893266055a16310b923c8731b4d6e9c51d2baba471a8c3f53de55,threatfox,Mirai,"threatfox,elf,Gafgyt,Mirai,upx",2026-10-08 16:06:32,2026-10-08 17:02:18,85
hash_sha256,80c21e15e56b4a956a48ab5826a9e389a8aeadc8e42fc7713739a4603e14bdf4,threatfox,Mirai,"threatfox,cowrie,elf,honeypot,Mirai",2026-10-08 16:06:32,2026-10-08 17:02:18,85
hash_sha256,817e757bce7aaec9731b9bf9b339e8f97f085b07af84f18f4982bc52237613fb,threatfox,Mirai,"threatfox,elf,Mirai",2026-10-08 16:06:32,2026-10-08 17:02:18,85
hash_sha256,829966e77d23abd834e23fa34f336ee41b35a298ae317b3031ff2cb64279d3b0,threatfox,Mirai,"threatfox,elf,Mirai",2026-10-08 16:06:32,2026-10-08 17:02:18,85
hash_sha256,86069e1e087841a4715c57f829c4a1d73433e52d1b1513ed59b8823eeb7b4b70,threatfox,Mirai,"threatfox,elf,Mirai",2026-10-08 16:06:32,2026-10-08 17:02:18,85
hash_sha256,867d4e1cd93f0019025c6a89682531c60e1c97f50d375a26c3634ce1ef4d6c68,threatfox,NetWire RC,threatfox,2026-10-08 16:06:32,2026-10-08 17:02:18,85
hash_sha256,871313d5587ad78426255e619f598f90044cf15909b6b4fcdb1cdc6962f57e6b,threatfox,Mirai,"threatfox,elf,Mirai",2026-10-08 16:06:32,2026-10-08 17:02:18,85
hash_sha256,8b350483d5b80efb837549355015c9279fda8278525b248dab7af1229e202454,threatfox,Mirai,"threatfox,elf,Mirai",2026-10-08 16:06:32,2026-10-08 17:02:18,85
hash_sha256,8dd5060e2eac7624d50d1305d9e7a1b802eb7aaf4d457b49b5665f343ae52c8f,threatfox,Mirai,"threatfox,elf,Mirai,upx",2026-10-08 16:06:32,2026-10-08 17:02:18,85
hash_sha256,8e707060ba2def8a9b6865ed9429789dbd84ba4b6058f0dd5aefe462989fe4b8,threatfox,Unknown malware,"threatfox,botnet,ddos,rondodox",2026-10-08 16:06:32,2026-10-08 17:02:18,85
hash_sha256,8f4c0563e9fd8901e1c6282740685c4521b877bb0e2bdfd792510672e2b007c9,threatfox,Mirai,"threatfox,elf,Mirai",2026-10-08 16:06:32,2026-10-08 17:02:18,85
hash_sha256,936a9be170eaac13ffd1432dd6e703dfbd478ce690a58e0a2a0c5bdb286a6a84,threatfox,stealler,threatfox,2026-10-08 16:06:32,2026-10-08 17:02:18,85
hash_sha256,95aff8f144f665a442574864787b4f7f81988631946e9a8405abc7cc1116cac5,threatfox,Mirai,"threatfox,elf,Mirai",2026-10-08 16:06:32,2026-10-08 17:02:18,85
hash_sha256,9601d4985122c2d0f966a6df232a0474368aa3daf587c64b8249a660f900f23d,threatfox,Mirai,"threatfox,elf,Mirai",2026-10-08 16:06:32,2026-10-08 17:02:18,85
hash_sha256,96c47aec9e0b6b27609818ca4380f44d7b05ac1955952e1f18a9db4f88f8a40b,threatfox,ValleyRAT,threatfox,2026-10-08 16:06:32,2026-10-08 17:02:18,85
hash_sha256,97e2bb45c0088244e666ca43e8e1a1f91dd57872454a27a9c88f1268c34bc081,threatfox,Mirai,"threatfox,elf,Mirai",2026-10-08 16:06:32,2026-10-08 17:02:18,85
hash_sha256,9a64950f2bb05730b62ce2be6324e9be31efee78b581bdcb609249a9077b75cd,threatfox,Mirai,"threatfox,cowrie,elf,honeypot,Mirai,upx",2026-10-08 16:06:32,2026-10-08 17:02:18,85
hash_sha256,9bf6e7fd924aa4aff92bb5db0705d5300e7a6e199c73be2fc9bdecb9819194fe,threatfox,Venus Stealer,threatfox,2026-10-08 16:06:32,2026-10-08 17:02:18,85
hash_sha256,9c96b625c15c841588e1e8222b1b53e49108c80bf2af858d120fa0213324b6db,threatfox,Mirai,"threatfox,elf,Gafgyt,Mirai",2026-10-08 16:06:32,2026-10-08 17:02:18,85
hash_sha256,9cf10ab52abc22637b539ecd412f5f1011826b4d714128d232d95769521e2278,threatfox,Vidar,threatfox,2026-10-08 16:06:32,2026-10-08 17:02:18,85
hash_sha256,9da21861c2bb7ca53348bb73c884a73456288acf3b5922963acf42efc7eec0ac,threatfox,stealler,threatfox,2026-10-08 16:06:32,2026-10-08 17:02:18,85
hash_sha256,9df11356c5ac61d2aa7b5425e6322fc016b0ed5790dacb201396500b3eee03f7,threatfox,SantaStealer,"threatfox,exe,SantaStealer,stealer",2026-10-08 16:06:32,2026-10-08 17:02:18,85
hash_sha256,9ed37a8cf3d0a86a6ac283c2976f58af63578ff93d9bd08ff923f95977c8e64f,threatfox,MASS Logger,threatfox,2026-10-08 16:06:32,2026-10-08 17:02:18,85
hash_sha256,a034ecf08ffbe1edf05c172d81b0b3d995530736e79a38a12f9eb543cc7cc296,threatfox,Mirai,"threatfox,elf,Mirai",2026-10-08 16:06:32,2026-10-08 17:02:18,85
hash_sha256,a1f66f3cbdecc247ba5c7fefae2642e872535ad9e7f36de71cef8210c8eef56b,threatfox,Mirai,"threatfox,elf,Mirai",2026-10-08 16:06:32,2026-10-08 17:02:18,85
hash_sha256,a36cbacd3c6950de6319523835e895e8b35e32549c3a4673b3ead5215ad0d3e8,threatfox,Formbook,threatfox,2026-10-08 16:06:32,2026-10-08 17:02:18,85
hash_sha256,a3ac0cd17220d71f76e6ae21bc6a82a6664ced814949724c7cfbfa8df2bc244f,threatfox,Mirai,"threatfox,elf,Mirai,wraith",2026-10-08 16:06:32,2026-10-08 17:02:18,85
hash_sha256,a45e7396cd5e64cf9ea7567f0e8d56d4a41c4b1b168981f8f0fb33e7e2a3dce5,threatfox,Mirai,"threatfox,elf,Mirai",2026-10-08 16:06:32,2026-10-08 17:02:18,85
hash_sha256,a4dddc20c1ea300873ee7c27cde9aa53471f18045a806dc0c440faaa54fecc8f,threatfox,NetWire RC,threatfox,2026-10-08 16:06:32,2026-10-08 17:02:18,85
hash_sha256,a7de1484a6be2e1c918268eb2f794f383b357ef3d663aa46b0bf47ccf8cf3371,threatfox,Unknown malware,"threatfox,botnet,ddos,rondodox",2026-10-08 16:06:32,2026-10-08 17:02:18,85
hash_sha256,a91f8ea006fb7ffa3c8b7646e356ebc4fb297609e3b693b161cdd12598fe51e6,threatfox,Mirai,"threatfox,elf,exe,Mirai",2026-10-08 16:06:32,2026-10-08 17:02:18,85
hash_sha256,a9c918182f2dc03eb211f86e2309d6c31452e9628fb758583705be8c9305eb4e,threatfox,Mirai,"threatfox,elf,Mirai",2026-10-08 16:06:32,2026-10-08 17:02:18,85
hash_sha256,abd9d912407f5336088a5b5394178df2994377f6738651bf37bc0d6976d0c861,threatfox,NjRAT,threatfox,2026-10-08 16:06:32,2026-10-08 17:02:18,85
hash_sha256,ac23b0381c0287bf16f0806c2bc3b0c804f02ea013bd7cf3d4922d3b87f5a988,threatfox,Mirai,"threatfox,elf,Mirai",2026-10-08 16:06:32,2026-10-08 17:02:18,85
hash_sha256,ac2f5faf62a144cee973138b94d2100fdc3766e3daf4f343c98f2fb7d9070f4c,threatfox,Mirai,"threatfox,elf,Mirai",2026-10-08 16:06:32,2026-10-08 17:02:18,85
hash_sha256,ad4e18765c30d633729411f72d3343a6e4cb1243eca3658025119eb2885820f0,threatfox,Mirai,"threatfox,elf,Mirai",2026-10-08 16:06:32,2026-10-08 17:02:18,85
hash_sha256,ad7f7ce2a0949295e786ea45b327f38e4adae7ad67df3d350c491f5c04dd3edf,threatfox,Mirai,"threatfox,elf,Mirai",2026-10-08 16:06:32,2026-10-08 17:02:18,85
hash_sha256,b209260c366e07c2f33e03a37afba393b06f29e236b7735bf74cc36fe87dc086,threatfox,Xloader,threatfox,2026-10-08 16:06:32,2026-10-08 17:02:18,85
hash_sha256,b22e4c920695bb35526ff1173f8a8344190576228af1791d941c54ca60fc01e3,threatfox,Mirai,"threatfox,elf,Mirai",2026-10-08 16:06:32,2026-10-08 17:02:18,85
hash_sha256,b50a00900399ba99fb6ce1fc151519cb99d44320ef2a631f2237e1aea0ad6fec,threatfox,Shai-Hulud,threatfox,2026-10-08 16:06:32,2026-10-08 17:02:18,85
hash_sha256,b54bc89673ab79915e3170e804009bb5a725e34510ce62f836614a339ee04f12,threatfox,Mirai,"threatfox,elf,Mirai",2026-10-08 16:06:32,2026-10-08 17:02:18,85
hash_sha256,b5d0ed395d85559af488341a32f7337996abd0e9f6cf557ba2531f5f717172e1,threatfox,Unknown malware,"threatfox,botnet,ddos,rondodox",2026-10-08 16:06:32,2026-10-08 17:02:18,85
hash_sha256,b8cdf3c122230bbcdaae014345d386ba7a4a0419a6e3099639c72e433695dac0,threatfox,Prometei,threatfox,2026-10-08 16:06:32,2026-10-08 17:02:18,85
hash_sha256,bb3a3969f6bf0461f018a94698afbe34a78d1363b830ad639a514eb4811ca18f,threatfox,Mirai,"threatfox,elf,Mirai",2026-10-08 16:06:32,2026-10-08 17:02:18,85
hash_sha256,bb6662d5d7bfb2b9d0dde6d3f9446a1e022e1948f40fbe58ac3ef981fbba8c80,threatfox,Mirai,"threatfox,elf,exe,Mirai",2026-10-08 16:06:32,2026-10-08 17:02:18,85
hash_sha256,bc2c00af55c952dd304f074322ff8766bc00b851fb75c076d7da503f33edfb62,threatfox,Mirai,"threatfox,elf,Mirai",2026-10-08 16:06:32,2026-10-08 17:02:18,85
hash_sha256,bc79eb0bdea5e7e087aaa68a20f43cec3456654be2cd60be14ffc17f8d060094,threatfox,Phorpiex,threatfox,2026-10-08 16:06:32,2026-10-08 17:02:18,85
hash_sha256,bcaa60dcc3369c42e9defb51c96939a1fb6ad9020faf1bf21b42c737c7cfb4eb,threatfox,Formbook,threatfox,2026-10-08 16:06:32,2026-10-08 17:02:18,85
hash_sha256,becbaeb0599ae2599db7a0537befa082ed55c92ed2432031263cb07839504677,threatfox,Mirai,"threatfox,elf,exe,Mirai",2026-10-08 16:06:32,2026-10-08 17:02:18,85
hash_sha256,c273b95980cca11991eaa8c914cdefc78f7ab73da6e18be7437d3eec4095a0ac,threatfox,Mirai,"threatfox,elf,Mirai,upx,wraith",2026-10-08 16:06:32,2026-10-08 17:02:18,85
hash_sha256,c2a818ea8a264fd9d077ddf02a3a81c8c2f044313df985528744e376898fc634,threatfox,Mirai,"threatfox,elf,Mirai",2026-10-08 16:06:32,2026-10-08 17:02:18,85
hash_sha256,c3eebcc3151c36d88866d401e7e05fd1bd19e18d203bcc485f3decafabb39bd1,threatfox,Mirai,"threatfox,elf,exe,Mirai",2026-10-08 16:06:32,2026-10-08 17:02:18,85
hash_sha256,c85aa1fdc991830badc9cade5a7737d056a5e6198c7ee5b566650893d21cc3b3,threatfox,Vidar,threatfox,2026-10-08 16:06:32,2026-10-08 17:02:18,85
hash_sha256,cd730e1c84e210bf7a83612c83196728548b50acd4ae9c3f0b95f9d9278e8e5e,threatfox,Mirai,"threatfox,elf,Mirai",2026-10-08 16:06:32,2026-10-08 17:02:18,85
hash_sha256,cdc890877ccbe9d0388524061a79a7789e4629f48d5863480e8ee544db6cd055,threatfox,Mirai,"threatfox,elf,Mirai",2026-10-08 16:06:32,2026-10-08 17:02:18,85
hash_sha256,ced646eeb7559d7e703025a689222719f43756c8b55d4c1f007a2b2f097fefb4,threatfox,Mirai,"threatfox,elf,Mirai",2026-10-08 16:06:32,2026-10-08 17:02:18,85
hash_sha256,cf4c6ac09be225112faaef95316a137eff30e91c0f5f8e7aaf0a4bcc6c76f477,threatfox,Kinsing,"threatfox,elf,Kinsing",2026-10-08 16:06:32,2026-10-08 17:02:18,85
hash_sha256,cfe8205eaccab5cb53c393b0b2fec04952344c78739e869d11bd433b7bb53c57,threatfox,Mirai,"threatfox,elf,Mirai",2026-10-08 16:06:32,2026-10-08 17:02:18,85
hash_sha256,d416e786af64b877744b04d16f6134503993c9f1bb43427c4790fae615833e0c,threatfox,Mirai,"threatfox,elf,Mirai,upx",2026-10-08 16:06:32,2026-10-08 17:02:18,85
hash_sha256,d4aefdc58b964cd3af9b81a542c4be8f392932e3e727eed10fbb0e7964a94001,threatfox,Mirai,"threatfox,elf,Mirai",2026-10-08 16:06:32,2026-10-08 17:02:18,85
hash_sha256,d53da5861d9134470b8a9b49d901a94719eab3829cc7986fe4b14cfa8010d3c3,threatfox,Mirai,"threatfox,elf,Mirai",2026-10-08 16:06:32,2026-10-08 17:02:18,85
hash_sha256,d542b8cd29eb734177669aa9251690b47c0537c7ebbd8167311615e2836b584e,threatfox,Mirai,"threatfox,elf,Mirai",2026-10-08 16:06:32,2026-10-08 17:02:18,85
hash_sha256,d8fbaeafc557642e5e4263ca30dbe661750e41ca3b45adf59e770830a4d41c04,threatfox,Mirai,"threatfox,elf,Mirai",2026-10-08 16:06:32,2026-10-08 17:02:18,85
hash_sha256,da4426aed3b3d6b238fdd1fff82aa26de19975d292a64e429543556fb1450179,threatfox,Phantom Stealer,threatfox,2026-10-08 16:06:32,2026-10-08 17:02:18,85
hash_sha256,db7c621508dc94d87dd16652572d353bb66065be6da254a428dbbf28d77e21df,threatfox,Mirai,"threatfox,elf,Mirai",2026-10-08 16:06:32,2026-10-08 17:02:18,85
hash_sha256,db8d4b582a1f7056d9ebf3405ee713873228b087ed8f106ec80f63c17fc08195,threatfox,Mirai,"threatfox,elf,Mirai",2026-10-08 16:06:32,2026-10-08 17:02:18,85
hash_sha256,e09fe1bcfefb15f916979a7bb04a1a570ed999e2e751f7d80266502727e2b6b2,threatfox,Mirai,"threatfox,elf,Mirai",2026-10-08 16:06:32,2026-10-08 17:02:18,85
hash_sha256,e17c2f9aadae9df7a444dbcc59fae992a1a05ddb57207c9fd23c8467fc8b23b5,threatfox,Mirai,"threatfox,elf,Mirai",2026-10-08 16:06:32,2026-10-08 17:02:18,85
hash_sha256,e21f243d2293493c4c13f2a26eb3de66df4842c31c2b975cb2d9e746c2ea3aac,threatfox,Mirai,"threatfox,elf,Mirai",2026-10-08 16:06:32,2026-10-08 17:02:18,85
hash_sha256,e3865985003a862136de0ea6d16b2075e160a506e53873ff5802103cf8966a42,threatfox,Mirai,"threatfox,elf,Mirai",2026-10-08 16:06:32,2026-10-08 17:02:18,85
hash_sha256,e97d800f769284cea76fef951df360a5be60f820a8a5af4a77447b441ee8620e,threatfox,Mirai,"threatfox,elf,Mirai",2026-10-08 16:06:32,2026-10-08 17:02:18,85
hash_sha256,ea28b85e97fdfe77335e8625586212f0df64ceee15c8290d17b75e6096694d81,threatfox,SantaStealer,"threatfox,exe,SantaStealer,stealer",2026-10-08 16:06:32,2026-10-08 17:02:18,85
hash_sha256,eaf5c116efff46d774786e528fa62edb32274396116b8361ff47c4c9d6c43849,threatfox,Mirai,"threatfox,elf,Mirai",2026-10-08 16:06:32,2026-10-08 17:02:18,85
hash_sha256,ec6ca0644090c3dcb211897e5747f57dc7d947209f52a63fc09f8d44f0c558be,threatfox,stealler,threatfox,2026-10-08 16:06:32,2026-10-08 17:02:18,85
hash_sha256,ecb0955833040a1d787f17c72c7b2391a64f99e832a8dcd65621a8b8e5764107,threatfox,Mirai,"threatfox,elf,Mirai",2026-10-08 16:06:32,2026-10-08 17:02:18,85
hash_sha256,ed7b88c675d36c584ea75b8a1493b8c4ba345866b008a013f6ad437776b0a82d,threatfox,Mirai,"threatfox,elf,Mirai",2026-10-08 16:06:32,2026-10-08 17:02:18,85
hash_sha256,efc37e171e6a133d0fb0e9197da76227f1794fda5a93ebab0d718f8111768176,threatfox,Mirai,"threatfox,elf,Mirai",2026-10-08 16:06:32,2026-10-08 17:02:18,85
hash_sha256,f19b0fd9c9f768b0859754a8ff5edfbb6f73793f0006309d4be6feb55bd6a2fd,threatfox,Unknown malware,"threatfox,botnet,ddos,rondodox",2026-10-08 16:06:32,2026-10-08 17:02:18,85
hash_sha256,f2df79291d08c29e4dd851ac2d73d4440da32802585fed60418973cd1a7b0044,threatfox,Mirai,"threatfox,elf,Mirai",2026-10-08 16:06:32,2026-10-08 17:02:18,85
hash_sha256,f3281793c4a06500ca92340714d5726733766f3f1e120fda2eaa64d060dab4ac,threatfox,MyDoom,threatfox,2026-10-08 16:06:32,2026-10-08 17:02:18,85
hash_sha256,f3b19f4e2436cdbe96ca1c1c888a077d6a7f558e44e7611e672f052b1082a2f5,threatfox,Mirai,"threatfox,elf,exe,Mirai",2026-10-08 16:06:32,2026-10-08 17:02:18,85
hash_sha256,f55e5c839aa59fa24da5417d6771690af1fc6402259b44de0b678c4c468cda07,threatfox,Mirai,"threatfox,elf,Mirai",2026-10-08 16:06:32,2026-10-08 17:02:18,85
hash_sha256,f5c36f24eb79b1ef07f9430273576771b3407e74ac3bc3c3451c68eb5328b026,threatfox,Mirai,"threatfox,elf,Mirai",2026-10-08 16:06:32,2026-10-08 17:02:18,85
hash_sha256,f73b74f41b4c98d6a7acfdaecfdf82253c8437270fb74c8588e8c49983b667b7,threatfox,AMOS,"threatfox,AMOS,ClickFix,Foxveil,macOS,quill",2026-10-08 16:06:32,2026-10-08 17:02:18,85
hash_sha256,f74018a20a70c5d77438caf9b3d108966de989a97b3d5c639be8b31856ef8022,threatfox,AMOS,"threatfox,AMOS,ClickFix,Foxveil,macOS,quill",2026-10-08 16:06:32,2026-10-08 17:02:18,85
hash_sha256,f80220d22e396186175a3e8f61e8175a3cb25b4a18d7e31937cf4925ca7e3b82,threatfox,Mirai,"threatfox,elf,Mirai",2026-10-08 16:06:32,2026-10-08 17:02:18,85
hash_sha256,fac28f3d0ed1da9effabd03e90ade9cad8fabf25455e29f085fd5cc6633a3bc7,threatfox,Mirai,"threatfox,elf,exe,Mirai",2026-10-08 16:06:32,2026-10-08 17:02:18,85
hash_sha256,fd181863f6aa699a9d9a74c70973ff7c00ce2867f97cea773f4aa0b2993a039a,threatfox,Mirai,"threatfox,elf,Mirai",2026-10-08 16:06:32,2026-10-08 17:02:18,85
hash_sha256,fed1d182cd722f3d67695d1c1787910f1699dce6db409da5bb9f3aa1453d43d2,threatfox,Mirai,"threatfox,elf,Mirai",2026-10-08 16:06:32,2026-10-08 17:02:18,85
ip,103.83.87.47,threatfox,Remcos,"threatfox,remcos",2026-10-08 16:06:32,2026-10-08 17:02:18,85
ip,104.254.90.122,threatfox,AsyncRAT,"threatfox,AsyncRAT,drb-ra,RAT",2026-10-08 16:06:32,2026-10-08 17:02:18,85
ip,104.64.0.199,threatfox,Mirai,"threatfox,mirai",2026-10-08 16:06:32,2026-10-08 17:02:18,85
ip,128.90.102.224,threatfox,Remcos,"threatfox,c2,CK-099,Remcos",2026-10-08 16:06:32,2026-10-08 17:02:18,85
ip,128.90.105.90,threatfox,AsyncRAT,"threatfox,AsyncRAT,drb-ra,RAT",2026-10-08 16:06:32,2026-10-08 17:02:18,85
ip,13.37.72.210,threatfox,Unknown RAT,"threatfox,ConnectWise,RMM,ScreenConnect",2026-10-08 16:06:32,2026-10-08 17:02:18,85
ip,132.243.172.224,threatfox,Cobalt Strike,"threatfox,cobaltstrike",2026-10-08 16:06:32,2026-10-08 17:02:18,85
ip,136.64.155.203,threatfox,Unknown malware,"threatfox,drb-ra,Mythic",2026-10-08 16:06:32,2026-10-08 17:02:18,85
ip,139.59.101.166,threatfox,Aisuru,"threatfox,airashi,aisuru,botnet,ddos,mirai",2026-10-08 16:06:32,2026-10-08 17:02:18,85
ip,143.110.219.27,threatfox,PoshC2,"threatfox,drb-ra,PoshC2",2026-10-08 16:06:32,2026-10-08 17:02:18,85
ip,150.40.98.5,threatfox,Mirai,"threatfox,mirai",2026-10-08 16:06:32,2026-10-08 17:02:18,85
ip,151.236.16.211,threatfox,FAKEUPDATES,"threatfox,SocGholish",2026-10-08 16:06:32,2026-10-08 17:02:18,85
ip,155.103.69.244,threatfox,Remcos,"threatfox,remcos",2026-10-08 16:06:32,2026-10-08 17:02:18,85
ip,156.247.40.74,threatfox,ValleyRAT,"threatfox,RAT,ValleyRAT",2026-10-08 16:06:32,2026-10-08 17:02:18,85
ip,162.254.37.211,threatfox,Unknown malware,"threatfox,drb-ra,Mythic",2026-10-08 16:06:32,2026-10-08 17:02:18,85
ip,202.61.157.33,threatfox,ValleyRAT,"threatfox,valleyrat_s2",2026-10-08 16:06:32,2026-10-08 17:02:18,85
ip,204.194.50.3,threatfox,Mirai,"threatfox,mirai",2026-10-08 16:06:32,2026-10-08 17:02:18,85
ip,209.38.216.204,threatfox,Aisuru,"threatfox,Aisuru,c2",2026-10-08 16:06:32,2026-10-08 17:02:18,85
ip,217.20.120.84,threatfox,Hook,"threatfox,drb-ra,Hook",2026-10-08 16:06:32,2026-10-08 17:02:18,85
ip,217.60.102.37,threatfox,AsyncRAT,"threatfox,AsyncRAT,drb-ra,RAT",2026-10-08 16:06:32,2026-10-08 17:02:18,85
ip,3.90.203.118,threatfox,Unknown malware,threatfox,2026-10-08 16:06:32,2026-10-08 17:02:18,85
ip,34.79.176.147,threatfox,Unknown malware,"threatfox,mythic",2026-10-08 16:06:32,2026-10-08 17:02:18,85
ip,41.36.172.175,threatfox,AsyncRAT,"threatfox,asyncrat",2026-10-08 16:06:32,2026-10-08 17:02:18,85
ip,43.138.221.218,threatfox,Cobalt Strike,"threatfox,CobaltStrike,drb-ra",2026-10-08 16:06:32,2026-10-08 17:02:18,85
ip,45.125.66.100,threatfox,Unknown malware,"threatfox,botnet,ddos,rondodox",2026-10-08 16:06:32,2026-10-08 17:02:18,85
ip,45.128.234.124,threatfox,Remcos,"threatfox,c2,cveil,Remcos",2026-10-08 16:06:32,2026-10-08 17:02:18,85
ip,45.136.5.227,threatfox,XWorm,"threatfox,xworm",2026-10-08 16:06:32,2026-10-08 17:02:18,85
ip,45.153.34.46,threatfox,Unknown malware,"threatfox,botnet,ddos,rondodox",2026-10-08 16:06:32,2026-10-08 17:02:18,85
ip,45.156.87.230,threatfox,Aisuru,"threatfox,Aisuru,c2",2026-10-08 16:06:32,2026-10-08 17:02:18,85
ip,62.72.63.126,threatfox,Unknown malware,threatfox,2026-10-08 16:06:32,2026-10-08 17:02:18,85
ip,64.176.35.240,threatfox,Unknown malware,"threatfox,mythic",2026-10-08 16:06:32,2026-10-08 17:02:18,85
ip,64.188.67.232,threatfox,XWorm,"threatfox,xworm",2026-10-08 16:06:32,2026-10-08 17:02:18,85
ip,66.29.151.122,threatfox,Mirai,"threatfox,drb-ra,Mirai",2026-10-08 16:06:32,2026-10-08 17:02:18,85
ip,67.86.75.244,threatfox,AsyncRAT,"threatfox,AsyncRAT,drb-ra,RAT",2026-10-08 16:06:32,2026-10-08 17:02:18,85
ip,78.40.209.158,threatfox,AsyncRAT,"threatfox,AsyncRAT,drb-ra,RAT",2026-10-08 16:06:32,2026-10-08 17:02:18,85
ip,91.215.85.140,threatfox,AdaptixC2,"threatfox,AdaptixC2,drb-ra",2026-10-08 16:06:32,2026-10-08 17:02:18,85
ip,91.240.118.10,threatfox,GCleaner,"threatfox,GCleaner,loader",2026-10-08 16:06:32,2026-10-08 17:02:18,85
ip,93.152.221.45,threatfox,Drifter,"threatfox,android,botnet,ddos,dongfeng,drifter",2026-10-08 16:06:32,2026-10-08 17:02:18,85
ip,95.168.180.123,threatfox,Remcos,"threatfox,remcos",2026-10-08 16:06:32,2026-10-08 17:02:18,85
ip,95.211.44.207,threatfox,Remcos,"threatfox,c2,Remcos,RemoteHost",2026-10-08 16:06:32,2026-10-08 17:02:18,85
url,http://103.66.149.154:53263/Mozi.a,threatfox,Mozi,"threatfox,elf,iot,Mozi",2026-10-08 16:06:32,2026-10-08 17:02:18,85
url,http://139.135.41.253:33618/Mozi.m,threatfox,Mozi,"threatfox,elf,iot,Mozi",2026-10-08 16:06:32,2026-10-08 17:02:18,85
url,http://153.117.48.158:34198/Mozi.7,threatfox,Mozi,"threatfox,elf,iot,Mozi",2026-10-08 16:06:32,2026-10-08 17:02:18,85
url,http://bravplo.click:7713/contacts,threatfox,Remus,"threatfox,remus",2026-10-08 16:06:32,2026-10-08 17:02:18,85
url,http://caxools.click:7728/collections,threatfox,Remus,"threatfox,remus",2026-10-08 16:06:32,2026-10-08 17:02:18,85
url,http://fezm.website:9048/reports,threatfox,Remus,"threatfox,remus",2026-10-08 16:06:32,2026-10-08 17:02:18,85
url,http://fezm.website:9048/reviews,threatfox,Remus,"threatfox,remus",2026-10-08 16:06:32,2026-10-08 17:02:18,85
url,http://flreaow.click:6527/projects,threatfox,Remus,"threatfox,remus",2026-10-08 16:06:32,2026-10-08 17:02:18,85
url,https://172.105.64.167,threatfox,Vidar,"threatfox,9907f3712d269b106ae1de2f415a7914,c2,loader,stealer,Vidar",2026-10-08 16:06:32,2026-10-08 17:02:18,85
url,https://172.235.182.6,threatfox,Vidar,"threatfox,0086075e3f7c97c9ab04a1a2cd48e78b,c2,loader,stealer,Vidar",2026-10-08 16:06:32,2026-10-08 17:02:18,85
url,https://camilagazola.com.br/,threatfox,Unknown malware,"threatfox,ClickFix",2026-10-08 16:06:32,2026-10-08 17:02:18,85
url,https://cdn.jsdelivr.net/gh/039cdcd43ebc/747f0c42-25b7-41a5-94b0-08b287e8231f/3fe-c4e74967a7a9,threatfox,ClearFake,"threatfox,ClearFake",2026-10-08 16:06:32,2026-10-08 17:02:18,85
url,https://cdn.jsdelivr.net/gh/1c8-29210bcba4d9/8521b0dd-0dd3-4cbe-a1a6-eb0ad8da73dd/55-4987-badc-c13e99ff77fd,threatfox,ClearFake,"threatfox,ClearFake",2026-10-08 16:06:32,2026-10-08 17:02:18,85
url,https://cdn.jsdelivr.net/gh/8ec144b01a/4c3be-d997-4c13-a86f-30ac5aee2ae6/6cc-8ed4f452d693,threatfox,ClearFake,"threatfox,ClearFake",2026-10-08 16:06:32,2026-10-08 17:02:18,85
url,https://cdn.jsdelivr.net/gh/fjghds8576/defc5c6-f955-4bfe-beeb-0bb43404d004/ae33-a96d32,threatfox,ClearFake,"threatfox,ClearFake",2026-10-08 16:06:32,2026-10-08 17:02:18,85
url,https://lavendertome.co/trace/acl-hook.js,threatfox,SmartApeSG,"threatfox,SmartApeSG",2026-10-08 16:06:32,2026-10-08 17:02:18,85
url,https://lavendertome.co/trace/handler-server,threatfox,SmartApeSG,"threatfox,SmartApeSG",2026-10-08 16:06:32,2026-10-08 17:02:18,85
url,https://nationalhilift.com/,threatfox,Unknown malware,"threatfox,ClickFix",2026-10-08 16:06:32,2026-10-08 17:02:18,85
url,https://ss.333vip.org/,threatfox,Vidar,"threatfox,vidar",2026-10-08 16:06:32,2026-10-08 17:02:18,85
url,https://tantrikashaman.com/,threatfox,Unknown malware,"threatfox,ClickFix",2026-10-08 16:06:32,2026-10-08 17:02:18,85
url,https://tb.333vip.org,threatfox,Vidar,"threatfox,vidar",2026-10-08 16:06:32,2026-10-08 17:02:18,85
url,https://tb.333vip.org/,threatfox,Vidar,"threatfox,vidar",2026-10-08 16:06:32,2026-10-08 17:02:18,85
url,https://tb.3toto.com,threatfox,Vidar,"threatfox,vidar",2026-10-08 16:06:32,2026-10-08 17:02:18,85
url,https://tb.3toto.com/,threatfox,Vidar,"threatfox,vidar",2026-10-08 16:06:32,2026-10-08 17:02:18,85
url,https://vmi3641491.contaboserver.net/,threatfox,Unknown malware,threatfox,2026-10-08 16:06:32,2026-10-08 17:02:18,85
url,https://vmi3641492.contaboserver.net/,threatfox,Unknown malware,"threatfox,geo,MEX",2026-10-08 16:06:32,2026-10-08 17:02:18,85
ssl_sha1,0916fba7d3ffe7cf2d7f6803f098cdc96077a842,sslbl,OffLoader C&C,"sslbl,2026-10-08",2026-10-08 16:06:31,2026-10-08 17:02:18,88
ssl_sha1,1ccf99a4deb337e800230280e82782da64384694,sslbl,Malware C&C,"sslbl,2026-10-08",2026-10-08 16:06:31,2026-10-08 17:02:18,88
hash_md5,0317bda8fbd4e4b82dbea85847806acf,malwarebazaar,exe,"9d2ca3,dropped-by-Amadey,exe,signed",2026-10-08 16:00:05,2026-10-08 17:02:18,85
hash_md5,04affffde2b6154d68e2a6d94ab31e6f,malwarebazaar,XWorm,"js,XWorm",2026-10-08 16:00:05,2026-10-08 17:02:18,85
hash_md5,04f690ebbefd721c72f79d60dc6dc72b,malwarebazaar,njrat,"exe,njrat,RAT",2026-10-08 16:00:05,2026-10-08 17:02:18,85
hash_md5,06c4d70491dcae8c6ba0fc3ace827b39,malwarebazaar,Mirai,"elf,Mirai",2026-10-08 16:00:05,2026-10-08 17:02:18,85
hash_md5,06f5ec9866854e9a8641973d0727e376,malwarebazaar,exe,exe,2026-10-08 16:00:05,2026-10-08 17:02:18,85
hash_md5,077a73750aee7d14b4983cc0f6abe1b9,malwarebazaar,exe,exe,2026-10-08 16:00:05,2026-10-08 17:02:18,85
hash_md5,08ef2e0eaac4af38625961c5af8efe60,malwarebazaar,RondoDox,"ddos,elf.rondodox,rondodox,sh,shell",2026-10-08 16:00:05,2026-10-08 17:02:18,85
hash_md5,0a7f8a3e8e5c4e70f7ec2863a70c95e0,malwarebazaar,RemusStealer,"exe,RemusStealer",2026-10-08 16:00:05,2026-10-08 17:02:18,85
hash_md5,0b29deeb3bcc1702f618f8fe29383165,malwarebazaar,Mirai,"elf,Mirai",2026-10-08 16:00:05,2026-10-08 17:02:18,85
hash_md5,0bafb1133ee4dab935e4cedf0686fb1c,malwarebazaar,ValleyRAT,"exe,RAT,ValleyRAT",2026-10-08 16:00:05,2026-10-08 17:02:18,85
hash_md5,0c0bfab87a5450c6a6d40afdc34f35a4,malwarebazaar,LxBaseRAT,"js,LxBaseRAT",2026-10-08 16:00:05,2026-10-08 17:02:18,85
hash_md5,0fe80231969c64222b8eed137d97147f,malwarebazaar,exe,exe,2026-10-08 16:00:05,2026-10-08 17:02:18,85
hash_md5,1035efb4e92a564a39dbeb822c7947b1,malwarebazaar,AsyncRAT,"AsyncRAT,js",2026-10-08 16:00:05,2026-10-08 17:02:18,85
hash_md5,116c58d9495cde483fc327a4a033db28,malwarebazaar,exe,exe,2026-10-08 16:00:05,2026-10-08 17:02:18,85
hash_md5,12646c9306fb85ed6731fa76821295f5,malwarebazaar,js,js,2026-10-08 16:00:05,2026-10-08 17:02:18,85
hash_md5,156b6e957d1c8cfca30351e0b1bccd3a,malwarebazaar,DeerStealer,"DeerStealer,dropped-by-GCleaner,exe,F,MIX4.file,signed",2026-10-08 16:00:05,2026-10-08 17:02:18,85
hash_md5,159e48379affd3aad18639e049208b3d,malwarebazaar,MassLogger,js,2026-10-08 16:00:05,2026-10-08 17:02:18,85
hash_md5,1bbcb2229c8ce76a81fd81eb3b50b3ee,malwarebazaar,Mirai,"elf,Mirai",2026-10-08 16:00:05,2026-10-08 17:02:18,85
hash_md5,1c3bdc583e73e199aebdd02a851125e8,malwarebazaar,Mirai,"elf,Mirai,upx-dec",2026-10-08 16:00:05,2026-10-08 17:02:18,85
hash_md5,1d1965d1b99318c08a6272785aa4a90a,malwarebazaar,Vidar,"exe,Vidar",2026-10-08 16:00:05,2026-10-08 17:02:18,85
hash_md5,200fb6726d73209a82e1d3d846c6b684,malwarebazaar,RustyStealer,"exe,RustyStealer",2026-10-08 16:00:05,2026-10-08 17:02:18,85
hash_md5,276f29a3fe38444181a917e69ddc9898,malwarebazaar,RemcosRAT,"RemcosRAT,vbs",2026-10-08 16:00:05,2026-10-08 17:02:18,85
hash_md5,2ae5ab42f2924330344e5dd45c5bf841,malwarebazaar,Formbook,"exe,Formbook,signed",2026-10-08 16:00:05,2026-10-08 17:02:18,85
hash_md5,316229424251dcf71cdf13599b7c19b1,malwarebazaar,hta,"exe,hta",2026-10-08 16:00:05,2026-10-08 17:02:18,85
hash_md5,397d2fa9d59e4a5842d6edec79abb0d5,malwarebazaar,STRRAT,"jar,STRRAT",2026-10-08 16:00:05,2026-10-08 17:02:18,85
hash_md5,3a58392c7612b8573fb4aa072e4d3fda,malwarebazaar,Mirai,"elf,Mirai,upx",2026-10-08 16:00:05,2026-10-08 17:02:18,85
hash_md5,3aca8ccf4d8ebbecc2b591efb5afd923,malwarebazaar,Mirai,"elf,Mirai",2026-10-08 16:00:05,2026-10-08 17:02:18,85
hash_md5,3babb5acfc7b1269ec0525fbbc23af85,malwarebazaar,Mirai,"elf,Mirai",2026-10-08 16:00:05,2026-10-08 17:02:18,85
hash_md5,40ed47767c280e5a182dfd0ea6d1cc8f,malwarebazaar,RemcosRAT,vbs,2026-10-08 16:00:05,2026-10-08 17:02:18,85
hash_md5,4109231f091e26ff30681780057791d8,malwarebazaar,Mirai,"elf,Mirai",2026-10-08 16:00:05,2026-10-08 17:02:18,85
hash_md5,41778c82d112b01f2ced7bd96b19da63,malwarebazaar,exe,exe,2026-10-08 16:00:05,2026-10-08 17:02:18,85
hash_md5,42dc92db24c1e8078abac3e5223b527d,malwarebazaar,XWorm,vbs,2026-10-08 16:00:05,2026-10-08 17:02:18,85
hash_md5,490f7945b22c2fc532e3ed6b56ab383d,malwarebazaar,Mirai,"Mirai,sh,wraith",2026-10-08 16:00:05,2026-10-08 17:02:18,85
hash_md5,4c2c75e932ab97b70895b82f1ea6aeea,malwarebazaar,exe,exe,2026-10-08 16:00:05,2026-10-08 17:02:18,85
hash_md5,4d5a57424cd0aa42b18deb996248e758,malwarebazaar,PhantomStealer,"js,PhantomStealer",2026-10-08 16:00:05,2026-10-08 17:02:18,85
hash_md5,50ecf6c43b244ff82cf0dce173fc0a3e,malwarebazaar,PureLogsStealer,"js,PureLogsStealer",2026-10-08 16:00:05,2026-10-08 17:02:18,85
hash_md5,51f9577c7487418a7014fef9d4c73b97,malwarebazaar,Mirai,"elf,Mirai",2026-10-08 16:00:05,2026-10-08 17:02:18,85
hash_md5,53648dee77c997e3665a8c3add00eeaa,malwarebazaar,exe,exe,2026-10-08 16:00:05,2026-10-08 17:02:18,85
hash_md5,53f50dc76d1b1b0edf8ad5e44d185f74,malwarebazaar,js,js,2026-10-08 16:00:05,2026-10-08 17:02:18,85
hash_md5,54361eb93308c56dc4c455d6633202a8,malwarebazaar,Mirai,"elf,Mirai",2026-10-08 16:00:05,2026-10-08 17:02:18,85
hash_md5,5a0a89f6f9ec5f381197ef35ed038a25,malwarebazaar,PhantomStealer,js,2026-10-08 16:00:05,2026-10-08 17:02:18,85
hash_md5,5e05e558286aaf49ed45ab97c38492a7,malwarebazaar,Mirai,"elf,Mirai",2026-10-08 16:00:05,2026-10-08 17:02:18,85
hash_md5,621de2bb172f4fce9bdeae0fcb1ada32,malwarebazaar,Mirai,"elf,Mirai,upx",2026-10-08 16:00:05,2026-10-08 17:02:18,85
hash_md5,6367307dd5e1cbc6c1f0a160e0c5d421,malwarebazaar,Formbook,"exe,Formbook",2026-10-08 16:00:05,2026-10-08 17:02:18,85
hash_md5,662a9785239ddbfe219468d1e3793c42,malwarebazaar,Mirai,"elf,Mirai",2026-10-08 16:00:05,2026-10-08 17:02:18,85
hash_md5,66c2eb813a75cff529f20c390a356858,malwarebazaar,Mirai,"ddos,elf,elf.rondodox,Mirai,rondodox",2026-10-08 16:00:05,2026-10-08 17:02:18,85
hash_md5,67b24ff917229654f4562c40701c703d,malwarebazaar,PhantomStealer,js,2026-10-08 16:00:05,2026-10-08 17:02:18,85
hash_md5,6a69653b11ad264ffee3ebcf898b5b80,malwarebazaar,RemcosRAT,"RemcosRAT,vbs",2026-10-08 16:00:05,2026-10-08 17:02:18,85
hash_md5,6e21fed92893294cc07022d31585e408,malwarebazaar,Mirai,"elf,Mirai",2026-10-08 16:00:05,2026-10-08 17:02:18,85
hash_md5,6e7fb5ed733aedc9943cc4eb2ce744f5,malwarebazaar,CoinMiner,"9d2ca3,CoinMiner,dropped-by-Amadey,exe",2026-10-08 16:00:05,2026-10-08 17:02:18,85
hash_md5,6f64ca4af46fdd32fbef09366a304cc7,malwarebazaar,Mirai,"elf,Mirai,upx-dec",2026-10-08 16:00:05,2026-10-08 17:02:18,85
hash_md5,6f6e4a747f1b0a809f2092d3259bba36,malwarebazaar,Mirai,"elf,Mirai",2026-10-08 16:00:05,2026-10-08 17:02:18,85
hash_md5,6ff2c59c67891791f3855a4c3f4cd42f,malwarebazaar,Mirai,"elf,Mirai",2026-10-08 16:00:05,2026-10-08 17:02:18,85
hash_md5,70e7f4928850dd096e7e25bd1701d336,malwarebazaar,Mirai,"elf,Mirai",2026-10-08 16:00:05,2026-10-08 17:02:18,85
hash_md5,76690c19ea42a84e6ddd9e214b9b9a84,malwarebazaar,Mirai,"elf,Mirai",2026-10-08 16:00:05,2026-10-08 17:02:18,85
hash_md5,7af1c8395f2843ab456c1bf9a3b4d596,malwarebazaar,Mirai,"elf,Mirai,upx",2026-10-08 16:00:05,2026-10-08 17:02:18,85
hash_md5,7c52627edb75864fdf0db6de8d6b7248,malwarebazaar,Formbook,js,2026-10-08 16:00:05,2026-10-08 17:02:18,85
hash_md5,7d3323e998ecb62025d87f3e56e9596c,malwarebazaar,ConnectWise,js,2026-10-08 16:00:05,2026-10-08 17:02:18,85
hash_md5,82fc8f5d30904260b22c6cf8583a9039,malwarebazaar,AgentTesla,"AgentTesla,exe,js",2026-10-08 16:00:05,2026-10-08 17:02:18,85
hash_md5,86b2e41adf3aa8a2af1ae1336f6ea2f7,malwarebazaar,Mirai,"elf,Mirai,upx",2026-10-08 16:00:05,2026-10-08 17:02:18,85
hash_md5,88c303b6a584e5f22c771fe8bbabdf0c,malwarebazaar,ConnectWise,"ConnectWise,exe",2026-10-08 16:00:05,2026-10-08 17:02:18,85
hash_md5,8a1c4bf769ad3844f342756460aaafb7,malwarebazaar,js,js,2026-10-08 16:00:05,2026-10-08 17:02:18,85
hash_md5,8c12c65869b71ecd37902e2a28275ac1,malwarebazaar,Mirai,"elf,Mirai",2026-10-08 16:00:05,2026-10-08 17:02:18,85
hash_md5,8c38f114c35ae695523323a4426b46bb,malwarebazaar,exe,exe,2026-10-08 16:00:05,2026-10-08 17:02:18,85
hash_md5,8cd3d0ab4ebe84138534d02071b10435,malwarebazaar,Mirai,"elf,Mirai,upx",2026-10-08 16:00:05,2026-10-08 17:02:18,85
hash_md5,8e8b9b52536b4ec6b380201db4d3e898,malwarebazaar,Burnwoo,"Burnwoo,exe",2026-10-08 16:00:05,2026-10-08 17:02:18,85
hash_md5,8fdd240723a77f06e51c898c5e80818a,malwarebazaar,Mirai,"elf,Mirai,upx-dec",2026-10-08 16:00:05,2026-10-08 17:02:18,85
hash_md5,90d5acfb0c1245c23891a5c86c316f99,malwarebazaar,PhantomStealer,"exe,PhantomStealer",2026-10-08 16:00:05,2026-10-08 17:02:18,85
hash_md5,93d24578c1c754d46d12b09ad0498b74,malwarebazaar,exe,exe,2026-10-08 16:00:05,2026-10-08 17:02:18,85
hash_md5,97e42e50ecb6690f179b58c20f9de633,malwarebazaar,Mispadu,"banker,exe,latam,mispadu",2026-10-08 16:00:05,2026-10-08 17:02:18,85
hash_md5,983d0b82d7bfa9690e319465c805231d,malwarebazaar,exe,exe,2026-10-08 16:00:05,2026-10-08 17:02:18,85
hash_md5,9a40f0220ccda7ef672a01d23530be85,malwarebazaar,ConnectWise,"ConnectWise,msi",2026-10-08 16:00:05,2026-10-08 17:02:18,85
hash_md5,9a605d6c4965dd078adfbcc7d7855067,malwarebazaar,Mirai,"elf,Mirai,wraith",2026-10-08 16:00:05,2026-10-08 17:02:18,85
hash_md5,9d132a0cecdd6e90a24f1c806c479f57,malwarebazaar,MassLogger,js,2026-10-08 16:00:05,2026-10-08 17:02:18,85
hash_md5,9df8f093727a61b26021d2fdd22f7d48,malwarebazaar,exe,exe,2026-10-08 16:00:05,2026-10-08 17:02:18,85
hash_md5,a53b0f474c71f9e0d711fadad3f99128,malwarebazaar,exe,"exe,signed",2026-10-08 16:00:05,2026-10-08 17:02:18,85
hash_md5,a53d0903f4b158b1d1be8b9645a293af,malwarebazaar,Formbook,"exe,Formbook",2026-10-08 16:00:05,2026-10-08 17:02:18,85
hash_md5,a6e0cbfb4a6ee75a31018b213c7f4a88,malwarebazaar,Mirai,"elf,Mirai,upx",2026-10-08 16:00:05,2026-10-08 17:02:18,85
hash_md5,a87df19f02b265d0fa0f5304fc51e137,malwarebazaar,vbs,"geo,MEX,vbs",2026-10-08 16:00:05,2026-10-08 17:02:18,85
hash_md5,a9c908dc37fb2a8869e5a0772bef79ba,malwarebazaar,Mirai,"elf,Mirai",2026-10-08 16:00:05,2026-10-08 17:02:18,85
hash_md5,ab0bf02ea344a3b6485fca3164a311b1,malwarebazaar,ConnectWise,"ConnectWise,msi",2026-10-08 16:00:05,2026-10-08 17:02:18,85
hash_md5,abe3f4355f6fd6164fa2a6a5c4036255,malwarebazaar,Mirai,"elf,Mirai,upx,wraith",2026-10-08 16:00:05,2026-10-08 17:02:18,85
hash_md5,abe824edc50ce93b00d98d0ff4085819,malwarebazaar,Mirai,"elf,Mirai,upx-dec",2026-10-08 16:00:05,2026-10-08 17:02:18,85
hash_md5,af2614acf7a6920e0c546fa8c63b3757,malwarebazaar,Mirai,"elf,Mirai,upx",2026-10-08 16:00:05,2026-10-08 17:02:18,85
hash_md5,af720cb19686c51d8c68414bacba8dbe,malwarebazaar,Phorpiex,"dropped-by-phorpiex,exe,Phorpiex",2026-10-08 16:00:05,2026-10-08 17:02:18,85
hash_md5,b04d15eadf1f7a5db4e87064834e4e29,malwarebazaar,Mirai,"elf,Mirai,upx-dec",2026-10-08 16:00:05,2026-10-08 17:02:18,85
hash_md5,b684e5adedea69831b13c66e7c1636f2,malwarebazaar,zip,"geo,MEX,zip",2026-10-08 16:00:05,2026-10-08 17:02:18,85
hash_md5,b6b262aeab53b8316a9ac88278017d7f,malwarebazaar,ConnectWise,"ConnectWise,msi",2026-10-08 16:00:05,2026-10-08 17:02:18,85
hash_md5,b6ffc5ab3d9c3d132b0cdb490ed800d2,malwarebazaar,LummaStealer,"exe,LummaStealer",2026-10-08 16:00:05,2026-10-08 17:02:18,85
hash_md5,ba5da443c5e881df3147e9c110240df3,malwarebazaar,exe,exe,2026-10-08 16:00:05,2026-10-08 17:02:18,85
hash_md5,bda8050959189d97c0f89f752f8d2d8d,malwarebazaar,exe,exe,2026-10-08 16:00:05,2026-10-08 17:02:18,85
hash_md5,bdb008d3c0dd84c298e176bece922899,malwarebazaar,js,js,2026-10-08 16:00:05,2026-10-08 17:02:18,85
hash_md5,c3a88070efbd17199ccd5debc34d649a,malwarebazaar,exe,exe,2026-10-08 16:00:05,2026-10-08 17:02:18,85
hash_md5,c4d8390f223814417d923e0ddc84a521,malwarebazaar,js,js,2026-10-08 16:00:05,2026-10-08 17:02:18,85
hash_md5,c7d71ad31771236d20b4b88b12586655,malwarebazaar,XWorm,vbs,2026-10-08 16:00:05,2026-10-08 17:02:18,85
hash_md5,c8178a270b1767c21c67f51d3a4c2995,malwarebazaar,RemcosRAT,"js,RemcosRAT",2026-10-08 16:00:05,2026-10-08 17:02:18,85
hash_md5,c8c2cf8b54a8b34a64d9629b2546314b,malwarebazaar,RustyStealer,"exe,RustyStealer",2026-10-08 16:00:05,2026-10-08 17:02:18,85
hash_md5,cb853648b8a01a93848d7ec1f6cd4693,malwarebazaar,Mirai,"elf,Mirai,upx-dec",2026-10-08 16:00:05,2026-10-08 17:02:18,85
hash_md5,d4e7d0936cfb7b2953d2346aff31093c,malwarebazaar,Gafgyt,"ddos,elf,elf.rondodox,Gafgyt,rondodox",2026-10-08 16:00:05,2026-10-08 17:02:18,85
hash_md5,d75fa64d2a153611ce655029d0446643,malwarebazaar,exe,"d52f85,dropped-by-Amadey,exe",2026-10-08 16:00:05,2026-10-08 17:02:18,85
hash_md5,d9c36cee4c95e460b0c791eb2326a04b,malwarebazaar,ConnectWise,"ConnectWise,msi",2026-10-08 16:00:05,2026-10-08 17:02:18,85
hash_md5,db0f5370fcb230b720116495cbdd8099,malwarebazaar,Mirai,"elf,Mirai",2026-10-08 16:00:05,2026-10-08 17:02:18,85
hash_md5,db5cc69207b6dac4eb5fed402c85d782,malwarebazaar,Mirai,"ddos,elf,elf.rondodox,Mirai,rondodox",2026-10-08 16:00:05,2026-10-08 17:02:18,85
hash_md5,e11ec35a660595ea93acd94c778ef525,malwarebazaar,Mirai,"elf,Mirai",2026-10-08 16:00:05,2026-10-08 17:02:18,85
hash_md5,e3dab5eff13659e3ac68e7def682032f,malwarebazaar,ConnectWise,"ConnectWise,msi,signed",2026-10-08 16:00:05,2026-10-08 17:02:18,85
hash_md5,e53aec1f858711f2159742a7a0f27f8d,malwarebazaar,Mirai,"elf,Mirai",2026-10-08 16:00:05,2026-10-08 17:02:18,85
hash_md5,ea2eb4d63de834d72c1498c4f810fa19,malwarebazaar,Mirai,"elf,Mirai",2026-10-08 16:00:05,2026-10-08 17:02:18,85
hash_md5,f1b1d1fbfe29b564b91904498fb3fcd7,malwarebazaar,exe,exe,2026-10-08 16:00:05,2026-10-08 17:02:18,85
hash_md5,f39c3b9a8f31d9702ba467dd8430f4eb,malwarebazaar,Mirai,"elf,Mirai,wraith",2026-10-08 16:00:05,2026-10-08 17:02:18,85
hash_md5,f562b6321a57fed63908b9da8a85095e,malwarebazaar,RemcosRAT,vbs,2026-10-08 16:00:05,2026-10-08 17:02:18,85
hash_md5,f7c7883ec817a2b7220a1657c9451588,malwarebazaar,exe,"cleanavcheskre.com,exe,infostealer,rust,uefarafara.mom",2026-10-08 16:00:05,2026-10-08 17:02:18,85
hash_md5,f7e1dd85bce45a6f0eeee02bc9f301d8,malwarebazaar,Mirai,"elf,Mirai",2026-10-08 16:00:05,2026-10-08 17:02:18,85
hash_md5,f9004703ceb20209801c1b22668fae55,malwarebazaar,Mirai,"elf,Mirai,upx-dec",2026-10-08 16:00:05,2026-10-08 17:02:18,85
hash_md5,fa4d5039f03f12a308ee551d25e77b5d,malwarebazaar,VIPKeylogger,js,2026-10-08 16:00:05,2026-10-08 17:02:18,85
hash_md5,ff6713738b2a7f36c74cfbbbb63e5069,malwarebazaar,Mirai,"elf,Mirai,upx-dec",2026-10-08 16:00:05,2026-10-08 17:02:18,85
hash_sha256,01adeb13e760036a7dc3113b8c61c1e8ab0e87ba39dc48389edf16ed0a89ef56,malwarebazaar,js,js,2026-10-08 16:00:05,2026-10-08 17:02:18,85
hash_sha256,02d1745fc1932ca560190c8f9850320f6374255df0e7f91bdcd8cea323567ca4,malwarebazaar,Mirai,"elf,Mirai,upx",2026-10-08 16:00:05,2026-10-08 17:02:18,85
hash_sha256,0405d097883e17cac15578d2f7e3fb7e0ae96c978249103d78d87c048d50f263,malwarebazaar,Mirai,"elf,Mirai",2026-10-08 16:00:05,2026-10-08 17:02:18,85
hash_sha256,05a3f778a2bbcfac9aa28162a12fae795c62a5dd7d1d3ac92334a9c57972123d,malwarebazaar,Mirai,"elf,Mirai",2026-10-08 16:00:05,2026-10-08 17:02:18,85
hash_sha256,06409f27701dd648ed99f90adbdba25476455635853706551774d7d2de25cf3d,malwarebazaar,exe,exe,2026-10-08 16:00:05,2026-10-08 17:02:18,85
hash_sha256,0a5c86ee3956ef4bf3349adaef85208809b41de2f98aefd7956645e7e9ea5342,malwarebazaar,exe,exe,2026-10-08 16:00:05,2026-10-08 17:02:18,85
hash_sha256,0af69f4befc8e461da46f5ea8352e84ff797b27a38154b436d7ad4e9fb3e90d0,malwarebazaar,exe,exe,2026-10-08 16:00:05,2026-10-08 17:02:18,85
hash_sha256,0dd365f1847c979f94f19f4f8d56beaebd8e95e13e88e712672c4dd29c0785b2,malwarebazaar,Mirai,"elf,Mirai",2026-10-08 16:00:05,2026-10-08 17:02:18,85
hash_sha256,0eb0f5bb2d9add5a31b1689569c05c01917adc804c8c9b3c679449f67cf1f2c2,malwarebazaar,VIPKeylogger,js,2026-10-08 16:00:05,2026-10-08 17:02:18,85
hash_sha256,132d3b2136891326548fa6fbc23de90e60f37beeb682ea3f1ff8469fa1b9a3e6,malwarebazaar,Mirai,"elf,Mirai",2026-10-08 16:00:05,2026-10-08 17:02:18,85
hash_sha256,138671f56898c4504a02588c6f9c4de6a3961ce015bb147d579bd54bc454ded1,malwarebazaar,LummaStealer,"exe,LummaStealer",2026-10-08 16:00:05,2026-10-08 17:02:18,85
hash_sha256,17d0b378447464b9fb008ed7fa1093cfad9ace3bd730ed12e4716500001fddfa,malwarebazaar,Mirai,"elf,Mirai",2026-10-08 16:00:05,2026-10-08 17:02:18,85
hash_sha256,1a9afbc2b7671c4b6b355da6da1572b1592aa9987396c332fa9bd2d07fca60e0,malwarebazaar,Burnwoo,"Burnwoo,exe",2026-10-08 16:00:05,2026-10-08 17:02:18,85
hash_sha256,1cb3cbe9a8ab6f5c56f90e7bcdcc20fc8d3ce0adbfc2ecc14690c72b960c71b1,malwarebazaar,LxBaseRAT,"js,LxBaseRAT",2026-10-08 16:00:05,2026-10-08 17:02:18,85
hash_sha256,224eaf712bb4e7e7788a9a044eededf850423de3ff3c57c1f9bddb9c5d31430f,malwarebazaar,Mirai,"elf,Mirai",2026-10-08 16:00:05,2026-10-08 17:02:18,85
hash_sha256,2255fd66fb293eda71a42f0921b28a249c344e9f95d89ce05356478ed901c3f6,malwarebazaar,ConnectWise,"ConnectWise,msi",2026-10-08 16:00:05,2026-10-08 17:02:18,85
hash_sha256,23bce521eb0bc740f9a10f1aa511e9ab2757b33e1aeff6c795cbe3fdb1d9b788,malwarebazaar,exe,exe,2026-10-08 16:00:05,2026-10-08 17:02:18,85
hash_sha256,31d0dd8afccc7929f68579bfbbba3e5359284eb34b9f955b8534f8f720fa7077,malwarebazaar,ConnectWise,"ConnectWise,msi",2026-10-08 16:00:05,2026-10-08 17:02:18,85
hash_sha256,348252e82e5987b59bf31f1b4cacb14a8ec123c5dd54244dcbcbbe2000376459,malwarebazaar,js,js,2026-10-08 16:00:05,2026-10-08 17:02:18,85
hash_sha256,3585e01d3f3f3e3a14c6becb24e5955a49fc0c1c58d92e0122b3b47b01b448b4,malwarebazaar,Mirai,"elf,Mirai",2026-10-08 16:00:05,2026-10-08 17:02:18,85
hash_sha256,38907cfc64ad45bcd1887ac6a6aa363ef5926c2e6bf2969aa92eeeddcd27a532,malwarebazaar,ConnectWise,"ConnectWise,exe",2026-10-08 16:00:05,2026-10-08 17:02:18,85
hash_sha256,3c9421455f0eedb39b906dd93548d4501cdb3885e958ed4c420006f3a082e90e,malwarebazaar,MassLogger,js,2026-10-08 16:00:05,2026-10-08 17:02:18,85
hash_sha256,3dcfaa68692605cd320bfea0bed6c9457c233cc4ffdf2ecce63b5433d99f19a0,malwarebazaar,PhantomStealer,"js,PhantomStealer",2026-10-08 16:00:05,2026-10-08 17:02:18,85
hash_sha256,3f790d1fc0bae05463f75c5c2fda33b7616230a361630da56e87f7cf26e5fd89,malwarebazaar,CoinMiner,"9d2ca3,CoinMiner,dropped-by-Amadey,exe",2026-10-08 16:00:05,2026-10-08 17:02:18,85
hash_sha256,3f989088c20fb430c64e49f9438ee68cbe0a6b56072024329a31b823529197dd,malwarebazaar,js,js,2026-10-08 16:00:05,2026-10-08 17:02:18,85
hash_sha256,41a483806de558a54f5e294d7909b79f7e57fd89a47fde2afb8118188865e126,malwarebazaar,RustyStealer,"exe,RustyStealer",2026-10-08 16:00:05,2026-10-08 17:02:18,85
hash_sha256,47db8659968b0ee0cbf72d005b1c1744bc38f7dcbdacfe2e72b4895dfaf3a28b,malwarebazaar,Mirai,"elf,Mirai,wraith",2026-10-08 16:00:05,2026-10-08 17:02:18,85
hash_sha256,49575e2086e0f2b1787fb7a520ec2ccc65d9d0fdcf5388263a2a000829dc950d,malwarebazaar,hta,"exe,hta",2026-10-08 16:00:05,2026-10-08 17:02:18,85
hash_sha256,4cde69096b2440d240c4fe0f35eab599242d154e49edd14522b9614a95f2ea84,malwarebazaar,Mirai,"elf,Mirai,upx-dec",2026-10-08 16:00:05,2026-10-08 17:02:18,85
hash_sha256,4e116b164dbf33287b6d2e2a79ecbca47d7103f131d2356c8caad498c792d225,malwarebazaar,Mirai,"elf,Mirai,upx",2026-10-08 16:00:05,2026-10-08 17:02:18,85
hash_sha256,4f4129e8f79bde102875417f64a3258226ae93658776a416aaf4383698a6ea7d,malwarebazaar,Mispadu,"banker,exe,latam,mispadu",2026-10-08 16:00:05,2026-10-08 17:02:18,85
hash_sha256,518a7198ec4de6d56e4aae6c9fcd9e66f9313bc0107c6f0ccf2fb5e638492354,malwarebazaar,exe,exe,2026-10-08 16:00:05,2026-10-08 17:02:18,85
hash_sha256,570926ee424e877afad9ac8b18c2561b7931ad63affc951244da3c12380827b8,malwarebazaar,Vidar,"exe,Vidar",2026-10-08 16:00:05,2026-10-08 17:02:18,85
hash_sha256,5915c0ee6853d5a8785b31cb27ee11ffcfac5361c74e03236a47b1f4ed0c90f2,malwarebazaar,Mirai,"elf,Mirai,upx",2026-10-08 16:00:05,2026-10-08 17:02:18,85
hash_sha256,5d6968bfd3d38c08e9132a2a80b1e63dba2337d6823c24316e8a555720cbdf64,malwarebazaar,Mirai,"elf,Mirai,upx",2026-10-08 16:00:05,2026-10-08 17:02:18,85
hash_sha256,5ea9bbf8c3495b23177491a9f090147df72830d933c88b219db96784624af084,malwarebazaar,Mirai,"elf,Mirai,upx",2026-10-08 16:00:05,2026-10-08 17:02:18,85
hash_sha256,65f8fa42655f99bafc3eb1769338a4cb533ef48c24fb111b6ca9d80c1d428a55,malwarebazaar,PureLogsStealer,"js,PureLogsStealer",2026-10-08 16:00:05,2026-10-08 17:02:18,85
hash_sha256,6a40dca6a3861874aba4985d3bc84d224929ec23bd2b8dffde474bfff80d14d4,malwarebazaar,Mirai,"Mirai,sh,wraith",2026-10-08 16:00:05,2026-10-08 17:02:18,85
hash_sha256,6b2fc6d8e9211d8d8f2477955d83082b447b016209dfe86a0665a9f02a0b2e73,malwarebazaar,Mirai,"elf,Mirai",2026-10-08 16:00:05,2026-10-08 17:02:18,85
hash_sha256,6c2446f06869a50df82165dbbc78527186cc70e8ebb50c48634de0ab9057c00a,malwarebazaar,exe,exe,2026-10-08 16:00:05,2026-10-08 17:02:18,85
hash_sha256,6c977cac10245be0d1222fa444aafeed327e840a8864c7a37feb401ed51e7257,malwarebazaar,exe,exe,2026-10-08 16:00:05,2026-10-08 17:02:18,85
hash_sha256,6f274c6a133becdcccff52cbf3a2d1021ec9597b1003657992e1c1b40d7b29f0,malwarebazaar,js,js,2026-10-08 16:00:05,2026-10-08 17:02:18,85
hash_sha256,6f49c88bee04551b380af1cb592fef5b708f2cd058585b3510286ca7a01083c0,malwarebazaar,RemcosRAT,"RemcosRAT,vbs",2026-10-08 16:00:05,2026-10-08 17:02:18,85
hash_sha256,6fb1a5b3ae48d16378c147932cafbc8ee2749742660cfc2030ea5ebfea25fc96,malwarebazaar,Mirai,"elf,Mirai",2026-10-08 16:00:05,2026-10-08 17:02:18,85
hash_sha256,73506b6289867d28e1e198f97c1e0be7abb8e554ec6765943128f97d06f51e59,malwarebazaar,Mirai,"elf,Mirai,upx-dec",2026-10-08 16:00:05,2026-10-08 17:02:18,85
hash_sha256,777021046368ae3127d81fb3dec07bce6dd25d45171a035270e9b22d8a8312ff,malwarebazaar,RustyStealer,"exe,RustyStealer",2026-10-08 16:00:05,2026-10-08 17:02:18,85
hash_sha256,78e1c7c75c91d03ac9a26143b94b36f868aa926184e0a21efd4b85979ab710d5,malwarebazaar,exe,"exe,signed",2026-10-08 16:00:05,2026-10-08 17:02:18,85
hash_sha256,7a4f3b8e31e43bf030fa3f42e38e1d8cb613d326831bc9c27cfae3475cba6ff6,malwarebazaar,STRRAT,"jar,STRRAT",2026-10-08 16:00:05,2026-10-08 17:02:18,85
hash_sha256,7e0f5c501a265ac076d33523e0b8015f010aefd7f2abffb4ad69faa977009649,malwarebazaar,RemcosRAT,"RemcosRAT,vbs",2026-10-08 16:00:05,2026-10-08 17:02:18,85
hash_sha256,806ae8de2f9d5742fd8b489ebc48fbc06d8c8a1ab0c64351745cdd88b682ecb5,malwarebazaar,exe,exe,2026-10-08 16:00:05,2026-10-08 17:02:18,85
hash_sha256,817e757bce7aaec9731b9bf9b339e8f97f085b07af84f18f4982bc52237613fb,malwarebazaar,Mirai,"elf,Mirai",2026-10-08 16:00:05,2026-10-08 17:02:18,85
hash_sha256,876de483fb47861e27d3e3799f0199b5b79bf4cdf64964e974273def5acf384a,malwarebazaar,XWorm,vbs,2026-10-08 16:00:05,2026-10-08 17:02:18,85
hash_sha256,8965e6190e8d5839ee72337fc872d4d4d7d661f83612ba06cdf5d45da263f09a,malwarebazaar,Mirai,"elf,Mirai",2026-10-08 16:00:05,2026-10-08 17:02:18,85
hash_sha256,8abb1acdd04b0f3033dc98f52e27cd5abd962087a09b6f309a5d17d5f203f388,malwarebazaar,Mirai,"elf,Mirai",2026-10-08 16:00:05,2026-10-08 17:02:18,85
hash_sha256,8abcd362bf46284f62bfdcf17d8bb133810c8a2d56ac3250672e57863dcf5b0f,malwarebazaar,Mirai,"elf,Mirai",2026-10-08 16:00:05,2026-10-08 17:02:18,85
hash_sha256,8dd5060e2eac7624d50d1305d9e7a1b802eb7aaf4d457b49b5665f343ae52c8f,malwarebazaar,Mirai,"elf,Mirai,upx",2026-10-08 16:00:05,2026-10-08 17:02:18,85
hash_sha256,8e707060ba2def8a9b6865ed9429789dbd84ba4b6058f0dd5aefe462989fe4b8,malwarebazaar,Gafgyt,"ddos,elf,elf.rondodox,Gafgyt,rondodox",2026-10-08 16:00:05,2026-10-08 17:02:18,85
hash_sha256,90741d3e40ff7fd03ed2e4e22b503ab8195a1a7a024d1736e1f58b3559db2464,malwarebazaar,ConnectWise,"ConnectWise,msi",2026-10-08 16:00:05,2026-10-08 17:02:18,85
hash_sha256,93a02e28c64549669aaf37b557849b148f2dde48e895c0e6c9c519b8ae517e39,malwarebazaar,AgentTesla,"AgentTesla,exe,js",2026-10-08 16:00:05,2026-10-08 17:02:18,85
hash_sha256,94716a693ac143e390a3ddd855802f32ae6ba01043d3b284e2d308ec1255e056,malwarebazaar,Mirai,"elf,Mirai,upx-dec",2026-10-08 16:00:05,2026-10-08 17:02:18,85
hash_sha256,9bf6e7fd924aa4aff92bb5db0705d5300e7a6e199c73be2fc9bdecb9819194fe,malwarebazaar,RemusStealer,"exe,RemusStealer",2026-10-08 16:00:05,2026-10-08 17:02:18,85
hash_sha256,a1e52621549b26c9ea46fdb4da21e159d2332fb0887c56ee317648597e99df63,malwarebazaar,DeerStealer,"DeerStealer,dropped-by-GCleaner,exe,F,MIX4.file,signed",2026-10-08 16:00:05,2026-10-08 17:02:18,85
hash_sha256,a36cbacd3c6950de6319523835e895e8b35e32549c3a4673b3ead5215ad0d3e8,malwarebazaar,Formbook,"exe,Formbook",2026-10-08 16:00:05,2026-10-08 17:02:18,85
hash_sha256,a3ac0cd17220d71f76e6ae21bc6a82a6664ced814949724c7cfbfa8df2bc244f,malwarebazaar,Mirai,"elf,Mirai,wraith",2026-10-08 16:00:05,2026-10-08 17:02:18,85
hash_sha256,a694ae53379ab825bab8058a518a57394d5367f736a58064c54049f5640f4a83,malwarebazaar,exe,exe,2026-10-08 16:00:05,2026-10-08 17:02:18,85
hash_sha256,a6a2c88bc2debea22f66229d4d7932d87d0c741d4671f2d60ec47de9fe158cc1,malwarebazaar,Mirai,"elf,Mirai,upx-dec",2026-10-08 16:00:05,2026-10-08 17:02:18,85
hash_sha256,a7de1484a6be2e1c918268eb2f794f383b357ef3d663aa46b0bf47ccf8cf3371,malwarebazaar,Mirai,"ddos,elf,elf.rondodox,Mirai,rondodox",2026-10-08 16:00:05,2026-10-08 17:02:18,85
hash_sha256,a8a6f5ad5f6bc59b64af1cca3bf0d5b6bcc8686a0dd8a8bb5cb244c2edcf3e23,malwarebazaar,Formbook,"exe,Formbook",2026-10-08 16:00:05,2026-10-08 17:02:18,85
hash_sha256,a8f655179ddcdb7a8cf5c4c0d49227d79a1ab4ef48deeb2871de274b170f2727,malwarebazaar,Mirai,"elf,Mirai,upx-dec",2026-10-08 16:00:05,2026-10-08 17:02:18,85
hash_sha256,aad8f34d5100e4abf5bcc8b93d62d7f40e832c70e4f202b4b12f6cca958c4d84,malwarebazaar,XWorm,vbs,2026-10-08 16:00:05,2026-10-08 17:02:18,85
hash_sha256,abd9d912407f5336088a5b5394178df2994377f6738651bf37bc0d6976d0c861,malwarebazaar,njrat,"exe,njrat,RAT",2026-10-08 16:00:05,2026-10-08 17:02:18,85
hash_sha256,ac692b8c93d74858dffc9ac2b55fbdb3b729776cc29588cb3a91bebae265f47e,malwarebazaar,exe,exe,2026-10-08 16:00:05,2026-10-08 17:02:18,85
hash_sha256,aeaafb0a5653d4ae748e70b19d83c05a5c762dc6a5181c4c03410e8e881fae01,malwarebazaar,Mirai,"elf,Mirai",2026-10-08 16:00:05,2026-10-08 17:02:18,85
hash_sha256,b3a239b2b9f03411808ad477ec8b4bd91e5aeac1af2b0aaff99e448a16520eb3,malwarebazaar,RemcosRAT,vbs,2026-10-08 16:00:05,2026-10-08 17:02:18,85
hash_sha256,b5d0ed395d85559af488341a32f7337996abd0e9f6cf557ba2531f5f717172e1,malwarebazaar,RondoDox,"ddos,elf.rondodox,rondodox,sh,shell",2026-10-08 16:00:05,2026-10-08 17:02:18,85
hash_sha256,b7838aa5b9dc292dc29fd63f55d603eb731937387640ec22c63ad19b8bf044a7,malwarebazaar,Mirai,"elf,Mirai,upx-dec",2026-10-08 16:00:05,2026-10-08 17:02:18,85
hash_sha256,bb2486cc8b29aca9eb8221a247c309b77445284ca088d9249bc51032aaf17447,malwarebazaar,Mirai,"elf,Mirai",2026-10-08 16:00:05,2026-10-08 17:02:18,85
hash_sha256,bb2ccf7ba771c1f4ed4a93421e5e35334fe771e8f9444627abbc2f744414ce63,malwarebazaar,ConnectWise,js,2026-10-08 16:00:05,2026-10-08 17:02:18,85
hash_sha256,bc79eb0bdea5e7e087aaa68a20f43cec3456654be2cd60be14ffc17f8d060094,malwarebazaar,Phorpiex,"dropped-by-phorpiex,exe,Phorpiex",2026-10-08 16:00:05,2026-10-08 17:02:18,85
hash_sha256,bca5fb13c7b1732b75492e986f517c671dcd20e6ec0281d47cbe03ddb37ccb4e,malwarebazaar,exe,exe,2026-10-08 16:00:05,2026-10-08 17:02:18,85
hash_sha256,bcaa60dcc3369c42e9defb51c96939a1fb6ad9020faf1bf21b42c737c7cfb4eb,malwarebazaar,Formbook,"exe,Formbook,signed",2026-10-08 16:00:05,2026-10-08 17:02:18,85
hash_sha256,bd471bd2e0b469dc1b42fc369847fe49ca2247be251363f290b1b8cff1d54408,malwarebazaar,exe,"d52f85,dropped-by-Amadey,exe",2026-10-08 16:00:05,2026-10-08 17:02:18,85
hash_sha256,be000b0dbf3e8430af3837368751ee1337ffe696d1935d7865eae1684141ff6b,malwarebazaar,exe,exe,2026-10-08 16:00:05,2026-10-08 17:02:18,85
hash_sha256,be65797d62ee77d94954f8fb367428f7c37f0a183f93c4a743a1ad9cfe393066,malwarebazaar,ValleyRAT,"exe,RAT,ValleyRAT",2026-10-08 16:00:05,2026-10-08 17:02:18,85
hash_sha256,bfa46b06843cd8116a943d7e5428afde7e3b56a27c5156af3bbd34c923000c3f,malwarebazaar,MassLogger,js,2026-10-08 16:00:05,2026-10-08 17:02:18,85
hash_sha256,c006997765a787324f0ad62db2a591dc3c545497343b4f1828c21d7a79f16634,malwarebazaar,zip,"geo,MEX,zip",2026-10-08 16:00:05,2026-10-08 17:02:18,85
hash_sha256,c1f9d93c2f9f8a44f1119e078af6e6f6369e28d7376b37d2a8224cbec8047a28,malwarebazaar,js,js,2026-10-08 16:00:05,2026-10-08 17:02:18,85
hash_sha256,c273b95980cca11991eaa8c914cdefc78f7ab73da6e18be7437d3eec4095a0ac,malwarebazaar,Mirai,"elf,Mirai,upx,wraith",2026-10-08 16:00:05,2026-10-08 17:02:18,85
hash_sha256,c4f9eecae66a4567515f065e4564f3558f21abf037fe79820b48bace2f3ec7d8,malwarebazaar,PhantomStealer,js,2026-10-08 16:00:05,2026-10-08 17:02:18,85
hash_sha256,c721af4ea5bcceffa338bc9e7ce69dbc0e7ae2e96486531eb1bb35a341fcc551,malwarebazaar,Formbook,js,2026-10-08 16:00:05,2026-10-08 17:02:18,85
hash_sha256,c7b22e128db517a307e2bd566dcd7152d60c8321c7f267d0b69eeaeb9fc6ed38,malwarebazaar,RemcosRAT,"js,RemcosRAT",2026-10-08 16:00:05,2026-10-08 17:02:18,85
hash_sha256,cd730e1c84e210bf7a83612c83196728548b50acd4ae9c3f0b95f9d9278e8e5e,malwarebazaar,Mirai,"elf,Mirai",2026-10-08 16:00:05,2026-10-08 17:02:18,85
hash_sha256,d30b8ea598dd7c0289188b2ee9b7fa9cae513da42a92f9a3f60d87629108bda1,malwarebazaar,ConnectWise,"ConnectWise,msi",2026-10-08 16:00:05,2026-10-08 17:02:18,85
hash_sha256,d416e786af64b877744b04d16f6134503993c9f1bb43427c4790fae615833e0c,malwarebazaar,Mirai,"elf,Mirai,upx",2026-10-08 16:00:05,2026-10-08 17:02:18,85
hash_sha256,d53da5861d9134470b8a9b49d901a94719eab3829cc7986fe4b14cfa8010d3c3,malwarebazaar,Mirai,"elf,Mirai",2026-10-08 16:00:05,2026-10-08 17:02:18,85
hash_sha256,d550552b84807dab4c4d11a794d6cb14f75ae0b3b83700df826bac76f146c243,malwarebazaar,ConnectWise,"ConnectWise,msi,signed",2026-10-08 16:00:05,2026-10-08 17:02:18,85
hash_sha256,d68a9b3dcbe30b391315c02a65821c185280e00892d7e826ef12ffacafb2ee0c,malwarebazaar,exe,exe,2026-10-08 16:00:05,2026-10-08 17:02:18,85
hash_sha256,d6ed34cad69cf8a89990075be4ce371e896abbd17a245c7caa8c38f088d1284e,malwarebazaar,exe,"9d2ca3,dropped-by-Amadey,exe,signed",2026-10-08 16:00:05,2026-10-08 17:02:18,85
hash_sha256,d9ba3a24b805e3a76228f63a41b53c753313ca84cb88fcabf22e427d0dd84905,malwarebazaar,PhantomStealer,js,2026-10-08 16:00:05,2026-10-08 17:02:18,85
hash_sha256,da4426aed3b3d6b238fdd1fff82aa26de19975d292a64e429543556fb1450179,malwarebazaar,PhantomStealer,"exe,PhantomStealer",2026-10-08 16:00:05,2026-10-08 17:02:18,85
hash_sha256,dbeb779df52039d3b4d686a016c85a33348111910502c6d871ca8e80854d4c20,malwarebazaar,Mirai,"elf,Mirai,upx-dec",2026-10-08 16:00:05,2026-10-08 17:02:18,85
hash_sha256,df0be709a16dfdec2a137250529324f83f9d80f88bd3f9c95abe01fd30a9f1c7,malwarebazaar,vbs,"geo,MEX,vbs",2026-10-08 16:00:05,2026-10-08 17:02:18,85
hash_sha256,e167731c803d881dee8ff37ab793e1d8c58ab1eb109eee561e323454206ae20d,malwarebazaar,AsyncRAT,"AsyncRAT,js",2026-10-08 16:00:05,2026-10-08 17:02:18,85
hash_sha256,e17c2f9aadae9df7a444dbcc59fae992a1a05ddb57207c9fd23c8467fc8b23b5,malwarebazaar,Mirai,"elf,Mirai",2026-10-08 16:00:05,2026-10-08 17:02:18,85
hash_sha256,e821bdf46b6d95624f581a74eb7a56ba88f1b26b09e45d6e5b43d1eb32bf36b5,malwarebazaar,Mirai,"elf,Mirai,upx-dec",2026-10-08 16:00:05,2026-10-08 17:02:18,85
hash_sha256,e8d985f042540e964fa406e4a44d32028c60b6a6d549caede133ba21bdd2af60,malwarebazaar,exe,"cleanavcheskre.com,exe,infostealer,rust,uefarafara.mom",2026-10-08 16:00:05,2026-10-08 17:02:18,85
hash_sha256,ecb0955833040a1d787f17c72c7b2391a64f99e832a8dcd65621a8b8e5764107,malwarebazaar,Mirai,"elf,Mirai",2026-10-08 16:00:05,2026-10-08 17:02:18,85
hash_sha256,ecec58da164af1e6a7c4ae982a3172410de9108f40d46a3c7d97cb3dc5d777c6,malwarebazaar,RemcosRAT,vbs,2026-10-08 16:00:05,2026-10-08 17:02:18,85
hash_sha256,ed7b88c675d36c584ea75b8a1493b8c4ba345866b008a013f6ad437776b0a82d,malwarebazaar,Mirai,"elf,Mirai",2026-10-08 16:00:05,2026-10-08 17:02:18,85
hash_sha256,ee224045a89b4bb62af10c017ec15fe966b72fc23de2f6fa13b79cf232a31958,malwarebazaar,exe,exe,2026-10-08 16:00:05,2026-10-08 17:02:18,85
hash_sha256,f19b0fd9c9f768b0859754a8ff5edfbb6f73793f0006309d4be6feb55bd6a2fd,malwarebazaar,Mirai,"ddos,elf,elf.rondodox,Mirai,rondodox",2026-10-08 16:00:05,2026-10-08 17:02:18,85
hash_sha256,f5c36f24eb79b1ef07f9430273576771b3407e74ac3bc3c3451c68eb5328b026,malwarebazaar,Mirai,"elf,Mirai",2026-10-08 16:00:05,2026-10-08 17:02:18,85
hash_sha256,f83a9ff2ef2c76bdc94889fb1ac8ac2eb86fa7a10ad7388691a341c100fe0cee,malwarebazaar,XWorm,"js,XWorm",2026-10-08 16:00:05,2026-10-08 17:02:18,85
hash_sha256,f9e49785ed4afb303cc6540bbc20b8d09889f568eb8b54e9a6c03c8985227417,malwarebazaar,Mirai,"elf,Mirai",2026-10-08 16:00:05,2026-10-08 17:02:18,85
hash_sha256,ffe41fc861960cee3f0d74c1f28a308fc80536420d2109efffe42e6503526c9d,malwarebazaar,exe,exe,2026-10-08 16:00:05,2026-10-08 17:02:18,85
url,http://103.172.186.194:60007/i,urlhaus,malware_download,mirai,2026-10-08 16:00:05,2026-10-08 17:02:18,85
url,http://103.70.87.32:44964/i,urlhaus,malware_download,Mozi,2026-10-08 16:00:05,2026-10-08 17:02:18,85
url,http://104.64.0.199/hiddenbin/Space.arc,urlhaus,malware_download,"mirai,wraith",2026-10-08 16:00:05,2026-10-08 17:02:18,85
url,http://104.64.0.199/hiddenbin/Space.x86,urlhaus,malware_download,"mirai,wraith",2026-10-08 16:00:05,2026-10-08 17:02:18,85
url,http://105.184.182.169:60155/i,urlhaus,malware_download,mirai,2026-10-08 16:00:05,2026-10-08 17:02:18,85
url,http://108.165.95.17/Services.apk,urlhaus,malware_download,"adb,apk ",2026-10-08 16:00:05,2026-10-08 17:02:18,85
url,http://112.246.228.19:33953/bin.sh,urlhaus,malware_download,"32-bit,arm,elf,mirai,Mozi",2026-10-08 16:00:05,2026-10-08 17:02:18,85
url,http://115.196.0.230:36365/bin.sh,urlhaus,malware_download,mirai,2026-10-08 16:00:05,2026-10-08 17:02:18,85
url,http://115.49.201.133:39894/bin.sh,urlhaus,malware_download,,2026-10-08 16:00:05,2026-10-08 17:02:18,85
url,http://115.50.168.193:42845/bin.sh,urlhaus,malware_download,Mozi,2026-10-08 16:00:05,2026-10-08 17:02:18,85
url,http://115.50.168.193:42845/i,urlhaus,malware_download,Mozi,2026-10-08 16:00:05,2026-10-08 17:02:18,85
url,http://115.52.197.166:50949/bin.sh,urlhaus,malware_download,Mozi,2026-10-08 16:00:05,2026-10-08 17:02:18,85
url,http://115.55.4.215:47689/i,urlhaus,malware_download,Mozi,2026-10-08 16:00:05,2026-10-08 17:02:18,85
url,http://115.57.62.230:55893/bin.sh,urlhaus,malware_download,Mozi,2026-10-08 16:00:05,2026-10-08 17:02:18,85
url,http://119.116.34.218:35573/bin.sh,urlhaus,malware_download,,2026-10-08 16:00:05,2026-10-08 17:02:18,85
url,http://119.154.105.47:52212/bin.sh,urlhaus,malware_download,,2026-10-08 16:00:05,2026-10-08 17:02:18,85
url,http://119.154.105.47:52212/i,urlhaus,malware_download,,2026-10-08 16:00:05,2026-10-08 17:02:18,85
url,http://123.10.234.172:60533/bin.sh,urlhaus,malware_download,Mozi,2026-10-08 16:00:05,2026-10-08 17:02:18,85
url,http://123.10.234.172:60533/i,urlhaus,malware_download,Mozi,2026-10-08 16:00:05,2026-10-08 17:02:18,85
url,http://123.11.7.18:47057/bin.sh,urlhaus,malware_download,,2026-10-08 16:00:05,2026-10-08 17:02:18,85
url,http://123.11.8.211:43830/bin.sh,urlhaus,malware_download,"cowrie,elf,honeypot,mips,Mozi",2026-10-08 16:00:05,2026-10-08 17:02:18,85
url,http://123.11.8.211:43830/i,urlhaus,malware_download,Mozi,2026-10-08 16:00:05,2026-10-08 17:02:18,85
url,http://123.189.157.12:46490/i,urlhaus,malware_download,,2026-10-08 16:00:05,2026-10-08 17:02:18,85
url,http://123.189.176.51:48431/i,urlhaus,malware_download,,2026-10-08 16:00:05,2026-10-08 17:02:18,85
url,http://125.162.15.66:41829/bin.sh,urlhaus,malware_download,mirai,2026-10-08 16:00:05,2026-10-08 17:02:18,85
url,http://125.45.10.115:48133/bin.sh,urlhaus,malware_download,Mozi,2026-10-08 16:00:05,2026-10-08 17:02:18,85
url,http://125.47.72.15:47861/bin.sh,urlhaus,malware_download,Mozi,2026-10-08 16:00:05,2026-10-08 17:02:18,85
url,http://175.173.2.43:32996/bin.sh,urlhaus,malware_download,,2026-10-08 16:00:05,2026-10-08 17:02:18,85
url,http://182.121.146.105:47916/bin.sh,urlhaus,malware_download,Mozi,2026-10-08 16:00:05,2026-10-08 17:02:18,85
url,http://182.121.146.105:47916/i,urlhaus,malware_download,Mozi,2026-10-08 16:00:05,2026-10-08 17:02:18,85
url,http://196.190.105.170:60312/i,urlhaus,malware_download,mirai,2026-10-08 16:00:05,2026-10-08 17:02:18,85
url,http://2.187.248.206:52598/i,urlhaus,malware_download,"32-bit,elf,mips,Mozi",2026-10-08 16:00:05,2026-10-08 17:02:18,85
url,http://2.187.251.80:42747/i,urlhaus,malware_download,Mozi,2026-10-08 16:00:05,2026-10-08 17:02:18,85
url,http://204.194.50.3/bins/sora.arm,urlhaus,malware_download,"elf,mirai,ua-wget",2026-10-08 16:00:05,2026-10-08 17:02:18,85
url,http://204.194.50.3/bins/sora.arm5,urlhaus,malware_download,"elf,mirai,ua-wget",2026-10-08 16:00:05,2026-10-08 17:02:18,85
url,http://204.194.50.3/bins/sora.arm6,urlhaus,malware_download,"elf,mirai,ua-wget",2026-10-08 16:00:05,2026-10-08 17:02:18,85
url,http://204.194.50.3/bins/sora.m68k,urlhaus,malware_download,"elf,mirai,ua-wget",2026-10-08 16:00:05,2026-10-08 17:02:18,85
url,http://204.194.50.3/bins/sora.mips,urlhaus,malware_download,"elf,mirai,ua-wget",2026-10-08 16:00:05,2026-10-08 17:02:18,85
url,http://204.194.50.3/bins/sora.mpsl,urlhaus,malware_download,"elf,mirai,ua-wget",2026-10-08 16:00:05,2026-10-08 17:02:18,85
url,http://204.194.50.3/bins/sora.ppc,urlhaus,malware_download,"elf,mirai,ua-wget",2026-10-08 16:00:05,2026-10-08 17:02:18,85
url,http://204.194.50.3/bins/sora.sh4,urlhaus,malware_download,"elf,mirai,ua-wget",2026-10-08 16:00:05,2026-10-08 17:02:18,85
url,http://204.194.50.3/bins/sora.spc,urlhaus,malware_download,"elf,mirai,ua-wget",2026-10-08 16:00:05,2026-10-08 17:02:18,85
url,http://204.194.50.3/bins/sora.x86,urlhaus,malware_download,"elf,mirai,ua-wget",2026-10-08 16:00:05,2026-10-08 17:02:18,85
url,http://210.208.110.147:47846/bin.sh,urlhaus,malware_download,"32-bit,arm,elf,mirai,Mozi",2026-10-08 16:00:05,2026-10-08 17:02:18,85
url,http://217.60.195.187/,urlhaus,malware_download,"elf,iot",2026-10-08 16:00:05,2026-10-08 17:02:18,85
url,http://217.60.195.187/LjEZs/Services.apk,urlhaus,malware_download,"adb,apk ",2026-10-08 16:00:05,2026-10-08 17:02:18,85
url,http://222.137.72.136:54589/bin.sh,urlhaus,malware_download,Mozi,2026-10-08 16:00:05,2026-10-08 17:02:18,85
url,http://222.137.72.136:54589/i,urlhaus,malware_download,Mozi,2026-10-08 16:00:05,2026-10-08 17:02:18,85
url,http://222.137.74.230:37791/i,urlhaus,malware_download,Mozi,2026-10-08 16:00:05,2026-10-08 17:02:18,85
url,http://222.138.78.101:43006/bin.sh,urlhaus,malware_download,Mozi,2026-10-08 16:00:05,2026-10-08 17:02:18,85
url,http://222.141.112.238:57491/i,urlhaus,malware_download,Mozi,2026-10-08 16:00:05,2026-10-08 17:02:18,85
url,http://222.142.202.93:37228/bin.sh,urlhaus,malware_download,Mozi,2026-10-08 16:00:05,2026-10-08 17:02:18,85
url,http://222.142.202.93:37228/i,urlhaus,malware_download,Mozi,2026-10-08 16:00:05,2026-10-08 17:02:18,85
url,http://27.202.215.185:51039/bin.sh,urlhaus,malware_download,Mozi,2026-10-08 16:00:05,2026-10-08 17:02:18,85
url,http://27.208.164.251:43217/bin.sh,urlhaus,malware_download,mirai,2026-10-08 16:00:05,2026-10-08 17:02:18,85
url,http://27.215.55.107:33268/i,urlhaus,malware_download,Mozi,2026-10-08 16:00:05,2026-10-08 17:02:18,85
url,http://36.50.134.86/arm,urlhaus,malware_download,"elf,mirai,ua-wget",2026-10-08 16:00:05,2026-10-08 17:02:18,85
url,http://36.50.134.86/arm5,urlhaus,malware_download,"elf,mirai,ua-wget",2026-10-08 16:00:05,2026-10-08 17:02:18,85
url,http://36.50.134.86/arm6,urlhaus,malware_download,"elf,mirai,ua-wget",2026-10-08 16:00:05,2026-10-08 17:02:18,85
url,http://36.50.134.86/m68k,urlhaus,malware_download,"elf,mirai,ua-wget",2026-10-08 16:00:05,2026-10-08 17:02:18,85
url,http://36.50.134.86/mips,urlhaus,malware_download,"elf,mirai,ua-wget",2026-10-08 16:00:05,2026-10-08 17:02:18,85
url,http://36.50.134.86/mpsl,urlhaus,malware_download,"elf,mirai,ua-wget",2026-10-08 16:00:05,2026-10-08 17:02:18,85
url,http://36.50.134.86/ppc,urlhaus,malware_download,"elf,mirai,ua-wget",2026-10-08 16:00:05,2026-10-08 17:02:18,85
url,http://36.50.134.86/x86,urlhaus,malware_download,"elf,mirai,ua-wget",2026-10-08 16:00:05,2026-10-08 17:02:18,85
url,http://36.50.134.86/x86_64,urlhaus,malware_download,"elf,mirai,ua-wget",2026-10-08 16:00:05,2026-10-08 17:02:18,85
url,http://36.70.101.43:45958/i,urlhaus,malware_download,mirai,2026-10-08 16:00:05,2026-10-08 17:02:18,85
url,http://37.13.43.153:14749/i,urlhaus,malware_download,,2026-10-08 16:00:05,2026-10-08 17:02:18,85
url,http://42.227.202.230:40615/bin.sh,urlhaus,malware_download,,2026-10-08 16:00:05,2026-10-08 17:02:18,85
url,http://42.227.202.230:40615/i,urlhaus,malware_download,,2026-10-08 16:00:05,2026-10-08 17:02:18,85
url,http://42.230.34.172:50944/i,urlhaus,malware_download,Mozi,2026-10-08 16:00:05,2026-10-08 17:02:18,85
url,http://42.238.171.110:47839/bin.sh,urlhaus,malware_download,Mozi,2026-10-08 16:00:05,2026-10-08 17:02:18,85
url,http://42.5.65.221:43199/bin.sh,urlhaus,malware_download,,2026-10-08 16:00:05,2026-10-08 17:02:18,85
url,http://58.98.230.152:50741/bin.sh,urlhaus,malware_download,"32-bit,arm,elf,mirai,Mozi",2026-10-08 16:00:05,2026-10-08 17:02:18,85
url,http://58.98.230.152:50741/i,urlhaus,malware_download,"32-bit,arm,elf,mirai,Mozi",2026-10-08 16:00:05,2026-10-08 17:02:18,85
url,http://59.180.132.133:40334/i,urlhaus,malware_download,Mozi,2026-10-08 16:00:05,2026-10-08 17:02:18,85
url,http://60.13.84.124:42261/bin.sh,urlhaus,malware_download,"32-bit,arm,elf,mirai,Mozi",2026-10-08 16:00:05,2026-10-08 17:02:18,85
url,http://60.214.58.83:44401/bin.sh,urlhaus,malware_download,Mozi,2026-10-08 16:00:05,2026-10-08 17:02:18,85
url,http://60.22.8.194:38407/bin.sh,urlhaus,malware_download,,2026-10-08 16:00:05,2026-10-08 17:02:18,85
url,http://61.136.85.234:34744/bin.sh,urlhaus,malware_download,Mozi,2026-10-08 16:00:05,2026-10-08 17:02:18,85
url,http://61.53.117.5:39682/i,urlhaus,malware_download,Mozi,2026-10-08 16:00:05,2026-10-08 17:02:18,85
url,http://62.60.226.140/files/8351821253/OCnvpm7.exe,urlhaus,malware_download,"d52f85,dropped-by-amadey",2026-10-08 16:00:05,2026-10-08 17:02:18,85
url,http://87.5.64.246:38286/i,urlhaus,malware_download,"32-bit,elf,mips,Mozi",2026-10-08 16:00:05,2026-10-08 17:02:18,85
url,http://91.240.118.10/service,urlhaus,malware_download,"a,c2,dropped-by-GCleaner",2026-10-08 16:00:05,2026-10-08 17:02:18,85
url,http://91.240.118.10/update,urlhaus,malware_download,"1,c2,dropped-by-GCleaner",2026-10-08 16:00:05,2026-10-08 17:02:18,85
url,http://91.240.118.10/ycl,urlhaus,malware_download,"c2,dropped-by-GCleaner,S",2026-10-08 16:00:05,2026-10-08 17:02:18,85
url,http://91.92.242.236/files-129312398/files/file_127db278893126d7.exe,urlhaus,malware_download,"c2-monitor-auto,dropped-by-amadey",2026-10-08 16:00:05,2026-10-08 17:02:18,85
url,http://91.92.242.236/files-129312398/files/file_9fc392f279df529c.exe,urlhaus,malware_download,"c2-monitor-auto,CoinMiner,dropped-by-amadey",2026-10-08 16:00:05,2026-10-08 17:02:18,85
url,http://91.92.242.236/files-129312398/files/file_d7bf7d92c202104a.exe,urlhaus,malware_download,"c2-monitor-auto,dropped-by-amadey",2026-10-08 16:00:05,2026-10-08 17:02:18,85
url,http://94.154.43.203/bins/arm5,urlhaus,malware_download,"elf,mirai,ua-wget",2026-10-08 16:00:05,2026-10-08 17:02:18,85
url,http://94.154.43.203/bins/arm6,urlhaus,malware_download,"elf,mirai,ua-wget",2026-10-08 16:00:05,2026-10-08 17:02:18,85
url,http://94.154.43.203/bins/parm,urlhaus,malware_download,"elf,mirai,ua-wget",2026-10-08 16:00:05,2026-10-08 17:02:18,85
url,http://94.154.43.203/bins/parm5,urlhaus,malware_download,"elf,mirai,ua-wget",2026-10-08 16:00:05,2026-10-08 17:02:18,85
url,http://94.154.43.203/bins/parm6,urlhaus,malware_download,"elf,mirai,ua-wget",2026-10-08 16:00:05,2026-10-08 17:02:18,85
url,http://94.154.43.203/bins/pm68k,urlhaus,malware_download,"elf,mirai,ua-wget",2026-10-08 16:00:05,2026-10-08 17:02:18,85
url,http://94.154.43.203/bins/pmips,urlhaus,malware_download,"elf,mirai,ua-wget",2026-10-08 16:00:05,2026-10-08 17:02:18,85
url,https://bitbucket.org/bussiness12/server/raw/main/newfloder.exe,urlhaus,malware_download,,2026-10-08 16:00:05,2026-10-08 17:02:18,85
url,https://c23c1b-fa77-48e0-8272-692b579a574c.gorsefield.cc/cinstall.ps1,urlhaus,malware_download,"ACR Stealer,ClearFake",2026-10-08 16:00:05,2026-10-08 17:02:18,85
url,https://download1472.mediafire.com/svlromhuu0fgbeT1VDGW6vzmExzvuu304WFLhbLzLpXwokLP17DRHd-b4tNEswcE4dOgSSeiz3hW-yKZXQh44ZZcjX3Qn40p-khBAo574f5PdKPCSLkRhm4RRa6eznKORrHCGpB1jxFHQY-pqlyo-XwcFmXiqyK8hQPFklc/b9htoqy9l9sgfdx/bfeegNota1Q9TL2.95789.40552Copia.zip,urlhaus,malware_download,zip,2026-10-08 16:00:05,2026-10-08 17:02:18,85
url,https://sayosay.cc/,urlhaus,malware_download," AppleScript,EtherHiding,macOS",2026-10-08 16:00:05,2026-10-08 17:02:18,85
url,https://www.mediafire.com/file/w1aqh6dqcft06ip/file,urlhaus,malware_download,zip,2026-10-08 16:00:05,2026-10-08 17:02:18,85
domain,4kqxthda.porel.store,threatfox,ClearFake,"threatfox,ClearFake,mac-0x76c7,macos",2026-10-08 04:06:21,2026-10-08 04:11:01,85
domain,kl.333vip.org,threatfox,Vidar,"threatfox,vidar",2026-10-08 04:06:21,2026-10-08 04:11:01,85
domain,kl.3toto.com,threatfox,Vidar,"threatfox,vidar",2026-10-08 04:06:21,2026-10-08 04:11:01,85
domain,porel.store,threatfox,ClearFake,"threatfox,ClearFake",2026-10-08 04:06:21,2026-10-08 04:11:01,85
domain,www.drjeffkaplan.com,threatfox,ClearFake,"threatfox,compromised,EtherHide",2026-10-08 04:06:21,2026-10-08 04:11:01,85
domain,www.lightmotorscompany.com,threatfox,ClearFake,"threatfox,compromised,EtherHide",2026-10-08 04:06:21,2026-10-08 04:11:01,85
ip,165.22.244.100,threatfox,Aisuru,"threatfox,airashi,aisuru,botnet,ddos,mirai",2026-10-08 04:06:21,2026-10-08 04:11:01,85
url,http://neortal.click:8321/exports,threatfox,Remus,"threatfox,remus",2026-10-08 04:06:21,2026-10-08 04:11:01,85
url,https://kl.333vip.org/,threatfox,Vidar,"threatfox,vidar",2026-10-08 04:06:21,2026-10-08 04:11:01,85
url,https://kl.3toto.com/,threatfox,Vidar,"threatfox,vidar",2026-10-08 04:06:21,2026-10-08 04:11:01,85
hash_md5,0ad85d51df8c276818ef4c45cad6cf63,malwarebazaar,RevStealer,"exe,packed,RevStealer,stealer",2026-10-08 04:00:04,2026-10-08 04:11:01,85
hash_md5,0add9770c84a23cbe2b349d13af56da2,malwarebazaar,Mirai,"elf,Mirai",2026-10-08 04:00:04,2026-10-08 04:11:01,85
hash_md5,12d814fd207528a5a717d5165935234d,malwarebazaar,Vidar,"d52f85,dropped-by-Amadey,exe,upx",2026-10-08 04:00:04,2026-10-08 04:11:01,85
hash_md5,2871da407c3748ba990af302059898c5,malwarebazaar,msi,msi,2026-10-08 04:00:04,2026-10-08 04:11:01,85
hash_md5,596dc288e8914898b0be9d57a0e3d277,malwarebazaar,exe,exe,2026-10-08 04:00:04,2026-10-08 04:11:01,85
hash_md5,62b999539aa9527c40af688337d128f9,malwarebazaar,Vidar,"exe,upx-dec,Vidar",2026-10-08 04:00:04,2026-10-08 04:11:01,85
hash_md5,74f4754a43478fc6198acf7475f65313,malwarebazaar,js,js,2026-10-08 04:00:04,2026-10-08 04:11:01,85
hash_sha256,0f37ed17ba77ce94b880e16f1e38464ebaf5cd907666cf75075df16d9a166092,malwarebazaar,Vidar,"exe,upx-dec,Vidar",2026-10-08 04:00:04,2026-10-08 04:11:01,85
hash_sha256,2e965ae359bcc693148128a48232f8c4e8a8beb84b2af822eb9abe4b0fa5a8da,malwarebazaar,js,js,2026-10-08 04:00:04,2026-10-08 04:11:01,85
hash_sha256,63d5297ab9ccc40d45877940e18d5403e26914f1d71b59fb973f667d9095df54,malwarebazaar,Vidar,"d52f85,dropped-by-Amadey,exe,upx",2026-10-08 04:00:04,2026-10-08 04:11:01,85
hash_sha256,64506ae267aed8afa5cfbb41ca8f5677600747f02fe27b8d8d926d12e3ad99f2,malwarebazaar,exe,exe,2026-10-08 04:00:04,2026-10-08 04:11:01,85
hash_sha256,69dafc3b40a5b0e5eddc7cba6ec32ca7316b7e5405d8c6d5adfbccc4c06620c0,malwarebazaar,RevStealer,"exe,packed,RevStealer,stealer",2026-10-08 04:00:04,2026-10-08 04:11:01,85
hash_sha256,d6db1449d533d851dd6bd2030a03ac857deb4eecf2067038d4dafb85ab14c320,malwarebazaar,Mirai,"elf,Mirai",2026-10-08 04:00:04,2026-10-08 04:11:01,85
hash_sha256,f0157306c1872b748e2a1c4edc12b516e0786fa01c61e9903f67d120c6ae3a90,malwarebazaar,msi,msi,2026-10-08 04:00:04,2026-10-08 04:11:01,85
url,http://1.62.112.38:45713/i,urlhaus,malware_download,mirai,2026-10-08 04:00:04,2026-10-08 04:11:01,85
url,http://105.224.60.120:53311/bin.sh,urlhaus,malware_download,mirai,2026-10-08 04:00:04,2026-10-08 04:11:01,85
url,http://110.136.5.74:44981/i,urlhaus,malware_download,mirai,2026-10-08 04:00:04,2026-10-08 04:11:01,85
url,http://113.238.69.210:58590/i,urlhaus,malware_download,,2026-10-08 04:00:04,2026-10-08 04:11:01,85
url,http://115.49.201.133:39894/i,urlhaus,malware_download,,2026-10-08 04:00:04,2026-10-08 04:11:01,85
url,http://120.84.214.178:36474/i,urlhaus,malware_download,,2026-10-08 04:00:04,2026-10-08 04:11:01,85
url,http://123.185.222.14:56156/bin.sh,urlhaus,malware_download,mirai,2026-10-08 04:00:04,2026-10-08 04:11:01,85
url,http://123.8.6.242:44050/bin.sh,urlhaus,malware_download,Mozi,2026-10-08 04:00:04,2026-10-08 04:11:01,85
url,http://123.8.6.242:44050/i,urlhaus,malware_download,Mozi,2026-10-08 04:00:04,2026-10-08 04:11:01,85
url,http://123.8.8.177:41428/i,urlhaus,malware_download,Mozi,2026-10-08 04:00:04,2026-10-08 04:11:01,85
url,http://125.47.113.29:42844/bin.sh,urlhaus,malware_download,Mozi,2026-10-08 04:00:04,2026-10-08 04:11:01,85
url,http://164.163.25.149:44409/bin.sh,urlhaus,malware_download,mirai,2026-10-08 04:00:04,2026-10-08 04:11:01,85
url,http://164.163.25.149:44409/i,urlhaus,malware_download,mirai,2026-10-08 04:00:04,2026-10-08 04:11:01,85
url,http://170.254.10.219:44770/i,urlhaus,malware_download,mirai,2026-10-08 04:00:04,2026-10-08 04:11:01,85
url,http://171.213.235.186:34667/i,urlhaus,malware_download,mirai,2026-10-08 04:00:04,2026-10-08 04:11:01,85
url,http://175.165.80.95:54394/i,urlhaus,malware_download,,2026-10-08 04:00:04,2026-10-08 04:11:01,85
url,http://175.175.27.178:46890/bin.sh,urlhaus,malware_download,,2026-10-08 04:00:04,2026-10-08 04:11:01,85
url,http://175.175.27.178:46890/i,urlhaus,malware_download,,2026-10-08 04:00:04,2026-10-08 04:11:01,85
url,http://180.190.188.110:51985/bin.sh,urlhaus,malware_download,"32-bit,arm,elf,mirai,Mozi",2026-10-08 04:00:04,2026-10-08 04:11:01,85
url,http://182.113.6.188:55101/bin.sh,urlhaus,malware_download,Mozi,2026-10-08 04:00:04,2026-10-08 04:11:01,85
url,http://222.127.73.15:47678/bin.sh,urlhaus,malware_download,mirai,2026-10-08 04:00:04,2026-10-08 04:11:01,85
url,http://222.138.117.220:45205/i,urlhaus,malware_download,Mozi,2026-10-08 04:00:04,2026-10-08 04:11:01,85
url,http://222.138.216.248:49409/bin.sh,urlhaus,malware_download,Mozi,2026-10-08 04:00:04,2026-10-08 04:11:01,85
url,http://222.141.103.165:35877/bin.sh,urlhaus,malware_download,Mozi,2026-10-08 04:00:04,2026-10-08 04:11:01,85
url,http://222.141.103.165:35877/i,urlhaus,malware_download,Mozi,2026-10-08 04:00:04,2026-10-08 04:11:01,85
url,http://27.19.83.106:40493/i,urlhaus,malware_download,mirai,2026-10-08 04:00:04,2026-10-08 04:11:01,85
url,http://27.207.38.255:52856/i,urlhaus,malware_download,Mozi,2026-10-08 04:00:04,2026-10-08 04:11:01,85
url,http://27.215.208.40:58939/i,urlhaus,malware_download,Mozi,2026-10-08 04:00:04,2026-10-08 04:11:01,85
url,http://42.4.127.9:48434/i,urlhaus,malware_download,,2026-10-08 04:00:04,2026-10-08 04:11:01,85
url,http://42.53.1.177:44215/bin.sh,urlhaus,malware_download,,2026-10-08 04:00:04,2026-10-08 04:11:01,85
url,http://42.53.1.177:44215/i,urlhaus,malware_download,,2026-10-08 04:00:04,2026-10-08 04:11:01,85
url,http://42.87.145.61:38450/i,urlhaus,malware_download,,2026-10-08 04:00:04,2026-10-08 04:11:01,85
url,http://45.171.177.193:40090/bin.sh,urlhaus,malware_download,mirai,2026-10-08 04:00:04,2026-10-08 04:11:01,85
url,http://46.72.83.225:25841/bin.sh,urlhaus,malware_download,,2026-10-08 04:00:04,2026-10-08 04:11:01,85
url,http://46.72.83.225:25841/i,urlhaus,malware_download,,2026-10-08 04:00:04,2026-10-08 04:11:01,85
url,http://58.208.136.87:3588/i,urlhaus,malware_download,"32-bit,elf,mips,Mozi",2026-10-08 04:00:04,2026-10-08 04:11:01,85
url,http://58.47.105.224:35903/i,urlhaus,malware_download,mirai,2026-10-08 04:00:04,2026-10-08 04:11:01,85
url,http://58.47.121.68:34810/bin.sh,urlhaus,malware_download,,2026-10-08 04:00:04,2026-10-08 04:11:01,85
url,http://58.47.121.68:34810/i,urlhaus,malware_download,mirai,2026-10-08 04:00:04,2026-10-08 04:11:01,85
url,http://59.97.253.76:36216/bin.sh,urlhaus,malware_download,Mozi,2026-10-08 04:00:04,2026-10-08 04:11:01,85
url,http://59.97.253.76:36216/i,urlhaus,malware_download,Mozi,2026-10-08 04:00:04,2026-10-08 04:11:01,85
url,http://60.23.233.72:57190/i,urlhaus,malware_download,,2026-10-08 04:00:04,2026-10-08 04:11:01,85
url,http://61.52.32.163:59261/i,urlhaus,malware_download,,2026-10-08 04:00:04,2026-10-08 04:11:01,85
url,http://62.60.226.140/files/sofa/file.exe,urlhaus,malware_download,"d52f85,dropped-by-amadey",2026-10-08 04:00:04,2026-10-08 04:11:01,85
domain,3d-loft.com.ua,threatfox,Unknown Stealer,"threatfox,etherhiding",2026-10-08 02:17:24,2026-10-08 04:11:01,85
domain,3hgcabfd1k.workers.dev,threatfox,php.shin_webshell,"threatfox,Cloudflare,GIF,PHP,webshell,WordPress,workers.dev,wp-admin",2026-10-08 02:17:24,2026-10-08 04:11:01,85
domain,4ctohaaw.roseanne.id,threatfox,ClearFake,"threatfox,ClearFake,mac-0xdcf2,macos",2026-10-08 02:17:24,2026-10-08 04:11:01,85
domain,4jdkeo6371.workers.dev,threatfox,php.shin_webshell,"threatfox,Cloudflare,GIF,PHP,webshell,WordPress,workers.dev,wp-admin",2026-10-08 02:17:24,2026-10-08 04:11:01,85
domain,63ruwbkm.pinke.store,threatfox,ClearFake,"threatfox,ClearFake,mac-0x76c7,macos",2026-10-08 02:17:24,2026-10-08 04:11:01,85
domain,90.195.247.35.bc.googleusercontent.com,threatfox,Unknown Webinject,"threatfox,react,react2shell,webshell",2026-10-08 02:17:24,2026-10-08 04:11:01,85
domain,aacarrentals.com,threatfox,ClearFake,"threatfox,compromised,EtherHide",2026-10-08 02:17:24,2026-10-08 04:11:01,85
domain,ajfhsjfkg.top,threatfox,Unknown Stealer,"threatfox,ErrTraffic,Polygon",2026-10-08 02:17:24,2026-10-08 04:11:01,85
domain,akumakotori.shop,threatfox,Unknown Stealer,"threatfox,ErrTraffic,Polygon",2026-10-08 02:17:24,2026-10-08 04:11:01,85
domain,alarmas.solutions,threatfox,ClearFake,"threatfox,ClearFake,ClickFix,EtherHiding",2026-10-08 02:17:24,2026-10-08 04:11:01,85
domain,allmotovelo.com.ua,threatfox,Unknown Stealer,"threatfox,etherhiding",2026-10-08 02:17:24,2026-10-08 04:11:01,85
domain,alo.ua,threatfox,Unknown Stealer,"threatfox,ErrTraffic,Polygon",2026-10-08 02:17:24,2026-10-08 04:11:01,85
domain,alohapages.pp.ua,threatfox,Unknown Stealer,"threatfox,ErrTraffic,Polygon",2026-10-08 02:17:24,2026-10-08 04:11:01,85
domain,amavelle.online,threatfox,Unknown Stealer,"threatfox,ErrTraffic,Polygon",2026-10-08 02:17:24,2026-10-08 04:11:01,85
domain,amberverse.online,threatfox,Unknown Stealer,"threatfox,ErrTraffic,Polygon",2026-10-08 02:17:24,2026-10-08 04:11:01,85
domain,andresjost.com,threatfox,ClearFake,"threatfox,compromised,EtherHide",2026-10-08 02:17:24,2026-10-08 04:11:01,85
domain,antimalvareprotect.cc,threatfox,Unknown malware,"threatfox,ZigClipper",2026-10-08 02:17:24,2026-10-08 04:11:01,85
domain,arlune.blog,threatfox,Unknown Stealer,"threatfox,ErrTraffic,Polygon",2026-10-08 02:17:24,2026-10-08 04:11:01,85
domain,aurielle.blog,threatfox,Unknown Stealer,"threatfox,ErrTraffic,Polygon",2026-10-08 02:17:24,2026-10-08 04:11:01,85
domain,auriselle.online,threatfox,Unknown Stealer,"threatfox,ErrTraffic,Polygon",2026-10-08 02:17:24,2026-10-08 04:11:01,85
domain,ausputn.com,threatfox,Unknown Stealer,"threatfox,ErrTraffic,Polygon",2026-10-08 02:17:24,2026-10-08 04:11:01,85
domain,austinsfinestjanitorial.com,threatfox,ClearFake,"threatfox,compromised,EtherHide",2026-10-08 02:17:24,2026-10-08 04:11:01,85
domain,avelune.blog,threatfox,Unknown Stealer,"threatfox,ErrTraffic,Polygon",2026-10-08 02:17:24,2026-10-08 04:11:01,85
domain,awxcwqg.cfd,threatfox,Unknown Stealer,threatfox,2026-10-08 02:17:24,2026-10-08 04:11:01,85
domain,azosk.sk,threatfox,ClearFake,"threatfox,compromised,EtherHide",2026-10-08 02:17:24,2026-10-08 04:11:01,85
domain,azz-art.com,threatfox,ClearFake,"threatfox,compromised,EtherHide",2026-10-08 02:17:24,2026-10-08 04:11:01,85
domain,becfrzsw.buzz,threatfox,Unknown Stealer,threatfox,2026-10-08 02:17:24,2026-10-08 04:11:01,85
domain,bensontaylor.com,threatfox,ClearFake,"threatfox,compromised,EtherHide",2026-10-08 02:17:24,2026-10-08 04:11:01,85
domain,bequiaalgerie.com,threatfox,ClearFake,"threatfox,compromised,EtherHide",2026-10-08 02:17:24,2026-10-08 04:11:01,85
domain,bhtfyhy.xyz,threatfox,Unknown Stealer,threatfox,2026-10-08 02:17:24,2026-10-08 04:11:01,85
domain,birch-koix-7keeb.pro,threatfox,IClickFix,"threatfox,ClickFix,Mac",2026-10-08 02:17:24,2026-10-08 04:11:01,85
domain,bokhted.vip,threatfox,Unknown Stealer,threatfox,2026-10-08 02:17:24,2026-10-08 04:11:01,85
domain,born-to-bau.de,threatfox,ClearFake,"threatfox,compromised,EtherHide",2026-10-08 02:17:24,2026-10-08 04:11:01,85
domain,bthycsg.work,threatfox,Unknown Stealer,threatfox,2026-10-08 02:17:24,2026-10-08 04:11:01,85
domain,buqusily.workers.dev,threatfox,php.shin_webshell,"threatfox,Cloudflare,GIF,PHP,webshell,WordPress,workers.dev,wp-admin",2026-10-08 02:17:24,2026-10-08 04:11:01,85
domain,byhessw.online,threatfox,Unknown Stealer,threatfox,2026-10-08 02:17:24,2026-10-08 04:11:01,85
domain,bytiong.sbs,threatfox,Unknown Stealer,threatfox,2026-10-08 02:17:24,2026-10-08 04:11:01,85
domain,bzersz.lat,threatfox,Unknown Stealer,threatfox,2026-10-08 02:17:24,2026-10-08 04:11:01,85
domain,carnelianquay.info,threatfox,SmartApeSG,"threatfox,SmartApeSG",2026-10-08 02:17:24,2026-10-08 04:11:01,85
domain,cerise-tic.golive.africa,threatfox,ClearFake,"threatfox,compromised,EtherHide",2026-10-08 02:17:24,2026-10-08 04:11:01,85
domain,cewjik.sbs,threatfox,Unknown Stealer,threatfox,2026-10-08 02:17:24,2026-10-08 04:11:01,85
domain,communication-hub.vg,threatfox,Unknown Stealer,"threatfox,ValetiStealer",2026-10-08 02:17:24,2026-10-08 04:11:01,85
domain,connectbrasil.com.br,threatfox,ClearFake,"threatfox,compromised,EtherHide",2026-10-08 02:17:24,2026-10-08 04:11:01,85
domain,content.duskrunner.cc,threatfox,ACR Stealer,"threatfox,ACRStealer",2026-10-08 02:17:24,2026-10-08 04:11:01,85
domain,cosmari.com.ua,threatfox,Unknown Stealer,"threatfox,etherhiding",2026-10-08 02:17:24,2026-10-08 04:11:01,85
domain,cosmetea.com.ua,threatfox,Unknown Stealer,"threatfox,etherhiding",2026-10-08 02:17:24,2026-10-08 04:11:01,85
domain,crowmere.cc,threatfox,ACR Stealer,"threatfox,ACRStealer",2026-10-08 02:17:24,2026-10-08 04:11:01,85
domain,daooxmxq.djbpmstudio.com,threatfox,ClearFake,"threatfox,ClearFake,mac-0xdcf2,macos",2026-10-08 02:17:24,2026-10-08 03:16:43,85
domain,domomoda.com,threatfox,Unknown Stealer,"threatfox,etherhiding",2026-10-08 02:17:24,2026-10-08 04:11:01,85
domain,drecrtdwblo.click,threatfox,Unknown Stealer,threatfox,2026-10-08 02:17:24,2026-10-08 04:11:01,85
domain,dwnloadsg.top,threatfox,Unknown Stealer,threatfox,2026-10-08 02:17:24,2026-10-08 04:11:01,85
domain,ea4y7vng.pimiy.store,threatfox,ClearFake,"threatfox,ClearFake,mac-0x76c7,macos",2026-10-08 02:17:24,2026-10-08 04:11:01,85
domain,elavelle.online,threatfox,Unknown Stealer,"threatfox,ErrTraffic,Polygon",2026-10-08 02:17:24,2026-10-08 04:11:01,85
domain,elderwood.cc,threatfox,ACR Stealer,"threatfox,ACRStealer",2026-10-08 02:17:24,2026-10-08 04:11:01,85
domain,electro-shop.in.ua,threatfox,Unknown Stealer,"threatfox,etherhiding",2026-10-08 02:17:24,2026-10-08 04:11:01,85
domain,ellab0098.duckdns.org,threatfox,XWorm,"threatfox,xworm",2026-10-08 02:17:24,2026-10-08 04:11:01,85
domain,elunelle.online,threatfox,Unknown Stealer,"threatfox,ErrTraffic,Polygon",2026-10-08 02:17:24,2026-10-08 04:11:01,85
domain,eshoping.ua,threatfox,Unknown Stealer,"threatfox,etherhiding",2026-10-08 02:17:24,2026-10-08 04:11:01,85
domain,evoria.blog,threatfox,Unknown Stealer,"threatfox,ErrTraffic,Polygon",2026-10-08 02:17:24,2026-10-08 04:11:01,85
domain,evorune.online,threatfox,Unknown Stealer,"threatfox,ErrTraffic,Polygon",2026-10-08 02:17:24,2026-10-08 04:11:01,85
domain,f7ezcfta.lunza.store,threatfox,ClearFake,"threatfox,ClearFake,mac-0x0f14,macos",2026-10-08 02:17:24,2026-10-08 04:11:01,85
domain,fedrvhjy.click,threatfox,Unknown Stealer,threatfox,2026-10-08 02:17:24,2026-10-08 04:11:01,85
domain,fhbyrsz.cfd,threatfox,Unknown Stealer,threatfox,2026-10-08 02:17:24,2026-10-08 04:11:01,85
domain,fileworks.cfd,threatfox,Unknown Loader,"threatfox,OffLoader",2026-10-08 02:17:24,2026-10-08 04:11:01,85
domain,florainadequate.workers.dev,threatfox,php.shin_webshell,"threatfox,Cloudflare,GIF,PHP,webshell,WordPress,workers.dev,wp-admin",2026-10-08 02:17:24,2026-10-08 03:16:43,85
domain,florelle.blog,threatfox,Unknown Stealer,"threatfox,ErrTraffic,Polygon",2026-10-08 02:17:24,2026-10-08 04:11:01,85
domain,fqesrdcx.cfd,threatfox,Unknown Stealer,threatfox,2026-10-08 02:17:24,2026-10-08 04:11:01,85
domain,frtghijc.site,threatfox,Unknown Stealer,threatfox,2026-10-08 02:17:24,2026-10-08 04:11:01,85
domain,frtgyhnbl.help,threatfox,Unknown Stealer,threatfox,2026-10-08 02:17:24,2026-10-08 04:11:01,85
domain,fulfreeswd.xyz,threatfox,Unknown Stealer,threatfox,2026-10-08 02:17:24,2026-10-08 04:11:01,85
domain,fw-static.nashbashracing.org,threatfox,FAKEUPDATES,"threatfox,SocGholish",2026-10-08 02:17:24,2026-10-08 04:11:01,85
domain,fyhvewa.wiki,threatfox,Unknown Stealer,threatfox,2026-10-08 02:17:24,2026-10-08 04:11:01,85
domain,gd4ejm0dwz.workers.dev,threatfox,php.shin_webshell,"threatfox,Cloudflare,GIF,PHP,webshell,WordPress,workers.dev,wp-admin",2026-10-08 02:17:24,2026-10-08 04:11:01,85
domain,gerchik.pro,threatfox,Unknown Stealer,"threatfox,ErrTraffic,Polygon",2026-10-08 02:17:24,2026-10-08 04:11:01,85
domain,gerts.com.ua,threatfox,Unknown Stealer,"threatfox,etherhiding",2026-10-08 02:17:24,2026-10-08 04:11:01,85
domain,getyhb.sbs,threatfox,Unknown Stealer,threatfox,2026-10-08 02:17:24,2026-10-08 04:11:01,85
domain,gigistore.com.ua,threatfox,Unknown Stealer,"threatfox,etherhiding",2026-10-08 02:17:24,2026-10-08 04:11:01,85
domain,giwawaysua.com,threatfox,Unknown Stealer,"threatfox,ErrTraffic,Polygon",2026-10-08 02:17:24,2026-10-08 04:11:01,85
domain,globalcertificates.net,threatfox,magecart,"threatfox,Magecart",2026-10-08 02:17:24,2026-10-08 04:11:01,85
domain,googie-services.vg,threatfox,CountLoader,"threatfox,CountLoader",2026-10-08 02:17:24,2026-10-08 04:11:01,85
domain,gorsefield.cc,threatfox,ClearFake,"threatfox,ClearFake",2026-10-08 02:17:24,2026-10-08 17:02:18,85
domain,gy.333vip.org,threatfox,Vidar,"threatfox,vidar",2026-10-08 02:17:24,2026-10-08 04:11:01,85
domain,gy.3toto.com,threatfox,Vidar,"threatfox,vidar",2026-10-08 02:17:24,2026-10-08 04:11:01,85
domain,hazelfen.cc,threatfox,ACR Stealer,"threatfox,ACRStealer",2026-10-08 02:17:24,2026-10-08 04:11:01,85
domain,hgjakdhfs.top,threatfox,Unknown Stealer,"threatfox,ErrTraffic,Polygon",2026-10-08 02:17:24,2026-10-08 04:11:01,85
domain,hoshinekomi.shop,threatfox,Unknown Stealer,"threatfox,ErrTraffic,Polygon",2026-10-08 02:17:24,2026-10-08 04:11:01,85
domain,hyzswki.site,threatfox,Unknown Stealer,threatfox,2026-10-08 02:17:24,2026-10-08 04:11:01,85
domain,intranet.turiacapital.com,threatfox,ClearFake,"threatfox,compromised,EtherHide",2026-10-08 02:17:24,2026-10-08 04:11:01,85
domain,ivorymuse.online,threatfox,Unknown Stealer,"threatfox,ErrTraffic,Polygon",2026-10-08 02:17:24,2026-10-08 04:11:01,85
domain,jleonengineering.com,threatfox,ClearFake,"threatfox,compromised,EtherHide",2026-10-08 02:17:24,2026-10-08 04:11:01,85
domain,jrl.in.ua,threatfox,Unknown Stealer,"threatfox,etherhiding",2026-10-08 02:17:24,2026-10-08 04:11:01,85
domain,jygbvdefx.click,threatfox,Unknown Stealer,threatfox,2026-10-08 02:17:24,2026-10-08 04:11:01,85
domain,jyhbnipl.qpon,threatfox,Unknown Stealer,threatfox,2026-10-08 02:17:24,2026-10-08 04:11:01,85
domain,kitsunemoriya.shop,threatfox,Unknown Stealer,"threatfox,ErrTraffic,Polygon",2026-10-08 02:17:24,2026-10-08 04:11:01,85
domain,kolesa.dp.ua,threatfox,Unknown Stealer,"threatfox,etherhiding",2026-10-08 02:17:24,2026-10-08 04:11:01,85
domain,l81aa3qt.mawos.store,threatfox,ClearFake,"threatfox,ClearFake,mac-0x0f14,macos",2026-10-08 02:17:24,2026-10-08 04:11:01,85
domain,lbcbooks.com.ua,threatfox,Unknown Stealer,"threatfox,etherhiding",2026-10-08 02:17:24,2026-10-08 04:11:01,85
domain,letmeliveit.com,threatfox,ClearFake,"threatfox,compromised,EtherHide",2026-10-08 02:17:24,2026-10-08 04:11:01,85
domain,liopcwza.work,threatfox,Unknown Stealer,threatfox,2026-10-08 02:17:24,2026-10-08 04:11:01,85
domain,local.recliner.cc,threatfox,ACR Stealer,"threatfox,ACRStealer",2026-10-08 02:17:24,2026-10-08 04:11:01,85
domain,lumavelles.online,threatfox,Unknown Stealer,"threatfox,ErrTraffic,Polygon",2026-10-08 02:17:24,2026-10-08 04:11:01,85
domain,lumelle.click,threatfox,Unknown Stealer,"threatfox,ErrTraffic,Polygon",2026-10-08 02:17:24,2026-10-08 04:11:01,85
domain,lumisera.online,threatfox,Unknown Stealer,"threatfox,ErrTraffic,Polygon",2026-10-08 02:17:24,2026-10-08 04:11:01,85
domain,lunelle.blog,threatfox,Unknown Stealer,"threatfox,ErrTraffic,Polygon",2026-10-08 02:17:24,2026-10-08 04:11:01,85
domain,lunelle.click,threatfox,Unknown Stealer,"threatfox,ErrTraffic,Polygon",2026-10-08 02:17:24,2026-10-08 04:11:01,85
domain,luniva.blog,threatfox,Unknown Stealer,"threatfox,ErrTraffic,Polygon",2026-10-08 02:17:24,2026-10-08 04:11:01,85
domain,marshmallow.com.ua,threatfox,Unknown Stealer,"threatfox,etherhiding",2026-10-08 02:17:24,2026-10-08 04:11:01,85
domain,memory-shield.vg,threatfox,CountLoader,"threatfox,CountLoader",2026-10-08 02:17:24,2026-10-08 04:11:01,85
domain,mesalu.workers.dev,threatfox,php.shin_webshell,"threatfox,Cloudflare,GIF,PHP,webshell,WordPress,workers.dev,wp-admin",2026-10-08 02:17:24,2026-10-08 04:11:01,85
domain,mikhtvfe.cfd,threatfox,Unknown Stealer,threatfox,2026-10-08 02:17:24,2026-10-08 04:11:01,85
domain,miopte.lat,threatfox,Unknown Stealer,threatfox,2026-10-08 02:17:24,2026-10-08 04:11:01,85
domain,mistfold.cc,threatfox,ACR Stealer,"threatfox,ACRStealer",2026-10-08 02:17:24,2026-10-08 04:11:01,85
domain,mkiyggzsw.click,threatfox,Unknown Stealer,threatfox,2026-10-08 02:17:24,2026-10-08 04:11:01,85
domain,mkutgbxs.sbs,threatfox,Unknown Stealer,threatfox,2026-10-08 02:17:24,2026-10-08 04:11:01,85
domain,mniitgki.sbs,threatfox,Unknown Stealer,threatfox,2026-10-08 02:17:24,2026-10-08 04:11:01,85
domain,mondialboissons.com,threatfox,ClearFake,"threatfox,compromised,EtherHide",2026-10-08 02:17:24,2026-10-08 04:11:01,85
domain,moonvelvet.online,threatfox,Unknown Stealer,"threatfox,ErrTraffic,Polygon",2026-10-08 02:17:24,2026-10-08 04:11:01,85
domain,motos.in.ua,threatfox,Unknown Stealer,"threatfox,etherhiding",2026-10-08 02:17:24,2026-10-08 04:11:01,85
domain,mtclogistic.net,threatfox,ClearFake,"threatfox,compromised,EtherHide",2026-10-08 02:17:24,2026-10-08 04:11:01,85
domain,mufakopo.workers.dev,threatfox,php.shin_webshell,"threatfox,Cloudflare,GIF,PHP,webshell,WordPress,workers.dev,wp-admin",2026-10-08 02:17:24,2026-10-08 04:11:01,85
domain,mutfce.help,threatfox,Unknown Stealer,threatfox,2026-10-08 02:17:24,2026-10-08 04:11:01,85
domain,myujbtr.lat,threatfox,Unknown Stealer,threatfox,2026-10-08 02:17:24,2026-10-08 04:11:01,85
domain,n7fn8uc8.livto.store,threatfox,ClearFake,"threatfox,ClearFake,mac-0x0f14,macos",2026-10-08 02:17:24,2026-10-08 04:11:01,85
domain,nekomoonkai.top,threatfox,Unknown Stealer,"threatfox,ErrTraffic,Polygon",2026-10-08 02:17:24,2026-10-08 04:11:01,85
domain,novaloom.online,threatfox,Unknown Stealer,"threatfox,ErrTraffic,Polygon",2026-10-08 02:17:24,2026-10-08 04:11:01,85
domain,nw2c6mud.sallysprattstudio.com,threatfox,ClearFake,"threatfox,ClearFake,mac-0xdcf2,macos",2026-10-08 02:17:24,2026-10-08 04:11:01,85
domain,nyakurohana.shop,threatfox,Unknown Stealer,"threatfox,ErrTraffic,Polygon",2026-10-08 02:17:24,2026-10-08 04:11:01,85
domain,object-postfinance.digital,threatfox,magecart,"threatfox,Magecart",2026-10-08 02:17:24,2026-10-08 04:11:01,85
domain,olivelle.online,threatfox,Unknown Stealer,"threatfox,ErrTraffic,Polygon",2026-10-08 02:17:24,2026-10-08 04:11:01,85
domain,onikirayume.shop,threatfox,Unknown Stealer,"threatfox,ErrTraffic,Polygon",2026-10-08 02:17:24,2026-10-08 04:11:01,85
domain,opttime.com.ua,threatfox,Unknown Stealer,"threatfox,etherhiding",2026-10-08 02:17:24,2026-10-08 04:11:01,85
domain,orluna.blog,threatfox,Unknown Stealer,"threatfox,ErrTraffic,Polygon",2026-10-08 02:17:24,2026-10-08 04:11:01,85
domain,pimiy.store,threatfox,ClearFake,"threatfox,ClearFake",2026-10-08 02:17:24,2026-10-08 04:11:01,85
domain,pinke.store,threatfox,ClearFake,"threatfox,ClearFake",2026-10-08 02:17:24,2026-10-08 04:11:01,85
domain,planetakovrov.com,threatfox,Unknown Stealer,"threatfox,etherhiding",2026-10-08 02:17:24,2026-10-08 04:11:01,85
domain,pnctyeq.qpon,threatfox,Unknown Stealer,threatfox,2026-10-08 02:17:24,2026-10-08 04:11:01,85
domain,pos-terminal.vg,threatfox,CountLoader,"threatfox,CountLoader",2026-10-08 02:17:24,2026-10-08 04:11:01,85
domain,prediksihk.forum,threatfox,ClearFake,"threatfox,compromised,EtherHide",2026-10-08 02:17:24,2026-10-08 04:11:01,85
domain,privatejetfuel.com,threatfox,ClearFake,"threatfox,compromised,EtherHide",2026-10-08 02:17:24,2026-10-08 04:11:01,85
domain,profcare.com.ua,threatfox,Unknown Stealer,"threatfox,etherhiding",2026-10-08 02:17:24,2026-10-08 04:11:01,85
domain,pythnplk.online,threatfox,Unknown Stealer,threatfox,2026-10-08 02:17:24,2026-10-08 04:11:01,85
domain,qymojo.workers.dev,threatfox,php.shin_webshell,"threatfox,Cloudflare,GIF,PHP,webshell,WordPress,workers.dev,wp-admin",2026-10-08 02:17:24,2026-10-08 04:11:01,85
domain,rada24ukraine.top,threatfox,Unknown Stealer,"threatfox,ErrTraffic,Polygon",2026-10-08 02:17:24,2026-10-08 04:11:01,85
domain,radassu.top,threatfox,Unknown Stealer,"threatfox,ErrTraffic,Polygon",2026-10-08 02:17:24,2026-10-08 04:11:01,85
domain,radaukraine.top,threatfox,Unknown Stealer,"threatfox,ErrTraffic,Polygon",2026-10-08 02:17:24,2026-10-08 04:11:01,85
domain,ralitoko.workers.dev,threatfox,php.shin_webshell,"threatfox,Cloudflare,GIF,PHP,webshell,WordPress,workers.dev,wp-admin",2026-10-08 02:17:24,2026-10-08 04:11:01,85
domain,recliner.cc,threatfox,ACR Stealer,"threatfox,ACRStealer",2026-10-08 02:17:24,2026-10-08 04:11:01,85
domain,recuperatoarecaldura.ro,threatfox,ClearFake,"threatfox,compromised,EtherHide",2026-10-08 02:17:24,2026-10-08 04:11:01,85
domain,redwings16.com,threatfox,ClearFake,"threatfox,compromised,EtherHide",2026-10-08 02:17:24,2026-10-08 04:11:01,85
domain,reskit-models.com,threatfox,Unknown Stealer,"threatfox,etherhiding",2026-10-08 02:17:24,2026-10-08 04:11:01,85
domain,reskit.com.ua,threatfox,Unknown Stealer,"threatfox,etherhiding",2026-10-08 02:17:24,2026-10-08 04:11:01,85
domain,reskit.ua,threatfox,Unknown Stealer,"threatfox,etherhiding",2026-10-08 02:17:24,2026-10-08 04:11:01,85
domain,responsible-automation.com,threatfox,ClearFake,"threatfox,compromised,EtherHide",2026-10-08 02:17:24,2026-10-08 04:11:01,85
domain,rimuludi.workers.dev,threatfox,php.shin_webshell,"threatfox,Cloudflare,GIF,PHP,webshell,WordPress,workers.dev,wp-admin",2026-10-08 02:17:24,2026-10-08 03:16:43,85
domain,robotpopcornmachine.com,threatfox,ClearFake,"threatfox,compromised,EtherHide",2026-10-08 02:17:24,2026-10-08 04:11:01,85
domain,robotretrofitters.com,threatfox,ClearFake,"threatfox,compromised,EtherHide",2026-10-08 02:17:24,2026-10-08 04:11:01,85
domain,sawah.store,threatfox,ClearFake,"threatfox,ClearFake",2026-10-08 02:17:24,2026-10-08 04:11:01,85
domain,seralune.online,threatfox,Unknown Stealer,"threatfox,ErrTraffic,Polygon",2026-10-08 02:17:24,2026-10-08 04:11:01,85
domain,serelle.blog,threatfox,Unknown Stealer,"threatfox,ErrTraffic,Polygon",2026-10-08 02:17:24,2026-10-08 04:11:01,85
domain,servilivej.online,threatfox,Unknown Stealer,"threatfox,ErrTraffic,Polygon",2026-10-08 02:17:24,2026-10-08 04:11:01,85
domain,shahabnetco.ir,threatfox,ClearFake,"threatfox,compromised,EtherHide",2026-10-08 02:17:24,2026-10-08 04:11:01,85
domain,silvermuse.online,threatfox,Unknown Stealer,"threatfox,ErrTraffic,Polygon",2026-10-08 02:17:24,2026-10-08 04:11:01,85
domain,simgadw.art,threatfox,Unknown Stealer,threatfox,2026-10-08 02:17:24,2026-10-08 04:11:01,85
domain,skincare.free.nf,threatfox,ClearFake,"threatfox,compromised,EtherHide",2026-10-08 02:17:24,2026-10-08 04:11:01,85
domain,sklad-paneley.com.ua,threatfox,Unknown Stealer,"threatfox,etherhiding",2026-10-08 02:17:24,2026-10-08 04:11:01,85
domain,sleepbaby.ua,threatfox,Unknown Stealer,"threatfox,etherhiding",2026-10-08 02:17:24,2026-10-08 04:11:01,85
domain,slougvtye.cfd,threatfox,Unknown Stealer,threatfox,2026-10-08 02:17:24,2026-10-08 04:11:01,85
domain,softsfliesa.site,threatfox,Unknown Stealer,threatfox,2026-10-08 02:17:24,2026-10-08 04:11:01,85
domain,solavelle.online,threatfox,Unknown Stealer,"threatfox,ErrTraffic,Polygon",2026-10-08 02:17:24,2026-10-08 04:11:01,85
domain,soleva.blog,threatfox,Unknown Stealer,"threatfox,ErrTraffic,Polygon",2026-10-08 02:17:24,2026-10-08 04:11:01,85
domain,solivellse.online,threatfox,Unknown Stealer,"threatfox,ErrTraffic,Polygon",2026-10-08 02:17:24,2026-10-08 04:11:01,85
domain,sorakitsumi.shop,threatfox,Unknown Stealer,"threatfox,ErrTraffic,Polygon",2026-10-08 02:17:24,2026-10-08 04:11:01,85
domain,sportorium.ptumb.com,threatfox,ClearFake,"threatfox,compromised,EtherHide",2026-10-08 02:17:24,2026-10-08 04:11:01,85
domain,subar.store,threatfox,ClearFake,"threatfox,ClearFake",2026-10-08 02:17:24,2026-10-08 04:11:01,85
domain,sulaf.store,threatfox,ClearFake,"threatfox,ClearFake",2026-10-08 02:17:24,2026-10-08 04:11:01,85
domain,sushe.store,threatfox,ClearFake,"threatfox,ClearFake",2026-10-08 02:17:24,2026-10-08 04:11:01,85
domain,svit-3d-paneley.com.ua,threatfox,Unknown Stealer,"threatfox,etherhiding",2026-10-08 02:17:24,2026-10-08 04:11:01,85
domain,syhbce4.click,threatfox,Unknown Stealer,threatfox,2026-10-08 02:17:24,2026-10-08 04:11:01,85
domain,t6rb9czrod.workers.dev,threatfox,php.shin_webshell,"threatfox,Cloudflare,GIF,PHP,webshell,WordPress,workers.dev,wp-admin",2026-10-08 02:17:24,2026-10-08 04:11:01,85
domain,talvi-ukraine.com,threatfox,Unknown Stealer,"threatfox,etherhiding",2026-10-08 02:17:24,2026-10-08 04:11:01,85
domain,tdc.ua,threatfox,Unknown Stealer,"threatfox,etherhiding",2026-10-08 02:17:24,2026-10-08 04:11:01,85
domain,technosite.com.ua,threatfox,Unknown Stealer,"threatfox,etherhiding",2026-10-08 02:17:24,2026-10-08 04:11:01,85
domain,thesaltedmoon.com,threatfox,ClearFake,"threatfox,compromised,EtherHide",2026-10-08 02:17:24,2026-10-08 04:11:01,85
domain,thymesonnet.co,threatfox,SmartApeSG,"threatfox,SmartApeSG",2026-10-08 02:17:24,2026-10-08 03:16:43,85
domain,tivex.store,threatfox,ClearFake,"threatfox,ClearFake",2026-10-08 02:17:24,2026-10-08 04:11:01,85
domain,tranquilacrestomahawk.com,threatfox,ClearFake,"threatfox,compromised,EtherHide",2026-10-08 02:17:24,2026-10-08 04:11:01,85
domain,truka.store,threatfox,ClearFake,"threatfox,ClearFake",2026-10-08 02:17:24,2026-10-08 04:11:01,85
domain,tsukinorami.shop,threatfox,Unknown Stealer,"threatfox,ErrTraffic,Polygon",2026-10-08 02:17:24,2026-10-08 04:11:01,85
domain,ty-le-keo.futbol,threatfox,ClearFake,"threatfox,compromised,EtherHide",2026-10-08 02:17:24,2026-10-08 04:11:01,85
domain,tyhcsza.cfd,threatfox,Unknown Stealer,threatfox,2026-10-08 02:17:24,2026-10-08 04:11:01,85
domain,ubsdxaw.site,threatfox,Unknown Stealer,threatfox,2026-10-08 02:17:24,2026-10-08 04:11:01,85
domain,ukaramentalhealth.org,threatfox,ClearFake,"threatfox,compromised,EtherHide",2026-10-08 02:17:24,2026-10-08 04:11:01,85
domain,ukraine77.top,threatfox,Unknown Stealer,"threatfox,ErrTraffic,Polygon",2026-10-08 02:17:24,2026-10-08 04:11:01,85
domain,ukrainerada.top,threatfox,Unknown Stealer,"threatfox,ErrTraffic,Polygon",2026-10-08 02:17:24,2026-10-08 04:11:01,85
domain,velamira.online,threatfox,Unknown Stealer,"threatfox,ErrTraffic,Polygon",2026-10-08 02:17:24,2026-10-08 04:11:01,85
domain,velavelle.online,threatfox,Unknown Stealer,"threatfox,ErrTraffic,Polygon",2026-10-08 02:17:24,2026-10-08 04:11:01,85
domain,velvetdawn.online,threatfox,Unknown Stealer,"threatfox,ErrTraffic,Polygon",2026-10-08 02:17:24,2026-10-08 04:11:01,85
domain,violea.click,threatfox,Unknown Stealer,"threatfox,ErrTraffic,Polygon",2026-10-08 02:17:24,2026-10-08 04:11:01,85
domain,vroda-ua.com,threatfox,Unknown Stealer,"threatfox,etherhiding",2026-10-08 02:17:24,2026-10-08 04:11:01,85
domain,weuxk61590.workers.dev,threatfox,php.shin_webshell,"threatfox,Cloudflare,GIF,PHP,webshell,WordPress,workers.dev,wp-admin",2026-10-08 02:17:24,2026-10-08 03:16:43,85
domain,wordpress.scanfortruth.com,threatfox,ClearFake,"threatfox,compromised,EtherHide",2026-10-08 02:17:24,2026-10-08 04:11:01,85
domain,wsqxeet.sbs,threatfox,Unknown Stealer,threatfox,2026-10-08 02:17:24,2026-10-08 04:11:01,85
domain,www.axseven.com,threatfox,ClearFake,"threatfox,compromised,EtherHide",2026-10-08 02:17:24,2026-10-08 04:11:01,85
domain,www.crookedhousebooks.com,threatfox,Unknown Loader,"threatfox,skimming,victim",2026-10-08 02:17:24,2026-10-08 04:11:01,85
domain,www.daveshootsbookseller.com,threatfox,Unknown Loader,"threatfox,skimming,victim",2026-10-08 02:17:24,2026-10-08 04:11:01,85
domain,www.diversitybooks.com.au,threatfox,Unknown Loader,"threatfox,skimming,victim",2026-10-08 02:17:24,2026-10-08 04:11:01,85
domain,www.engetecengenharia.com,threatfox,ClearFake,"threatfox,compromised,EtherHide",2026-10-08 02:17:24,2026-10-08 04:11:01,85
domain,www.excess-international.com,threatfox,ClearFake,"threatfox,compromised,EtherHide",2026-10-08 02:17:24,2026-10-08 04:11:01,85
domain,www.fowlercoaching.com,threatfox,ClearFake,"threatfox,compromised,EtherHide",2026-10-08 02:17:24,2026-10-08 04:11:01,85
domain,www.jodykingzett.com,threatfox,ClearFake,"threatfox,compromised,EtherHide",2026-10-08 02:17:24,2026-10-08 04:11:01,85
domain,www.lajourneedesreseaux-cci.fr,threatfox,ClearFake,"threatfox,compromised,EtherHide",2026-10-08 02:17:24,2026-10-08 04:11:01,85
domain,www.mrcistic.sk,threatfox,ClearFake,"threatfox,compromised,EtherHide",2026-10-08 02:17:24,2026-10-08 04:11:01,85
domain,www.mysticlink.com,threatfox,Unknown Loader,"threatfox,skimming,victim",2026-10-08 02:17:24,2026-10-08 04:11:01,85
domain,www.rarebookshonolulu.com,threatfox,Unknown Loader,"threatfox,skimming,victim",2026-10-08 02:17:24,2026-10-08 04:11:01,85
domain,www.wixconsulting.com,threatfox,ClearFake,"threatfox,compromised,EtherHide",2026-10-08 02:17:24,2026-10-08 04:11:01,85
domain,xs.333vip.org,threatfox,Vidar,"threatfox,vidar",2026-10-08 02:17:24,2026-10-08 04:11:01,85
domain,xs.3toto.com,threatfox,Vidar,"threatfox,vidar",2026-10-08 02:17:24,2026-10-08 04:11:01,85
domain,xvip.ddns.net,threatfox,XWorm,"threatfox,xworm",2026-10-08 02:17:24,2026-10-08 04:11:01,85
domain,yato.com.ua,threatfox,Unknown Stealer,"threatfox,etherhiding",2026-10-08 02:17:24,2026-10-08 04:11:01,85
domain,ythojl.sbs,threatfox,Unknown Stealer,threatfox,2026-10-08 02:17:24,2026-10-08 04:11:01,85
domain,yumekazeko.shop,threatfox,Unknown Stealer,"threatfox,ErrTraffic,Polygon",2026-10-08 02:17:24,2026-10-08 04:11:01,85
domain,zavekote.workers.dev,threatfox,php.shin_webshell,"threatfox,Cloudflare,GIF,PHP,webshell,WordPress,workers.dev,wp-admin",2026-10-08 02:17:24,2026-10-08 04:11:01,85
domain,zeenocabin.com,threatfox,ClearFake,"threatfox,compromised,EtherHide",2026-10-08 02:17:24,2026-10-08 04:11:01,85
domain,zen-rough-bitter-steel.xyz,threatfox,ClearFake,"threatfox,ClearFake,ClickFix,ErrTraffic,EtherHiding",2026-10-08 02:17:24,2026-10-08 04:11:01,85
domain,ztl.kiev.ua,threatfox,Unknown Stealer,"threatfox,etherhiding",2026-10-08 02:17:24,2026-10-08 04:11:01,85
hash_md5,004205ee89f2859b461343ef555ac608,threatfox,PhonyC2,threatfox,2026-10-08 02:17:24,2026-10-08 04:11:01,85
hash_md5,00e964422ebcfb8dce11fbe450fa09ce,threatfox,Vidar,threatfox,2026-10-08 02:17:24,2026-10-08 04:11:01,85
hash_md5,0112f1cffd646ed0818c3088ab50ae8f,threatfox,Venus Stealer,threatfox,2026-10-08 02:17:24,2026-10-08 04:11:01,85
hash_md5,05733c2d4e5ddaa277ece03df37c8ed6,threatfox,RegPhantom,threatfox,2026-10-08 02:17:24,2026-10-08 04:11:01,85
hash_md5,05f8f93fb8a821aade444de558350595,threatfox,Stealc,threatfox,2026-10-08 02:17:24,2026-10-08 04:11:01,85
hash_md5,07424088937d177857bcde33b8512599,threatfox,Stealc,threatfox,2026-10-08 02:17:24,2026-10-08 04:11:01,85
hash_md5,1daec83a0a8e7909926a47f945058b89,threatfox,Vidar,threatfox,2026-10-08 02:17:24,2026-10-08 04:11:01,85
hash_md5,219811d86a84844199c1d502295e15b6,threatfox,Venus Stealer,threatfox,2026-10-08 02:17:24,2026-10-08 04:11:01,85
hash_md5,22b5da140ab6f792a511d2563052e6d2,threatfox,RegPhantom,threatfox,2026-10-08 02:17:24,2026-10-08 04:11:01,85
hash_md5,22f8ba22b4c9d92415c0f1098c3f90f1,threatfox,AsyncRAT,threatfox,2026-10-08 02:17:24,2026-10-08 04:11:01,85
hash_md5,27c967bd6e99502ebbf83ba547adff82,threatfox,RegPhantom,threatfox,2026-10-08 02:17:24,2026-10-08 04:11:01,85
hash_md5,2915aca201ab1167ccc0918b08ae1ee0,threatfox,Venus Stealer,threatfox,2026-10-08 02:17:24,2026-10-08 04:11:01,85
hash_md5,2ee03e9816df5521908c6af69e4f2be7,threatfox,GCleaner,threatfox,2026-10-08 02:17:24,2026-10-08 04:11:01,85
hash_md5,30ddf81994d4d81feb012f1419bcab53,threatfox,Stealc,threatfox,2026-10-08 02:17:24,2026-10-08 04:11:01,85
hash_md5,32c62fe1beafb431feaaf8f7fe410e26,threatfox,RegPhantom,threatfox,2026-10-08 02:17:24,2026-10-08 04:11:01,85
hash_md5,32fe0e340f94282426829537fad19278,threatfox,RegPhantom,threatfox,2026-10-08 02:17:24,2026-10-08 04:11:01,85
hash_md5,3432643e0e96ddeef83586e47d2083dc,threatfox,RegPhantom,threatfox,2026-10-08 02:17:24,2026-10-08 04:11:01,85
hash_md5,3856cf206988acc6389777fa62c34cf5,threatfox,WannaCryptor,threatfox,2026-10-08 02:17:24,2026-10-08 04:11:01,85
hash_md5,3860c03927290688db2f7769140103e4,threatfox,Kuiper,threatfox,2026-10-08 02:17:24,2026-10-08 04:11:01,85
hash_md5,3bf3cee2a23b80237efc3bc0cab31c87,threatfox,RegPhantom,threatfox,2026-10-08 02:17:24,2026-10-08 04:11:01,85
hash_md5,3c19ef23dc3dec572cd6f2222dd07300,threatfox,TitanStealer,threatfox,2026-10-08 02:17:24,2026-10-08 04:11:01,85
hash_md5,3cd3c4d9dd4a76a03504feb2306e06e1,threatfox,XWorm,threatfox,2026-10-08 02:17:24,2026-10-08 04:11:01,85
hash_md5,3d22a007f0e5878fa47d9ded220b605d,threatfox,Agent Tesla,threatfox,2026-10-08 02:17:24,2026-10-08 04:11:01,85
hash_md5,41943a34fd0115c01bddf99f57b1dbf7,threatfox,Vidar,threatfox,2026-10-08 02:17:24,2026-10-08 04:11:01,85
hash_md5,4b35c97702037bcd235041c6bc786da1,threatfox,Venus Stealer,threatfox,2026-10-08 02:17:24,2026-10-08 04:11:01,85
hash_md5,52922ceeab0a95443710310269e0bd6b,threatfox,MoriAgent,threatfox,2026-10-08 02:17:24,2026-10-08 04:11:01,85
hash_md5,54f8f76d0dd0dcdbe85e4d32f7108ea0,threatfox,RegPhantom,threatfox,2026-10-08 02:17:24,2026-10-08 04:11:01,85
hash_md5,54fe1c9789a24b53141411cc1aeae09c,threatfox,stealler,threatfox,2026-10-08 02:17:24,2026-10-08 04:11:01,85
hash_md5,5acb6579fc74d66e67e0cdecddb46457,threatfox,Epsilon Stealer,threatfox,2026-10-08 02:17:24,2026-10-08 04:11:01,85
hash_md5,5af41a745941cdc66963b2007167547f,threatfox,stealler,threatfox,2026-10-08 02:17:24,2026-10-08 04:11:01,85
hash_md5,5c6a535c64562738470356602ed9c556,threatfox,Formbook,threatfox,2026-10-08 02:17:24,2026-10-08 04:11:01,85
hash_md5,5fa55b6b9a680cf8dbd6b3c837c3ef15,threatfox,RegPhantom,threatfox,2026-10-08 02:17:24,2026-10-08 04:11:01,85
hash_md5,60c7b6ad0214681bf65f3ee2b55fcb3a,threatfox,Formbook,threatfox,2026-10-08 02:17:24,2026-10-08 04:11:01,85
hash_md5,66d58031731fc12a2b31d51af1b9640a,threatfox,RegPhantom,threatfox,2026-10-08 02:17:24,2026-10-08 04:11:01,85
hash_md5,76c73259f756d7367280719ecc4ac8fd,threatfox,stealler,threatfox,2026-10-08 02:17:24,2026-10-08 04:11:01,85
hash_md5,770e477b5f8cd94a6783140a3bb62225,threatfox,YiBackdoor,threatfox,2026-10-08 02:17:24,2026-10-08 04:11:01,85
hash_md5,7e29dd50712b2f02b0464b835e6f30af,threatfox,stealler,threatfox,2026-10-08 02:17:24,2026-10-08 04:11:01,85
hash_md5,7f7b18413fc3affe2b839c2d1f1638ef,threatfox,RegPhantom,threatfox,2026-10-08 02:17:24,2026-10-08 04:11:01,85
hash_md5,8c1013d622f0911854bffa3fc88a3377,threatfox,KrakenKeylogger,threatfox,2026-10-08 02:17:24,2026-10-08 04:11:01,85
hash_md5,8f9fc33ab36f20a0938eb86652e6eaa1,threatfox,stealler,threatfox,2026-10-08 02:17:24,2026-10-08 04:11:01,85
hash_md5,954d1293832b5296971ed38e973a9203,threatfox,stealler,threatfox,2026-10-08 02:17:24,2026-10-08 04:11:01,85
hash_md5,a31b3261aa04f232b7fcfc77777c43a7,threatfox,Formbook,threatfox,2026-10-08 02:17:24,2026-10-08 04:11:01,85
hash_md5,a7318a5f7aa1d21989ca284d9e750381,threatfox,Expiro,threatfox,2026-10-08 02:17:24,2026-10-08 04:11:01,85
hash_md5,a824398b7923e0945551b06f47c400ed,threatfox,QuantLoader,threatfox,2026-10-08 02:17:24,2026-10-08 04:11:01,85
hash_md5,afaba06803129ca1030499d61ed4e9e1,threatfox,RegPhantom,threatfox,2026-10-08 02:17:24,2026-10-08 04:11:01,85
hash_md5,b2d8a7fa418143a4542b28c53e86a080,threatfox,Vidar,threatfox,2026-10-08 02:17:24,2026-10-08 04:11:01,85
hash_md5,b3517a69209242e49f8e1f463732f656,threatfox,Kuiper,threatfox,2026-10-08 02:17:24,2026-10-08 04:11:01,85
hash_md5,ba6aa91e6afd6fd1f24295bc301f5df5,threatfox,PhonyC2,threatfox,2026-10-08 02:17:24,2026-10-08 04:11:01,85
hash_md5,c38bfdb3613d4d0c0a5ff7c60a9416d6,threatfox,Luca Stealer,threatfox,2026-10-08 02:17:24,2026-10-08 04:11:01,85
hash_md5,c756d5f25076629543879497dbd7e70a,threatfox,Vidar,threatfox,2026-10-08 02:17:24,2026-10-08 04:11:01,85
hash_md5,c9a8bc2237b95e0543c5dc67192de2b5,threatfox,stealler,threatfox,2026-10-08 02:17:24,2026-10-08 04:11:01,85
hash_md5,cdf2f76525ad09669316f8933183a071,threatfox,RegPhantom,threatfox,2026-10-08 02:17:24,2026-10-08 04:11:01,85
hash_md5,d050774dcdcc830e4b4b8b10590df3f6,threatfox,RegPhantom,threatfox,2026-10-08 02:17:24,2026-10-08 04:11:01,85
hash_md5,d47d3a5fe3ca39379423ea4e22bc5713,threatfox,RegPhantom,threatfox,2026-10-08 02:17:24,2026-10-08 04:11:01,85
hash_md5,d504445b92af18bfb49cbe8b296abcc4,threatfox,RegPhantom,threatfox,2026-10-08 02:17:24,2026-10-08 04:11:01,85
hash_md5,d700d46d861f7ef1ce58a21eb06fd553,threatfox,Akira Stealer,threatfox,2026-10-08 02:17:24,2026-10-08 04:11:01,85
hash_md5,d77b96fe72bfd13d513ab559cba4b308,threatfox,WannaCryptor,threatfox,2026-10-08 02:17:24,2026-10-08 04:11:01,85
hash_md5,dcf3b88561b92b4edb0682c8b799b37b,threatfox,stealler,threatfox,2026-10-08 02:17:24,2026-10-08 04:11:01,85
hash_md5,e086f2aa9d57cb7364f4ca4b3b58ee9b,threatfox,RegPhantom,threatfox,2026-10-08 02:17:24,2026-10-08 04:11:01,85
hash_md5,e3b578aa02e2fc3fb557e83f4186395e,threatfox,MoriAgent,threatfox,2026-10-08 02:17:24,2026-10-08 04:11:01,85
hash_md5,e7baec9e0a38ba52d7a8a545e9dbf6c9,threatfox,Vidar,threatfox,2026-10-08 02:17:24,2026-10-08 04:11:01,85
hash_md5,ea0f589e4bc2737119a1730477f8929b,threatfox,RegPhantom,threatfox,2026-10-08 02:17:24,2026-10-08 04:11:01,85
hash_md5,f54b4f48c6661e798e28c2213fc1007e,threatfox,stealler,threatfox,2026-10-08 02:17:24,2026-10-08 04:11:01,85
hash_md5,fa553cae460341d33e5b04d4296c601e,threatfox,SalatStealer,threatfox,2026-10-08 02:17:24,2026-10-08 04:11:01,85
hash_md5,fec6a02b6d8be9580f24599241ea3191,threatfox,RegPhantom,threatfox,2026-10-08 02:17:24,2026-10-08 04:11:01,85
hash_sha256,006e08f1b8cad821f7849c282dc11d317e76ce66a5bcd84053dd5e7752e0606f,threatfox,RegPhantom,threatfox,2026-10-08 02:17:24,2026-10-08 04:11:01,85
hash_sha256,01469b8a4aa195637983cc952ab5dac5e9b7b46091ac709f8819ef82fa4c8b26,threatfox,WannaCryptor,threatfox,2026-10-08 02:17:24,2026-10-08 04:11:01,85
hash_sha256,0178f142fb4d44b716b5fdcbd83e324de8d2554014ef6d7c72378ee239bf363e,threatfox,KrakenKeylogger,threatfox,2026-10-08 02:17:24,2026-10-08 04:11:01,85
hash_sha256,01c3d2a947c56e16718f1f54c0820996dce1d44da25d38b2a9992eb16e6b11e6,threatfox,RegPhantom,threatfox,2026-10-08 02:17:24,2026-10-08 04:11:01,85
hash_sha256,0956ec57c3ddcd24c4d61bd6a4dd16b5f1468f701a286e46b761f5be4fc478ac,threatfox,RegPhantom,threatfox,2026-10-08 02:17:24,2026-10-08 04:11:01,85
hash_sha256,11d7da51a1d765e6f6946b27566876a5c42e4d157bdb2c9f45dc579c87417f31,threatfox,stealler,threatfox,2026-10-08 02:17:24,2026-10-08 04:11:01,85
hash_sha256,1581428fe60e65944ab96f61965c9317552ab64292858d3a64f885226b88528f,threatfox,AsyncRAT,threatfox,2026-10-08 02:17:24,2026-10-08 04:11:01,85
hash_sha256,187089dffb448a9fc3d858e1d539ea70ba06a706d2b63dd44afc89d2ef1d2f8a,threatfox,Vidar,threatfox,2026-10-08 02:17:24,2026-10-08 04:11:01,85
hash_sha256,218ab4cb7bf3622b4b8d5fa9196d817b91046e1eca84c26091f3f703ab214707,threatfox,RegPhantom,threatfox,2026-10-08 02:17:24,2026-10-08 04:11:01,85
hash_sha256,24abb4702809d350ec17986d645a0d453efc0fd6d499d87fb01e0b5cb1a65160,threatfox,Vidar,threatfox,2026-10-08 02:17:24,2026-10-08 04:11:01,85
hash_sha256,27c743d1ff6531bcd8fb09f0a91caea95ad72c34e83782660236b6b34b81cde5,threatfox,Venus Stealer,threatfox,2026-10-08 02:17:24,2026-10-08 04:11:01,85
hash_sha256,2c195b625dee9271f543a9be087c9fb1b641255be29cc7c88fd811f7e1fe71d5,threatfox,stealler,threatfox,2026-10-08 02:17:24,2026-10-08 04:11:01,85
hash_sha256,2dbc1c3920315f24899eb0f9574d0c5e2e0c5b42d280b6a7a506b176305f7b09,threatfox,stealler,threatfox,2026-10-08 02:17:24,2026-10-08 04:11:01,85
hash_sha256,32addf18477324f478bf93ac22be65550bc71450c9bc4fe49aa3be22219aae65,threatfox,RegPhantom,threatfox,2026-10-08 02:17:24,2026-10-08 04:11:01,85
hash_sha256,372f8a434264575c7adeaf66ffc090b454fab89a1ac5f49986f2a9ed8d25d357,threatfox,stealler,threatfox,2026-10-08 02:17:24,2026-10-08 04:11:01,85
hash_sha256,44c2f46e91c4b65b6f0c8385910af36a4255bba0fdd7bfccf2199e7a9faf19f7,threatfox,Agent Tesla,threatfox,2026-10-08 02:17:24,2026-10-08 04:11:01,85
hash_sha256,4902684357fbd82d08c155eac5ea598fcda0446f408294fd8a18085d7ad1ac73,threatfox,Venus Stealer,threatfox,2026-10-08 02:17:24,2026-10-08 04:11:01,85
hash_sha256,5599ec1f3e1eb52a7e0f3b9dbd0c9849cf494c32ed1e50e76c43d2200daa283a,threatfox,RegPhantom,threatfox,2026-10-08 02:17:24,2026-10-08 04:11:01,85
hash_sha256,5650f8e0904433247a0cdc68c7b73c68291b52523dad1edb93a9bd7439273698,threatfox,RegPhantom,threatfox,2026-10-08 02:17:24,2026-10-08 04:11:01,85
hash_sha256,5ec4c1ecaf67ba48a7f6ccebc065e587e7629654e455b15f67894240e63ac704,threatfox,WannaCryptor,threatfox,2026-10-08 02:17:24,2026-10-08 04:11:01,85
hash_sha256,6606a963beb709da2d87d685d998e126f2a52efaad64eab8bbb5ba70c7ca5194,threatfox,RegPhantom,threatfox,2026-10-08 02:17:24,2026-10-08 04:11:01,85
hash_sha256,703dfb12edc6da592e3dfb951ca2d84bf349e6a16ad3a2ab32b275349956e7c4,threatfox,RegPhantom,threatfox,2026-10-08 02:17:24,2026-10-08 04:11:01,85
hash_sha256,749009376b352dfd21f7289f549c0ed3ff515f813eb1eaf2e604ba75be02c9c2,threatfox,YiBackdoor,threatfox,2026-10-08 02:17:24,2026-10-08 04:11:01,85
hash_sha256,7606a3b69488795fe2d71558caab7877ea313425e55a63aebb932d0d92b38aee,threatfox,RegPhantom,threatfox,2026-10-08 02:17:24,2026-10-08 04:11:01,85
hash_sha256,77a8d1bcbc9c79e76e64b5fd50aeda23d4d9a0ca42299f0f7a72f8da032fcc54,threatfox,Kuiper,threatfox,2026-10-08 02:17:24,2026-10-08 04:11:01,85
hash_sha256,7c9312ebe2afc299a0835a32700cdd2c5099c228799414c48058c0fb6095df9b,threatfox,RegPhantom,threatfox,2026-10-08 02:17:24,2026-10-08 04:11:01,85
hash_sha256,7ffa8ceaba695ecb58868eac30c83433b87854f8ef6ba6d97938bbd462d486a9,threatfox,Vidar,threatfox,2026-10-08 02:17:24,2026-10-08 04:11:01,85
hash_sha256,82b558b35028e479c2063a0e3f50478714692f48df9093853bf93aa9b4909471,threatfox,GCleaner,threatfox,2026-10-08 02:17:24,2026-10-08 04:11:01,85
hash_sha256,8c65239167f3ec609a5a992ed143b68b3c1b3a5985cf8a6d3f528081de15d0ee,threatfox,stealler,threatfox,2026-10-08 02:17:24,2026-10-08 04:11:01,85
hash_sha256,91860b4d03b32a4ca6e8e92856272d953999934e6316f65677a615cbfb8d31d0,threatfox,RegPhantom,threatfox,2026-10-08 02:17:24,2026-10-08 04:11:01,85
hash_sha256,9262713395e980851638ce2f5bac67be989449f82d76e25d0ef42fa8e59c0863,threatfox,XWorm,threatfox,2026-10-08 02:17:24,2026-10-08 04:11:01,85
hash_sha256,97876c085318d8606e8478976d98dab77a7e905a87a4b0a27e20d794af25cd4c,threatfox,RegPhantom,threatfox,2026-10-08 02:17:24,2026-10-08 04:11:01,85
hash_sha256,9d4da288496157ce8e49f4bd99ddeddd10fcdccea2239d0e7a06ea55ba3dabbf,threatfox,AMOS,"threatfox,AMOS,ClickFix,Foxveil,macOS,quill",2026-10-08 02:17:24,2026-10-08 04:11:01,85
hash_sha256,a0c291e8942c8c7fecccff3fbdb65f65c76312d384a73d3748042a319209c91c,threatfox,RegPhantom,threatfox,2026-10-08 02:17:24,2026-10-08 04:11:01,85
hash_sha256,a21be069523269d370e173e5560617c4960e9cabfa03de22bd8fcae2c08e9e40,threatfox,Formbook,threatfox,2026-10-08 02:17:24,2026-10-08 04:11:01,85
hash_sha256,a36fbc117b0582e076f28cb9c81680c61f45a2ab9eac0f99ddb75a59537aab7a,threatfox,Vidar,threatfox,2026-10-08 02:17:24,2026-10-08 04:11:01,85
hash_sha256,a8dd58cca69cff0ca3d6786686ece74e67804e4ea1ce961aab37ee9520fe2998,threatfox,AMOS,"threatfox,AMOS,ClickFix,Foxveil,macOS,quill",2026-10-08 02:17:24,2026-10-08 04:11:01,85
hash_sha256,a9a97675dd4fd2cad9b66f31c0bb3cf177cfbe40f29a664abce74b11da645984,threatfox,Stealc,threatfox,2026-10-08 02:17:24,2026-10-08 04:11:01,85
hash_sha256,acb4fdd8eab403dd309015ff8d73334ce7fb1656a627ae837804e59a1b20005a,threatfox,MoriAgent,threatfox,2026-10-08 02:17:24,2026-10-08 04:11:01,85
hash_sha256,ad849ef11de791d1a83a1ba99c3918c1b69df5abf36b171105cc87d9d9ec369b,threatfox,AMOS,"threatfox,AMOS,ClickFix,Foxveil,macOS,quill",2026-10-08 02:17:24,2026-10-08 04:11:01,85
hash_sha256,aeeeb401fce819cc628d6ba3adcf5d414368708b8ec8dbd72a320fd3f312a9ac,threatfox,Akira Stealer,threatfox,2026-10-08 02:17:24,2026-10-08 04:11:01,85
hash_sha256,b106a8b8ffa1c67e0e8f21a2015d0f0935e16e9e710c95b1bef3f924d532bd76,threatfox,Vidar,threatfox,2026-10-08 02:17:24,2026-10-08 04:11:01,85
hash_sha256,b10d8bb537ab05e51f08d0b942ee9f92f3226d118fcac794d1a7396bbc0b531f,threatfox,RegPhantom,threatfox,2026-10-08 02:17:24,2026-10-08 04:11:01,85
hash_sha256,b17689e3da2c11a8034dee9389c5577366a3b4cbdfc77419c997713d5082dfc5,threatfox,stealler,threatfox,2026-10-08 02:17:24,2026-10-08 04:11:01,85
hash_sha256,b18d170c8044d8db1c1453f62c093eb0a25fb611803bea6dcaab445f1f361257,threatfox,PhonyC2,threatfox,2026-10-08 02:17:24,2026-10-08 04:11:01,85
hash_sha256,b2bbdeb48f60e591d78ddc98fffc9504128e9b948fd58a54c2cfa927ff9db105,threatfox,RegPhantom,threatfox,2026-10-08 02:17:24,2026-10-08 04:11:01,85
hash_sha256,b94b0462a88c7f7f45e8ab7c4b4bdaeb54ac646a1720b89bdcaf580074a4a54a,threatfox,QuantLoader,threatfox,2026-10-08 02:17:24,2026-10-08 04:11:01,85
hash_sha256,b9f9c58e080f1b5028e8e331fdc0aa5d5c43646d747031615d4645800fe87a02,threatfox,Venus Stealer,threatfox,2026-10-08 02:17:24,2026-10-08 04:11:01,85
hash_sha256,bbebc335e92928bd411f5178f467890dcb20b5c68cc0fb5eb5497290e70bfafb,threatfox,Expiro,threatfox,2026-10-08 02:17:24,2026-10-08 04:11:01,85
hash_sha256,bc179912f78307a8798ebc1ce7fb38b1d2b4baf6bfddf15da8ecef4c0923694e,threatfox,Formbook,threatfox,2026-10-08 02:17:24,2026-10-08 04:11:01,85
hash_sha256,bed116abf922b28f79323cce3901e206e82cb4a37020c623217ff1541baa00f1,threatfox,Epsilon Stealer,threatfox,2026-10-08 02:17:24,2026-10-08 04:11:01,85
hash_sha256,c073f5c684eafc2b0b0c6dedbf6aaa0148f5d1e6f5cd4b1090a88991a22c89bf,threatfox,Luca Stealer,threatfox,2026-10-08 02:17:24,2026-10-08 04:11:01,85
hash_sha256,c4545d48db19349484d97681beaa8832f25663250db0e5ff16ef36e9e8ea8766,threatfox,MoriAgent,threatfox,2026-10-08 02:17:24,2026-10-08 04:11:01,85
hash_sha256,c55f5339abaf48b9392df67d5b6f6e011d878d7ee848724ad5dbe8c4d898ef23,threatfox,RegPhantom,threatfox,2026-10-08 02:17:24,2026-10-08 04:11:01,85
hash_sha256,cb2ed2ece12a675e19f2b537840a2b5d8bcdd1d508ec5c386178e60161d2cfe8,threatfox,RegPhantom,threatfox,2026-10-08 02:17:24,2026-10-08 04:11:01,85
hash_sha256,cd3158bdde5b7145a69e72579fb14577c0f8eb1e49de549968a8ecbf6c3c4701,threatfox,Vidar,threatfox,2026-10-08 02:17:24,2026-10-08 04:11:01,85
hash_sha256,d16d828d6538f903ab4b487994ced8f19a7cffc23944d30b7b724a194628b443,threatfox,Kuiper,threatfox,2026-10-08 02:17:24,2026-10-08 04:11:01,85
hash_sha256,d538f52e0703db623fcc880f8adf16f96459eaef867e5b91e91740343726e913,threatfox,Formbook,threatfox,2026-10-08 02:17:24,2026-10-08 04:11:01,85
hash_sha256,dba820c1f2c4778166063b0a20563b51c160ee6a3b08e4d5c2d4d7153a3ec081,threatfox,stealler,threatfox,2026-10-08 02:17:24,2026-10-08 04:11:01,85
hash_sha256,dc978cecad6e55b168f42ffcaab296a4513c3a46af58707fb1f6af5d162a69e0,threatfox,SalatStealer,threatfox,2026-10-08 02:17:24,2026-10-08 04:11:01,85
hash_sha256,e163174c8acd0ddd4be15d1d208cecca3df7e805d5ded812023a427f8c72ce67,threatfox,PhonyC2,threatfox,2026-10-08 02:17:24,2026-10-08 04:11:01,85
hash_sha256,e85274fab4d975a01259c37bee55647a5295364136ff2646ba9e47adaaa56c15,threatfox,AMOS,"threatfox,AMOS,ClickFix,Foxveil,macOS,quill",2026-10-08 02:17:24,2026-10-08 04:11:01,85
hash_sha256,eb4ec97f2b54bac88140eb4639a1674d2a1fa81f05b01b36cae58c4d46a7c158,threatfox,TitanStealer,threatfox,2026-10-08 02:17:24,2026-10-08 04:11:01,85
hash_sha256,ef767d259cbb694fb895ba874810f37d4bcc5fdf375ae7e70dc72bff4ccecba4,threatfox,Stealc,threatfox,2026-10-08 02:17:24,2026-10-08 04:11:01,85
hash_sha256,eff4b583d6a3e0743b7ad853a8227cc04b83eb4d855cac31bdef4fb0185326a9,threatfox,stealler,threatfox,2026-10-08 02:17:24,2026-10-08 04:11:01,85
hash_sha256,f6683adcb8a152d31ef1132ee3f4cb818dcf0b5e361f991286f9fb5d2d747afd,threatfox,RegPhantom,threatfox,2026-10-08 02:17:24,2026-10-08 04:11:01,85
hash_sha256,fed1a1556b70e2d634b05a951a4c5f89617d80e1b1cde5c620f7cf7b2970fdd5,threatfox,stealler,threatfox,2026-10-08 02:17:24,2026-10-08 04:11:01,85
hash_sha256,ff6379a044085e27758b1718515b16869a1bba31bb5e31b989aeaf07178fe87a,threatfox,Venus Stealer,threatfox,2026-10-08 02:17:24,2026-10-08 04:11:01,85
hash_sha256,ffce7a3896c7e9e8172737d45c1eaed7f62b0a09b65ce22c5eeff9f25b7ace9d,threatfox,Stealc,threatfox,2026-10-08 02:17:24,2026-10-08 04:11:01,85
ip,101.33.117.120,threatfox,ValleyRAT,"threatfox,RAT,ValleyRAT",2026-10-08 02:17:24,2026-10-08 04:11:01,85
ip,102.117.168.65,threatfox,Unknown malware,"threatfox,mythic",2026-10-08 02:17:24,2026-10-08 03:16:43,85
ip,102.220.161.177,threatfox,PureRAT,"threatfox,drb-ra,PureHVNC,PureRAT,RAT",2026-10-08 02:17:24,2026-10-08 04:11:01,85
ip,102.220.163.105,threatfox,XWorm,"threatfox,xworm",2026-10-08 02:17:24,2026-10-08 04:11:01,85
ip,103.181.177.61,threatfox,PureRAT,"threatfox,drb-ra,PureHVNC,PureRAT,RAT",2026-10-08 02:17:24,2026-10-08 04:11:01,85
ip,103.83.87.86,threatfox,Remcos,"threatfox,RAT,RemcosRAT",2026-10-08 02:17:24,2026-10-08 04:11:01,85
ip,113.44.67.52,threatfox,VShell,"threatfox,vshell",2026-10-08 02:17:24,2026-10-08 04:11:01,85
ip,128.90.105.180,threatfox,AsyncRAT,"threatfox,AsyncRAT,drb-ra,RAT",2026-10-08 02:17:24,2026-10-08 04:11:01,85
ip,128.90.108.225,threatfox,Remcos,"threatfox,332ps1Ago,c2,Remcos",2026-10-08 02:17:24,2026-10-08 04:11:01,85
ip,130.61.99.190,threatfox,Unknown malware,"threatfox,drb-ra,Mythic",2026-10-08 02:17:24,2026-10-08 17:02:18,85
ip,134.122.155.207,threatfox,ValleyRAT,"threatfox,valleyrat_s2",2026-10-08 02:17:24,2026-10-08 04:11:01,85
ip,138.197.128.142,threatfox,Aisuru,"threatfox,airashi,aisuru,botnet,ddos,mirai",2026-10-08 02:17:24,2026-10-08 04:11:01,85
ip,155.103.69.56,threatfox,XWorm,"threatfox,xworm",2026-10-08 02:17:24,2026-10-08 04:11:01,85
ip,157.137.215.66,threatfox,Havoc,"threatfox,drb-ra,Havoc",2026-10-08 02:17:24,2026-10-08 04:11:01,85
ip,159.89.196.255,threatfox,Aisuru,"threatfox,airashi,aisuru,botnet,ddos,mirai",2026-10-08 02:17:24,2026-10-08 04:11:01,85
ip,165.245.252.125,threatfox,Aisuru,"threatfox,airashi,aisuru,botnet,ddos,mirai",2026-10-08 02:17:24,2026-10-08 04:11:01,85
ip,172.105.110.70,threatfox,Evilginx,"threatfox,drb-ra,Evilginx,EvilGoPhish",2026-10-08 02:17:24,2026-10-08 04:11:01,85
ip,176.96.137.87,threatfox,PureRAT,"threatfox,drb-ra,PureHVNC,PureRAT,RAT",2026-10-08 02:17:24,2026-10-08 04:11:01,85
ip,178.16.53.56,threatfox,Aisuru,"threatfox,airashi,aisuru,botnet,ddos,mirai",2026-10-08 02:17:24,2026-10-08 04:11:01,85
ip,178.16.53.59,threatfox,Aisuru,"threatfox,airashi,aisuru,botnet,ddos,mirai",2026-10-08 02:17:24,2026-10-08 04:11:01,85
ip,178.16.53.76,threatfox,Aisuru,"threatfox,airashi,aisuru,botnet,ddos,mirai",2026-10-08 02:17:24,2026-10-08 04:11:01,85
ip,18.176.225.124,threatfox,Brute Ratel C4,"threatfox,BruteRatel,drb-ra",2026-10-08 02:17:24,2026-10-08 04:11:01,85
ip,185.149.24.115,threatfox,Remcos,"threatfox,RAT,RemcosRAT",2026-10-08 02:17:24,2026-10-08 04:11:01,85
ip,186.169.33.116,threatfox,AsyncRAT,"threatfox,AsyncRAT,drb-ra,RAT",2026-10-08 02:17:24,2026-10-08 04:11:01,85
ip,188.166.229.242,threatfox,Aisuru,"threatfox,airashi,aisuru,botnet,ddos,mirai",2026-10-08 02:17:24,2026-10-08 04:11:01,85
ip,196.251.121.199,threatfox,pupy,"threatfox,drb-ra,PupyRAT,RAT",2026-10-08 02:17:24,2026-10-08 04:11:01,85
ip,196.77.102.208,threatfox,AsyncRAT,"threatfox,AsyncRAT,drb-ra,RAT",2026-10-08 02:17:24,2026-10-08 17:02:18,85
ip,201.79.48.108,threatfox,Aisuru,"threatfox,airashi,aisuru,botnet,ddos,mirai",2026-10-08 02:17:24,2026-10-08 04:11:01,85
ip,203.202.232.254,threatfox,XWorm,"threatfox,xworm",2026-10-08 02:17:24,2026-10-08 04:11:01,85
ip,207.154.219.20,threatfox,Aisuru,"threatfox,airashi,aisuru,botnet,ddos,mirai",2026-10-08 02:17:24,2026-10-08 04:11:01,85
ip,207.56.3.27,threatfox,PureRAT,"threatfox,drb-ra,PureHVNC,PureRAT,RAT",2026-10-08 02:17:24,2026-10-08 04:11:01,85
ip,207.56.3.56,threatfox,PureRAT,"threatfox,drb-ra,PureHVNC,PureRAT,RAT",2026-10-08 02:17:24,2026-10-08 04:11:01,85
ip,217.60.103.154,threatfox,XWorm,"threatfox,xworm",2026-10-08 02:17:24,2026-10-08 04:11:01,85
ip,217.60.195.112,threatfox,XWorm,"threatfox,xworm",2026-10-08 02:17:24,2026-10-08 04:11:01,85
ip,23.94.212.126,threatfox,AdaptixC2,"threatfox,AdaptixC2,drb-ra",2026-10-08 02:17:24,2026-10-08 04:11:01,85
ip,31.56.19.75,threatfox,Potassium,"threatfox,botnet,ddos,mirai,potassium,woof",2026-10-08 02:17:24,2026-10-08 04:11:01,85
ip,37.120.206.165,threatfox,Remcos,"threatfox,RAT,RemcosRAT",2026-10-08 02:17:24,2026-10-08 04:11:01,85
ip,43.157.81.37,threatfox,Jackskid,"threatfox,botnet,ddos,jackskid,mirai,rctea",2026-10-08 02:17:24,2026-10-08 04:11:01,85
ip,46.246.84.5,threatfox,AsyncRAT,"threatfox,AsyncRAT,drb-ra,RAT",2026-10-08 02:17:24,2026-10-08 04:11:01,85
ip,47.254.199.205,threatfox,Jackskid,"threatfox,botnet,ddos,jackskid,mirai,rctea",2026-10-08 02:17:24,2026-10-08 04:11:01,85
ip,47.84.79.106,threatfox,Jackskid,"threatfox,botnet,ddos,jackskid,mirai,rctea",2026-10-08 02:17:24,2026-10-08 04:11:01,85
ip,49.234.48.58,threatfox,VShell,"threatfox,vshell",2026-10-08 02:17:24,2026-10-08 04:11:01,85
ip,5.175.182.221,threatfox,PureLogs Stealer,"threatfox,PureLogsStealer",2026-10-08 02:17:24,2026-10-08 04:11:01,85
ip,72.61.140.138,threatfox,Remus,"threatfox,c2,cda044b23c09ea74757275a0b5703dd5,remus",2026-10-08 02:17:24,2026-10-08 04:11:01,85
ip,80.76.49.104,threatfox,PureRAT,"threatfox,drb-ra,PureHVNC,PureRAT,RAT",2026-10-08 02:17:24,2026-10-08 04:11:01,85
ip,80.94.92.180,threatfox,AdaptixC2,"threatfox,AdaptixC2,drb-ra",2026-10-08 02:17:24,2026-10-08 04:11:01,85
ip,81.71.2.20,threatfox,VShell,"threatfox,vshell",2026-10-08 02:17:24,2026-10-08 04:11:01,85
ip,85.11.167.105,threatfox,Unknown malware,threatfox,2026-10-08 02:17:24,2026-10-08 04:11:01,85
ip,85.202.161.25,threatfox,AdaptixC2,"threatfox,AdaptixC2,drb-ra",2026-10-08 02:17:24,2026-10-08 04:11:01,85
ip,89.32.41.43,threatfox,Potassium,"threatfox,botnet,ddos,mirai,potassium,woof",2026-10-08 02:17:24,2026-10-08 04:11:01,85
ip,93.152.214.174,threatfox,PureRAT,"threatfox,drb-ra,PureHVNC,PureRAT,RAT",2026-10-08 02:17:24,2026-10-08 04:11:01,85
ip,95.179.183.3,threatfox,pupy,"threatfox,drb-ra,PupyRAT,RAT",2026-10-08 02:17:24,2026-10-08 04:11:01,85
ssl_sha1,001a8f07b150e2b1d6bcb715fd95c20a1e24dac3,sslbl,ConnectWise C&C,"sslbl,2026-10-07",2026-10-08 02:17:24,2026-10-08 17:02:18,88
ssl_sha1,01ab8270fefc7b3582d27bafa2283b049ce624eb,sslbl,OffLoader C&C,"sslbl,2026-10-07",2026-10-08 02:17:24,2026-10-08 17:02:18,88
ssl_sha1,0f7363fdd9210d5cdcc0c7fa60a88b4a582fef18,sslbl,Vidar C&C,"sslbl,2026-10-07",2026-10-08 02:17:24,2026-10-08 17:02:18,88
ssl_sha1,51d76247414a9049df5a415d7f14815346bc92ed,sslbl,ACRStealer C&C,"sslbl,2026-10-07",2026-10-08 02:17:24,2026-10-08 17:02:18,88
ssl_sha1,59478ff95804dce8ca9ac41fab9bee313879a882,sslbl,ACRStealer C&C,"sslbl,2026-10-07",2026-10-08 02:17:24,2026-10-08 17:02:18,88
ssl_sha1,6bfc8dafb875c3e2ae6476df215805eb15298cbb,sslbl,Vidar C&C,"sslbl,2026-10-07",2026-10-08 02:17:24,2026-10-08 17:02:18,88
ssl_sha1,97b346a6656f38507fae979537c0baa86186a2d7,sslbl,OffLoader C&C,"sslbl,2026-10-07",2026-10-08 02:17:24,2026-10-08 17:02:18,88
ssl_sha1,a095f06a7ac8b272c1dd2e14e3b2508f4e4f86e3,sslbl,PureRAT C&C,"sslbl,2026-10-07",2026-10-08 02:17:24,2026-10-08 17:02:18,88
ssl_sha1,a911c93bcdc127abcc602c9ec97da3ecf425b045,sslbl,PureLogsStealer C&C,"sslbl,2026-10-07",2026-10-08 02:17:24,2026-10-08 17:02:18,88
ssl_sha1,d04d7126cb34075240b0bfea2b26b345254b189f,sslbl,ValetiStealer C&C,"sslbl,2026-10-07",2026-10-08 02:17:24,2026-10-08 17:02:18,88
ssl_sha1,e7fdd28d07b292696f1dc9fbca92364ccdcdf174,sslbl,ValetiStealer C&C,"sslbl,2026-10-07",2026-10-08 02:17:24,2026-10-08 17:02:18,88
ssl_sha1,f8bfca2b3881d0e18e08e3f486124236f55235bc,sslbl,PureRAT C&C,"sslbl,2026-10-07",2026-10-08 02:17:24,2026-10-08 17:02:18,88
url,http://101.53.235.246:49553/Mozi.m,threatfox,Mozi,"threatfox,elf,iot,Mozi",2026-10-08 02:17:24,2026-10-08 04:11:01,85
url,http://101.53.255.157:55681/Mozi.m,threatfox,Mozi,"threatfox,elf,iot,Mozi",2026-10-08 02:17:24,2026-10-08 04:11:01,85
url,http://115.55.21.134:49546/Mozi.m,threatfox,Mozi,"threatfox,elf,iot,Mozi",2026-10-08 02:17:24,2026-10-08 04:11:01,85
url,http://14.127.30.150:56804/Mozi.m,threatfox,Mozi,"threatfox,elf,iot,Mozi",2026-10-08 02:17:24,2026-10-08 04:11:01,85
url,http://153.117.40.189:37063/Mozi.m,threatfox,Mozi,"threatfox,elf,iot,Mozi",2026-10-08 02:17:24,2026-10-08 04:11:01,85
url,http://153.117.9.112:47599/Mozi.m,threatfox,Mozi,"threatfox,elf,iot,Mozi",2026-10-08 02:17:24,2026-10-08 04:11:01,85
url,http://160.250.114.90:55744/Mozi.m,threatfox,Mozi,"threatfox,elf,iot,Mozi",2026-10-08 02:17:24,2026-10-08 04:11:01,85
url,http://2.27.160.146/report,threatfox,Unknown malware,threatfox,2026-10-08 02:17:24,2026-10-08 04:11:01,85
url,http://202.70.139.209:55173/Mozi.m,threatfox,Mozi,"threatfox,elf,iot,Mozi",2026-10-08 02:17:24,2026-10-08 04:11:01,85
url,http://39.34.186.208:55595/Mozi.m,threatfox,Mozi,"threatfox,elf,iot,Mozi",2026-10-08 02:17:24,2026-10-08 04:11:01,85
url,http://69.49.229.88:443/MQEw,threatfox,Cobalt Strike,"threatfox,cobaltstrike",2026-10-08 02:17:24,2026-10-08 04:11:01,85
url,http://72.255.32.69:55398/Mozi.m,threatfox,Mozi,"threatfox,elf,iot,Mozi",2026-10-08 02:17:24,2026-10-08 04:11:01,85
url,http://apedlow.help:9932/invoices,threatfox,Remus,"threatfox,remus",2026-10-08 02:17:24,2026-10-08 04:11:01,85
url,http://apedlow.help:9932/messages,threatfox,Remus,"threatfox,remus",2026-10-08 02:17:24,2026-10-08 04:11:01,85
url,http://cfcher.biz:8531/documents,threatfox,Remus,"threatfox,remus",2026-10-08 02:17:24,2026-10-08 04:11:01,85
url,http://cfcher.biz:8531/orders,threatfox,Remus,"threatfox,remus",2026-10-08 02:17:24,2026-10-08 04:11:01,85
url,http://cryonex.sbs:5621/images,threatfox,Remus,"threatfox,remus",2026-10-08 02:17:24,2026-10-08 04:11:01,85
url,http://cryonex.sbs:5621/teams,threatfox,Remus,"threatfox,remus",2026-10-08 02:17:24,2026-10-08 04:11:01,85
url,http://glolsbs.top:5621/teams,threatfox,Remus,"threatfox,remus",2026-10-08 02:17:24,2026-10-08 04:11:01,85
url,http://glolsbs.top:5621/workspaces,threatfox,Remus,"threatfox,remus",2026-10-08 02:17:24,2026-10-08 04:11:01,85
url,http://nexssbs.sbs:9932/files,threatfox,Remus,"threatfox,remus",2026-10-08 02:17:24,2026-10-08 04:11:01,85
url,https://172.233.152.197,threatfox,Vidar,"threatfox,vidar",2026-10-08 02:17:24,2026-10-08 04:11:01,85
url,https://172.236.219.119,threatfox,Vidar,"threatfox,vidar",2026-10-08 02:17:24,2026-10-08 04:11:01,85
url,https://aacarrentals.com/,threatfox,Unknown malware,"threatfox,ClickFix",2026-10-08 02:17:24,2026-10-08 04:11:01,85
url,https://berff3788.com/,threatfox,Unknown Stealer,"threatfox,YapStealer",2026-10-08 02:17:24,2026-10-08 04:11:01,85
url,https://bobilittelpony.com/,threatfox,Unknown Stealer,"threatfox,YapStealer",2026-10-08 02:17:24,2026-10-08 04:11:01,85
url,https://carnelianquay.info/trace/endpoint-view.js,threatfox,SmartApeSG,"threatfox,SmartApeSG",2026-10-08 02:17:24,2026-10-08 04:11:01,85
url,https://carnelianquay.info/trace/proxy-client.js,threatfox,SmartApeSG,"threatfox,SmartApeSG",2026-10-08 02:17:24,2026-10-08 04:11:01,85
url,https://carnelianquay.info/trace/router-sandbox,threatfox,SmartApeSG,"threatfox,SmartApeSG",2026-10-08 02:17:24,2026-10-08 04:11:01,85
url,https://chrisniagara.cc/,threatfox,Unknown Loader,"threatfox,ValetiStealer",2026-10-08 02:17:24,2026-10-08 04:11:01,85
url,https://ciliabula.cc/,threatfox,Unknown Stealer,"threatfox,ValetiStealer",2026-10-08 02:17:24,2026-10-08 04:11:01,85
url,https://culture-shock.club/,threatfox,Unknown Stealer,"threatfox,YapStealer",2026-10-08 02:17:24,2026-10-08 04:11:01,85
url,https://dentre-go.com/,threatfox,Unknown Stealer,"threatfox,YapStealer",2026-10-08 02:17:24,2026-10-08 04:11:01,85
url,https://errakgrwenmjibedi.cc/,threatfox,Unknown Stealer,"threatfox,YapStealer",2026-10-08 02:17:24,2026-10-08 04:11:01,85
url,https://fitnessfreak.id/,threatfox,Unknown malware,"threatfox,ClickFix",2026-10-08 02:17:24,2026-10-08 04:11:01,85
url,https://gy.333vip.org/,threatfox,Vidar,"threatfox,vidar",2026-10-08 02:17:24,2026-10-08 04:11:01,85
url,https://gy.3toto.com/,threatfox,Vidar,"threatfox,vidar",2026-10-08 02:17:24,2026-10-08 04:11:01,85
url,https://hlomidiyaco.com/,threatfox,Unknown Stealer,"threatfox,YapStealer",2026-10-08 02:17:24,2026-10-08 04:11:01,85
url,https://hotelcalifornia.club/,threatfox,Unknown Stealer,"threatfox,YapStealer",2026-10-08 02:17:24,2026-10-08 04:11:01,85
url,https://ilia-from-izhevsk.club/,threatfox,Unknown Stealer,"threatfox,YapStealer",2026-10-08 02:17:24,2026-10-08 04:11:01,85
url,https://john-jones.club/,threatfox,Unknown Stealer,"threatfox,YapStealer",2026-10-08 02:17:24,2026-10-08 04:11:01,85
url,https://kaliop-weda.club/,threatfox,Unknown Stealer,"threatfox,YapStealer",2026-10-08 02:17:24,2026-10-08 04:11:01,85
url,https://lily-philips.club/,threatfox,Unknown Stealer,"threatfox,YapStealer",2026-10-08 02:17:24,2026-10-08 04:11:01,85
url,https://matie-bal.club/,threatfox,Unknown Stealer,"threatfox,YapStealer",2026-10-08 02:17:24,2026-10-08 04:11:01,85
url,https://mediasource22.com/,threatfox,Unknown Stealer,"threatfox,YapStealer",2026-10-08 02:17:24,2026-10-08 04:11:01,85
url,https://pis-doliz.club/,threatfox,Unknown Stealer,"threatfox,YapStealer",2026-10-08 02:17:24,2026-10-08 04:11:01,85
url,https://qwont-support.club/,threatfox,Unknown Stealer,"threatfox,YapStealer",2026-10-08 02:17:24,2026-10-08 04:11:01,85
url,https://redlable2.website/,threatfox,Unknown Stealer,"threatfox,YapStealer",2026-10-08 02:17:24,2026-10-08 04:11:01,85
url,https://rogaldorn2.website/,threatfox,Unknown Stealer,"threatfox,YapStealer",2026-10-08 02:17:24,2026-10-08 04:11:01,85
url,https://rogaldorn3.website/,threatfox,Unknown Stealer,"threatfox,YapStealer",2026-10-08 02:17:24,2026-10-08 04:11:01,85
url,https://seerdfu.com/,threatfox,Unknown Stealer,"threatfox,YapStealer",2026-10-08 02:17:24,2026-10-08 04:11:01,85
url,https://shlyapunabuche.com/,threatfox,Unknown Stealer,"threatfox,YapStealer",2026-10-08 02:17:24,2026-10-08 04:11:01,85
url,https://t.me/bj00tyr,threatfox,Vidar,"threatfox,vidar",2026-10-08 02:17:24,2026-10-08 04:11:01,85
url,https://thymesonnet.co/trace/endpoint-view.js,threatfox,SmartApeSG,"threatfox,SmartApeSG",2026-10-08 02:17:24,2026-10-08 03:16:43,85
url,https://thymesonnet.co/trace/proxy-client.js,threatfox,SmartApeSG,"threatfox,SmartApeSG",2026-10-08 02:17:24,2026-10-08 03:16:43,85
url,https://thymesonnet.co/trace/router-sandbox,threatfox,SmartApeSG,"threatfox,SmartApeSG",2026-10-08 02:17:24,2026-10-08 03:16:43,85
url,https://valetitons.cc/,threatfox,Unknown Stealer,"threatfox,ValetiStealer",2026-10-08 02:17:24,2026-10-08 04:11:01,85
url,https://veliomelio.cc/,threatfox,Unknown Stealer,"threatfox,ValetiStealer",2026-10-08 02:17:24,2026-10-08 04:11:01,85
url,https://vlad-nazarenko2004.club/,threatfox,Unknown Stealer,"threatfox,YapStealer",2026-10-08 02:17:24,2026-10-08 04:11:01,85
url,https://vladfrombarcelona.club/,threatfox,Unknown Stealer,"threatfox,YapStealer",2026-10-08 02:17:24,2026-10-08 04:11:01,85
url,https://vode-aroma.club/,threatfox,Unknown RAT,"threatfox,YapStealer",2026-10-08 02:17:24,2026-10-08 04:11:01,85
url,https://walmagua.cc/,threatfox,Unknown Stealer,"threatfox,ValetiStealer",2026-10-08 02:17:24,2026-10-08 04:11:01,85
url,https://www.jakob-webdesign.de/,threatfox,Unknown malware,"threatfox,ClickFix",2026-10-08 02:17:24,2026-10-08 04:11:01,85
url,https://xs.333vip.org,threatfox,Vidar,"threatfox,vidar",2026-10-08 02:17:24,2026-10-08 04:11:01,85
url,https://xs.333vip.org/,threatfox,Vidar,"threatfox,vidar",2026-10-08 02:17:24,2026-10-08 04:11:01,85
url,https://xs.3toto.com,threatfox,Vidar,"threatfox,b98dd86b169ec45dd28e99dcad12402a,c2,loader,stealer,Vidar",2026-10-08 02:17:24,2026-10-08 04:11:01,85
url,https://xs.3toto.com/,threatfox,Vidar,"threatfox,vidar",2026-10-08 02:17:24,2026-10-08 04:11:01,85
hash_md5,00f6d4dd503ea7c402bdec2a96273634,malwarebazaar,exe,"172-233-152-197,DDR,exe,signed,Vidar",2026-10-08 02:10:27,2026-10-08 04:11:01,85
hash_md5,018bbdd10da13685f667139e6bf3e838,malwarebazaar,Mirai,"elf,Mirai",2026-10-08 02:10:27,2026-10-08 04:11:01,85
hash_md5,0838acd653d54cc6b77ba4de01b215ae,malwarebazaar,Mirai,elf,2026-10-08 02:10:27,2026-10-08 03:16:43,85
hash_md5,0848937c53851a6e4cc112dd4940a156,malwarebazaar,elf,elf,2026-10-08 02:10:27,2026-10-08 04:11:01,85
hash_md5,0c32f73c6db6f317772871f0e0704a4c,malwarebazaar,exe,"exe,signed",2026-10-08 02:10:27,2026-10-08 04:11:01,85
hash_md5,0d30ef63dae06d200e1cfdd643ba908a,malwarebazaar,exe,"B,BB4.file,dropped-by-GCleaner,exe",2026-10-08 02:10:27,2026-10-08 04:11:01,85
hash_md5,102ca9733867a87f60ea7409cb399080,malwarebazaar,exe,"exe,HUN",2026-10-08 02:10:27,2026-10-08 04:11:01,85
hash_md5,10a136d3f00f45395ab8e662ab480d07,malwarebazaar,ps1,ps1,2026-10-08 02:10:27,2026-10-08 03:16:43,85
hash_md5,116cad2bf66115bdd321b04075cdbde1,malwarebazaar,zip,"remus,RemusStealer,stealer,zip",2026-10-08 02:10:27,2026-10-08 04:11:01,85
hash_md5,1683c6e67f6b9ccb4a7a845d7052a455,malwarebazaar,Mirai,"elf,Mirai",2026-10-08 02:10:27,2026-10-08 04:11:01,85
hash_md5,18159a377f89efd15c0a9d436027ed35,malwarebazaar,VShell,"exe,VShell",2026-10-08 02:10:27,2026-10-08 04:11:01,85
hash_md5,193bfa7056a15ae4508e9fa5ac8f105b,malwarebazaar,sh,"sh,wraith",2026-10-08 02:10:27,2026-10-08 04:11:01,85
hash_md5,199b89585a969726373f2188d1ab7da2,malwarebazaar,Mirai,"elf,Mirai",2026-10-08 02:10:27,2026-10-08 03:16:43,85
hash_md5,1d650293f70d0cd741a3e7104b5b0e1a,malwarebazaar,Mirai,"elf,Mirai",2026-10-08 02:10:27,2026-10-08 04:11:01,85
hash_md5,1e2f407b3694e4f852355cb134e37084,malwarebazaar,exe,exe,2026-10-08 02:10:27,2026-10-08 04:11:01,85
hash_md5,1f0d256884edc28e9e5fd6b7ce2a10b9,malwarebazaar,Mirai,"elf,Mirai",2026-10-08 02:10:27,2026-10-08 04:11:01,85
hash_md5,22fb6a673f56a254039c4f0db0ae147f,malwarebazaar,Mirai,"elf,Mirai",2026-10-08 02:10:27,2026-10-08 04:11:01,85
hash_md5,235eed6080b09debcdf28fc012892a9b,malwarebazaar,Mirai,"elf,Mirai",2026-10-08 02:10:27,2026-10-08 04:11:01,85
hash_md5,29fc322ceb5f47f5596018e502a3f619,malwarebazaar,exe,"B,dropped-by-GCleaner,exe,MIX5.file",2026-10-08 02:10:27,2026-10-08 04:11:01,85
hash_md5,2af74047137faab4a7b0c07b8706bf3d,malwarebazaar,Mirai,elf,2026-10-08 02:10:27,2026-10-08 03:16:43,85
hash_md5,2cef710a5c1c61c76cdc25d395f2415f,malwarebazaar,exe,"dropped-by-GCleaner,exe,G,signed,US0.file",2026-10-08 02:10:27,2026-10-08 04:11:01,85
hash_md5,2ef6f83e38f66810104568442ff3ed8b,malwarebazaar,exe,"DefenderTamper,Dropper,exe,KillAV,trojan",2026-10-08 02:10:27,2026-10-08 04:11:01,85
hash_md5,32443bde657470b3fc481c3c1a2fc881,malwarebazaar,Mirai,"elf,Mirai",2026-10-08 02:10:27,2026-10-08 04:11:01,85
hash_md5,344d897bee71ce10fafa8fc5d8ab4f5e,malwarebazaar,sh,sh,2026-10-08 02:10:27,2026-10-08 04:11:01,85
hash_md5,34bc9051e4b096fea877e241511e1448,malwarebazaar,exe,exe,2026-10-08 02:10:27,2026-10-08 04:11:01,85
hash_md5,3baeb9e19bbec54c7edb1cfa61d6a825,malwarebazaar,Mirai,Mirai,2026-10-08 02:10:27,2026-10-08 04:11:01,85
hash_md5,3fb22635465e9adb0c86ef00890e4fda,malwarebazaar,Mirai,"elf,Mirai",2026-10-08 02:10:27,2026-10-08 04:11:01,85
hash_md5,404325eb5c8ba507b682e6938cece066,malwarebazaar,Mirai,"elf,Gafgyt,Mirai",2026-10-08 02:10:27,2026-10-08 04:11:01,85
hash_md5,4393bf2ae69dd24ac1ecd40ad5d60df2,malwarebazaar,Mirai,"elf,Mirai",2026-10-08 02:10:27,2026-10-08 04:11:01,85
hash_md5,44e9daf90837e9f25c16a7b388ba967b,malwarebazaar,Mirai,"elf,Gafgyt,Mirai",2026-10-08 02:10:27,2026-10-08 04:11:01,85
hash_md5,45317ff0ebfb7c0f376b2676c81c57b4,malwarebazaar,Mirai,"elf,Gafgyt,Mirai",2026-10-08 02:10:27,2026-10-08 04:11:01,85
hash_md5,46e89b5d5733bc5ff903e014c3c4d728,malwarebazaar,exe,"54e64e,dropped-by-Amadey,exe",2026-10-08 02:10:27,2026-10-08 04:11:01,85
hash_md5,4940dbe39bdee217579c5e4247d3528f,malwarebazaar,Mirai,"elf,Gafgyt,Mirai",2026-10-08 02:10:27,2026-10-08 04:11:01,85
hash_md5,5342289731d87c0ea5847f658f716b6c,malwarebazaar,Mirai,"elf,Mirai",2026-10-08 02:10:27,2026-10-08 04:11:01,85
hash_md5,5344555424c45d2a7ea565ba9cf8af3d,malwarebazaar,elf,"elf,wraith",2026-10-08 02:10:27,2026-10-08 04:11:01,85
hash_md5,540016ad85e7f2b08b79ee5951d60b4b,malwarebazaar,Mirai,"elf,Mirai",2026-10-08 02:10:27,2026-10-08 04:11:01,85
hash_md5,57be196e93428926d63f759ab61c1eb3,malwarebazaar,zip,zip,2026-10-08 02:10:27,2026-10-08 04:11:01,85
hash_md5,5f63c30a58ad7551f0cb8988589d10b4,malwarebazaar,Mirai,"elf,Mirai",2026-10-08 02:10:27,2026-10-08 04:11:01,85
hash_md5,5fa8253c43ce4b76edc6252ed4b49fec,malwarebazaar,Mirai,"elf,Mirai",2026-10-08 02:10:27,2026-10-08 04:11:01,85
hash_md5,621deee1b9d1a52a16cbf1e904da0938,malwarebazaar,Mirai,"elf,Mirai",2026-10-08 02:10:27,2026-10-08 04:11:01,85
hash_md5,66711d4df7af78c6df06f61166f316ba,malwarebazaar,Mirai,"elf,Mirai",2026-10-08 02:10:27,2026-10-08 04:11:01,85
hash_md5,71797e13c152a817a3b8a5b8054d7569,malwarebazaar,Mirai,"elf,Mirai",2026-10-08 02:10:27,2026-10-08 04:11:01,85
hash_md5,76d096206f9fc7acd8399789e603bf1c,malwarebazaar,ValleyRAT,"dll,RAT,ValleyRAT",2026-10-08 02:10:27,2026-10-08 04:11:01,85
hash_md5,842f69c1f2bc009571d4e7565afaaf09,malwarebazaar,Mirai,"elf,Gafgyt,Mirai",2026-10-08 02:10:27,2026-10-08 04:11:01,85
hash_md5,85bbc628ccb0e66190e9553f3814aa65,malwarebazaar,elf,elf,2026-10-08 02:10:27,2026-10-08 04:11:01,85
hash_md5,8aeae30dfda9cb4528f16c1d87439ded,malwarebazaar,Mirai,"elf,Mirai",2026-10-08 02:10:27,2026-10-08 04:11:01,85
hash_md5,8de741b339cbabdb2fe99d9958bd2d2b,malwarebazaar,Mirai,"elf,Mirai",2026-10-08 02:10:27,2026-10-08 04:11:01,85
hash_md5,8e9e6b6f5644dcd1b2aec422e7dc6b4a,malwarebazaar,rar,rar,2026-10-08 02:10:27,2026-10-08 04:11:01,85
hash_md5,96abd4f176fd955db0e6d7d3d164b699,malwarebazaar,elf,elf,2026-10-08 02:10:27,2026-10-08 04:11:01,85
hash_md5,971edfe38b0c4b5a763f56a93ef91788,malwarebazaar,Mirai,"elf,Mirai,upx-dec",2026-10-08 02:10:27,2026-10-08 03:16:43,85
hash_md5,9766a65884177f26090aeca0a6247865,malwarebazaar,msi,"astaroth,banker,contabilidadeacportela-net,controedatoerpestanavidroslat-com,guildma,hggdconfeccoesgruponacional-click,msi,saladeouroriopreto-shop,signed",2026-10-08 02:10:27,2026-10-08 04:11:01,85
hash_md5,98eac7a7c6c69dd1e519b696632f7598,malwarebazaar,Mirai,"elf,Gafgyt,Mirai",2026-10-08 02:10:27,2026-10-08 04:11:01,85
hash_md5,9dd27e5c6c9bcdbe4d61d37ea03f902e,malwarebazaar,Mirai,"elf,Mirai,upx-dec",2026-10-08 02:10:27,2026-10-08 04:11:01,85
hash_md5,9f74b026f26436f7590d1ceac3f2b93a,malwarebazaar,Mirai,"elf,Mirai",2026-10-08 02:10:27,2026-10-08 04:11:01,85
hash_md5,a3bb2c8db10dba1b77e733f6c123f837,malwarebazaar,msi,"msi,signed",2026-10-08 02:10:27,2026-10-08 04:11:01,85
hash_md5,a4ab8767fc891a314576ae5469989bd3,malwarebazaar,elf,elf,2026-10-08 02:10:27,2026-10-08 04:11:01,85
hash_md5,a846eaca11314976ca4f61f6fb0ddb57,malwarebazaar,elf,elf,2026-10-08 02:10:27,2026-10-08 04:11:01,85
hash_md5,a89c776eac74d10d5d4efea2702fe43f,malwarebazaar,Mirai,"elf,Mirai",2026-10-08 02:10:27,2026-10-08 04:11:01,85
hash_md5,aa24497476b2f2ccad19a217e6829c53,malwarebazaar,exe,"C,dropped-by-GCleaner,exe,logger.file",2026-10-08 02:10:27,2026-10-08 04:11:01,85
hash_md5,aa5d68b55600b59ca4d757cdf51c8608,malwarebazaar,Mirai,"cowrie,elf,honeypot,Mirai",2026-10-08 02:10:27,2026-10-08 04:11:01,85
hash_md5,aaa4a4fc52c011f0fe9b9d9fac032c38,malwarebazaar,Mirai,"elf,Mirai",2026-10-08 02:10:27,2026-10-08 04:11:01,85
hash_md5,aee95714ed27ffa4a1fa643b7420d5d7,malwarebazaar,Mirai,"elf,Mirai",2026-10-08 02:10:27,2026-10-08 04:11:01,85
hash_md5,aeffcf4b3357639108b29ac294cd0e1a,malwarebazaar,Mirai,"elf,Gafgyt,Mirai",2026-10-08 02:10:27,2026-10-08 04:11:01,85
hash_md5,af0efd05e35fc158cd00104edb6a0bc1,malwarebazaar,Mirai,Mirai,2026-10-08 02:10:27,2026-10-08 04:11:01,85
hash_md5,af14c4c5d5429f3d825132d347bdc926,malwarebazaar,Mirai,"elf,Gafgyt,Mirai",2026-10-08 02:10:27,2026-10-08 04:11:01,85
hash_md5,b13a1771c4f0765eda42ccdc00b2a625,malwarebazaar,Mirai,"elf,Mirai",2026-10-08 02:10:27,2026-10-08 04:11:01,85
hash_md5,b1fd3dc435a78a730894fef17952b2b7,malwarebazaar,macho,"ClickFix,Foxveil,loader,Mach-O,macho,macOS",2026-10-08 02:10:27,2026-10-08 04:11:01,85
hash_md5,b2fca7939dfce6bb5a1819097fe59f4b,malwarebazaar,elf,elf,2026-10-08 02:10:27,2026-10-08 04:11:01,85
hash_md5,b4ff13278ffb500f4b44bbbb1dd58ffe,malwarebazaar,Mirai,elf,2026-10-08 02:10:27,2026-10-08 04:11:01,85
hash_md5,b79653ebd664b56e3cd7ad639294b4a3,malwarebazaar,Mirai,"elf,Mirai",2026-10-08 02:10:27,2026-10-08 04:11:01,85
hash_md5,bdfb8b684274cc085065407ae0f09227,malwarebazaar,exe,exe,2026-10-08 02:10:27,2026-10-08 04:11:01,85
hash_md5,c1bb0c1317240987b03a5e73e16ce086,malwarebazaar,Mirai,"elf,Mirai,upx",2026-10-08 02:10:27,2026-10-08 04:11:01,85
hash_md5,c5b0904d5ad3b69f230dc2285e78084c,malwarebazaar,Mirai,"elf,Mirai",2026-10-08 02:10:27,2026-10-08 04:11:01,85
hash_md5,c6605b10e70401c9a201414ee98b65f9,malwarebazaar,Mirai,"elf,Mirai",2026-10-08 02:10:27,2026-10-08 03:16:43,85
hash_md5,c6922952a0d993a375874c17b16a6cd2,malwarebazaar,Mirai,"elf,Mirai,upx-dec",2026-10-08 02:10:27,2026-10-08 04:11:01,85
hash_md5,c8b7ab9b81a263881c503804bdc2021c,malwarebazaar,Mirai,elf,2026-10-08 02:10:27,2026-10-08 04:11:01,85
hash_md5,cd9bcf922425bb56b128e37aad73cb8b,malwarebazaar,Mirai,"elf,Mirai,upx-dec",2026-10-08 02:10:27,2026-10-08 04:11:01,85
hash_md5,ce3f21a8a06031f66755dc23dc5fb2f7,malwarebazaar,RemcosRAT,"bat,RemcosRAT",2026-10-08 02:10:27,2026-10-08 04:11:01,85
hash_md5,cf440850df123311c07131468c9c382f,malwarebazaar,vbs,"banker,contabilidadeacportela-net,controedatoerpestanavidroslat-com,downloader,hggdconfeccoesgruponacional-click,saladeouroriopreto-shop,vbs",2026-10-08 02:10:27,2026-10-08 04:11:01,85
hash_md5,cff92fc9d5ae444829ca90a616f3c983,malwarebazaar,Mirai,"elf,Mirai",2026-10-08 02:10:27,2026-10-08 04:11:01,85
hash_md5,d0873b87cff54a9ffcc97c4628533fbd,malwarebazaar,elf,elf,2026-10-08 02:10:27,2026-10-08 03:16:43,85
hash_md5,d57e2ab1e93a3c4f49fabb96472bbd7a,malwarebazaar,Mirai,"elf,Mirai",2026-10-08 02:10:27,2026-10-08 04:11:01,85
hash_md5,de1bbbf4e1794f47041181238390addf,malwarebazaar,Mirai,"elf,upx",2026-10-08 02:10:27,2026-10-08 04:11:01,85
hash_md5,de31509881c8104305b7517fd66c40a1,malwarebazaar,Mirai,"elf,Mirai",2026-10-08 02:10:27,2026-10-08 04:11:01,85
hash_md5,df3a53646508997ed98a15ae1c2c87a6,malwarebazaar,Mirai,"elf,Mirai",2026-10-08 02:10:27,2026-10-08 04:11:01,85
hash_md5,e3c43e72abeb73a08980812e149e2494,malwarebazaar,zip,"au3,banker,contabilidadeacportela-net,controedatoerpestanavidroslat.com,hggdconfeccoesgruponacional-click,saladeouroriopreto-shop,zip",2026-10-08 02:10:27,2026-10-08 04:11:01,85
hash_md5,e6035add513a58ba3cef324d0ebfb403,malwarebazaar,zip,"astaroth,banker,contabilidadeacportela-net,controedatoerpestanavidroslat-com,guildma,hggdconfeccoesgruponacional-click,saladeouroriopreto-shop,zip",2026-10-08 02:10:27,2026-10-08 04:11:01,85
hash_md5,e7614f2187738a9838afbe697e83e9ca,malwarebazaar,Mirai,"elf,Mirai",2026-10-08 02:10:27,2026-10-08 04:11:01,85
hash_md5,e866fcde579ea912933150bdfab3b64b,malwarebazaar,Mirai,elf,2026-10-08 02:10:27,2026-10-08 03:16:43,85
hash_md5,e8cad831dfe7fe15aacef6bc1e9497dc,malwarebazaar,Mirai,"elf,upx",2026-10-08 02:10:27,2026-10-08 03:16:43,85
hash_md5,e8d2983d35e3fece46e9298d341e824c,malwarebazaar,exe,"BypassUAC,exe,injector,loader,trojan,UACbypass",2026-10-08 02:10:27,2026-10-08 04:11:01,85
hash_md5,ea0310f5ac1eba9b30510acef6596625,malwarebazaar,Mirai,"elf,Mirai",2026-10-08 02:10:27,2026-10-08 04:11:01,85
hash_md5,eb2ff68f56a18098c2a6486195ce6407,malwarebazaar,elf,elf,2026-10-08 02:10:27,2026-10-08 04:11:01,85
hash_md5,eda6f08155d2299772d9730ea6f9aef6,malwarebazaar,exe,"exe,signed,stealer,vidar",2026-10-08 02:10:27,2026-10-08 04:11:01,85
hash_md5,ee1a5cf48b6bdc5f9fd10e585ba47aa3,malwarebazaar,Mirai,"elf,Mirai",2026-10-08 02:10:27,2026-10-08 04:11:01,85
hash_md5,f0a55f7f047705ae869933bc01d5b0da,malwarebazaar,Mirai,"elf,Mirai",2026-10-08 02:10:27,2026-10-08 04:11:01,85
hash_md5,f3b4fc5d2352c83ac1409e25f15eb665,malwarebazaar,Mirai,elf,2026-10-08 02:10:27,2026-10-08 03:16:43,85
hash_md5,f489d73fcb0c91625b5509fbaf7d4d16,malwarebazaar,Mirai,"elf,upx",2026-10-08 02:10:27,2026-10-08 04:11:01,85
hash_md5,f6be865e6aef9a8fab91797bff3c6676,malwarebazaar,elf,elf,2026-10-08 02:10:27,2026-10-08 04:11:01,85
hash_md5,f915468572db3de220f5ebeea7e69d5e,malwarebazaar,Mirai,"elf,Gafgyt,Mirai",2026-10-08 02:10:27,2026-10-08 04:11:01,85
hash_md5,f9ce091a6876e438f2a2e7e7e8b6d6f7,malwarebazaar,sh,"cowrie,downloader,honeypot,sh",2026-10-08 02:10:27,2026-10-08 04:11:01,85
hash_md5,fa8e180882f6a9e1b3f841b6dd3c3aa6,malwarebazaar,exe,"54e64e,dropped-by-Amadey,exe",2026-10-08 02:10:27,2026-10-08 04:11:01,85
hash_md5,fcc9318676aa10126e495c6b5ad76bef,malwarebazaar,elf,elf,2026-10-08 02:10:27,2026-10-08 04:11:01,85
hash_md5,fcec719c96d85c6fd052f9923eb783f7,malwarebazaar,elf,elf,2026-10-08 02:10:27,2026-10-08 04:11:01,85
hash_md5,fd03720a56866b3b1aa255c4aa7f6ca1,malwarebazaar,Mirai,"elf,Mirai",2026-10-08 02:10:27,2026-10-08 04:11:01,85
hash_md5,ff0bd2e547353f982998173be1e3cf43,malwarebazaar,bat,bat,2026-10-08 02:10:27,2026-10-08 03:16:43,85
hash_md5,ffe7dd92ffa6b7701fdcb16c1b9cb358,malwarebazaar,elf,elf,2026-10-08 02:10:27,2026-10-08 04:11:01,85
hash_sha256,041afc79b725ec4e3bd74a687eb96ff65487255a9556cc6b5973cc4f676524c8,malwarebazaar,Mirai,"elf,Gafgyt,Mirai",2026-10-08 02:10:27,2026-10-08 04:11:01,85
hash_sha256,053f3268d31bd5ed129e6f0f5380a29fd90301caa1b7aff47015060097b5093e,malwarebazaar,Mirai,"elf,Mirai",2026-10-08 02:10:27,2026-10-08 04:11:01,85
hash_sha256,08233336f9eb09a8cfdcb3789291656eedc6633f664c96a88f4d4f17ffea96b0,malwarebazaar,Mirai,"elf,upx",2026-10-08 02:10:27,2026-10-08 04:11:01,85
hash_sha256,09e877f618b21a60f6f5fa19c3b40a37864ca0ce0a9c9fd30590866e6f1fe592,malwarebazaar,Mirai,"elf,Mirai",2026-10-08 02:10:27,2026-10-08 04:11:01,85
hash_sha256,0a2d67c0390cb31ce23d132d1e96c20385ae61d482c1627669ae3d9b7a7e77c4,malwarebazaar,Mirai,"cowrie,elf,honeypot,Mirai",2026-10-08 02:10:27,2026-10-08 04:11:01,85
hash_sha256,0bfabbd22e5fd6175f5701ebcb2c54aad28e5bb1106a0d98ee2a7dc1cc39bda1,malwarebazaar,Mirai,"elf,Mirai",2026-10-08 02:10:27,2026-10-08 04:11:01,85
hash_sha256,0bff11bb3bf1c34493d7185fc47b738d302d63a1b740d751de2eabfc1bc173c7,malwarebazaar,exe,"dropped-by-GCleaner,exe,G,signed,US0.file",2026-10-08 02:10:27,2026-10-08 04:11:01,85
hash_sha256,124cae6f4b5b82d325519441c3f1ac7510ef9873944e200f512b67d7b749ecbd,malwarebazaar,Mirai,"elf,Mirai,upx-dec",2026-10-08 02:10:27,2026-10-08 04:11:01,85
hash_sha256,133401d9a9f9c8036f0fa21d2fc221089e24830eb772f2761d7b4e8de691e94f,malwarebazaar,elf,elf,2026-10-08 02:10:27,2026-10-08 04:11:01,85
hash_sha256,143bf4866461a98e05b0b0ea3d68dcbf070bf98f65e8627890d070591bb4b41f,malwarebazaar,zip,"astaroth,banker,contabilidadeacportela-net,controedatoerpestanavidroslat-com,guildma,hggdconfeccoesgruponacional-click,saladeouroriopreto-shop,zip",2026-10-08 02:10:27,2026-10-08 04:11:01,85
hash_sha256,16ec20524b6f67ea90246f475c150a6093c3d36c85eebfcf4adb87ebf8c79ae0,malwarebazaar,Mirai,elf,2026-10-08 02:10:27,2026-10-08 03:16:43,85
hash_sha256,17fcb5d7d251b9684177a28843a4aaaee86539469ad20de3deb2063ee18ed63a,malwarebazaar,Mirai,"elf,Mirai",2026-10-08 02:10:27,2026-10-08 04:11:01,85
hash_sha256,189316f75c03ac1f4abf2b5c2a512304ff0235629bdc9425a3ce600a5080dcc2,malwarebazaar,Mirai,"elf,Mirai",2026-10-08 02:10:27,2026-10-08 04:11:01,85
hash_sha256,19020ad7219fcce16a8735bd0266d00fb4bb4294051e8fc31db51bc2b87b9582,malwarebazaar,Mirai,elf,2026-10-08 02:10:27,2026-10-08 04:11:01,85
hash_sha256,199694033b66e4b868e19e1b17c10e7e402ffb58bf3c989e91ff45e6d65c7956,malwarebazaar,macho,"ClickFix,Foxveil,loader,Mach-O,macho,macOS",2026-10-08 02:10:27,2026-10-08 04:11:01,85
hash_sha256,1e76392a5f25bd9700b38d164be21c42946d3ef5a6bdc906093d9ebf9da6574b,malwarebazaar,Mirai,"elf,Gafgyt,Mirai",2026-10-08 02:10:27,2026-10-08 04:11:01,85
hash_sha256,216085bb958481f78f68aaf55092a3768cff4572c258770f8b2282d260f482f5,malwarebazaar,zip,zip,2026-10-08 02:10:27,2026-10-08 04:11:01,85
hash_sha256,25f7148ab7b1fcffaf0ba1ef6bce03b2342ed70089a6b7e582a88824c37ece3a,malwarebazaar,elf,elf,2026-10-08 02:10:27,2026-10-08 04:11:01,85
hash_sha256,272bc2b6085fb18f7c0ed518ea6612953cd6069079fdda15bd2d99b7e5b53e1f,malwarebazaar,exe,"54e64e,dropped-by-Amadey,exe",2026-10-08 02:10:27,2026-10-08 04:11:01,85
hash_sha256,2782f0971bbab49699fb228e8c68b71b116f508b14ec5eb2e5774653e152c2ba,malwarebazaar,Mirai,Mirai,2026-10-08 02:10:27,2026-10-08 04:11:01,85
hash_sha256,27e1594334eabcf7d927fb444dabc1f4221a36a8faf13b741ac65a9b1a23c87b,malwarebazaar,msi,"msi,signed",2026-10-08 02:10:27,2026-10-08 04:11:01,85
hash_sha256,29e3f2a292415734a8894ade8ca70faf7c5b0656419d80144444e2bc17e90aa8,malwarebazaar,elf,elf,2026-10-08 02:10:27,2026-10-08 04:11:01,85
hash_sha256,2c9cee1590813b8223d232761c8689ef0623a7d5ae442b3f0c89c76abc10755a,malwarebazaar,VShell,"exe,VShell",2026-10-08 02:10:27,2026-10-08 04:11:01,85
hash_sha256,311d843746a0c17469003556ee0fcce655f97ff20a304a3d6cf2c800dae44e50,malwarebazaar,Mirai,"elf,Mirai",2026-10-08 02:10:27,2026-10-08 04:11:01,85
hash_sha256,39060de52929785f443861a57ba4da1ec96b67197c422922370a255c1c922561,malwarebazaar,sh,"cowrie,downloader,honeypot,sh",2026-10-08 02:10:27,2026-10-08 04:11:01,85
hash_sha256,392fd86ec64692ddcd12789d81361826ba9f0e9d0407f350971f5bc1f5d55bbf,malwarebazaar,Mirai,elf,2026-10-08 02:10:27,2026-10-08 04:11:01,85
hash_sha256,39dfdb56774cebd9bfa8037cd0c30089be568b93e309849702b860572199439b,malwarebazaar,Mirai,elf,2026-10-08 02:10:27,2026-10-08 03:16:43,85
hash_sha256,3f3bc81a58ab52c7d0915ab14d15b8c5fca96669dd41e0036def006ae6789f75,malwarebazaar,Mirai,"elf,upx",2026-10-08 02:10:27,2026-10-08 03:16:43,85
hash_sha256,465356f33b322c3f0aa694c8db805ee97ae1f278191e215468f9c10ec5a60ae1,malwarebazaar,Mirai,"elf,Gafgyt,Mirai",2026-10-08 02:10:27,2026-10-08 04:11:01,85
hash_sha256,4715c0f8a834793e89c0be07ff44ddb11fe93aab5e098eddc30cec8b76c5865b,malwarebazaar,Mirai,"elf,Mirai,upx-dec",2026-10-08 02:10:27,2026-10-08 04:11:01,85
hash_sha256,4a249b9250d5b448702ff2cb127cd9424aed9c0234a182af30385189d667f78a,malwarebazaar,vbs,"banker,contabilidadeacportela-net,controedatoerpestanavidroslat-com,downloader,hggdconfeccoesgruponacional-click,saladeouroriopreto-shop,vbs",2026-10-08 02:10:27,2026-10-08 04:11:01,85
hash_sha256,4ad8a7d5968ebe4389cbeb66d84d51d0f90ffa55b21e6e073d574102dfa2fd65,malwarebazaar,exe,exe,2026-10-08 02:10:27,2026-10-08 04:11:01,85
hash_sha256,4aff30bdeee80b3d8c5357048f6a9c92f216a079569d11db9aacfc7f1e02fc9b,malwarebazaar,zip,"remus,RemusStealer,stealer,zip",2026-10-08 02:10:27,2026-10-08 04:11:01,85
hash_sha256,4b8ff07916069c2e4249264e3f328ff20bba73f853058603797d514658c6cbf6,malwarebazaar,ValleyRAT,"dll,RAT,ValleyRAT",2026-10-08 02:10:27,2026-10-08 04:11:01,85
hash_sha256,4c9f10d15948a46a365ba85af1b32a71ed563a59b0750639062ad55037dcf35b,malwarebazaar,Mirai,"elf,Mirai",2026-10-08 02:10:27,2026-10-08 04:11:01,85
hash_sha256,4ced361370693fb55e30274ac0eee6591d19e5cf66e2bf0c72fe8ee02ceea562,malwarebazaar,Mirai,"elf,Mirai",2026-10-08 02:10:27,2026-10-08 04:11:01,85
hash_sha256,4d558807c5925f9fc31f03eb62c73a80bd521aedfd37b11b739bf42af3b45381,malwarebazaar,elf,elf,2026-10-08 02:10:27,2026-10-08 03:16:43,85
hash_sha256,4dcfaccade6044355f8b933ad74c97085497d7e34762e5eab473dd2b5804b486,malwarebazaar,Mirai,"elf,Mirai",2026-10-08 02:10:27,2026-10-08 04:11:01,85
hash_sha256,5015ec59389553a611aa43b8adbdbfa51b8e7e51d1afcb3193716714b131d183,malwarebazaar,elf,"elf,wraith",2026-10-08 02:10:27,2026-10-08 04:11:01,85
hash_sha256,51606ca65eddff6f38eb30a1ffa142b535158686f07eafa83c6f3bf2876221f1,malwarebazaar,Mirai,"elf,Mirai",2026-10-08 02:10:27,2026-10-08 04:11:01,85
hash_sha256,52ac6da98c763673e7c2ffa13a1f893325fd33c7179f9ac06b7a7de54b2be002,malwarebazaar,exe,"DefenderTamper,Dropper,exe,KillAV,trojan",2026-10-08 02:10:27,2026-10-08 04:11:01,85
hash_sha256,55e5ac325edb3954cb7978787e714787960d7dba711885b9ab0fec18251b1e51,malwarebazaar,Mirai,"elf,Mirai,upx-dec",2026-10-08 02:10:27,2026-10-08 03:16:43,85
hash_sha256,55f6de939b79db6602bf537d40e49930daf51a1fec475dd786c8ba9e1329b324,malwarebazaar,Mirai,"elf,Mirai",2026-10-08 02:10:27,2026-10-08 03:16:43,85
hash_sha256,58a017f40583556918cf57b15adbc15d51382e00de4e04e5d14ed7a7811c5f05,malwarebazaar,exe,"exe,signed,stealer,vidar",2026-10-08 02:10:27,2026-10-08 04:11:01,85
hash_sha256,5bd9aaf585cff1c00374f5855fa16b0ba4968203210ad520660eec3bafb34784,malwarebazaar,Mirai,"elf,Mirai,upx-dec",2026-10-08 02:10:27,2026-10-08 04:11:01,85
hash_sha256,60076e1ebbdb39221570daee27295e452e0a93b548ad105497d2fa15ca554b8a,malwarebazaar,sh,"sh,wraith",2026-10-08 02:10:27,2026-10-08 04:11:01,85
hash_sha256,6336b1a886d5b84480eade15f0c9b9fb510fe0f02a8501b5ab08229075985086,malwarebazaar,exe,"B,dropped-by-GCleaner,exe,MIX5.file",2026-10-08 02:10:27,2026-10-08 04:11:01,85
hash_sha256,694379dcffba0c6af665361a3accf113f8c879fffacd5532301f550e0bfd9600,malwarebazaar,exe,"54e64e,dropped-by-Amadey,exe",2026-10-08 02:10:27,2026-10-08 04:11:01,85
hash_sha256,6e8d836bdaed7b0914e5bba0c925c60f794b5ad780997892e5839d72e8dbf4b0,malwarebazaar,exe,exe,2026-10-08 02:10:27,2026-10-08 04:11:01,85
hash_sha256,7050da3bd5b59468f4ab8457cf5f11b1cd5f556e54e2e0b1d5b1556088b949d8,malwarebazaar,Mirai,"elf,Mirai",2026-10-08 02:10:27,2026-10-08 04:11:01,85
hash_sha256,76f091251ac6557420e211729dd1c070149ed6e3a0bab0bef0e81b995705b2bb,malwarebazaar,exe,"BypassUAC,exe,injector,loader,trojan,UACbypass",2026-10-08 02:10:27,2026-10-08 04:11:01,85
hash_sha256,77d2fc48b9f21ea2a65a90f07f9544343e47d08edbeafe17c306c9cc143fda80,malwarebazaar,elf,elf,2026-10-08 02:10:27,2026-10-08 04:11:01,85
hash_sha256,79374890314b4d74a2093200bd952229c2b4eba010b083f32e4097dd1487bf00,malwarebazaar,sh,sh,2026-10-08 02:10:27,2026-10-08 04:11:01,85
hash_sha256,7a0efc7fd55dd9e665342b788b092f5660597ba1e3526f1bec3be14399a06e53,malwarebazaar,Mirai,"elf,Mirai",2026-10-08 02:10:27,2026-10-08 04:11:01,85
hash_sha256,7c0eca069425de62a1e39073e62206e8c7b2082aa6163daea602c16c869f3846,malwarebazaar,rar,rar,2026-10-08 02:10:27,2026-10-08 04:11:01,85
hash_sha256,7ec4e71a172d211208be0bc17434f0812a49d74674f406a1666c46a984757a93,malwarebazaar,Mirai,"elf,Gafgyt,Mirai",2026-10-08 02:10:27,2026-10-08 04:11:01,85
hash_sha256,7f20d4142b4b4d7b1664fe1c30def83ee5bac0eadbb24abf2b83136dabcee321,malwarebazaar,exe,"exe,signed",2026-10-08 02:10:27,2026-10-08 04:11:01,85
hash_sha256,871313d5587ad78426255e619f598f90044cf15909b6b4fcdb1cdc6962f57e6b,malwarebazaar,Mirai,"elf,Mirai",2026-10-08 02:10:27,2026-10-08 04:11:01,85
hash_sha256,893b3638dccebe9c646d2301632ba5210f41b777dffd69e6b6e41bcf400d7e3c,malwarebazaar,Mirai,"elf,Mirai",2026-10-08 02:10:27,2026-10-08 04:11:01,85
hash_sha256,8b0b07aa426d0a1a2ce43412cd65d3541cda9ca38d2d8ba2ee6be09033f717da,malwarebazaar,Mirai,Mirai,2026-10-08 02:10:27,2026-10-08 04:11:01,85
hash_sha256,8c1fbd2ce69d88d5ac8b577538d0a0b5a715f9f332a082e95e6cf1d0d69dbb95,malwarebazaar,Mirai,"elf,Mirai,upx",2026-10-08 02:10:27,2026-10-08 04:11:01,85
hash_sha256,9080cd485a8b94742cce721c63ffd0266ee9b3684e48165db8b6b12e0d181760,malwarebazaar,Mirai,"elf,Gafgyt,Mirai",2026-10-08 02:10:27,2026-10-08 04:11:01,85
hash_sha256,9d461e0f96d7b521771a255886552d1ec7f44193581de3f36e1c64c9b97ab5b4,malwarebazaar,elf,elf,2026-10-08 02:10:27,2026-10-08 04:11:01,85
hash_sha256,9d984c4c21b2c708cc1df1d8ad8687472390ba6c08c4ff95dbc63facc9dcef7a,malwarebazaar,Mirai,"elf,Mirai",2026-10-08 02:10:27,2026-10-08 04:11:01,85
hash_sha256,9fac6abd1c35da9e68fb4f00f33de82306adf96093ea806f3c42d4a153e39c9e,malwarebazaar,Mirai,"elf,Mirai",2026-10-08 02:10:27,2026-10-08 04:11:01,85
hash_sha256,a0870e2e08b510fe1cdee16809d0739e8e874be403a32966af3104cd72d01aa9,malwarebazaar,exe,"C,dropped-by-GCleaner,exe,logger.file",2026-10-08 02:10:27,2026-10-08 04:11:01,85
hash_sha256,a20fd13bc48d9d092746ca0ae0493a7b4280ac81e7eb6731151761ac8cc91dba,malwarebazaar,elf,elf,2026-10-08 02:10:27,2026-10-08 04:11:01,85
hash_sha256,a527b6aee124dba9df0ece29610bc141bf532075189e0d62a7e26f343844f867,malwarebazaar,Mirai,"elf,Gafgyt,Mirai",2026-10-08 02:10:27,2026-10-08 04:11:01,85
hash_sha256,ad4e18765c30d633729411f72d3343a6e4cb1243eca3658025119eb2885820f0,malwarebazaar,Mirai,"elf,Mirai",2026-10-08 02:10:27,2026-10-08 04:11:01,85
hash_sha256,ad81d460e0a27345ec4baa1acdb2f96b0ac29bc4f73fc1864e1d6ab6dfc1c0f7,malwarebazaar,exe,exe,2026-10-08 02:10:27,2026-10-08 04:11:01,85
hash_sha256,b52d4be35e89e3699653895a49c56d1f55a5e656ebde471573158010a589f750,malwarebazaar,Mirai,"elf,upx",2026-10-08 02:10:27,2026-10-08 04:11:01,85
hash_sha256,b797c7ecc079367d821e4810fec0f9141d40e58d3867206a42438b8c3539d5bf,malwarebazaar,ps1,ps1,2026-10-08 02:10:27,2026-10-08 03:16:43,85
hash_sha256,b83161e15983296d02b14206f2a00f6ce7928d7f6c5b56c80aaa5c8e115fd7f7,malwarebazaar,Mirai,"elf,Mirai",2026-10-08 02:10:27,2026-10-08 04:11:01,85
hash_sha256,bb85d7ed379fee306fa43fb0724720e5584bbcc6792780889408daf6f4024604,malwarebazaar,Mirai,"elf,Mirai",2026-10-08 02:10:27,2026-10-08 04:11:01,85
hash_sha256,bc2c00af55c952dd304f074322ff8766bc00b851fb75c076d7da503f33edfb62,malwarebazaar,Mirai,"elf,Mirai",2026-10-08 02:10:27,2026-10-08 04:11:01,85
hash_sha256,c211d66c50f18e14970d242f3cfa69928c4b2c0cd514b323f6157c9ae4b8e7e1,malwarebazaar,Mirai,elf,2026-10-08 02:10:27,2026-10-08 03:16:43,85
hash_sha256,c2e709c9d1de36e3a228e71d6ae7920c9f2e84fa73691508f8b73ea35855d6f7,malwarebazaar,zip,"au3,banker,contabilidadeacportela-net,controedatoerpestanavidroslat.com,hggdconfeccoesgruponacional-click,saladeouroriopreto-shop,zip",2026-10-08 02:10:27,2026-10-08 04:11:01,85
hash_sha256,c7379839f369be77459456639443959b1760b4f0dae42e197a4099254d69f69c,malwarebazaar,exe,"exe,HUN",2026-10-08 02:10:27,2026-10-08 04:11:01,85
hash_sha256,c85aa1fdc991830badc9cade5a7737d056a5e6198c7ee5b566650893d21cc3b3,malwarebazaar,exe,"172-233-152-197,DDR,exe,signed,Vidar",2026-10-08 02:10:27,2026-10-08 04:11:01,85
hash_sha256,c871c21a1e5398bab70d1c5155e7c8a6675b07082faf9a158de552f12ed6d357,malwarebazaar,elf,elf,2026-10-08 02:10:27,2026-10-08 04:11:01,85
hash_sha256,c891572c8c70ef9e968888d60b734f57b2708ecfe50978845f13b91f5f5276d7,malwarebazaar,Mirai,"elf,Mirai",2026-10-08 02:10:27,2026-10-08 03:16:43,85
hash_sha256,c8fa95f0b20f773f854a1b2d8147789aae5036033faa9eb9d33444feed150c3f,malwarebazaar,Mirai,"elf,Mirai",2026-10-08 02:10:27,2026-10-08 04:11:01,85
hash_sha256,caca94791052f1e893e7caa86224aaed389bd22c84e200b6b3c18930d436e01b,malwarebazaar,elf,elf,2026-10-08 02:10:27,2026-10-08 04:11:01,85
hash_sha256,ceb3064b2db7948711964dbfaba861aee73ef415a4454929528b3f26a8dda263,malwarebazaar,Mirai,"elf,Mirai",2026-10-08 02:10:27,2026-10-08 04:11:01,85
hash_sha256,cfe8205eaccab5cb53c393b0b2fec04952344c78739e869d11bd433b7bb53c57,malwarebazaar,Mirai,"elf,Mirai",2026-10-08 02:10:27,2026-10-08 04:11:01,85
hash_sha256,d01f36fc3559c45dacb1eb9b88e0e3cf0666d790bfcfe9126372ed354fb31d19,malwarebazaar,Mirai,elf,2026-10-08 02:10:27,2026-10-08 03:16:43,85
hash_sha256,d082bed899d8f975f201975f3c0517debd094cf40630649283de097b0361b8fc,malwarebazaar,msi,"astaroth,banker,contabilidadeacportela-net,controedatoerpestanavidroslat-com,guildma,hggdconfeccoesgruponacional-click,msi,saladeouroriopreto-shop,signed",2026-10-08 02:10:27,2026-10-08 04:11:01,85
hash_sha256,d441b9180182969f844543b556a012a87b056b333f0a98da9b6abdaa7c791805,malwarebazaar,elf,elf,2026-10-08 02:10:27,2026-10-08 04:11:01,85
hash_sha256,d456307ee8a1523b54f9320a05edb4c27600d7d96926ca2a251a06e4aff2d06c,malwarebazaar,bat,bat,2026-10-08 02:10:27,2026-10-08 03:16:43,85
hash_sha256,d542b8cd29eb734177669aa9251690b47c0537c7ebbd8167311615e2836b584e,malwarebazaar,Mirai,"elf,Mirai",2026-10-08 02:10:27,2026-10-08 04:11:01,85
hash_sha256,d54e450bcf0392d61af498d83b11271208049ee7679ab2576b7874cbad6bd43f,malwarebazaar,Mirai,"elf,Mirai",2026-10-08 02:10:27,2026-10-08 04:11:01,85
hash_sha256,d6bac5a15715c7e1f917c1e9bda5631e852f0e61388efbbace90b5a00b653ad3,malwarebazaar,Mirai,"elf,Mirai",2026-10-08 02:10:27,2026-10-08 04:11:01,85
hash_sha256,dbe8e30860c8fc4f1470138113f3ea1983129319938b3bb98f3616df0ac23f01,malwarebazaar,Mirai,"elf,Mirai",2026-10-08 02:10:27,2026-10-08 04:11:01,85
hash_sha256,df00f0dd7e94d5b0fa9bab04f681f313e8f7de19b8af9eca5e862290e1f7d519,malwarebazaar,Mirai,"elf,Mirai",2026-10-08 02:10:27,2026-10-08 04:11:01,85
hash_sha256,e0fe4e517131c08dbfd2da3d3dfd4b4d5abe0b2e7325bb5d690ba4db49f10c15,malwarebazaar,elf,elf,2026-10-08 02:10:27,2026-10-08 04:11:01,85
hash_sha256,e3923ff4e583f2860938954ae43f3abbd7b1f09b59528b1b53dafd1ad768cec8,malwarebazaar,Mirai,"elf,Gafgyt,Mirai",2026-10-08 02:10:27,2026-10-08 04:11:01,85
hash_sha256,eee4ac11b0d5d301b3e42cfd8ae1eeb91e13eb4283d2e1cba1dbbdcaf263c480,malwarebazaar,Mirai,"elf,Gafgyt,Mirai",2026-10-08 02:10:27,2026-10-08 04:11:01,85
hash_sha256,f0cd29fff42a7dad4b00c7b1c684a7e759a159baef96f57a285e1ff7f61bbab5,malwarebazaar,Mirai,"elf,Mirai",2026-10-08 02:10:27,2026-10-08 04:11:01,85
hash_sha256,f2df79291d08c29e4dd851ac2d73d4440da32802585fed60418973cd1a7b0044,malwarebazaar,Mirai,"elf,Mirai",2026-10-08 02:10:27,2026-10-08 04:11:01,85
hash_sha256,f504f00e5cd1426bd5ae13d91bf1e1bcc0a30a7b79444435f9098f01b59d3001,malwarebazaar,RemcosRAT,"bat,RemcosRAT",2026-10-08 02:10:27,2026-10-08 04:11:01,85
hash_sha256,f55e5c839aa59fa24da5417d6771690af1fc6402259b44de0b678c4c468cda07,malwarebazaar,Mirai,"elf,Mirai",2026-10-08 02:10:27,2026-10-08 04:11:01,85
hash_sha256,f576f4537580e26eb656b130bf1ece7e1c393b1c351d3206b3f3409bc92b27fc,malwarebazaar,Mirai,"elf,Mirai",2026-10-08 02:10:27,2026-10-08 04:11:01,85
hash_sha256,f5cd52e208bef630b6a6431e0e435e085e9e10106be9bb4c72e6147f1362a789,malwarebazaar,Mirai,"elf,Mirai",2026-10-08 02:10:27,2026-10-08 04:11:01,85
hash_sha256,f5de41608cef69564120fe3d3641595e00c6b79d43a5a4a21e966dc971e0470a,malwarebazaar,elf,elf,2026-10-08 02:10:27,2026-10-08 04:11:01,85
hash_sha256,fe1d7aedc8ebd2976e1c7041a6982635698cc77e93eeea12a844f4ce06e620b1,malwarebazaar,Mirai,"elf,Gafgyt,Mirai",2026-10-08 02:10:27,2026-10-08 04:11:01,85
hash_sha256,feaa5822f2af1ce3686d527d14877332c69ea565e2afcff25ef437e3b915e300,malwarebazaar,exe,"B,BB4.file,dropped-by-GCleaner,exe",2026-10-08 02:10:27,2026-10-08 04:11:01,85
hash_sha256,fed1d182cd722f3d67695d1c1787910f1699dce6db409da5bb9f3aa1453d43d2,malwarebazaar,Mirai,"elf,Mirai",2026-10-08 02:10:27,2026-10-08 04:11:01,85
url,http://103.157.210.26:49374/i,urlhaus,malware_download,Mozi,2026-10-08 02:10:27,2026-10-08 03:16:43,85
url,http://105.224.242.208:42939/i,urlhaus,malware_download,mirai,2026-10-08 02:10:27,2026-10-08 04:11:01,85
url,http://111.178.127.215:46345/bin.sh,urlhaus,malware_download,mirai,2026-10-08 02:10:27,2026-10-08 04:11:01,85
url,http://111.178.127.215:46345/i,urlhaus,malware_download,mirai,2026-10-08 02:10:27,2026-10-08 04:11:01,85
url,http://112.228.200.135:55841/i,urlhaus,malware_download,mirai,2026-10-08 02:10:27,2026-10-08 04:11:01,85
url,http://112.233.65.251:46027/bin.sh,urlhaus,malware_download,mirai,2026-10-08 02:10:27,2026-10-08 04:11:01,85
url,http://112.233.65.251:46027/i,urlhaus,malware_download,mirai,2026-10-08 02:10:27,2026-10-08 04:11:01,85
url,http://113.221.78.113:53829/bin.sh,urlhaus,malware_download,"32-bit,arm,elf,mirai,Mozi",2026-10-08 02:10:27,2026-10-08 04:11:01,85
url,http://113.238.161.32:51180/bin.sh,urlhaus,malware_download,,2026-10-08 02:10:27,2026-10-08 03:16:43,85
url,http://113.238.161.32:51180/i,urlhaus,malware_download,,2026-10-08 02:10:27,2026-10-08 03:16:43,85
url,http://113.94.58.101:7431/i,urlhaus,malware_download,,2026-10-08 02:10:27,2026-10-08 03:16:43,85
url,http://114.226.203.225:40173/i,urlhaus,malware_download,mirai,2026-10-08 02:10:27,2026-10-08 03:16:43,85
url,http://115.50.222.52:33127/bin.sh,urlhaus,malware_download,Mozi,2026-10-08 02:10:27,2026-10-08 03:16:43,85
url,http://115.50.222.52:33127/i,urlhaus,malware_download,Mozi,2026-10-08 02:10:27,2026-10-08 03:16:43,85
url,http://115.52.195.242:35205/bin.sh,urlhaus,malware_download,"32-bit,elf,mips,Mozi",2026-10-08 02:10:27,2026-10-08 04:11:01,85
url,http://115.57.194.13:49349/i,urlhaus,malware_download,Mozi,2026-10-08 02:10:27,2026-10-08 03:16:43,85
url,http://115.57.255.84:48268/bin.sh,urlhaus,malware_download,Mozi,2026-10-08 02:10:27,2026-10-08 03:16:43,85
url,http://115.63.12.140:44328/bin.sh,urlhaus,malware_download,Mozi,2026-10-08 02:10:27,2026-10-08 03:16:43,85
url,http://115.63.145.226:43478/i,urlhaus,malware_download,Mozi,2026-10-08 02:10:27,2026-10-08 03:16:43,85
url,http://117.40.42.234:57753/i,urlhaus,malware_download,mirai,2026-10-08 02:10:27,2026-10-08 04:11:01,85
url,http://117.44.248.73:45833/i,urlhaus,malware_download,mirai,2026-10-08 02:10:27,2026-10-08 03:16:43,85
url,http://117.91.113.150:43659/i,urlhaus,malware_download,mirai,2026-10-08 02:10:27,2026-10-08 04:11:01,85
url,http://119.117.173.54:38561/bin.sh,urlhaus,malware_download,,2026-10-08 02:10:27,2026-10-08 03:16:43,85
url,http://119.154.102.233:36514/i,urlhaus,malware_download,Mozi,2026-10-08 02:10:27,2026-10-08 04:11:01,85
url,http://119.179.253.121:44046/i,urlhaus,malware_download,"32-bit,elf,mips,Mozi",2026-10-08 02:10:27,2026-10-08 03:16:43,85
url,http://123.11.7.18:47057/i,urlhaus,malware_download,,2026-10-08 02:10:27,2026-10-08 04:11:01,85
url,http://123.130.203.216:45701/bin.sh,urlhaus,malware_download,Mozi,2026-10-08 02:10:27,2026-10-08 03:16:43,85
url,http://123.14.152.208:44040/bin.sh,urlhaus,malware_download,Mozi,2026-10-08 02:10:27,2026-10-08 03:16:43,85
url,http://123.190.224.233:33698/i,urlhaus,malware_download,,2026-10-08 02:10:27,2026-10-08 03:16:43,85
url,http://125.106.111.244:56709/bin.sh,urlhaus,malware_download,mirai,2026-10-08 02:10:27,2026-10-08 04:11:01,85
url,http://125.43.32.223:55883/bin.sh,urlhaus,malware_download,Mozi,2026-10-08 02:10:27,2026-10-08 03:16:43,85
url,http://125.45.10.115:48133/i,urlhaus,malware_download,Mozi,2026-10-08 02:10:27,2026-10-08 04:11:01,85
url,http://140.237.48.186:50457/bin.sh,urlhaus,malware_download,mirai,2026-10-08 02:10:27,2026-10-08 04:11:01,85
url,http://140.237.48.186:50457/i,urlhaus,malware_download,mirai,2026-10-08 02:10:27,2026-10-08 04:11:01,85
url,http://175.147.93.100:57097/bin.sh,urlhaus,malware_download,,2026-10-08 02:10:27,2026-10-08 04:11:01,85
url,http://175.147.95.196:59864/bin.sh,urlhaus,malware_download,,2026-10-08 02:10:27,2026-10-08 03:16:43,85
url,http://175.148.154.43:59417/bin.sh,urlhaus,malware_download,,2026-10-08 02:10:27,2026-10-08 04:11:01,85
url,http://175.148.157.126:36913/bin.sh,urlhaus,malware_download,,2026-10-08 02:10:27,2026-10-08 04:11:01,85
url,http://175.148.157.126:36913/i,urlhaus,malware_download,,2026-10-08 02:10:27,2026-10-08 04:11:01,85
url,http://175.167.87.144:56600/bin.sh,urlhaus,malware_download,,2026-10-08 02:10:27,2026-10-08 04:11:01,85
url,http://175.174.15.183:53135/bin.sh,urlhaus,malware_download,,2026-10-08 02:10:27,2026-10-08 04:11:01,85
url,http://175.174.15.183:53135/i,urlhaus,malware_download,,2026-10-08 02:10:27,2026-10-08 04:11:01,85
url,http://175.175.239.99:39285/i,urlhaus,malware_download,,2026-10-08 02:10:27,2026-10-08 04:11:01,85
url,http://175.42.54.216:51431/bin.sh,urlhaus,malware_download,"32-bit,arm,elf,mirai,Mozi",2026-10-08 02:10:27,2026-10-08 03:16:43,85
url,http://180.243.51.69:36057/bin.sh,urlhaus,malware_download,mirai,2026-10-08 02:10:27,2026-10-08 04:11:01,85
url,http://182.112.1.67:42073/bin.sh,urlhaus,malware_download,,2026-10-08 02:10:27,2026-10-08 04:11:01,85
url,http://182.114.195.35:38430/bin.sh,urlhaus,malware_download,,2026-10-08 02:10:27,2026-10-08 04:11:01,85
url,http://182.114.195.35:38430/i,urlhaus,malware_download,,2026-10-08 02:10:27,2026-10-08 04:11:01,85
url,http://182.116.77.73:33421/i,urlhaus,malware_download,Mozi,2026-10-08 02:10:27,2026-10-08 04:11:01,85
url,http://182.117.78.141:54978/bin.sh,urlhaus,malware_download,Mozi,2026-10-08 02:10:27,2026-10-08 03:16:43,85
url,http://182.117.78.141:54978/i,urlhaus,malware_download,Mozi,2026-10-08 02:10:27,2026-10-08 04:11:01,85
url,http://182.126.113.116:52750/bin.sh,urlhaus,malware_download,Mozi,2026-10-08 02:10:27,2026-10-08 04:11:01,85
url,http://182.126.113.116:52750/i,urlhaus,malware_download,Mozi,2026-10-08 02:10:27,2026-10-08 04:11:01,85
url,http://182.126.90.15:59868/i,urlhaus,malware_download,Mozi,2026-10-08 02:10:27,2026-10-08 04:11:01,85
url,http://182.127.87.252:45272/bin.sh,urlhaus,malware_download,Mozi,2026-10-08 02:10:27,2026-10-08 04:11:01,85
url,http://182.127.87.252:45272/i,urlhaus,malware_download,Mozi,2026-10-08 02:10:27,2026-10-08 04:11:01,85
url,http://196.189.98.77:39274/i,urlhaus,malware_download,mirai,2026-10-08 02:10:27,2026-10-08 04:11:01,85
url,http://196.191.231.12:42401/bin.sh,urlhaus,malware_download,mirai,2026-10-08 02:10:27,2026-10-08 04:11:01,85
url,http://196.191.231.12:42401/i,urlhaus,malware_download,mirai,2026-10-08 02:10:27,2026-10-08 04:11:01,85
url,http://219.157.67.216:44221/bin.sh,urlhaus,malware_download,Mozi,2026-10-08 02:10:27,2026-10-08 03:16:43,85
url,http://219.157.67.216:44221/i,urlhaus,malware_download,Mozi,2026-10-08 02:10:27,2026-10-08 03:16:43,85
url,http://219.79.4.2:33088/i,urlhaus,malware_download,,2026-10-08 02:10:27,2026-10-08 04:11:01,85
url,http://220.161.100.55:59476/bin.sh,urlhaus,malware_download,mirai,2026-10-08 02:10:27,2026-10-08 03:16:43,85
url,http://220.161.100.55:59476/i,urlhaus,malware_download,mirai,2026-10-08 02:10:27,2026-10-08 04:11:01,85
url,http://222.138.148.198:59417/i,urlhaus,malware_download,,2026-10-08 02:10:27,2026-10-08 04:11:01,85
url,http://222.219.74.116:50455/bin.sh,urlhaus,malware_download,mirai,2026-10-08 02:10:27,2026-10-08 03:16:43,85
url,http://222.79.177.52:34777/bin.sh,urlhaus,malware_download,mirai,2026-10-08 02:10:27,2026-10-08 03:16:43,85
url,http://222.79.177.52:34777/i,urlhaus,malware_download,mirai,2026-10-08 02:10:27,2026-10-08 03:16:43,85
url,http://27.152.11.189:47558/i,urlhaus,malware_download,mirai,2026-10-08 02:10:27,2026-10-08 04:11:01,85
url,http://27.202.187.80:41485/i,urlhaus,malware_download,Mozi,2026-10-08 02:10:27,2026-10-08 03:16:43,85
url,http://27.215.122.184:41441/bin.sh,urlhaus,malware_download,,2026-10-08 02:10:27,2026-10-08 03:16:43,85
url,http://27.215.122.184:41441/i,urlhaus,malware_download,,2026-10-08 02:10:27,2026-10-08 03:16:43,85
url,http://27.215.208.40:58939/bin.sh,urlhaus,malware_download,,2026-10-08 02:10:27,2026-10-08 04:11:01,85
url,http://27.220.121.135:60739/bin.sh,urlhaus,malware_download,"32-bit,arm,elf,mirai,Mozi",2026-10-08 02:10:27,2026-10-08 03:16:43,85
url,http://27.37.102.186:55205/i,urlhaus,malware_download,,2026-10-08 02:10:27,2026-10-08 04:11:01,85
url,http://38.7.36.42:59320/i,urlhaus,malware_download,Mozi,2026-10-08 02:10:27,2026-10-08 04:11:01,85
url,http://39.71.177.225:57662/bin.sh,urlhaus,malware_download,Mozi,2026-10-08 02:10:27,2026-10-08 03:16:43,85
url,http://39.71.177.225:57662/i,urlhaus,malware_download,Mozi,2026-10-08 02:10:27,2026-10-08 04:11:01,85
url,http://39.82.142.95:37937/i,urlhaus,malware_download,Mozi,2026-10-08 02:10:27,2026-10-08 03:16:43,85
url,http://42.224.170.145:40929/i,urlhaus,malware_download,Mozi,2026-10-08 02:10:27,2026-10-08 04:11:01,85
url,http://42.224.83.188:35709/bin.sh,urlhaus,malware_download,Mozi,2026-10-08 02:10:27,2026-10-08 04:11:01,85
url,http://42.230.38.212:49512/i,urlhaus,malware_download,,2026-10-08 02:10:27,2026-10-08 04:11:01,85
url,http://42.231.252.202:36121/bin.sh,urlhaus,malware_download,Mozi,2026-10-08 02:10:27,2026-10-08 04:11:01,85
url,http://42.231.42.173:43002/bin.sh,urlhaus,malware_download,Mozi,2026-10-08 02:10:27,2026-10-08 04:11:01,85
url,http://42.231.42.173:43002/i,urlhaus,malware_download,Mozi,2026-10-08 02:10:27,2026-10-08 04:11:01,85
url,http://42.237.251.149:45263/i,urlhaus,malware_download,mirai,2026-10-08 02:10:27,2026-10-08 03:16:43,85
url,http://42.237.52.190:43999/bin.sh,urlhaus,malware_download,"32-bit,elf,mips,Mozi",2026-10-08 02:10:27,2026-10-08 04:11:01,85
url,http://42.238.171.110:47839/i,urlhaus,malware_download,Mozi,2026-10-08 02:10:27,2026-10-08 03:16:43,85
url,http://42.57.205.133:55031/bin.sh,urlhaus,malware_download,"32-bit,elf,mips,Mozi",2026-10-08 02:10:27,2026-10-08 03:16:43,85
url,http://59.96.141.68:52004/i,urlhaus,malware_download,Mozi,2026-10-08 02:10:27,2026-10-08 03:16:43,85
url,http://60.18.58.38:34608/bin.sh,urlhaus,malware_download,,2026-10-08 02:10:27,2026-10-08 03:16:43,85
url,http://60.23.233.72:57190/bin.sh,urlhaus,malware_download,,2026-10-08 02:10:27,2026-10-08 04:11:01,85
url,http://60.23.238.198:47140/bin.sh,urlhaus,malware_download,,2026-10-08 02:10:27,2026-10-08 03:16:43,85
url,http://60.23.238.255:53756/bin.sh,urlhaus,malware_download,,2026-10-08 02:10:27,2026-10-08 04:11:01,85
url,http://60.23.238.255:53756/i,urlhaus,malware_download,,2026-10-08 02:10:27,2026-10-08 04:11:01,85
url,http://61.52.132.92:56698/bin.sh,urlhaus,malware_download,Mozi,2026-10-08 02:10:27,2026-10-08 03:16:43,85
url,http://61.52.132.92:56698/i,urlhaus,malware_download,Mozi,2026-10-08 02:10:27,2026-10-08 03:16:43,85
url,http://63.245.153.41:33709/i,urlhaus,malware_download,mirai,2026-10-08 02:10:27,2026-10-08 03:16:43,85
url,http://81.236.234.16:40372/bin.sh,urlhaus,malware_download,Mozi,2026-10-08 02:10:27,2026-10-08 03:16:43,85
url,http://85.95.191.148:57837/i,urlhaus,malware_download,Mozi,2026-10-08 02:10:27,2026-10-08 03:16:43,85
